mtllib pershing_turret.mtl
o pershing_turret
v 0.23349 0.19751 1.51628
v -0.06218 0.32656 1.61602
v 0.50044 0.27987 1.53301
v 0.29193 0.07324 1.43615
v 0.05895 0.07273 1.46781
v 0.76769 0.09553 1.41049
v 0.51141 0.07232 1.37295
v 0.67716 0.07761 1.25655
v 0.84874 0.08475 1.11342
v 0.85647 0.05817 1.06181
v -0.52124 0.11789 1.55105
v -0.34577 0.07621 1.41888
v -0.61204 0.08428 1.26542
v 0.38586 0.74181 1.23852
v 0.43127 0.79558 1.22956
v -0.01853 0.78086 1.21162
v 0.20874 0.74119 1.34014
v -0.01853 0.78086 1.21162
v -0.16479 0.77180 1.30892
v 0.38586 0.74181 1.23852
v -0.00591 0.63899 1.53498
v 0.21560 0.62699 1.65516
v -0.22050 0.67221 1.51583
v -0.28848 0.78465 1.31046
v -0.27918 0.68651 1.52240
v -0.30623 0.77404 1.31483
v -0.46271 0.70420 1.48445
v 0.43669 0.70384 1.34013
v -0.15965 0.80695 1.25318
v -0.18368 0.79859 1.25539
v -0.22546 0.82039 1.23393
v -0.10748 0.81931 1.20146
v -0.40426 0.82944 1.21468
v -0.51384 0.71625 1.30744
v -0.46485 0.83873 1.15416
v -0.51040 0.85030 1.16645
v -0.30465 0.78673 1.29611
v 0.33044 0.55735 1.54956
v 0.43197 0.66789 1.41435
v 0.51921 0.71499 1.36456
v 0.64409 0.75553 1.22550
v 0.46253 0.80962 1.19388
v 0.57649 0.79624 1.18036
v 0.60833 0.71585 1.37904
v -0.16479 0.77180 1.30892
v -0.15994 0.85172 1.21435
v -0.18368 0.79859 1.25539
v -1.22568 0.00277 0.21993
v -1.34606 0.08088 0.14809
v -1.11758 0.06669 0.19661
v -0.34577 0.07621 1.41888
v -0.73064 0.02480 1.17719
v -0.61204 0.08428 1.26542
v -0.82135 0.13087 0.95436
v -0.81406 0.59104 0.44824
v -0.85646 0.45522 0.46326
v -0.74838 0.85013 0.38053
v -0.62636 0.88772 0.74983
v -0.90976 0.07407 0.74158
v -0.89579 0.33900 0.48397
v -0.94194 0.21990 0.46219
v -0.60577 0.68470 0.97394
v -0.56469 0.83507 0.96659
v -0.67651 0.10824 1.22409
v -0.58454 0.65669 1.05644
v -0.56124 0.42898 1.20802
v -0.96733 0.06678 0.37915
v -1.00228 -0.00489 0.31736
v -0.93197 0.02467 0.75969
v -0.78396 0.07055 1.02407
v -0.73064 0.02480 1.17719
v -0.78066 0.71909 0.33210
v -0.80082 0.67366 0.32673
v -0.77890 0.84913 0.25908
v -0.81002 0.69878 0.22410
v -0.88868 0.56863 0.33414
v -0.85561 0.52150 0.42048
v -0.91549 0.47968 0.33160
v -0.54658 0.54308 1.16178
v -0.52812 0.68175 1.11533
v -0.54169 0.77897 1.02516
v -0.56467 0.27398 1.27138
v -0.58771 0.19326 1.32208
v -0.55094 0.24598 1.36329
v -0.57012 0.19146 1.42195
v -0.61204 0.08428 1.26542
v -0.52124 0.11789 1.55105
v -0.59519 0.94677 0.64901
v -0.67228 0.94702 0.31326
v -0.52227 0.84443 1.05515
v -0.58570 0.80571 1.03797
v -0.46485 0.83873 1.15416
v -0.61204 0.08428 1.26542
v -0.58771 0.19326 1.32208
v -0.67651 0.10824 1.22409
v -0.78396 0.07055 1.02407
v -0.88344 0.05665 -0.15347
v -0.98681 -0.04822 -0.13033
v -0.88647 0.09786 -0.01986
v -0.85495 0.10218 -0.04207
v -0.83253 0.11006 -0.13066
v -0.85127 0.08413 -0.22040
v -0.79832 0.09183 -0.30815
v -1.00163 0.01257 -0.05653
v -1.00228 -0.00489 0.31736
v -0.96733 0.06678 0.37915
v -0.79339 0.08767 0.00822
v -0.53286 0.50588 1.32953
v -0.53185 0.64153 1.31496
v -0.54658 0.54308 1.16178
v -0.46271 0.70420 1.48445
v -0.52124 0.11789 1.55105
v -0.51384 0.71625 1.30744
v -0.54176 0.65407 1.20522
v -0.52098 0.73396 1.15914
v -0.51040 0.85030 1.16645
v -0.55791 0.26813 1.40391
v -0.54139 0.37129 1.33496
v -0.55208 0.44316 1.29566
v -0.59693 0.31997 1.30682
v -0.54658 0.54308 1.16178
v -0.62199 0.48732 1.28107
v -0.53286 0.50588 1.32953
v -0.52098 0.73396 1.15914
v -0.60734 0.69604 1.16237
v -0.54176 0.65407 1.20522
v -0.56467 0.27398 1.27138
v -0.55094 0.24598 1.36329
v -0.59693 0.31997 1.30682
v -0.55791 0.26813 1.40391
v -0.52124 0.11789 1.55105
v -0.56124 0.42898 1.20802
v -0.61498 0.40826 1.31563
v -0.61498 0.40826 1.31563
v -0.55208 0.44316 1.29566
v -0.56124 0.42898 1.20802
v -0.61498 0.40826 1.31563
v -0.54139 0.37129 1.33496
v -0.55208 0.44316 1.29566
v -0.59693 0.31997 1.30682
v -0.24154 0.58441 1.59287
v -0.46271 0.70420 1.48445
v -0.27918 0.68651 1.52240
v -0.56124 0.42898 1.20802
v -0.62199 0.48732 1.28107
v -0.54658 0.54308 1.16178
v -0.55208 0.44316 1.29566
v -0.53286 0.50588 1.32953
v -0.62199 0.48732 1.28107
v -0.56124 0.42898 1.20802
v -0.53185 0.64153 1.31496
v -0.57917 0.61004 1.23581
v -0.54658 0.54308 1.16178
v -0.52812 0.68175 1.11533
v -0.57917 0.61004 1.23581
v -0.54176 0.65407 1.20522
v -0.53185 0.64153 1.31496
v -0.54658 0.54308 1.16178
v -0.52812 0.68175 1.11533
v -0.54176 0.65407 1.20522
v -0.60734 0.69604 1.16237
v -0.46485 0.83873 1.15416
v -0.52812 0.68175 1.11533
v -0.52098 0.73396 1.15914
v -0.60734 0.69604 1.16237
v -0.51040 0.85030 1.16645
v -0.58454 0.65669 1.05644
v -0.68951 0.69759 1.06999
v -0.60577 0.68470 0.97394
v -0.60380 0.89458 1.09031
v -0.68951 0.69759 1.06999
v -0.61218 0.72819 1.05887
v -0.58454 0.65669 1.05644
v -0.54169 0.77897 1.02516
v -0.68403 0.84945 1.04757
v -0.56776 0.78895 1.06972
v -0.29220 0.79609 1.23055
v -0.30972 0.80782 1.29929
v -0.30928 0.85282 1.35132
v -0.30623 0.77404 1.31483
v -0.30465 0.78673 1.29611
v -0.31755 0.84583 1.16332
v -0.30465 0.78673 1.29611
v -0.30972 0.80782 1.29929
v -0.28848 0.78465 1.31046
v -0.30928 0.85282 1.35132
v -0.30623 0.77404 1.31483
v -0.28848 0.78465 1.31046
v -0.25970 0.83090 1.21429
v -0.14658 0.86327 1.34635
v -0.30928 0.85282 1.35132
v -0.16479 0.77180 1.30892
v -0.22546 0.82039 1.23393
v -0.16479 0.77180 1.30892
v -0.30928 0.85282 1.35132
v -0.25970 0.83090 1.21429
v -0.15994 0.85172 1.21435
v -0.05932 0.89307 1.20517
v -0.04850 0.82525 1.15827
v -0.15994 0.85172 1.21435
v -0.29220 0.79609 1.23055
v -0.30465 0.78673 1.29611
v -0.28848 0.78465 1.31046
v -0.40426 0.82944 1.21468
v -0.31755 0.84583 1.16332
v -0.22546 0.82039 1.23393
v -0.25970 0.83090 1.21429
v 0.04706 0.94042 0.71581
v -0.04283 0.92705 0.70774
v -0.08802 0.92934 0.67290
v 0.23369 0.94392 0.52677
v 0.20166 0.86426 1.01411
v 0.30748 0.89152 0.65958
v 0.05035 0.90498 0.85858
v 0.08706 0.88646 1.00183
v 0.30386 0.87527 0.82523
v 0.44019 0.83429 1.00248
v 0.44143 0.86713 0.84181
v 0.38630 0.78676 1.13732
v 0.20393 0.80910 1.13727
v 0.43127 0.79558 1.22956
v -0.04850 0.82525 1.15827
v -0.12605 0.87295 1.00037
v -0.40418 0.86327 1.00722
v 0.49568 0.86779 0.78350
v 0.55403 0.86886 0.85395
v 0.62678 0.85514 0.82473
v 0.69553 0.80677 0.97152
v 0.68948 0.89990 0.52824
v 0.73322 0.77831 0.86629
v 0.77386 0.83487 0.56033
v 0.56576 0.84997 0.71960
v 0.75398 0.80025 1.00519
v 0.56249 0.81401 1.10090
v 0.66678 0.80536 1.09870
v -0.03261 0.92123 0.74975
v -0.01853 0.78086 1.21162
v -0.03259 0.90449 0.86571
v 0.59788 0.90711 0.54525
v 0.34051 0.92672 0.44793
v -0.31755 0.84583 1.16332
v -0.15994 0.85172 1.21435
v -0.40426 0.82944 1.21468
v -0.14658 0.86327 1.34635
v -0.30928 0.85282 1.35132
v -0.59519 0.94677 0.64901
v -0.38855 0.91907 0.77866
v -0.30222 0.95072 0.66884
v 0.35719 0.91194 0.53361
v -0.12600 0.91572 0.77999
v -0.46485 0.83873 1.15416
v 0.52750 0.93298 0.45150
v 0.52326 0.95022 0.41886
v 0.56690 0.95370 0.33330
v 0.61274 0.94702 0.23892
v 0.55235 0.94063 0.28380
v 0.32366 0.94541 0.02227
v 0.35583 0.94968 0.33268
v 0.23158 0.94805 0.23478
v 0.14969 0.94711 -0.08210
v 0.37727 0.95632 0.41719
v 0.40005 0.95942 0.42844
v 0.19776 0.94673 -0.22896
v 0.48658 0.94928 -0.09201
v -0.04729 0.95351 -0.28281
v 0.37475 0.94099 -0.39260
v 0.72278 0.89267 0.40067
v -0.24905 0.95187 -0.32188
v -0.27932 0.95089 -0.47193
v -0.14946 0.92475 -0.50288
v -0.03093 0.90552 -0.57418
v -0.14088 0.91560 -0.81948
v -0.02379 0.90760 -0.79748
v 0.09413 0.90596 -0.87380
v -0.00096 0.89622 -0.61547
v 0.18620 0.89392 -0.63287
v 0.19782 0.89527 -0.77659
v 0.21633 0.91400 -0.56761
v 0.40222 0.88617 -0.50644
v 0.35452 0.86809 -0.62771
v 0.21584 0.90283 -0.81192
v 0.48639 0.94705 0.42918
v 0.00741 0.92293 0.82753
v -0.03261 0.92123 0.74975
v -0.04283 0.92705 0.70774
v -0.12600 0.91572 0.77999
v 0.00741 0.92293 0.82753
v -0.12600 0.91572 0.77999
v -0.08802 0.92934 0.67290
v -0.30222 0.95072 0.66884
v 0.59788 0.90711 0.54525
v 0.34051 0.92672 0.44793
v 0.35719 0.91194 0.53361
v 0.40005 0.95942 0.42844
v 0.56249 0.81401 1.10090
v 0.44019 0.83429 1.00248
v 0.40674 0.84489 1.10235
v -0.28848 0.78465 1.31046
v -0.30972 0.80782 1.29929
v -0.25970 0.83090 1.21429
v -0.25970 0.83090 1.21429
v -0.30972 0.80782 1.29929
v -0.29220 0.79609 1.23055
v -0.60380 0.89458 1.09031
v -0.56776 0.78895 1.06972
v -0.52227 0.84443 1.05515
v -0.52812 0.68175 1.11533
v -0.18368 0.79859 1.25539
v -0.15965 0.80695 1.25318
v -0.17665 0.77945 1.22035
v -0.10748 0.81931 1.20146
v -0.22546 0.82039 1.23393
v -0.60380 0.89458 1.09031
v -0.61218 0.72819 1.05887
v -0.62009 0.77937 1.04035
v -0.58570 0.80571 1.03797
v -0.60380 0.89458 1.09031
v -0.62009 0.77937 1.04035
v -0.56776 0.78895 1.06972
v -0.62009 0.77937 1.04035
v -0.61218 0.72819 1.05887
v -0.56469 0.83507 0.96659
v -0.58570 0.80571 1.03797
v -0.56776 0.78895 1.06972
v -0.60380 0.89458 1.09031
v -0.56469 0.83507 0.96659
v -0.56776 0.78895 1.06972
v -0.58570 0.80571 1.03797
v -0.68403 0.84945 1.04757
v -0.58570 0.80571 1.03797
v -0.62009 0.77937 1.04035
v -0.68951 0.69759 1.06999
v -0.52227 0.84443 1.05515
v -0.60380 0.89458 1.09031
v -0.60577 0.68470 0.97394
v -0.56469 0.83507 0.96659
v -0.52812 0.68175 1.11533
v -0.56776 0.78895 1.06972
v -0.54169 0.77897 1.02516
v -0.38855 0.91907 0.77866
v -0.40418 0.86327 1.00722
v -0.40074 1.00520 0.87322
v -0.09516 0.98763 1.00936
v -0.37247 1.01961 0.79299
v -0.40074 1.00520 0.87322
v -0.12745 1.01779 0.80133
v -0.40883 0.98569 1.01041
v -0.12605 0.87295 1.00037
v -0.09516 0.98763 1.00936
v -0.40418 0.86327 1.00722
v -1.07209 0.26845 0.56894
v -1.04671 0.31621 0.53141
v -1.05311 0.32287 0.52979
v -0.99255 0.26572 0.48432
v -1.04671 0.31621 0.53141
v -1.02504 0.39015 0.55672
v -1.05311 0.32287 0.52979
v -1.06818 0.22009 0.48380
v -0.97753 0.18293 0.42819
v -1.11093 0.17376 0.43632
v -1.08771 0.19894 0.55340
v -0.97475 0.16748 0.44793
v -1.09592 0.28285 0.47800
v -1.07209 0.26845 0.56894
v -1.05311 0.32287 0.52979
v -1.00616 0.35250 0.50380
v -1.00616 0.35250 0.50380
v -1.02504 0.39015 0.55672
v -1.04671 0.31621 0.53141
v -0.98578 0.43387 0.48542
v -1.09592 0.28285 0.47800
v -1.09592 0.28285 0.47800
v -0.99255 0.26572 0.48432
v -1.05428 0.29096 0.41286
v -1.04671 0.31621 0.53141
v -0.99255 0.26572 0.48432
v -1.07209 0.26845 0.56894
v -1.06818 0.22009 0.48380
v -0.97475 0.16748 0.44793
v -0.97753 0.18293 0.42819
v -0.97837 0.24845 0.42058
v -0.97475 0.16748 0.44793
v -0.99255 0.26572 0.48432
v -0.97475 0.16748 0.44793
v -1.08771 0.19894 0.55340
v -1.11093 0.17376 0.43632
v -0.97355 0.17008 0.42785
v -1.00616 0.35250 0.50380
v -1.04584 0.37381 0.40093
v -1.05428 0.29096 0.41286
v -0.99255 0.26572 0.48432
v -0.97475 0.16748 0.44793
v -0.96733 0.06678 0.37915
v -0.94194 0.21990 0.46219
v -0.97753 0.18293 0.42819
v -0.97475 0.16748 0.44793
v -0.94194 0.21990 0.46219
v -1.00616 0.35250 0.50380
v -0.95726 0.30231 0.44215
v -0.89579 0.33900 0.48397
v -1.00616 0.35250 0.50380
v -0.99255 0.26572 0.48432
v -0.95726 0.30231 0.44215
v -0.99255 0.26572 0.48432
v -0.89579 0.33900 0.48397
v -0.95726 0.30231 0.44215
v -0.89579 0.33900 0.48397
v -0.99255 0.26572 0.48432
v -0.94194 0.21990 0.46219
v -0.97837 0.24845 0.42058
v -0.93833 0.24394 0.27494
v -0.94194 0.21990 0.46219
v -0.99282 0.26298 0.29631
v -0.99255 0.26572 0.48432
v -0.78579 0.62703 -0.36171
v -0.72881 0.61872 -0.28025
v -0.68661 0.70709 -0.35273
v -0.75288 0.48475 -0.35513
v -0.79103 0.47993 -0.38040
v -0.79070 0.43460 -0.30180
v -0.79224 0.34456 -0.38976
v -0.81264 0.30084 -0.37459
v -0.87900 0.36907 -0.22446
v -0.86280 0.29540 -0.18973
v -0.82209 0.14460 -0.41982
v -0.89733 0.17629 -0.25647
v -0.90434 0.15784 -0.05685
v -0.85684 0.43830 -0.02073
v -0.98781 0.09172 0.24575
v -0.93833 0.24394 0.27494
v -0.87664 0.45665 0.30377
v -0.82794 0.53942 -0.01863
v -0.81002 0.69878 0.22410
v -0.79056 0.64518 0.01641
v -0.80082 0.67366 0.32673
v -0.68856 0.93393 0.02552
v -0.72416 0.90777 0.20329
v -0.64052 0.90879 -0.29197
v -0.72881 0.61872 -0.28025
v -0.68991 0.70332 -0.33722
v -0.97355 0.17008 0.42785
v -0.96733 0.06678 0.37915
v -0.97475 0.16748 0.44793
v -0.81005 0.57737 -0.04280
v -0.94194 0.21990 0.46219
v -0.68661 0.70709 -0.35273
v -0.82125 0.36814 -0.22228
v -0.85684 0.43830 -0.02073
v -0.79070 0.43460 -0.30180
v -0.86280 0.29540 -0.18973
v -0.79224 0.34456 -0.38976
v -0.77346 0.44979 -0.34426
v -0.73178 0.44361 -0.45207
v -0.75288 0.48475 -0.35513
v -0.70209 0.47814 -0.48777
v -0.69210 0.60586 -0.43446
v -0.59473 0.62188 -0.63326
v -0.72881 0.61872 -0.28025
v -0.63233 0.50450 -0.61235
v -0.54977 0.67525 -0.68104
v -0.43420 0.49087 -0.97383
v -0.40422 0.63908 -0.92584
v -0.79070 0.43460 -0.30180
v -0.72881 0.61872 -0.28025
v -0.75288 0.48475 -0.35513
v -0.77523 0.58940 -0.21892
v -0.97837 0.24845 0.42058
v -1.06818 0.22009 0.48380
v -1.05428 0.29096 0.41286
v -1.09592 0.28285 0.47800
v -0.97753 0.18293 0.42819
v -1.07209 0.26845 0.56894
v -1.09592 0.28285 0.47800
v -1.06818 0.22009 0.48380
v -1.11093 0.17376 0.43632
v -0.97753 0.18293 0.42819
v -0.97355 0.17008 0.42785
v -0.94194 0.21990 0.46219
v -0.88441 0.41992 0.40623
v -1.04584 0.37381 0.40093
v -1.00842 0.42351 0.42875
v -1.05428 0.29096 0.41286
v -0.97837 0.24845 0.42058
v -1.02258 0.48370 0.39105
v -0.91549 0.47968 0.33160
v -0.95021 0.33482 0.31986
v -0.88441 0.41992 0.40623
v -0.89440 0.40281 0.34926
v -0.97837 0.24845 0.42058
v -0.99282 0.26298 0.29631
v -0.91549 0.47968 0.33160
v -1.04584 0.37381 0.40093
v -1.00616 0.35250 0.50380
v -1.05311 0.32287 0.52979
v -1.02258 0.48370 0.39105
v -1.00842 0.42351 0.42875
v -1.01030 0.47356 0.52895
v -0.98578 0.43387 0.48542
v -1.04584 0.37381 0.40093
v -1.02504 0.39015 0.55672
v -1.05311 0.32287 0.52979
v -0.86066 0.54146 0.45260
v -0.95248 0.51979 0.44397
v -0.98578 0.43387 0.48542
v -0.85646 0.45522 0.46326
v -0.89579 0.33900 0.48397
v -1.00616 0.35250 0.50380
v -0.81406 0.59104 0.44824
v -0.95445 0.59859 0.40825
v -0.98823 0.56522 0.49136
v -1.01030 0.47356 0.52895
v -0.95021 0.33482 0.31986
v -0.91549 0.47968 0.33160
v -0.87664 0.45665 0.30377
v -0.88868 0.56863 0.33414
v -0.80082 0.67366 0.32673
v -0.93833 0.24394 0.27494
v -0.99282 0.26298 0.29631
v -0.91549 0.47968 0.33160
v -1.02258 0.48370 0.39105
v -0.95248 0.51979 0.44397
v -0.85561 0.52150 0.42048
v -1.01030 0.47356 0.52895
v -0.85561 0.52150 0.42048
v -0.95248 0.51979 0.44397
v -0.95445 0.59859 0.40825
v -0.81406 0.59104 0.44824
v -0.95248 0.51979 0.44397
v -0.98823 0.56522 0.49136
v -0.95445 0.59859 0.40825
v -0.81091 0.93183 0.37661
v -0.74838 0.85013 0.38053
v -0.67228 0.94702 0.31326
v -0.79283 0.96999 0.30375
v -0.88724 0.87979 0.35029
v -0.85111 0.76400 0.33926
v -0.87866 0.70988 0.34697
v -0.80082 0.67366 0.32673
v -0.78066 0.71909 0.33210
v -0.85111 0.76400 0.33926
v -0.81002 0.69878 0.22410
v -0.85562 0.76072 0.29199
v -0.87707 0.78886 0.26118
v -0.78066 0.71909 0.33210
v -0.87707 0.78886 0.26118
v -0.87866 0.70988 0.34697
v -0.85562 0.76072 0.29199
v -0.82217 0.89194 0.28332
v -0.84589 0.81697 0.27183
v -0.88724 0.87979 0.35029
v -0.79283 0.96999 0.30375
v -0.85562 0.76072 0.29199
v -0.87866 0.70988 0.34697
v -0.81427 0.87680 0.30457
v -0.81091 0.93183 0.37661
v -0.85111 0.76400 0.33926
v -0.79793 0.89210 0.27895
v -0.85562 0.76072 0.29199
v -0.84589 0.81697 0.27183
v -0.79793 0.89210 0.27895
v -0.74838 0.85013 0.38053
v -0.81091 0.93183 0.37661
v -0.79321 0.85556 0.30307
v -0.63886 0.93819 0.14344
v -0.67228 0.94702 0.31326
v -0.61510 0.94862 0.26510
v -0.59519 0.94677 0.64901
v -0.53950 0.94813 0.52565
v -0.50505 0.94098 0.67929
v -0.72416 0.90777 0.20329
v -0.68856 0.93393 0.02552
v -0.46154 0.98720 0.55114
v -0.72416 0.90777 0.20329
v -0.84487 0.89622 0.21669
v -0.83726 0.96946 0.25128
v -0.47768 1.03591 0.42204
v -0.54027 1.04074 0.26377
v -0.56572 1.00894 0.33260
v -0.53950 0.94813 0.52565
v -0.61510 0.94862 0.26510
v -0.48067 1.09670 0.36259
v -0.34720 1.04621 0.53268
v -0.39632 1.00132 0.59480
v -0.46154 0.98720 0.55114
v -0.41530 1.11461 0.04559
v -0.50855 1.08807 -0.06428
v -0.51502 1.01840 0.51569
v -0.54199 1.00819 -0.03091
v -0.63886 0.93819 0.14344
v -0.31467 1.09986 0.53890
v -0.29296 1.03541 0.57775
v -0.29296 1.03541 0.57775
v -0.12468 1.02904 0.58893
v -0.31467 1.09986 0.53890
v -0.08358 1.09040 0.53957
v -0.30222 0.95072 0.66884
v -0.08802 0.92934 0.67290
v -0.40309 1.06097 0.62115
v -0.34720 1.04621 0.53268
v 0.10476 1.06817 0.31996
v -0.24817 1.20742 0.24516
v -0.21939 1.20059 0.30660
v -0.17296 1.21673 0.18091
v -0.26038 1.21647 0.13239
v -0.28876 1.22968 0.18312
v -0.10427 1.10995 0.26160
v -0.12662 1.12740 0.10833
v -0.22111 1.20397 0.09400
v -0.27097 1.26892 0.10396
v -0.26660 1.24356 0.23476
v -0.31087 1.11657 0.29410
v -0.48067 1.09670 0.36259
v -0.31467 1.09986 0.53890
v -0.33490 1.12664 0.13966
v -0.41530 1.11461 0.04559
v -0.10427 1.10995 0.26160
v -0.08251 1.10667 0.37871
v -0.00607 1.10008 0.31547
v -0.07557 1.08826 0.10557
v -0.12662 1.12740 0.10833
v -0.10335 1.10130 -0.16286
v 0.03653 1.09365 -0.02950
v -0.03574 1.10989 0.14273
v 0.09150 1.10089 0.18520
v 0.10476 1.06817 0.31996
v -0.08358 1.09040 0.53957
v 0.10493 0.99766 -0.11431
v -0.01635 1.01584 -0.22957
v -0.04847 1.05093 -0.31803
v -1.14385 0.06834 -0.61910
v -1.34150 0.05554 -0.62099
v -1.27018 0.08405 -0.36680
v -1.15547 0.07687 -0.00389
v -1.25781 0.09797 0.00854
v -1.11758 0.06669 0.19661
v -1.34606 0.08088 0.14809
v -1.08387 0.04687 -0.13052
v -1.28403 0.02263 -0.70245
v -1.18704 0.02078 -0.70770
v -1.06727 0.00247 -0.49797
v -1.10144 0.01741 -0.64702
v -0.87103 0.69853 0.23434
v -0.80082 0.67366 0.32673
v -0.87866 0.70988 0.34697
v -0.81002 0.69878 0.22410
v -0.87707 0.78886 0.26118
v -0.84487 0.89622 0.21669
v -0.87103 0.69853 0.23434
v -0.83726 0.96946 0.25128
v -0.87866 0.70988 0.34697
v -0.81002 0.69878 0.22410
v -0.87103 0.69853 0.23434
v -0.84487 0.89622 0.21669
v -0.81002 0.69878 0.22410
v -0.84487 0.89622 0.21669
v -0.84589 0.81697 0.27183
v -0.82217 0.89194 0.28332
v -0.87707 0.78886 0.26118
v -0.84589 0.81697 0.27183
v -0.81002 0.69878 0.22410
v -0.83726 0.96946 0.25128
v -0.80285 0.91101 0.26375
v -0.77890 0.84913 0.25908
v -0.77890 0.84913 0.25908
v -0.74838 0.85013 0.38053
v -0.79321 0.85556 0.30307
v -0.84589 0.81697 0.27183
v -0.81427 0.87680 0.30457
v -0.84589 0.81697 0.27183
v -0.79321 0.85556 0.30307
v -0.84589 0.81697 0.27183
v -0.84487 0.89622 0.21669
v -0.77890 0.84913 0.25908
v -0.77890 0.84913 0.25908
v -0.84487 0.89622 0.21669
v -0.80285 0.91101 0.26375
v -0.79283 0.96999 0.30375
v -0.81427 0.87680 0.30457
v -0.82217 0.89194 0.28332
v -0.82217 0.89194 0.28332
v -0.79321 0.85556 0.30307
v -0.79793 0.89210 0.27895
v -0.81427 0.87680 0.30457
v -0.81427 0.87680 0.30457
v -0.79283 0.96999 0.30375
v -0.79793 0.89210 0.27895
v -0.80285 0.91101 0.26375
v -0.84487 0.89622 0.21669
v -0.79793 0.89210 0.27895
v -0.80285 0.91101 0.26375
v -0.79793 0.89210 0.27895
v -0.83726 0.96946 0.25128
v -0.79793 0.89210 0.27895
v -0.84487 0.89622 0.21669
v -0.72416 0.90777 0.20329
v -0.72416 0.90777 0.20329
v -0.77890 0.84913 0.25908
v -0.79793 0.89210 0.27895
v -0.81002 0.69878 0.22410
v -0.82217 0.89194 0.28332
v -0.34305 1.07307 -0.18922
v -0.41530 1.11461 0.04559
v -0.10335 1.10130 -0.16286
v -0.50855 1.08807 -0.06428
v -0.33269 1.10126 0.07216
v -0.12662 1.12740 0.10833
v -0.24905 0.95187 -0.32188
v -0.11360 0.97878 -0.29601
v -0.04847 1.05093 -0.31803
v -0.41271 1.07692 0.09390
v -0.33490 1.12664 0.13966
v -0.05888 1.24647 0.22493
v -0.12716 1.24315 0.23010
v 0.04649 1.25477 0.15783
v 0.06470 1.24956 -0.09702
v 0.00594 1.27267 0.61810
v -0.03087 1.27114 0.63985
v -0.16698 1.25520 0.07151
v -0.20923 1.24021 -0.14264
v 0.02310 1.22788 -0.19349
v 0.09740 1.24489 0.17702
v -0.17296 1.21673 0.18091
v -0.27097 1.26892 0.10396
v -0.21244 1.24043 0.22000
v -0.26038 1.21647 0.13239
v -0.28876 1.22968 0.18312
v -0.26660 1.24356 0.23476
v -0.28090 1.20333 0.29445
v 0.72905 0.62976 -0.20886
v 0.61281 0.63135 -0.23547
v 0.67778 0.63196 -0.02904
v 0.69589 0.63727 -0.31616
v 0.45122 0.90741 -0.30693
v 0.45492 0.84520 -0.40922
v 0.37475 0.94099 -0.39260
v 0.48658 0.94928 -0.09201
v 0.49763 0.87347 -0.23036
v 0.61274 0.94702 0.23892
v 0.72278 0.89267 0.40067
v 0.40222 0.88617 -0.50644
v 0.50906 0.76469 -0.40444
v 0.54615 0.35226 -0.78600
v 0.52242 0.38810 -0.80952
v 0.52377 0.37988 -0.79397
v 0.75423 0.42524 -0.10059
v 0.84543 0.41702 0.15396
v 0.72858 0.33718 -0.28317
v 0.83705 0.09113 -0.31019
v 0.97865 0.06660 0.10732
v 0.88518 0.44375 0.30953
v 0.83328 0.56776 0.31654
v 0.86756 0.53988 0.38066
v 0.68691 0.39652 -0.34281
v 0.80734 0.10727 -0.39080
v 0.81346 0.49848 0.13238
v 0.75588 0.64358 0.17179
v 0.81040 0.69983 0.40062
v 0.67778 0.63196 -0.02904
v 0.53700 0.75690 -0.28453
v 0.61281 0.63135 -0.23547
v 0.56572 0.68431 -0.32452
v 0.61360 0.52265 -0.37678
v 0.51821 0.67752 -0.43978
v 0.52027 0.48931 -0.67839
v 0.32057 0.63060 -0.92768
v 0.35452 0.86809 -0.62771
v 0.99210 0.24344 0.30894
v 0.53733 0.71277 -0.34578
v 0.47743 0.48081 -0.79903
v 0.40977 0.43998 -0.95433
v 0.50312 0.38785 -0.82744
v 0.51125 0.45347 -0.76670
v 0.52953 0.39222 -0.77312
v 0.21584 0.90283 -0.81192
v 0.85667 0.58179 0.46586
v 0.24564 0.81507 -0.89189
v 0.87816 0.51818 0.37382
v 0.25066 0.65441 -0.98954
v 0.46074 0.22975 -1.04303
v 0.81516 0.67944 0.50103
v 1.06901 -0.02080 0.07845
v 1.01662 0.05508 0.41931
v 1.02378 0.02100 0.70233
v 0.97990 0.07966 0.69886
v 0.79107 0.87099 0.44628
v 0.85647 0.05817 1.06181
v 0.96626 0.38529 0.33518
v 1.02503 0.26118 0.42255
v 0.95089 0.43025 0.41159
v 0.86304 0.13542 -0.33105
v 0.89854 0.02119 -0.35842
v 0.84592 0.14727 -0.43599
v 0.86879 0.01793 -0.45092
v 0.85508 0.15226 -0.50167
v 0.82452 0.29461 -0.46151
v 0.76002 0.14126 -0.69523
v 0.74789 0.01946 -0.71220
v 0.65165 0.13782 -0.87795
v 0.63755 0.08035 -0.93286
v 0.54343 0.11475 -1.02249
v 0.38410 0.57842 1.53609
v 0.37334 0.49894 1.55169
v 0.38755 0.53558 1.51563
v 0.40223 0.49647 1.52698
v 0.39964 0.47273 1.53934
v 0.46511 0.54440 1.52071
v 0.50044 0.27987 1.53301
v 0.56901 0.40044 1.53849
v 0.46511 0.54440 1.52071
v 0.76769 0.09553 1.41049
v 0.76468 0.30313 1.41833
v 0.61648 0.51368 1.50511
v 0.57766 0.55445 1.50922
v 0.40223 0.49647 1.52698
v 0.38755 0.53558 1.51563
v 0.39227 0.46910 1.53939
v 0.33044 0.55735 1.54956
v 0.39964 0.47273 1.53934
v 0.46511 0.54440 1.52071
v 0.33044 0.55735 1.54956
v 0.38755 0.53558 1.51563
v 0.51141 0.07232 1.37295
v 0.29193 0.07324 1.43615
v 0.16451 -0.03253 1.55444
v 0.05895 0.07273 1.46781
v -0.34577 0.07621 1.41888
v 0.85647 0.05817 1.06181
v 0.75969 -0.03863 1.22352
v 0.67716 0.07761 1.25655
v 0.51141 0.07232 1.37295
v -0.15994 0.85172 1.21435
v -0.14658 0.86327 1.34635
v -0.15965 0.80695 1.25318
v -0.16479 0.77180 1.30892
v -0.15994 0.85172 1.21435
v -0.15965 0.80695 1.25318
v -0.18368 0.79859 1.25539
v -0.17665 0.77945 1.22035
v -0.10748 0.81931 1.20146
v -0.15994 0.85172 1.21435
v -0.22546 0.82039 1.23393
v -0.06183 0.84138 1.24972
v -0.01853 0.78086 1.21162
v -0.05932 0.89307 1.20517
v -0.05932 0.89307 1.20517
v -0.01853 0.78086 1.21162
v -0.04850 0.82525 1.15827
v -0.06183 0.84138 1.24972
v 0.08706 0.88646 1.00183
v -0.04850 0.82525 1.15827
v 0.06486 0.82840 1.13235
v -0.01853 0.78086 1.21162
v 0.20393 0.80910 1.13727
v 0.12889 0.94449 1.11517
v 0.20166 0.86426 1.01411
v 0.12889 0.94449 1.11517
v 0.20393 0.80910 1.13727
v 0.20166 0.86426 1.01411
v 0.08706 0.88646 1.00183
v 0.12889 0.94449 1.11517
v 0.44019 0.83429 1.00248
v 0.38630 0.78676 1.13732
v 0.40674 0.84489 1.10235
v 0.00741 0.92293 0.82753
v -0.02340 0.96923 0.79622
v -0.03259 0.90449 0.86571
v 0.05035 0.90498 0.85858
v 0.00741 0.92293 0.82753
v -0.03261 0.92123 0.74975
v 0.10476 1.06817 0.31996
v -0.12468 1.02904 0.58893
v -0.04638 1.03722 0.61505
v -0.12433 1.04332 0.65278
v -0.04576 1.07512 0.71208
v 0.18271 0.98775 0.37750
v 0.13352 0.95356 0.48723
v 0.20015 1.05082 0.33261
v 0.30748 0.89152 0.65958
v 0.40981 0.94260 0.83751
v 0.42449 0.84934 0.75934
v 0.30748 0.89152 0.65958
v 0.42449 0.84934 0.75934
v 0.43775 0.88031 0.66136
v 0.40981 0.94260 0.83751
v 0.30748 0.89152 0.65958
v 0.34484 0.90252 0.79469
v 0.30386 0.87527 0.82523
v 0.32235 0.94762 0.88432
v 0.46189 0.91886 0.88233
v 0.44143 0.86713 0.84181
v 0.49568 0.86779 0.78350
v 0.55403 0.86886 0.85395
v 0.61316 0.91299 0.87119
v 0.62678 0.85514 0.82473
v 0.40981 0.94260 0.83751
v 0.30386 0.87527 0.82523
v 0.32235 0.94762 0.88432
v 0.46319 0.96981 0.66516
v 0.42449 0.84934 0.75934
v 0.45915 0.92506 0.78172
v 0.43775 0.88031 0.66136
v 0.40981 0.94260 0.83751
v 0.35719 0.91194 0.53361
v 0.46319 0.96981 0.66516
v 0.59788 0.90711 0.54525
v 0.35719 0.91194 0.53361
v 0.30748 0.89152 0.65958
v 0.33745 0.97370 0.65402
v 0.43775 0.88031 0.66136
v 0.33745 0.97370 0.65402
v 0.30748 0.89152 0.65958
v 0.19650 0.97700 0.26536
v 0.13182 1.02668 -0.02615
v 0.10476 1.06817 0.31996
v 0.09150 1.10089 0.18520
v 0.03653 1.09365 -0.02950
v 0.14969 0.94711 -0.08210
v 0.23158 0.94805 0.23478
v 0.34051 0.92672 0.44793
v 0.17586 1.04108 -0.10658
v 0.20015 1.05082 0.33261
v 0.59416 0.62055 1.45129
v 0.54210 0.66926 1.52940
v 0.57258 0.64916 1.57729
v 0.53291 0.65743 1.41819
v 0.61648 0.51368 1.50511
v 0.57543 0.59941 1.45917
v 0.57766 0.55445 1.50922
v 0.53504 0.61120 1.45247
v 0.52606 0.57013 1.49197
v 0.46511 0.54440 1.52071
v 0.43197 0.66789 1.41435
v 0.53291 0.65743 1.41819
v 0.51921 0.71499 1.36456
v 0.59416 0.62055 1.45129
v 0.33044 0.55735 1.54956
v 0.60833 0.71585 1.37904
v 0.56901 0.40044 1.53849
v 0.38586 0.74181 1.23852
v 0.46253 0.80962 1.19388
v 0.43127 0.79558 1.22956
v 0.43978 0.80911 1.27125
v 0.43127 0.79558 1.22956
v 0.43978 0.80911 1.27125
v 0.38630 0.78676 1.13732
v 0.58938 0.74257 1.14366
v 0.38630 0.78676 1.13732
v 0.57649 0.79624 1.18036
v 0.66812 0.75022 1.13992
v 0.46253 0.80962 1.19388
v 0.43978 0.80911 1.27125
v 0.56249 0.81401 1.10090
v 0.40674 0.84489 1.10235
v 0.58938 0.74257 1.14366
v 0.38630 0.78676 1.13732
v 0.65580 0.78598 1.18329
v 0.57690 0.60476 1.46472
v 0.57258 0.64916 1.57729
v 0.57766 0.55445 1.50922
v 0.57543 0.59941 1.45917
v 0.59416 0.62055 1.45129
v 0.57690 0.60476 1.46472
v 0.53504 0.61120 1.45247
v 0.59416 0.62055 1.45129
v 0.75461 0.67964 1.28874
v 0.64409 0.75553 1.22550
v 0.60833 0.71585 1.37904
v 0.76391 0.71411 1.10344
v 0.65580 0.78598 1.18329
v 0.59416 0.62055 1.45129
v 0.76468 0.30313 1.41833
v 0.61648 0.51368 1.50511
v 0.63028 0.90606 1.22382
v 0.66678 0.80536 1.09870
v 0.60865 0.92033 1.11924
v 0.56249 0.81401 1.10090
v 0.65580 0.78598 1.18329
v 0.66812 0.75022 1.13992
v 0.76391 0.71411 1.10344
v 0.57766 0.55445 1.50922
v 0.54210 0.66926 1.52940
v 0.52606 0.57013 1.49197
v 0.57258 0.64916 1.57729
v 0.57543 0.59941 1.45917
v 0.52606 0.57013 1.49197
v 0.57690 0.60476 1.46472
v 0.54210 0.66926 1.52940
v 0.53291 0.65743 1.41819
v 0.53504 0.61120 1.45247
v 0.54210 0.66926 1.52940
v 0.57690 0.60476 1.46472
v 0.54210 0.66926 1.52940
v 0.53504 0.61120 1.45247
v 0.60865 0.92033 1.11924
v 0.57649 0.79624 1.18036
v 0.63028 0.90606 1.22382
v 0.56249 0.81401 1.10090
v 0.64409 0.75553 1.22550
v 0.56249 0.81401 1.10090
v 0.66812 0.75022 1.13992
v 0.57649 0.79624 1.18036
v 0.58938 0.74257 1.14366
v 0.66678 0.80536 1.09870
v 0.65580 0.78598 1.18329
v 0.66678 0.80536 1.09870
v 0.56249 0.81401 1.10090
v 0.60865 0.92033 1.11924
v 0.77255 0.82260 1.04822
v 0.66678 0.80536 1.09870
v 0.66812 0.75022 1.13992
v 0.58938 0.74257 1.14366
v 0.73008 0.88251 1.08606
v 0.85225 0.21862 1.09986
v 0.83411 0.29138 1.15917
v 0.81442 0.22978 1.16252
v 0.83202 0.54252 0.99681
v 0.79327 0.54644 1.05091
v 0.80960 0.47531 0.93906
v 0.81432 0.33052 1.18834
v 0.81851 0.34834 1.09527
v 0.76892 0.47100 1.14668
v 0.82786 0.31315 1.12559
v 0.82115 0.39850 1.03288
v 0.83171 0.27266 1.09119
v 0.81715 0.25395 1.14278
v 0.81442 0.22978 1.16252
v 0.81792 0.22889 1.25211
v 0.82817 0.16578 1.24315
v 0.76468 0.30313 1.41833
v 0.75461 0.67964 1.28874
v 0.76769 0.09553 1.41049
v 0.84874 0.08475 1.11342
v 0.85225 0.21862 1.09986
v 0.74613 0.55420 1.19150
v 0.76391 0.71411 1.10344
v 0.77251 0.63875 1.08432
v 0.77911 0.70032 1.01685
v 0.83354 0.48699 1.09779
v 0.85225 0.21862 1.09986
v 0.81792 0.22889 1.25211
v 0.81715 0.25395 1.14278
v 0.83411 0.29138 1.15917
v 0.85225 0.21862 1.09986
v 0.81715 0.25395 1.14278
v 0.81432 0.33052 1.18834
v 0.81792 0.22889 1.25211
v 0.85225 0.21862 1.09986
v 0.89107 0.27435 1.16261
v 0.83171 0.27266 1.09119
v 0.89107 0.27435 1.16261
v 0.85225 0.21862 1.09986
v 0.81176 0.59679 1.12619
v 0.74613 0.55420 1.19150
v 0.81296 0.45681 1.17253
v 0.81792 0.22889 1.25211
v 0.77251 0.63875 1.08432
v 0.86191 0.59500 1.07611
v 0.83354 0.48699 1.09779
v 0.81432 0.33052 1.18834
v 0.83411 0.29138 1.15917
v 0.83411 0.29138 1.15917
v 0.81792 0.22889 1.25211
v 0.89107 0.27435 1.16261
v 0.83171 0.27266 1.09119
v 0.83171 0.27266 1.09119
v 0.81442 0.22978 1.16252
v 0.83411 0.29138 1.15917
v 0.81296 0.45681 1.17253
v 0.81432 0.33052 1.18834
v 0.76892 0.47100 1.14668
v 0.83354 0.48699 1.09779
v 0.81176 0.59679 1.12619
v 0.85632 0.49563 1.13285
v 0.83354 0.48699 1.09779
v 0.81296 0.45681 1.17253
v 0.76892 0.47100 1.14668
v 0.85632 0.49563 1.13285
v 0.81516 0.67944 0.50103
v 0.73322 0.77831 0.86629
v 0.97990 0.07966 0.69886
v 0.88263 0.46469 0.47446
v 0.80960 0.47531 0.93906
v 0.80231 0.42756 0.99092
v 0.84874 0.08475 1.11342
v 0.85667 0.58179 0.46586
v 0.79327 0.54644 1.05091
v 0.82441 0.72323 0.47902
v 0.77386 0.83487 0.56033
v 0.81040 0.69983 0.40062
v 0.79107 0.87099 0.44628
v 0.83354 0.48699 1.09779
v 0.81051 0.53234 1.10888
v 0.81176 0.59679 1.12619
v 0.81296 0.45681 1.17253
v 0.82115 0.39850 1.03288
v 0.89178 0.35759 0.49415
v 0.95555 0.29731 0.44108
v 0.96055 0.24173 0.47384
v 0.99793 0.14160 0.43476
v 1.01662 0.05508 0.41931
v 1.01682 0.17573 0.39836
v 0.97865 0.06660 0.10732
v 0.99210 0.24344 0.30894
v 0.99310 0.23240 0.35491
v 0.85225 0.21862 1.09986
v 0.85647 0.05817 1.06181
v 1.02503 0.26118 0.42255
v 0.83202 0.54252 0.99681
v 0.77911 0.70032 1.01685
v 0.75398 0.80025 1.00519
v 0.79413 0.79100 1.07520
v 0.80984 0.52747 1.10957
v 0.85632 0.49563 1.13285
v 0.81051 0.53234 1.10888
v 0.81296 0.45681 1.17253
v 0.85632 0.49563 1.13285
v 0.80984 0.52747 1.10957
v 0.81051 0.53234 1.10888
v 0.81176 0.59679 1.12619
v 0.79327 0.54644 1.05091
v 0.80984 0.52747 1.10957
v 0.85632 0.49563 1.13285
v 0.86191 0.59500 1.07611
v 0.79327 0.54644 1.05091
v 0.77251 0.63875 1.08432
v 0.80984 0.52747 1.10957
v 0.79327 0.54644 1.05091
v 0.86191 0.59500 1.07611
v 0.83354 0.48699 1.09779
v 0.80984 0.52747 1.10957
v 0.86191 0.59500 1.07611
v 0.85231 0.85936 1.06571
v 0.79413 0.79100 1.07520
v 0.76391 0.71411 1.10344
v 0.73008 0.88251 1.08606
v 0.66812 0.75022 1.13992
v 0.85047 0.67850 1.05992
v 0.79413 0.79100 1.07520
v 0.75398 0.80025 1.00519
v 0.66812 0.75022 1.13992
v 0.79413 0.79100 1.07520
v 0.73008 0.88251 1.08606
v 0.77255 0.82260 1.04822
v 0.77911 0.70032 1.01685
v 0.76391 0.71411 1.10344
v 0.77911 0.70032 1.01685
v 0.85047 0.67850 1.05992
v 0.85231 0.85936 1.06571
v 0.77911 0.70032 1.01685
v 0.77255 0.82260 1.04822
v 0.85047 0.67850 1.05992
v 0.71849 0.85771 1.01980
v 0.75398 0.80025 1.00519
v 0.69553 0.80677 0.97152
v 0.82441 0.72323 0.47902
v 0.89657 0.69217 0.49429
v 0.85518 0.84033 0.46916
v 0.81516 0.67944 0.50103
v 0.89753 0.82898 0.50115
v 0.85518 0.84033 0.46916
v 0.84104 0.90368 0.44746
v 0.84662 0.85180 0.41049
v 0.82613 0.92675 0.53875
v 0.89753 0.82898 0.50115
v 0.80741 0.90407 0.42489
v 0.83520 0.97010 0.40318
v 0.80741 0.90407 0.42489
v 0.84104 0.90368 0.44746
v 0.89201 0.71478 0.38240
v 0.89657 0.69217 0.49429
v 0.81040 0.69983 0.40062
v 0.81516 0.67944 0.50103
v 0.81040 0.69983 0.40062
v 0.85163 0.90948 0.36058
v 0.89201 0.71478 0.38240
v 0.89304 0.84969 0.45558
v 0.88571 0.73559 0.43635
v 0.85518 0.84033 0.46916
v 0.82441 0.72323 0.47902
v 0.81040 0.69983 0.40062
v 0.82441 0.72323 0.47902
v 0.88571 0.73559 0.43635
v 0.60975 0.91790 0.78436
v 0.56576 0.84997 0.71960
v 0.45915 0.92506 0.78172
v 0.48592 0.87299 0.65521
v 0.61316 0.91299 0.87119
v 0.46189 0.91886 0.88233
v 0.40981 0.94260 0.83751
v 0.45915 0.92506 0.78172
v 0.48592 0.87299 0.65521
v 0.46319 0.96981 0.66516
v 0.71849 0.85771 1.01980
v 0.66678 0.80536 1.09870
v 0.73008 0.88251 1.08606
v 0.69553 0.80677 0.97152
v 0.85231 0.85936 1.06571
v 0.75398 0.80025 1.00519
v 0.77255 0.82260 1.04822
v 0.66812 0.75022 1.13992
v 0.62678 0.85514 0.82473
v 0.56576 0.84997 0.71960
v 0.60975 0.91790 0.78436
v 0.61316 0.91299 0.87119
v 0.59788 0.90711 0.54525
v 0.56678 0.96780 0.66335
v 0.56576 0.84997 0.71960
v 0.56678 0.96780 0.66335
v 0.48592 0.87299 0.65521
v 0.56576 0.84997 0.71960
v 0.88936 0.97552 0.48573
v 0.77525 0.97433 0.56261
v 0.82613 0.92675 0.53875
v 0.89753 0.82898 0.50115
v 0.68948 0.89990 0.52824
v 0.77386 0.83487 0.56033
v 0.71174 0.96427 0.43853
v 0.72278 0.89267 0.40067
v 0.68948 0.89990 0.52824
v 0.79107 0.87099 0.44628
v 0.75767 0.95795 0.47149
v 0.84104 0.90368 0.44746
v 0.88936 0.97552 0.48573
v 0.89304 0.84969 0.45558
v 0.84104 0.90368 0.44746
v 0.82613 0.92675 0.53875
v 0.79107 0.87099 0.44628
v 0.77386 0.83487 0.56033
v 0.80741 0.90407 0.42489
v 0.75767 0.95795 0.47149
v 0.79107 0.87099 0.44628
v 0.92471 0.55384 0.07235
v 0.75588 0.64358 0.17179
v 0.81346 0.49848 0.13238
v 0.93904 0.60264 0.07037
v 0.91349 0.73013 0.08508
v 0.87850 0.48253 0.08271
v 0.84543 0.41702 0.15396
v 1.01109 0.58860 0.48606
v 0.91274 0.59179 0.40476
v 0.85667 0.58179 0.46586
v 1.06256 0.58222 0.44717
v 0.83328 0.56776 0.31654
v 0.88451 0.56519 0.31712
v 0.82923 0.72613 -0.07577
v 0.67778 0.63196 -0.02904
v 0.91349 0.73013 0.08508
v 0.75588 0.64358 0.17179
v 0.71174 0.96427 0.43853
v 0.85163 0.90948 0.36058
v 0.80741 0.90407 0.42489
v 0.84662 0.85180 0.41049
v 0.71174 0.96427 0.43853
v 0.80741 0.90407 0.42489
v 0.72278 0.89267 0.40067
v 0.80741 0.90407 0.42489
v 0.79107 0.87099 0.44628
v 0.72278 0.89267 0.40067
v 0.89249 0.85334 0.40556
v 0.84662 0.85180 0.41049
v 0.88571 0.73559 0.43635
v 0.81040 0.69983 0.40062
v 0.85163 0.90948 0.36058
v 0.81040 0.69983 0.40062
v 0.84662 0.85180 0.41049
v 0.88518 0.44375 0.30953
v 0.87816 0.51818 0.37382
v 0.88451 0.56519 0.31712
v 0.86756 0.53988 0.38066
v 0.83328 0.56776 0.31654
v 0.88451 0.56519 0.31712
v 0.86756 0.53988 0.38066
v 0.89249 0.85334 0.40556
v 0.84104 0.90368 0.44746
v 0.89304 0.84969 0.45558
v 0.83520 0.97010 0.40318
v 0.85163 0.90948 0.36058
v 0.89201 0.71478 0.38240
v 0.88571 0.73559 0.43635
v 0.89657 0.69217 0.49429
v 0.89753 0.82898 0.50115
v 0.88936 0.97552 0.48573
v 1.08782 0.32308 0.51105
v 1.01660 0.36021 0.46622
v 1.04614 0.25194 0.47011
v 0.95555 0.29731 0.44108
v 1.12848 0.27562 0.56903
v 0.96055 0.24173 0.47384
v 0.89178 0.35759 0.49415
v 0.99793 0.14160 0.43476
v 1.13649 0.18593 0.54770
v 1.10278 0.36936 0.55876
v 1.10641 0.22429 0.50639
v 1.06082 0.42697 0.49548
v 0.95469 0.50278 0.44915
v 1.05801 0.52172 0.46557
v 1.01660 0.36021 0.46622
v 0.95469 0.50278 0.44915
v 0.88034 0.38592 0.43579
v 1.07393 0.40026 0.40739
v 1.06082 0.42697 0.49548
v 1.10278 0.36936 0.55876
v 1.07975 0.46890 0.39967
v 1.05801 0.52172 0.46557
v 1.06420 0.32402 0.41796
v 1.08782 0.32308 0.51105
v 1.12848 0.27562 0.56903
v 1.15188 0.27691 0.43567
v 1.10641 0.22429 0.50639
v 1.09566 0.21307 0.44221
v 1.01660 0.36021 0.46622
v 0.88034 0.38592 0.43579
v 0.89178 0.35759 0.49415
v 0.88034 0.38592 0.43579
v 0.87028 0.41721 0.50156
v 0.89178 0.35759 0.49415
v 0.88263 0.46469 0.47446
v 1.10641 0.22429 0.50639
v 1.15627 0.18521 0.42766
v 1.09566 0.21307 0.44221
v 1.13649 0.18593 0.54770
v 0.89178 0.35759 0.49415
v 0.87028 0.41721 0.50156
v 0.88263 0.46469 0.47446
v 1.06256 0.58222 0.44717
v 0.95469 0.50278 0.44915
v 0.95279 0.49609 0.40557
v 1.01109 0.58860 0.48606
v 0.85667 0.58179 0.46586
v 0.88263 0.46469 0.47446
v 0.88034 0.38592 0.43579
v 1.02503 0.26118 0.42255
v 1.07393 0.40026 0.40739
v 1.06420 0.32402 0.41796
v 1.15188 0.27691 0.43567
v 1.09566 0.21307 0.44221
v 0.95089 0.43025 0.41159
v 1.07975 0.46890 0.39967
v 0.95279 0.49609 0.40557
v 1.01682 0.17573 0.39836
v 1.15627 0.18521 0.42766
v 0.99793 0.14160 0.43476
v 1.15627 0.18521 0.42766
v 1.13649 0.18593 0.54770
v 1.01682 0.17573 0.39836
v 1.24505 0.04810 -0.68814
v 1.23648 0.08389 -0.40328
v 1.14304 0.04569 -0.59540
v 1.15288 0.05054 0.14454
v 1.24394 0.08789 -0.15888
v 1.16400 0.00741 -0.69725
v 1.25187 0.09971 -0.05611
v 1.30975 0.06476 0.23399
v 1.35129 0.04233 -0.13191
v 1.21337 0.03306 0.25677
v 0.95279 0.49609 0.40557
v 1.05801 0.52172 0.46557
v 1.07975 0.46890 0.39967
v 0.95469 0.50278 0.44915
v 0.88518 0.44375 0.30953
v 0.90700 0.39225 0.39733
v 0.96626 0.38529 0.33518
v 0.96626 0.38529 0.33518
v 0.90700 0.39225 0.39733
v 0.95089 0.43025 0.41159
v 0.94150 0.45855 0.31668
v 0.90700 0.39225 0.39733
v 0.88518 0.44375 0.30953
v 0.88451 0.56519 0.31712
v 0.90700 0.39225 0.39733
v 0.94150 0.45855 0.31668
v 0.95089 0.43025 0.41159
v 0.94150 0.45855 0.31668
v 0.91274 0.59179 0.40476
v 0.95279 0.49609 0.40557
v 0.88451 0.56519 0.31712
v 1.06256 0.58222 0.44717
v 0.95279 0.49609 0.40557
v 0.95089 0.43025 0.41159
v 0.94150 0.45855 0.31668
v 0.89249 0.85334 0.40556
v 0.89304 0.84969 0.45558
v 0.84662 0.85180 0.41049
v 0.85518 0.84033 0.46916
v -0.82728 0.07183 -0.03707
v -0.90434 0.15784 -0.05685
v -0.83253 0.11006 -0.13066
v -0.87027 0.16920 -0.13284
v -0.79832 0.09183 -0.30815
v -0.85496 0.14351 -0.25597
v -0.80834 0.11539 -0.33060
v -0.88647 0.09786 -0.01986
v -0.98781 0.09172 0.24575
v -0.96733 0.06678 0.37915
v -0.79339 0.08767 0.00822
v -0.79339 0.08767 0.00822
v -0.82728 0.07183 -0.03707
v -0.85495 0.10218 -0.04207
v -0.83253 0.11006 -0.13066
v -0.83813 0.02269 -0.36160
v -0.82209 0.14460 -0.41982
v -0.70944 0.05643 -0.70047
v -0.85496 0.14351 -0.25597
v -0.88344 0.05665 -0.15347
v -0.51604 0.15433 -1.02041
v -0.61958 0.03402 -0.72956
v -0.66903 0.00649 -0.76399
v -0.70944 0.05643 -0.70047
v -0.82371 0.09360 -0.30088
v -0.80834 0.11539 -0.33060
v -0.85127 0.08413 -0.22040
v -0.85496 0.14351 -0.25597
v -0.88344 0.05665 -0.15347
v -0.79832 0.09183 -0.30815
v -0.85684 0.43830 -0.02073
v -0.92841 0.49093 -0.24392
v -0.85654 0.45247 -0.23380
v -0.95171 0.48134 -0.07158
v -0.79070 0.43460 -0.30180
v -0.85654 0.45247 -0.23380
v -0.81290 0.52368 -0.27458
v -0.79070 0.43460 -0.30180
v -0.81005 0.57737 -0.04280
v -0.94476 0.62949 -0.04620
v -0.82794 0.53942 -0.01863
v -0.97583 0.57143 -0.03576
v -0.94644 0.72229 -0.02936
v -0.95171 0.48134 -0.07158
v -0.85684 0.43830 -0.02073
v -0.79056 0.64518 0.01641
v -0.97583 0.57143 -0.03576
v -0.94476 0.62949 -0.04620
v -0.93995 0.58119 -0.23232
v -0.94644 0.72229 -0.02936
v -0.91689 0.72995 -0.24453
v -0.95171 0.48134 -0.07158
v -0.92841 0.49093 -0.24392
v -0.90825 0.59864 -0.25575
v -0.91987 0.57405 -0.32449
v -0.85496 0.14351 -0.25597
v -0.90434 0.15784 -0.05685
v -0.89733 0.17629 -0.25647
v -0.82209 0.14460 -0.41982
v -0.87027 0.16920 -0.13284
v -0.90434 0.15784 -0.05685
v -0.85496 0.14351 -0.25597
v -0.79224 0.34456 -0.38976
v -0.87900 0.36907 -0.22446
v -0.82125 0.36814 -0.22228
v -0.86280 0.29540 -0.18973
v -0.82125 0.36814 -0.22228
v -0.87900 0.36907 -0.22446
v -0.80125 0.48400 -0.21042
v -0.81290 0.52368 -0.27458
v -0.85654 0.45247 -0.23380
v -0.79224 0.34456 -0.38976
v -0.97113 0.49141 -0.49326
v -0.81264 0.30084 -0.37459
v -0.96671 0.30121 -0.48340
v -0.79929 0.46609 -0.36632
v -0.79551 0.48640 -0.36286
v -0.96418 0.15358 -0.53920
v -0.82209 0.14460 -0.41982
v -0.79070 0.43460 -0.30180
v -0.80125 0.48400 -0.21042
v -0.85654 0.45247 -0.23380
v -0.90725 0.55841 -0.25126
v -0.80125 0.48400 -0.21042
v -0.90725 0.55841 -0.25126
v -0.81290 0.52368 -0.27458
v -0.93995 0.58119 -0.23232
v -0.85654 0.45247 -0.23380
v -0.92841 0.49093 -0.24392
v -0.90725 0.55841 -0.25126
v -0.93995 0.58119 -0.23232
v -0.91987 0.57405 -0.32449
v -0.85654 0.45247 -0.23380
v -0.90725 0.55841 -0.25126
v -0.77523 0.58940 -0.21892
v -0.81290 0.52368 -0.27458
v -0.79070 0.43460 -0.30180
v -0.90825 0.59864 -0.25575
v -0.91689 0.72995 -0.24453
v -0.90725 0.55841 -0.25126
v -0.91987 0.57405 -0.32449
v -0.90825 0.59864 -0.25575
v -0.70209 0.47814 -0.48777
v -0.84587 0.50181 -0.79209
v -0.97113 0.49141 -0.49326
v -0.79551 0.48640 -0.36286
v -0.93314 0.49456 -0.65814
v -0.74632 0.46351 -0.68719
v -0.63233 0.50450 -0.61235
v -0.80290 0.46237 -0.75228
v -0.84587 0.50181 -0.79209
v -0.74632 0.46351 -0.68719
v -0.77523 0.58940 -0.21892
v -0.91689 0.72995 -0.24453
v -0.72881 0.61872 -0.28025
v -0.79103 0.47993 -0.38040
v -0.79224 0.34456 -0.38976
v -0.73178 0.44361 -0.45207
v -0.70209 0.47814 -0.48777
v -0.79929 0.46609 -0.36632
v -0.79551 0.48640 -0.36286
v -0.79070 0.43460 -0.30180
v -0.79929 0.46609 -0.36632
v -0.75288 0.48475 -0.35513
v -0.77346 0.44979 -0.34426
v -0.79103 0.47993 -0.38040
v -0.79070 0.43460 -0.30180
v -0.69210 0.60586 -0.43446
v -0.78579 0.62703 -0.36171
v -0.74610 0.64489 -0.44984
v -0.72881 0.61872 -0.28025
v -0.74610 0.64489 -0.44984
v -0.72419 0.67575 -0.45705
v -0.69210 0.60586 -0.43446
v -0.66150 0.15163 -1.09925
v -0.93314 0.49456 -0.65814
v -0.84587 0.50181 -0.79209
v -0.86612 0.16031 -0.78056
v -0.65732 0.37590 -1.08671
v -0.60616 0.49600 -1.12639
v -0.96418 0.15358 -0.53920
v -0.96671 0.30121 -0.48340
v -0.97113 0.49141 -0.49326
v -0.59434 0.29177 -1.12231
v -0.51604 0.15433 -1.02041
v -0.82209 0.14460 -0.41982
v -0.86612 0.16031 -0.78056
v -0.96418 0.15358 -0.53920
v -0.66150 0.15163 -1.09925
v -0.46544 0.28300 -1.04113
v -0.52626 0.40219 -1.03943
v -0.49773 0.41790 -1.01707
v -0.59434 0.29177 -1.12231
v -0.43420 0.49087 -0.97383
v -0.51282 0.46099 -1.03273
v -0.60616 0.49600 -1.12639
v -0.51604 0.15433 -1.02041
v -0.66150 0.15163 -1.09925
v -0.60616 0.49600 -1.12639
v -0.75511 0.49660 -0.70160
v -0.43420 0.49087 -0.97383
v -0.84587 0.50181 -0.79209
v -0.63233 0.50450 -0.61235
v -0.74632 0.46351 -0.68719
v -0.75511 0.49660 -0.70160
v -0.80290 0.46237 -0.75228
v -0.84587 0.50181 -0.79209
v -0.63233 0.50450 -0.61235
v -0.69605 0.77305 -0.59276
v -0.72267 0.71564 -0.43161
v -0.72703 0.79566 -0.41515
v -0.72419 0.67575 -0.45705
v -0.68053 0.65315 -0.64117
v -0.78579 0.62703 -0.36171
v -0.74610 0.64489 -0.44984
v -0.59677 0.74117 -0.69992
v -0.66233 0.81523 -0.59197
v -0.61453 0.89518 -0.63138
v -0.68913 0.89250 -0.51069
v -0.65704 0.81439 -0.48220
v -0.64052 0.90879 -0.29197
v -0.63017 0.90949 -0.40192
v -0.66188 0.79309 -0.48961
v -0.69210 0.60586 -0.43446
v -0.61620 0.03389 -0.78868
v -0.44443 0.05584 -0.94792
v -0.47075 0.07924 -0.92774
v -0.53672 0.07988 -0.88577
v -0.45541 0.01350 -0.97814
v -0.41978 0.06477 -1.02262
v -0.47911 0.06526 -1.02159
v -0.68120 0.04436 -1.08700
v -0.70944 0.05643 -0.70047
v -0.47911 0.06526 -1.02159
v -0.61620 0.03389 -0.78868
v -0.51604 0.15433 -1.02041
v -0.61958 0.03402 -0.72956
v -0.60327 0.24580 -1.08018
v -0.63897 0.27178 -1.05805
v -0.51697 0.20264 -1.00211
v -0.57841 0.20933 -0.89913
v -0.65732 0.37590 -1.08671
v -0.59434 0.29177 -1.12231
v -0.47911 0.06526 -1.02159
v -0.44111 0.07426 -0.99297
v -0.47782 0.08443 -0.96489
v -0.41978 0.06477 -1.02262
v -0.38489 0.06311 -0.98538
v -0.53672 0.07988 -0.88577
v -0.61620 0.03389 -0.78868
v -0.44443 0.05584 -0.94792
v -0.38489 0.06311 -0.98538
v -0.38110 0.02195 -0.99041
v -0.47075 0.07924 -0.92774
v -0.47782 0.08443 -0.96489
v -0.44443 0.05584 -0.94792
v -0.44111 0.07426 -0.99297
v -0.38489 0.06311 -0.98538
v -0.53672 0.07988 -0.88577
v -0.63279 0.66004 -0.63415
v -0.59677 0.74117 -0.69992
v -0.60544 0.68336 -0.63895
v -0.68053 0.65315 -0.64117
v -0.54977 0.67525 -0.68104
v -0.59473 0.62188 -0.63326
v -0.69210 0.60586 -0.43446
v -0.59075 0.68941 -0.60231
v -0.64079 0.64326 -0.59330
v -0.63279 0.66004 -0.63415
v -0.60544 0.68336 -0.63895
v -0.60810 0.63849 -0.57237
v -0.64079 0.64326 -0.59330
v -0.59473 0.62188 -0.63326
v -0.63279 0.66004 -0.63415
v -0.60810 0.63849 -0.57237
v -0.51697 0.20264 -1.00211
v -0.52973 0.41154 -0.86826
v -0.49275 0.46341 -0.93998
v -0.57841 0.20933 -0.89913
v -0.49773 0.41790 -1.01707
v -0.51282 0.46099 -1.03273
v -0.40422 0.63908 -0.92584
v -0.54977 0.67525 -0.68104
v -0.42373 0.68201 -0.91208
v -0.36832 0.67154 -0.99268
v -0.49748 0.73007 -0.94183
v -0.60039 0.73742 -0.74776
v -0.24655 0.65713 -1.00667
v -0.58825 0.46298 -1.03429
v -0.52973 0.41154 -0.86826
v -0.63897 0.27178 -1.05805
v -0.57841 0.20933 -0.89913
v -0.64911 0.45761 -1.05413
v -0.65732 0.37590 -1.08671
v -0.58825 0.46298 -1.03429
v -0.51282 0.46099 -1.03273
v -0.49275 0.46341 -0.93998
v -0.52973 0.41154 -0.86826
v -0.59075 0.68941 -0.60231
v -0.59473 0.62188 -0.63326
v -0.60810 0.63849 -0.57237
v -0.60544 0.68336 -0.63895
v -0.79056 0.64518 0.01641
v -0.91689 0.72995 -0.24453
v -0.94644 0.72229 -0.02936
v -0.72881 0.61872 -0.28025
v -0.68991 0.70332 -0.33722
v -0.64052 0.90879 -0.29197
v -0.78579 0.62703 -0.36171
v -0.68991 0.70332 -0.33722
v -0.78579 0.62703 -0.36171
v -0.68661 0.70709 -0.35273
v -0.66681 0.68578 -0.42580
v -0.74610 0.64489 -0.44984
v -0.72267 0.71564 -0.43161
v -0.72419 0.67575 -0.45705
v -0.66681 0.68578 -0.42580
v -0.72267 0.71564 -0.43161
v -0.72419 0.67575 -0.45705
v -0.74610 0.64489 -0.44984
v -0.66681 0.68578 -0.42580
v -0.66188 0.79309 -0.48961
v -0.72703 0.79566 -0.41515
v -0.63734 0.82178 -0.42880
v -0.69605 0.77305 -0.59276
v -0.63017 0.90949 -0.40192
v -0.67597 0.76260 -0.50710
v -0.66188 0.79309 -0.48961
v -0.65210 0.73718 -0.46597
v -0.63734 0.82178 -0.42880
v -0.66187 0.76728 -0.54571
v -0.62597 0.73547 -0.54846
v -0.65210 0.73718 -0.46597
v -0.61412 0.76992 -0.49607
v -0.63734 0.82178 -0.42880
v -0.65210 0.73718 -0.46597
v -0.66187 0.76728 -0.54571
v -0.67597 0.76260 -0.50710
v -0.62597 0.73547 -0.54846
v -0.63734 0.82178 -0.42880
v -0.68913 0.89250 -0.51069
v -0.65704 0.81439 -0.48220
v -0.63017 0.90949 -0.40192
v -0.66233 0.81523 -0.59197
v -0.61412 0.76992 -0.49607
v -0.59921 0.97685 -0.44274
v -0.62597 0.73547 -0.54846
v -0.61412 0.76992 -0.49607
v -0.66188 0.79309 -0.48961
v -0.66187 0.76728 -0.54571
v -0.65704 0.81439 -0.48220
v -0.54776 0.76251 -0.62826
v -0.54442 0.83907 -0.64585
v -0.48793 0.81060 -0.65855
v -0.54135 0.73186 -0.62525
v -0.52001 0.88995 -0.65824
v -0.48840 0.86798 -0.66259
v -0.56175 0.71392 -0.68166
v -0.56410 0.74591 -0.64417
v -0.54135 0.73186 -0.62525
v -0.54776 0.76251 -0.62826
v -0.54442 0.83907 -0.64585
v -0.54776 0.76251 -0.62826
v -0.59677 0.74117 -0.69992
v -0.56175 0.71392 -0.68166
v -0.54977 0.67525 -0.68104
v -0.61453 0.89518 -0.63138
v -0.50745 0.89338 -0.60166
v -0.52006 0.83541 -0.67241
v -0.48793 0.81060 -0.65855
v -0.48840 0.86798 -0.66259
v -0.54135 0.73186 -0.62525
v -0.51366 0.87621 -0.69322
v -0.54772 0.87510 -0.70753
v -0.56175 0.71392 -0.68166
v -0.56410 0.74591 -0.64417
v -0.56175 0.71392 -0.68166
v -0.54776 0.76251 -0.62826
v -0.56175 0.71392 -0.68166
v -0.52006 0.83541 -0.67241
v -0.54442 0.83907 -0.64585
v -0.52001 0.88995 -0.65824
v -0.52001 0.88995 -0.65824
v -0.54772 0.87510 -0.70753
v -0.54148 0.89733 -0.67836
v -0.52006 0.83541 -0.67241
v -0.45180 0.89702 -0.93620
v -0.57490 0.90230 -0.76242
v -0.44001 0.98385 -0.88725
v -0.49748 0.73007 -0.94183
v -0.60039 0.73742 -0.74776
v -0.60039 0.73742 -0.74776
v -0.56175 0.71392 -0.68166
v -0.54442 0.83907 -0.64585
v -0.55344 0.94760 -0.66350
v -0.50745 0.89338 -0.60166
v -0.54977 0.67525 -0.68104
v -0.57490 0.90230 -0.76242
v -0.12364 0.53521 -1.08816
v -0.16468 0.50547 -1.08413
v -0.16748 0.59479 -1.06124
v -0.24655 0.65713 -1.00667
v -0.14260 0.70064 -1.02673
v -0.04977 0.55893 -1.08261
v 0.09971 0.69464 -1.03918
v 0.08705 0.54531 -1.08993
v -0.04065 0.40258 -1.14655
v 0.06407 0.40386 -1.14887
v -0.00233 0.14467 -1.25536
v -0.35939 0.10263 -1.18697
v -0.22113 0.39497 -1.12131
v -0.33148 0.38696 -1.08168
v -0.18646 0.43237 -1.10411
v 0.28573 0.15420 -1.21696
v 0.19740 0.41531 -1.13543
v -0.46544 0.28300 -1.04113
v -0.43420 0.49087 -0.97383
v -0.32189 0.52739 -1.02625
v -0.40422 0.63908 -0.92584
v -0.25806 0.56134 -1.06174
v -0.45037 0.13261 -1.09845
v -0.36832 0.67154 -0.99268
v -0.51604 0.15433 -1.02041
v -0.25493 0.71745 -0.96996
v 0.00617 0.71821 -1.00583
v 0.17870 0.76836 -0.97383
v 0.04261 0.80319 -0.99934
v -0.09111 0.78405 -0.97725
v -0.23492 0.84692 -0.90869
v -0.11882 0.81468 -0.96609
v -0.34755 0.85104 -0.86509
v -0.35737 0.67663 -0.92687
v -0.42373 0.68201 -0.91208
v -0.22188 0.41759 -1.16739
v -0.24655 0.65713 -1.00667
v -0.16468 0.50547 -1.08413
v -0.25806 0.56134 -1.06174
v -0.42373 0.68201 -0.91208
v -0.45180 0.89702 -0.93620
v -0.34755 0.85104 -0.86509
v -0.49748 0.73007 -0.94183
v -0.38526 0.91000 -0.82300
v -0.44001 0.98385 -0.88725
v -0.58208 0.94812 -0.09400
v -0.46473 0.94471 -0.21944
v -0.58876 0.97745 -0.13886
v -0.47873 0.95827 -0.25002
v -0.44015 0.93772 -0.27766
v -0.58842 0.95192 0.00375
v -0.61937 0.94660 -0.11891
v -0.36438 0.93187 -0.29534
v -0.55713 0.93429 -0.41569
v -0.68856 0.93393 0.02552
v -0.64052 0.90879 -0.29197
v -0.54355 0.99057 -0.11482
v -0.58876 0.97745 -0.13886
v -0.50855 1.08807 -0.06428
v -0.34305 1.07307 -0.18922
v -0.45120 1.00659 -0.24497
v -0.57539 1.02028 -0.02128
v -0.61937 0.94660 -0.11891
v -0.64052 0.90879 -0.29197
v -0.55713 0.93429 -0.41569
v -0.60011 0.87070 -0.40088
v -0.59921 0.97685 -0.44274
v -0.60011 0.87070 -0.40088
v -0.55713 0.93429 -0.41569
v -0.63017 0.90949 -0.40192
v -0.64052 0.90879 -0.29197
v -0.51112 0.96082 -0.50711
v -0.40932 0.92786 -0.63635
v -0.43732 0.91867 -0.66007
v -0.50745 0.89338 -0.60166
v -0.61453 0.89518 -0.63138
v -0.41208 0.90897 -0.68737
v -0.59921 0.97685 -0.44274
v -0.68913 0.89250 -0.51069
v -0.38276 0.94969 -0.75535
v -0.43732 0.91867 -0.66007
v -0.55344 0.94760 -0.66350
v -0.50745 0.89338 -0.60166
v -0.41208 0.90897 -0.68737
v -0.48840 0.86798 -0.66259
v -0.54148 0.89733 -0.67836
v -0.51366 0.87621 -0.69322
v -0.52001 0.88995 -0.65824
v -0.54772 0.87510 -0.70753
v -0.40932 0.92786 -0.63635
v -0.38276 0.94969 -0.75535
v -0.41208 0.90897 -0.68737
v -0.32144 0.98145 -0.82734
v -0.38526 0.91000 -0.82300
v -0.21795 0.94803 -0.83065
v -0.22743 0.90384 -0.81488
v -0.16734 0.88611 -0.82715
v -0.34755 0.85104 -0.86509
v 0.21584 0.90283 -0.81192
v 0.24564 0.81507 -0.89189
v 0.13457 0.82592 -0.96151
v 0.09413 0.90596 -0.87380
v -0.11882 0.81468 -0.96609
v -0.23492 0.84692 -0.90869
v -0.14088 0.91560 -0.81948
v 0.04261 0.80319 -0.99934
v -0.20366 0.91416 -0.83864
v -0.22743 0.90384 -0.81488
v -0.34755 0.85104 -0.86509
v -0.21795 0.94803 -0.83065
v 0.17870 0.76836 -0.97383
v 0.34446 0.84530 -0.88543
v 0.27194 0.78209 -0.94486
v 0.25066 0.65441 -0.98954
v 0.09971 0.69464 -1.03918
v 0.40478 0.66745 -0.91925
v 0.28559 0.64646 -0.99529
v 0.13272 0.62501 -1.04075
v 0.08705 0.54531 -1.08993
v 0.40020 0.79144 -0.86419
v 0.16423 0.58983 -1.09988
v 0.09756 0.60193 -1.13323
v 0.13272 0.62501 -1.04075
v 0.25066 0.65441 -0.98954
v 0.19740 0.41531 -1.13543
v 0.28573 0.15420 -1.21696
v 0.46074 0.22975 -1.04303
v 0.52646 0.13804 -1.09069
v -0.22743 0.90384 -0.81488
v -0.16734 0.88611 -0.82715
v -0.20366 0.91416 -0.83864
v -0.20366 0.91416 -0.83864
v -0.16734 0.88611 -0.82715
v -0.21795 0.94803 -0.83065
v -0.26397 1.02355 -0.38974
v -0.36886 1.05728 -0.33122
v -0.24905 0.95187 -0.32188
v -0.42291 1.08547 -0.35213
v -0.34305 1.07307 -0.18922
v -0.27932 0.95089 -0.47193
v -0.33626 1.00884 -0.50268
v -0.50246 1.05062 -0.39428
v -0.38656 1.00997 -0.53336
v -0.30731 0.99649 -0.48173
v -0.31382 1.06713 -0.48468
v -0.13532 1.05884 -0.56186
v -0.38920 1.05607 -0.75227
v -0.18082 1.06176 -0.82530
v -0.38656 1.00997 -0.53336
v -1.10380 -0.04099 -1.73261
v -1.09496 0.07806 -1.93480
v -1.07567 0.08109 -1.69204
v -1.12006 -0.05447 -1.64877
v -1.09730 0.13148 -1.53685
v -1.09730 0.13148 -1.53685
v -1.02481 -0.14105 -1.47020
v -0.82734 0.14765 -1.53088
v -0.98105 0.17054 -1.55778
v -0.95644 0.16412 -1.70872
v -1.00892 0.13234 -1.93488
v -1.07567 0.08109 -1.69204
v -1.09496 0.07806 -1.93480
v -0.98105 0.17054 -1.55778
v -1.09730 0.13148 -1.53685
v -0.82502 0.06093 -1.58574
v -0.79024 -0.00157 -1.50147
v -0.82734 0.14765 -1.53088
v -0.86592 0.10033 -1.70057
v -0.77627 0.01191 -1.68818
v -0.82502 0.06093 -1.58574
v -0.95644 0.16412 -1.70872
v -0.98105 0.17054 -1.55778
v -0.82734 0.14765 -1.53088
v -0.82171 0.07742 -1.93599
v -0.95644 0.16412 -1.70872
v -0.86592 0.10033 -1.70057
v -1.00892 0.13234 -1.93488
v -0.47911 0.06526 -1.02159
v -0.39586 0.12764 -1.00279
v -0.31902 0.06371 -1.13963
v -0.25509 0.12896 -1.08846
v -0.72819 0.01515 -1.12580
v -0.68120 0.04436 -1.08700
v -0.25055 0.12736 -1.13750
v -0.30155 0.07738 -1.19833
v -0.08423 0.10255 -1.19518
v -0.47911 0.06526 -1.02159
v -0.51604 0.15433 -1.02041
v -0.47638 0.10568 -1.00446
v -0.39586 0.12764 -1.00279
v -0.51467 0.06390 -1.31277
v -0.54649 0.04533 -1.30679
v -0.49541 0.03485 -1.29633
v -0.67151 0.05762 -1.34212
v -0.75942 -0.00784 -1.32159
v -0.49605 0.06704 -1.30859
v -0.51977 -0.02957 -1.30681
v -0.51467 0.06390 -1.31277
v -0.51467 0.06390 -1.31277
v -0.49236 0.01453 -1.30498
v -0.49541 0.03485 -1.29633
v -0.40830 0.04159 -1.30882
v -0.49236 0.01453 -1.30498
v -0.49605 0.06704 -1.30859
v -0.49541 0.03485 -1.29633
v -0.40830 0.04159 -1.30882
v -0.49605 0.06704 -1.30859
v -0.54649 0.04533 -1.30679
v -0.47638 0.10568 -1.00446
v -0.51604 0.15433 -1.02041
v -0.45037 0.13261 -1.09845
v -0.45037 0.13261 -1.09845
v -0.31902 0.12975 -1.15525
v -0.39586 0.12764 -1.00279
v -0.25509 0.12896 -1.08846
v -0.25055 0.12736 -1.13750
v -0.45608 0.14047 -1.03565
v -0.47638 0.10568 -1.00446
v -0.38929 0.02578 -1.01455
v -0.38489 0.06311 -0.98538
v -0.41978 0.06477 -1.02262
v -0.38110 0.02195 -0.99041
v -0.52626 0.40219 -1.03943
v -0.58825 0.46298 -1.03429
v -0.60327 0.24580 -1.08018
v -0.51282 0.46099 -1.03273
v -0.51697 0.20264 -1.00211
v -0.49773 0.41790 -1.01707
v -0.62744 0.41572 -1.08692
v -0.64911 0.45761 -1.05413
v -0.65732 0.37590 -1.08671
v -0.25493 0.71745 -0.96996
v -0.42373 0.68201 -0.91208
v -0.35737 0.67663 -0.92687
v -0.59434 0.29177 -1.12231
v -0.62744 0.41572 -1.08692
v -0.60616 0.49600 -1.12639
v -0.60327 0.24580 -1.08018
v -0.60616 0.49600 -1.12639
v -0.62744 0.41572 -1.08692
v -0.65732 0.37590 -1.08671
v -0.33934 0.55831 -1.12378
v -0.33148 0.38696 -1.08168
v -0.32189 0.52739 -1.02625
v -0.35431 0.44099 -1.19846
v -0.24227 0.55075 -1.16335
v -0.33934 0.55831 -1.12378
v -0.25806 0.56134 -1.06174
v -0.32189 0.52739 -1.02625
v -0.35939 0.10263 -1.18697
v -0.54649 0.04533 -1.30679
v -0.74552 0.03471 -1.24974
v -0.72819 0.01515 -1.12580
v -0.49605 0.06704 -1.30859
v -0.30155 0.07738 -1.19833
v -0.31902 0.06371 -1.13963
v -0.31902 0.12975 -1.15525
v -0.31902 0.12975 -1.15525
v -0.45037 0.13261 -1.09845
v -0.37018 0.11704 -1.14995
v -0.30155 0.07738 -1.19833
v -0.35939 0.10263 -1.18697
v -0.31902 0.06371 -1.13963
v -0.37018 0.11704 -1.14995
v -0.35939 0.10263 -1.18697
v -0.30155 0.07738 -1.19833
v -0.37018 0.11704 -1.14995
v -0.31902 0.06371 -1.13963
v -0.22188 0.41759 -1.16739
v -0.15223 0.42599 -1.20257
v -0.18646 0.43237 -1.10411
v -0.07628 0.45640 -1.22589
v -0.22113 0.39497 -1.12131
v -0.27232 0.46918 -1.20898
v -0.33148 0.38696 -1.08168
v -0.35431 0.44099 -1.19846
v -0.15343 0.46744 -1.27259
v -0.22806 0.45805 -1.18718
v -0.15343 0.46744 -1.27259
v -0.19185 0.44286 -1.18329
v -0.15223 0.42599 -1.20257
v -0.07628 0.45640 -1.22589
v -0.15592 0.35277 -1.16512
v -0.22188 0.41759 -1.16739
v 0.02013 0.17891 -1.64502
v -0.28661 0.10927 -1.57842
v 0.00112 0.14568 -1.52879
v 0.04830 0.20431 -1.67325
v 0.02013 0.17891 -1.64502
v 0.06130 0.19397 -1.52598
v 0.02019 0.15045 -1.75123
v 0.00624 0.14392 -1.76489
v -0.46638 0.08290 -1.79020
v -0.28661 0.10927 -1.57842
v -0.48001 0.08267 -1.53188
v -0.37692 0.10809 -1.42015
v 0.04629 0.15993 -1.38621
v -0.00825 0.12505 -1.36512
v -0.00233 0.14467 -1.25536
v -0.49605 0.06704 -1.30859
v -0.30155 0.07738 -1.19833
v -0.51467 0.06390 -1.31277
v -0.67151 0.05762 -1.34212
v -0.08423 0.10255 -1.19518
v 0.08526 0.11559 -1.21075
v 0.16538 0.09965 -1.31463
v -0.60648 0.05450 -1.72039
v -0.68229 0.05180 -1.59058
v -0.71676 0.03099 -1.75522
v -0.71345 0.03173 -1.96917
v -0.72635 0.04098 -1.42801
v 0.03053 0.16572 -1.79505
v -0.32273 0.12372 -1.89875
v -0.70973 0.01010 -1.53605
v 0.04660 0.18266 -1.93279
v 0.04464 0.15381 -1.62152
v -0.28661 0.10927 -1.57842
v 0.04629 0.15993 -1.38621
v -0.22806 0.45805 -1.18718
v -0.24227 0.55075 -1.16335
v -0.22188 0.41759 -1.16739
v -0.25806 0.56134 -1.06174
v -0.15343 0.46744 -1.27259
v -0.00233 0.14467 -1.25536
v -0.08423 0.10255 -1.19518
v -0.35939 0.10263 -1.18697
v -0.25055 0.12736 -1.13750
v -0.31902 0.12975 -1.15525
v -0.35939 0.10263 -1.18697
v -0.08423 0.10255 -1.19518
v -0.35431 0.44099 -1.19846
v -0.24227 0.55075 -1.16335
v -0.27232 0.46918 -1.20898
v -0.33934 0.55831 -1.12378
v -0.22806 0.45805 -1.18718
v -0.15343 0.46744 -1.27259
v -0.27232 0.46918 -1.20898
v -0.18702 0.48682 -1.21533
v -0.07628 0.45640 -1.22589
v -0.22806 0.45805 -1.18718
v -0.19185 0.44286 -1.18329
v -0.80607 0.00706 -1.85533
v -0.86592 0.10033 -1.70057
v -0.82646 0.00083 -1.86619
v -0.82171 0.07742 -1.93599
v -0.80607 0.00706 -1.85533
v -0.86592 0.10033 -1.70057
v 0.63755 0.08035 -0.93286
v 0.53662 0.05533 -0.93264
v 0.44798 0.08019 -1.01491
v 0.40928 0.06861 -1.00439
v 0.74789 0.01946 -0.71220
v 0.49382 0.08103 -1.03604
v 0.54343 0.11475 -1.02249
v 0.51087 0.01712 -1.00414
v 0.53662 0.05533 -0.93264
v 0.46430 0.03238 -1.00923
v 0.40928 0.06861 -1.00439
v 0.51087 0.01712 -1.00414
v 0.49382 0.08103 -1.03604
v 0.46430 0.03238 -1.00923
v 0.44798 0.08019 -1.01491
v 0.40928 0.06861 -1.00439
v 0.65642 0.01931 -0.94318
v 0.81156 0.02235 -1.58164
v 0.54081 0.07722 -1.76421
v 0.60142 0.06805 -1.48408
v 0.82732 0.01598 -1.74635
v 0.49671 0.09734 -1.55457
v 0.08272 0.14322 -1.58271
v 0.29209 0.13127 -1.42552
v 0.06130 0.19397 -1.52598
v 0.73753 0.05758 -1.43097
v 0.62980 0.07547 -1.89249
v 0.83839 0.01133 -1.86649
v 0.53388 0.06131 -1.97593
v 0.34860 0.13229 -1.89388
v 0.08752 0.16261 -1.78910
v 0.04660 0.18266 -1.93279
v 0.04629 0.15993 -1.38621
v 0.04830 0.20431 -1.67325
v 0.82431 0.03095 -1.39302
v 0.39516 0.09359 -1.38977
v 0.54582 0.05310 -1.30062
v 0.29261 0.06496 -1.30901
v 0.26001 0.07046 -1.28329
v 0.18351 0.11108 -1.32528
v 0.23043 0.10041 -1.32209
v 0.81600 0.03609 -1.22984
v 0.14107 0.09615 -1.32057
v 0.29957 0.08345 -1.18938
v 0.08526 0.11559 -1.21075
v 0.79592 0.01277 -1.14118
v 0.49382 0.08103 -1.03604
v 0.75449 0.04360 -1.07852
v 0.65642 0.01931 -0.94318
v 0.32254 0.12365 -1.11062
v 0.18143 0.13746 -1.16246
v 0.24336 0.00045 -1.31894
v 0.09960 0.06337 -1.28346
v 0.26001 0.07046 -1.28329
v 0.12076 0.08647 -1.28453
v 0.29261 0.06496 -1.30901
v 0.37355 -0.00195 -1.30539
v 0.26001 0.07046 -1.28329
v 0.36583 0.03741 -1.31715
v 0.09806 0.01977 -1.30705
v 0.14107 0.09615 -1.32057
v 0.12076 0.08647 -1.28453
v 0.09960 0.06337 -1.28346
v 0.24336 0.00045 -1.31894
v 0.18351 0.11108 -1.32528
v 0.24336 0.00045 -1.31894
v 0.36583 0.03741 -1.31715
v 0.29261 0.06496 -1.30901
v 0.23043 0.10041 -1.32209
v 0.16538 0.09965 -1.31463
v 1.25589 0.10491 -0.33757
v 1.25176 0.11637 -0.28548
v 1.23648 0.08389 -0.40328
v 0.86727 0.01015 -1.50491
v 1.17681 0.13723 -1.52471
v 0.90901 0.14171 -1.51592
v 0.18393 0.95648 -0.62897
v 0.18620 0.89392 -0.63287
v -0.00096 0.89622 -0.61547
v -0.00740 0.94796 -0.62326
v 0.18620 0.89392 -0.63287
v 0.18613 0.94484 -0.75950
v 0.19782 0.89527 -0.77659
v 0.09413 0.90596 -0.87380
v 0.18613 0.94484 -0.75950
v 0.19089 0.92585 -0.65207
v 0.18393 0.95648 -0.62897
v 0.18620 0.89392 -0.63287
v 0.12064 0.95253 -0.85374
v 0.18393 0.95648 -0.62897
v 0.00517 0.97670 -0.71809
v 0.18613 0.94484 -0.75950
v 0.05591 0.96922 -0.64787
v 0.03938 0.95347 -0.85629
v -0.00740 0.94796 -0.62326
v 0.07970 0.99826 -0.95671
v 0.00517 0.97670 -0.71809
v -0.00096 0.89622 -0.61547
v -0.02379 0.90760 -0.79748
v 0.16844 0.96637 -0.86702
v 0.21584 0.90283 -0.81192
v 0.09413 0.90596 -0.87380
v -0.00279 1.06995 -0.91847
v 0.01682 1.07374 -0.68671
v 0.18803 1.07295 -0.68942
v 0.20398 1.05039 -0.90033
v 0.04868 1.02783 -0.65673
v -0.15592 0.35277 -1.16512
v -0.15223 0.42599 -1.20257
v -0.22188 0.41759 -1.16739
v -0.04065 0.40258 -1.14655
v -0.18646 0.43237 -1.10411
v -0.07628 0.45640 -1.22589
v -0.04065 0.40258 -1.14655
v -0.07628 0.45640 -1.22589
v -0.04186 0.33260 -1.18942
v -0.04869 0.55794 -1.21603
v -0.04065 0.40258 -1.14655
v -0.04500 0.45499 -1.26187
v -0.04977 0.55893 -1.08261
v -0.04186 0.33260 -1.18942
v -0.04869 0.55794 -1.21603
v -0.07628 0.45640 -1.22589
v -0.18702 0.48682 -1.21533
v -0.18568 0.54558 -1.16800
v -0.04500 0.45499 -1.26187
v -0.04186 0.33260 -1.18942
v 0.18351 0.11108 -1.32528
v 0.16538 0.09965 -1.31463
v 0.08526 0.11559 -1.21075
v 0.24336 0.00045 -1.31894
v 0.14107 0.09615 -1.32057
v 0.16538 0.09965 -1.31463
v 0.12076 0.08647 -1.28453
v 0.26001 0.07046 -1.28329
v 0.23043 0.10041 -1.32209
v 0.04629 0.15993 -1.38621
v 0.49936 0.13446 -1.00982
v 0.32254 0.12365 -1.11062
v 0.48117 0.13874 -1.07938
v 0.29307 0.12402 -1.19552
v 0.52646 0.13804 -1.09069
v 0.18143 0.13746 -1.16246
v 0.54343 0.11475 -1.02249
v 0.52370 0.12728 -0.99498
v 0.65165 0.13782 -0.87795
v 0.61583 0.16315 -1.15037
v 0.71278 0.16728 -1.06383
v 0.86647 0.15163 -0.82660
v 0.76002 0.14126 -0.69523
v 0.96958 0.14787 -0.64482
v 0.85508 0.15226 -0.50167
v 0.21369 0.14122 -1.17956
v 0.08526 0.11559 -1.21075
v 0.28573 0.15420 -1.21696
v -0.00233 0.14467 -1.25536
v 0.07161 0.40725 -1.21771
v 0.20680 0.43579 -1.23720
v 0.06407 0.40386 -1.14887
v 0.19740 0.41531 -1.13543
v 0.08888 0.46036 -1.27249
v -0.10063 0.50352 -1.15590
v -0.19185 0.44286 -1.18329
v -0.22188 0.41759 -1.16739
v -0.16468 0.50547 -1.08413
v -0.16468 0.50547 -1.08413
v -0.18568 0.54558 -1.16800
v -0.14273 0.51492 -1.15738
v -0.10063 0.50352 -1.15590
v -0.19185 0.44286 -1.18329
v -0.10063 0.50352 -1.15590
v -0.14273 0.51492 -1.15738
v -0.18568 0.54558 -1.16800
v -0.19185 0.44286 -1.18329
v -0.18568 0.54558 -1.16800
v -0.18702 0.48682 -1.21533
v -0.18568 0.54558 -1.16800
v -0.12364 0.53521 -1.08816
v -0.04869 0.55794 -1.21603
v -0.04977 0.55893 -1.08261
v -0.16468 0.50547 -1.08413
v 0.18958 0.55665 -1.19309
v 0.07048 0.55370 -1.19454
v 0.13797 0.53669 -1.08953
v 0.08705 0.54531 -1.08993
v 0.18958 0.55665 -1.19309
v 0.13797 0.53669 -1.08953
v 0.16423 0.58983 -1.09988
v 0.07161 0.40725 -1.21771
v 0.06407 0.40386 -1.14887
v 0.07048 0.55370 -1.19454
v 0.08888 0.46036 -1.27249
v 0.08705 0.54531 -1.08993
v 0.07048 0.55370 -1.19454
v 0.20680 0.43579 -1.23720
v 0.08888 0.46036 -1.27249
v 0.18958 0.55665 -1.19309
v 0.18958 0.55665 -1.19309
v 0.16423 0.58983 -1.09988
v 0.19740 0.41531 -1.13543
v 0.20680 0.43579 -1.23720
v 0.08705 0.54531 -1.08993
v 0.13272 0.62501 -1.04075
v 0.09756 0.60193 -1.13323
v 0.16423 0.58983 -1.09988
v 0.08705 0.54531 -1.08993
v 0.09756 0.60193 -1.13323
v 0.13797 0.53669 -1.08953
v 0.33884 0.99120 -0.26499
v 0.38992 1.02893 -0.06039
v 0.40692 0.95602 -0.08480
v 0.37475 0.94099 -0.39260
v 0.48658 0.94928 -0.09201
v 0.48237 1.01901 -0.05721
v 0.28690 1.02094 0.01761
v 0.21838 1.02195 -0.22727
v 0.46497 0.96991 -0.36193
v 0.45122 0.90741 -0.30693
v 0.49763 0.87347 -0.23036
v 0.54600 0.94636 -0.22324
v 0.45492 0.84520 -0.40922
v 0.54078 0.95656 -0.39625
v 0.53700 0.75690 -0.28453
v 0.50906 0.76469 -0.40444
v 0.58636 0.92322 -0.32676
v 0.46497 0.96991 -0.36193
v 0.50906 0.76469 -0.40444
v 0.45492 0.84520 -0.40922
v 0.54078 0.95656 -0.39625
v 0.54843 0.94091 -0.30483
v 0.50641 0.85134 -0.29993
v 0.49235 0.89899 -0.32817
v 0.48945 0.79416 -0.34340
v 0.60743 0.83817 -0.39444
v 0.54078 0.95656 -0.39625
v 0.57435 0.74200 -0.44952
v 0.61115 0.75003 -0.41458
v 0.58636 0.92322 -0.32676
v 0.68793 0.83403 -0.35815
v 0.58636 0.92322 -0.32676
v 0.49235 0.89899 -0.32817
v 0.53328 0.86916 -0.31455
v 0.53700 0.75690 -0.28453
v 0.48945 0.79416 -0.34340
v 0.54843 0.94091 -0.30483
v 0.61356 0.96671 -0.34986
v 0.68793 0.83403 -0.35815
v 0.61115 0.75003 -0.41458
v 0.56572 0.68431 -0.32452
v 0.60299 0.81083 -0.35270
v 0.57435 0.74200 -0.44952
v 0.51821 0.67752 -0.43978
v 0.53733 0.71277 -0.34578
v 0.61115 0.75003 -0.41458
v 0.61115 0.75003 -0.41458
v 0.53733 0.71277 -0.34578
v 0.56572 0.68431 -0.32452
v 0.53328 0.86916 -0.31455
v 0.54843 0.94091 -0.30483
v 0.53700 0.75690 -0.28453
v 0.54600 0.94636 -0.22324
v 0.54600 0.94636 -0.22324
v 0.49763 0.87347 -0.23036
v 0.53700 0.75690 -0.28453
v 0.53328 0.86916 -0.31455
v 0.48945 0.79416 -0.34340
v 0.50641 0.85134 -0.29993
v 0.54843 0.94091 -0.30483
v 0.46306 0.46618 -0.88242
v 0.50267 0.44664 -0.84969
v 0.47743 0.48081 -0.79903
v 0.51125 0.45347 -0.76670
v 0.38912 0.47491 -0.96205
v 0.43139 0.43619 -0.96102
v 0.48520 0.43788 -0.87845
v 0.51569 0.41644 -0.81481
v 0.52953 0.39222 -0.77312
v 0.52242 0.38810 -0.80952
v 0.54615 0.35226 -0.78600
v 0.50267 0.44664 -0.84969
v 0.48520 0.43788 -0.87845
v 0.50312 0.38785 -0.82744
v 0.51569 0.41644 -0.81481
v 0.52242 0.38810 -0.80952
v 0.40977 0.43998 -0.95433
v 0.52377 0.37988 -0.79397
v 0.54582 0.05310 -1.30062
v 0.26001 0.07046 -1.28329
v 0.18351 0.11108 -1.32528
v 0.52370 0.12728 -0.99498
v 0.49382 0.08103 -1.03604
v 0.49936 0.13446 -1.00982
v 0.32254 0.12365 -1.11062
v 0.54343 0.11475 -1.02249
v 0.59313 0.31020 -1.17407
v 0.52646 0.13804 -1.09069
v 0.46074 0.22975 -1.04303
v 0.38912 0.47491 -0.96205
v 0.59934 0.49537 -1.17439
v 0.61583 0.16315 -1.15037
v 0.46074 0.22975 -1.04303
v 0.40977 0.43998 -0.95433
v 0.38912 0.47491 -0.96205
v 0.43139 0.43619 -0.96102
v 0.40977 0.43998 -0.95433
v 0.48520 0.43788 -0.87845
v 0.43139 0.43619 -0.96102
v 0.38912 0.47491 -0.96205
v 0.40977 0.43998 -0.95433
v 0.40478 0.66745 -0.91925
v 0.32057 0.63060 -0.92768
v 0.28559 0.64646 -0.99529
v 0.25066 0.65441 -0.98954
v 0.25066 0.65441 -0.98954
v 0.27194 0.78209 -0.94486
v 0.27717 0.76378 -1.03017
v 0.25066 0.65441 -0.98954
v 0.27717 0.76378 -1.03017
v 0.28559 0.64646 -0.99529
v 0.40020 0.79144 -0.86419
v 0.24564 0.81507 -0.89189
v 0.32057 0.63060 -0.92768
v 0.40478 0.66745 -0.91925
v 0.34446 0.84530 -0.88543
v 0.13457 0.82592 -0.96151
v 0.24564 0.81507 -0.89189
v 0.34446 0.84530 -0.88543
v 0.27717 0.76378 -1.03017
v 0.27194 0.78209 -0.94486
v 0.28559 0.64646 -0.99529
v 0.69198 0.53874 -0.15721
v 0.72946 0.56961 0.02425
v 0.75423 0.42524 -0.10059
v 0.67778 0.63196 -0.02904
v 0.74107 0.41964 -0.21885
v 0.72905 0.62976 -0.20886
v 0.75423 0.42524 -0.10059
v 0.72946 0.56961 0.02425
v 0.77622 0.50961 -0.07081
v 0.74145 0.56529 0.01153
v 0.85917 0.53815 -0.07512
v 0.81640 0.48557 -0.05926
v 0.76270 0.55660 -0.19445
v 0.66627 0.57098 -0.32425
v 0.64870 0.57377 -0.25369
v 0.69198 0.53874 -0.15721
v 0.61281 0.63135 -0.23547
v 0.61360 0.52265 -0.37678
v 0.64870 0.57377 -0.25369
v 0.67017 0.62531 -0.21091
v 0.69198 0.53874 -0.15721
v 0.72905 0.62976 -0.20886
v 0.69198 0.53874 -0.15721
v 0.67017 0.62531 -0.21091
v 0.67778 0.63196 -0.02904
v 0.85917 0.53815 -0.07512
v 0.74145 0.56529 0.01153
v 0.72946 0.56961 0.02425
v 0.87525 0.58463 -0.10964
v 0.82923 0.72613 -0.07577
v 0.87850 0.48253 0.08271
v 0.85917 0.53815 -0.07512
v 0.92471 0.55384 0.07235
v 0.81640 0.48557 -0.05926
v 0.84543 0.41702 0.15396
v 0.75423 0.42524 -0.10059
v 0.93904 0.60264 0.07037
v 0.87525 0.58463 -0.10964
v 0.91349 0.73013 0.08508
v 0.82923 0.72613 -0.07577
v 0.85917 0.53815 -0.07512
v 0.75447 0.46159 -0.02257
v 0.82071 0.47388 0.05582
v 0.77579 0.49048 0.05518
v 0.81640 0.48557 -0.05926
v 0.75447 0.46159 -0.02257
v 0.85917 0.53815 -0.07512
v 0.83566 0.49194 0.02088
v 0.75447 0.46159 -0.02257
v 0.77622 0.50961 -0.07081
v 0.77579 0.49048 0.05518
v 0.83566 0.49194 0.02088
v 0.77622 0.50961 -0.07081
v 0.82071 0.47388 0.05582
v 0.85114 0.54058 0.03214
v 0.82071 0.47388 0.05582
v 0.87729 0.53889 0.03839
v 0.83566 0.49194 0.02088
v 0.82071 0.47388 0.05582
v 0.85114 0.54058 0.03214
v 0.77622 0.50961 -0.07081
v 0.75447 0.46159 -0.02257
v 0.81640 0.48557 -0.05926
v 0.77579 0.49048 0.05518
v 0.83566 0.49194 0.02088
v 0.82822 0.53515 0.02048
v 0.85114 0.54058 0.03214
v 0.82071 0.47388 0.05582
v 0.77622 0.50961 -0.07081
v 0.85917 0.53815 -0.07512
v 0.81560 0.62449 -0.24230
v 0.72905 0.62976 -0.20886
v 0.76270 0.55660 -0.19445
v 0.85200 0.58312 -0.21880
v 0.77865 0.72818 -0.20586
v 0.81490 0.47279 -0.31474
v 0.81237 0.54041 -0.26055
v 0.69198 0.53874 -0.15721
v 0.74107 0.41964 -0.21885
v 0.87729 0.53889 0.03839
v 0.77579 0.49048 0.05518
v 0.85114 0.54058 0.03214
v 0.82071 0.47388 0.05582
v 0.82822 0.53515 0.02048
v 1.25176 0.11637 -0.28548
v 1.23648 0.08389 -0.40328
v 1.24394 0.08789 -0.15888
v 1.35495 0.13195 -0.17703
v 0.81437 0.48017 -0.37864
v 0.81490 0.47279 -0.31474
v 0.76662 0.55152 -0.38596
v 0.81490 0.47279 -0.31474
v 0.68691 0.39652 -0.34281
v 0.69127 0.46867 -0.40294
v 0.76662 0.55152 -0.38596
v 0.63250 0.46582 -0.39655
v 0.74107 0.41964 -0.21885
v 0.75423 0.42524 -0.10059
v 0.68962 0.45815 -0.52841
v 0.70219 0.46651 -0.49822
v 0.69100 0.24342 -0.57246
v 0.65833 0.38733 -0.50595
v 0.74053 0.30955 -0.43502
v 0.75547 0.22026 -0.49765
v 0.76812 0.35097 -0.32882
v 0.84592 0.14727 -0.43599
v 0.65307 0.30496 -0.64620
v 0.53618 0.42563 -0.70821
v 0.56046 0.45043 -0.64716
v 0.63250 0.46582 -0.39655
v 0.68691 0.39652 -0.34281
v 0.60778 0.47463 -0.60679
v 0.61360 0.52265 -0.37678
v 0.63250 0.46582 -0.39655
v 0.63250 0.46582 -0.39655
v 0.56046 0.45043 -0.64716
v 0.60778 0.47463 -0.60679
v 0.67138 0.49987 -0.40100
v 0.61360 0.52265 -0.37678
v 0.69903 0.58497 -0.40915
v 0.67049 0.65715 -0.38657
v 0.63250 0.46582 -0.39655
v 0.73860 0.65366 -0.43539
v 0.76323 0.50190 -0.43855
v 0.70393 0.73491 -0.39229
v 0.68962 0.45815 -0.52841
v 0.70065 0.48629 -0.52580
v 0.76662 0.55152 -0.38596
v 0.69127 0.46867 -0.40294
v 0.67138 0.49987 -0.40100
v 0.69903 0.58497 -0.40915
v 0.70219 0.46651 -0.49822
v 0.67138 0.49987 -0.40100
v 0.69127 0.46867 -0.40294
v 0.70065 0.48629 -0.52580
v 0.69589 0.63727 -0.31616
v 0.64870 0.57377 -0.25369
v 0.61281 0.63135 -0.23547
v 0.69605 0.59354 -0.27018
v 0.69605 0.59354 -0.27018
v 0.67017 0.62531 -0.21091
v 0.64870 0.57377 -0.25369
v 0.72905 0.62976 -0.20886
v 0.69589 0.63727 -0.31616
v 0.66627 0.57098 -0.32425
v 0.69605 0.59354 -0.27018
v 0.67049 0.65715 -0.38657
v 0.70393 0.73491 -0.39229
v 0.77865 0.72818 -0.20586
v 0.72905 0.62976 -0.20886
v 0.61360 0.52265 -0.37678
v 0.76270 0.55660 -0.19445
v 0.85398 0.49520 -0.83387
v 0.69776 0.51076 -0.91998
v 0.67023 0.49815 -0.64059
v 0.98145 0.49378 -0.61632
v 0.70065 0.48629 -0.52580
v 0.79883 0.49368 -0.44312
v 0.47743 0.48081 -0.79903
v 0.52027 0.48931 -0.67839
v 0.72109 0.49101 -1.03570
v 0.59934 0.49537 -1.17439
v 0.38912 0.47491 -0.96205
v 0.60778 0.47463 -0.60679
v 0.76323 0.50190 -0.43855
v 0.61360 0.52265 -0.37678
v 0.79924 0.59839 -0.33772
v 0.65307 0.30496 -0.64620
v 0.75469 0.38280 -0.44065
v 0.60778 0.47463 -0.60679
v 0.76969 0.30444 -0.47930
v 0.61598 0.40529 -0.65361
v 0.53618 0.42563 -0.70821
v 0.56046 0.45043 -0.64716
v 0.69100 0.24342 -0.57246
v 0.75547 0.22026 -0.49765
v 0.68962 0.45815 -0.52841
v 0.70219 0.46651 -0.49822
v 0.76323 0.50190 -0.43855
v 0.70065 0.48629 -0.52580
v 0.76662 0.55152 -0.38596
v 0.69903 0.58497 -0.40915
v 0.64296 0.69309 -0.37322
v 0.51821 0.67752 -0.43978
v 0.60689 0.69586 -0.46709
v 0.56572 0.68431 -0.32452
v 0.64296 0.69309 -0.37322
v 0.60299 0.81083 -0.35270
v 0.56572 0.68431 -0.32452
v 0.58566 0.94126 -0.46594
v 0.60689 0.69586 -0.46709
v 0.57435 0.74200 -0.44952
v 0.51821 0.67752 -0.43978
v 0.54078 0.95656 -0.39625
v 0.60743 0.83817 -0.39444
v 0.60689 0.69586 -0.46709
v 0.58566 0.94126 -0.46594
v 0.61115 0.75003 -0.41458
v 0.61356 0.96671 -0.34986
v 0.64296 0.69309 -0.37322
v 0.60299 0.81083 -0.35270
v 0.68793 0.83403 -0.35815
v 0.72858 0.33718 -0.28317
v 0.84592 0.14727 -0.43599
v 0.76812 0.35097 -0.32882
v 0.80734 0.10727 -0.39080
v 0.68691 0.39652 -0.34281
v 0.76969 0.30444 -0.47930
v 0.75547 0.22026 -0.49765
v 0.74053 0.30955 -0.43502
v 0.75469 0.38280 -0.44065
v 0.80366 0.65892 -0.33618
v 0.81560 0.62449 -0.24230
v 0.79924 0.59839 -0.33772
v 0.81237 0.54041 -0.26055
v 0.81437 0.48017 -0.37864
v 0.81490 0.47279 -0.31474
v 0.77865 0.72818 -0.20586
v 0.73860 0.65366 -0.43539
v 0.76323 0.50190 -0.43855
v 0.70393 0.73491 -0.39229
v 0.85200 0.58312 -0.21880
v 0.79924 0.59839 -0.33772
v 0.81437 0.48017 -0.37864
v 0.76662 0.55152 -0.38596
v 0.97369 0.29166 -0.60265
v 0.79883 0.49368 -0.44312
v 0.82452 0.29461 -0.46151
v 0.98145 0.49378 -0.61632
v 0.85508 0.15226 -0.50167
v 0.96958 0.14787 -0.64482
v 0.75469 0.38280 -0.44065
v 0.76662 0.55152 -0.38596
v 0.74053 0.30955 -0.43502
v 0.84592 0.14727 -0.43599
v 0.79924 0.59839 -0.33772
v 0.83705 0.09113 -0.31019
v 0.89854 0.02119 -0.35842
v 0.86304 0.13542 -0.33105
v 0.83705 0.09113 -0.31019
v 0.86304 0.13542 -0.33105
v 0.80734 0.10727 -0.39080
v 0.84592 0.14727 -0.43599
v 0.71278 0.16728 -1.06383
v 0.85398 0.49520 -0.83387
v 0.86647 0.15163 -0.82660
v 0.72109 0.49101 -1.03570
v 0.96958 0.14787 -0.64482
v 0.98145 0.49378 -0.61632
v 0.59934 0.49537 -1.17439
v 0.59313 0.31020 -1.17407
v 0.61583 0.16315 -1.15037
v 0.97369 0.29166 -0.60265
v 0.05686 0.14245 -1.54040
v 0.00112 0.14568 -1.52879
v 0.04464 0.15381 -1.62152
v 0.05007 0.14010 -1.47538
v -0.28661 0.10927 -1.57842
v 0.09538 0.11752 -1.53214
v 0.05686 0.14245 -1.54040
v 0.04467 0.07243 -1.58470
v 0.09538 0.11752 -1.53214
v 0.09538 0.11752 -1.53214
v 0.04467 0.07243 -1.58470
v 0.00112 0.14568 -1.52879
v 0.05007 0.14010 -1.47538
v 0.01095 0.06646 -1.56607
v 0.02013 0.17891 -1.64502
v 0.00112 0.14568 -1.52879
v 0.01095 0.06646 -1.56607
v 0.05231 0.12149 -1.63073
v 0.02013 0.17891 -1.64502
v 0.05231 0.12149 -1.63073
v 0.04464 0.15381 -1.62152
v 0.06130 0.19397 -1.52598
v 0.04629 0.15993 -1.38621
v 0.04467 0.07243 -1.58470
v 0.05910 0.13314 -1.63310
v 0.01095 0.06646 -1.56607
v 0.05529 0.13381 -1.69509
v 0.08800 0.12313 -1.64245
v 0.05231 0.12149 -1.63073
v 0.08800 0.12313 -1.64245
v 0.04746 0.10961 -1.62717
v 0.05231 0.12149 -1.63073
v 0.04464 0.15381 -1.62152
v 0.05529 0.13381 -1.69509
v 0.03053 0.16572 -1.79505
v 0.06622 0.06782 -1.73381
v 0.05910 0.13314 -1.63310
v 0.07315 0.11638 -1.83716
v 0.08871 0.05674 -1.78307
v 0.06857 0.02111 -1.73478
v 0.07882 0.02326 -1.80399
v 0.05716 0.10665 -1.85140
v 0.05231 0.12149 -1.63073
v 0.01095 0.06646 -1.56607
v 0.04464 0.15381 -1.62152
v 0.04746 0.10961 -1.62717
v 0.05910 0.13314 -1.63310
v 0.08800 0.12313 -1.64245
v 0.04467 0.07243 -1.58470
v 0.05686 0.14245 -1.54040
v 0.05910 0.13314 -1.63310
v 0.04464 0.15381 -1.62152
v 0.04830 0.20431 -1.67325
v 0.06130 0.19397 -1.52598
v 0.08272 0.14322 -1.58271
v 0.49671 0.09734 -1.55457
v 0.04523 0.15064 -1.69631
v 0.06622 0.06782 -1.73381
v 0.01657 0.05880 -1.74205
v 0.06857 0.02111 -1.73478
v 0.05529 0.13381 -1.69509
v 0.08800 0.12313 -1.64245
v 0.08800 0.12313 -1.64245
v 0.04523 0.15064 -1.69631
v 0.05910 0.13314 -1.63310
v 0.01065 0.09115 -1.84288
v 0.00624 0.14392 -1.76489
v 0.00238 0.05375 -1.79049
v 0.01411 0.01816 -1.81991
v 0.01267 0.00645 -1.77255
v 0.01657 0.05880 -1.74205
v 0.04523 0.15064 -1.69631
v 0.03053 0.16572 -1.79505
v 0.02019 0.15045 -1.75123
v 0.04523 0.15064 -1.69631
v 0.02019 0.15045 -1.75123
v 0.05910 0.13314 -1.63310
v 0.03053 0.16572 -1.79505
v 0.05910 0.13314 -1.63310
v 0.02019 0.15045 -1.75123
v 0.01065 0.09115 -1.84288
v 0.01411 0.01816 -1.81991
v 0.05716 0.10665 -1.85140
v 0.07882 0.02326 -1.80399
v 0.05716 0.10665 -1.85140
v 0.03053 0.16572 -1.79505
v 0.01065 0.09115 -1.84288
v 0.07315 0.11638 -1.83716
v 1.04801 0.16251 -1.69314
v 0.88414 0.00295 -1.68688
v 0.92607 0.12292 -1.57090
v 0.90011 0.04151 -1.89527
v 1.01914 0.14890 -1.93828
v 0.86788 -0.02054 -1.56739
v 0.86727 0.01015 -1.50491
v 0.90901 0.14171 -1.51592
v 1.11898 0.12985 -1.57826
v 1.17681 0.13723 -1.52471
v 1.16220 0.07558 -1.68003
v 1.18738 -0.05709 -1.57571
v 1.11898 0.12985 -1.57826
v 1.19032 -0.09471 -1.53264
v 1.17681 0.13723 -1.52471
v 1.16220 0.07558 -1.68003
v 1.01914 0.14890 -1.93828
v 1.04801 0.16251 -1.69314
v 1.11898 0.12985 -1.57826
v 1.16570 0.01732 -1.86864
vt 0.36360 0.64837
vt 0.38213 0.65977
vt 0.35431 0.63263
vt 0.35476 0.65078
vt 0.36419 0.66218
vt 0.33380 0.62874
vt 0.34295 0.64250
vt 0.33125 0.63860
vt 0.31820 0.63537
vt 0.31568 0.63731
vt 0.38886 0.69133
vt 0.37621 0.68581
vt 0.37871 0.70501
vt 0.33746 0.07428
vt 0.33432 0.07088
vt 0.36483 0.07088
vt 0.59916 0.41942
vt 0.58387 0.41190
vt 0.57411 0.41752
vt 0.61102 0.41362
vt 0.58505 0.43228
vt 0.60015 0.43854
vt 0.57060 0.43070
vt 0.56579 0.41742
vt 0.56657 0.43075
vt 0.56453 0.41792
vt 0.55425 0.42859
vt 0.61457 0.41972
vt 0.57419 0.41374
vt 0.57279 0.41412
vt 0.56991 0.41251
vt 0.57763 0.41064
vt 0.55783 0.41152
vt 0.54958 0.41897
vt 0.55375 0.40806
vt 0.55055 0.40789
vt 0.56462 0.41663
vt 0.61019 0.43537
vt 0.61524 0.42440
vt 0.62029 0.41951
vt 0.62728 0.41081
vt 0.61540 0.40869
vt 0.62270 0.40789
vt 0.62600 0.41960
vt 0.55127 0.79669
vt 0.55127 0.80433
vt 0.54958 0.80021
vt 0.52185 0.11542
vt 0.51274 0.11104
vt 0.52814 0.10993
vt 0.56719 0.17784
vt 0.53771 0.18130
vt 0.54711 0.17784
vt 0.33919 0.43687
vt 0.36701 0.46383
vt 0.36684 0.45553
vt 0.36975 0.47951
vt 0.34756 0.48256
vt 0.35227 0.43269
vt 0.36633 0.44832
vt 0.36823 0.44099
vt 0.33465 0.47132
vt 0.33465 0.48031
vt 0.32115 0.43778
vt 0.32965 0.47002
vt 0.32001 0.45765
vt 0.37313 0.43216
vt 0.37697 0.42770
vt 0.35165 0.42942
vt 0.33423 0.43391
vt 0.32481 0.43186
vt 0.37302 0.47193
vt 0.37358 0.46905
vt 0.37690 0.47950
vt 0.37944 0.47080
vt 0.37463 0.46068
vt 0.36887 0.45908
vt 0.37458 0.45529
vt 0.32242 0.46430
vt 0.32491 0.47244
vt 0.33039 0.47790
vt 0.31599 0.44899
vt 0.31386 0.44382
vt 0.31091 0.44711
vt 0.30862 0.44348
vt 0.31700 0.43792
vt 0.30127 0.43995
vt 0.35231 0.48757
vt 0.37207 0.48769
vt 0.32912 0.48134
vt 0.33144 0.47717
vt 0.32246 0.48235
vt 0.63432 0.54558
vt 0.64025 0.55136
vt 0.63802 0.54137
vt 0.64025 0.52674
vt 0.46804 0.24956
vt 0.47265 0.25760
vt 0.47470 0.24527
vt 0.47256 0.24406
vt 0.46738 0.24482
vt 0.46352 0.24867
vt 0.45750 0.24780
vt 0.47711 0.25437
vt 0.49599 0.24479
vt 0.49703 0.23896
vt 0.47309 0.23896
vt 0.78448 0.35908
vt 0.78429 0.35129
vt 0.77500 0.35597
vt 0.79534 0.34826
vt 0.79534 0.38243
vt 0.78454 0.34685
vt 0.77802 0.34994
vt 0.77619 0.34492
vt 0.77732 0.33829
vt 0.78710 0.37326
vt 0.78402 0.36681
vt 0.78194 0.36258
vt 0.78118 0.37003
vt 0.55268 0.08786
vt 0.55042 0.07852
vt 0.55720 0.07852
vt 0.00042 0.36674
vt 0.00551 0.37054
vt 0.00551 0.36460
vt 0.36144 0.95291
vt 0.36469 0.95768
vt 0.36541 0.95155
vt 0.36754 0.95799
vt 0.36907 0.97071
vt 0.36315 0.94355
vt 0.36907 0.94751
vt 0.92076 0.62182
vt 0.91737 0.62542
vt 0.92076 0.62946
vt 0.13733 0.13193
vt 0.14088 0.12691
vt 0.13602 0.12691
vt 0.14280 0.13200
vt 0.35286 0.26216
vt 0.34170 0.27632
vt 0.35264 0.26970
vt 0.70551 0.40862
vt 0.71144 0.41299
vt 0.71144 0.40365
vt 0.72660 0.62098
vt 0.73008 0.62351
vt 0.73008 0.61587
vt 0.72246 0.61733
vt 0.52924 0.23981
vt 0.52585 0.24515
vt 0.52924 0.25085
vt 0.98347 0.35781
vt 0.97934 0.36654
vt 0.98259 0.36378
vt 0.98347 0.37054
vt 0.97500 0.36220
vt 0.57500 0.29669
vt 0.57500 0.29075
vt 0.56992 0.29321
vt 0.77331 0.82725
vt 0.76245 0.82725
vt 0.76598 0.82902
vt 0.76144 0.83404
vt 0.77276 0.83081
vt 0.71737 0.41638
vt 0.70975 0.41864
vt 0.71737 0.42233
vt 0.15042 0.18110
vt 0.16314 0.17937
vt 0.15980 0.18399
vt 0.16314 0.18716
vt 0.15534 0.18803
vt 0.15484 0.17615
vt 0.15520 0.18476
vt 0.55931 0.32071
vt 0.55524 0.31989
vt 0.55212 0.31706
vt 0.55439 0.32216
vt 0.55547 0.32131
vt 0.56314 0.31706
vt 0.61144 0.46443
vt 0.61229 0.46562
vt 0.61229 0.46307
vt 0.72839 0.37309
vt 0.72839 0.37818
vt 0.72709 0.37778
vt 0.72076 0.37709
vt 0.81059 0.00891
vt 0.79958 0.01174
vt 0.81059 0.01486
vt 0.98174 0.30442
vt 0.98771 0.30857
vt 0.98771 0.29669
vt 0.98008 0.30215
vt 0.98044 0.30839
vt 0.82754 0.61503
vt 0.82754 0.60993
vt 0.81992 0.61439
vt 0.01891 0.01252
vt 0.02059 0.00891
vt 0.02204 0.00895
vt 0.01144 0.00895
vt 0.01438 0.01528
vt 0.02246 0.01570
vt 0.01966 0.01527
vt 0.05061 0.54998
vt 0.05628 0.54792
vt 0.05861 0.54520
vt 0.03577 0.54312
vt 0.04521 0.56941
vt 0.03289 0.55210
vt 0.05255 0.55805
vt 0.05240 0.56655
vt 0.03572 0.56105
vt 0.02977 0.57337
vt 0.02720 0.56448
vt 0.03525 0.58029
vt 0.04692 0.57683
vt 0.03395 0.58616
vt 0.06377 0.57298
vt 0.06610 0.56261
vt 0.08397 0.55793
vt 0.02281 0.56236
vt 0.02012 0.56721
vt 0.01496 0.56738
vt 0.01306 0.57703
vt 0.00590 0.55251
vt 0.00788 0.57288
vt 0.00042 0.55677
vt 0.01718 0.56054
vt 0.01047 0.58050
vt 0.02374 0.58121
vt 0.01710 0.58326
vt 0.05630 0.55064
vt 0.06235 0.57688
vt 0.05795 0.55688
vt 0.01196 0.55136
vt 0.02762 0.54099
vt 0.08098 0.56806
vt 0.07189 0.57400
vt 0.08737 0.56929
vt 0.07332 0.58139
vt 0.08370 0.57833
vt 0.09025 0.53445
vt 0.07922 0.54550
vt 0.07189 0.54095
vt 0.02783 0.54601
vt 0.06260 0.55046
vt 0.09025 0.56484
vt 0.01463 0.54467
vt 0.01425 0.54261
vt 0.00986 0.53907
vt 0.00507 0.53523
vt 0.00975 0.53603
vt 0.01807 0.51657
vt 0.02286 0.53354
vt 0.02834 0.52526
vt 0.02645 0.50668
vt 0.02340 0.53850
vt 0.02225 0.53968
vt 0.02031 0.50027
vt 0.00560 0.51478
vt 0.03414 0.49119
vt 0.00590 0.49629
vt 0.00114 0.54665
vt 0.04563 0.48397
vt 0.04421 0.47539
vt 0.03541 0.47683
vt 0.02654 0.47610
vt 0.02808 0.46053
vt 0.02134 0.46462
vt 0.01247 0.46358
vt 0.02380 0.47472
vt 0.01192 0.47848
vt 0.00815 0.47126
vt 0.01162 0.48297
vt 0.00123 0.49061
vt 0.00151 0.48301
vt 0.00682 0.47004
vt 0.01679 0.54239
vt 0.05469 0.55536
vt 0.66189 0.12550
vt 0.66323 0.12776
vt 0.66737 0.12182
vt 0.65805 0.12182
vt 0.98347 0.75594
vt 0.97669 0.75519
vt 0.98347 0.74236
vt 0.03517 0.19652
vt 0.05297 0.20153
vt 0.05161 0.19652
vt 0.04885 0.20364
vt 0.16483 0.41214
vt 0.15466 0.41214
vt 0.15597 0.41808
vt 0.42246 0.99024
vt 0.41992 0.99094
vt 0.42246 0.99703
vt 0.56314 0.32980
vt 0.56314 0.32301
vt 0.56059 0.32711
vt 0.39025 0.60229
vt 0.38950 0.60919
vt 0.38517 0.60721
vt 0.39025 0.61672
vt 0.68773 0.09288
vt 0.68949 0.09295
vt 0.68814 0.09041
vt 0.69364 0.09041
vt 0.68432 0.09239
vt 0.77415 0.28226
vt 0.77415 0.27207
vt 0.77161 0.27485
vt 0.09868 0.61927
vt 0.09280 0.61672
vt 0.10042 0.61672
vt 0.05427 0.00212
vt 0.05285 0.00653
vt 0.05551 0.00722
vt 0.04703 0.00212
vt 0.01500 0.16341
vt 0.01398 0.16087
vt 0.02076 0.16087
vt 0.40890 0.93421
vt 0.40890 0.92742
vt 0.40720 0.92953
vt 0.63596 0.03014
vt 0.63590 0.02308
vt 0.63369 0.02473
vt 0.62754 0.02766
vt 0.63965 0.01995
vt 0.64110 0.02626
vt 0.62905 0.01995
vt 0.63808 0.02002
vt 0.66705 0.37818
vt 0.66653 0.37054
vt 0.66992 0.37054
vt 0.58732 0.01419
vt 0.58602 0.02759
vt 0.59356 0.01884
vt 0.31398 0.90874
vt 0.29530 0.92148
vt 0.29337 0.91677
vt 0.31185 0.92092
vt 0.29280 0.90874
vt 0.46695 0.29791
vt 0.46907 0.29075
vt 0.44816 0.29839
vt 0.99534 0.13031
vt 0.99240 0.12750
vt 0.99195 0.12779
vt 0.99534 0.12267
vt 0.39025 0.70416
vt 0.39534 0.70416
vt 0.39045 0.70501
vt 0.37422 0.21756
vt 0.36757 0.22104
vt 0.37680 0.22199
vt 0.37754 0.21435
vt 0.36737 0.21435
vt 0.39703 0.00127
vt 0.39703 0.00722
vt 0.39342 0.00489
vt 0.38941 0.00401
vt 0.47792 0.23634
vt 0.47693 0.24066
vt 0.48135 0.23859
vt 0.47331 0.23557
vt 0.48517 0.23557
vt 0.32127 0.48858
vt 0.31483 0.48345
vt 0.32161 0.48345
vt 0.31602 0.48939
vt 0.56314 0.81234
vt 0.56400 0.81961
vt 0.56822 0.81593
vt 0.56822 0.80857
vt 0.00093 0.50018
vt 0.00461 0.50212
vt 0.00042 0.49873
vt 0.00720 0.49873
vt 0.98209 0.52617
vt 0.99110 0.53098
vt 0.99110 0.52334
vt 0.98178 0.52503
vt 0.70297 0.49670
vt 0.70297 0.50382
vt 0.69837 0.50263
vt 0.69788 0.49618
vt 0.38178 0.65066
vt 0.38432 0.65747
vt 0.38432 0.64728
vt 0.98178 0.21859
vt 0.98178 0.21689
vt 0.97754 0.21796
vt 0.73347 0.08022
vt 0.73347 0.07428
vt 0.72754 0.07444
vt 0.70636 0.85017
vt 0.70636 0.84508
vt 0.70212 0.84613
vt 0.74873 0.65153
vt 0.74873 0.64389
vt 0.74619 0.64843
vt 0.48178 0.73387
vt 0.48178 0.72623
vt 0.47754 0.72766
vt 0.86232 0.49856
vt 0.86568 0.49024
vt 0.86568 0.50109
vt 0.86118 0.49137
vt 0.86059 0.50212
vt 0.80120 0.36036
vt 0.79958 0.35441
vt 0.80720 0.35441
vt 0.86568 0.95204
vt 0.86506 0.95543
vt 0.86059 0.95204
vt 0.69148 0.75432
vt 0.69399 0.75586
vt 0.68971 0.76522
vt 0.69416 0.76680
vt 0.70294 0.75372
vt 0.70180 0.76429
vt 0.70102 0.77558
vt 0.68475 0.77503
vt 0.70297 0.79380
vt 0.69362 0.79371
vt 0.68085 0.79298
vt 0.67881 0.77405
vt 0.66752 0.78598
vt 0.67208 0.77470
vt 0.66758 0.79197
vt 0.65466 0.77180
vt 0.65492 0.78220
vt 0.65826 0.75392
vt 0.67525 0.75770
vt 0.67057 0.75347
vt 0.69666 0.80309
vt 0.70294 0.80157
vt 0.69657 0.80423
vt 0.67669 0.77221
vt 0.69285 0.80433
vt 0.67047 0.75255
vt 0.75032 0.91916
vt 0.74282 0.92912
vt 0.74800 0.91336
vt 0.75411 0.92298
vt 0.75466 0.91033
vt 0.74784 0.91056
vt 0.74985 0.90413
vt 0.74591 0.90893
vt 0.74833 0.90101
vt 0.74024 0.90161
vt 0.74227 0.88872
vt 0.73686 0.91011
vt 0.74865 0.89243
vt 0.73991 0.88422
vt 0.75466 0.86874
vt 0.74535 0.86800
vt 0.97331 0.04032
vt 0.96822 0.05051
vt 0.96849 0.04164
vt 0.97331 0.05036
vt 0.54858 0.53863
vt 0.55212 0.54538
vt 0.54619 0.54397
vt 0.54878 0.54796
vt 0.55212 0.53778
vt 0.79873 0.11560
vt 0.80381 0.11757
vt 0.80381 0.11333
vt 0.92076 0.00552
vt 0.93083 0.00814
vt 0.93093 0.00891
vt 0.93432 0.00552
vt 0.95042 0.13670
vt 0.96059 0.13110
vt 0.95906 0.13505
vt 0.95979 0.12621
vt 0.95397 0.12521
vt 0.96059 0.13906
vt 0.95292 0.14219
vt 0.97810 0.86429
vt 0.97324 0.85713
vt 0.97619 0.85890
vt 0.97161 0.86944
vt 0.97924 0.86969
vt 0.97924 0.85526
vt 0.99195 0.82895
vt 0.98856 0.83509
vt 0.99195 0.83744
vt 0.92890 0.23812
vt 0.93153 0.24153
vt 0.93729 0.23812
vt 0.93536 0.24146
vt 0.92839 0.24444
vt 0.93771 0.24655
vt 0.93449 0.25000
vt 0.94942 0.89752
vt 0.94404 0.89390
vt 0.94420 0.88811
vt 0.95162 0.89301
vt 0.95212 0.88588
vt 0.94494 0.88328
vt 0.95212 0.90078
vt 0.94255 0.90110
vt 0.94025 0.89612
vt 0.94041 0.88827
vt 0.10718 0.67111
vt 0.11597 0.67166
vt 0.11547 0.66814
vt 0.12147 0.67154
vt 0.12924 0.66766
vt 0.10225 0.66766
vt 0.10212 0.67190
vt 0.69559 0.68584
vt 0.69534 0.67768
vt 0.70103 0.68064
vt 0.70297 0.68718
vt 0.70297 0.67445
vt 0.46129 0.02388
vt 0.46059 0.01718
vt 0.46568 0.01655
vt 0.46568 0.02674
vt 0.13602 0.22623
vt 0.14110 0.22623
vt 0.13768 0.23132
vt 0.42539 0.07624
vt 0.42357 0.07003
vt 0.41568 0.07335
vt 0.42155 0.07934
vt 0.43017 0.08022
vt 0.43564 0.07554
vt 0.43921 0.07634
vt 0.43941 0.07042
vt 0.43646 0.07003
vt 0.89802 0.65712
vt 0.90381 0.66341
vt 0.89826 0.65993
vt 0.89619 0.66189
vt 0.90381 0.65662
vt 0.63178 0.26952
vt 0.63178 0.26273
vt 0.63008 0.26712
vt 0.77839 0.50908
vt 0.77832 0.50442
vt 0.77246 0.50752
vt 0.77832 0.51401
vt 0.77744 0.50107
vt 0.77438 0.49788
vt 0.27762 0.80910
vt 0.28178 0.80518
vt 0.27084 0.80518
vt 0.27853 0.81112
vt 0.26992 0.80806
vt 0.27306 0.81006
vt 0.69449 0.15778
vt 0.70042 0.15323
vt 0.70042 0.16002
vt 0.69518 0.15515
vt 0.48339 0.71853
vt 0.49202 0.72395
vt 0.49059 0.71923
vt 0.51211 0.72506
vt 0.50651 0.71903
vt 0.51568 0.71958
vt 0.48482 0.72531
vt 0.47585 0.71965
vt 0.50962 0.71435
vt 0.67246 0.48939
vt 0.68093 0.48939
vt 0.68025 0.49448
vt 0.11877 0.21198
vt 0.10874 0.21366
vt 0.11239 0.21680
vt 0.12327 0.21909
vt 0.10852 0.22140
vt 0.11495 0.20890
vt 0.12770 0.20620
vt 0.12986 0.21112
vt 0.12600 0.21428
vt 0.09664 0.20246
vt 0.08941 0.20870
vt 0.12264 0.21554
vt 0.09107 0.21430
vt 0.10121 0.22284
vt 0.12799 0.20246
vt 0.13178 0.20470
vt 0.74052 0.16546
vt 0.75163 0.16736
vt 0.73953 0.16087
vt 0.75483 0.16303
vt 0.73920 0.17273
vt 0.75334 0.17530
vt 0.73263 0.16545
vt 0.73783 0.16172
vt 0.77246 0.16087
vt 0.42884 0.03527
vt 0.43084 0.03183
vt 0.43371 0.03908
vt 0.42785 0.04164
vt 0.42585 0.03876
vt 0.44025 0.03317
vt 0.44025 0.04201
vt 0.43320 0.04496
vt 0.42827 0.04542
vt 0.42640 0.03544
vt 0.04461 0.51549
vt 0.03347 0.52033
vt 0.03498 0.50512
vt 0.04936 0.52325
vt 0.04900 0.53098
vt 0.05629 0.50741
vt 0.05286 0.50136
vt 0.05918 0.50058
vt 0.06386 0.51280
vt 0.06105 0.51504
vt 0.07283 0.52564
vt 0.07473 0.51348
vt 0.06435 0.50938
vt 0.06914 0.50171
vt 0.06469 0.49529
vt 0.04662 0.49448
vt 0.08178 0.51397
vt 0.08008 0.52450
vt 0.08178 0.52979
vt 0.49919 0.34711
vt 0.50012 0.36006
vt 0.51377 0.35401
vt 0.53285 0.34425
vt 0.53425 0.35099
vt 0.54364 0.34057
vt 0.54258 0.35590
vt 0.52538 0.33998
vt 0.49478 0.35672
vt 0.49378 0.35013
vt 0.50486 0.33998
vt 0.49669 0.34371
vt 0.52585 0.85351
vt 0.51930 0.84932
vt 0.51907 0.85526
vt 0.52584 0.84932
vt 0.11253 0.02403
vt 0.11984 0.02437
vt 0.10813 0.02759
vt 0.12331 0.02080
vt 0.10636 0.02080
vt 0.55636 0.58531
vt 0.56059 0.58531
vt 0.55863 0.59720
vt 0.84958 0.90280
vt 0.86144 0.90280
vt 0.85678 0.90620
vt 0.35452 0.36889
vt 0.35720 0.37570
vt 0.35536 0.37361
vt 0.35184 0.38073
vt 0.35720 0.36460
vt 0.35370 0.36695
vt 0.35042 0.36922
vt 0.36144 0.74152
vt 0.36568 0.74830
vt 0.36403 0.74272
vt 0.36568 0.73812
vt 0.99958 0.80942
vt 0.99449 0.81037
vt 0.99958 0.81197
vt 0.28686 0.21774
vt 0.28457 0.22284
vt 0.28178 0.21774
vt 0.02839 0.21604
vt 0.03432 0.21604
vt 0.03129 0.21944
vt 0.63263 0.18379
vt 0.63856 0.18379
vt 0.63780 0.18548
vt 0.33686 0.09295
vt 0.33856 0.09635
vt 0.33856 0.09308
vt 0.33704 0.09492
vt 0.42415 0.92317
vt 0.42415 0.91723
vt 0.42246 0.92194
vt 0.43093 0.97594
vt 0.43263 0.98005
vt 0.43263 0.97496
vt 0.33517 0.82496
vt 0.33602 0.82640
vt 0.33602 0.82046
vt 0.81144 0.62063
vt 0.81568 0.62351
vt 0.81568 0.61503
vt 0.98263 0.42742
vt 0.97909 0.42243
vt 0.97634 0.42401
vt 0.98263 0.41384
vt 0.97500 0.42327
vt 0.81428 0.23436
vt 0.81312 0.21985
vt 0.83011 0.23682
vt 0.80551 0.22449
vt 0.81884 0.21977
vt 0.83263 0.22129
vt 0.81738 0.24607
vt 0.82658 0.24660
vt 0.83263 0.24658
vt 0.81423 0.21651
vt 0.82062 0.21604
vt 0.76292 0.95176
vt 0.75855 0.95311
vt 0.76885 0.94641
vt 0.76659 0.93218
vt 0.77246 0.97234
vt 0.77035 0.97411
vt 0.75380 0.94504
vt 0.74818 0.93394
vt 0.76256 0.92742
vt 0.77246 0.94668
vt 0.75443 0.95156
vt 0.74703 0.94757
vt 0.75314 0.95500
vt 0.74797 0.95184
vt 0.74760 0.95532
vt 0.75028 0.95737
vt 0.75155 0.96134
vt 0.12174 0.47916
vt 0.12596 0.47241
vt 0.11314 0.47241
vt 0.12839 0.47920
vt 0.09700 0.49662
vt 0.09253 0.49157
vt 0.09006 0.49878
vt 0.10831 0.50218
vt 0.10252 0.49536
vt 0.12855 0.50552
vt 0.14045 0.50323
vt 0.08575 0.49283
vt 0.09519 0.48647
vt 0.08124 0.45761
vt 0.07887 0.45928
vt 0.07987 0.45934
vt 0.12086 0.46974
vt 0.13631 0.47217
vt 0.11186 0.46245
vt 0.11609 0.44730
vt 0.14131 0.45091
vt 0.14498 0.47559
vt 0.14260 0.48303
vt 0.14707 0.48211
vt 0.10708 0.46519
vt 0.11103 0.44721
vt 0.13347 0.47654
vt 0.13238 0.48578
vt 0.14487 0.49171
vt 0.12015 0.48315
vt 0.10209 0.48764
vt 0.10795 0.48066
vt 0.10162 0.48264
vt 0.10198 0.47257
vt 0.09450 0.48117
vt 0.08454 0.46716
vt 0.06467 0.47385
vt 0.07844 0.49067
vt 0.15013 0.46327
vt 0.09946 0.48430
vt 0.07736 0.46533
vt 0.06782 0.46188
vt 0.07750 0.45958
vt 0.08029 0.46383
vt 0.08099 0.46022
vt 0.06443 0.49193
vt 0.15072 0.48593
vt 0.06222 0.48530
vt 0.14728 0.48066
vt 0.05890 0.47540
vt 0.06670 0.44861
vt 0.15064 0.49240
vt 0.14340 0.44325
vt 0.15815 0.45685
vt 0.17330 0.46239
vt 0.17116 0.46626
vt 0.14561 0.50176
vt 0.18856 0.47997
vt 0.15009 0.47159
vt 0.15679 0.46496
vt 0.15366 0.47525
vt 0.22640 0.29018
vt 0.22608 0.28326
vt 0.22049 0.29068
vt 0.22041 0.28302
vt 0.21741 0.29070
vt 0.21855 0.29924
vt 0.20451 0.29020
vt 0.20322 0.28323
vt 0.19174 0.29025
vt 0.18847 0.28689
vt 0.18093 0.28930
vt 0.96737 0.38232
vt 0.96224 0.38304
vt 0.96520 0.38401
vt 0.96306 0.38548
vt 0.96144 0.38553
vt 0.96737 0.38837
vt 0.26733 0.22825
vt 0.26897 0.23602
vt 0.26045 0.24215
vt 0.28941 0.22453
vt 0.28508 0.23570
vt 0.27035 0.24345
vt 0.26718 0.24491
vt 0.66354 0.39509
vt 0.66229 0.39277
vt 0.66568 0.39577
vt 0.66568 0.38922
vt 0.66508 0.39601
vt 0.25636 0.53098
vt 0.26568 0.53098
vt 0.26143 0.53268
vt 0.07924 0.22284
vt 0.09409 0.22511
vt 0.10294 0.23387
vt 0.10979 0.22602
vt 0.13686 0.22284
vt 0.68441 0.83710
vt 0.67780 0.84787
vt 0.68508 0.85333
vt 0.68517 0.86615
vt 0.26398 0.32725
vt 0.26398 0.33489
vt 0.26125 0.32923
vt 0.25890 0.33217
vt 0.79873 0.15323
vt 0.79555 0.15492
vt 0.79449 0.15323
vt 0.82354 0.82058
vt 0.82284 0.81535
vt 0.82654 0.81738
vt 0.82754 0.82216
vt 0.82351 0.81109
vt 0.81822 0.81069
vt 0.82754 0.81027
vt 0.99788 0.00212
vt 0.99280 0.00806
vt 0.99788 0.00709
vt 0.99349 0.00287
vt 0.66229 0.18104
vt 0.67130 0.17275
vt 0.67065 0.18045
vt 0.67500 0.17412
vt 0.67500 0.18888
vt 0.66622 0.18705
vt 0.10127 0.40450
vt 0.10127 0.39516
vt 0.09364 0.40146
vt 0.98347 0.05763
vt 0.99110 0.06070
vt 0.99110 0.05221
vt 0.60212 0.55645
vt 0.60212 0.54711
vt 0.59958 0.55055
vt 0.99449 0.32620
vt 0.99025 0.32494
vt 0.99374 0.32980
vt 0.21857 0.02589
vt 0.21959 0.02939
vt 0.21822 0.03457
vt 0.86610 0.10569
vt 0.84449 0.10569
vt 0.84717 0.11071
vt 0.84195 0.10854
vt 0.84316 0.11529
vt 0.86743 0.11367
vt 0.86076 0.11672
vt 0.87076 0.11042
vt 0.99110 0.26698
vt 0.99110 0.25424
vt 0.98517 0.25858
vt 0.93414 0.44949
vt 0.92924 0.44015
vt 0.93517 0.44015
vt 0.12161 0.01231
vt 0.10805 0.01231
vt 0.11630 0.01500
vt 0.11574 0.01886
vt 0.12071 0.01910
vt 0.94030 0.86625
vt 0.93637 0.86796
vt 0.93347 0.86376
vt 0.93764 0.85962
vt 0.94110 0.85599
vt 0.93671 0.85441
vt 0.94059 0.87083
vt 0.93515 0.87729
vt 0.94110 0.87733
vt 0.56568 0.89856
vt 0.55975 0.89118
vt 0.56532 0.89139
vt 0.55996 0.89714
vt 0.56568 0.88667
vt 0.03037 0.35526
vt 0.03796 0.36375
vt 0.04703 0.35526
vt 0.08941 0.23530
vt 0.09703 0.23812
vt 0.09703 0.23302
vt 0.99449 0.79295
vt 0.98900 0.80012
vt 0.99449 0.80178
vt 0.22509 0.98839
vt 0.20779 0.98813
vt 0.22560 0.99703
vt 0.21783 0.99648
vt 0.20569 0.99532
vt 0.20667 0.98260
vt 0.22453 0.98483
vt 0.24025 0.98260
vt 0.20297 0.98600
vt 0.22948 0.99187
vt 0.98745 0.82385
vt 0.99327 0.82695
vt 0.99534 0.82385
vt 0.98686 0.82895
vt 0.89839 0.43676
vt 0.89438 0.44163
vt 0.89782 0.44008
vt 0.89473 0.44450
vt 0.89797 0.44383
vt 0.90158 0.44687
vt 0.89383 0.45258
vt 0.89173 0.44594
vt 0.88794 0.44853
vt 0.89274 0.44098
vt 0.90551 0.45543
vt 0.88602 0.44280
vt 0.90551 0.43696
vt 0.48093 0.36630
vt 0.47549 0.37139
vt 0.47679 0.36837
vt 0.47500 0.36630
vt 0.68170 0.62436
vt 0.67924 0.62351
vt 0.68771 0.62351
vt 0.80037 0.15601
vt 0.81398 0.14983
vt 0.80289 0.15862
vt 0.79534 0.15858
vt 0.81074 0.15582
vt 0.81398 0.15917
vt 0.28657 0.02419
vt 0.27570 0.02382
vt 0.28925 0.01910
vt 0.27500 0.01910
vt 0.29364 0.02126
vt 0.99457 0.57417
vt 0.98771 0.57258
vt 0.99249 0.57767
vt 0.99494 0.57445
vt 0.99534 0.57258
vt 0.97958 0.35696
vt 0.97669 0.35526
vt 0.98093 0.35526
vt 0.64273 0.17443
vt 0.63661 0.17966
vt 0.64409 0.18566
vt 0.63423 0.16851
vt 0.63366 0.17844
vt 0.65112 0.18633
vt 0.66483 0.16851
vt 0.65808 0.18428
vt 0.62963 0.18424
vt 0.62963 0.17550
vt 0.62500 0.18207
vt 0.34619 0.55900
vt 0.34110 0.56571
vt 0.34408 0.56731
vt 0.34619 0.57428
vt 0.02161 0.29329
vt 0.01754 0.28690
vt 0.01737 0.29313
vt 0.02161 0.28650
vt 0.99364 0.37911
vt 0.99788 0.38073
vt 0.99374 0.37865
vt 0.99788 0.37394
vt 0.98519 0.35017
vt 0.98517 0.34677
vt 0.99110 0.34677
vt 0.04449 0.59720
vt 0.04237 0.60314
vt 0.04110 0.59720
vt 0.78045 0.01836
vt 0.78506 0.01070
vt 0.78693 0.01910
vt 0.78008 0.01061
vt 0.79025 0.01061
vt 0.58941 0.37564
vt 0.58941 0.36715
vt 0.58517 0.37310
vt 0.42669 0.75354
vt 0.43263 0.75764
vt 0.43263 0.75255
vt 0.84663 0.62182
vt 0.84364 0.61503
vt 0.85127 0.61503
vt 0.35720 0.01401
vt 0.36505 0.01730
vt 0.36762 0.01401
vt 0.37246 0.01683
vt 0.35885 0.01910
vt 0.41260 0.00637
vt 0.40890 0.00127
vt 0.41314 0.00127
vt 0.62227 0.21806
vt 0.62118 0.21413
vt 0.61801 0.22114
vt 0.60684 0.21082
vt 0.60935 0.21606
vt 0.61624 0.21053
vt 0.60673 0.21489
vt 0.61317 0.21911
vt 0.60489 0.21751
vt 0.60302 0.21461
vt 0.60137 0.21397
vt 0.59945 0.20926
vt 0.59624 0.21108
vt 0.60047 0.19822
vt 0.62295 0.19822
vt 0.58941 0.20224
vt 0.59382 0.21967
vt 0.60131 0.21839
vt 0.61849 0.20617
vt 0.62880 0.20731
vt 0.62536 0.21015
vt 0.63008 0.21230
vt 0.61885 0.21552
vt 0.52415 0.99703
vt 0.53347 0.99703
vt 0.52736 0.99958
vt 0.68563 0.41638
vt 0.69110 0.41638
vt 0.68756 0.41893
vt 0.68263 0.41725
vt 0.99479 0.23642
vt 0.98941 0.22878
vt 0.99534 0.22878
vt 0.66229 0.66002
vt 0.66019 0.66596
vt 0.65890 0.66002
vt 0.10429 0.88785
vt 0.10776 0.89346
vt 0.11279 0.88785
vt 0.12669 0.88779
vt 0.10042 0.88992
vt 0.10279 0.88340
vt 0.10942 0.88328
vt 0.11995 0.88618
vt 0.12163 0.88340
vt 0.92509 0.69808
vt 0.92585 0.69143
vt 0.92076 0.69793
vt 0.92585 0.70161
vt 0.85890 0.60993
vt 0.86398 0.60993
vt 0.86166 0.61333
vt 0.69056 0.02504
vt 0.68347 0.02165
vt 0.69280 0.02165
vt 0.99873 0.82470
vt 0.99715 0.83149
vt 0.99619 0.82470
vt 0.09285 0.97835
vt 0.09762 0.97581
vt 0.09873 0.97920
vt 0.09280 0.97581
vt 0.31232 0.33259
vt 0.29213 0.32324
vt 0.29729 0.36711
vt 0.31246 0.34573
vt 0.28599 0.34067
vt 0.28250 0.34274
vt 0.27276 0.36133
vt 0.31383 0.33895
vt 0.28047 0.33538
vt 0.31411 0.33036
vt 0.31006 0.32281
vt 0.31877 0.33130
vt 0.31680 0.32131
vt 0.27651 0.33859
vt 0.27688 0.33552
vt 0.27662 0.33171
vt 0.27246 0.33904
vt 0.27963 0.34408
vt 0.31095 0.35178
vt 0.31389 0.35731
vt 0.31150 0.36013
vt 0.31276 0.36663
vt 0.31275 0.37176
vt 0.31561 0.36547
vt 0.33008 0.37564
vt 0.32165 0.36306
vt 0.31907 0.36308
vt 0.27415 0.35378
vt 0.27527 0.36354
vt 0.31538 0.36048
vt 0.28238 0.33683
vt 0.28276 0.32710
vt 0.28424 0.32131
vt 0.27943 0.32184
vt 0.27666 0.33570
vt 0.18263 0.21350
vt 0.17839 0.21383
vt 0.18263 0.21859
vt 0.73008 0.63455
vt 0.72924 0.63866
vt 0.73008 0.63879
vt 0.68702 0.88667
vt 0.68432 0.88158
vt 0.68805 0.88246
vt 0.69195 0.88158
vt 0.90381 0.82385
vt 0.90381 0.81791
vt 0.89788 0.82001
vt 0.27076 0.41808
vt 0.27500 0.41808
vt 0.27284 0.42402
vt 0.99873 0.52250
vt 0.99619 0.52413
vt 0.99873 0.52929
vt 0.35485 0.07003
vt 0.35785 0.06528
vt 0.35869 0.06013
vt 0.36315 0.06956
vt 0.36568 0.05985
vt 0.35212 0.05985
vt 0.99025 0.43845
vt 0.99534 0.43845
vt 0.99173 0.44779
vt 0.99110 0.98673
vt 0.99359 0.98005
vt 0.99364 0.98523
vt 0.99359 0.99278
vt 0.60466 0.22538
vt 0.60161 0.22963
vt 0.59788 0.22538
vt 0.95381 0.78990
vt 0.94392 0.79537
vt 0.95160 0.79527
vt 0.94280 0.78990
vt 0.95361 0.79935
vt 0.94994 0.79735
vt 0.95019 0.80178
vt 0.98646 0.56803
vt 0.99195 0.56988
vt 0.98853 0.56070
vt 0.98602 0.57088
vt 0.99195 0.56151
vt 0.49846 0.31623
vt 0.49650 0.31268
vt 0.49484 0.31624
vt 0.50127 0.30942
vt 0.50127 0.31791
vt 0.49449 0.31176
vt 0.16653 0.18379
vt 0.16398 0.18785
vt 0.16653 0.18888
vt 0.32669 0.24321
vt 0.32014 0.24316
vt 0.32580 0.23727
vt 0.31992 0.23727
vt 0.68941 0.44015
vt 0.68423 0.45204
vt 0.68347 0.44015
vt 0.21483 0.55390
vt 0.22181 0.55390
vt 0.21542 0.55668
vt 0.22246 0.55900
vt 0.00042 0.43034
vt 0.00551 0.43166
vt 0.00551 0.42657
vt 0.94780 0.48733
vt 0.95225 0.48398
vt 0.95727 0.49192
vt 0.95890 0.48345
vt 0.94534 0.49172
vt 0.95450 0.49703
vt 0.95890 0.49670
vt 0.89958 0.45628
vt 0.90805 0.45628
vt 0.90498 0.46138
vt 0.07203 0.58378
vt 0.06990 0.59041
vt 0.07509 0.58719
vt 0.06822 0.58192
vt 0.08178 0.58192
vt 0.93771 0.26868
vt 0.94110 0.26868
vt 0.94068 0.27886
vt 0.81335 0.05645
vt 0.80551 0.05645
vt 0.81066 0.06070
vt 0.81568 0.06034
vt 0.27754 0.75679
vt 0.27173 0.76273
vt 0.26653 0.75679
vt 0.31314 0.24364
vt 0.30643 0.24907
vt 0.31314 0.25170
vt 0.52705 0.32980
vt 0.53620 0.32980
vt 0.53226 0.33286
vt 0.52669 0.33913
vt 0.54195 0.33456
vt 0.53631 0.33870
vt 0.99788 0.04966
vt 0.99788 0.04457
vt 0.99110 0.04900
vt 0.34749 0.02798
vt 0.34534 0.02254
vt 0.35103 0.02626
vt 0.35466 0.02165
vt 0.35466 0.02929
vt 0.85127 0.04820
vt 0.85127 0.05395
vt 0.84744 0.04796
vt 0.84449 0.05475
vt 0.84699 0.07863
vt 0.84958 0.08362
vt 0.84958 0.07767
vt 0.77038 0.04166
vt 0.78008 0.03183
vt 0.77920 0.04137
vt 0.76845 0.03941
vt 0.76737 0.03183
vt 0.77478 0.04427
vt 0.77974 0.04626
vt 0.91522 0.92059
vt 0.91563 0.91259
vt 0.91059 0.91120
vt 0.91907 0.92233
vt 0.91721 0.90535
vt 0.91907 0.90826
vt 0.79387 0.21979
vt 0.79195 0.23132
vt 0.80466 0.21859
vt 0.80466 0.23115
vt 0.21229 0.14049
vt 0.20127 0.14049
vt 0.20533 0.14343
vt 0.20178 0.14559
vt 0.42924 0.99448
vt 0.42331 0.99924
vt 0.42924 0.99958
vt 0.58686 0.59805
vt 0.58587 0.60059
vt 0.58093 0.59805
vt 0.79703 0.88025
vt 0.79805 0.87733
vt 0.80373 0.88243
vt 0.80720 0.87733
vt 0.00636 0.39941
vt 0.01907 0.39941
vt 0.01017 0.40195
vt 0.28008 0.03994
vt 0.28548 0.04197
vt 0.28686 0.03778
vt 0.28686 0.04202
vt 0.25042 0.24321
vt 0.24703 0.24519
vt 0.25042 0.24830
vt 0.37856 0.03636
vt 0.38300 0.03407
vt 0.37842 0.03352
vt 0.38602 0.03740
vt 0.38225 0.03947
vt 0.37107 0.03854
vt 0.37194 0.03538
vt 0.36907 0.03228
vt 0.37693 0.03098
vt 0.38553 0.03098
vt 0.16277 0.08681
vt 0.16728 0.08293
vt 0.16074 0.08164
vt 0.16620 0.07731
vt 0.15827 0.08940
vt 0.16262 0.07608
vt 0.17250 0.07598
vt 0.15581 0.07598
vt 0.15466 0.08769
vt 0.16449 0.09041
vt 0.15744 0.08519
vt 0.16954 0.08761
vt 0.17669 0.08225
vt 0.17513 0.08926
vt 0.66992 0.00949
vt 0.67839 0.00552
vt 0.67839 0.01401
vt 0.42933 0.05854
vt 0.42899 0.06417
vt 0.43414 0.06664
vt 0.42538 0.05895
vt 0.42331 0.06382
vt 0.43363 0.05730
vt 0.43562 0.06279
vt 0.44000 0.06553
vt 0.44021 0.05730
vt 0.44377 0.06227
vt 0.44534 0.05862
vt 0.55805 0.73387
vt 0.56737 0.73387
vt 0.56578 0.73727
vt 0.06483 0.76265
vt 0.06187 0.75930
vt 0.06059 0.76273
vt 0.06483 0.75764
vt 0.92084 0.42113
vt 0.92415 0.41553
vt 0.91992 0.41723
vt 0.92415 0.42317
vt 0.91314 0.51910
vt 0.90945 0.52080
vt 0.90636 0.51910
vt 0.96566 0.54372
vt 0.96336 0.53515
vt 0.96089 0.53558
vt 0.96785 0.54008
vt 0.96907 0.52929
vt 0.96218 0.52956
vt 0.95720 0.52929
vt 0.03271 0.07241
vt 0.02572 0.07776
vt 0.02987 0.07596
vt 0.03418 0.08107
vt 0.03680 0.07638
vt 0.02190 0.07003
vt 0.02195 0.07919
vt 0.01822 0.07115
vt 0.03733 0.07003
vt 0.04025 0.07932
vt 0.14860 0.09720
vt 0.15127 0.08616
vt 0.14364 0.08616
vt 0.15124 0.09594
vt 0.37715 0.36044
vt 0.36090 0.36006
vt 0.37188 0.35357
vt 0.33000 0.35357
vt 0.34706 0.36037
vt 0.37812 0.35455
vt 0.34122 0.36104
vt 0.32449 0.36396
vt 0.34605 0.36817
vt 0.32331 0.35718
vt 0.97828 0.01146
vt 0.97130 0.01655
vt 0.96907 0.01146
vt 0.97839 0.01404
vt 0.34619 0.61672
vt 0.34110 0.62070
vt 0.34619 0.62351
vt 0.19958 0.49207
vt 0.20466 0.49448
vt 0.20466 0.49024
vt 0.34767 0.01316
vt 0.34195 0.00891
vt 0.34751 0.00924
vt 0.35466 0.00891
vt 0.99449 0.50348
vt 0.99873 0.50891
vt 0.99873 0.50297
vt 0.33941 0.30263
vt 0.33178 0.29613
vt 0.33794 0.29737
vt 0.33192 0.30174
vt 0.33941 0.28820
vt 0.86653 0.36375
vt 0.86229 0.36498
vt 0.86653 0.36969
vt 0.85662 0.25594
vt 0.86008 0.25549
vt 0.85636 0.25255
vt 0.86059 0.25255
vt 0.19256 0.43393
vt 0.19254 0.42657
vt 0.18740 0.43133
vt 0.18764 0.42703
vt 0.17708 0.43268
vt 0.18048 0.42808
vt 0.17585 0.43111
vt 0.19483 0.43015
vt 0.21102 0.42657
vt 0.21822 0.42973
vt 0.19479 0.43676
vt 0.94187 0.17190
vt 0.94195 0.17546
vt 0.93941 0.17646
vt 0.94187 0.18124
vt 0.76286 0.25304
vt 0.76975 0.25669
vt 0.76425 0.27428
vt 0.76992 0.24708
vt 0.76507 0.24082
vt 0.76992 0.29669
vt 0.20042 0.33065
vt 0.20042 0.32640
vt 0.19449 0.32703
vt 0.80683 0.37443
vt 0.80466 0.37540
vt 0.81182 0.37418
vt 0.80972 0.37818
vt 0.81653 0.37309
vt 0.80554 0.37309
vt 0.91737 0.18803
vt 0.90805 0.19920
vt 0.91375 0.19998
vt 0.90944 0.18912
vt 0.91737 0.20501
vt 0.30212 0.78141
vt 0.29915 0.78650
vt 0.29619 0.78141
vt 0.00930 0.03032
vt 0.00885 0.04073
vt 0.00703 0.03049
vt 0.00504 0.04143
vt 0.01398 0.04287
vt 0.00042 0.03796
vt 0.00084 0.03014
vt 0.01398 0.03014
vt 0.92924 0.50070
vt 0.93046 0.50443
vt 0.94062 0.50052
vt 0.93011 0.50976
vt 0.94242 0.50892
vt 0.93122 0.49533
vt 0.94111 0.49533
vt 0.94313 0.50147
vt 0.94534 0.49789
vt 0.86808 0.02504
vt 0.85636 0.02504
vt 0.86720 0.02844
vt 0.87754 0.02588
vt 0.97839 0.40653
vt 0.98008 0.41129
vt 0.98008 0.39941
vt 0.79958 0.08107
vt 0.79958 0.07003
vt 0.79619 0.07193
vt 0.61860 0.22963
vt 0.61568 0.22453
vt 0.61992 0.22453
vt 0.85173 0.33574
vt 0.84873 0.33234
vt 0.85466 0.33234
vt 0.45823 0.10281
vt 0.47246 0.09549
vt 0.45908 0.10563
vt 0.47137 0.10619
vt 0.45849 0.09582
vt 0.45826 0.09465
vt 0.47246 0.11503
vt 0.46050 0.11473
vt 0.45466 0.09754
vt 0.67415 0.07258
vt 0.67140 0.07683
vt 0.66483 0.07258
vt 0.77500 0.73302
vt 0.77500 0.72368
vt 0.77161 0.73003
vt 0.70975 0.21520
vt 0.71907 0.21520
vt 0.71436 0.21859
vt 0.21350 0.24667
vt 0.21483 0.24406
vt 0.20890 0.24537
vt 0.21483 0.25424
vt 0.49707 0.03183
vt 0.50184 0.04032
vt 0.50312 0.03470
vt 0.50805 0.03183
vt 0.49537 0.03320
vt 0.48941 0.03798
vt 0.37331 0.52895
vt 0.37585 0.53268
vt 0.37585 0.52844
vt 0.89752 0.97920
vt 0.90636 0.99757
vt 0.88686 0.99440
vt 0.88770 0.98020
vt 0.89636 0.99788
vt 0.90534 0.98838
vt 0.90636 0.97961
vt 0.97489 0.34762
vt 0.97076 0.34593
vt 0.98008 0.34593
vt 0.24789 0.20925
vt 0.23602 0.20501
vt 0.25042 0.20501
vt 0.08518 0.04238
vt 0.09025 0.04881
vt 0.08203 0.04798
vt 0.07839 0.04836
vt 0.08651 0.04233
vt 0.08550 0.04126
vt 0.09025 0.04032
vt 0.52087 0.10715
vt 0.52415 0.10908
vt 0.52347 0.10667
vt 0.52076 0.10846
vt 0.52415 0.10399
vt 0.90551 0.87988
vt 0.90042 0.87395
vt 0.90123 0.87966
vt 0.90551 0.87054
vt 0.20042 0.35935
vt 0.20297 0.36036
vt 0.20297 0.35526
vt 0.45908 0.20161
vt 0.49010 0.22155
vt 0.48052 0.22199
vt 0.48177 0.20209
vt 0.45955 0.21467
vt 0.45579 0.22165
vt 0.49683 0.20161
vt 0.49958 0.21018
vt 0.49930 0.22128
vt 0.45551 0.20973
vt 0.42500 0.16511
vt 0.38517 0.16511
vt 0.40126 0.17869
vt 0.38611 0.17720
vt 0.42384 0.17615
vt 0.89629 0.33147
vt 0.90065 0.33812
vt 0.89833 0.33932
vt 0.90666 0.33083
vt 0.89364 0.34423
vt 0.90004 0.34172
vt 0.90890 0.34282
vt 0.89771 0.32358
vt 0.90890 0.32216
vt 0.88124 0.63455
vt 0.87457 0.66002
vt 0.86664 0.63455
vt 0.88263 0.65956
vt 0.86483 0.65913
vt 0.18061 0.02929
vt 0.17966 0.02723
vt 0.17529 0.02917
vt 0.17161 0.02674
vt 0.18941 0.02674
vt 0.85010 0.21032
vt 0.85965 0.20769
vt 0.86033 0.21227
vt 0.85839 0.20532
vt 0.84761 0.20336
vt 0.86568 0.20293
vt 0.85992 0.20328
vt 0.84110 0.20838
vt 0.84834 0.21309
vt 0.84426 0.21746
vt 0.85274 0.21802
vt 0.85348 0.21665
vt 0.86568 0.22199
vt 0.85941 0.22137
vt 0.85394 0.21542
vt 0.85943 0.20076
vt 0.28229 0.39941
vt 0.26737 0.40368
vt 0.26895 0.40150
vt 0.27382 0.39949
vt 0.65501 0.11141
vt 0.65721 0.11591
vt 0.65304 0.11546
vt 0.63843 0.11672
vt 0.94364 0.81791
vt 0.93783 0.84168
vt 0.93963 0.82519
vt 0.94364 0.84146
vt 0.93848 0.82193
vt 0.97032 0.36312
vt 0.97329 0.36235
vt 0.96822 0.37077
vt 0.97500 0.37309
vt 0.97500 0.35611
vt 0.96923 0.35958
vt 0.96653 0.62563
vt 0.96939 0.62422
vt 0.96968 0.62724
vt 0.96851 0.62208
vt 0.97161 0.62097
vt 0.97132 0.63312
vt 0.97161 0.64134
vt 0.53856 0.09890
vt 0.53398 0.10144
vt 0.53263 0.09890
vt 0.89871 0.88373
vt 0.89937 0.88158
vt 0.90101 0.88413
vt 0.90240 0.88158
vt 0.90551 0.88394
vt 0.89364 0.88375
vt 0.75612 0.88648
vt 0.75439 0.88073
vt 0.75672 0.88467
vt 0.75381 0.88872
vt 0.75923 0.88127
vt 0.75975 0.88622
vt 0.75975 0.90025
vt 0.18825 0.52334
vt 0.19195 0.52616
vt 0.18966 0.52759
vt 0.18771 0.52607
vt 0.19179 0.52334
vt 0.63946 0.69946
vt 0.64280 0.69652
vt 0.63941 0.69652
vt 0.64163 0.70076
vt 0.95682 0.84743
vt 0.96831 0.83913
vt 0.97161 0.84375
vt 0.95636 0.84012
vt 0.96904 0.84825
vt 0.97161 0.84932
vt 0.90020 0.59354
vt 0.90127 0.61078
vt 0.89778 0.59536
vt 0.89739 0.58939
vt 0.89195 0.59772
vt 0.89459 0.61063
vt 0.90127 0.58192
vt 0.95412 0.44610
vt 0.94322 0.44610
vt 0.95357 0.45818
vt 0.94280 0.45883
vt 0.95805 0.44800
vt 0.95791 0.45331
vt 0.27585 0.38073
vt 0.27076 0.37876
vt 0.27103 0.37330
vt 0.27585 0.36969
vt 0.87088 0.54150
vt 0.87500 0.54457
vt 0.87500 0.54032
vt 0.87076 0.54386
vt 0.80095 0.06239
vt 0.81398 0.07501
vt 0.81279 0.06239
vt 0.80042 0.08022
vt 0.45212 0.24627
vt 0.45551 0.25849
vt 0.45551 0.23896
vt 0.90694 0.43251
vt 0.89873 0.43081
vt 0.90720 0.43081
vt 0.45890 0.38158
vt 0.45890 0.37564
vt 0.45551 0.37884
vt 0.82595 0.67020
vt 0.82246 0.66681
vt 0.82669 0.66681
vt 0.51229 0.04522
vt 0.51398 0.04711
vt 0.51398 0.04117
vt 0.96966 0.10427
vt 0.97195 0.10993
vt 0.97390 0.10399
vt 0.96314 0.10414
vt 0.97924 0.10414
vt 0.91908 0.79664
vt 0.91955 0.79423
vt 0.92246 0.79669
vt 0.92246 0.79075
vt 0.91653 0.79652
vt 0.71532 0.33404
vt 0.71229 0.33841
vt 0.71653 0.33746
vt 0.71653 0.34253
vt 0.63008 0.28650
vt 0.62669 0.29056
vt 0.62680 0.28813
vt 0.63008 0.29160
vt 0.24856 0.50694
vt 0.24869 0.49958
vt 0.24625 0.50438
vt 0.25366 0.50537
vt 0.24195 0.49958
vt 0.24340 0.50722
vt 0.25720 0.50172
vt 0.49364 0.14559
vt 0.48954 0.14559
vt 0.48919 0.14973
vt 0.49310 0.14914
vt 0.48771 0.14983
vt 0.91766 0.00407
vt 0.91336 0.00212
vt 0.91273 0.00637
vt 0.91907 0.00533
vt 0.90975 0.00212
vt 0.90975 0.00465
vt 0.21737 0.07258
vt 0.21509 0.07004
vt 0.21737 0.06858
vt 0.21483 0.06834
vt 0.50533 0.14930
vt 0.50480 0.15330
vt 0.50958 0.15559
vt 0.50677 0.15694
vt 0.50582 0.15917
vt 0.50975 0.14559
vt 0.50212 0.14559
vt 0.76755 0.47268
vt 0.76483 0.47390
vt 0.76501 0.47055
vt 0.76722 0.47978
vt 0.76789 0.46986
vt 0.77076 0.47014
vt 0.77076 0.48005
vt 0.91500 0.81537
vt 0.91229 0.81452
vt 0.91653 0.81452
vt 0.84703 0.70076
vt 0.84449 0.70840
vt 0.84703 0.70878
vt 0.84487 0.71180
vt 0.07512 0.34593
vt 0.07754 0.34253
vt 0.07715 0.34502
vt 0.07331 0.34253
vt 0.21144 0.08454
vt 0.22446 0.08386
vt 0.21353 0.09002
vt 0.21247 0.07428
vt 0.22565 0.07428
vt 0.32371 0.21557
vt 0.32873 0.21496
vt 0.32803 0.20710
vt 0.32429 0.20161
vt 0.33008 0.20267
vt 0.33008 0.21689
vt 0.31992 0.20638
vt 0.68672 0.64781
vt 0.68464 0.64535
vt 0.68971 0.64419
vt 0.69278 0.63788
vt 0.69620 0.64444
vt 0.68911 0.65233
vt 0.69913 0.66027
vt 0.69026 0.66140
vt 0.67990 0.65502
vt 0.68146 0.66182
vt 0.66499 0.66102
vt 0.65890 0.63757
vt 0.67739 0.64317
vt 0.67606 0.63559
vt 0.68019 0.64487
vt 0.67053 0.67954
vt 0.68431 0.67030
vt 0.66938 0.62695
vt 0.68192 0.62643
vt 0.68450 0.63431
vt 0.69095 0.62654
vt 0.68658 0.63893
vt 0.66063 0.62971
vt 0.69246 0.62975
vt 0.66202 0.62351
vt 0.69730 0.63629
vt 0.70009 0.65370
vt 0.70551 0.66436
vt 0.70530 0.65509
vt 0.70275 0.64651
vt 0.70551 0.63604
vt 0.70425 0.64442
vt 0.70540 0.62827
vt 0.69503 0.62903
vt 0.69509 0.62455
vt 0.42331 0.68124
vt 0.44025 0.68350
vt 0.42926 0.68718
vt 0.43409 0.68124
vt 0.96746 0.87054
vt 0.97331 0.88171
vt 0.96483 0.88161
vt 0.97326 0.87157
vt 0.96675 0.88611
vt 0.97326 0.88752
vt 0.83464 0.62287
vt 0.82409 0.62196
vt 0.83306 0.62561
vt 0.82344 0.62405
vt 0.82046 0.62275
vt 0.83899 0.61927
vt 0.83530 0.62577
vt 0.81653 0.61927
vt 0.81954 0.63455
vt 0.84449 0.62355
vt 0.82933 0.63428
vt 0.12666 0.13377
vt 0.12390 0.13587
vt 0.13330 0.13511
vt 0.13602 0.12182
vt 0.12735 0.12383
vt 0.12958 0.14049
vt 0.12221 0.13835
vt 0.11471 0.13116
vt 0.11530 0.12182
vt 0.11144 0.12465
vt 0.65975 0.95362
vt 0.65556 0.95882
vt 0.65551 0.95408
vt 0.65871 0.95850
vt 0.65975 0.96477
vt 0.72685 0.28369
vt 0.73597 0.28857
vt 0.73469 0.29061
vt 0.72871 0.29019
vt 0.72193 0.29329
vt 0.73686 0.29161
vt 0.72014 0.28143
vt 0.71483 0.28841
vt 0.95299 0.34136
vt 0.94619 0.34237
vt 0.94148 0.33546
vt 0.94025 0.34131
vt 0.94838 0.34338
vt 0.56096 0.64474
vt 0.56314 0.64864
vt 0.56059 0.64735
vt 0.56314 0.64663
vt 0.56094 0.64983
vt 0.97091 0.79210
vt 0.97105 0.78505
vt 0.96907 0.78941
vt 0.93113 0.75341
vt 0.93406 0.75862
vt 0.93455 0.74697
vt 0.93699 0.74809
vt 0.93856 0.74439
vt 0.93856 0.75689
vt 0.31248 0.27040
vt 0.31823 0.26634
vt 0.31335 0.25947
vt 0.30717 0.26331
vt 0.30001 0.24899
vt 0.29154 0.24737
vt 0.29279 0.25623
vt 0.30989 0.25381
vt 0.28988 0.25302
vt 0.28780 0.25238
vt 0.28432 0.24406
vt 0.28783 0.25382
vt 0.31779 0.25896
vt 0.32254 0.27095
vt 0.32174 0.26410
vt 0.32577 0.25741
vt 0.31693 0.25132
vt 0.33263 0.26640
vt 0.32791 0.25859
vt 0.32130 0.25011
vt 0.32223 0.24406
vt 0.32740 0.27207
vt 0.60633 0.29213
vt 0.60852 0.29656
vt 0.61059 0.29096
vt 0.60763 0.28281
vt 0.59634 0.29469
vt 0.58005 0.29754
vt 0.57975 0.28141
vt 0.57246 0.28141
vt 0.01653 0.96138
vt 0.02076 0.96138
vt 0.01814 0.96307
vt 0.59492 0.89007
vt 0.59195 0.88922
vt 0.59703 0.88922
vt 0.10508 0.76220
vt 0.10643 0.76997
vt 0.09978 0.76167
vt 0.11038 0.77204
vt 0.09873 0.77462
vt 0.10746 0.75679
vt 0.11268 0.76067
vt 0.11653 0.77351
vt 0.11653 0.76166
vt 0.11011 0.75934
vt 0.92252 0.26528
vt 0.90946 0.26448
vt 0.92306 0.24915
vt 0.90805 0.24915
vt 0.92669 0.26123
vt 0.84472 0.42342
vt 0.83500 0.41404
vt 0.83816 0.42745
vt 0.84703 0.42779
vt 0.83824 0.43676
vt 0.10274 0.55475
vt 0.10256 0.57173
vt 0.12076 0.55950
vt 0.11112 0.55475
vt 0.84022 0.28628
vt 0.84404 0.29983
vt 0.84911 0.28584
vt 0.85042 0.30017
vt 0.84197 0.27732
vt 0.85042 0.27632
vt 0.13573 0.04343
vt 0.13959 0.04881
vt 0.14025 0.03947
vt 0.80110 0.61762
vt 0.79324 0.61832
vt 0.79755 0.62413
vt 0.80819 0.61720
vt 0.80975 0.62578
vt 0.79990 0.62946
vt 0.11568 0.39177
vt 0.10244 0.40229
vt 0.10212 0.39485
vt 0.11568 0.40535
vt 0.66501 0.28191
vt 0.66229 0.27599
vt 0.67045 0.27007
vt 0.66603 0.26571
vt 0.67331 0.29832
vt 0.67033 0.29525
vt 0.66872 0.26501
vt 0.67331 0.26831
vt 0.67122 0.25340
vt 0.46182 0.22793
vt 0.45805 0.22284
vt 0.46166 0.22525
vt 0.46737 0.22284
vt 0.78738 0.31849
vt 0.78831 0.31628
vt 0.78941 0.31961
vt 0.78602 0.30798
vt 0.78941 0.30178
vt 0.29138 0.60144
vt 0.29280 0.59550
vt 0.29280 0.60118
vt 0.36115 0.83404
vt 0.36047 0.83732
vt 0.36144 0.83642
vt 0.99788 0.26907
vt 0.99450 0.27446
vt 0.99788 0.27547
vt 0.06287 0.39283
vt 0.05707 0.39092
vt 0.06341 0.39092
vt 0.06653 0.39308
vt 0.41737 0.71774
vt 0.42161 0.71774
vt 0.41859 0.72368
vt 0.97246 0.42109
vt 0.97246 0.43088
vt 0.96568 0.42267
vt 0.96702 0.43371
vt 0.96973 0.43506
vt 0.96910 0.41977
vt 0.96771 0.41723
vt 0.38622 0.49194
vt 0.38771 0.48953
vt 0.38432 0.48939
vt 0.38771 0.49193
vt 0.01089 0.09527
vt 0.00673 0.09879
vt 0.00578 0.08581
vt 0.01176 0.09873
vt 0.01314 0.08362
vt 0.01314 0.09629
vt 0.00315 0.09551
vt 0.00251 0.09890
vt 0.00042 0.09419
vt 0.23263 0.68548
vt 0.24449 0.68548
vt 0.24014 0.68718
vt 0.49873 0.90971
vt 0.49534 0.91694
vt 0.49873 0.92148
vt 0.49579 0.90705
vt 0.63602 0.05730
vt 0.63432 0.06280
vt 0.63602 0.06579
vt 0.22786 0.01242
vt 0.21907 0.00637
vt 0.22839 0.00637
vt 0.21940 0.01401
vt 0.76737 0.67699
vt 0.76737 0.66940
vt 0.76215 0.67391
vt 0.76144 0.66851
vt 0.08145 0.45188
vt 0.09444 0.44511
vt 0.10748 0.44922
vt 0.10624 0.45665
vt 0.09088 0.44488
vt 0.07754 0.45042
vt 0.07895 0.45566
vt 0.07881 0.45441
vt 0.99195 0.90861
vt 0.99302 0.91808
vt 0.99359 0.91182
vt 0.99534 0.90620
vt 0.99534 0.91021
vt 0.92922 0.20586
vt 0.92754 0.20076
vt 0.93008 0.20076
vt 0.99364 0.26188
vt 0.99958 0.26188
vt 0.99589 0.26528
vt 0.70846 0.55660
vt 0.70351 0.55486
vt 0.70624 0.56070
vt 0.69788 0.55411
vt 0.70944 0.55956
vt 0.71086 0.55179
vt 0.71737 0.55934
vt 0.71674 0.55136
vt 0.70190 0.55136
vt 0.22754 0.92416
vt 0.23059 0.93103
vt 0.23027 0.92494
vt 0.23301 0.92680
vt 0.23602 0.93166
vt 0.23602 0.92283
vt 0.22967 0.92233
vt 0.48686 0.48599
vt 0.50805 0.48599
vt 0.48962 0.49278
vt 0.58403 0.60331
vt 0.58281 0.60590
vt 0.57569 0.60420
vt 0.58902 0.60603
vt 0.58984 0.60699
vt 0.59142 0.63873
vt 0.57928 0.62680
vt 0.57682 0.63983
vt 0.57039 0.63291
vt 0.56813 0.60452
vt 0.56629 0.60842
vt 0.56026 0.60652
vt 0.56414 0.64124
vt 0.55746 0.62847
vt 0.56440 0.64249
vt 0.56649 0.65289
vt 0.55636 0.61286
vt 0.55850 0.60018
vt 0.56498 0.59550
vt 0.58760 0.64827
vt 0.58031 0.65341
vt 0.58969 0.65572
vt 0.60178 0.65532
vt 0.57127 0.65653
vt 0.59154 0.60485
vt 0.59748 0.62875
vt 0.57745 0.65657
vt 0.59943 0.60295
vt 0.37517 0.29499
vt 0.39449 0.28311
vt 0.36907 0.28311
vt 0.52311 0.06060
vt 0.51867 0.05645
vt 0.52366 0.06324
vt 0.51314 0.05896
vt 0.52924 0.05645
vt 0.56653 0.84083
vt 0.56314 0.84707
vt 0.56653 0.86545
vt 0.36568 0.93709
vt 0.36664 0.94171
vt 0.36907 0.94440
vt 0.36907 0.92572
vt 0.66568 0.78735
vt 0.65636 0.79321
vt 0.65935 0.78770
vt 0.66346 0.79584
vt 0.65636 0.78735
vt 0.26177 0.22538
vt 0.27161 0.22442
vt 0.26534 0.22298
vt 0.25720 0.22029
vt 0.26889 0.22173
vt 0.26639 0.22029
vt 0.76260 0.56155
vt 0.77415 0.55900
vt 0.76214 0.55976
vt 0.98347 0.70766
vt 0.97839 0.71167
vt 0.98347 0.72199
vt 0.45469 0.72236
vt 0.45959 0.72775
vt 0.45904 0.73557
vt 0.46144 0.73727
vt 0.46144 0.70840
vt 0.45612 0.73378
vt 0.45381 0.73079
vt 0.26306 0.02366
vt 0.26595 0.01966
vt 0.25993 0.02263
vt 0.25636 0.02030
vt 0.97382 0.96923
vt 0.96992 0.97188
vt 0.97415 0.97258
vt 0.97181 0.97450
vt 0.97382 0.97666
vt 0.97120 0.95883
vt 0.60641 0.92883
vt 0.58722 0.93754
vt 0.59275 0.92210
vt 0.60668 0.93819
vt 0.58534 0.92535
vt 0.55760 0.92401
vt 0.57248 0.91690
vt 0.55655 0.92137
vt 0.60192 0.91987
vt 0.59257 0.94525
vt 0.60689 0.94501
vt 0.58598 0.94958
vt 0.57346 0.94388
vt 0.55658 0.93651
vt 0.55297 0.94435
vt 0.55650 0.91334
vt 0.55403 0.92955
vt 0.60777 0.91819
vt 0.57973 0.91515
vt 0.59030 0.91099
vt 0.57377 0.90945
vt 0.57179 0.90781
vt 0.56620 0.91028
vt 0.56936 0.91033
vt 0.60845 0.90827
vt 0.56346 0.90948
vt 0.57455 0.90336
vt 0.56033 0.90341
vt 0.60764 0.90303
vt 0.58788 0.89559
vt 0.60501 0.89905
vt 0.59931 0.89076
vt 0.57600 0.89840
vt 0.56660 0.90048
vt 0.41943 0.02604
vt 0.40890 0.02891
vt 0.41990 0.03098
vt 0.41017 0.03036
vt 0.52919 0.96068
vt 0.53093 0.95374
vt 0.53093 0.96307
vt 0.52839 0.95522
vt 0.26715 0.04796
vt 0.26470 0.05272
vt 0.26722 0.05232
vt 0.26822 0.05062
vt 0.25720 0.04796
vt 0.26192 0.05390
vt 0.28495 0.29839
vt 0.27801 0.29329
vt 0.28320 0.29361
vt 0.28787 0.29329
vt 0.29195 0.29494
vt 0.08585 0.58699
vt 0.08432 0.58428
vt 0.08569 0.59126
vt 0.07669 0.08786
vt 0.09723 0.08022
vt 0.07941 0.08022
vt 0.55381 0.05394
vt 0.54958 0.05390
vt 0.55027 0.06717
vt 0.55381 0.06749
vt 0.19844 0.10823
vt 0.20127 0.11577
vt 0.19788 0.11663
vt 0.20127 0.12521
vt 0.94364 0.44015
vt 0.95028 0.44173
vt 0.95089 0.44440
vt 0.95212 0.44015
vt 0.72025 0.07205
vt 0.70739 0.06749
vt 0.71215 0.07962
vt 0.71495 0.06749
vt 0.70828 0.07604
vt 0.72029 0.07748
vt 0.70636 0.08022
vt 0.72669 0.07492
vt 0.51041 0.10908
vt 0.51653 0.10399
vt 0.50569 0.10399
vt 0.45131 0.86749
vt 0.44619 0.86460
vt 0.44889 0.87309
vt 0.93093 0.92997
vt 0.93324 0.94313
vt 0.94506 0.94217
vt 0.94534 0.92997
vt 0.93569 0.94610
vt 0.57560 0.98090
vt 0.57415 0.97581
vt 0.57924 0.97581
vt 0.63008 0.86121
vt 0.63008 0.85102
vt 0.62415 0.85948
vt 0.97839 0.33443
vt 0.98263 0.33913
vt 0.98263 0.33149
vt 0.93708 0.73176
vt 0.94449 0.72495
vt 0.93686 0.72525
vt 0.94449 0.73472
vt 0.94369 0.72029
vt 0.59958 0.37871
vt 0.59321 0.37632
vt 0.59574 0.36817
vt 0.59958 0.36800
vt 0.59289 0.37903
vt 0.58517 0.37787
vt 0.61483 0.82027
vt 0.61623 0.82112
vt 0.61907 0.82895
vt 0.61907 0.81367
vt 0.86340 0.05221
vt 0.86177 0.05175
vt 0.86398 0.05475
vt 0.85466 0.05163
vt 0.85767 0.04966
vt 0.87161 0.04966
vt 0.72334 0.33206
vt 0.72516 0.34499
vt 0.72061 0.33523
vt 0.72216 0.34924
vt 0.71828 0.33312
vt 0.72789 0.35443
vt 0.72099 0.32980
vt 0.72316 0.33020
vt 0.72161 0.31878
vt 0.71139 0.33100
vt 0.71059 0.32290
vt 0.71380 0.30621
vt 0.72445 0.30642
vt 0.71687 0.29414
vt 0.72839 0.29428
vt 0.72591 0.35314
vt 0.72832 0.36150
vt 0.72042 0.35053
vt 0.72839 0.36800
vt 0.88777 0.45960
vt 0.89703 0.46225
vt 0.88771 0.45543
vt 0.89703 0.45581
vt 0.88871 0.46392
vt 0.99534 0.19312
vt 0.98846 0.19687
vt 0.98686 0.19925
vt 0.99534 0.19992
vt 0.09110 0.00127
vt 0.08517 0.00127
vt 0.08732 0.00430
vt 0.08849 0.00722
vt 0.16653 0.41553
vt 0.16653 0.42317
vt 0.16448 0.42095
vt 0.16144 0.41909
vt 0.80466 0.50382
vt 0.80466 0.49788
vt 0.80212 0.50159
vt 0.07924 0.55655
vt 0.07528 0.55171
vt 0.06992 0.55900
vt 0.07017 0.55136
vt 0.07825 0.55136
vt 0.12924 0.30178
vt 0.12924 0.31027
vt 0.12246 0.30541
vt 0.12253 0.30905
vt 0.84873 0.75594
vt 0.84873 0.74830
vt 0.84534 0.75037
vt 0.98706 0.51995
vt 0.99110 0.51865
vt 0.98500 0.51162
vt 0.98263 0.51827
vt 0.99110 0.50976
vt 0.34280 0.27716
vt 0.33517 0.28650
vt 0.33555 0.27808
vt 0.34280 0.28529
vt 0.35555 0.20570
vt 0.35890 0.20076
vt 0.34805 0.20076
vt 0.34788 0.20671
vt 0.47415 0.97241
vt 0.48093 0.97241
vt 0.47593 0.97666
vt 0.65208 0.25085
vt 0.64873 0.24576
vt 0.65297 0.24576
vt 0.64881 0.24931
vt 0.88722 0.94656
vt 0.88775 0.95917
vt 0.88409 0.95707
vt 0.88206 0.94015
vt 0.87924 0.95850
vt 0.88198 0.96222
vt 0.89619 0.96124
vt 0.89619 0.94605
vt 0.39619 0.05946
vt 0.39232 0.06262
vt 0.39110 0.06864
vt 0.39619 0.07003
vt 0.38856 0.05730
vt 0.64975 0.75849
vt 0.65720 0.74660
vt 0.64958 0.74660
vt 0.65520 0.75738
vt 0.76992 0.96301
vt 0.77585 0.95119
vt 0.77115 0.95513
vt 0.77585 0.96307
vt 0.99534 0.50042
vt 0.99534 0.49432
vt 0.99195 0.49641
vt 0.99395 0.49024
vt 0.96057 0.32786
vt 0.96822 0.32385
vt 0.95466 0.32385
vt 0.95519 0.32729
vt 0.96695 0.32889
vt 0.95975 0.33404
vt 0.66474 0.74070
vt 0.66373 0.73417
vt 0.66659 0.73617
vt 0.67331 0.73407
vt 0.66944 0.73132
vt 0.66229 0.73872
vt 0.66364 0.74395
vt 0.67331 0.74406
vt 0.35212 0.00042
vt 0.35072 0.00806
vt 0.34703 0.00042
vt 0.74770 0.11524
vt 0.74619 0.10993
vt 0.75212 0.10993
vt 0.75039 0.11672
vt 0.71452 0.75934
vt 0.71398 0.75255
vt 0.71737 0.75255
vt 0.98247 0.18293
vt 0.98677 0.18379
vt 0.97669 0.17869
vt 0.98856 0.17869
vt 0.07754 0.99533
vt 0.07311 0.99873
vt 0.06568 0.99533
vt 0.86464 0.99788
vt 0.85890 0.99792
vt 0.86309 0.99958
vt 0.86907 0.99792
vt 0.97144 0.45708
vt 0.97188 0.45355
vt 0.96822 0.45309
vt 0.96897 0.44966
vt 0.97256 0.46392
vt 0.97500 0.46128
vt 0.97299 0.45538
vt 0.97240 0.45083
vt 0.97241 0.44791
vt 0.97369 0.44973
vt 0.97500 0.44694
vt 0.25564 0.24830
vt 0.25749 0.24725
vt 0.25372 0.24491
vt 0.25310 0.24696
vt 0.25213 0.24550
vt 0.26398 0.24508
vt 0.25127 0.24508
vt 0.06907 0.08447
vt 0.05002 0.08786
vt 0.04449 0.08447
vt 0.14708 0.75726
vt 0.15007 0.76019
vt 0.14893 0.75679
vt 0.16229 0.75679
vt 0.14619 0.75935
vt 0.78841 0.94071
vt 0.78131 0.95034
vt 0.77653 0.94465
vt 0.77076 0.92997
vt 0.78941 0.92997
vt 0.78817 0.94935
vt 0.56483 0.34932
vt 0.55091 0.35102
vt 0.54873 0.34932
vt 0.23604 0.67784
vt 0.23517 0.67615
vt 0.24195 0.67615
vt 0.24025 0.51401
vt 0.24025 0.50976
vt 0.23941 0.51251
vt 0.99534 0.54626
vt 0.99195 0.54046
vt 0.99534 0.53644
vt 0.99430 0.53438
vt 0.57729 0.61672
vt 0.57331 0.60993
vt 0.57839 0.60993
vt 0.89619 0.85866
vt 0.89619 0.85102
vt 0.89364 0.85832
vt 0.96737 0.81919
vt 0.97669 0.81367
vt 0.97669 0.82593
vt 0.97061 0.82640
vt 0.96989 0.81494
vt 0.32076 0.15662
vt 0.31228 0.15917
vt 0.30551 0.15662
vt 0.11737 0.23896
vt 0.12246 0.23896
vt 0.11788 0.24660
vt 0.18188 0.04992
vt 0.19280 0.05054
vt 0.18536 0.04202
vt 0.18935 0.05544
vt 0.17846 0.04202
vt 0.17839 0.05560
vt 0.75381 0.23896
vt 0.75381 0.25000
vt 0.75073 0.24345
vt 0.75294 0.24924
vt 0.74449 0.24395
vt 0.74809 0.24154
vt 0.42669 0.76443
vt 0.42554 0.77437
vt 0.42214 0.77171
vt 0.42125 0.76514
vt 0.41822 0.77358
vt 0.42669 0.77971
vt 0.96737 0.06324
vt 0.97161 0.06324
vt 0.97036 0.06919
vt 0.58347 0.46982
vt 0.58771 0.47496
vt 0.58771 0.46902
vt 0.32168 0.76888
vt 0.31144 0.75966
vt 0.31547 0.76845
vt 0.31584 0.76952
vt 0.31352 0.75679
vt 0.32246 0.75679
vt 0.90281 0.54762
vt 0.89905 0.55672
vt 0.89760 0.54707
vt 0.90337 0.55692
vt 0.90805 0.54457
vt 0.90805 0.56070
vt 0.89461 0.54690
vt 0.89587 0.55826
vt 0.88696 0.54695
vt 0.88686 0.55798
vt 0.99449 0.83744
vt 0.99449 0.84615
vt 0.98856 0.84380
vt 0.98955 0.84677
vt 0.38762 0.02844
vt 0.38263 0.02674
vt 0.39195 0.02674
vt 0.29364 0.77122
vt 0.28882 0.77631
vt 0.28686 0.77228
vt 0.29364 0.77632
vt 0.99703 0.91305
vt 0.99958 0.91978
vt 0.99958 0.91129
vt 0.76193 0.14813
vt 0.75720 0.14643
vt 0.76314 0.14643
vt 0.04919 0.75764
vt 0.04703 0.75594
vt 0.05212 0.75594
vt 0.20381 0.09380
vt 0.20324 0.09805
vt 0.20042 0.09380
vt 0.62331 0.60059
vt 0.62076 0.59651
vt 0.62331 0.59549
vt 0.62259 0.59380
vt 0.06737 0.44525
vt 0.06077 0.45119
vt 0.05805 0.44525
vt 0.92957 0.27971
vt 0.93562 0.27777
vt 0.93495 0.28267
vt 0.92839 0.28327
vt 0.93093 0.27292
vt 0.93217 0.29160
vt 0.93139 0.28658
vt 0.94025 0.28120
vt 0.94025 0.28975
vt 0.21674 0.57767
vt 0.21992 0.58531
vt 0.21851 0.57891
vt 0.21653 0.58354
vt 0.21992 0.58016
vt 0.96578 0.77395
vt 0.95890 0.77207
vt 0.97109 0.77971
vt 0.97500 0.77207
vt 0.25623 0.98939
vt 0.25381 0.98599
vt 0.26059 0.98599
vt 0.02693 0.88464
vt 0.02232 0.87564
vt 0.01854 0.87961
vt 0.02038 0.88667
vt 0.01619 0.87627
vt 0.03022 0.87703
vt 0.03686 0.87564
vt 0.01314 0.88453
vt 0.01504 0.88402
vt 0.86474 0.62920
vt 0.85583 0.63209
vt 0.85702 0.62392
vt 0.86336 0.62311
vt 0.85132 0.62007
vt 0.86483 0.61503
vt 0.86483 0.63507
vt 0.86114 0.64559
vt 0.85792 0.64302
vt 0.84788 0.63147
vt 0.84911 0.62537
vt 0.41737 0.87394
vt 0.41737 0.86036
vt 0.41398 0.86211
vt 0.99110 0.36460
vt 0.99110 0.34932
vt 0.98856 0.35263
vt 0.45572 0.31307
vt 0.45975 0.31321
vt 0.45479 0.31849
vt 0.45778 0.32210
vt 0.45747 0.31027
vt 0.45235 0.32313
vt 0.44969 0.31503
vt 0.45661 0.32725
vt 0.44889 0.31027
vt 0.44873 0.31214
vt 0.67924 0.26358
vt 0.67627 0.27037
vt 0.67442 0.26917
vt 0.67415 0.26358
vt 0.99626 0.08331
vt 0.99788 0.08956
vt 0.99534 0.08890
vt 0.99788 0.08192
vt 0.36144 0.73302
vt 0.36658 0.73727
vt 0.36907 0.73302
vt 0.36289 0.73711
vt 0.99958 0.30171
vt 0.99619 0.30460
vt 0.99643 0.30008
vt 0.99958 0.30688
vt 0.94912 0.87482
vt 0.94793 0.87900
vt 0.95164 0.87752
vt 0.94460 0.87383
vt 0.94514 0.86885
vt 0.95722 0.86885
vt 0.95581 0.87527
vt 0.94364 0.88243
vt 0.95805 0.87959
vt 0.43046 0.22963
vt 0.42022 0.23488
vt 0.43160 0.24602
vt 0.44545 0.23047
vt 0.43803 0.24841
vt 0.44577 0.24610
vt 0.41658 0.25070
vt 0.42376 0.25261
vt 0.41589 0.22963
vt 0.40466 0.23124
vt 0.40562 0.24974
vt 0.43064 0.25069
vt 0.44457 0.24821
vt 0.44074 0.25934
vt 0.45212 0.25166
vt 0.57458 0.80541
vt 0.57354 0.79127
vt 0.58407 0.80132
vt 0.56947 0.79428
vt 0.58072 0.80469
vt 0.58477 0.80942
vt 0.58517 0.80534
vt 0.56933 0.80248
vt 0.56568 0.79750
vt 0.58026 0.79527
vt 0.57982 0.79342
vt 0.57931 0.78789
vt 0.58156 0.79392
vt 0.58029 0.78396
vt 0.58517 0.78507
vt 0.72648 0.56130
vt 0.71907 0.55475
vt 0.72036 0.56155
vt 0.72669 0.55475
vt 0.08347 0.51316
vt 0.09110 0.51316
vt 0.08543 0.51910
vt 0.05817 0.96830
vt 0.07294 0.96986
vt 0.07018 0.96711
vt 0.07415 0.96307
vt 0.05720 0.96307
vt 0.76204 0.36555
vt 0.77024 0.36121
vt 0.75598 0.36121
vt 0.76714 0.36435
vt 0.75466 0.36836
vt 0.77076 0.36727
vt 0.76335 0.36776
vt 0.76337 0.37139
vt 0.95352 0.50054
vt 0.96907 0.50552
vt 0.95483 0.50476
vt 0.96907 0.50042
vt 0.94873 0.50394
vt 0.99449 0.21745
vt 0.99184 0.21265
vt 0.99110 0.21930
vt 0.99449 0.22284
vt 0.92869 0.72616
vt 0.92307 0.72456
vt 0.92888 0.72269
vt 0.92416 0.71958
vt 0.93076 0.71520
vt 0.92714 0.71520
vt 0.92202 0.73161
vt 0.93602 0.72644
vt 0.93550 0.71705
vt 0.93453 0.73217
vt 0.92076 0.72159
vt 0.99703 0.56749
vt 0.99703 0.55985
vt 0.99364 0.56422
vt 0.19591 0.57677
vt 0.21096 0.58827
vt 0.20892 0.57692
vt 0.19503 0.58830
vt 0.20583 0.56879
vt 0.19449 0.56834
vt 0.21386 0.58190
vt 0.21447 0.59203
vt 0.21483 0.57771
vt 0.20784 0.56834
vt 0.21355 0.59635
vt 0.58602 0.96902
vt 0.57924 0.96914
vt 0.58602 0.97241
vt 0.18928 0.70586
vt 0.19280 0.70464
vt 0.18856 0.70058
vt 0.19280 0.69822
vt 0.79123 0.30674
vt 0.80975 0.32266
vt 0.79041 0.32356
vt 0.80947 0.30828
vt 0.79025 0.33588
vt 0.80973 0.33756
vt 0.80973 0.29704
vt 0.79931 0.29669
vt 0.79102 0.29867
vt 0.79834 0.33829
vt 0.76653 0.07225
vt 0.76309 0.07063
vt 0.76462 0.07683
vt 0.76700 0.06834
vt 0.74364 0.06834
vt 0.76907 0.07227
vt 0.30890 0.38073
vt 0.31398 0.38073
vt 0.30942 0.38413
vt 0.07161 0.70377
vt 0.06609 0.70501
vt 0.06672 0.69907
vt 0.07161 0.69918
vt 0.06398 0.70340
vt 0.99025 0.26783
vt 0.99025 0.27547
vt 0.98517 0.27463
vt 0.98661 0.26895
vt 0.79873 0.15153
vt 0.79915 0.14728
vt 0.80005 0.14933
vt 0.80657 0.15058
vt 0.81483 0.14728
vt 0.35418 0.68039
vt 0.34958 0.67869
vt 0.35636 0.67869
vt 0.75042 0.80178
vt 0.75042 0.79754
vt 0.74788 0.79849
vt 0.91653 0.02334
vt 0.91901 0.02589
vt 0.91901 0.02495
vt 0.92076 0.02334
vt 0.42285 0.62943
vt 0.41666 0.62861
vt 0.42152 0.63365
vt 0.42638 0.62861
vt 0.41503 0.63297
vt 0.41890 0.63538
vt 0.42234 0.63622
vt 0.41843 0.63757
vt 0.41398 0.63405
vt 0.42676 0.62942
vt 0.43263 0.63268
vt 0.73856 0.55306
vt 0.73681 0.55560
vt 0.73670 0.55366
vt 0.73432 0.55306
vt 0.99958 0.47666
vt 0.99958 0.48175
vt 0.99476 0.47835
vt 0.99449 0.48010
vt 0.26992 0.69907
vt 0.27496 0.70586
vt 0.27610 0.70142
vt 0.30381 0.69907
vt 0.52931 0.54650
vt 0.53213 0.55132
vt 0.52924 0.55289
vt 0.53347 0.55358
vt 0.53038 0.54711
vt 0.53347 0.54542
vt 0.11144 0.15662
vt 0.11653 0.15662
vt 0.11266 0.15917
vt 0.85150 0.19228
vt 0.84684 0.19493
vt 0.85202 0.19597
vt 0.85466 0.19536
vt 0.85404 0.19813
vt 0.85059 0.19854
vt 0.84449 0.19907
vt 0.84631 0.19228
vt 0.84586 0.19575
vt 0.84052 0.01995
vt 0.83686 0.01910
vt 0.84449 0.01910
vt 0.46653 0.17275
vt 0.46653 0.16256
vt 0.46483 0.17017
vt 0.99634 0.58461
vt 0.99534 0.58906
vt 0.99958 0.58447
vt 0.99958 0.59041
vt 0.32835 0.36773
vt 0.33178 0.37224
vt 0.33178 0.36630
vt 0.32754 0.36905
vt 0.43587 0.82433
vt 0.43426 0.81025
vt 0.44275 0.81564
vt 0.42264 0.81406
vt 0.42161 0.82430
vt 0.44039 0.80688
vt 0.44424 0.80735
vt 0.44619 0.81478
vt 0.44301 0.82863
vt 0.44619 0.83234
vt 0.77294 0.43116
vt 0.77751 0.42233
vt 0.77959 0.43400
vt 0.77962 0.41978
vt 0.78432 0.43246
vt 0.91379 0.58902
vt 0.92331 0.57304
vt 0.92331 0.58747
vt 0.91865 0.59465
vt 0.91059 0.57795
usemtl pershing_turret
s 1
f 12/12 11/11 13/13
f 5/5 11/11 12/12
f 2/2 5/5 1/1
f 4/4 1/1 5/5
f 4/4 3/3 1/1
f 6/6 4/4 7/7
f 3/3 4/4 6/6
f 6/6 7/7 8/8
f 9/9 6/6 8/8
f 9/9 8/8 10/10
f 27/27 33/33 34/34
f 26/26 33/33 27/27
f 25/25 26/26 27/27
f 25/25 24/24 26/26
f 37/37 33/33 26/26
f 23/23 24/24 25/25
f 19/19 24/24 23/23
f 19/19 30/30 24/24
f 24/24 30/30 31/31
f 33/33 35/35 34/34
f 34/34 35/35 36/36
f 18/18 29/29 19/19
f 45/45 46/46 47/47
f 18/18 32/32 29/29
f 21/21 19/19 23/23
f 17/17 18/18 19/19
f 19/19 21/21 17/17
f 20/20 18/18 17/17
f 14/14 15/15 16/16
f 22/22 17/17 21/21
f 22/22 28/28 17/17
f 38/38 28/28 22/22
f 28/28 38/38 39/39
f 20/20 17/17 28/28
f 40/40 28/28 39/39
f 28/28 40/40 41/41
f 41/41 40/40 44/44
f 28/28 41/41 20/20
f 41/41 42/42 20/20
f 41/41 43/43 42/42
f 50/50 49/49 48/48
f 70/70 69/69 71/71
f 69/69 70/70 59/59
f 86/86 70/70 71/71
f 53/53 52/52 51/51
f 68/68 59/59 67/67
f 87/87 85/85 86/86
f 86/86 85/85 83/83
f 84/84 83/83 85/85
f 87/87 84/84 85/85
f 84/84 82/82 83/83
f 83/83 82/82 64/64
f 82/82 66/66 64/64
f 66/66 65/65 64/64
f 64/64 62/62 54/54
f 65/65 62/62 64/64
f 54/54 70/70 64/64
f 54/54 59/59 70/70
f 66/66 79/79 65/65
f 79/79 80/80 65/65
f 90/90 80/80 92/92
f 81/81 65/65 80/80
f 63/63 91/91 90/90
f 58/58 62/62 63/63
f 58/58 54/54 62/62
f 88/88 90/90 92/92
f 88/88 63/63 90/90
f 58/58 63/63 88/88
f 59/59 60/60 61/61
f 59/59 61/61 67/67
f 56/56 60/60 59/59
f 76/76 78/78 77/77
f 55/55 76/76 77/77
f 73/73 76/76 55/55
f 54/54 56/56 59/59
f 54/54 55/55 56/56
f 58/58 55/55 54/54
f 57/57 55/55 58/58
f 72/72 55/55 57/57
f 72/72 73/73 55/55
f 74/74 72/72 57/57
f 57/57 58/58 88/88
f 88/88 89/89 57/57
f 74/74 75/75 72/72
f 96/96 93/93 95/95
f 93/93 94/94 95/95
f 99/99 105/105 106/106
f 99/99 104/104 105/105
f 100/100 97/97 99/99
f 97/97 98/98 99/99
f 97/97 100/100 101/101
f 101/101 103/103 102/102
f 102/102 97/97 101/101
f 99/99 107/107 100/100
f 118/118 120/120 117/117
f 118/118 117/117 108/108
f 118/118 108/108 119/119
f 112/112 108/108 117/117
f 111/111 108/108 112/112
f 111/111 109/109 108/108
f 108/108 109/109 110/110
f 109/109 111/111 113/113
f 121/121 122/122 123/123
f 114/114 109/109 113/113
f 115/115 114/114 113/113
f 124/124 125/125 126/126
f 116/116 115/115 113/113
f 129/129 128/128 130/130
f 128/128 131/131 130/130
f 127/127 128/128 129/129
f 129/129 132/132 127/127
f 132/132 129/129 133/133
f 138/138 137/137 140/140
f 137/137 138/138 139/139
f 134/134 135/135 136/136
f 142/142 141/141 143/143
f 147/147 148/148 149/149
f 147/147 149/149 150/150
f 144/144 145/145 146/146
f 151/151 152/152 153/153
f 157/157 156/156 155/155
f 158/158 155/155 154/154
f 154/154 155/155 156/156
f 159/159 160/160 161/161
f 165/165 164/164 163/163
f 162/162 163/163 164/164
f 162/162 164/164 166/166
f 167/167 168/168 169/169
f 173/173 172/172 171/171
f 170/170 171/171 172/172
f 171/171 170/170 175/175
f 176/176 172/172 174/174
f 173/173 174/174 172/172
f 179/179 178/178 180/180
f 177/177 178/178 179/179
f 177/177 179/179 182/182
f 178/178 181/181 180/180
f 183/183 184/184 185/185
f 186/186 187/187 188/188
f 189/189 186/186 188/188
f 190/190 191/191 192/192
f 195/195 196/196 193/193
f 194/194 193/193 197/197
f 193/193 194/194 195/195
f 201/201 202/202 203/203
f 241/241 245/245 244/244
f 203/203 206/206 201/201
f 243/243 246/246 251/251
f 204/204 201/201 205/205
f 201/201 204/204 202/202
f 206/206 207/207 201/201
f 242/242 241/241 244/244
f 222/222 224/224 241/241
f 242/242 222/222 241/241
f 246/246 243/243 224/224
f 246/246 224/224 247/247
f 224/224 243/243 241/241
f 222/222 223/223 224/224
f 248/248 247/247 250/250
f 288/288 289/289 290/290
f 198/198 199/199 200/200
f 223/223 238/238 250/250
f 238/238 283/283 250/250
f 220/220 237/237 221/221
f 214/214 223/223 222/222
f 214/214 222/222 215/215
f 223/223 214/214 238/238
f 214/214 215/215 212/212
f 219/219 220/220 221/221
f 219/219 212/212 220/220
f 219/219 217/217 212/212
f 217/217 216/216 212/212
f 216/216 213/213 212/212
f 218/218 216/216 217/217
f 287/287 284/284 286/286
f 284/284 285/285 286/286
f 236/236 214/214 208/208
f 209/209 210/210 250/250
f 208/208 214/214 212/212
f 208/208 212/212 211/211
f 211/211 212/212 213/213
f 213/213 240/240 211/211
f 213/213 249/249 240/240
f 258/258 259/259 261/261
f 262/262 258/258 261/261
f 260/260 259/259 257/257
f 257/257 259/259 258/258
f 295/295 296/296 297/297
f 227/227 226/226 217/217
f 225/225 218/218 217/217
f 225/225 217/217 226/226
f 234/234 228/228 217/217
f 228/228 234/234 235/235
f 228/228 227/227 217/217
f 228/228 233/233 230/230
f 229/229 228/228 230/230
f 228/228 229/229 227/227
f 229/229 232/232 227/227
f 291/291 292/292 293/293
f 291/291 294/294 292/292
f 282/282 239/239 252/252
f 239/239 232/232 229/229
f 252/252 239/239 229/229
f 231/231 229/229 230/230
f 229/229 253/253 252/252
f 255/255 254/254 229/229
f 257/257 258/258 256/256
f 257/257 256/256 255/255
f 255/255 256/256 254/254
f 267/267 255/255 229/229
f 266/266 268/268 265/265
f 266/266 269/269 268/268
f 266/266 270/270 269/269
f 266/266 271/271 270/270
f 263/263 265/265 260/260
f 278/278 271/271 266/266
f 271/271 272/272 270/270
f 273/273 272/272 271/271
f 273/273 274/274 272/272
f 275/275 274/274 273/273
f 276/276 274/274 275/275
f 277/277 274/274 276/276
f 257/257 263/263 260/260
f 264/264 257/257 255/255
f 266/266 265/265 263/263
f 278/278 279/279 280/280
f 281/281 278/278 280/280
f 279/279 278/278 266/266
f 298/298 299/299 300/300
f 301/301 302/302 303/303
f 305/305 307/307 306/306
f 304/304 305/305 306/306
f 310/310 312/312 308/308
f 308/308 309/309 310/310
f 311/311 310/310 309/309
f 313/313 314/314 315/315
f 316/316 317/317 318/318
f 319/319 320/320 321/321
f 319/319 322/322 320/320
f 323/323 324/324 325/325
f 326/326 327/327 328/328
f 332/332 331/331 335/335
f 331/331 332/332 329/329
f 329/329 330/330 331/331
f 333/333 329/329 334/334
f 329/329 333/333 330/330
f 335/335 331/331 336/336
f 337/337 338/338 339/339
f 340/340 341/341 342/342
f 348/348 349/349 350/350
f 343/343 345/345 347/347
f 343/343 344/344 345/345
f 346/346 344/344 343/343
f 351/351 352/352 353/353
f 355/355 356/356 357/357
f 354/354 352/352 351/351
f 362/362 358/358 361/361
f 358/358 360/360 361/361
f 358/358 359/359 360/360
f 363/363 364/364 365/365
f 365/365 366/366 363/363
f 371/371 367/367 369/369
f 367/367 368/368 369/369
f 370/370 368/368 367/367
f 373/373 372/372 375/375
f 372/372 373/373 374/374
f 376/376 377/377 378/378
f 379/379 376/376 378/378
f 382/382 381/381 383/383
f 380/380 381/381 382/382
f 384/384 385/385 386/386
f 386/386 387/387 384/384
f 388/388 390/390 391/391
f 388/388 389/389 390/390
f 392/392 393/393 394/394
f 395/395 396/396 397/397
f 401/401 402/402 403/403
f 398/398 399/399 400/400
f 404/404 405/405 406/406
f 407/407 408/408 409/409
f 414/414 410/410 412/412
f 410/410 411/411 412/412
f 411/411 410/410 413/413
f 442/442 441/441 429/429
f 441/441 442/442 443/443
f 441/441 445/445 430/430
f 429/429 441/441 430/430
f 429/429 430/430 428/428
f 431/431 428/428 430/430
f 433/433 431/431 435/435
f 431/431 432/432 428/428
f 431/431 433/433 432/432
f 436/436 433/433 437/437
f 427/427 429/429 428/428
f 427/427 428/428 424/424
f 450/450 448/448 447/447
f 447/447 448/448 449/449
f 427/427 424/424 426/426
f 425/425 426/426 424/424
f 425/425 424/424 422/422
f 422/422 424/424 423/423
f 432/432 433/433 434/434
f 444/444 432/432 434/434
f 464/464 463/463 466/466
f 463/463 464/464 465/465
f 440/440 446/446 439/439
f 421/421 422/422 423/423
f 449/449 451/451 447/447
f 452/452 451/451 449/449
f 453/453 451/451 452/452
f 453/453 452/452 454/454
f 418/418 419/419 420/420
f 453/453 454/454 455/455
f 458/458 456/456 454/454
f 415/415 416/416 417/417
f 454/454 456/456 455/455
f 455/455 456/456 457/457
f 459/459 455/455 457/457
f 461/461 459/459 460/460
f 460/460 459/459 457/457
f 461/461 460/460 462/462
f 436/436 434/434 433/433
f 438/438 439/439 434/434
f 438/438 434/434 436/436
f 440/440 439/439 438/438
f 467/467 471/471 468/468
f 472/472 473/473 474/474
f 469/469 468/468 470/470
f 467/467 468/468 469/469
f 475/475 476/476 477/477
f 476/476 478/478 477/477
f 482/482 479/479 483/483
f 480/480 479/479 482/482
f 479/479 480/480 481/481
f 484/484 479/479 481/481
f 479/479 484/484 485/485
f 486/486 490/490 489/489
f 486/486 489/489 487/487
f 486/486 487/487 488/488
f 487/487 491/491 488/488
f 491/491 486/486 488/488
f 492/492 493/493 494/494
f 500/500 499/499 501/501
f 496/496 500/500 498/498
f 499/499 500/500 496/496
f 497/497 496/496 498/498
f 495/495 496/496 497/497
f 506/506 504/504 507/507
f 504/504 506/506 505/505
f 511/511 504/504 503/503
f 502/502 503/503 504/504
f 502/502 504/504 505/505
f 502/502 510/510 503/503
f 509/509 502/502 508/508
f 502/502 509/509 510/510
f 508/508 502/502 505/505
f 512/512 513/513 514/514
f 515/515 514/514 513/513
f 512/512 517/517 518/518
f 514/514 517/517 512/512
f 516/516 514/514 515/515
f 520/520 523/523 521/521
f 519/519 520/520 521/521
f 519/519 521/521 522/522
f 528/528 529/529 530/530
f 524/524 525/525 526/526
f 527/527 524/524 526/526
f 538/538 536/536 537/537
f 535/535 537/537 536/536
f 536/536 531/531 535/535
f 538/538 539/539 536/536
f 531/531 532/532 533/533
f 534/534 535/535 531/531
f 540/540 541/541 542/542
f 541/541 540/540 544/544
f 542/542 541/541 543/543
f 545/545 546/546 547/547
f 552/552 553/553 550/550
f 548/548 550/550 551/551
f 552/552 550/550 549/549
f 548/548 549/549 550/550
f 556/556 558/558 554/554
f 554/554 555/555 556/556
f 557/557 555/555 554/554
f 554/554 558/558 559/559
f 560/560 561/561 562/562
f 561/561 560/560 563/563
f 566/566 565/565 567/567
f 566/566 567/567 568/568
f 568/568 567/567 569/569
f 568/568 569/569 572/572
f 565/565 564/564 570/570
f 570/570 564/564 571/571
f 573/573 574/574 575/575
f 564/564 565/565 566/566
f 578/578 580/580 579/579
f 584/584 587/587 579/579
f 576/576 579/579 587/587
f 576/576 578/578 579/579
f 576/576 577/577 578/578
f 576/576 587/587 584/584
f 583/583 576/576 584/584
f 582/582 576/576 583/583
f 581/581 582/582 590/590
f 581/581 576/576 582/582
f 590/590 582/582 591/591
f 577/577 576/576 581/581
f 580/580 577/577 589/589
f 589/589 577/577 588/588
f 581/581 585/585 577/577
f 586/586 577/577 585/585
f 586/586 588/588 577/577
f 592/592 598/598 596/596
f 592/592 599/599 598/598
f 592/592 596/596 593/593
f 593/593 596/596 597/597
f 592/592 593/593 594/594
f 594/594 593/593 595/595
f 600/600 595/595 593/593
f 611/611 612/612 613/613
f 616/616 611/611 613/613
f 616/616 613/613 617/617
f 614/614 615/615 612/612
f 612/612 611/611 614/614
f 603/603 602/602 606/606
f 601/601 602/602 603/603
f 604/604 605/605 601/601
f 601/601 605/605 610/610
f 601/601 603/603 604/604
f 609/609 603/603 608/608
f 626/626 617/617 613/613
f 625/625 618/618 626/626
f 626/626 618/618 617/617
f 620/620 616/616 619/619
f 607/607 603/603 606/606
f 608/608 603/603 607/607
f 618/618 619/619 616/616
f 618/618 623/623 619/619
f 623/623 618/618 624/624
f 625/625 624/624 618/618
f 623/623 622/622 619/619
f 624/624 622/622 623/623
f 619/619 621/621 620/620
f 627/627 621/621 622/622
f 622/622 621/621 619/619
f 627/627 628/628 621/621
f 628/628 629/629 621/621
f 635/635 634/634 636/636
f 633/633 634/634 635/635
f 633/633 635/635 637/637
f 633/633 632/632 634/634
f 630/630 633/633 637/637
f 630/630 632/632 633/633
f 630/630 631/631 632/632
f 638/638 631/631 630/630
f 630/630 639/639 638/638
f 639/639 630/630 641/641
f 630/630 637/637 640/640
f 642/642 643/643 644/644
f 645/645 643/643 642/642
f 650/650 646/646 648/648
f 651/651 652/652 653/653
f 646/646 647/647 648/648
f 649/649 647/647 646/646
f 660/660 659/659 658/658
f 654/654 655/655 656/656
f 657/657 658/658 659/659
f 662/662 657/657 663/663
f 661/661 658/658 657/657
f 662/662 661/661 657/657
f 668/668 669/669 670/670
f 664/664 666/666 667/667
f 664/664 665/665 666/666
f 671/671 672/672 673/673
f 674/674 675/675 676/676
f 677/677 678/678 679/679
f 681/681 680/680 683/683
f 680/680 681/681 682/682
f 684/684 685/685 686/686
f 687/687 688/688 689/689
f 690/690 691/691 692/692
f 693/693 694/694 695/695
f 697/697 700/700 698/698
f 696/696 699/699 697/697
f 696/696 697/697 698/698
f 710/710 711/711 705/705
f 710/710 705/705 702/702
f 702/702 701/701 704/704
f 705/705 703/703 702/702
f 703/703 705/705 706/706
f 701/701 702/702 703/703
f 707/707 701/701 703/703
f 707/707 703/703 708/708
f 709/709 708/708 703/703
f 724/724 728/728 727/727
f 726/726 724/724 727/727
f 725/725 724/724 726/726
f 724/724 725/725 722/722
f 722/722 723/723 718/718
f 713/713 716/716 717/717
f 712/712 716/716 713/713
f 722/722 713/713 724/724
f 722/722 718/718 713/713
f 712/712 713/713 714/714
f 714/714 713/713 715/715
f 712/712 714/714 721/721
f 714/714 715/715 721/721
f 719/719 715/715 718/718
f 720/720 715/715 719/719
f 715/715 713/713 718/718
f 775/775 757/757 780/780
f 750/750 752/752 777/777
f 752/752 750/750 751/751
f 746/746 751/751 750/750
f 746/746 755/755 751/751
f 739/739 737/737 738/738
f 757/757 775/775 751/751
f 757/757 751/751 739/739
f 756/756 751/751 755/755
f 756/756 739/739 751/751
f 756/756 758/758 739/739
f 739/739 758/758 737/737
f 757/757 739/739 785/785
f 784/784 786/786 783/783
f 783/783 782/782 784/784
f 750/750 787/787 767/767
f 749/749 750/750 767/767
f 746/746 750/750 749/749
f 782/782 781/781 749/749
f 788/788 787/787 789/789
f 787/787 788/788 767/767
f 749/749 781/781 748/748
f 737/737 733/733 736/736
f 733/733 735/735 736/736
f 733/733 734/734 735/735
f 740/740 735/735 734/734
f 741/741 740/740 734/734
f 768/768 741/741 759/759
f 768/768 763/763 741/741
f 742/742 743/743 744/744
f 773/773 771/771 772/772
f 744/744 771/771 773/773
f 762/762 764/764 763/763
f 764/764 765/765 763/763
f 769/769 765/765 764/764
f 740/740 741/741 763/763
f 763/763 766/766 740/740
f 766/766 763/763 765/765
f 779/779 778/778 770/770
f 772/772 771/771 769/769
f 771/771 770/770 769/769
f 769/769 770/770 765/765
f 770/770 778/778 765/765
f 766/766 765/765 774/774
f 765/765 776/776 774/774
f 736/736 738/738 737/737
f 760/760 759/759 758/758
f 759/759 737/737 758/758
f 729/729 730/730 731/731
f 732/732 730/730 729/729
f 745/745 746/746 747/747
f 748/748 747/747 746/746
f 749/749 748/748 746/746
f 762/762 761/761 760/760
f 761/761 762/762 763/763
f 768/768 759/759 761/761
f 760/760 761/761 759/759
f 753/753 745/745 747/747
f 748/748 754/754 747/747
f 794/794 792/792 793/793
f 793/793 796/796 794/794
f 795/795 792/792 794/794
f 790/790 791/791 792/792
f 792/792 791/791 793/793
f 793/793 797/797 796/796
f 744/744 773/773 742/742
f 796/796 797/797 798/798
f 798/798 797/797 799/799
f 799/799 800/800 798/798
f 802/802 801/801 803/803
f 803/803 804/804 802/802
f 804/804 805/805 802/802
f 806/806 803/803 801/801
f 807/807 808/808 809/809
f 808/808 807/807 810/810
f 812/812 813/813 808/808
f 811/811 812/812 808/808
f 811/811 808/808 810/810
f 817/817 816/816 815/815
f 814/814 816/816 818/818
f 814/814 815/815 816/816
f 819/819 820/820 821/821
f 826/826 824/824 825/825
f 825/825 824/824 823/823
f 822/822 823/823 824/824
f 829/829 830/830 828/828
f 827/827 829/829 828/828
f 833/833 832/832 834/834
f 831/831 832/832 833/833
f 835/835 836/836 837/837
f 841/841 838/838 840/840
f 839/839 843/843 842/842
f 842/842 840/840 839/839
f 842/842 844/844 840/840
f 838/838 839/839 840/840
f 846/846 845/845 848/848
f 845/845 846/846 847/847
f 852/852 851/851 850/850
f 851/851 852/852 853/853
f 854/854 849/849 851/851
f 849/849 850/850 851/851
f 853/853 854/854 851/851
f 855/855 856/856 857/857
f 858/858 859/859 860/860
f 861/861 862/862 863/863
f 864/864 866/866 865/865
f 867/867 869/869 868/868
f 876/876 875/875 872/872
f 872/872 873/873 874/874
f 871/871 873/873 872/872
f 875/875 870/870 872/872
f 870/870 871/871 872/872
f 875/875 877/877 870/870
f 886/886 887/887 888/888
f 885/885 887/887 886/886
f 884/884 886/886 888/888
f 884/884 885/885 886/886
f 878/878 879/879 880/880
f 881/881 882/882 883/883
f 896/896 890/890 895/895
f 896/896 895/895 897/897
f 895/895 890/890 889/889
f 889/889 890/890 891/891
f 893/893 889/889 892/892
f 889/889 891/891 892/892
f 894/894 893/893 892/892
f 899/899 902/902 900/900
f 899/899 898/898 901/901
f 898/898 899/899 900/900
f 906/906 907/907 908/908
f 903/903 904/904 905/905
f 909/909 910/910 911/911
f 918/918 912/912 919/919
f 917/917 912/912 918/918
f 912/912 917/917 913/913
f 913/913 915/915 914/914
f 912/912 914/914 921/921
f 912/912 913/913 914/914
f 913/913 916/916 915/915
f 920/920 916/916 913/913
f 917/917 920/920 913/913
f 931/931 932/932 936/936
f 938/938 930/930 931/931
f 931/931 929/929 932/932
f 929/929 931/931 930/930
f 932/932 929/929 933/933
f 933/933 934/934 932/932
f 930/930 938/938 928/928
f 926/926 927/927 928/928
f 935/935 927/927 926/926
f 927/927 929/929 930/930
f 935/935 929/929 927/927
f 922/922 923/923 924/924
f 923/923 922/922 925/925
f 934/934 933/933 935/935
f 935/935 937/937 934/934
f 943/943 944/944 945/945
f 942/942 941/941 940/940
f 939/939 940/940 941/941
f 950/950 947/947 951/951
f 950/950 948/948 947/947
f 946/946 947/947 948/948
f 946/946 948/948 949/949
f 954/954 953/953 955/955
f 952/952 953/953 954/954
f 956/956 952/952 954/954
f 960/960 957/957 959/959
f 962/962 963/963 964/964
f 957/957 958/958 959/959
f 961/961 958/958 957/957
f 971/971 970/970 972/972
f 965/965 967/967 970/970
f 965/965 970/970 971/971
f 965/965 966/966 967/967
f 968/968 966/966 965/965
f 973/973 966/966 969/969
f 976/976 977/977 978/978
f 968/968 969/969 966/966
f 977/977 979/979 978/978
f 974/974 973/973 969/969
f 973/973 974/974 975/975
f 980/980 981/981 982/982
f 981/981 980/980 983/983
f 987/987 986/986 985/985
f 984/984 985/985 986/986
f 991/991 992/992 993/993
f 988/988 989/989 990/990
f 996/996 995/995 998/998
f 995/995 994/994 997/997
f 994/994 995/995 996/996
f 999/999 1000/1000 1001/1001
f 1002/1002 1003/1003 1004/1004
f 1005/1005 1006/1006 1007/1007
f 1011/1011 1010/1010 1009/1009
f 1008/1008 1009/1009 1010/1010
f 1008/1008 1012/1012 1009/1009
f 1028/1028 1029/1029 1031/1031
f 1028/1028 1031/1031 1032/1032
f 1033/1033 1028/1028 1032/1032
f 1028/1028 1033/1033 1026/1026
f 1027/1027 1028/1028 1026/1026
f 1025/1025 1027/1027 1026/1026
f 1013/1013 1014/1014 1015/1015
f 1027/1027 1029/1029 1028/1028
f 1022/1022 1019/1019 1025/1025
f 1024/1024 1025/1025 1026/1026
f 1025/1025 1024/1024 1022/1022
f 1020/1020 1019/1019 1022/1022
f 1024/1024 1020/1020 1022/1022
f 1019/1019 1020/1020 1021/1021
f 1023/1023 1021/1021 1020/1020
f 1027/1027 1030/1030 1029/1029
f 1034/1034 1030/1030 1027/1027
f 1038/1038 1021/1021 1023/1023
f 1035/1035 1030/1030 1034/1034
f 1034/1034 1036/1036 1035/1035
f 1033/1033 1023/1023 1024/1024
f 1023/1023 1020/1020 1024/1024
f 1016/1016 1017/1017 1018/1018
f 1036/1036 1037/1037 1035/1035
f 1016/1016 1036/1036 1017/1017
f 1036/1036 1016/1016 1037/1037
f 1039/1039 1040/1040 1041/1041
f 1042/1042 1044/1044 1045/1045
f 1042/1042 1043/1043 1044/1044
f 1046/1046 1047/1047 1048/1048
f 1049/1049 1050/1050 1051/1051
f 1060/1060 1059/1059 1055/1055
f 1054/1054 1055/1055 1059/1059
f 1053/1053 1055/1055 1054/1054
f 1052/1052 1053/1053 1054/1054
f 1052/1052 1058/1058 1057/1057
f 1056/1056 1053/1053 1052/1052
f 1057/1057 1056/1056 1052/1052
f 1061/1061 1062/1062 1063/1063
f 1063/1063 1064/1064 1061/1061
f 1065/1065 1066/1066 1067/1067
f 1068/1068 1069/1069 1070/1070
f 1074/1074 1075/1075 1076/1076
f 1075/1075 1074/1074 1077/1077
f 1071/1071 1072/1072 1073/1073
f 1092/1092 1093/1093 1094/1094
f 1092/1092 1091/1091 1086/1086
f 1112/1112 1091/1091 1092/1092
f 1086/1086 1093/1093 1092/1092
f 1084/1084 1083/1083 1105/1105
f 1105/1105 1083/1083 1095/1095
f 1083/1083 1091/1091 1095/1095
f 1082/1082 1083/1083 1080/1080
f 1086/1086 1091/1091 1083/1083
f 1082/1082 1086/1086 1083/1083
f 1079/1079 1109/1109 1108/1108
f 1079/1079 1108/1108 1082/1082
f 1109/1109 1110/1110 1111/1111
f 1109/1109 1079/1079 1110/1110
f 1079/1079 1082/1082 1080/1080
f 1078/1078 1079/1079 1080/1080
f 1081/1081 1078/1078 1080/1080
f 1081/1081 1085/1085 1078/1078
f 1087/1087 1079/1079 1078/1078
f 1087/1087 1088/1088 1079/1079
f 1087/1087 1089/1089 1088/1088
f 1090/1090 1088/1088 1089/1089
f 1080/1080 1083/1083 1084/1084
f 1080/1080 1084/1084 1106/1106
f 1100/1100 1099/1099 1080/1080
f 1098/1098 1080/1080 1099/1099
f 1097/1097 1080/1080 1098/1098
f 1097/1097 1096/1096 1080/1080
f 1081/1081 1080/1080 1096/1096
f 1101/1101 1103/1103 1104/1104
f 1102/1102 1103/1103 1101/1101
f 1102/1102 1101/1101 1100/1100
f 1100/1100 1101/1101 1099/1099
f 1104/1104 1107/1107 1101/1101
f 1107/1107 1104/1104 1103/1103
f 1113/1113 1114/1114 1115/1115
f 1116/1116 1117/1117 1118/1118
f 1119/1119 1120/1120 1121/1121
f 1119/1119 1121/1121 1122/1122
f 1129/1129 1130/1130 1131/1131
f 1126/1126 1127/1127 1128/1128
f 1123/1123 1124/1124 1125/1125
f 1132/1132 1133/1133 1134/1134
f 1136/1136 1134/1134 1133/1133
f 1132/1132 1134/1134 1137/1137
f 1138/1138 1139/1139 1140/1140
f 1135/1135 1133/1133 1132/1132
f 1141/1141 1142/1142 1143/1143
f 1141/1141 1143/1143 1144/1144
f 1145/1145 1146/1146 1147/1147
f 1151/1151 1149/1149 1148/1148
f 1153/1153 1152/1152 1150/1150
f 1152/1152 1148/1148 1150/1150
f 1148/1148 1149/1149 1150/1150
f 1152/1152 1153/1153 1154/1154
f 1155/1155 1158/1158 1156/1156
f 1155/1155 1156/1156 1157/1157
f 1160/1160 1163/1163 1161/1161
f 1164/1164 1163/1163 1160/1160
f 1160/1160 1161/1161 1162/1162
f 1166/1166 1167/1167 1168/1168
f 1161/1161 1165/1165 1162/1162
f 1157/1157 1156/1156 1159/1159
f 1171/1171 1170/1170 1172/1172
f 1169/1169 1170/1170 1171/1171
f 1173/1173 1174/1174 1175/1175
f 1180/1180 1181/1181 1182/1182
f 1178/1178 1177/1177 1179/1179
f 1176/1176 1177/1177 1178/1178
f 1189/1189 1188/1188 1185/1185
f 1190/1190 1191/1191 1192/1192
f 1187/1187 1185/1185 1188/1188
f 1183/1183 1185/1185 1187/1187
f 1183/1183 1184/1184 1185/1185
f 1184/1184 1186/1186 1185/1185
f 1193/1193 1194/1194 1195/1195
f 1193/1193 1196/1196 1194/1194
f 1197/1197 1193/1193 1195/1195
f 1198/1198 1199/1199 1200/1200
f 1201/1201 1202/1202 1203/1203
f 1201/1201 1203/1203 1204/1204
f 1208/1208 1209/1209 1210/1210
f 1205/1205 1206/1206 1207/1207
f 1213/1213 1215/1215 1216/1216
f 1215/1215 1213/1213 1212/1212
f 1213/1213 1214/1214 1211/1211
f 1217/1217 1218/1218 1219/1219
f 1220/1220 1221/1221 1222/1222
f 1222/1222 1223/1223 1224/1224
f 1227/1227 1226/1226 1228/1228
f 1225/1225 1226/1226 1227/1227
f 1229/1229 1230/1230 1231/1231
f 1237/1237 1234/1234 1238/1238
f 1237/1237 1232/1232 1234/1234
f 1232/1232 1233/1233 1234/1234
f 1235/1235 1236/1236 1233/1233
f 1235/1235 1233/1233 1232/1232
f 1240/1240 1243/1243 1241/1241
f 1243/1243 1240/1240 1244/1244
f 1239/1239 1240/1240 1241/1241
f 1242/1242 1240/1240 1239/1239
f 1247/1247 1246/1246 1248/1248
f 1245/1245 1246/1246 1247/1247
f 1253/1253 1254/1254 1255/1255
f 1249/1249 1250/1250 1251/1251
f 1256/1256 1257/1257 1258/1258
f 1250/1250 1252/1252 1251/1251
f 1263/1263 1264/1264 1265/1265
f 1261/1261 1260/1260 1262/1262
f 1259/1259 1260/1260 1261/1261
f 1266/1266 1267/1267 1268/1268
f 1269/1269 1268/1268 1267/1267
f 1270/1270 1271/1271 1272/1272
f 1273/1273 1277/1277 1276/1276
f 1280/1280 1275/1275 1281/1281
f 1275/1275 1280/1280 1279/1279
f 1282/1282 1281/1281 1275/1275
f 1278/1278 1279/1279 1280/1280
f 1273/1273 1274/1274 1275/1275
f 1278/1278 1273/1273 1279/1279
f 1274/1274 1273/1273 1276/1276
f 1277/1277 1273/1273 1278/1278
f 1291/1291 1285/1285 1290/1290
f 1283/1283 1285/1285 1287/1287
f 1287/1287 1285/1285 1293/1293
f 1283/1283 1292/1292 1284/1284
f 1284/1284 1289/1289 1286/1286
f 1283/1283 1284/1284 1285/1285
f 1285/1285 1284/1284 1286/1286
f 1285/1285 1291/1291 1293/1293
f 1294/1294 1284/1284 1292/1292
f 1294/1294 1295/1295 1284/1284
f 1294/1294 1296/1296 1295/1295
f 1290/1290 1285/1285 1288/1288
f 1285/1285 1286/1286 1288/1288
f 1297/1297 1298/1298 1299/1299
f 1307/1307 1305/1305 1306/1306
f 1305/1305 1307/1307 1308/1308
f 1308/1308 1307/1307 1309/1309
f 1300/1300 1301/1301 1302/1302
f 1308/1308 1309/1309 1310/1310
f 1305/1305 1302/1302 1306/1306
f 1302/1302 1305/1305 1300/1300
f 1303/1303 1301/1301 1300/1300
f 1303/1303 1304/1304 1301/1301
f 1311/1311 1312/1312 1313/1313
f 1317/1317 1315/1315 1314/1314
f 1314/1314 1315/1315 1316/1316
f 1321/1321 1319/1319 1318/1318
f 1318/1318 1319/1319 1320/1320
f 1322/1322 1323/1323 1324/1324
f 1326/1326 1330/1330 1331/1331
f 1328/1328 1329/1329 1326/1326
f 1328/1328 1326/1326 1325/1325
f 1329/1329 1330/1330 1326/1326
f 1325/1325 1326/1326 1327/1327
f 1332/1332 1336/1336 1340/1340
f 1337/1337 1333/1333 1332/1332
f 1332/1332 1333/1333 1334/1334
f 1336/1336 1341/1341 1340/1340
f 1332/1332 1335/1335 1336/1336
f 1332/1332 1334/1334 1335/1335
f 1337/1337 1338/1338 1333/1333
f 1338/1338 1337/1337 1339/1339
f 1342/1342 1343/1343 1344/1344
f 1345/1345 1343/1343 1342/1342
f 1353/1353 1349/1349 1355/1355
f 1346/1346 1351/1351 1348/1348
f 1352/1352 1349/1349 1353/1353
f 1352/1352 1354/1354 1350/1350
f 1350/1350 1349/1349 1352/1352
f 1350/1350 1347/1347 1349/1349
f 1347/1347 1348/1348 1349/1349
f 1347/1347 1346/1346 1348/1348
f 1357/1357 1356/1356 1359/1359
f 1356/1356 1357/1357 1358/1358
f 1363/1363 1364/1364 1365/1365
f 1360/1360 1361/1361 1362/1362
f 1366/1366 1367/1367 1368/1368
f 1370/1370 1371/1371 1372/1372
f 1368/1368 1369/1369 1366/1366
f 1378/1378 1379/1379 1380/1380
f 1377/1377 1375/1375 1374/1374
f 1373/1373 1374/1374 1375/1375
f 1374/1374 1373/1373 1376/1376
f 1383/1383 1382/1382 1384/1384
f 1381/1381 1382/1382 1383/1383
f 1393/1393 1392/1392 1394/1394
f 1392/1392 1393/1393 1386/1386
f 1386/1386 1385/1385 1392/1392
f 1385/1385 1386/1386 1387/1387
f 1387/1387 1386/1386 1388/1388
f 1395/1395 1392/1392 1385/1385
f 1388/1388 1389/1389 1387/1387
f 1389/1389 1388/1388 1390/1390
f 1389/1389 1390/1390 1391/1391
f 1396/1396 1397/1397 1398/1398
f 1399/1399 1398/1398 1397/1397
f 1400/1400 1404/1404 1403/1403
f 1400/1400 1403/1403 1401/1401
f 1400/1400 1401/1401 1402/1402
f 1401/1401 1405/1405 1402/1402
f 1406/1406 1407/1407 1408/1408
f 1409/1409 1411/1411 1414/1414
f 1413/1413 1411/1411 1412/1412
f 1411/1411 1410/1410 1412/1412
f 1409/1409 1410/1410 1411/1411
f 1409/1409 1414/1414 1410/1410
f 1419/1419 1415/1415 1417/1417
f 1416/1416 1415/1415 1418/1418
f 1415/1415 1416/1416 1417/1417
f 1420/1420 1421/1421 1422/1422
f 1426/1426 1428/1428 1425/1425
f 1425/1425 1428/1428 1429/1429
f 1425/1425 1424/1424 1426/1426
f 1424/1424 1423/1423 1427/1427
f 1423/1423 1424/1424 1425/1425
f 1427/1427 1423/1423 1430/1430
f 1433/1433 1436/1436 1431/1431
f 1431/1431 1432/1432 1433/1433
f 1434/1434 1433/1433 1432/1432
f 1433/1433 1434/1434 1435/1435
f 1437/1437 1436/1436 1433/1433
f 1439/1439 1433/1433 1438/1438
f 1438/1438 1433/1433 1435/1435
f 1444/1444 1445/1445 1446/1446
f 1440/1440 1441/1441 1442/1442
f 1440/1440 1442/1442 1443/1443
f 1450/1450 1451/1451 1452/1452
f 1447/1447 1448/1448 1449/1449
f 1453/1453 1454/1454 1455/1455
f 1456/1456 1457/1457 1458/1458
f 1460/1460 1457/1457 1456/1456
f 1460/1460 1461/1461 1457/1457
f 1464/1464 1461/1461 1460/1460
f 1462/1462 1458/1458 1459/1459
f 1458/1458 1457/1457 1459/1459
f 1463/1463 1458/1458 1462/1462
f 1471/1471 1472/1472 1473/1473
f 1474/1474 1477/1477 1475/1475
f 1465/1465 1466/1466 1467/1467
f 1468/1468 1469/1469 1470/1470
f 1474/1474 1475/1475 1476/1476
f 1479/1479 1478/1478 1482/1482
f 1478/1478 1479/1479 1480/1480
f 1484/1484 1485/1485 1486/1486
f 1479/1479 1481/1481 1480/1480
f 1483/1483 1479/1479 1482/1482
f 1490/1490 1487/1487 1489/1489
f 1488/1488 1491/1491 1489/1489
f 1487/1487 1488/1488 1489/1489
f 1494/1494 1495/1495 1496/1496
f 1487/1487 1492/1492 1488/1488
f 1493/1493 1492/1492 1487/1487
f 1497/1497 1498/1498 1499/1499
f 1501/1501 1500/1500 1504/1504
f 1500/1500 1501/1501 1502/1502
f 1506/1506 1500/1500 1505/1505
f 1500/1500 1503/1503 1505/1505
f 1503/1503 1500/1500 1502/1502
f 1511/1511 1507/1507 1509/1509
f 1507/1507 1508/1508 1509/1509
f 1510/1510 1508/1508 1507/1507
f 1513/1513 1512/1512 1515/1515
f 1512/1512 1513/1513 1514/1514
f 1516/1516 1517/1517 1518/1518
f 1526/1526 1520/1520 1525/1525
f 1520/1520 1526/1526 1527/1527
f 1520/1520 1522/1522 1525/1525
f 1520/1520 1519/1519 1522/1522
f 1519/1519 1520/1520 1521/1521
f 1519/1519 1521/1521 1523/1523
f 1524/1524 1523/1523 1521/1521
f 1523/1523 1528/1528 1519/1519
f 1530/1530 1532/1532 1531/1531
f 1529/1529 1530/1530 1531/1531
f 1529/1529 1531/1531 1533/1533
f 1538/1538 1534/1534 1536/1536
f 1538/1538 1536/1536 1539/1539
f 1538/1538 1539/1539 1540/1540
f 1542/1542 1537/1537 1541/1541
f 1541/1541 1537/1537 1534/1534
f 1540/1540 1535/1535 1537/1537
f 1535/1535 1534/1534 1537/1537
f 1534/1534 1535/1535 1536/1536
f 1535/1535 1540/1540 1539/1539
f 1550/1550 1549/1549 1551/1551
f 1548/1548 1552/1552 1549/1549
f 1548/1548 1549/1549 1550/1550
f 1543/1543 1546/1546 1544/1544
f 1545/1545 1544/1544 1547/1547
f 1543/1543 1544/1544 1545/1545
f 1556/1556 1557/1557 1568/1568
f 1558/1558 1554/1554 1559/1559
f 1555/1555 1554/1554 1558/1558
f 1565/1565 1555/1555 1558/1558
f 1557/1557 1556/1556 1553/1553
f 1553/1553 1554/1554 1555/1555
f 1553/1553 1556/1556 1554/1554
f 1564/1564 1553/1553 1567/1567
f 1553/1553 1564/1564 1561/1561
f 1561/1561 1560/1560 1553/1553
f 1561/1561 1563/1563 1562/1562
f 1560/1560 1557/1557 1553/1553
f 1561/1561 1562/1562 1560/1560
f 1566/1566 1555/1555 1565/1565
f 1569/1569 1571/1571 1570/1570
f 1572/1572 1571/1571 1569/1569
f 1573/1573 1574/1574 1575/1575
f 1575/1575 1576/1576 1573/1573
f 1581/1581 1577/1577 1579/1579
f 1577/1577 1578/1578 1579/1579
f 1578/1578 1577/1577 1580/1580
f 1584/1584 1583/1583 1585/1585
f 1582/1582 1583/1583 1584/1584
f 1582/1582 1586/1586 1583/1583
f 1582/1582 1587/1587 1586/1586
f 1594/1594 1588/1588 1593/1593
f 1590/1590 1593/1593 1588/1588
f 1588/1588 1589/1589 1590/1590
f 1591/1591 1589/1589 1588/1588
f 1592/1592 1589/1589 1591/1591
f 1603/1603 1599/1599 1598/1598
f 1598/1598 1599/1599 1600/1600
f 1601/1601 1600/1600 1599/1599
f 1601/1601 1602/1602 1600/1600
f 1595/1595 1596/1596 1597/1597
f 1609/1609 1610/1610 1607/1607
f 1604/1604 1609/1609 1607/1607
f 1611/1611 1612/1612 1613/1613
f 1611/1611 1615/1615 1612/1612
f 1608/1608 1609/1609 1606/1606
f 1611/1611 1613/1613 1614/1614
f 1605/1605 1604/1604 1607/1607
f 1604/1604 1605/1605 1606/1606
f 1606/1606 1605/1605 1608/1608
f 1616/1616 1617/1617 1618/1618
f 1617/1617 1616/1616 1619/1619
f 1623/1623 1621/1621 1620/1620
f 1620/1620 1621/1621 1622/1622
f 1622/1622 1625/1625 1624/1624
f 1622/1622 1624/1624 1620/1620
f 1626/1626 1627/1627 1628/1628
f 1629/1629 1626/1626 1628/1628
f 1627/1627 1631/1631 1630/1630
f 1628/1628 1627/1627 1630/1630
f 1632/1632 1626/1626 1629/1629
f 1635/1635 1634/1634 1636/1636
f 1637/1637 1633/1633 1635/1635
f 1633/1633 1634/1634 1635/1635
f 1635/1635 1638/1638 1637/1637
f 1642/1642 1639/1639 1641/1641
f 1639/1639 1640/1640 1641/1641
f 1643/1643 1644/1644 1645/1645
f 1643/1643 1646/1646 1644/1644
f 1647/1647 1648/1648 1649/1649
f 1648/1648 1647/1647 1650/1650
f 1651/1651 1652/1652 1653/1653
f 1654/1654 1655/1655 1656/1656
f 1657/1657 1658/1658 1659/1659
f 1663/1663 1664/1664 1665/1665
f 1660/1660 1661/1661 1662/1662
f 1666/1666 1667/1667 1668/1668
f 1666/1666 1669/1669 1667/1667
f 1668/1668 1667/1667 1670/1670
f 1671/1671 1672/1672 1673/1673
f 1673/1673 1672/1672 1674/1674
f 1675/1675 1672/1672 1671/1671
f 1679/1679 1678/1678 1677/1677
f 1680/1680 1681/1681 1682/1682
f 1676/1676 1677/1677 1678/1678
f 1680/1680 1683/1683 1681/1681
f 1684/1684 1685/1685 1686/1686
f 1685/1685 1688/1688 1686/1686
f 1689/1689 1684/1684 1686/1686
f 1685/1685 1684/1684 1687/1687
f 1690/1690 1685/1685 1687/1687
f 1693/1693 1692/1692 1695/1695
f 1691/1691 1692/1692 1693/1693
f 1691/1691 1693/1693 1694/1694
f 1703/1703 1705/1705 1704/1704
f 1696/1696 1697/1697 1698/1698
f 1698/1698 1699/1699 1696/1696
f 1700/1700 1698/1698 1697/1697
f 1702/1702 1703/1703 1704/1704
f 1698/1698 1700/1700 1701/1701
f 1706/1706 1707/1707 1708/1708
f 1708/1708 1711/1711 1706/1706
f 1708/1708 1707/1707 1709/1709
f 1709/1709 1710/1710 1708/1708
f 1706/1706 1711/1711 1712/1712
f 1716/1716 1714/1714 1713/1713
f 1716/1716 1713/1713 1719/1719
f 1718/1718 1713/1713 1717/1717
f 1713/1713 1714/1714 1715/1715
f 1713/1713 1715/1715 1717/1717
f 1720/1720 1721/1721 1722/1722
f 1723/1723 1724/1724 1725/1725
f 1726/1726 1725/1725 1724/1724
f 1728/1728 1727/1727 1730/1730
f 1727/1727 1728/1728 1729/1729
f 1737/1737 1736/1736 1741/1741
f 1736/1736 1737/1737 1738/1738
f 1739/1739 1736/1736 1738/1738
f 1734/1734 1735/1735 1732/1732
f 1734/1734 1732/1732 1731/1731
f 1740/1740 1739/1739 1738/1738
f 1742/1742 1736/1736 1739/1739
f 1731/1731 1732/1732 1733/1733
f 1775/1775 1776/1776 1777/1777
f 1775/1775 1768/1768 1776/1776
f 1768/1768 1775/1775 1773/1773
f 1762/1762 1761/1761 1763/1763
f 1777/1777 1768/1768 1766/1766
f 1766/1766 1768/1768 1747/1747
f 1762/1762 1763/1763 1764/1764
f 1764/1764 1763/1763 1746/1746
f 1747/1747 1746/1746 1766/1766
f 1767/1767 1760/1760 1765/1765
f 1754/1754 1765/1765 1760/1760
f 1756/1756 1754/1754 1760/1760
f 1761/1761 1756/1756 1760/1760
f 1762/1762 1756/1756 1761/1761
f 1778/1778 1779/1779 1780/1780
f 1778/1778 1781/1781 1779/1779
f 1754/1754 1756/1756 1755/1755
f 1751/1751 1753/1753 1754/1754
f 1751/1751 1754/1754 1755/1755
f 1773/1773 1772/1772 1768/1768
f 1772/1772 1773/1773 1774/1774
f 1751/1751 1752/1752 1753/1753
f 1751/1751 1755/1755 1757/1757
f 1750/1750 1752/1752 1751/1751
f 1753/1753 1752/1752 1758/1758
f 1752/1752 1759/1759 1758/1758
f 1745/1745 1744/1744 1746/1746
f 1743/1743 1744/1744 1745/1745
f 1743/1743 1745/1745 1748/1748
f 1747/1747 1745/1745 1746/1746
f 1751/1751 1748/1748 1750/1750
f 1748/1748 1745/1745 1749/1749
f 1745/1745 1747/1747 1749/1749
f 1749/1749 1747/1747 1769/1769
f 1769/1769 1768/1768 1772/1772
f 1769/1769 1747/1747 1768/1768
f 1771/1771 1772/1772 1774/1774
f 1772/1772 1771/1771 1769/1769
f 1749/1749 1750/1750 1748/1748
f 1771/1771 1770/1770 1769/1769
f 1770/1770 1749/1749 1769/1769
f 1782/1782 1785/1785 1783/1783
f 1782/1782 1783/1783 1784/1784
f 1786/1786 1783/1783 1787/1787
f 1784/1784 1783/1783 1786/1786
f 1793/1793 1794/1794 1797/1797
f 1793/1793 1788/1788 1794/1794
f 1794/1794 1798/1798 1797/1797
f 1788/1788 1789/1789 1790/1790
f 1789/1789 1788/1788 1793/1793
f 1791/1791 1790/1790 1789/1789
f 1790/1790 1791/1791 1796/1796
f 1791/1791 1789/1789 1792/1792
f 1795/1795 1792/1792 1789/1789
f 1800/1800 1806/1806 1805/1805
f 1800/1800 1807/1807 1806/1806
f 1808/1808 1806/1806 1807/1807
f 1800/1800 1805/1805 1804/1804
f 1800/1800 1804/1804 1801/1801
f 1799/1799 1800/1800 1801/1801
f 1799/1799 1801/1801 1802/1802
f 1802/1802 1803/1803 1799/1799
f 1810/1810 1812/1812 1813/1813
f 1810/1810 1809/1809 1812/1812
f 1809/1809 1810/1810 1811/1811
f 1820/1820 1818/1818 1821/1821
f 1817/1817 1818/1818 1814/1814
f 1814/1814 1816/1816 1817/1817
f 1819/1819 1816/1816 1815/1815
f 1823/1823 1824/1824 1825/1825
f 1823/1823 1826/1826 1822/1822
f 1828/1828 1827/1827 1830/1830
f 1829/1829 1828/1828 1831/1831
f 1827/1827 1828/1828 1829/1829
f 1834/1834 1832/1832 1833/1833
f 1835/1835 1840/1840 1836/1836
f 1835/1835 1838/1838 1840/1840
f 1839/1839 1838/1838 1837/1837
f 1851/1851 1850/1850 1846/1846
f 1849/1849 1846/1846 1850/1850
f 1847/1847 1846/1846 1849/1849
f 1846/1846 1847/1847 1844/1844
f 1844/1844 1845/1845 1846/1846
f 1843/1843 1845/1845 1844/1844
f 1841/1841 1843/1843 1844/1844
f 1849/1849 1852/1852 1847/1847
f 1848/1848 1845/1845 1843/1843
f 1860/1860 1861/1861 1857/1857
f 1866/1866 1863/1863 1865/1865
f 1856/1856 1860/1860 1857/1857
f 1863/1863 1864/1864 1865/1865
f 1843/1843 1853/1853 1848/1848
f 1869/1869 1868/1868 1866/1866
f 1870/1870 1868/1868 1869/1869
f 1866/1866 1868/1868 1867/1867
f 1866/1866 1867/1867 1863/1863
f 1853/1853 1855/1855 1856/1856
f 1853/1853 1856/1856 1857/1857
f 1859/1859 1855/1855 1858/1858
f 1854/1854 1858/1858 1855/1855
f 1858/1858 1854/1854 1862/1862
f 1843/1843 1854/1854 1853/1853
f 1855/1855 1853/1853 1854/1854
f 1841/1841 1842/1842 1843/1843
f 1871/1871 1872/1872 1873/1873
f 1874/1874 1875/1875 1876/1876
f 1882/1882 1877/1877 1879/1879
f 1881/1881 1879/1879 1878/1878
f 1877/1877 1878/1878 1879/1879
f 1883/1883 1877/1877 1886/1886
f 1882/1882 1886/1886 1877/1877
f 1880/1880 1883/1883 1884/1884
f 1877/1877 1880/1880 1878/1878
f 1880/1880 1877/1877 1883/1883
f 1883/1883 1885/1885 1884/1884
f 1891/1891 1887/1887 1889/1889
f 1887/1887 1888/1888 1889/1889
f 1889/1889 1888/1888 1890/1890
f 1895/1895 1896/1896 1894/1894
f 1893/1893 1892/1892 1894/1894
f 1900/1900 1897/1897 1899/1899
f 1897/1897 1898/1898 1899/1899
f 1905/1905 1903/1903 1906/1906
f 1905/1905 1901/1901 1903/1903
f 1901/1901 1902/1902 1903/1903
f 1902/1902 1904/1904 1903/1903
f 1907/1907 1909/1909 1908/1908
f 1912/1912 1913/1913 1914/1914
f 1912/1912 1914/1914 1915/1915
f 1910/1910 1913/1913 1912/1912
f 1910/1910 1912/1912 1911/1911
f 1917/1917 1916/1916 1919/1919
f 1916/1916 1917/1917 1918/1918
f 1929/1929 1930/1930 1931/1931
f 1925/1925 1920/1920 1924/1924
f 1924/1924 1920/1920 1922/1922
f 1932/1932 1929/1929 1931/1931
f 1920/1920 1921/1921 1922/1922
f 1923/1923 1922/1922 1921/1921
f 1923/1923 1926/1926 1922/1922
f 1927/1927 1922/1922 1926/1926
f 1928/1928 1927/1927 1926/1926
f 1936/1936 1937/1937 1934/1934
f 1933/1933 1934/1934 1935/1935
f 1936/1936 1934/1934 1933/1933
f 1939/1939 1938/1938 1940/1940
f 1943/1943 1942/1942 1941/1941
f 1945/1945 1944/1944 1946/1946
f 1949/1949 1947/1947 1950/1950
f 1949/1949 1948/1948 1947/1947
f 1959/1959 1956/1956 1960/1960
f 1954/1954 1956/1956 1959/1959
f 1951/1951 1952/1952 1953/1953
f 1954/1954 1959/1959 1960/1960
f 1957/1957 1956/1956 1955/1955
f 1957/1957 1955/1955 1958/1958
f 1954/1954 1955/1955 1956/1956
f 1961/1961 1962/1962 1963/1963
f 1964/1964 1962/1962 1961/1961
f 1967/1967 1969/1969 1965/1965
f 1965/1965 1969/1969 1970/1970
f 1971/1971 1972/1972 1973/1973
f 1971/1971 1966/1966 1972/1972
f 1966/1966 1971/1971 1967/1967
f 1965/1965 1966/1966 1967/1967
f 1968/1968 1966/1966 1965/1965
f 1974/1974 1975/1975 1976/1976
f 1981/1981 1982/1982 1983/1983
f 1980/1980 1978/1978 1977/1977
f 1977/1977 1978/1978 1979/1979
f 1984/1984 1985/1985 1986/1986
f 1990/1990 1989/1989 1991/1991
f 1988/1988 1989/1989 1990/1990
f 1985/1985 1984/1984 1987/1987
f 1992/1992 1995/1995 1998/1998
f 1992/1992 1994/1994 1995/1995
f 1992/1992 1993/1993 1994/1994
f 1996/1996 1993/1993 1992/1992
f 1997/1997 1992/1992 1999/1999
f 1997/1997 1996/1996 1992/1992
f 2004/2004 2002/2002 2001/2001
f 2000/2000 2001/2001 2002/2002
f 2005/2005 2006/2006 2007/2007
f 2000/2000 2002/2002 2003/2003
f 2008/2008 2009/2009 2010/2010
f 2016/2016 2017/2017 2018/2018
f 2017/2017 2016/2016 2015/2015
f 2016/2016 2011/2011 2015/2015
f 2020/2020 2021/2021 2022/2022
f 2019/2019 2011/2011 2016/2016
f 2022/2022 2023/2023 2025/2025
f 2025/2025 2026/2026 2022/2022
f 2011/2011 2013/2013 2015/2015
f 2011/2011 2012/2012 2013/2013
f 2014/2014 2013/2013 2012/2012
f 2022/2022 2021/2021 2023/2023
f 2024/2024 2023/2023 2021/2021
f 2053/2053 2050/2050 2056/2056
f 2037/2037 2050/2050 2053/2053
f 2038/2038 2053/2053 2045/2045
f 2044/2044 2038/2038 2045/2045
f 2038/2038 2037/2037 2053/2053
f 2037/2037 2049/2049 2050/2050
f 2035/2035 2049/2049 2037/2037
f 2050/2050 2049/2049 2051/2051
f 2042/2042 2038/2038 2044/2044
f 2035/2035 2037/2037 2036/2036
f 2040/2040 2038/2038 2042/2042
f 2042/2042 2043/2043 2040/2040
f 2036/2036 2037/2037 2038/2038
f 2035/2035 2036/2036 2031/2031
f 2035/2035 2031/2031 2034/2034
f 2049/2049 2052/2052 2051/2051
f 2035/2035 2052/2052 2049/2049
f 2055/2055 2035/2035 2054/2054
f 2054/2054 2035/2035 2034/2034
f 2040/2040 2046/2046 2041/2041
f 2046/2046 2040/2040 2043/2043
f 2048/2048 2039/2039 2047/2047
f 2040/2040 2041/2041 2039/2039
f 2047/2047 2039/2039 2041/2041
f 2039/2039 2038/2038 2040/2040
f 2039/2039 2036/2036 2038/2038
f 2058/2058 2059/2059 2060/2060
f 2027/2027 2028/2028 2029/2029
f 2030/2030 2031/2031 2032/2032
f 2034/2034 2031/2031 2033/2033
f 2033/2033 2031/2031 2030/2030
f 2030/2030 2054/2054 2033/2033
f 2057/2057 2054/2054 2030/2030
f 2057/2057 2055/2055 2054/2054
f 2063/2063 2062/2062 2064/2064
f 2061/2061 2062/2062 2063/2063
f 2063/2063 2065/2065 2061/2061
f 2069/2069 2070/2070 2071/2071
f 2072/2072 2069/2069 2071/2071
f 2066/2066 2067/2067 2068/2068
f 2074/2074 2073/2073 2076/2076
f 2073/2073 2074/2074 2075/2075
f 2074/2074 2077/2077 2075/2075
f 2080/2080 2079/2079 2082/2082
f 2078/2078 2079/2079 2080/2080
f 2080/2080 2082/2082 2083/2083
f 2081/2081 2078/2078 2080/2080
f 2084/2084 2085/2085 2086/2086
f 2087/2087 2089/2089 2088/2088
f 2094/2094 2091/2091 2090/2090
f 2090/2090 2091/2091 2092/2092
f 2092/2092 2091/2091 2093/2093
f 2090/2090 2092/2092 2095/2095
f 2090/2090 2095/2095 2096/2096
f 2099/2099 2100/2100 2098/2098
f 2099/2099 2098/2098 2097/2097
f 2105/2105 2103/2103 2104/2104
f 2104/2104 2103/2103 2102/2102
f 2101/2101 2102/2102 2103/2103
f 2106/2106 2102/2102 2101/2101
f 2136/2136 2138/2138 2137/2137
f 2136/2136 2135/2135 2133/2133
f 2135/2135 2136/2136 2137/2137
f 2126/2126 2133/2133 2131/2131
f 2131/2131 2133/2133 2135/2135
f 2140/2140 2139/2139 2133/2133
f 2140/2140 2133/2133 2134/2134
f 2129/2129 2134/2134 2133/2133
f 2128/2128 2130/2130 2129/2129
f 2125/2125 2129/2129 2130/2130
f 2127/2127 2128/2128 2126/2126
f 2139/2139 2136/2136 2133/2133
f 2126/2126 2129/2129 2133/2133
f 2127/2127 2126/2126 2125/2125
f 2132/2132 2113/2113 2122/2122
f 2113/2113 2114/2114 2122/2122
f 2114/2114 2113/2113 2111/2111
f 2113/2113 2132/2132 2129/2129
f 2113/2113 2129/2129 2125/2125
f 2111/2111 2113/2113 2109/2109
f 2127/2127 2125/2125 2130/2130
f 2108/2108 2123/2123 2112/2112
f 2111/2111 2108/2108 2112/2112
f 2108/2108 2120/2120 2123/2123
f 2121/2121 2123/2123 2120/2120
f 2119/2119 2121/2121 2120/2120
f 2108/2108 2119/2119 2120/2120
f 2124/2124 2125/2125 2126/2126
f 2115/2115 2113/2113 2125/2125
f 2115/2115 2125/2125 2124/2124
f 2109/2109 2113/2113 2115/2115
f 2109/2109 2108/2108 2111/2111
f 2107/2107 2108/2108 2109/2109
f 2110/2110 2108/2108 2107/2107
f 2107/2107 2109/2109 2115/2115
f 2116/2116 2108/2108 2110/2110
f 2116/2116 2110/2110 2117/2117
f 2108/2108 2118/2118 2119/2119
f 2116/2116 2118/2118 2108/2108
f 2143/2143 2142/2142 2144/2144
f 2141/2141 2142/2142 2143/2143
f 2145/2145 2146/2146 2147/2147
f 2146/2146 2145/2145 2148/2148
f 2153/2153 2150/2150 2149/2149
f 2149/2149 2151/2151 2152/2152
f 2149/2149 2150/2150 2151/2151
f 2153/2153 2154/2154 2150/2150
f 2158/2158 2155/2155 2157/2157
f 2155/2155 2156/2156 2157/2157
f 2159/2159 2155/2155 2158/2158
f 2161/2161 2160/2160 2162/2162
f 2164/2164 2165/2165 2163/2163
f 2166/2166 2168/2168 2169/2169
f 2166/2166 2167/2167 2168/2168
f 2176/2176 2175/2175 2177/2177
f 2171/2171 2173/2173 2172/2172
f 2174/2174 2177/2177 2175/2175
f 2170/2170 2171/2171 2172/2172
f 2184/2184 2182/2182 2179/2179
f 2180/2180 2182/2182 2184/2184
f 2178/2178 2180/2180 2183/2183
f 2185/2185 2178/2178 2183/2183
f 2180/2180 2179/2179 2182/2182
f 2179/2179 2178/2178 2181/2181
f 2178/2178 2179/2179 2180/2180
f 2186/2186 2187/2187 2188/2188
f 2191/2191 2189/2189 2190/2190
f 2196/2196 2194/2194 2193/2193
f 2192/2192 2193/2193 2194/2194
f 2192/2192 2194/2194 2195/2195
f 2197/2197 2198/2198 2199/2199
f 2203/2203 2204/2204 2205/2205
f 2200/2200 2201/2201 2202/2202
f 2210/2210 2208/2208 2207/2207
f 2206/2206 2207/2207 2208/2208
f 2206/2206 2209/2209 2207/2207
f 2215/2215 2216/2216 2212/2212
f 2211/2211 2212/2212 2213/2213
f 2213/2213 2214/2214 2211/2211
f 2215/2215 2212/2212 2211/2211
f 2217/2217 2218/2218 2219/2219
f 2217/2217 2220/2220 2218/2218
f 2221/2221 2222/2222 2223/2223
f 2222/2222 2224/2224 2223/2223
f 2222/2222 2225/2225 2224/2224
f 2226/2226 2222/2222 2221/2221
f 2243/2243 2242/2242 2232/2232
f 2242/2242 2243/2243 2230/2230
f 2244/2244 2243/2243 2245/2245
f 2227/2227 2228/2228 2229/2229
f 2229/2229 2230/2230 2231/2231
f 2230/2230 2243/2243 2244/2244
f 2230/2230 2232/2232 2242/2242
f 2228/2228 2232/2232 2230/2230
f 2230/2230 2229/2229 2228/2228
f 2230/2230 2244/2244 2231/2231
f 2234/2234 2227/2227 2233/2233
f 2229/2229 2233/2233 2227/2227
f 2233/2233 2229/2229 2231/2231
f 2241/2241 2239/2239 2240/2240
f 2239/2239 2238/2238 2240/2240
f 2238/2238 2239/2239 2235/2235
f 2238/2238 2235/2235 2237/2237
f 2231/2231 2235/2235 2233/2233
f 2236/2236 2235/2235 2231/2231
f 2235/2235 2236/2236 2237/2237
f 2249/2249 2248/2248 2247/2247
f 2246/2246 2247/2247 2248/2248
f 2247/2247 2246/2246 2250/2250
f 2251/2251 2253/2253 2254/2254
f 2251/2251 2252/2252 2253/2253
f 2258/2258 2255/2255 2257/2257
f 2255/2255 2256/2256 2257/2257
f 2259/2259 2260/2260 2261/2261
f 2262/2262 2259/2259 2261/2261
f 2263/2263 2264/2264 2265/2265
f 2266/2266 2270/2270 2267/2267
f 2266/2266 2267/2267 2268/2268
f 2268/2268 2267/2267 2269/2269
f 2272/2272 2274/2274 2273/2273
f 2271/2271 2272/2272 2273/2273
f 2275/2275 2276/2276 2277/2277
f 2282/2282 2280/2280 2279/2279
f 2278/2278 2280/2280 2281/2281
f 2278/2278 2279/2279 2280/2280
f 2283/2283 2284/2284 2285/2285
f 2284/2284 2283/2283 2286/2286
f 2287/2287 2288/2288 2289/2289
f 2289/2289 2290/2290 2287/2287
f 2291/2291 2292/2292 2293/2293
f 2295/2295 2294/2294 2297/2297
f 2294/2294 2295/2295 2296/2296
f 2304/2304 2298/2298 2305/2305
f 2298/2298 2304/2304 2299/2299
f 2302/2302 2301/2301 2300/2300
f 2298/2298 2299/2299 2300/2300
f 2299/2299 2302/2302 2300/2300
f 2302/2302 2299/2299 2303/2303
f 2301/2301 2298/2298 2300/2300
f 2309/2309 2306/2306 2308/2308
f 2306/2306 2310/2310 2307/2307
f 2306/2306 2307/2307 2308/2308
f 2315/2315 2316/2316 2317/2317
f 2318/2318 2316/2316 2315/2315
f 2311/2311 2312/2312 2313/2313
f 2312/2312 2311/2311 2314/2314
f 2322/2322 2321/2321 2320/2320
f 2319/2319 2320/2320 2321/2321
f 2331/2331 2330/2330 2333/2333
f 2323/2323 2325/2325 2326/2326
f 2329/2329 2331/2331 2332/2332
f 2329/2329 2330/2330 2331/2331
f 2334/2334 2330/2330 2329/2329
f 2327/2327 2323/2323 2328/2328
f 2335/2335 2329/2329 2336/2336
f 2327/2327 2324/2324 2323/2323
f 2323/2323 2324/2324 2325/2325
f 2340/2340 2341/2341 2342/2342
f 2344/2344 2345/2345 2346/2346
f 2337/2337 2338/2338 2339/2339
f 2340/2340 2342/2342 2343/2343
f 2351/2351 2352/2352 2353/2353
f 2347/2347 2348/2348 2349/2349
f 2348/2348 2350/2350 2349/2349
f 2354/2354 2355/2355 2356/2356
f 2356/2356 2357/2357 2354/2354
f 2361/2361 2365/2365 2366/2366
f 2365/2365 2361/2361 2359/2359
f 2364/2364 2358/2358 2363/2363
f 2364/2364 2359/2359 2358/2358
f 2361/2361 2360/2360 2359/2359
f 2363/2363 2358/2358 2362/2362
f 2358/2358 2359/2359 2360/2360
f 2358/2358 2360/2360 2362/2362
f 2367/2367 2366/2366 2365/2365
f 2366/2366 2367/2367 2368/2368
f 2371/2371 2375/2375 2373/2373
f 2373/2373 2372/2372 2371/2371
f 2372/2372 2369/2369 2371/2371
f 2369/2369 2370/2370 2371/2371
f 2370/2370 2374/2374 2371/2371
f 2376/2376 2377/2377 2378/2378
f 2380/2380 2382/2382 2381/2381
f 2383/2383 2380/2380 2379/2379
f 2379/2379 2380/2380 2381/2381
f 2390/2390 2391/2391 2392/2392
f 2384/2384 2386/2386 2387/2387
f 2384/2384 2385/2385 2386/2386
f 2384/2384 2389/2389 2385/2385
f 2388/2388 2384/2384 2387/2387
f 2393/2393 2394/2394 2395/2395
f 2396/2396 2397/2397 2398/2398
f 2400/2400 2402/2402 2401/2401
f 2399/2399 2400/2400 2401/2401
f 2406/2406 2407/2407 2408/2408
f 2403/2403 2404/2404 2405/2405
f 2409/2409 2411/2411 2412/2412
f 2409/2409 2410/2410 2411/2411
f 2414/2414 2415/2415 2416/2416
f 2413/2413 2410/2410 2409/2409
f 2417/2417 2418/2418 2419/2419
f 2420/2420 2422/2422 2424/2424
f 2420/2420 2421/2421 2422/2422
f 2420/2420 2423/2423 2421/2421
f 2425/2425 2423/2423 2420/2420
f 2426/2426 2427/2427 2428/2428
f 2429/2429 2428/2428 2427/2427
f 2431/2431 2426/2426 2428/2428
f 2430/2430 2428/2428 2429/2429
f 2432/2432 2434/2434 2435/2435
f 2436/2436 2434/2434 2433/2433
f 2436/2436 2433/2433 2437/2437
f 2432/2432 2433/2433 2434/2434
f 2441/2441 2442/2442 2443/2443
f 2438/2438 2439/2439 2440/2440
f 2447/2447 2444/2444 2446/2446
f 2448/2448 2444/2444 2449/2449
f 2444/2444 2445/2445 2446/2446
f 2448/2448 2445/2445 2444/2444
f 2455/2455 2453/2453 2454/2454
f 2454/2454 2453/2453 2450/2450
f 2450/2450 2453/2453 2451/2451
f 2450/2450 2451/2451 2452/2452
f 2451/2451 2456/2456 2452/2452
f 2456/2456 2451/2451 2457/2457
f 2457/2457 2458/2458 2456/2456
f 2458/2458 2457/2457 2459/2459
f 2462/2462 2461/2461 2463/2463
f 2460/2460 2461/2461 2462/2462
f 2464/2464 2465/2465 2466/2466
f 2468/2468 2467/2467 2470/2470
f 2467/2467 2468/2468 2469/2469
f 2471/2471 2472/2472 2473/2473
f 2477/2477 2478/2478 2479/2479
f 2474/2474 2475/2475 2476/2476
f 2480/2480 2481/2481 2482/2482
f 2483/2483 2484/2484 2485/2485
f 2484/2484 2486/2486 2485/2485
f 2487/2487 2488/2488 2489/2489
f 2496/2496 2492/2492 2497/2497
f 2490/2490 2494/2494 2491/2491
f 2495/2495 2497/2497 2498/2498
f 2490/2490 2491/2491 2492/2492
f 2495/2495 2496/2496 2497/2497
f 2493/2493 2492/2492 2496/2496
f 2493/2493 2490/2490 2492/2492
f 2499/2499 2502/2502 2500/2500
f 2499/2499 2500/2500 2501/2501
f 2501/2501 2500/2500 2503/2503
f 2506/2506 2507/2507 2504/2504
f 2504/2504 2505/2505 2506/2506
f 2513/2513 2512/2512 2515/2515
f 2518/2518 2513/2513 2515/2515
f 2519/2519 2513/2513 2518/2518
f 2517/2517 2512/2512 2516/2516
f 2512/2512 2511/2511 2516/2516
f 2511/2511 2512/2512 2513/2513
f 2514/2514 2511/2511 2513/2513
f 2508/2508 2509/2509 2510/2510
f 2520/2520 2521/2521 2522/2522
f 2521/2521 2529/2529 2530/2530
f 2521/2521 2528/2528 2529/2529
f 2521/2521 2520/2520 2526/2526
f 2520/2520 2522/2522 2523/2523
f 2522/2522 2521/2521 2524/2524
f 2524/2524 2521/2521 2530/2530
f 2525/2525 2522/2522 2524/2524
f 2526/2526 2527/2527 2521/2521
f 2528/2528 2521/2521 2527/2527
f 2534/2534 2535/2535 2536/2536
f 2531/2531 2532/2532 2533/2533
f 2537/2537 2541/2541 2538/2538
f 2537/2537 2538/2538 2539/2539
f 2547/2547 2549/2549 2550/2550
f 2537/2537 2545/2545 2541/2541
f 2546/2546 2545/2545 2537/2537
f 2538/2538 2540/2540 2539/2539
f 2547/2547 2548/2548 2549/2549
f 2544/2544 2542/2542 2540/2540
f 2540/2540 2542/2542 2539/2539
f 2543/2543 2539/2539 2542/2542
f 2551/2551 2554/2554 2552/2552
f 2551/2551 2552/2552 2553/2553
f 2556/2556 2555/2555 2558/2558
f 2555/2555 2556/2556 2557/2557
f 2559/2559 2560/2560 2561/2561
f 2559/2559 2562/2562 2560/2560
f 2563/2563 2564/2564 2565/2565
f 2566/2566 2570/2570 2564/2564
f 2563/2563 2566/2566 2564/2564
f 2564/2564 2571/2571 2565/2565
f 2565/2565 2571/2571 2569/2569
f 2569/2569 2568/2568 2563/2563
f 2563/2563 2568/2568 2567/2567
f 2567/2567 2566/2566 2563/2563
f 2583/2583 2579/2579 2585/2585
f 2576/2576 2574/2574 2583/2583
f 2577/2577 2576/2576 2584/2584
f 2575/2575 2576/2576 2577/2577
f 2575/2575 2574/2574 2576/2576
f 2586/2586 2577/2577 2584/2584
f 2574/2574 2579/2579 2583/2583
f 2572/2572 2574/2574 2575/2575
f 2578/2578 2579/2579 2574/2574
f 2578/2578 2574/2574 2573/2573
f 2582/2582 2578/2578 2581/2581
f 2580/2580 2578/2578 2573/2573
f 2572/2572 2573/2573 2574/2574
f 2580/2580 2573/2573 2572/2572
f 2580/2580 2581/2581 2578/2578
f 2588/2588 2596/2596 2589/2589
f 2587/2587 2588/2588 2589/2589
f 2599/2599 2589/2589 2596/2596
f 2594/2594 2595/2595 2590/2590
f 2594/2594 2590/2590 2587/2587
f 2587/2587 2590/2590 2588/2588
f 2588/2588 2597/2597 2596/2596
f 2598/2598 2597/2597 2588/2588
f 2598/2598 2599/2599 2597/2597
f 2600/2600 2601/2601 2598/2598
f 2588/2588 2600/2600 2598/2598
f 2592/2592 2591/2591 2593/2593
f 2587/2587 2591/2591 2592/2592
f 2591/2591 2589/2589 2593/2593
f 2587/2587 2589/2589 2591/2591
f 2606/2606 2607/2607 2608/2608
f 2602/2602 2605/2605 2603/2603
f 2602/2602 2603/2603 2604/2604
f 2611/2611 2610/2610 2612/2612
f 2611/2611 2613/2613 2609/2609
f 2609/2609 2610/2610 2611/2611
f 2620/2620 2619/2619 2617/2617
f 2617/2617 2619/2619 2615/2615
f 2615/2615 2614/2614 2617/2617
f 2614/2614 2615/2615 2616/2616
f 2618/2618 2621/2621 2614/2614
f 2618/2618 2614/2614 2616/2616
f 2624/2624 2626/2626 2622/2622
f 2623/2623 2622/2622 2625/2625
f 2622/2622 2623/2623 2624/2624
f 2630/2630 2627/2627 2629/2629
f 2627/2627 2628/2628 2629/2629
f 2639/2639 2638/2638 2633/2633
f 2633/2633 2638/2638 2631/2631
f 2640/2640 2631/2631 2638/2638
f 2631/2631 2637/2637 2632/2632
f 2631/2631 2640/2640 2637/2637
f 2642/2642 2643/2643 2644/2644
f 2641/2641 2634/2634 2632/2632
f 2633/2633 2632/2632 2634/2634
f 2635/2635 2634/2634 2636/2636
f 2635/2635 2633/2633 2634/2634
f 2631/2631 2632/2632 2633/2633
f 2654/2654 2647/2647 2653/2653
f 2646/2646 2651/2651 2647/2647
f 2652/2652 2651/2651 2646/2646
f 2651/2651 2653/2653 2647/2647
f 2646/2646 2655/2655 2652/2652
f 2645/2645 2649/2649 2650/2650
f 2649/2649 2645/2645 2647/2647
f 2645/2645 2646/2646 2647/2647
f 2646/2646 2645/2645 2648/2648
f 2659/2659 2660/2660 2661/2661
f 2656/2656 2657/2657 2658/2658
f 2661/2661 2660/2660 2662/2662
f 2667/2667 2668/2668 2672/2672
f 2667/2667 2664/2664 2668/2668
f 2664/2664 2667/2667 2665/2665
f 2663/2663 2664/2664 2665/2665
f 2664/2664 2663/2663 2666/2666
f 2671/2671 2670/2670 2663/2663
f 2669/2669 2663/2663 2670/2670
f 2663/2663 2669/2669 2666/2666
f 2674/2674 2677/2677 2675/2675
f 2676/2676 2674/2674 2673/2673
f 2673/2673 2674/2674 2675/2675
f 2679/2679 2680/2680 2681/2681
f 2673/2673 2678/2678 2676/2676
f 2684/2684 2683/2683 2686/2686
f 2682/2682 2683/2683 2684/2684
f 2684/2684 2685/2685 2682/2682
f 2687/2687 2688/2688 2689/2689
f 2687/2687 2689/2689 2690/2690
f 2694/2694 2693/2693 2695/2695
f 2694/2694 2691/2691 2693/2693
f 2691/2691 2692/2692 2693/2693
f 2696/2696 2697/2697 2698/2698
f 2705/2705 2704/2704 2703/2703
f 2702/2702 2703/2703 2704/2704
f 2699/2699 2700/2700 2701/2701
f 2716/2716 2709/2709 2715/2715
f 2706/2706 2715/2715 2709/2709
f 2707/2707 2706/2706 2709/2709
f 2706/2706 2707/2707 2708/2708
f 2710/2710 2708/2708 2707/2707
f 2708/2708 2711/2711 2712/2712
f 2711/2711 2708/2708 2710/2710
f 2711/2711 2710/2710 2714/2714
f 2711/2711 2714/2714 2713/2713
f 2717/2717 2718/2718 2719/2719
f 2718/2718 2720/2720 2719/2719
f 2721/2721 2722/2722 2723/2723
f 2724/2724 2723/2723 2722/2722
f 2725/2725 2726/2726 2727/2727
f 2727/2727 2726/2726 2728/2728
f 2733/2733 2729/2729 2734/2734
f 2735/2735 2736/2736 2737/2737
f 2729/2729 2730/2730 2731/2731
f 2730/2730 2732/2732 2731/2731
f 2733/2733 2730/2730 2729/2729
f 2743/2743 2742/2742 2740/2740
f 2743/2743 2740/2740 2744/2744
f 2739/2739 2744/2744 2740/2740
f 2744/2744 2739/2739 2746/2746
f 2738/2738 2739/2739 2740/2740
f 2739/2739 2738/2738 2745/2745
f 2740/2740 2741/2741 2738/2738
f 2747/2747 2748/2748 2749/2749
f 2750/2750 2751/2751 2752/2752
f 2753/2753 2754/2754 2755/2755
f 2757/2757 2758/2758 2759/2759
f 2760/2760 2758/2758 2757/2757
f 2756/2756 2755/2755 2754/2754
f 2768/2768 2763/2763 2767/2767
f 2767/2767 2763/2763 2766/2766
f 2762/2762 2766/2766 2763/2763
f 2761/2761 2762/2762 2763/2763
f 2761/2761 2764/2764 2762/2762
f 2765/2765 2764/2764 2761/2761
f 2769/2769 2768/2768 2770/2770
f 2768/2768 2769/2769 2763/2763
f 2761/2761 2763/2763 2769/2769
f 2772/2772 2771/2771 2773/2773
f 2775/2775 2774/2774 2773/2773
f 2779/2779 2776/2776 2778/2778
f 2776/2776 2777/2777 2778/2778
f 2777/2777 2776/2776 2780/2780
f 2773/2773 2774/2774 2775/2775
f 2771/2771 2772/2772 2773/2773
f 2752/2752 2751/2751 2750/2750
f 2749/2749 2748/2748 2747/2747
f 2737/2737 2736/2736 2735/2735
f 2701/2701 2700/2700 2699/2699
f 2698/2698 2697/2697 2696/2696
f 2681/2681 2680/2680 2679/2679
f 2658/2658 2657/2657 2656/2656
f 2644/2644 2643/2643 2642/2642
f 2608/2608 2607/2607 2606/2606
f 2596/2596 2597/2597 2599/2599
f 2563/2563 2565/2565 2569/2569
f 2536/2536 2535/2535 2534/2534
f 2533/2533 2532/2532 2531/2531
f 2510/2510 2509/2509 2508/2508
f 2489/2489 2488/2488 2487/2487
f 2482/2482 2481/2481 2480/2480
f 2479/2479 2478/2478 2477/2477
f 2476/2476 2475/2475 2474/2474
f 2473/2473 2472/2472 2471/2471
f 2466/2466 2465/2465 2464/2464
f 2443/2443 2442/2442 2441/2441
f 2440/2440 2439/2439 2438/2438
f 2419/2419 2418/2418 2417/2417
f 2416/2416 2415/2415 2414/2414
f 2408/2408 2407/2407 2406/2406
f 2405/2405 2404/2404 2403/2403
f 2398/2398 2397/2397 2396/2396
f 2395/2395 2394/2394 2393/2393
f 2392/2392 2391/2391 2390/2390
f 2378/2378 2377/2377 2376/2376
f 2353/2353 2352/2352 2351/2351
f 2346/2346 2345/2345 2344/2344
f 2339/2339 2338/2338 2337/2337
f 2329/2329 2335/2335 2336/2336
f 2293/2293 2292/2292 2291/2291
f 2277/2277 2276/2276 2275/2275
f 2265/2265 2264/2264 2263/2263
f 2205/2205 2204/2204 2203/2203
f 2202/2202 2201/2201 2200/2200
f 2199/2199 2198/2198 2197/2197
f 2191/2191 2190/2190 2189/2189
f 2188/2188 2187/2187 2186/2186
f 2165/2165 2164/2164 2163/2163
f 2160/2160 2161/2161 2162/2162
f 2128/2128 2129/2129 2126/2126
f 2127/2127 2130/2130 2128/2128
f 2087/2087 2088/2088 2089/2089
f 2086/2086 2085/2085 2084/2084
f 2068/2068 2067/2067 2066/2066
f 2060/2060 2059/2059 2058/2058
f 2054/2054 2034/2034 2033/2033
f 2029/2029 2028/2028 2027/2027
f 2010/2010 2009/2009 2008/2008
f 2007/2007 2006/2006 2005/2005
f 1983/1983 1982/1982 1981/1981
f 1976/1976 1975/1975 1974/1974
f 1953/1953 1952/1952 1951/1951
f 1944/1944 1945/1945 1946/1946
f 1941/1941 1942/1942 1943/1943
f 1938/1938 1939/1939 1940/1940
f 1907/1907 1908/1908 1909/1909
f 1896/1896 1895/1895 1894/1894
f 1892/1892 1893/1893 1894/1894
f 1876/1876 1875/1875 1874/1874
f 1873/1873 1872/1872 1871/1871
f 1838/1838 1839/1839 1837/1837
f 1834/1834 1833/1833 1832/1832
f 1826/1826 1823/1823 1822/1822
f 1823/1823 1825/1825 1824/1824
f 1818/1818 1820/1820 1821/1821
f 1816/1816 1819/1819 1815/1815
f 1777/1777 1776/1776 1768/1768
f 1722/1722 1721/1721 1720/1720
f 1665/1665 1664/1664 1663/1663
f 1662/1662 1661/1661 1660/1660
f 1659/1659 1658/1658 1657/1657
f 1656/1656 1655/1655 1654/1654
f 1653/1653 1652/1652 1651/1651
f 1604/1604 1606/1606 1609/1609
f 1597/1597 1596/1596 1595/1595
f 1539/1539 1536/1536 1535/1535
f 1518/1518 1517/1517 1516/1516
f 1499/1499 1498/1498 1497/1497
f 1496/1496 1495/1495 1494/1494
f 1486/1486 1485/1485 1484/1484
f 1473/1473 1472/1472 1471/1471
f 1470/1470 1469/1469 1468/1468
f 1467/1467 1466/1466 1465/1465
f 1455/1455 1454/1454 1453/1453
f 1452/1452 1451/1451 1450/1450
f 1449/1449 1448/1448 1447/1447
f 1446/1446 1445/1445 1444/1444
f 1422/1422 1421/1421 1420/1420
f 1408/1408 1407/1407 1406/1406
f 1380/1380 1379/1379 1378/1378
f 1372/1372 1371/1371 1370/1370
f 1365/1365 1364/1364 1363/1363
f 1362/1362 1361/1361 1360/1360
f 1324/1324 1323/1323 1322/1322
f 1313/1313 1312/1312 1311/1311
f 1299/1299 1298/1298 1297/1297
f 1275/1275 1279/1279 1273/1273
f 1272/1272 1271/1271 1270/1270
f 1265/1265 1264/1264 1263/1263
f 1258/1258 1257/1257 1256/1256
f 1255/1255 1254/1254 1253/1253
f 1231/1231 1230/1230 1229/1229
f 1224/1224 1223/1223 1222/1222
f 1222/1222 1221/1221 1220/1220
f 1219/1219 1218/1218 1217/1217
f 1211/1211 1214/1214 1213/1213
f 1210/1210 1209/1209 1208/1208
f 1207/1207 1206/1206 1205/1205
f 1200/1200 1199/1199 1198/1198
f 1192/1192 1191/1191 1190/1190
f 1182/1182 1181/1181 1180/1180
f 1175/1175 1174/1174 1173/1173
f 1168/1168 1167/1167 1166/1166
f 1147/1147 1146/1146 1145/1145
f 1140/1140 1139/1139 1138/1138
f 1131/1131 1130/1130 1129/1129
f 1128/1128 1127/1127 1126/1126
f 1125/1125 1124/1124 1123/1123
f 1118/1118 1117/1117 1116/1116
f 1115/1115 1114/1114 1113/1113
f 1073/1073 1072/1072 1071/1071
f 1070/1070 1069/1069 1068/1068
f 1067/1067 1066/1066 1065/1065
f 1051/1051 1050/1050 1049/1049
f 1048/1048 1047/1047 1046/1046
f 1041/1041 1040/1040 1039/1039
f 1024/1024 1026/1026 1033/1033
f 1015/1015 1014/1014 1013/1013
f 1007/1007 1006/1006 1005/1005
f 1004/1004 1003/1003 1002/1002
f 1001/1001 1000/1000 999/999
f 993/993 992/992 991/991
f 990/990 989/989 988/988
f 964/964 963/963 962/962
f 945/945 944/944 943/943
f 935/935 933/933 929/929
f 927/927 930/930 928/928
f 911/911 910/910 909/909
f 908/908 907/907 906/906
f 905/905 904/904 903/903
f 883/883 882/882 881/881
f 880/880 879/879 878/878
f 867/867 868/868 869/869
f 864/864 865/865 866/866
f 863/863 862/862 861/861
f 860/860 859/859 858/858
f 857/857 856/856 855/855
f 837/837 836/836 835/835
f 821/821 820/820 819/819
f 761/761 763/763 768/768
f 695/695 694/694 693/693
f 692/692 691/691 690/690
f 689/689 688/688 687/687
f 686/686 685/685 684/684
f 679/679 678/678 677/677
f 676/676 675/675 674/674
f 673/673 672/672 671/671
f 670/670 669/669 668/668
f 656/656 655/655 654/654
f 653/653 652/652 651/651
f 617/617 618/618 616/616
f 580/580 578/578 577/577
f 575/575 574/574 573/573
f 547/547 546/546 545/545
f 531/531 533/533 532/532
f 530/530 529/529 528/528
f 494/494 493/493 492/492
f 474/474 473/473 472/472
f 420/420 419/419 418/418
f 417/417 416/416 415/415
f 409/409 408/408 407/407
f 406/406 405/405 404/404
f 403/403 402/402 401/401
f 400/400 399/399 398/398
f 397/397 396/396 395/395
f 394/394 393/393 392/392
f 357/357 356/356 355/355
f 350/350 349/349 348/348
f 342/342 341/341 340/340
f 339/339 338/338 337/337
f 328/328 327/327 326/326
f 325/325 324/324 323/323
f 318/318 317/317 316/316
f 315/315 314/314 313/313
f 303/303 302/302 301/301
f 300/300 299/299 298/298
f 297/297 296/296 295/295
f 290/290 289/289 288/288
f 247/247 248/248 250/250
f 250/250 210/210 209/209
f 200/200 199/199 198/198
f 192/192 191/191 190/190
f 185/185 184/184 183/183
f 169/169 168/168 167/167
f 161/161 160/160 159/159
f 153/153 152/152 151/151
f 146/146 145/145 144/144
f 141/141 142/142 143/143
f 136/136 135/135 134/134
f 126/126 125/125 124/124
f 123/123 122/122 121/121
f 51/51 52/52 53/53
f 48/48 49/49 50/50
f 47/47 46/46 45/45
f 16/16 15/15 14/14
f 2757/2757 2759/2759 2758/2758
f 2754/2754 2753/2753 2755/2755
f 2726/2726 2725/2725 2727/2727
f 2722/2722 2721/2721 2723/2723
f 2718/2718 2717/2717 2719/2719
f 2703/2703 2702/2702 2704/2704
f 2689/2689 2688/2688 2687/2687
f 2660/2660 2659/2659 2661/2661
f 2629/2629 2628/2628 2627/2627
f 2602/2602 2604/2604 2603/2603
f 2559/2559 2561/2561 2560/2560
f 2555/2555 2557/2557 2556/2556
f 2551/2551 2553/2553 2552/2552
f 2549/2549 2548/2548 2547/2547
f 2506/2506 2505/2505 2504/2504
f 2484/2484 2483/2483 2485/2485
f 2467/2467 2469/2469 2468/2468
f 2461/2461 2460/2460 2462/2462
f 2400/2400 2399/2399 2401/2401
f 2356/2356 2355/2355 2354/2354
f 2348/2348 2347/2347 2349/2349
f 2342/2342 2341/2341 2340/2340
f 2320/2320 2319/2319 2321/2321
f 2315/2315 2317/2317 2316/2316
f 2311/2311 2313/2313 2312/2312
f 2294/2294 2296/2296 2295/2295
f 2289/2289 2288/2288 2287/2287
f 2283/2283 2285/2285 2284/2284
f 2272/2272 2271/2271 2273/2273
f 2261/2261 2260/2260 2259/2259
f 2257/2257 2256/2256 2255/2255
f 2253/2253 2252/2252 2251/2251
f 2217/2217 2219/2219 2218/2218
f 2174/2174 2175/2175 2176/2176
f 2171/2171 2170/2170 2172/2172
f 2168/2168 2167/2167 2166/2166
f 2145/2145 2147/2147 2146/2146
f 2142/2142 2141/2141 2143/2143
f 2099/2099 2097/2097 2098/2098
f 2071/2071 2070/2070 2069/2069
f 1989/1989 1988/1988 1990/1990
f 1984/1984 1986/1986 1985/1985
f 1977/1977 1979/1979 1978/1978
f 1961/1961 1963/1963 1962/1962
f 1947/1947 1948/1948 1949/1949
f 1931/1931 1930/1930 1929/1929
f 1916/1916 1918/1918 1917/1917
f 1899/1899 1898/1898 1897/1897
f 1838/1838 1835/1835 1836/1836
f 1817/1817 1816/1816 1814/1814
f 1778/1778 1780/1780 1779/1779
f 1727/1727 1729/1729 1728/1728
f 1724/1724 1723/1723 1725/1725
f 1703/1703 1702/1702 1704/1704
f 1680/1680 1682/1682 1681/1681
f 1677/1677 1676/1676 1678/1678
f 1647/1647 1649/1649 1648/1648
f 1643/1643 1645/1645 1644/1644
f 1641/1641 1640/1640 1639/1639
f 1616/1616 1618/1618 1617/1617
f 1575/1575 1574/1574 1573/1573
f 1569/1569 1570/1570 1571/1571
f 1512/1512 1514/1514 1513/1513
f 1474/1474 1476/1476 1475/1475
f 1442/1442 1441/1441 1440/1440
f 1397/1397 1396/1396 1398/1398
f 1382/1382 1381/1381 1383/1383
f 1368/1368 1367/1367 1366/1366
f 1356/1356 1358/1358 1357/1357
f 1342/1342 1344/1344 1343/1343
f 1318/1318 1320/1320 1319/1319
f 1314/1314 1316/1316 1315/1315
f 1267/1267 1266/1266 1268/1268
f 1260/1260 1259/1259 1261/1261
f 1250/1250 1249/1249 1251/1251
f 1246/1246 1245/1245 1247/1247
f 1226/1226 1225/1225 1227/1227
f 1215/1215 1212/1212 1213/1213
f 1203/1203 1202/1202 1201/1201
f 1177/1177 1176/1176 1178/1178
f 1170/1170 1169/1169 1171/1171
f 1143/1143 1142/1142 1141/1141
f 1121/1121 1120/1120 1119/1119
f 1074/1074 1076/1076 1075/1075
f 1063/1063 1062/1062 1061/1061
f 1044/1044 1043/1043 1042/1042
f 985/985 984/984 986/986
f 980/980 982/982 981/981
f 977/977 976/976 978/978
f 940/940 939/939 941/941
f 922/922 924/924 923/923
f 887/887 885/885 884/884
f 845/845 847/847 846/846
f 832/832 831/831 833/833
f 829/829 827/827 828/828
f 783/783 786/786 784/784
f 729/729 731/731 730/730
f 680/680 682/682 681/681
f 666/666 665/665 664/664
f 642/642 644/644 643/643
f 560/560 562/562 561/561
f 526/526 525/525 524/524
f 476/476 475/475 477/477
f 463/463 465/465 464/464
f 390/390 389/389 388/388
f 386/386 385/385 384/384
f 381/381 380/380 382/382
f 378/378 377/377 376/376
f 372/372 374/374 373/373
f 365/365 364/364 363/363
f 351/351 353/353 352/352
f 319/319 321/321 320/320
f 305/305 304/304 306/306
f 291/291 293/293 292/292
f 286/286 285/285 284/284
f 247/247 224/224 223/223
f 188/188 187/187 186/186
f 149/149 148/148 147/147
f 137/137 139/139 138/138
f 106/106 105/105 104/104
f 95/95 94/94 93/93
f 83/83 64/64 70/70
f 11/11 5/5 12/12
f 2758/2758 2760/2760 2757/2757
f 2755/2755 2756/2756 2754/2754
f 2727/2727 2728/2728 2726/2726
f 2723/2723 2724/2724 2722/2722
f 2719/2719 2720/2720 2718/2718
f 2704/2704 2705/2705 2703/2703
f 2687/2687 2690/2690 2689/2689
f 2661/2661 2662/2662 2660/2660
f 2627/2627 2630/2630 2629/2629
f 2603/2603 2605/2605 2602/2602
f 2560/2560 2562/2562 2559/2559
f 2556/2556 2558/2558 2555/2555
f 2552/2552 2554/2554 2551/2551
f 2547/2547 2550/2550 2549/2549
f 2504/2504 2507/2507 2506/2506
f 2485/2485 2486/2486 2484/2484
f 2468/2468 2470/2470 2467/2467
f 2462/2462 2463/2463 2461/2461
f 2401/2401 2402/2402 2400/2400
f 2354/2354 2357/2357 2356/2356
f 2349/2349 2350/2350 2348/2348
f 2340/2340 2343/2343 2342/2342
f 2321/2321 2322/2322 2320/2320
f 2316/2316 2318/2318 2315/2315
f 2312/2312 2314/2314 2311/2311
f 2295/2295 2297/2297 2294/2294
f 2287/2287 2290/2290 2289/2289
f 2284/2284 2286/2286 2283/2283
f 2273/2273 2274/2274 2272/2272
f 2259/2259 2262/2262 2261/2261
f 2255/2255 2258/2258 2257/2257
f 2251/2251 2254/2254 2253/2253
f 2218/2218 2220/2220 2217/2217
f 2176/2176 2177/2177 2174/2174
f 2172/2172 2173/2173 2171/2171
f 2166/2166 2169/2169 2168/2168
f 2146/2146 2148/2148 2145/2145
f 2143/2143 2144/2144 2142/2142
f 2098/2098 2100/2100 2099/2099
f 2069/2069 2072/2072 2071/2071
f 1990/1990 1991/1991 1989/1989
f 1985/1985 1987/1987 1984/1984
f 1978/1978 1980/1980 1977/1977
f 1962/1962 1964/1964 1961/1961
f 1949/1949 1950/1950 1947/1947
f 1929/1929 1932/1932 1931/1931
f 1917/1917 1919/1919 1916/1916
f 1897/1897 1900/1900 1899/1899
f 1836/1836 1840/1840 1838/1838
f 1814/1814 1818/1818 1817/1817
f 1779/1779 1781/1781 1778/1778
f 1728/1728 1730/1730 1727/1727
f 1725/1725 1726/1726 1724/1724
f 1704/1704 1705/1705 1703/1703
f 1681/1681 1683/1683 1680/1680
f 1678/1678 1679/1679 1677/1677
f 1648/1648 1650/1650 1647/1647
f 1644/1644 1646/1646 1643/1643
f 1639/1639 1642/1642 1641/1641
f 1617/1617 1619/1619 1616/1616
f 1573/1573 1576/1576 1575/1575
f 1571/1571 1572/1572 1569/1569
f 1513/1513 1515/1515 1512/1512
f 1475/1475 1477/1477 1474/1474
f 1440/1440 1443/1443 1442/1442
f 1398/1398 1399/1399 1397/1397
f 1383/1383 1384/1384 1382/1382
f 1366/1366 1369/1369 1368/1368
f 1357/1357 1359/1359 1356/1356
f 1343/1343 1345/1345 1342/1342
f 1319/1319 1321/1321 1318/1318
f 1315/1315 1317/1317 1314/1314
f 1268/1268 1269/1269 1267/1267
f 1261/1261 1262/1262 1260/1260
f 1251/1251 1252/1252 1250/1250
f 1247/1247 1248/1248 1246/1246
f 1227/1227 1228/1228 1226/1226
f 1213/1213 1216/1216 1215/1215
f 1201/1201 1204/1204 1203/1203
f 1178/1178 1179/1179 1177/1177
f 1171/1171 1172/1172 1170/1170
f 1141/1141 1144/1144 1143/1143
f 1119/1119 1122/1122 1121/1121
f 1075/1075 1077/1077 1074/1074
f 1061/1061 1064/1064 1063/1063
f 1042/1042 1045/1045 1044/1044
f 986/986 987/987 985/985
f 981/981 983/983 980/980
f 978/978 979/979 977/977
f 941/941 942/942 940/940
f 923/923 925/925 922/922
f 884/884 888/888 887/887
f 846/846 848/848 845/845
f 833/833 834/834 832/832
f 828/828 830/830 829/829
f 784/784 782/782 783/783
f 730/730 732/732 729/729
f 681/681 683/683 680/680
f 664/664 667/667 666/666
f 643/643 645/645 642/642
f 561/561 563/563 560/560
f 524/524 527/527 526/526
f 477/477 478/478 476/476
f 464/464 466/466 463/463
f 388/388 391/391 390/390
f 384/384 387/387 386/386
f 382/382 383/383 381/381
f 376/376 379/379 378/378
f 373/373 375/375 372/372
f 363/363 366/366 365/365
f 352/352 354/354 351/351
f 320/320 322/322 319/319
f 306/306 307/307 305/305
f 292/292 294/294 291/291
f 284/284 287/287 286/286
f 223/223 250/250 247/247
f 186/186 189/189 188/188
f 147/147 150/150 149/149
f 138/138 140/140 137/137
f 104/104 99/99 106/106
f 93/93 96/96 95/95
f 70/70 86/86 83/83
f 12/12 13/13 11/11
