mtllib ally_su_ptrd.mtl
o ally_su_ptrd
v -0.0653 0.3904 1.9533
v -0.0307 0.4089 1.9556
v -0.0482 0.4166 1.9539
v -0.0528 0.4392 1.9555
v -0.0733 0.4153 1.9532
v -0.0317 0.4204 1.9554
v -0.0164 0.3897 1.9525
v -0.0089 0.4144 1.9513
v -0.0234 0.4369 1.9522
v -0.0389 0.3802 1.9500
v -0.0493 0.4006 1.9168
v -0.0586 0.4156 1.9370
v -0.0493 0.3983 1.9396
v -0.0518 0.4036 1.8931
v -0.0558 0.4090 1.8927
v -0.0423 0.3954 1.9016
v -0.0307 0.4089 1.9556
v -0.0482 0.4166 1.9539
v -0.0302 0.3955 1.9366
v -0.0478 0.4220 1.9037
v -0.0278 0.4199 1.9048
v -0.0419 0.4255 1.9340
v -0.0306 0.4195 1.8838
v -0.0508 0.4204 1.8876
v -0.0239 0.4141 1.9352
v -0.0317 0.4204 1.9554
v -0.0482 0.4166 1.9539
v -0.0586 0.4156 1.9370
v -0.0558 0.4090 1.8927
v -0.0692 0.3812 1.6462
v -0.0324 0.3730 1.6783
v -0.0664 0.3848 1.6778
v -0.0409 0.3690 1.6450
v -0.0463 0.3841 1.6893
v -0.0659 0.3844 1.6185
v -0.0654 0.3836 1.4191
v -0.0292 0.3721 1.5383
v -0.0543 0.3795 1.3441
v -0.0318 0.3772 1.3660
v -0.0546 0.3804 1.2437
v -0.0288 0.3799 1.2448
v -0.0140 0.3749 1.6462
v -0.0690 0.3990 1.6935
v -0.0511 0.3816 1.7805
v -0.0646 0.3939 1.8444
v -0.0510 0.3842 1.8078
v -0.0653 0.3904 1.9533
v -0.0389 0.3802 1.9500
v -0.0200 0.3865 1.8823
v -0.0253 0.3860 1.8059
v -0.0246 0.3875 1.7872
v -0.0164 0.3897 1.9525
v -0.0210 0.3960 1.6903
v -0.0493 0.4006 1.9168
v -0.0257 0.4083 1.9160
v -0.0423 0.3954 1.9016
v -0.0343 0.4002 1.8961
v -0.0272 0.4072 1.8869
v -0.0302 0.3955 1.9366
v -0.0493 0.3983 1.9396
v -0.0736 0.4362 1.5577
v -0.0781 0.4176 1.6266
v -0.0622 0.4460 1.6337
v -0.0727 0.4369 1.6815
v -0.0792 0.4078 1.6758
v -0.0722 0.4194 1.7015
v -0.0755 0.4037 1.4819
v -0.0746 0.4359 1.4069
v -0.0792 0.4159 1.3450
v -0.0738 0.4444 1.2445
v -0.0776 0.4077 1.2415
v -0.0587 0.4420 1.7046
v -0.0721 0.4143 1.8531
v -0.0670 0.4287 1.8824
v -0.0733 0.4153 1.9532
v -0.0528 0.4392 1.9555
v -0.0587 0.4512 1.4298
v -0.0511 0.4433 1.8558
v -0.0593 0.4423 1.8778
v -0.0470 0.4427 1.8937
v -0.0512 0.4598 1.2436
v -0.0567 0.4614 1.2307
v -0.0827 0.4391 1.2315
v -0.0703 0.4509 1.1541
v -0.0858 0.4249 1.1545
v -0.0633 0.5107 1.8610
v -0.0582 0.4846 1.8876
v -0.0661 0.5120 1.8873
v -0.0792 0.4159 1.3450
v -0.0654 0.3836 1.4191
v -0.0755 0.4037 1.4819
v -0.0659 0.3844 1.6185
v -0.0781 0.4176 1.6266
v -0.0776 0.4077 1.2415
v -0.0692 0.3812 1.6462
v -0.0792 0.4078 1.6758
v -0.0664 0.3848 1.6778
v -0.0690 0.3990 1.6935
v -0.0722 0.4194 1.7015
v -0.0721 0.4143 1.8531
v -0.0646 0.3939 1.8444
v -0.0653 0.3904 1.9533
v -0.0733 0.4153 1.9532
v -0.0543 0.3795 1.3441
v -0.0546 0.3804 1.2437
v -0.0789 0.3936 1.2315
v -0.0827 0.4391 1.2315
v -0.0836 0.4190 1.2191
v -0.0858 0.4249 1.1545
v -0.0752 0.3977 1.1544
v -0.0656 0.3903 1.2210
v -0.0738 0.4444 1.2445
v -0.0720 0.3318 1.2285
v -0.0683 0.3330 1.1962
v -0.0659 0.3509 1.1758
v -0.0641 0.3915 1.1738
v -0.0119 0.4030 1.8588
v -0.0200 0.3865 1.8823
v -0.0253 0.3860 1.8059
v -0.0246 0.3875 1.7872
v -0.0210 0.3960 1.6903
v -0.0084 0.4171 1.6867
v -0.0089 0.4144 1.9513
v -0.0164 0.3897 1.9525
v -0.0136 0.4247 1.8766
v -0.0161 0.4317 1.7590
v -0.0239 0.4141 1.9352
v -0.0278 0.4199 1.9048
v -0.0257 0.4083 1.9160
v -0.0257 0.4119 1.8811
v -0.0306 0.4195 1.8838
v -0.0302 0.3955 1.9366
v -0.0272 0.4072 1.8869
v -0.0307 0.4089 1.9556
v -0.0317 0.4204 1.9554
v -0.0244 0.4397 1.8881
v -0.0136 0.4247 1.8766
v -0.0233 0.4395 1.8584
v -0.0161 0.4317 1.7590
v -0.0234 0.4369 1.9522
v -0.0089 0.4144 1.9513
v -0.0363 0.4458 1.8516
v -0.0281 0.4429 1.6930
v -0.0084 0.4171 1.6867
v -0.0470 0.4427 1.8937
v -0.0528 0.4392 1.9555
v -0.0170 0.4958 1.8905
v -0.0233 0.4395 1.8584
v -0.0160 0.5006 1.8578
v -0.0244 0.4397 1.8881
v -0.0146 0.5230 1.8899
v -0.0182 0.5277 1.8724
v -0.0272 0.4072 1.8869
v -0.0508 0.4204 1.8876
v -0.0343 0.4002 1.8961
v -0.0306 0.4195 1.8838
v -0.0518 0.4036 1.8931
v -0.0558 0.4090 1.8927
v -0.0423 0.3954 1.9016
v -0.0257 0.4119 1.8811
v -0.0170 0.4958 1.8905
v -0.0571 0.5271 1.8899
v -0.0582 0.4846 1.8876
v -0.0146 0.5230 1.8899
v -0.0470 0.4427 1.8937
v -0.0661 0.5120 1.8873
v -0.0244 0.4397 1.8881
v 0.0372 0.3967 1.7701
v 0.0141 0.3867 1.7965
v 0.0405 0.3818 1.7725
v 0.0222 0.3690 1.7881
v 0.0013 0.3706 1.8025
v -0.0253 0.3860 1.8059
v -0.0510 0.3842 1.8078
v -0.0429 0.3645 1.8083
v -0.0827 0.3736 1.8076
v -0.0992 0.3664 1.8013
v -0.1002 0.3573 1.7849
v -0.0160 0.5006 1.8578
v -0.0363 0.4458 1.8516
v -0.0547 0.5173 1.8555
v -0.0511 0.4433 1.8558
v -0.0233 0.4395 1.8584
v -0.0182 0.5277 1.8724
v -0.0633 0.5107 1.8610
v -0.0182 0.5277 1.8724
v -0.0547 0.5173 1.8555
v -0.0571 0.5271 1.8899
v -0.0146 0.5230 1.8899
v -0.0633 0.5107 1.8610
v -0.0661 0.5120 1.8873
v -0.0992 0.3664 1.8013
v -0.1050 0.3659 1.7741
v -0.1002 0.3573 1.7849
v -0.0960 0.3817 1.7862
v -0.0827 0.3736 1.8076
v -0.0510 0.3842 1.8078
v -0.0769 0.3724 1.7725
v -0.0960 0.3817 1.7862
v -0.0511 0.3816 1.7805
v -0.1050 0.3659 1.7741
v -0.0510 0.3842 1.8078
v -0.0769 0.3724 1.7725
v -0.0511 0.3816 1.7805
v -0.0213 0.3702 1.7870
v -0.0246 0.3875 1.7872
v 0.0085 0.3913 1.7806
v -0.0615 0.3599 1.7825
v -0.1050 0.3659 1.7741
v -0.1002 0.3573 1.7849
v 0.0169 0.3785 1.7692
v 0.0222 0.3690 1.7881
v -0.0213 0.3702 1.7870
v 0.0299 0.3814 1.7431
v 0.0013 0.3706 1.8025
v -0.0429 0.3645 1.8083
v -0.0615 0.3599 1.7825
v -0.1002 0.3573 1.7849
v 0.0405 0.3818 1.7725
v 0.0143 0.3953 1.7219
v 0.0262 0.3970 1.7090
v 0.0016 0.4078 1.6825
v 0.0081 0.4150 1.6718
v -0.0587 0.4512 1.4298
v -0.0622 0.4460 1.6337
v -0.0342 0.4566 1.4640
v -0.0318 0.4541 1.6449
v -0.0512 0.4598 1.2436
v -0.0298 0.4642 1.2314
v -0.0727 0.4369 1.6815
v -0.0426 0.4517 1.6799
v -0.0587 0.4420 1.7046
v -0.0567 0.4614 1.2307
v -0.0406 0.4630 1.1554
v -0.0703 0.4509 1.1541
v -0.0281 0.4429 1.6930
v -0.0511 0.4433 1.8558
v -0.0363 0.4458 1.8516
v 0.0169 0.3785 1.7692
v -0.0213 0.3702 1.7870
v 0.0085 0.3913 1.7806
v 0.0192 0.4038 1.7414
v 0.0372 0.4036 1.7429
v 0.0192 0.4038 1.7414
v 0.0372 0.3967 1.7701
v 0.0085 0.3913 1.7806
v 0.0141 0.3867 1.7965
v -0.0246 0.3875 1.7872
v 0.0127 0.4194 1.7042
v -0.0253 0.3860 1.8059
v 0.0292 0.4099 1.7071
v 0.0067 0.4219 1.6772
v -0.0084 0.4171 1.6867
v 0.0192 0.4038 1.7414
v 0.0016 0.4078 1.6825
v 0.0143 0.3953 1.7219
v 0.0169 0.3785 1.7692
v 0.0127 0.4194 1.7042
v 0.0016 0.4078 1.6825
v 0.0127 0.4194 1.7042
v -0.0084 0.4171 1.6867
v 0.0018 0.4194 1.6165
v -0.0003 0.4258 1.3953
v -0.0115 0.4493 1.5179
v -0.0090 0.4458 1.3672
v 0.0020 0.4355 1.2353
v -0.0009 0.4350 1.6403
v -0.0128 0.4550 1.2351
v 0.0077 0.4228 1.1560
v -0.0127 0.4554 1.1533
v 0.0059 0.4127 1.2343
v -0.0005 0.3937 1.6296
v 0.0081 0.4150 1.6718
v -0.0103 0.4398 1.6709
v -0.0021 0.4061 1.2440
v -0.0026 0.4023 1.4804
v -0.0124 0.3842 1.5103
v 0.0067 0.4219 1.6772
v 0.0292 0.4099 1.7071
v 0.0262 0.3970 1.7090
v 0.0372 0.4036 1.7429
v 0.0299 0.3814 1.7431
v 0.0405 0.3818 1.7725
v 0.0372 0.3967 1.7701
v 0.0016 0.4078 1.6825
v -0.0084 0.4171 1.6867
v -0.0210 0.3960 1.6903
v -0.0324 0.3730 1.6783
v -0.0463 0.3841 1.6893
v -0.0143 0.3883 1.3612
v -0.0124 0.3842 1.5103
v -0.0318 0.3772 1.3660
v -0.0292 0.3721 1.5383
v -0.0288 0.3799 1.2448
v -0.0005 0.3937 1.6296
v -0.0021 0.4061 1.2440
v -0.0140 0.3749 1.6462
v -0.0026 0.4023 1.4804
v 0.0081 0.4150 1.6718
v 0.0018 0.4194 1.6165
v -0.0149 0.3872 1.2336
v 0.0059 0.4127 1.2343
v -0.0160 0.3796 1.1653
v -0.0232 0.3719 1.2129
v 0.0077 0.4228 1.1560
v -0.0511 0.3721 1.1776
v -0.0511 0.3698 1.2110
v -0.0173 0.4467 1.6171
v -0.0342 0.4566 1.4640
v -0.0318 0.4541 1.6449
v -0.0009 0.4350 1.6403
v -0.0115 0.4493 1.5179
v -0.0103 0.4398 1.6709
v -0.0090 0.4458 1.3672
v -0.0128 0.4550 1.2351
v -0.0298 0.4642 1.2314
v -0.0127 0.4554 1.1533
v -0.0426 0.4517 1.6799
v -0.0281 0.4429 1.6930
v -0.0406 0.4630 1.1554
v 0.0067 0.4219 1.6772
v 0.0067 0.4219 1.6772
v -0.0281 0.4429 1.6930
v -0.0084 0.4171 1.6867
v -0.2488 0.0259 1.2619
v -0.2477 0.0024 1.2611
v -0.2333 0.0146 1.2802
v -0.2604 0.0094 1.2378
v -0.2091 0.0000 1.2775
v -0.2091 0.0000 1.2775
v -0.1765 0.0173 1.2443
v -0.2104 0.0234 1.2788
v -0.1769 0.0059 1.2482
v -0.2333 0.0146 1.2802
v -0.2350 0.0305 1.2455
v -0.2104 0.0234 1.2788
v -0.2049 0.0274 1.2538
v -0.2488 0.0259 1.2619
v -0.1765 0.0173 1.2443
v -0.2048 0.0235 1.2274
v -0.2063 0.0243 1.2101
v -0.2242 0.0288 1.2041
v -0.2491 0.0240 1.2044
v -0.2333 0.0146 1.2802
v -0.2063 0.0243 1.2101
v -0.2152 0.0085 1.2206
v -0.2048 0.0235 1.2274
v -0.2169 0.0111 1.2351
v -0.2432 0.0037 1.2314
v -0.2169 0.0111 1.2351
v -0.2146 0.0068 1.2556
v -0.2477 0.0024 1.2611
v -0.2091 0.0000 1.2775
v -0.2604 0.0094 1.2378
v -0.2481 0.0060 1.2015
v -0.2152 0.0085 1.2206
v -0.1958 0.0045 1.2081
v -0.1769 0.0059 1.2482
v -0.2150 0.0126 1.1913
v -0.2048 0.0235 1.2274
v -0.2258 0.0181 1.2251
v -0.2026 0.0315 1.2167
v -0.2491 0.0240 1.2044
v -0.2604 0.0094 1.2378
v -0.2488 0.0259 1.2619
v -0.2481 0.0060 1.2015
v -0.2491 0.0240 1.2044
v -0.2150 0.0126 1.1913
v -0.2481 0.0060 1.2015
v -0.2242 0.0288 1.2041
v -0.2258 0.0181 1.2251
v -0.2432 0.0037 1.2314
v -0.2152 0.0085 1.2206
v -0.2026 0.0315 1.2167
v -0.2152 0.0085 1.2206
v -0.2063 0.0243 1.2101
v -0.2026 0.0315 1.2167
v -0.2031 0.0503 1.2103
v -0.1483 0.1925 1.1975
v -0.1770 0.1484 1.2160
v -0.1445 0.2109 1.2169
v -0.1318 0.2301 1.1994
v -0.1698 0.1519 1.2038
v -0.1944 0.1098 1.2123
v -0.1156 0.2468 1.1880
v -0.1108 0.2583 1.2164
v -0.0997 0.2904 1.1872
v -0.1036 0.2895 1.2042
v -0.0981 0.3174 1.1975
v -0.0825 0.3321 1.1604
v -0.0836 0.3383 1.1726
v -0.0782 0.3779 1.1488
v -0.0618 0.3543 1.1344
v -0.1686 0.1254 1.2012
v -0.2031 0.0503 1.2103
v -0.2124 0.0821 1.2283
v -0.2222 0.0453 1.2192
v -0.2350 0.0305 1.2455
v -0.2242 0.0288 1.2041
v -0.1765 0.0173 1.2443
v -0.2150 0.0126 1.1913
v -0.2063 0.0243 1.2101
v -0.1958 0.0045 1.2081
v -0.2242 0.0288 1.2041
v -0.1769 0.0059 1.2482
v -0.2031 0.0503 1.2103
v -0.0892 0.2327 1.2119
v -0.1144 0.1860 1.2098
v -0.0944 0.2394 1.1863
v -0.0662 0.2929 1.1803
v -0.1325 0.1645 1.1995
v -0.1620 0.1080 1.2075
v -0.1425 0.1307 1.2184
v -0.1760 0.0682 1.2186
v -0.0614 0.2954 1.2104
v -0.0534 0.3257 1.1535
v -0.0523 0.3302 1.1978
v -0.0441 0.3316 1.2315
v -0.1588 0.1048 1.2329
v -0.1848 0.0645 1.2439
v -0.2049 0.0274 1.2538
v -0.2026 0.0315 1.2167
v -0.2048 0.0235 1.2274
v -0.1115 0.2008 1.2222
v -0.1421 0.1452 1.2307
v -0.1108 0.2583 1.2164
v -0.1263 0.2149 1.2265
v -0.0855 0.2681 1.2203
v -0.1445 0.2109 1.2169
v -0.1777 0.1337 1.2329
v -0.1605 0.1378 1.2371
v -0.2161 0.0608 1.2424
v -0.1848 0.0645 1.2439
v -0.2049 0.0274 1.2538
v -0.2350 0.0305 1.2455
v -0.0818 0.3081 1.2208
v -0.2124 0.0821 1.2283
v -0.1036 0.2895 1.2042
v -0.0981 0.3174 1.1975
v -0.0720 0.3318 1.2285
v -0.1318 0.2301 1.1994
v -0.1770 0.1484 1.2160
v -0.1944 0.1098 1.2123
v -0.0683 0.3330 1.1962
v -0.0836 0.3383 1.1726
v -0.0659 0.3509 1.1758
v -0.0782 0.3779 1.1488
v -0.0641 0.3915 1.1738
v -0.0752 0.3977 1.1544
v -0.0858 0.4249 1.1545
v -0.0967 0.4222 1.1416
v -0.0869 0.4474 1.1462
v -0.0703 0.4509 1.1541
v -0.0503 0.4728 1.1466
v -0.0406 0.4630 1.1554
v -0.0225 0.3528 1.1304
v -0.0181 0.3247 1.1489
v -0.0618 0.3543 1.1344
v -0.0342 0.3329 1.1512
v -0.0176 0.3094 1.1613
v 0.0059 0.2802 1.1789
v -0.0063 0.2810 1.1867
v 0.0334 0.2473 1.1798
v -0.1156 0.2468 1.1880
v -0.0944 0.2394 1.1863
v -0.1325 0.1645 1.1995
v -0.1483 0.1925 1.1975
v -0.0779 0.2891 1.1771
v -0.1686 0.1254 1.2012
v -0.1620 0.1080 1.2075
v -0.1760 0.0682 1.2186
v -0.0662 0.2929 1.1803
v -0.0997 0.2904 1.1872
v -0.0825 0.3321 1.1604
v -0.0534 0.3257 1.1535
v -0.2031 0.0503 1.2103
v -0.2026 0.0315 1.2167
v 0.1047 0.1810 1.1800
v 0.0835 0.1620 1.1904
v 0.0479 0.2139 1.1867
v 0.1290 0.1088 1.1843
v 0.1302 0.1490 1.1823
v 0.1540 0.0722 1.1848
v 0.1852 0.0781 1.1890
v 0.1792 0.0436 1.1790
v 0.2028 0.0482 1.1867
v 0.0784 0.2320 1.1894
v 0.0453 0.2739 1.1870
v 0.0280 0.3064 1.1904
v -0.0016 0.2841 1.2118
v 0.0521 0.2115 1.2125
v 0.0463 0.2712 1.2141
v 0.0185 0.3107 1.2120
v 0.0956 0.1780 1.2179
v -0.0059 0.3345 1.2285
v -0.0139 0.3051 1.2167
v 0.0642 0.1847 1.2059
v 0.0935 0.1479 1.2082
v 0.1308 0.1261 1.2174
v 0.1314 0.0950 1.2061
v 0.1546 0.0690 1.2087
v 0.1913 0.0390 1.2175
v 0.1748 0.0341 1.2055
v 0.1947 0.0692 1.2080
v 0.2093 0.0460 1.2086
v 0.1571 0.1210 1.2074
v 0.1283 0.1584 1.2091
v -0.0180 0.3326 1.2347
v -0.0149 0.3872 1.2336
v 0.1036 0.1981 1.2041
v -0.0288 0.3799 1.2448
v -0.0546 0.3804 1.2437
v -0.0441 0.3316 1.2315
v -0.0720 0.3318 1.2285
v -0.0818 0.3081 1.2208
v -0.0614 0.2954 1.2104
v -0.0855 0.2681 1.2203
v -0.0892 0.2327 1.2119
v -0.1263 0.2149 1.2265
v -0.1115 0.2008 1.2222
v -0.1421 0.1452 1.2307
v -0.1605 0.1378 1.2371
v -0.1588 0.1048 1.2329
v -0.1848 0.0645 1.2439
v 0.0692 0.2449 1.2078
v 0.1948 0.0183 1.1983
v 0.1730 0.0068 1.1778
v 0.2268 0.0243 1.1829
v 0.2088 0.0186 1.1625
v 0.2225 0.0203 1.2309
v 0.1804 0.0117 1.1603
v 0.1768 0.0022 1.2275
v 0.2176 0.0226 1.2425
v 0.1768 0.0022 1.2275
v 0.2176 0.0226 1.2425
v 0.1793 0.0253 1.2441
v 0.1619 0.0139 1.2209
v 0.2086 0.0403 1.2416
v 0.2093 0.0460 1.2086
v 0.1913 0.0390 1.2175
v 0.1793 0.0253 1.2441
v 0.1748 0.0341 1.2055
v 0.1619 0.0139 1.2209
v 0.1672 0.0220 1.1782
v 0.1792 0.0436 1.1790
v 0.2320 0.0419 1.2162
v 0.2187 0.0392 1.1688
v 0.2028 0.0482 1.1867
v 0.1858 0.0294 1.1571
v 0.1804 0.0117 1.1603
v 0.1730 0.0068 1.1778
v 0.1672 0.0220 1.1782
v 0.1619 0.0139 1.2209
v 0.1768 0.0022 1.2275
v 0.1858 0.0294 1.1571
v 0.1792 0.0436 1.1790
v 0.2086 0.0403 1.2416
v 0.1793 0.0253 1.2441
v 0.2176 0.0226 1.2425
v 0.2320 0.0419 1.2162
v 0.2268 0.0243 1.1829
v 0.2320 0.0419 1.2162
v 0.2225 0.0203 1.2309
v 0.2176 0.0226 1.2425
v 0.2187 0.0392 1.1688
v 0.2187 0.0392 1.1688
v 0.2088 0.0186 1.1625
v 0.1858 0.0294 1.1571
v 0.1804 0.0117 1.1603
v 0.2268 0.0243 1.1829
v -0.0334 0.3304 1.2263
v -0.0441 0.3316 1.2315
v -0.0523 0.3302 1.1978
v -0.0342 0.3329 1.1512
v -0.0180 0.3326 1.2347
v -0.0534 0.3257 1.1535
v -0.0139 0.3051 1.2167
v 0.0835 0.1620 1.1904
v 0.0642 0.1847 1.2059
v 0.0479 0.2139 1.1867
v 0.0935 0.1479 1.2082
v 0.1150 0.1149 1.1993
v 0.0521 0.2115 1.2125
v 0.0290 0.2369 1.2050
v 0.1314 0.0950 1.2061
v 0.0334 0.2473 1.1798
v 0.1290 0.1088 1.1843
v 0.1540 0.0722 1.1848
v 0.1546 0.0690 1.2087
v 0.1748 0.0341 1.2055
v 0.1792 0.0436 1.1790
v -0.0063 0.2810 1.1867
v -0.0016 0.2841 1.2118
v -0.0139 0.3051 1.2167
v -0.0176 0.3094 1.1613
v -0.0342 0.3329 1.1512
v -0.0334 0.3304 1.2263
v 0.0280 0.3064 1.1904
v 0.0463 0.2712 1.2141
v 0.0453 0.2739 1.1870
v 0.0784 0.2320 1.1894
v 0.0185 0.3107 1.2120
v -0.0141 0.3450 1.1899
v -0.0059 0.3345 1.2285
v 0.0040 0.3320 1.1665
v 0.0692 0.2449 1.2078
v 0.1036 0.1981 1.2041
v -0.0065 0.3577 1.1505
v -0.0273 0.3720 1.1782
v -0.0232 0.3719 1.2129
v 0.1047 0.1810 1.1800
v 0.1302 0.1490 1.1823
v 0.1283 0.1584 1.2091
v 0.1571 0.1210 1.2074
v 0.1634 0.1104 1.1930
v 0.1852 0.0781 1.1890
v 0.1947 0.0692 1.2080
v 0.2028 0.0482 1.1867
v 0.2093 0.0460 1.2086
v -0.0149 0.3872 1.2336
v -0.0041 0.3781 1.1498
v -0.0160 0.3796 1.1653
v 0.0078 0.3884 1.1284
v 0.0077 0.4228 1.1560
v 0.0185 0.4277 1.1145
v 0.0012 0.4558 1.1461
v 0.0074 0.4547 1.1076
v 0.0173 0.4490 1.0383
v 0.0161 0.3840 1.1178
v 0.0240 0.4058 1.0354
v 0.0199 0.4430 1.0180
v 0.0176 0.3942 1.0733
v 0.0182 0.3775 1.0179
v 0.0115 0.3651 1.0290
v 0.0182 0.3379 1.0107
v -0.0232 0.3719 1.2129
v -0.0399 0.3630 1.1752
v -0.0511 0.3698 1.2110
v -0.0273 0.3720 1.1782
v -0.0511 0.3721 1.1776
v -0.0181 0.3247 1.1489
v -0.0065 0.3577 1.1505
v 0.0040 0.3320 1.1665
v 0.0059 0.2802 1.1789
v 0.0280 0.3064 1.1904
v -0.0225 0.3528 1.1304
v -0.0075 0.3778 1.1264
v -0.0041 0.3781 1.1498
v -0.0160 0.3796 1.1653
v -0.0511 0.3721 1.1776
v -0.0273 0.3720 1.1782
v -0.0511 0.3721 1.1776
v -0.0399 0.3630 1.1752
v -0.0273 0.3720 1.1782
v -0.0633 0.3764 1.1269
v -0.0172 0.3815 1.1392
v -0.0282 0.3771 1.1090
v -0.0666 0.3783 1.1361
v -0.0075 0.3778 1.1264
v -0.0041 0.3781 1.1498
v -0.0021 0.3842 1.1053
v -0.0591 0.3810 1.1141
v -0.0632 0.3825 1.1086
v -0.0474 0.3902 1.1489
v -0.0444 0.3941 1.1625
v -0.0640 0.4013 1.1505
v -0.0172 0.3815 1.1392
v -0.0182 0.3976 1.1559
v -0.0094 0.3859 1.1421
v -0.0444 0.3941 1.1625
v -0.0058 0.4207 1.1525
v -0.0094 0.3859 1.1421
v 0.0078 0.3884 1.1284
v -0.0041 0.3781 1.1498
v -0.0172 0.3815 1.1392
v -0.0836 0.3660 0.8994
v -0.0877 0.3751 0.8628
v -0.0843 0.3700 0.9148
v -0.0840 0.3676 0.8502
v -0.0867 0.3750 0.8232
v -0.0853 0.4155 0.8863
v -0.0837 0.3815 0.9427
v -0.0844 0.4316 0.9048
v -0.0837 0.4456 0.9471
v -0.0855 0.3901 1.0269
v -0.0861 0.4332 1.0362
v -0.0864 0.4082 0.8462
v -0.0837 0.4466 0.8534
v -0.0857 0.4401 0.8126
v -0.0869 0.4016 0.7872
v -0.0859 0.4398 0.7632
v -0.0859 0.4358 0.7415
v -0.0866 0.3990 0.7283
v -0.0868 0.3709 0.7830
v -0.0859 0.3827 0.7074
v -0.0881 0.3824 0.8134
v -0.0829 0.4491 0.9190
v -0.0842 0.3707 0.6906
v -0.0870 0.4232 1.0407
v -0.0832 0.4333 1.0602
v -0.0838 0.4488 0.7564
v -0.0835 0.4491 0.7327
v -0.0849 0.4259 0.7313
v -0.0842 0.4152 0.7263
v -0.0835 0.4484 0.8000
v -0.0828 0.4121 1.0513
v -0.0843 0.4023 1.0713
v -0.0826 0.4215 1.0975
v -0.0832 0.4062 1.0969
v -0.0833 0.4300 1.0918
v -0.0823 0.3956 1.0902
v -0.0790 0.3987 1.0564
v -0.0775 0.3475 0.7399
v -0.0765 0.4184 1.1110
v -0.0758 0.4274 1.1087
v -0.0764 0.4132 1.1313
v -0.0761 0.4079 1.1222
v -0.0767 0.3981 1.1304
v -0.0693 0.3945 1.1085
v -0.0736 0.3535 0.6708
v -0.0791 0.3316 0.6842
v -0.0717 0.3079 0.7154
v -0.0630 0.3150 0.7588
v -0.0656 0.2404 0.7344
v -0.0595 0.2544 0.7748
v -0.0479 0.2198 0.8110
v -0.0667 0.3488 0.7755
v -0.0632 0.3825 1.1086
v -0.0805 0.3161 0.6882
v -0.0738 0.3058 0.6968
v -0.0666 0.3783 1.1361
v -0.0580 0.2322 0.8200
v -0.0596 0.2699 0.8429
v -0.0564 0.3054 0.7675
v -0.0633 0.3764 1.1269
v -0.0517 0.2585 0.8495
v -0.0640 0.4013 1.1505
v -0.0721 0.4185 1.1466
v -0.0472 0.3057 0.8078
v -0.0498 0.2912 0.8521
v -0.0344 0.3039 0.8718
v -0.0444 0.3941 1.1625
v -0.0182 0.3976 1.1559
v -0.0037 0.4177 1.1248
v -0.0058 0.4143 1.1507
v -0.0079 0.4353 1.1431
v -0.0058 0.4207 1.1525
v -0.0073 0.4577 1.0432
v -0.0475 0.4552 1.0536
v -0.0387 0.4620 1.0093
v -0.0286 0.4541 1.0707
v -0.0515 0.4517 1.0823
v -0.0069 0.4514 1.0201
v 0.0007 0.4602 0.9961
v 0.0061 0.4460 1.0183
v 0.0147 0.4585 0.9911
v -0.0019 0.4123 1.1130
v -0.0540 0.4476 1.0992
v -0.0037 0.4177 1.1248
v -0.0711 0.4340 1.1253
v -0.0182 0.3976 1.1559
v -0.0444 0.3941 1.1625
v -0.0721 0.4185 1.1466
v -0.0280 0.4711 0.9992
v -0.0132 0.4694 0.9875
v -0.0196 0.4741 0.9419
v 0.0008 0.4577 0.9419
v -0.0080 0.4664 1.0969
v -0.0142 0.4761 1.1459
v 0.0074 0.4547 1.1076
v 0.0173 0.4490 1.0383
v 0.0012 0.4558 1.1461
v -0.0486 0.4770 1.1070
v -0.0503 0.4728 1.1466
v -0.0142 0.4761 1.1459
v -0.0127 0.4554 1.1533
v 0.0012 0.4558 1.1461
v 0.0077 0.4228 1.1560
v -0.0503 0.4728 1.1466
v -0.0406 0.4630 1.1554
v -0.0831 0.3699 1.1165
v -0.0625 0.3563 1.0650
v -0.0599 0.3539 1.1109
v -0.0899 0.3776 1.0608
v -0.0618 0.3543 1.1344
v -0.0782 0.3779 1.1488
v -0.0225 0.3528 1.1304
v -0.0134 0.3552 1.0595
v -0.0632 0.3825 1.1086
v -0.0471 0.3683 1.1009
v -0.0636 0.3727 1.0999
v -0.0701 0.3786 1.1014
v -0.0297 0.3674 1.0999
v -0.0282 0.3771 1.1090
v -0.0021 0.3842 1.1053
v -0.0693 0.3945 1.1085
v -0.0766 0.3941 1.1027
v -0.0765 0.4184 1.1110
v -0.0978 0.4533 0.7200
v -0.1008 0.3702 0.7696
v -0.0971 0.4603 0.8143
v -0.0980 0.3958 0.7088
v -0.0971 0.3762 0.6836
v -0.0901 0.3478 0.7187
v -0.0886 0.3493 0.6881
v -0.0913 0.3483 0.7605
v -0.0964 0.3367 0.7275
v -0.0858 0.3531 0.7962
v -0.0960 0.3631 0.8145
v -0.0988 0.3264 0.6994
v -0.0960 0.3382 0.7511
v -0.0900 0.3229 0.7335
v -0.1017 0.3707 0.8308
v -0.0853 0.3654 0.6578
v -0.0895 0.3410 0.6177
v -0.0789 0.3482 0.5947
v -0.0756 0.3255 0.5682
v -0.0909 0.2838 0.6503
v -0.0685 0.2602 0.5763
v -0.0627 0.2991 0.5443
v -0.0602 0.2460 0.5570
v -0.0517 0.3165 0.5223
v -0.0561 0.2712 0.5101
v -0.0654 0.2443 0.5260
v -0.0433 0.2456 0.5088
v -0.0898 0.3175 0.7138
v -0.0969 0.4509 0.8801
v -0.0973 0.3796 0.9545
v -0.1055 0.3607 0.9161
v -0.0972 0.4498 0.9522
v -0.0984 0.3742 1.0384
v -0.0991 0.4341 1.0356
v -0.0986 0.4488 1.0207
v -0.0967 0.4649 0.9935
v -0.0941 0.4618 0.8793
v -0.0975 0.4640 0.9597
v -0.0887 0.4490 1.0519
v -0.0865 0.4509 1.0696
v -0.0952 0.4389 1.0982
v -0.0984 0.3961 1.0440
v -0.0976 0.3042 0.6625
v -0.0991 0.3584 0.8631
v -0.0983 0.3967 1.1157
v -0.1024 0.4256 1.1116
v -0.0967 0.4222 1.1416
v -0.0831 0.3699 1.1165
v -0.0782 0.3779 1.1488
v -0.0818 0.2992 0.7163
v -0.0899 0.3776 1.0608
v -0.1091 0.3349 1.0289
v -0.0984 0.3742 1.0384
v -0.1139 0.3649 0.9411
v -0.1091 0.3349 1.0289
v -0.1177 0.3399 0.9582
v -0.0696 0.3893 1.0396
v -0.0571 0.3735 1.0495
v -0.0612 0.3749 1.0268
v -0.0534 0.3678 1.0254
v -0.0672 0.3747 1.0622
v -0.0779 0.3868 1.0632
v -0.0778 0.3856 1.0940
v -0.0658 0.3735 1.0931
v -0.0701 0.3786 1.1014
v -0.0636 0.3727 1.0999
v -0.0823 0.3956 1.0902
v -0.0843 0.4023 1.0713
v -0.0790 0.3987 1.0564
v -0.0828 0.4121 1.0513
v -0.0766 0.3941 1.1027
v -0.0832 0.4062 1.0969
v -0.0855 0.3901 1.0269
v -0.0772 0.3771 0.9571
v -0.0837 0.3815 0.9427
v -0.0793 0.3526 0.9371
v -0.0765 0.4184 1.1110
v -0.0667 0.3534 1.0044
v -0.0794 0.3538 0.9573
v -0.0735 0.3652 0.9222
v -0.0531 0.3376 0.9766
v -0.0320 0.3507 1.0203
v -0.0829 0.3354 1.0003
v -0.0831 0.3310 0.9639
v -0.0522 0.3411 0.9389
v -0.0607 0.3392 0.9407
v -0.0565 0.3414 0.9321
v -0.0651 0.3358 1.0319
v -0.0183 0.3402 0.9215
v -0.0519 0.3415 0.9210
v -0.0357 0.3342 0.9632
v -0.0343 0.3397 0.9776
v -0.0335 0.3396 1.0421
v -0.0081 0.3488 1.0456
v 0.0115 0.3651 1.0290
v -0.0516 0.3427 1.0591
v -0.0134 0.3552 1.0595
v -0.0637 0.3352 0.9374
v 0.0176 0.3942 1.0733
v -0.0707 0.3287 0.9520
v -0.0006 0.3641 1.1129
v -0.0225 0.3528 1.1304
v 0.0161 0.3840 1.1178
v -0.0157 0.3283 0.9539
v -0.0075 0.3778 1.1264
v 0.0078 0.3884 1.1284
v -0.0094 0.3859 1.1421
v -0.0428 0.3067 0.9998
v -0.0422 0.3073 0.9855
v -0.0297 0.3148 0.9829
v -0.0505 0.3034 0.9940
v -0.0538 0.3040 0.9822
v -0.0299 0.3051 1.0237
v -0.0073 0.3135 1.0210
v -0.0243 0.3221 0.9685
v -0.0379 0.3129 0.9784
v -0.0026 0.3221 1.0166
v 0.0069 0.3344 1.0013
v -0.0133 0.3274 0.9598
v -0.0157 0.3283 0.9539
v -0.0021 0.3335 0.9398
v -0.0042 0.3355 0.9318
v 0.0043 0.3350 0.9401
v -0.0456 0.3035 0.9791
v -0.0183 0.3402 0.9215
v -0.0526 0.3003 0.9766
v -0.0952 0.4389 1.0982
v -0.0846 0.4562 1.1106
v -0.0486 0.4770 1.1070
v -0.0485 0.4678 1.0982
v -0.0503 0.4728 1.1466
v -0.0869 0.4474 1.1462
v -0.1024 0.4256 1.1116
v -0.0967 0.4222 1.1416
v -0.0080 0.4664 1.0969
v -0.0485 0.4678 1.0982
v -0.0486 0.4770 1.1070
v -0.0636 0.4519 1.0314
v -0.0475 0.4552 1.0536
v -0.0717 0.4465 1.0482
v -0.0515 0.4517 1.0823
v -0.0387 0.4620 1.0093
v -0.0625 0.4520 1.0035
v -0.0448 0.4579 0.9425
v -0.0837 0.4456 0.9471
v -0.0669 0.4520 0.9228
v -0.0790 0.4435 1.0114
v -0.0771 0.4386 1.0785
v -0.0540 0.4476 1.0992
v -0.0829 0.4491 0.9190
v -0.0717 0.4357 1.1048
v -0.0711 0.4340 1.1253
v -0.0280 0.4711 0.9992
v -0.0196 0.4741 0.9419
v -0.0833 0.4300 1.0918
v -0.0861 0.4332 1.0362
v -0.0832 0.4333 1.0602
v -0.0758 0.4274 1.1087
v -0.0721 0.4185 1.1466
v -0.0764 0.4132 1.1313
v 0.0089 0.4172 1.0420
v 0.0007 0.3866 1.0609
v -0.0019 0.4123 1.1130
v 0.0095 0.3896 1.0183
v -0.0021 0.3842 1.1053
v -0.0075 0.3778 1.1264
v -0.0037 0.4177 1.1248
v -0.0058 0.4207 1.1525
v -0.0094 0.3859 1.1421
v 0.0061 0.4460 1.0183
v -0.0079 0.4353 1.1431
v -0.0073 0.4577 1.0432
v -0.0286 0.4541 1.0707
v 0.0095 0.3896 1.0183
v 0.0061 0.4460 1.0183
v 0.0199 0.4430 1.0180
v 0.0182 0.3775 1.0179
v -0.0720 0.3033 1.0373
v -0.1023 0.3143 1.0314
v -0.0907 0.3031 1.0051
v -0.1177 0.3399 0.9582
v -0.0534 0.2647 1.0249
v -0.0674 0.2615 0.9913
v -0.1091 0.3349 1.0289
v -0.1081 0.3006 0.9539
v -0.0906 0.2693 0.9711
v -0.0855 0.3250 1.0504
v -0.0899 0.3776 1.0608
v 0.0250 0.2542 0.9751
v -0.0166 0.2455 0.9839
v 0.0658 0.2431 0.9330
v -0.0328 0.2586 1.0180
v 0.0136 0.2378 0.9374
v 0.0499 0.2370 0.9074
v -0.0674 0.2615 0.9913
v -0.0534 0.2647 1.0249
v -0.0473 0.2501 0.9384
v -0.0537 0.2443 0.9693
v 0.0870 0.2222 0.9049
v 0.1091 0.2125 0.8888
v 0.0916 0.2407 0.9346
v 0.0907 0.2207 0.8695
v 0.1296 0.2377 0.9083
v -0.0906 0.2693 0.9711
v 0.0743 0.2638 0.9474
v -0.0144 0.2926 1.0326
v -0.0720 0.3033 1.0373
v -0.0316 0.3247 1.0562
v -0.0855 0.3250 1.0504
v -0.1023 0.3143 1.0314
v -0.0516 0.3427 1.0591
v -0.0625 0.3563 1.0650
v -0.0134 0.3552 1.0595
v 0.1355 0.1987 0.8976
v 0.1556 0.2339 0.9124
v 0.1699 0.2248 0.9067
v -0.0899 0.3776 1.0608
v 0.1118 0.1946 0.8850
v 0.1350 0.1736 0.8626
v 0.1783 0.1727 0.8551
v 0.1724 0.1478 0.8215
v 0.2353 0.1465 0.8143
v 0.2394 0.1225 0.7826
v -0.0554 0.3183 0.9824
v -0.0823 0.3276 0.9895
v -0.0418 0.3210 1.0340
v -0.0831 0.3310 0.9639
v -0.0621 0.3184 0.9562
v -0.0497 0.3110 0.9617
v -0.0396 0.3081 0.9686
v -0.0379 0.3129 0.9784
v -0.0829 0.3354 1.0003
v -0.0651 0.3358 1.0319
v -0.0601 0.3113 0.9509
v -0.0335 0.3396 1.0421
v -0.0093 0.3274 1.0377
v -0.0140 0.3736 1.0250
v -0.0534 0.3678 1.0254
v -0.0313 0.3726 1.0412
v -0.0468 0.3712 1.0506
v -0.0030 0.3809 1.0449
v -0.0310 0.3666 1.0649
v -0.0458 0.3664 1.0664
v -0.0297 0.3674 1.0999
v -0.0471 0.3683 1.1009
v 0.0007 0.3866 1.0609
v -0.0021 0.3842 1.1053
v 0.0095 0.3896 1.0183
v 0.0078 0.3875 0.9783
v -0.0290 0.3627 1.0146
v -0.0321 0.3566 0.9744
v 0.0015 0.3686 0.9474
v -0.0060 0.3504 0.9363
v -0.0571 0.3735 1.0495
v -0.0658 0.3735 1.0931
v -0.0636 0.3727 1.0999
v -0.0672 0.3747 1.0622
v -0.0038 0.3544 0.9215
v 0.0105 0.3785 0.9293
v 0.0179 0.3880 0.9208
v 0.0080 0.3636 0.8830
v -0.0004 0.3600 0.8691
v 0.0207 0.3871 0.9430
v 0.0177 0.3825 0.8700
v 0.0184 0.3852 0.8469
v -0.0132 0.3629 0.8388
v 0.0028 0.3612 0.7909
v -0.0170 0.3581 0.7701
v -0.0240 0.3559 0.8003
v -0.0010 0.3617 0.7756
v -0.0230 0.3543 0.7644
v -0.0065 0.3529 0.7490
v 0.0277 0.2773 0.9942
v 0.1180 0.2878 0.9191
v 0.0505 0.3128 0.9836
v 0.0142 0.3204 1.0179
v 0.0743 0.2638 0.9474
v 0.0916 0.2407 0.9346
v -0.0036 0.3197 1.0421
v -0.0144 0.2926 1.0326
v 0.0182 0.3379 1.0107
v 0.0182 0.3775 1.0179
v -0.0316 0.3247 1.0562
v -0.0328 0.2586 1.0180
v 0.0250 0.2542 0.9751
v 0.0658 0.2431 0.9330
v 0.1160 0.2597 0.9288
v 0.1296 0.2377 0.9083
v 0.1490 0.2698 0.8957
v -0.0036 0.3197 1.0421
v -0.0026 0.3221 1.0166
v -0.0093 0.3274 1.0377
v -0.0065 0.3340 1.0093
v -0.0316 0.3247 1.0562
v -0.0335 0.3396 1.0421
v -0.0516 0.3427 1.0591
v 0.0069 0.3344 1.0013
v 0.0142 0.3204 1.0179
v 0.0115 0.3235 1.0056
v -0.0554 0.3183 0.9824
v -0.0065 0.3340 1.0093
v -0.0278 0.3317 0.9816
v -0.0093 0.3274 1.0377
v -0.0418 0.3210 1.0340
v -0.0203 0.3404 0.9817
v -0.0187 0.3438 0.9600
v -0.0376 0.3199 0.9761
v -0.0531 0.3376 0.9766
v -0.0504 0.3533 1.0176
v -0.0320 0.3507 1.0203
v -0.0290 0.3627 1.0146
v -0.0504 0.3533 1.0176
v -0.0534 0.3678 1.0254
v -0.0140 0.3736 1.0250
v -0.0612 0.3749 1.0268
v -0.0667 0.3534 1.0044
v -0.0504 0.3533 1.0176
v -0.0290 0.3627 1.0146
v -0.0320 0.3507 1.0203
v -0.1435 0.4577 1.0696
v -0.1551 0.4874 1.0646
v -0.1523 0.4676 1.0234
v -0.1350 0.4519 1.0263
v -0.1460 0.4598 0.9911
v -0.0986 0.4488 1.0207
v -0.0887 0.4490 1.0519
v -0.0865 0.4509 1.0696
v -0.1186 0.4674 0.9840
v -0.0967 0.4649 0.9935
v -0.1033 0.5287 1.0720
v -0.1435 0.4577 1.0696
v -0.0865 0.4509 1.0696
v -0.1432 0.5103 1.0712
v -0.0628 0.4626 1.0715
v -0.0516 0.5028 1.0701
v -0.0606 0.5204 1.0661
v -0.1551 0.4874 1.0646
v -0.1038 0.5362 1.0645
v -0.1491 0.5105 1.0311
v -0.1159 0.5193 1.0157
v -0.1418 0.5045 1.0155
v -0.1275 0.5269 1.0295
v -0.0957 0.5330 1.0303
v -0.1038 0.5362 1.0645
v -0.1432 0.5103 1.0712
v -0.1222 0.5226 0.9901
v -0.1450 0.4993 0.9881
v -0.1551 0.4874 1.0646
v -0.1523 0.4676 1.0234
v -0.1460 0.4598 0.9911
v 0.0466 0.4268 0.9874
v 0.0295 0.4433 0.9865
v 0.0424 0.4214 0.9712
v 0.0633 0.4030 0.9571
v 0.0461 0.4054 0.9474
v 0.0199 0.4430 1.0180
v 0.0417 0.4483 1.0218
v 0.0173 0.4490 1.0383
v 0.0568 0.4130 0.9419
v 0.0633 0.4030 0.9571
v 0.0461 0.4054 0.9474
v -0.0418 0.4937 0.7744
v -0.0279 0.5214 0.7408
v -0.0413 0.4917 0.7544
v -0.0258 0.5291 0.7549
v 0.0111 0.4938 0.8063
v -0.0177 0.4945 0.8665
v 0.0127 0.4960 0.8540
v -0.0498 0.4944 0.8625
v 0.0084 0.4931 0.7713
v -0.0153 0.5004 0.9085
v 0.0164 0.4978 0.9253
v -0.0632 0.4877 0.7705
v -0.0713 0.4891 0.8702
v -0.0637 0.4862 0.7290
v -0.0134 0.4928 0.7357
v -0.0222 0.4907 0.7303
v -0.0024 0.4910 0.9352
v -0.0504 0.4931 0.9294
v -0.0240 0.4922 0.9368
v 0.0030 0.4882 1.0176
v -0.0291 0.4893 1.0178
v -0.0559 0.4980 0.9164
v -0.0243 0.4835 1.0292
v -0.0056 0.4988 0.7310
v -0.0179 0.4890 0.7167
v -0.0505 0.4692 0.9382
v -0.0618 0.4642 1.0046
v -0.0787 0.4688 0.9456
v -0.0975 0.4640 0.9597
v -0.0967 0.4649 0.9935
v -0.0602 0.4740 1.0161
v -0.0581 0.4674 1.0309
v -0.0513 0.4679 1.0581
v -0.0485 0.4678 1.0982
v -0.0628 0.4626 1.0715
v -0.0865 0.4509 1.0696
v -0.0952 0.4389 1.0982
v 0.0024 0.4858 0.7379
v -0.0513 0.4679 1.0581
v -0.0581 0.4674 1.0309
v -0.0498 0.5055 1.0455
v -0.0602 0.4740 1.0161
v -0.0516 0.5028 1.0701
v -0.0619 0.5131 1.0273
v -0.0628 0.4626 1.0715
v -0.0835 0.4996 1.0087
v -0.0957 0.5330 1.0303
v -0.0619 0.5131 1.0273
v -0.1159 0.5193 1.0157
v -0.1177 0.5064 0.9802
v -0.0606 0.5204 1.0661
v -0.0498 0.5055 1.0455
v -0.1038 0.5362 1.0645
v -0.1222 0.5226 0.9901
v -0.0516 0.5028 1.0701
v 0.0205 0.4785 1.0155
v -0.0243 0.4835 1.0292
v 0.0151 0.4624 1.0388
v 0.0493 0.4660 1.0196
v 0.0030 0.4882 1.0176
v -0.0080 0.4664 1.0969
v -0.0485 0.4678 1.0982
v 0.0665 0.4381 0.9628
v 0.0633 0.4030 0.9571
v 0.0568 0.4130 0.9419
v 0.0651 0.4287 0.9775
v 0.0527 0.4583 0.9830
v 0.0466 0.4268 0.9874
v 0.0493 0.4660 1.0196
v 0.0417 0.4483 1.0218
v 0.0173 0.4490 1.0383
v 0.0151 0.4624 1.0388
v -0.0080 0.4664 1.0969
v -0.0649 0.2841 0.9814
v -0.0587 0.2966 0.9798
v -0.0731 0.2937 0.9965
v -0.0627 0.2821 1.0027
v -0.0645 0.2765 0.9898
v -0.0731 0.2937 0.9965
v -0.0649 0.2841 0.9814
v -0.0731 0.2937 0.9965
v -0.0587 0.2966 0.9798
v -0.0627 0.2821 1.0027
v -0.0710 0.2838 0.9745
v -0.0645 0.2765 0.9898
v -0.0587 0.2966 0.9798
v -0.0627 0.2821 1.0027
v -0.0649 0.2841 0.9814
v -0.0485 0.2840 0.9696
v -0.0460 0.2925 0.9806
v -0.0365 0.2893 0.9752
v -0.0710 0.2838 0.9745
v -0.0710 0.2838 0.9745
v -0.0649 0.2841 0.9814
v -0.0645 0.2765 0.9898
v -0.0460 0.2925 0.9806
v -0.0456 0.3035 0.9791
v -0.0526 0.3003 0.9766
v -0.0587 0.2966 0.9798
v -0.0649 0.2841 0.9814
v -0.0365 0.2893 0.9752
v -0.0379 0.3129 0.9784
v -0.0550 0.2961 0.9721
v -0.0492 0.3058 0.9629
v -0.0538 0.3040 0.9822
v -0.0587 0.2966 0.9798
v -0.0754 0.2940 0.9277
v -0.0687 0.3036 0.9266
v -0.0703 0.3062 0.9515
v -0.0806 0.3126 0.9105
v -0.0621 0.2965 0.9585
v -0.0601 0.3113 0.9509
v -0.0601 0.3113 0.9509
v -0.0497 0.3110 0.9617
v -0.0492 0.3058 0.9629
v -0.0396 0.3081 0.9686
v -0.0504 0.2985 0.9637
v -0.0505 0.3034 0.9940
v -0.0428 0.3067 0.9998
v -0.0365 0.2893 0.9752
v -0.0075 0.2924 1.0108
v -0.0299 0.3051 1.0237
v -0.0538 0.3040 0.9822
v -0.0485 0.2840 0.9696
v -0.0587 0.2966 0.9798
v -0.0710 0.2838 0.9745
v -0.0526 0.3003 0.9766
v -0.0504 0.2985 0.9637
v -0.0550 0.2961 0.9721
v -0.0587 0.2966 0.9798
v -0.0492 0.3058 0.9629
v -0.0538 0.3040 0.9822
v 0.0017 0.2535 0.9152
v -0.0244 0.2952 0.9260
v -0.0006 0.2800 0.8919
v -0.0201 0.2978 0.8857
v -0.0397 0.3054 0.9217
v -0.0313 0.2935 0.9427
v 0.0451 0.2628 0.8758
v 0.0499 0.2370 0.9074
v 0.0789 0.2437 0.8474
v 0.0907 0.2207 0.8695
v 0.0798 0.2631 0.8209
v 0.0136 0.2378 0.9374
v -0.0473 0.2501 0.9384
v -0.0314 0.2601 0.9234
v -0.0677 0.2649 0.9263
v 0.0029 0.3203 0.8683
v 0.0518 0.3184 0.8593
v -0.0906 0.2693 0.9711
v -0.0869 0.2858 0.9324
v -0.1081 0.3006 0.9539
v -0.0537 0.2443 0.9693
v 0.0052 0.3465 0.8739
v -0.0314 0.2601 0.9234
v -0.0677 0.2649 0.9263
v -0.0754 0.2940 0.9277
v -0.0244 0.2952 0.9260
v 0.0017 0.2535 0.9152
v -0.0869 0.2858 0.9324
v -0.0907 0.3224 0.9120
v -0.0345 0.2900 0.9635
v -0.0313 0.2935 0.9427
v -0.0412 0.2916 0.9522
v -0.0754 0.2940 0.9277
v -0.0244 0.2952 0.9260
v -0.0621 0.2965 0.9585
v -0.0146 0.3015 0.9318
v -0.0504 0.2985 0.9637
v -0.0550 0.2961 0.9721
v -0.0396 0.3081 0.9686
v -0.0177 0.3092 0.9205
v -0.0397 0.3054 0.9217
v -0.0313 0.2935 0.9427
v -0.0146 0.3015 0.9318
v -0.0420 0.3167 0.9145
v -0.0821 0.3512 0.9197
v -0.0813 0.3484 0.8588
v -0.0907 0.3224 0.9120
v -0.0852 0.3288 0.8791
v -0.0809 0.3274 0.8579
v -0.0782 0.3326 0.8418
v -0.0761 0.3523 0.8254
v -0.1020 0.3398 0.9364
v -0.1177 0.3399 0.9582
v -0.1081 0.3006 0.9539
v -0.1139 0.3649 0.9411
v -0.1055 0.3607 0.9161
v -0.0869 0.2858 0.9324
v -0.0984 0.3742 1.0384
v -0.0973 0.3796 0.9545
v -0.0551 0.3070 0.8721
v -0.0575 0.3061 0.8904
v -0.0641 0.2968 0.8759
v -0.0575 0.3061 0.8904
v -0.0806 0.3126 0.9105
v -0.0644 0.3106 0.8896
v -0.0687 0.3036 0.9266
v -0.0201 0.2978 0.8857
v -0.0397 0.3054 0.9217
v -0.0601 0.3113 0.9509
v -0.0703 0.3062 0.9515
v -0.0852 0.3288 0.8791
v -0.0799 0.3151 0.8736
v -0.0551 0.3070 0.8721
v -0.0875 0.3096 0.8527
v -0.0588 0.3066 0.8570
v -0.0344 0.3039 0.8718
v -0.0907 0.3224 0.9120
v -0.0806 0.3126 0.9105
v -0.0754 0.2940 0.9277
v -0.0907 0.3224 0.9120
v -0.0344 0.3039 0.8718
v -0.0575 0.3061 0.8904
v -0.0551 0.3070 0.8721
v -0.0637 0.3352 0.9374
v -0.0707 0.3287 0.9520
v -0.0621 0.3184 0.9562
v -0.0831 0.3310 0.9639
v -0.0607 0.3392 0.9407
v -0.0565 0.3414 0.9321
v -0.0397 0.3054 0.9217
v -0.0420 0.3167 0.9145
v -0.0519 0.3415 0.9210
v -0.0601 0.3113 0.9509
v 0.0077 0.3007 1.0036
v 0.0043 0.3350 0.9401
v -0.0345 0.2900 0.9635
v 0.0305 0.3306 0.9853
v 0.0296 0.3523 0.9625
v -0.0365 0.2893 0.9752
v -0.0075 0.2924 1.0108
v -0.0146 0.3015 0.9318
v -0.0379 0.3129 0.9784
v -0.0345 0.2900 0.9635
v -0.0396 0.3081 0.9686
v -0.0412 0.2916 0.9522
v -0.0365 0.2893 0.9752
v -0.0376 0.3199 0.9761
v -0.0379 0.3129 0.9784
v -0.0554 0.3183 0.9824
v -0.0297 0.3148 0.9829
v -0.0286 0.3285 0.9632
v -0.0243 0.3221 0.9685
v -0.0157 0.3283 0.9539
v -0.0357 0.3342 0.9632
v -0.0376 0.3199 0.9761
v -0.0343 0.3397 0.9776
v -0.0357 0.3342 0.9632
v -0.0278 0.3317 0.9816
v -0.0183 0.3402 0.9215
v -0.0177 0.3092 0.9205
v -0.0042 0.3355 0.9318
v 0.0043 0.3350 0.9401
v -0.0420 0.3167 0.9145
v -0.0519 0.3415 0.9210
v -0.0146 0.3015 0.9318
v 0.0217 0.3583 0.9696
v 0.0169 0.3658 0.9907
v 0.0137 0.3673 0.9754
v 0.0214 0.3565 0.9933
v 0.0296 0.3523 0.9625
v 0.0305 0.3306 0.9853
v 0.0098 0.3576 1.0073
v 0.0041 0.3700 0.9967
v 0.0023 0.3690 1.0046
v 0.0115 0.3235 1.0056
v 0.0087 0.3492 1.0013
v 0.0077 0.3007 1.0036
v -0.0073 0.3135 1.0210
v -0.0026 0.3221 1.0166
v -0.0075 0.2924 1.0108
v -0.0299 0.3051 1.0237
v 0.0060 0.3481 0.9559
v 0.0089 0.3532 0.9697
v 0.0057 0.3433 0.9801
v -0.0021 0.3335 0.9398
v 0.0135 0.3559 0.9602
v 0.0137 0.3673 0.9754
v 0.0079 0.3641 0.9895
v -0.0133 0.3274 0.9598
v 0.0069 0.3344 1.0013
v 0.0087 0.3492 1.0013
v 0.0115 0.3235 1.0056
v -0.0065 0.3340 1.0093
v 0.0069 0.3344 1.0013
v 0.0182 0.3379 1.0107
v 0.0182 0.3379 1.0107
v 0.0115 0.3235 1.0056
v 0.0142 0.3204 1.0179
v 0.0069 0.3344 1.0013
v 0.0866 0.3204 0.9232
v 0.0484 0.3446 0.9437
v 0.0731 0.3118 0.9545
v 0.1180 0.2878 0.9191
v 0.0505 0.3128 0.9836
v 0.1042 0.3185 0.8838
v 0.1378 0.2945 0.8728
v 0.1490 0.2698 0.8957
v 0.0365 0.3650 0.9687
v 0.0182 0.3775 1.0179
v 0.0095 0.3896 1.0183
v -0.0278 0.3317 0.9816
v -0.0187 0.3438 0.9600
v -0.0343 0.3397 0.9776
v -0.0416 0.3486 0.9788
v -0.0060 0.3504 0.9363
v -0.0383 0.3550 0.9278
v -0.0038 0.3544 0.9215
v -0.0793 0.3526 0.9371
v -0.0794 0.3538 0.9573
v -0.0667 0.3534 1.0044
v -0.0504 0.3533 1.0176
v -0.0648 0.3671 0.9241
v -0.0735 0.3652 0.9222
v -0.0188 0.3682 0.9187
v -0.0236 0.3744 0.8648
v -0.0201 0.3751 0.8532
v -0.0306 0.3742 0.8492
v -0.0169 0.3737 0.8739
v -0.0238 0.3731 0.8361
v -0.0438 0.3727 0.8251
v -0.0313 0.3680 0.8169
v -0.0492 0.3715 0.8190
v -0.0569 0.3704 0.8093
v -0.0730 0.3715 0.8143
v -0.0765 0.3661 0.7913
v -0.0819 0.3729 0.8114
v -0.0867 0.3750 0.8232
v -0.0868 0.3709 0.7830
v -0.0623 0.3666 0.8300
v -0.0784 0.3668 0.8337
v -0.0548 0.3600 0.8437
v -0.0840 0.3676 0.8502
v -0.0625 0.3568 0.8532
v -0.0736 0.3601 0.8679
v -0.0716 0.3602 0.8847
v -0.0836 0.3660 0.8994
v -0.0843 0.3700 0.9148
v -0.0004 0.3600 0.8691
v -0.0168 0.3733 0.9013
v -0.0837 0.3815 0.9427
v -0.0775 0.3475 0.7399
v -0.0132 0.3629 0.8388
v -0.0240 0.3559 0.8003
v -0.0667 0.3488 0.7755
v -0.0881 0.3824 0.8134
v -0.0504 0.3533 1.0176
v -0.0531 0.3376 0.9766
v -0.0416 0.3486 0.9788
v -0.0416 0.3486 0.9788
v -0.0531 0.3376 0.9766
v -0.0343 0.3397 0.9776
v -0.0813 0.3484 0.8588
v -0.0821 0.3512 0.9197
v -0.0991 0.3584 0.8631
v -0.1055 0.3607 0.9161
v -0.0761 0.3523 0.8254
v -0.0960 0.3631 0.8145
v -0.0858 0.3531 0.7962
v -0.1020 0.3398 0.9364
v -0.0716 0.3602 0.8847
v -0.0329 0.3645 0.8799
v -0.0417 0.3612 0.8606
v -0.0592 0.3659 0.9095
v -0.0625 0.3568 0.8532
v -0.0735 0.3652 0.9222
v -0.0648 0.3671 0.9241
v -0.0410 0.3717 0.9148
v -0.0168 0.3733 0.9013
v -0.0548 0.3600 0.8437
v -0.0327 0.3654 0.8596
v -0.0169 0.3737 0.8739
v -0.0188 0.3682 0.9187
v -0.0236 0.3744 0.8648
v -0.0306 0.3742 0.8492
v -0.0438 0.3727 0.8251
v -0.0623 0.3666 0.8300
v -0.0492 0.3715 0.8190
v -0.0291 0.4893 1.0178
v -0.0618 0.4642 1.0046
v -0.0602 0.4740 1.0161
v -0.0967 0.4649 0.9935
v -0.1177 0.5064 0.9802
v -0.0835 0.4996 1.0087
v -0.0619 0.5131 1.0273
v -0.1186 0.4674 0.9840
v -0.1450 0.4993 0.9881
v -0.1460 0.4598 0.9911
v -0.1222 0.5226 0.9901
v -0.1142 0.4933 0.9329
v -0.0787 0.4688 0.9456
v -0.0800 0.5018 0.9358
v -0.0567 0.5130 0.9394
v -0.0711 0.5179 0.9315
v -0.0505 0.4692 0.9382
v -0.1190 0.4739 0.9519
v -0.0975 0.4640 0.9597
v -0.1166 0.4548 0.9522
v -0.0972 0.4498 0.9522
v -0.0580 0.5076 0.9149
v -0.0567 0.5130 0.9394
v -0.0504 0.4931 0.9294
v -0.0559 0.4980 0.9164
v -0.0505 0.4692 0.9382
v -0.0711 0.5179 0.9315
v -0.0218 0.4686 0.9187
v -0.0669 0.4520 0.9228
v -0.0558 0.4694 0.9201
v -0.0001 0.4580 0.9195
v -0.0007 0.4698 0.9143
v -0.0750 0.4614 0.9149
v -0.0829 0.4491 0.9190
v -0.1012 0.4972 0.9064
v -0.1142 0.4933 0.9329
v -0.0800 0.5018 0.9358
v -0.0580 0.5076 0.9149
v -0.1134 0.4862 0.8834
v -0.0580 0.5076 0.9149
v -0.0800 0.5018 0.9358
v -0.0711 0.5179 0.9315
v -0.0580 0.5076 0.9149
v -0.0769 0.5194 0.9009
v -0.1012 0.4972 0.9064
v -0.0505 0.5169 0.9080
v -0.1136 0.5175 0.8969
v -0.0559 0.4980 0.9164
v -0.0153 0.5004 0.9085
v -0.0396 0.5316 0.9075
v -0.0559 0.4980 0.9164
v -0.0192 0.5288 0.9068
v -0.0480 0.5306 0.8661
v -0.0575 0.5155 0.8885
v -0.0396 0.5316 0.9075
v -0.0505 0.5169 0.9080
v -0.0559 0.4980 0.9164
v -0.0560 0.5044 0.8708
v -0.0321 0.3566 0.9744
v -0.0203 0.3404 0.9817
v -0.0229 0.3438 0.9952
v -0.0187 0.3438 0.9600
v -0.0065 0.3340 1.0093
v -0.0290 0.3627 1.0146
v -0.0060 0.3504 0.9363
v -0.0320 0.3507 1.0203
v -0.0229 0.3438 0.9952
v 0.0115 0.3651 1.0290
v -0.0320 0.3507 1.0203
v 0.0182 0.3379 1.0107
v -0.0089 0.3613 1.0004
v 0.0087 0.3492 1.0013
v -0.0099 0.3538 0.9894
v 0.0028 0.3593 1.0088
v 0.0098 0.3576 1.0073
v -0.0006 0.3512 0.9869
v 0.0057 0.3433 0.9801
v 0.0001 0.3580 0.9875
v 0.0079 0.3641 0.9895
v 0.0041 0.3700 0.9967
v -0.0089 0.3613 1.0004
v 0.0089 0.3532 0.9697
v 0.0169 0.3658 0.9907
v 0.0023 0.3690 1.0046
v 0.0137 0.3673 0.9754
v 0.0057 0.3433 0.9801
v -0.0006 0.3512 0.9869
v -0.0099 0.3538 0.9894
v 0.0001 0.3580 0.9875
v -0.0089 0.3613 1.0004
v -0.0066 0.3545 0.9763
v 0.0182 0.3379 1.0107
v -0.0229 0.3438 0.9952
v -0.0065 0.3340 1.0093
v -0.0099 0.3538 0.9894
v 0.0001 0.3580 0.9875
v -0.0066 0.3545 0.9763
v -0.0097 0.3521 0.9819
v -0.0097 0.3521 0.9819
v -0.0067 0.3608 0.9787
v -0.0099 0.3538 0.9894
v -0.0089 0.3613 1.0004
v -0.0066 0.3545 0.9763
v 0.0135 0.3559 0.9602
v 0.0060 0.3481 0.9559
v 0.0296 0.3523 0.9625
v 0.0043 0.3350 0.9401
v -0.0021 0.3335 0.9398
v 0.0217 0.3583 0.9696
v 0.0137 0.3673 0.9754
v 0.1198 0.2976 0.8161
v 0.0989 0.3046 0.8429
v 0.1492 0.2970 0.8291
v 0.1378 0.2945 0.8728
v 0.1042 0.3185 0.8838
v 0.0688 0.3313 0.8713
v 0.0484 0.3446 0.9437
v 0.0166 0.3503 0.8886
v 0.0114 0.3553 0.9344
v 0.0052 0.3465 0.8739
v 0.0365 0.3650 0.9687
v 0.0015 0.3686 0.9474
v 0.0078 0.3875 0.9783
v 0.0095 0.3896 1.0183
v 0.1182 0.2684 0.7910
v 0.1701 0.2877 0.8147
v 0.1760 0.2781 0.7832
v 0.1486 0.2725 0.7691
v 0.1909 0.2702 0.7412
v 0.2016 0.2658 0.7506
v 0.1889 0.2883 0.8020
v 0.2256 0.2764 0.7927
v 0.2417 0.2664 0.7560
v 0.2359 0.2552 0.7379
v 0.2619 0.2535 0.7471
v 0.0708 0.3061 0.8462
v 0.0518 0.3184 0.8593
v 0.0966 0.2839 0.8152
v 0.2139 0.2709 0.7243
v 0.1950 0.2612 0.7131
v 0.2289 0.2673 0.6988
v 0.2504 0.2670 0.7236
v 0.2662 0.2556 0.7111
v 0.2981 0.2473 0.7354
v 0.3118 0.2354 0.7267
v 0.0098 0.3576 1.0073
v 0.0028 0.3593 1.0088
v 0.0023 0.3690 1.0046
v -0.0089 0.3613 1.0004
v -0.0066 0.3545 0.9763
v -0.0089 0.3613 1.0004
v -0.0067 0.3608 0.9787
v 0.0461 0.4054 0.9474
v 0.0424 0.4214 0.9712
v 0.0402 0.4329 0.9538
v 0.0295 0.4433 0.9865
v 0.0568 0.4130 0.9419
v 0.0459 0.4419 0.9491
v 0.0202 0.3555 0.8671
v 0.0089 0.3500 0.7581
v 0.0318 0.3721 0.8308
v 0.0098 0.3546 0.6791
v 0.0319 0.3798 0.7356
v 0.0177 0.3683 0.6804
v 0.0300 0.3849 0.9246
v 0.0114 0.3553 0.9344
v -0.0003 0.3442 0.7719
v 0.0052 0.3465 0.8739
v 0.0166 0.3503 0.8886
v 0.0181 0.3480 0.6535
v 0.0207 0.3871 0.9430
v 0.0284 0.4328 0.9429
v 0.0015 0.3686 0.9474
v 0.0177 0.3683 0.6804
v 0.0181 0.3480 0.6535
v 0.0500 0.3677 0.6701
v 0.0284 0.4328 0.9429
v 0.0102 0.4283 0.9419
v 0.0207 0.3871 0.9430
v 0.0105 0.3785 0.9293
v 0.0148 0.4453 0.8278
v 0.0176 0.4110 0.8017
v 0.0181 0.3922 0.8263
v 0.0184 0.3852 0.8469
v 0.0177 0.3825 0.8700
v 0.0159 0.4314 0.8915
v 0.0179 0.3880 0.9208
v 0.0150 0.4488 0.9016
v 0.0133 0.4515 0.9353
v 0.0140 0.4501 0.8644
v 0.0134 0.4504 0.8227
v 0.0147 0.4471 0.7895
v 0.0082 0.4505 0.7333
v 0.0135 0.4189 0.7248
v 0.0169 0.3913 0.7277
v 0.0120 0.4505 0.8908
v 0.0028 0.3612 0.7909
v -0.0010 0.3617 0.7756
v 0.0111 0.3985 0.7149
v 0.0074 0.3726 0.7000
v 0.0077 0.3815 0.7013
v 0.0077 0.3683 0.7304
v 0.0102 0.4283 0.9419
v -0.0020 0.3583 0.6927
v -0.0057 0.3639 0.6765
v -0.0052 0.3497 0.6867
v -0.0062 0.3558 0.6730
v -0.0049 0.3446 0.7161
v -0.0065 0.3529 0.7490
v 0.0029 0.3880 0.6793
v 0.0022 0.4023 0.7003
v 0.0185 0.4436 0.9465
v 0.0140 0.4393 0.9536
v 0.0147 0.4585 0.9911
v 0.0143 0.4343 0.9776
v 0.0061 0.4460 1.0183
v 0.0105 0.3785 0.9293
v 0.0049 0.4117 0.7141
v 0.0200 0.4692 0.9335
v 0.0133 0.4515 0.9353
v 0.0008 0.4577 0.9419
v -0.0448 0.4579 0.9425
v -0.0669 0.4520 0.9228
v -0.0448 0.4579 0.9425
v 0.0008 0.4577 0.9419
v -0.0196 0.4741 0.9419
v 0.0015 0.4597 0.8263
v 0.0053 0.4548 0.8591
v 0.0032 0.4590 0.8600
v 0.0038 0.4543 0.8195
v 0.0017 0.4560 0.8815
v 0.0006 0.4744 0.8021
v 0.0030 0.4552 0.7587
v 0.0004 0.4751 0.8449
v -0.0003 0.4686 0.8781
v -0.0006 0.4644 0.9038
v 0.0004 0.4548 0.9018
v -0.0007 0.4698 0.9143
v -0.0001 0.4580 0.9195
v -0.0054 0.4757 0.7556
v -0.0039 0.4752 0.8630
v -0.0050 0.4712 0.9084
v -0.0067 0.4692 0.7453
v -0.0039 0.4570 0.7407
v 0.0147 0.4471 0.7895
v 0.0082 0.4505 0.7333
v 0.0133 0.4515 0.9353
v 0.0140 0.4501 0.8644
v 0.0120 0.4505 0.8908
v 0.0150 0.4488 0.9016
v 0.0134 0.4504 0.8227
v 0.0122 0.4511 0.9103
v 0.0133 0.4515 0.9353
v -0.0669 0.4520 0.9228
v -0.0001 0.4580 0.9195
v 0.0295 0.4433 0.9865
v 0.0143 0.4343 0.9776
v 0.0402 0.4329 0.9538
v 0.0199 0.4430 1.0180
v 0.0061 0.4460 1.0183
v 0.0140 0.4393 0.9536
v 0.0284 0.4328 0.9429
v 0.0102 0.4283 0.9419
v 0.0459 0.4419 0.9491
v 0.0459 0.4419 0.9491
v 0.0147 0.4585 0.9911
v 0.0527 0.4583 0.9830
v 0.0185 0.4436 0.9465
v 0.0205 0.4785 1.0155
v 0.0007 0.4602 0.9961
v 0.0030 0.4882 1.0176
v 0.0665 0.4381 0.9628
v 0.0493 0.4660 1.0196
v 0.0284 0.4328 0.9429
v 0.0568 0.4130 0.9419
v 0.0030 0.4882 1.0176
v 0.0008 0.4577 0.9419
v -0.0024 0.4910 0.9352
v 0.0007 0.4602 0.9961
v 0.0200 0.4692 0.9335
v -0.0024 0.4910 0.9352
v 0.0008 0.4577 0.9419
v 0.0164 0.4978 0.9253
v 0.0133 0.4515 0.9353
v 0.0261 0.4610 0.9015
v 0.0319 0.3798 0.7356
v 0.0261 0.4573 0.7567
v 0.0318 0.3721 0.8308
v 0.0284 0.4328 0.9429
v 0.0300 0.3849 0.9246
v 0.0234 0.4541 0.7287
v 0.0200 0.4692 0.9335
v 0.0182 0.3810 0.6948
v 0.0177 0.3683 0.6804
v 0.0124 0.4229 0.7026
v 0.0177 0.4674 0.8598
v 0.0164 0.4978 0.9253
v 0.0127 0.4960 0.8540
v 0.0111 0.4938 0.8063
v 0.0128 0.4685 0.7692
v 0.0084 0.4931 0.7713
v 0.0105 0.4651 0.7226
v 0.0024 0.4858 0.7379
v 0.0093 0.5292 0.7481
v -0.0056 0.4988 0.7310
v -0.0038 0.5260 0.7312
v 0.0185 0.4436 0.9465
v -0.0457 0.4737 0.8670
v -0.0357 0.4765 0.8138
v -0.0052 0.4764 0.8444
v -0.0039 0.4752 0.8630
v -0.0122 0.4760 0.7998
v -0.0478 0.4767 0.7790
v -0.0098 0.4764 0.7702
v -0.0477 0.4766 0.7468
v -0.0054 0.4757 0.7556
v -0.0551 0.4754 0.7926
v 0.0006 0.4744 0.8021
v -0.0576 0.4710 0.8380
v 0.0004 0.4751 0.8449
v -0.0750 0.4614 0.9149
v -0.0558 0.4694 0.9201
v -0.0403 0.4705 0.9138
v -0.0074 0.4711 0.8704
v -0.0050 0.4712 0.9084
v -0.0218 0.4686 0.9187
v -0.0007 0.4698 0.9143
v -0.0549 0.4735 0.7755
v -0.0003 0.4686 0.8781
v -0.0248 0.4746 0.7475
v -0.0572 0.4708 0.7400
v -0.0067 0.4692 0.7453
v -0.0415 0.2488 0.8763
v -0.0449 0.2747 0.9035
v -0.0637 0.2622 0.8856
v -0.0595 0.2458 0.8659
v -0.0997 0.2609 0.8780
v -0.1064 0.2466 0.8643
v -0.0237 0.2697 0.8827
v -0.0022 0.2744 0.8762
v -0.0052 0.2462 0.8603
v -0.0456 0.2286 0.8759
v -0.0056 0.2092 0.8595
v -0.0420 0.2047 0.8656
v -0.0934 0.2160 0.8631
v -0.0219 0.2943 0.8815
v -0.0381 0.2913 0.8910
v -0.0534 0.2975 0.8949
v -0.0875 0.3096 0.8527
v -0.0659 0.2901 0.8455
v -0.0772 0.3152 0.8441
v -0.0909 0.2982 0.8693
v -0.0663 0.2811 0.8518
v -0.0839 0.2839 0.8708
v -0.0696 0.2800 0.8739
v -0.0609 0.2686 0.8593
v -0.0654 0.2676 0.8708
v -0.0576 0.3088 0.8441
v -0.0722 0.3228 0.8346
v -0.0541 0.3158 0.8278
v -0.0645 0.3271 0.8294
v -0.0592 0.2850 0.8806
v -0.0492 0.2829 0.8870
v -0.0654 0.2676 0.8708
v -0.0696 0.2800 0.8739
v -0.0641 0.2968 0.8759
v -0.0909 0.2982 0.8693
v -0.0839 0.2839 0.8708
v -0.0364 0.2701 0.8750
v -0.0381 0.2913 0.8910
v -0.0237 0.2697 0.8827
v -0.0534 0.2975 0.8949
v -0.0494 0.2964 0.8754
v -0.0492 0.2829 0.8870
v -0.0592 0.2850 0.8806
v -0.2405 0.1897 0.6388
v -0.2508 0.1377 0.6250
v -0.2217 0.1593 0.6558
v -0.2648 0.1827 0.5981
v -0.2319 0.1962 0.6581
v -0.1840 0.1872 0.6919
v -0.2021 0.2056 0.6795
v -0.1883 0.2342 0.6892
v -0.1574 0.2567 0.7092
v -0.2008 0.1537 0.6687
v -0.1418 0.2195 0.7133
v -0.1459 0.1840 0.7027
v -0.2173 0.1292 0.6310
v -0.2780 0.0971 0.5901
v -0.2784 0.1287 0.6034
v -0.3272 0.0810 0.5483
v -0.3417 0.1094 0.5369
v -0.3486 0.0588 0.5138
v -0.3554 0.0883 0.5129
v -0.3247 0.0599 0.5337
v -0.3738 0.0757 0.4750
v -0.3797 0.0602 0.4520
v -0.3889 0.0771 0.4620
v -0.3449 0.0141 0.4609
v -0.3704 0.0907 0.4976
v -0.1431 0.2347 0.7536
v -0.1517 0.2743 0.7402
v -0.1308 0.2478 0.7981
v -0.1388 0.2949 0.7763
v -0.1230 0.2576 0.8532
v -0.1115 0.3004 0.8682
v -0.0997 0.2609 0.8780
v -0.0882 0.3051 0.8856
v -0.1013 0.3258 0.8683
v -0.0852 0.3288 0.8791
v -0.1064 0.2466 0.8643
v -0.1073 0.2170 0.8462
v -0.0934 0.2160 0.8631
v -0.1146 0.2105 0.7736
v -0.0637 0.2622 0.8856
v -0.0534 0.2975 0.8949
v -0.0449 0.2747 0.9035
v -0.0575 0.3061 0.8904
v -0.0644 0.3106 0.8896
v -0.0882 0.3051 0.8856
v -0.0644 0.3106 0.8896
v -0.0641 0.2968 0.8759
v -0.0909 0.2982 0.8693
v -0.0551 0.3070 0.8721
v -0.0909 0.2982 0.8693
v -0.0799 0.3151 0.8736
v -0.0882 0.3051 0.8856
v -0.0875 0.3096 0.8527
v -0.0852 0.3288 0.8791
v -0.0534 0.2975 0.8949
v -0.0492 0.2829 0.8870
v -0.0494 0.2964 0.8754
v -0.0575 0.3061 0.8904
v -0.0641 0.2968 0.8759
v -0.0575 0.3061 0.8904
v -0.0494 0.2964 0.8754
v -0.0584 0.2964 0.8675
v -0.0584 0.2964 0.8675
v -0.0592 0.2850 0.8806
v -0.0641 0.2968 0.8759
v -0.0525 0.2764 0.8606
v -0.0420 0.2047 0.8656
v -0.0454 0.2101 0.8173
v -0.0056 0.2092 0.8595
v -0.0139 0.2267 0.8079
v -0.0631 0.1978 0.7890
v -0.1146 0.2105 0.7736
v -0.0814 0.1968 0.8218
v -0.1169 0.2098 0.7120
v -0.1418 0.2195 0.7133
v -0.1073 0.2170 0.8462
v -0.0934 0.2160 0.8631
v -0.0651 0.2689 0.8540
v -0.0679 0.2690 0.8508
v -0.0678 0.2691 0.8506
v -0.0691 0.2692 0.8490
v -0.0678 0.2691 0.8506
v -0.0691 0.2692 0.8490
v -0.0663 0.2811 0.8518
v -0.0651 0.2689 0.8540
v -0.0609 0.2686 0.8593
v -0.0525 0.2764 0.8606
v -0.0584 0.2964 0.8675
v -0.0663 0.2811 0.8518
v -0.0679 0.2690 0.8508
v -0.0691 0.2692 0.8490
v -0.0659 0.2901 0.8455
v -0.0588 0.3066 0.8570
v -0.0551 0.3070 0.8721
v -0.0494 0.2964 0.8754
v -0.0651 0.2689 0.8540
v -0.0609 0.2686 0.8593
v -0.0576 0.3088 0.8441
v -0.0526 0.2673 0.8605
v -0.0298 0.2659 0.8592
v -0.0525 0.2764 0.8606
v -0.0609 0.2686 0.8593
v -0.0120 0.2684 0.8623
v -0.0267 0.2743 0.8442
v -0.0298 0.2659 0.8592
v -0.0092 0.2732 0.8568
v -0.0120 0.2773 0.8494
v -0.0193 0.2855 0.8212
v -0.0654 0.2676 0.8708
v -0.0526 0.2673 0.8605
v -0.0609 0.2686 0.8593
v -0.0364 0.2701 0.8750
v -0.2319 0.1962 0.6581
v -0.2264 0.2282 0.6194
v -0.2405 0.1897 0.6388
v -0.2567 0.2033 0.5976
v -0.1986 0.2427 0.6438
v -0.2021 0.2056 0.6795
v -0.1733 0.2661 0.6799
v -0.2132 0.2427 0.5981
v -0.2648 0.1827 0.5981
v -0.1483 0.2894 0.6844
v -0.1574 0.2567 0.7092
v -0.1883 0.2342 0.6892
v -0.1517 0.2743 0.7402
v -0.1347 0.3101 0.7230
v -0.1388 0.2949 0.7763
v -0.1149 0.3347 0.7824
v -0.1197 0.3099 0.8126
v -0.1115 0.3004 0.8682
v -0.1013 0.3258 0.8683
v -0.0782 0.3326 0.8418
v -0.0858 0.3531 0.7962
v -0.0761 0.3523 0.8254
v -0.2522 0.2093 0.5685
v -0.2864 0.1893 0.5513
v -0.2789 0.1608 0.6013
v -0.3027 0.1701 0.5581
v -0.3121 0.1826 0.5242
v -0.3279 0.1388 0.5375
v -0.0809 0.3274 0.8579
v -0.2784 0.1287 0.6034
v -0.3417 0.1094 0.5369
v -0.3478 0.1184 0.5115
v -0.3554 0.0883 0.5129
v -0.3617 0.1372 0.4921
v -0.3704 0.0907 0.4976
v -0.3764 0.1123 0.4701
v -0.3596 0.1315 0.4680
v -0.3274 0.1404 0.5088
v -0.3738 0.0757 0.4750
v -0.3386 0.1480 0.4758
v -0.3479 0.1514 0.4936
v -0.3142 0.1688 0.5062
v -0.2508 0.1377 0.6250
v -0.3245 0.1797 0.4821
v -0.0852 0.3288 0.8791
v -0.0588 0.3066 0.8570
v -0.0645 0.3271 0.8294
v -0.0576 0.3088 0.8441
v -0.0541 0.3158 0.8278
v -0.0722 0.3228 0.8346
v -0.0772 0.3152 0.8441
v -0.0875 0.3096 0.8527
v -0.1965 0.2382 0.5492
v -0.2132 0.2427 0.5981
v -0.1855 0.2598 0.6044
v -0.2165 0.2247 0.5401
v -0.2522 0.2093 0.5685
v -0.1483 0.2894 0.6844
v -0.2338 0.2139 0.5143
v -0.1394 0.2835 0.6397
v -0.1325 0.3008 0.6756
v -0.1347 0.3101 0.7230
v -0.1135 0.3222 0.7288
v -0.0988 0.3264 0.6994
v -0.0960 0.3382 0.7511
v -0.1149 0.3347 0.7824
v -0.0976 0.3042 0.6625
v -0.1730 0.2552 0.5871
v -0.0913 0.3483 0.7605
v -0.0858 0.3531 0.7962
v -0.2634 0.2097 0.5045
v -0.2861 0.2011 0.5048
v -0.1991 0.2148 0.5156
v -0.2674 0.1901 0.4832
v -0.1183 0.2808 0.6324
v -0.1326 0.2589 0.5974
v -0.2567 0.2033 0.5976
v -0.2264 0.2282 0.6194
v -0.1986 0.2427 0.6438
v -0.2864 0.1893 0.5513
v -0.3121 0.1826 0.5242
v -0.0900 0.3229 0.7335
v -0.2826 0.1826 0.4908
v -0.3142 0.1688 0.5062
v -0.1837 0.2156 0.5311
v -0.1427 0.2371 0.5780
v -0.1692 0.2288 0.5481
v -0.0909 0.2838 0.6503
v -0.3279 0.1388 0.5375
v -0.3274 0.1404 0.5088
v -0.3478 0.1184 0.5115
v -0.0667 0.3488 0.7755
v -0.0240 0.3559 0.8003
v -0.0455 0.3207 0.7675
v -0.0630 0.3150 0.7588
v -0.0765 0.3661 0.7913
v -0.0093 0.3080 0.7570
v -0.0569 0.3704 0.8093
v -0.0313 0.3680 0.8169
v -0.0068 0.3279 0.7627
v -0.0329 0.3356 0.7920
v -0.0455 0.3207 0.7675
v -0.0240 0.3559 0.8003
v -0.0370 0.3207 0.7817
v -0.0245 0.3421 0.7985
v -0.0525 0.2764 0.8606
v -0.0298 0.2659 0.8592
v -0.0364 0.2701 0.8750
v -0.0223 0.2748 0.8662
v -0.0299 0.2594 0.8424
v -0.0409 0.2496 0.8414
v -0.0517 0.2585 0.8495
v -0.0580 0.2322 0.8200
v -0.0596 0.2699 0.8429
v -0.0299 0.2594 0.8424
v -0.0517 0.2585 0.8495
v -0.0320 0.2589 0.8280
v -0.0452 0.2428 0.8283
v -0.0409 0.2496 0.8414
v -0.0358 0.2499 0.8112
v -0.0299 0.2594 0.8424
v -0.0193 0.2855 0.8212
v -0.0267 0.2743 0.8442
v -0.0298 0.2659 0.8592
v -0.0479 0.2198 0.8110
v -0.0580 0.2322 0.8200
v -0.0123 0.2690 0.8051
v -0.1184 0.2157 0.5974
v -0.1144 0.1772 0.6485
v -0.1361 0.1883 0.5885
v -0.1003 0.2039 0.6438
v -0.0879 0.2386 0.6598
v -0.0909 0.2838 0.6503
v -0.1043 0.2031 0.6828
v -0.0882 0.2212 0.7130
v -0.0747 0.2832 0.6834
v -0.0829 0.2763 0.6563
v -0.0688 0.2147 0.7490
v -0.0656 0.2404 0.7344
v -0.0631 0.1978 0.7890
v -0.0479 0.2198 0.8110
v -0.0454 0.2101 0.8173
v -0.0597 0.2893 0.7027
v -0.1172 0.1755 0.6812
v -0.1590 0.1448 0.6351
v -0.1520 0.1654 0.5656
v -0.1610 0.1341 0.5679
v -0.1558 0.1530 0.5246
v -0.1574 0.2019 0.5513
v -0.1799 0.1200 0.5414
v -0.1688 0.1424 0.5176
v -0.1861 0.1139 0.4988
v -0.2009 0.1143 0.4737
v -0.2180 0.0823 0.4596
v -0.2216 0.0848 0.4409
v -0.2333 0.0637 0.4338
v -0.2157 0.0752 0.4949
v -0.1427 0.2371 0.5780
v -0.1884 0.1095 0.6065
v -0.1656 0.1894 0.5180
v -0.0634 0.2960 0.7150
v -0.1169 0.2098 0.7120
v -0.1326 0.2589 0.5974
v -0.1692 0.2288 0.5481
v -0.2010 0.1796 0.4972
v -0.1837 0.2156 0.5311
v -0.2420 0.0839 0.4283
v -0.2362 0.0626 0.4026
v -0.2271 0.1215 0.4385
v -0.2245 0.1251 0.4605
v -0.0021 0.2500 0.8166
v 0.0146 0.2709 0.8394
v 0.0050 0.2449 0.8322
v 0.0116 0.2858 0.8302
v -0.0139 0.2267 0.8079
v -0.0123 0.2690 0.8051
v -0.0056 0.2092 0.8595
v -0.0139 0.2267 0.8079
v -0.0479 0.2198 0.8110
v -0.0358 0.2499 0.8112
v -0.0123 0.2690 0.8051
v -0.0454 0.2101 0.8173
v -0.0525 0.2764 0.8606
v -0.0219 0.2943 0.8815
v -0.0494 0.2964 0.8754
v -0.0364 0.2701 0.8750
v -0.0237 0.2697 0.8827
v -0.0344 0.3039 0.8718
v -0.0551 0.3070 0.8721
v -0.0525 0.2764 0.8606
v -0.0494 0.2964 0.8754
v -0.0592 0.2850 0.8806
v -0.0299 0.2594 0.8424
v -0.0294 0.2858 0.8615
v -0.0298 0.2659 0.8592
v -0.0223 0.2748 0.8662
v -0.0498 0.2912 0.8521
v -0.0344 0.3039 0.8718
v -0.0219 0.2943 0.8815
v -0.0596 0.2699 0.8429
v 0.0008 0.3235 0.7859
v -0.0222 0.3111 0.8245
v -0.0093 0.3080 0.7570
v 0.0029 0.3203 0.8683
v -0.0472 0.3057 0.8078
v -0.0344 0.3039 0.8718
v -0.0564 0.3054 0.7675
v 0.0058 0.3116 0.7575
v 0.0045 0.3059 0.7271
v -0.0201 0.2978 0.8857
v -0.0092 0.3184 0.7247
v -0.0111 0.3289 0.7874
v -0.0227 0.3188 0.7744
v -0.0329 0.3356 0.7920
v -0.0370 0.3207 0.7817
v -0.0127 0.3378 0.7905
v -0.0188 0.3432 0.7948
v -0.0245 0.3421 0.7985
v -0.0068 0.3279 0.7627
v -0.0455 0.3207 0.7675
v -0.0227 0.3188 0.7744
v -0.0370 0.3207 0.7817
v -0.0127 0.2782 0.8623
v -0.0166 0.2930 0.8546
v -0.0120 0.2773 0.8494
v -0.0193 0.2855 0.8212
v -0.0092 0.2732 0.8568
v -0.0120 0.2684 0.8623
v -0.0294 0.2858 0.8615
v -0.0127 0.2782 0.8623
v -0.0223 0.2748 0.8662
v -0.0166 0.2930 0.8546
v -0.0120 0.2684 0.8623
v -0.0364 0.2701 0.8750
v 0.0116 0.2858 0.8302
v -0.0193 0.2855 0.8212
v -0.0166 0.2930 0.8546
v -0.0219 0.2943 0.8815
v -0.0123 0.2690 0.8051
v -0.0294 0.2858 0.8615
v -0.0068 0.3279 0.7627
v -0.0107 0.3325 0.7914
v -0.0230 0.3543 0.7644
v -0.0127 0.3378 0.7905
v -0.0121 0.3362 0.8009
v -0.0226 0.3484 0.7942
v -0.0188 0.3432 0.7948
v -0.0240 0.3559 0.8003
v -0.0128 0.3306 0.8108
v -0.0065 0.3529 0.7490
v -0.0006 0.3242 0.7186
v -0.0049 0.3446 0.7161
v 0.0017 0.3357 0.7022
v -0.0052 0.3497 0.6867
v -0.0245 0.3421 0.7985
v -0.0093 0.3080 0.7570
v -0.0022 0.2744 0.8762
v -0.0052 0.2462 0.8603
v 0.0146 0.2709 0.8394
v 0.0050 0.2449 0.8322
v -0.0056 0.2092 0.8595
v 0.0116 0.2858 0.8302
v -0.0219 0.2943 0.8815
v -0.0121 0.3362 0.8009
v -0.0128 0.3306 0.8108
v -0.0129 0.3272 0.8005
v -0.0111 0.3289 0.7874
v -0.0127 0.3378 0.7905
v -0.0188 0.3275 0.8127
v -0.0068 0.3279 0.7627
v -0.0111 0.3289 0.7874
v -0.0107 0.3325 0.7914
v -0.0129 0.3272 0.8005
v -0.0227 0.3188 0.7744
v -0.0128 0.3306 0.8108
v -0.0107 0.3325 0.7914
v -0.0188 0.3275 0.8127
v -0.0188 0.3275 0.8127
v -0.0107 0.3325 0.7914
v -0.0129 0.3272 0.8005
v 0.0181 0.3480 0.6535
v 0.0206 0.2967 0.6856
v 0.0144 0.2821 0.6207
v 0.0149 0.3430 0.6171
v 0.0178 0.3640 0.6555
v 0.0017 0.3166 0.5585
v -0.0082 0.2842 0.5426
v -0.0019 0.3208 0.5263
v -0.0140 0.2470 0.5528
v -0.0092 0.2609 0.5107
v 0.0142 0.3355 0.7192
v 0.0017 0.2532 0.5350
v 0.0101 0.2753 0.6413
v -0.0064 0.2546 0.5855
v 0.0045 0.3059 0.7271
v 0.0058 0.3116 0.7575
v 0.0089 0.3500 0.7581
v 0.0008 0.3235 0.7859
v 0.0098 0.3546 0.6791
v -0.0206 0.3044 0.5046
v -0.0003 0.3442 0.7719
v 0.0052 0.3465 0.8739
v 0.0029 0.3203 0.8683
v 0.1567 0.1552 0.7230
v 0.1396 0.1579 0.7787
v 0.1388 0.1663 0.7413
v 0.2055 0.1154 0.7111
v 0.1741 0.1436 0.7016
v 0.1940 0.1262 0.7753
v 0.1724 0.1478 0.8215
v 0.1248 0.1771 0.8456
v 0.1350 0.1736 0.8626
v 0.0904 0.2046 0.8531
v 0.1118 0.1946 0.8850
v 0.1773 0.1297 0.6672
v 0.2181 0.1233 0.6311
v 0.2573 0.1032 0.6971
v 0.2763 0.1028 0.7307
v 0.2394 0.1225 0.7826
v 0.1057 0.2106 0.8171
v 0.0809 0.2261 0.8278
v 0.1886 0.1343 0.6494
v 0.2066 0.1507 0.5959
v 0.0907 0.2207 0.8695
v 0.1923 0.1690 0.6078
v 0.1822 0.1932 0.5708
v 0.1989 0.2110 0.5311
v 0.1569 0.2508 0.5609
v 0.1590 0.2583 0.5435
v 0.1713 0.2621 0.5068
v 0.1476 0.2749 0.5360
v 0.1797 0.1640 0.6331
v 0.1178 0.2192 0.7758
v 0.1353 0.2047 0.7516
v 0.1457 0.2031 0.7277
v 0.1621 0.2581 0.6104
v 0.1669 0.1914 0.6507
v 0.1765 0.1728 0.6618
v 0.1907 0.1503 0.6468
v 0.0789 0.2437 0.8474
v 0.1285 0.2357 0.7789
v 0.2065 0.2600 0.4805
v 0.0798 0.2631 0.8209
v 0.1091 0.2125 0.8888
v 0.2353 0.1724 0.8318
v 0.1783 0.1727 0.8551
v 0.2353 0.1465 0.8143
v 0.2225 0.2198 0.8571
v 0.1573 0.2049 0.8886
v 0.1355 0.1987 0.8976
v 0.2707 0.1390 0.7816
v 0.2394 0.1225 0.7826
v 0.3011 0.1237 0.7525
v 0.3133 0.1463 0.7615
v 0.3006 0.1723 0.7820
v 0.1699 0.2248 0.9067
v 0.2919 0.2014 0.7913
v 0.2452 0.2358 0.8181
v 0.2039 0.2350 0.8685
v 0.1708 0.2434 0.8892
v 0.1453 0.2310 0.7321
v 0.1706 0.2162 0.6948
v 0.1457 0.2031 0.7277
v 0.1178 0.2192 0.7758
v 0.1761 0.2440 0.7130
v 0.1903 0.2316 0.6851
v 0.1285 0.2357 0.7789
v 0.1743 0.1721 0.6833
v 0.1616 0.1729 0.7005
v 0.1861 0.2067 0.6719
v 0.1765 0.1728 0.6618
v 0.1567 0.1552 0.7230
v 0.1741 0.1436 0.7016
v 0.1773 0.1297 0.6672
v 0.1886 0.1343 0.6494
v 0.1907 0.1503 0.6468
v 0.1057 0.2106 0.8171
v 0.1658 0.1859 0.7203
v 0.1702 0.2509 0.7516
v 0.1486 0.2725 0.7691
v 0.1182 0.2684 0.7910
v 0.0809 0.2261 0.8278
v 0.1909 0.2702 0.7412
v 0.0798 0.2631 0.8209
v 0.0966 0.2839 0.8152
v 0.0708 0.3061 0.8462
v 0.1950 0.2612 0.7131
v 0.2121 0.2392 0.6960
v 0.2289 0.2673 0.6988
v 0.0518 0.3184 0.8593
v 0.1490 0.2698 0.8957
v 0.1556 0.2339 0.9124
v 0.1708 0.2434 0.8892
v 0.1699 0.2248 0.9067
v 0.1296 0.2377 0.9083
v 0.1771 0.2807 0.8827
v 0.1490 0.2698 0.8957
v 0.2005 0.2496 0.8933
v 0.1378 0.2945 0.8728
v 0.2005 0.2675 0.8948
v 0.3118 0.2354 0.7267
v 0.2981 0.2473 0.7354
v 0.3071 0.2209 0.7553
v 0.3204 0.1641 0.7424
v 0.3164 0.1835 0.7626
v 0.3239 0.2083 0.7282
v 0.3244 0.2445 0.7049
v 0.3411 0.2080 0.7049
v 0.3000 0.2722 0.6930
v 0.3300 0.2226 0.6849
v 0.3072 0.2562 0.6674
v 0.3231 0.2592 0.6524
v 0.2619 0.2535 0.7471
v 0.2760 0.2365 0.7553
v 0.2654 0.2555 0.7830
v 0.2812 0.2314 0.7925
v 0.2421 0.2622 0.8095
v 0.2452 0.2358 0.8181
v 0.2256 0.2764 0.7927
v 0.2919 0.2014 0.7913
v 0.2912 0.2016 0.7670
v 0.3006 0.1723 0.7820
v 0.2765 0.2740 0.6576
v 0.2935 0.2845 0.6276
v 0.2918 0.2975 0.6064
v 0.2747 0.3186 0.6292
v 0.3236 0.2585 0.6024
v 0.3188 0.2755 0.5678
v 0.2964 0.3487 0.5845
v 0.3139 0.3295 0.5605
v 0.3038 0.3539 0.5532
v 0.2762 0.3864 0.5911
v 0.2835 0.4167 0.5597
v 0.2996 0.3992 0.5306
v 0.2658 0.4566 0.5365
v 0.2550 0.4872 0.5018
v 0.2727 0.4636 0.4766
v 0.2590 0.3605 0.6140
v 0.2579 0.3441 0.6362
v 0.2417 0.2664 0.7560
v 0.2612 0.2929 0.6328
v 0.2455 0.2873 0.6612
v 0.2086 0.3166 0.6574
v 0.2119 0.3069 0.6759
v 0.2285 0.2991 0.6844
v 0.2082 0.2686 0.8171
v 0.2225 0.2198 0.8571
v 0.2040 0.2440 0.8459
v 0.2039 0.2350 0.8685
v 0.1889 0.2883 0.8020
v 0.1701 0.2877 0.8147
v 0.1576 0.2831 0.8612
v 0.1889 0.2492 0.8609
v 0.1492 0.2970 0.8291
v 0.1378 0.2945 0.8728
v 0.2504 0.2670 0.7236
v 0.1900 0.3206 0.6568
v 0.2769 0.2856 0.6910
v 0.2359 0.2552 0.7379
v 0.2139 0.2709 0.7243
v 0.2005 0.2496 0.8933
v 0.1708 0.2434 0.8892
v 0.1753 0.2420 0.8800
v 0.2039 0.2350 0.8685
v 0.1490 0.2698 0.8957
v 0.1816 0.2698 0.8708
v 0.1889 0.2492 0.8609
v 0.1576 0.2831 0.8612
v 0.2068 0.2518 0.8688
v 0.2015 0.2727 0.8779
v 0.1742 0.2834 0.8682
v 0.1771 0.2807 0.8827
v 0.1378 0.2945 0.8728
v 0.2040 0.2440 0.8459
v 0.1753 0.2420 0.8800
v 0.1708 0.2434 0.8892
v 0.2039 0.2350 0.8685
v 0.2068 0.2518 0.8688
v 0.2005 0.2675 0.8948
v 0.2005 0.2496 0.8933
v 0.2039 0.2350 0.8685
v 0.2015 0.2727 0.8779
v 0.2040 0.2440 0.8459
v 0.1771 0.2807 0.8827
v -0.1168 0.4586 0.8806
v -0.1190 0.4739 0.9519
v -0.1134 0.4862 0.8834
v -0.1142 0.4933 0.9329
v -0.1166 0.4548 0.9522
v -0.0972 0.4498 0.9522
v -0.1168 0.4586 0.8806
v -0.0969 0.4509 0.8801
v -0.1166 0.4548 0.9522
v -0.0748 0.5123 0.8645
v -0.0713 0.4891 0.8702
v -0.1007 0.4957 0.8669
v -0.1115 0.5171 0.8655
v -0.0560 0.5044 0.8708
v -0.1134 0.4862 0.8834
v -0.0737 0.4812 0.8848
v -0.0941 0.4618 0.8793
v -0.1168 0.4586 0.8806
v -0.0969 0.4509 0.8801
v -0.0498 0.4944 0.8625
v -0.0177 0.4945 0.8665
v -0.0480 0.5306 0.8661
v -0.0224 0.5314 0.8672
v -0.0576 0.4710 0.8380
v -0.0612 0.4648 0.7941
v -0.0551 0.4754 0.7926
v -0.0549 0.4735 0.7755
v -0.0620 0.4634 0.7377
v -0.0572 0.4708 0.7400
v -0.0695 0.4566 0.7789
v -0.0729 0.4537 0.7361
v -0.0649 0.4598 0.7341
v -0.0838 0.4488 0.7564
v -0.0835 0.4484 0.8000
v -0.0776 0.4496 0.8537
v -0.0837 0.4466 0.8534
v -0.0835 0.4491 0.7327
v -0.0750 0.4609 0.8882
v -0.0737 0.4662 0.8686
v -0.0643 0.4532 0.7300
v -0.0737 0.4812 0.8848
v -0.0732 0.4675 0.7952
v -0.0576 0.4710 0.8380
v -0.0750 0.4614 0.9149
v -0.0750 0.4609 0.8882
v -0.0612 0.4648 0.7941
v -0.0829 0.4491 0.9190
v -0.0837 0.4466 0.8534
v -0.0732 0.4675 0.7952
v -0.0713 0.4891 0.8702
v -0.0632 0.4877 0.7705
v -0.0774 0.4654 0.7192
v -0.0637 0.4862 0.7290
v -0.0750 0.4609 0.8882
v -0.0737 0.4812 0.8848
v -0.0737 0.4662 0.8686
v -0.0971 0.4603 0.8143
v -0.0941 0.4618 0.8793
v -0.0732 0.4675 0.7952
v -0.0774 0.4654 0.7192
v -0.0978 0.4533 0.7200
v -0.0737 0.4812 0.8848
v -0.0750 0.4609 0.8882
v -0.0732 0.4675 0.7952
v -0.0612 0.4648 0.7941
v -0.0695 0.4566 0.7789
v -0.1115 0.5171 0.8655
v -0.1134 0.4862 0.8834
v -0.1136 0.5175 0.8969
v -0.1012 0.4972 0.9064
v -0.0748 0.5123 0.8645
v -0.0769 0.5194 0.9009
v -0.0575 0.5155 0.8885
v -0.1115 0.5171 0.8655
v -0.0505 0.5169 0.9080
v -0.1136 0.5175 0.8969
v -0.0560 0.5044 0.8708
v -0.0153 0.5004 0.9085
v -0.0224 0.5314 0.8672
v -0.0192 0.5288 0.9068
v -0.0177 0.4945 0.8665
v -0.0192 0.5288 0.9068
v -0.0224 0.5314 0.8672
v -0.0396 0.5316 0.9075
v -0.0480 0.5306 0.8661
v -0.0010 0.5303 0.8109
v 0.0245 0.5352 0.8239
v -0.0232 0.5252 0.8170
v 0.0577 0.5388 0.8125
v 0.0529 0.5346 0.8015
v 0.0928 0.5379 0.7588
v 0.0940 0.5427 0.7771
v 0.1138 0.5404 0.7379
v 0.1125 0.5303 0.6797
v 0.1282 0.5278 0.6902
v 0.1304 0.5169 0.6518
v -0.0363 0.5342 0.8255
v -0.0685 0.5319 0.8181
v -0.0685 0.5284 0.8046
v -0.0899 0.5333 0.8065
v -0.1077 0.5298 0.7805
v -0.1247 0.5342 0.7807
v -0.1348 0.5304 0.7457
v -0.1486 0.5340 0.7450
v -0.1502 0.5235 0.7179
v 0.1161 0.5306 0.6224
v 0.0141 0.5577 0.7949
v -0.0467 0.6004 0.7903
v -0.0046 0.6242 0.7888
v -0.0359 0.5539 0.7954
v -0.0227 0.6308 0.7885
v 0.0033 0.6319 0.7877
v -0.0462 0.6289 0.7862
v 0.0471 0.5820 0.7784
v 0.0206 0.6354 0.7816
v 0.0353 0.6338 0.7763
v -0.0158 0.6396 0.7851
v -0.0186 0.6503 0.7828
v -0.0318 0.6552 0.7806
v 0.0015 0.6618 0.7763
v 0.0211 0.6512 0.7764
v 0.0564 0.5577 0.7735
v 0.0322 0.6577 0.7698
v 0.0504 0.6446 0.7632
v 0.0619 0.6141 0.7631
v -0.0487 0.6500 0.7787
v -0.0010 0.5303 0.8109
v 0.0529 0.5346 0.8015
v -0.0685 0.5284 0.8046
v -0.0736 0.6399 0.7741
v -0.0669 0.5532 0.7847
v 0.0928 0.5379 0.7588
v -0.1077 0.5298 0.7805
v -0.1032 0.5563 0.7611
v 0.0910 0.5560 0.7335
v -0.0232 0.5252 0.8170
v -0.0554 0.6649 0.7890
v -0.0623 0.6130 0.8009
v -0.0054 0.6224 0.8056
v -0.0033 0.5569 0.8126
v -0.0599 0.5565 0.8025
v 0.0105 0.6762 0.7863
v 0.0390 0.6299 0.7928
v -0.0086 0.7089 0.7651
v 0.0578 0.5641 0.7892
v 0.0596 0.6814 0.7585
v -0.0604 0.7060 0.7581
v 0.0245 0.5352 0.8239
v -0.0363 0.5342 0.8255
v -0.0685 0.5319 0.8181
v 0.0577 0.5388 0.8125
v 0.0444 0.7034 0.7487
v 0.0718 0.6225 0.7726
v -0.0921 0.6666 0.7698
v -0.1094 0.6202 0.7721
v -0.0899 0.5333 0.8065
v -0.1013 0.5580 0.7799
v -0.1247 0.5342 0.7807
v -0.1035 0.6899 0.7419
v -0.0947 0.7127 0.7226
v -0.0287 0.7385 0.7152
v -0.0619 0.7310 0.7176
v -0.1486 0.5340 0.7450
v -0.1362 0.5588 0.7351
v -0.0995 0.6122 0.7600
v -0.1032 0.5563 0.7611
v -0.1118 0.5801 0.7460
v -0.1247 0.5541 0.7312
v -0.1075 0.6302 0.7493
v -0.1228 0.5866 0.7226
v -0.1149 0.6233 0.7439
v -0.0882 0.6287 0.7671
v -0.0733 0.5876 0.7783
v -0.0669 0.5532 0.7847
v -0.0708 0.6238 0.7770
v -0.0736 0.6399 0.7741
v -0.0467 0.6004 0.7903
v -0.0462 0.6289 0.7862
v -0.0359 0.5539 0.7954
v -0.1620 0.5124 0.6496
v -0.1495 0.5204 0.5997
v -0.1367 0.5210 0.6386
v -0.1502 0.5235 0.7179
v -0.1387 0.5320 0.7143
v -0.1348 0.5304 0.7457
v -0.1349 0.5366 0.6051
v -0.1251 0.5432 0.5883
v -0.1311 0.5414 0.5657
v -0.1247 0.5541 0.7312
v -0.1324 0.5693 0.6797
v -0.1032 0.5563 0.7611
v -0.1077 0.5298 0.7805
v -0.0196 0.5969 0.7783
v -0.0370 0.6248 0.7674
v -0.0638 0.6200 0.7600
v -0.0621 0.5931 0.7693
v -0.0097 0.6140 0.7742
v 0.0232 0.6110 0.7711
v 0.0299 0.6246 0.7648
v -0.0503 0.6304 0.7573
v -0.0670 0.6270 0.7517
v -0.0791 0.6172 0.7494
v -0.0795 0.6239 0.7423
v -0.0853 0.6275 0.7302
v 0.1167 0.6231 0.6234
v 0.1012 0.6837 0.6474
v 0.1161 0.6175 0.6847
v 0.1036 0.6660 0.6868
v 0.1242 0.5556 0.6114
v 0.1185 0.5591 0.6979
v 0.1010 0.6325 0.7279
v 0.0926 0.6840 0.6036
v 0.1273 0.5410 0.7012
v 0.1020 0.6419 0.5867
v 0.1042 0.5754 0.5560
v 0.1401 0.5264 0.6479
v 0.1338 0.5326 0.6159
v 0.1255 0.5564 0.5707
v 0.0773 0.7053 0.6978
v 0.0857 0.6676 0.7330
v 0.0974 0.5612 0.7458
v 0.1138 0.5404 0.7379
v 0.0940 0.5427 0.7771
v 0.0718 0.6225 0.7726
v 0.0648 0.7223 0.6655
v 0.0720 0.7111 0.6101
v 0.0596 0.6814 0.7585
v 0.0444 0.7034 0.7487
v 0.0578 0.5641 0.7892
v 0.0721 0.6597 0.5497
v 0.1089 0.5577 0.5415
v 0.0514 0.7058 0.5658
v 0.0875 0.5593 0.5146
v 0.0577 0.5388 0.8125
v 0.0264 0.7423 0.6315
v 0.0620 0.5839 0.5144
v 0.0306 0.7267 0.5793
v 0.0682 0.5611 0.4974
v -0.2213 0.0843 0.5791
v -0.2157 0.0752 0.4949
v -0.1884 0.1095 0.6065
v -0.2395 0.0558 0.4997
v -0.2509 0.0605 0.5405
v -0.2699 0.0341 0.4743
v -0.2760 0.0313 0.4112
v -0.3322 0.0079 0.4483
v -0.3104 0.0185 0.4666
v -0.2180 0.0823 0.4596
v -0.2333 0.0637 0.4338
v -0.2568 0.0433 0.4014
v -0.2362 0.0626 0.4026
v -0.2728 0.0704 0.5638
v -0.3449 0.0141 0.4609
v -0.2173 0.1292 0.6310
v -0.1590 0.1448 0.6351
v -0.1725 0.1414 0.6434
v -0.1450 0.1518 0.6642
v -0.1718 0.1445 0.6627
v -0.1144 0.1772 0.6485
v -0.1172 0.1755 0.6812
v -0.2008 0.1537 0.6687
v -0.1459 0.1840 0.7027
v -0.1253 0.1979 0.7001
v -0.3247 0.0599 0.5337
v -0.2780 0.0971 0.5901
v -0.1043 0.2031 0.6828
v -0.1169 0.2098 0.7120
v -0.0882 0.2212 0.7130
v -0.1418 0.2195 0.7133
v -0.1712 0.1819 0.5314
v -0.1805 0.2045 0.5461
v -0.1767 0.1845 0.5268
v -0.1931 0.2100 0.5315
v -0.1697 0.1862 0.5444
v -0.1696 0.1785 0.5340
v -0.1957 0.1907 0.5181
v -0.1988 0.2148 0.5450
v -0.1750 0.1554 0.5272
v -0.1738 0.1723 0.5269
v -0.2256 0.1627 0.4934
v -0.2258 0.1627 0.4937
v -0.2257 0.1621 0.4931
v -0.2256 0.1707 0.4989
v -0.2256 0.1627 0.4934
v -0.2013 0.1728 0.5119
v -0.2210 0.1612 0.4942
v -0.2257 0.1621 0.4931
v -0.1974 0.1774 0.5150
v -0.1957 0.1907 0.5181
v -0.2046 0.1776 0.5121
v -0.1738 0.1723 0.5269
v -0.1767 0.1845 0.5268
v -0.1712 0.1819 0.5314
v -0.2199 0.1964 0.5184
v -0.1931 0.2100 0.5315
v -0.2122 0.2105 0.5340
v -0.1837 0.2156 0.5311
v -0.2256 0.1707 0.4989
v -0.2258 0.1627 0.4937
v -0.2256 0.1627 0.4934
v -0.2046 0.1776 0.5121
v -0.2177 0.1675 0.4997
v -0.1974 0.1774 0.5150
v -0.3245 0.1797 0.4821
v -0.3248 0.2178 0.4478
v -0.3476 0.1916 0.4619
v -0.3577 0.2076 0.4465
v -0.2674 0.1901 0.4832
v -0.2826 0.1826 0.4908
v -0.2678 0.2273 0.4618
v -0.2488 0.2051 0.4740
v -0.3386 0.1480 0.4758
v -0.2325 0.2284 0.4747
v -0.2958 0.2309 0.4530
v -0.3142 0.1688 0.5062
v -0.2782 0.2421 0.4476
v -0.3775 0.1593 0.4664
v -0.3596 0.1315 0.4680
v -0.3870 0.1257 0.4558
v -0.3708 0.1892 0.4571
v -0.3764 0.1123 0.4701
v -0.3889 0.0771 0.4620
v -0.3738 0.0757 0.4750
v -0.3245 0.1797 0.4821
v -0.3479 0.1514 0.4936
v -0.3142 0.1688 0.5062
v -0.2367 0.1475 0.4620
v -0.2386 0.1670 0.4773
v -0.2245 0.1251 0.4605
v -0.2271 0.1215 0.4385
v -0.2216 0.0848 0.4409
v -0.2361 0.1518 0.4441
v -0.2323 0.1640 0.4540
v -0.2355 0.1782 0.4617
v -0.2674 0.1901 0.4832
v -0.2367 0.1475 0.4620
v -0.2542 0.1605 0.4574
v -0.2513 0.1560 0.4725
v -0.2361 0.1518 0.4441
v -0.2522 0.1652 0.4682
v -0.2256 0.1707 0.4989
v -0.2210 0.1612 0.4942
v -0.2258 0.1627 0.4937
v -0.2257 0.1621 0.4931
v -0.2338 0.2139 0.5143
v -0.1991 0.2148 0.5156
v -0.2010 0.1796 0.4972
v -0.2674 0.1901 0.4832
v -0.2386 0.1670 0.4773
v -0.2245 0.1251 0.4605
v -0.1656 0.1894 0.5180
v -0.2634 0.2097 0.5045
v -0.1837 0.2156 0.5311
v -0.1574 0.2019 0.5513
v -0.1991 0.2148 0.5156
v -0.2122 0.2105 0.5340
v -0.1837 0.2156 0.5311
v -0.2199 0.1964 0.5184
v -0.1805 0.2045 0.5461
v -0.2046 0.1776 0.5121
v -0.1988 0.2148 0.5450
v -0.2122 0.2105 0.5340
v -0.1696 0.1785 0.5340
v -0.1738 0.1723 0.5269
v -0.2165 0.2247 0.5401
v -0.2013 0.1728 0.5119
v -0.2177 0.1675 0.4997
v -0.1697 0.1862 0.5444
v -0.1750 0.1554 0.5272
v -0.2256 0.1707 0.4989
v -0.1974 0.1774 0.5150
v -0.2177 0.1675 0.4997
v -0.2263 0.1700 0.4987
v -0.2013 0.1728 0.5119
v -0.2263 0.1700 0.4987
v -0.2177 0.1675 0.4997
v -0.2263 0.1700 0.4987
v -0.2210 0.1612 0.4942
v -0.2256 0.1707 0.4989
v -0.2263 0.1700 0.4987
v -0.2013 0.1728 0.5119
v -0.2210 0.1612 0.4942
v -0.1988 0.2148 0.5450
v -0.1837 0.2156 0.5311
v -0.1931 0.2100 0.5315
v -0.2165 0.2247 0.5401
v -0.1837 0.2156 0.5311
v -0.1988 0.2148 0.5450
v -0.2165 0.2247 0.5401
v -0.2122 0.2105 0.5340
v -0.1991 0.2148 0.5156
v -0.2623 0.2797 0.4791
v -0.2310 0.2638 0.4873
v -0.2320 0.2855 0.4807
v -0.2670 0.2464 0.4763
v -0.2741 0.2630 0.4758
v -0.2325 0.2284 0.4747
v -0.2690 0.3053 0.4892
v -0.3144 0.2522 0.4813
v -0.2678 0.2273 0.4618
v -0.2958 0.2309 0.4530
v -0.3520 0.2253 0.4574
v -0.3367 0.2463 0.4724
v -0.3248 0.2178 0.4478
v -0.3577 0.2076 0.4465
v -0.2116 0.2661 0.4752
v -0.2082 0.2405 0.4657
v -0.2043 0.1843 0.4617
v -0.2488 0.2051 0.4740
v -0.2355 0.1782 0.4617
v -0.2674 0.1901 0.4832
v -0.2323 0.1640 0.4540
v -0.2361 0.1518 0.4441
v -0.1965 0.1447 0.4258
v -0.2271 0.1215 0.4385
v -0.2037 0.1193 0.4172
v -0.2420 0.0839 0.4283
v -0.2189 0.0893 0.4138
v -0.2542 0.1605 0.4574
v -0.2362 0.0626 0.4026
v -0.2522 0.1652 0.4682
v -0.1967 0.2556 0.3842
v -0.2071 0.2632 0.4246
v -0.2003 0.2391 0.3780
v -0.1911 0.2711 0.4091
v -0.2198 0.2863 0.4511
v -0.1972 0.2979 0.4435
v -0.2209 0.3008 0.4625
v -0.2374 0.3006 0.4725
v -0.2292 0.3237 0.4901
v -0.2690 0.3053 0.4892
v -0.2482 0.2899 0.4733
v -0.2023 0.3334 0.4624
v -0.2623 0.2797 0.4791
v -0.2231 0.3686 0.4740
v -0.2422 0.2839 0.4735
v -0.2464 0.3700 0.4783
v -0.2377 0.4293 0.4790
v -0.2599 0.3833 0.4757
v -0.2826 0.3308 0.4710
v -0.2717 0.4271 0.4644
v -0.2242 0.4573 0.4792
v -0.2201 0.4057 0.4916
v -0.2690 0.3053 0.4892
v -0.2896 0.3041 0.4807
v -0.3144 0.2522 0.4813
v -0.3260 0.2690 0.4691
v -0.3367 0.2463 0.4724
v -0.2292 0.3237 0.4901
v -0.1832 0.4577 0.4842
v -0.1587 0.3983 0.4898
v -0.1542 0.4561 0.4988
v -0.1831 0.3593 0.4886
v -0.1569 0.4915 0.4807
v -0.1099 0.4620 0.4974
v -0.1014 0.4941 0.4865
v -0.1504 0.4361 0.5073
v -0.2231 0.3686 0.4740
v -0.1975 0.5064 0.4453
v -0.1727 0.4915 0.4652
v -0.1501 0.5093 0.4675
v -0.2342 0.4839 0.4517
v -0.3098 0.3331 0.4412
v -0.2927 0.2984 0.4623
v -0.0859 0.5174 0.4669
v -0.2771 0.4525 0.4353
v -0.2311 0.5054 0.4222
v -0.2649 0.4801 0.4101
v -0.2978 0.4061 0.4263
v -0.3299 0.2984 0.3972
v -0.3219 0.2655 0.4349
v -0.3378 0.2806 0.3958
v -0.3476 0.2370 0.3798
v -0.3228 0.3349 0.4015
v -0.3474 0.2206 0.4033
v -0.1933 0.5248 0.4097
v -0.1137 0.5221 0.4508
v -0.0612 0.5364 0.4527
v -0.2810 0.4553 0.3962
v -0.2365 0.2600 0.4721
v -0.2467 0.2533 0.4695
v -0.2680 0.2575 0.4652
v -0.2422 0.2839 0.4735
v -0.2285 0.2651 0.4713
v -0.2567 0.2283 0.4543
v -0.2373 0.2371 0.4622
v -0.2264 0.2367 0.4615
v -0.2588 0.2723 0.4661
v -0.2628 0.2888 0.4682
v -0.2320 0.2855 0.4807
v -0.2422 0.2839 0.4735
v -0.2623 0.2797 0.4791
v -0.2628 0.2888 0.4682
v -0.2374 0.3006 0.4725
v -0.2448 0.3018 0.4630
v -0.2422 0.2839 0.4735
v -0.2482 0.2899 0.4733
v -0.2280 0.2717 0.4678
v -0.2285 0.2651 0.4713
v -0.2692 0.2988 0.4679
v -0.2628 0.2888 0.4682
v -0.2623 0.2797 0.4791
v -0.2071 0.2632 0.4246
v -0.2116 0.2661 0.4752
v -0.1960 0.2137 0.4403
v -0.1967 0.2138 0.3764
v -0.2003 0.2391 0.3780
v -0.2198 0.2863 0.4511
v -0.2374 0.3006 0.4725
v -0.2082 0.2405 0.4657
v -0.1961 0.1724 0.4357
v -0.2043 0.1843 0.4617
v -0.1965 0.1447 0.4258
v -0.2320 0.2855 0.4807
v -0.2310 0.2638 0.4873
v -0.0854 0.2905 0.7039
v -0.0865 0.2747 0.6994
v -0.0796 0.2709 0.7250
v -0.0818 0.2992 0.7163
v -0.0782 0.2797 0.7303
v -0.0816 0.2676 0.7183
v -0.0863 0.2794 0.6994
v -0.0888 0.2768 0.6912
v -0.0881 0.2677 0.6975
v -0.0871 0.2710 0.6995
v -0.0875 0.2678 0.6995
v -0.0868 0.2645 0.7036
v -0.0885 0.2630 0.6996
v -0.0760 0.2818 0.7498
v -0.0781 0.3108 0.7527
v -0.0756 0.2840 0.7521
v -0.0739 0.2869 0.7606
v -0.0991 0.3137 0.7367
v -0.0818 0.2992 0.7163
v -0.0781 0.3108 0.7527
v -0.0854 0.2905 0.7039
v -0.1020 0.2963 0.7117
v -0.0782 0.2797 0.7303
v -0.1066 0.3095 0.7269
v -0.0781 0.3108 0.7527
v -0.0991 0.3137 0.7367
v -0.1135 0.3222 0.7288
v -0.0816 0.2676 0.7183
v -0.0796 0.2709 0.7250
v -0.0863 0.2794 0.6994
v -0.0864 0.2762 0.6994
v -0.0865 0.2747 0.6994
v -0.1020 0.2963 0.7117
v -0.0818 0.2992 0.7163
v -0.1066 0.3095 0.7269
v -0.0854 0.2905 0.7039
v -0.0754 0.2841 0.7522
v -0.0748 0.2875 0.7566
v -0.0748 0.2872 0.7556
v -0.0737 0.2924 0.7609
v -0.0748 0.2872 0.7556
v -0.0748 0.2875 0.7566
v -0.0739 0.2869 0.7606
v -0.0754 0.2841 0.7522
v -0.0756 0.2840 0.7521
v -0.0754 0.2841 0.7522
v -0.0748 0.2872 0.7556
v -0.0760 0.2818 0.7498
v -0.0754 0.2841 0.7522
v -0.0782 0.2797 0.7303
v -0.0781 0.3108 0.7527
v -0.0739 0.2869 0.7606
v -0.0760 0.2818 0.7498
v -0.0748 0.2872 0.7556
v -0.0739 0.2869 0.7606
v -0.0756 0.2840 0.7521
v -0.0737 0.2924 0.7609
v -0.0093 0.3080 0.7570
v -0.0564 0.3054 0.7675
v -0.0630 0.3150 0.7588
v -0.0595 0.2544 0.7748
v -0.0634 0.2960 0.7150
v -0.0717 0.3079 0.7154
v -0.0656 0.2404 0.7344
v -0.0362 0.3053 0.7210
v -0.0483 0.3237 0.6948
v -0.0480 0.3061 0.7069
v -0.0204 0.3151 0.7143
v 0.0017 0.3357 0.7022
v -0.0324 0.3577 0.6732
v -0.0609 0.3573 0.6682
v -0.0791 0.3316 0.6842
v -0.0052 0.3497 0.6867
v -0.0736 0.3535 0.6708
v -0.0738 0.3058 0.6968
v -0.0006 0.3242 0.7186
v -0.0805 0.3161 0.6882
v -0.0062 0.3558 0.6730
v -0.0092 0.3184 0.7247
v -0.0093 0.3080 0.7570
v -0.0362 0.3053 0.7210
v -0.0717 0.3079 0.7154
v -0.0092 0.3184 0.7247
v -0.0362 0.3053 0.7210
v 0.0045 0.3059 0.7271
v -0.0882 0.2650 0.6996
v -0.0875 0.2696 0.6995
v -0.0875 0.2678 0.6995
v -0.0871 0.2710 0.6995
v -0.0872 0.2721 0.6995
v -0.0865 0.2747 0.6994
v -0.0867 0.2759 0.6995
v -0.0864 0.2762 0.6994
v -0.0863 0.2794 0.6994
v -0.0875 0.2696 0.6995
v -0.0881 0.2677 0.6975
v -0.0872 0.2721 0.6995
v -0.0885 0.2630 0.6996
v -0.0882 0.2650 0.6996
v -0.0888 0.2768 0.6912
v -0.0867 0.2759 0.6995
v -0.0863 0.2794 0.6994
v -0.0868 0.2645 0.7036
v -0.0875 0.2678 0.6995
v -0.0244 0.2596 0.6167
v -0.0627 0.2670 0.6431
v -0.0448 0.2474 0.5893
v -0.0597 0.2893 0.7027
v 0.0045 0.3059 0.7271
v 0.0101 0.2753 0.6413
v -0.0064 0.2546 0.5855
v -0.0140 0.2470 0.5528
v -0.0747 0.2832 0.6834
v 0.0206 0.2967 0.6856
v -0.0829 0.2763 0.6563
v -0.0362 0.3053 0.7210
v -0.0634 0.2960 0.7150
v -0.0096 0.2342 0.5285
v -0.0627 0.2331 0.5388
v 0.0017 0.2532 0.5350
v -0.0627 0.2331 0.5388
v -0.0627 0.2991 0.5443
v -0.0654 0.2443 0.5260
v -0.0602 0.2460 0.5570
v -0.0448 0.2474 0.5893
v -0.0627 0.2670 0.6431
v -0.0685 0.2602 0.5763
v -0.0829 0.2763 0.6563
v -0.0909 0.2838 0.6503
v -0.1280 0.3003 0.4811
v -0.1214 0.3556 0.4820
v -0.1406 0.3652 0.5056
v -0.1148 0.3280 0.4665
v -0.1111 0.3051 0.4607
v -0.1037 0.2656 0.4523
v -0.1212 0.4051 0.5016
v -0.1338 0.2575 0.4600
v -0.0887 0.2269 0.4202
v -0.1484 0.3053 0.4864
v -0.1504 0.4361 0.5073
v -0.1099 0.4620 0.4974
v -0.1146 0.3831 0.4954
v -0.0681 0.0660 0.3241
v -0.0761 0.0676 0.2932
v -0.0515 0.0614 0.2963
v -0.0790 0.0772 0.3282
v -0.0747 0.1002 0.3657
v -0.1111 0.3051 0.4607
v -0.1037 0.2656 0.4523
v -0.0812 0.2940 0.4811
v -0.0758 0.3291 0.4974
v -0.1148 0.3280 0.4665
v -0.0898 0.3809 0.5119
v -0.0651 0.2197 0.4578
v -0.0612 0.2504 0.4745
v -0.1146 0.3831 0.4954
v -0.0521 0.3385 0.5108
v -0.0729 0.3889 0.5323
v -0.0919 0.4255 0.5257
v -0.1014 0.4650 0.5127
v -0.0887 0.2269 0.4202
v -0.0668 0.2076 0.4440
v -0.0503 0.1758 0.4388
v -0.0725 0.1652 0.4213
v -0.0531 0.1405 0.4165
v -0.0495 0.3504 0.5391
v -0.0663 0.1975 0.4180
v -0.0780 0.1057 0.3570
v -0.0727 0.3838 0.5571
v -0.0997 0.4327 0.5486
v -0.1098 0.4784 0.5321
v -0.0092 0.2609 0.5107
v -0.0433 0.2456 0.5088
v -0.0206 0.3044 0.5046
v -0.0561 0.2712 0.5101
v -0.0517 0.3165 0.5223
v -0.0096 0.2342 0.5285
v 0.0017 0.2532 0.5350
v -0.0627 0.2331 0.5388
v -0.0654 0.2443 0.5260
v -0.0466 0.3102 0.5467
v -0.0493 0.2940 0.5407
v -0.0479 0.3065 0.5466
v -0.0468 0.2998 0.5398
v -0.0503 0.2951 0.5501
v -0.0440 0.3062 0.5421
v -0.0466 0.3102 0.5467
v -0.0479 0.3065 0.5466
v -0.0443 0.3314 0.5537
v -0.0481 0.3179 0.5545
v -0.0468 0.2998 0.5398
v -0.0394 0.3030 0.5392
v -0.0342 0.2969 0.5346
v -0.0503 0.2951 0.5501
v -0.0493 0.2940 0.5407
v -0.0394 0.3030 0.5392
v -0.0561 0.3283 0.5452
v -0.0440 0.3062 0.5421
v -0.0253 0.2937 0.5459
v -0.0466 0.3102 0.5467
v -0.0306 0.3239 0.5606
v -0.0468 0.2998 0.5398
v -0.0125 0.3056 0.5597
v -0.0481 0.3179 0.5545
v -0.0443 0.3314 0.5537
v -0.0468 0.2998 0.5398
v -0.0253 0.2937 0.5459
v -0.0342 0.2969 0.5346
v -0.3708 0.0548 0.4264
v -0.3797 0.1279 0.4163
v -0.3496 0.0443 0.4069
v -0.3618 0.1208 0.4039
v -0.3539 0.0233 0.4371
v -0.3797 0.0602 0.4520
v -0.3870 0.1257 0.4558
v -0.3889 0.0771 0.4620
v -0.3856 0.1701 0.4464
v -0.3449 0.0141 0.4609
v -0.3279 0.0178 0.4211
v -0.3211 0.0510 0.3850
v -0.3612 0.1643 0.4203
v -0.3648 0.1996 0.4336
v -0.3322 0.0079 0.4483
v -0.2321 0.1462 0.3482
v -0.2390 0.1104 0.3742
v -0.2912 0.1172 0.3502
v -0.3105 0.0795 0.3658
v -0.2778 0.1692 0.3248
v -0.2568 0.0433 0.4014
v -0.2400 0.1892 0.3272
v -0.3211 0.0510 0.3850
v -0.2362 0.0626 0.4026
v -0.2529 0.2506 0.3052
v -0.2760 0.0313 0.4112
v -0.3279 0.0178 0.4211
v -0.2267 0.2237 0.3314
v -0.2273 0.2484 0.3245
v -0.2229 0.2739 0.3156
v -0.2434 0.3043 0.2875
v -0.3322 0.0079 0.4483
v -0.3689 0.2093 0.4138
v -0.3648 0.1996 0.4336
v -0.3577 0.2076 0.4465
v -0.3520 0.2253 0.4574
v -0.3536 0.2388 0.4363
v -0.3260 0.2690 0.4691
v -0.3367 0.2463 0.4724
v -0.3708 0.1892 0.4571
v -0.3856 0.1701 0.4464
v -0.3775 0.1593 0.4664
v -0.3870 0.1257 0.4558
v -0.3612 0.1643 0.4203
v -0.3219 0.2655 0.4349
v -0.2927 0.2984 0.4623
v -0.2896 0.3041 0.4807
v -0.3576 0.1556 0.3748
v -0.3618 0.1208 0.4039
v -0.3474 0.2206 0.4033
v -0.3439 0.1927 0.3722
v -0.3476 0.2370 0.3798
v -0.3376 0.2333 0.3526
v -0.3193 0.2467 0.3407
v -0.3490 0.0941 0.3759
v -0.3496 0.0443 0.4069
v -0.2522 0.1652 0.4682
v -0.2367 0.1475 0.4620
v -0.2513 0.1560 0.4725
v -0.2323 0.1640 0.4540
v -0.2782 0.2421 0.4476
v -0.2678 0.2273 0.4618
v -0.2768 0.2204 0.4499
v -0.2632 0.2562 0.4480
v -0.2567 0.2283 0.4543
v -0.2630 0.2722 0.4517
v -0.2373 0.2371 0.4622
v -0.2782 0.2421 0.4476
v -0.2768 0.2204 0.4499
v -0.2264 0.2367 0.4615
v -0.2680 0.2575 0.4652
v -0.2567 0.2283 0.4543
v -0.2670 0.2464 0.4763
v -0.2741 0.2630 0.4758
v -0.2678 0.2273 0.4618
v -0.2567 0.2283 0.4543
v -0.2768 0.2204 0.4499
v -0.2670 0.2464 0.4763
v -0.2166 0.2473 0.4167
v -0.2156 0.2424 0.4380
v -0.2193 0.2693 0.4209
v -0.2106 0.2165 0.4200
v -0.2112 0.2120 0.3981
v -0.2123 0.2288 0.3952
v -0.2095 0.2237 0.3761
v -0.2140 0.2490 0.3782
v -0.2142 0.2563 0.3821
v -0.2332 0.2781 0.4343
v -0.2280 0.2717 0.4678
v -0.2189 0.2467 0.4522
v -0.2152 0.2379 0.4455
v -0.2160 0.2329 0.4550
v -0.2448 0.3018 0.4630
v -0.2209 0.2463 0.4576
v -0.2285 0.2651 0.4713
v -0.2264 0.2367 0.4615
v -0.2140 0.2490 0.3782
v -0.1967 0.2138 0.3764
v -0.2071 0.2304 0.3799
v -0.2123 0.2288 0.3952
v -0.2142 0.2563 0.3821
v -0.2260 0.2285 0.3600
v -0.2140 0.2490 0.3782
v -0.2680 0.2575 0.4652
v -0.2741 0.2630 0.4758
v -0.2782 0.2421 0.4476
v -0.2958 0.2309 0.4530
v -0.2632 0.2562 0.4480
v -0.2588 0.2723 0.4661
v -0.2630 0.2722 0.4517
v -0.2588 0.2723 0.4661
v -0.2632 0.2562 0.4480
v -0.2628 0.2888 0.4682
v -0.2630 0.2722 0.4517
v -0.2264 0.2367 0.4615
v -0.2152 0.2379 0.4455
v -0.2160 0.2329 0.4550
v -0.2179 0.2797 0.4253
v -0.2179 0.2797 0.4253
v -0.2448 0.3018 0.4630
v -0.2630 0.2722 0.4517
v -0.2339 0.3043 0.4556
v -0.2628 0.2888 0.4682
v -0.2132 0.3021 0.4352
v -0.2692 0.2988 0.4679
v -0.2322 0.2103 0.3621
v -0.2142 0.2563 0.3821
v -0.2243 0.1952 0.3888
v -0.2260 0.2285 0.3600
v -0.2141 0.2016 0.3943
v -0.2106 0.2165 0.4200
v -0.2156 0.2424 0.4380
v -0.2179 0.2797 0.4253
v -0.2152 0.2379 0.4455
v -0.2029 0.2825 0.3886
v -0.2057 0.2808 0.3851
v -0.2080 0.2735 0.3816
v -0.2034 0.2921 0.3788
v -0.2038 0.2853 0.3839
v -0.1903 0.2949 0.3793
v -0.2012 0.2903 0.3822
v -0.2034 0.2921 0.3788
v -0.1999 0.2997 0.3755
v -0.2037 0.2850 0.3838
v -0.2057 0.2808 0.3851
v -0.2088 0.2761 0.4064
v -0.2064 0.2873 0.4138
v -0.2037 0.2788 0.3958
v -0.2037 0.2941 0.4101
v -0.2142 0.2563 0.3821
v -0.2166 0.2473 0.4167
v -0.2080 0.2735 0.3816
v -0.2029 0.2825 0.3886
v -0.2034 0.2921 0.3788
v -0.1995 0.2979 0.4134
v -0.2017 0.2957 0.4106
v -0.2029 0.2825 0.3886
v -0.2088 0.2761 0.4064
v -0.2179 0.2797 0.4253
v -0.2193 0.2693 0.4209
v -0.2166 0.2473 0.4167
v -0.2332 0.2781 0.4343
v -0.2132 0.3021 0.4352
v -0.2339 0.3043 0.4556
v -0.2448 0.3018 0.4630
v -0.1961 0.1724 0.4357
v -0.2227 0.1791 0.3807
v -0.2075 0.1820 0.4160
v -0.1960 0.2137 0.4403
v -0.2070 0.1516 0.3735
v -0.1965 0.1447 0.4258
v -0.2353 0.1769 0.3491
v -0.2321 0.1462 0.3482
v -0.2400 0.1892 0.3272
v -0.2037 0.1193 0.4172
v -0.2186 0.2151 0.3525
v -0.2267 0.2237 0.3314
v -0.2189 0.0893 0.4138
v -0.1967 0.2138 0.3764
v -0.2390 0.1104 0.3742
v -0.2362 0.0626 0.4026
v -0.0887 0.2269 0.4202
v -0.1338 0.2575 0.4600
v -0.1321 0.2399 0.4339
v -0.1095 0.2036 0.3901
v -0.0611 0.2015 0.3874
v -0.0900 0.1790 0.3617
v -0.0501 0.1773 0.3507
v -0.0884 0.1662 0.3414
v -0.1264 0.1927 0.3625
v -0.1678 0.2478 0.4236
v -0.1922 0.2151 0.3770
v -0.1749 0.3050 0.4693
v -0.1842 0.3155 0.4770
v -0.1484 0.3053 0.4864
v -0.1972 0.2979 0.4435
v -0.0498 0.1905 0.3827
v -0.0474 0.1694 0.3178
v -0.1911 0.2711 0.4091
v -0.1967 0.2556 0.3842
v -0.2023 0.3334 0.4624
v -0.1831 0.3593 0.4886
v -0.2231 0.3686 0.4740
v -0.2201 0.4057 0.4916
v -0.2377 0.4293 0.4790
v -0.0887 0.2269 0.4202
v -0.0611 0.2015 0.3874
v -0.0663 0.1975 0.4180
v -0.0498 0.1905 0.3827
v -0.0564 0.1239 0.3230
v -0.0780 0.1057 0.3570
v -0.0577 0.1536 0.3624
v -0.0725 0.1652 0.4213
v -0.0498 0.1905 0.3827
v -0.0648 0.1024 0.3081
v -0.0790 0.0772 0.3282
v -0.0501 0.1773 0.3507
v -0.0583 0.0808 0.2891
v -0.0500 0.0969 0.2819
v -0.0663 0.1975 0.4180
v -0.0668 0.2076 0.4440
v -0.0761 0.0676 0.2932
v -0.0380 0.1519 0.3391
v -0.0314 0.1372 0.3154
v -0.0416 0.1312 0.3132
v -0.0337 0.1288 0.3109
v -0.0651 0.2197 0.4578
v -0.0503 0.1758 0.4388
v -0.0379 0.2239 0.4500
v -0.0612 0.2504 0.4745
v -0.0245 0.2946 0.4727
v -0.0812 0.2940 0.4811
v -0.0221 0.3289 0.4832
v -0.0554 0.3323 0.4875
v -0.0758 0.3291 0.4974
v 0.0324 0.2689 0.4871
v 0.0367 0.2257 0.4787
v 0.0824 0.2364 0.4905
v 0.0922 0.1930 0.4816
v 0.0310 0.2041 0.4733
v 0.0104 0.1798 0.4497
v 0.0515 0.1590 0.4534
v -0.0075 0.1518 0.4232
v -0.0059 0.1362 0.4119
v -0.0369 0.1442 0.4011
v 0.0331 0.3049 0.4920
v 0.0754 0.2967 0.4999
v 0.0252 0.3294 0.4901
v 0.0360 0.3373 0.5125
v 0.0766 0.3531 0.5240
v 0.0538 0.3739 0.5390
v 0.0763 0.3901 0.5436
v -0.0221 0.3289 0.4832
v -0.0521 0.3385 0.5108
v 0.0244 0.3184 0.4704
v -0.0137 0.3179 0.4590
v 0.0146 0.2928 0.4436
v -0.0210 0.2656 0.4494
v -0.0178 0.2624 0.4417
v -0.0253 0.2456 0.4016
v -0.0127 0.2383 0.3964
v -0.0403 0.2430 0.3942
v -0.0247 0.2098 0.3807
v -0.0138 0.1982 0.3699
v -0.0394 0.2354 0.3893
v -0.0541 0.2497 0.3920
v -0.0481 0.2433 0.3885
v -0.0534 0.2461 0.3815
v 0.0126 0.2357 0.4076
v 0.0145 0.2496 0.4304
v -0.0238 0.1981 0.3621
v -0.0495 0.3504 0.5391
v 0.0249 0.3552 0.5493
v 0.0147 0.3711 0.5546
v -0.0294 0.3790 0.5520
v -0.0523 0.3692 0.5573
v -0.0727 0.3838 0.5571
v -0.0554 0.3323 0.4875
v -0.0758 0.3291 0.4974
v 0.0338 0.3601 0.5629
v 0.0147 0.3711 0.5546
v 0.0249 0.3552 0.5493
v -0.1321 0.2641 0.4293
v -0.1358 0.2811 0.4202
v -0.1472 0.2845 0.4162
v -0.1548 0.2717 0.4370
v -0.1326 0.2705 0.4367
v -0.1472 0.2845 0.4162
v -0.1574 0.2815 0.4234
v -0.1557 0.2847 0.4145
v -0.1420 0.2750 0.4519
v -0.1342 0.2720 0.4426
v -0.1321 0.2641 0.4293
v -0.1472 0.2845 0.4162
v -0.1326 0.2705 0.4367
v -0.1420 0.2750 0.4519
v -0.1621 0.2903 0.4501
v -0.1465 0.2907 0.4613
v -0.1548 0.2717 0.4370
v -0.1494 0.3123 0.4687
v -0.1641 0.3161 0.4542
v -0.1342 0.2720 0.4426
v -0.1420 0.2750 0.4519
v -0.1387 0.2876 0.4560
v -0.1465 0.2907 0.4613
v -0.1494 0.3123 0.4687
v -0.1494 0.3123 0.4687
v -0.1566 0.3485 0.4717
v -0.1483 0.3204 0.4535
v -0.1387 0.2876 0.4560
v -0.1380 0.2866 0.4249
v -0.1342 0.2720 0.4426
v -0.1358 0.2811 0.4202
v -0.1326 0.2705 0.4367
v -0.1321 0.2641 0.4293
v -0.1567 0.3097 0.4786
v -0.1522 0.3432 0.4953
v -0.1587 0.3983 0.4898
v -0.1504 0.4361 0.5073
v -0.1542 0.4561 0.4988
v -0.1522 0.3432 0.4953
v -0.1484 0.3053 0.4864
v -0.1406 0.3652 0.5056
v -0.1504 0.4361 0.5073
v -0.1567 0.3097 0.4786
v -0.1749 0.3050 0.4693
v -0.1749 0.3050 0.4693
v -0.1494 0.3123 0.4687
v -0.1641 0.3161 0.4542
v -0.1567 0.3097 0.4786
v -0.1571 0.2843 0.4153
v -0.1529 0.2921 0.4295
v -0.1574 0.2815 0.4234
v -0.1621 0.2903 0.4501
v -0.1641 0.3161 0.4542
v -0.1548 0.2717 0.4370
v -0.1535 0.2808 0.4073
v -0.1611 0.2686 0.4093
v -0.1358 0.2811 0.4202
v -0.1380 0.2866 0.4249
v -0.1472 0.2845 0.4162
v -0.1557 0.2847 0.4145
v -0.1529 0.2921 0.4295
v -0.1571 0.2843 0.4153
v -0.1535 0.2808 0.4073
v -0.1483 0.3204 0.4535
v -0.1641 0.3161 0.4542
v -0.1566 0.3485 0.4717
v -0.1842 0.3155 0.4770
v -0.1831 0.3593 0.4886
v -0.1587 0.3983 0.4898
v -0.1749 0.3050 0.4693
v -0.0900 0.3229 0.7335
v -0.0818 0.2992 0.7163
v -0.0991 0.3137 0.7367
v -0.0900 0.3229 0.7335
v -0.0991 0.3137 0.7367
v -0.1135 0.3222 0.7288
v -0.0988 0.3264 0.6994
v -0.1066 0.3095 0.7269
v -0.0898 0.3175 0.7138
v -0.0818 0.2992 0.7163
v -0.1135 0.3222 0.7288
v -0.0188 0.4094 0.7136
v -0.0333 0.4180 0.7213
v -0.0505 0.4042 0.7114
v -0.0539 0.4173 0.7223
v -0.0159 0.4282 0.7278
v -0.0098 0.4143 0.7184
v -0.0733 0.4123 0.7230
v -0.0719 0.3911 0.7074
v -0.0842 0.4152 0.7263
v 0.0049 0.4117 0.7141
v -0.0592 0.4292 0.7282
v 0.0082 0.4505 0.7333
v -0.0141 0.4384 0.7303
v 0.0002 0.4509 0.7360
v -0.0039 0.4570 0.7407
v -0.0221 0.4546 0.7394
v -0.0067 0.4692 0.7453
v -0.0248 0.4746 0.7475
v -0.0480 0.4521 0.7331
v -0.0835 0.4491 0.7327
v -0.0441 0.4701 0.7427
v -0.0477 0.4766 0.7468
v -0.0572 0.4708 0.7400
v -0.0643 0.4532 0.7300
v -0.0859 0.3827 0.7074
v 0.0022 0.4023 0.7003
v -0.0842 0.3707 0.6906
v -0.0550 0.3925 0.6897
v -0.0640 0.3669 0.6772
v -0.0736 0.3535 0.6708
v -0.0566 0.3578 0.6735
v -0.0324 0.3577 0.6732
v -0.0057 0.3639 0.6765
v -0.0062 0.3558 0.6730
v -0.0361 0.3884 0.6708
v -0.0377 0.3974 0.6835
v -0.0141 0.4010 0.6848
v -0.0292 0.3827 0.6707
v -0.0095 0.3799 0.6727
v 0.0029 0.3880 0.6793
v -0.0609 0.3573 0.6682
v -0.0575 0.4555 0.7155
v -0.0576 0.4450 0.7120
v -0.0774 0.4654 0.7192
v -0.0637 0.4862 0.7290
v -0.0978 0.4533 0.7200
v -0.0363 0.4565 0.7251
v -0.0280 0.4787 0.7288
v -0.0089 0.4736 0.7281
v -0.0222 0.4907 0.7303
v -0.0122 0.4462 0.7162
v -0.0446 0.4358 0.7159
v -0.0980 0.3958 0.7088
v -0.0489 0.4207 0.7096
v -0.0153 0.4267 0.7087
v -0.0649 0.4598 0.7341
v -0.0729 0.4537 0.7361
v -0.0643 0.4532 0.7300
v -0.0835 0.4491 0.7327
v -0.0620 0.4634 0.7377
v -0.0835 0.4491 0.7327
v -0.0480 0.4521 0.7331
v -0.0643 0.4532 0.7300
v -0.0228 0.3613 0.6023
v -0.0623 0.3615 0.6050
v -0.0404 0.3842 0.6505
v -0.0561 0.3283 0.5452
v -0.0548 0.3851 0.6585
v -0.0095 0.3800 0.6519
v -0.0443 0.3314 0.5537
v -0.0014 0.3467 0.5911
v -0.0113 0.3230 0.5537
v 0.0178 0.3640 0.6555
v 0.0017 0.3166 0.5585
v 0.0052 0.3816 0.6632
v -0.0789 0.3482 0.5947
v -0.0019 0.3208 0.5263
v 0.0317 0.3785 0.6638
v 0.0442 0.3620 0.6517
v 0.0149 0.3430 0.6171
v -0.0440 0.3062 0.5421
v -0.0493 0.3989 0.6663
v -0.0853 0.3654 0.6578
v -0.0971 0.3762 0.6836
v -0.0980 0.3958 0.7088
v -0.0413 0.4115 0.6834
v -0.0489 0.4207 0.7096
v -0.0151 0.4177 0.6993
v -0.0153 0.4267 0.7087
v -0.0756 0.3255 0.5682
v -0.0517 0.3165 0.5223
v -0.1187 0.5442 0.6172
v -0.1189 0.5240 0.5876
v -0.1199 0.5060 0.6078
v -0.1217 0.5158 0.6316
v -0.0938 0.5395 0.6904
v -0.1048 0.4986 0.6315
v -0.0898 0.5304 0.7003
v -0.1061 0.5289 0.6379
v -0.0840 0.4890 0.6859
v -0.0862 0.4408 0.6212
v -0.1145 0.5895 0.6867
v -0.1081 0.5998 0.7157
v -0.0914 0.5713 0.7363
v -0.1247 0.6006 0.6501
v -0.1251 0.5432 0.5883
v -0.1056 0.4880 0.6039
v -0.1200 0.6152 0.6716
v -0.1131 0.6153 0.6925
v -0.1264 0.6087 0.6361
v -0.0646 0.4574 0.6858
v -0.0679 0.4340 0.6797
v -0.0576 0.4450 0.7120
v -0.0575 0.4555 0.7155
v -0.0662 0.5479 0.7501
v -0.1259 0.6075 0.6132
v -0.1210 0.6249 0.6549
v -0.0791 0.6172 0.7494
v -0.1076 0.6248 0.7010
v -0.0621 0.5931 0.7693
v -0.1143 0.6284 0.6773
v -0.0446 0.4358 0.7159
v -0.0413 0.4115 0.6834
v -0.0573 0.4013 0.6425
v -0.0493 0.3989 0.6663
v -0.0404 0.3842 0.6505
v -0.0565 0.5269 0.7199
v -0.0853 0.6275 0.7302
v -0.0795 0.6239 0.7423
v -0.0151 0.4177 0.6993
v -0.0153 0.4267 0.7087
v -0.0258 0.5291 0.7549
v -0.0279 0.5214 0.7408
v -0.0083 0.5131 0.7333
v -0.0726 0.5243 0.4850
v -0.1014 0.4941 0.4865
v -0.0989 0.4991 0.5090
v -0.0859 0.5174 0.4669
v -0.0612 0.5364 0.4527
v -0.0541 0.5374 0.4760
v -0.1014 0.4650 0.5127
v -0.1099 0.4620 0.4974
v -0.1146 0.3831 0.4954
v -0.1014 0.5179 0.5152
v -0.1098 0.4784 0.5321
v -0.0913 0.5095 0.5551
v -0.0997 0.4327 0.5486
v -0.0832 0.4258 0.5626
v -0.0727 0.3838 0.5571
v -0.0922 0.5242 0.5148
v -0.0796 0.5297 0.5338
v -0.0859 0.5457 0.5052
v -0.0800 0.5559 0.5072
v -0.0839 0.5603 0.4952
v 0.0206 0.4188 0.5968
v -0.0095 0.3800 0.6519
v -0.0106 0.4125 0.5974
v -0.0404 0.3842 0.6505
v -0.0573 0.4013 0.6425
v -0.0710 0.4264 0.6137
v -0.0613 0.4385 0.5817
v -0.1040 0.5173 0.5918
v -0.0880 0.5001 0.5718
v -0.1056 0.4880 0.6039
v -0.0862 0.4408 0.6212
v -0.0913 0.5258 0.5512
v -0.1155 0.5519 0.5868
v -0.1076 0.5749 0.5553
v -0.1170 0.5739 0.5740
v -0.0964 0.5700 0.5437
v -0.0796 0.5297 0.5338
v -0.0913 0.5095 0.5551
v -0.1149 0.5838 0.5696
v -0.1167 0.5796 0.5728
v -0.1233 0.5972 0.6029
v -0.1214 0.5802 0.5763
v -0.0768 0.5736 0.5280
v -0.0613 0.4385 0.5817
v -0.0880 0.5001 0.5718
v -0.0710 0.4480 0.5566
v -0.0913 0.5095 0.5551
v -0.0502 0.4207 0.5585
v -0.0913 0.5258 0.5512
v -0.0106 0.4125 0.5974
v -0.0366 0.4004 0.5483
v -0.0502 0.4207 0.5585
v -0.0832 0.4258 0.5626
v -0.0294 0.3790 0.5520
v -0.0523 0.3692 0.5573
v -0.0710 0.4480 0.5566
v -0.0913 0.5095 0.5551
v -0.0727 0.3838 0.5571
v -0.0366 0.4004 0.5483
v -0.0515 0.3930 0.5430
v -0.0294 0.3790 0.5520
v -0.0445 0.3715 0.5328
v -0.0366 0.4004 0.5483
v -0.0471 0.3702 0.5088
v -0.0470 0.3785 0.4991
v -0.0462 0.3930 0.5246
v -0.0515 0.3930 0.5430
v -0.0445 0.3852 0.4996
v -0.0445 0.3715 0.5328
v -0.0043 0.4132 0.6824
v -0.0085 0.3941 0.6585
v -0.0420 0.3960 0.6597
v -0.0012 0.3977 0.6645
v -0.0325 0.4140 0.6706
v -0.0184 0.3914 0.6581
v -0.0325 0.4140 0.6706
v -0.0420 0.3960 0.6597
v -0.0456 0.4058 0.6536
v -0.0445 0.3852 0.4996
v -0.0471 0.3702 0.5088
v -0.0362 0.3781 0.5072
v -0.0470 0.3785 0.4991
v -0.0362 0.3781 0.5072
v -0.0471 0.3702 0.5088
v -0.0279 0.3730 0.5023
v -0.0366 0.4004 0.5483
v -0.0166 0.3725 0.5062
v 0.0188 0.4044 0.5629
v 0.0211 0.3918 0.5446
v 0.0254 0.3814 0.5146
v 0.0165 0.3780 0.5096
v 0.0092 0.3737 0.5013
v -0.0047 0.3700 0.4941
v -0.0106 0.4125 0.5974
v 0.0206 0.4188 0.5968
v -0.0462 0.3930 0.5246
v -0.0515 0.3930 0.5430
v -0.0445 0.3852 0.4996
v -0.0640 0.3669 0.6772
v -0.0057 0.3639 0.6765
v -0.0095 0.3799 0.6727
v -0.0292 0.3827 0.6707
v -0.0361 0.3884 0.6708
v 0.0029 0.3880 0.6793
v 0.0052 0.4462 0.7002
v -0.0047 0.4424 0.7030
v 0.0066 0.4503 0.7038
v 0.0155 0.4407 0.6882
v 0.0075 0.4407 0.6929
v -0.0089 0.4736 0.7281
v 0.0121 0.4681 0.7049
v 0.0097 0.4634 0.7058
v 0.0267 0.4432 0.6771
v -0.0122 0.4462 0.7162
v 0.0061 0.4676 0.7093
v 0.0045 0.4665 0.7086
v 0.0102 0.4392 0.6877
v 0.0064 0.4339 0.6905
v 0.0058 0.4207 0.6834
v 0.0236 0.4232 0.6647
v 0.0055 0.4096 0.6724
v -0.0016 0.4086 0.6766
v -0.0043 0.4132 0.6824
v -0.0012 0.3977 0.6645
v 0.0216 0.4173 0.6525
v -0.0047 0.4424 0.7030
v -0.0313 0.4486 0.6895
v -0.0122 0.4462 0.7162
v -0.0575 0.4555 0.7155
v -0.0363 0.4565 0.7251
v -0.0148 0.4484 0.6898
v 0.0049 0.4476 0.6882
v 0.0052 0.4462 0.7002
v -0.0214 0.4528 0.6840
v -0.0254 0.4566 0.6885
v -0.0095 0.4631 0.7025
v -0.0319 0.4547 0.6980
v -0.0129 0.4596 0.6909
v -0.0485 0.4748 0.7122
v -0.0089 0.4736 0.7281
v -0.0280 0.4787 0.7288
v 0.0045 0.4665 0.7086
v -0.0646 0.4574 0.6858
v 0.0121 0.4681 0.7049
v 0.0061 0.4676 0.7093
v -0.0319 0.4547 0.6980
v -0.0575 0.4555 0.7155
v -0.0313 0.4486 0.6895
v -0.0254 0.4566 0.6885
v -0.0214 0.4528 0.6840
v -0.0129 0.4596 0.6909
v 0.0057 0.4372 0.6885
v 0.0049 0.4476 0.6882
v 0.0075 0.4407 0.6929
v 0.0064 0.4339 0.6905
v 0.0052 0.4462 0.7002
v -0.0456 0.4058 0.6536
v -0.0043 0.4132 0.6824
v -0.0325 0.4140 0.6706
v -0.0108 0.4040 0.6404
v 0.0236 0.4232 0.6647
v 0.0216 0.4173 0.6525
v 0.0064 0.4339 0.6905
v 0.0267 0.4432 0.6771
v 0.0100 0.4252 0.6067
v 0.0402 0.4410 0.6485
v 0.0415 0.4436 0.6460
v 0.0326 0.4453 0.5944
v 0.0495 0.4597 0.6271
v -0.0020 0.4134 0.6262
v 0.0525 0.4691 0.6519
v -0.0041 0.4220 0.6077
v -0.0084 0.4244 0.5907
v -0.0084 0.4244 0.5907
v 0.0089 0.4218 0.6136
v -0.0041 0.4220 0.6077
v -0.0019 0.3208 0.5263
v -0.0206 0.3044 0.5046
v -0.0164 0.3143 0.5285
v -0.0113 0.3230 0.5537
v -0.0517 0.3165 0.5223
v -0.0113 0.3230 0.5537
v -0.0253 0.2937 0.5459
v -0.0125 0.3056 0.5597
v -0.0164 0.3143 0.5285
v -0.0342 0.2969 0.5346
v -0.0253 0.2937 0.5459
v -0.0394 0.3030 0.5392
v -0.0164 0.3143 0.5285
v -0.0394 0.3030 0.5392
v -0.0253 0.2937 0.5459
v -0.0517 0.3165 0.5223
v -0.0561 0.3283 0.5452
v -0.0394 0.3030 0.5392
v -0.0517 0.3165 0.5223
v -0.0113 0.3230 0.5537
v -0.0162 0.3192 0.5599
v -0.0306 0.3239 0.5606
v -0.0443 0.3314 0.5537
v -0.0125 0.3056 0.5597
v -0.0235 0.1745 0.3807
v -0.0304 0.2055 0.4085
v -0.0362 0.1581 0.3939
v -0.0314 0.1431 0.3819
v -0.0503 0.1758 0.4388
v -0.0379 0.2239 0.4500
v -0.0210 0.2656 0.4494
v -0.0245 0.2946 0.4727
v -0.0137 0.3179 0.4590
v -0.0221 0.3289 0.4832
v -0.0247 0.2098 0.3807
v -0.0369 0.1442 0.4011
v -0.0531 0.1405 0.4165
v -0.0238 0.1981 0.3621
v -0.0314 0.2218 0.3996
v -0.0253 0.2456 0.4016
v -0.0342 0.1450 0.3665
v -0.0259 0.1539 0.3621
v -0.0212 0.1490 0.3531
v -0.0150 0.1638 0.3471
v -0.0172 0.1538 0.3443
v -0.0543 0.1050 0.3674
v -0.0167 0.1637 0.3678
v -0.0225 0.3618 0.5155
v 0.0101 0.3801 0.5485
v 0.0018 0.3618 0.5296
v -0.0445 0.3715 0.5328
v -0.0294 0.3790 0.5520
v 0.0195 0.3600 0.5192
v -0.0471 0.3702 0.5088
v 0.0209 0.3642 0.5220
v 0.0211 0.3918 0.5446
v 0.0254 0.3814 0.5146
v 0.0101 0.3801 0.5485
v 0.0188 0.4044 0.5629
v 0.0195 0.3600 0.5192
v 0.0092 0.3737 0.5013
v 0.0209 0.3642 0.5220
v 0.0165 0.3780 0.5096
v 0.0254 0.3814 0.5146
v -0.0020 0.3726 0.5016
v -0.0166 0.3725 0.5062
v 0.0018 0.3618 0.5296
v -0.0225 0.3618 0.5155
v -0.0279 0.3730 0.5023
v -0.0471 0.3702 0.5088
v -0.0047 0.3700 0.4941
v 0.0600 0.4154 0.5719
v 0.0188 0.4044 0.5629
v 0.0338 0.3601 0.5629
v 0.0540 0.4440 0.5666
v 0.0779 0.4572 0.5661
v 0.0781 0.4981 0.5485
v 0.0101 0.3801 0.5485
v 0.0147 0.3711 0.5546
v -0.0294 0.3790 0.5520
v 0.0089 0.4218 0.6136
v 0.0081 0.4064 0.6511
v 0.0391 0.4340 0.6375
v 0.0326 0.4453 0.5944
v 0.0100 0.4252 0.6067
v 0.0425 0.4460 0.6136
v 0.0036 0.4089 0.6390
v -0.0085 0.3941 0.6585
v -0.0012 0.3977 0.6645
v 0.0216 0.4173 0.6525
v -0.0020 0.4134 0.6262
v -0.0084 0.4244 0.5907
v -0.0108 0.4040 0.6404
v -0.0184 0.3914 0.6581
v 0.0402 0.4410 0.6485
v 0.0495 0.4597 0.6271
v 0.0525 0.4691 0.6519
v -0.0456 0.4058 0.6536
v -0.0420 0.3960 0.6597
v -0.0041 0.4220 0.6077
v 0.0089 0.4218 0.6136
v 0.0100 0.4252 0.6067
v -0.0016 0.4086 0.6766
v 0.0055 0.4096 0.6724
v -0.0043 0.4132 0.6824
v 0.0074 0.3726 0.7000
v 0.0022 0.4023 0.7003
v 0.0182 0.3810 0.6948
v 0.0124 0.4229 0.7026
v 0.0177 0.3683 0.6804
v 0.0074 0.3726 0.7000
v 0.0177 0.3683 0.6804
v 0.0029 0.3880 0.6793
v 0.0052 0.3816 0.6632
v 0.0317 0.3785 0.6638
v 0.0500 0.3677 0.6701
v 0.0565 0.3918 0.6605
v 0.0425 0.3869 0.6317
v 0.0606 0.5017 0.7032
v 0.0449 0.4651 0.6911
v 0.0780 0.4948 0.6695
v 0.0423 0.4219 0.6618
v 0.0124 0.4229 0.7026
v 0.0029 0.3880 0.6793
v 0.0105 0.4651 0.7226
v 0.0803 0.5480 0.6907
v 0.0022 0.4023 0.7003
v 0.0481 0.5302 0.7170
v 0.0289 0.4046 0.6551
v 0.0052 0.3816 0.6632
v 0.0502 0.5444 0.7462
v 0.0645 0.5631 0.7447
v 0.0820 0.5978 0.7197
v 0.0901 0.5795 0.7009
v 0.0914 0.5467 0.6388
v 0.0958 0.5684 0.6606
v 0.1027 0.5617 0.6350
v 0.0950 0.5858 0.6860
v 0.0699 0.4711 0.6430
v 0.0759 0.4782 0.6411
v 0.0736 0.4713 0.6359
v 0.0859 0.4974 0.6425
v 0.0093 0.5292 0.7481
v -0.0007 0.5334 0.7601
v -0.0056 0.4988 0.7310
v -0.0038 0.5260 0.7312
v -0.0083 0.5131 0.7333
v 0.0878 0.5774 0.5682
v 0.0709 0.5370 0.5549
v 0.0773 0.5786 0.5513
v 0.0501 0.5501 0.5296
v 0.0510 0.5787 0.5249
v 0.0925 0.5679 0.5898
v 0.0820 0.5352 0.5941
v 0.0766 0.5193 0.5905
v 0.0563 0.5302 0.5186
v 0.0781 0.4981 0.5485
v 0.0568 0.4575 0.5850
v 0.0560 0.4498 0.6133
v 0.0435 0.4244 0.6334
v 0.0776 0.4927 0.6020
v 0.0702 0.4722 0.6290
v 0.0759 0.4782 0.6411
v 0.0588 0.4528 0.6339
v 0.0699 0.4711 0.6430
v 0.0423 0.4219 0.6618
v 0.0289 0.4046 0.6551
v 0.0206 0.4188 0.5968
v 0.0052 0.3816 0.6632
v 0.0540 0.4440 0.5666
v 0.0188 0.4044 0.5629
v -0.0095 0.3800 0.6519
v 0.0736 0.4713 0.6359
v 0.1792 0.2351 0.6748
v 0.2121 0.2392 0.6960
v 0.2289 0.2673 0.6988
v 0.2119 0.3069 0.6759
v 0.1840 0.2830 0.6569
v 0.1900 0.3206 0.6568
v 0.1903 0.2316 0.6851
v 0.2285 0.2991 0.6844
v 0.2662 0.2556 0.7111
v 0.1861 0.2067 0.6719
v 0.1669 0.1914 0.6507
v 0.1765 0.1728 0.6618
v 0.2769 0.2856 0.6910
v 0.3000 0.2722 0.6930
v 0.3118 0.2354 0.7267
v 0.1797 0.1640 0.6331
v 0.1886 0.1343 0.6494
v 0.1907 0.1503 0.6468
v 0.1577 0.2996 0.5771
v 0.1621 0.2581 0.6104
v 0.1691 0.3066 0.5962
v 0.1569 0.2508 0.5609
v 0.1590 0.2583 0.5435
v 0.1497 0.3073 0.5489
v 0.1599 0.3404 0.5572
v 0.1619 0.3365 0.5959
v 0.1729 0.3767 0.5863
v 0.1594 0.2695 0.6234
v 0.1824 0.3343 0.6078
v 0.1900 0.3206 0.6568
v 0.1840 0.2830 0.6569
v 0.1676 0.2462 0.6345
v 0.1669 0.1914 0.6507
v 0.1792 0.2351 0.6748
v 0.2052 0.3419 0.6488
v 0.0178 0.3640 0.6555
v 0.0500 0.3677 0.6701
v 0.0181 0.3480 0.6535
v 0.0442 0.3620 0.6517
v 0.0500 0.3677 0.6701
v 0.0178 0.3640 0.6555
v 0.0613 0.3706 0.6535
v 0.0714 0.4379 0.6167
v 0.0648 0.4201 0.6536
v 0.0744 0.4513 0.6458
v 0.0761 0.4612 0.6087
v 0.0603 0.4137 0.6156
v 0.0425 0.3869 0.6317
v 0.0565 0.3918 0.6605
v 0.0702 0.4722 0.6290
v 0.0699 0.4711 0.6430
v 0.0943 0.4514 0.6454
v 0.0836 0.4695 0.6458
v 0.0744 0.4513 0.6458
v 0.0859 0.4974 0.6425
v 0.1016 0.5125 0.6380
v 0.0914 0.5467 0.6388
v 0.1027 0.5617 0.6350
v 0.0648 0.4201 0.6536
v 0.0613 0.3706 0.6535
v 0.0699 0.4711 0.6430
v 0.0759 0.4782 0.6411
v 0.0565 0.3918 0.6605
v 0.0500 0.3677 0.6701
v 0.0442 0.3620 0.6517
v 0.0425 0.3869 0.6317
v 0.0680 0.3887 0.6268
v 0.0603 0.4137 0.6156
v 0.0838 0.4302 0.6094
v 0.0613 0.3706 0.6535
v 0.0317 0.3785 0.6638
v 0.0955 0.4524 0.6102
v 0.1016 0.5125 0.6380
v 0.0943 0.4514 0.6454
v 0.1045 0.5185 0.6117
v 0.1027 0.5617 0.6350
v 0.1075 0.5636 0.6225
v 0.1053 0.5605 0.5985
v 0.0838 0.4302 0.6094
v 0.0613 0.3706 0.6535
v 0.0680 0.3887 0.6268
v 0.1540 0.3737 0.5689
v 0.1212 0.3607 0.5494
v 0.1341 0.3166 0.5501
v 0.1219 0.4083 0.5546
v 0.1713 0.4106 0.5781
v 0.1072 0.3250 0.5322
v 0.1026 0.2760 0.5232
v 0.1217 0.2484 0.5232
v 0.0919 0.2428 0.5077
v 0.1105 0.3610 0.5385
v 0.0922 0.1930 0.4816
v 0.1729 0.3767 0.5863
v 0.1599 0.3404 0.5572
v 0.1878 0.4125 0.5926
v 0.2125 0.3986 0.6034
v 0.1497 0.3073 0.5489
v 0.1476 0.2749 0.5360
v 0.1590 0.2583 0.5435
v 0.0855 0.2841 0.5243
v 0.1785 0.4555 0.5677
v 0.2092 0.4407 0.5845
v 0.1619 0.3365 0.5959
v 0.1824 0.3343 0.6078
v 0.1691 0.3066 0.5962
v 0.2211 0.3520 0.6152
v 0.1577 0.2996 0.5771
v 0.0824 0.2364 0.4905
v 0.0754 0.2967 0.4999
v 0.1155 0.4035 0.5409
v 0.1137 0.3718 0.5327
v 0.1548 0.4543 0.5467
v 0.0996 0.4678 0.5312
v 0.2590 0.3605 0.6140
v 0.2418 0.3932 0.6066
v 0.0838 0.4305 0.5445
v 0.0969 0.4058 0.5545
v 0.0825 0.4134 0.5334
v 0.0880 0.3888 0.5319
v 0.1969 0.4693 0.5617
v 0.0866 0.3977 0.5184
v 0.0814 0.3819 0.5178
v 0.0826 0.3790 0.5338
v 0.0724 0.3887 0.5066
v 0.0746 0.4101 0.5086
v 0.0763 0.3901 0.5436
v 0.0864 0.3692 0.5496
v 0.0969 0.4058 0.5545
v 0.0766 0.3531 0.5240
v 0.0863 0.3185 0.5358
v 0.0855 0.2841 0.5243
v 0.0754 0.2967 0.4999
v 0.2579 0.3441 0.6362
v 0.2211 0.3520 0.6152
v 0.2052 0.3419 0.6488
v 0.2590 0.3605 0.6140
v 0.2107 0.3346 0.6547
v 0.1824 0.3343 0.6078
v 0.3233 0.1626 0.6541
v 0.2988 0.1124 0.7120
v 0.2878 0.1095 0.6857
v 0.3296 0.1555 0.7049
v 0.3116 0.1654 0.6252
v 0.2740 0.1524 0.5999
v 0.2964 0.2022 0.5685
v 0.2815 0.2371 0.5206
v 0.2181 0.1233 0.6311
v 0.2763 0.1028 0.7307
v 0.2573 0.1032 0.6971
v 0.3011 0.1237 0.7525
v 0.2394 0.1225 0.7826
v 0.3047 0.3247 0.5099
v 0.3188 0.2755 0.5678
v 0.3093 0.2593 0.5424
v 0.3233 0.1626 0.6541
v 0.3236 0.2585 0.6024
v 0.3320 0.1836 0.6827
v 0.3296 0.1555 0.7049
v 0.3411 0.2080 0.7049
v 0.3139 0.3295 0.5605
v 0.3300 0.2226 0.6849
v 0.2867 0.3164 0.4753
v 0.3015 0.3760 0.4951
v 0.2860 0.3789 0.4629
v 0.2764 0.3933 0.4383
v 0.3038 0.3539 0.5532
v 0.2996 0.3992 0.5306
v 0.3231 0.2592 0.6524
v 0.3116 0.1654 0.6252
v 0.2529 0.3299 0.4333
v 0.2632 0.3778 0.4261
v 0.2964 0.2022 0.5685
v 0.2670 0.3258 0.4515
v 0.2815 0.2371 0.5206
v 0.2674 0.4330 0.4326
v 0.2511 0.4102 0.3926
v 0.2477 0.3610 0.4003
v 0.2449 0.3761 0.3515
v 0.2390 0.3477 0.3567
v 0.2246 0.3201 0.3883
v 0.2319 0.3278 0.3709
v 0.3239 0.2083 0.7282
v 0.3204 0.1641 0.7424
v 0.2988 0.1124 0.7120
v 0.3011 0.1237 0.7525
v 0.3133 0.1463 0.7615
v 0.3164 0.1835 0.7626
v 0.3006 0.1723 0.7820
v 0.2382 0.2273 0.5089
v 0.2168 0.2764 0.4627
v 0.2500 0.2832 0.4657
v 0.2815 0.2371 0.5206
v 0.2740 0.1524 0.5999
v 0.2334 0.1751 0.5612
v 0.2181 0.1233 0.6311
v 0.2066 0.1507 0.5959
v 0.2065 0.2600 0.4805
v 0.1989 0.2110 0.5311
v 0.2110 0.2889 0.4559
v 0.2335 0.3074 0.4464
v 0.2178 0.3162 0.4351
v 0.2670 0.3258 0.4515
v 0.2529 0.3299 0.4333
v 0.2314 0.3430 0.4304
v 0.2867 0.3164 0.4753
v 0.2086 0.3235 0.4329
v 0.2632 0.3778 0.4261
v 0.1996 0.3090 0.4310
v 0.2100 0.2946 0.4313
v 0.2612 0.2929 0.6328
v 0.2107 0.3346 0.6547
v 0.2086 0.3166 0.6574
v 0.2747 0.3186 0.6292
v 0.2579 0.3441 0.6362
v 0.2935 0.2845 0.6276
v 0.1900 0.3206 0.6568
v 0.2052 0.3419 0.6488
v 0.2304 0.4884 0.5284
v 0.1760 0.4995 0.5085
v 0.1857 0.4768 0.5370
v 0.1548 0.4543 0.5467
v 0.0996 0.4678 0.5312
v 0.0941 0.5074 0.5016
v 0.1420 0.5076 0.4955
v 0.1706 0.5155 0.4861
v 0.0907 0.5255 0.4741
v 0.0709 0.5248 0.4743
v 0.1969 0.4693 0.5617
v 0.1785 0.4555 0.5677
v 0.2501 0.4390 0.5723
v 0.2092 0.4407 0.5845
v 0.2418 0.3932 0.6066
v 0.2762 0.3864 0.5911
v 0.2658 0.4566 0.5365
v 0.2590 0.3605 0.6140
v 0.2550 0.4872 0.5018
v 0.2835 0.4167 0.5597
v 0.0057 0.4372 0.6885
v 0.0064 0.4339 0.6905
v 0.0267 0.4432 0.6771
v 0.0049 0.4476 0.6882
v -0.0129 0.4596 0.6909
v 0.0121 0.4681 0.7049
v -0.0062 0.4716 0.6996
v -0.0148 0.4484 0.6898
v -0.0214 0.4528 0.6840
v 0.0560 0.4498 0.6133
v 0.0425 0.4460 0.6136
v 0.0435 0.4244 0.6334
v 0.0435 0.4244 0.6334
v 0.0425 0.4460 0.6136
v 0.0391 0.4340 0.6375
v 0.0588 0.4528 0.6339
v 0.0435 0.4244 0.6334
v 0.0391 0.4340 0.6375
v 0.0495 0.4597 0.6271
v 0.0761 0.4612 0.6087
v 0.0759 0.4782 0.6411
v 0.0776 0.4927 0.6020
v 0.0836 0.4695 0.6458
v 0.0761 0.4612 0.6087
v 0.0838 0.4302 0.6094
v 0.0714 0.4379 0.6167
v 0.0776 0.4927 0.6020
v 0.0603 0.4137 0.6156
v 0.0895 0.1295 0.3902
v 0.0597 0.1266 0.3993
v 0.0726 0.1163 0.3353
v 0.0991 0.1171 0.3240
v 0.0858 0.1056 0.2625
v 0.1157 0.1145 0.2999
v 0.1244 0.1053 0.2687
v 0.1458 0.1077 0.2641
v 0.1723 0.1621 0.3644
v 0.1159 0.1528 0.4153
v 0.1703 0.1901 0.4243
v 0.1565 0.1934 0.4499
v 0.1519 0.1448 0.2971
v 0.1875 0.1653 0.2967
v 0.1889 0.1585 0.2819
v 0.1846 0.1499 0.2492
v 0.1303 0.1266 0.2858
v 0.0667 0.1574 0.4498
v 0.0922 0.1930 0.4816
v 0.1479 0.2142 0.4860
v 0.1996 0.2503 0.4651
v 0.2078 0.2141 0.3990
v 0.1684 0.1362 0.2531
v 0.1465 0.1232 0.2600
v 0.1713 0.2621 0.5068
v 0.2065 0.2600 0.4805
v 0.1476 0.2749 0.5360
v 0.1217 0.2484 0.5232
v 0.0515 0.1590 0.4534
v -0.0059 0.1362 0.4119
v 0.0300 0.1284 0.3985
v -0.0056 0.1069 0.3638
v 0.0137 0.1170 0.3607
v 0.0358 0.1267 0.3638
v 0.0362 0.1240 0.3073
v 0.0528 0.1288 0.3425
v -0.0036 0.1107 0.2845
v -0.0407 0.0781 0.3003
v -0.0341 0.0839 0.3276
v -0.0543 0.1050 0.3674
v -0.0681 0.0660 0.3241
v -0.0747 0.1002 0.3657
v -0.0531 0.1405 0.4165
v -0.0369 0.1442 0.4011
v -0.0515 0.0614 0.2963
v 0.0257 0.1292 0.2724
v 0.0048 0.1160 0.2629
v 0.0302 0.1204 0.2504
v -0.0033 0.1032 0.2449
v -0.0284 0.0999 0.2591
v -0.0447 0.0934 0.2772
v 0.0145 0.2496 0.4304
v 0.0165 0.2013 0.4530
v 0.0227 0.2450 0.4499
v 0.0262 0.2341 0.4678
v 0.0214 0.2679 0.4559
v 0.0146 0.2928 0.4436
v 0.0263 0.2838 0.4672
v 0.0244 0.3184 0.4704
v 0.0132 0.2045 0.4062
v 0.0126 0.2357 0.4076
v 0.0252 0.3294 0.4901
v 0.0104 0.1798 0.4497
v -0.0075 0.1518 0.4232
v 0.0310 0.2041 0.4733
v -0.0138 0.1982 0.3699
v 0.0367 0.2257 0.4787
v 0.0324 0.2689 0.4871
v -0.0187 0.1629 0.3954
v -0.0235 0.1745 0.3807
v -0.0238 0.1981 0.3621
v -0.0369 0.1442 0.4011
v 0.0348 0.2842 0.4678
v 0.0252 0.3294 0.4901
v 0.0263 0.2838 0.4672
v 0.0306 0.2302 0.4424
v 0.0227 0.2450 0.4499
v 0.0341 0.2300 0.4527
v 0.0372 0.2286 0.4636
v 0.0397 0.2236 0.4586
v 0.0318 0.2412 0.4191
v 0.0262 0.2341 0.4678
v 0.0314 0.2687 0.4442
v 0.0214 0.2679 0.4559
v 0.0263 0.2838 0.4672
v 0.0424 0.2289 0.4476
v 0.0411 0.2434 0.4322
v 0.0306 0.2302 0.4424
v 0.0318 0.2412 0.4191
v 0.0341 0.2300 0.4527
v 0.0397 0.2236 0.4586
v 0.0411 0.2434 0.4322
v 0.0424 0.2289 0.4476
v 0.0471 0.2281 0.4390
v 0.0394 0.2736 0.4606
v 0.0262 0.2341 0.4678
v 0.0348 0.2842 0.4678
v 0.0252 0.3294 0.4901
v 0.0379 0.3033 0.4656
v 0.0372 0.2286 0.4636
v 0.0424 0.2289 0.4476
v 0.0471 0.2281 0.4390
v 0.0397 0.2236 0.4586
v 0.0411 0.2434 0.4322
v 0.0348 0.2842 0.4678
v 0.0263 0.2838 0.4672
v 0.0379 0.3033 0.4656
v 0.0825 0.4134 0.5334
v 0.0838 0.4305 0.5445
v 0.0704 0.4031 0.5642
v 0.0763 0.3901 0.5436
v 0.0814 0.3819 0.5178
v 0.0779 0.4572 0.5661
v 0.0894 0.5000 0.5351
v 0.0781 0.4981 0.5485
v 0.0826 0.3790 0.5338
v 0.0996 0.4678 0.5312
v 0.0941 0.5074 0.5016
v 0.0600 0.4154 0.5719
v 0.0538 0.3739 0.5390
v 0.0338 0.3601 0.5629
v 0.0249 0.3552 0.5493
v 0.0360 0.3373 0.5125
v 0.0195 0.3600 0.5192
v 0.0209 0.3642 0.5220
v 0.0018 0.3618 0.5296
v 0.0314 0.2687 0.4442
v 0.0411 0.2434 0.4322
v 0.0394 0.2736 0.4606
v 0.0318 0.2412 0.4191
v 0.0263 0.2838 0.4672
v 0.0379 0.3033 0.4656
v 0.0263 0.2838 0.4672
v 0.0394 0.2736 0.4606
v 0.0625 0.3960 0.5015
v 0.0633 0.4033 0.5126
v 0.0695 0.4082 0.5192
v 0.0724 0.3887 0.5066
v 0.0627 0.4076 0.5138
v 0.0814 0.3819 0.5178
v 0.0825 0.4134 0.5334
v 0.0601 0.3909 0.4983
v 0.0665 0.4167 0.5151
v 0.0701 0.4193 0.5160
v 0.0880 0.3888 0.5319
v 0.0826 0.3790 0.5338
v 0.0763 0.3901 0.5436
v 0.0969 0.4058 0.5545
v 0.0746 0.4101 0.5086
v 0.0825 0.4134 0.5334
v 0.0695 0.4082 0.5192
v 0.0746 0.4101 0.5086
v 0.0696 0.4131 0.5016
v 0.0721 0.4116 0.4896
v 0.0812 0.4104 0.4841
v 0.0827 0.4051 0.4944
v 0.0879 0.4009 0.5073
v 0.0866 0.3977 0.5184
v 0.0701 0.4193 0.5160
v 0.0695 0.4082 0.5192
v 0.0827 0.4051 0.4944
v 0.0668 0.4019 0.4899
v 0.0724 0.3887 0.5066
v 0.0601 0.3909 0.4983
v 0.0879 0.4009 0.5073
v 0.0866 0.3977 0.5184
v 0.0721 0.4116 0.4896
v 0.0812 0.4104 0.4841
v 0.0625 0.3960 0.5015
v 0.0721 0.4116 0.4896
v 0.0627 0.4076 0.5138
v 0.0696 0.4131 0.5016
v 0.0665 0.4167 0.5151
v 0.0668 0.4019 0.4899
v 0.0601 0.3909 0.4983
v 0.0701 0.4193 0.5160
v 0.0673 0.4121 0.4772
v 0.0624 0.3936 0.4814
v 0.0686 0.4081 0.4724
v 0.0732 0.4101 0.4673
v 0.0686 0.4081 0.4724
v 0.0734 0.4037 0.4666
v 0.0742 0.4081 0.4661
v 0.0836 0.4082 0.4594
v 0.0732 0.4101 0.4673
v 0.0673 0.4121 0.4772
v 0.0732 0.4101 0.4673
v 0.0624 0.3936 0.4814
v 0.0673 0.4121 0.4772
v 0.0732 0.4101 0.4673
v 0.0836 0.4082 0.4594
v 0.0734 0.4037 0.4666
v 0.0686 0.4081 0.4724
v 0.1873 0.2549 0.4602
v 0.1883 0.2492 0.4414
v 0.1668 0.2680 0.4494
v 0.1586 0.2563 0.4285
v 0.1739 0.2709 0.4589
v 0.1917 0.2658 0.4659
v 0.2127 0.3061 0.3978
v 0.1891 0.2741 0.4091
v 0.1974 0.2806 0.3942
v 0.2086 0.3235 0.4329
v 0.2312 0.3454 0.4142
v 0.2477 0.3610 0.4003
v 0.2246 0.3201 0.3883
v 0.1996 0.3090 0.4310
v 0.2086 0.2971 0.3662
v 0.2033 0.2835 0.3677
v 0.1925 0.2938 0.4467
v 0.1857 0.2764 0.4295
v 0.1769 0.2655 0.4227
v 0.1850 0.2652 0.3998
v 0.1706 0.2535 0.4059
v 0.2632 0.3778 0.4261
v 0.2314 0.3430 0.4304
v 0.1586 0.2563 0.4285
v 0.1887 0.2738 0.4070
v 0.1900 0.2721 0.3836
v 0.1780 0.2678 0.4379
v 0.1668 0.2680 0.4494
v 0.2160 0.3006 0.3719
v 0.2163 0.3034 0.3644
v 0.2189 0.3068 0.3905
v 0.1739 0.2709 0.4589
v 0.1795 0.2762 0.4533
v 0.1932 0.2747 0.4039
v 0.1928 0.2754 0.4144
v 0.1887 0.2738 0.4070
v 0.1900 0.2721 0.3836
v 0.1891 0.2741 0.4091
v 0.1974 0.2806 0.3942
v 0.1930 0.2768 0.3708
v 0.1994 0.2817 0.3663
v 0.1950 0.2773 0.3645
v 0.2025 0.2910 0.3597
v 0.2038 0.2862 0.3504
v 0.2081 0.2969 0.3528
v 0.2086 0.2971 0.3662
v 0.2125 0.2997 0.3637
v 0.2033 0.2835 0.3677
v 0.2104 0.2956 0.3465
v 0.1706 0.2535 0.4059
v 0.1885 0.2575 0.4224
v 0.1911 0.2618 0.4085
v 0.1850 0.2652 0.3998
v 0.1586 0.2563 0.4285
v 0.1883 0.2492 0.4414
v 0.1884 0.2647 0.3956
v 0.1900 0.2721 0.3836
v 0.1885 0.2575 0.4224
v 0.1850 0.2554 0.4410
v 0.1769 0.2655 0.4227
v 0.1911 0.2618 0.4085
v 0.1883 0.2492 0.4414
v 0.1873 0.2549 0.4602
v 0.1780 0.2678 0.4379
v 0.1909 0.2668 0.4520
v 0.1925 0.2938 0.4467
v 0.2024 0.2752 0.4516
v 0.1790 0.2984 0.4567
v 0.2100 0.2946 0.4313
v 0.1996 0.3090 0.4310
v 0.1795 0.2762 0.4533
v 0.1917 0.2658 0.4659
v 0.1739 0.2709 0.4589
v 0.1790 0.2984 0.4567
v 0.1795 0.2762 0.4533
v 0.1785 0.2933 0.4648
v 0.1917 0.2658 0.4659
v 0.1909 0.2668 0.4520
v 0.1850 0.2554 0.4410
v 0.1873 0.2549 0.4602
v 0.2024 0.2752 0.4516
v 0.1857 0.2764 0.4295
v 0.1780 0.2678 0.4379
v 0.1932 0.2028 0.2602
v 0.2012 0.2191 0.2637
v 0.1946 0.2103 0.3251
v 0.2086 0.2227 0.2403
v 0.1875 0.1653 0.2967
v 0.1854 0.1973 0.3771
v 0.1723 0.1621 0.3644
v 0.1703 0.1901 0.4243
v 0.2149 0.2460 0.2225
v 0.2111 0.2299 0.2161
v 0.2179 0.2462 0.1926
v 0.2206 0.2654 0.1907
v 0.2205 0.2144 0.1889
v 0.2061 0.1904 0.2487
v 0.1889 0.1585 0.2819
v 0.2087 0.1887 0.2170
v 0.1911 0.1692 0.2437
v 0.1846 0.1499 0.2492
v 0.1920 0.1642 0.2309
v 0.1981 0.1813 0.2293
v 0.2340 0.2618 0.2349
v 0.2319 0.2405 0.2739
v 0.2078 0.2141 0.3990
v 0.2100 0.2131 0.3356
v 0.2319 0.2493 0.3215
v 0.2147 0.2504 0.3921
v 0.2090 0.2548 0.4071
v 0.1996 0.2503 0.4651
v 0.2065 0.2600 0.4805
v 0.2168 0.2764 0.4627
v 0.2300 0.2760 0.4192
v 0.2361 0.2901 0.3941
v 0.2077 0.2660 0.3817
v 0.2252 0.3070 0.2828
v 0.2116 0.2700 0.3025
v 0.2452 0.3202 0.3540
v 0.1626 0.2751 0.4328
v 0.1617 0.2745 0.4328
v 0.1629 0.2751 0.4328
v 0.1641 0.2760 0.4328
v 0.1645 0.2792 0.4469
v 0.1697 0.2793 0.4328
v 0.1743 0.2835 0.4564
v 0.1629 0.2782 0.4443
v 0.1641 0.2760 0.4328
v 0.1626 0.2751 0.4328
v 0.1617 0.2745 0.4328
v 0.1817 0.2935 0.4417
v 0.1785 0.2933 0.4648
v 0.1653 0.2896 0.4661
v 0.1528 0.2879 0.4620
v 0.1624 0.2897 0.4660
v 0.1653 0.2900 0.4671
v 0.1687 0.2904 0.4683
v 0.1742 0.2902 0.4697
v 0.1857 0.2764 0.4295
v 0.1925 0.2938 0.4467
v 0.1790 0.2984 0.4567
v 0.1641 0.2760 0.4328
v 0.1694 0.2780 0.4353
v 0.1697 0.2793 0.4328
v 0.1795 0.2762 0.4533
v 0.1629 0.2751 0.4328
v 0.1629 0.2782 0.4443
v 0.1617 0.2745 0.4328
v 0.1743 0.2835 0.4564
v 0.1785 0.2933 0.4648
v 0.1528 0.2879 0.4620
v 0.1624 0.2897 0.4660
v 0.0864 0.3692 0.5496
v 0.1072 0.3250 0.5322
v 0.1105 0.3610 0.5385
v 0.0863 0.3185 0.5358
v 0.0855 0.2841 0.5243
v 0.1137 0.3718 0.5327
v 0.1155 0.4035 0.5409
v 0.0969 0.4058 0.5545
v 0.1219 0.4083 0.5546
v 0.0969 0.4058 0.5545
v 0.1155 0.4035 0.5409
v 0.1624 0.2897 0.4660
v 0.1650 0.2901 0.4669
v 0.1619 0.2899 0.4657
v 0.1653 0.2900 0.4671
v 0.1687 0.2904 0.4683
v 0.1653 0.2896 0.4661
v 0.1650 0.2901 0.4669
v 0.1693 0.2898 0.4675
v 0.1619 0.2899 0.4657
v 0.1687 0.2904 0.4683
v 0.1742 0.2902 0.4697
v 0.1743 0.2835 0.4564
v 0.1742 0.2902 0.4697
v 0.1653 0.2896 0.4661
v 0.1717 0.2918 0.4701
v 0.1619 0.2899 0.4657
v 0.1743 0.2835 0.4564
v 0.1624 0.2897 0.4660
v 0.1742 0.2902 0.4697
v 0.1717 0.2918 0.4701
v 0.1693 0.2898 0.4675
v 0.1653 0.2896 0.4661
v 0.1817 0.2935 0.4417
v 0.1790 0.2984 0.4567
v 0.1785 0.2933 0.4648
v 0.2267 0.4357 0.3609
v 0.2360 0.3492 0.3035
v 0.2204 0.3746 0.2806
v 0.2449 0.3761 0.3515
v 0.2511 0.4102 0.3926
v 0.1961 0.4245 0.2921
v 0.2313 0.4493 0.4037
v 0.1848 0.4105 0.2604
v 0.1930 0.3672 0.2294
v 0.2062 0.4854 0.4003
v 0.2172 0.4812 0.4309
v 0.2073 0.3243 0.2357
v 0.1670 0.3193 0.1733
v 0.1479 0.3770 0.1893
v 0.1483 0.3292 0.1528
v 0.1151 0.3523 0.1388
v 0.1939 0.5075 0.4296
v 0.2514 0.4564 0.4208
v 0.2674 0.4330 0.4326
v 0.2727 0.4636 0.4766
v 0.2420 0.4898 0.4449
v 0.3015 0.3760 0.4951
v 0.2764 0.3933 0.4383
v 0.2996 0.3992 0.5306
v 0.2550 0.4872 0.5018
v 0.2252 0.3070 0.2828
v 0.2040 0.4988 0.4673
v 0.2452 0.3202 0.3540
v 0.1778 0.2984 0.1993
v 0.2023 0.2743 0.2732
v 0.1882 0.2922 0.2318
v 0.1959 0.2796 0.2433
v 0.2116 0.2700 0.3025
v 0.1780 0.2678 0.4379
v 0.1697 0.2793 0.4328
v 0.1795 0.2762 0.4533
v 0.1857 0.2764 0.4295
v 0.1697 0.2793 0.4328
v 0.1780 0.2678 0.4379
v 0.1928 0.2751 0.4093
v 0.2106 0.2774 0.4097
v 0.1932 0.2747 0.4039
v 0.1928 0.2754 0.4144
v 0.1891 0.2741 0.4091
v 0.1978 0.2766 0.3713
v 0.2024 0.2752 0.4516
v 0.1930 0.2768 0.3708
v 0.1950 0.2773 0.3645
v 0.1857 0.2764 0.4295
v 0.2038 0.2862 0.3504
v 0.1891 0.2741 0.4091
v 0.1932 0.2747 0.4039
v 0.1974 0.2806 0.3942
v 0.2189 0.3068 0.3905
v 0.2139 0.2888 0.3862
v 0.2161 0.2849 0.4046
v 0.2160 0.3006 0.3719
v 0.2163 0.3034 0.3644
v 0.2123 0.2920 0.3702
v 0.2126 0.2820 0.4122
v 0.2100 0.2946 0.4313
v 0.2106 0.2774 0.4097
v 0.2024 0.2752 0.4516
v 0.2086 0.2971 0.3662
v 0.2106 0.2934 0.3608
v 0.2125 0.2997 0.3637
v 0.2104 0.2956 0.3465
v 0.2178 0.3162 0.4351
v 0.2110 0.2889 0.4559
v 0.2100 0.2946 0.4313
v 0.2168 0.2764 0.4627
v 0.2319 0.3278 0.3709
v 0.2246 0.3201 0.3883
v 0.2391 0.3148 0.3826
v 0.2390 0.3477 0.3567
v 0.2189 0.3068 0.3905
v 0.2127 0.3061 0.3978
v 0.2100 0.2946 0.4313
v 0.2276 0.3007 0.4097
v 0.2168 0.2764 0.4627
v 0.2391 0.3148 0.3826
v 0.2276 0.3007 0.4097
v 0.2361 0.2901 0.3941
v 0.2300 0.2760 0.4192
v 0.2168 0.2764 0.4627
v 0.2452 0.3202 0.3540
v 0.2390 0.3477 0.3567
v 0.2449 0.3761 0.3515
v -0.1424 0.5489 0.5481
v -0.1095 0.5549 0.5149
v -0.1187 0.5446 0.5362
v -0.0859 0.5457 0.5052
v -0.0839 0.5603 0.4952
v -0.1311 0.5414 0.5657
v -0.1495 0.5204 0.5997
v -0.1502 0.5235 0.7179
v -0.1486 0.5340 0.7450
v -0.1617 0.5268 0.6981
v -0.1620 0.5124 0.6496
v -0.1669 0.5234 0.6275
v -0.1495 0.5204 0.5997
v -0.1604 0.5364 0.5881
v -0.1424 0.5489 0.5481
v -0.0280 0.4787 0.7288
v -0.0898 0.5304 0.7003
v -0.0485 0.4748 0.7122
v -0.0840 0.4890 0.6859
v -0.0646 0.4574 0.6858
v -0.0565 0.5269 0.7199
v -0.0222 0.4907 0.7303
v -0.0083 0.5131 0.7333
v -0.0938 0.5395 0.6904
v -0.0319 0.4547 0.6980
v -0.0646 0.4574 0.6858
v -0.0575 0.4555 0.7155
v -0.0153 0.5266 0.7190
v -0.0179 0.4890 0.7167
v -0.0392 0.5252 0.7078
v -0.0153 0.5266 0.7190
v -0.0222 0.4907 0.7303
v -0.0179 0.4890 0.7167
v -0.0083 0.5131 0.7333
v -0.0222 0.4907 0.7303
v -0.0153 0.5266 0.7190
v -0.0292 0.5304 0.6988
v -0.0153 0.5266 0.7190
v -0.0392 0.5252 0.7078
v -0.1416 0.6590 0.6215
v -0.1522 0.6199 0.6406
v -0.1353 0.6809 0.6822
v -0.1444 0.6347 0.7076
v -0.1253 0.7007 0.6465
v -0.1535 0.5489 0.6735
v -0.1420 0.5660 0.5763
v -0.1340 0.6457 0.5851
v -0.1242 0.6846 0.6004
v -0.1669 0.5234 0.6275
v -0.1617 0.5268 0.6981
v -0.1362 0.5588 0.7351
v -0.1486 0.5340 0.7450
v -0.1247 0.6641 0.7342
v -0.1604 0.5364 0.5881
v -0.1424 0.5489 0.5481
v -0.1094 0.6202 0.7721
v -0.1048 0.7215 0.6748
v -0.0947 0.7127 0.7226
v -0.1035 0.6899 0.7419
v -0.0921 0.6666 0.7698
v -0.1022 0.7136 0.6029
v -0.1112 0.6655 0.5594
v -0.1195 0.5742 0.5412
v -0.1013 0.5580 0.7799
v -0.0752 0.7039 0.5574
v -0.0665 0.7436 0.6492
v -0.0535 0.7295 0.5791
v -0.1347 0.5898 0.6120
v -0.1369 0.5736 0.6321
v -0.1348 0.5696 0.6074
v -0.1349 0.5366 0.6051
v -0.1367 0.5210 0.6386
v -0.1373 0.6141 0.6359
v -0.1351 0.5981 0.6640
v -0.1324 0.5693 0.6797
v -0.1387 0.5320 0.7143
v -0.1306 0.6222 0.6818
v -0.1149 0.6233 0.7439
v -0.1228 0.5866 0.7226
v -0.1247 0.5541 0.7312
v -0.1334 0.6185 0.6202
v -0.1323 0.6353 0.6343
v -0.1303 0.6091 0.6041
v -0.1294 0.6183 0.6050
v -0.1265 0.6331 0.6063
v -0.1299 0.5662 0.5940
v -0.1276 0.5615 0.5875
v -0.1257 0.5919 0.5872
v -0.1275 0.6157 0.6000
v -0.1214 0.5802 0.5763
v -0.1209 0.5716 0.5732
v -0.1311 0.5414 0.5657
v -0.1251 0.5432 0.5883
v -0.1210 0.6249 0.6549
v -0.1187 0.5446 0.5362
v -0.1076 0.5749 0.5553
v -0.1149 0.5838 0.5696
v -0.1167 0.5796 0.5728
v -0.0196 0.5969 0.7783
v 0.0366 0.5746 0.7659
v 0.0232 0.6110 0.7711
v -0.0145 0.5519 0.7704
v 0.0502 0.5444 0.7462
v -0.0007 0.5334 0.7601
v 0.0373 0.6152 0.7635
v 0.0539 0.5875 0.7534
v -0.0621 0.5931 0.7693
v -0.0662 0.5479 0.7501
v -0.0258 0.5291 0.7549
v 0.0576 0.6183 0.7476
v 0.0645 0.5631 0.7447
v 0.0299 0.6246 0.7648
v 0.0397 0.6327 0.7543
v 0.0645 0.6438 0.7509
v 0.0504 0.6446 0.7632
v 0.0322 0.6577 0.7698
v 0.0036 0.6577 0.7746
v 0.0015 0.6618 0.7763
v -0.0318 0.6552 0.7806
v -0.0487 0.6500 0.7787
v -0.0370 0.6248 0.7674
v -0.0418 0.4937 0.7744
v 0.0084 0.4931 0.7713
v 0.0093 0.5292 0.7481
v -0.0007 0.5334 0.7601
v 0.0084 0.4931 0.7713
v -0.0277 0.5416 0.7226
v -0.0267 0.5424 0.7062
v -0.0312 0.5528 0.7101
v -0.0249 0.5371 0.6975
v -0.0345 0.5462 0.7247
v -0.0292 0.5304 0.6988
v -0.0179 0.4890 0.7167
v 0.0049 0.5241 0.7146
v -0.0392 0.5252 0.7078
v 0.0068 0.4998 0.7137
v -0.0007 0.5347 0.7202
v -0.0267 0.5424 0.7062
v 0.0050 0.5401 0.7116
v 0.0057 0.5435 0.7112
v -0.0007 0.5347 0.7202
v 0.0061 0.5464 0.7110
v 0.0049 0.5241 0.7146
v -0.0292 0.5304 0.6988
v -0.0267 0.5424 0.7062
v -0.0249 0.5371 0.6975
v -0.0392 0.5252 0.7078
v -0.0267 0.5424 0.7062
v -0.0149 0.5382 0.7320
v -0.0345 0.5462 0.7247
v -0.0007 0.5347 0.7202
v -0.0312 0.5528 0.7101
v -0.0670 0.6270 0.7517
v -0.1075 0.6302 0.7493
v -0.0853 0.6275 0.7302
v -0.0882 0.6287 0.7671
v -0.1149 0.6233 0.7439
v -0.1076 0.6248 0.7010
v -0.1306 0.6222 0.6818
v -0.1143 0.6284 0.6773
v -0.1210 0.6249 0.6549
v -0.0736 0.6399 0.7741
v -0.0503 0.6304 0.7573
v -0.0487 0.6500 0.7787
v -0.0370 0.6248 0.7674
v -0.0121 0.7500 0.6500
v -0.0287 0.7385 0.7152
v 0.0123 0.7430 0.6874
v -0.0665 0.7436 0.6492
v -0.0619 0.7310 0.7176
v -0.0069 0.7454 0.6101
v 0.0264 0.7423 0.6315
v 0.0298 0.7286 0.7161
v -0.0535 0.7295 0.5791
v -0.1048 0.7215 0.6748
v -0.0947 0.7127 0.7226
v -0.0086 0.7089 0.7651
v 0.0648 0.7223 0.6655
v 0.0306 0.7267 0.5793
v 0.0444 0.7034 0.7487
v 0.0773 0.7053 0.6978
v -0.1155 0.5081 0.3028
v -0.0578 0.5271 0.3831
v -0.0567 0.5157 0.3360
v -0.1212 0.5191 0.3440
v -0.0452 0.4892 0.2553
v -0.0959 0.5371 0.4050
v -0.0612 0.5364 0.4527
v -0.0369 0.5261 0.4107
v -0.0944 0.4986 0.2432
v -0.0554 0.4824 0.2210
v -0.0151 0.5453 0.4640
v -0.1661 0.5019 0.3216
v -0.0267 0.5123 0.3088
v -0.0229 0.5177 0.3662
v -0.1589 0.4797 0.2408
v -0.1523 0.5132 0.3608
v -0.1933 0.5248 0.4097
v -0.2232 0.5040 0.3490
v -0.1288 0.5195 0.4089
v -0.0541 0.5374 0.4760
v -0.0187 0.4995 0.2444
v 0.0082 0.5187 0.2768
v 0.0178 0.5320 0.3095
v 0.0185 0.5401 0.3514
v 0.0466 0.5387 0.3737
v 0.0257 0.5469 0.4691
v -0.0043 0.5379 0.4278
v 0.0508 0.5395 0.4815
v -0.1137 0.5221 0.4508
v -0.1426 0.5082 0.4428
v -0.1501 0.5093 0.4675
v -0.0166 0.5204 0.3921
v -0.1727 0.4915 0.4652
v -0.1975 0.5064 0.4453
v -0.0261 0.5091 0.3798
v 0.0049 0.4878 0.3506
v -0.0226 0.5052 0.3724
v 0.0429 0.4741 0.3438
v -0.0107 0.5093 0.3934
v 0.0238 0.5003 0.3997
v 0.0182 0.4744 0.3241
v 0.0305 0.4711 0.3265
v -0.0208 0.5079 0.3808
v -0.0261 0.5091 0.3798
v -0.0025 0.5178 0.4144
v -0.0165 0.5138 0.3987
v -0.0369 0.5261 0.4107
v -0.0151 0.5453 0.4640
v -0.0108 0.4941 0.3435
v -0.0196 0.5007 0.3509
v -0.0567 0.5157 0.3360
v 0.0311 0.4709 0.3185
v 0.0440 0.4658 0.3223
v 0.0540 0.4714 0.3315
v -0.0208 0.5021 0.3423
v 0.0440 0.4658 0.3223
v 0.0429 0.4741 0.3438
v 0.0563 0.4748 0.3424
v 0.0530 0.4821 0.3575
v 0.0439 0.4846 0.3661
v 0.0348 0.4977 0.3945
v 0.0238 0.5003 0.3997
v 0.0558 0.4939 0.3885
v 0.0552 0.4891 0.3788
v 0.0554 0.4876 0.3727
v -0.0166 0.5204 0.3921
v -0.0208 0.5079 0.3808
v -0.0261 0.5091 0.3798
v -0.1155 0.5519 0.5868
v -0.1040 0.5173 0.5918
v -0.1251 0.5432 0.5883
v -0.1276 0.5615 0.5875
v -0.1189 0.5240 0.5876
v -0.1056 0.4880 0.6039
v -0.1199 0.5060 0.6078
v -0.1217 0.5158 0.6316
v -0.1061 0.5289 0.6379
v -0.1187 0.5442 0.6172
v -0.1048 0.4986 0.6315
v -0.1155 0.5519 0.5868
v -0.1299 0.5662 0.5940
v -0.1233 0.5972 0.6029
v -0.1276 0.5615 0.5875
v -0.1299 0.5662 0.5940
v -0.1155 0.5519 0.5868
v -0.1233 0.5972 0.6029
v -0.1299 0.5662 0.5940
v -0.1251 0.5432 0.5883
v -0.0134 0.5893 0.4917
v -0.0627 0.5840 0.5002
v -0.0528 0.6603 0.5159
v 0.0017 0.6317 0.5039
v 0.0161 0.6871 0.5324
v 0.0197 0.5909 0.4975
v 0.0295 0.6516 0.5189
v -0.0195 0.7178 0.5551
v 0.0334 0.5615 0.4779
v -0.0752 0.7039 0.5574
v -0.0580 0.5628 0.4806
v -0.0077 0.5649 0.4700
v -0.0151 0.5453 0.4640
v 0.0257 0.5469 0.4691
v -0.0541 0.5374 0.4760
v -0.0535 0.7295 0.5791
v -0.0940 0.6529 0.5356
v -0.0856 0.5794 0.5116
v -0.0839 0.5603 0.4952
v -0.0726 0.5243 0.4850
v -0.1112 0.6655 0.5594
v -0.1095 0.5549 0.5149
v -0.1195 0.5742 0.5412
v -0.1424 0.5489 0.5481
v -0.0989 0.4991 0.5090
v -0.1340 0.6457 0.5851
v 0.0306 0.7267 0.5793
v 0.0620 0.5839 0.5144
v 0.0514 0.7058 0.5658
v 0.0682 0.5611 0.4974
v 0.0721 0.6597 0.5497
v 0.0508 0.5395 0.4815
v -0.0069 0.7454 0.6101
v -0.1014 0.5179 0.5152
v -0.1420 0.5660 0.5763
v -0.1098 0.4784 0.5321
v -0.1014 0.4650 0.5127
v 0.0135 0.5595 0.5166
v -0.0175 0.5440 0.5051
v -0.0370 0.5520 0.5150
v -0.0388 0.5338 0.4968
v 0.0025 0.5429 0.4987
v -0.0702 0.5223 0.5141
v -0.0796 0.5297 0.5338
v -0.0922 0.5242 0.5148
v 0.0501 0.5501 0.5296
v 0.0563 0.5302 0.5186
v 0.0709 0.5370 0.5549
v 0.0135 0.5595 0.5166
v -0.0370 0.5520 0.5150
v -0.0175 0.5839 0.5120
v 0.0065 0.5822 0.5124
v -0.0269 0.5854 0.5126
v -0.0389 0.5842 0.5138
v -0.0523 0.5802 0.5186
v -0.0768 0.5736 0.5280
v -0.0796 0.5297 0.5338
v 0.0162 0.5785 0.5085
v 0.0311 0.5763 0.5194
v 0.0501 0.5501 0.5296
v 0.0510 0.5787 0.5249
v 0.0065 0.5822 0.5124
v -0.0158 0.5802 0.5095
v 0.0162 0.5785 0.5085
v 0.0120 0.5587 0.4863
v -0.0319 0.5589 0.4868
v -0.0269 0.5854 0.5126
v -0.0175 0.5839 0.5120
v -0.0494 0.5752 0.5098
v -0.0389 0.5842 0.5138
v 0.0510 0.5787 0.5249
v 0.0406 0.5485 0.4887
v 0.0725 0.5571 0.5153
v 0.0773 0.5786 0.5513
v -0.0095 0.5497 0.4825
v -0.0800 0.5559 0.5072
v -0.0768 0.5736 0.5280
v -0.0523 0.5802 0.5186
v -0.0964 0.5700 0.5437
v -0.1187 0.5446 0.5362
v -0.1076 0.5749 0.5553
v -0.0859 0.5457 0.5052
v 0.0922 0.5581 0.5482
v 0.0878 0.5774 0.5682
v 0.0952 0.5772 0.5776
v 0.1201 0.5461 0.5768
v -0.0319 0.5589 0.4868
v -0.0592 0.5352 0.4951
v -0.0393 0.5429 0.4865
v -0.0800 0.5559 0.5072
v -0.0922 0.5242 0.5148
v -0.0254 0.5456 0.4858
v -0.0095 0.5497 0.4825
v 0.0406 0.5485 0.4887
v -0.0095 0.5497 0.4825
v 0.0025 0.5429 0.4987
v 0.0563 0.5302 0.5186
v 0.0647 0.5364 0.5052
v -0.0254 0.5456 0.4858
v -0.0388 0.5338 0.4968
v -0.0393 0.5429 0.4865
v -0.0592 0.5352 0.4951
v -0.0702 0.5223 0.5141
v -0.0922 0.5242 0.5148
v 0.0894 0.5000 0.5351
v 0.0781 0.4981 0.5485
v 0.0941 0.5074 0.5016
v -0.1233 0.5972 0.6029
v -0.1259 0.6075 0.6132
v -0.1229 0.6030 0.6036
v -0.1251 0.5432 0.5883
v -0.1195 0.6070 0.5936
v -0.1195 0.6282 0.6084
v -0.1174 0.6277 0.5977
v -0.1214 0.5802 0.5763
v -0.1203 0.6299 0.6386
v -0.1264 0.6087 0.6361
v -0.1210 0.6249 0.6549
v -0.1170 0.5739 0.5740
v -0.1373 0.6141 0.6359
v -0.1203 0.6299 0.6386
v -0.1210 0.6249 0.6549
v -0.1351 0.5981 0.6640
v -0.1323 0.6353 0.6343
v -0.1195 0.6282 0.6084
v -0.1203 0.6299 0.6386
v -0.1265 0.6331 0.6063
v -0.1174 0.6277 0.5977
v -0.1323 0.6353 0.6343
v -0.1275 0.6157 0.6000
v -0.1257 0.5919 0.5872
v -0.1195 0.6070 0.5936
v -0.1214 0.5802 0.5763
v -0.1174 0.6277 0.5977
v -0.1265 0.6331 0.6063
v -0.0083 0.5131 0.7333
v -0.0134 0.4928 0.7357
v -0.0279 0.5214 0.7408
v -0.0413 0.4917 0.7544
v 0.0024 0.4858 0.7379
v -0.0038 0.5260 0.7312
v -0.0179 0.4890 0.7167
v -0.0083 0.5131 0.7333
v -0.0029 0.5223 0.7167
v -0.0056 0.4988 0.7310
v -0.0083 0.5131 0.7333
v -0.0179 0.4890 0.7167
v -0.0029 0.5223 0.7167
v -0.0083 0.5131 0.7333
v -0.0153 0.5266 0.7190
v -0.0277 0.5416 0.7226
v -0.0149 0.5382 0.7320
v -0.0153 0.5266 0.7190
v -0.0292 0.5304 0.6988
v -0.0345 0.5462 0.7247
v -0.0029 0.5223 0.7167
v 0.0068 0.4998 0.7137
v -0.0029 0.5223 0.7167
v 0.0049 0.5241 0.7146
v -0.0179 0.4890 0.7167
v 0.0050 0.5401 0.7116
v 0.0050 0.5401 0.7116
v 0.0046 0.5384 0.7085
v 0.0056 0.5436 0.7112
v -0.0029 0.5223 0.7167
v 0.0050 0.5401 0.7116
v 0.0056 0.5436 0.7112
v 0.0057 0.5435 0.7112
v 0.0061 0.5464 0.7110
v -0.0007 0.5347 0.7202
v 0.0046 0.5384 0.7085
v -0.0029 0.5223 0.7167
v 0.0056 0.5436 0.7112
v 0.0061 0.5464 0.7110
v -0.0149 0.5382 0.7320
v 0.0870 0.6263 0.6975
v 0.0648 0.6356 0.7314
v 0.0815 0.6153 0.7173
v 0.0576 0.6183 0.7476
v 0.0820 0.5978 0.7197
v 0.0645 0.5631 0.7447
v 0.0539 0.5875 0.7534
v 0.0872 0.6037 0.7075
v 0.0809 0.6562 0.7190
v 0.0881 0.6525 0.7029
v 0.0814 0.6660 0.7100
v 0.0901 0.5795 0.7009
v 0.0645 0.6438 0.7509
v 0.0939 0.6396 0.6969
v 0.0858 0.5997 0.7183
v 0.0889 0.6275 0.7162
v 0.0815 0.6153 0.7173
v 0.0820 0.5978 0.7197
v 0.0915 0.6006 0.7116
v 0.0872 0.6037 0.7075
v 0.0815 0.6153 0.7173
v 0.0809 0.6562 0.7190
v 0.0827 0.6390 0.7246
v 0.0645 0.6438 0.7509
v 0.0814 0.6660 0.7100
v 0.0881 0.6525 0.7029
v 0.0889 0.6275 0.7162
v 0.0939 0.6396 0.6969
v 0.0915 0.6006 0.7116
v 0.0858 0.5997 0.7183
v 0.0791 0.6063 0.7449
v 0.0870 0.5982 0.7254
v 0.0769 0.6378 0.7371
v 0.0619 0.6141 0.7631
v 0.0564 0.5577 0.7735
v 0.0910 0.5560 0.7335
v 0.0504 0.6446 0.7632
v 0.0815 0.6153 0.7173
v 0.0889 0.6275 0.7162
v 0.0915 0.6006 0.7116
v 0.1004 0.5688 0.6689
v 0.1068 0.5572 0.6459
v 0.1125 0.5303 0.6797
v 0.1161 0.5306 0.6224
v 0.0910 0.5560 0.7335
v 0.0901 0.5795 0.7009
v 0.0928 0.5379 0.7588
v 0.1112 0.5512 0.6326
v 0.1053 0.5605 0.5985
v 0.1201 0.5461 0.5768
v 0.1075 0.5636 0.6225
v 0.0952 0.5772 0.5776
v 0.1027 0.5617 0.6350
v 0.0950 0.5858 0.6860
v 0.0915 0.6006 0.7116
v 0.0870 0.6263 0.6975
v 0.0958 0.5684 0.6606
v 0.0820 0.5978 0.7197
v 0.0872 0.6037 0.7075
v 0.0858 0.5997 0.7183
v 0.0915 0.6006 0.7116
v 0.0870 0.5982 0.7254
v 0.0121 0.4681 0.7049
v -0.0095 0.4631 0.7025
v -0.0062 0.4716 0.6996
v -0.0129 0.4596 0.6909
v -0.0062 0.4716 0.6996
v -0.0095 0.4631 0.7025
v -0.0043 0.5379 0.4278
v -0.0166 0.5204 0.3921
v -0.0165 0.5138 0.3987
v -0.0151 0.5453 0.4640
v 0.0326 0.4453 0.5944
v 0.0425 0.4460 0.6136
v 0.0495 0.4597 0.6271
v 0.0495 0.4597 0.6271
v 0.0560 0.4498 0.6133
v 0.0588 0.4528 0.6339
v 0.0425 0.4460 0.6136
v 0.0736 0.4713 0.6359
v 0.0836 0.4695 0.6458
v 0.0702 0.4722 0.6290
v 0.0699 0.4711 0.6430
v 0.0761 0.4612 0.6087
v 0.1282 0.5278 0.6902
v 0.1401 0.5264 0.6479
v 0.1273 0.5410 0.7012
v 0.1138 0.5404 0.7379
v 0.1304 0.5169 0.6518
v 0.1338 0.5326 0.6159
v 0.1201 0.5461 0.5768
v 0.0922 0.5581 0.5482
v 0.1089 0.5577 0.5415
v 0.0875 0.5593 0.5146
v 0.0725 0.5571 0.5153
v 0.0682 0.5611 0.4974
v 0.0406 0.5485 0.4887
v 0.1255 0.5564 0.5707
v 0.1338 0.5326 0.6159
v 0.1161 0.5306 0.6224
v 0.1304 0.5169 0.6518
v 0.0334 0.5615 0.4779
v 0.0915 0.6006 0.7116
v 0.0939 0.6396 0.6969
v 0.0870 0.6263 0.6975
v 0.0951 0.5227 0.5961
v 0.0766 0.5193 0.5905
v 0.0820 0.5352 0.5941
v 0.0925 0.5679 0.5898
v 0.0776 0.4927 0.6020
v 0.0955 0.4524 0.6102
v 0.0838 0.4302 0.6094
v 0.1053 0.5605 0.5985
v 0.1045 0.5185 0.6117
v 0.0952 0.5772 0.5776
v 0.0878 0.5774 0.5682
v 0.1204 0.4400 0.2569
v 0.0775 0.4386 0.2362
v 0.1097 0.4628 0.2955
v 0.0825 0.4211 0.2021
v 0.0069 0.4293 0.1901
v 0.1278 0.4265 0.2343
v 0.1655 0.4543 0.3069
v 0.1569 0.4811 0.3656
v 0.1203 0.4967 0.3779
v 0.1879 0.4721 0.3750
v 0.1237 0.5105 0.4305
v 0.0883 0.5223 0.4351
v 0.0361 0.4213 0.1692
v -0.0190 0.4241 0.1503
v 0.1655 0.4899 0.4233
v 0.0819 0.5003 0.3410
v 0.0619 0.4744 0.2625
v 0.0952 0.5134 0.3911
v 0.0649 0.4669 0.2493
v 0.0235 0.4642 0.2245
v -0.0132 0.4371 0.1815
v -0.0554 0.4527 0.1799
v -0.0636 0.4313 0.1331
v -0.0510 0.4170 0.1201
v -0.0100 0.4607 0.2144
v 0.0007 0.3892 0.1175
v -0.0342 0.4054 0.1172
v 0.1961 0.4245 0.2921
v 0.1848 0.4105 0.2604
v 0.1551 0.3935 0.2199
v 0.0728 0.3694 0.1259
v 0.1479 0.3770 0.1893
v 0.0541 0.3744 0.1246
v 0.0472 0.3691 0.1161
v 0.0224 0.3785 0.1187
v 0.1151 0.3523 0.1388
v 0.0985 0.3531 0.1235
v 0.0809 0.3588 0.1165
v 0.2267 0.4357 0.3609
v 0.2062 0.4854 0.4003
v 0.1802 0.5074 0.4256
v 0.1939 0.5075 0.4296
v 0.1930 0.3672 0.2294
v 0.1418 0.5101 0.4768
v 0.0907 0.5255 0.4741
v -0.0436 0.4756 0.2045
v -0.0028 0.4884 0.2391
v -0.0187 0.4995 0.2444
v 0.0082 0.5187 0.2768
v 0.0196 0.4959 0.2665
v 0.0290 0.5233 0.3097
v 0.0178 0.5320 0.3095
v 0.0466 0.5387 0.3737
v 0.0653 0.4983 0.3458
v 0.0203 0.4710 0.2663
v 0.0395 0.4824 0.3082
v 0.0709 0.5248 0.4743
v 0.1420 0.5076 0.4955
v 0.0681 0.5012 0.3798
v 0.0751 0.5117 0.4229
v 0.0508 0.5395 0.4815
v 0.0647 0.5364 0.5052
v 0.0406 0.5485 0.4887
v 0.0941 0.5074 0.5016
v 0.0334 0.5615 0.4779
v 0.2040 0.4988 0.4673
v 0.1706 0.5155 0.4861
v 0.1760 0.4995 0.5085
v 0.1939 0.5075 0.4296
v 0.2304 0.4884 0.5284
v 0.2550 0.4872 0.5018
v 0.2420 0.4898 0.4449
v 0.1802 0.5074 0.4256
v 0.1418 0.5101 0.4768
v 0.1420 0.5076 0.4955
v 0.2172 0.4812 0.4309
v 0.1655 0.4899 0.4233
v 0.1418 0.5101 0.4768
v 0.1802 0.5074 0.4256
v 0.1879 0.4721 0.3750
v -0.2664 0.2791 0.2986
v -0.2850 0.2156 0.3193
v -0.3028 0.2714 0.3169
v -0.2529 0.2506 0.3052
v -0.2778 0.1692 0.3248
v -0.3060 0.1715 0.3326
v -0.2434 0.3043 0.2875
v -0.2694 0.3194 0.2967
v -0.3168 0.1341 0.3523
v -0.2912 0.1172 0.3502
v -0.3105 0.0795 0.3658
v -0.3490 0.0941 0.3759
v -0.3576 0.1556 0.3748
v -0.3211 0.0510 0.3850
v -0.3496 0.0443 0.4069
v -0.3439 0.1927 0.3722
v -0.3269 0.1948 0.3524
v -0.3193 0.2467 0.3407
v -0.3376 0.2333 0.3526
v -0.3040 0.3099 0.3346
v -0.2888 0.3681 0.3274
v -0.2479 0.3395 0.2941
v -0.2451 0.3723 0.2835
v -0.2574 0.4085 0.2960
v -0.2260 0.4186 0.2789
v -0.2212 0.4648 0.2911
v -0.1975 0.4435 0.2700
v -0.3276 0.2781 0.3535
v -0.3476 0.2370 0.3798
v -0.3689 0.2093 0.4138
v -0.1855 0.4798 0.2873
v -0.2172 0.4087 0.2868
v -0.2045 0.4213 0.2771
v -0.2100 0.2271 0.3717
v -0.2163 0.2092 0.3805
v -0.2095 0.2237 0.3761
v -0.2322 0.2103 0.3621
v -0.2243 0.1952 0.3888
v -0.2141 0.2016 0.3943
v -0.2260 0.2285 0.3600
v -0.2321 0.2369 0.3504
v -0.2112 0.2120 0.3981
v -0.2071 0.2304 0.3799
v -0.2003 0.2391 0.3780
v -0.2106 0.2165 0.4200
v -0.2123 0.2288 0.3952
v -0.1967 0.2556 0.3842
v -0.2003 0.2391 0.3780
v -0.2071 0.2304 0.3799
v -0.2140 0.2490 0.3782
v -0.2260 0.2285 0.3600
v -0.2149 0.2653 0.3688
v -0.2321 0.2369 0.3504
v -0.2140 0.2490 0.3782
v -0.2321 0.2369 0.3504
v -0.2100 0.2271 0.3717
v -0.2149 0.2653 0.3688
v -0.2003 0.2391 0.3780
v -0.0648 0.1024 0.3081
v -0.0681 0.1267 0.2968
v -0.0786 0.1161 0.2784
v -0.0584 0.1004 0.2422
v -0.0621 0.1013 0.2456
v -0.0654 0.1008 0.2459
v -0.0500 0.0969 0.2819
v -0.0786 0.1161 0.2784
v -0.0648 0.1024 0.3081
v -0.1260 0.1353 0.2541
v -0.1009 0.1307 0.2857
v -0.1327 0.1493 0.2821
v -0.1005 0.1496 0.2998
v -0.1120 0.1224 0.2568
v -0.0786 0.1161 0.2784
v -0.0915 0.1121 0.2516
v -0.1394 0.1496 0.2484
v -0.1988 0.1769 0.2759
v -0.1339 0.1499 0.3235
v -0.1029 0.1416 0.3170
v -0.0898 0.1462 0.3316
v -0.1471 0.1663 0.3436
v -0.0770 0.1060 0.2443
v -0.0621 0.1013 0.2456
v -0.2082 0.2001 0.3462
v -0.2199 0.2003 0.2456
v -0.2186 0.2151 0.3525
v -0.1967 0.2138 0.3764
v -0.2267 0.2237 0.3314
v -0.1922 0.2151 0.3770
v -0.2221 0.3039 0.2804
v -0.2070 0.3150 0.2806
v -0.2180 0.2902 0.2678
v -0.2229 0.2739 0.3156
v -0.2045 0.2899 0.2552
v -0.2151 0.2566 0.2508
v -0.2225 0.2310 0.2905
v -0.2273 0.2484 0.3245
v -0.2265 0.2271 0.2197
v -0.2268 0.2522 0.2076
v -0.2129 0.2894 0.2071
v -0.2240 0.2688 0.2556
v -0.2199 0.2003 0.2456
v -0.2061 0.3241 0.1826
v -0.2165 0.2792 0.1654
v -0.2267 0.2237 0.3314
v -0.1994 0.3160 0.1250
v -0.1820 0.3535 0.1260
v -0.1737 0.3515 0.0898
v -0.2044 0.3068 0.0985
v -0.1740 0.3360 0.0441
v -0.2026 0.2962 0.0588
v -0.2158 0.2401 0.0824
v -0.2113 0.2967 0.0294
v -0.2163 0.2519 0.1397
v -0.2195 0.2409 0.0533
v -0.1469 0.3556 0.0142
v -0.2031 0.2840 0.1389
v -0.2061 0.3241 0.1826
v -0.2240 0.2688 0.2556
v -0.2180 0.2902 0.2678
v -0.1967 0.2556 0.3842
v -0.2071 0.2304 0.3799
v -0.1922 0.2151 0.3770
v -0.1967 0.2138 0.3764
v -0.1967 0.2138 0.3764
v -0.2082 0.2001 0.3462
v -0.1922 0.2151 0.3770
v -0.0474 0.1694 0.3178
v -0.0884 0.1662 0.3414
v -0.0898 0.1462 0.3316
v -0.1471 0.1663 0.3436
v -0.0431 0.1444 0.3184
v -0.0564 0.1239 0.3230
v -0.0314 0.1372 0.3154
v -0.0416 0.1312 0.3132
v -0.0337 0.1288 0.3109
v -0.1264 0.1927 0.3625
v -0.1922 0.2151 0.3770
v -0.0802 0.1232 0.3169
v -0.0648 0.1024 0.3081
v -0.1029 0.1416 0.3170
v -0.0816 0.1443 0.2919
v -0.0861 0.1533 0.2827
v -0.0725 0.1569 0.2831
v -0.1005 0.1496 0.2998
v -0.1029 0.1416 0.3170
v -0.0802 0.1232 0.3169
v -0.0648 0.1024 0.3081
v -0.0681 0.1267 0.2968
v -0.0427 0.1441 0.2840
v -0.0366 0.1240 0.2909
v -0.0196 0.1407 0.2848
v -0.1327 0.1493 0.2821
v -0.1051 0.1518 0.2759
v -0.0640 0.1488 0.2720
v -0.2003 0.2391 0.3780
v -0.1967 0.2138 0.3764
v -0.2140 0.2490 0.3782
v -0.1257 0.0746 0.2846
v -0.1749 0.0845 0.2401
v -0.1514 0.0488 0.2117
v -0.2150 0.0948 0.1956
v -0.1220 0.0360 0.2372
v -0.1832 0.1111 0.2599
v -0.2260 0.1319 0.2344
v -0.1536 0.1006 0.2762
v -0.0986 0.0628 0.2908
v -0.1158 0.0305 0.2075
v -0.1041 0.0189 0.2278
v -0.1079 0.0436 0.2532
v -0.0958 0.0433 0.2809
v -0.1654 0.0591 0.1915
v -0.2010 0.0843 0.1717
v -0.2180 0.1097 0.1996
v -0.2015 0.1029 0.1506
v 0.1846 0.1499 0.2492
v 0.2193 0.1419 0.2370
v 0.1920 0.1642 0.2309
v 0.2192 0.1440 0.2481
v -0.0621 0.1013 0.2456
v -0.0770 0.1060 0.2443
v -0.0654 0.1008 0.2459
v -0.0915 0.1121 0.2516
v -0.1040 0.0905 0.2782
v -0.0689 0.0905 0.2753
v -0.0986 0.0628 0.2908
v -0.0761 0.0676 0.2932
v -0.0583 0.0808 0.2891
v -0.0447 0.0934 0.2772
v -0.0515 0.0614 0.2963
v -0.1257 0.0746 0.2846
v -0.1536 0.1006 0.2762
v -0.1260 0.1353 0.2541
v -0.0284 0.0999 0.2591
v -0.0107 0.0909 0.2710
v 0.0226 0.0648 0.2894
v 0.0336 0.1004 0.2715
v 0.0659 0.1110 0.2750
v 0.0801 0.0625 0.2854
v 0.0439 0.1127 0.2488
v 0.0858 0.1056 0.2625
v 0.1201 0.0716 0.2817
v 0.1244 0.1053 0.2687
v 0.1458 0.1077 0.2641
v -0.1394 0.1496 0.2484
v -0.1474 0.1519 0.2361
v -0.1832 0.1111 0.2599
v -0.2123 0.1488 0.2286
v -0.2260 0.1319 0.2344
v -0.2000 0.1648 0.1950
v -0.1522 0.1637 0.2102
v -0.1260 0.1619 0.2239
v 0.1481 0.0827 0.2687
v -0.1120 0.1224 0.2568
v -0.1785 0.1684 0.1821
v 0.1701 0.1032 0.2685
v 0.1868 0.0892 0.2849
v 0.1776 0.0764 0.2724
v 0.1684 0.1362 0.2531
v 0.1465 0.1232 0.2600
v 0.2200 0.1147 0.2668
v 0.1846 0.1499 0.2492
v 0.2192 0.1440 0.2481
v 0.2357 0.1339 0.2550
v -0.0033 0.1032 0.2449
v -0.0654 0.1008 0.2459
v -0.0689 0.0905 0.2753
v -0.0584 0.1004 0.2422
v -0.0500 0.0969 0.2819
v -0.1753 0.1258 0.1577
v -0.2180 0.1097 0.1996
v -0.1789 0.1413 0.1777
v -0.2015 0.1029 0.1506
v -0.1759 0.1046 0.1436
v -0.2000 0.1648 0.1950
v -0.2260 0.1319 0.2344
v -0.1785 0.1684 0.1821
v -0.1597 0.1469 0.1719
v -0.2123 0.1488 0.2286
v -0.1421 0.1293 0.1679
v -0.1499 0.1183 0.1549
v -0.1385 0.1158 0.1415
v -0.1347 0.1203 0.1590
v -0.1136 0.1583 0.2309
v -0.1181 0.1535 0.2424
v -0.1114 0.1603 0.2363
v -0.1381 0.1638 0.2493
v -0.1208 0.1558 0.2599
v -0.1392 0.1646 0.2311
v -0.1301 0.1593 0.2614
v -0.1356 0.1623 0.2614
v -0.1392 0.1643 0.2618
v -0.1260 0.1619 0.2239
v -0.1181 0.1535 0.2424
v -0.1106 0.1502 0.2349
v -0.1083 0.1510 0.2285
v -0.1467 0.1734 0.2267
v -0.1552 0.1766 0.2416
v -0.1558 0.1756 0.2475
v -0.1559 0.1752 0.2493
v -0.1045 0.1499 0.2354
v -0.1136 0.1583 0.2309
v -0.1003 0.1552 0.2395
v -0.1106 0.1502 0.2349
v -0.1106 0.1502 0.2349
v -0.1181 0.1535 0.2424
v -0.1136 0.1583 0.2309
v -0.1356 0.1625 0.2614
v -0.1356 0.1623 0.2614
v -0.1392 0.1643 0.2618
v -0.1324 0.1608 0.2607
v -0.1381 0.1638 0.2493
v -0.1324 0.1608 0.2607
v -0.1356 0.1625 0.2614
v -0.1181 0.1535 0.2424
v -0.1392 0.1643 0.2618
v -0.1301 0.1593 0.2614
v -0.1356 0.1623 0.2614
v -0.1208 0.1558 0.2599
v -0.2163 0.2519 0.1397
v -0.2063 0.1823 0.1044
v -0.2037 0.2209 0.1792
v -0.2140 0.2098 0.0754
v -0.1954 0.2028 0.1937
v -0.2158 0.2401 0.0824
v -0.2195 0.2409 0.0533
v -0.2028 0.1869 0.0699
v -0.2074 0.2143 0.0503
v -0.1887 0.1645 0.0729
v -0.1769 0.1419 0.0945
v -0.1970 0.1832 0.0571
v -0.2045 0.2127 0.0332
v -0.2023 0.2408 0.0360
v -0.2199 0.2003 0.2456
v -0.2265 0.2271 0.2197
v -0.2072 0.2504 0.1589
v -0.2165 0.2792 0.1654
v -0.2268 0.2522 0.2076
v -0.2046 0.2606 0.1553
v -0.2031 0.2840 0.1389
v -0.1994 0.3160 0.1250
v -0.2040 0.2513 0.1552
v -0.1508 0.1600 0.2374
v -0.1988 0.1769 0.2759
v -0.1566 0.1706 0.2108
v -0.1394 0.1496 0.2484
v -0.1474 0.1519 0.2361
v -0.2113 0.2967 0.0294
v -0.2023 0.2741 0.0295
v -0.1842 0.1770 0.0930
v -0.1778 0.1666 0.0869
v -0.1754 0.1612 0.0932
v -0.1778 0.1631 0.0958
v -0.1816 0.1794 0.0899
v -0.1630 0.1516 0.1019
v -0.1880 0.1924 0.0785
v -0.1824 0.1761 0.0828
v -0.1979 0.2049 0.0678
v -0.2140 0.2098 0.0754
v -0.2074 0.2143 0.0503
v -0.1566 0.1706 0.2108
v -0.1467 0.1734 0.2267
v -0.1508 0.1600 0.2374
v -0.1392 0.1646 0.2311
v -0.1474 0.1519 0.2361
v -0.1508 0.1600 0.2374
v -0.1260 0.1619 0.2239
v -0.1467 0.1734 0.2267
v -0.1114 0.1721 0.2364
v -0.1114 0.1603 0.2363
v -0.1381 0.1638 0.2493
v -0.1181 0.1535 0.2424
v -0.1053 0.1677 0.2297
v -0.1290 0.1811 0.2355
v -0.0929 0.1591 0.2370
v -0.1045 0.1499 0.2354
v -0.1106 0.1502 0.2349
v -0.1447 0.1764 0.2333
v -0.1260 0.1619 0.2239
v -0.1083 0.1510 0.2285
v -0.1136 0.1583 0.2309
v -0.1116 0.1663 0.2404
v -0.1003 0.1552 0.2395
v -0.1447 0.1764 0.2333
v -0.1467 0.1734 0.2267
v -0.1522 0.1637 0.2102
v -0.1566 0.1706 0.2108
v -0.1785 0.1684 0.1821
v -0.1954 0.2028 0.1937
v -0.1114 0.1603 0.2363
v -0.1045 0.1499 0.2354
v -0.0968 0.1484 0.2381
v -0.0946 0.1495 0.2398
v -0.0824 0.1579 0.2495
v -0.0819 0.1421 0.2436
v -0.0900 0.1450 0.2337
v -0.1003 0.1552 0.2395
v -0.1114 0.1603 0.2363
v -0.1106 0.1502 0.2349
v -0.1116 0.1663 0.2404
v 0.0222 0.0375 0.1988
v -0.0572 0.0323 0.1983
v -0.0221 0.0553 0.1844
v -0.0491 0.0120 0.2344
v -0.0996 0.0671 0.1730
v -0.1158 0.0305 0.2075
v -0.1759 0.1046 0.1436
v -0.1067 0.1043 0.1468
v -0.0561 0.0865 0.1855
v -0.0786 0.0833 0.1799
v 0.0265 0.0152 0.2310
v 0.0953 0.0335 0.1869
v 0.0651 0.0465 0.1838
v 0.0808 0.0209 0.2175
v 0.1322 0.0351 0.1956
v -0.1654 0.0591 0.1915
v -0.2010 0.0843 0.1717
v -0.0208 0.0760 0.1818
v 0.0953 0.0618 0.1722
v 0.0493 0.0745 0.1817
v -0.0804 0.0929 0.1499
v -0.1041 0.0189 0.2278
v -0.1385 0.1158 0.1415
v -0.2015 0.1029 0.1506
v 0.1601 0.0898 0.1540
v 0.1328 0.0859 0.1565
v 0.1408 0.1072 0.1493
v 0.1667 0.0415 0.1837
v 0.1076 0.0842 0.1621
v 0.0791 0.0757 0.1665
v 0.0083 0.0813 0.1818
v 0.2012 0.0715 0.1543
v 0.0709 0.0761 0.1830
v -0.0996 0.0671 0.1730
v -0.0804 0.0929 0.1499
v -0.0720 0.0839 0.1666
v -0.2869 0.1761 -0.1680
v -0.2690 0.1666 -0.1739
v -0.2741 0.1553 -0.1210
v -0.2519 0.1462 -0.1205
v -0.2512 0.1186 -0.0416
v -0.2754 0.1676 -0.2178
v -0.2578 0.1203 -0.0166
v -0.2304 0.0992 0.0013
v -0.2470 0.1630 -0.1868
v -0.2475 0.1577 -0.1948
v -0.1929 0.0894 0.0721
v -0.2280 0.1091 0.0256
v -0.1889 0.0750 0.0670
v -0.2467 0.1185 0.0084
v -0.1688 0.0572 0.0747
v -0.1559 0.0930 0.1208
v -0.2604 0.1707 -0.0005
v -0.2662 0.1433 -0.0271
v -0.1920 0.0785 0.0323
v -0.1240 0.0766 0.1197
v -0.1070 0.0595 0.0723
v -0.1067 0.1043 0.1468
v -0.0780 0.0703 0.1315
v -0.0804 0.0929 0.1499
v -0.1385 0.1158 0.1415
v -0.0720 0.0839 0.1666
v -0.1184 0.0977 0.1666
v -0.1108 0.0991 0.1654
v -0.1066 0.1048 0.1635
v -0.1347 0.1203 0.1590
v -0.0791 0.0964 0.1702
v -0.1148 0.0922 0.1704
v -0.1049 0.1071 0.1651
v -0.1224 0.1231 0.1794
v -0.1347 0.1203 0.1590
v -0.1066 0.1159 0.1890
v -0.1421 0.1293 0.1679
v -0.1049 0.1071 0.1651
v -0.1695 0.1405 0.1346
v -0.1385 0.1158 0.1415
v -0.1597 0.1469 0.1719
v -0.1005 0.1141 0.2021
v -0.0816 0.1057 0.2005
v -0.0791 0.0964 0.1702
v -0.1569 0.1306 0.1160
v -0.0873 0.1077 0.2100
v -0.0702 0.1010 0.1927
v -0.0561 0.0865 0.1855
v -0.0764 0.1064 0.2272
v -0.0564 0.0990 0.2001
v -0.0578 0.1002 0.2205
v -0.2063 0.1823 0.1044
v -0.1769 0.1419 0.0945
v -0.1966 0.1750 0.1285
v -0.1785 0.1684 0.1821
v -0.1954 0.2028 0.1937
v -0.0720 0.0839 0.1666
v -0.1143 0.1168 0.1885
v -0.0763 0.0999 0.1987
v -0.0763 0.0999 0.1987
v -0.0877 0.1061 0.2096
v -0.0816 0.1057 0.2005
v -0.0702 0.1010 0.1927
v -0.1347 0.1203 0.1590
v -0.1301 0.1109 0.1703
v -0.1184 0.0977 0.1666
v -0.1148 0.0922 0.1704
v -0.1301 0.1109 0.1703
v -0.1347 0.1203 0.1590
v -0.1499 0.1183 0.1549
v -0.1224 0.1231 0.1794
v -0.1143 0.1168 0.1885
v -0.1301 0.1109 0.1703
v -0.1421 0.1293 0.1679
v -0.1499 0.1183 0.1549
v -0.1111 0.0951 0.1787
v -0.1005 0.1141 0.2021
v -0.1148 0.0922 0.1704
v -0.1111 0.0951 0.1787
v -0.0791 0.0964 0.1702
v -0.1148 0.0922 0.1704
v -0.1559 0.1752 0.2493
v -0.1558 0.1756 0.2475
v -0.1556 0.1755 0.2475
v -0.1552 0.1766 0.2416
v -0.1381 0.1638 0.2493
v -0.1556 0.1755 0.2475
v -0.1543 0.1760 0.2424
v -0.1559 0.1752 0.2493
v -0.1552 0.1766 0.2416
v -0.1447 0.1764 0.2333
v -0.1552 0.1766 0.2416
v -0.1467 0.1734 0.2267
v -0.1447 0.1764 0.2333
v -0.1116 0.1663 0.2404
v -0.0929 0.1591 0.2370
v -0.1114 0.1721 0.2364
v -0.1290 0.1811 0.2355
v -0.1003 0.1552 0.2395
v -0.1447 0.1764 0.2333
v -0.0824 0.1579 0.2495
v -0.1053 0.1677 0.2297
v -0.1114 0.1721 0.2364
v -0.0929 0.1591 0.2370
v -0.1746 0.3559 0.1783
v -0.1767 0.3535 0.1861
v -0.1781 0.3596 0.1870
v -0.1749 0.3638 0.1789
v -0.1713 0.3631 0.1723
v -0.1696 0.3304 0.1723
v -0.1834 0.3533 0.1956
v -0.1842 0.3396 0.1992
v -0.1819 0.3509 0.2042
v -0.1798 0.3443 0.1940
v -0.1687 0.2525 0.1834
v -0.1702 0.2995 0.1847
v -0.1667 0.3004 0.1615
v -0.1637 0.2442 0.1610
v -0.1576 0.2513 0.1281
v -0.1583 0.2421 0.1356
v -0.1709 0.3019 0.1938
v -0.1693 0.2523 0.1996
v -0.1725 0.3140 0.1985
v -0.1708 0.2887 0.2152
v -0.1841 0.3456 0.2297
v -0.1703 0.2687 0.2346
v -0.1786 0.2887 0.2672
v -0.1647 0.2375 0.1826
v -0.1580 0.2304 0.1577
v -0.1543 0.2689 0.1204
v -0.1539 0.2998 0.1320
v -0.1614 0.3109 0.1546
v -0.1587 0.3166 0.1544
v -0.1767 0.3039 0.1948
v -0.1667 0.3004 0.1615
v -0.1702 0.2995 0.1847
v -0.2049 0.2760 0.2441
v -0.2025 0.2672 0.2583
v -0.1629 0.2552 0.2499
v -0.1703 0.2687 0.2346
v -0.1974 0.2813 0.2354
v -0.1859 0.2938 0.2133
v -0.1708 0.2887 0.2152
v -0.1709 0.3019 0.1938
v -0.1767 0.3039 0.1948
v -0.1485 0.2426 0.2759
v -0.1667 0.3004 0.1615
v -0.2078 0.2698 0.2823
v -0.1571 0.2647 0.3126
v -0.1430 0.2429 0.2929
v -0.2053 0.2873 0.3124
v -0.1671 0.2806 0.3249
v -0.1842 0.3039 0.3270
v -0.1671 0.2806 0.3249
v -0.2053 0.2873 0.3124
v -0.1718 0.2844 0.3108
v -0.1884 0.3118 0.3094
v -0.1786 0.2887 0.2672
v -0.1573 0.2517 0.2676
v -0.1629 0.2552 0.2499
v -0.1703 0.2687 0.2346
v -0.1837 0.3040 0.3190
v -0.1571 0.2647 0.3126
v -0.1671 0.2806 0.3249
v -0.1842 0.3039 0.3270
v -0.1485 0.2426 0.2759
v -0.1430 0.2429 0.2929
v -0.1930 0.3249 0.2930
v -0.1947 0.3430 0.2674
v -0.1925 0.3396 0.2543
v -0.1976 0.3488 0.2728
v -0.1898 0.3473 0.2342
v -0.1841 0.3456 0.2297
v -0.2068 0.3442 0.2821
v -0.1643 0.3366 0.1294
v -0.1614 0.3109 0.1546
v -0.1572 0.3043 0.1409
v -0.1587 0.3166 0.1544
v -0.1690 0.3357 0.1660
v -0.1694 0.3536 0.1432
v -0.1623 0.3494 0.1266
v -0.1688 0.3617 0.1423
v -0.1622 0.3523 0.1602
v -0.1539 0.2998 0.1320
v -0.1587 0.3166 0.1544
v -0.1572 0.3043 0.1409
v -0.1543 0.2689 0.1204
v -0.1576 0.2513 0.1281
v -0.1580 0.2304 0.1577
v -0.1583 0.2421 0.1356
v -0.1667 0.3004 0.1615
v -0.1709 0.3019 0.1938
v -0.1693 0.2523 0.1996
v -0.1647 0.2375 0.1826
v -0.1614 0.3109 0.1546
v -0.1859 0.2779 0.1698
v -0.1899 0.2516 0.1384
v -0.1986 0.2544 0.1627
v -0.1998 0.2636 0.1738
v -0.1972 0.2681 0.1812
v -0.1864 0.2819 0.1552
v -0.1900 0.2726 0.1334
v -0.1838 0.2953 0.1397
v -0.1881 0.2980 0.1292
v -0.1779 0.3037 0.1451
v -0.1907 0.2459 0.1941
v -0.1891 0.2603 0.2030
v -0.1933 0.2397 0.1625
v -0.1891 0.2251 0.1769
v -0.1790 0.2462 0.2050
v -0.1986 0.2544 0.1627
v -0.1891 0.2251 0.1769
v -0.2072 0.2504 0.1589
v -0.2046 0.2606 0.1553
v -0.1891 0.2251 0.1769
v -0.1933 0.2397 0.1625
v -0.2072 0.2504 0.1589
v -0.2040 0.2513 0.1552
v -0.2040 0.2513 0.1552
v -0.1933 0.2397 0.1625
v -0.2015 0.2636 0.1543
v -0.2015 0.2636 0.1543
v -0.2163 0.2519 0.1397
v -0.2046 0.2606 0.1553
v -0.1963 0.2775 0.1417
v -0.2040 0.2513 0.1552
v -0.2037 0.2209 0.1792
v -0.1986 0.2544 0.1627
v -0.2031 0.2840 0.1389
v -0.1864 0.2819 0.1552
v 0.0265 0.0152 0.2310
v 0.1077 0.0511 0.2751
v 0.0731 0.0518 0.2826
v -0.0155 0.0445 0.2890
v -0.0491 0.0120 0.2344
v -0.0958 0.0433 0.2809
v 0.0808 0.0209 0.2175
v -0.1041 0.0189 0.2278
v 0.1322 0.0351 0.1956
v 0.1355 0.0509 0.2423
v 0.1667 0.0415 0.1837
v 0.1776 0.0764 0.2724
v 0.1201 0.0716 0.2817
v 0.1968 0.0734 0.2413
v -0.0515 0.0614 0.2963
v 0.0801 0.0625 0.2854
v 0.0226 0.0648 0.2894
v -0.0761 0.0676 0.2932
v -0.0986 0.0628 0.2908
v -0.0447 0.0934 0.2772
v -0.0036 0.1107 0.2845
v -0.0407 0.0781 0.3003
v -0.0407 0.0781 0.3003
v -0.0583 0.0808 0.2891
v -0.0500 0.0969 0.2819
v -0.0515 0.0614 0.2963
v -0.0447 0.0934 0.2772
v -0.0407 0.0781 0.3003
v -0.0500 0.0969 0.2819
v -0.0622 0.1337 0.2352
v -0.0817 0.1374 0.2544
v -0.0832 0.1348 0.2739
v -0.0532 0.1279 0.2591
v -0.0535 0.1256 0.2755
v -0.1000 0.1443 0.2456
v -0.0900 0.1450 0.2337
v -0.0729 0.1391 0.2329
v -0.0336 0.1243 0.2706
v -0.0465 0.1229 0.2846
v -0.0681 0.1267 0.2968
v -0.0366 0.1240 0.2909
v -0.0819 0.1421 0.2436
v -0.0193 0.1286 0.2772
v -0.0984 0.1454 0.2576
v -0.1009 0.1307 0.2857
v -0.1056 0.1476 0.2480
v -0.0968 0.1484 0.2381
v -0.1045 0.1499 0.2354
v -0.0786 0.1161 0.2784
v -0.0451 0.1439 0.2608
v -0.0640 0.1488 0.2720
v -0.0544 0.1442 0.2471
v -0.0427 0.1441 0.2840
v -0.0347 0.1397 0.2568
v -0.0955 0.1494 0.2706
v -0.0819 0.1421 0.2436
v -0.0816 0.1443 0.2919
v -0.0622 0.1337 0.2352
v -0.0729 0.1391 0.2329
v -0.0422 0.1363 0.2704
v -0.0326 0.1358 0.2660
v -0.0955 0.1494 0.2706
v -0.0725 0.1569 0.2831
v -0.1051 0.1518 0.2759
v -0.0640 0.1488 0.2720
v -0.1049 0.1579 0.2830
v -0.0196 0.1407 0.2848
v -0.0071 0.1394 0.2679
v -0.0193 0.1286 0.2772
v -0.0366 0.1240 0.2909
v -0.0040 0.1455 0.2786
v -0.0447 0.0934 0.2772
v -0.0500 0.0969 0.2819
v -0.0689 0.0905 0.2753
v -0.0326 0.1358 0.2660
v -0.0071 0.1394 0.2679
v -0.0245 0.1412 0.2706
v -0.0422 0.1363 0.2704
v -0.0427 0.1441 0.2840
v -0.0040 0.1455 0.2786
v -0.0196 0.1407 0.2848
v -0.0532 0.1279 0.2591
v -0.0336 0.1243 0.2706
v -0.0347 0.1397 0.2568
v -0.0544 0.1442 0.2471
v -0.0622 0.1337 0.2352
v -0.0326 0.1358 0.2660
v -0.0193 0.1286 0.2772
v -0.0071 0.1394 0.2679
v -0.0362 0.1581 0.3939
v -0.0369 0.1442 0.4011
v -0.0221 0.1496 0.3923
v -0.0221 0.1496 0.3923
v -0.0314 0.1431 0.3819
v -0.0362 0.1581 0.3939
v -0.0172 0.1538 0.3443
v -0.0118 0.1790 0.3634
v -0.0193 0.1745 0.3377
v -0.0134 0.1911 0.3347
v -0.0212 0.1490 0.3531
v -0.0342 0.1450 0.3665
v -0.0221 0.1496 0.3923
v -0.0079 0.1618 0.3888
v -0.0102 0.1525 0.3965
v -0.0021 0.1508 0.4056
v 0.0082 0.1888 0.3859
v -0.0001 0.1922 0.3675
v -0.0314 0.1431 0.3819
v -0.0474 0.1694 0.3178
v -0.0380 0.1519 0.3391
v -0.0501 0.1773 0.3507
v -0.0314 0.1372 0.3154
v -0.0577 0.1536 0.3624
v -0.0541 0.2497 0.3920
v -0.0403 0.2430 0.3942
v -0.0520 0.2450 0.3883
v -0.0481 0.2433 0.3885
v -0.0534 0.2461 0.3815
v -0.0403 0.2430 0.3942
v -0.0314 0.2218 0.3996
v -0.0476 0.2385 0.3947
v -0.0253 0.2456 0.4016
v -0.0481 0.2433 0.3885
v -0.0476 0.2385 0.3947
v -0.0314 0.2218 0.3996
v -0.0394 0.2354 0.3893
v -0.0481 0.2433 0.3885
v -0.0247 0.2098 0.3807
v -0.0725 0.1569 0.2831
v -0.0861 0.1533 0.2827
v -0.1049 0.1579 0.2830
v -0.1051 0.1518 0.2759
v -0.1009 0.1307 0.2857
v -0.1051 0.1518 0.2759
v -0.1005 0.1496 0.2998
v -0.1009 0.1307 0.2857
v -0.0984 0.1454 0.2576
v -0.0955 0.1494 0.2706
v -0.0824 0.1579 0.2495
v -0.1009 0.1307 0.2857
v -0.0955 0.1494 0.2706
v -0.1051 0.1518 0.2759
v -0.0764 0.1064 0.2272
v -0.0877 0.1061 0.2096
v -0.0873 0.1077 0.2100
v -0.1005 0.1141 0.2021
v -0.0816 0.1057 0.2005
v -0.0564 0.0990 0.2001
v -0.0786 0.0833 0.1799
v -0.0763 0.0999 0.1987
v -0.0561 0.0865 0.1855
v -0.1111 0.0951 0.1787
v -0.1005 0.1141 0.2021
v -0.0578 0.1002 0.2205
v -0.0877 0.1061 0.2096
v -0.0791 0.0964 0.1702
v -0.1111 0.0951 0.1787
v -0.0786 0.0833 0.1799
v -0.0720 0.0839 0.1666
v -0.0786 0.0833 0.1799
v -0.0996 0.0671 0.1730
v -0.0720 0.0839 0.1666
v -0.1309 0.1107 0.1229
v -0.0903 0.1123 0.1418
v -0.0868 0.0778 0.1217
v -0.1169 0.0777 0.1091
v -0.1155 0.1188 0.1322
v -0.1045 0.1185 0.1388
v -0.0761 0.0926 0.1309
v -0.0786 0.1029 0.1346
v -0.0036 0.0368 -0.0209
v -0.0629 0.0427 -0.0179
v -0.0490 0.0457 -0.0338
v -0.0184 0.0546 -0.0816
v -0.0376 0.0364 0.0410
v 0.0109 0.0386 0.0117
v -0.0842 0.0500 0.0269
v -0.0916 0.0552 0.0544
v -0.1057 0.0618 0.0393
v -0.0857 0.0535 0.0059
v -0.0894 0.0594 -0.0058
v -0.0216 0.0422 0.0565
v -0.0479 0.0394 0.0761
v -0.0231 0.0424 0.0963
v 0.0338 0.0267 0.0740
v 0.0501 0.0176 0.0191
v 0.1185 0.0166 0.0384
v 0.1070 0.0166 -0.0179
v 0.0681 0.0282 -0.0441
v 0.1681 0.0214 0.0249
v 0.1879 0.0284 -0.0216
v 0.0671 0.0433 0.1343
v -0.0114 0.0588 0.1460
v -0.0738 0.0567 0.1039
v 0.1450 0.0320 0.0857
v 0.1141 0.0374 0.0983
v -0.0780 0.0703 0.1315
v -0.0561 0.0865 0.1855
v -0.0208 0.0760 0.1818
v -0.0720 0.0839 0.1666
v -0.0665 0.0628 0.0682
v -0.1070 0.0595 0.0723
v -0.1386 0.0608 0.0648
v 0.2010 0.0344 -0.0089
v 0.2403 0.0632 -0.0445
v 0.2425 0.0652 -0.0677
v 0.2659 0.0809 -0.0845
v 0.2602 0.0804 -0.0995
v -0.1180 0.0892 -0.0017
v -0.1242 0.0912 0.0176
v -0.1482 0.1017 0.0121
v -0.1422 0.0844 -0.0204
v -0.0840 0.0802 -0.1060
v -0.1283 0.0783 -0.0832
v -0.1612 0.0821 -0.0879
v -0.1482 0.0803 -0.1100
v -0.1982 0.0858 -0.0878
v -0.1077 0.0864 -0.1177
v -0.1336 0.0850 -0.1511
v -0.1777 0.0937 -0.0329
v -0.0846 0.0966 -0.1322
v -0.0665 0.0995 -0.0375
v -0.1108 0.0969 -0.1569
v -0.1773 0.0890 -0.0944
v -0.2080 0.0787 -0.1241
v -0.1646 0.1055 -0.0021
v -0.1532 0.0880 -0.1162
v -0.0576 0.0970 -0.0987
v -0.0560 0.1132 -0.1358
v -0.0913 0.0990 -0.0094
v -0.0700 0.1258 -0.1581
v -0.0921 0.1113 -0.1529
v -0.0322 0.0760 -0.0097
v -0.0635 0.0906 -0.0073
v -0.0665 0.0995 -0.0375
v -0.0327 0.0829 -0.0681
v -0.0576 0.0970 -0.0987
v -0.0913 0.0990 -0.0094
v -0.0355 0.1002 -0.1227
v -0.0560 0.1132 -0.1358
v -0.0465 0.1221 -0.1547
v -0.0700 0.1258 -0.1581
v -0.0438 0.1263 -0.1932
v -0.0829 0.1201 -0.2043
v -0.0628 0.0839 0.0910
v -0.0786 0.1029 0.1346
v -0.0783 0.0895 0.0688
v -0.1045 0.1185 0.1388
v -0.0903 0.1123 0.1418
v -0.1309 0.1107 0.1229
v -0.0637 0.0917 0.0738
v -0.0776 0.0820 0.0540
v -0.1309 0.1107 0.1229
v -0.1045 0.1185 0.1388
v -0.1155 0.1188 0.1322
v -0.0824 0.1579 0.2495
v -0.0984 0.1454 0.2576
v -0.0996 0.1561 0.2577
v -0.0996 0.1561 0.2577
v -0.0984 0.1454 0.2576
v -0.1056 0.1476 0.2480
v -0.1056 0.1476 0.2480
v -0.0929 0.1591 0.2370
v -0.0996 0.1561 0.2577
v -0.1045 0.1499 0.2354
v -0.0824 0.1579 0.2495
v -0.0824 0.1579 0.2495
v -0.0819 0.1421 0.2436
v -0.0955 0.1494 0.2706
v -0.1331 0.4373 0.1396
v -0.0779 0.4064 0.1134
v -0.1431 0.4193 0.1330
v -0.1540 0.4364 0.1699
v -0.1565 0.4111 0.1583
v -0.1825 0.4307 0.1898
v -0.1780 0.3964 0.1757
v -0.1951 0.4143 0.2065
v -0.1964 0.3753 0.2115
v -0.2061 0.4092 0.2371
v -0.2098 0.3750 0.2505
v -0.1929 0.4315 0.2264
v -0.1915 0.4521 0.2323
v -0.2216 0.4341 0.2512
v -0.1911 0.4596 0.2553
v -0.1589 0.4797 0.2408
v -0.1855 0.4798 0.2873
v -0.1661 0.5019 0.3216
v -0.2358 0.3754 0.2545
v -0.2232 0.5040 0.3490
v -0.2212 0.4648 0.2911
v -0.1624 0.4425 0.2024
v -0.2494 0.3495 0.2714
v -0.2419 0.3311 0.2654
v -0.2434 0.3043 0.2875
v -0.2479 0.3395 0.2941
v -0.2260 0.4186 0.2789
v -0.2451 0.3723 0.2835
v -0.2361 0.4899 0.3426
v -0.2652 0.4611 0.3463
v -0.2649 0.4801 0.4101
v -0.2311 0.5054 0.4222
v -0.1933 0.5248 0.4097
v -0.2810 0.4553 0.3962
v -0.2920 0.4024 0.3461
v -0.2574 0.4085 0.2960
v -0.3228 0.3349 0.4015
v -0.2888 0.3681 0.3274
v -0.2978 0.4061 0.4263
v -0.3224 0.3011 0.3689
v -0.2209 0.3290 0.2605
v -0.2397 0.4519 0.3072
v -0.3040 0.3099 0.3346
v -0.3028 0.2714 0.3169
v -0.3276 0.2781 0.3535
v -0.3299 0.2984 0.3972
v -0.3378 0.2806 0.3958
v -0.3476 0.2370 0.3798
v -0.2098 0.3750 0.2505
v -0.2209 0.3290 0.2605
v -0.2148 0.3592 0.2669
v -0.2212 0.4648 0.2911
v -0.2574 0.4085 0.2960
v -0.2397 0.4519 0.3072
v -0.2148 0.3592 0.2669
v -0.2358 0.3754 0.2545
v -0.2098 0.3750 0.2505
v -0.2061 0.4092 0.2371
v -0.2209 0.3290 0.2605
v -0.2221 0.3039 0.2804
v -0.2419 0.3311 0.2654
v -0.2434 0.3043 0.2875
v -0.2009 0.3180 0.2568
v -0.2229 0.2739 0.3156
v -0.1925 0.3290 0.2203
v -0.2111 0.3481 0.2159
v -0.2088 0.2761 0.4064
v -0.2037 0.2941 0.4101
v -0.2017 0.2957 0.4106
v -0.2037 0.2941 0.4101
v -0.2088 0.2761 0.4064
v -0.2029 0.2825 0.3886
v -0.2088 0.2761 0.4064
v -0.2017 0.2957 0.4106
v -0.2064 0.2873 0.4138
v -0.1995 0.2979 0.4134
v -0.2037 0.2850 0.3838
v -0.2038 0.2853 0.3839
v -0.2057 0.2808 0.3851
v -0.2012 0.2903 0.3822
v -0.1999 0.2997 0.3755
v -0.2038 0.2853 0.3839
v -0.2012 0.2903 0.3822
v -0.2034 0.2921 0.3788
v -0.1903 0.2949 0.3793
v -0.1894 0.3001 0.3203
v -0.2070 0.3150 0.2806
v -0.1884 0.3118 0.3094
v -0.2053 0.2873 0.3124
v -0.1930 0.3249 0.2930
v -0.1837 0.3040 0.3190
v -0.1842 0.3039 0.3270
v -0.2068 0.3442 0.2821
v -0.2068 0.3367 0.2710
v -0.2221 0.3987 0.2862
v -0.2273 0.3820 0.2780
v -0.2172 0.4087 0.2868
v -0.2250 0.3911 0.2647
v -0.2156 0.4100 0.2588
v -0.2074 0.4229 0.2704
v -0.2190 0.3902 0.2588
v -0.2159 0.3827 0.3078
v -0.2111 0.4069 0.3056
v -0.2155 0.3935 0.3132
v -0.2206 0.4170 0.2909
v -0.2172 0.4087 0.2868
v -0.2045 0.4213 0.2771
v -0.2206 0.4170 0.2909
v -0.2146 0.3760 0.2955
v -0.2273 0.3820 0.2780
v -0.2221 0.3987 0.2862
v -0.2141 0.3851 0.2988
v -0.2221 0.3987 0.2862
v -0.2159 0.3827 0.3078
v -0.2141 0.3851 0.2988
v -0.2155 0.3935 0.3132
v -0.2108 0.4053 0.2917
v -0.2141 0.3851 0.2988
v -0.2159 0.3827 0.3078
v -0.2122 0.3802 0.2725
v -0.2146 0.3760 0.2955
v -0.2045 0.4213 0.2771
v -0.2111 0.4069 0.3056
v -0.2031 0.4271 0.2979
v -0.2206 0.4170 0.2909
v -0.2045 0.4213 0.2771
v -0.2108 0.4053 0.2917
v -0.1956 0.4252 0.2953
v -0.2111 0.4069 0.3056
v -0.2206 0.4170 0.2909
v -0.2206 0.4170 0.2909
v -0.2031 0.4271 0.2979
v -0.1956 0.4252 0.2953
v -0.2031 0.4271 0.2979
v -0.2111 0.4069 0.3056
v -0.1956 0.4252 0.2953
v -0.1920 0.3199 0.2134
v -0.2082 0.2999 0.2462
v -0.2045 0.2899 0.2552
v -0.1945 0.3262 0.2072
v -0.2180 0.2902 0.2678
v -0.1773 0.3258 0.1913
v -0.1819 0.3509 0.2042
v -0.1842 0.3396 0.1992
v -0.1913 0.3296 0.2008
v -0.1920 0.3199 0.2134
v -0.2045 0.2899 0.2552
v -0.1859 0.2938 0.2133
v -0.1767 0.3039 0.1948
v -0.1974 0.2813 0.2354
v -0.2049 0.2760 0.2441
v -0.2025 0.2672 0.2583
v -0.2078 0.2698 0.2823
v -0.2053 0.2873 0.3124
v -0.2070 0.3150 0.2806
v -0.2151 0.2566 0.2508
v -0.2180 0.2902 0.2678
v -0.2240 0.2688 0.2556
v -0.1793 0.3467 0.1643
v -0.2061 0.3241 0.1826
v -0.1866 0.3356 0.1809
v -0.1820 0.3535 0.1260
v -0.1913 0.3296 0.2008
v -0.1945 0.3262 0.2072
v -0.2082 0.2999 0.2462
v -0.1694 0.3536 0.1432
v -0.1622 0.3523 0.1602
v -0.2180 0.2902 0.2678
v -0.1688 0.3617 0.1423
v -0.1888 0.3440 0.2049
v -0.1972 0.2681 0.1812
v -0.1891 0.2603 0.2030
v -0.1778 0.2658 0.1922
v -0.1859 0.2779 0.1698
v -0.1790 0.2462 0.2050
v -0.1789 0.2583 0.1875
v -0.1907 0.2459 0.1941
v -0.1998 0.2636 0.1738
v -0.1790 0.2462 0.2050
v -0.2015 0.2636 0.1543
v -0.2015 0.2636 0.1543
v -0.1859 0.2779 0.1698
v -0.1789 0.2583 0.1875
v -0.1778 0.2658 0.1922
v -0.1790 0.2462 0.2050
v -0.1864 0.2819 0.1552
v -0.2031 0.2840 0.1389
v -0.2046 0.2606 0.1553
v -0.2015 0.2636 0.1543
v -0.1998 0.2636 0.1738
v -0.1986 0.2544 0.1627
v -0.2040 0.2513 0.1552
v -0.1963 0.2775 0.1417
v -0.2015 0.2636 0.1543
v -0.1900 0.2726 0.1334
v -0.1881 0.2980 0.1292
v -0.1933 0.2397 0.1625
v -0.1899 0.2516 0.1384
v -0.1963 0.2775 0.1417
v -0.1851 0.2959 0.1367
v -0.1838 0.2953 0.1397
v -0.1881 0.2980 0.1292
v -0.1864 0.2819 0.1552
v -0.1779 0.3037 0.1451
v -0.1819 0.3509 0.2042
v -0.1841 0.3456 0.2297
v -0.1874 0.3443 0.2179
v -0.1940 0.3381 0.2310
v -0.1898 0.3473 0.2342
v -0.1925 0.3396 0.2543
v -0.1960 0.3324 0.2638
v -0.1947 0.3430 0.2674
v -0.1925 0.3290 0.2203
v -0.2009 0.3180 0.2568
v -0.2070 0.3150 0.2806
v -0.1888 0.3440 0.2049
v -0.1850 0.3509 0.2070
v -0.1920 0.3199 0.2134
v -0.1913 0.3296 0.2008
v -0.2221 0.3039 0.2804
v -0.1960 0.3324 0.2638
v -0.1947 0.3430 0.2674
v -0.2068 0.3367 0.2710
v -0.1976 0.3488 0.2728
v -0.2068 0.3442 0.2821
v -0.2070 0.3150 0.2806
v -0.1696 0.3304 0.1723
v -0.1773 0.3258 0.1913
v -0.1767 0.3535 0.1861
v -0.1774 0.3608 0.1749
v -0.1767 0.3535 0.1861
v -0.1773 0.3258 0.1913
v -0.1725 0.3140 0.1985
v -0.1767 0.3039 0.1948
v -0.1793 0.3467 0.1643
v -0.1937 0.3421 0.1849
v -0.1933 0.3566 0.1701
v -0.1688 0.3617 0.1423
v -0.1771 0.3915 0.1329
v -0.1593 0.3922 0.1138
v -0.2111 0.3481 0.2159
v -0.1945 0.3262 0.2072
v -0.1925 0.3290 0.2203
v -0.1920 0.3199 0.2134
v -0.1622 0.3523 0.1602
v -0.1623 0.3494 0.1266
v -0.1887 0.3510 0.1927
v -0.1888 0.3440 0.2049
v -0.1842 0.3396 0.1992
v -0.1798 0.3443 0.1940
v -0.1945 0.3262 0.2072
v -0.1937 0.3421 0.1849
v -0.1842 0.3396 0.1992
v -0.1945 0.3262 0.2072
v -0.1842 0.3396 0.1992
v -0.1937 0.3421 0.1849
v -0.1913 0.3296 0.2008
v -0.1913 0.3296 0.2008
v -0.1937 0.3421 0.1849
v -0.1866 0.3356 0.1809
v -0.1937 0.3421 0.1849
v -0.1798 0.3443 0.1940
v -0.1866 0.3356 0.1809
v -0.1887 0.3510 0.1927
v -0.1773 0.3258 0.1913
v -0.1819 0.3509 0.2042
v -0.1964 0.3753 0.2115
v -0.2111 0.3481 0.2159
v -0.2209 0.3290 0.2605
v -0.1975 0.3780 0.1781
v -0.1780 0.3964 0.1757
v -0.1716 0.4086 0.1375
v -0.1565 0.4111 0.1583
v -0.1431 0.4193 0.1330
v -0.1360 0.4056 0.0921
v -0.0779 0.4064 0.1134
v -0.0999 0.4131 0.0938
v -0.0724 0.4126 0.1022
v -0.0510 0.4170 0.1201
v -0.0467 0.4292 0.1026
v -0.1767 0.3535 0.1861
v -0.1793 0.3467 0.1643
v -0.1774 0.3608 0.1749
v -0.1937 0.3421 0.1849
v -0.1713 0.3631 0.1723
v -0.1834 0.3533 0.1956
v -0.1887 0.3510 0.1927
v -0.1781 0.3596 0.1870
v -0.1819 0.3509 0.2042
v -0.1888 0.3440 0.2049
v -0.1865 0.3573 0.1850
v -0.1811 0.3573 0.1799
v -0.1774 0.3608 0.1749
v -0.1749 0.3638 0.1789
v -0.1713 0.3631 0.1723
v -0.1819 0.3509 0.2042
v -0.1874 0.3443 0.2179
v -0.1850 0.3509 0.2070
v -0.1767 0.3039 0.1948
v -0.1702 0.2995 0.1847
v -0.1725 0.3140 0.1985
v -0.1811 0.3573 0.1799
v -0.1887 0.3510 0.1927
v -0.1937 0.3421 0.1849
v -0.1887 0.3510 0.1927
v -0.1811 0.3573 0.1799
v -0.1865 0.3573 0.1850
v -0.1746 0.3559 0.1783
v -0.1811 0.3573 0.1799
v -0.1767 0.3535 0.1861
v -0.1774 0.3608 0.1749
v -0.1937 0.3421 0.1849
v -0.1696 0.3304 0.1723
v -0.1713 0.3631 0.1723
v -0.1793 0.3467 0.1643
v -0.1793 0.3467 0.1643
v -0.1866 0.3356 0.1809
v -0.1696 0.3304 0.1723
v -0.1773 0.3258 0.1913
v -0.1774 0.3608 0.1749
v -0.1746 0.3559 0.1783
v -0.1696 0.3304 0.1723
v -0.2122 0.3802 0.2725
v -0.2250 0.3911 0.2647
v -0.2273 0.3820 0.2780
v -0.2190 0.3902 0.2588
v -0.2146 0.3760 0.2955
v -0.1975 0.4435 0.2700
v -0.2074 0.4229 0.2704
v -0.2045 0.4213 0.2771
v -0.2216 0.4341 0.2512
v -0.1911 0.4596 0.2553
v -0.2122 0.3802 0.2725
v -0.2190 0.3902 0.2588
v -0.2156 0.4100 0.2588
v -0.1855 0.4798 0.2873
v -0.2216 0.4341 0.2512
v -0.2260 0.4186 0.2789
v -0.2074 0.4229 0.2704
v -0.2172 0.4087 0.2868
v -0.2031 0.4271 0.2979
v -0.2206 0.4170 0.2909
v -0.2108 0.4053 0.2917
v -0.0939 0.4562 0.1916
v -0.1015 0.4320 0.1581
v -0.1624 0.4425 0.2024
v -0.0636 0.4313 0.1331
v -0.0849 0.4212 0.1346
v -0.1589 0.4797 0.2408
v -0.0944 0.4986 0.2432
v -0.1915 0.4521 0.2323
v -0.0554 0.4824 0.2210
v -0.0554 0.4527 0.1799
v -0.0436 0.4756 0.2045
v -0.0187 0.4995 0.2444
v -0.0510 0.4170 0.1201
v -0.0779 0.4064 0.1134
v -0.1331 0.4373 0.1396
v -0.1540 0.4364 0.1699
v -0.1825 0.4307 0.1898
v -0.1951 0.4143 0.2065
v -0.0467 0.4292 0.1026
v -0.0549 0.4150 0.0511
v -0.0724 0.4126 0.1022
v -0.0387 0.4221 0.0244
v -0.0490 0.4086 0.0105
v -0.0678 0.3902 0.0568
v -0.0532 0.3721 0.0150
v -0.0156 0.4210 0.0208
v 0.0287 0.4346 0.0139
v -0.0228 0.4241 0.0630
v -0.0034 0.4372 0.0189
v -0.0193 0.4223 0.1091
v -0.0342 0.4054 0.1172
v -0.0999 0.4131 0.0938
v -0.1716 0.4086 0.1375
v -0.1771 0.3915 0.1329
v -0.1975 0.3780 0.1781
v -0.1593 0.3922 0.1138
v -0.1933 0.3566 0.1701
v -0.2111 0.3481 0.2159
v -0.1360 0.4056 0.0921
v -0.1449 0.3755 0.0979
v -0.1205 0.3847 0.0708
v -0.1095 0.4017 0.0724
v -0.1186 0.3714 0.0491
v -0.1737 0.3515 0.0898
v -0.1820 0.3535 0.1260
v -0.1467 0.3794 0.1168
v -0.1688 0.3617 0.1423
v -0.1555 0.3782 0.1284
v -0.0678 0.3902 0.0568
v -0.0532 0.3721 0.0150
v -0.0999 0.4131 0.0938
v -0.1469 0.3556 0.0142
v -0.1188 0.3654 0.0065
v -0.0532 0.3721 0.0150
v -0.1188 0.3654 0.0065
v -0.1186 0.3714 0.0491
v -0.1601 0.3679 0.1658
v -0.1683 0.3640 0.1666
v -0.1685 0.3673 0.1700
v -0.1597 0.3634 0.1551
v -0.1764 0.3674 0.1686
v -0.1531 0.3633 0.1437
v -0.1555 0.3782 0.1284
v -0.1589 0.3690 0.1498
v -0.1674 0.3884 0.1436
v -0.1597 0.3634 0.1551
v -0.1467 0.3794 0.1168
v -0.1248 0.3703 0.1038
v -0.1727 0.3787 0.1545
v -0.1684 0.3703 0.1630
v -0.1683 0.3640 0.1666
v -0.1217 0.3907 0.0943
v -0.1764 0.3674 0.1686
v -0.1438 0.3971 0.1169
v -0.1618 0.3933 0.1562
v -0.1690 0.3780 0.1632
v -0.1698 0.3893 0.1567
v -0.1574 0.3914 0.1682
v -0.1416 0.4042 0.1647
v -0.1727 0.3787 0.1545
v -0.1684 0.3703 0.1630
v -0.1674 0.3884 0.1436
v -0.1611 0.2686 0.4093
v -0.1574 0.2815 0.4234
v -0.1557 0.2847 0.4145
v -0.1535 0.2808 0.4073
v -0.0196 0.5007 0.3509
v -0.0229 0.5177 0.3662
v -0.0226 0.5052 0.3724
v -0.0261 0.5091 0.3798
v -0.1609 0.4129 0.1841
v -0.1611 0.4127 0.1843
v -0.1609 0.4129 0.1840
v -0.1606 0.4132 0.1836
v -0.1604 0.4133 0.1836
v -0.1591 0.4144 0.1819
v -0.1588 0.4144 0.1821
v -0.1578 0.4140 0.1807
v -0.1574 0.4139 0.1806
v -0.1563 0.4136 0.1794
v -0.1563 0.4136 0.1794
v -0.1564 0.4136 0.1795
v -0.1563 0.4136 0.1794
v -0.1566 0.4137 0.1797
v -0.1566 0.4137 0.1797
v -0.1565 0.4136 0.1795
v -0.1559 0.4108 0.1789
v -0.1611 0.4127 0.1843
v -0.1609 0.4129 0.1841
v -0.1563 0.4136 0.1794
v -0.1563 0.4136 0.1794
v -0.1564 0.4136 0.1795
v -0.1566 0.4137 0.1797
v -0.1588 0.4144 0.1821
v -0.1574 0.4139 0.1806
v -0.1559 0.4108 0.1789
v -0.1566 0.4137 0.1797
v -0.1604 0.4133 0.1836
v -0.1609 0.4129 0.1841
v -0.1563 0.4136 0.1794
v -0.1559 0.4108 0.1789
v -0.1563 0.4136 0.1794
v -0.1565 0.4136 0.1795
v -0.1566 0.4137 0.1797
v -0.1591 0.4144 0.1819
v -0.1606 0.4132 0.1836
v -0.1559 0.4108 0.1789
v -0.1609 0.4129 0.1840
v -0.1611 0.4127 0.1843
v -0.1578 0.4140 0.1807
v -0.1566 0.4137 0.1797
v -0.1416 0.4042 0.1647
v -0.1136 0.3601 0.1253
v -0.1325 0.3296 0.1204
v -0.1189 0.3381 0.1158
v -0.0888 0.3862 0.1324
v -0.1006 0.4181 0.1571
v -0.1011 0.3538 0.1180
v -0.1030 0.3390 0.1095
v -0.1319 0.4210 0.1690
v -0.0857 0.3597 0.1196
v -0.0802 0.3848 0.1300
v -0.1287 0.3010 0.0938
v -0.1601 0.3679 0.1658
v -0.1622 0.3523 0.1602
v -0.1411 0.3167 0.1211
v -0.1574 0.3914 0.1682
v -0.1350 0.4244 0.1701
v -0.1425 0.4217 0.1693
v -0.0768 0.3672 0.1236
v -0.1373 0.4189 0.1664
v -0.1587 0.3166 0.1544
v -0.1690 0.3357 0.1660
v -0.1572 0.3043 0.1409
v -0.1690 0.3780 0.1632
v -0.1684 0.3703 0.1630
v -0.1623 0.3494 0.1266
v -0.1455 0.3596 0.1268
v -0.1531 0.3633 0.1437
v -0.1402 0.3574 0.1140
v -0.1248 0.3703 0.1038
v -0.1622 0.3523 0.1602
v -0.1597 0.3634 0.1551
v -0.1601 0.3679 0.1658
v -0.1685 0.3673 0.1700
v -0.1684 0.3703 0.1630
v -0.1601 0.3679 0.1658
v -0.1764 0.3674 0.1686
v -0.1321 0.4208 0.1580
v -0.1341 0.4250 0.1620
v -0.1342 0.4158 0.1593
v -0.1279 0.4245 0.1528
v -0.1416 0.4042 0.1647
v -0.1373 0.4189 0.1664
v -0.1350 0.4244 0.1701
v -0.1380 0.4071 0.1407
v -0.1425 0.4217 0.1693
v -0.0896 0.3995 0.1266
v -0.1126 0.4180 0.1388
v -0.1380 0.4071 0.1407
v -0.1279 0.4245 0.1528
v -0.1042 0.3929 0.1110
v -0.1438 0.3971 0.1169
v -0.1217 0.3907 0.0943
v -0.1006 0.4181 0.1571
v -0.0901 0.4035 0.1366
v -0.1341 0.4250 0.1620
v -0.1350 0.4244 0.1701
v -0.1438 0.3971 0.1169
v -0.1674 0.3884 0.1436
v -0.1555 0.3782 0.1284
v -0.1569 0.3986 0.1352
v -0.1621 0.3958 0.1417
v -0.1618 0.3933 0.1562
v -0.1380 0.4071 0.1407
v -0.1416 0.4042 0.1647
v -0.1698 0.3893 0.1567
v -0.1593 0.3922 0.1138
v -0.1688 0.3617 0.1423
v -0.0896 0.3995 0.1266
v -0.0888 0.3862 0.1324
v -0.0901 0.4035 0.1366
v -0.1006 0.4181 0.1571
v -0.0802 0.3848 0.1300
v -0.0118 0.1790 0.3634
v -0.0167 0.1637 0.3678
v -0.0150 0.1638 0.3471
v -0.0134 0.1911 0.3347
v -0.0259 0.1539 0.3621
v -0.0001 0.1922 0.3675
v 0.0082 0.1888 0.3859
v -0.0079 0.1618 0.3888
v -0.0117 0.1565 0.3903
v -0.0021 0.1508 0.4056
v -0.0193 0.1745 0.3377
v -0.0172 0.1538 0.3443
v -0.0102 0.1525 0.3965
v -0.0221 0.1496 0.3923
v -0.0167 0.1637 0.3678
v -0.0117 0.1565 0.3903
v -0.0235 0.1745 0.3807
v -0.0187 0.1629 0.3954
v -0.0187 0.1629 0.3954
v -0.0221 0.1496 0.3923
v -0.0369 0.1442 0.4011
v -0.0117 0.1565 0.3903
v -0.0026 0.1402 0.3175
v 0.0052 0.1343 0.3130
v 0.0100 0.1346 0.3257
v 0.0021 0.1360 0.3134
v 0.0097 0.1300 0.3245
v 0.0162 0.1326 0.3376
v 0.0100 0.1346 0.3257
v 0.0209 0.1348 0.3279
v 0.0209 0.1348 0.3279
v 0.0100 0.1346 0.3257
v 0.0097 0.1300 0.3245
v 0.0097 0.1300 0.3245
v 0.0052 0.1343 0.3130
v 0.0156 0.1306 0.3312
v 0.0156 0.1306 0.3312
v 0.0021 0.1360 0.3134
v 0.0100 0.1346 0.3257
v 0.0162 0.1326 0.3376
v -0.0026 0.1402 0.3175
v 0.0052 0.1343 0.3130
v 0.0155 0.1391 0.3637
v 0.0285 0.1608 0.3432
v 0.0465 0.1394 0.3662
v 0.0140 0.1513 0.3393
v 0.0140 0.1513 0.3393
v 0.0155 0.1391 0.3637
v 0.0271 0.1429 0.3506
v 0.0465 0.1394 0.3662
v 0.0285 0.1608 0.3432
v 0.0156 0.1306 0.3312
v 0.0209 0.1348 0.3279
v 0.0097 0.1300 0.3245
v 0.0162 0.1326 0.3376
v 0.0275 0.1381 0.3279
v 0.0271 0.1429 0.3506
v 0.0362 0.1240 0.3073
v 0.0358 0.1267 0.3638
v 0.0336 0.1394 0.2897
v 0.0271 0.1429 0.3506
v 0.0465 0.1394 0.3662
v 0.0358 0.1267 0.3638
v 0.0659 0.1110 0.2750
v 0.0726 0.1163 0.3353
v 0.0458 0.1266 0.3112
v 0.0528 0.1288 0.3425
v 0.0597 0.1266 0.3993
v 0.0858 0.1056 0.2625
v 0.0300 0.1284 0.3985
v 0.0362 0.1240 0.3073
v 0.0439 0.1127 0.2488
v 0.0257 0.1292 0.2724
v 0.0302 0.1204 0.2504
v 0.0302 0.1204 0.2504
v -0.0033 0.1032 0.2449
v 0.0439 0.1127 0.2488
v 0.0538 0.1370 0.3273
v 0.0458 0.1266 0.3112
v 0.0528 0.1288 0.3425
v 0.0614 0.1394 0.3477
v 0.0546 0.1336 0.2932
v 0.0465 0.1394 0.3662
v 0.0358 0.1267 0.3638
v 0.0605 0.1344 0.3108
v 0.0336 0.1394 0.2897
v 0.0442 0.1462 0.3366
v 0.0275 0.1381 0.3279
v 0.0271 0.1429 0.3506
v 0.0458 0.1482 0.3096
v 0.0540 0.1419 0.2953
v 0.0442 0.1462 0.3366
v 0.0285 0.1608 0.3432
v 0.0271 0.1429 0.3506
v 0.0419 0.1584 0.3378
v 0.0458 0.1482 0.3096
v 0.0420 0.1671 0.2842
v 0.0413 0.1714 0.2845
v 0.0426 0.1711 0.2755
v 0.0449 0.1648 0.2729
v 0.0540 0.1419 0.2953
v 0.0349 0.1672 0.3058
v 0.0605 0.1344 0.3108
v 0.0419 0.1584 0.3378
v 0.0349 0.1672 0.3058
v 0.0614 0.1394 0.3477
v 0.0449 0.1648 0.2729
v 0.0465 0.1394 0.3662
v 0.0285 0.1608 0.3432
v 0.0413 0.1714 0.2845
v 0.0540 0.1419 0.2953
v 0.0546 0.1336 0.2932
v 0.0540 0.1419 0.2953
v 0.0458 0.1266 0.3112
v 0.0546 0.1336 0.2932
v 0.0362 0.1240 0.3073
v 0.0540 0.1419 0.2953
v 0.0336 0.1394 0.2897
v 0.0458 0.1266 0.3112
v 0.0480 0.1760 0.2875
v 0.0417 0.1977 0.3270
v 0.0708 0.1791 0.2942
v 0.0328 0.1871 0.3079
v 0.0628 0.1715 0.2752
v 0.0751 0.1851 0.3095
v 0.0832 0.1962 0.3313
v 0.0580 0.2135 0.3515
v 0.0449 0.1648 0.2729
v 0.0413 0.1714 0.2845
v 0.0328 0.1871 0.3079
v 0.0507 0.1992 0.3332
v 0.0417 0.1977 0.3270
v 0.0480 0.1760 0.2875
v 0.0751 0.1851 0.3095
v 0.0832 0.1962 0.3313
v 0.0426 0.1711 0.2755
v 0.0708 0.1791 0.2942
v 0.0628 0.1715 0.2752
v 0.0580 0.2135 0.3515
v 0.0368 0.2217 0.3517
v 0.0449 0.1648 0.2729
v 0.0413 0.1714 0.2845
v 0.0647 0.2144 0.3542
v 0.0417 0.1977 0.3270
v 0.0507 0.1992 0.3332
v 0.0580 0.2135 0.3515
v 0.0455 0.2203 0.3553
v 0.0371 0.2227 0.3538
v 0.0368 0.2217 0.3517
v 0.0317 0.2243 0.3517
v 0.0283 0.2254 0.3504
v 0.0905 0.0835 0.1623
v 0.0662 0.0578 0.1563
v 0.1100 0.0850 0.1571
v 0.1141 0.0374 0.0983
v 0.0671 0.0433 0.1343
v 0.1473 0.0598 0.1223
v 0.1450 0.0320 0.0857
v 0.0493 0.0745 0.1817
v 0.0791 0.0757 0.1665
v -0.0114 0.0588 0.1460
v 0.0083 0.0813 0.1818
v -0.0208 0.0760 0.1818
v 0.0709 0.0761 0.1830
v 0.1076 0.0842 0.1621
v 0.1328 0.0859 0.1565
v 0.0953 0.0618 0.1722
v 0.0709 0.0761 0.1830
v 0.0791 0.0757 0.1665
v 0.2142 0.1008 -0.0270
v 0.2079 0.1222 0.0168
v 0.1761 0.0838 0.0342
v 0.1640 0.0741 0.0527
v 0.2280 0.1287 -0.0035
v 0.2156 0.1523 0.0147
v 0.2057 0.1447 0.0405
v 0.1626 0.0390 0.0531
v 0.2114 0.0502 -0.0176
v 0.2010 0.0344 -0.0089
v 0.2403 0.0632 -0.0445
v 0.1681 0.0214 0.0249
v 0.1450 0.0320 0.0857
v 0.1645 0.0704 0.1082
v 0.1473 0.0598 0.1223
v 0.1635 0.0914 0.1356
v 0.2075 0.1284 0.0604
v 0.1833 0.1079 0.1381
v 0.2166 0.1310 0.0791
v 0.2103 0.1365 0.1140
v 0.2175 0.1543 0.0957
v 0.2318 0.1507 0.0467
v 0.1601 0.0898 0.1540
v 0.2577 0.0997 -0.0476
v 0.2659 0.0809 -0.0845
v 0.2655 0.1150 -0.0453
v 0.2588 0.1170 -0.0220
v 0.2550 0.1445 -0.0024
v 0.2646 0.1788 -0.0084
v 0.2434 0.1836 0.0318
v 0.1361 0.0956 0.1463
v 0.1100 0.0850 0.1571
v 0.1164 0.1035 0.1596
v 0.1416 0.1151 0.1453
v 0.1178 0.1068 0.1656
v 0.1370 0.1271 0.1604
v 0.0905 0.0835 0.1623
v 0.0791 0.0757 0.1665
v 0.0662 0.0578 0.1563
v 0.1271 0.1169 0.1820
v 0.1991 0.1439 0.0572
v 0.1178 0.1068 0.1656
v 0.1328 0.0859 0.1565
v 0.1205 0.0969 0.1634
v 0.1339 0.1120 0.1553
v 0.1408 0.1072 0.1493
v 0.1547 0.1209 0.1489
v 0.1076 0.0842 0.1621
v 0.0791 0.0757 0.1665
v 0.1100 0.0850 0.1571
v 0.1271 0.1169 0.1820
v 0.1164 0.1035 0.1596
v 0.1205 0.0969 0.1634
v 0.1100 0.0850 0.1571
v 0.1076 0.0842 0.1621
v 0.1205 0.0969 0.1634
v 0.1164 0.1035 0.1596
v 0.0905 0.0835 0.1623
v 0.1292 0.1113 0.1814
v 0.1339 0.1120 0.1553
v 0.1271 0.1169 0.1820
v 0.1339 0.1120 0.1553
v 0.1292 0.1113 0.1814
v 0.1362 0.1106 0.1733
v 0.1194 0.1249 0.1600
v 0.1169 0.1233 0.1591
v 0.1271 0.1169 0.1820
v 0.1370 0.1271 0.1604
v 0.1169 0.1233 0.1591
v 0.1292 0.1113 0.1814
v 0.1271 0.1169 0.1820
v 0.1362 0.1106 0.1733
v 0.1292 0.1113 0.1814
v 0.1194 0.1249 0.1600
v 0.1370 0.1271 0.1604
v 0.1169 0.1233 0.1591
v 0.1916 0.1698 0.1019
v 0.1879 0.2212 0.0964
v 0.1947 0.1839 0.0881
v 0.1901 0.2235 0.0839
v 0.1880 0.2084 0.1046
v 0.1914 0.1607 0.0920
v 0.1950 0.1764 0.0818
v 0.1954 0.2125 0.0788
v 0.2032 0.2047 0.0730
v 0.1990 0.1879 0.0765
v 0.1542 0.1754 0.1158
v 0.1509 0.2435 0.1222
v 0.1458 0.1661 0.1277
v 0.1380 0.1795 0.2240
v 0.1688 0.2249 0.2238
v 0.1299 0.1599 0.1452
v 0.1599 0.2105 0.2387
v 0.1494 0.2034 0.2584
v 0.1474 0.2042 0.2667
v 0.1292 0.1731 0.2228
v 0.1269 0.1535 0.1475
v 0.1078 0.1504 0.1778
v 0.1587 0.2422 0.1393
v 0.1474 0.2042 0.2667
v 0.1429 0.1998 0.2673
v 0.1462 0.2014 0.2632
v 0.1599 0.2105 0.2387
v 0.1480 0.1966 0.2416
v 0.1568 0.2047 0.2346
v 0.1588 0.2027 0.2101
v 0.1380 0.1795 0.2240
v 0.1480 0.1824 0.1789
v 0.1353 0.1716 0.1988
v 0.1322 0.1654 0.1774
v 0.1399 0.1699 0.1603
v 0.1269 0.1535 0.1475
v 0.1358 0.1597 0.1415
v 0.1458 0.1661 0.1277
v 0.1292 0.1731 0.2228
v 0.1512 0.1876 0.1416
v 0.1638 0.2106 0.1803
v 0.1688 0.2249 0.2238
v 0.1542 0.1754 0.1158
v 0.1380 0.1965 0.2675
v 0.1078 0.1504 0.1778
v 0.1583 0.2140 0.1330
v 0.1670 0.2324 0.1677
v 0.1739 0.2479 0.2032
v 0.1573 0.1995 0.1173
v 0.1765 0.2762 0.2144
v 0.1575 0.2146 0.1197
v 0.1587 0.2422 0.1393
v 0.1576 0.2148 0.1016
v 0.1678 0.2611 0.1733
v 0.1730 0.2759 0.2005
v 0.1546 0.1614 0.0994
v 0.1609 0.1982 0.0905
v 0.1635 0.2026 0.0697
v 0.1596 0.1527 0.0780
v 0.1553 0.2874 0.1662
v 0.1562 0.2906 0.1719
v 0.1513 0.2906 0.1631
v 0.1473 0.2936 0.1603
v 0.1530 0.2276 0.0947
v 0.1576 0.2158 0.0792
v 0.1468 0.2334 0.0613
v 0.1485 0.2366 0.0956
v 0.1518 0.2264 0.0561
v 0.1526 0.2305 0.1166
v 0.1525 0.2281 0.0479
v 0.1509 0.2435 0.1222
v 0.1491 0.2363 0.1063
v 0.1676 0.2117 0.0508
v 0.1785 0.1956 0.0535
v 0.1491 0.2363 0.1063
v 0.1449 0.2425 0.0847
v 0.1297 0.2552 0.0753
v 0.1530 0.2276 0.0947
v 0.1526 0.2305 0.1166
v 0.1568 0.2047 0.2346
v 0.1480 0.1966 0.2416
v 0.1380 0.1795 0.2240
v 0.1494 0.2034 0.2584
v 0.1554 0.1091 0.1462
v 0.1416 0.1151 0.1453
v 0.1408 0.1072 0.1493
v 0.1561 0.1158 0.1470
v 0.1547 0.1209 0.1489
v 0.1361 0.0956 0.1463
v 0.1601 0.0898 0.1540
v 0.1370 0.1271 0.1604
v 0.1339 0.1120 0.1553
v 0.1362 0.1106 0.1733
v 0.1416 0.1151 0.1453
v 0.2166 0.0719 0.1755
v 0.2383 0.1065 0.2344
v 0.1968 0.0734 0.2413
v 0.2370 0.1093 0.2557
v 0.1667 0.0415 0.1837
v 0.1868 0.0892 0.2849
v 0.1776 0.0764 0.2724
v 0.2293 0.0905 0.1828
v 0.2012 0.0715 0.1543
v 0.2173 0.0847 0.1624
v 0.1868 0.0892 0.2849
v 0.1481 0.0827 0.2687
v 0.1776 0.0764 0.2724
v 0.2200 0.1147 0.2668
v 0.1701 0.1032 0.2685
v 0.1823 0.1020 0.2848
v 0.1701 0.1032 0.2685
v 0.1868 0.0892 0.2849
v 0.1823 0.1020 0.2848
v 0.2200 0.1147 0.2668
v 0.1868 0.0892 0.2849
v 0.2370 0.1093 0.2557
v 0.2357 0.1339 0.2550
v 0.1823 0.1020 0.2848
v 0.2383 0.1065 0.2344
v 0.2022 0.1131 0.2393
v 0.2069 0.1076 0.2053
v 0.1926 0.1123 0.2484
v 0.2195 0.1160 0.2163
v 0.1821 0.0998 0.2243
v 0.1889 0.1000 0.2091
v 0.2203 0.1309 0.2381
v 0.2159 0.1174 0.2091
v 0.1794 0.1121 0.2390
v 0.1799 0.1121 0.2463
v 0.1865 0.1161 0.2479
v 0.1950 0.1321 0.2356
v 0.2203 0.1309 0.2381
v 0.1926 0.1123 0.2484
v 0.2193 0.1419 0.2370
v 0.1799 0.1121 0.2463
v 0.2159 0.1174 0.2091
v 0.2216 0.1083 0.1917
v 0.2514 0.1317 0.2140
v 0.2193 0.1419 0.2370
v 0.2508 0.1570 0.2475
v 0.1950 0.1321 0.2356
v 0.2069 0.1076 0.2053
v 0.1889 0.1000 0.2091
v 0.2781 0.1708 0.2322
v 0.2586 0.1142 0.1509
v 0.2141 0.1005 0.1764
v 0.3008 0.1876 0.2201
v 0.2767 0.1275 0.1358
v 0.2970 0.1551 0.1331
v 0.1794 0.1121 0.2390
v 0.2079 0.0985 0.1663
v 0.1821 0.0998 0.2243
v 0.3026 0.1737 0.1375
v 0.3094 0.2038 0.1686
v 0.3201 0.2195 0.2054
v 0.1865 0.1161 0.2479
v 0.1799 0.1121 0.2463
v 0.2811 0.1423 0.1216
v 0.3174 0.2232 0.1878
v 0.1885 0.1995 0.2077
v 0.1806 0.1953 0.1933
v 0.1741 0.1891 0.1983
v 0.2058 0.2209 0.1933
v 0.1856 0.1910 0.2218
v 0.1683 0.1783 0.2099
v 0.1896 0.1927 0.2294
v 0.1755 0.1897 0.1780
v 0.1844 0.1952 0.1700
v 0.1900 0.2036 0.2164
v 0.1769 0.1871 0.1660
v 0.1758 0.1838 0.1574
v 0.2011 0.1975 0.1484
v 0.1780 0.1821 0.1493
v 0.2036 0.2029 0.1587
v 0.2136 0.2196 0.1690
v 0.1753 0.1769 0.1470
v 0.1754 0.1751 0.1437
v 0.1964 0.2220 0.2172
v 0.2111 0.2299 0.2161
v 0.1698 0.1530 0.2207
v 0.1671 0.1482 0.2034
v 0.1539 0.1403 0.2199
v 0.1602 0.1427 0.2412
v 0.1920 0.1642 0.2309
v 0.1819 0.1681 0.2536
v 0.1911 0.1692 0.2437
v 0.1981 0.1813 0.2293
v 0.1964 0.2220 0.2172
v 0.1755 0.1897 0.1780
v 0.2028 0.2388 0.2184
v 0.2040 0.2608 0.1892
v 0.1900 0.2036 0.2164
v 0.1984 0.2179 0.1470
v 0.1769 0.1871 0.1660
v 0.1741 0.1891 0.1983
v 0.1683 0.1783 0.2099
v 0.1896 0.1927 0.2294
v 0.1819 0.1681 0.2536
v 0.1671 0.1482 0.2034
v 0.1602 0.1427 0.2412
v 0.1539 0.1403 0.2199
v 0.1908 0.2252 0.1312
v 0.1936 0.2682 0.1405
v 0.2017 0.2713 0.1820
v 0.1852 0.2912 0.1569
v 0.1803 0.2921 0.1474
v 0.2159 0.1174 0.2091
v 0.2195 0.1160 0.2163
v 0.2216 0.1083 0.1917
v 0.2383 0.1065 0.2344
v 0.2203 0.1309 0.2381
v 0.2293 0.0905 0.1828
v 0.2141 0.1005 0.1764
v 0.2173 0.0847 0.1624
v 0.2079 0.0985 0.1663
v 0.2357 0.1339 0.2550
v 0.2192 0.1440 0.2481
v 0.2193 0.1419 0.2370
v 0.1864 0.0895 0.1591
v 0.2012 0.0715 0.1543
v 0.1601 0.0898 0.1540
v 0.2508 0.1570 0.2475
v 0.2261 0.1605 0.2470
v 0.2193 0.1419 0.2370
v 0.1920 0.1642 0.2309
v 0.1896 0.1927 0.2294
v 0.1911 0.1692 0.2437
v 0.1819 0.1681 0.2536
v 0.1981 0.1813 0.2293
v 0.1856 0.1910 0.2218
v 0.1981 0.1813 0.2293
v 0.1896 0.1927 0.2294
v 0.2615 0.2173 0.1972
v 0.2087 0.1887 0.2170
v 0.2813 0.1925 0.2279
v 0.2261 0.1605 0.2470
v 0.2818 0.2288 0.1899
v 0.3201 0.2195 0.2054
v 0.1920 0.1642 0.2309
v 0.2508 0.1570 0.2475
v 0.2225 0.1993 0.1941
v 0.2654 0.2375 0.1870
v 0.2205 0.2144 0.1889
v 0.2307 0.2441 0.1843
v 0.2548 0.2486 0.1758
v 0.2697 0.2596 0.1506
v 0.3008 0.1876 0.2201
v 0.2781 0.1708 0.2322
v 0.2179 0.2462 0.1926
v 0.2206 0.2654 0.1907
v 0.2476 0.1689 0.2127
v 0.2358 0.1781 0.2098
v 0.2470 0.1844 0.2110
v 0.2550 0.1733 0.2085
v 0.2610 0.1885 0.2075
v 0.2304 0.1709 0.2018
v 0.2390 0.1626 0.2023
v 0.2397 0.1583 0.1968
v 0.2509 0.1663 0.1920
v 0.2528 0.1732 0.1883
v 0.2395 0.1663 0.1935
v 0.2397 0.1583 0.1968
v 0.2304 0.1709 0.2018
v 0.2416 0.1841 0.2027
v 0.2571 0.1980 0.1751
v 0.2514 0.1620 0.1874
v 0.2470 0.1583 0.1907
v 0.2595 0.1703 0.1921
v 0.2610 0.1885 0.2075
v 0.2747 0.1956 0.1951
v 0.2550 0.1733 0.2085
v 0.2727 0.1882 0.1809
v 0.2815 0.1978 0.1775
v 0.2476 0.1689 0.2127
v 0.2818 0.2288 0.1899
v 0.2509 0.1663 0.1920
v 0.2390 0.1626 0.2023
v 0.2397 0.1583 0.1968
v 0.2551 0.1659 0.1876
v 0.2470 0.1583 0.1907
v 0.2514 0.1620 0.1874
v 0.2727 0.2168 0.1667
v 0.2416 0.1841 0.2027
v 0.2358 0.1781 0.2098
v 0.2304 0.1709 0.2018
v 0.2470 0.1844 0.2110
v 0.2610 0.1885 0.2075
v 0.2585 0.2074 0.1892
v 0.2747 0.1956 0.1951
v 0.2818 0.2288 0.1899
v 0.1361 0.0956 0.1463
v 0.1635 0.0914 0.1356
v 0.1601 0.0898 0.1540
v 0.1552 0.1179 0.1512
v 0.1554 0.1091 0.1462
v 0.1408 0.1072 0.1493
v 0.1408 0.1072 0.1493
v 0.1547 0.1209 0.1489
v 0.1552 0.1179 0.1512
v 0.1561 0.1158 0.1470
v 0.1552 0.1179 0.1512
v 0.1547 0.1209 0.1489
v 0.1554 0.1091 0.1462
v 0.1547 0.1209 0.1489
v 0.1339 0.1120 0.1553
v 0.1416 0.1151 0.1453
v 0.1753 0.1769 0.1470
v 0.1754 0.1751 0.1437
v 0.1758 0.1768 0.1470
v 0.1758 0.1838 0.1574
v 0.1758 0.1768 0.1470
v 0.1763 0.1839 0.1603
v 0.1769 0.1871 0.1660
v 0.1758 0.1838 0.1574
v 0.1753 0.1769 0.1470
v 0.1758 0.1768 0.1470
v 0.1984 0.2179 0.1470
v 0.1769 0.1871 0.1660
v 0.2011 0.1975 0.1484
v 0.1763 0.1839 0.1603
v 0.1758 0.1768 0.1470
v 0.1780 0.1821 0.1493
v 0.1769 0.1871 0.1660
v 0.1754 0.1751 0.1437
v 0.2011 0.1975 0.1484
v 0.2148 0.3035 0.0128
v 0.2388 0.2392 0.0304
v 0.1651 0.2666 0.0082
v 0.1677 0.2898 0.0009
v 0.2388 0.2586 0.0215
v 0.1517 0.2921 0.0062
v 0.1810 0.3046 -0.0110
v 0.1807 0.2495 0.0279
v 0.2091 0.2227 0.0559
v 0.2324 0.2154 0.0539
v 0.2597 0.2130 0.0636
v 0.2643 0.1618 0.0974
v 0.2150 0.1848 0.0816
v 0.2114 0.1706 0.0894
v 0.2103 0.1365 0.1140
v 0.2577 0.1430 0.1246
v 0.2174 0.1274 0.1393
v 0.2586 0.1142 0.1509
v 0.2079 0.0985 0.1663
v 0.2811 0.1423 0.1216
v 0.1833 0.1079 0.1381
v 0.1570 0.3026 -0.0129
v 0.1947 0.1839 0.0881
v 0.2082 0.1897 0.0637
v 0.2213 0.2055 0.0604
v 0.2767 0.1275 0.1358
v 0.1990 0.1879 0.0765
v 0.1864 0.0895 0.1591
v 0.1601 0.0898 0.1540
v 0.2231 0.2160 0.0519
v 0.1405 0.3020 -0.0045
v 0.1579 0.3093 -0.0248
v 0.2528 0.1732 0.1883
v 0.2727 0.1882 0.1809
v 0.2571 0.1980 0.1751
v 0.2815 0.1978 0.1775
v 0.2727 0.2168 0.1667
v 0.2595 0.1703 0.1921
v 0.2551 0.1659 0.1876
v 0.2514 0.1620 0.1874
v 0.2768 0.1906 0.1406
v 0.2727 0.2168 0.1667
v 0.3026 0.1737 0.1375
v 0.3094 0.2038 0.1686
v 0.2818 0.2288 0.1899
v 0.3174 0.2232 0.1878
v 0.2740 0.1639 0.1248
v 0.2811 0.1423 0.1216
v 0.2577 0.1430 0.1246
v 0.2970 0.1551 0.1331
v 0.3174 0.2232 0.1878
v 0.2818 0.2288 0.1899
v 0.3201 0.2195 0.2054
v 0.0319 0.2243 0.3516
v 0.0283 0.2254 0.3504
v 0.0317 0.2243 0.3517
v 0.0371 0.2227 0.3538
v 0.0368 0.2217 0.3517
v 0.0368 0.2228 0.3531
v 0.0455 0.2203 0.3553
v 0.0507 0.1992 0.3332
v 0.0319 0.2243 0.3516
v 0.0283 0.2254 0.3504
v 0.0647 0.2144 0.3542
v 0.0371 0.2227 0.3538
v 0.1494 0.2034 0.2584
v 0.1479 0.2052 0.2664
v 0.1474 0.2042 0.2667
v 0.1429 0.1998 0.2673
v 0.1474 0.2042 0.2667
v 0.1441 0.2019 0.2668
v 0.1380 0.1965 0.2675
v 0.1479 0.2052 0.2664
v 0.1479 0.2052 0.2664
v 0.1494 0.2034 0.2584
v 0.1462 0.2014 0.2632
v 0.1480 0.1966 0.2416
v 0.1441 0.2019 0.2668
v 0.1380 0.1965 0.2675
v 0.1678 0.2611 0.1733
v 0.1688 0.2249 0.2238
v 0.1739 0.2479 0.2032
v 0.1299 0.1599 0.1452
v 0.1676 0.2693 0.1689
v 0.1587 0.2422 0.1393
v 0.1730 0.2759 0.2005
v 0.1765 0.2762 0.2144
v 0.1553 0.2874 0.1662
v 0.1562 0.2906 0.1719
v 0.1514 0.2901 0.1637
v 0.1562 0.2906 0.1719
v 0.1473 0.2936 0.1603
v 0.1676 0.2693 0.1689
v 0.1932 0.2747 0.4039
v 0.1884 0.2647 0.3956
v 0.1911 0.2618 0.4085
v 0.1928 0.2754 0.4144
v 0.1911 0.2678 0.3854
v 0.1930 0.2768 0.3708
v 0.1764 0.2542 0.3910
v 0.1769 0.2655 0.4227
v 0.1857 0.2764 0.4295
v 0.1884 0.2647 0.3956
v 0.1764 0.2542 0.3910
v 0.1900 0.2721 0.3836
v 0.2355 0.3039 0.0838
v 0.2330 0.2911 0.1052
v 0.2409 0.2829 0.0685
v 0.2413 0.2718 0.0743
v 0.2275 0.3203 0.0924
v 0.2219 0.2880 0.1330
v 0.2140 0.3228 0.1138
v 0.2349 0.2607 0.1453
v 0.1973 0.3547 0.0880
v 0.2502 0.3179 0.0668
v 0.2233 0.3353 0.0430
v 0.2027 0.3637 0.0062
v 0.1753 0.3869 0.0569
v 0.1724 0.3869 0.0359
v 0.1805 0.3750 0.0091
v 0.1825 0.3569 0.0911
v 0.1616 0.3830 0.0683
v 0.2283 0.2475 0.1575
v 0.2141 0.2584 0.1600
v 0.1991 0.2857 0.1486
v 0.1837 0.3079 0.1274
v 0.1669 0.3236 0.1168
v 0.1469 0.3463 0.1098
v 0.1151 0.3523 0.1388
v 0.1506 0.3355 0.1329
v 0.1483 0.3292 0.1528
v 0.1131 0.3680 0.1138
v 0.1551 0.3535 0.0861
v 0.1647 0.3201 0.1636
v 0.1122 0.3727 0.0831
v 0.1225 0.3736 0.0662
v 0.0926 0.4070 0.0706
v 0.0886 0.4286 0.0288
v 0.0581 0.4289 0.0620
v 0.0830 0.4052 0.1082
v 0.1034 0.3885 0.1081
v 0.1160 0.3912 0.0318
v 0.0569 0.4425 0.0244
v 0.0285 0.4230 0.1074
v 0.1670 0.3193 0.1733
v 0.1893 0.3126 0.1768
v 0.2074 0.2926 0.1780
v 0.2246 0.2839 0.2135
v 0.1778 0.2984 0.1993
v 0.1959 0.2796 0.2433
v 0.2335 0.2637 0.2785
v 0.2023 0.2743 0.2732
v 0.2116 0.2700 0.3025
v 0.2319 0.2493 0.3215
v 0.2077 0.2660 0.3817
v 0.2147 0.2504 0.3921
v 0.2090 0.2548 0.4071
v -0.0034 0.4372 0.0189
v -0.0023 0.4201 0.1051
v -0.0193 0.4223 0.1091
v 0.1200 0.3537 0.0302
v 0.2502 0.3179 0.0668
v 0.2275 0.3203 0.0924
v 0.2609 0.3007 0.0884
v 0.1900 0.2721 0.3836
v 0.1764 0.2542 0.3910
v 0.1911 0.2678 0.3854
v 0.1911 0.2678 0.3854
v 0.1930 0.2768 0.3708
v 0.1900 0.2721 0.3836
v 0.2283 0.2475 0.1575
v 0.2350 0.2454 0.1336
v 0.2349 0.2607 0.1453
v 0.2288 0.2312 0.1224
v 0.2276 0.2231 0.1530
v 0.2324 0.2019 0.1317
v 0.2355 0.2249 0.1154
v 0.2305 0.1980 0.1157
v 0.2339 0.2101 0.1063
v 0.2282 0.1951 0.1185
v 0.2307 0.2441 0.1843
v 0.2354 0.2374 0.1682
v 0.2141 0.2584 0.1600
v 0.2206 0.2654 0.1907
v 0.1991 0.2857 0.1486
v 0.2074 0.2926 0.1780
v 0.1837 0.3079 0.1274
v 0.2246 0.2839 0.2135
v 0.2340 0.2618 0.2349
v 0.2335 0.2637 0.2785
v 0.2319 0.2405 0.2739
v 0.2319 0.2493 0.3215
v 0.2028 0.2388 0.2184
v 0.2040 0.2608 0.1892
v 0.2111 0.2299 0.2161
v 0.2179 0.2462 0.1926
v 0.2017 0.2713 0.1820
v 0.1964 0.2220 0.2172
v 0.2136 0.2196 0.1690
v 0.2058 0.2209 0.1933
v 0.2205 0.2144 0.1889
v 0.2111 0.2299 0.2161
v 0.1938 0.2320 0.1435
v 0.1984 0.2179 0.1470
v 0.1974 0.2638 0.1632
v 0.2136 0.2196 0.1690
v 0.1908 0.2252 0.1312
v 0.2017 0.2713 0.1820
v 0.2179 0.2462 0.1926
v 0.1852 0.2912 0.1569
v 0.1848 0.2876 0.1531
v 0.1720 0.3023 0.1452
v 0.2205 0.2144 0.1889
v 0.1936 0.2682 0.1405
v 0.1803 0.2921 0.1474
v 0.2036 0.2029 0.1587
v 0.2011 0.1975 0.1484
v 0.2734 0.1730 0.1012
v 0.2785 0.2419 0.1468
v 0.2768 0.1906 0.1406
v 0.2740 0.1639 0.1248
v 0.2597 0.2130 0.0636
v 0.2663 0.2421 0.0599
v 0.2746 0.2846 0.0922
v 0.2727 0.2168 0.1667
v 0.2671 0.2972 0.1053
v 0.2615 0.2173 0.1972
v 0.2654 0.2375 0.1870
v 0.2697 0.2596 0.1506
v 0.2585 0.2074 0.1892
v 0.2571 0.1980 0.1751
v 0.2416 0.1841 0.2027
v 0.2643 0.1618 0.0974
v 0.2577 0.1430 0.1246
v 0.2388 0.2392 0.0304
v 0.2388 0.2586 0.0215
v 0.2347 0.1900 0.1130
v 0.2345 0.1893 0.1124
v 0.2342 0.1898 0.1128
v 0.2351 0.1922 0.1147
v 0.2369 0.2056 0.1387
v 0.2354 0.2374 0.1682
v 0.2456 0.2441 0.1628
v 0.2548 0.2486 0.1758
v 0.2697 0.2596 0.1506
v 0.2307 0.2441 0.1843
v 0.2357 0.1952 0.1254
v 0.2351 0.1922 0.1147
v 0.2282 0.1951 0.1185
v 0.2328 0.1926 0.1152
v 0.2324 0.2019 0.1317
v 0.2369 0.2056 0.1387
v 0.2276 0.2231 0.1530
v 0.2354 0.2374 0.1682
v 0.2342 0.1898 0.1128
v 0.2818 0.2288 0.1899
v 0.2585 0.2074 0.1892
v 0.2615 0.2173 0.1972
v 0.2369 0.2124 0.1107
v 0.2369 0.2056 0.1387
v 0.2365 0.2305 0.1218
v 0.2363 0.2018 0.1104
v 0.2357 0.1952 0.1254
v 0.2351 0.1922 0.1147
v 0.2412 0.2275 0.1366
v 0.2456 0.2441 0.1628
v 0.2350 0.2454 0.1336
v 0.2349 0.2607 0.1453
v 0.2355 0.2249 0.1154
v 0.2339 0.2101 0.1063
v 0.2365 0.2305 0.1218
v 0.2350 0.2454 0.1336
v 0.2288 0.2312 0.1224
v 0.2355 0.2249 0.1154
v 0.2330 0.2911 0.1052
v 0.2349 0.2607 0.1453
v 0.2490 0.2961 0.1093
v 0.2697 0.2596 0.1506
v 0.2456 0.2441 0.1628
v 0.2671 0.2972 0.1053
v 0.2609 0.3007 0.0884
v 0.2487 0.2900 0.0865
v 0.2413 0.2718 0.0743
v 0.2330 0.2911 0.1052
v 0.2490 0.2961 0.1093
v 0.2609 0.3007 0.0884
v 0.0366 0.4848 0.4004
v 0.0362 0.4941 0.4062
v 0.0199 0.4917 0.4027
v 0.0134 0.4974 0.4077
v 0.0421 0.4798 0.3375
v 0.0439 0.4846 0.3661
v 0.0449 0.5148 0.3674
v 0.0445 0.5072 0.3485
v 0.0356 0.4888 0.3268
v 0.0305 0.4711 0.3265
v 0.0429 0.4741 0.3438
v 0.0554 0.4876 0.3727
v 0.0569 0.4941 0.3841
v 0.0552 0.4891 0.3788
v 0.0558 0.4939 0.3885
v 0.0563 0.4748 0.3424
v 0.0530 0.4821 0.3575
v 0.0421 0.4798 0.3375
v 0.0540 0.4714 0.3315
v 0.0439 0.4846 0.3661
v 0.0199 0.4917 0.4027
v 0.0383 0.5263 0.3703
v 0.0348 0.4977 0.3945
v 0.0009 0.5180 0.3883
v 0.0366 0.4848 0.4004
v 0.0449 0.5148 0.3674
v 0.0569 0.4941 0.3841
v 0.0134 0.4974 0.4077
v 0.0558 0.4939 0.3885
v -0.0015 0.5203 0.4066
v -0.0025 0.5178 0.4144
v -0.0166 0.5204 0.3921
v -0.0015 0.5203 0.4066
v -0.0165 0.5138 0.3987
v -0.0025 0.5178 0.4144
v 0.0238 0.5003 0.3997
v 0.0134 0.4974 0.4077
v 0.0362 0.4941 0.4062
v 0.0348 0.4977 0.3945
v -0.0025 0.5178 0.4144
v 0.0366 0.4848 0.4004
v -0.0261 0.5091 0.3798
v -0.0107 0.5093 0.3934
v -0.0166 0.5204 0.3921
v -0.0015 0.5203 0.4066
v 0.0211 0.5277 0.3681
v -0.0107 0.5093 0.3934
v -0.0036 0.5113 0.3498
v 0.0281 0.5258 0.3482
v 0.0009 0.5180 0.3883
v -0.0015 0.5203 0.4066
v -0.0208 0.5079 0.3808
v -0.0196 0.5007 0.3509
v -0.0208 0.5021 0.3423
v 0.0383 0.5263 0.3703
v -0.0208 0.5079 0.3808
v -0.0166 0.5204 0.3921
v -0.0229 0.5177 0.3662
v -0.0196 0.5007 0.3509
v 0.0449 0.5148 0.3674
v 0.0356 0.4888 0.3268
v 0.0445 0.5072 0.3485
v 0.0182 0.4744 0.3241
v 0.0356 0.4888 0.3268
v -0.0036 0.5113 0.3498
v 0.0311 0.4709 0.3185
v 0.0281 0.5258 0.3482
v -0.0108 0.4941 0.3435
v -0.0208 0.5021 0.3423
v 0.0446 0.4694 0.3249
v 0.0440 0.4658 0.3223
v 0.0563 0.4748 0.3424
v 0.0449 0.5148 0.3674
v 0.0383 0.5263 0.3703
v 0.0429 0.4741 0.3438
v 0.0540 0.4714 0.3315
v 0.0421 0.4798 0.3375
v 0.0540 0.4714 0.3315
v 0.0429 0.4741 0.3438
v 0.0440 0.4658 0.3223
v 0.0446 0.4694 0.3249
v 0.0540 0.4714 0.3315
v 0.0305 0.4711 0.3265
v 0.0305 0.4711 0.3265
v 0.0356 0.4888 0.3268
v 0.0446 0.4694 0.3249
v 0.0540 0.4714 0.3315
v 0.0446 0.4694 0.3249
v 0.0563 0.4748 0.3424
v 0.1676 0.2693 0.1689
v 0.1514 0.2901 0.1637
v 0.1553 0.2874 0.1662
v 0.1514 0.2901 0.1637
v 0.1513 0.2906 0.1631
v 0.1553 0.2874 0.1662
v 0.1473 0.2936 0.1603
v 0.1852 0.2912 0.1569
v 0.1631 0.3003 0.1518
v 0.1720 0.3023 0.1452
v 0.1664 0.2937 0.1620
v 0.1556 0.3018 0.1380
v 0.1556 0.3018 0.1380
v 0.1631 0.3003 0.1518
v 0.1664 0.2937 0.1620
v 0.1720 0.3023 0.1452
v 0.1664 0.2937 0.1620
v 0.1803 0.2921 0.1474
v 0.1852 0.2912 0.1569
v 0.1556 0.3018 0.1380
v 0.2123 0.2920 0.3702
v 0.2033 0.2835 0.3677
v 0.2058 0.2874 0.3832
v 0.2106 0.2934 0.3608
v 0.2060 0.2907 0.3551
v 0.2038 0.2862 0.3504
v 0.1994 0.2817 0.3663
v 0.2081 0.2969 0.3528
v 0.2139 0.2888 0.3862
v 0.2161 0.2849 0.4046
v 0.1978 0.2766 0.3713
v 0.2106 0.2774 0.4097
v 0.2033 0.2835 0.3677
v 0.1974 0.2806 0.3942
v 0.2058 0.2874 0.3832
v 0.1978 0.2766 0.3713
v 0.1974 0.2806 0.3942
v 0.1994 0.2817 0.3663
v 0.2038 0.2862 0.3504
v 0.1978 0.2766 0.3713
v 0.2058 0.2874 0.3832
v 0.1974 0.2806 0.3942
v 0.2081 0.2969 0.3528
v 0.2106 0.2934 0.3608
v 0.2104 0.2956 0.3465
v -0.1369 0.1414 0.1053
v -0.1374 0.1225 0.1159
v -0.1630 0.1516 0.1019
v -0.1243 0.1294 0.1136
v -0.1199 0.1393 0.1063
v -0.1503 0.1162 0.1051
v -0.1501 0.1050 0.1090
v -0.1424 0.0958 0.1102
v -0.1515 0.1554 0.1097
v -0.1614 0.1540 0.1034
v -0.1778 0.1631 0.0958
v -0.1342 0.1469 0.1092
v -0.1196 0.1449 0.1112
v -0.2409 0.2600 -0.0114
v -0.2604 0.1707 -0.0005
v -0.2471 0.2052 0.0143
v -0.2576 0.2247 -0.0387
v -0.2161 0.2839 0.0224
v -0.2612 0.1702 -0.0322
v -0.2662 0.1433 -0.0271
v -0.2712 0.1756 -0.1145
v -0.2741 0.1553 -0.1210
v -0.2869 0.1761 -0.1680
v -0.2759 0.2198 -0.1443
v -0.2913 0.1932 -0.1950
v -0.2549 0.1841 -0.0752
v -0.2514 0.2421 -0.0706
v -0.2474 0.1891 -0.1044
v -0.2478 0.2564 -0.1172
v -0.2467 0.1185 0.0084
v -0.2280 0.1091 0.0256
v -0.2754 0.1676 -0.2178
v -0.2760 0.1854 -0.2313
v -0.2023 0.2408 0.0360
v -0.2045 0.2127 0.0332
v -0.2030 0.1407 0.0394
v -0.1970 0.1832 0.0571
v -0.1957 0.1613 0.0643
v -0.1929 0.0894 0.0721
v -0.1559 0.0930 0.1208
v -0.1769 0.1419 0.0945
v -0.1887 0.1645 0.0729
v -0.1569 0.1306 0.1160
v -0.1385 0.1158 0.1415
v -0.2023 0.2741 0.0295
v -0.2113 0.2967 0.0294
v -0.1503 0.1162 0.1051
v -0.1164 0.1185 0.1084
v -0.1243 0.1294 0.1136
v -0.1240 0.1142 0.1043
v -0.1338 0.1081 0.1025
v -0.0992 0.1145 0.0973
v -0.1055 0.1133 0.0967
v -0.1342 0.1469 0.1092
v -0.1515 0.1554 0.1097
v -0.1196 0.1449 0.1112
v -0.1501 0.1050 0.1090
v -0.1424 0.0958 0.1102
v -0.1614 0.1540 0.1034
v -0.1169 0.0777 0.1091
v -0.1070 0.0595 0.0723
v -0.1221 0.0936 0.1010
v -0.1309 0.1107 0.1229
v -0.1240 0.0766 0.1197
v -0.1338 0.1081 0.1025
v -0.1243 0.1294 0.1136
v -0.1240 0.1142 0.1043
v -0.1055 0.1133 0.0967
v -0.1374 0.1225 0.1159
v -0.1424 0.0958 0.1102
v -0.1196 0.1449 0.1112
v -0.1243 0.1294 0.1136
v -0.1199 0.1393 0.1063
v -0.2188 0.1406 -0.0744
v -0.1841 0.1110 -0.0131
v -0.2304 0.0992 0.0013
v -0.2512 0.1186 -0.0416
v -0.1920 0.0785 0.0323
v -0.1646 0.1055 -0.0021
v -0.1624 0.0662 0.0429
v -0.1482 0.1017 0.0121
v -0.1386 0.0608 0.0648
v -0.1242 0.0912 0.0176
v -0.1688 0.0572 0.0747
v -0.1070 0.0595 0.0723
v -0.1875 0.1166 -0.0494
v -0.1057 0.0618 0.0393
v -0.0916 0.0552 0.0544
v -0.2346 0.1375 -0.0980
v -0.2519 0.1462 -0.1205
v -0.2175 0.1512 -0.1133
v -0.2268 0.1658 -0.1350
v -0.2690 0.1666 -0.1739
v -0.2089 0.1287 -0.0961
v -0.1649 0.1338 0.0886
v -0.1652 0.1512 0.0918
v -0.1630 0.1516 0.1019
v -0.1503 0.1162 0.1051
v -0.1754 0.1612 0.0932
v -0.1652 0.1512 0.0918
v -0.1649 0.1338 0.0886
v -0.1614 0.1540 0.1034
v -0.1503 0.1162 0.1051
v -0.1754 0.1612 0.0932
v -0.1778 0.1631 0.0958
v -0.2822 0.1238 -0.2842
v -0.2607 0.0862 -0.2358
v -0.2706 0.1263 -0.2504
v -0.2398 0.1032 -0.1632
v -0.2716 0.0839 -0.2862
v -0.2348 0.0845 -0.1665
v -0.2826 0.0807 -0.3448
v -0.2118 0.1050 -0.0966
v -0.2175 0.1512 -0.1133
v -0.2297 0.1669 -0.1588
v -0.2443 0.1383 -0.1969
v -0.2089 0.1287 -0.0961
v -0.1875 0.1166 -0.0494
v -0.1777 0.0937 -0.0329
v -0.1646 0.1055 -0.0021
v -0.2836 0.1272 -0.3227
v -0.2906 0.1472 -0.3485
v -0.2850 0.1596 -0.3306
v -0.2884 0.1231 -0.3681
v -0.2470 0.1630 -0.1868
v -0.2475 0.1577 -0.1948
v -0.1982 0.0858 -0.0878
v -0.2735 0.1476 -0.3146
v -0.2688 0.1285 -0.2895
v -0.2673 0.1737 -0.2809
v -0.2663 0.1287 -0.2820
v -0.2557 0.1379 -0.2526
v -0.2514 0.1809 -0.2359
v -0.2365 0.1427 -0.2086
v -0.2424 0.1681 -0.2188
v -0.2492 0.2115 -0.2521
v -0.2322 0.1626 -0.2020
v -0.2080 0.0787 -0.1241
v -0.2515 0.2008 -0.2382
v -0.2268 0.1658 -0.1350
v -0.2371 0.1857 -0.1983
v -0.2746 0.1106 -0.4247
v -0.2824 0.1483 -0.4361
v -0.2811 0.1053 -0.4394
v -0.2856 0.1496 -0.3902
v -0.2753 0.1761 -0.4279
v -0.2467 0.0609 -0.4264
v -0.2603 0.0621 -0.3872
v -0.2555 0.1807 -0.2193
v -0.2616 0.0671 -0.4336
v -0.2489 0.1200 -0.2521
v -0.2626 0.1176 -0.2900
v -0.2602 0.0934 -0.2888
v -0.2663 0.1287 -0.2820
v -0.2688 0.1285 -0.2895
v -0.2666 0.1008 -0.3063
v -0.2673 0.1022 -0.3066
v -0.2585 0.0991 -0.2670
v -0.2604 0.0938 -0.2812
v -0.2666 0.1008 -0.3063
v -0.2667 0.1121 -0.2867
v -0.2626 0.1176 -0.2900
v -0.0967 0.1321 0.0748
v -0.0971 0.1322 0.0745
v -0.0991 0.1320 0.0741
v -0.0943 0.1322 0.0753
v -0.1050 0.1294 0.0573
v -0.0890 0.1308 0.0662
v -0.0957 0.1295 0.0594
v -0.0971 0.1322 0.0745
v -0.0943 0.1322 0.0753
v -0.0870 0.1329 0.0770
v -0.0991 0.1320 0.0741
v -0.1143 0.1288 0.0368
v -0.0817 0.1320 0.0682
v -0.0902 0.1249 0.0349
v -0.0571 0.1335 0.0464
v -0.0319 0.1414 0.0348
v -0.1197 0.1392 0.0853
v -0.1021 0.1298 0.0605
v -0.1050 0.1294 0.0573
v -0.0927 0.1301 0.0634
v -0.1400 0.1491 0.0796
v -0.1271 0.1533 0.1069
v -0.1278 0.1363 0.0597
v -0.1143 0.1288 0.0368
v -0.0868 0.0778 0.1217
v -0.1240 0.0766 0.1197
v -0.1169 0.0777 0.1091
v -0.0780 0.0703 0.1315
v -0.0751 0.0759 0.0981
v -0.0665 0.0628 0.0682
v -0.0738 0.0567 0.1039
v -0.0479 0.0394 0.0761
v -0.0376 0.0364 0.0410
v -0.1221 0.0936 0.1010
v -0.1070 0.0595 0.0723
v -0.0783 0.0895 0.0688
v -0.1309 0.1107 0.1229
v -0.0665 0.0628 0.0682
v -0.0555 0.0656 0.0571
v -0.1055 0.1133 0.0967
v -0.1243 0.1294 0.1136
v -0.1164 0.1185 0.1084
v -0.1055 0.1133 0.0967
v -0.1164 0.1185 0.1084
v -0.0992 0.1145 0.0973
v -0.0902 0.1249 0.0349
v -0.0605 0.1322 0.0454
v -0.0890 0.1308 0.0662
v -0.0817 0.1320 0.0682
v -0.0927 0.1301 0.0634
v -0.0870 0.1329 0.0770
v -0.0943 0.1322 0.0753
v -0.0571 0.1335 0.0464
v -0.0319 0.1414 0.0348
v -0.1050 0.1294 0.0573
v -0.0967 0.1321 0.0748
v -0.0991 0.1320 0.0741
v -0.1021 0.1298 0.0605
v -0.1197 0.1392 0.0853
v -0.1278 0.1363 0.0597
v -0.1143 0.1288 0.0368
v -0.0957 0.1295 0.0594
v -0.0927 0.1301 0.0634
v -0.0902 0.1249 0.0349
v -0.1271 0.1533 0.1069
v -0.1400 0.1491 0.0796
v -0.0680 0.1005 0.0788
v -0.0776 0.0820 0.0540
v -0.0501 0.0937 0.0708
v -0.0830 0.0981 0.0655
v -0.0555 0.0656 0.0571
v -0.0501 0.0937 0.0708
v -0.0555 0.0656 0.0571
v -0.0399 0.0920 0.0546
v -0.0438 0.0694 0.0539
v -0.0635 0.0906 -0.0073
v -0.0629 0.0427 -0.0179
v -0.0913 0.0990 -0.0094
v -0.0422 0.0570 -0.0135
v -0.0322 0.0760 -0.0097
v -0.0894 0.0594 -0.0058
v -0.1180 0.0892 -0.0017
v -0.1842 0.1770 0.0930
v -0.1778 0.1631 0.0958
v -0.1824 0.1761 0.0828
v -0.1778 0.1666 0.0869
v -0.1899 0.1882 0.0797
v -0.1979 0.2049 0.0678
v -0.1630 0.1516 0.1019
v -0.2028 0.1869 0.0699
v -0.1880 0.1924 0.0785
v -0.1899 0.1882 0.0797
v -0.1816 0.1794 0.0899
v -0.2140 0.2098 0.0754
v -0.1899 0.1882 0.0797
v -0.1816 0.1794 0.0899
v -0.1842 0.1770 0.0930
v -0.2028 0.1869 0.0699
v -0.1899 0.1882 0.0797
v -0.1979 0.2049 0.0678
v -0.2074 0.2143 0.0503
v -0.2474 0.1891 -0.1044
v -0.2712 0.1756 -0.1145
v -0.2549 0.1841 -0.0752
v -0.2612 0.1702 -0.0322
v -0.2759 0.2198 -0.1443
v -0.2478 0.2564 -0.1172
v -0.1950 0.3207 -0.1411
v -0.2178 0.2871 -0.1758
v -0.2426 0.2807 -0.1340
v -0.2696 0.2239 -0.2047
v -0.1760 0.3030 -0.2073
v -0.1445 0.3363 -0.1903
v -0.1166 0.3231 -0.2741
v -0.1496 0.3063 -0.2496
v -0.1618 0.3391 -0.1419
v -0.1277 0.3619 -0.1544
v -0.1415 0.3034 -0.2933
v -0.1847 0.2723 -0.2972
v -0.1387 0.2878 -0.3292
v -0.0924 0.3490 -0.2211
v -0.1095 0.3537 -0.1821
v -0.0974 0.3739 -0.1599
v -0.0663 0.3807 -0.1746
v -0.0528 0.3448 -0.2654
v -0.0696 0.3326 -0.2915
v -0.0934 0.3111 -0.3137
v -0.1840 0.2780 -0.2214
v -0.1329 0.3569 -0.1206
v -0.2221 0.2494 -0.2125
v -0.2131 0.2450 -0.2191
v -0.2179 0.2391 -0.2653
v -0.2261 0.2932 -0.1205
v -0.2913 0.1932 -0.1950
v -0.2515 0.2008 -0.2382
v -0.2760 0.1854 -0.2313
v -0.2324 0.2145 -0.2357
v -0.1503 0.3381 -0.0975
v -0.1637 0.3283 -0.1127
v -0.1690 0.3047 -0.0782
v -0.1818 0.2893 -0.0879
v -0.1898 0.2784 -0.0684
v -0.1713 0.3243 -0.0571
v -0.2079 0.2987 -0.0081
v -0.1793 0.3376 -0.0058
v -0.2113 0.2967 0.0294
v -0.1740 0.3360 0.0441
v -0.1469 0.3556 0.0142
v -0.1391 0.3700 -0.0156
v -0.2026 0.2962 0.0588
v -0.2074 0.2567 -0.0528
v -0.2409 0.2600 -0.0114
v -0.2161 0.2839 0.0224
v -0.2458 0.2411 -0.0543
v -0.2576 0.2247 -0.0387
v -0.2514 0.2421 -0.0706
v -0.2360 0.2681 -0.0828
v -0.2492 0.2115 -0.2521
v -0.2244 0.2228 -0.3045
v -0.1959 0.2547 -0.3340
v -0.1831 0.2626 -0.3081
v -0.2673 0.1737 -0.2809
v -0.2209 0.2014 -0.3433
v -0.2431 0.1738 -0.3247
v -0.2735 0.1476 -0.3146
v -0.1948 0.2303 -0.3668
v -0.2068 0.2108 -0.3858
v -0.0751 0.0759 0.0981
v -0.0628 0.0839 0.0910
v -0.0665 0.0628 0.0682
v -0.0555 0.0656 0.0571
v -0.0761 0.0926 0.1309
v -0.0868 0.0778 0.1217
v -0.0786 0.1029 0.1346
v -0.0637 0.0917 0.0738
v -0.0438 0.0694 0.0539
v -0.0452 0.0929 0.0440
v -0.0637 0.0917 0.0738
v -0.0830 0.0981 0.0655
v -0.0680 0.1005 0.0788
v -0.0776 0.0820 0.0540
v -0.0501 0.0937 0.0708
v -0.0776 0.0820 0.0540
v -0.0783 0.0895 0.0688
v -0.0555 0.0656 0.0571
v -0.0618 0.1023 0.0398
v -0.0563 0.0912 0.0378
v -0.0452 0.0929 0.0440
v -0.0747 0.0963 0.0345
v -0.0803 0.1089 0.0432
v -0.0684 0.0890 0.0272
v -0.0557 0.0875 0.0262
v -0.0424 0.0832 0.0334
v -0.0426 0.0840 0.0479
v -0.0574 0.1039 0.0210
v -0.0557 0.0875 0.0262
v -0.0684 0.0890 0.0272
v -0.0484 0.0999 0.0265
v -0.0424 0.0832 0.0334
v -0.0301 0.0972 0.0252
v -0.0747 0.0963 0.0345
v -0.0712 0.1100 0.0327
v -0.0803 0.1089 0.0432
v -0.0618 0.1023 0.0398
v -0.0452 0.0929 0.0440
v -0.0416 0.0958 0.0393
v -0.0484 0.0999 0.0265
v -0.0712 0.1100 0.0327
v -0.0803 0.1089 0.0432
v -0.0301 0.0972 0.0252
v -0.0246 0.0901 0.0403
v -0.0399 0.0920 0.0546
v -0.0574 0.1039 0.0210
v -0.0501 0.0937 0.0708
v -0.0637 0.0917 0.0738
v -0.0412 0.0622 -0.0701
v -0.0490 0.0457 -0.0338
v -0.0422 0.0570 -0.0135
v -0.0322 0.0760 -0.0097
v -0.0327 0.0829 -0.0681
v -0.0349 0.0833 -0.1379
v -0.0629 0.0427 -0.0179
v -0.0399 0.0920 0.0546
v -0.0438 0.0694 0.0539
v -0.0426 0.0840 0.0479
v -0.0424 0.0832 0.0334
v -0.0438 0.0694 0.0539
v -0.0452 0.0929 0.0440
v -0.0426 0.0840 0.0479
v -0.0246 0.0901 0.0403
v -0.0424 0.0832 0.0334
v -0.0301 0.0972 0.0252
v -0.0399 0.0920 0.0546
v 0.0407 0.2176 -0.2524
v 0.0412 0.1784 -0.2288
v 0.0239 0.1800 -0.2350
v 0.0144 0.1546 -0.2015
v 0.0376 0.1404 -0.2009
v 0.0072 0.1321 -0.1757
v 0.0151 0.1115 -0.1499
v 0.0061 0.0971 -0.1280
v 0.0321 0.0736 -0.1048
v 0.0098 0.0811 -0.0997
v 0.0133 0.0613 -0.0499
v 0.0129 0.0490 -0.0191
v 0.0587 0.0408 -0.0665
v 0.0681 0.0282 -0.0441
v 0.0501 0.0176 0.0191
v 0.0109 0.0386 0.0117
v -0.0216 0.0422 0.0565
v 0.0334 0.0996 -0.1604
v 0.0373 0.1086 -0.3222
v 0.0251 0.1158 -0.3357
v 0.0449 0.1193 -0.3508
v 0.0240 0.1069 -0.3079
v 0.0565 0.1281 -0.3805
v 0.0303 0.0871 -0.2778
v 0.0474 0.1077 -0.3064
v 0.0473 0.0821 -0.2707
v 0.0453 0.0652 -0.2304
v 0.0428 0.0631 -0.1563
v 0.0559 0.0480 -0.1244
v 0.0536 0.0578 -0.1640
v 0.0689 0.0559 -0.1849
v 0.0072 0.1321 -0.1757
v 0.0107 0.1913 -0.2829
v 0.0144 0.1546 -0.2015
v 0.0239 0.1800 -0.2350
v 0.0407 0.2176 -0.2524
v 0.0283 0.2149 -0.2831
v 0.0461 0.2297 -0.2622
v -0.0051 0.1767 -0.3013
v 0.0015 0.1487 -0.2724
v -0.0021 0.1250 -0.2287
v -0.0011 0.1102 -0.1966
v -0.0037 0.0894 -0.1641
v 0.0061 0.0971 -0.1280
v -0.0035 0.0684 -0.1076
v 0.0098 0.0811 -0.0997
v 0.0133 0.0613 -0.0499
v -0.0036 0.0368 -0.0209
v 0.0129 0.0490 -0.0191
v 0.0354 0.2463 -0.2836
v 0.0109 0.0386 0.0117
v 0.0522 0.2411 -0.2620
v 0.0704 0.2796 -0.2634
v 0.0693 0.2645 -0.2556
v 0.0849 0.2801 -0.2431
v 0.1034 0.3108 -0.2368
v -0.0163 0.1288 -0.2558
v 0.1058 0.2926 -0.2267
v 0.1263 0.3178 -0.2181
v -0.0139 0.1510 -0.2862
v -0.0254 0.0640 -0.1137
v -0.0184 0.0546 -0.0816
v -0.0248 0.0887 -0.1719
v -0.0216 0.1166 -0.2080
v 0.1801 0.0966 -0.0690
v 0.1690 0.0474 -0.0451
v 0.1459 0.0610 -0.0496
v 0.1070 0.0166 -0.0179
v 0.1934 0.0620 -0.0651
v 0.1912 0.0886 -0.0756
v 0.2425 0.0652 -0.0677
v 0.2004 0.1060 -0.0816
v 0.2373 0.1016 -0.0874
v 0.1879 0.0284 -0.0216
v 0.0867 0.0339 -0.0507
v 0.0681 0.0282 -0.0441
v 0.0587 0.0408 -0.0665
v 0.0950 0.0626 -0.0525
v 0.0780 0.0702 -0.0603
v 0.2316 0.1857 0.0193
v 0.2316 0.1860 0.0197
v 0.2282 0.1834 0.0164
v 0.1788 0.1268 -0.0232
v 0.1910 0.1322 -0.0119
v 0.1747 0.1302 0.0004
v 0.2024 0.1351 -0.0190
v 0.1671 0.1206 -0.0289
v 0.1488 0.1191 0.0098
v 0.1777 0.1175 -0.0457
v 0.1780 0.1349 0.0074
v 0.1935 0.1405 0.0077
v 0.1679 0.1087 -0.0476
v 0.1746 0.1644 0.0501
v 0.1997 0.1421 0.0097
v 0.2097 0.1450 -0.0657
v 0.2175 0.1470 -0.0249
v 0.1838 0.1726 0.0475
v 0.1972 0.1672 0.0368
v 0.2156 0.1523 0.0147
v 0.2328 0.1822 0.0173
v 0.2316 0.1839 0.0177
v 0.2282 0.1834 0.0164
v 0.2316 0.1857 0.0193
v 0.2343 0.1790 0.0121
v 0.2156 0.1523 0.0147
v 0.2322 0.1542 0.0120
v 0.2197 0.1616 0.0169
v 0.2107 0.1902 0.0324
v 0.2280 0.1287 -0.0035
v 0.2550 0.1445 -0.0024
v 0.2588 0.1170 -0.0220
v 0.2434 0.1836 0.0318
v 0.2142 0.1008 -0.0270
v 0.2577 0.0997 -0.0476
v 0.1972 0.1672 0.0368
v 0.2316 0.1862 0.0194
v 0.2316 0.1839 0.0177
v 0.2328 0.1822 0.0173
v 0.1901 0.2235 0.0839
v 0.1879 0.2212 0.0964
v 0.1485 0.2366 0.0956
v 0.1491 0.2363 0.1063
v 0.1930 0.2211 0.0544
v 0.1468 0.2334 0.0613
v 0.1297 0.2552 0.0753
v 0.2032 0.2047 0.0730
v 0.1880 0.2084 0.1046
v 0.1509 0.2435 0.1222
v 0.1297 0.2552 0.0753
v 0.1449 0.2425 0.0847
v 0.1164 0.2655 0.0851
v 0.1118 0.2662 0.0563
v 0.1485 0.2366 0.0956
v 0.1530 0.2276 0.0947
v 0.1078 0.2674 0.0764
v 0.1028 0.2710 0.0530
v 0.1785 0.1956 0.0535
v 0.1930 0.2211 0.0544
v 0.1676 0.2117 0.0508
v 0.1935 0.2017 0.0506
v 0.1468 0.2334 0.0613
v 0.1676 0.2117 0.0508
v 0.1468 0.2334 0.0613
v 0.1525 0.2281 0.0479
v 0.0898 0.2761 0.0517
v 0.1028 0.2710 0.0530
v 0.1040 0.2698 0.0521
v 0.1297 0.2552 0.0753
v 0.1078 0.2674 0.0764
v 0.0969 0.2725 0.0454
v 0.1338 0.2547 0.0883
v 0.1164 0.2655 0.0851
v 0.1485 0.2366 0.0956
v 0.0895 0.2740 0.0328
v 0.0898 0.2761 0.0517
v 0.0916 0.2726 0.0269
v 0.0893 0.2725 0.0229
v 0.1028 0.2710 0.0530
v 0.0976 0.2715 0.0411
v 0.0969 0.2725 0.0454
v 0.0894 0.2746 0.0331
v 0.0898 0.2761 0.0517
v 0.0895 0.2740 0.0328
v 0.0893 0.2725 0.0229
v 0.1485 0.2366 0.0956
v 0.1338 0.2547 0.0883
v 0.1164 0.2655 0.0851
v 0.1033 0.2704 0.0535
v 0.0969 0.2725 0.0454
v 0.1040 0.2698 0.0521
v 0.1297 0.2552 0.0753
v 0.1028 0.2710 0.0530
v 0.0898 0.2761 0.0517
v 0.0895 0.2740 0.0328
v 0.0976 0.2715 0.0411
v 0.1028 0.2710 0.0530
v 0.1118 0.2662 0.0563
v 0.1033 0.2704 0.0535
v 0.1297 0.2552 0.0753
v 0.1028 0.2710 0.0530
v 0.0916 0.2726 0.0269
v 0.0898 0.2761 0.0517
v 0.0894 0.2746 0.0331
v 0.0893 0.2725 0.0229
v -0.1402 0.3574 0.1140
v -0.1643 0.3366 0.1294
v -0.1189 0.3381 0.1158
v -0.1248 0.3703 0.1038
v -0.1030 0.3390 0.1095
v -0.1623 0.3494 0.1266
v -0.1411 0.3167 0.1211
v -0.1572 0.3043 0.1409
v -0.1287 0.3010 0.0938
v -0.1449 0.3755 0.0979
v -0.1467 0.3794 0.1168
v -0.1593 0.3922 0.1138
v -0.1438 0.3971 0.1169
v -0.1593 0.3922 0.1138
v -0.1467 0.3794 0.1168
v -0.1294 0.3271 -0.0557
v -0.1713 0.3243 -0.0571
v -0.1493 0.3394 -0.0413
v -0.1690 0.3047 -0.0782
v -0.1472 0.3096 -0.0846
v -0.1005 0.3338 -0.0736
v -0.1793 0.3376 -0.0058
v -0.1391 0.3700 -0.0156
v -0.0880 0.3616 -0.0541
v -0.1263 0.3201 -0.0946
v 0.0689 0.3594 -0.0014
v 0.0374 0.3739 0.0347
v 0.0662 0.3689 0.0299
v 0.0540 0.3783 0.0544
v 0.0917 0.3606 0.0381
v 0.0219 0.3773 0.0114
v 0.0154 0.3766 -0.0158
v 0.0078 0.3825 -0.0033
v -0.0373 0.3801 -0.0292
v -0.0794 0.3852 -0.0173
v 0.0041 0.3791 0.0294
v 0.0171 0.3798 0.0429
v 0.1092 0.3339 0.0121
v 0.0777 0.3814 0.0520
v 0.0721 0.3385 -0.0175
v 0.1200 0.3537 0.0302
v 0.1458 0.3357 0.0335
v 0.1460 0.3510 0.0577
v 0.1225 0.3736 0.0662
v 0.1551 0.3535 0.0861
v 0.1459 0.3147 0.0123
v 0.1476 0.3191 -0.0244
v 0.1148 0.3401 -0.0184
v 0.1329 0.3196 -0.0524
v 0.1037 0.3346 -0.0624
v 0.0748 0.3462 -0.0450
v 0.1609 0.3004 -0.0584
v 0.0731 0.3463 -0.0718
v 0.0466 0.3630 -0.1034
v 0.1579 0.3093 -0.0248
v 0.1888 0.2916 -0.0431
v 0.1672 0.3228 -0.0175
v -0.0197 0.3725 0.0084
v -0.0532 0.3721 0.0150
v -0.1188 0.3654 0.0065
v -0.1391 0.3700 -0.0156
v -0.1469 0.3556 0.0142
v -0.1248 0.3703 0.1038
v -0.0857 0.3597 0.1196
v -0.1042 0.3929 0.1110
v -0.0768 0.3672 0.1236
v -0.1030 0.3390 0.1095
v -0.0802 0.3848 0.1300
v -0.0896 0.3995 0.1266
v -0.1217 0.3907 0.0943
v 0.0285 0.4230 0.1074
v 0.0527 0.3837 0.1274
v 0.0830 0.4052 0.1082
v 0.0737 0.3728 0.1273
v 0.1034 0.3885 0.1081
v 0.1131 0.3680 0.1138
v 0.0985 0.3531 0.1235
v 0.0224 0.3785 0.1187
v -0.0023 0.4201 0.1051
v 0.0007 0.3892 0.1175
v -0.0193 0.4223 0.1091
v -0.0342 0.4054 0.1172
v 0.1151 0.3523 0.1388
v -0.0228 0.4241 0.0630
v -0.0467 0.4292 0.1026
v -0.0342 0.4054 0.1172
v -0.0510 0.4170 0.1201
v -0.0373 0.3801 -0.0292
v 0.0154 0.3766 -0.0158
v 0.0499 0.3568 -0.0169
v 0.0689 0.3594 -0.0014
v 0.0649 0.3354 -0.0119
v 0.0133 0.3465 -0.0211
v -0.0414 0.3545 -0.0487
v -0.0743 0.3496 -0.0658
v -0.0880 0.3616 -0.0541
v -0.1005 0.3338 -0.0736
v -0.0794 0.3852 -0.0173
v -0.1391 0.3700 -0.0156
v 0.0419 0.3359 -0.0151
v 0.0789 0.3188 -0.0108
v 0.0943 0.3234 -0.0038
v 0.0889 0.3180 -0.0102
v 0.0721 0.3385 -0.0175
v 0.0562 0.3295 -0.0193
v 0.0649 0.3354 -0.0119
v 0.0689 0.3594 -0.0014
v 0.0219 0.3773 0.0114
v 0.0287 0.4346 0.0139
v 0.0262 0.3998 0.0167
v 0.0441 0.4102 0.0260
v 0.0383 0.3959 0.0257
v -0.0197 0.3725 0.0084
v -0.0490 0.4086 0.0105
v -0.0532 0.3721 0.0150
v 0.0779 0.3459 0.1207
v 0.0438 0.3535 0.0903
v 0.0573 0.3545 0.1270
v 0.0342 0.3598 0.1213
v 0.0315 0.3610 0.1241
v 0.0252 0.3624 0.1225
v 0.0220 0.3630 0.1217
v 0.0619 0.3493 0.0856
v 0.0336 0.3603 0.1256
v 0.0212 0.3646 0.1248
v 0.0825 0.3483 0.0953
v 0.0942 0.3382 0.1205
v 0.0981 0.3322 0.1087
v 0.0945 0.3312 0.0979
v 0.1150 0.3187 0.1141
v 0.1024 0.3231 0.1046
v 0.0945 0.3312 0.0979
v 0.1150 0.3187 0.1141
v 0.1046 0.3130 0.0845
v 0.0895 0.3384 0.0996
v 0.1366 0.3095 0.1211
v 0.1148 0.3136 0.1077
v 0.0391 0.3598 0.1156
v 0.0336 0.3603 0.1256
v 0.0342 0.3598 0.1213
v 0.0438 0.3535 0.0903
v 0.0472 0.3691 0.1161
v 0.0220 0.3630 0.1217
v 0.0212 0.3646 0.1248
v 0.0573 0.3545 0.1270
v 0.0756 0.3532 0.0950
v 0.0895 0.3384 0.0996
v 0.0809 0.3588 0.1165
v 0.0981 0.3322 0.1087
v 0.1024 0.3231 0.1046
v 0.1046 0.3130 0.0845
v 0.0942 0.3382 0.1205
v 0.1148 0.3136 0.1077
v 0.1150 0.3187 0.1141
v 0.1366 0.3095 0.1211
v 0.0472 0.3691 0.1161
v 0.0737 0.3728 0.1273
v 0.0985 0.3531 0.1235
v 0.0527 0.3837 0.1274
v 0.0362 0.3755 0.1167
v 0.0619 0.3493 0.0856
v 0.0825 0.3483 0.0953
v 0.0438 0.3535 0.0903
v 0.0224 0.3785 0.1187
v 0.0224 0.3785 0.1187
v 0.0472 0.3691 0.1161
v 0.0362 0.3755 0.1167
v 0.0409 0.3982 0.0715
v 0.0414 0.3939 0.0884
v 0.0365 0.3968 0.0834
v 0.0518 0.3926 0.0756
v 0.0569 0.3962 0.0573
v 0.0441 0.4102 0.0260
v 0.0592 0.4033 0.0286
v 0.0378 0.3923 0.0897
v 0.0871 0.4182 0.0213
v 0.0789 0.3969 0.0333
v 0.0287 0.4346 0.0139
v 0.1047 0.3859 0.0264
v 0.0662 0.3689 0.0299
v 0.0777 0.3814 0.0520
v 0.0917 0.3606 0.0381
v 0.1200 0.3537 0.0302
v 0.0573 0.3545 0.1270
v 0.0809 0.3588 0.1165
v 0.0779 0.3459 0.1207
v 0.0942 0.3382 0.1205
v 0.0728 0.3694 0.1259
v 0.0472 0.3691 0.1161
v 0.0391 0.3598 0.1156
v 0.0383 0.3959 0.0257
v 0.0413 0.3865 0.0717
v 0.0540 0.3783 0.0544
v 0.0413 0.3865 0.0717
v 0.0378 0.3923 0.0897
v 0.0518 0.3926 0.0756
v 0.0414 0.3939 0.0884
v 0.0540 0.3783 0.0544
v 0.0413 0.3865 0.0717
v 0.0383 0.3959 0.0257
v 0.0409 0.3982 0.0715
v 0.0378 0.3923 0.0897
v 0.0441 0.4102 0.0260
v 0.0365 0.3968 0.0834
v 0.0262 0.3998 0.0167
v 0.0171 0.3798 0.0429
v 0.0074 0.3911 0.0249
v 0.0383 0.3959 0.0257
v 0.0041 0.3791 0.0294
v 0.0374 0.3739 0.0347
v 0.0540 0.3783 0.0544
v 0.0569 0.3962 0.0573
v 0.0592 0.4033 0.0286
v 0.0540 0.3783 0.0544
v 0.0518 0.3926 0.0756
v 0.0662 0.3689 0.0299
v -0.0304 0.3563 -0.0826
v -0.0303 0.3514 -0.0553
v 0.0227 0.3450 -0.0419
v -0.0743 0.3496 -0.0658
v -0.1178 0.3514 -0.1082
v -0.0842 0.3552 -0.1131
v 0.0133 0.3465 -0.0211
v -0.1329 0.3569 -0.1206
v -0.0974 0.3739 -0.1599
v -0.1503 0.3381 -0.0975
v -0.0630 0.3719 -0.1271
v -0.0663 0.3807 -0.1746
v 0.0315 0.3650 -0.0644
v -0.0240 0.3712 -0.1396
v 0.0237 0.3717 -0.1358
v 0.0466 0.3630 -0.1034
v 0.1055 0.3585 -0.0869
v 0.0731 0.3463 -0.0718
v 0.0562 0.3295 -0.0193
v 0.0748 0.3462 -0.0450
v 0.0721 0.3385 -0.0175
v 0.1148 0.3401 -0.0184
v 0.1092 0.3339 0.0121
v -0.0414 0.3545 -0.0487
v 0.1037 0.3346 -0.0624
v 0.1327 0.3372 -0.0672
v 0.0419 0.3359 -0.0151
v 0.0789 0.3188 -0.0108
v 0.0747 0.3235 -0.0181
v 0.1329 0.3196 -0.0524
v 0.1609 0.3004 -0.0584
v 0.0886 0.4286 0.0288
v 0.0871 0.4182 0.0213
v 0.0569 0.4425 0.0244
v 0.0287 0.4346 0.0139
v -0.0034 0.4372 0.0189
v -0.0156 0.4210 0.0208
v 0.1047 0.3859 0.0264
v 0.1160 0.3912 0.0318
v 0.1200 0.3537 0.0302
v 0.0219 0.3773 0.0114
v 0.0074 0.3911 0.0249
v 0.0041 0.3791 0.0294
v 0.0262 0.3998 0.0167
v 0.0895 0.3384 0.0996
v 0.0756 0.3532 0.0950
v 0.0825 0.3483 0.0953
v 0.0945 0.3312 0.0979
v 0.1531 0.2893 -0.0045
v 0.1570 0.3026 -0.0129
v 0.1405 0.3020 -0.0045
v 0.1888 0.2916 -0.0431
v 0.1579 0.3093 -0.0248
v 0.1517 0.2921 0.0062
v 0.1651 0.2666 0.0082
v 0.2311 0.2120 -0.0088
v 0.2013 0.2743 -0.0103
v 0.1823 0.2348 0.0076
v 0.2352 0.2441 -0.0240
v 0.2518 0.1988 -0.0172
v 0.2014 0.2905 -0.0250
v 0.2099 0.2149 -0.0030
v 0.0789 0.3188 -0.0108
v 0.0889 0.3180 -0.0102
v 0.0886 0.3265 -0.0116
v 0.0789 0.3246 -0.0174
v 0.0747 0.3235 -0.0181
v 0.0943 0.3234 -0.0038
v 0.0846 0.3078 -0.0382
v 0.0739 0.3209 -0.0536
v 0.0833 0.3084 -0.0457
v 0.0816 0.3262 -0.0394
v 0.0777 0.3814 0.0520
v 0.0662 0.3689 0.0299
v 0.0789 0.3969 0.0333
v 0.1526 0.3777 0.0536
v 0.1458 0.3357 0.0335
v 0.1460 0.3510 0.0577
v 0.1459 0.3147 0.0123
v 0.1805 0.3750 0.0091
v 0.1717 0.3494 -0.0014
v 0.1672 0.3228 -0.0175
v 0.1724 0.3869 0.0359
v 0.1616 0.3830 0.0683
v 0.1551 0.3535 0.0861
v 0.1753 0.3869 0.0569
v 0.0747 0.3235 -0.0181
v 0.0789 0.3246 -0.0174
v 0.0649 0.3354 -0.0119
v 0.0562 0.3295 -0.0193
v 0.0943 0.3234 -0.0038
v 0.0886 0.3265 -0.0116
v 0.0943 0.3234 -0.0038
v 0.0789 0.3246 -0.0174
v 0.2075 0.1284 0.0604
v 0.2189 0.1443 0.0500
v 0.2166 0.1310 0.0791
v 0.1645 0.0704 0.1082
v 0.2079 0.1222 0.0168
v 0.1640 0.0741 0.0527
v 0.2318 0.1507 0.0467
v 0.2197 0.1616 0.0169
v 0.2318 0.1507 0.0467
v 0.2197 0.1616 0.0169
v 0.2322 0.1542 0.0120
v 0.1642 0.1404 0.0352
v 0.1559 0.1414 0.0640
v 0.1906 0.1379 0.0659
v 0.1991 0.1439 0.0572
v 0.1978 0.1332 0.0139
v 0.1780 0.1349 0.0074
v 0.2005 0.1268 -0.0014
v 0.1671 0.1206 -0.0289
v 0.1488 0.1191 0.0098
v 0.1844 0.1534 0.0726
v 0.1596 0.1527 0.0780
v 0.1546 0.1614 0.0994
v 0.1914 0.1607 0.0920
v 0.1916 0.1698 0.1019
v 0.1542 0.1754 0.1158
v 0.1785 0.1956 0.0535
v 0.1596 0.1527 0.0780
v 0.1746 0.1644 0.0501
v 0.1635 0.2026 0.0697
v 0.1838 0.1726 0.0475
v 0.1559 0.1414 0.0640
v 0.1642 0.1404 0.0352
v 0.1780 0.1349 0.0074
v 0.2029 0.1477 0.0936
v 0.2034 0.1412 0.0919
v 0.1979 0.1410 0.0895
v 0.2036 0.1362 0.0818
v 0.1991 0.1439 0.0572
v 0.2004 0.1673 0.0595
v 0.1974 0.1689 0.0686
v 0.2036 0.1362 0.0818
v 0.1961 0.1553 0.0512
v 0.2107 0.1902 0.0324
v 0.1979 0.1410 0.0895
v 0.2029 0.1477 0.0936
v 0.1972 0.1672 0.0368
v 0.2036 0.1362 0.0818
v 0.2190 0.1597 0.0592
v 0.2189 0.1443 0.0500
v 0.2197 0.1616 0.0169
v 0.2305 0.1781 0.0208
v 0.2343 0.1790 0.0121
v 0.2091 0.1438 0.0786
v 0.2034 0.1412 0.0919
v 0.2096 0.1482 0.0812
v 0.2029 0.1477 0.0936
v 0.2328 0.1822 0.0173
v 0.2316 0.1862 0.0194
v 0.2036 0.1362 0.0818
v 0.2189 0.1443 0.0500
v 0.1991 0.1439 0.0572
v 0.1991 0.1439 0.0572
v 0.2189 0.1443 0.0500
v 0.2075 0.1284 0.0604
v 0.1997 0.1421 0.0097
v 0.1978 0.1332 0.0139
v 0.2057 0.1447 0.0405
v 0.2156 0.1523 0.0147
v 0.1991 0.1439 0.0572
v 0.1935 0.1405 0.0077
v 0.1910 0.1322 -0.0119
v 0.2039 0.1306 -0.0123
v 0.2005 0.1268 -0.0014
v 0.2024 0.1351 -0.0190
v 0.2098 0.1296 -0.0154
v 0.1978 0.1332 0.0139
v 0.1935 0.1405 0.0077
v 0.1844 0.1534 0.0726
v 0.1838 0.1726 0.0475
v 0.1961 0.1553 0.0512
v 0.1972 0.1672 0.0368
v 0.1906 0.1379 0.0659
v 0.1991 0.1439 0.0572
v 0.1817 0.1728 0.0679
v 0.1835 0.1910 0.0567
v 0.1914 0.1607 0.0920
v 0.1785 0.1956 0.0535
v 0.1990 0.1879 0.0765
v 0.1935 0.2017 0.0506
v 0.1835 0.1910 0.0567
v 0.1950 0.1764 0.0818
v 0.1817 0.1728 0.0679
v 0.1914 0.1607 0.0920
v 0.2032 0.2047 0.0730
v 0.1930 0.2211 0.0544
v 0.1785 0.1956 0.0535
v 0.2318 0.1507 0.0467
v 0.2204 0.1926 0.0478
v 0.2175 0.1543 0.0957
v 0.2082 0.1897 0.0637
v 0.2114 0.1706 0.0894
v 0.2103 0.1365 0.1140
v 0.2434 0.1836 0.0318
v 0.2322 0.1542 0.0120
v 0.1950 0.1764 0.0818
v 0.2114 0.1706 0.0894
v 0.2082 0.1897 0.0637
v 0.2082 0.1897 0.0637
v 0.1990 0.1879 0.0765
v 0.1950 0.1764 0.0818
v 0.2282 0.1834 0.0164
v 0.2316 0.1862 0.0194
v 0.2305 0.1781 0.0208
v 0.2107 0.1902 0.0324
v 0.2190 0.1597 0.0592
v 0.2004 0.1673 0.0595
v 0.2305 0.1781 0.0208
v 0.2282 0.1834 0.0164
v 0.1974 0.1689 0.0686
v 0.2029 0.1477 0.0936
v 0.2175 0.1470 -0.0249
v 0.2256 0.1797 -0.0482
v 0.2361 0.1664 -0.0291
v 0.2397 0.1607 -0.0106
v 0.2216 0.1399 -0.0141
v 0.2123 0.1354 -0.0159
v 0.2024 0.1351 -0.0190
v 0.2097 0.1450 -0.0657
v 0.2362 0.1736 -0.0289
v 0.2384 0.1736 -0.0144
v 0.2098 0.1296 -0.0154
v 0.2153 0.1375 -0.0137
v 0.2246 0.2229 -0.0622
v 0.2309 0.1934 -0.0524
v 0.2086 0.2165 -0.0570
v 0.1912 0.2498 -0.0693
v 0.2199 0.1861 -0.0525
v 0.1937 0.2692 -0.0663
v 0.2486 0.2183 -0.0478
v 0.2425 0.1761 -0.0564
v 0.2318 0.1755 -0.0246
v 0.2276 0.1910 -0.0360
v 0.2418 0.1986 -0.0315
v 0.2315 0.1986 -0.0380
v 0.2219 0.1776 -0.0330
v 0.2264 0.1690 -0.0155
v 0.2415 0.1888 -0.0170
v 0.2384 0.1736 -0.0144
v 0.2454 0.1753 -0.0094
v 0.2397 0.1607 -0.0106
v 0.2214 0.1910 -0.0358
v 0.2015 0.1023 -0.0285
v 0.2144 0.0944 -0.0423
v 0.1954 0.0983 -0.0632
v 0.2280 0.0949 -0.0678
v 0.1791 0.0938 -0.0507
v 0.2153 0.1375 -0.0137
v 0.2263 0.1204 -0.0315
v 0.2098 0.1296 -0.0154
v 0.2216 0.1399 -0.0141
v 0.2146 0.1060 -0.0401
v 0.2355 0.1074 -0.0470
v 0.2528 0.1456 -0.0198
v 0.2397 0.1607 -0.0106
v 0.2454 0.1753 -0.0094
v 0.2005 0.1268 -0.0014
v 0.1679 0.1087 -0.0476
v 0.1671 0.1206 -0.0289
v 0.2015 0.1023 -0.0285
v 0.2005 0.1268 -0.0014
v 0.1791 0.0938 -0.0507
v 0.1644 0.0999 -0.0531
v 0.1791 0.0938 -0.0507
v 0.1556 0.0777 -0.0470
v 0.1644 0.0999 -0.0531
v 0.2410 0.1104 -0.0787
v 0.2355 0.1074 -0.0470
v 0.2512 0.1172 -0.0709
v 0.2280 0.0949 -0.0678
v 0.2144 0.0944 -0.0423
v 0.2457 0.1365 -0.0426
v 0.2263 0.1204 -0.0315
v 0.2528 0.1456 -0.0198
v 0.2432 0.1286 -0.1014
v 0.2373 0.1016 -0.0874
v 0.2406 0.1228 -0.1139
v 0.2410 0.1104 -0.0787
v 0.2004 0.1060 -0.0816
v 0.1878 0.1124 -0.0700
v 0.2373 0.1016 -0.0874
v 0.2123 0.1354 -0.0159
v 0.2216 0.1399 -0.0141
v 0.2153 0.1375 -0.0137
v 0.2362 0.1736 -0.0289
v 0.2310 0.1773 -0.0302
v 0.2318 0.1755 -0.0246
v 0.2384 0.1736 -0.0144
v 0.2264 0.1690 -0.0155
v 0.2219 0.1776 -0.0330
v 0.2256 0.1797 -0.0482
v 0.2370 0.1650 -0.1059
v 0.2457 0.1365 -0.0426
v 0.2278 0.1768 -0.0803
v 0.2256 0.1862 -0.1005
v 0.2279 0.1829 -0.1166
v 0.2240 0.1791 -0.0673
v 0.2230 0.1970 -0.1090
v 0.2209 0.1952 -0.0968
v 0.2219 0.2010 -0.1165
v 0.2512 0.1172 -0.0709
v 0.2432 0.1286 -0.1014
v 0.2299 0.1560 -0.1215
v 0.2406 0.1228 -0.1139
v 0.2446 0.1779 -0.0318
v 0.2528 0.1456 -0.0198
v 0.2454 0.1753 -0.0094
v 0.2418 0.1986 -0.0315
v 0.2415 0.1888 -0.0170
v 0.2219 0.1776 -0.0330
v 0.2256 0.1797 -0.0482
v 0.2446 0.1779 -0.0318
v 0.2240 0.1791 -0.0673
v 0.2486 0.2183 -0.0478
v 0.2352 0.2441 -0.0240
v 0.2518 0.1988 -0.0172
v 0.2125 0.2718 -0.0432
v 0.2014 0.2905 -0.0250
v 0.2646 0.1788 -0.0084
v 0.2443 0.2044 0.0203
v 0.2434 0.1836 0.0318
v 0.2231 0.2160 0.0519
v 0.2213 0.2055 0.0604
v 0.2565 0.1467 -0.0412
v 0.2655 0.1150 -0.0453
v 0.2425 0.1761 -0.0564
v 0.2373 0.1998 -0.1161
v 0.2458 0.1702 -0.1165
v 0.2551 0.1296 -0.1149
v 0.2659 0.0809 -0.0845
v 0.2169 0.2422 -0.1484
v 0.2023 0.2781 -0.1503
v 0.2085 0.2494 -0.0831
v 0.1880 0.2991 -0.1070
v 0.2328 0.1919 -0.0738
v 0.1827 0.3072 -0.1665
v 0.2309 0.1934 -0.0524
v 0.1735 0.3196 -0.1313
v 0.1937 0.2692 -0.0663
v 0.2602 0.0804 -0.0995
v 0.2215 0.1954 -0.0653
v 0.2256 0.1797 -0.0482
v 0.2310 0.1773 -0.0302
v 0.2361 0.1664 -0.0291
v 0.2361 0.1664 -0.0291
v 0.2310 0.1773 -0.0302
v 0.2362 0.1736 -0.0289
v 0.2342 0.1898 0.1128
v 0.2345 0.1893 0.1124
v 0.2345 0.1897 0.1128
v 0.2347 0.1900 0.1130
v 0.2328 0.1926 0.1152
v 0.2351 0.1922 0.1147
v 0.2344 0.1923 0.1148
v 0.2305 0.1980 0.1157
v 0.2351 0.1922 0.1147
v 0.2363 0.2018 0.1104
v 0.2339 0.2101 0.1063
v 0.2344 0.1923 0.1148
v 0.2328 0.1926 0.1152
v 0.2282 0.1951 0.1185
v 0.2328 0.1926 0.1152
v 0.2347 0.1900 0.1130
v 0.2344 0.1923 0.1148
v 0.1947 0.1839 0.0881
v 0.2114 0.1706 0.0894
v 0.1950 0.1764 0.0818
v 0.2213 0.2055 0.0604
v 0.2082 0.1897 0.0637
v 0.2204 0.1926 0.0478
v 0.2434 0.1836 0.0318
v 0.2353 0.2041 0.0005
v 0.2099 0.2149 -0.0030
v 0.2015 0.2046 0.0255
v 0.2311 0.2120 -0.0088
v 0.2518 0.1988 -0.0172
v 0.1823 0.2348 0.0076
v 0.2443 0.2044 0.0203
v 0.2231 0.2160 0.0519
v 0.2091 0.2227 0.0559
v 0.2324 0.2154 0.0539
v 0.1807 0.2495 0.0279
v 0.1651 0.2666 0.0082
v 0.2317 0.1922 0.0252
v 0.2250 0.1946 0.0260
v 0.2292 0.1948 0.0308
v 0.2316 0.1925 0.0209
v 0.2317 0.1922 0.0252
v 0.2316 0.1862 0.0194
v 0.2316 0.1867 0.0195
v 0.2316 0.1925 0.0209
v 0.2330 0.1876 0.0214
v 0.2316 0.1862 0.0194
v 0.2317 0.1922 0.0252
v 0.2330 0.1876 0.0214
v 0.2317 0.1866 0.0199
v 0.2316 0.1862 0.0194
v 0.2292 0.1948 0.0308
v 0.2317 0.1893 0.0224
v 0.2317 0.1922 0.0252
v 0.2330 0.1876 0.0214
v 0.2317 0.1893 0.0224
v 0.2317 0.1866 0.0199
v 0.2317 0.1922 0.0252
v 0.2282 0.1834 0.0164
v 0.2316 0.1860 0.0197
v 0.2316 0.1862 0.0194
v 0.2317 0.1866 0.0199
v 0.2317 0.1893 0.0224
v 0.2316 0.1867 0.0195
v 0.2316 0.1925 0.0209
v 0.2316 0.1867 0.0195
v 0.2317 0.1893 0.0224
v 0.2292 0.1948 0.0308
v 0.2316 0.1925 0.0209
v 0.2292 0.1948 0.0308
v 0.2250 0.1946 0.0260
v 0.2316 0.1860 0.0197
v 0.2316 0.1857 0.0193
v 0.2317 0.1866 0.0199
v 0.2316 0.1862 0.0194
v 0.2316 0.1839 0.0177
v 0.2219 0.1776 -0.0330
v 0.2446 0.1779 -0.0318
v 0.2315 0.1986 -0.0380
v 0.2214 0.1910 -0.0358
v 0.2418 0.1986 -0.0315
v 0.2148 0.3035 0.0128
v 0.2233 0.3353 0.0430
v 0.2336 0.2982 0.0250
v 0.2502 0.3179 0.0668
v 0.2388 0.2586 0.0215
v 0.2663 0.2421 0.0599
v 0.2027 0.3637 0.0062
v 0.1895 0.3360 -0.0120
v 0.2609 0.3007 0.0884
v 0.2746 0.2846 0.0922
v 0.2671 0.2972 0.1053
v 0.1810 0.3046 -0.0110
v 0.1579 0.3093 -0.0248
v 0.1805 0.3750 0.0091
v 0.1672 0.3228 -0.0175
v 0.1717 0.3494 -0.0014
v 0.1476 0.3191 -0.0244
v 0.2487 0.2900 0.0865
v 0.2609 0.3007 0.0884
v 0.2355 0.3039 0.0838
v 0.2275 0.3203 0.0924
v 0.2409 0.2829 0.0685
v 0.2409 0.2829 0.0685
v 0.2413 0.2718 0.0743
v 0.2487 0.2900 0.0865
v 0.1888 0.2916 -0.0431
v 0.1937 0.2692 -0.0663
v 0.1580 0.2901 -0.0721
v 0.1609 0.3004 -0.0584
v 0.2125 0.2718 -0.0432
v 0.2014 0.2905 -0.0250
v 0.1267 0.3143 -0.0957
v 0.2246 0.2229 -0.0622
v 0.2486 0.2183 -0.0478
v 0.1182 0.3494 -0.0939
v 0.1023 0.3547 -0.1204
v 0.1888 0.2916 -0.0431
v 0.1531 0.2893 -0.0045
v 0.2014 0.2905 -0.0250
v -0.1682 0.0960 -0.0625
v -0.1522 0.0929 -0.0746
v -0.1856 0.0999 -0.0775
v -0.1478 0.0935 -0.0617
v -0.1728 0.0995 -0.0561
v -0.1773 0.0890 -0.0944
v -0.1869 0.0933 -0.1032
v -0.1449 0.0944 -0.0687
v -0.1984 0.1070 -0.0977
v -0.1612 0.0821 -0.0879
v -0.1768 0.1077 -0.0557
v -0.1879 0.1148 -0.0794
v -0.2080 0.0787 -0.1241
v -0.1483 0.1131 -0.0764
v -0.1894 0.1318 -0.0847
v -0.1696 0.1245 -0.0692
v -0.1780 0.1130 -0.0985
v -0.1928 0.1219 -0.1033
v -0.1959 0.1381 -0.0931
v -0.1641 0.1538 -0.0660
v -0.1442 0.1396 -0.0555
v -0.1607 0.1049 -0.0834
v -0.1731 0.1599 -0.0773
v -0.1959 0.1381 -0.0931
v -0.1928 0.1219 -0.1033
v -0.1854 0.1548 -0.1050
v -0.1802 0.1268 -0.1205
v -0.1731 0.1599 -0.0773
v -0.1670 0.1080 -0.1096
v -0.1532 0.0880 -0.1162
v -0.1425 0.0962 -0.1165
v -0.1869 0.0933 -0.1032
v -0.1485 0.1236 -0.1030
v -0.1247 0.1138 -0.1226
v -0.1780 0.1130 -0.0985
v -0.1984 0.1070 -0.0977
v -0.1238 0.1022 -0.1373
v -0.1308 0.0664 -0.1809
v -0.1651 0.0471 -0.2228
v -0.1250 0.0738 -0.2244
v -0.1389 0.0542 -0.2824
v -0.1072 0.0832 -0.2532
v -0.0899 0.1075 -0.2356
v -0.0829 0.1201 -0.2043
v -0.0921 0.1113 -0.1529
v -0.0700 0.1258 -0.1581
v -0.2015 0.0320 -0.3019
v -0.1108 0.0969 -0.1569
v -0.1336 0.0850 -0.1511
v -0.1837 0.0661 -0.1517
v -0.2080 0.0787 -0.1241
v -0.1685 0.1104 -0.0624
v -0.1879 0.1148 -0.0794
v -0.1607 0.1049 -0.0834
v -0.1780 0.1130 -0.0985
v -0.1449 0.0944 -0.0687
v -0.1502 0.0973 -0.0621
v -0.1424 0.1015 -0.0954
v -0.1768 0.1077 -0.0557
v -0.1478 0.0935 -0.0617
v -0.1984 0.1070 -0.0977
v -0.1682 0.0960 -0.0625
v -0.1685 0.1104 -0.0624
v -0.1502 0.0973 -0.0621
v -0.1478 0.0935 -0.0617
v -0.1728 0.0995 -0.0561
v -0.1768 0.1077 -0.0557
v -0.1682 0.1178 -0.1241
v -0.1928 0.1219 -0.1033
v -0.1670 0.1080 -0.1096
v -0.1802 0.1268 -0.1205
v -0.1780 0.1130 -0.0985
v -0.1612 0.1153 -0.1196
v -0.1485 0.1236 -0.1030
v -0.1247 0.1138 -0.1226
v -0.1110 0.1224 -0.1126
v -0.1068 0.1178 -0.1238
v -0.1025 0.1128 -0.1357
v -0.1006 0.1204 -0.1193
v -0.0894 0.1134 -0.1348
v -0.1238 0.1022 -0.1373
v -0.1178 0.1256 -0.0927
v -0.1249 0.1280 -0.0772
v -0.1301 0.1309 -0.0631
v -0.1110 0.1082 -0.1389
v -0.0983 0.1155 -0.1207
v -0.1081 0.1064 -0.1420
v -0.1715 0.1478 -0.0883
v -0.1442 0.1396 -0.0555
v -0.1802 0.1268 -0.1205
v -0.1602 0.1197 -0.1170
v -0.1682 0.1178 -0.1241
v -0.1641 0.1538 -0.0660
v -0.1047 0.1092 -0.1374
v -0.1731 0.1599 -0.0773
v -0.1854 0.1548 -0.1050
v -0.1612 0.1153 -0.1196
v -0.1081 0.1064 -0.1420
v -0.1052 0.1081 -0.1359
v -0.1110 0.1082 -0.1389
v -0.0989 0.1080 -0.1328
v -0.1602 0.1197 -0.1170
v -0.1670 0.1080 -0.1096
v -0.1485 0.1236 -0.1030
v -0.1612 0.1153 -0.1196
v -0.1178 0.1256 -0.0927
v -0.1160 0.0995 -0.1135
v -0.1317 0.1005 -0.0827
v -0.1249 0.1280 -0.0772
v -0.1110 0.1224 -0.1126
v -0.0983 0.1155 -0.1207
v -0.1070 0.1019 -0.1302
v -0.0989 0.1080 -0.1328
v -0.0894 0.1134 -0.1348
v -0.1006 0.1204 -0.1193
v -0.1483 0.1131 -0.0764
v -0.1301 0.1309 -0.0631
v -0.1696 0.1245 -0.0692
v -0.1442 0.1396 -0.0555
v -0.1052 0.1081 -0.1359
v -0.0894 0.1134 -0.1348
v -0.1047 0.1092 -0.1374
v -0.0989 0.1080 -0.1328
v -0.1110 0.1082 -0.1389
v -0.1483 0.1131 -0.0764
v -0.1424 0.1015 -0.0954
v -0.1607 0.1049 -0.0834
v -0.1449 0.0944 -0.0687
v -0.1532 0.0880 -0.1162
v -0.1612 0.0821 -0.0879
v -0.1425 0.0962 -0.1165
v -0.1424 0.1015 -0.0954
v -0.1160 0.0995 -0.1135
v -0.1317 0.1005 -0.0827
v -0.1070 0.1019 -0.1302
v -0.1238 0.1022 -0.1373
v -0.1081 0.1064 -0.1420
v -0.1483 0.1131 -0.0764
v -0.0572 0.1002 -0.2217
v -0.0829 0.1201 -0.2043
v -0.0762 0.0880 -0.2275
v -0.0438 0.1263 -0.1932
v -0.0899 0.1075 -0.2356
v -0.0941 0.0733 -0.2536
v -0.1072 0.0832 -0.2532
v -0.2150 0.0401 -0.2637
v -0.2255 0.0343 -0.3674
v -0.2015 0.0320 -0.3019
v -0.2477 0.0480 -0.3162
v -0.1730 0.0222 -0.3246
v -0.1829 0.0243 -0.3807
v -0.2047 0.0369 -0.4301
v -0.1518 0.0235 -0.4382
v -0.1651 0.0471 -0.2228
v -0.1728 0.0624 -0.1935
v -0.1308 0.0664 -0.1809
v -0.1837 0.0661 -0.1517
v -0.2039 0.0667 -0.2172
v -0.2383 0.0722 -0.2390
v -0.2080 0.0787 -0.1241
v -0.2348 0.0845 -0.1665
v -0.2607 0.0862 -0.2358
v -0.2716 0.0839 -0.2862
v -0.2603 0.0621 -0.3872
v -0.2467 0.0609 -0.4264
v -0.2826 0.0807 -0.3448
v -0.1389 0.0542 -0.2824
v -0.1142 0.0510 -0.2868
v -0.2099 0.0273 -0.4458
v -0.1793 0.0331 -0.4271
v -0.2047 0.0369 -0.4301
v -0.2378 0.0423 -0.4432
v -0.2467 0.0609 -0.4264
v -0.2616 0.0671 -0.4336
v -0.2656 0.0779 -0.4482
v -0.2811 0.1053 -0.4394
v -0.2554 0.1041 -0.2474
v -0.2489 0.1200 -0.2521
v -0.2441 0.1095 -0.2458
v -0.2555 0.1199 -0.2502
v -0.2400 0.1049 -0.2500
v -0.2509 0.0958 -0.2401
v -0.2402 0.0869 -0.2435
v -0.2663 0.1287 -0.2820
v -0.2706 0.1263 -0.2504
v -0.2443 0.1383 -0.1969
v -0.2557 0.1379 -0.2526
v -0.2822 0.1238 -0.2842
v -0.2365 0.1427 -0.2086
v -0.2663 0.1287 -0.2820
v -0.2322 0.1626 -0.2020
v -0.2443 0.1383 -0.1969
v -0.2475 0.1577 -0.1948
v -0.2365 0.1427 -0.2086
v -0.2667 0.1121 -0.2867
v -0.2554 0.1041 -0.2474
v -0.2585 0.0991 -0.2670
v -0.2604 0.0938 -0.2812
v -0.2509 0.0958 -0.2401
v -0.2541 0.0890 -0.2712
v -0.2602 0.0934 -0.2888
v -0.2555 0.1199 -0.2502
v -0.2663 0.1287 -0.2820
v -0.2385 0.0827 -0.2577
v -0.2402 0.0869 -0.2435
v -0.2495 0.0832 -0.2785
v -0.2667 0.1121 -0.2867
v -0.2822 0.1238 -0.2842
v -0.2663 0.1287 -0.2820
v -0.2385 0.0827 -0.2577
v -0.2400 0.1049 -0.2500
v -0.2386 0.1046 -0.2608
v -0.2402 0.0869 -0.2435
v -0.2495 0.0832 -0.2785
v -0.2436 0.0967 -0.2740
v -0.2436 0.0967 -0.2740
v -0.2407 0.0991 -0.2609
v -0.2499 0.0974 -0.2683
v -0.2400 0.1049 -0.2500
v -0.2441 0.1095 -0.2458
v -0.2541 0.0890 -0.2712
v -0.2495 0.0832 -0.2785
v -0.2585 0.0991 -0.2670
v -0.2489 0.1200 -0.2521
v -0.2386 0.1046 -0.2608
v -0.2407 0.0991 -0.2609
v -0.2436 0.0967 -0.2740
v -0.2400 0.1049 -0.2500
v -0.1070 0.1019 -0.1302
v -0.1043 0.1096 -0.1349
v -0.1081 0.1064 -0.1420
v -0.1047 0.1092 -0.1374
v -0.1025 0.1128 -0.1357
v -0.1110 0.1082 -0.1389
v -0.1043 0.1096 -0.1349
v -0.0989 0.1080 -0.1328
v -0.1070 0.1019 -0.1302
v -0.2703 0.1909 -0.1642
v -0.2703 0.1858 -0.1577
v -0.2666 0.1847 -0.1613
v -0.2715 0.1946 -0.1618
v -0.2607 0.1852 -0.1617
v -0.2666 0.1847 -0.1613
v -0.2703 0.1858 -0.1577
v -0.2607 0.1852 -0.1617
v -0.2607 0.1852 -0.1617
v -0.2701 0.1896 -0.1627
v -0.2703 0.1909 -0.1642
v -0.2703 0.1858 -0.1577
v -0.2745 0.1921 -0.1704
v -0.2745 0.1921 -0.1704
v -0.2701 0.1896 -0.1627
v -0.2715 0.1946 -0.1618
v -0.2703 0.1858 -0.1577
v -0.1178 0.3514 -0.1082
v -0.1503 0.3381 -0.0975
v -0.1263 0.3201 -0.0946
v -0.1472 0.3096 -0.0846
v -0.1690 0.3047 -0.0782
v -0.1005 0.3338 -0.0736
v -0.0743 0.3496 -0.0658
v -0.2717 0.1822 -0.1720
v -0.2711 0.1919 -0.1740
v -0.2625 0.1787 -0.1736
v -0.2703 0.1909 -0.1642
v -0.2711 0.1919 -0.1740
v -0.2717 0.1822 -0.1720
v -0.2753 0.1850 -0.1943
v -0.2717 0.1822 -0.1720
v -0.2678 0.1763 -0.1928
v -0.2693 0.1811 -0.2146
v -0.2738 0.1851 -0.1786
v -0.2731 0.1869 -0.2075
v -0.2745 0.1921 -0.1704
v -0.2715 0.1946 -0.1618
v -0.2625 0.1787 -0.1736
v -0.2703 0.1909 -0.1642
v -0.2555 0.1807 -0.2193
v -0.2470 0.1630 -0.1868
v -0.2690 0.1666 -0.1739
v -0.2637 0.1859 -0.2201
v -0.2738 0.1851 -0.1786
v -0.2625 0.1787 -0.1736
v -0.2711 0.1919 -0.1740
v -0.2738 0.1851 -0.1786
v -0.2711 0.1919 -0.1740
v -0.2745 0.1921 -0.1704
v -0.2711 0.1919 -0.1740
v -0.2703 0.1909 -0.1642
v -0.2745 0.1921 -0.1704
v -0.2731 0.1869 -0.2075
v -0.2671 0.1968 -0.2115
v -0.2739 0.1936 -0.1960
v -0.2671 0.1896 -0.2181
v -0.2753 0.1850 -0.1943
v -0.2693 0.1811 -0.2146
v -0.2738 0.1851 -0.1786
v -0.2637 0.1859 -0.2201
v -0.2625 0.1787 -0.1736
v -0.2268 0.1658 -0.1350
v -0.2690 0.1666 -0.1739
v -0.2678 0.1763 -0.1928
v -0.2625 0.1787 -0.1736
v -0.2739 0.1936 -0.1960
v -0.2371 0.1857 -0.1983
v -0.2738 0.1851 -0.1786
v -0.2297 0.1669 -0.1588
v -0.2570 0.1908 -0.2147
v -0.2268 0.1658 -0.1350
v -0.2617 0.1970 -0.2139
v -0.2671 0.1968 -0.2115
v -0.2754 0.1676 -0.2178
v -0.2514 0.1809 -0.2359
v -0.2424 0.1681 -0.2188
v -0.2475 0.1577 -0.1948
v -0.2322 0.1626 -0.2020
v -0.2760 0.1854 -0.2313
v -0.2515 0.2008 -0.2382
v -0.2555 0.1807 -0.2193
v -0.2570 0.1908 -0.2147
v -0.2617 0.1970 -0.2139
v -0.2671 0.1896 -0.2181
v -0.2371 0.1857 -0.1983
v -0.2637 0.1859 -0.2201
v -0.2671 0.1968 -0.2115
v -0.1025 0.1128 -0.1357
v -0.0989 0.1080 -0.1328
v -0.1047 0.1092 -0.1374
v -0.1081 0.1064 -0.1420
v -0.0248 0.0887 -0.1719
v -0.0349 0.0833 -0.1379
v -0.0438 0.1263 -0.1932
v -0.0254 0.0640 -0.1137
v -0.0412 0.0622 -0.0701
v -0.0216 0.1166 -0.2080
v -0.0404 0.1324 -0.2267
v -0.0163 0.1288 -0.2558
v -0.0365 0.1483 -0.2725
v -0.0184 0.0546 -0.0816
v -0.0490 0.0457 -0.0338
v -0.0465 0.1221 -0.1547
v -0.0355 0.1002 -0.1227
v -0.0327 0.0829 -0.0681
v -0.1110 0.1082 -0.1389
v -0.1047 0.1092 -0.1374
v -0.1043 0.1096 -0.1349
v -0.0860 0.1064 -0.2525
v -0.0831 0.1136 -0.2334
v -0.0704 0.1090 -0.2431
v -0.0689 0.1136 -0.2238
v -0.0702 0.1257 -0.2116
v -0.0795 0.0944 -0.2527
v -0.0865 0.0866 -0.2644
v -0.0867 0.1239 -0.2373
v -0.0921 0.1168 -0.2454
v -0.0913 0.1279 -0.2305
v -0.0958 0.0673 -0.3617
v -0.0789 0.0746 -0.3183
v -0.1359 0.0496 -0.3372
v -0.1603 0.0429 -0.3624
v -0.0668 0.0935 -0.3701
v -0.1032 0.0508 -0.3075
v -0.0599 0.0903 -0.2977
v -0.0697 0.0840 -0.2572
v -0.0941 0.0733 -0.2536
v -0.0762 0.0880 -0.2275
v -0.0572 0.1002 -0.2217
v -0.1142 0.0510 -0.2868
v -0.1337 0.0325 -0.3223
v -0.1147 0.0434 -0.4037
v -0.0767 0.0722 -0.3888
v -0.0940 0.0485 -0.4355
v -0.1518 0.0235 -0.4382
v -0.1829 0.0243 -0.3807
v -0.1730 0.0222 -0.3246
v -0.1575 0.0279 -0.3397
v -0.0826 0.0690 -0.4342
v -0.0938 0.0643 -0.4473
v -0.0571 0.1423 -0.2383
v -0.0704 0.1090 -0.2431
v -0.0566 0.1300 -0.2224
v -0.0624 0.1337 -0.2661
v -0.0700 0.1081 -0.2711
v -0.0795 0.0944 -0.2527
v -0.0865 0.0866 -0.2644
v -0.0689 0.1136 -0.2238
v -0.0572 0.1385 -0.2190
v -0.0603 0.1320 -0.2055
v -0.0702 0.1257 -0.2116
v -0.0860 0.1064 -0.2525
v -0.0814 0.1331 -0.2578
v -0.0921 0.1168 -0.2454
v -0.0700 0.1081 -0.2711
v -0.0836 0.1421 -0.2516
v -0.0865 0.0866 -0.2644
v -0.0700 0.1315 -0.2651
v -0.0624 0.1337 -0.2661
v -0.0834 0.1471 -0.2365
v -0.0913 0.1279 -0.2305
v -0.0666 0.1402 -0.2502
v -0.0702 0.1257 -0.2116
v -0.0867 0.1239 -0.2373
v -0.0814 0.1331 -0.2578
v -0.0700 0.1315 -0.2651
v -0.0661 0.1392 -0.2724
v -0.0617 0.1394 -0.2802
v -0.0668 0.1404 -0.2314
v -0.0603 0.1320 -0.2055
v -0.0572 0.1385 -0.2190
v -0.0814 0.1331 -0.2578
v -0.0913 0.1279 -0.2305
v -0.0836 0.1421 -0.2516
v -0.0867 0.1239 -0.2373
v -0.0834 0.1471 -0.2365
v -0.0634 0.1121 -0.3410
v -0.0482 0.1247 -0.3173
v -0.0599 0.0903 -0.2977
v -0.0789 0.0746 -0.3183
v -0.0783 0.1222 -0.3792
v -0.0621 0.1816 -0.3935
v -0.0365 0.1483 -0.2725
v -0.0668 0.0935 -0.3701
v -0.0697 0.0840 -0.2572
v -0.0512 0.1300 -0.2586
v -0.0572 0.1002 -0.2217
v -0.0404 0.1324 -0.2267
v -0.0438 0.1263 -0.1932
v -0.0887 0.1561 -0.3996
v -0.0876 0.1746 -0.4110
v -0.0720 0.2109 -0.3962
v -0.0571 0.1423 -0.2383
v -0.0668 0.1404 -0.2314
v -0.0666 0.1402 -0.2502
v -0.0572 0.1385 -0.2190
v -0.0624 0.1337 -0.2661
v -0.0624 0.1337 -0.2661
v -0.0666 0.1402 -0.2502
v -0.0617 0.1394 -0.2802
v -0.0621 0.1816 -0.3935
v -0.0441 0.1687 -0.3308
v -0.0482 0.1247 -0.3173
v -0.0365 0.1483 -0.2725
v -0.0374 0.1620 -0.2741
v -0.0638 0.2264 -0.3625
v -0.0720 0.2109 -0.3962
v -0.0776 0.2192 -0.4151
v -0.0836 0.1789 -0.4282
v -0.0531 0.1875 -0.3182
v -0.0569 0.1964 -0.2965
v -0.0588 0.2066 -0.3419
v -0.0876 0.1746 -0.4110
v -0.0913 0.1420 -0.4150
v -0.0887 0.1561 -0.3996
v -0.0783 0.1222 -0.3792
v -0.0762 0.1116 -0.4141
v -0.0668 0.0935 -0.3701
v -0.0767 0.0722 -0.3888
v -0.0634 0.1121 -0.3410
v -0.0764 0.1080 -0.4392
v -0.0826 0.0690 -0.4342
v -0.0714 0.1391 -0.4263
v -0.0774 0.1436 -0.4396
v -0.0163 0.1288 -0.2558
v -0.0762 0.1116 -0.4141
v -0.0714 0.1391 -0.4263
v -0.0913 0.1420 -0.4150
v -0.0836 0.1789 -0.4282
v 0.1273 0.3205 -0.1171
v 0.1624 0.2904 -0.0833
v 0.1880 0.2991 -0.1070
v 0.1735 0.3196 -0.1313
v 0.1937 0.2692 -0.0663
v 0.1333 0.3381 -0.1322
v 0.1267 0.3143 -0.0957
v 0.1580 0.2901 -0.0721
v 0.1023 0.3547 -0.1204
v 0.1016 0.3390 -0.1908
v 0.0193 0.3696 -0.2010
v 0.1342 0.3248 -0.1707
v 0.1827 0.3072 -0.1665
v 0.1263 0.3178 -0.2181
v 0.1557 0.3073 -0.1916
v 0.0684 0.3386 -0.2214
v 0.0202 0.3622 -0.2214
v 0.0237 0.3717 -0.1358
v 0.1055 0.3585 -0.0869
v 0.1182 0.3494 -0.0939
v -0.0663 0.3807 -0.1746
v -0.0528 0.3448 -0.2654
v 0.1327 0.3372 -0.0672
v 0.1609 0.3004 -0.0584
v 0.0020 0.2474 -0.2741
v -0.0072 0.2317 -0.2589
v -0.0127 0.2372 -0.2829
v 0.0060 0.2818 -0.2826
v 0.0059 0.2654 -0.2695
v 0.0264 0.2916 -0.2620
v -0.0128 0.2695 -0.2878
v -0.0067 0.2250 -0.2809
v -0.0175 0.1952 -0.2657
v -0.0021 0.2143 -0.2497
v -0.0079 0.2059 -0.2483
v -0.0074 0.1934 -0.2468
v -0.0063 0.1925 -0.2451
v -0.0021 0.2143 -0.2497
v -0.0060 0.2068 -0.2765
v -0.0074 0.1934 -0.2468
v 0.0074 0.2262 -0.2892
v 0.0020 0.2474 -0.2741
v -0.0063 0.1925 -0.2451
v -0.0175 0.1952 -0.2657
v -0.0035 0.2824 -0.2690
v -0.0012 0.2664 -0.2682
v -0.0190 0.2608 -0.2694
v -0.0387 0.2555 -0.2806
v -0.0631 0.2299 -0.3026
v -0.0654 0.2897 -0.3016
v -0.0311 0.2254 -0.2736
v -0.0569 0.1964 -0.2965
v -0.1083 0.2519 -0.3475
v -0.0879 0.2042 -0.3358
v -0.0806 0.1885 -0.3270
v -0.0952 0.2208 -0.3458
v -0.1167 0.2205 -0.3664
v -0.0934 0.3111 -0.3137
v -0.0341 0.1993 -0.2667
v -0.0374 0.1620 -0.2741
v -0.0523 0.3102 -0.2977
v -0.0261 0.2834 -0.2696
v -0.0385 0.3356 -0.2696
v -0.0155 0.3057 -0.2633
v -0.1192 0.2548 -0.3515
v 0.0010 0.3316 -0.2655
v -0.0806 0.1885 -0.3270
v -0.0569 0.1964 -0.2965
v -0.0531 0.1875 -0.3182
v 0.0264 0.2916 -0.2620
v 0.0060 0.2818 -0.2826
v 0.0010 0.3316 -0.2655
v 0.0309 0.3402 -0.2471
v 0.0637 0.3065 -0.2617
v 0.0475 0.2690 -0.2734
v 0.0704 0.2796 -0.2634
v 0.0354 0.2463 -0.2836
v 0.0059 0.2654 -0.2695
v 0.0020 0.2474 -0.2741
v 0.0074 0.2262 -0.2892
v 0.0283 0.2149 -0.2831
v -0.0051 0.1767 -0.3013
v -0.0246 0.2226 -0.2912
v -0.0127 0.2372 -0.2829
v -0.0275 0.1877 -0.2941
v 0.1034 0.3108 -0.2368
v 0.0684 0.3386 -0.2214
v 0.1263 0.3178 -0.2181
v 0.0202 0.3622 -0.2214
v -0.0528 0.3448 -0.2654
v -0.0385 0.3356 -0.2696
v -0.0696 0.3326 -0.2915
v -0.0523 0.3102 -0.2977
v -0.0934 0.3111 -0.3137
v -0.0155 0.3057 -0.2633
v -0.0128 0.2695 -0.2878
v -0.0261 0.2834 -0.2696
v -0.0387 0.2555 -0.2806
v -0.0311 0.2254 -0.2736
v 0.0950 0.0626 -0.0525
v 0.0780 0.0702 -0.0603
v 0.1166 0.0588 -0.0599
v 0.1459 0.0610 -0.0496
v 0.1170 0.0524 -0.0740
v 0.0667 0.0508 -0.0966
v 0.1083 0.0561 -0.0955
v 0.0705 0.0678 -0.1507
v 0.0903 0.0745 -0.1462
v 0.1163 0.0751 -0.1150
v 0.1465 0.0826 -0.0974
v 0.1519 0.0647 -0.0771
v 0.1695 0.0894 -0.0877
v 0.0757 0.0884 -0.1670
v 0.1170 0.0524 -0.0740
v 0.0667 0.0508 -0.0966
v 0.0559 0.0480 -0.1244
v 0.0536 0.0578 -0.1640
v 0.0587 0.0408 -0.0665
v 0.1459 0.0610 -0.0496
v 0.1801 0.0966 -0.0690
v 0.0780 0.0702 -0.0603
v 0.0689 0.0559 -0.1849
v 0.0720 0.0808 -0.2073
v 0.0658 0.0732 -0.2296
v 0.0453 0.0652 -0.2304
v 0.0473 0.0821 -0.2707
v 0.0629 0.0832 -0.2438
v 0.0571 0.0961 -0.2628
v 0.0522 0.1016 -0.2851
v 0.0474 0.1077 -0.3064
v 0.0373 0.1086 -0.3222
v 0.0522 0.1016 -0.2851
v 0.0629 0.0832 -0.2438
v 0.0571 0.0961 -0.2628
v 0.0747 0.0633 -0.2354
v 0.0645 0.0683 -0.3290
v 0.0474 0.1077 -0.3064
v 0.0449 0.1193 -0.3508
v 0.0666 0.0868 -0.3666
v 0.0658 0.0732 -0.2296
v 0.0855 0.0585 -0.3645
v 0.0897 0.0378 -0.3356
v 0.0644 0.0581 -0.4131
v 0.0884 0.0401 -0.3988
v 0.1282 0.0134 -0.3691
v 0.0868 0.0420 -0.4609
v 0.0486 0.0659 -0.4516
v 0.0391 0.0959 -0.4300
v 0.0333 0.0930 -0.4551
v 0.0594 0.0648 -0.4896
v 0.0415 0.0966 -0.4716
v 0.0478 0.0918 -0.5069
v 0.1381 0.0161 -0.4655
v 0.0384 0.1339 -0.5157
v 0.0483 0.1093 -0.5455
v 0.0765 0.0775 -0.5634
v 0.0660 0.0883 -0.5990
v 0.1140 0.0572 -0.6096
v 0.0809 0.0903 -0.6574
v 0.1346 0.0573 -0.6672
v 0.1216 0.0539 -0.5517
v 0.0945 0.0711 -0.5253
v 0.0821 0.0706 -0.4980
v 0.0565 0.1281 -0.3805
v 0.1467 0.0538 -0.5024
v 0.1317 0.0624 -0.4983
v 0.0950 0.0680 -0.6779
v 0.1429 0.0506 -0.6829
v 0.1227 0.0588 -0.7460
v 0.0671 0.0961 -0.6670
v 0.0629 0.1720 -0.3865
v 0.0586 0.1308 -0.3975
v 0.0999 0.0336 -0.2670
v 0.1492 0.0183 -0.2707
v 0.1587 0.0313 -0.2010
v 0.1093 0.0475 -0.2015
v 0.1445 0.0411 -0.1598
v 0.1213 0.0545 -0.1466
v 0.0903 0.0745 -0.1462
v 0.1163 0.0751 -0.1150
v 0.0720 0.0808 -0.2073
v 0.0757 0.0884 -0.1670
v 0.1714 0.0734 -0.1031
v 0.1465 0.0826 -0.0974
v 0.1695 0.0894 -0.0877
v 0.1912 0.0886 -0.0756
v 0.1801 0.0966 -0.0690
v 0.1878 0.1124 -0.0700
v 0.1735 0.1044 -0.0487
v 0.1791 0.0938 -0.0507
v 0.1954 0.0983 -0.0632
v 0.2410 0.1104 -0.0787
v 0.2280 0.0949 -0.0678
v 0.1556 0.0777 -0.0470
v 0.1644 0.0999 -0.0531
v 0.1679 0.1087 -0.0476
v 0.1777 0.1175 -0.0457
v 0.0904 0.2426 -0.3022
v 0.0775 0.1937 -0.3069
v 0.0502 0.1912 -0.2950
v 0.0568 0.1687 -0.3016
v 0.1061 0.2238 -0.3210
v 0.0414 0.1718 -0.2896
v 0.0522 0.2411 -0.2620
v 0.0461 0.2297 -0.2622
v 0.0693 0.2645 -0.2556
v 0.0425 0.1563 -0.2781
v 0.0412 0.1784 -0.2288
v 0.0407 0.2176 -0.2524
v 0.0458 0.1525 -0.2373
v 0.0376 0.1404 -0.2009
v 0.0486 0.1726 -0.3164
v 0.0240 0.1069 -0.3079
v 0.0330 0.1393 -0.2569
v 0.0334 0.0996 -0.1604
v 0.0214 0.1366 -0.3491
v 0.0305 0.1623 -0.3508
v 0.0302 0.1498 -0.3717
v 0.0634 0.1888 -0.3816
v 0.0716 0.0841 -0.2040
v 0.0723 0.0841 -0.2028
v 0.0713 0.0846 -0.2043
v 0.0698 0.0848 -0.2069
v 0.0702 0.0865 -0.2049
v 0.0713 0.0846 -0.2043
v 0.0723 0.0841 -0.2028
v 0.0698 0.0848 -0.2069
v 0.1873 0.0194 -0.2704
v 0.1904 0.0091 -0.3487
v 0.2260 0.0267 -0.3189
v 0.2006 0.0438 -0.1950
v 0.1587 0.0313 -0.2010
v 0.1445 0.0411 -0.1598
v 0.1714 0.0734 -0.1031
v 0.2092 0.0635 -0.1641
v 0.1492 0.0183 -0.2707
v 0.2309 0.0572 -0.2287
v 0.2206 0.0302 -0.4117
v 0.1815 0.0124 -0.4133
v 0.2566 0.0513 -0.3960
v 0.2487 0.0472 -0.3339
v 0.2107 0.0370 -0.4526
v 0.1282 0.0134 -0.3691
v 0.1381 0.0161 -0.4655
v 0.2161 0.0885 -0.1452
v 0.2004 0.1060 -0.0816
v 0.2381 0.0550 -0.4192
v 0.2351 0.0585 -0.4623
v 0.2543 0.0831 -0.4546
v 0.1912 0.0886 -0.0756
v 0.0716 0.0841 -0.2040
v 0.0698 0.0848 -0.2069
v 0.0702 0.0865 -0.2049
v 0.0723 0.0841 -0.2028
v 0.2439 0.0940 -0.2396
v 0.2339 0.1073 -0.1838
v 0.2309 0.0572 -0.2287
v 0.2586 0.0761 -0.3158
v 0.2487 0.0472 -0.3339
v 0.2161 0.0885 -0.1452
v 0.2092 0.0635 -0.1641
v 0.2559 0.1010 -0.2770
v 0.2577 0.1133 -0.3138
v 0.2558 0.1205 -0.3401
v 0.2438 0.1318 -0.3321
v 0.2620 0.0692 -0.3583
v 0.2684 0.1385 -0.3618
v 0.2699 0.1342 -0.3783
v 0.2566 0.0513 -0.3960
v 0.2688 0.0786 -0.3887
v 0.2711 0.0806 -0.4084
v 0.2526 0.1799 -0.3727
v 0.2328 0.1473 -0.1439
v 0.2814 0.1129 -0.4113
v 0.2600 0.1203 -0.3856
v 0.2208 0.1298 -0.0953
v 0.2004 0.1060 -0.0816
v 0.2097 0.1450 -0.0657
v 0.2238 0.1784 -0.0853
v 0.2240 0.1791 -0.0673
v 0.2199 0.1861 -0.0525
v 0.2299 0.1560 -0.1215
v 0.1878 0.1124 -0.0700
v 0.2209 0.1952 -0.0968
v 0.1777 0.1175 -0.0457
v 0.1788 0.1268 -0.0232
v 0.2219 0.1900 -0.1056
v 0.1735 0.1044 -0.0487
v 0.2219 0.2010 -0.1165
v 0.2279 0.1829 -0.1166
v 0.2281 0.1753 -0.1359
v 0.2538 0.1442 -0.1802
v 0.2238 0.1784 -0.0853
v 0.2279 0.1829 -0.1166
v 0.2256 0.1862 -0.1005
v 0.2602 0.0804 -0.0995
v 0.2373 0.1016 -0.0874
v 0.2505 0.0884 -0.1068
v 0.2406 0.1228 -0.1139
v 0.2425 0.0652 -0.0677
v 0.2049 0.2478 -0.1598
v 0.2169 0.2422 -0.1484
v 0.2221 0.2036 -0.1497
v 0.2023 0.2781 -0.1503
v 0.1883 0.2675 -0.1687
v 0.1827 0.3072 -0.1665
v 0.1597 0.2906 -0.1893
v 0.1557 0.3073 -0.1916
v 0.1309 0.2958 -0.2130
v 0.1263 0.3178 -0.2181
v 0.2458 0.1702 -0.1165
v 0.2281 0.1753 -0.1359
v 0.1058 0.2926 -0.2267
v 0.2299 0.1560 -0.1215
v 0.2551 0.1296 -0.1149
v 0.2406 0.1228 -0.1139
v 0.2505 0.0884 -0.1068
v 0.2602 0.0804 -0.0995
v 0.2256 0.1862 -0.1005
v 0.2278 0.1768 -0.0803
v 0.2238 0.1784 -0.0853
v 0.2398 0.1420 -0.3499
v 0.2637 0.1473 -0.3269
v 0.2438 0.1318 -0.3321
v 0.2489 0.1569 -0.3546
v 0.2577 0.1133 -0.3138
v 0.2721 0.1335 -0.2992
v 0.2559 0.1010 -0.2770
v 0.2570 0.1091 -0.2091
v 0.2439 0.0940 -0.2396
v 0.2339 0.1073 -0.1838
v 0.2328 0.1473 -0.1439
v 0.2538 0.1442 -0.1802
v 0.2092 0.2505 -0.3072
v 0.1879 0.2713 -0.2717
v 0.2029 0.2522 -0.2611
v 0.1883 0.2675 -0.1687
v 0.2049 0.2478 -0.1598
v 0.2172 0.2351 -0.2260
v 0.1597 0.2906 -0.1893
v 0.2221 0.2036 -0.1497
v 0.2052 0.2295 -0.2688
v 0.2209 0.2310 -0.3004
v 0.2330 0.2070 -0.2891
v 0.2425 0.1822 -0.2325
v 0.2157 0.2069 -0.2082
v 0.2281 0.1753 -0.1359
v 0.2538 0.1442 -0.1802
v 0.2570 0.1091 -0.2091
v 0.2550 0.1469 -0.2643
v 0.2721 0.1335 -0.2992
v 0.2494 0.1725 -0.3222
v 0.2637 0.1473 -0.3269
v 0.2489 0.1569 -0.3546
v 0.2345 0.1658 -0.2860
v 0.2223 0.1716 -0.3095
v 0.2140 0.1822 -0.3367
v 0.2009 0.1861 -0.3701
v 0.1993 0.2125 -0.3661
v 0.2279 0.1695 -0.3612
v 0.2267 0.1954 -0.3677
v 0.2301 0.1892 -0.3835
v 0.1981 0.2125 -0.3782
v 0.2526 0.1799 -0.3727
v 0.1993 0.2125 -0.3661
v 0.1866 0.2349 -0.3611
v 0.2092 0.2505 -0.3072
v 0.2209 0.2310 -0.3004
v 0.0926 0.3255 -0.0464
v 0.0717 0.3244 -0.0604
v 0.0781 0.3357 -0.0801
v 0.0872 0.3194 -0.0436
v 0.0739 0.3209 -0.0536
v 0.0591 0.3385 -0.0745
v 0.0924 0.3275 -0.0727
v 0.0739 0.3209 -0.0536
v 0.0924 0.3275 -0.0727
v 0.0717 0.3244 -0.0604
v 0.0591 0.3385 -0.0745
v 0.0781 0.3357 -0.0801
v 0.0926 0.3255 -0.0464
v 0.0816 0.3262 -0.0394
v 0.0739 0.3209 -0.0536
v 0.0872 0.3194 -0.0436
v 0.0833 0.3084 -0.0457
v 0.0846 0.3078 -0.0382
v 0.0846 0.3078 -0.0382
v 0.0872 0.3194 -0.0436
v 0.0816 0.3262 -0.0394
v 0.0926 0.3255 -0.0464
v 0.0020 0.2474 -0.2741
v -0.0021 0.2143 -0.2497
v -0.0072 0.2317 -0.2589
v 0.2215 0.1954 -0.0653
v 0.2085 0.2494 -0.0831
v 0.2073 0.2170 -0.0710
v 0.1912 0.2498 -0.0693
v 0.2328 0.1919 -0.0738
v 0.1937 0.2692 -0.0663
v 0.2086 0.2165 -0.0570
v 0.2199 0.1861 -0.0525
v 0.2240 0.1791 -0.0673
v 0.2309 0.1934 -0.0524
v 0.2240 0.1791 -0.0673
v 0.2256 0.1797 -0.0482
v 0.2215 0.1954 -0.0653
v 0.2219 0.1900 -0.1056
v 0.2238 0.1784 -0.0853
v 0.2230 0.1970 -0.1090
v 0.2219 0.2010 -0.1165
v 0.2278 0.1768 -0.0803
v 0.1750 0.2564 -0.3164
v 0.1234 0.2657 -0.3004
v 0.1879 0.2713 -0.2717
v 0.1058 0.2926 -0.2267
v 0.1309 0.2958 -0.2130
v 0.2092 0.2505 -0.3072
v 0.1850 0.2510 -0.3339
v 0.1597 0.2906 -0.1893
v 0.0849 0.2801 -0.2431
v 0.1866 0.2349 -0.3611
v 0.1430 0.2370 -0.3248
v 0.0693 0.2645 -0.2556
v 0.0904 0.2426 -0.3022
v 0.1061 0.2238 -0.3210
v -0.1793 0.0331 -0.4271
v -0.1518 0.0235 -0.4382
v -0.2047 0.0369 -0.4301
v -0.1413 0.0412 -0.4480
v -0.0940 0.0485 -0.4355
v -0.1518 0.0235 -0.4382
v -0.0938 0.0643 -0.4473
v -0.1701 0.0344 -0.4435
v -0.1793 0.0331 -0.4271
v -0.1165 0.0851 -0.4457
v -0.1052 0.0630 -0.4326
v -0.1382 0.0550 -0.4385
v -0.1286 0.0822 -0.4515
v -0.1305 0.0486 -0.4298
v -0.0994 0.0843 -0.4300
v -0.0891 0.0970 -0.4146
v -0.0999 0.1070 -0.4544
v -0.2673 0.1022 -0.3066
v -0.2667 0.1121 -0.2867
v -0.2666 0.1008 -0.3063
v -0.2688 0.1285 -0.2895
v -0.2836 0.1272 -0.3227
v -0.2822 0.1238 -0.2842
v -0.2688 0.1285 -0.2895
v -0.2688 0.1285 -0.2895
v -0.2822 0.1238 -0.2842
v -0.2667 0.1121 -0.2867
v -0.2577 0.1881 -0.3387
v -0.2735 0.1476 -0.3146
v -0.2431 0.1738 -0.3247
v -0.2209 0.2014 -0.3433
v -0.2850 0.1596 -0.3306
v -0.2285 0.2061 -0.3741
v -0.2068 0.2108 -0.3858
v -0.2668 0.1783 -0.3565
v -0.2906 0.1472 -0.3485
v -0.2754 0.1465 -0.3728
v -0.2884 0.1231 -0.3681
v -0.2317 0.2303 -0.4319
v -0.2609 0.1903 -0.4053
v -0.2306 0.2237 -0.4101
v -0.2753 0.1761 -0.4279
v -0.2856 0.1496 -0.3902
v -0.2071 0.2359 -0.4122
v -0.1621 0.2491 -0.4098
v -0.1766 0.2376 -0.3964
v -0.1330 0.2445 -0.3880
v -0.2602 0.0934 -0.2888
v -0.2626 0.1176 -0.2900
v -0.2667 0.1121 -0.2867
v -0.0891 0.0970 -0.4146
v -0.0932 0.1136 -0.4247
v -0.0994 0.0843 -0.4300
v -0.1033 0.1343 -0.4186
v -0.1091 0.1490 -0.4261
v -0.0932 0.1136 -0.4247
v -0.0855 0.1152 -0.4372
v -0.0994 0.0843 -0.4300
v -0.0953 0.0829 -0.4380
v -0.1052 0.0630 -0.4326
v -0.1060 0.1635 -0.4450
v -0.1091 0.1490 -0.4261
v -0.1029 0.1625 -0.4609
v -0.1117 0.1810 -0.4305
v -0.1117 0.1820 -0.4537
v -0.1066 0.1678 -0.4619
v -0.1026 0.1651 -0.4728
v -0.1033 0.1343 -0.4186
v -0.0959 0.1289 -0.4624
v -0.0999 0.1070 -0.4544
v -0.1065 0.1686 -0.4661
v -0.1070 0.1701 -0.4702
v -0.1073 0.1710 -0.4728
v -0.0932 0.1136 -0.4247
v -0.0891 0.0970 -0.4146
v -0.1057 0.1745 -0.4359
v -0.0890 0.1489 -0.4377
v -0.1091 0.1490 -0.4261
v -0.0855 0.1152 -0.4372
v -0.1117 0.1810 -0.4305
v -0.1006 0.1890 -0.4389
v -0.1117 0.1820 -0.4537
v -0.1057 0.1745 -0.4359
v -0.1117 0.1810 -0.4305
v -0.1959 0.2547 -0.3340
v -0.1556 0.2620 -0.3315
v -0.1948 0.2303 -0.3668
v -0.1831 0.2626 -0.3081
v -0.1847 0.2723 -0.2972
v -0.1387 0.2878 -0.3292
v -0.2179 0.2391 -0.2653
v -0.1192 0.2548 -0.3515
v -0.1407 0.2182 -0.3585
v -0.1167 0.2205 -0.3664
v -0.1352 0.2034 -0.3727
v -0.0934 0.3111 -0.3137
v -0.1696 0.2026 -0.3896
v -0.2068 0.2108 -0.3858
v -0.2112 0.1871 -0.3919
v -0.2285 0.2061 -0.3741
v -0.2355 0.1666 -0.3801
v -0.2668 0.1783 -0.3565
v -0.2508 0.1575 -0.3753
v -0.2754 0.1465 -0.3728
v -0.1487 0.2144 -0.3912
v -0.1696 0.2026 -0.3896
v -0.1352 0.2034 -0.3727
v -0.1915 0.2004 -0.4020
v -0.2112 0.1871 -0.3919
v -0.1167 0.2205 -0.3664
v -0.1330 0.2445 -0.3880
v -0.1052 0.2380 -0.3774
v -0.0952 0.2208 -0.3458
v -0.2071 0.2359 -0.4122
v -0.2306 0.2237 -0.4101
v -0.1766 0.2376 -0.3964
v -0.2355 0.1666 -0.3801
v -0.2609 0.1903 -0.4053
v -0.2508 0.1575 -0.3753
v -0.2754 0.1465 -0.3728
v -0.0638 0.2264 -0.3625
v -0.0588 0.2066 -0.3419
v -0.0879 0.2042 -0.3358
v -0.0806 0.1885 -0.3270
v -0.0531 0.1875 -0.3182
v -0.1253 0.2236 -0.4315
v -0.1851 0.2385 -0.4420
v -0.1261 0.2432 -0.4103
v -0.0776 0.2192 -0.4151
v -0.1792 0.2246 -0.4514
v -0.1330 0.2059 -0.4471
v -0.1006 0.1890 -0.4389
v -0.2228 0.2166 -0.4518
v -0.0836 0.1789 -0.4282
v -0.0890 0.1489 -0.4377
v -0.0774 0.1436 -0.4396
v -0.2317 0.2303 -0.4319
v -0.1621 0.2491 -0.4098
v -0.1052 0.2380 -0.3774
v -0.0638 0.2264 -0.3625
v -0.1330 0.2445 -0.3880
v -0.0661 0.1392 -0.2724
v -0.0624 0.1337 -0.2661
v -0.0617 0.1394 -0.2802
v -0.0700 0.1315 -0.2651
v -0.0341 0.1993 -0.2667
v -0.0275 0.1877 -0.2941
v -0.0374 0.1620 -0.2741
v -0.0246 0.2226 -0.2912
v -0.0311 0.2254 -0.2736
v -0.0127 0.2372 -0.2829
v -0.0139 0.1510 -0.2862
v -0.0051 0.1767 -0.3013
v -0.0163 0.1288 -0.2558
v 0.0251 0.1158 -0.3357
v 0.0302 0.1498 -0.3717
v 0.0565 0.1281 -0.3805
v 0.0214 0.1366 -0.3491
v 0.0629 0.1720 -0.3865
v 0.0634 0.1888 -0.3816
v 0.0240 0.1069 -0.3079
v 0.1061 0.2238 -0.3210
v 0.1013 0.2282 -0.3446
v 0.0775 0.1937 -0.3069
v 0.0486 0.1726 -0.3164
v 0.0660 0.1945 -0.3543
v 0.0305 0.1623 -0.3508
v 0.0568 0.1687 -0.3016
v 0.1273 0.2396 -0.3524
v 0.1430 0.2370 -0.3248
v 0.1866 0.2349 -0.3611
v 0.0414 0.1718 -0.2896
v 0.0483 0.1093 -0.5455
v 0.0507 0.1722 -0.5231
v 0.0599 0.1563 -0.5861
v 0.0646 0.1849 -0.5610
v 0.0384 0.1339 -0.5157
v 0.0488 0.1263 -0.6038
v 0.0542 0.1507 -0.6220
v 0.0620 0.1622 -0.4791
v 0.0959 0.2076 -0.5952
v 0.0876 0.2048 -0.6494
v 0.0629 0.1562 -0.6493
v 0.0415 0.0966 -0.4716
v 0.0482 0.1542 -0.4644
v 0.0929 0.2068 -0.4700
v 0.0720 0.1858 -0.4570
v 0.0537 0.1516 -0.4483
v 0.0401 0.1211 -0.4399
v 0.0333 0.0930 -0.4551
v 0.0471 0.1591 -0.4195
v 0.0674 0.1794 -0.4340
v 0.0391 0.0959 -0.4300
v 0.0654 0.1877 -0.4167
v 0.0629 0.1720 -0.3865
v 0.0634 0.1888 -0.3816
v 0.0952 0.1976 -0.4820
v 0.0586 0.1308 -0.3975
v 0.0688 0.1829 -0.6562
v 0.0551 0.1475 -0.6612
v 0.0627 0.1673 -0.7065
v 0.0621 0.1321 -0.7151
v 0.0700 0.1687 -0.7296
v 0.0694 0.1418 -0.7921
v 0.0780 0.1895 -0.7547
v 0.0843 0.1853 -0.8227
v 0.0918 0.2061 -0.8070
v 0.0960 0.2233 -0.8298
v 0.0725 0.2236 -0.8885
v 0.0828 0.2604 -0.8741
v 0.0795 0.2582 -0.9012
v 0.0729 0.2267 -0.9098
v 0.0671 0.0961 -0.6670
v 0.0707 0.0971 -0.7007
v 0.0637 0.1264 -0.6544
v 0.0707 0.1434 -0.6409
v 0.0644 0.0581 -0.4131
v 0.0629 0.1562 -0.6493
v 0.0634 0.1267 -0.6450
v 0.0542 0.1507 -0.6220
v 0.0488 0.1263 -0.6038
v 0.0809 0.0903 -0.6574
v 0.0660 0.0883 -0.5990
v 0.0483 0.1093 -0.5455
v 0.0637 0.1264 -0.6544
v 0.0671 0.0961 -0.6670
v 0.1205 0.2204 -0.3661
v 0.1689 0.1848 -0.3813
v 0.0851 0.2025 -0.3615
v 0.1615 0.2127 -0.3793
v 0.1273 0.2396 -0.3524
v 0.1866 0.2349 -0.3611
v 0.1981 0.2125 -0.3782
v 0.1706 0.1976 -0.3866
v 0.2301 0.1892 -0.3835
v 0.2012 0.1799 -0.3921
v 0.1045 0.1802 -0.3859
v 0.0769 0.1804 -0.3811
v 0.0634 0.1888 -0.3816
v 0.1013 0.2282 -0.3446
v 0.0660 0.1945 -0.3543
v 0.0305 0.1623 -0.3508
v 0.2164 0.1643 -0.3506
v 0.2265 0.1569 -0.3522
v 0.2136 0.1593 -0.3619
v 0.2070 0.1539 -0.3735
v 0.2172 0.1640 -0.3498
v 0.2127 0.1686 -0.3416
v 0.2109 0.1405 -0.3784
v 0.2453 0.1162 -0.3489
v 0.2413 0.1379 -0.3245
v 0.2158 0.1314 -0.3750
v 0.2426 0.1200 -0.3345
v 0.0074 0.2262 -0.2892
v -0.0067 0.2250 -0.2809
v -0.0060 0.2068 -0.2765
v -0.0175 0.1952 -0.2657
v -0.0127 0.2372 -0.2829
v -0.0190 0.2608 -0.2694
v -0.0012 0.2664 -0.2682
v -0.0035 0.2824 -0.2690
v 0.1394 0.2091 -0.3927
v 0.1324 0.2229 -0.4145
v 0.1048 0.2127 -0.4109
v 0.0766 0.1906 -0.3996
v 0.1826 0.2192 -0.4029
v 0.1045 0.1802 -0.3859
v 0.1706 0.1976 -0.3866
v 0.1689 0.1848 -0.3813
v 0.0769 0.1804 -0.3811
v 0.1831 0.2231 -0.4223
v 0.0634 0.1888 -0.3816
v 0.1195 0.2213 -0.6060
v 0.0876 0.2048 -0.6494
v 0.0959 0.2076 -0.5952
v 0.1186 0.2224 -0.6494
v 0.1193 0.2229 -0.7096
v 0.0843 0.2029 -0.6997
v 0.0986 0.2110 -0.7394
v 0.1218 0.2249 -0.7539
v 0.1050 0.2131 -0.5097
v 0.1317 0.2293 -0.8013
v 0.0918 0.2061 -0.8070
v 0.0646 0.1849 -0.5610
v 0.0507 0.1722 -0.5231
v 0.0952 0.1976 -0.4820
v 0.0780 0.1895 -0.7547
v 0.0688 0.1829 -0.6562
v 0.1345 0.2226 -0.5084
v 0.0620 0.1622 -0.4791
v 0.0700 0.1687 -0.7296
v 0.0627 0.1673 -0.7065
v 0.1275 0.2113 -0.4841
v 0.0960 0.2233 -0.8298
v 0.1340 0.2394 -0.8233
v 0.0929 0.2068 -0.4700
v 0.1559 0.2249 -0.4714
v 0.1262 0.2131 -0.4462
v 0.0951 0.1927 -0.4456
v 0.1048 0.2127 -0.4109
v 0.0674 0.1794 -0.4340
v 0.0766 0.1906 -0.3996
v 0.1324 0.2229 -0.4145
v 0.0720 0.1858 -0.4570
v 0.1635 0.2148 -0.4865
v 0.2062 0.2072 -0.4988
v 0.1103 0.2542 -0.8437
v 0.0828 0.2604 -0.8741
v 0.1033 0.2855 -0.8768
v 0.0795 0.2582 -0.9012
v 0.1008 0.2802 -0.8888
v 0.0654 0.1877 -0.4167
v 0.0634 0.1888 -0.3816
v 0.2535 0.1853 -0.4068
v 0.2246 0.1511 -0.3906
v 0.2684 0.1441 -0.4037
v 0.2734 0.1744 -0.4122
v 0.2012 0.1799 -0.3921
v 0.2814 0.1129 -0.4113
v 0.2203 0.2004 -0.4115
v 0.1826 0.2192 -0.4029
v 0.1706 0.1976 -0.3866
v 0.2487 0.1331 -0.3857
v 0.2688 0.0786 -0.3887
v 0.2315 0.1313 -0.3732
v 0.2554 0.1198 -0.3596
v 0.2138 0.1664 -0.3826
v 0.2734 0.1744 -0.4122
v 0.2814 0.1129 -0.4113
v 0.2831 0.1428 -0.4371
v 0.2640 0.1807 -0.4378
v 0.2105 0.1914 -0.4538
v 0.1831 0.2231 -0.4223
v 0.2255 0.1947 -0.4424
v 0.1952 0.1987 -0.4599
v 0.1661 0.2141 -0.4475
v 0.2306 0.1565 -0.4734
v 0.2203 0.2004 -0.4115
v 0.2535 0.1853 -0.4068
v 0.1262 0.2131 -0.4462
v 0.1324 0.2229 -0.4145
v 0.1826 0.2192 -0.4029
v 0.1559 0.2249 -0.4714
v 0.2020 0.2124 -0.4779
v 0.2062 0.2072 -0.4988
v 0.2265 0.1569 -0.3522
v 0.2141 0.1465 -0.3675
v 0.2398 0.1420 -0.3499
v 0.2453 0.1162 -0.3489
v 0.2158 0.1314 -0.3750
v 0.2109 0.1405 -0.3784
v 0.2070 0.1539 -0.3735
v 0.2136 0.1593 -0.3619
v 0.2172 0.1640 -0.3498
v 0.2127 0.1686 -0.3416
v 0.2426 0.1200 -0.3345
v 0.2438 0.1318 -0.3321
v 0.2413 0.1379 -0.3245
v 0.2526 0.1799 -0.3727
v 0.2279 0.1695 -0.3612
v 0.2489 0.1569 -0.3546
v 0.2267 0.1954 -0.3677
v 0.2684 0.1385 -0.3618
v 0.2398 0.1420 -0.3499
v 0.2558 0.1205 -0.3401
v 0.2426 0.1200 -0.3345
v 0.2586 0.0761 -0.3158
v 0.2009 0.1861 -0.3701
v 0.1993 0.2125 -0.3661
v 0.2426 0.1200 -0.3345
v 0.2413 0.1379 -0.3245
v 0.2438 0.1318 -0.3321
v 0.2558 0.1205 -0.3401
v 0.2699 0.1342 -0.3783
v 0.2487 0.1331 -0.3857
v 0.2513 0.1480 -0.3827
v 0.2600 0.1203 -0.3856
v 0.2526 0.1799 -0.3727
v 0.2301 0.1892 -0.3835
v 0.2688 0.0786 -0.3887
v 0.2620 0.0692 -0.3583
v 0.2513 0.1480 -0.3827
v 0.2555 0.1268 -0.3643
v 0.2430 0.1542 -0.3694
v 0.2301 0.1892 -0.3835
v 0.2487 0.1331 -0.3857
v 0.2554 0.1198 -0.3596
v 0.2138 0.1664 -0.3826
v 0.2430 0.1542 -0.3694
v 0.2315 0.1313 -0.3732
v 0.2555 0.1268 -0.3643
v 0.2301 0.1892 -0.3835
v 0.2012 0.1799 -0.3921
v 0.2554 0.1198 -0.3596
v 0.2716 0.1159 -0.4306
v 0.2711 0.0806 -0.4084
v 0.2486 0.0949 -0.4283
v 0.2381 0.0550 -0.4192
v 0.2566 0.0513 -0.3960
v 0.2206 0.0302 -0.4117
v 0.2814 0.1129 -0.4113
v 0.2831 0.1428 -0.4371
v 0.2624 0.1018 -0.4392
v 0.2543 0.0831 -0.4546
v 0.2716 0.1159 -0.4306
v 0.2486 0.0949 -0.4283
v 0.2559 0.1176 -0.4275
v 0.2686 0.1283 -0.4311
v 0.2451 0.1345 -0.4332
v 0.2472 0.1427 -0.4097
v 0.2472 0.1661 -0.4149
v 0.2519 0.1601 -0.4182
v 0.2526 0.1460 -0.4204
v 0.2525 0.1717 -0.4297
v 0.2435 0.1773 -0.4162
v 0.2500 0.1345 -0.4060
v 0.2661 0.1293 -0.4152
v 0.2566 0.1221 -0.4060
v 0.2666 0.1156 -0.4142
v 0.2324 0.1540 -0.4075
v 0.2679 0.1568 -0.4280
v 0.2269 0.1622 -0.4082
v 0.2164 0.1572 -0.4026
v 0.2194 0.1645 -0.4061
v 0.2280 0.1830 -0.4169
v 0.2683 0.1508 -0.4210
v 0.2686 0.1283 -0.4311
v 0.2500 0.1345 -0.4060
v 0.2424 0.1318 -0.4197
v 0.2324 0.1540 -0.4075
v 0.2276 0.1437 -0.4326
v 0.2566 0.1221 -0.4060
v 0.2228 0.1577 -0.4346
v 0.2519 0.1154 -0.4147
v 0.2194 0.1645 -0.4061
v 0.2451 0.1345 -0.4332
v 0.2559 0.1176 -0.4275
v 0.2666 0.1156 -0.4142
v 0.2280 0.1830 -0.4169
v 0.2281 0.1791 -0.4320
v 0.2686 0.1283 -0.4311
v 0.2519 0.1154 -0.4147
v 0.2666 0.1156 -0.4142
v 0.2559 0.1176 -0.4275
v 0.2281 0.1791 -0.4320
v 0.2451 0.1345 -0.4332
v 0.2593 0.1538 -0.4329
v 0.2276 0.1437 -0.4326
v 0.2624 0.1018 -0.4392
v 0.2525 0.1717 -0.4297
v 0.2228 0.1577 -0.4346
v 0.2679 0.1568 -0.4280
v 0.2686 0.1283 -0.4311
v 0.2716 0.1159 -0.4306
v 0.2385 0.1825 -0.4260
v 0.2486 0.0949 -0.4283
v 0.2324 0.1540 -0.4075
v 0.2194 0.1645 -0.4061
v 0.2164 0.1572 -0.4026
v 0.2385 0.1825 -0.4260
v 0.2435 0.1773 -0.4162
v 0.2280 0.1830 -0.4169
v 0.2525 0.1717 -0.4297
v 0.2281 0.1791 -0.4320
v -0.1525 0.0559 -0.7134
v -0.1192 0.0741 -0.7072
v -0.1453 0.0579 -0.6777
v -0.1004 0.0878 -0.6649
v -0.1515 0.0717 -0.7697
v -0.1223 0.0883 -0.7578
v -0.1244 0.0852 -0.7730
v -0.1689 0.0796 -0.8096
v -0.1377 0.0977 -0.8259
v -0.1781 0.0758 -0.8576
v -0.1545 0.1005 -0.8802
v -0.1767 0.0761 -0.9172
v -0.2214 0.0619 -0.9071
v -0.1783 0.0721 -0.7826
v -0.1910 0.0747 -0.8537
v -0.1636 0.1053 -0.9438
v -0.2358 0.0312 -0.9794
v -0.1983 0.0529 -0.9693
v -0.2426 0.0310 -1.0047
v -0.2227 0.0441 -1.0070
v -0.1944 0.0638 -0.9920
v -0.2642 0.0241 -0.9910
v -0.1449 0.0702 -0.6620
v -0.1053 0.0996 -0.6461
v -0.1193 0.0781 -0.5598
v -0.1654 0.0558 -0.5805
v -0.1529 0.0531 -0.5486
v -0.1156 0.0742 -0.4931
v -0.0890 0.1070 -0.5356
v -0.0814 0.1140 -0.5516
v -0.0902 0.1116 -0.5915
v -0.0881 0.1136 -0.4957
v -0.1827 0.0513 -0.5323
v -0.1428 0.0557 -0.4783
v -0.1199 0.0659 -0.4656
v -0.1851 0.0509 -0.4788
v -0.1844 0.0606 -0.6133
v -0.1894 0.0659 -0.6735
v -0.0918 0.1206 -0.6050
v -0.1285 0.0484 -0.4687
v -0.1808 0.0349 -0.4567
v -0.1413 0.0412 -0.4480
v -0.1701 0.0344 -0.4435
v -0.1091 0.0594 -0.4633
v -0.0938 0.0643 -0.4473
v -0.2099 0.0273 -0.4458
v -0.1793 0.0331 -0.4271
v -0.1165 0.0851 -0.4457
v -0.1276 0.0778 -0.4458
v -0.1185 0.0734 -0.4394
v -0.0953 0.0829 -0.4380
v -0.0999 0.1070 -0.4544
v -0.1382 0.0550 -0.4385
v -0.1305 0.0486 -0.4298
v -0.1052 0.0630 -0.4326
v -0.0764 0.1080 -0.4392
v -0.1286 0.0822 -0.4515
v -0.1400 0.0585 -0.4491
v -0.1376 0.0748 -0.4707
v -0.1358 0.0617 -0.4568
v -0.1550 0.0649 -0.4694
v -0.1438 0.0710 -0.4808
v -0.2542 0.1112 -0.4551
v -0.2811 0.1053 -0.4394
v -0.2606 0.1466 -0.4494
v -0.2824 0.1483 -0.4361
v -0.2656 0.0779 -0.4482
v -0.2435 0.0806 -0.4542
v -0.2226 0.0551 -0.4538
v -0.2378 0.0423 -0.4432
v -0.2099 0.0273 -0.4458
v -0.1808 0.0349 -0.4567
v -0.2753 0.1761 -0.4279
v -0.2417 0.1947 -0.4478
v -0.2317 0.2303 -0.4319
v -0.2228 0.2166 -0.4518
v -0.1358 0.0617 -0.4568
v -0.1383 0.0753 -0.4670
v -0.1286 0.0822 -0.4515
v -0.1438 0.0710 -0.4808
v -0.1400 0.0585 -0.4491
v -0.1382 0.0550 -0.4385
v -0.1376 0.0748 -0.4707
v -0.1550 0.0649 -0.4694
v -0.1199 0.0659 -0.4656
v -0.1091 0.0594 -0.4633
v -0.1285 0.0484 -0.4687
v -0.1428 0.0557 -0.4783
v -0.0993 0.0847 -0.4732
v -0.1206 0.0734 -0.4574
v -0.0993 0.0847 -0.4732
v -0.1199 0.0659 -0.4656
v -0.1894 0.0659 -0.6735
v -0.1844 0.0606 -0.6133
v -0.2285 0.0945 -0.6767
v -0.2141 0.0845 -0.7157
v -0.1903 0.0651 -0.7135
v -0.2242 0.0790 -0.5835
v -0.2272 0.0681 -0.5065
v -0.1827 0.0513 -0.5323
v -0.1851 0.0509 -0.4788
v -0.2079 0.0985 -0.7693
v -0.2401 0.0887 -0.5454
v -0.1783 0.0721 -0.7826
v -0.1525 0.0559 -0.7134
v -0.2226 0.0551 -0.4538
v -0.2435 0.0806 -0.4542
v -0.2463 0.1087 -0.5902
v -0.2324 0.1065 -0.6686
v -0.1808 0.0349 -0.4567
v -0.1453 0.0579 -0.6777
v -0.2096 0.0927 -0.7828
v -0.1863 0.0851 -0.8068
v -0.1689 0.0796 -0.8096
v -0.1910 0.0747 -0.8537
v -0.2182 0.0823 -0.8674
v -0.2414 0.0851 -0.8951
v -0.2132 0.1090 -0.8161
v -0.2258 0.1232 -0.7848
v -0.2319 0.1187 -0.7208
v -0.2277 0.1173 -0.8348
v -0.2557 0.1248 -0.5434
v -0.2419 0.1321 -0.6663
v -0.2526 0.1520 -0.5886
v -0.2542 0.1112 -0.4551
v -0.2233 0.1424 -0.7528
v -0.2613 0.1452 -0.4913
v -0.2606 0.1466 -0.4494
v -0.2843 0.0795 -0.9532
v -0.2362 0.1476 -0.8557
v -0.2809 0.0552 -0.9614
v -0.2502 0.0546 -0.9349
v -0.2214 0.0619 -0.9071
v -0.2642 0.0241 -0.9910
v -0.2853 0.0620 -0.9891
v -0.2648 0.1520 -0.9167
v -0.2808 0.1513 -0.9613
v -0.2399 0.1562 -0.8219
v -0.2274 0.1443 -0.8074
v -0.2844 0.1418 -0.9838
v -0.0867 0.1336 -0.5390
v -0.0717 0.1248 -0.4752
v -0.0881 0.1136 -0.4957
v -0.0993 0.0847 -0.4732
v -0.1156 0.0742 -0.4931
v -0.0791 0.0903 -0.4508
v -0.0938 0.0643 -0.4473
v -0.1091 0.0594 -0.4633
v -0.0777 0.1693 -0.5337
v -0.0919 0.1564 -0.5656
v -0.0725 0.1675 -0.5068
v -0.1040 0.1827 -0.5795
v -0.1206 0.0734 -0.4574
v -0.1156 0.0742 -0.4931
v -0.0993 0.0847 -0.4732
v -0.1199 0.0659 -0.4656
v -0.1259 0.2856 -0.8746
v -0.1705 0.2831 -0.8807
v -0.1447 0.2625 -0.8455
v -0.1824 0.2352 -0.8399
v -0.1666 0.2272 -0.8157
v -0.1939 0.2643 -0.8839
v -0.2025 0.2069 -0.8343
v -0.1726 0.2796 -0.8929
v -0.1932 0.2614 -0.8987
v -0.2089 0.2408 -0.9048
v -0.2305 0.2047 -0.8975
v -0.2223 0.2171 -0.9077
v -0.2410 0.2023 -0.9267
v -0.2100 0.2133 -0.6662
v -0.2209 0.1935 -0.7076
v -0.2385 0.1709 -0.6674
v -0.2309 0.1838 -0.6536
v -0.2365 0.1571 -0.7087
v -0.1920 0.2196 -0.7073
v -0.1917 0.2096 -0.7443
v -0.2125 0.1820 -0.7514
v -0.2233 0.1424 -0.7528
v -0.2214 0.1733 -0.7643
v -0.1843 0.2169 -0.7763
v -0.2419 0.1321 -0.6663
v -0.2134 0.1997 -0.8120
v -0.1917 0.2238 -0.6442
v -0.2217 0.2136 -0.5736
v -0.2445 0.1847 -0.5739
v -0.2269 0.2145 -0.5289
v -0.2542 0.1788 -0.5242
v -0.2516 0.1822 -0.4869
v -0.2526 0.1520 -0.5886
v -0.2613 0.1452 -0.4913
v -0.2606 0.1466 -0.4494
v -0.2417 0.1947 -0.4478
v -0.2334 0.2132 -0.4812
v -0.2153 0.2218 -0.5015
v -0.2228 0.2166 -0.4518
v -0.2557 0.1248 -0.5434
v -0.2319 0.1187 -0.7208
v -0.2034 0.2295 -0.5310
v -0.2020 0.2320 -0.4788
v -0.1699 0.2244 -0.7560
v -0.2269 0.1847 -0.8199
v -0.2176 0.1958 -0.8647
v -0.2463 0.1087 -0.5902
v -0.2324 0.1065 -0.6686
v -0.1330 0.2059 -0.4471
v -0.1508 0.2279 -0.4668
v -0.1792 0.2246 -0.4514
v -0.1223 0.2184 -0.4598
v -0.0909 0.1982 -0.4503
v -0.1006 0.1890 -0.4389
v -0.2020 0.2320 -0.4788
v -0.2334 0.2132 -0.4812
v -0.2228 0.2166 -0.4518
v -0.1108 0.1907 -0.4709
v -0.1419 0.2111 -0.4808
v -0.1223 0.2184 -0.4598
v -0.0909 0.1982 -0.4503
v -0.0774 0.1673 -0.4604
v -0.1508 0.2279 -0.4668
v -0.1659 0.2226 -0.4907
v -0.0830 0.1617 -0.4760
v -0.0717 0.1248 -0.4752
v -0.0661 0.1421 -0.4533
v -0.2020 0.2320 -0.4788
v -0.2153 0.2218 -0.5015
v -0.1447 0.2625 -0.8455
v -0.1666 0.2272 -0.8157
v -0.1298 0.2205 -0.8134
v -0.1170 0.2407 -0.8410
v -0.1259 0.2856 -0.8746
v -0.0964 0.2573 -0.8872
v -0.0980 0.2086 -0.8576
v -0.1139 0.1915 -0.8193
v -0.2034 0.2295 -0.5310
v -0.2153 0.2218 -0.5015
v -0.1535 0.2322 -0.5137
v -0.1659 0.2226 -0.4907
v -0.1419 0.2111 -0.4808
v -0.1117 0.2126 -0.5054
v -0.1108 0.1907 -0.4709
v -0.0904 0.1982 -0.5138
v -0.0830 0.1617 -0.4760
v -0.0725 0.1675 -0.5068
v -0.1512 0.2275 -0.5459
v -0.1320 0.2196 -0.5735
v -0.1618 0.2331 -0.5730
v -0.1172 0.2124 -0.6056
v -0.1457 0.2273 -0.6418
v -0.1268 0.2219 -0.6509
v -0.1715 0.2334 -0.6586
v -0.1466 0.2256 -0.7062
v -0.1151 0.2167 -0.6912
v -0.1071 0.2071 -0.6522
v -0.0962 0.1768 -0.6229
v -0.1040 0.1827 -0.5795
v -0.0943 0.1883 -0.5965
v -0.0874 0.1760 -0.6920
v -0.0903 0.1801 -0.6521
v -0.0777 0.1693 -0.5337
v -0.1154 0.2032 -0.7103
v -0.1173 0.2056 -0.7504
v -0.1477 0.2223 -0.7513
v -0.1069 0.1894 -0.7675
v -0.0944 0.1662 -0.7518
v -0.0986 0.1688 -0.7142
v -0.0984 0.1686 -0.7946
v -0.0806 0.1563 -0.5780
v -0.0919 0.1564 -0.5656
v -0.0867 0.1336 -0.5390
v -0.0717 0.1248 -0.4752
v -0.0804 0.1454 -0.5882
v -0.1466 0.2256 -0.7062
v -0.1920 0.2196 -0.7073
v -0.1715 0.2334 -0.6586
v -0.1477 0.2223 -0.7513
v -0.1917 0.2096 -0.7443
v -0.2100 0.2133 -0.6662
v -0.1917 0.2238 -0.6442
v -0.1457 0.2273 -0.6418
v -0.1618 0.2331 -0.5730
v -0.2034 0.2295 -0.5310
v -0.1512 0.2275 -0.5459
v -0.1535 0.2322 -0.5137
v -0.1699 0.2244 -0.7560
v -0.1298 0.2205 -0.8134
v -0.1666 0.2272 -0.8157
v -0.1117 0.1820 -0.4537
v -0.1066 0.1678 -0.4619
v -0.1029 0.1625 -0.4609
v -0.1071 0.1685 -0.4670
v -0.1026 0.1651 -0.4728
v -0.1072 0.1698 -0.4699
v -0.1073 0.1710 -0.4728
v -0.0888 0.1785 -0.4442
v -0.1006 0.1890 -0.4389
v -0.0890 0.1489 -0.4377
v -0.0959 0.1289 -0.4624
v -0.0855 0.1152 -0.4372
v -0.1029 0.1625 -0.4609
v -0.0888 0.1785 -0.4442
v -0.0999 0.1070 -0.4544
v -0.0764 0.1080 -0.4392
v -0.1057 0.1745 -0.4359
v -0.1117 0.1820 -0.4537
v -0.1006 0.1890 -0.4389
v -0.1070 0.1701 -0.4702
v -0.1072 0.1698 -0.4699
v -0.1065 0.1686 -0.4661
v -0.1073 0.1710 -0.4728
v -0.1065 0.1686 -0.4661
v -0.1072 0.1698 -0.4699
v -0.1071 0.1685 -0.4670
v -0.1066 0.1678 -0.4619
v -0.0855 0.1152 -0.4372
v -0.0826 0.0690 -0.4342
v -0.0953 0.0829 -0.4380
v -0.0764 0.1080 -0.4392
v -0.0938 0.0643 -0.4473
v -0.0661 0.1421 -0.4533
v -0.0774 0.1673 -0.4604
v -0.0888 0.1785 -0.4442
v -0.0909 0.1982 -0.4503
v -0.1006 0.1890 -0.4389
v -0.0890 0.1489 -0.4377
v -0.0774 0.1436 -0.4396
v -0.0764 0.1080 -0.4392
v -0.0791 0.0903 -0.4508
v -0.0717 0.1248 -0.4752
v -0.0953 0.0829 -0.4380
v -0.0938 0.0643 -0.4473
v 0.0674 0.1794 -0.4340
v 0.0789 0.1660 -0.4419
v 0.0653 0.1480 -0.4439
v 0.0951 0.1927 -0.4456
v 0.0537 0.1516 -0.4483
v -0.0984 0.1686 -0.7946
v -0.0956 0.1220 -0.7574
v -0.1022 0.1225 -0.7926
v -0.0944 0.1662 -0.7518
v -0.0987 0.1190 -0.7266
v -0.0986 0.1688 -0.7142
v -0.0894 0.1084 -0.6970
v -0.1192 0.0741 -0.7072
v -0.0874 0.1760 -0.6920
v -0.0836 0.1305 -0.6550
v -0.1004 0.0878 -0.6649
v -0.0903 0.1801 -0.6521
v -0.1244 0.0852 -0.7730
v -0.1188 0.1306 -0.8194
v -0.1223 0.0883 -0.7578
v -0.1377 0.0977 -0.8259
v -0.1248 0.1442 -0.8615
v -0.1141 0.1739 -0.8352
v -0.1545 0.1005 -0.8802
v -0.1524 0.1520 -0.9317
v -0.1636 0.1053 -0.9438
v -0.1732 0.1518 -0.9701
v -0.1846 0.1130 -0.9929
v -0.1944 0.0638 -0.9920
v -0.1139 0.1915 -0.8193
v -0.1063 0.1770 -0.8784
v -0.0958 0.2209 -0.9103
v -0.0980 0.2086 -0.8576
v -0.0964 0.2573 -0.8872
v -0.0980 0.2429 -0.9075
v -0.1206 0.1885 -0.9280
v -0.1053 0.0996 -0.6461
v -0.2064 0.1026 -1.0055
v -0.2227 0.0441 -1.0070
v -0.0936 0.1583 -0.6435
v -0.0962 0.1768 -0.6229
v -0.0918 0.1206 -0.6050
v -0.1193 0.0781 -0.5598
v -0.0804 0.1454 -0.5882
v -0.0902 0.1116 -0.5915
v -0.0814 0.1140 -0.5516
v -0.0806 0.1563 -0.5780
v -0.0867 0.1336 -0.5390
v -0.0890 0.1070 -0.5356
v -0.0881 0.1136 -0.4957
v 0.1408 0.0347 -0.4971
v 0.1381 0.0161 -0.4655
v 0.1158 0.0379 -0.4884
v 0.0868 0.0420 -0.4609
v 0.0964 0.0529 -0.4896
v 0.0594 0.0648 -0.4896
v 0.0821 0.0706 -0.4980
v 0.0478 0.0918 -0.5069
v 0.1317 0.0624 -0.4983
v 0.1467 0.0538 -0.5024
v 0.1819 0.0396 -0.4719
v 0.2107 0.0370 -0.4526
v 0.2025 0.0641 -0.4850
v 0.1695 0.0556 -0.4859
v 0.2351 0.0585 -0.4623
v 0.0789 0.1660 -0.4419
v 0.0720 0.1858 -0.4570
v 0.0537 0.1516 -0.4483
v 0.0951 0.1927 -0.4456
v 0.0653 0.1480 -0.4439
v 0.1553 0.1946 -0.4795
v 0.1557 0.1947 -0.4795
v 0.1534 0.1929 -0.4751
v 0.1569 0.1948 -0.4800
v 0.1568 0.1948 -0.4799
v 0.1581 0.1950 -0.4803
v 0.1585 0.1950 -0.4805
v 0.1599 0.1952 -0.4809
v 0.1584 0.2084 -0.4700
v 0.1225 0.2027 -0.4666
v 0.1328 0.1928 -0.4732
v 0.1415 0.1934 -0.4743
v 0.1241 0.1910 -0.4751
v 0.1292 0.2061 -0.4634
v 0.1189 0.2017 -0.4600
v 0.1436 0.2005 -0.4882
v 0.1553 0.1946 -0.4795
v 0.1415 0.1934 -0.4743
v 0.1569 0.1948 -0.4800
v 0.1585 0.1950 -0.4805
v 0.1534 0.1929 -0.4751
v 0.1599 0.1952 -0.4809
v 0.1328 0.1928 -0.4732
v 0.1238 0.2020 -0.4990
v 0.1241 0.1910 -0.4751
v 0.2448 0.0915 -0.4631
v 0.2300 0.0954 -0.4698
v 0.2348 0.1028 -0.4511
v 0.2187 0.0791 -0.4740
v 0.2351 0.0585 -0.4623
v 0.2025 0.0641 -0.4850
v 0.2543 0.0831 -0.4546
v 0.2831 0.1428 -0.4371
v 0.2647 0.1301 -0.4505
v 0.2640 0.1807 -0.4378
v 0.2255 0.1947 -0.4424
v 0.2348 0.1028 -0.4511
v 0.2345 0.1459 -0.4444
v 0.2647 0.1301 -0.4505
v 0.2255 0.1947 -0.4424
v 0.2448 0.0915 -0.4631
v 0.2105 0.1914 -0.4538
v 0.2185 0.1705 -0.6460
v 0.2267 0.1726 -0.5849
v 0.2327 0.1311 -0.5913
v 0.2201 0.1176 -0.6572
v 0.2300 0.1420 -0.5683
v 0.2008 0.2022 -0.6454
v 0.2130 0.1837 -0.6687
v 0.2242 0.1600 -0.6637
v 0.2144 0.1359 -0.7253
v 0.2088 0.1608 -0.7604
v 0.1970 0.1967 -0.7741
v 0.2147 0.1107 -0.7109
v 0.2246 0.1188 -0.6716
v 0.1956 0.0969 -0.7857
v 0.2180 0.1864 -0.5661
v 0.2396 0.1436 -0.5148
v 0.2180 0.2006 -0.5262
v 0.2126 0.1592 -0.7754
v 0.2086 0.1222 -0.7846
v 0.2062 0.2072 -0.4988
v 0.2296 0.1775 -0.4821
v 0.2306 0.1565 -0.4734
v 0.2300 0.0954 -0.4698
v 0.2345 0.1459 -0.4444
v 0.2348 0.1028 -0.4511
v 0.2105 0.1914 -0.4538
v 0.1993 0.2114 -0.5671
v 0.2020 0.2124 -0.4779
v 0.1952 0.1987 -0.4599
v 0.1661 0.2141 -0.4475
v 0.2198 0.0923 -0.6045
v 0.1839 0.0579 -0.6075
v 0.1951 0.0761 -0.6629
v 0.1925 0.0626 -0.5769
v 0.2237 0.1057 -0.5755
v 0.2201 0.1176 -0.6572
v 0.2236 0.0875 -0.5495
v 0.1914 0.0552 -0.5578
v 0.2187 0.0791 -0.4740
v 0.2300 0.0954 -0.4698
v 0.2025 0.0641 -0.4850
v 0.2246 0.1188 -0.6716
v 0.1935 0.0732 -0.6759
v 0.2147 0.1107 -0.7109
v 0.1931 0.0803 -0.7320
v 0.1956 0.0969 -0.7857
v 0.1799 0.0825 -0.7911
v 0.1610 0.0568 -0.7262
v 0.2327 0.1311 -0.5913
v 0.2396 0.1436 -0.5148
v 0.2300 0.1420 -0.5683
v 0.1429 0.0506 -0.6829
v 0.1581 0.0723 -0.7866
v 0.1496 0.0482 -0.5680
v 0.1346 0.0573 -0.6672
v 0.1561 0.0841 -0.8119
v 0.1695 0.0556 -0.4859
v 0.1227 0.0588 -0.7460
v 0.1467 0.0538 -0.5024
v 0.1315 0.0749 -0.7943
v 0.1216 0.0539 -0.5517
v 0.1140 0.0572 -0.6096
v 0.1308 0.1889 -0.4547
v 0.1424 0.1940 -0.4637
v 0.1540 0.1914 -0.4643
v 0.1225 0.2027 -0.4666
v 0.1415 0.1934 -0.4743
v 0.1534 0.1929 -0.4751
v 0.1238 0.2020 -0.4990
v 0.1415 0.1934 -0.4743
v 0.1241 0.1910 -0.4751
v 0.1308 0.1889 -0.4547
v 0.1540 0.1914 -0.4643
v 0.1436 0.2005 -0.4882
v 0.1557 0.1947 -0.4795
v 0.1568 0.1948 -0.4799
v 0.1581 0.1950 -0.4803
v 0.1599 0.1952 -0.4809
v 0.1241 0.1910 -0.4751
v 0.1225 0.2027 -0.4666
v 0.1308 0.1889 -0.4547
v 0.1391 0.2037 -0.4584
v 0.1189 0.2017 -0.4600
v 0.1292 0.2061 -0.4634
v 0.1584 0.2084 -0.4700
v 0.1424 0.1940 -0.4637
v 0.1225 0.2027 -0.4666
v 0.1391 0.2037 -0.4584
v 0.1391 0.2037 -0.4584
v 0.1225 0.2027 -0.4666
v 0.1189 0.2017 -0.4600
v 0.1415 0.1934 -0.4743
v 0.1391 0.2037 -0.4584
v 0.1584 0.2084 -0.4700
v 0.1391 0.2037 -0.4584
v 0.1415 0.1934 -0.4743
v 0.1424 0.1940 -0.4637
v 0.1186 0.2224 -0.6494
v 0.1195 0.2213 -0.6060
v 0.1651 0.2233 -0.6435
v 0.1345 0.2226 -0.5084
v 0.1805 0.2224 -0.5148
v 0.1541 0.2301 -0.6725
v 0.1193 0.2229 -0.7096
v 0.1635 0.2148 -0.4865
v 0.1766 0.2186 -0.7092
v 0.1218 0.2249 -0.7539
v 0.1454 0.2282 -0.7573
v 0.1275 0.2113 -0.4841
v 0.2062 0.2072 -0.4988
v 0.1751 0.2165 -0.7789
v 0.1751 0.2165 -0.7789
v 0.1454 0.2282 -0.7573
v 0.1766 0.2186 -0.7092
v 0.1970 0.1967 -0.7741
v 0.1962 0.1964 -0.8258
v 0.1690 0.2221 -0.8295
v 0.2009 0.1878 -0.8674
v 0.2130 0.1837 -0.6687
v 0.2008 0.2022 -0.6454
v 0.1651 0.2233 -0.6435
v 0.1993 0.2114 -0.5671
v 0.1541 0.2301 -0.6725
v 0.1805 0.2224 -0.5148
v 0.2180 0.2006 -0.5262
v 0.2062 0.2072 -0.4988
v 0.1317 0.2293 -0.8013
v 0.1218 0.2249 -0.7539
v 0.1340 0.2394 -0.8233
v 0.1759 0.2595 -0.8780
v 0.1459 0.2849 -0.8820
v 0.1033 0.2855 -0.8768
v 0.1103 0.2542 -0.8437
v -0.2362 0.1476 -0.8557
v -0.2269 0.1847 -0.8199
v -0.2176 0.1958 -0.8647
v -0.2399 0.1562 -0.8219
v -0.2305 0.2047 -0.8975
v -0.1939 0.2643 -0.8839
v -0.2648 0.1520 -0.9167
v -0.2410 0.2023 -0.9267
v -0.2808 0.1513 -0.9613
v -0.1824 0.2352 -0.8399
v -0.2691 0.1681 -0.9723
v -0.2844 0.1418 -0.9838
v -0.2274 0.1443 -0.8074
v -0.2134 0.1997 -0.8120
v -0.2214 0.1733 -0.7643
v -0.2258 0.1232 -0.7848
v -0.2233 0.1424 -0.7528
v -0.2125 0.1820 -0.7514
v -0.2471 0.1903 -0.9532
v -0.2132 0.1090 -0.8161
v 0.0758 0.1221 -0.6498
v 0.0741 0.1640 -0.6606
v 0.0637 0.1264 -0.6544
v 0.0634 0.1267 -0.6450
v 0.0758 0.1221 -0.6498
v 0.0637 0.1264 -0.6544
v 0.0634 0.1267 -0.6450
v 0.0629 0.1562 -0.6493
v 0.0707 0.1434 -0.6409
v 0.0758 0.1221 -0.6498
v 0.0695 0.1367 -0.6698
v 0.0745 0.1235 -0.6337
v 0.0707 0.1434 -0.6409
v 0.0721 0.1581 -0.6824
v 0.0758 0.1221 -0.6498
v 0.0760 0.1174 -0.6333
v 0.0740 0.1216 -0.6696
v 0.0891 0.1012 -0.6589
v 0.0828 0.1711 -0.6495
v 0.0869 0.1861 -0.6792
v 0.0741 0.1640 -0.6606
v 0.0758 0.1221 -0.6498
v 0.0792 0.1180 -0.6637
v 0.0695 0.1367 -0.6698
v 0.0721 0.1581 -0.6824
v 0.0891 0.1012 -0.6589
v 0.0869 0.1861 -0.6792
v 0.0740 0.1216 -0.6696
v 0.0828 0.1711 -0.6495
v 0.0707 0.1434 -0.6409
v 0.0707 0.1434 -0.6409
v 0.0637 0.1264 -0.6544
v 0.0741 0.1640 -0.6606
v -0.2784 0.1271 -0.9912
v -0.2738 0.0817 -1.0064
v -0.2853 0.0620 -0.9891
v -0.2844 0.1418 -0.9838
v -0.2642 0.0241 -0.9910
v -0.2426 0.0310 -1.0047
v -0.1923 0.2189 -0.9171
v -0.1085 0.2147 -0.9182
v -0.1363 0.1974 -0.9343
v -0.1932 0.2614 -0.8987
v -0.1081 0.2672 -0.8948
v -0.1726 0.2796 -0.8929
v -0.2089 0.2408 -0.9048
v -0.0980 0.2429 -0.9075
v -0.2223 0.2171 -0.9077
v -0.1259 0.2856 -0.8746
v -0.1206 0.1885 -0.9280
v -0.0958 0.2209 -0.9103
v -0.1868 0.1892 -0.9178
v -0.1630 0.1621 -0.9350
v -0.2410 0.2023 -0.9267
v -0.1524 0.1520 -0.9317
v -0.2227 0.1794 -0.9529
v -0.2471 0.1903 -0.9532
v -0.2691 0.1681 -0.9723
v -0.2784 0.1271 -0.9912
v -0.2844 0.1418 -0.9838
v -0.2064 0.1026 -1.0055
v -0.1732 0.1518 -0.9701
v -0.1846 0.1130 -0.9929
v -0.2738 0.0817 -1.0064
v -0.2227 0.0441 -1.0070
v -0.2426 0.0310 -1.0047
v -0.0964 0.2573 -0.8872
v -0.1705 0.2831 -0.8807
v 0.0771 0.1168 -0.6338
v 0.0784 0.1133 -0.6338
v 0.0772 0.1158 -0.6340
v 0.0758 0.1221 -0.6498
v 0.0707 0.1434 -0.6409
v 0.0748 0.1222 -0.6343
v 0.0760 0.1174 -0.6333
v 0.0745 0.1235 -0.6337
v 0.0771 0.1168 -0.6338
v 0.0748 0.1222 -0.6343
v 0.0745 0.1235 -0.6337
v 0.0772 0.1158 -0.6340
v 0.0783 0.1125 -0.6336
v 0.0796 0.1098 -0.6338
v 0.0784 0.1133 -0.6338
v 0.0771 0.1168 -0.6338
v 0.0760 0.1174 -0.6333
v 0.0784 0.1133 -0.6338
v 0.0783 0.1125 -0.6336
v 0.0745 0.1235 -0.6337
v 0.0766 0.1144 -0.6302
v 0.0796 0.1098 -0.6338
v 0.0772 0.1158 -0.6340
v 0.0766 0.1144 -0.6302
v 0.0760 0.1174 -0.6333
v 0.0784 0.1133 -0.6338
v 0.0796 0.1098 -0.6338
v 0.0748 0.1222 -0.6343
v 0.1153 0.1274 -0.8807
v 0.1158 0.0978 -0.8254
v 0.0931 0.1451 -0.8302
v 0.0830 0.1821 -0.8755
v 0.1379 0.0879 -0.8701
v 0.1372 0.1096 -0.9279
v 0.0875 0.2028 -0.9137
v 0.0729 0.2267 -0.9098
v 0.1551 0.0818 -0.9678
v 0.0725 0.2236 -0.8885
v 0.1253 0.1693 -0.9303
v 0.0835 0.1088 -0.7863
v 0.0694 0.1418 -0.7921
v 0.0881 0.0787 -0.7123
v 0.0621 0.1321 -0.7151
v 0.0989 0.0865 -0.7754
v 0.0707 0.0971 -0.7007
v 0.1449 0.1372 -0.9683
v 0.1051 0.1969 -0.9319
v 0.0671 0.0961 -0.6670
v 0.1360 0.1542 -0.9387
v 0.1667 0.1125 -0.9939
v 0.1750 0.0563 -0.9904
v 0.1640 0.0684 -0.9198
v 0.0843 0.1853 -0.8227
v 0.0950 0.0680 -0.6779
v 0.0854 0.2177 -0.9175
v 0.1227 0.0588 -0.7460
v 0.1849 0.0732 -1.0070
v 0.1303 0.0864 -0.8083
v 0.1315 0.0749 -0.7943
v 0.2098 0.0302 -0.9955
v 0.1561 0.0841 -0.8119
v 0.1946 0.0529 -0.9278
v 0.1794 0.0690 -0.8858
v 0.1640 0.0684 -0.9198
v 0.2098 0.0302 -0.9955
v 0.1379 0.0879 -0.8701
v 0.1303 0.0864 -0.8083
v 0.1158 0.0978 -0.8254
v 0.0835 0.1088 -0.7863
v 0.1561 0.0841 -0.8119
v 0.2238 0.0543 -0.9295
v 0.2399 0.0314 -0.9771
v 0.2419 0.0300 -0.9952
v 0.2194 0.0370 -1.0080
v 0.2098 0.0302 -0.9955
v 0.1750 0.0563 -0.9904
v 0.1849 0.0732 -1.0070
v 0.2419 0.0300 -0.9952
v 0.2026 0.1360 -0.7977
v 0.2086 0.1222 -0.7846
v 0.1807 0.0980 -0.7973
v 0.1956 0.0969 -0.7857
v 0.1799 0.0825 -0.7911
v 0.1561 0.0841 -0.8119
v 0.2126 0.1592 -0.7754
v 0.1970 0.1967 -0.7741
v 0.2294 0.0856 -0.9054
v 0.1948 0.0980 -0.8560
v 0.1794 0.0690 -0.8858
v 0.2238 0.0543 -0.9295
v 0.2502 0.0621 -0.9493
v 0.2399 0.0314 -0.9771
v 0.2036 0.1301 -0.8390
v 0.1561 0.0841 -0.8119
v 0.1864 0.1062 -0.8146
v 0.2589 0.0516 -0.9962
v 0.2419 0.0300 -0.9952
v 0.2592 0.0886 -0.9494
v 0.1807 0.0980 -0.7973
v 0.2026 0.1360 -0.7977
v 0.2106 0.1465 -0.8543
v 0.2277 0.1924 -0.9228
v 0.2009 0.1878 -0.8674
v 0.2476 0.1436 -0.9208
v 0.2007 0.2247 -0.9046
v 0.1759 0.2595 -0.8780
v 0.1690 0.2221 -0.8295
v 0.2582 0.1549 -0.9776
v 0.2036 0.1301 -0.8390
v 0.2644 0.1237 -0.9917
v 0.2592 0.0886 -0.9494
v 0.2294 0.0856 -0.9054
v 0.2589 0.0516 -0.9962
v 0.2109 0.1644 -0.8367
v 0.1962 0.1964 -0.8258
v 0.1970 0.1967 -0.7741
v 0.2026 0.1360 -0.7977
v 0.2338 0.1852 -0.9622
v 0.2502 0.0621 -0.9493
v 0.1743 0.2542 -0.9056
v 0.1624 0.2735 -0.8936
v 0.1459 0.2849 -0.8820
v 0.2145 0.2011 -0.9242
v 0.2249 0.1710 -0.9622
v 0.1567 0.1500 -0.9732
v 0.1963 0.1808 -0.9598
v 0.1913 0.1005 -1.0072
v 0.2644 0.1237 -0.9917
v 0.1667 0.1125 -0.9939
v 0.2582 0.1549 -0.9776
v 0.2451 0.0697 -1.0092
v 0.2338 0.1852 -0.9622
v 0.1849 0.0732 -1.0070
v 0.2194 0.0370 -1.0080
v 0.1449 0.1372 -0.9683
v 0.2145 0.2011 -0.9242
v 0.1360 0.1542 -0.9387
v 0.1596 0.1702 -0.9392
v 0.1722 0.1914 -0.9202
v 0.2007 0.2247 -0.9046
v 0.1253 0.1693 -0.9303
v 0.1743 0.2542 -0.9056
v 0.1551 0.2049 -0.9234
v 0.1008 0.2802 -0.8888
v 0.1624 0.2735 -0.8936
v 0.0854 0.2177 -0.9175
v 0.1051 0.1969 -0.9319
v 0.0795 0.2582 -0.9012
v 0.0729 0.2267 -0.9098
v 0.1459 0.2849 -0.8820
v 0.1033 0.2855 -0.8768
v 0.2589 0.0516 -0.9962
v 0.2419 0.0300 -0.9952
vt 0.43822 0.56339
vt 0.44774 0.57304
vt 0.44123 0.57378
vt 0.43742 0.58086
vt 0.43307 0.57079
vt 0.44626 0.57676
vt 0.45441 0.56808
vt 0.45441 0.57703
vt 0.44737 0.58301
vt 0.44797 0.56262
vt 0.38537 0.89857
vt 0.37779 0.89290
vt 0.38460 0.89083
vt 0.38552 0.90673
vt 0.38316 0.90728
vt 0.38943 0.90314
vt 0.38213 0.88204
vt 0.37682 0.88621
vt 0.38943 0.88597
vt 0.94090 0.34510
vt 0.94775 0.34670
vt 0.94115 0.35565
vt 0.94811 0.33932
vt 0.94095 0.33936
vt 0.94811 0.35753
vt 0.94307 0.36359
vt 0.93723 0.36222
vt 0.93453 0.35577
vt 0.93640 0.34027
vt 0.19788 0.72678
vt 0.20873 0.71332
vt 0.20881 0.72589
vt 0.19726 0.71620
vt 0.21268 0.71880
vt 0.18830 0.72602
vt 0.11938 0.72699
vt 0.16032 0.71300
vt 0.09335 0.72334
vt 0.10082 0.71526
vt 0.05868 0.72409
vt 0.05892 0.71514
vt 0.19758 0.70728
vt 0.21433 0.72767
vt 0.24422 0.71977
vt 0.26645 0.72489
vt 0.25365 0.71974
vt 0.30407 0.72423
vt 0.30274 0.71445
vt 0.27928 0.70871
vt 0.25290 0.71100
vt 0.24644 0.71095
vt 0.30355 0.70728
vt 0.21297 0.71085
vt 0.15221 0.06456
vt 0.15055 0.07330
vt 0.14658 0.06552
vt 0.14405 0.06843
vt 0.14016 0.07110
vt 0.15864 0.07145
vt 0.16052 0.06552
vt 0.13118 0.89813
vt 0.10675 0.89240
vt 0.10463 0.90383
vt 0.08815 0.89961
vt 0.08986 0.88960
vt 0.08148 0.89421
vt 0.15751 0.88588
vt 0.18431 0.89664
vt 0.20613 0.88876
vt 0.24219 0.89821
vt 0.24294 0.88495
vt 0.07990 0.90232
vt 0.03621 0.88976
vt 0.02709 0.89324
vt 0.00780 0.88495
vt 0.00533 0.89364
vt 0.17631 0.90466
vt 0.03460 0.89999
vt 0.02782 0.89867
vt 0.02206 0.89903
vt 0.24261 0.90801
vt 0.24750 0.90667
vt 0.24681 0.89429
vt 0.27498 0.89952
vt 0.27454 0.88855
vt 0.03092 0.91893
vt 0.02421 0.91070
vt 0.02347 0.91874
vt 0.21723 0.98993
vt 0.19405 0.97735
vt 0.17327 0.98388
vt 0.12855 0.97447
vt 0.12529 0.98646
vt 0.25018 0.98875
vt 0.11910 0.97319
vt 0.10851 0.98277
vt 0.10809 0.97329
vt 0.10203 0.97794
vt 0.09813 0.98549
vt 0.03983 0.97690
vt 0.04415 0.96866
vt 0.00154 0.96262
vt 0.00048 0.97310
vt 0.21827 0.97520
vt 0.25006 0.97751
vt 0.25389 0.98535
vt 0.25249 0.99840
vt 0.25703 0.99281
vt 0.27647 0.99779
vt 0.27789 0.98870
vt 0.25766 0.98189
vt 0.24774 0.99951
vt 0.25811 0.96262
vt 0.26801 0.96463
vt 0.27348 0.97119
vt 0.27242 0.98404
vt 0.05603 0.35203
vt 0.05007 0.36052
vt 0.04801 0.33387
vt 0.04825 0.32733
vt 0.04973 0.29336
vt 0.05802 0.29175
vt 0.06186 0.38407
vt 0.05278 0.38495
vt 0.06353 0.35780
vt 0.06353 0.31664
vt 0.97761 0.93369
vt 0.98821 0.93155
vt 0.98436 0.93565
vt 0.99661 0.93423
vt 0.99556 0.93164
vt 0.97717 0.94029
vt 0.99457 0.93593
vt 0.97042 0.93567
vt 0.97042 0.93164
vt 0.44873 0.34583
vt 0.45266 0.33970
vt 0.45901 0.34542
vt 0.49346 0.34165
vt 0.42651 0.34506
vt 0.42673 0.33641
vt 0.46140 0.35040
vt 0.51635 0.34723
vt 0.51843 0.33641
vt 0.44677 0.35286
vt 0.42532 0.35388
vt 0.56317 0.00146
vt 0.58244 0.01298
vt 0.56147 0.01311
vt 0.58244 0.00242
vt 0.55389 0.00163
vt 0.55238 0.00785
vt 0.30109 0.48728
vt 0.29146 0.48511
vt 0.30116 0.48272
vt 0.29708 0.48972
vt 0.29514 0.48022
vt 0.29274 0.48074
vt 0.30055 0.47913
vt 0.30055 0.48981
vt 0.64767 0.15777
vt 0.65713 0.17263
vt 0.64240 0.17161
vt 0.65713 0.15787
vt 0.62827 0.16628
vt 0.65162 0.17524
vt 0.62803 0.15847
vt 0.24538 0.66845
vt 0.24700 0.65631
vt 0.25063 0.66787
vt 0.25364 0.65921
vt 0.25181 0.65088
vt 0.24485 0.64288
vt 0.24394 0.63427
vt 0.25108 0.63580
vt 0.24562 0.62320
vt 0.24755 0.61706
vt 0.25364 0.61505
vt 0.07920 0.30631
vt 0.09822 0.31414
vt 0.07305 0.31993
vt 0.09885 0.31921
vt 0.10039 0.30932
vt 0.06935 0.30631
vt 0.07510 0.32282
vt 0.54335 0.72175
vt 0.55780 0.72282
vt 0.55367 0.71117
vt 0.53977 0.71646
vt 0.56111 0.72019
vt 0.55987 0.71117
vt 0.86603 0.52073
vt 0.85984 0.51311
vt 0.85993 0.51833
vt 0.86743 0.51311
vt 0.87271 0.52087
vt 0.88409 0.51837
vt 0.45674 0.69790
vt 0.46508 0.70160
vt 0.45635 0.68782
vt 0.46080 0.70728
vt 0.46508 0.68398
vt 0.27615 0.20176
vt 0.27595 0.21150
vt 0.28274 0.22083
vt 0.27671 0.22119
vt 0.27698 0.23252
vt 0.28274 0.20621
vt 0.27651 0.19175
vt 0.28111 0.19297
vt 0.79410 0.61604
vt 0.79846 0.62218
vt 0.80803 0.61040
vt 0.78446 0.61342
vt 0.80660 0.61984
vt 0.81874 0.60980
vt 0.81716 0.59933
vt 0.82687 0.58981
vt 0.78918 0.62282
vt 0.78148 0.60379
vt 0.77542 0.60393
vt 0.77349 0.59089
vt 0.76867 0.58981
vt 0.26802 0.57679
vt 0.33680 0.57788
vt 0.27948 0.56802
vt 0.34050 0.56698
vt 0.20516 0.57402
vt 0.20098 0.56650
vt 0.35303 0.58204
vt 0.35234 0.57072
vt 0.36075 0.57688
vt 0.20079 0.57578
vt 0.17537 0.57040
vt 0.17507 0.58138
vt 0.35684 0.56650
vt 0.41174 0.57386
vt 0.41026 0.56868
vt 0.26916 0.13849
vt 0.26993 0.12379
vt 0.27498 0.13547
vt 0.27498 0.15000
vt 0.61585 0.28150
vt 0.61630 0.27519
vt 0.62546 0.28301
vt 0.63096 0.27369
vt 0.63636 0.27650
vt 0.63529 0.26262
vt 0.60285 0.27082
vt 0.64161 0.26338
vt 0.60388 0.27677
vt 0.59408 0.26728
vt 0.59849 0.26262
vt 0.66496 0.74713
vt 0.64452 0.74126
vt 0.65934 0.74221
vt 0.67653 0.74126
vt 0.65088 0.74806
vt 0.68720 0.07770
vt 0.69205 0.08592
vt 0.69205 0.07621
vt 0.47512 0.80463
vt 0.48091 0.87878
vt 0.46755 0.83874
vt 0.47442 0.88893
vt 0.48342 0.93275
vt 0.46887 0.79719
vt 0.47499 0.93334
vt 0.48921 0.95919
vt 0.47611 0.96068
vt 0.49135 0.93289
vt 0.48340 0.79923
vt 0.47460 0.78556
vt 0.46411 0.78733
vt 0.49321 0.92865
vt 0.48594 0.84953
vt 0.49192 0.83884
vt 0.47210 0.78380
vt 0.47842 0.77204
vt 0.48304 0.77271
vt 0.48345 0.76042
vt 0.49120 0.76275
vt 0.49321 0.75233
vt 0.48787 0.75194
vt 0.06155 0.39014
vt 0.05680 0.38976
vt 0.05744 0.39814
vt 0.06178 0.40667
vt 0.05480 0.40722
vt 0.16923 0.40073
vt 0.11922 0.40049
vt 0.16754 0.40770
vt 0.10978 0.40740
vt 0.20818 0.40686
vt 0.07929 0.39494
vt 0.20865 0.39421
vt 0.07353 0.40266
vt 0.12940 0.39374
vt 0.06526 0.38698
vt 0.08390 0.38689
vt 0.21231 0.40183
vt 0.21190 0.39070
vt 0.23529 0.40371
vt 0.21938 0.40757
vt 0.23812 0.38698
vt 0.23188 0.41611
vt 0.22071 0.41699
vt 0.47166 0.33055
vt 0.41979 0.33399
vt 0.48067 0.33662
vt 0.47991 0.32433
vt 0.43837 0.32712
vt 0.48998 0.32853
vt 0.38783 0.32275
vt 0.34323 0.32254
vt 0.34156 0.32899
vt 0.31571 0.32087
vt 0.49233 0.34029
vt 0.49709 0.33485
vt 0.31589 0.33052
vt 0.49265 0.32087
vt 0.23812 0.51214
vt 0.23812 0.49660
vt 0.23327 0.50745
vt 0.38377 0.29660
vt 0.38232 0.28817
vt 0.37482 0.29456
vt 0.39137 0.28786
vt 0.36809 0.28786
vt 0.13915 0.38981
vt 0.12367 0.38107
vt 0.14066 0.38107
vt 0.12422 0.38564
vt 0.14694 0.38446
vt 0.48659 0.01490
vt 0.48627 0.00049
vt 0.49302 0.00627
vt 0.47928 0.01310
vt 0.50291 0.00187
vt 0.49939 0.01282
vt 0.50291 0.01760
vt 0.49728 0.02491
vt 0.49001 0.02961
vt 0.47866 0.00403
vt 0.73860 0.04126
vt 0.73935 0.03422
vt 0.74442 0.03893
vt 0.74442 0.03252
vt 0.91904 0.27479
vt 0.92536 0.26813
vt 0.92139 0.26218
vt 0.91125 0.26786
vt 0.91791 0.25485
vt 0.91282 0.27739
vt 0.92506 0.28398
vt 0.92938 0.27092
vt 0.93744 0.26956
vt 0.93306 0.25485
vt 0.93683 0.27921
vt 0.93166 0.26774
vt 0.92663 0.27300
vt 0.93552 0.27008
vt 0.34620 0.07718
vt 0.33478 0.08398
vt 0.32638 0.07718
vt 0.34772 0.08280
vt 0.70997 0.01214
vt 0.72211 0.00534
vt 0.70951 0.00534
vt 0.71888 0.01311
vt 0.73067 0.67913
vt 0.73860 0.67984
vt 0.72914 0.68398
vt 0.72114 0.67984
vt 0.33538 0.85388
vt 0.33317 0.84708
vt 0.33608 0.84490
vt 0.33538 0.83835
vt 0.54543 0.18517
vt 0.52692 0.18836
vt 0.55016 0.19312
vt 0.55885 0.18863
vt 0.52982 0.18432
vt 0.51323 0.18428
vt 0.56705 0.18542
vt 0.56947 0.19660
vt 0.58234 0.18914
vt 0.58032 0.19484
vt 0.59024 0.19512
vt 0.59927 0.18347
vt 0.60019 0.18816
vt 0.61542 0.18368
vt 0.60948 0.17427
vt 0.52262 0.17889
vt 0.49503 0.17561
vt 0.50121 0.18681
vt 0.48949 0.18050
vt 0.48157 0.18840
vt 0.48498 0.17427
vt 0.72502 0.78108
vt 0.70951 0.76357
vt 0.71749 0.76668
vt 0.71220 0.77259
vt 0.71623 0.76068
vt 0.72266 0.78398
vt 0.72502 0.76223
vt 0.52488 0.16896
vt 0.50688 0.16603
vt 0.52717 0.16023
vt 0.54805 0.16068
vt 0.49798 0.16127
vt 0.47590 0.16136
vt 0.48537 0.16640
vt 0.46119 0.16351
vt 0.54828 0.17124
vt 0.56111 0.15291
vt 0.56078 0.16823
vt 0.56111 0.18010
vt 0.47438 0.17007
vt 0.45764 0.17178
vt 0.44287 0.17339
vt 0.44598 0.16088
vt 0.44277 0.16425
vt 0.51130 0.17081
vt 0.48933 0.17104
vt 0.16295 0.37869
vt 0.14723 0.37679
vt 0.16759 0.38667
vt 0.14547 0.37000
vt 0.11722 0.36464
vt 0.11945 0.37034
vt 0.09033 0.35712
vt 0.09361 0.36720
vt 0.07961 0.36343
vt 0.07905 0.35291
vt 0.18107 0.38580
vt 0.09867 0.35483
vt 0.17433 0.37691
vt 0.18414 0.37623
vt 0.18912 0.38981
vt 0.15337 0.36974
vt 0.12370 0.36079
vt 0.11099 0.35435
vt 0.19466 0.38038
vt 0.19476 0.37075
vt 0.20136 0.37411
vt 0.20799 0.36232
vt 0.21462 0.37071
vt 0.21496 0.36291
vt 0.22360 0.35824
vt 0.22133 0.35291
vt 0.23051 0.35407
vt 0.23370 0.35950
vt 0.24394 0.36078
vt 0.24231 0.36605
vt 0.32319 0.90944
vt 0.33407 0.90969
vt 0.32153 0.92196
vt 0.33192 0.91522
vt 0.34066 0.91003
vt 0.35262 0.90263
vt 0.35397 0.90744
vt 0.36201 0.89089
vt 0.35773 0.94541
vt 0.36061 0.93893
vt 0.38331 0.95337
vt 0.37396 0.95745
vt 0.34509 0.93207
vt 0.39448 0.96600
vt 0.40049 0.96434
vt 0.41325 0.96982
vt 0.34512 0.92802
vt 0.34436 0.93967
vt 0.33029 0.93113
vt 0.33281 0.92177
vt 0.41704 0.97977
vt 0.42338 0.98010
vt 0.38036 0.86177
vt 0.38900 0.86819
vt 0.37314 0.88395
vt 0.40377 0.84812
vt 0.38967 0.85063
vt 0.41473 0.83677
vt 0.41039 0.82623
vt 0.42338 0.82611
vt 0.41958 0.81796
vt 0.36370 0.87387
vt 0.35175 0.88841
vt 0.34153 0.89644
vt 0.09737 0.67810
vt 0.07566 0.65683
vt 0.08081 0.67643
vt 0.09216 0.68807
vt 0.05932 0.64809
vt 0.10264 0.69532
vt 0.10300 0.68426
vt 0.07078 0.64788
vt 0.05891 0.63738
vt 0.04486 0.63266
vt 0.04379 0.62152
vt 0.03453 0.61428
vt 0.02012 0.60687
vt 0.02628 0.60340
vt 0.02011 0.61762
vt 0.01406 0.61065
vt 0.03528 0.63297
vt 0.04691 0.64379
vt 0.10719 0.69463
vt 0.10619 0.71311
vt 0.05664 0.65634
vt 0.11217 0.71062
vt 0.12080 0.70998
vt 0.11590 0.69331
vt 0.12529 0.69235
vt 0.12789 0.68369
vt 0.12063 0.67874
vt 0.13011 0.67030
vt 0.13078 0.65794
vt 0.14449 0.65275
vt 0.13963 0.64765
vt 0.15146 0.62961
vt 0.15812 0.62753
vt 0.15783 0.61628
vt 0.16828 0.60340
vt 0.07101 0.66963
vt 0.92974 0.01228
vt 0.93598 0.00340
vt 0.93583 0.02282
vt 0.94229 0.01580
vt 0.91916 0.02232
vt 0.94229 0.00584
vt 0.91889 0.00550
vt 0.91513 0.02136
vt 0.11495 0.55194
vt 0.09845 0.55194
vt 0.10903 0.56068
vt 0.11882 0.55703
vt 0.92625 0.60437
vt 0.91771 0.61194
vt 0.92439 0.61444
vt 0.93517 0.61158
vt 0.92552 0.62168
vt 0.93550 0.62255
vt 0.92355 0.63252
vt 0.91673 0.62690
vt 0.91442 0.60437
vt 0.90543 0.61858
vt 0.91409 0.61868
vt 0.90832 0.63070
vt 0.53007 0.61164
vt 0.53253 0.60532
vt 0.53762 0.60776
vt 0.54268 0.59354
vt 0.53760 0.58883
vt 0.53367 0.61699
vt 0.54268 0.61461
vt 0.24348 0.31927
vt 0.24394 0.33058
vt 0.23618 0.31832
vt 0.24394 0.30728
vt 0.12435 0.50874
vt 0.13579 0.51699
vt 0.14183 0.50825
vt 0.14597 0.50874
vt 0.11882 0.51235
vt 0.36906 0.90605
vt 0.37538 0.90047
vt 0.36968 0.89346
vt 0.37585 0.89078
vt 0.37585 0.90922
vt 0.70146 0.98789
vt 0.70236 0.98398
vt 0.69049 0.98398
vt 0.67649 0.99362
vt 0.70563 0.99218
vt 0.67556 0.98676
vt 0.69573 0.99757
vt 0.65641 0.56807
vt 0.66675 0.57318
vt 0.67793 0.56602
vt 0.65070 0.57446
vt 0.63715 0.57186
vt 0.67671 0.57503
vt 0.68830 0.57209
vt 0.62843 0.57446
vt 0.69002 0.56308
vt 0.63250 0.56662
vt 0.61733 0.56733
vt 0.61659 0.57573
vt 0.60281 0.57513
vt 0.60428 0.56567
vt 0.70740 0.56513
vt 0.70760 0.57376
vt 0.71592 0.57516
vt 0.71724 0.55581
vt 0.72696 0.55194
vt 0.72696 0.57816
vt 0.47648 0.57898
vt 0.48563 0.59173
vt 0.47635 0.59153
vt 0.47857 0.60956
vt 0.48385 0.57546
vt 0.47589 0.55993
vt 0.48902 0.56379
vt 0.46806 0.56740
vt 0.48443 0.60372
vt 0.48469 0.62357
vt 0.46187 0.55851
vt 0.47138 0.55017
vt 0.48321 0.55019
vt 0.47629 0.62933
vt 0.47852 0.64318
vt 0.48760 0.63944
vt 0.48845 0.65561
vt 0.48383 0.66022
vt 0.48346 0.67367
vt 0.49042 0.67752
vt 0.48346 0.68560
vt 0.49127 0.68689
vt 0.49127 0.54589
vt 0.45896 0.55222
vt 0.46502 0.54961
vt 0.45007 0.55142
vt 0.45378 0.53711
vt 0.43995 0.54122
vt 0.44682 0.52767
vt 0.43471 0.53274
vt 0.41360 0.54315
vt 0.44630 0.55437
vt 0.41772 0.55711
vt 0.40786 0.54753
vt 0.43109 0.55655
vt 0.41546 0.56810
vt 0.42069 0.57112
vt 0.41657 0.58153
vt 0.21581 0.15000
vt 0.21035 0.16359
vt 0.20575 0.15120
vt 0.21581 0.16205
vt 0.20514 0.16271
vt 0.35954 0.01893
vt 0.35199 0.00905
vt 0.36305 0.00904
vt 0.37973 0.01712
vt 0.37690 0.00437
vt 0.34799 0.01741
vt 0.34190 0.00928
vt 0.34651 0.00437
vt 0.69884 0.58786
vt 0.71242 0.58786
vt 0.70462 0.59175
vt 0.39137 0.36553
vt 0.38726 0.36942
vt 0.38264 0.36553
vt 0.05025 0.00888
vt 0.06611 0.01392
vt 0.06279 0.00354
vt 0.04898 0.01195
vt 0.06976 0.00965
vt 0.07079 0.01751
vt 0.07226 0.00243
vt 0.05185 0.00437
vt 0.05051 0.00243
vt 0.05541 0.01818
vt 0.05691 0.02282
vt 0.04903 0.02098
vt 0.77449 0.15916
vt 0.78239 0.16092
vt 0.77528 0.16217
vt 0.78613 0.15194
vt 0.78613 0.16942
vt 0.63866 0.58612
vt 0.63967 0.59369
vt 0.63385 0.58607
vt 0.63967 0.58301
vt 0.07844 0.50174
vt 0.06879 0.51023
vt 0.08374 0.50066
vt 0.06372 0.50964
vt 0.05683 0.51628
vt 0.08211 0.51885
vt 0.09393 0.49986
vt 0.09018 0.52087
vt 0.10509 0.51856
vt 0.12061 0.48953
vt 0.13002 0.50108
vt 0.06889 0.52282
vt 0.07701 0.53337
vt 0.06365 0.53771
vt 0.05005 0.52997
vt 0.04870 0.54528
vt 0.04154 0.54745
vt 0.03182 0.53835
vt 0.04402 0.52132
vt 0.02299 0.53664
vt 0.05497 0.52009
vt 0.09717 0.52400
vt 0.01601 0.53560
vt 0.12981 0.49740
vt 0.13718 0.49734
vt 0.04804 0.54914
vt 0.04093 0.55291
vt 0.03688 0.54609
vt 0.03368 0.54366
vt 0.06119 0.54226
vt 0.13139 0.49232
vt 0.13593 0.48647
vt 0.14648 0.48834
vt 0.14413 0.48392
vt 0.14607 0.49168
vt 0.14061 0.48169
vt 0.13099 0.48731
vt 0.02707 0.52052
vt 0.15039 0.48545
vt 0.15108 0.48828
vt 0.15488 0.48132
vt 0.15188 0.48135
vt 0.15256 0.47811
vt 0.14656 0.47948
vt 0.00683 0.53272
vt 0.00763 0.52381
vt 0.01378 0.51168
vt 0.02823 0.50681
vt 0.00910 0.48812
vt 0.02363 0.48590
vt 0.02948 0.46942
vt 0.03835 0.51480
vt 0.14492 0.47615
vt 0.00630 0.51850
vt 0.00765 0.51356
vt 0.15130 0.47219
vt 0.03470 0.47282
vt 0.04693 0.48151
vt 0.02824 0.50289
vt 0.14867 0.47257
vt 0.04785 0.47634
vt 0.15808 0.47503
vt 0.15932 0.48018
vt 0.04154 0.49827
vt 0.05314 0.48744
vt 0.06224 0.49029
vt 0.16149 0.46942
vt 0.72987 0.05971
vt 0.72987 0.04515
vt 0.72565 0.05372
vt 0.72114 0.04752
vt 0.72342 0.05298
vt 0.57834 0.21288
vt 0.58571 0.20106
vt 0.56987 0.20049
vt 0.58960 0.20810
vt 0.59574 0.20184
vt 0.57134 0.21262
vt 0.56205 0.21249
vt 0.56999 0.21740
vt 0.55925 0.21689
vt 0.60444 0.22476
vt 0.60181 0.20256
vt 0.60797 0.22406
vt 0.61307 0.20049
vt 0.62120 0.22399
vt 0.62609 0.21655
vt 0.62144 0.20351
vt 0.56479 0.20206
vt 0.55975 0.20634
vt 0.54512 0.20118
vt 0.54462 0.20998
vt 0.02377 0.02119
vt 0.00597 0.02155
vt 0.02128 0.01408
vt 0.04607 0.01410
vt 0.00759 0.01410
vt 0.01800 0.03544
vt 0.00436 0.03327
vt 0.56984 0.72040
vt 0.57593 0.71524
vt 0.57189 0.71172
vt 0.58050 0.70243
vt 0.57910 0.72961
vt 0.58050 0.72450
vt 0.99897 0.41466
vt 0.98841 0.43145
vt 0.98934 0.41535
vt 0.99952 0.43447
vt 0.99106 0.40723
vt 0.99952 0.40340
vt 0.97743 0.40702
vt 0.97139 0.43141
vt 0.47645 0.53627
vt 0.46874 0.53905
vt 0.47488 0.54029
vt 0.47796 0.53928
vt 0.46283 0.53678
vt 0.46404 0.53257
vt 0.45635 0.52670
vt 0.48032 0.53340
vt 0.48253 0.53523
vt 0.48642 0.52670
vt 0.13680 0.78592
vt 0.12601 0.75463
vt 0.10515 0.78184
vt 0.14436 0.76742
vt 0.15403 0.76256
vt 0.14461 0.75020
vt 0.15464 0.75281
vt 0.13077 0.74734
vt 0.14255 0.74532
vt 0.11866 0.74525
vt 0.11168 0.74884
vt 0.15251 0.74371
vt 0.13461 0.74425
vt 0.14148 0.73983
vt 0.10568 0.75079
vt 0.16392 0.75988
vt 0.17852 0.75347
vt 0.18605 0.75828
vt 0.19665 0.75295
vt 0.17322 0.73159
vt 0.20047 0.73062
vt 0.20768 0.74635
vt 0.20850 0.72767
vt 0.21433 0.75414
vt 0.22116 0.73958
vt 0.21728 0.72913
vt 0.22648 0.73139
vt 0.14817 0.73923
vt 0.08413 0.77424
vt 0.06443 0.74546
vt 0.07845 0.74128
vt 0.06050 0.76904
vt 0.03721 0.73799
vt 0.03414 0.75818
vt 0.03807 0.76409
vt 0.04594 0.77130
vt 0.08364 0.77808
vt 0.05710 0.77326
vt 0.02719 0.76256
vt 0.02123 0.76179
vt 0.01341 0.75422
vt 0.03432 0.74491
vt 0.16621 0.73836
vt 0.09606 0.74429
vt 0.01137 0.73900
vt 0.00955 0.74870
vt 0.00048 0.74409
vt 0.01315 0.72882
vt 0.00209 0.72793
vt 0.14842 0.73253
vt 0.03014 0.73683
vt 0.04424 0.72767
vt 0.19059 0.96068
vt 0.15664 0.96068
vt 0.18557 0.97427
vt 0.16140 0.97010
vt 0.94981 0.60829
vt 0.95706 0.60661
vt 0.95413 0.61376
vt 0.95750 0.61501
vt 0.95548 0.60136
vt 0.95029 0.60005
vt 0.95218 0.59014
vt 0.95771 0.59125
vt 0.95591 0.58811
vt 0.95878 0.58902
vt 0.94838 0.59072
vt 0.94512 0.59669
vt 0.94622 0.60211
vt 0.94132 0.60327
vt 0.95042 0.58646
vt 0.94544 0.58756
vt 0.94456 0.61259
vt 0.94637 0.63665
vt 0.94312 0.64116
vt 0.95208 0.64574
vt 0.94349 0.58107
vt 0.95878 0.62337
vt 0.95385 0.63912
vt 0.94666 0.65000
vt 0.39217 0.10280
vt 0.37529 0.10052
vt 0.38794 0.11505
vt 0.39976 0.11118
vt 0.40413 0.09792
vt 0.40456 0.10092
vt 0.40682 0.09844
vt 0.37575 0.11343
vt 0.40560 0.08495
vt 0.40980 0.09564
vt 0.39414 0.09549
vt 0.38911 0.09711
vt 0.36832 0.10494
vt 0.36456 0.09698
vt 0.36713 0.08746
vt 0.36362 0.11177
vt 0.35976 0.09891
vt 0.40621 0.10212
vt 0.34938 0.08495
vt 0.40271 0.10691
vt 0.34115 0.10077
vt 0.33871 0.11067
vt 0.33639 0.09322
vt 0.39410 0.08768
vt 0.33433 0.10172
vt 0.33233 0.09573
vt 0.32832 0.10206
vt 0.90014 0.38658
vt 0.90300 0.39066
vt 0.89938 0.39438
vt 0.90362 0.38637
vt 0.90700 0.38890
vt 0.89189 0.38204
vt 0.88562 0.38762
vt 0.90031 0.40016
vt 0.90263 0.39414
vt 0.88445 0.39112
vt 0.88409 0.39862
vt 0.89892 0.40515
vt 0.90079 0.40639
vt 0.89971 0.41341
vt 0.90196 0.41545
vt 0.89778 0.41473
vt 0.90574 0.39150
vt 0.90834 0.41602
vt 0.90834 0.39073
vt 0.80870 0.19523
vt 0.80415 0.20185
vt 0.80546 0.21602
vt 0.80941 0.21421
vt 0.79195 0.21473
vt 0.79208 0.19931
vt 0.80400 0.18981
vt 0.79347 0.18981
vt 0.22260 0.28398
vt 0.21775 0.29706
vt 0.22260 0.29854
vt 0.20366 0.05600
vt 0.21071 0.06213
vt 0.20956 0.05325
vt 0.22051 0.06119
vt 0.19548 0.06451
vt 0.19428 0.05552
vt 0.17321 0.06017
vt 0.17593 0.04633
vt 0.16724 0.05179
vt 0.19748 0.04940
vt 0.22007 0.05130
vt 0.22635 0.06031
vt 0.16634 0.04612
vt 0.22900 0.05320
vt 0.23592 0.05392
vt 0.19171 0.06906
vt 0.17219 0.07039
vt 0.22498 0.04836
vt 0.20630 0.04612
vt 0.21427 0.04777
vt 0.23088 0.05033
vt 0.24394 0.05024
vt 0.23923 0.04716
vt 0.96889 0.97881
vt 0.97847 0.97092
vt 0.96791 0.95376
vt 0.97915 0.98605
vt 0.97786 0.95544
vt 0.97915 0.94774
vt 0.96559 0.94983
vt 0.96365 0.94029
vt 0.97580 0.94254
vt 0.95937 0.98786
vt 0.95871 0.94397
vt 0.95382 0.97919
vt 0.95296 0.96878
vt 0.99467 0.02902
vt 0.99467 0.04806
vt 0.98982 0.04676
vt 0.99182 0.02476
vt 0.97710 0.69576
vt 0.97033 0.68913
vt 0.96417 0.69694
vt 0.94326 0.68751
vt 0.97791 0.71125
vt 0.96538 0.71408
vt 0.96742 0.68230
vt 0.94544 0.70109
vt 0.95520 0.71092
vt 0.97818 0.68601
vt 0.97791 0.66845
vt 0.23732 0.47206
vt 0.22666 0.48217
vt 0.25743 0.47105
vt 0.21382 0.47812
vt 0.24542 0.48422
vt 0.26094 0.48087
vt 0.21196 0.49285
vt 0.20699 0.48153
vt 0.23171 0.50020
vt 0.22222 0.49496
vt 0.27113 0.47203
vt 0.28067 0.47011
vt 0.26250 0.46386
vt 0.28040 0.47956
vt 0.27689 0.45781
vt 0.20977 0.50340
vt 0.25184 0.46395
vt 0.20859 0.46510
vt 0.19264 0.47695
vt 0.19476 0.46029
vt 0.18329 0.47459
vt 0.18405 0.48391
vt 0.18574 0.46153
vt 0.17955 0.46101
vt 0.19122 0.44903
vt 0.28922 0.46401
vt 0.28270 0.45090
vt 0.28843 0.44903
vt 0.16828 0.46437
vt 0.28634 0.47276
vt 0.29916 0.47468
vt 0.31128 0.46607
vt 0.31962 0.47769
vt 0.33649 0.46448
vt 0.34675 0.47326
vt 0.85461 0.85033
vt 0.85513 0.86005
vt 0.87276 0.85002
vt 0.84653 0.85938
vt 0.84534 0.85076
vt 0.84802 0.84625
vt 0.85106 0.84320
vt 0.85478 0.84397
vt 0.85870 0.86262
vt 0.87072 0.85927
vt 0.84336 0.84838
vt 0.87998 0.85245
vt 0.88215 0.84320
vt 0.38066 0.55046
vt 0.38279 0.56366
vt 0.38702 0.55532
vt 0.39087 0.56013
vt 0.38673 0.54526
vt 0.39503 0.55430
vt 0.39616 0.55888
vt 0.40621 0.55210
vt 0.40736 0.55776
vt 0.39174 0.54234
vt 0.40633 0.54126
vt 0.37726 0.54126
vt 0.36408 0.54378
vt 0.37800 0.55708
vt 0.36487 0.56085
vt 0.35383 0.55065
vt 0.34970 0.55706
vt 0.39113 0.56374
vt 0.40574 0.56450
vt 0.40786 0.56341
vt 0.39578 0.56650
vt 0.34483 0.55522
vt 0.34790 0.54589
vt 0.34521 0.54171
vt 0.33210 0.54986
vt 0.32718 0.55250
vt 0.35268 0.54156
vt 0.32797 0.54254
vt 0.32009 0.54126
vt 0.31599 0.55430
vt 0.29964 0.54833
vt 0.29226 0.55506
vt 0.30253 0.55808
vt 0.29428 0.54944
vt 0.29011 0.55737
vt 0.28468 0.55169
vt 0.90500 0.57100
vt 0.92887 0.53903
vt 0.91976 0.57039
vt 0.91322 0.58624
vt 0.91257 0.54943
vt 0.90995 0.53914
vt 0.90794 0.59500
vt 0.89875 0.59003
vt 0.91972 0.58705
vt 0.93065 0.59526
vt 0.90246 0.60437
vt 0.88603 0.58400
vt 0.89864 0.56302
vt 0.90539 0.54395
vt 0.91967 0.53581
vt 0.91736 0.52535
vt 0.93065 0.52476
vt 0.04122 0.41655
vt 0.04703 0.42335
vt 0.04491 0.41600
vt 0.05189 0.42382
vt 0.04474 0.40584
vt 0.05136 0.40848
vt 0.05189 0.39951
vt 0.05108 0.42917
vt 0.04307 0.42716
vt 0.04692 0.42961
vt 0.66198 0.45288
vt 0.67750 0.44086
vt 0.67230 0.45149
vt 0.67415 0.43155
vt 0.66334 0.43491
vt 0.67620 0.45145
vt 0.67750 0.45874
vt 0.66804 0.45503
vt 0.26625 0.13447
vt 0.26043 0.14868
vt 0.26625 0.15194
vt 0.49974 0.43743
vt 0.49199 0.43996
vt 0.49070 0.43390
vt 0.50485 0.43155
vt 0.48782 0.43155
vt 0.48642 0.44320
vt 0.30601 0.14126
vt 0.31474 0.14126
vt 0.31170 0.14515
vt 0.15969 0.01214
vt 0.14888 0.01346
vt 0.15500 0.02766
vt 0.16281 0.02668
vt 0.15856 0.03854
vt 0.17499 0.02865
vt 0.17830 0.01812
vt 0.17895 0.01214
vt 0.16770 0.04223
vt 0.17525 0.03929
vt 0.97281 0.31296
vt 0.99952 0.31974
vt 0.99659 0.30043
vt 0.98226 0.32445
vt 0.99059 0.29369
vt 0.97644 0.29369
vt 0.97117 0.29818
vt 0.99103 0.32670
vt 0.96945 0.31407
vt 0.97476 0.02803
vt 0.97003 0.03954
vt 0.96879 0.02856
vt 0.97553 0.03648
vt 0.97662 0.04709
vt 0.98788 0.04327
vt 0.98788 0.02717
vt 0.96060 0.03927
vt 0.95874 0.02751
vt 0.98451 0.01862
vt 0.96981 0.01431
vt 0.95781 0.01311
vt 0.41656 0.31463
vt 0.41218 0.32184
vt 0.42189 0.31835
vt 0.43148 0.31214
vt 0.43210 0.31988
vt 0.40171 0.31992
vt 0.40206 0.31214
vt 0.39428 0.31791
vt 0.45150 0.35971
vt 0.45150 0.35291
vt 0.44665 0.35808
vt 0.72992 0.97774
vt 0.74230 0.98759
vt 0.73039 0.98459
vt 0.74430 0.98240
vt 0.74733 0.96591
vt 0.73623 0.94628
vt 0.74682 0.94979
vt 0.72535 0.94827
vt 0.74714 0.97771
vt 0.73640 0.93222
vt 0.74668 0.92620
vt 0.72240 0.97954
vt 0.71762 0.94619
vt 0.72285 0.99372
vt 0.74039 0.99064
vt 0.73731 0.99268
vt 0.74010 0.92283
vt 0.72467 0.92565
vt 0.73292 0.92159
vt 0.74714 0.89689
vt 0.73660 0.89480
vt 0.72308 0.93018
vt 0.73912 0.89090
vt 0.74384 0.99234
vt 0.73851 0.99757
vt 0.72155 0.91832
vt 0.72225 0.89620
vt 0.71283 0.91411
vt 0.70757 0.90821
vt 0.71011 0.89742
vt 0.72536 0.89024
vt 0.72741 0.88498
vt 0.73340 0.87729
vt 0.74009 0.86492
vt 0.73131 0.87120
vt 0.72253 0.86800
vt 0.72254 0.85680
vt 0.74499 0.98658
vt 0.22113 0.08054
vt 0.22357 0.07111
vt 0.20906 0.07351
vt 0.22248 0.06553
vt 0.20817 0.08212
vt 0.20805 0.06553
vt 0.22211 0.08689
vt 0.86511 0.40305
vt 0.85548 0.39256
vt 0.85473 0.40599
vt 0.86485 0.38985
vt 0.87730 0.39354
vt 0.84144 0.40335
vt 0.84801 0.41019
vt 0.84433 0.38786
vt 0.87373 0.38786
vt 0.83948 0.41000
vt 0.98414 0.19774
vt 0.97527 0.18463
vt 0.98973 0.18981
vt 0.99370 0.20243
vt 0.97838 0.19425
vt 0.99370 0.16911
vt 0.98300 0.16068
vt 0.08095 0.88365
vt 0.07729 0.87233
vt 0.07226 0.87638
vt 0.08449 0.87953
vt 0.09088 0.88759
vt 0.09041 0.87664
vt 0.10370 0.88786
vt 0.10369 0.88102
vt 0.11376 0.87700
vt 0.11638 0.88139
vt 0.13919 0.87233
vt 0.86663 0.30049
vt 0.86178 0.30129
vt 0.86663 0.30728
vt 0.47963 0.39175
vt 0.48016 0.39673
vt 0.48545 0.39175
vt 0.48345 0.39854
vt 0.44995 0.08689
vt 0.44374 0.08204
vt 0.45344 0.08204
vt 0.18186 0.69660
vt 0.18077 0.70291
vt 0.17507 0.69660
vt 0.17719 0.70631
vt 0.69054 0.74757
vt 0.69713 0.74515
vt 0.69722 0.75000
vt 0.70078 0.74845
vt 0.68914 0.74515
vt 0.96460 0.13350
vt 0.96654 0.13054
vt 0.96460 0.12670
vt 0.01031 0.00780
vt 0.00632 0.00873
vt 0.00705 0.00614
vt 0.00798 0.00359
vt 0.01212 0.00049
vt 0.01212 0.01123
vt 0.00339 0.01214
vt 0.08114 0.00582
vt 0.07628 0.00671
vt 0.08055 0.00146
vt 0.08293 0.00350
vt 0.08293 0.02210
vt 0.07909 0.02323
vt 0.07703 0.01488
vt 0.08049 0.03058
vt 0.08001 0.01093
vt 0.07420 0.01220
vt 0.07032 0.58162
vt 0.06505 0.58204
vt 0.06440 0.58008
vt 0.06062 0.58162
vt 0.06423 0.57718
vt 0.46672 0.61437
vt 0.46691 0.61084
vt 0.47575 0.61649
vt 0.47575 0.60049
vt 0.46605 0.60143
vt 0.46796 0.61846
vt 0.47564 0.62144
vt 0.46914 0.62142
vt 0.47071 0.62767
vt 0.16159 0.25242
vt 0.16440 0.25619
vt 0.16380 0.25269
vt 0.16244 0.25000
vt 0.16244 0.25777
vt 0.15955 0.25125
vt 0.87501 0.80235
vt 0.86432 0.81436
vt 0.86351 0.79988
vt 0.85595 0.80472
vt 0.85918 0.81734
vt 0.86700 0.81939
vt 0.86937 0.78314
vt 0.88272 0.78737
vt 0.87406 0.76764
vt 0.88506 0.76885
vt 0.86542 0.76165
vt 0.88506 0.80258
vt 0.87440 0.82101
vt 0.87071 0.81341
vt 0.86514 0.82541
vt 0.84832 0.79607
vt 0.84972 0.77994
vt 0.87340 0.84213
vt 0.85957 0.83463
vt 0.85934 0.84709
vt 0.88326 0.82895
vt 0.83948 0.79520
vt 0.69182 0.38119
vt 0.68817 0.36901
vt 0.69617 0.36241
vt 0.70369 0.37833
vt 0.69470 0.39272
vt 0.69179 0.35986
vt 0.70369 0.35388
vt 0.82011 0.69457
vt 0.82713 0.69322
vt 0.82400 0.69675
vt 0.83269 0.70825
vt 0.83269 0.69064
vt 0.82207 0.70420
vt 0.83092 0.68689
vt 0.81985 0.70036
vt 0.81722 0.70246
vt 0.81620 0.69669
vt 0.51746 0.21677
vt 0.52522 0.21568
vt 0.52475 0.22476
vt 0.51776 0.22178
vt 0.52475 0.21117
vt 0.35575 0.97559
vt 0.33534 0.97299
vt 0.35151 0.98522
vt 0.34091 0.98088
vt 0.33364 0.97990
vt 0.32858 0.97709
vt 0.32444 0.96942
vt 0.36205 0.98288
vt 0.37046 0.98623
vt 0.36297 0.99780
vt 0.36868 0.97603
vt 0.36017 0.97307
vt 0.35177 0.99951
vt 0.40204 0.97581
vt 0.37441 0.96942
vt 0.86081 0.75583
vt 0.85834 0.76165
vt 0.85597 0.75583
vt 0.01486 0.08535
vt 0.02439 0.08073
vt 0.01563 0.08261
vt 0.02744 0.08762
vt 0.00781 0.09660
vt 0.02183 0.09607
vt 0.03384 0.09423
vt 0.03540 0.09060
vt 0.01558 0.07233
vt 0.01160 0.07591
vt 0.00914 0.08461
vt 0.00469 0.07233
vt 0.00436 0.08242
vt 0.00576 0.08969
vt 0.02636 0.07623
vt 0.72809 0.25097
vt 0.73666 0.24806
vt 0.72405 0.24806
vt 0.98594 0.78883
vt 0.98594 0.79951
vt 0.98109 0.79475
vt 0.09642 0.12242
vt 0.10125 0.11888
vt 0.09961 0.11430
vt 0.10718 0.11880
vt 0.09667 0.12326
vt 0.09296 0.12387
vt 0.08499 0.11214
vt 0.08390 0.11673
vt 0.08895 0.12476
vt 0.09734 0.11214
vt 0.64375 0.55952
vt 0.63580 0.53641
vt 0.62392 0.55458
vt 0.65034 0.54695
vt 0.64890 0.53641
vt 0.62518 0.55841
vt 0.63980 0.56456
vt 0.62318 0.54139
vt 0.19641 0.81019
vt 0.19238 0.81990
vt 0.19296 0.81249
vt 0.18768 0.81951
vt 0.19641 0.81925
vt 0.35938 0.39650
vt 0.35689 0.39590
vt 0.35645 0.40243
vt 0.35789 0.39272
vt 0.36563 0.39609
vt 0.36378 0.39339
vt 0.37003 0.39272
vt 0.36550 0.39928
vt 0.19641 0.96553
vt 0.20131 0.97082
vt 0.20320 0.96553
vt 0.19748 0.97136
vt 0.53757 0.55289
vt 0.54733 0.55727
vt 0.53650 0.55889
vt 0.53492 0.56262
vt 0.54850 0.54853
vt 0.54154 0.54223
vt 0.54850 0.56186
vt 0.24758 0.37337
vt 0.24077 0.37716
vt 0.24319 0.37233
vt 0.24296 0.38006
vt 0.25170 0.37347
vt 0.25170 0.38429
vt 0.23760 0.38316
vt 0.23580 0.37749
vt 0.23424 0.37982
vt 0.24598 0.39224
vt 0.24046 0.38521
vt 0.25069 0.39861
vt 0.24194 0.40029
vt 0.24168 0.39661
vt 0.24859 0.40470
vt 0.23951 0.40825
vt 0.07766 0.25714
vt 0.08256 0.25826
vt 0.08534 0.25409
vt 0.07129 0.25261
vt 0.07968 0.26055
vt 0.08572 0.26262
vt 0.09004 0.25960
vt 0.07709 0.24709
vt 0.09233 0.25074
vt 0.09260 0.25582
vt 0.09457 0.24709
vt 0.11785 0.41117
vt 0.11335 0.41505
vt 0.10912 0.41117
vt 0.02861 0.04029
vt 0.02409 0.04454
vt 0.02182 0.04029
vt 0.02807 0.04612
vt 0.75476 0.77336
vt 0.74993 0.75741
vt 0.76254 0.76430
vt 0.76466 0.78516
vt 0.76673 0.75258
vt 0.74830 0.78661
vt 0.75471 0.79936
vt 0.76673 0.79951
vt 0.74898 0.74634
vt 0.75467 0.72924
vt 0.75095 0.72573
vt 0.60863 0.72543
vt 0.60724 0.73384
vt 0.60518 0.72641
vt 0.60140 0.72605
vt 0.60796 0.74278
vt 0.59699 0.74214
vt 0.60696 0.74765
vt 0.58531 0.73491
vt 0.58735 0.72869
vt 0.59619 0.71554
vt 0.60263 0.71311
vt 0.58741 0.74247
vt 0.58459 0.74148
vt 0.60063 0.74938
vt 0.60001 0.76624
vt 0.60148 0.76956
vt 0.59855 0.77122
vt 0.60183 0.76331
vt 0.60128 0.77476
vt 0.59590 0.77913
vt 0.60039 0.78127
vt 0.59448 0.78116
vt 0.59192 0.78451
vt 0.58572 0.78278
vt 0.58498 0.79181
vt 0.58216 0.78401
vt 0.58035 0.77950
vt 0.58064 0.79485
vt 0.58992 0.77686
vt 0.58415 0.77527
vt 0.59318 0.77154
vt 0.58188 0.76923
vt 0.59085 0.76754
vt 0.58626 0.76227
vt 0.58661 0.75593
vt 0.58115 0.75060
vt 0.58012 0.74450
vt 0.60863 0.76404
vt 0.60080 0.75495
vt 0.57759 0.73309
vt 0.58803 0.81214
vt 0.60586 0.77390
vt 0.60468 0.78670
vt 0.59171 0.79865
vt 0.57785 0.78318
vt 0.87051 0.41893
vt 0.87051 0.40340
vt 0.86469 0.40575
vt 0.61930 0.57913
vt 0.62512 0.57913
vt 0.61967 0.58301
vt 0.91900 0.05612
vt 0.89830 0.05583
vt 0.91719 0.06306
vt 0.89913 0.06456
vt 0.93053 0.05583
vt 0.93378 0.06380
vt 0.94035 0.05942
vt 0.88991 0.06067
vt 0.48829 0.05874
vt 0.49035 0.07186
vt 0.49676 0.06855
vt 0.47991 0.06344
vt 0.49919 0.06134
vt 0.47539 0.05874
vt 0.47478 0.06183
vt 0.47822 0.06987
vt 0.48293 0.07791
vt 0.50250 0.06416
vt 0.49716 0.07182
vt 0.49229 0.07816
vt 0.47673 0.07738
vt 0.49566 0.07625
vt 0.50118 0.07414
vt 0.50944 0.06965
vt 0.50814 0.06294
vt 0.51164 0.06788
vt 0.78324 0.77233
vt 0.78710 0.78639
vt 0.78256 0.78398
vt 0.78505 0.79854
vt 0.77078 0.80660
vt 0.77334 0.79163
vt 0.76889 0.78201
vt 0.78406 0.80658
vt 0.77367 0.81602
vt 0.78710 0.81596
vt 0.76479 0.80942
vt 0.26353 0.86039
vt 0.27794 0.86680
vt 0.26708 0.87212
vt 0.26814 0.88107
vt 0.26334 0.87749
vt 0.28274 0.87571
vt 0.27100 0.85434
vt 0.27866 0.85854
vt 0.27682 0.85097
vt 0.28274 0.85472
vt 0.62124 0.51666
vt 0.62997 0.51505
vt 0.62642 0.52235
vt 0.62164 0.52013
vt 0.62997 0.53058
vt 0.62641 0.51019
vt 0.91570 0.71562
vt 0.93184 0.71126
vt 0.92741 0.71699
vt 0.90858 0.71117
vt 0.90834 0.71562
vt 0.93426 0.71538
vt 0.93744 0.71117
vt 0.03580 0.71994
vt 0.03560 0.73058
vt 0.02437 0.72551
vt 0.02085 0.71505
vt 0.04413 0.71505
vt 0.32735 0.05194
vt 0.33802 0.05194
vt 0.33381 0.05680
vt 0.31076 0.38463
vt 0.30332 0.37913
vt 0.29534 0.38786
vt 0.31280 0.38011
vt 0.29049 0.38011
vt 0.31233 0.38783
vt 0.19544 0.22573
vt 0.20310 0.23738
vt 0.20999 0.22573
vt 0.19606 0.23581
vt 0.85306 0.88689
vt 0.84581 0.89383
vt 0.85306 0.90177
vt 0.84663 0.90105
vt 0.83948 0.90340
vt 0.84339 0.88766
vt 0.01998 0.26383
vt 0.02642 0.26752
vt 0.02403 0.27177
vt 0.02729 0.26013
vt 0.02958 0.27780
vt 0.01600 0.27713
vt 0.02958 0.25097
vt 0.01966 0.28010
vt 0.67287 0.93762
vt 0.66198 0.92184
vt 0.66384 0.93835
vt 0.67362 0.92184
vt 0.12658 0.03434
vt 0.13434 0.03532
vt 0.12703 0.03907
vt 0.13103 0.03155
vt 0.13372 0.03170
vt 0.13051 0.04019
vt 0.13372 0.04320
vt 0.06041 0.49829
vt 0.06378 0.49882
vt 0.06492 0.49556
vt 0.06027 0.49272
vt 0.05952 0.50534
vt 0.06644 0.50042
vt 0.06505 0.49272
vt 0.06251 0.50409
vt 0.05577 0.50200
vt 0.05810 0.49852
vt 0.05843 0.49505
vt 0.87536 0.69950
vt 0.87827 0.70437
vt 0.87827 0.69563
vt 0.87342 0.33058
vt 0.87342 0.31505
vt 0.86954 0.32257
vt 0.56115 0.39466
vt 0.55723 0.39626
vt 0.56115 0.39951
vt 0.56208 0.39724
vt 0.72881 0.94244
vt 0.72502 0.94278
vt 0.72890 0.93977
vt 0.72707 0.93544
vt 0.72707 0.94417
vt 0.39589 0.04808
vt 0.39957 0.04651
vt 0.39437 0.05388
vt 0.40673 0.04817
vt 0.40786 0.04612
vt 0.39208 0.05015
vt 0.38943 0.04612
vt 0.01983 0.39548
vt 0.02030 0.38398
vt 0.02941 0.39961
vt 0.03745 0.38660
vt 0.03120 0.37360
vt 0.01941 0.36713
vt 0.03191 0.34456
vt 0.01068 0.34954
vt 0.02051 0.33725
vt 0.00436 0.35093
vt 0.03492 0.33325
vt 0.02113 0.33012
vt 0.03010 0.32129
vt 0.04122 0.31311
vt 0.01098 0.40418
vt 0.03068 0.40851
vt 0.02500 0.41823
vt 0.01465 0.41609
vt 0.01926 0.43238
vt 0.02430 0.43295
vt 0.03311 0.41560
vt 0.04012 0.42700
vt 0.03598 0.44032
vt 0.02986 0.44465
vt 0.03839 0.44858
vt 0.01323 0.37724
vt 0.01130 0.36868
vt 0.01175 0.39229
vt 0.01986 0.44199
vt 0.01203 0.43939
vt 0.01600 0.45151
vt 0.02747 0.45226
vt 0.02724 0.46035
vt 0.04084 0.46527
vt 0.04122 0.47233
vt 0.00824 0.38887
vt 0.00595 0.38883
vt 0.00451 0.39272
vt 0.00048 0.38887
vt 0.99758 0.24417
vt 0.99758 0.25291
vt 0.99952 0.24559
vt 0.32215 0.02586
vt 0.31316 0.02184
vt 0.31297 0.02940
vt 0.30310 0.02184
vt 0.32250 0.03098
vt 0.31205 0.03350
vt 0.86439 0.46722
vt 0.86871 0.43050
vt 0.87391 0.45673
vt 0.87609 0.40485
vt 0.88312 0.42586
vt 0.88134 0.40637
vt 0.87044 0.48843
vt 0.85790 0.48921
vt 0.86397 0.43419
vt 0.85796 0.46805
vt 0.86063 0.47382
vt 0.87756 0.39563
vt 0.86812 0.49504
vt 0.88312 0.50049
vt 0.85886 0.49624
vt 0.42532 0.77039
vt 0.42532 0.75874
vt 0.41368 0.76726
vt 0.82299 0.91505
vt 0.82067 0.92087
vt 0.80674 0.91505
vt 0.80262 0.91969
vt 0.78809 0.54613
vt 0.79802 0.53549
vt 0.80562 0.54264
vt 0.80911 0.54905
vt 0.81129 0.55652
vt 0.79629 0.56636
vt 0.81236 0.57360
vt 0.79111 0.57074
vt 0.79209 0.58201
vt 0.78854 0.55845
vt 0.78607 0.54479
vt 0.78522 0.53367
vt 0.78031 0.51533
vt 0.79042 0.51061
vt 0.79965 0.50992
vt 0.78978 0.56720
vt 0.81465 0.52880
vt 0.81390 0.52360
vt 0.79643 0.50580
vt 0.80461 0.49942
vt 0.80163 0.50030
vt 0.80786 0.50921
vt 0.80020 0.58318
vt 0.80987 0.49579
vt 0.80752 0.49029
vt 0.81264 0.49323
vt 0.81011 0.48883
vt 0.81620 0.50263
vt 0.81594 0.51414
vt 0.79903 0.49249
vt 0.79414 0.50018
vt 0.79485 0.58609
vt 0.79742 0.58800
vt 0.79481 0.60222
vt 0.80145 0.59539
vt 0.80196 0.61019
vt 0.81620 0.57670
vt 0.79133 0.50544
vt 0.78576 0.58281
vt 0.63385 0.12767
vt 0.63040 0.12373
vt 0.62803 0.10811
vt 0.63385 0.09951
vt 0.46314 0.72961
vt 0.46314 0.71408
vt 0.45732 0.72108
vt 0.63493 0.99019
vt 0.64656 0.98785
vt 0.64690 0.98950
vt 0.63249 0.98813
vt 0.65451 0.98881
vt 0.62639 0.99488
vt 0.61088 0.98879
vt 0.64161 0.99498
vt 0.65337 0.99301
vt 0.66249 0.99169
vt 0.66173 0.98863
vt 0.66623 0.99331
vt 0.66803 0.98958
vt 0.60986 0.99660
vt 0.64802 0.99574
vt 0.66416 0.99458
vt 0.60616 0.99492
vt 0.60450 0.99072
vt 0.62179 0.98398
vt 0.60184 0.98648
vt 0.67362 0.98500
vt 0.64840 0.98472
vt 0.65779 0.98510
vt 0.66165 0.98398
vt 0.63361 0.98509
vt 0.66473 0.98520
vt 0.05383 0.40922
vt 0.08196 0.40922
vt 0.05929 0.41505
vt 0.63913 0.77480
vt 0.64519 0.77805
vt 0.63681 0.78678
vt 0.64251 0.76417
vt 0.64743 0.76359
vt 0.64620 0.78630
vt 0.64101 0.79034
vt 0.64743 0.79175
vt 0.63385 0.78950
vt 0.01378 0.98851
vt 0.03099 0.99528
vt 0.02553 0.98319
vt 0.01536 0.99783
vt 0.04069 0.99053
vt 0.03384 0.99951
vt 0.04510 0.99573
vt 0.01531 0.98010
vt 0.03777 0.98010
vt 0.01109 0.99504
vt 0.00436 0.98343
vt 0.70563 0.09563
vt 0.69399 0.07020
vt 0.70563 0.06748
vt 0.69557 0.08863
vt 0.33721 0.45485
vt 0.34534 0.44709
vt 0.33332 0.44709
vt 0.34772 0.45485
vt 0.33123 0.45216
vt 0.79230 0.12375
vt 0.84064 0.16226
vt 0.83909 0.13540
vt 0.80903 0.15802
vt 0.77672 0.12999
vt 0.77930 0.14704
vt 0.84779 0.13821
vt 0.78245 0.11831
vt 0.85498 0.16421
vt 0.85887 0.16942
vt 0.85588 0.14968
vt 0.80667 0.12331
vt 0.78689 0.10922
vt 0.81040 0.11403
vt 0.82615 0.11778
vt 0.83668 0.12872
vt 0.83791 0.12024
vt 0.85194 0.13387
vt 0.84902 0.12493
vt 0.84805 0.10922
vt 0.85290 0.12055
vt 0.85506 0.11190
vt 0.77546 0.12503
vt 0.95430 0.11797
vt 0.95273 0.09950
vt 0.94133 0.10884
vt 0.94026 0.11511
vt 0.94526 0.09393
vt 0.95806 0.08808
vt 0.94550 0.08377
vt 0.95915 0.07714
vt 0.94452 0.07867
vt 0.96006 0.09299
vt 0.94088 0.09429
vt 0.95937 0.10857
vt 0.93945 0.10883
vt 0.96266 0.13541
vt 0.95591 0.13641
vt 0.95085 0.13373
vt 0.94124 0.11784
vt 0.93909 0.13066
vt 0.94445 0.13478
vt 0.93744 0.13251
vt 0.96061 0.08720
vt 0.93859 0.12022
vt 0.95138 0.07663
vt 0.96266 0.07524
vt 0.94539 0.07530
vt 0.51601 0.88178
vt 0.50264 0.88468
vt 0.51079 0.89028
vt 0.51886 0.88835
vt 0.51443 0.90210
vt 0.52135 0.90340
vt 0.50779 0.87564
vt 0.50620 0.86776
vt 0.51765 0.86748
vt 0.52347 0.88234
vt 0.53028 0.86776
vt 0.53201 0.88027
vt 0.53060 0.89758
vt 0.49915 0.87486
vt 0.49872 0.87823
vt 0.49418 0.88190
vt 0.08722 0.79246
vt 0.08640 0.78218
vt 0.09157 0.79011
vt 0.08023 0.79272
vt 0.08282 0.78106
vt 0.07729 0.78807
vt 0.07549 0.78318
vt 0.07916 0.77718
vt 0.07517 0.77856
vt 0.09331 0.78323
vt 0.09606 0.79040
vt 0.09942 0.78419
vt 0.09942 0.78951
vt 0.98711 0.14312
vt 0.98641 0.13895
vt 0.98051 0.14705
vt 0.98543 0.14763
vt 0.99077 0.14511
vt 0.99273 0.15485
vt 0.98757 0.15268
vt 0.97931 0.13687
vt 0.98876 0.13451
vt 0.97915 0.13155
vt 0.99273 0.13878
vt 0.96266 0.65388
vt 0.96266 0.64709
vt 0.95878 0.64935
vt 0.31613 0.60569
vt 0.32864 0.59169
vt 0.31235 0.59258
vt 0.33187 0.61005
vt 0.30869 0.60526
vt 0.29234 0.59369
vt 0.29602 0.60261
vt 0.28631 0.60840
vt 0.27185 0.60899
vt 0.30562 0.58712
vt 0.27325 0.59539
vt 0.28155 0.58585
vt 0.32114 0.58230
vt 0.34825 0.58561
vt 0.34067 0.59461
vt 0.37038 0.59084
vt 0.37190 0.60237
vt 0.38575 0.58944
vt 0.38349 0.59950
vt 0.37646 0.58443
vt 0.39859 0.60010
vt 0.40786 0.59707
vt 0.40442 0.60375
vt 0.40576 0.57718
vt 0.38980 0.60342
vt 0.25919 0.59749
vt 0.26006 0.61165
vt 0.24336 0.59659
vt 0.24579 0.61408
vt 0.22489 0.59447
vt 0.21493 0.60624
vt 0.21400 0.59192
vt 0.20513 0.60484
vt 0.20971 0.61388
vt 0.20317 0.61301
vt 0.22051 0.58841
vt 0.22972 0.58077
vt 0.22308 0.57718
vt 0.25376 0.58456
vt 0.20209 0.58834
vt 0.19436 0.59861
vt 0.19253 0.59005
vt 0.19501 0.60212
vt 0.19680 0.60426
vt 0.15470 0.10320
vt 0.15470 0.11186
vt 0.14791 0.11013
vt 0.14890 0.10049
vt 0.14822 0.11505
vt 0.27502 0.49464
vt 0.26975 0.48938
vt 0.26866 0.49563
vt 0.27789 0.48786
vt 0.26431 0.48786
vt 0.63701 0.85748
vt 0.64258 0.85971
vt 0.64258 0.85291
vt 0.63579 0.85380
vt 0.63385 0.67877
vt 0.63870 0.67427
vt 0.63870 0.68113
vt 0.63452 0.68204
vt 0.22786 0.26359
vt 0.22520 0.25777
vt 0.22454 0.26268
vt 0.23327 0.25777
vt 0.41126 0.62963
vt 0.39549 0.63456
vt 0.41368 0.64208
vt 0.39567 0.64709
vt 0.38426 0.63016
vt 0.37484 0.61384
vt 0.39328 0.62151
vt 0.35432 0.61824
vt 0.35257 0.60922
vt 0.39918 0.60922
vt 0.40608 0.61255
vt 0.00000 1.00000
vt 0.00000 1.00000
vt 0.00000 1.00000
vt 0.00000 1.00000
vt 0.70818 0.40309
vt 0.70757 0.40357
vt 0.71145 0.40631
vt 0.70946 0.40206
vt 0.71145 0.40049
vt 0.61489 0.26849
vt 0.62205 0.26911
vt 0.61600 0.26302
vt 0.61155 0.26280
vt 0.61154 0.26199
vt 0.61911 0.26068
vt 0.62553 0.26520
vt 0.62609 0.27084
vt 0.62249 0.27330
vt 0.61166 0.26437
vt 0.61179 0.26685
vt 0.62609 0.26106
vt 0.11585 0.88495
vt 0.12367 0.88515
vt 0.11562 0.88883
vt 0.11300 0.88515
vt 0.54074 0.46324
vt 0.54959 0.46158
vt 0.54633 0.46690
vt 0.54163 0.46074
vt 0.54445 0.45914
vt 0.55378 0.45291
vt 0.55378 0.47816
vt 0.55257 0.47252
vt 0.55529 0.47406
vt 0.54479 0.47215
vt 0.57015 0.59990
vt 0.55286 0.59698
vt 0.56794 0.59264
vt 0.55610 0.58200
vt 0.55276 0.61066
vt 0.57058 0.61292
vt 0.55282 0.62777
vt 0.54365 0.59685
vt 0.56202 0.57737
vt 0.54568 0.63722
vt 0.56041 0.63696
vt 0.56434 0.62257
vt 0.56177 0.64941
vt 0.54711 0.65304
vt 0.56275 0.66443
vt 0.55121 0.67588
vt 0.56470 0.67974
vt 0.57937 0.69368
vt 0.57221 0.69985
vt 0.55945 0.69861
vt 0.54578 0.68754
vt 0.55059 0.69706
vt 0.54802 0.57598
vt 0.55311 0.56254
vt 0.56917 0.57265
vt 0.56090 0.55874
vt 0.55221 0.55003
vt 0.56767 0.54557
vt 0.56446 0.70163
vt 0.57937 0.57022
vt 0.57656 0.53963
vt 0.57023 0.53330
vt 0.57919 0.52881
vt 0.56244 0.52792
vt 0.57633 0.52258
vt 0.56631 0.51739
vt 0.55890 0.52111
vt 0.56307 0.53970
vt 0.57764 0.51408
vt 0.55305 0.52781
vt 0.55807 0.53223
vt 0.55405 0.54446
vt 0.57953 0.58216
vt 0.54644 0.53729
vt 0.57033 0.70631
vt 0.26158 0.84771
vt 0.27207 0.84217
vt 0.26598 0.84806
vt 0.27207 0.84769
vt 0.26915 0.84025
vt 0.26474 0.83979
vt 0.26043 0.83738
vt 0.48504 0.38058
vt 0.47708 0.36528
vt 0.46751 0.37116
vt 0.49307 0.37806
vt 0.49663 0.36212
vt 0.43743 0.36139
vt 0.50381 0.38014
vt 0.44639 0.37456
vt 0.43414 0.36795
vt 0.42289 0.35574
vt 0.41525 0.35969
vt 0.41791 0.37084
vt 0.40402 0.35880
vt 0.40175 0.34612
vt 0.42941 0.37994
vt 0.46947 0.37844
vt 0.39905 0.35810
vt 0.38943 0.34982
vt 0.51339 0.37595
vt 0.51877 0.37021
vt 0.49565 0.38845
vt 0.52258 0.37936
vt 0.44402 0.38213
vt 0.45807 0.38689
vt 0.49240 0.35282
vt 0.47766 0.35546
vt 0.46434 0.35535
vt 0.51004 0.35716
vt 0.52257 0.35854
vt 0.40918 0.36546
vt 0.52552 0.37350
vt 0.52977 0.36136
vt 0.49009 0.38977
vt 0.46769 0.39078
vt 0.48133 0.38945
vt 0.43392 0.38696
vt 0.53363 0.34612
vt 0.53832 0.35486
vt 0.54656 0.34855
vt 0.74023 0.12601
vt 0.73655 0.14293
vt 0.75116 0.13161
vt 0.75309 0.12476
vt 0.73137 0.12476
vt 0.75994 0.14228
vt 0.72793 0.13322
vt 0.72910 0.14247
vt 0.75369 0.14417
vt 0.16933 0.23230
vt 0.17992 0.22961
vt 0.16149 0.22961
vt 0.17562 0.23350
vt 0.16519 0.23272
vt 0.41659 0.80631
vt 0.41659 0.81509
vt 0.41077 0.81208
vt 0.41247 0.81796
vt 0.91610 0.37621
vt 0.91433 0.37170
vt 0.90834 0.37260
vt 0.91610 0.36068
vt 0.96751 0.46553
vt 0.97818 0.46553
vt 0.97129 0.46942
vt 0.09225 0.41613
vt 0.09820 0.41183
vt 0.09318 0.41003
vt 0.09834 0.41898
vt 0.08898 0.41250
vt 0.08533 0.42381
vt 0.08442 0.41493
vt 0.08390 0.40922
vt 0.10815 0.41381
vt 0.10411 0.40922
vt 0.09259 0.42767
vt 0.33289 0.42962
vt 0.34149 0.41024
vt 0.32351 0.42320
vt 0.34599 0.41934
vt 0.35692 0.42702
vt 0.35996 0.44223
vt 0.35659 0.41162
vt 0.36973 0.41287
vt 0.37179 0.43665
vt 0.36220 0.43879
vt 0.38215 0.40603
vt 0.38198 0.41617
vt 0.39161 0.39428
vt 0.40314 0.39772
vt 0.40398 0.39369
vt 0.38034 0.43606
vt 0.35034 0.40326
vt 0.32518 0.40006
vt 0.31128 0.42052
vt 0.30548 0.41122
vt 0.29781 0.42394
vt 0.31240 0.43376
vt 0.29387 0.41068
vt 0.29250 0.42224
vt 0.28077 0.41716
vt 0.27190 0.42137
vt 0.26094 0.41380
vt 0.25559 0.41779
vt 0.24850 0.41222
vt 0.26961 0.40510
vt 0.32661 0.44016
vt 0.30824 0.39369
vt 0.30050 0.43570
vt 0.38527 0.43595
vt 0.36126 0.40633
vt 0.33615 0.44417
vt 0.31339 0.44359
vt 0.28709 0.43922
vt 0.30474 0.44300
vt 0.24733 0.42032
vt 0.23715 0.41338
vt 0.25788 0.43098
vt 0.26581 0.42921
vt 0.32246 0.48895
vt 0.32856 0.47816
vt 0.31986 0.48318
vt 0.33414 0.48081
vt 0.31466 0.49466
vt 0.32915 0.49330
vt 0.30504 0.47816
vt 0.20133 0.88689
vt 0.21210 0.88108
vt 0.20233 0.87524
vt 0.19156 0.87524
vt 0.21387 0.88431
vt 0.14261 0.61019
vt 0.15022 0.62215
vt 0.15103 0.61254
vt 0.14113 0.61774
vt 0.14161 0.62282
vt 0.15442 0.61735
vt 0.15470 0.61019
vt 0.14016 0.67913
vt 0.13434 0.68581
vt 0.14016 0.68689
vt 0.72027 0.06292
vt 0.70945 0.05947
vt 0.71422 0.06456
vt 0.70949 0.06432
vt 0.71238 0.05194
vt 0.70324 0.05536
vt 0.70175 0.06166
vt 0.72114 0.05194
vt 0.69724 0.63275
vt 0.68599 0.64382
vt 0.69366 0.62168
vt 0.69185 0.66027
vt 0.67845 0.63674
vt 0.67820 0.65894
vt 0.67750 0.62271
vt 0.69884 0.62230
vt 0.69884 0.61177
vt 0.68076 0.66553
vt 0.69274 0.61019
vt 0.60575 0.02210
vt 0.60572 0.02935
vt 0.61348 0.02427
vt 0.61109 0.03058
vt 0.60789 0.01973
vt 0.61099 0.01893
vt 0.61297 0.01973
vt 0.92677 0.71893
vt 0.91222 0.71893
vt 0.91998 0.72319
vt 0.91456 0.72476
vt 0.01567 0.03946
vt 0.01112 0.04320
vt 0.01181 0.03734
vt 0.00145 0.03641
vt 0.01482 0.03693
vt 0.01697 0.03641
vt 0.66055 0.30971
vt 0.66578 0.30579
vt 0.66207 0.30484
vt 0.66578 0.31214
vt 0.66586 0.30243
vt 0.65616 0.30306
vt 0.68770 0.01311
vt 0.68768 0.00146
vt 0.69903 0.00581
vt 0.70854 0.00641
vt 0.68041 0.00149
vt 0.70198 0.00149
vt 0.98969 0.80040
vt 0.98887 0.79040
vt 0.99952 0.79680
vt 0.99081 0.79010
vt 0.98921 0.78680
vt 0.99507 0.78740
vt 0.99302 0.78802
vt 0.99719 0.78484
vt 0.98646 0.78398
vt 0.99841 0.80444
vt 0.98947 0.81568
vt 0.99655 0.81592
vt 0.99355 0.82121
vt 0.99952 0.82573
vt 0.99293 0.78593
vt 0.98303 0.80265
vt 0.92586 0.83647
vt 0.91479 0.83815
vt 0.92102 0.84989
vt 0.91129 0.84807
vt 0.90252 0.83447
vt 0.92576 0.85388
vt 0.93550 0.83447
vt 0.76238 0.06942
vt 0.76624 0.06789
vt 0.76279 0.06574
vt 0.75800 0.06553
vt 0.75858 0.06940
vt 0.76770 0.06553
vt 0.21969 0.02864
vt 0.21191 0.02374
vt 0.21008 0.02387
vt 0.20805 0.02087
vt 0.21871 0.02087
vt 0.38820 0.83738
vt 0.39525 0.83932
vt 0.38652 0.83932
vt 0.21193 0.95777
vt 0.21193 0.94903
vt 0.20999 0.95284
vt 0.76904 0.70930
vt 0.78849 0.70250
vt 0.78846 0.72485
vt 0.76802 0.72169
vt 0.76382 0.70751
vt 0.77263 0.74317
vt 0.78223 0.75165
vt 0.76837 0.75305
vt 0.79561 0.75109
vt 0.78560 0.76456
vt 0.77791 0.68845
vt 0.79173 0.75798
vt 0.79294 0.71893
vt 0.79583 0.73958
vt 0.78892 0.68727
vt 0.78856 0.67688
vt 0.77560 0.67442
vt 0.78647 0.66654
vt 0.76817 0.70006
vt 0.77046 0.76373
vt 0.77823 0.66909
vt 0.78763 0.63544
vt 0.79583 0.63988
vt 0.23803 0.52100
vt 0.25714 0.52112
vt 0.24591 0.51672
vt 0.22911 0.54055
vt 0.22935 0.52596
vt 0.25091 0.54086
vt 0.26830 0.53537
vt 0.28036 0.51904
vt 0.28507 0.52386
vt 0.28701 0.50611
vt 0.29508 0.51606
vt 0.21686 0.52707
vt 0.20197 0.53813
vt 0.22075 0.55707
vt 0.23049 0.56553
vt 0.25068 0.55623
vt 0.27440 0.50423
vt 0.28133 0.49649
vt 0.20974 0.52844
vt 0.18958 0.52831
vt 0.29395 0.50362
vt 0.19301 0.51981
vt 0.17907 0.51258
vt 0.16307 0.51280
vt 0.17195 0.49163
vt 0.16532 0.49075
vt 0.15208 0.49367
vt 0.16206 0.48398
vt 0.20287 0.51849
vt 0.26050 0.49994
vt 0.25041 0.50465
vt 0.24161 0.50460
vt 0.18883 0.48712
vt 0.20720 0.50713
vt 0.21213 0.51370
vt 0.20856 0.52370
vt 0.28944 0.49304
vt 0.25849 0.49825
vt 0.14016 0.50342
vt 0.28316 0.48398
vt 0.29922 0.51139
vt 0.82135 0.08471
vt 0.83868 0.07338
vt 0.81355 0.07765
vt 0.83681 0.09505
vt 0.85544 0.07808
vt 0.86013 0.07136
vt 0.79757 0.08276
vt 0.80167 0.07136
vt 0.78225 0.08394
vt 0.78461 0.09270
vt 0.79537 0.09786
vt 0.86275 0.08487
vt 0.80357 0.10462
vt 0.82515 0.10631
vt 0.84564 0.09553
vt 0.85821 0.09157
vt 0.82094 0.66132
vt 0.81753 0.67664
vt 0.81178 0.66319
vt 0.81678 0.64409
vt 0.82815 0.67199
vt 0.82416 0.68268
vt 0.82366 0.64479
vt 0.80346 0.68298
vt 0.80296 0.67590
vt 0.81573 0.68686
vt 0.80425 0.69018
vt 0.79641 0.66917
vt 0.79316 0.67831
vt 0.79001 0.69012
vt 0.79211 0.69687
vt 0.79743 0.69757
vt 0.81583 0.62898
vt 0.80653 0.67011
vt 0.83314 0.65960
vt 0.83806 0.64881
vt 0.83346 0.63657
vt 0.81430 0.62225
vt 0.84095 0.66594
vt 0.82749 0.62016
vt 0.83657 0.62412
vt 0.84158 0.60804
vt 0.83639 0.67482
vt 0.83238 0.68496
vt 0.84336 0.68512
vt 0.84336 0.59854
vt 0.52970 0.32087
vt 0.52371 0.30754
vt 0.51846 0.31634
vt 0.51746 0.30728
vt 0.53201 0.30728
vt 0.13354 0.54903
vt 0.12718 0.55874
vt 0.14597 0.55545
vt 0.11882 0.54949
vt 0.14366 0.54949
vt 0.05945 0.59587
vt 0.05702 0.58983
vt 0.04963 0.59711
vt 0.04713 0.61505
vt 0.04343 0.60714
vt 0.05703 0.60501
vt 0.06783 0.59748
vt 0.06489 0.60955
vt 0.07384 0.58644
vt 0.07260 0.60570
vt 0.08166 0.59386
vt 0.08709 0.59919
vt 0.04997 0.58012
vt 0.04706 0.58695
vt 0.03951 0.57989
vt 0.03600 0.58744
vt 0.03195 0.57352
vt 0.02635 0.57930
vt 0.03652 0.56685
vt 0.03420 0.59639
vt 0.04151 0.59772
vt 0.03514 0.60608
vt 0.08811 0.58219
vt 0.09908 0.58849
vt 0.10822 0.58783
vt 0.10448 0.57529
vt 0.10357 0.60538
vt 0.11739 0.60430
vt 0.12570 0.57705
vt 0.13020 0.58920
vt 0.13681 0.58167
vt 0.13001 0.56155
vt 0.14633 0.55875
vt 0.15274 0.57140
vt 0.16144 0.54753
vt 0.17880 0.54223
vt 0.18283 0.55647
vt 0.11571 0.56192
vt 0.10568 0.56374
vt 0.04757 0.57261
vt 0.09902 0.57676
vt 0.08961 0.57045
vt 0.09556 0.55532
vt 0.08829 0.55623
vt 0.08370 0.56156
vt 0.02727 0.56428
vt 0.01202 0.57680
vt 0.01614 0.56790
vt 0.00894 0.56938
vt 0.03163 0.55551
vt 0.02614 0.55102
vt 0.01128 0.54918
vt 0.01107 0.56345
vt 0.02124 0.54417
vt 0.00727 0.54223
vt 0.05614 0.57337
vt 0.09661 0.54877
vt 0.07662 0.57761
vt 0.04907 0.57157
vt 0.05213 0.56265
vt 0.00436 0.76087
vt 0.01121 0.76915
vt 0.01309 0.76678
vt 0.01309 0.75583
vt 0.00730 0.78010
vt 0.05796 0.98872
vt 0.06546 0.98445
vt 0.04954 0.98301
vt 0.06884 0.99099
vt 0.06188 0.99563
vt 0.05303 0.98770
vt 0.05329 0.99260
vt 0.04122 0.98505
vt 0.07323 0.98301
vt 0.41666 0.99757
vt 0.41368 0.99563
vt 0.42726 0.99563
vt 0.85277 0.91085
vt 0.84896 0.92100
vt 0.84530 0.91586
vt 0.84878 0.90633
vt 0.85482 0.91878
vt 0.85694 0.90340
vt 0.85694 0.92767
vt 0.01794 0.00049
vt 0.04179 0.00681
vt 0.01840 0.00988
vt 0.03500 0.01311
vt 0.04219 0.00049
vt 0.18962 0.14223
vt 0.16550 0.15000
vt 0.16537 0.14223
vt 0.18962 0.14951
vt 0.57328 0.38050
vt 0.57418 0.38881
vt 0.58272 0.38385
vt 0.58494 0.37621
vt 0.56769 0.38519
vt 0.58896 0.38792
vt 0.57686 0.39394
vt 0.58555 0.39819
vt 0.59311 0.39657
vt 0.58773 0.40146
vt 0.56626 0.39009
vt 0.55490 0.39093
vt 0.56327 0.37621
vt 0.55432 0.37746
vt 0.80042 0.73514
vt 0.80284 0.75013
vt 0.79874 0.75062
vt 0.79925 0.75646
vt 0.80346 0.76932
vt 0.80049 0.76857
vt 0.80676 0.75529
vt 0.80836 0.76985
vt 0.80498 0.77058
vt 0.81232 0.76291
vt 0.81216 0.74804
vt 0.81004 0.72978
vt 0.81232 0.72975
vt 0.81224 0.77098
vt 0.80643 0.71796
vt 0.80444 0.72459
vt 0.80666 0.77233
vt 0.79956 0.71893
vt 0.80312 0.74958
vt 0.67362 0.70775
vt 0.67362 0.73490
vt 0.67131 0.72607
vt 0.66768 0.69369
vt 0.66910 0.73738
vt 0.66295 0.71579
vt 0.35207 0.21778
vt 0.37735 0.22573
vt 0.34352 0.22550
vt 0.32638 0.21602
vt 0.32947 0.22464
vt 0.38361 0.21602
vt 0.38236 0.22291
vt 0.45538 0.78879
vt 0.44774 0.80785
vt 0.44762 0.78551
vt 0.45732 0.81393
vt 0.45719 0.84005
vt 0.44849 0.84029
vt 0.45719 0.78301
vt 0.86178 0.99466
vt 0.89387 0.99951
vt 0.89483 0.99466
vt 0.89961 0.99854
vt 0.70272 0.74515
vt 0.70284 0.75780
vt 0.71242 0.75019
vt 0.71242 0.75874
vt 0.24588 0.22978
vt 0.25879 0.22835
vt 0.25319 0.22252
vt 0.24870 0.24223
vt 0.25946 0.21893
vt 0.25946 0.24095
vt 0.24633 0.22285
vt 0.03928 0.51194
vt 0.05383 0.50146
vt 0.04005 0.50224
vt 0.05383 0.51408
vt 0.99855 0.66748
vt 0.99855 0.65397
vt 0.99151 0.66713
vt 0.98982 0.65291
vt 0.06665 0.24049
vt 0.06037 0.24812
vt 0.07450 0.23930
vt 0.04848 0.24903
vt 0.04858 0.24469
vt 0.03030 0.23715
vt 0.03228 0.24330
vt 0.02081 0.23373
vt 0.01341 0.21503
vt 0.00966 0.22031
vt 0.00339 0.20823
vt 0.07999 0.24200
vt 0.08970 0.23643
vt 0.08857 0.23179
vt 0.09598 0.23100
vt 0.09972 0.22088
vt 0.10560 0.21986
vt 0.10636 0.20741
vt 0.11106 0.20627
vt 0.10888 0.19660
vt 0.00674 0.19660
vt 0.91938 0.43795
vt 0.90180 0.45639
vt 0.89595 0.44121
vt 0.91779 0.45507
vt 0.89287 0.44684
vt 0.89374 0.43828
vt 0.89217 0.45484
vt 0.91168 0.42487
vt 0.89310 0.43212
vt 0.89407 0.42701
vt 0.89009 0.44409
vt 0.88632 0.44444
vt 0.88383 0.44859
vt 0.88312 0.43695
vt 0.88766 0.43094
vt 0.91980 0.42167
vt 0.88566 0.42646
vt 0.89057 0.42023
vt 0.90116 0.41744
vt 0.88448 0.45463
vt 0.92897 0.44523
vt 0.93065 0.42708
vt 0.92474 0.46747
vt 0.88601 0.46385
vt 0.91427 0.46549
vt 0.92565 0.40816
vt 0.91740 0.48107
vt 0.90671 0.47797
vt 0.91597 0.40437
vt 0.93065 0.45290
vt 0.77194 0.22308
vt 0.76791 0.20597
vt 0.75125 0.21526
vt 0.74211 0.19477
vt 0.76127 0.18793
vt 0.75340 0.23447
vt 0.73873 0.22417
vt 0.76390 0.24444
vt 0.72300 0.20723
vt 0.73849 0.24604
vt 0.78021 0.23776
vt 0.73032 0.18979
vt 0.74898 0.18194
vt 0.75911 0.17768
vt 0.72017 0.19603
vt 0.74633 0.25223
vt 0.72627 0.22859
vt 0.78564 0.22106
vt 0.78653 0.20388
vt 0.76710 0.17597
vt 0.77743 0.18418
vt 0.78200 0.17330
vt 0.79496 0.23043
vt 0.79667 0.24111
vt 0.77922 0.25874
vt 0.78856 0.25143
vt 0.79744 0.17330
vt 0.79777 0.18384
vt 0.97946 0.22441
vt 0.96040 0.22146
vt 0.96919 0.21688
vt 0.96108 0.20922
vt 0.98614 0.22067
vt 0.97241 0.20922
vt 0.98412 0.21723
vt 0.98460 0.22965
vt 0.96981 0.23449
vt 0.95771 0.23626
vt 0.98220 0.23633
vt 0.98788 0.23554
vt 0.97317 0.24483
vt 0.98303 0.24521
vt 0.95684 0.24709
vt 0.68478 0.05097
vt 0.66837 0.04309
vt 0.68233 0.04197
vt 0.70922 0.04896
vt 0.70874 0.04376
vt 0.71970 0.04497
vt 0.67137 0.03560
vt 0.66620 0.03058
vt 0.65810 0.03127
vt 0.71593 0.03553
vt 0.69837 0.03058
vt 0.72720 0.03136
vt 0.73278 0.04045
vt 0.23084 0.35069
vt 0.23816 0.34120
vt 0.24767 0.34302
vt 0.24579 0.35291
vt 0.22818 0.34403
vt 0.21729 0.34222
vt 0.21581 0.33641
vt 0.24358 0.33841
vt 0.24958 0.33949
vt 0.25366 0.34285
vt 0.25448 0.33947
vt 0.25752 0.33641
vt 0.21112 0.67314
vt 0.21067 0.65150
vt 0.19177 0.66775
vt 0.19700 0.65216
vt 0.20754 0.69627
vt 0.18021 0.68444
vt 0.18032 0.65672
vt 0.22420 0.65535
vt 0.17709 0.69070
vt 0.22520 0.67037
vt 0.22905 0.69516
vt 0.19208 0.70279
vt 0.20308 0.70367
vt 0.22024 0.70180
vt 0.19857 0.63587
vt 0.18282 0.64410
vt 0.16395 0.67586
vt 0.16510 0.68545
vt 0.15166 0.67909
vt 0.16292 0.65082
vt 0.21163 0.63301
vt 0.22670 0.64449
vt 0.17523 0.63313
vt 0.18062 0.62476
vt 0.14661 0.66490
vt 0.24182 0.66633
vt 0.23129 0.70295
vt 0.24273 0.64810
vt 0.24278 0.70437
vt 0.13628 0.67069
vt 0.22846 0.62476
vt 0.24983 0.69444
vt 0.24286 0.63667
vt 0.25170 0.70435
vt 0.69163 0.91167
vt 0.70671 0.88689
vt 0.69847 0.92718
vt 0.69677 0.88287
vt 0.68730 0.89389
vt 0.68995 0.86907
vt 0.69833 0.84903
vt 0.67364 0.85032
vt 0.67806 0.85979
vt 0.71375 0.87640
vt 0.71107 0.86457
vt 0.70689 0.84970
vt 0.71532 0.85464
vt 0.67731 0.89944
vt 0.66773 0.85341
vt 0.68556 0.93423
vt 0.70323 0.94501
vt 0.69767 0.94508
vt 0.70223 0.95545
vt 0.69525 0.95074
vt 0.71532 0.95898
vt 0.70797 0.96671
vt 0.68533 0.95037
vt 0.69654 0.97010
vt 0.70289 0.97544
vt 0.66392 0.88346
vt 0.67124 0.91083
vt 0.71211 0.97568
vt 0.70369 0.98158
vt 0.71121 0.98786
vt 0.69524 0.98191
vt 0.01091 0.42927
vt 0.00775 0.43874
vt 0.00816 0.42895
vt 0.00078 0.43704
vt 0.01309 0.43329
vt 0.01232 0.42888
vt 0.00048 0.42866
vt 0.00102 0.44126
vt 0.01309 0.42087
vt 0.01081 0.42554
vt 0.00000 1.00000
vt 0.00000 1.00000
vt 0.00000 1.00000
vt 0.27870 0.54380
vt 0.28176 0.54235
vt 0.27983 0.55349
vt 0.28274 0.54375
vt 0.28198 0.54223
vt 0.27858 0.55553
vt 0.27431 0.55744
vt 0.27788 0.55287
vt 0.28198 0.56429
vt 0.27778 0.56422
vt 0.27882 0.56650
vt 0.26936 0.55061
vt 0.26718 0.56183
vt 0.26431 0.55655
vt 0.26671 0.56497
vt 0.74151 0.49757
vt 0.74248 0.49374
vt 0.74151 0.49369
vt 0.58923 0.55821
vt 0.58729 0.55097
vt 0.58729 0.56068
vt 0.42291 0.06941
vt 0.41321 0.08415
vt 0.42539 0.08053
vt 0.42393 0.08883
vt 0.40548 0.06016
vt 0.41177 0.05991
vt 0.39687 0.07213
vt 0.39686 0.06114
vt 0.43468 0.06747
vt 0.38749 0.06334
vt 0.40301 0.08025
vt 0.42452 0.05971
vt 0.39570 0.08002
vt 0.44037 0.08064
vt 0.44384 0.06975
vt 0.45197 0.07626
vt 0.43141 0.08598
vt 0.45241 0.06856
vt 0.46508 0.06588
vt 0.46165 0.05991
vt 0.33899 0.89757
vt 0.32638 0.89344
vt 0.33899 0.88786
vt 0.80908 0.16730
vt 0.81721 0.16515
vt 0.80131 0.16359
vt 0.79709 0.16990
vt 0.78613 0.16374
vt 0.80738 0.17330
vt 0.81311 0.17225
vt 0.81862 0.17154
vt 0.82978 0.16374
vt 0.07801 0.49951
vt 0.07400 0.49272
vt 0.07150 0.49784
vt 0.08196 0.49437
vt 0.07032 0.49437
vt 0.61057 0.78883
vt 0.60669 0.78883
vt 0.60767 0.78702
vt 0.60741 0.78689
vt 0.95381 0.84212
vt 0.96295 0.84909
vt 0.97059 0.83790
vt 0.95105 0.82467
vt 0.96393 0.82425
vt 0.97721 0.81505
vt 0.97721 0.85080
vt 0.94714 0.83370
vt 0.96626 0.85533
vt 0.97533 0.86165
vt 0.50194 0.85583
vt 0.50970 0.85583
vt 0.50313 0.86359
vt 0.93938 0.42642
vt 0.95386 0.41853
vt 0.94488 0.43295
vt 0.94728 0.41587
vt 0.94233 0.41930
vt 0.95793 0.42825
vt 0.95637 0.43144
vt 0.94051 0.41408
vt 0.94626 0.43437
vt 0.94034 0.43835
vt 0.95878 0.42388
vt 0.95878 0.43672
vt 0.77185 0.58398
vt 0.78322 0.58408
vt 0.77407 0.58592
vt 0.77158 0.58408
vt 0.92774 0.56359
vt 0.93744 0.56359
vt 0.93477 0.56553
vt 0.08875 0.04523
vt 0.08875 0.04903
vt 0.08972 0.04515
vt 0.99086 0.87330
vt 0.98206 0.86942
vt 0.99176 0.86942
vt 0.26140 0.95194
vt 0.26140 0.95971
vt 0.26431 0.95689
vt 0.18574 0.87913
vt 0.18574 0.86650
vt 0.18186 0.87276
vt 0.60766 0.11311
vt 0.60378 0.11699
vt 0.59699 0.11311
vt 0.82072 0.87459
vt 0.81428 0.88489
vt 0.81092 0.87799
vt 0.82808 0.88325
vt 0.82715 0.87724
vt 0.82202 0.89490
vt 0.81772 0.86553
vt 0.84034 0.87219
vt 0.83335 0.88935
vt 0.83968 0.88569
vt 0.85693 0.87769
vt 0.84862 0.87196
vt 0.85046 0.88537
vt 0.86178 0.88306
vt 0.80844 0.88994
vt 0.81293 0.89803
vt 0.82480 0.91288
vt 0.83129 0.89711
vt 0.83413 0.90765
vt 0.83968 0.89524
vt 0.83667 0.91258
vt 0.84084 0.91608
vt 0.83339 0.92895
vt 0.84646 0.92532
vt 0.84092 0.93447
vt 0.85866 0.93219
vt 0.85157 0.93832
vt 0.84280 0.90818
vt 0.86178 0.94320
vt 0.84022 0.90511
vt 0.96346 0.76683
vt 0.95593 0.77904
vt 0.96028 0.76165
vt 0.96363 0.77692
vt 0.95292 0.79132
vt 0.96183 0.79172
vt 0.95330 0.79761
vt 0.94728 0.80021
vt 0.95063 0.80987
vt 0.93647 0.80570
vt 0.94284 0.79767
vt 0.96335 0.80544
vt 0.93685 0.79612
vt 0.96346 0.81990
vt 0.94423 0.79517
vt 0.58097 0.48136
vt 0.58577 0.46138
vt 0.58699 0.47877
vt 0.58886 0.49830
vt 0.59678 0.46678
vt 0.58671 0.45101
vt 0.57511 0.46451
vt 0.57900 0.50476
vt 0.58552 0.50775
vt 0.58590 0.52608
vt 0.59273 0.52268
vt 0.59231 0.53072
vt 0.56910 0.49388
vt 0.57559 0.44236
vt 0.55649 0.45413
vt 0.56581 0.43663
vt 0.55529 0.46982
vt 0.57566 0.42763
vt 0.55626 0.42489
vt 0.56204 0.41458
vt 0.55980 0.44108
vt 0.57338 0.47852
vt 0.59432 0.43061
vt 0.58253 0.43029
vt 0.57957 0.42092
vt 0.59792 0.44458
vt 0.60252 0.50060
vt 0.59128 0.51011
vt 0.56585 0.40358
vt 0.60728 0.45989
vt 0.60698 0.43643
vt 0.61457 0.44923
vt 0.61045 0.47656
vt 0.61620 0.51520
vt 0.60157 0.52427
vt 0.61669 0.52178
vt 0.62027 0.53753
vt 0.61650 0.50258
vt 0.61169 0.54223
vt 0.60469 0.42156
vt 0.57653 0.40692
vt 0.56544 0.39175
vt 0.62027 0.45882
vt 0.09015 0.21272
vt 0.09129 0.20853
vt 0.08800 0.20146
vt 0.08182 0.21330
vt 0.08945 0.21602
vt 0.09929 0.20146
vt 0.09803 0.20949
vt 0.09942 0.21316
vt 0.08386 0.20588
vt 0.07808 0.20659
vt 0.05771 0.96647
vt 0.06033 0.96281
vt 0.05791 0.95583
vt 0.06331 0.95583
vt 0.06450 0.96748
vt 0.45613 0.00146
vt 0.45650 0.00882
vt 0.45854 0.00661
vt 0.45053 0.01243
vt 0.45103 0.01505
vt 0.46508 0.00146
vt 0.46398 0.00551
vt 0.46379 0.01051
vt 0.05174 0.70998
vt 0.03740 0.70038
vt 0.05813 0.69308
vt 0.07517 0.70655
vt 0.06941 0.71311
vt 0.03916 0.71132
vt 0.02861 0.71217
vt 0.04511 0.69515
vt 0.06723 0.68228
vt 0.05731 0.68034
vt 0.07517 0.67621
vt 0.02950 0.70608
vt 0.02988 0.69834
vt 0.53314 0.22281
vt 0.52952 0.21830
vt 0.53728 0.21318
vt 0.53839 0.22379
vt 0.54019 0.21527
vt 0.53464 0.21312
vt 0.53018 0.21984
vt 0.52716 0.22024
vt 0.52785 0.21634
vt 0.52898 0.21709
vt 0.52852 0.21604
vt 0.52936 0.21436
vt 0.52782 0.21449
vt 0.54661 0.21311
vt 0.55141 0.22228
vt 0.54765 0.21346
vt 0.55075 0.21318
vt 0.96557 0.34801
vt 0.97333 0.35583
vt 0.97333 0.34223
vt 0.19653 0.55970
vt 0.19915 0.55358
vt 0.18721 0.55536
vt 0.19851 0.54648
vt 0.18574 0.54223
vt 0.19493 0.54371
vt 0.20126 0.54223
vt 0.18710 0.56131
vt 0.18626 0.55879
vt 0.19479 0.56345
vt 0.19398 0.56420
vt 0.19359 0.56456
vt 0.99176 0.44235
vt 0.99758 0.44740
vt 0.99758 0.43738
vt 0.99181 0.44903
vt 0.00000 1.00000
vt 0.00000 1.00000
vt 0.00000 1.00000
vt 0.58050 0.53641
vt 0.58351 0.53648
vt 0.58314 0.53668
vt 0.58211 0.53835
vt 0.58535 0.53641
vt 0.00000 1.00000
vt 0.00000 1.00000
vt 0.00000 1.00000
vt 0.00000 1.00000
vt 0.33122 0.01307
vt 0.33705 0.00728
vt 0.32347 0.00728
vt 0.32869 0.01505
vt 0.33239 0.01279
vt 0.13427 0.23539
vt 0.13240 0.23677
vt 0.13434 0.23350
vt 0.13434 0.23835
vt 0.24297 0.29951
vt 0.22907 0.30831
vt 0.23040 0.31311
vt 0.21387 0.29951
vt 0.80204 0.86462
vt 0.79777 0.86191
vt 0.81038 0.88495
vt 0.81038 0.85777
vt 0.50483 0.51607
vt 0.50512 0.52341
vt 0.51520 0.52215
vt 0.52244 0.51362
vt 0.50985 0.50201
vt 0.49995 0.50146
vt 0.49408 0.51212
vt 0.51955 0.50660
vt 0.49567 0.50320
vt 0.49582 0.52206
vt 0.52265 0.52059
vt 0.49321 0.51759
vt 0.51879 0.50146
vt 0.52020 0.52401
vt 0.52328 0.53544
vt 0.51030 0.52696
vt 0.49798 0.52823
vt 0.08390 0.01799
vt 0.08875 0.02767
vt 0.08875 0.01311
vt 0.00000 1.00000
vt 0.00000 1.00000
vt 0.00000 1.00000
vt 0.00000 1.00000
vt 0.00000 1.00000
vt 0.00000 1.00000
vt 0.00000 1.00000
vt 0.00000 1.00000
vt 0.00000 1.00000
vt 0.71863 0.13642
vt 0.71855 0.13529
vt 0.71796 0.13716
vt 0.72039 0.13447
vt 0.71985 0.13506
vt 0.71435 0.13614
vt 0.71693 0.13829
vt 0.71599 0.13932
vt 0.72114 0.13614
vt 0.71911 0.13591
vt 0.91059 0.07901
vt 0.90257 0.09294
vt 0.92128 0.08508
vt 0.88111 0.09386
vt 0.86954 0.07269
vt 0.89997 0.06792
vt 0.92050 0.07161
vt 0.93204 0.07285
vt 0.88836 0.09839
vt 0.88317 0.06553
vt 0.89795 0.10049
vt 0.87229 0.08652
vt 0.87654 0.09564
vt 0.94132 0.07140
vt 0.93942 0.08987
vt 0.93612 0.06553
vt 0.43458 0.03511
vt 0.44153 0.01311
vt 0.43113 0.03025
vt 0.44168 0.03219
vt 0.45344 0.03544
vt 0.47110 0.02498
vt 0.44822 0.02644
vt 0.47478 0.01675
vt 0.47243 0.01311
vt 0.37329 0.30734
vt 0.35588 0.30078
vt 0.34992 0.30966
vt 0.36644 0.29831
vt 0.37449 0.29844
vt 0.38824 0.29909
vt 0.33789 0.30068
vt 0.38911 0.30982
vt 0.40495 0.29369
vt 0.37064 0.31408
vt 0.32598 0.30888
vt 0.31959 0.29369
vt 0.34560 0.29853
vt 0.65790 0.95016
vt 0.66780 0.95755
vt 0.65930 0.96262
vt 0.66145 0.94509
vt 0.65437 0.92984
vt 0.66549 0.84917
vt 0.66195 0.86235
vt 0.65288 0.84983
vt 0.65137 0.83713
vt 0.66719 0.84149
vt 0.65641 0.81955
vt 0.64667 0.87567
vt 0.64507 0.86403
vt 0.66613 0.82139
vt 0.64317 0.83276
vt 0.64866 0.81441
vt 0.65795 0.80399
vt 0.66780 0.79401
vt 0.66132 0.87991
vt 0.64867 0.88166
vt 0.64174 0.89257
vt 0.65063 0.89888
vt 0.64306 0.90760
vt 0.63773 0.82453
vt 0.65359 0.88970
vt 0.65843 0.92994
vt 0.64119 0.81094
vt 0.65288 0.79750
vt 0.66443 0.78689
vt 0.80699 0.03630
vt 0.81983 0.03591
vt 0.80502 0.05176
vt 0.82068 0.04572
vt 0.81446 0.06068
vt 0.81024 0.02573
vt 0.80262 0.02784
vt 0.82881 0.02649
vt 0.82881 0.03241
vt 0.46799 0.96588
vt 0.47478 0.96588
vt 0.46939 0.96645
vt 0.47264 0.96456
vt 0.47319 0.96942
vt 0.51105 0.38759
vt 0.51040 0.38970
vt 0.50944 0.38881
vt 0.51358 0.39660
vt 0.51004 0.39343
vt 0.50962 0.38556
vt 0.51235 0.38586
vt 0.51358 0.38301
vt 0.50582 0.38685
vt 0.50782 0.38432
vt 0.91416 0.94515
vt 0.91416 0.95583
vt 0.91319 0.94712
vt 0.35063 0.24946
vt 0.34609 0.24085
vt 0.33857 0.24619
vt 0.35063 0.24114
vt 0.34382 0.25388
vt 0.34227 0.24033
vt 0.33802 0.24029
vt 0.15955 0.27233
vt 0.16731 0.27233
vt 0.16325 0.27524
vt 0.84694 0.05929
vt 0.86902 0.04871
vt 0.83937 0.05237
vt 0.86423 0.04283
vt 0.83583 0.06422
vt 0.85150 0.06737
vt 0.87328 0.06140
vt 0.85863 0.06948
vt 0.88611 0.05247
vt 0.83192 0.07233
vt 0.82775 0.05773
vt 0.83298 0.04157
vt 0.88053 0.04126
vt 0.89379 0.04157
vt 0.82687 0.06782
vt 0.40847 0.25339
vt 0.42326 0.25608
vt 0.42283 0.23609
vt 0.43778 0.23350
vt 0.40291 0.23484
vt 0.44831 0.25661
vt 0.39372 0.24622
vt 0.44986 0.23361
vt 0.44085 0.26262
vt 0.37360 0.23628
vt 0.45529 0.25199
vt 0.46618 0.23687
vt 0.38171 0.24973
vt 0.37340 0.24740
vt 0.36431 0.24598
vt 0.35451 0.23361
vt 0.47575 0.23919
vt 0.84006 0.72215
vt 0.84710 0.72465
vt 0.85137 0.72092
vt 0.85487 0.71403
vt 0.84723 0.70997
vt 0.85755 0.69612
vt 0.85942 0.70494
vt 0.85590 0.72833
vt 0.85287 0.73664
vt 0.85984 0.73912
vt 0.85675 0.75188
vt 0.84253 0.73675
vt 0.84511 0.69763
vt 0.85343 0.68279
vt 0.85984 0.68010
vt 0.82612 0.74034
vt 0.83708 0.75212
vt 0.83527 0.71630
vt 0.82424 0.72623
vt 0.82668 0.71120
vt 0.81650 0.71203
vt 0.81135 0.70585
vt 0.82675 0.76062
vt 0.83840 0.77718
vt 0.94520 0.50402
vt 0.95281 0.50049
vt 0.94603 0.50049
vt 0.95296 0.50728
vt 0.85597 0.09563
vt 0.85015 0.10163
vt 0.85597 0.10340
vt 0.91992 0.94026
vt 0.92001 0.93029
vt 0.91705 0.94515
vt 0.91202 0.93069
vt 0.92627 0.93693
vt 0.92774 0.92961
vt 0.90834 0.92961
vt 0.75800 0.62555
vt 0.75800 0.63738
vt 0.75315 0.62787
vt 0.75520 0.62184
vt 0.64305 0.01290
vt 0.64361 0.01796
vt 0.64840 0.01117
vt 0.63482 0.01117
vt 0.51180 0.29296
vt 0.50667 0.28746
vt 0.51768 0.28793
vt 0.50187 0.29734
vt 0.50435 0.30459
vt 0.50989 0.30260
vt 0.51157 0.30922
vt 0.51884 0.30419
vt 0.52037 0.30179
vt 0.51858 0.28071
vt 0.50972 0.27288
vt 0.50522 0.28249
vt 0.50401 0.28627
vt 0.50078 0.28463
vt 0.52037 0.26748
vt 0.50403 0.28082
vt 0.50715 0.27297
vt 0.50000 0.28034
vt 0.04995 0.45583
vt 0.06353 0.45583
vt 0.05675 0.45696
vt 0.05620 0.46262
vt 0.46217 0.95291
vt 0.47478 0.95291
vt 0.46475 0.95485
vt 0.10949 0.27633
vt 0.10735 0.27233
vt 0.11798 0.27822
vt 0.12270 0.27233
vt 0.11204 0.28204
vt 0.10427 0.27878
vt 0.39525 0.94411
vt 0.39137 0.94754
vt 0.39234 0.93932
vt 0.39525 0.95194
vt 0.23230 0.50146
vt 0.21549 0.50881
vt 0.21660 0.51524
vt 0.21387 0.51298
vt 0.23230 0.51990
vt 0.07598 0.69272
vt 0.08903 0.70434
vt 0.09376 0.69272
vt 0.08453 0.70437
vt 0.09574 0.70050
vt 0.07517 0.70129
vt 0.09748 0.70419
vt 0.54586 0.09537
vt 0.52828 0.09955
vt 0.54850 0.10572
vt 0.53955 0.09369
vt 0.54502 0.10856
vt 0.53777 0.11559
vt 0.52745 0.11901
vt 0.51649 0.11136
vt 0.52821 0.12184
vt 0.51845 0.09809
vt 0.51977 0.09711
vt 0.52262 0.09702
vt 0.51697 0.09369
vt 0.51836 0.09620
vt 0.63579 0.87039
vt 0.63993 0.86912
vt 0.63973 0.86771
vt 0.63673 0.86650
vt 0.64193 0.86984
vt 0.64355 0.87039
vt 0.98667 0.08408
vt 0.99042 0.08112
vt 0.98836 0.08794
vt 0.99303 0.08230
vt 0.98016 0.09338
vt 0.97624 0.08107
vt 0.98644 0.09315
vt 0.98978 0.09044
vt 0.99305 0.09369
vt 0.99467 0.08107
vt 0.99374 0.08210
vt 0.83754 0.63606
vt 0.84303 0.63271
vt 0.84697 0.62635
vt 0.84902 0.62981
vt 0.85306 0.63641
vt 0.85188 0.62308
vt 0.84222 0.61896
vt 0.84909 0.61146
vt 0.85306 0.60922
vt 0.34316 0.84265
vt 0.36378 0.84333
vt 0.35118 0.84013
vt 0.34287 0.82864
vt 0.36177 0.85343
vt 0.34435 0.85258
vt 0.37489 0.84708
vt 0.37263 0.85760
vt 0.38348 0.84459
vt 0.34626 0.86186
vt 0.37520 0.83256
vt 0.38361 0.83166
vt 0.34759 0.87318
vt 0.36472 0.82864
vt 0.36388 0.87010
vt 0.35118 0.88398
vt 0.48513 0.19234
vt 0.46283 0.19477
vt 0.47157 0.20062
vt 0.49159 0.20540
vt 0.50180 0.19270
vt 0.50562 0.20720
vt 0.51602 0.19807
vt 0.51249 0.21137
vt 0.49603 0.21599
vt 0.46506 0.21187
vt 0.47638 0.22961
vt 0.44253 0.20121
vt 0.43719 0.20150
vt 0.44430 0.19078
vt 0.44433 0.21292
vt 0.50697 0.19078
vt 0.52619 0.20324
vt 0.45666 0.22074
vt 0.46264 0.22851
vt 0.43119 0.20935
vt 0.42225 0.19858
vt 0.41720 0.21242
vt 0.40426 0.20741
vt 0.39622 0.21464
vt 0.03734 0.27524
vt 0.03734 0.25808
vt 0.02958 0.26530
vt 0.03510 0.25291
vt 0.15688 0.16844
vt 0.15318 0.15406
vt 0.14051 0.16616
vt 0.12374 0.15388
vt 0.12691 0.17087
vt 0.16566 0.16566
vt 0.16680 0.15388
vt 0.13778 0.17499
vt 0.17556 0.16594
vt 0.17359 0.17220
vt 0.11666 0.16243
vt 0.10815 0.15847
vt 0.17798 0.15878
vt 0.14613 0.17476
vt 0.15511 0.17816
vt 0.15748 0.17487
vt 0.15837 0.17760
vt 0.48157 0.69126
vt 0.46605 0.69830
vt 0.48320 0.70080
vt 0.49326 0.69081
vt 0.50880 0.70243
vt 0.50734 0.68301
vt 0.52105 0.70190
vt 0.52134 0.69046
vt 0.52045 0.68301
vt 0.72736 0.78296
vt 0.72844 0.76720
vt 0.74531 0.77133
vt 0.74830 0.75541
vt 0.72613 0.75933
vt 0.71728 0.74826
vt 0.73222 0.74114
vt 0.70898 0.73554
vt 0.70864 0.72864
vt 0.69663 0.73014
vt 0.72782 0.79594
vt 0.74329 0.79317
vt 0.72461 0.80456
vt 0.73171 0.80903
vt 0.74629 0.81371
vt 0.73981 0.82337
vt 0.74830 0.82775
vt 0.71070 0.81112
vt 0.70777 0.82422
vt 0.72045 0.79862
vt 0.70825 0.80250
vt 0.71178 0.78989
vt 0.69721 0.78927
vt 0.69784 0.78648
vt 0.69338 0.77303
vt 0.69725 0.76993
vt 0.68829 0.77106
vt 0.69329 0.75955
vt 0.69688 0.75452
vt 0.68842 0.76815
vt 0.68356 0.77268
vt 0.68519 0.77012
vt 0.68235 0.76933
vt 0.70611 0.77119
vt 0.70687 0.77889
vt 0.69332 0.75250
vt 0.71390 0.83203
vt 0.73594 0.82198
vt 0.73587 0.82828
vt 0.72465 0.83734
vt 0.71685 0.83993
vt 0.71166 0.84612
vt 0.70261 0.81839
vt 0.69850 0.82446
vt 0.99952 0.61214
vt 0.99952 0.62087
vt 0.99467 0.61575
vt 0.01600 0.28398
vt 0.01309 0.29017
vt 0.01600 0.29369
vt 0.55166 0.36748
vt 0.54795 0.37524
vt 0.55824 0.37433
vt 0.55738 0.36937
vt 0.56014 0.37167
vt 0.54559 0.36937
vt 0.54665 0.37369
vt 0.38167 0.69433
vt 0.38555 0.70340
vt 0.38555 0.69369
vt 0.06614 0.56269
vt 0.07298 0.56856
vt 0.06577 0.56901
vt 0.07323 0.56068
vt 0.06547 0.57681
vt 0.07323 0.57718
vt 0.33802 0.56068
vt 0.34135 0.56359
vt 0.34522 0.56073
vt 0.34785 0.56307
vt 0.35548 0.56068
vt 0.86929 0.27275
vt 0.87309 0.26078
vt 0.87534 0.27225
vt 0.87030 0.28276
vt 0.88037 0.28682
vt 0.87269 0.28949
vt 0.88118 0.28925
vt 0.87441 0.29082
vt 0.87609 0.29369
vt 0.86505 0.27161
vt 0.86469 0.25886
vt 0.87523 0.24298
vt 0.87452 0.22865
vt 0.88037 0.22379
vt 0.31252 0.33884
vt 0.29958 0.34223
vt 0.32130 0.34169
vt 0.34384 0.33155
vt 0.29973 0.33791
vt 0.29631 0.33155
vt 0.66683 0.94320
vt 0.67291 0.95097
vt 0.67459 0.94320
vt 0.66853 0.95090
vt 0.80861 0.36953
vt 0.80816 0.37515
vt 0.80613 0.37128
vt 0.80299 0.38109
vt 0.80941 0.38786
vt 0.80068 0.37305
vt 0.80941 0.36631
vt 0.80514 0.36456
vt 0.92774 0.94811
vt 0.92702 0.95056
vt 0.92339 0.94806
vt 0.92042 0.94801
vt 0.92215 0.95344
vt 0.91990 0.94826
vt 0.92062 0.94515
vt 0.92496 0.96573
vt 0.91931 0.96531
vt 0.92356 0.97728
vt 0.91028 0.97058
vt 0.91529 0.98502
vt 0.92774 0.99466
vt 0.91183 0.96541
vt 0.87730 0.92092
vt 0.88215 0.93058
vt 0.88215 0.91990
vt 0.12367 0.06845
vt 0.12056 0.07233
vt 0.11494 0.06845
vt 0.21969 0.57621
vt 0.20882 0.58107
vt 0.21655 0.58189
vt 0.21579 0.58883
vt 0.20805 0.57621
vt 0.96050 0.89530
vt 0.95536 0.89902
vt 0.94951 0.89290
vt 0.94818 0.89887
vt 0.96121 0.90328
vt 0.96346 0.89774
vt 0.94135 0.89761
vt 0.94169 0.88856
vt 0.93761 0.89901
vt 0.96854 0.89644
vt 0.94635 0.90347
vt 0.96945 0.91087
vt 0.96180 0.90681
vt 0.96668 0.91141
vt 0.96530 0.91397
vt 0.95913 0.91304
vt 0.96433 0.91832
vt 0.95819 0.92030
vt 0.95020 0.91138
vt 0.93813 0.91047
vt 0.95156 0.91825
vt 0.95039 0.92087
vt 0.94698 0.91806
vt 0.94453 0.91126
vt 0.93647 0.88644
vt 0.96811 0.89080
vt 0.93739 0.87955
vt 0.94891 0.88427
vt 0.94454 0.87513
vt 0.94066 0.87051
vt 0.94674 0.87154
vt 0.95508 0.87080
vt 0.96445 0.87237
vt 0.96400 0.86942
vt 0.95625 0.87868
vt 0.95525 0.88382
vt 0.96291 0.88557
vt 0.95912 0.87734
vt 0.96593 0.87806
vt 0.96945 0.88235
vt 0.94519 0.86976
vt 0.08783 0.96067
vt 0.08681 0.95703
vt 0.08219 0.96593
vt 0.08876 0.97233
vt 0.07426 0.96398
vt 0.09579 0.96034
vt 0.10018 0.96726
vt 0.10621 0.96417
vt 0.10300 0.97090
vt 0.10317 0.95434
vt 0.08935 0.95200
vt 0.06741 0.94515
vt 0.08617 0.94717
vt 0.09769 0.94515
vt 0.25966 0.80547
vt 0.25876 0.80187
vt 0.26237 0.80400
vt 0.25849 0.79757
vt 0.25849 0.80728
vt 0.98982 0.34126
vt 0.98982 0.35388
vt 0.99176 0.34816
vt 0.90805 0.13354
vt 0.92090 0.13644
vt 0.91087 0.15220
vt 0.92239 0.11332
vt 0.91528 0.15568
vt 0.90050 0.15021
vt 0.91787 0.11556
vt 0.90160 0.12677
vt 0.90676 0.11243
vt 0.89022 0.14705
vt 0.90154 0.11183
vt 0.89495 0.15322
vt 0.92770 0.13232
vt 0.90782 0.10243
vt 0.88596 0.15304
vt 0.88118 0.14644
vt 0.89297 0.13241
vt 0.91758 0.10613
vt 0.91145 0.15997
vt 0.92759 0.15472
vt 0.92968 0.16482
vt 0.92707 0.17542
vt 0.90731 0.16648
vt 0.90846 0.17621
vt 0.89767 0.17089
vt 0.89694 0.17527
vt 0.92968 0.12056
vt 0.92205 0.10440
vt 0.82176 0.98022
vt 0.81918 0.99175
vt 0.81134 0.98764
vt 0.81167 0.97921
vt 0.80906 0.95702
vt 0.80436 0.98127
vt 0.80470 0.95498
vt 0.81315 0.97532
vt 0.79318 0.96468
vt 0.78619 0.99121
vt 0.82676 0.95243
vt 0.82563 0.94214
vt 0.81342 0.93904
vt 0.83544 0.96264
vt 0.82539 0.98944
vt 0.80439 0.99111
vt 0.83691 0.95367
vt 0.83372 0.94676
vt 0.83987 0.96600
vt 0.78107 0.96791
vt 0.77500 0.97351
vt 0.77320 0.96152
vt 0.77584 0.95886
vt 0.80172 0.93579
vt 0.84239 0.97339
vt 0.84239 0.95752
vt 0.82361 0.92640
vt 0.83523 0.94205
vt 0.81218 0.92282
vt 0.84024 0.94945
vt 0.76765 0.96083
vt 0.76328 0.97536
vt 0.76817 0.98993
vt 0.76296 0.98309
vt 0.75956 0.99030
vt 0.79571 0.94718
vt 0.83062 0.93029
vt 0.82704 0.92693
vt 0.75606 0.96753
vt 0.75724 0.96323
vt 0.78671 0.93423
vt 0.78622 0.93970
vt 0.77898 0.94208
vt 0.03812 0.34107
vt 0.04138 0.35478
vt 0.03346 0.35507
vt 0.04556 0.34402
vt 0.04704 0.33252
vt 0.03871 0.33283
vt 0.03523 0.36655
vt 0.04132 0.36661
vt 0.04704 0.39272
vt 0.24551 0.45277
vt 0.23083 0.45194
vt 0.23777 0.46456
vt 0.21417 0.45345
vt 0.20978 0.45970
vt 0.19544 0.45660
vt 0.24856 0.45499
vt 0.24828 0.46286
vt 0.25671 0.45393
vt 0.26026 0.45583
vt 0.26237 0.45194
vt 0.41293 0.78595
vt 0.43703 0.77816
vt 0.42124 0.79294
vt 0.44340 0.78662
vt 0.44374 0.79515
vt 0.43754 0.80739
vt 0.42638 0.81220
vt 0.43655 0.84115
vt 0.42797 0.83502
vt 0.44064 0.83121
vt 0.44247 0.81313
vt 0.42206 0.84456
vt 0.43673 0.85354
vt 0.42587 0.86164
vt 0.43306 0.86134
vt 0.42041 0.85969
vt 0.41482 0.84563
vt 0.42336 0.83905
vt 0.43137 0.86468
vt 0.43264 0.86326
vt 0.44374 0.86845
vt 0.43465 0.86354
vt 0.41174 0.86028
vt 0.24622 0.75538
vt 0.22248 0.75808
vt 0.24180 0.76399
vt 0.21904 0.76308
vt 0.25373 0.76208
vt 0.21387 0.76301
vt 0.26237 0.74417
vt 0.26237 0.76456
vt 0.76645 0.64968
vt 0.77740 0.64528
vt 0.76271 0.66523
vt 0.77160 0.66650
vt 0.77105 0.63890
vt 0.77280 0.61699
vt 0.77740 0.66007
vt 0.76188 0.65751
vt 0.01891 0.90903
vt 0.01026 0.90340
vt 0.01018 0.91214
vt 0.01880 0.90340
vt 0.74248 0.67010
vt 0.73937 0.67330
vt 0.73472 0.66425
vt 0.73504 0.65777
vt 0.73701 0.67306
vt 0.74248 0.66186
vt 0.19253 0.82184
vt 0.18815 0.83155
vt 0.17701 0.82775
vt 0.19133 0.82997
vt 0.18198 0.82184
vt 0.18465 0.83139
vt 0.55044 0.28204
vt 0.55820 0.28204
vt 0.55710 0.28689
vt 0.66392 0.40170
vt 0.67071 0.40313
vt 0.66646 0.40631
vt 0.66646 0.40049
vt 0.39534 0.16566
vt 0.39120 0.16368
vt 0.39811 0.16320
vt 0.39605 0.18170
vt 0.40208 0.16408
vt 0.41509 0.18582
vt 0.41558 0.17819
vt 0.41659 0.16725
vt 0.41344 0.16536
vt 0.41080 0.16228
vt 0.40598 0.15971
vt 0.40579 0.19854
vt 0.41659 0.19840
vt 0.39198 0.17354
vt 0.39040 0.17993
vt 0.39095 0.16459
vt 0.62609 0.18883
vt 0.60549 0.18883
vt 0.60710 0.19484
vt 0.61412 0.19564
vt 0.61666 0.19757
vt 0.60281 0.19747
vt 0.14399 0.02038
vt 0.14773 0.02092
vt 0.14313 0.02211
vt 0.14088 0.01566
vt 0.14366 0.01714
vt 0.14573 0.03447
vt 0.13824 0.02618
vt 0.13992 0.02548
vt 0.13628 0.01279
vt 0.15057 0.02544
vt 0.14029 0.02766
vt 0.14094 0.02749
vt 0.14265 0.01529
vt 0.14511 0.01497
vt 0.14675 0.01015
vt 0.13935 0.00532
vt 0.14752 0.00491
vt 0.15017 0.00604
vt 0.15082 0.00866
vt 0.15057 0.00049
vt 0.13940 0.00065
vt 0.72278 0.52861
vt 0.73278 0.53275
vt 0.72114 0.53386
vt 0.73216 0.54612
vt 0.72480 0.54283
vt 0.72889 0.52843
vt 0.72475 0.52282
vt 0.72142 0.52550
vt 0.73216 0.52900
vt 0.92848 0.58131
vt 0.92933 0.57347
vt 0.93198 0.58147
vt 0.92674 0.57706
vt 0.94229 0.58129
vt 0.93704 0.56727
vt 0.94229 0.57196
vt 0.92816 0.56803
vt 0.93681 0.59272
vt 0.92580 0.56650
vt 0.92814 0.56736
vt 0.57777 0.85056
vt 0.58826 0.84903
vt 0.57636 0.85388
vt 0.57410 0.85157
vt 0.57232 0.85310
vt 0.57081 0.84903
vt 0.41412 0.37285
vt 0.41113 0.37039
vt 0.41212 0.37348
vt 0.41465 0.37427
vt 0.40883 0.37427
vt 0.34649 0.48882
vt 0.36321 0.48468
vt 0.35420 0.48981
vt 0.35072 0.47684
vt 0.36596 0.47324
vt 0.36187 0.47103
vt 0.37138 0.48301
vt 0.37391 0.47447
vt 0.34861 0.46162
vt 0.36685 0.46194
vt 0.36674 0.46066
vt 0.35183 0.45097
vt 0.36518 0.45189
vt 0.34987 0.47036
vt 0.37391 0.45418
vt 0.34518 0.46516
vt 0.33996 0.46225
vt 0.93259 0.31019
vt 0.94229 0.31019
vt 0.93806 0.31311
vt 0.28881 0.54300
vt 0.28565 0.53178
vt 0.29195 0.53875
vt 0.29825 0.54612
vt 0.29825 0.52767
vt 0.49321 0.95053
vt 0.50291 0.95777
vt 0.49489 0.95643
vt 0.50291 0.94806
vt 0.89415 0.05000
vt 0.89961 0.05000
vt 0.89379 0.05388
vt 0.61348 0.41117
vt 0.60598 0.41715
vt 0.60378 0.41117
vt 0.61157 0.42379
vt 0.14985 0.45341
vt 0.15858 0.45971
vt 0.15858 0.45097
vt 0.47750 0.23738
vt 0.47724 0.23418
vt 0.47202 0.23182
vt 0.46605 0.23155
vt 0.48157 0.23155
vt 0.17794 0.08604
vt 0.16370 0.08752
vt 0.17927 0.09427
vt 0.18585 0.09353
vt 0.16504 0.10361
vt 0.15002 0.09517
vt 0.13898 0.08459
vt 0.12641 0.08551
vt 0.12287 0.07621
vt 0.11494 0.08140
vt 0.16847 0.07890
vt 0.18166 0.09908
vt 0.17890 0.10631
vt 0.17531 0.07621
vt 0.16129 0.08162
vt 0.15460 0.07671
vt 0.18900 0.08924
vt 0.18721 0.08525
vt 0.19019 0.08288
vt 0.18687 0.07812
vt 0.19026 0.07922
vt 0.19932 0.10447
vt 0.18303 0.08269
vt 0.59465 0.40056
vt 0.58222 0.41330
vt 0.58553 0.40441
vt 0.60205 0.40812
vt 0.59615 0.41505
vt 0.57953 0.40049
vt 0.60378 0.40049
vt 0.57907 0.02068
vt 0.56781 0.01520
vt 0.57875 0.01408
vt 0.56776 0.02113
vt 0.56014 0.01408
vt 0.58050 0.02184
vt 0.24685 0.05451
vt 0.25341 0.06054
vt 0.25093 0.05432
vt 0.25461 0.05388
vt 0.24332 0.05611
vt 0.23912 0.05942
vt 0.24821 0.06553
vt 0.23859 0.06479
vt 0.23500 0.05955
vt 0.22939 0.06389
vt 0.24141 0.05388
vt 0.39997 0.04019
vt 0.41235 0.03135
vt 0.42076 0.04515
vt 0.39393 0.03168
vt 0.38512 0.03471
vt 0.37488 0.02379
vt 0.42125 0.03320
vt 0.42239 0.03699
vt 0.43016 0.02379
vt 0.95926 0.49978
vt 0.97218 0.49496
vt 0.96906 0.50932
vt 0.95391 0.51156
vt 0.95694 0.50104
vt 0.96098 0.51360
vt 0.96770 0.49473
vt 0.97381 0.48778
vt 0.97624 0.49022
vt 0.97329 0.50072
vt 0.96273 0.49449
vt 0.95005 0.49649
vt 0.96698 0.48962
vt 0.97283 0.48446
vt 0.97320 0.51094
vt 0.96733 0.51912
vt 0.97624 0.52087
vt 0.96508 0.47725
vt 0.96920 0.47718
vt 0.96266 0.11699
vt 0.96751 0.11699
vt 0.96686 0.11990
vt 0.41562 0.44990
vt 0.41756 0.45291
vt 0.41756 0.44709
vt 0.61251 0.62953
vt 0.61427 0.61881
vt 0.61792 0.62782
vt 0.61930 0.61214
vt 0.61930 0.63350
vt 0.44180 0.93820
vt 0.44955 0.93872
vt 0.44680 0.93058
vt 0.45282 0.93061
vt 0.45780 0.93842
vt 0.45871 0.94612
vt 0.46694 0.94194
vt 0.46702 0.93058
vt 0.62773 0.94438
vt 0.63588 0.95582
vt 0.63975 0.93975
vt 0.65127 0.96455
vt 0.63712 0.97420
vt 0.64882 0.98301
vt 0.62376 0.96581
vt 0.62506 0.92685
vt 0.64032 0.98136
vt 0.61641 0.94068
vt 0.65519 0.97130
vt 0.65483 0.98290
vt 0.60606 0.93650
vt 0.60547 0.92893
vt 0.61004 0.91435
vt 0.61851 0.91717
vt 0.64152 0.91937
vt 0.63225 0.91510
vt 0.64101 0.91311
vt 0.62228 0.91311
vt 0.65096 0.94454
vt 0.65060 0.94137
vt 0.65317 0.94300
vt 0.64765 0.93475
vt 0.60202 0.94990
vt 0.59699 0.95118
vt 0.61148 0.96218
vt 0.60548 0.95572
vt 0.60737 0.95978
vt 0.89152 0.30009
vt 0.90272 0.28909
vt 0.89787 0.30266
vt 0.91216 0.29665
vt 0.91021 0.30631
vt 0.88574 0.29423
vt 0.88996 0.28323
vt 0.89373 0.27871
vt 0.91610 0.29175
vt 0.90973 0.27638
vt 0.90183 0.25794
vt 0.89306 0.25276
vt 0.88906 0.24188
vt 0.89158 0.26923
vt 0.88513 0.25959
vt 0.88032 0.26082
vt 0.88583 0.25194
vt 0.88075 0.25784
vt 0.88021 0.23817
vt 0.88460 0.23187
vt 0.90368 0.23959
vt 0.88568 0.22055
vt 0.90943 0.25570
vt 0.91610 0.23939
vt 0.89146 0.21796
vt 0.88261 0.25884
vt 0.67476 0.74803
vt 0.67901 0.76058
vt 0.67226 0.76936
vt 0.65598 0.76685
vt 0.65818 0.75310
vt 0.64743 0.76016
vt 0.67817 0.75203
vt 0.66072 0.77172
vt 0.68019 0.78069
vt 0.68401 0.74443
vt 0.68419 0.73350
vt 0.69205 0.73505
vt 0.66897 0.78665
vt 0.67472 0.79362
vt 0.69205 0.79369
vt 0.81620 0.75388
vt 0.81620 0.74126
vt 0.81329 0.74640
vt 0.52689 0.06265
vt 0.54450 0.05689
vt 0.53162 0.06906
vt 0.53145 0.04576
vt 0.52516 0.04515
vt 0.51694 0.05922
vt 0.51358 0.07113
vt 0.52550 0.07687
vt 0.51571 0.08784
vt 0.54591 0.06215
vt 0.53039 0.08030
vt 0.54739 0.08553
vt 0.55422 0.07416
vt 0.55389 0.05816
vt 0.56887 0.04515
vt 0.56813 0.06304
vt 0.54186 0.09175
vt 0.17021 0.57913
vt 0.15858 0.57427
vt 0.17313 0.57427
vt 0.86049 0.21140
vt 0.86566 0.20672
vt 0.86566 0.21893
vt 0.85887 0.20534
vt 0.70421 0.18835
vt 0.71522 0.19775
vt 0.71509 0.18589
vt 0.70327 0.17961
vt 0.70175 0.19733
vt 0.70469 0.20922
vt 0.71532 0.20839
vt 0.71067 0.17816
vt 0.71532 0.17965
vt 0.47086 0.31990
vt 0.47586 0.31488
vt 0.46918 0.31341
vt 0.48526 0.31340
vt 0.49158 0.31739
vt 0.50184 0.31115
vt 0.50776 0.31370
vt 0.45786 0.31291
vt 0.44154 0.31645
vt 0.47528 0.31019
vt 0.47823 0.31138
vt 0.44774 0.31188
vt 0.43889 0.31019
vt 0.61826 0.42305
vt 0.62499 0.43189
vt 0.61832 0.43808
vt 0.62609 0.44427
vt 0.62290 0.45388
vt 0.61348 0.42773
vt 0.62609 0.41990
vt 0.84316 0.45081
vt 0.85502 0.43117
vt 0.85532 0.45239
vt 0.84608 0.42808
vt 0.85597 0.41451
vt 0.85155 0.41311
vt 0.84319 0.41353
vt 0.84239 0.45904
vt 0.85597 0.48204
vt 0.84722 0.47462
vt 0.05490 0.20073
vt 0.06803 0.20553
vt 0.07454 0.19125
vt 0.05696 0.21759
vt 0.04179 0.20675
vt 0.08143 0.20030
vt 0.09431 0.18894
vt 0.09591 0.17750
vt 0.10619 0.18314
vt 0.07226 0.20856
vt 0.12076 0.17039
vt 0.04719 0.19636
vt 0.06243 0.19098
vt 0.03596 0.20244
vt 0.03147 0.19368
vt 0.07320 0.18522
vt 0.08251 0.17769
vt 0.08185 0.17039
vt 0.09651 0.19509
vt 0.03160 0.21886
vt 0.02532 0.20769
vt 0.05686 0.18603
vt 0.05102 0.18076
vt 0.06115 0.17682
vt 0.03690 0.17853
vt 0.06859 0.17885
vt 0.11323 0.18397
vt 0.10330 0.20239
vt 0.06202 0.21929
vt 0.07062 0.21236
vt 0.03956 0.22608
vt 0.05357 0.24029
vt 0.02461 0.17479
vt 0.02400 0.18724
vt 0.06457 0.23090
vt 0.06483 0.22083
vt 0.07073 0.22770
vt 0.07487 0.22018
vt 0.02376 0.22060
vt 0.07767 0.22492
vt 0.08065 0.22011
vt 0.07633 0.21664
vt 0.08456 0.22381
vt 0.07873 0.23155
vt 0.09314 0.73258
vt 0.08692 0.72713
vt 0.09942 0.72719
vt 0.07917 0.73506
vt 0.06907 0.72670
vt 0.05674 0.72719
vt 0.05846 0.73738
vt 0.74001 0.83834
vt 0.74816 0.85103
vt 0.73552 0.85674
vt 0.74927 0.83738
vt 0.73278 0.85513
vt 0.74927 0.86553
vt 0.13122 0.11450
vt 0.10936 0.13071
vt 0.11812 0.13426
vt 0.11384 0.11311
vt 0.14127 0.11774
vt 0.15000 0.13100
vt 0.16438 0.11535
vt 0.18477 0.11311
vt 0.14127 0.15291
vt 0.10364 0.13984
vt 0.11579 0.14504
vt 0.09479 0.12945
vt 0.08293 0.15039
vt 0.11405 0.44466
vt 0.13988 0.44138
vt 0.13505 0.43195
vt 0.18387 0.42285
vt 0.15290 0.44229
vt 0.18899 0.43402
vt 0.20001 0.42905
vt 0.19199 0.44516
vt 0.12782 0.45531
vt 0.18297 0.44573
vt 0.10475 0.43497
vt 0.10022 0.45618
vt 0.08968 0.45028
vt 0.07956 0.44952
vt 0.12058 0.46100
vt 0.10568 0.46942
vt 0.16723 0.45102
vt 0.17456 0.41797
vt 0.08735 0.42808
vt 0.07781 0.44176
vt 0.15132 0.41797
vt 0.09448 0.43146
vt 0.13079 0.41861
vt 0.06876 0.45820
vt 0.06168 0.44335
vt 0.07319 0.43110
vt 0.05674 0.42592
vt 0.06362 0.41873
vt 0.07819 0.41553
vt 0.07135 0.41505
vt 0.20111 0.44844
vt 0.21098 0.43640
vt 0.21113 0.41505
vt 0.22118 0.42491
vt 0.21970 0.43390
vt 0.21441 0.44523
vt 0.22357 0.44512
vt 0.71751 0.15938
vt 0.69488 0.15196
vt 0.69384 0.16345
vt 0.71760 0.17490
vt 0.75664 0.17274
vt 0.74223 0.15835
vt 0.77158 0.15420
vt 0.75667 0.14967
vt 0.70305 0.14845
vt 0.72691 0.14612
vt 0.68992 0.15027
vt 0.68309 0.15828
vt 0.67843 0.15265
vt 0.67959 0.17110
vt 0.67434 0.16517
vt 0.66972 0.15796
vt 0.68705 0.17913
vt 0.67567 0.14976
vt 0.65810 0.16895
vt 0.68015 0.14612
vt 0.68534 0.14903
vt 0.38555 0.08239
vt 0.37855 0.06009
vt 0.38495 0.06126
vt 0.37526 0.08373
vt 0.36906 0.07493
vt 0.38426 0.09369
vt 0.38555 0.05485
vt 0.37614 0.05722
vt 0.22598 0.14984
vt 0.20664 0.14304
vt 0.21735 0.13569
vt 0.21440 0.12223
vt 0.19511 0.11505
vt 0.18247 0.12709
vt 0.19428 0.13914
vt 0.19914 0.14897
vt 0.17436 0.13476
vt 0.16925 0.13003
vt 0.22530 0.13249
vt 0.22363 0.12436
vt 0.24622 0.13654
vt 0.23683 0.12545
vt 0.25693 0.11920
vt 0.26495 0.12830
vt 0.24207 0.14988
vt 0.26819 0.11505
vt 0.22878 0.15971
vt 0.25705 0.14165
vt 0.00859 0.91444
vt 0.00818 0.91311
vt 0.00145 0.91914
vt 0.00997 0.91776
vt 0.01746 0.91733
vt 0.01310 0.92670
vt 0.01857 0.92285
vt 0.01559 0.91385
vt 0.01891 0.91311
vt 0.74927 0.65583
vt 0.74442 0.65846
vt 0.74927 0.66748
vt 0.96072 0.86553
vt 0.96072 0.85485
vt 0.95684 0.86394
vt 0.80068 0.47217
vt 0.80068 0.48398
vt 0.79787 0.48198
vt 0.79583 0.47136
vt 0.44471 0.21602
vt 0.43223 0.21953
vt 0.44459 0.22767
vt 0.43113 0.21602
vt 0.65939 0.90799
vt 0.65422 0.89827
vt 0.65964 0.89947
vt 0.66101 0.91893
vt 0.66101 0.89078
vt 0.56845 0.93016
vt 0.57633 0.93698
vt 0.55566 0.94477
vt 0.54754 0.93941
vt 0.53350 0.95553
vt 0.53744 0.93969
vt 0.52721 0.94452
vt 0.52153 0.94033
vt 0.54736 0.90758
vt 0.57147 0.91620
vt 0.56552 0.89481
vt 0.57530 0.89439
vt 0.53071 0.92513
vt 0.52480 0.91285
vt 0.52035 0.91575
vt 0.51164 0.92269
vt 0.53086 0.93514
vt 0.59050 0.92273
vt 0.59645 0.90562
vt 0.58773 0.88790
vt 0.57479 0.87009
vt 0.55292 0.88300
vt 0.51529 0.92875
vt 0.52078 0.93532
vt 0.59220 0.86952
vt 0.57825 0.86456
vt 0.60565 0.86898
vt 0.60572 0.88218
vt 0.59480 0.92577
vt 0.59439 0.95098
vt 0.58262 0.94480
vt 0.57923 0.96316
vt 0.57468 0.95694
vt 0.57175 0.94919
vt 0.55466 0.95780
vt 0.56272 0.94795
vt 0.55387 0.97397
vt 0.56621 0.98683
vt 0.57345 0.98010
vt 0.58998 0.97618
vt 0.57786 0.99257
vt 0.59336 0.98247
vt 0.60565 0.96272
vt 0.60032 0.96074
vt 0.56680 0.99369
vt 0.54474 0.96548
vt 0.54577 0.97443
vt 0.53742 0.96927
vt 0.54182 0.98142
vt 0.55054 0.98615
vt 0.55882 0.98855
vt 0.61049 0.05614
vt 0.60309 0.07258
vt 0.61421 0.06241
vt 0.61551 0.06949
vt 0.62121 0.05829
vt 0.62409 0.04903
vt 0.62804 0.05758
vt 0.63709 0.04995
vt 0.59389 0.05995
vt 0.60166 0.05314
vt 0.64452 0.05197
vt 0.59624 0.07629
vt 0.58191 0.07537
vt 0.60960 0.07816
vt 0.58151 0.05134
vt 0.61678 0.07527
vt 0.62908 0.06637
vt 0.57713 0.06566
vt 0.57608 0.05910
vt 0.57783 0.04903
vt 0.56984 0.07112
vt 0.58535 0.14903
vt 0.56790 0.15109
vt 0.58535 0.15194
vt 0.03854 0.29660
vt 0.03959 0.30284
vt 0.03516 0.29806
vt 0.03152 0.29942
vt 0.03187 0.29684
vt 0.04704 0.29466
vt 0.03247 0.30382
vt 0.04704 0.30757
vt 0.04264 0.31045
vt 0.04493 0.31699
vt 0.47145 0.50437
vt 0.47890 0.50427
vt 0.47324 0.49951
vt 0.48254 0.49951
vt 0.47001 0.50157
vt 0.46702 0.50353
vt 0.99758 0.75777
vt 0.99758 0.75000
vt 0.99467 0.75200
vt 0.01183 0.19319
vt 0.01891 0.18071
vt 0.01398 0.19730
vt 0.01891 0.21408
vt 0.01159 0.20351
vt 0.01529 0.17821
vt 0.00967 0.17744
vt 0.00643 0.17672
vt 0.01369 0.17621
vt 0.00339 0.18192
vt 0.11142 0.52864
vt 0.11300 0.53155
vt 0.10524 0.53155
vt 0.06078 0.02905
vt 0.05519 0.03329
vt 0.06546 0.03980
vt 0.06915 0.03220
vt 0.07110 0.02282
vt 0.04740 0.04225
vt 0.03143 0.03320
vt 0.03266 0.03914
vt 0.07297 0.02816
vt 0.04172 0.02804
vt 0.02570 0.02282
vt 0.06270 0.04515
vt 0.07844 0.03453
vt 0.08359 0.04499
vt 0.08831 0.04171
vt 0.09360 0.02818
vt 0.58050 0.68854
vt 0.58244 0.68883
vt 0.58244 0.68107
vt 0.63261 0.04787
vt 0.64194 0.04320
vt 0.62760 0.04320
vt 0.64549 0.04806
vt 0.62318 0.04756
vt 0.29825 0.97913
vt 0.29340 0.98563
vt 0.29825 0.98981
vt 0.41187 0.34630
vt 0.41616 0.34479
vt 0.41843 0.34209
vt 0.41040 0.34193
vt 0.41763 0.34514
vt 0.41022 0.33641
vt 0.42235 0.33641
vt 0.40980 0.34709
vt 0.42113 0.34444
vt 0.42241 0.34339
vt 0.16777 0.99466
vt 0.17119 0.99390
vt 0.16901 0.98883
vt 0.15858 0.98883
vt 0.76964 0.91408
vt 0.77934 0.91408
vt 0.77269 0.91699
vt 0.09565 0.00714
vt 0.09396 0.00984
vt 0.08966 0.01019
vt 0.08681 0.00775
vt 0.09001 0.00521
vt 0.09378 0.00177
vt 0.09762 0.00049
vt 0.09942 0.00945
vt 0.09942 0.00538
vt 0.99696 0.48783
vt 0.99130 0.48625
vt 0.99173 0.49380
vt 0.98788 0.49032
vt 0.99855 0.49261
vt 0.99836 0.49660
vt 0.99441 0.48398
vt 0.99818 0.48398
vt 0.65683 0.32922
vt 0.66392 0.32645
vt 0.65942 0.33469
vt 0.66307 0.33083
vt 0.66262 0.33600
vt 0.66016 0.32573
vt 0.65519 0.32769
vt 0.66392 0.33641
vt 0.40883 0.61641
vt 0.41271 0.61019
vt 0.41141 0.61666
vt 0.41271 0.61893
vt 0.00938 0.40958
vt 0.00648 0.40825
vt 0.00640 0.41006
vt 0.00242 0.41117
vt 0.00709 0.41076
vt 0.01115 0.41117
vt 0.51552 0.38398
vt 0.52425 0.38398
vt 0.51803 0.38786
vt 0.18186 0.29600
vt 0.18102 0.30049
vt 0.17895 0.29623
vt 0.18102 0.29369
vt 0.31391 0.32852
vt 0.31210 0.33479
vt 0.30435 0.32762
vt 0.30019 0.33544
vt 0.30760 0.32476
vt 0.31474 0.32476
vt 0.95325 0.31700
vt 0.95375 0.33106
vt 0.94959 0.32649
vt 0.96648 0.31599
vt 0.96247 0.30422
vt 0.95941 0.29568
vt 0.95154 0.31016
vt 0.96449 0.32149
vt 0.94213 0.31752
vt 0.94132 0.32246
vt 0.96787 0.32853
vt 0.96052 0.33293
vt 0.95717 0.33701
vt 0.94983 0.33335
vt 0.95054 0.34000
vt 0.96945 0.28981
vt 0.96776 0.30583
vt 0.95813 0.34417
vt 0.95303 0.33099
vt 0.94535 0.32907
vt 0.96235 0.33706
vt 0.96607 0.34105
vt 0.94448 0.31510
vt 0.94259 0.31319
vt 0.95139 0.31433
vt 0.96945 0.33869
vt 0.96813 0.33575
vt 0.54742 0.89545
vt 0.54947 0.89854
vt 0.54655 0.89718
vt 0.54211 0.89024
vt 0.54712 0.89771
vt 0.54782 0.89133
vt 0.54141 0.88553
vt 0.54313 0.88278
vt 0.54074 0.88331
vt 0.54457 0.87900
vt 0.54137 0.87691
vt 0.54549 0.87546
vt 0.54860 0.87905
vt 0.54947 0.87743
vt 0.54483 0.88271
vt 0.54462 0.87330
vt 0.88296 0.35113
vt 0.87464 0.34871
vt 0.87559 0.35375
vt 0.87849 0.35632
vt 0.88312 0.34223
vt 0.87148 0.34223
vt 0.87758 0.35796
vt 0.87926 0.36262
vt 0.11524 0.67364
vt 0.11365 0.68016
vt 0.11050 0.67295
vt 0.11591 0.66845
vt 0.11591 0.68094
vt 0.11248 0.68689
vt 0.10912 0.67819
vt 0.11012 0.68486
vt 0.29996 0.61536
vt 0.30601 0.62003
vt 0.29437 0.61799
vt 0.30601 0.60977
vt 0.30024 0.60728
vt 0.29910 0.62434
vt 0.30579 0.62711
vt 0.29879 0.62767
vt 0.78904 0.62864
vt 0.79680 0.62864
vt 0.79035 0.63252
vt 0.65034 0.61742
vt 0.65503 0.61571
vt 0.65997 0.61899
vt 0.65327 0.62087
vt 0.65305 0.61117
vt 0.66295 0.61117
vt 0.66167 0.61603
vt 0.79013 0.34790
vt 0.78479 0.34521
vt 0.79575 0.32728
vt 0.78075 0.35275
vt 0.80639 0.34166
vt 0.80678 0.31250
vt 0.81717 0.32107
vt 0.81717 0.29904
vt 0.77073 0.35569
vt 0.77535 0.35949
vt 0.76746 0.36528
vt 0.76101 0.36409
vt 0.77653 0.37039
vt 0.79205 0.35444
vt 0.80690 0.34711
vt 0.78880 0.36457
vt 0.79986 0.35850
vt 0.80710 0.35859
vt 0.80004 0.36333
vt 0.79407 0.36165
vt 0.76416 0.34885
vt 0.77409 0.33747
vt 0.80019 0.30236
vt 0.79238 0.32205
vt 0.77727 0.32150
vt 0.78774 0.29946
vt 0.78887 0.29392
vt 0.79913 0.27673
vt 0.79725 0.27039
vt 0.78883 0.27353
vt 0.78064 0.28665
vt 0.77299 0.29319
vt 0.78338 0.30163
vt 0.75800 0.32855
vt 0.77299 0.32652
vt 0.75866 0.30311
vt 0.00000 1.00000
vt 0.00000 1.00000
vt 0.00000 1.00000
vt 0.00000 1.00000
vt 0.16620 0.62612
vt 0.16654 0.62091
vt 0.17055 0.62832
vt 0.16534 0.62540
vt 0.16439 0.62142
vt 0.16382 0.62156
vt 0.16343 0.62166
vt 0.17340 0.62229
vt 0.17474 0.63029
vt 0.16905 0.63314
vt 0.16451 0.63323
vt 0.16812 0.63349
vt 0.16917 0.63350
vt 0.17040 0.63349
vt 0.17230 0.63319
vt 0.16952 0.61602
vt 0.17701 0.62040
vt 0.17701 0.62647
vt 0.78883 0.43631
vt 0.78907 0.43415
vt 0.78807 0.43423
vt 0.79393 0.42864
vt 0.78899 0.43683
vt 0.79293 0.43523
vt 0.78913 0.43728
vt 0.79681 0.43042
vt 0.80134 0.42864
vt 0.80075 0.43738
vt 0.80165 0.43376
vt 0.43545 0.05971
vt 0.42137 0.04903
vt 0.43385 0.05047
vt 0.41794 0.05559
vt 0.40592 0.05266
vt 0.43742 0.04903
vt 0.44847 0.05103
vt 0.44859 0.05879
vt 0.06547 0.61117
vt 0.07420 0.61117
vt 0.06786 0.61602
vt 0.00000 1.00000
vt 0.00000 1.00000
vt 0.00000 1.00000
vt 0.00000 1.00000
vt 0.00000 1.00000
vt 0.50766 0.89842
vt 0.50785 0.89812
vt 0.50894 0.89913
vt 0.50679 0.89757
vt 0.50907 0.89875
vt 0.51067 0.89992
vt 0.50679 0.90340
vt 0.74733 0.30631
vt 0.74733 0.30243
vt 0.74636 0.30546
vt 0.25170 0.67039
vt 0.24588 0.66942
vt 0.25161 0.66942
vt 0.00237 0.78301
vt 0.00145 0.78216
vt 0.00242 0.78082
vt 0.00237 0.77913
vt 0.87924 0.16845
vt 0.88409 0.16494
vt 0.88409 0.16165
vt 0.30464 0.35343
vt 0.33403 0.37229
vt 0.33769 0.36028
vt 0.31543 0.37189
vt 0.29776 0.36800
vt 0.32832 0.34362
vt 0.28942 0.35499
vt 0.34059 0.34209
vt 0.35563 0.35240
vt 0.28655 0.34016
vt 0.27729 0.34613
vt 0.35934 0.36743
vt 0.38178 0.35628
vt 0.37062 0.33796
vt 0.38811 0.34848
vt 0.39234 0.33447
vt 0.27485 0.33447
vt 0.28166 0.36001
vt 0.28163 0.37029
vt 0.26373 0.36879
vt 0.26971 0.35260
vt 0.27186 0.39951
vt 0.28634 0.38336
vt 0.25775 0.39801
vt 0.25267 0.36204
vt 0.34759 0.38108
vt 0.26369 0.34187
vt 0.32354 0.38913
vt 0.37730 0.36743
vt 0.35928 0.38873
vt 0.36884 0.37573
vt 0.36749 0.38203
vt 0.35133 0.39571
vt 0.66489 0.46262
vt 0.67071 0.46262
vt 0.66508 0.46942
vt 0.26916 0.57816
vt 0.27498 0.57816
vt 0.27180 0.58301
vt 0.97489 0.55890
vt 0.98109 0.55786
vt 0.97463 0.55709
vt 0.97526 0.56059
vt 0.97353 0.55908
vt 0.97402 0.54593
vt 0.98109 0.57233
vt 0.97236 0.54608
vt 0.97263 0.54382
vt 0.97391 0.56601
vt 0.97514 0.53835
vt 0.31571 0.99563
vt 0.31807 0.99466
vt 0.32250 0.99563
vt 0.72385 0.42767
vt 0.72506 0.42077
vt 0.71866 0.41984
vt 0.73007 0.42492
vt 0.73263 0.42584
vt 0.73056 0.42146
vt 0.71577 0.41898
vt 0.70948 0.42397
vt 0.71624 0.41699
vt 0.70175 0.41732
vt 0.73280 0.42278
vt 0.73370 0.42049
vt 0.73459 0.42292
vt 0.73763 0.41732
vt 0.87924 0.75552
vt 0.86709 0.75485
vt 0.87335 0.76165
vt 0.86178 0.75552
vt 0.15910 0.36636
vt 0.16527 0.36971
vt 0.16513 0.36394
vt 0.15082 0.36359
vt 0.17024 0.37015
vt 0.17144 0.37330
vt 0.18513 0.36944
vt 0.17620 0.36541
vt 0.19641 0.36359
vt 0.82964 0.18451
vt 0.81904 0.18150
vt 0.82122 0.18848
vt 0.81147 0.18653
vt 0.79971 0.17621
vt 0.83833 0.18981
vt 0.84340 0.18131
vt 0.85209 0.17621
vt 0.88603 0.18314
vt 0.88955 0.16683
vt 0.89192 0.17549
vt 0.89670 0.16021
vt 0.89293 0.15583
vt 0.89298 0.18656
vt 0.89670 0.20146
vt 0.93516 0.39039
vt 0.93841 0.38107
vt 0.93817 0.39766
vt 0.93282 0.41398
vt 0.93689 0.42157
vt 0.93162 0.43152
vt 0.93841 0.43568
vt 0.93672 0.45097
vt 0.24737 0.95943
vt 0.22055 0.94903
vt 0.23941 0.96354
vt 0.22383 0.96388
vt 0.23221 0.97330
vt 0.23329 0.94630
vt 0.24821 0.95489
vt 0.25073 0.94612
vt 0.21678 0.94612
vt 0.98885 0.74417
vt 0.97915 0.75111
vt 0.98885 0.75485
vt 0.48351 0.79521
vt 0.49127 0.80534
vt 0.49127 0.79078
vt 0.93453 0.16553
vt 0.93453 0.15194
vt 0.92968 0.15310
vt 0.80677 0.70340
vt 0.79874 0.69854
vt 0.81232 0.69854
vt 0.18089 0.10728
vt 0.17216 0.10870
vt 0.18089 0.11214
vt 0.67845 0.23474
vt 0.66490 0.22930
vt 0.68462 0.21462
vt 0.66903 0.20719
vt 0.69253 0.22556
vt 0.64035 0.21943
vt 0.64839 0.25262
vt 0.67583 0.24800
vt 0.68893 0.24116
vt 0.63094 0.23561
vt 0.63161 0.21158
vt 0.64367 0.19745
vt 0.63397 0.19514
vt 0.67942 0.19705
vt 0.63632 0.24896
vt 0.64349 0.26280
vt 0.66504 0.18252
vt 0.70193 0.21536
vt 0.69923 0.19815
vt 0.68994 0.19205
vt 0.68231 0.18110
vt 0.70087 0.23999
vt 0.68670 0.25716
vt 0.65512 0.26553
vt 0.64394 0.17816
vt 0.70537 0.25771
vt 0.71726 0.22469
vt 0.71726 0.25003
vt 0.75066 0.08296
vt 0.74322 0.08772
vt 0.75147 0.09002
vt 0.75090 0.10134
vt 0.73903 0.10534
vt 0.74346 0.07378
vt 0.73339 0.07817
vt 0.72697 0.08736
vt 0.71396 0.09894
vt 0.72809 0.06925
vt 0.70660 0.06650
vt 0.71280 0.07987
vt 0.70890 0.09070
vt 0.74902 0.07285
vt 0.74509 0.06650
vt 0.75422 0.07658
vt 0.75431 0.07339
vt 0.75460 0.06826
vt 0.75628 0.09175
vt 0.75874 0.09358
vt 0.75972 0.08300
vt 0.75603 0.07440
vt 0.76338 0.08726
vt 0.76442 0.09019
vt 0.76543 0.10161
vt 0.75761 0.09994
vt 0.73779 0.06828
vt 0.77643 0.10062
vt 0.77199 0.08843
vt 0.76638 0.08574
vt 0.76521 0.08719
vt 0.27656 0.80763
vt 0.29626 0.81396
vt 0.29085 0.80217
vt 0.27957 0.82254
vt 0.30279 0.82497
vt 0.28513 0.82888
vt 0.29615 0.80053
vt 0.30317 0.80929
vt 0.26225 0.81059
vt 0.26140 0.82689
vt 0.27635 0.83184
vt 0.30473 0.79899
vt 0.30795 0.81796
vt 0.29365 0.79741
vt 0.29822 0.79427
vt 0.30652 0.79033
vt 0.30045 0.78862
vt 0.29255 0.78592
vt 0.28253 0.78729
vt 0.28152 0.78592
vt 0.27023 0.78978
vt 0.26498 0.79302
vt 0.27080 0.80126
vt 0.27505 0.84709
vt 0.29230 0.84217
vt 0.52910 0.98011
vt 0.53492 0.97913
vt 0.53492 0.99369
vt 0.57953 0.15550
vt 0.57594 0.15991
vt 0.57371 0.15638
vt 0.57558 0.16348
vt 0.57815 0.15291
vt 0.57815 0.16456
vt 0.02764 0.80934
vt 0.01459 0.81594
vt 0.02764 0.82468
vt 0.01855 0.80825
vt 0.01406 0.81988
vt 0.02088 0.82767
vt 0.33390 0.56080
vt 0.33508 0.56068
vt 0.33149 0.56456
vt 0.33608 0.56070
vt 0.32832 0.56070
vt 0.39139 0.88286
vt 0.39525 0.87913
vt 0.39435 0.88301
vt 0.38749 0.87913
vt 0.86566 0.41728
vt 0.85914 0.42508
vt 0.85790 0.41754
vt 0.86566 0.42767
vt 0.86279 0.41408
vt 0.75025 0.57549
vt 0.75937 0.58618
vt 0.75983 0.57590
vt 0.75056 0.58470
vt 0.76322 0.58689
vt 0.77228 0.57483
vt 0.78236 0.57631
vt 0.77969 0.57063
vt 0.78710 0.56748
vt 0.74424 0.58249
vt 0.74523 0.57192
vt 0.73666 0.57697
vt 0.74107 0.56748
vt 0.88724 0.95638
vt 0.88133 0.97947
vt 0.87345 0.96401
vt 0.90372 0.96539
vt 0.89074 0.98599
vt 0.89183 0.94354
vt 0.87806 0.94463
vt 0.86281 0.97044
vt 0.91028 0.94242
vt 0.91028 0.98043
vt 0.89912 0.99369
vt 0.86582 0.99251
vt 0.85992 0.94945
vt 0.88439 0.92864
vt 0.85194 0.97895
vt 0.85015 0.95790
vt 0.26489 0.30511
vt 0.28408 0.27724
vt 0.28459 0.29344
vt 0.26279 0.29069
vt 0.28888 0.32175
vt 0.27134 0.26960
vt 0.28270 0.25381
vt 0.29126 0.26814
vt 0.27206 0.32539
vt 0.28589 0.33350
vt 0.29827 0.24890
vt 0.24735 0.29972
vt 0.29522 0.30219
vt 0.29526 0.28272
vt 0.24959 0.32778
vt 0.25158 0.28576
vt 0.23654 0.26952
vt 0.22745 0.29165
vt 0.25875 0.26865
vt 0.28457 0.24580
vt 0.29872 0.32428
vt 0.30815 0.31194
vt 0.31161 0.30018
vt 0.31142 0.28600
vt 0.32056 0.27829
vt 0.31191 0.24668
vt 0.30229 0.26109
vt 0.32056 0.24223
vt 0.26450 0.25418
vt 0.25350 0.25642
vt 0.25224 0.24776
vt 0.29672 0.27385
vt 0.24273 0.24751
vt 0.23472 0.25609
vt 0.29313 0.27766
vt 0.94507 0.46627
vt 0.95705 0.46069
vt 0.93125 0.46576
vt 0.95529 0.45250
vt 0.94398 0.44780
vt 0.93760 0.47446
vt 0.93356 0.47270
vt 0.95740 0.45763
vt 0.95909 0.45840
vt 0.95521 0.44436
vt 0.95798 0.45106
vt 0.96654 0.44830
vt 0.96576 0.42767
vt 0.95022 0.46959
vt 0.95421 0.46759
vt 0.96654 0.47484
vt 0.93286 0.47524
vt 0.92850 0.47312
vt 0.92677 0.46879
vt 0.95423 0.47034
vt 0.67459 0.05485
vt 0.66679 0.05633
vt 0.66819 0.06074
vt 0.66229 0.06098
vt 0.65858 0.05864
vt 0.64732 0.05809
vt 0.64452 0.05485
vt 0.65136 0.06456
vt 0.65497 0.06352
vt 0.65706 0.06308
vt 0.83172 0.36359
vt 0.83366 0.35772
vt 0.83172 0.35680
vt 0.12648 0.41310
vt 0.13892 0.41551
vt 0.12906 0.40926
vt 0.12270 0.40922
vt 0.13591 0.41036
vt 0.14985 0.41602
vt 0.14518 0.40922
vt 0.66468 0.01019
vt 0.66824 0.01699
vt 0.67556 0.01019
vt 0.65810 0.01391
vt 0.28855 0.86845
vt 0.28371 0.87455
vt 0.28855 0.88495
vt 0.99661 0.88937
vt 0.99467 0.88689
vt 0.99467 0.89466
vt 0.09845 0.90437
vt 0.08721 0.90631
vt 0.07905 0.90437
vt 0.72718 0.29868
vt 0.72174 0.31535
vt 0.69919 0.30213
vt 0.71467 0.28889
vt 0.69704 0.27782
vt 0.72978 0.28704
vt 0.70995 0.27748
vt 0.68157 0.28456
vt 0.74279 0.28709
vt 0.67814 0.30342
vt 0.73164 0.31628
vt 0.73834 0.30049
vt 0.74395 0.30520
vt 0.74735 0.29154
vt 0.74009 0.31884
vt 0.66957 0.29248
vt 0.69336 0.31603
vt 0.71841 0.32400
vt 0.72700 0.32527
vt 0.74042 0.32739
vt 0.68377 0.32087
vt 0.72219 0.33526
vt 0.71097 0.33773
vt 0.71422 0.34910
vt 0.74154 0.34280
vt 0.68207 0.33441
vt 0.68002 0.26576
vt 0.73428 0.27174
vt 0.69057 0.26181
vt 0.74400 0.27352
vt 0.70846 0.25971
vt 0.75121 0.28242
vt 0.66392 0.27325
vt 0.73460 0.34120
vt 0.70431 0.35074
vt 0.74286 0.35485
vt 0.75121 0.35102
vt 0.97760 0.77896
vt 0.97219 0.76784
vt 0.97709 0.76166
vt 0.96848 0.76023
vt 0.96971 0.77452
vt 0.97124 0.74779
vt 0.97818 0.74423
vt 0.97129 0.74029
vt 0.97694 0.79251
vt 0.96916 0.79441
vt 0.97818 0.80437
vt 0.98764 0.51166
vt 0.98834 0.52887
vt 0.97803 0.52120
vt 0.97950 0.51318
vt 0.97721 0.52429
vt 0.97721 0.52838
vt 0.97815 0.53327
vt 0.97963 0.54230
vt 0.99467 0.54515
vt 0.98079 0.50966
vt 0.98399 0.50436
vt 0.99467 0.50020
vt 0.98515 0.49757
vt 0.76351 0.52412
vt 0.76286 0.53173
vt 0.76137 0.52099
vt 0.75133 0.52329
vt 0.75249 0.53785
vt 0.76517 0.53534
vt 0.76446 0.53222
vt 0.76253 0.54329
vt 0.76550 0.53940
vt 0.76418 0.50833
vt 0.74832 0.51356
vt 0.75582 0.50129
vt 0.76980 0.49704
vt 0.74830 0.53058
vt 0.75790 0.55464
vt 0.76737 0.55336
vt 0.76603 0.54433
vt 0.77104 0.56111
vt 0.76376 0.57039
vt 0.77546 0.56487
vt 0.75515 0.55767
vt 0.76365 0.49086
vt 0.77342 0.49133
vt 0.77546 0.48783
vt 0.76705 0.47718
vt 0.46252 0.86921
vt 0.46799 0.88098
vt 0.46750 0.87300
vt 0.45829 0.88690
vt 0.46793 0.89466
vt 0.46780 0.86834
vt 0.46793 0.86262
vt 0.00145 0.29041
vt 0.00377 0.27345
vt 0.00858 0.27891
vt 0.01173 0.29855
vt 0.00611 0.30008
vt 0.00674 0.26861
vt 0.01309 0.26529
vt 0.00853 0.26415
vt 0.01386 0.25838
vt 0.02234 0.25639
vt 0.02376 0.24903
vt 0.01858 0.31323
vt 0.02376 0.31015
vt 0.00674 0.31408
vt 0.41412 0.02050
vt 0.40914 0.01948
vt 0.41237 0.02150
vt 0.43210 0.01346
vt 0.41329 0.02535
vt 0.40441 0.02563
vt 0.40674 0.02864
vt 0.42423 0.02452
vt 0.39747 0.01769
vt 0.40388 0.01346
vt 0.39525 0.01214
vt 0.42673 0.02335
vt 0.93970 0.76743
vt 0.94677 0.76363
vt 0.94345 0.75874
vt 0.93259 0.75874
vt 0.94714 0.76845
vt 0.23719 0.94070
vt 0.22648 0.94029
vt 0.23766 0.94383
vt 0.24103 0.94029
vt 0.22760 0.94515
vt 0.47337 0.30728
vt 0.46427 0.30548
vt 0.46995 0.30363
vt 0.45926 0.30243
vt 0.47700 0.30243
vt 0.47963 0.30715
vt 0.54026 0.36959
vt 0.53337 0.37214
vt 0.54377 0.37687
vt 0.53346 0.38398
vt 0.53007 0.36748
vt 0.54462 0.36748
vt 0.85790 0.29751
vt 0.86857 0.29757
vt 0.86857 0.29078
vt 0.76007 0.02476
vt 0.75606 0.02087
vt 0.76673 0.02087
vt 0.83847 0.37330
vt 0.83269 0.36845
vt 0.84045 0.36845
vt 0.20986 0.96015
vt 0.20848 0.96582
vt 0.21441 0.96544
vt 0.21872 0.95777
vt 0.20805 0.95777
vt 0.21648 0.96942
vt 0.76463 0.82670
vt 0.75900 0.81990
vt 0.75728 0.82232
vt 0.77158 0.82004
vt 0.75218 0.82004
vt 0.72145 0.87886
vt 0.72178 0.87718
vt 0.72017 0.87913
vt 0.72890 0.87913
vt 0.00000 1.00000
vt 0.00000 1.00000
vt 0.00000 1.00000
vt 0.00000 1.00000
vt 0.46402 0.57630
vt 0.46394 0.57181
vt 0.45926 0.57706
vt 0.46605 0.57182
vt 0.46702 0.57136
vt 0.46702 0.58204
vt 0.90903 0.21512
vt 0.90708 0.22946
vt 0.91352 0.22157
vt 0.91364 0.23498
vt 0.91964 0.22165
vt 0.93259 0.23111
vt 0.92451 0.23641
vt 0.91716 0.21729
vt 0.89940 0.22349
vt 0.90013 0.21729
vt 0.89573 0.22105
vt 0.92532 0.21408
vt 0.90484 0.23547
vt 0.90436 0.21408
vt 0.51454 0.99078
vt 0.50485 0.98952
vt 0.50958 0.98786
vt 0.51552 0.98952
vt 0.24297 0.70728
vt 0.24426 0.70534
vt 0.24976 0.70728
vt 0.39094 0.81898
vt 0.39175 0.81282
vt 0.40258 0.81372
vt 0.38842 0.82282
vt 0.38480 0.81841
vt 0.38792 0.80926
vt 0.38167 0.81416
vt 0.38525 0.80009
vt 0.38796 0.79992
vt 0.39730 0.80104
vt 0.39009 0.79882
vt 0.39629 0.81195
vt 0.40580 0.80331
vt 0.40883 0.78398
vt 0.39107 0.78420
vt 0.40883 0.81392
vt 0.05485 0.11505
vt 0.05092 0.11117
vt 0.06062 0.11117
vt 0.03258 0.94197
vt 0.04106 0.93879
vt 0.03118 0.92767
vt 0.05044 0.93049
vt 0.01097 0.93513
vt 0.02087 0.94460
vt 0.00339 0.92767
vt 0.04599 0.93716
vt 0.05698 0.94231
vt 0.06547 0.93682
vt 0.04880 0.94199
vt 0.06277 0.95010
vt 0.04431 0.94146
vt 0.02592 0.94716
vt 0.01631 0.95125
vt 0.02008 0.96068
vt 0.03543 0.94343
vt 0.57177 0.16063
vt 0.56975 0.16553
vt 0.57026 0.16135
vt 0.56790 0.16377
vt 0.56975 0.15874
vt 0.85694 0.87039
vt 0.86469 0.87039
vt 0.86302 0.87330
vt 0.13143 0.47913
vt 0.13725 0.47913
vt 0.13508 0.48204
vt 0.83901 0.17427
vt 0.85306 0.17175
vt 0.85161 0.16845
vt 0.82687 0.16845
vt 0.40689 0.67524
vt 0.40398 0.68225
vt 0.40689 0.68883
vt 0.88665 0.02882
vt 0.89088 0.02338
vt 0.89088 0.03058
vt 0.88603 0.02184
vt 0.97723 0.80873
vt 0.98109 0.80534
vt 0.97472 0.80981
vt 0.97939 0.81019
vt 0.96751 0.80534
vt 0.83184 0.00650
vt 0.84658 0.00289
vt 0.82713 0.00243
vt 0.81426 0.00655
vt 0.84544 0.00825
vt 0.85790 0.00243
vt 0.77177 0.53114
vt 0.77413 0.51680
vt 0.76858 0.51764
vt 0.77112 0.50562
vt 0.77586 0.50341
vt 0.77418 0.49693
vt 0.78322 0.49034
vt 0.76770 0.52953
vt 0.77505 0.54635
vt 0.78129 0.54541
vt 0.78322 0.55777
vt 0.78168 0.48495
vt 0.36615 0.08592
vt 0.36615 0.07136
vt 0.36324 0.07589
vt 0.39624 0.67112
vt 0.38943 0.67134
vt 0.39230 0.66628
vt 0.39728 0.65568
vt 0.38952 0.68110
vt 0.39479 0.69533
vt 0.39002 0.70243
vt 0.40204 0.65912
vt 0.40204 0.67395
vt 0.39774 0.65045
vt 0.39443 0.64806
vt 0.52027 0.78734
vt 0.53206 0.77640
vt 0.52861 0.80057
vt 0.52623 0.76464
vt 0.54988 0.75422
vt 0.51503 0.77980
vt 0.51088 0.80835
vt 0.51948 0.82836
vt 0.53327 0.83072
vt 0.50924 0.83290
vt 0.53572 0.84875
vt 0.54804 0.84882
vt 0.53848 0.74990
vt 0.55477 0.73880
vt 0.52017 0.84794
vt 0.54477 0.81623
vt 0.54338 0.78734
vt 0.54348 0.83458
vt 0.54108 0.78298
vt 0.55182 0.77134
vt 0.55684 0.75059
vt 0.57181 0.74686
vt 0.56843 0.72939
vt 0.56185 0.72527
vt 0.56155 0.76411
vt 0.54213 0.72640
vt 0.55499 0.72476
vt 0.49668 0.80345
vt 0.49666 0.79126
vt 0.50098 0.77397
vt 0.51772 0.73437
vt 0.49940 0.76209
vt 0.52404 0.73240
vt 0.52490 0.72830
vt 0.53396 0.72751
vt 0.50297 0.74041
vt 0.50746 0.73426
vt 0.51331 0.73108
vt 0.49151 0.82835
vt 0.50722 0.84403
vt 0.51961 0.85087
vt 0.51578 0.85372
vt 0.48545 0.77711
vt 0.53189 0.86473
vt 0.54927 0.86168
vt 0.57360 0.75875
vt 0.56697 0.77604
vt 0.57371 0.77650
vt 0.57207 0.79199
vt 0.56421 0.78766
vt 0.56758 0.80436
vt 0.57235 0.80429
vt 0.56636 0.82734
vt 0.55163 0.81629
vt 0.55680 0.78448
vt 0.55457 0.79986
vt 0.55579 0.86070
vt 0.53235 0.87097
vt 0.55199 0.82846
vt 0.55219 0.84340
vt 0.56415 0.86305
vt 0.55978 0.87136
vt 0.56873 0.86549
vt 0.54585 0.86985
vt 0.57360 0.86161
vt 0.83667 0.29905
vt 0.82688 0.28848
vt 0.83267 0.28204
vt 0.82826 0.31015
vt 0.85320 0.28215
vt 0.85790 0.29391
vt 0.84682 0.31116
vt 0.82346 0.30985
vt 0.81717 0.28828
vt 0.81969 0.28215
vt 0.83812 0.31311
vt 0.49806 0.64175
vt 0.49786 0.62087
vt 0.49030 0.64109
vt 0.49786 0.66068
vt 0.60227 0.60886
vt 0.60215 0.63242
vt 0.59039 0.61635
vt 0.60927 0.61721
vt 0.60960 0.64667
vt 0.60015 0.64930
vt 0.60771 0.59793
vt 0.59743 0.59638
vt 0.59913 0.66390
vt 0.60927 0.66670
vt 0.60666 0.68166
vt 0.59225 0.68187
vt 0.58156 0.66373
vt 0.60538 0.69377
vt 0.59561 0.70146
vt 0.58043 0.65041
vt 0.58817 0.64604
vt 0.58529 0.62813
vt 0.58023 0.63509
vt 0.58223 0.60465
vt 0.58116 0.58448
vt 0.60130 0.58744
vt 0.60034 0.57581
vt 0.59042 0.56647
vt 0.60047 0.55882
vt 0.59375 0.54396
vt 0.60641 0.54702
vt 0.57597 0.62090
vt 0.57212 0.63825
vt 0.56305 0.65046
vt 0.60187 0.53350
vt 0.60491 0.56165
vt 0.60739 0.55523
vt 0.01149 0.87761
vt 0.01318 0.87056
vt 0.01081 0.87581
vt 0.02085 0.87384
vt 0.01505 0.86456
vt 0.01064 0.86565
vt 0.01795 0.87984
vt 0.02058 0.88398
vt 0.00741 0.86786
vt 0.00835 0.87705
vt 0.00655 0.88050
vt 0.00048 0.86456
vt 0.00461 0.87294
vt 0.89961 0.75000
vt 0.90155 0.74390
vt 0.89961 0.74029
vt 0.55204 0.70922
vt 0.56269 0.70793
vt 0.54947 0.70243
vt 0.56305 0.70243
vt 0.14921 0.21965
vt 0.16052 0.21408
vt 0.15581 0.22451
vt 0.14694 0.21408
vt 0.15005 0.22476
vt 0.11785 0.41893
vt 0.11068 0.42573
vt 0.10524 0.41893
vt 0.87924 0.93476
vt 0.87764 0.93537
vt 0.87707 0.93641
vt 0.86915 0.92476
vt 0.86435 0.93626
vt 0.85887 0.92476
vt 0.74673 0.39806
vt 0.73571 0.40588
vt 0.73705 0.39361
vt 0.72865 0.40248
vt 0.74625 0.40444
vt 0.73778 0.41485
vt 0.74741 0.41223
vt 0.74827 0.39141
vt 0.73893 0.36968
vt 0.72330 0.39325
vt 0.72553 0.40394
vt 0.72015 0.40793
vt 0.71566 0.38736
vt 0.74927 0.41769
vt 0.74830 0.42282
vt 0.71432 0.36353
vt 0.74830 0.35811
vt 0.71165 0.35752
vt 0.70241 0.36355
vt 0.71846 0.35291
vt 0.70175 0.36615
vt 0.75599 0.45635
vt 0.75113 0.45212
vt 0.76145 0.45271
vt 0.76427 0.46988
vt 0.76202 0.44639
vt 0.77383 0.44880
vt 0.78027 0.46386
vt 0.77247 0.47450
vt 0.78654 0.44036
vt 0.77912 0.43431
vt 0.76566 0.43191
vt 0.76856 0.45015
vt 0.79389 0.45104
vt 0.75605 0.42068
vt 0.77228 0.41875
vt 0.78012 0.47816
vt 0.76260 0.40245
vt 0.74927 0.39918
vt 0.75193 0.38719
vt 0.76840 0.39502
vt 0.76047 0.37369
vt 0.77471 0.38294
vt 0.79153 0.39493
vt 0.77768 0.37326
vt 0.78343 0.41253
vt 0.79389 0.38553
vt 0.75332 0.36068
vt 0.77179 0.40998
vt 0.10039 0.73447
vt 0.13057 0.74320
vt 0.13143 0.73447
vt 0.35257 0.96359
vt 0.36093 0.96845
vt 0.36680 0.96359
vt 0.36712 0.96529
vt 0.13240 0.70525
vt 0.13046 0.69272
vt 0.13046 0.70631
vt 0.92677 0.98245
vt 0.93613 0.96956
vt 0.94172 0.97457
vt 0.95005 0.95548
vt 0.93293 0.98841
vt 0.94132 0.98837
vt 0.93235 0.99312
vt 0.93610 0.99204
vt 0.93517 0.99466
vt 0.93744 0.95245
vt 0.94716 0.93058
vt 0.94722 0.98260
vt 0.95005 0.99134
vt 0.94825 0.97282
vt 0.32985 0.61901
vt 0.33161 0.61475
vt 0.32699 0.61368
vt 0.33684 0.62036
vt 0.33789 0.62678
vt 0.32862 0.63008
vt 0.31955 0.63155
vt 0.32350 0.62330
vt 0.31762 0.61367
vt 0.31328 0.61975
vt 0.30989 0.61214
vt 0.34772 0.61452
vt 0.33789 0.61214
vt 0.32171 0.61498
vt 0.82172 0.85485
vt 0.81329 0.85194
vt 0.82687 0.85194
vt 0.75450 0.06034
vt 0.77568 0.05174
vt 0.76815 0.03586
vt 0.79416 0.04296
vt 0.75457 0.03916
vt 0.77919 0.06296
vt 0.79746 0.06136
vt 0.76717 0.06456
vt 0.74429 0.05883
vt 0.75643 0.02864
vt 0.74833 0.03248
vt 0.74916 0.04474
vt 0.74151 0.05172
vt 0.77647 0.03219
vt 0.79292 0.03295
vt 0.79800 0.04658
vt 0.80165 0.02864
vt 0.17216 0.01019
vt 0.15969 0.00484
vt 0.17216 0.00146
vt 0.15955 0.00889
vt 0.63633 0.68383
vt 0.63683 0.68907
vt 0.63590 0.68486
vt 0.63483 0.69455
vt 0.62239 0.69596
vt 0.62517 0.68444
vt 0.61251 0.69219
vt 0.61492 0.68478
vt 0.62050 0.67955
vt 0.62738 0.67651
vt 0.61446 0.67523
vt 0.61521 0.70202
vt 0.62250 0.71304
vt 0.63811 0.70646
vt 0.63397 0.67101
vt 0.63017 0.66416
vt 0.62156 0.65112
vt 0.63569 0.64993
vt 0.64031 0.63932
vt 0.62432 0.63190
vt 0.64519 0.64941
vt 0.64117 0.63123
vt 0.62871 0.61870
vt 0.64115 0.61809
vt 0.64299 0.61086
vt 0.64242 0.71189
vt 0.64467 0.71639
vt 0.62609 0.72444
vt 0.63996 0.73790
vt 0.63304 0.74126
vt 0.65339 0.73760
vt 0.65353 0.72072
vt 0.65186 0.71086
vt 0.63441 0.60918
vt 0.63453 0.70164
vt 0.66004 0.73209
vt 0.64212 0.60246
vt 0.63659 0.59504
vt 0.63182 0.59925
vt 0.65440 0.60473
vt 0.64845 0.61141
vt 0.64825 0.58631
vt 0.65997 0.59992
vt 0.66004 0.58811
vt 0.65662 0.58204
vt 0.64029 0.66408
vt 0.84732 0.77665
vt 0.84336 0.76613
vt 0.85015 0.77718
vt 0.85015 0.76262
vt 0.97862 0.60818
vt 0.96460 0.59232
vt 0.98237 0.60007
vt 0.96644 0.60979
vt 0.97368 0.61525
vt 0.98429 0.58778
vt 0.96682 0.57816
vt 0.98982 0.59405
vt 0.98870 0.60367
vt 0.97468 0.57831
vt 0.98982 0.61181
vt 0.98441 0.61503
vt 0.98580 0.62087
vt 0.98979 0.61604
vt 0.67653 0.71893
vt 0.67653 0.71408
vt 0.67459 0.71772
vt 0.74758 0.48858
vt 0.74839 0.48107
vt 0.75247 0.49257
vt 0.74597 0.48356
vt 0.74473 0.48536
vt 0.74380 0.48642
vt 0.75716 0.49038
vt 0.75400 0.48353
vt 0.75774 0.48270
vt 0.75994 0.48353
vt 0.75167 0.49660
vt 0.74565 0.49619
vt 0.74394 0.49500
vt 0.74345 0.49463
vt 0.75878 0.48107
vt 0.28855 0.02476
vt 0.29437 0.02476
vt 0.29076 0.02767
vt 0.83172 0.03058
vt 0.83560 0.03058
vt 0.83228 0.03447
vt 0.00000 1.00000
vt 0.00000 1.00000
vt 0.00000 1.00000
vt 0.00000 1.00000
vt 0.87439 0.74641
vt 0.86966 0.74543
vt 0.86982 0.74671
vt 0.87439 0.73835
vt 0.87008 0.74806
vt 0.86912 0.74463
vt 0.86981 0.74669
vt 0.86857 0.74123
vt 0.81814 0.23189
vt 0.84289 0.22235
vt 0.82782 0.24645
vt 0.83438 0.21158
vt 0.83386 0.25218
vt 0.82393 0.21300
vt 0.82441 0.20303
vt 0.84302 0.21059
vt 0.83448 0.20244
vt 0.85184 0.21218
vt 0.85984 0.22005
vt 0.84543 0.20628
vt 0.83637 0.19673
vt 0.82692 0.19511
vt 0.82769 0.27062
vt 0.82011 0.26033
vt 0.81976 0.23733
vt 0.80933 0.23700
vt 0.81325 0.25386
vt 0.81716 0.23460
vt 0.81121 0.22698
vt 0.80262 0.21881
vt 0.82030 0.23573
vt 0.85463 0.26713
vt 0.83814 0.28107
vt 0.85090 0.25798
vt 0.85984 0.27085
vt 0.85755 0.26637
vt 0.80827 0.18981
vt 0.81655 0.19005
vt 0.44680 0.99291
vt 0.44477 0.98845
vt 0.44185 0.98898
vt 0.44199 0.99041
vt 0.44813 0.99191
vt 0.43598 0.98689
vt 0.45445 0.99104
vt 0.44863 0.98910
vt 0.46099 0.98998
vt 0.46439 0.99563
vt 0.46799 0.98689
vt 0.32347 0.06748
vt 0.31782 0.07136
vt 0.31280 0.06748
vt 0.06910 0.16673
vt 0.06353 0.16726
vt 0.06520 0.16988
vt 0.07129 0.16165
vt 0.07129 0.17039
vt 0.74203 0.03034
vt 0.74381 0.02650
vt 0.73398 0.02302
vt 0.74215 0.02282
vt 0.74554 0.03030
vt 0.73529 0.03155
vt 0.75024 0.02679
vt 0.74659 0.02302
vt 0.74444 0.02289
vt 0.72987 0.02946
vt 0.09996 0.38137
vt 0.10664 0.38400
vt 0.10489 0.38130
vt 0.10623 0.37705
vt 0.11025 0.38074
vt 0.09465 0.37427
vt 0.09335 0.37655
vt 0.09007 0.38274
vt 0.08823 0.38055
vt 0.07762 0.38689
vt 0.07129 0.37427
vt 0.10625 0.37963
vt 0.10922 0.38329
vt 0.11191 0.38283
vt 0.11270 0.38212
vt 0.11631 0.37696
vt 0.11785 0.38283
vt 0.11392 0.38504
vt 0.23327 0.26845
vt 0.22970 0.27181
vt 0.23327 0.27330
vt 0.22745 0.27028
vt 0.43167 0.28590
vt 0.45827 0.28743
vt 0.44656 0.27819
vt 0.45514 0.30146
vt 0.47256 0.27285
vt 0.47797 0.28998
vt 0.49811 0.25665
vt 0.47494 0.25735
vt 0.45719 0.26678
vt 0.46496 0.26757
vt 0.42990 0.29919
vt 0.40705 0.28264
vt 0.41762 0.27925
vt 0.41179 0.29398
vt 0.39458 0.28505
vt 0.49482 0.27920
vt 0.50674 0.26829
vt 0.44556 0.27114
vt 0.40812 0.27184
vt 0.42356 0.27144
vt 0.46604 0.26107
vt 0.47394 0.29846
vt 0.48554 0.25291
vt 0.50679 0.25872
vt 0.38762 0.25836
vt 0.39657 0.26082
vt 0.39464 0.25291
vt 0.38332 0.27883
vt 0.40495 0.26305
vt 0.41407 0.26734
vt 0.43629 0.26978
vt 0.37197 0.26260
vt 0.41752 0.26949
vt 0.98885 0.10340
vt 0.98885 0.11699
vt 0.98303 0.11304
vt 0.22139 0.33251
vt 0.22027 0.32558
vt 0.20398 0.33297
vt 0.20065 0.32578
vt 0.17435 0.33354
vt 0.23424 0.32109
vt 0.16833 0.33949
vt 0.15722 0.33328
vt 0.22089 0.31700
vt 0.22341 0.31505
vt 0.13003 0.33727
vt 0.15083 0.33957
vt 0.12965 0.33185
vt 0.15971 0.34186
vt 0.12233 0.32574
vt 0.10955 0.34190
vt 0.17004 0.35680
vt 0.17511 0.34488
vt 0.14030 0.32655
vt 0.10082 0.33316
vt 0.10397 0.31505
vt 0.09013 0.34316
vt 0.08531 0.32759
vt 0.08219 0.33723
vt 0.10005 0.34951
vt 0.07517 0.33593
vt 0.49505 0.61447
vt 0.49716 0.61279
vt 0.49762 0.61031
vt 0.48642 0.60949
vt 0.50776 0.60949
vt 0.49722 0.61602
vt 0.49792 0.60922
vt 0.50492 0.71687
vt 0.50057 0.72387
vt 0.51134 0.71460
vt 0.49745 0.71993
vt 0.51190 0.72338
vt 0.48573 0.72924
vt 0.49920 0.73002
vt 0.48954 0.71665
vt 0.51432 0.71057
vt 0.52123 0.71221
vt 0.52162 0.72312
vt 0.48942 0.73665
vt 0.51966 0.70867
vt 0.52505 0.71543
vt 0.53104 0.71970
vt 0.52427 0.70340
vt 0.52998 0.71315
vt 0.52984 0.70614
vt 0.46508 0.73430
vt 0.48038 0.74223
vt 0.47100 0.72738
vt 0.48105 0.71095
vt 0.46981 0.70340
vt 0.52562 0.72626
vt 0.50873 0.71418
vt 0.52308 0.71322
vt 0.18085 0.02864
vt 0.18671 0.02770
vt 0.18300 0.02670
vt 0.17798 0.02770
vt 0.97430 0.39047
vt 0.97894 0.39369
vt 0.98430 0.38981
vt 0.98691 0.39047
vt 0.15470 0.44806
vt 0.14995 0.45097
vt 0.14500 0.44806
vt 0.92416 0.17860
vt 0.92877 0.17926
vt 0.92134 0.18371
vt 0.91600 0.17816
vt 0.91222 0.18354
vt 0.92955 0.18765
vt 0.93550 0.17816
vt 0.92714 0.18981
vt 0.09651 0.46110
vt 0.09942 0.47233
vt 0.09942 0.45971
vt 0.00000 1.00000
vt 0.00000 1.00000
vt 0.00000 1.00000
vt 0.00000 1.00000
vt 0.66877 0.83932
vt 0.67371 0.84478
vt 0.67509 0.84357
vt 0.67320 0.84515
vt 0.67552 0.84371
vt 0.67653 0.83932
vt 0.46605 0.94806
vt 0.47284 0.94806
vt 0.47081 0.95000
vt 0.27231 0.10865
vt 0.27115 0.11552
vt 0.26968 0.10790
vt 0.26916 0.10119
vt 0.27401 0.11388
vt 0.27301 0.09660
vt 0.27301 0.12087
vt 0.49224 0.81565
vt 0.48933 0.81311
vt 0.48933 0.82087
vt 0.93759 0.55436
vt 0.93954 0.55625
vt 0.93802 0.55757
vt 0.93548 0.55579
vt 0.93453 0.55359
vt 0.94350 0.54826
vt 0.94129 0.55951
vt 0.94559 0.55860
vt 0.94322 0.56157
vt 0.94339 0.55735
vt 0.96804 0.53751
vt 0.95464 0.54635
vt 0.95016 0.53972
vt 0.96638 0.52937
vt 0.95833 0.52087
vt 0.96239 0.52142
vt 0.95558 0.54946
vt 0.97103 0.54216
vt 0.95295 0.55299
vt 0.96320 0.55323
vt 0.94922 0.56799
vt 0.97236 0.55525
vt 0.97232 0.56845
vt 0.97232 0.53436
vt 0.96993 0.52551
vt 0.95171 0.52158
vt 0.94453 0.53028
vt 0.94553 0.53919
vt 0.94350 0.53993
vt 0.75994 0.07427
vt 0.77255 0.07427
vt 0.76426 0.07621
vt 0.68720 0.36895
vt 0.68494 0.37419
vt 0.67115 0.37018
vt 0.67561 0.36432
vt 0.68581 0.36490
vt 0.68436 0.35562
vt 0.67888 0.35552
vt 0.68138 0.34740
vt 0.68344 0.34791
vt 0.66438 0.37876
vt 0.68084 0.33641
vt 0.68642 0.38242
vt 0.66910 0.39275
vt 0.66198 0.38431
vt 0.68720 0.39417
vt 0.67404 0.39854
vt 0.91513 0.68099
vt 0.92289 0.68786
vt 0.92289 0.67330
vt 0.69542 0.54400
vt 0.69488 0.53307
vt 0.71017 0.54017
vt 0.71147 0.55464
vt 0.71743 0.55209
vt 0.72211 0.54632
vt 0.69187 0.53646
vt 0.69550 0.55240
vt 0.69073 0.54640
vt 0.68914 0.53666
vt 0.70892 0.55914
vt 0.70297 0.56068
vt 0.70003 0.52782
vt 0.70830 0.52096
vt 0.71291 0.52185
vt 0.70621 0.51893
vt 0.71980 0.51896
vt 0.72211 0.52008
vt 0.70143 0.51904
vt 0.85287 0.75423
vt 0.84752 0.74309
vt 0.85287 0.74223
vt 0.84659 0.74504
vt 0.84059 0.75098
vt 0.84669 0.75888
vt 0.85306 0.75878
vt 0.84645 0.76165
vt 0.84045 0.75746
vt 0.30892 0.06707
vt 0.30351 0.07507
vt 0.30641 0.06960
vt 0.30892 0.05597
vt 0.30418 0.05137
vt 0.29221 0.04806
vt 0.30062 0.04931
vt 0.29881 0.07101
vt 0.28844 0.07524
vt 0.28080 0.06010
vt 0.28472 0.05333
vt 0.30260 0.07337
vt 0.60581 0.01543
vt 0.60671 0.00146
vt 0.60051 0.00770
vt 0.59959 0.01252
vt 0.59947 0.01559
vt 0.61018 0.01277
vt 0.61299 0.00515
vt 0.61711 0.01231
vt 0.62027 0.00995
vt 0.61782 0.01620
vt 0.59057 0.01569
vt 0.59308 0.02087
vt 0.59774 0.00316
vt 0.59093 0.00146
vt 0.58729 0.02003
vt 0.93550 0.32195
vt 0.93938 0.33350
vt 0.93938 0.32071
vt 0.93618 0.31796
vt 0.13046 0.26748
vt 0.12376 0.27039
vt 0.11813 0.26748
vt 0.11785 0.26942
vt 0.20227 0.76650
vt 0.19641 0.76359
vt 0.20611 0.76359
vt 0.78653 0.06787
vt 0.78968 0.07524
vt 0.78797 0.06829
vt 0.78015 0.06967
vt 0.79111 0.06874
vt 0.80359 0.06456
vt 0.79065 0.06551
vt 0.77824 0.07237
vt 0.77740 0.06456
vt 0.37955 0.11989
vt 0.35468 0.14156
vt 0.36627 0.14288
vt 0.39584 0.14018
vt 0.40488 0.11770
vt 0.42233 0.13510
vt 0.36079 0.11880
vt 0.42346 0.11505
vt 0.34166 0.11643
vt 0.34309 0.13327
vt 0.32922 0.11505
vt 0.32987 0.14795
vt 0.34972 0.14806
vt 0.32153 0.13862
vt 0.40845 0.14505
vt 0.36377 0.14656
vt 0.38335 0.14746
vt 0.41710 0.14532
vt 0.42435 0.14236
vt 0.54268 0.65097
vt 0.54268 0.63544
vt 0.53298 0.65045
vt 0.86857 0.10049
vt 0.86347 0.09513
vt 0.86857 0.09078
vt 0.86178 0.10243
vt 0.18283 0.91796
vt 0.18124 0.92767
vt 0.17992 0.91796
vt 0.76623 0.95777
vt 0.77080 0.94945
vt 0.76914 0.94268
vt 0.76067 0.95074
vt 0.75840 0.94534
vt 0.77798 0.95060
vt 0.77614 0.95556
vt 0.77028 0.95750
vt 0.75332 0.95043
vt 0.75436 0.94430
vt 0.75669 0.93641
vt 0.75066 0.94457
vt 0.77243 0.95321
vt 0.74830 0.95130
vt 0.77666 0.94664
vt 0.77322 0.93641
vt 0.77997 0.94928
vt 0.77847 0.95368
vt 0.78128 0.95359
vt 0.76431 0.93797
vt 0.16026 0.81532
vt 0.15326 0.81878
vt 0.16226 0.82074
vt 0.15396 0.81019
vt 0.16388 0.81335
vt 0.14774 0.82818
vt 0.15830 0.82950
vt 0.14403 0.81962
vt 0.16537 0.82599
vt 0.16318 0.82961
vt 0.15917 0.81104
vt 0.16256 0.81019
vt 0.04273 0.92087
vt 0.03443 0.92619
vt 0.04607 0.92313
vt 0.03152 0.92087
vt 0.04595 0.92670
vt 0.99337 0.69951
vt 0.99952 0.70380
vt 0.99283 0.70437
vt 0.98497 0.70232
vt 0.99952 0.69975
vt 0.45732 0.14417
vt 0.46023 0.14260
vt 0.45732 0.13544
vt 0.92968 0.24073
vt 0.92869 0.24973
vt 0.92736 0.24370
vt 0.92794 0.23738
vt 0.92192 0.23738
vt 0.92399 0.25097
vt 0.92215 0.24535
vt 0.44154 0.30250
vt 0.43374 0.30146
vt 0.43642 0.30825
vt 0.44402 0.30922
vt 0.44956 0.30667
vt 0.43380 0.30584
vt 0.42825 0.30250
vt 0.42532 0.30842
vt 0.36906 0.82087
vt 0.36324 0.82294
vt 0.36906 0.82670
vt 0.38086 0.19175
vt 0.37779 0.18689
vt 0.38458 0.18689
vt 0.27905 0.14394
vt 0.28704 0.13660
vt 0.27789 0.13663
vt 0.27839 0.13058
vt 0.28168 0.14647
vt 0.28677 0.15045
vt 0.29617 0.14775
vt 0.29639 0.14130
vt 0.29908 0.14448
vt 0.30310 0.14350
vt 0.29590 0.13058
vt 0.28899 0.13078
vt 0.29207 0.15097
vt 0.48615 0.99951
vt 0.48941 0.99020
vt 0.49746 0.99711
vt 0.47963 0.98883
vt 0.49903 0.98883
vt 0.25821 0.95777
vt 0.25364 0.95388
vt 0.25830 0.95526
vt 0.25716 0.95407
vt 0.26043 0.95388
vt 0.57702 0.81597
vt 0.57319 0.82379
vt 0.57963 0.81780
vt 0.57081 0.81505
vt 0.58050 0.81505
vt 0.14151 0.23158
vt 0.13822 0.23922
vt 0.14300 0.23450
vt 0.14403 0.23058
vt 0.14403 0.24515
vt 0.63870 0.18883
vt 0.63842 0.18371
vt 0.63482 0.17719
vt 0.63870 0.17621
vt 0.42047 0.00631
vt 0.41642 0.01408
vt 0.41174 0.00631
vt 0.63875 0.88883
vt 0.63482 0.87815
vt 0.63967 0.88040
vt 0.63875 0.87136
vt 0.88021 0.14147
vt 0.88894 0.14417
vt 0.88894 0.14029
vt 0.80068 0.45777
vt 0.79782 0.46472
vt 0.79733 0.46432
vt 0.79292 0.46845
vt 0.80068 0.46749
vt 0.67090 0.55326
vt 0.68009 0.56068
vt 0.67769 0.55207
vt 0.67209 0.56001
vt 0.69108 0.55592
vt 0.68550 0.54612
vt 0.66974 0.54612
vt 0.67971 0.54644
vt 0.23352 0.24903
vt 0.24394 0.24320
vt 0.23164 0.24320
vt 0.22842 0.24765
vt 0.72496 0.58495
vt 0.71629 0.58010
vt 0.72793 0.58010
vt 0.07808 0.55801
vt 0.06287 0.55566
vt 0.06711 0.54223
vt 0.07808 0.54449
vt 0.07151 0.55971
vt 0.06718 0.55901
vt 0.06140 0.54641
vt 0.06062 0.55027
vt 0.20609 0.83067
vt 0.22442 0.83866
vt 0.21791 0.84160
vt 0.20171 0.85204
vt 0.22551 0.81716
vt 0.20650 0.81866
vt 0.23775 0.82862
vt 0.24443 0.82181
vt 0.24673 0.82858
vt 0.23553 0.83527
vt 0.23571 0.83974
vt 0.22296 0.80962
vt 0.23453 0.80804
vt 0.23038 0.79721
vt 0.20776 0.79404
vt 0.19225 0.80820
vt 0.17476 0.78927
vt 0.16749 0.80886
vt 0.17469 0.82498
vt 0.15688 0.78367
vt 0.14139 0.79413
vt 0.20952 0.76845
vt 0.23684 0.77884
vt 0.24876 0.80323
vt 0.17581 0.76887
vt 0.18804 0.77049
vt 0.25603 0.79473
vt 0.25986 0.77329
vt 0.24738 0.76859
vt 0.26140 0.78210
vt 0.24069 0.81270
vt 0.25218 0.81993
vt 0.25924 0.82809
vt 0.13936 0.78730
vt 0.11685 0.78895
vt 0.11130 0.79576
vt 0.09891 0.79540
vt 0.09748 0.80132
vt 0.24817 0.84501
vt 0.25261 0.84051
vt 0.25865 0.84545
vt 0.25134 0.85330
vt 0.22551 0.86555
vt 0.23909 0.86673
vt 0.24657 0.87269
vt 0.23999 0.87626
vt 0.25590 0.87787
vt 0.22870 0.87218
vt 0.23013 0.88432
vt 0.25906 0.86126
vt 0.22031 0.87215
vt 0.23029 0.84580
vt 0.22267 0.88235
vt 0.24958 0.87715
vt 0.25458 0.88883
vt 0.26140 0.85126
vt 0.24077 0.87938
vt 0.21906 0.85952
vt 0.21144 0.86836
vt 0.24029 0.84241
vt 0.20906 0.87656
vt 0.21656 0.87886
vt 0.57347 0.04709
vt 0.57274 0.03492
vt 0.58345 0.03274
vt 0.59360 0.04605
vt 0.60417 0.03604
vt 0.57328 0.02476
vt 0.61305 0.04278
vt 0.61776 0.03435
vt 0.62497 0.03622
vt 0.62574 0.02808
vt 0.63829 0.03657
vt 0.64064 0.02476
vt 0.27917 0.98204
vt 0.27498 0.96563
vt 0.28832 0.98401
vt 0.28166 0.95777
vt 0.27699 0.96037
vt 0.29243 0.95785
vt 0.28370 0.98657
vt 0.29243 0.98786
vt 0.22939 0.11699
vt 0.24006 0.11699
vt 0.23592 0.11893
vt 0.78128 0.58789
vt 0.78807 0.59175
vt 0.78807 0.58786
vt 0.33026 0.93738
vt 0.33026 0.93350
vt 0.32541 0.93454
vt 0.12949 0.99309
vt 0.13725 0.99315
vt 0.13046 0.99782
vt 0.13289 0.98981
vt 0.13725 0.99854
vt 0.79389 0.21602
vt 0.78807 0.21604
vt 0.79389 0.22573
vt 0.45230 0.85368
vt 0.46605 0.83544
vt 0.45857 0.85730
vt 0.44648 0.86452
vt 0.45554 0.86678
vt 0.44343 0.87585
vt 0.45585 0.87721
vt 0.44491 0.88462
vt 0.45552 0.89235
vt 0.44118 0.89494
vt 0.44898 0.90448
vt 0.43641 0.88690
vt 0.42938 0.88531
vt 0.43091 0.89852
vt 0.42201 0.88857
vt 0.41873 0.87542
vt 0.40937 0.89066
vt 0.39433 0.88935
vt 0.44781 0.90961
vt 0.39341 0.91049
vt 0.41529 0.90223
vt 0.43655 0.87349
vt 0.45286 0.91969
vt 0.45980 0.91926
vt 0.46605 0.92902
vt 0.45406 0.92789
vt 0.43071 0.90921
vt 0.44424 0.92047
vt 0.39925 0.91382
vt 0.40743 0.92486
vt 0.38809 0.93588
vt 0.37587 0.92775
vt 0.37003 0.91417
vt 0.39827 0.93987
vt 0.42289 0.93986
vt 0.43166 0.92142
vt 0.42802 0.97033
vt 0.43594 0.94098
vt 0.40400 0.95905
vt 0.44473 0.96860
vt 0.46054 0.91577
vt 0.41700 0.91206
vt 0.44982 0.95610
vt 0.46388 0.95913
vt 0.45407 0.97065
vt 0.43905 0.97709
vt 0.44403 0.98145
vt 0.45878 0.98786
vt 0.29728 0.44126
vt 0.29728 0.45777
vt 0.29243 0.44795
vt 0.79583 0.76845
vt 0.79583 0.79175
vt 0.79001 0.77607
vt 0.13260 0.31325
vt 0.13113 0.30340
vt 0.12536 0.31018
vt 0.11494 0.30340
vt 0.14302 0.31494
vt 0.15331 0.31817
vt 0.14586 0.30818
vt 0.15704 0.31151
vt 0.14259 0.32282
vt 0.16828 0.32236
vt 0.12963 0.32476
vt 0.12644 0.31616
vt 0.69690 0.47718
vt 0.69593 0.48416
vt 0.69690 0.48495
vt 0.59117 0.02282
vt 0.58700 0.02864
vt 0.58244 0.02282
vt 0.91830 0.24515
vt 0.91901 0.25263
vt 0.91610 0.24970
vt 0.91830 0.25388
vt 0.00000 1.00000
vt 0.00000 1.00000
vt 0.00000 1.00000
vt 0.00000 1.00000
vt 0.47381 0.59175
vt 0.46799 0.59416
vt 0.47007 0.59395
vt 0.47061 0.59235
vt 0.47381 0.59660
vt 0.09855 0.14839
vt 0.10621 0.16239
vt 0.09776 0.15389
vt 0.10621 0.14781
vt 0.09890 0.16123
vt 0.09641 0.14960
vt 0.09554 0.14709
vt 0.09971 0.17021
vt 0.10443 0.17039
vt 0.26320 0.07042
vt 0.25655 0.07011
vt 0.26681 0.06899
vt 0.25771 0.06450
vt 0.26363 0.05971
vt 0.27007 0.06133
vt 0.25695 0.06163
vt 0.26306 0.08010
vt 0.27007 0.07514
vt 0.26721 0.07995
vt 0.27013 0.06804
vt 0.54850 0.31893
vt 0.54171 0.31807
vt 0.54850 0.31505
vt 0.55238 0.35782
vt 0.56014 0.35583
vt 0.56014 0.36262
vt 0.55310 0.36113
vt 0.07226 0.11408
vt 0.08196 0.11408
vt 0.07912 0.11602
vt 0.73778 0.74029
vt 0.73424 0.73241
vt 0.74114 0.73557
vt 0.74172 0.73881
vt 0.74372 0.72670
vt 0.74442 0.73476
vt 0.72891 0.72670
vt 0.73319 0.73711
vt 0.72599 0.73351
vt 0.76673 0.16471
vt 0.77158 0.17039
vt 0.77158 0.16262
vt 0.02085 0.47427
vt 0.02085 0.46456
vt 0.01406 0.46728
vt 0.87148 0.10340
vt 0.87342 0.09587
vt 0.87148 0.09369
vt 0.45290 0.84612
vt 0.44471 0.84320
vt 0.45441 0.84320
vt 0.16398 0.17709
vt 0.17809 0.17625
vt 0.18182 0.17913
vt 0.16149 0.17524
vt 0.18671 0.17524
vt 0.85664 0.53690
vt 0.85403 0.54653
vt 0.85649 0.54297
vt 0.86042 0.54154
vt 0.86542 0.53957
vt 0.88303 0.53680
vt 0.86868 0.53083
vt 0.86093 0.53058
vt 0.87804 0.53078
vt 0.88230 0.53062
vt 0.88799 0.53058
vt 0.89444 0.53607
vt 0.89961 0.54702
vt 0.88553 0.54903
vt 0.16246 0.06068
vt 0.16246 0.04709
vt 0.15955 0.05575
vt 0.98673 0.47584
vt 0.97915 0.46472
vt 0.98578 0.46864
vt 0.98111 0.48786
vt 0.98665 0.46143
vt 0.98626 0.45878
vt 0.98455 0.44216
vt 0.98731 0.48410
vt 0.99176 0.47961
vt 0.98342 0.43350
vt 0.98866 0.48652
vt 0.99176 0.46205
vt 0.95684 0.84956
vt 0.95684 0.85825
vt 0.95155 0.85558
vt 0.95102 0.84612
vt 0.95373 0.86359
vt 0.28221 0.00728
vt 0.28574 0.00150
vt 0.27590 0.00049
vt 0.28952 0.00595
vt 0.26916 0.00150
vt 0.69933 0.49750
vt 0.69222 0.50338
vt 0.69704 0.51159
vt 0.69454 0.51254
vt 0.70078 0.51796
vt 0.69108 0.49852
vt 0.69331 0.49078
vt 0.70078 0.49755
vt 0.55481 0.18398
vt 0.54850 0.17989
vt 0.55389 0.17913
vt 0.55723 0.17989
vt 0.33407 0.31610
vt 0.33971 0.31990
vt 0.33514 0.31214
vt 0.32638 0.31221
vt 0.34869 0.31926
vt 0.34257 0.31221
vt 0.72696 0.11117
vt 0.71979 0.10873
vt 0.72030 0.10774
vt 0.71823 0.11116
vt 0.72696 0.10526
vt 0.71824 0.10437
vt 0.61666 0.75874
vt 0.61353 0.75040
vt 0.61674 0.75315
vt 0.61690 0.74774
vt 0.61321 0.74796
vt 0.61318 0.74069
vt 0.61444 0.73673
vt 0.61057 0.73687
vt 0.62127 0.74988
vt 0.62026 0.73679
vt 0.61843 0.72866
vt 0.61915 0.75681
vt 0.61650 0.75743
vt 0.62512 0.75055
vt 0.62421 0.75574
vt 0.62421 0.72573
vt 0.43143 0.39854
vt 0.43556 0.39800
vt 0.43301 0.39380
vt 0.43792 0.39581
vt 0.43632 0.39078
vt 0.42532 0.39078
vt 0.53298 0.42712
vt 0.52522 0.42670
vt 0.52871 0.43619
vt 0.53298 0.43835
vt 0.00527 0.57039
vt 0.00533 0.58019
vt 0.00242 0.58465
vt 0.00527 0.58786
vt 0.98952 0.85096
vt 0.99245 0.84281
vt 0.99559 0.84911
vt 0.99013 0.86057
vt 0.99952 0.86674
vt 0.99479 0.87427
vt 0.99952 0.83275
vt 0.98947 0.83405
vt 0.99062 0.82961
vt 0.98729 0.83178
vt 0.98497 0.85540
vt 0.98644 0.86666
vt 0.90446 0.71893
vt 0.89972 0.71805
vt 0.90089 0.71533
vt 0.90409 0.71505
vt 0.89379 0.71505
vt 0.06935 0.31505
vt 0.06450 0.31958
vt 0.06935 0.32476
vt 0.98109 0.96706
vt 0.98497 0.97233
vt 0.98497 0.96456
vt 0.02570 0.76553
vt 0.01921 0.76942
vt 0.01794 0.76553
vt 0.78419 0.59898
vt 0.78981 0.59734
vt 0.78617 0.60195
vt 0.78654 0.59525
vt 0.79195 0.60340
vt 0.79195 0.59369
vt 0.93744 0.86815
vt 0.93283 0.85861
vt 0.94132 0.84417
vt 0.92838 0.87496
vt 0.93296 0.88283
vt 0.92485 0.89394
vt 0.93358 0.89339
vt 0.93015 0.90289
vt 0.91901 0.91256
vt 0.93523 0.92575
vt 0.92531 0.92334
vt 0.93265 0.92970
vt 0.94132 0.93374
vt 0.93651 0.93932
vt 0.77389 0.77890
vt 0.76815 0.77233
vt 0.76971 0.77886
vt 0.77740 0.77233
vt 0.76770 0.78010
vt 0.19167 0.31946
vt 0.19159 0.32184
vt 0.18760 0.31828
vt 0.19458 0.31797
vt 0.19641 0.32093
vt 0.18810 0.32152
vt 0.18598 0.32060
vt 0.18357 0.31977
vt 0.18415 0.31796
vt 0.18186 0.31797
vt 0.81038 0.87330
vt 0.81038 0.86748
vt 0.80941 0.87207
vt 0.42165 0.81117
vt 0.42532 0.81408
vt 0.41853 0.81408
vt 0.96363 0.59078
vt 0.96363 0.58495
vt 0.95878 0.58506
vt 0.79971 0.72767
vt 0.79971 0.72184
vt 0.79777 0.72422
vt 0.76032 0.81457
vt 0.75846 0.81289
vt 0.75761 0.81602
vt 0.76091 0.81214
vt 0.75121 0.81214
vt 0.27207 0.96456
vt 0.27207 0.95291
vt 0.26722 0.95860
vt 0.88603 0.40534
vt 0.88748 0.41239
vt 0.89282 0.40796
vt 0.89282 0.41505
vt 0.77740 0.09563
vt 0.77934 0.09388
vt 0.77740 0.08495
vt 0.98885 0.98708
vt 0.98584 0.99303
vt 0.98303 0.98798
vt 0.98885 0.99369
vt 0.98407 0.98010
vt 0.21818 0.00932
vt 0.21016 0.00892
vt 0.21019 0.00631
vt 0.21152 0.01796
vt 0.22379 0.01421
vt 0.19544 0.00534
vt 0.19751 0.01142
vt 0.20449 0.01260
vt 0.23230 0.00534
vt 0.19447 0.01893
vt 0.19447 0.00802
vt 0.18865 0.01211
vt 0.19087 0.00437
vt 0.99370 0.94806
vt 0.99370 0.94029
vt 0.98788 0.94129
vt 0.30053 0.09159
vt 0.28612 0.09133
vt 0.29616 0.11523
vt 0.28219 0.07649
vt 0.27880 0.08360
vt 0.31411 0.11699
vt 0.32268 0.09595
vt 0.30383 0.12746
vt 0.31606 0.08133
vt 0.29945 0.07796
vt 0.31118 0.07602
vt 0.32832 0.07136
vt 0.27684 0.07136
vt 0.27110 0.07912
vt 0.27782 0.10078
vt 0.28587 0.11017
vt 0.28970 0.12138
vt 0.29336 0.12961
vt 0.94605 0.26986
vt 0.96312 0.26297
vt 0.94498 0.25955
vt 0.97254 0.26802
vt 0.97738 0.26260
vt 0.96119 0.25346
vt 0.97726 0.25000
vt 0.97548 0.27524
vt 0.98012 0.29078
vt 0.96074 0.27560
vt 0.97662 0.28207
vt 0.94501 0.27785
vt 0.94132 0.27055
vt 0.94306 0.25000
vt 0.88611 0.35727
vt 0.89224 0.35621
vt 0.89760 0.37279
vt 0.89037 0.34756
vt 0.90467 0.36939
vt 0.90834 0.38592
vt 0.88392 0.33785
vt 0.89453 0.33937
vt 0.88925 0.32774
vt 0.88250 0.32676
vt 0.89397 0.32047
vt 0.90737 0.34053
vt 0.90542 0.35297
vt 0.89229 0.34553
vt 0.89876 0.35667
vt 0.89288 0.35045
vt 0.87774 0.31210
vt 0.88459 0.29757
vt 0.87439 0.32996
vt 0.90834 0.31332
vt 0.89998 0.30717
vt 0.41950 0.74320
vt 0.41950 0.72087
vt 0.40495 0.72298
vt 0.22146 0.15777
vt 0.22368 0.16061
vt 0.22465 0.15903
vt 0.21872 0.16165
vt 0.22648 0.16165
vt 0.76964 0.62105
vt 0.76368 0.61645
vt 0.76730 0.62364
vt 0.75947 0.62263
vt 0.76921 0.62559
vt 0.76403 0.61136
vt 0.76964 0.60380
vt 0.76229 0.62723
vt 0.76612 0.62919
vt 0.76833 0.63050
vt 0.76321 0.59951
vt 0.76609 0.63252
vt 0.75897 0.60997
vt 0.64109 0.75111
vt 0.63529 0.74812
vt 0.63996 0.74813
vt 0.63768 0.75420
vt 0.64258 0.75971
vt 0.63716 0.74530
vt 0.63288 0.74681
vt 0.64258 0.74417
vt 0.81523 0.37718
vt 0.81523 0.37039
vt 0.81176 0.37175
vt 0.81038 0.37438
vt 0.70757 0.10631
vt 0.71612 0.10631
vt 0.71420 0.11104
vt 0.71726 0.11214
vt 0.00000 1.00000
vt 0.00000 1.00000
vt 0.00000 1.00000
vt 0.00000 1.00000
vt 0.00000 1.00000
vt 0.00000 1.00000
vt 0.00000 1.00000
vt 0.00000 1.00000
vt 0.00000 1.00000
vt 0.00000 1.00000
vt 0.00000 1.00000
vt 0.00000 1.00000
vt 0.00000 1.00000
vt 0.00000 1.00000
vt 0.00000 1.00000
vt 0.00000 1.00000
vt 0.00000 1.00000
vt 0.00000 1.00000
vt 0.00000 1.00000
vt 0.00000 1.00000
vt 0.00000 1.00000
vt 0.00000 1.00000
vt 0.00000 1.00000
vt 0.00153 0.87031
vt 0.00148 0.87114
vt 0.00242 0.87233
vt 0.00145 0.87162
vt 0.00221 0.86963
vt 0.00242 0.86942
vt 0.00000 1.00000
vt 0.00000 1.00000
vt 0.00000 1.00000
vt 0.00000 1.00000
vt 0.00000 1.00000
vt 0.68135 0.77425
vt 0.68207 0.77356
vt 0.67944 0.77330
vt 0.68223 0.77341
vt 0.68235 0.77330
vt 0.68069 0.77426
vt 0.68009 0.77427
vt 0.56187 0.11304
vt 0.58161 0.12349
vt 0.58109 0.13584
vt 0.58447 0.13128
vt 0.58380 0.11120
vt 0.57245 0.10243
vt 0.58699 0.12360
vt 0.58972 0.12875
vt 0.56162 0.10630
vt 0.59018 0.11897
vt 0.58670 0.11021
vt 0.59117 0.14468
vt 0.56057 0.12690
vt 0.56279 0.13209
vt 0.58033 0.14109
vt 0.55828 0.11913
vt 0.56016 0.10565
vt 0.55823 0.10752
vt 0.59117 0.11490
vt 0.56037 0.10805
vt 0.56775 0.14344
vt 0.56114 0.13831
vt 0.57277 0.14709
vt 0.55626 0.12506
vt 0.55749 0.12738
vt 0.34627 0.82670
vt 0.34909 0.82049
vt 0.34278 0.81918
vt 0.35380 0.82143
vt 0.35936 0.81602
vt 0.33580 0.82178
vt 0.33835 0.81832
vt 0.33511 0.81602
vt 0.05213 0.38883
vt 0.05166 0.39175
vt 0.04898 0.38984
vt 0.05480 0.38984
vt 0.39993 0.33885
vt 0.39829 0.33743
vt 0.39924 0.34068
vt 0.40214 0.33738
vt 0.39653 0.34507
vt 0.39651 0.33964
vt 0.39550 0.33738
vt 0.40495 0.34515
vt 0.39428 0.33992
vt 0.31346 0.46359
vt 0.31923 0.45476
vt 0.31556 0.44637
vt 0.32329 0.44885
vt 0.30689 0.45989
vt 0.30661 0.44612
vt 0.30019 0.45505
vt 0.32529 0.45860
vt 0.31734 0.46342
vt 0.32645 0.44649
vt 0.32929 0.44612
vt 0.94908 0.92734
vt 0.96107 0.93131
vt 0.95730 0.92473
vt 0.95539 0.93170
vt 0.95812 0.93246
vt 0.96098 0.93661
vt 0.94998 0.93655
vt 0.95542 0.94320
vt 0.96390 0.93523
vt 0.95081 0.92184
vt 0.96557 0.92184
vt 0.23421 0.42282
vt 0.23613 0.41796
vt 0.23078 0.42123
vt 0.22163 0.41895
vt 0.23909 0.41895
vt 0.01984 0.59194
vt 0.01388 0.59290
vt 0.01516 0.58605
vt 0.02493 0.58204
vt 0.00957 0.58997
vt 0.02570 0.59460
vt 0.02493 0.60173
vt 0.01353 0.60096
vt 0.01119 0.60108
vt 0.00997 0.60728
vt 0.01847 0.58241
vt 0.01167 0.58485
vt 0.00978 0.60333
vt 0.00727 0.60063
vt 0.96751 0.87233
vt 0.97038 0.88010
vt 0.97430 0.87291
vt 0.97430 0.87945
vt 0.60039 0.02961
vt 0.59659 0.03282
vt 0.59117 0.02961
vt 0.60087 0.03350
vt 0.40915 0.10146
vt 0.41174 0.10433
vt 0.40786 0.10715
vt 0.41124 0.10312
vt 0.40915 0.10825
vt 0.13240 0.26845
vt 0.13725 0.26845
vt 0.13479 0.27233
vt 0.45538 0.39563
vt 0.45732 0.39169
vt 0.45538 0.39078
vt 0.61715 0.63641
vt 0.61251 0.63544
vt 0.62027 0.63544
vt 0.74861 0.67621
vt 0.74005 0.67710
vt 0.74537 0.67574
vt 0.75024 0.67427
vt 0.73957 0.67427
vt 0.74089 0.67816
vt 0.18792 0.03252
vt 0.17798 0.03821
vt 0.18962 0.04320
vt 0.17854 0.03252
vt 0.89145 0.55680
vt 0.88173 0.55680
vt 0.88603 0.56128
vt 0.88021 0.56845
vt 0.89185 0.56278
vt 0.75247 0.25535
vt 0.74927 0.25529
vt 0.75315 0.25874
vt 0.75315 0.25291
vt 0.31628 0.75555
vt 0.32410 0.75680
vt 0.30894 0.75000
vt 0.32832 0.75000
vt 0.30310 0.75570
vt 0.94714 0.06165
vt 0.94132 0.06818
vt 0.94714 0.06942
vt 0.85842 0.67090
vt 0.86469 0.65099
vt 0.85315 0.65676
vt 0.85759 0.64667
vt 0.86443 0.62834
vt 0.86443 0.67661
vt 0.85457 0.62670
vt 0.84998 0.65761
vt 0.84908 0.67816
vt 0.84336 0.66826
vt 0.84402 0.67636
vt 0.91889 0.99951
vt 0.90640 0.99563
vt 0.92289 0.99563
vt 0.07248 0.35426
vt 0.07808 0.34917
vt 0.07361 0.35975
vt 0.06838 0.36098
vt 0.07495 0.34223
vt 0.07192 0.36845
vt 0.07808 0.36834
vt 0.07191 0.34805
vt 0.24588 0.43155
vt 0.23051 0.42379
vt 0.23236 0.43123
vt 0.22454 0.42921
vt 0.23986 0.42482
vt 0.24535 0.42379
vt 0.67515 0.31388
vt 0.66993 0.30809
vt 0.67653 0.30631
vt 0.67084 0.31303
vt 0.67360 0.32306
vt 0.66643 0.33145
vt 0.66489 0.33130
vt 0.66500 0.33442
vt 0.66731 0.33544
vt 0.67653 0.32840
vt 0.66580 0.32356
vt 0.64161 0.68740
vt 0.65192 0.67800
vt 0.65590 0.68893
vt 0.64254 0.67463
vt 0.65326 0.70049
vt 0.64648 0.66748
vt 0.65616 0.67530
vt 0.65616 0.69672
vt 0.64467 0.69293
vt 0.64187 0.69377
vt 0.46508 0.32087
vt 0.47381 0.32087
vt 0.46647 0.32379
vt 0.41659 0.48885
vt 0.42435 0.48301
vt 0.42435 0.49078
vt 0.41662 0.48495
vt 0.29956 0.01214
vt 0.31337 0.01938
vt 0.30439 0.00534
vt 0.30540 0.01990
vt 0.29700 0.00574
vt 0.31009 0.00571
vt 0.31882 0.00574
vt 0.32444 0.01721
vt 0.29340 0.01112
vt 0.29731 0.01382
vt 0.55432 0.43545
vt 0.54880 0.42553
vt 0.55176 0.42779
vt 0.54879 0.44317
vt 0.54012 0.43454
vt 0.53783 0.42601
vt 0.55040 0.44769
vt 0.54129 0.44025
vt 0.54361 0.44741
vt 0.54682 0.41743
vt 0.55432 0.41602
vt 0.54957 0.45000
vt 0.55127 0.44471
vt 0.33666 0.40243
vt 0.34384 0.39078
vt 0.34323 0.39455
vt 0.33663 0.39992
vt 0.33257 0.39678
vt 0.33128 0.39396
vt 0.33194 0.39354
vt 0.33066 0.39201
vt 0.33026 0.39078
vt 0.27121 0.05071
vt 0.27759 0.04037
vt 0.26448 0.05183
vt 0.25433 0.02819
vt 0.27395 0.03221
vt 0.24766 0.04259
vt 0.24297 0.02767
vt 0.28678 0.04773
vt 0.27554 0.04837
vt 0.30075 0.02767
vt 0.30013 0.04353
vt 0.30892 0.03883
vt 0.28071 0.05182
vt 0.26595 0.05306
vt 0.25742 0.05485
vt 0.38167 0.49369
vt 0.39234 0.49369
vt 0.38789 0.49854
vt 0.78315 0.91032
vt 0.77026 0.90000
vt 0.78050 0.88555
vt 0.78105 0.87759
vt 0.77008 0.90986
vt 0.76075 0.90432
vt 0.76065 0.89469
vt 0.79195 0.87285
vt 0.79814 0.90168
vt 0.80165 0.89565
vt 0.79867 0.91569
vt 0.80135 0.87930
vt 0.79077 0.86010
vt 0.77459 0.86013
vt 0.77749 0.85239
vt 0.76487 0.85385
vt 0.76389 0.88664
vt 0.75745 0.85836
vt 0.75673 0.88241
vt 0.75039 0.87215
vt 0.74733 0.88053
vt 0.75480 0.89600
vt 0.76216 0.84816
vt 0.78913 0.92538
vt 0.80135 0.93252
vt 0.78437 0.92872
vt 0.77920 0.92236
vt 0.76781 0.92211
vt 0.75975 0.93121
vt 0.75021 0.91916
vt 0.76517 0.84387
vt 0.76982 0.83480
vt 0.76320 0.83562
vt 0.75845 0.84504
vt 0.76110 0.83449
vt 0.75365 0.84044
vt 0.77172 0.82808
vt 0.77463 0.82403
vt 0.78290 0.82282
vt 0.75447 0.83178
vt 0.75838 0.88907
vt 0.79389 0.41971
vt 0.78516 0.41674
vt 0.79115 0.41742
vt 0.78930 0.42466
vt 0.78582 0.42491
vt 0.78522 0.43155
vt 0.79220 0.41127
vt 0.79874 0.40340
vt 0.79092 0.41156
vt 0.79874 0.42512
vt 0.94714 0.47621
vt 0.94865 0.47330
vt 0.95393 0.47621
vt 0.23424 0.62082
vt 0.23487 0.61444
vt 0.23812 0.61408
vt 0.23812 0.62573
vt 0.49488 0.66845
vt 0.50388 0.67039
vt 0.49418 0.67039
vt 0.74733 0.80243
vt 0.74733 0.79272
vt 0.74539 0.79609
vt 0.01008 0.10055
vt 0.01018 0.09951
vt 0.00145 0.10340
vt 0.01018 0.10728
vt 0.98691 0.84806
vt 0.98691 0.83835
vt 0.98497 0.83931
vt 0.33366 0.72776
vt 0.33705 0.72864
vt 0.33622 0.71829
vt 0.33026 0.72089
vt 0.33705 0.71796
vt 0.44886 0.10900
vt 0.44735 0.09124
vt 0.44411 0.10415
vt 0.44310 0.09041
vt 0.45004 0.09568
vt 0.44560 0.11218
vt 0.44202 0.10676
vt 0.44094 0.09437
vt 0.43792 0.09735
vt 0.43988 0.10307
vt 0.46219 0.10676
vt 0.46347 0.08325
vt 0.46723 0.10970
vt 0.50026 0.10198
vt 0.49783 0.08325
vt 0.47493 0.11259
vt 0.50352 0.08835
vt 0.51074 0.09157
vt 0.51358 0.09136
vt 0.50048 0.10572
vt 0.47596 0.11493
vt 0.48736 0.11893
vt 0.46979 0.08301
vt 0.89287 0.83350
vt 0.89083 0.83265
vt 0.89260 0.83189
vt 0.90163 0.82718
vt 0.89570 0.82479
vt 0.90050 0.82477
vt 0.90478 0.81762
vt 0.89348 0.81599
vt 0.90404 0.80444
vt 0.89580 0.80730
vt 0.89764 0.79986
vt 0.90321 0.79633
vt 0.89937 0.78893
vt 0.90347 0.78889
vt 0.90907 0.78667
vt 0.89054 0.81383
vt 0.91271 0.79481
vt 0.91287 0.81088
vt 0.90911 0.82605
vt 0.91454 0.78516
vt 0.88894 0.83181
vt 0.88917 0.79529
vt 0.92221 0.79751
vt 0.92133 0.81129
vt 0.91950 0.82453
vt 0.92103 0.79016
vt 0.92567 0.83282
vt 0.92489 0.79375
vt 0.92921 0.80441
vt 0.92827 0.78853
vt 0.92862 0.81794
vt 0.92808 0.82860
vt 0.91355 0.77801
vt 0.92567 0.78222
vt 0.93068 0.77714
vt 0.91530 0.77025
vt 0.93852 0.81962
vt 0.93851 0.82186
vt 0.94044 0.81907
vt 0.94229 0.81854
vt 0.93328 0.78912
vt 0.93278 0.78251
vt 0.94170 0.78152
vt 0.93583 0.79129
vt 0.94040 0.77844
vt 0.93021 0.79572
vt 0.94229 0.77644
vt 0.93307 0.79948
vt 0.93374 0.79369
vt 0.93604 0.77252
vt 0.93034 0.76942
vt 0.99713 0.47393
vt 0.99429 0.46648
vt 0.99758 0.45971
vt 0.99176 0.47278
vt 0.99758 0.47816
vt 0.74248 0.37235
vt 0.74742 0.37190
vt 0.74927 0.36262
vt 0.74927 0.37816
vt 0.47478 0.75260
vt 0.46979 0.75405
vt 0.46990 0.75096
vt 0.47474 0.75496
vt 0.47409 0.75680
vt 0.46702 0.74757
vt 0.47474 0.74320
vt 0.82299 0.27156
vt 0.81838 0.27490
vt 0.82299 0.27913
vt 0.81620 0.27136
vt 0.94880 0.75019
vt 0.94261 0.72711
vt 0.96056 0.73043
vt 0.94461 0.72016
vt 0.96848 0.75341
vt 0.96497 0.71505
vt 0.96848 0.72086
vt 0.94229 0.74568
vt 0.95053 0.75874
vt 0.94406 0.75408
vt 0.75412 0.47913
vt 0.75412 0.46456
vt 0.74927 0.47396
vt 0.21484 0.76650
vt 0.23230 0.76650
vt 0.22853 0.77233
vt 0.74830 0.80728
vt 0.75800 0.80728
vt 0.75466 0.81117
vt 0.63261 0.00619
vt 0.64709 0.00049
vt 0.62628 0.00274
vt 0.62460 0.01117
vt 0.64743 0.00521
vt 0.61930 0.00049
vt 0.05300 0.43979
vt 0.04122 0.44275
vt 0.05577 0.43622
vt 0.04615 0.44696
vt 0.04612 0.43291
vt 0.04123 0.43601
vt 0.05536 0.44806
vt 0.04327 0.44700
vt 0.05281 0.43155
vt 0.05536 0.43186
vt 0.38310 0.93989
vt 0.37654 0.94417
vt 0.36998 0.93738
vt 0.38216 0.93738
vt 0.36809 0.94070
vt 0.38555 0.94070
vt 0.05616 0.09033
vt 0.05872 0.09701
vt 0.06826 0.08562
vt 0.05713 0.07750
vt 0.06801 0.07136
vt 0.04855 0.08019
vt 0.05273 0.09362
vt 0.04597 0.09449
vt 0.07965 0.07277
vt 0.07475 0.10700
vt 0.05709 0.10321
vt 0.09013 0.07296
vt 0.08382 0.10873
vt 0.09462 0.10432
vt 0.04072 0.08412
vt 0.05596 0.10721
vt 0.04161 0.09078
vt 0.09969 0.09985
vt 0.10377 0.08551
vt 0.10356 0.07136
vt 0.04106 0.07998
vt 0.03928 0.08205
vt 0.09050 0.11117
vt 0.10718 0.07641
vt 0.34594 0.04200
vt 0.34942 0.03718
vt 0.34648 0.03510
vt 0.35475 0.04868
vt 0.34028 0.04134
vt 0.34108 0.03329
vt 0.33828 0.04355
vt 0.35316 0.03246
vt 0.35738 0.03454
vt 0.34389 0.04468
vt 0.35704 0.03038
vt 0.35941 0.02807
vt 0.36712 0.03551
vt 0.36225 0.02695
vt 0.36458 0.03888
vt 0.36366 0.04666
vt 0.36232 0.02469
vt 0.36330 0.02379
vt 0.34604 0.05118
vt 0.34961 0.05583
vt 0.33248 0.02976
vt 0.33619 0.02501
vt 0.32949 0.02379
vt 0.32440 0.02832
vt 0.33138 0.03869
vt 0.32347 0.03945
vt 0.32754 0.04073
vt 0.33496 0.04333
vt 0.04485 0.79924
vt 0.04605 0.78077
vt 0.04043 0.80340
vt 0.02850 0.80012
vt 0.04979 0.79488
vt 0.02994 0.77979
vt 0.04391 0.77718
vt 0.05105 0.78549
vt 0.05675 0.78574
vt 0.05529 0.79655
vt 0.06720 0.79766
vt 0.06461 0.77893
vt 0.07420 0.78789
vt 0.07204 0.78068
vt 0.02408 0.77718
vt 0.01541 0.78927
vt 0.02414 0.80058
vt 0.01212 0.79862
vt 0.00921 0.79648
vt 0.39678 0.98432
vt 0.39427 0.98552
vt 0.40267 0.98808
vt 0.38777 0.99260
vt 0.38601 0.98202
vt 0.40618 0.99466
vt 0.40898 0.98855
vt 0.41437 0.99357
vt 0.41300 0.98771
vt 0.37876 0.98498
vt 0.38162 0.97837
vt 0.38545 0.97816
vt 0.42073 0.98470
vt 0.42190 0.99297
vt 0.42726 0.97816
vt 0.51552 0.70615
vt 0.50717 0.70534
vt 0.50473 0.71311
vt 0.49418 0.70615
vt 0.38361 0.99466
vt 0.39281 0.99827
vt 0.39622 0.99466
vt 0.38576 0.99951
vt 0.26140 0.87621
vt 0.26140 0.86942
vt 0.25849 0.87421
vt 0.35217 0.27289
vt 0.33645 0.25850
vt 0.34104 0.28286
vt 0.32444 0.26768
vt 0.35827 0.27855
vt 0.35576 0.29272
vt 0.32598 0.25495
vt 0.32526 0.27611
vt 0.34554 0.26034
vt 0.36010 0.27270
vt 0.35015 0.25811
vt 0.36099 0.26026
vt 0.36529 0.26825
vt 0.37585 0.27300
vt 0.34242 0.29005
vt 0.33362 0.28426
vt 0.36085 0.25485
vt 0.36764 0.25495
vt 0.01545 0.23686
vt 0.01018 0.23793
vt 0.01110 0.23351
vt 0.01600 0.23353
vt 0.01305 0.22864
vt 0.01057 0.24213
vt 0.01478 0.24201
vt 0.01600 0.24417
vt 0.89558 0.20469
vt 0.89272 0.20484
vt 0.89675 0.20852
vt 0.89961 0.20792
vt 0.89684 0.21311
vt 0.89090 0.21217
vt 0.88312 0.20289
vt 0.89594 0.20243
vt 0.89821 0.20289
vt 0.83812 0.01783
vt 0.83446 0.01019
vt 0.82869 0.01391
vt 0.83979 0.01190
vt 0.82976 0.01956
vt 0.82516 0.01961
vt 0.84298 0.01098
vt 0.81725 0.01098
vt 0.84132 0.01832
vt 0.84602 0.01524
vt 0.84627 0.01775
vt 0.83985 0.01989
vt 0.84378 0.02022
vt 0.84157 0.02062
vt 0.81717 0.02087
vt 0.00548 0.23701
vt 0.00428 0.23338
vt 0.00821 0.23155
vt 0.00189 0.23725
vt 0.00048 0.24227
vt 0.00824 0.24774
vt 0.00077 0.24914
vt 0.00821 0.25874
vt 0.14016 0.35291
vt 0.13337 0.36075
vt 0.14016 0.36165
vt 0.36518 0.45000
vt 0.36518 0.44612
vt 0.35936 0.44618
vt 0.01891 0.77330
vt 0.02570 0.77330
vt 0.02510 0.77524
vt 0.88118 0.27645
vt 0.88312 0.27522
vt 0.88163 0.27427
vt 0.88163 0.27913
vt 0.54947 0.58495
vt 0.54462 0.57816
vt 0.54462 0.58272
vt 0.00000 1.00000
vt 0.00000 1.00000
vt 0.00000 1.00000
vt 0.97274 0.32379
vt 0.97721 0.32473
vt 0.97179 0.32476
vt 0.96945 0.32473
vt 0.81135 0.35194
vt 0.81618 0.35097
vt 0.81620 0.35194
vt 0.66101 0.72476
vt 0.66101 0.71019
vt 0.65519 0.71986
vt 0.05646 0.05192
vt 0.05896 0.04724
vt 0.05697 0.04805
vt 0.05524 0.05388
vt 0.05965 0.04612
vt 0.04704 0.04612
vt 0.46184 0.13466
vt 0.48500 0.14063
vt 0.47196 0.11609
vt 0.46382 0.11756
vt 0.47785 0.14160
vt 0.46319 0.11176
vt 0.45702 0.12141
vt 0.48104 0.12089
vt 0.49460 0.12988
vt 0.49620 0.13806
vt 0.49943 0.14744
vt 0.52015 0.14731
vt 0.50968 0.13117
vt 0.51503 0.12956
vt 0.52917 0.12826
vt 0.53126 0.14484
vt 0.53817 0.13091
vt 0.54442 0.14483
vt 0.55141 0.12736
vt 0.53097 0.15291
vt 0.54145 0.11794
vt 0.45733 0.11450
vt 0.51043 0.12392
vt 0.50308 0.13018
vt 0.50056 0.13547
vt 0.53783 0.15123
vt 0.50662 0.12613
vt 0.55135 0.11863
vt 0.54955 0.10922
vt 0.49631 0.13507
vt 0.45853 0.10922
vt 0.45344 0.11447
vt 0.64445 0.27426
vt 0.65319 0.27632
vt 0.65308 0.26942
vt 0.65781 0.27667
vt 0.66198 0.26942
vt 0.64463 0.27718
vt 0.64233 0.27586
vt 0.64064 0.27502
vt 0.12433 0.10650
vt 0.13652 0.11019
vt 0.12133 0.09626
vt 0.13629 0.09676
vt 0.14574 0.10806
vt 0.14597 0.09563
vt 0.11383 0.10466
vt 0.10767 0.09974
vt 0.10524 0.10752
vt 0.11454 0.09563
vt 0.05092 0.62035
vt 0.05674 0.63155
vt 0.05674 0.61699
vt 0.00000 1.00000
vt 0.00000 1.00000
vt 0.00000 1.00000
vt 0.00000 1.00000
vt 0.59375 0.86311
vt 0.59333 0.86361
vt 0.59071 0.86156
vt 0.59602 0.85194
vt 0.59487 0.86471
vt 0.59602 0.86553
vt 0.58632 0.85594
vt 0.59308 0.86366
vt 0.75994 0.44126
vt 0.76091 0.43844
vt 0.75994 0.43835
vt 0.47265 0.57913
vt 0.47032 0.57953
vt 0.47179 0.58010
vt 0.47478 0.58009
vt 0.46993 0.58009
vt 0.10136 0.62249
vt 0.10229 0.62525
vt 0.10318 0.62331
vt 0.10621 0.63058
vt 0.10321 0.62187
vt 0.10621 0.62087
vt 0.89514 0.90151
vt 0.87827 0.91432
vt 0.88462 0.90578
vt 0.90737 0.93738
vt 0.89667 0.89876
vt 0.90737 0.90775
vt 0.88582 0.89629
vt 0.88093 0.89609
vt 0.89931 0.89177
vt 0.89462 0.89078
vt 0.67477 0.80512
vt 0.67168 0.80345
vt 0.67556 0.80728
vt 0.67556 0.79563
vt 0.61819 0.89996
vt 0.62094 0.90427
vt 0.61652 0.90414
vt 0.61441 0.89951
vt 0.62471 0.90304
vt 0.62997 0.90037
vt 0.62197 0.91019
vt 0.61064 0.90578
vt 0.60863 0.90037
vt 0.41368 0.26061
vt 0.41756 0.26553
vt 0.41756 0.25680
vt 0.33778 0.80775
vt 0.33148 0.80225
vt 0.33275 0.81501
vt 0.32861 0.81440
vt 0.34227 0.80270
vt 0.32774 0.79287
vt 0.34092 0.79451
vt 0.31688 0.79407
vt 0.35532 0.79478
vt 0.34366 0.81411
vt 0.35693 0.81317
vt 0.37379 0.81505
vt 0.37189 0.79439
vt 0.37705 0.79923
vt 0.37964 0.80905
vt 0.35719 0.79006
vt 0.37054 0.78842
vt 0.31203 0.78999
vt 0.31613 0.78566
vt 0.32693 0.78364
vt 0.33825 0.78290
vt 0.34628 0.77996
vt 0.35542 0.77488
vt 0.35520 0.76024
vt 0.34741 0.77123
vt 0.34228 0.76627
vt 0.36412 0.76448
vt 0.36099 0.78160
vt 0.33518 0.76786
vt 0.37207 0.77082
vt 0.37458 0.77680
vt 0.38473 0.76542
vt 0.39912 0.77219
vt 0.39629 0.75733
vt 0.37724 0.75470
vt 0.37099 0.76077
vt 0.38675 0.78163
vt 0.40773 0.76435
vt 0.38979 0.74030
vt 0.33225 0.76610
vt 0.32598 0.77121
vt 0.31918 0.77746
vt 0.30589 0.77286
vt 0.32051 0.76285
vt 0.30320 0.75860
vt 0.28458 0.76177
vt 0.29338 0.75397
vt 0.28311 0.75018
vt 0.27117 0.75299
vt 0.26270 0.73072
vt 0.25575 0.73227
vt 0.25364 0.72670
vt 0.42047 0.74854
vt 0.39616 0.73211
vt 0.39846 0.72670
vt 0.37754 0.79025
vt 0.50388 0.11408
vt 0.49224 0.11737
vt 0.50388 0.12476
vt 0.94035 0.51990
vt 0.94035 0.51117
vt 0.93841 0.51873
vt 0.60572 0.71990
vt 0.61154 0.71990
vt 0.60697 0.72184
vt 0.92090 0.20374
vt 0.91849 0.19568
vt 0.92442 0.19831
vt 0.91228 0.19394
vt 0.91263 0.20465
vt 0.90365 0.19976
vt 0.90903 0.19183
vt 0.90044 0.19516
vt 0.90325 0.19067
vt 0.89961 0.19649
vt 0.92373 0.21247
vt 0.91883 0.20889
vt 0.92664 0.20181
vt 0.93185 0.21133
vt 0.93484 0.19419
vt 0.93973 0.20356
vt 0.94035 0.18398
vt 0.93990 0.21724
vt 0.93466 0.22677
vt 0.94011 0.24048
vt 0.93225 0.24164
vt 0.94035 0.25583
vt 0.88506 0.36692
vt 0.88358 0.37959
vt 0.88120 0.36531
vt 0.87827 0.37507
vt 0.88458 0.38398
vt 0.88458 0.36068
vt 0.00145 0.16553
vt 0.01001 0.16553
vt 0.00691 0.17039
vt 0.01794 0.16834
vt 0.15745 0.69208
vt 0.16230 0.69416
vt 0.14599 0.69829
vt 0.16154 0.70351
vt 0.16015 0.68786
vt 0.14279 0.70475
vt 0.15168 0.71117
vt 0.13634 0.69387
vt 0.13769 0.69268
vt 0.13240 0.68786
vt 0.16272 0.71094
vt 0.14537 0.69050
vt 0.13620 0.69010
vt 0.16708 0.69892
vt 0.16925 0.69538
vt 0.13213 0.25830
vt 0.11791 0.23471
vt 0.13263 0.24384
vt 0.13844 0.25273
vt 0.11436 0.26460
vt 0.10492 0.26098
vt 0.09699 0.24471
vt 0.12847 0.23195
vt 0.09482 0.23845
vt 0.13277 0.22184
vt 0.12503 0.22233
vt 0.11285 0.23023
vt 0.13540 0.22539
vt 0.13715 0.23089
vt 0.14597 0.22309
vt 0.13509 0.26227
vt 0.14597 0.25798
vt 0.10177 0.27425
vt 0.09457 0.27427
vt 0.00000 1.00000
vt 0.00000 1.00000
vt 0.00000 1.00000
vt 0.00000 1.00000
vt 0.49709 0.31019
vt 0.49506 0.29499
vt 0.49014 0.29534
vt 0.48815 0.29070
vt 0.47866 0.29602
vt 0.49709 0.28883
vt 0.47609 0.43616
vt 0.47959 0.43722
vt 0.47783 0.43932
vt 0.47934 0.43796
vt 0.47288 0.43728
vt 0.47027 0.43544
vt 0.46246 0.43880
vt 0.45538 0.43616
vt 0.48060 0.43743
vt 0.41174 0.30049
vt 0.42241 0.30049
vt 0.41935 0.30437
vt 0.77013 0.12562
vt 0.76091 0.12963
vt 0.77097 0.13293
vt 0.76796 0.12264
vt 0.76241 0.12395
vt 0.76477 0.12087
vt 0.76602 0.13530
vt 0.76214 0.14543
vt 0.77095 0.13946
vt 0.77100 0.14612
vt 0.77158 0.13003
vt 0.77100 0.12399
vt 0.09748 0.73829
vt 0.09706 0.73155
vt 0.09457 0.73794
vt 0.09706 0.74126
vt 0.97075 0.01307
vt 0.98813 0.01311
vt 0.97095 0.00709
vt 0.99030 0.00049
vt 0.99661 0.00963
vt 0.96995 0.00049
vt 0.96460 0.00270
vt 0.34554 0.52481
vt 0.35354 0.52282
vt 0.34572 0.53350
vt 0.34031 0.53123
vt 0.33996 0.52282
vt 0.12561 0.97136
vt 0.12633 0.96748
vt 0.13173 0.96981
vt 0.13434 0.96748
vt 0.15410 0.23286
vt 0.15660 0.24252
vt 0.14720 0.24712
vt 0.14694 0.24016
vt 0.14944 0.23026
vt 0.15474 0.22670
vt 0.15694 0.23371
vt 0.15749 0.24709
vt 0.15633 0.25146
vt 0.15761 0.24924
vt 0.15694 0.25291
vt 0.14306 0.99099
vt 0.14527 0.99666
vt 0.14888 0.98925
vt 0.14340 0.98689
vt 0.14888 0.99951
vt 0.41247 0.87511
vt 0.39973 0.86262
vt 0.40629 0.87421
vt 0.41439 0.86262
vt 0.40753 0.87913
vt 0.39719 0.86674
vt 0.39821 0.87708
vt 0.41557 0.87357
vt 0.39956 0.87795
vt 0.42032 0.86514
vt 0.42241 0.86714
vt 0.45732 0.01990
vt 0.45012 0.01929
vt 0.45600 0.01699
vt 0.44859 0.01699
vt 0.65039 0.40182
vt 0.64681 0.40507
vt 0.65459 0.40534
vt 0.65441 0.40049
vt 0.63870 0.40049
vt 0.65810 0.40410
vt 0.25558 0.82961
vt 0.26272 0.82961
vt 0.26092 0.83350
vt 0.26819 0.83345
vt 0.36167 0.91354
vt 0.35948 0.92864
vt 0.35038 0.91652
vt 0.35810 0.90728
vt 0.36181 0.92384
vt 0.36615 0.92856
vt 0.35401 0.92825
vt 0.34600 0.92142
vt 0.34384 0.91934
vt 0.36615 0.90978
vt 0.89953 0.84029
vt 0.90446 0.84353
vt 0.89541 0.84515
vt 0.88894 0.84029
vt 0.39428 0.21990
vt 0.39428 0.20340
vt 0.39234 0.21327
vt 0.61071 0.59991
vt 0.61837 0.59890
vt 0.61183 0.58301
vt 0.61361 0.60388
vt 0.62347 0.58513
vt 0.60650 0.58698
vt 0.60475 0.58301
vt 0.61814 0.60619
vt 0.61711 0.60728
vt 0.62549 0.60570
vt 0.63191 0.58926
vt 0.63170 0.58463
vt 0.93647 0.53738
vt 0.93065 0.53738
vt 0.93537 0.53447
vt 0.77788 0.83932
vt 0.77352 0.83544
vt 0.78128 0.83544
vt 0.64645 0.39757
vt 0.64258 0.39563
vt 0.65131 0.39563
vt 0.34578 0.60437
vt 0.33899 0.60533
vt 0.34578 0.60922
vt 0.39136 0.08301
vt 0.39525 0.08495
vt 0.38749 0.08495
vt 0.91222 0.06553
vt 0.92192 0.06553
vt 0.92017 0.06650
vt 0.37876 0.82063
vt 0.37779 0.82034
vt 0.37789 0.82282
vt 0.37789 0.81796
vt 0.36615 0.54029
vt 0.36058 0.53391
vt 0.35955 0.53770
vt 0.36484 0.53350
vt 0.35548 0.53350
vt 0.80553 0.06942
vt 0.81097 0.06748
vt 0.81523 0.06942
vt 0.75144 0.29040
vt 0.75606 0.29621
vt 0.74844 0.29377
vt 0.74830 0.29757
vt 0.75606 0.28592
vt 0.99564 0.91216
vt 0.99103 0.91276
vt 0.99313 0.90757
vt 0.99536 0.91556
vt 0.99329 0.91754
vt 0.99141 0.91893
vt 0.98953 0.91325
vt 0.99544 0.91867
vt 0.99563 0.90638
vt 0.99564 0.89965
vt 0.98788 0.91125
vt 0.99238 0.89757
vt 0.11106 0.48204
vt 0.12076 0.48204
vt 0.11607 0.48495
vt 0.40980 0.60059
vt 0.41271 0.60825
vt 0.41154 0.59859
vt 0.41271 0.59272
vt 0.55141 0.89635
vt 0.55820 0.89660
vt 0.55820 0.89078
vt 0.57856 0.84705
vt 0.57662 0.84417
vt 0.57662 0.84903
vt 0.42495 0.10118
vt 0.42849 0.09459
vt 0.43155 0.10845
vt 0.42329 0.09475
vt 0.41998 0.09784
vt 0.43465 0.09581
vt 0.43598 0.09197
vt 0.43541 0.08786
vt 0.42652 0.10816
vt 0.43055 0.10902
vt 0.43541 0.11408
vt 0.42288 0.10264
vt 0.41853 0.09992
vt 0.58826 0.82344
vt 0.61834 0.83139
vt 0.60535 0.83442
vt 0.60240 0.81578
vt 0.57692 0.83507
vt 0.62027 0.82088
vt 0.62922 0.82405
vt 0.62364 0.79284
vt 0.63097 0.79182
vt 0.62718 0.77411
vt 0.61062 0.77988
vt 0.62313 0.76381
vt 0.61787 0.80573
vt 0.59824 0.80410
vt 0.61770 0.79550
vt 0.59582 0.78786
vt 0.63340 0.84206
vt 0.63374 0.85118
vt 0.63482 0.75803
vt 0.63017 0.75194
vt 0.58853 0.84599
vt 0.59797 0.84829
vt 0.62061 0.85682
vt 0.60523 0.85911
vt 0.61181 0.86345
vt 0.63482 0.87177
vt 0.62869 0.89147
vt 0.61524 0.87665
vt 0.60973 0.86676
vt 0.61662 0.88712
vt 0.61908 0.89854
vt 0.57815 0.84113
vt 0.57177 0.83594
vt 0.99800 0.68008
vt 0.98663 0.67785
vt 0.98802 0.68265
vt 0.98970 0.67669
vt 0.99352 0.67559
vt 0.98206 0.67233
vt 0.98422 0.67255
vt 0.99039 0.68935
vt 0.99549 0.69354
vt 0.98557 0.68775
vt 0.99952 0.67630
vt 0.99827 0.67233
vt 0.99950 0.69369
vt 0.39305 0.00686
vt 0.40689 0.00379
vt 0.39144 0.00049
vt 0.38167 0.00049
vt 0.39014 0.01019
vt 0.90611 0.77586
vt 0.90119 0.78398
vt 0.90228 0.77741
vt 0.89573 0.77427
vt 0.90653 0.78325
vt 0.91125 0.77427
vt 0.45926 0.81311
vt 0.46508 0.81602
vt 0.45990 0.81602
vt 0.70785 0.12227
vt 0.68282 0.12356
vt 0.68563 0.14029
vt 0.70275 0.13833
vt 0.66820 0.13593
vt 0.67577 0.12010
vt 0.65854 0.13018
vt 0.66878 0.11722
vt 0.64803 0.12709
vt 0.66115 0.11214
vt 0.65033 0.13791
vt 0.64021 0.11912
vt 0.69361 0.11714
vt 0.64716 0.11271
vt 0.63967 0.11257
vt 0.71730 0.12231
vt 0.72773 0.12395
vt 0.72135 0.11349
vt 0.73077 0.11214
vt 0.74830 0.12171
vt 0.71133 0.11451
vt 0.55141 0.10108
vt 0.55376 0.09534
vt 0.55723 0.09577
vt 0.55723 0.10922
vt 0.55351 0.09078
vt 0.21125 0.38188
vt 0.21705 0.38398
vt 0.21094 0.37718
vt 0.22454 0.37718
vt 0.20632 0.38213
vt 0.20514 0.38136
vt 0.64561 0.46005
vt 0.65999 0.47654
vt 0.64588 0.47210
vt 0.65654 0.50249
vt 0.65947 0.45916
vt 0.66311 0.50138
vt 0.65919 0.43913
vt 0.65845 0.52687
vt 0.64226 0.52254
vt 0.63522 0.50728
vt 0.64341 0.49252
vt 0.65048 0.52830
vt 0.65649 0.54523
vt 0.66497 0.55085
vt 0.66215 0.56262
vt 0.64396 0.44720
vt 0.63680 0.43866
vt 0.63300 0.44514
vt 0.64468 0.43184
vt 0.63504 0.49605
vt 0.63674 0.49328
vt 0.66603 0.53076
vt 0.63719 0.45158
vt 0.64449 0.45933
vt 0.62986 0.46394
vt 0.64474 0.46195
vt 0.64293 0.47267
vt 0.62932 0.48006
vt 0.64327 0.48878
vt 0.63436 0.48593
vt 0.61833 0.47644
vt 0.63700 0.49222
vt 0.66780 0.51787
vt 0.62265 0.48045
vt 0.63624 0.51535
vt 0.62581 0.49558
vt 0.64884 0.41231
vt 0.63575 0.40945
vt 0.64934 0.40671
vt 0.63571 0.42469
vt 0.62629 0.41225
vt 0.66780 0.41003
vt 0.66661 0.42371
vt 0.62698 0.48603
vt 0.66341 0.40631
vt 0.84918 0.99951
vt 0.84135 0.98776
vt 0.83469 0.99287
vt 0.84611 0.98726
vt 0.84462 0.98495
vt 0.83366 0.98538
vt 0.83400 0.98495
vt 0.83994 0.99871
vt 0.83600 0.99521
vt 0.50873 0.94320
vt 0.51649 0.94320
vt 0.51645 0.94612
vt 0.00000 1.00000
vt 0.00000 1.00000
vt 0.00000 1.00000
vt 0.00000 1.00000
vt 0.08616 0.61619
vt 0.09160 0.61909
vt 0.08927 0.61682
vt 0.08901 0.62206
vt 0.08994 0.62231
vt 0.09244 0.62282
vt 0.08835 0.62193
vt 0.08293 0.60931
vt 0.09412 0.61974
vt 0.09075 0.60825
vt 0.10228 0.61216
vt 0.11106 0.60825
vt 0.01159 0.33348
vt 0.01094 0.32259
vt 0.00946 0.32229
vt 0.01406 0.32151
vt 0.00464 0.33740
vt 0.01406 0.34223
vt 0.00378 0.32832
vt 0.00242 0.31893
vt 0.99005 0.95903
vt 0.99650 0.94806
vt 0.99855 0.95191
vt 0.98497 0.95957
vt 0.99508 0.96648
vt 0.99855 0.97745
vt 0.98894 0.96938
vt 0.99006 0.98359
vt 0.99743 0.99369
vt 0.40003 0.41122
vt 0.39040 0.42506
vt 0.40495 0.42994
vt 0.40495 0.40243
vt 0.39836 0.43641
vt 0.40070 0.44126
vt 0.75606 0.71699
vt 0.75606 0.72767
vt 0.75800 0.72277
vt 0.60087 0.91818
vt 0.59893 0.91214
vt 0.59893 0.91990
vt 0.74075 0.01505
vt 0.73447 0.00587
vt 0.74679 0.00590
vt 0.74512 0.00384
vt 0.74727 0.00741
vt 0.74841 0.00243
vt 0.75015 0.00435
vt 0.73370 0.00483
vt 0.72405 0.00243
vt 0.74945 0.01150
vt 0.75068 0.00496
vt 0.75121 0.00561
vt 0.49177 0.85373
vt 0.49252 0.86450
vt 0.49985 0.85851
vt 0.50000 0.84913
vt 0.49003 0.85233
vt 0.48836 0.85301
vt 0.49299 0.84417
vt 0.49091 0.87330
vt 0.50000 0.86747
vt 0.96654 0.91825
vt 0.97818 0.91880
vt 0.96760 0.92529
vt 0.97240 0.91408
vt 0.97818 0.92864
vt 0.74248 0.65485
vt 0.74248 0.64320
vt 0.73569 0.65246
vt 0.73825 0.64452
vt 0.50547 0.23688
vt 0.49030 0.22881
vt 0.50362 0.24676
vt 0.49819 0.22476
vt 0.50582 0.22476
vt 0.49165 0.24017
vt 0.49651 0.25388
vt 0.94229 0.37724
vt 0.94354 0.37198
vt 0.94602 0.37820
vt 0.94617 0.37424
vt 0.94490 0.38318
vt 0.94617 0.39078
vt 0.94464 0.36553
vt 0.53379 0.17816
vt 0.53069 0.17233
vt 0.52980 0.17384
vt 0.52425 0.17325
vt 0.54171 0.17325
vt 0.47187 0.66748
vt 0.47381 0.66176
vt 0.47187 0.66068
vt 0.68273 0.79466
vt 0.68041 0.80049
vt 0.68815 0.79905
vt 0.69496 0.79466
vt 0.28213 0.69330
vt 0.28450 0.70292
vt 0.27193 0.69519
vt 0.25665 0.69803
vt 0.30154 0.69655
vt 0.30008 0.67842
vt 0.32092 0.65855
vt 0.32507 0.67550
vt 0.30916 0.67484
vt 0.32033 0.70349
vt 0.34218 0.66896
vt 0.34413 0.65246
vt 0.37275 0.66263
vt 0.35930 0.66955
vt 0.32729 0.64771
vt 0.33784 0.63789
vt 0.37338 0.67515
vt 0.36630 0.69167
vt 0.38390 0.68314
vt 0.36305 0.64328
vt 0.34901 0.63987
vt 0.34521 0.62969
vt 0.35544 0.62370
vt 0.38318 0.64212
vt 0.38689 0.65272
vt 0.38846 0.66579
vt 0.34400 0.67888
vt 0.32693 0.63411
vt 0.33314 0.69097
vt 0.33695 0.69180
vt 0.34965 0.70126
vt 0.30860 0.66709
vt 0.31205 0.71328
vt 0.33247 0.71191
vt 0.32468 0.71851
vt 0.33609 0.70491
vt 0.31567 0.63727
vt 0.31692 0.64491
vt 0.30246 0.64358
vt 0.30173 0.65076
vt 0.29448 0.65182
vt 0.29689 0.63547
vt 0.27578 0.64126
vt 0.28174 0.62640
vt 0.26399 0.63712
vt 0.26699 0.61876
vt 0.28046 0.61251
vt 0.29170 0.61214
vt 0.25558 0.63131
vt 0.28647 0.65702
vt 0.27000 0.65685
vt 0.26437 0.64217
vt 0.28056 0.66846
vt 0.27287 0.67218
vt 0.28470 0.67273
vt 0.29374 0.66762
vt 0.33882 0.71243
vt 0.36015 0.71285
vt 0.37654 0.70311
vt 0.37034 0.69410
vt 0.34226 0.73053
vt 0.37164 0.72442
vt 0.36015 0.73333
vt 0.34980 0.74417
vt 0.38554 0.71515
vt 0.38846 0.72576
vt 0.91292 0.88059
vt 0.91701 0.87682
vt 0.90931 0.86867
vt 0.91145 0.86348
vt 0.91866 0.89262
vt 0.91237 0.89033
vt 0.92192 0.89466
vt 0.91954 0.87139
vt 0.91403 0.86094
vt 0.92192 0.85874
vt 0.40729 0.30167
vt 0.40301 0.30789
vt 0.40348 0.30103
vt 0.40980 0.31019
vt 0.40980 0.29757
vt 0.03339 0.83252
vt 0.02958 0.82767
vt 0.04219 0.82767
vt 0.34193 0.49265
vt 0.33943 0.48901
vt 0.34287 0.48621
vt 0.33791 0.49578
vt 0.34200 0.49951
vt 0.33511 0.49279
vt 0.33522 0.48850
vt 0.33720 0.48355
vt 0.34200 0.48301
vt 0.12319 0.95971
vt 0.12118 0.96560
vt 0.12558 0.96631
vt 0.11938 0.96075
vt 0.11574 0.96650
vt 0.11300 0.95973
vt 0.12958 0.96485
vt 0.12984 0.95973
vt 0.13434 0.96163
vt 0.99325 0.76352
vt 0.98914 0.76893
vt 0.98707 0.76780
vt 0.98673 0.76241
vt 0.99495 0.75881
vt 0.99952 0.76048
vt 0.98109 0.76555
vt 0.98210 0.77173
vt 0.98927 0.77304
vt 0.98833 0.75874
vt 0.99497 0.77621
vt 0.99952 0.77479
vt 0.25963 0.01526
vt 0.27360 0.01425
vt 0.27833 0.02122
vt 0.27670 0.02864
vt 0.25735 0.02264
vt 0.23521 0.01311
vt 0.27983 0.01311
vt 0.08533 0.99272
vt 0.08099 0.98592
vt 0.08565 0.98897
vt 0.08972 0.98592
vt 0.93550 0.95000
vt 0.93550 0.94126
vt 0.93453 0.94463
vt 0.94403 0.77605
vt 0.95005 0.77156
vt 0.94326 0.77039
vt 0.95005 0.78010
vt 0.71054 0.51536
vt 0.70622 0.50068
vt 0.71242 0.50054
vt 0.71051 0.48626
vt 0.70141 0.48564
vt 0.70926 0.47465
vt 0.70369 0.46470
vt 0.70450 0.45542
vt 0.69332 0.44645
vt 0.70145 0.44512
vt 0.69963 0.42725
vt 0.69949 0.41600
vt 0.68221 0.43050
vt 0.67853 0.42199
vt 0.68528 0.40047
vt 0.69999 0.40495
vt 0.71242 0.39078
vt 0.69589 0.46718
vt 0.67995 0.52064
vt 0.68440 0.52578
vt 0.67762 0.53133
vt 0.68459 0.51569
vt 0.67382 0.54223
vt 0.68100 0.50394
vt 0.67600 0.51544
vt 0.67522 0.50109
vt 0.67687 0.48619
vt 0.68404 0.46224
vt 0.68001 0.45014
vt 0.67944 0.46378
vt 0.67265 0.46926
vt 0.67593 0.66435
vt 0.65694 0.62780
vt 0.67358 0.65285
vt 0.67015 0.63880
vt 0.67353 0.62411
vt 0.66313 0.62001
vt 0.67353 0.61850
vt 0.64740 0.62920
vt 0.65199 0.64189
vt 0.65912 0.65688
vt 0.66567 0.66705
vt 0.67120 0.67871
vt 0.68323 0.68281
vt 0.68284 0.69510
vt 0.68894 0.69219
vt 0.69955 0.70693
vt 0.70033 0.72096
vt 0.70557 0.71639
vt 0.66802 0.61034
vt 0.71145 0.72573
vt 0.67623 0.61502
vt 0.68410 0.60286
vt 0.68414 0.60865
vt 0.69224 0.60546
vt 0.70102 0.59660
vt 0.64978 0.65198
vt 0.70216 0.60371
vt 0.71145 0.59684
vt 0.64549 0.63977
vt 0.67569 0.69828
vt 0.68407 0.70617
vt 0.66398 0.68061
vt 0.65746 0.66678
vt 0.11369 0.03862
vt 0.12172 0.05577
vt 0.12812 0.04910
vt 0.14594 0.06301
vt 0.11119 0.05073
vt 0.10930 0.04141
vt 0.09525 0.05434
vt 0.10456 0.03641
vt 0.09263 0.04059
vt 0.11864 0.06748
vt 0.15014 0.04935
vt 0.15691 0.05105
vt 0.15858 0.04205
vt 0.14359 0.04162
vt 0.14797 0.03641
vt 0.00000 1.00000
vt 0.00000 1.00000
vt 0.00000 1.00000
vt 0.67861 0.81890
vt 0.68315 0.82250
vt 0.67773 0.82720
vt 0.68722 0.81990
vt 0.67400 0.81702
vt 0.66780 0.83045
vt 0.67679 0.81062
vt 0.67951 0.82980
vt 0.68523 0.82966
vt 0.67226 0.80958
vt 0.68341 0.84709
vt 0.68737 0.83013
vt 0.69170 0.80534
vt 0.69399 0.81843
vt 0.68771 0.84662
vt 0.69089 0.84182
vt 0.69399 0.83203
vt 0.06295 0.88631
vt 0.06359 0.88592
vt 0.06334 0.88466
vt 0.06438 0.88604
vt 0.06082 0.88623
vt 0.05522 0.87624
vt 0.05379 0.88201
vt 0.05789 0.87867
vt 0.06935 0.87861
vt 0.04434 0.87791
vt 0.04649 0.88871
vt 0.03505 0.88708
vt 0.06459 0.88883
vt 0.03322 0.87039
vt 0.02473 0.88490
vt 0.06467 0.87039
vt 0.25752 0.63738
vt 0.25863 0.63641
vt 0.25946 0.63738
vt 0.53517 0.01174
vt 0.53372 0.00756
vt 0.51974 0.01128
vt 0.51910 0.00765
vt 0.53864 0.02129
vt 0.52222 0.02282
vt 0.51261 0.02016
vt 0.54365 0.01359
vt 0.53459 0.00243
vt 0.51616 0.00243
vt 0.95644 0.28674
vt 0.96398 0.28586
vt 0.95330 0.29272
vt 0.94678 0.28495
vt 0.96789 0.28782
vt 0.97042 0.28578
vt 0.94936 0.29155
vt 0.94326 0.28578
vt 0.97721 0.44312
vt 0.96751 0.44674
vt 0.97659 0.44972
vt 0.97179 0.44126
vt 0.97721 0.46068
vt 0.86954 0.66845
vt 0.86954 0.65777
vt 0.86566 0.66171
vt 0.99596 0.05874
vt 0.99865 0.06272
vt 0.99926 0.06295
vt 0.99934 0.07577
vt 0.99337 0.06930
vt 0.99952 0.05955
vt 0.99646 0.07953
vt 0.99273 0.07340
vt 0.99952 0.08689
vt 0.96557 0.78999
vt 0.96555 0.78301
vt 0.96460 0.79220
vt 0.96555 0.79369
vt 0.61736 0.08161
vt 0.62178 0.08204
vt 0.62062 0.08093
vt 0.62558 0.08054
vt 0.62000 0.07718
vt 0.62565 0.08077
vt 0.62900 0.08161
vt 0.85597 0.83350
vt 0.84754 0.83544
vt 0.84045 0.83350
vt 0.95970 0.60401
vt 0.95878 0.60049
vt 0.95911 0.60395
vt 0.95878 0.61699
vt 0.95975 0.60373
vt 0.34934 0.96456
vt 0.34287 0.96456
vt 0.34562 0.96755
vt 0.34966 0.96942
vt 0.36227 0.28174
vt 0.36033 0.27845
vt 0.36037 0.29175
vt 0.36037 0.27816
vt 0.85015 0.65239
vt 0.85099 0.64320
vt 0.85112 0.65006
vt 0.85099 0.65388
vt 0.40859 0.71529
vt 0.41659 0.70636
vt 0.40088 0.70935
vt 0.40343 0.72087
vt 0.39525 0.71071
vt 0.41645 0.71086
vt 0.40734 0.70098
vt 0.41461 0.69466
vt 0.39784 0.69466
vt 0.13822 0.70728
vt 0.13307 0.71214
vt 0.12852 0.70728
vt 0.66295 0.59761
vt 0.66877 0.60049
vt 0.66877 0.59369
vt 0.98134 0.63985
vt 0.97914 0.62612
vt 0.97320 0.63518
vt 0.98886 0.62476
vt 0.99152 0.63221
vt 0.98717 0.64995
vt 0.96072 0.62476
vt 0.96106 0.64285
vt 0.97754 0.65777
vt 0.99467 0.64024
vt 0.31911 0.21205
vt 0.32797 0.19745
vt 0.31852 0.20082
vt 0.32144 0.19137
vt 0.30903 0.20021
vt 0.33485 0.20414
vt 0.33872 0.21284
vt 0.34063 0.20796
vt 0.35684 0.21360
vt 0.36971 0.20673
vt 0.33949 0.19684
vt 0.33432 0.19310
vt 0.30231 0.21256
vt 0.31458 0.19215
vt 0.31631 0.22071
vt 0.29923 0.20315
vt 0.28910 0.20678
vt 0.28786 0.19704
vt 0.29639 0.18934
vt 0.28175 0.18883
vt 0.28896 0.21699
vt 0.29311 0.22898
vt 0.30513 0.22304
vt 0.30018 0.23714
vt 0.31184 0.23715
vt 0.32056 0.22868
vt 0.28983 0.24267
vt 0.32342 0.23745
vt 0.33644 0.24515
vt 0.28860 0.23076
vt 0.27886 0.24033
vt 0.28596 0.22951
vt 0.34852 0.20114
vt 0.35902 0.19695
vt 0.38084 0.19435
vt 0.38901 0.20019
vt 0.38943 0.18883
vt 0.23449 0.73058
vt 0.24582 0.74024
vt 0.23232 0.74097
vt 0.24561 0.74442
vt 0.24782 0.73058
vt 0.24051 0.74798
vt 0.23435 0.74806
vt 0.22842 0.73385
vt 0.55228 0.03835
vt 0.53969 0.02684
vt 0.53292 0.03932
vt 0.53170 0.02620
vt 0.52428 0.03704
vt 0.51855 0.03155
vt 0.52111 0.02415
vt 0.54972 0.02282
vt 0.56209 0.03455
vt 0.55784 0.02401
vt 0.56784 0.03297
vt 0.57081 0.02538
vt 0.51358 0.02282
vt 0.26043 0.00146
vt 0.24649 0.01019
vt 0.23991 0.00146
vt 0.23909 0.00878
vt 0.53694 0.50791
vt 0.53902 0.52610
vt 0.53344 0.53810
vt 0.53667 0.54562
vt 0.52765 0.54477
vt 0.52814 0.52655
vt 0.52626 0.50584
vt 0.52228 0.49381
vt 0.52835 0.48975
vt 0.51746 0.48431
vt 0.54268 0.49415
vt 0.54268 0.47330
vt 0.52635 0.53695
vt 0.52298 0.55053
vt 0.52578 0.55583
vt 0.52292 0.55398
vt 0.67525 0.11408
vt 0.68041 0.11019
vt 0.67600 0.11066
vt 0.66683 0.11019
vt 0.33177 0.96359
vt 0.32346 0.94515
vt 0.32705 0.95693
vt 0.31959 0.95543
vt 0.32261 0.95984
vt 0.34554 0.96056
vt 0.35097 0.94515
vt 0.35645 0.95688
vt 0.99833 0.27602
vt 0.98664 0.26573
vt 0.99952 0.26830
vt 0.99648 0.26064
vt 0.99730 0.25953
vt 0.99647 0.25744
vt 0.99604 0.25639
vt 0.98594 0.27215
vt 0.99792 0.26019
vt 0.99710 0.25583
vt 0.99005 0.27865
vt 0.99937 0.28202
vt 0.99596 0.28516
vt 0.99212 0.28544
vt 0.99952 0.29175
vt 0.44327 0.01000
vt 0.44094 0.00619
vt 0.44407 0.01545
vt 0.44956 0.00534
vt 0.43792 0.00534
vt 0.44796 0.02282
vt 0.44681 0.01416
vt 0.19961 0.48666
vt 0.19791 0.48316
vt 0.19804 0.48466
vt 0.20045 0.49563
vt 0.20367 0.48583
vt 0.19383 0.48419
vt 0.19350 0.48301
vt 0.20611 0.48301
vt 0.97886 0.10846
vt 0.97775 0.11545
vt 0.97085 0.10843
vt 0.97473 0.11905
vt 0.97669 0.12225
vt 0.98400 0.12532
vt 0.97075 0.11650
vt 0.97553 0.12771
vt 0.97286 0.12657
vt 0.96936 0.13447
vt 0.97356 0.09684
vt 0.96654 0.10326
vt 0.96737 0.11445
vt 0.96752 0.09506
vt 0.97385 0.09237
vt 0.98388 0.10560
vt 0.97860 0.11145
vt 0.98400 0.09959
vt 0.97444 0.08786
vt 0.19253 0.15291
vt 0.19253 0.14320
vt 0.19156 0.14780
vt 0.76020 0.26477
vt 0.75840 0.25905
vt 0.75736 0.26143
vt 0.76339 0.26173
vt 0.76712 0.26720
vt 0.76632 0.27979
vt 0.77113 0.27661
vt 0.75703 0.25874
vt 0.78135 0.28098
vt 0.77745 0.27299
vt 0.76236 0.28981
vt 0.78666 0.26934
vt 0.77107 0.26451
vt 0.77454 0.26517
vt 0.78262 0.25957
vt 0.79292 0.25874
vt 0.80548 0.65676
vt 0.79980 0.64948
vt 0.80514 0.64873
vt 0.80553 0.64223
vt 0.79777 0.65361
vt 0.80102 0.66213
vt 0.80553 0.66359
vt 0.14597 0.14612
vt 0.16246 0.14612
vt 0.15742 0.15291
vt 0.98109 0.84111
vt 0.97980 0.83447
vt 0.97624 0.84064
vt 0.97844 0.83518
vt 0.97980 0.84903
vt 0.80862 0.99272
vt 0.79281 0.99272
vt 0.80776 0.99712
vt 0.81426 0.99636
vt 0.79195 0.99854
vt 0.81200 0.99794
vt 0.85470 0.81729
vt 0.84960 0.82839
vt 0.85694 0.82495
vt 0.84935 0.81699
vt 0.85595 0.82961
vt 0.84365 0.82313
vt 0.83657 0.81729
vt 0.58610 0.32834
vt 0.59602 0.32573
vt 0.58682 0.33474
vt 0.57953 0.32957
vt 0.59602 0.33835
vt 0.34192 0.16492
vt 0.33814 0.15615
vt 0.31960 0.15883
vt 0.35307 0.15327
vt 0.37227 0.16026
vt 0.36264 0.16657
vt 0.32012 0.15097
vt 0.37874 0.16270
vt 0.37309 0.18082
vt 0.38070 0.15097
vt 0.35795 0.17574
vt 0.36575 0.19022
vt 0.32065 0.16942
vt 0.34777 0.18506
vt 0.33275 0.19078
vt 0.32106 0.18357
vt 0.30055 0.18669
vt 0.30795 0.17605
vt 0.30526 0.15542
vt 0.30377 0.16884
vt 0.30056 0.15957
vt 0.28772 0.16614
vt 0.28499 0.15565
vt 0.34067 0.15243
vt 0.29639 0.17562
vt 0.28807 0.18138
vt 0.30979 0.15234
vt 0.29638 0.15544
vt 0.29901 0.15737
vt 0.28477 0.17415
vt 0.27304 0.17545
vt 0.96460 0.17287
vt 0.96898 0.17207
vt 0.96515 0.18467
vt 0.97233 0.19245
vt 0.97380 0.20336
vt 0.98012 0.20631
vt 0.97411 0.16056
vt 0.97014 0.15813
vt 0.98012 0.15000
vt 0.51164 0.10631
vt 0.50717 0.11358
vt 0.51164 0.11505
vt 0.50291 0.10703
vt 0.32347 0.27114
vt 0.32202 0.26359
vt 0.32153 0.26660
vt 0.32202 0.27427
vt 0.56122 0.48423
vt 0.55650 0.48134
vt 0.56200 0.47816
vt 0.54462 0.49127
vt 0.55207 0.47977
vt 0.56499 0.48368
vt 0.56427 0.49353
vt 0.55362 0.52107
vt 0.55111 0.49802
vt 0.56499 0.50577
vt 0.54490 0.51264
vt 0.54914 0.52864
vt 0.54566 0.49310
vt 0.55962 0.51658
vt 0.01131 0.31505
vt 0.00809 0.31585
vt 0.00860 0.31893
vt 0.01268 0.31808
vt 0.01406 0.31730
vt 0.00533 0.31730
vt 0.80650 0.71408
vt 0.80068 0.70841
vt 0.80404 0.71369
vt 0.80650 0.70728
vt 0.80804 0.63544
vt 0.80165 0.62767
vt 0.81232 0.62767
vt 0.98415 0.73486
vt 0.99351 0.72211
vt 0.99317 0.73211
vt 0.99564 0.71223
vt 0.97333 0.72091
vt 0.98002 0.71361
vt 0.98540 0.70437
vt 0.97544 0.73125
vt 0.98319 0.74068
vt 0.99564 0.74223
vt 0.97699 0.73858
vt 0.53702 0.90437
vt 0.53832 0.90377
vt 0.53285 0.89951
vt 0.53007 0.90351
vt 0.54462 0.89951
vt 0.51233 0.00243
vt 0.50873 0.00049
vt 0.51649 0.00049
vt 0.98476 0.36104
vt 0.98368 0.35356
vt 0.99176 0.36075
vt 0.99176 0.38981
vt 0.97042 0.35746
vt 0.97426 0.38251
vt 0.98429 0.34899
vt 0.97455 0.34515
vt 0.76091 0.47913
vt 0.76091 0.46748
vt 0.75509 0.46833
vt 0.88827 0.62514
vt 0.88530 0.61541
vt 0.89736 0.61471
vt 0.90058 0.61800
vt 0.89967 0.63308
vt 0.89266 0.63488
vt 0.90058 0.63868
vt 0.88892 0.64806
vt 0.88118 0.63571
vt 0.89448 0.60933
vt 0.88568 0.60924
vt 0.88257 0.60185
vt 0.89557 0.60201
vt 0.89498 0.59750
vt 0.88133 0.59466
vt 0.86663 0.24679
vt 0.84918 0.24033
vt 0.86077 0.23763
vt 0.86144 0.25291
vt 0.86511 0.23864
vt 0.84980 0.23414
vt 0.85809 0.22775
vt 0.86663 0.22087
vt 0.53692 0.20340
vt 0.53686 0.20567
vt 0.53977 0.20640
vt 0.53692 0.21019
vt 0.50291 0.02535
vt 0.51036 0.02117
vt 0.51261 0.02358
vt 0.50594 0.03406
vt 0.50491 0.02130
vt 0.51178 0.00825
vt 0.50878 0.03544
vt 0.51178 0.03519
vt 0.50543 0.01457
vt 0.85819 0.11185
vt 0.87026 0.10781
vt 0.87058 0.11408
vt 0.88321 0.11505
vt 0.88580 0.10855
vt 0.88894 0.10957
vt 0.86094 0.10973
vt 0.85597 0.10849
vt 0.86092 0.10789
vt 0.85640 0.10631
vt 0.88773 0.10779
vt 0.88759 0.10631
vt 0.39331 0.48398
vt 0.39331 0.47136
vt 0.38749 0.47653
vt 0.52231 0.85583
vt 0.51937 0.86262
vt 0.51552 0.85583
vt 0.43307 0.45465
vt 0.43579 0.45680
vt 0.44232 0.44881
vt 0.43231 0.44806
vt 0.44859 0.44806
vt 0.43210 0.45672
vt 0.07479 0.89078
vt 0.07702 0.88651
vt 0.07308 0.88537
vt 0.07905 0.88866
vt 0.07883 0.88495
vt 0.06741 0.88495
vt 0.06772 0.88890
vt 0.61920 0.97487
vt 0.60825 0.97556
vt 0.61337 0.98096
vt 0.60688 0.98160
vt 0.62149 0.98061
vt 0.61747 0.98301
vt 0.61352 0.97082
vt 0.60637 0.96872
vt 0.62318 0.96845
vt 0.60378 0.96845
vt 0.04188 0.95970
vt 0.05165 0.95645
vt 0.04749 0.95272
vt 0.03780 0.95752
vt 0.04031 0.95097
vt 0.03152 0.95561
vt 0.04665 0.96359
vt 0.05577 0.96211
vt 0.04945 0.95097
vt 0.18718 0.60912
vt 0.17204 0.60874
vt 0.18473 0.59172
vt 0.17119 0.60184
vt 0.17848 0.59343
vt 0.18962 0.58398
vt 0.17708 0.61756
vt 0.18962 0.62087
vt 0.54171 0.33641
vt 0.54850 0.33641
vt 0.54178 0.34612
vt 0.22648 0.37524
vt 0.22939 0.36986
vt 0.22648 0.36553
vt 0.67556 0.73547
vt 0.67750 0.73641
vt 0.67750 0.73350
vt 0.08333 0.47039
vt 0.07142 0.46165
vt 0.07065 0.46881
vt 0.08685 0.46165
vt 0.08875 0.46343
vt 0.06789 0.47021
vt 0.05771 0.46432
vt 0.23569 0.03683
vt 0.22243 0.03314
vt 0.22727 0.04043
vt 0.23110 0.04598
vt 0.23868 0.04038
vt 0.24086 0.03753
vt 0.24188 0.03411
vt 0.23236 0.02282
vt 0.22499 0.04130
vt 0.22656 0.04612
vt 0.24297 0.03735
vt 0.23998 0.03870
vt 0.20711 0.03367
vt 0.21766 0.03510
vt 0.20932 0.02785
vt 0.19702 0.02282
vt 0.21986 0.03112
vt 0.19059 0.02460
vt 0.21054 0.04286
vt 0.22429 0.03783
vt 0.46360 0.62747
vt 0.46093 0.63397
vt 0.45538 0.63181
vt 0.45806 0.63520
vt 0.46570 0.63167
vt 0.46702 0.62469
vt 0.45736 0.62592
vt 0.46231 0.62333
vt 0.46019 0.62101
vt 0.46570 0.61990
vt 0.46259 0.63544
vt 0.62260 0.34612
vt 0.61940 0.33969
vt 0.61057 0.34406
vt 0.61236 0.33252
vt 0.61251 0.35120
vt 0.63625 0.34485
vt 0.62984 0.33818
vt 0.63318 0.34607
vt 0.63756 0.34293
vt 0.62330 0.34007
vt 0.62463 0.33269
vt 0.64162 0.33252
vt 0.64601 0.33869
vt 0.65131 0.33779
vt 0.63352 0.35194
vt 0.71481 0.92275
vt 0.70951 0.92817
vt 0.72114 0.93478
vt 0.71176 0.94320
vt 0.72114 0.92340
vt 0.71686 0.91990
vt 0.62706 0.45777
vt 0.62172 0.46650
vt 0.62124 0.45777
vt 0.43297 0.17181
vt 0.42848 0.18254
vt 0.43617 0.17518
vt 0.42511 0.17411
vt 0.42047 0.18285
vt 0.43874 0.18681
vt 0.42954 0.18909
vt 0.44083 0.19563
vt 0.44083 0.16560
vt 0.43040 0.16791
vt 0.43965 0.16068
vt 0.32250 0.04612
vt 0.33598 0.05031
vt 0.34093 0.04612
vt 0.32312 0.05097
vt 0.31086 0.53544
vt 0.31474 0.53350
vt 0.31258 0.53544
vt 0.53686 0.58195
vt 0.53533 0.58336
vt 0.53478 0.58132
vt 0.53580 0.57718
vt 0.53104 0.57858
vt 0.53224 0.58536
vt 0.53580 0.58981
vt 0.98613 0.06298
vt 0.96367 0.07139
vt 0.97814 0.05752
vt 0.98529 0.05478
vt 0.99057 0.05656
vt 0.97397 0.05606
vt 0.98851 0.05120
vt 0.98443 0.05128
vt 0.99117 0.05000
vt 0.97270 0.07913
vt 0.98371 0.07550
vt 0.99176 0.06585
vt 0.98804 0.07760
vt 0.96066 0.05715
vt 0.95562 0.06829
vt 0.95296 0.05744
vt 0.96102 0.05000
vt 0.95598 0.05285
vt 0.35645 0.33641
vt 0.35122 0.33743
vt 0.35645 0.34417
vt 0.34481 0.33654
vt 0.20617 0.26117
vt 0.21873 0.26316
vt 0.20968 0.24934
vt 0.22171 0.27658
vt 0.23118 0.27805
vt 0.20618 0.24151
vt 0.22082 0.24253
vt 0.21995 0.23452
vt 0.23383 0.23909
vt 0.23424 0.23447
vt 0.19046 0.24239
vt 0.18221 0.23470
vt 0.19321 0.25425
vt 0.18267 0.27334
vt 0.17597 0.26536
vt 0.16747 0.25408
vt 0.16470 0.23447
vt 0.18397 0.29265
vt 0.19163 0.30333
vt 0.20346 0.28147
vt 0.20839 0.30077
vt 0.19289 0.26289
vt 0.19479 0.31602
vt 0.19886 0.25871
vt 0.20732 0.31259
vt 0.21317 0.28425
vt 0.16052 0.23796
vt 0.19767 0.26403
vt 0.84433 0.64903
vt 0.84142 0.65479
vt 0.84433 0.65777
vt 0.93841 0.56456
vt 0.94326 0.56456
vt 0.94100 0.56650
vt 0.00000 1.00000
vt 0.00000 1.00000
vt 0.00000 1.00000
vt 0.00000 1.00000
vt 0.00000 1.00000
vt 0.00000 1.00000
vt 0.00000 1.00000
vt 0.64314 0.58090
vt 0.64161 0.58295
vt 0.64525 0.58301
vt 0.64840 0.58218
vt 0.64161 0.58273
vt 0.64161 0.58218
vt 0.64176 0.58010
vt 0.99370 0.45971
vt 0.99564 0.45971
vt 0.99430 0.46068
vt 0.25267 0.69175
vt 0.26043 0.69175
vt 0.25431 0.69563
vt 0.81586 0.59272
vt 0.81232 0.58592
vt 0.81928 0.58707
vt 0.82978 0.58592
vt 0.96747 0.14509
vt 0.95822 0.14044
vt 0.95515 0.14960
vt 0.96641 0.14029
vt 0.97624 0.14134
vt 0.94569 0.14154
vt 0.96803 0.15272
vt 0.95727 0.16037
vt 0.95122 0.15997
vt 0.96009 0.16262
vt 0.93979 0.14881
vt 0.93162 0.14029
vt 0.75016 0.67974
vt 0.74733 0.67816
vt 0.74749 0.68107
vt 0.75121 0.67816
vt 0.65713 0.97621
vt 0.66004 0.97621
vt 0.65988 0.97639
vt 0.65809 0.97816
vt 0.21678 0.30715
vt 0.21581 0.30631
vt 0.21581 0.30922
vt 0.00000 1.00000
vt 0.00000 1.00000
vt 0.00000 1.00000
vt 0.48642 0.08786
vt 0.48642 0.08398
vt 0.48545 0.08544
vt 0.05644 0.02670
vt 0.05713 0.02767
vt 0.05577 0.02767
vt 0.05868 0.02767
vt 0.00000 1.00000
vt 0.00000 1.00000
vt 0.00000 1.00000
vt 0.00000 1.00000
vt 0.00000 1.00000
vt 0.00000 1.00000
vt 0.20570 0.34320
vt 0.20417 0.34126
vt 0.20545 0.34151
vt 0.20902 0.34126
vt 0.75024 0.91408
vt 0.75315 0.91130
vt 0.75024 0.91117
vt 0.00000 1.00000
vt 0.00000 1.00000
vt 0.00000 1.00000
vt 0.00000 1.00000
vt 0.00000 1.00000
vt 0.59796 0.98511
vt 0.59796 0.99369
vt 0.59020 0.98873
vt 0.59300 0.98495
vt 0.59067 0.99286
vt 0.92681 0.04040
vt 0.92350 0.02541
vt 0.91924 0.03911
vt 0.91005 0.02531
vt 0.91267 0.05097
vt 0.89610 0.04782
vt 0.94071 0.02456
vt 0.94240 0.03650
vt 0.90008 0.02584
vt 0.89379 0.02949
vt 0.89464 0.02282
vt 0.93926 0.04705
vt 0.94819 0.04993
vt 0.94913 0.02282
vt 0.94764 0.04369
vt 0.94981 0.03294
vt 0.95296 0.04873
vt 0.69947 0.10187
vt 0.69496 0.10429
vt 0.70371 0.10691
vt 0.70466 0.11408
vt 0.70466 0.09757
vt 0.21089 0.32282
vt 0.20902 0.31893
vt 0.21678 0.31893
vt 0.42677 0.16274
vt 0.42265 0.15247
vt 0.43649 0.15221
vt 0.43687 0.15816
vt 0.41658 0.16069
vt 0.42181 0.16845
vt 0.45168 0.14801
vt 0.40438 0.14709
vt 0.39622 0.15192
vt 0.46152 0.15455
vt 0.46896 0.14709
vt 0.89573 0.52829
vt 0.90349 0.54515
vt 0.90349 0.52670
vt 0.42532 0.22555
vt 0.42585 0.21871
vt 0.41739 0.22685
vt 0.43016 0.22054
vt 0.42587 0.22840
vt 0.41475 0.22000
vt 0.41019 0.22129
vt 0.42911 0.21828
vt 0.40878 0.22744
vt 0.41973 0.21602
vt 0.42466 0.23122
vt 0.41531 0.23155
vt 0.40010 0.21602
vt 0.91319 0.39310
vt 0.92840 0.38919
vt 0.91964 0.38721
vt 0.92515 0.39757
vt 0.93118 0.39603
vt 0.93259 0.38923
vt 0.92272 0.37718
vt 0.91353 0.37762
vt 0.91676 0.39755
vt 0.92812 0.37762
vt 0.12526 0.00922
vt 0.13194 0.00886
vt 0.12231 0.00146
vt 0.13337 0.00146
vt 0.11397 0.00678
vt 0.13563 0.63230
vt 0.12729 0.63396
vt 0.12837 0.63836
vt 0.13425 0.62380
vt 0.13870 0.64016
vt 0.13009 0.64687
vt 0.13985 0.62873
vt 0.14016 0.62159
vt 0.12381 0.64684
vt 0.10309 0.63694
vt 0.08743 0.62567
vt 0.08890 0.64185
vt 0.06836 0.63668
vt 0.07995 0.64965
vt 0.08727 0.65865
vt 0.09834 0.66193
vt 0.11496 0.65555
vt 0.11437 0.66456
vt 0.05965 0.61505
vt 0.11310 0.64770
vt 0.11477 0.63899
vt 0.11573 0.62098
vt 0.12736 0.61505
vt 0.71433 0.44159
vt 0.70757 0.43551
vt 0.71747 0.43412
vt 0.71095 0.42874
vt 0.72405 0.43920
vt 0.72202 0.44156
vt 0.72354 0.42941
vt 0.71152 0.44417
vt 0.72354 0.44183
vt 0.70369 0.42864
vt 0.98691 0.95144
vt 0.98206 0.95216
vt 0.98572 0.94519
vt 0.98691 0.94417
vt 0.98607 0.95437
vt 0.98330 0.95583
vt 0.48933 0.15361
vt 0.50000 0.14903
vt 0.49399 0.15777
vt 0.49219 0.14903
vt 0.49912 0.15518
vt 0.48947 0.15639
vt 0.14825 0.59546
vt 0.13755 0.59816
vt 0.13867 0.60459
vt 0.13435 0.60368
vt 0.12984 0.60233
vt 0.13491 0.60641
vt 0.12755 0.60617
vt 0.13232 0.59456
vt 0.14569 0.60633
vt 0.15148 0.60711
vt 0.15655 0.60825
vt 0.13005 0.59884
vt 0.13315 0.60667
vt 0.12849 0.59888
vt 0.15983 0.59089
vt 0.16219 0.60566
vt 0.14887 0.58301
vt 0.14565 0.58965
vt 0.14457 0.58605
vt 0.16530 0.59711
vt 0.12919 0.60096
vt 0.16537 0.59184
vt 0.15984 0.58301
vt 0.14398 0.58898
vt 0.69496 0.68786
vt 0.69735 0.68887
vt 0.69509 0.68981
vt 0.69981 0.68786
vt 0.16373 0.76722
vt 0.16828 0.76359
vt 0.16828 0.77233
vt 0.16343 0.76574
vt 0.77192 0.01023
vt 0.76346 0.00182
vt 0.77550 0.00089
vt 0.77797 0.01045
vt 0.76462 0.00938
vt 0.75913 0.00959
vt 0.75710 0.00324
vt 0.75521 0.00651
vt 0.75315 0.00990
vt 0.76042 0.01057
vt 0.78173 0.00134
vt 0.78327 0.01117
vt 0.78904 0.00049
vt 0.78904 0.01112
vt 0.88599 0.81034
vt 0.88506 0.81602
vt 0.88527 0.81051
vt 0.88700 0.81261
vt 0.88506 0.80825
vt 0.71934 0.22184
vt 0.71339 0.21602
vt 0.72114 0.21602
vt 0.26625 0.77522
vt 0.28013 0.76650
vt 0.27003 0.76650
vt 0.28170 0.77079
vt 0.27554 0.77474
vt 0.28539 0.77909
vt 0.27384 0.78010
vt 0.29178 0.77892
vt 0.29108 0.77277
vt 0.29534 0.77655
vt 0.26787 0.77580
vt 0.76662 0.68089
vt 0.75545 0.68649
vt 0.76190 0.67461
vt 0.76673 0.69466
vt 0.75340 0.67508
vt 0.75895 0.66322
vt 0.75339 0.66341
vt 0.72406 0.63800
vt 0.73498 0.60560
vt 0.73411 0.62873
vt 0.72077 0.61798
vt 0.74648 0.62539
vt 0.75029 0.60656
vt 0.74829 0.58792
vt 0.76673 0.59161
vt 0.73102 0.65828
vt 0.72263 0.66636
vt 0.73296 0.67744
vt 0.71240 0.67725
vt 0.71635 0.65440
vt 0.70905 0.64240
vt 0.69996 0.68178
vt 0.69787 0.66477
vt 0.70029 0.63994
vt 0.70406 0.62306
vt 0.72363 0.59388
vt 0.73258 0.58301
vt 0.70919 0.60362
vt 0.74945 0.64640
vt 0.75781 0.64820
vt 0.98982 0.09952
vt 0.99855 0.09078
vt 0.99639 0.09920
vt 0.99108 0.11013
vt 0.99855 0.11536
vt 0.99644 0.12092
vt 0.99191 0.12537
vt 0.99636 0.13544
vt 0.67168 0.49743
vt 0.66859 0.50294
vt 0.66704 0.49861
vt 0.67124 0.50299
vt 0.66586 0.49624
vt 0.67161 0.49330
vt 0.66769 0.48981
vt 0.67161 0.51505
vt 0.03014 0.10437
vt 0.05092 0.10273
vt 0.03201 0.09757
vt 0.01794 0.10299
vt 0.04852 0.09791
vt 0.02098 0.09791
vt 0.29728 0.99951
vt 0.30504 0.99272
vt 0.29815 0.99272
vt 0.30469 0.99834
vt 0.88506 0.71101
vt 0.87027 0.70990
vt 0.87657 0.71350
vt 0.88095 0.71669
vt 0.86666 0.71208
vt 0.87653 0.71765
vt 0.88336 0.71780
vt 0.87252 0.70534
vt 0.88488 0.70534
vt 0.86973 0.71969
vt 0.86566 0.71645
vt 0.87785 0.72087
vt 0.88409 0.56650
vt 0.89088 0.56650
vt 0.88764 0.57136
vt 0.85233 0.20145
vt 0.85473 0.19369
vt 0.85125 0.19369
vt 0.85694 0.20008
vt 0.84433 0.20146
vt 0.84638 0.19655
vt 0.69928 0.83956
vt 0.69894 0.83515
vt 0.70216 0.83819
vt 0.69884 0.83087
vt 0.70061 0.82886
vt 0.70342 0.84144
vt 0.70127 0.84417
vt 0.70563 0.83821
vt 0.70563 0.82864
vt 0.28274 0.16212
vt 0.28080 0.16138
vt 0.28126 0.15680
vt 0.28126 0.16553
vt 0.61057 0.26359
vt 0.60766 0.26624
vt 0.61057 0.26845
vt 0.60818 0.26707
vt 0.65298 0.55583
vt 0.65616 0.55412
vt 0.65340 0.55451
vt 0.65131 0.55412
vt 0.65347 0.55097
vt 0.95005 0.71183
vt 0.95296 0.71279
vt 0.95164 0.71422
vt 0.95042 0.71019
vt 0.95042 0.71602
vt 0.53686 0.19454
vt 0.53589 0.19272
vt 0.53589 0.19660
vt 0.01891 0.30146
vt 0.01792 0.29785
vt 0.01845 0.29736
vt 0.01600 0.29907
vt 0.01891 0.29466
vt 0.67750 0.34320
vt 0.67395 0.34383
vt 0.67469 0.34612
vt 0.67168 0.34320
vt 0.78024 0.03058
vt 0.79232 0.02699
vt 0.78715 0.01989
vt 0.79506 0.01624
vt 0.80262 0.01505
vt 0.77592 0.01541
vt 0.76479 0.01505
vt 0.07906 0.61214
vt 0.08196 0.61505
vt 0.07614 0.61505
vt 0.01697 0.17136
vt 0.02085 0.17136
vt 0.01972 0.17524
vt 0.97660 0.33940
vt 0.97470 0.33157
vt 0.98002 0.33718
vt 0.98181 0.34492
vt 0.97453 0.33420
vt 0.97854 0.34377
vt 0.97117 0.33244
vt 0.96945 0.32961
vt 0.97796 0.33037
vt 0.97104 0.32969
vt 0.98691 0.34499
vt 0.98691 0.33153
vt 0.97804 0.32989
vt 0.98420 0.34709
vt 0.54753 0.09369
vt 0.55238 0.09369
vt 0.54777 0.09660
vt 0.22745 0.36456
vt 0.22939 0.36179
vt 0.22745 0.36068
vt 0.45344 0.13252
vt 0.45344 0.12864
vt 0.45150 0.13124
vt 0.63159 0.13246
vt 0.62969 0.13641
vt 0.63545 0.13506
vt 0.62749 0.13371
vt 0.63620 0.13196
vt 0.62870 0.13058
vt 0.64161 0.13244
vt 0.62609 0.13244
vt 0.85056 0.94429
vt 0.86954 0.94417
vt 0.84986 0.94903
vt 0.84433 0.94417
vt 0.65487 0.03028
vt 0.65171 0.03958
vt 0.64258 0.03071
vt 0.65616 0.03477
vt 0.65080 0.01822
vt 0.64308 0.03951
vt 0.65616 0.01214
vt 0.64457 0.04170
vt 0.64651 0.04223
vt 0.18646 0.42087
vt 0.19068 0.41057
vt 0.18277 0.41032
vt 0.17507 0.41509
vt 0.17589 0.40922
vt 0.19372 0.41862
vt 0.19738 0.40922
vt 0.07614 0.80049
vt 0.07524 0.79672
vt 0.07327 0.79488
vt 0.07178 0.79803
vt 0.08390 0.79466
vt 0.07301 0.79942
vt 0.07129 0.79466
vt 0.75897 0.25141
vt 0.76091 0.25291
vt 0.76011 0.25026
vt 0.76091 0.24806
vt 0.12643 0.53209
vt 0.13820 0.53651
vt 0.11448 0.54349
vt 0.14859 0.53208
vt 0.16297 0.53967
vt 0.11091 0.53464
vt 0.10281 0.54079
vt 0.09378 0.53155
vt 0.08584 0.53913
vt 0.16018 0.53155
vt 0.17701 0.54102
vt 0.12745 0.54709
vt 0.14072 0.54253
vt 0.16067 0.54328
vt 0.52813 0.90534
vt 0.52910 0.90303
vt 0.52813 0.90243
vt 0.01000 0.05387
vt 0.00684 0.05991
vt 0.00389 0.05529
vt 0.00147 0.06162
vt 0.00145 0.06748
vt 0.00774 0.04976
vt 0.01172 0.04612
vt 0.01017 0.06181
vt 0.01212 0.05818
vt 0.01172 0.06454
vt 0.01704 0.66269
vt 0.01289 0.64699
vt 0.03257 0.65609
vt 0.03989 0.66488
vt 0.00339 0.66364
vt 0.02464 0.64389
vt 0.00485 0.63914
vt 0.00981 0.62532
vt 0.01911 0.62429
vt 0.01156 0.61463
vt 0.00375 0.61214
vt 0.02847 0.63678
vt 0.03577 0.64960
vt 0.02485 0.67849
vt 0.00968 0.67151
vt 0.01702 0.68872
vt 0.03815 0.69109
vt 0.04898 0.67179
vt 0.04898 0.65191
vt 0.04272 0.65639
vt 0.00925 0.68711
vt 0.01165 0.69272
vt 0.77474 0.11448
vt 0.76575 0.10545
vt 0.77671 0.10782
vt 0.76508 0.11796
vt 0.75806 0.11164
vt 0.75944 0.10278
vt 0.75412 0.10254
vt 0.77198 0.10243
vt 0.77920 0.10914
vt 0.78128 0.10404
vt 0.77746 0.10254
vt 0.18907 0.35520
vt 0.19849 0.35329
vt 0.19078 0.35067
vt 0.19355 0.36262
vt 0.20042 0.34990
vt 0.18380 0.36131
vt 0.20030 0.35742
vt 0.20223 0.35866
vt 0.20077 0.34515
vt 0.19311 0.34515
vt 0.01100 0.46300
vt 0.00773 0.47695
vt 0.00242 0.46781
vt 0.00542 0.46041
vt 0.00888 0.45729
vt 0.01222 0.45539
vt 0.01406 0.45291
vt 0.01191 0.46944
vt 0.01167 0.47913
vt 0.01406 0.47442
vt 0.53402 0.63738
vt 0.53964 0.62864
vt 0.53201 0.63410
vt 0.53977 0.63166
vt 0.53206 0.62864
vt 0.60584 0.09889
vt 0.59939 0.09058
vt 0.58953 0.10056
vt 0.59480 0.11019
vt 0.61985 0.10193
vt 0.63119 0.08350
vt 0.58739 0.07758
vt 0.61370 0.10770
vt 0.57533 0.09974
vt 0.58061 0.08376
vt 0.56569 0.08967
vt 0.57079 0.07810
vt 0.55917 0.07718
vt 0.63255 0.09626
vt 0.63832 0.09165
vt 0.63967 0.07718
vt 0.18898 0.99466
vt 0.19092 0.99854
vt 0.18449 0.99769
vt 0.19544 0.99561
vt 0.17895 0.99561
vt 0.25849 0.64224
vt 0.26140 0.64806
vt 0.26140 0.63738
vt 0.90021 0.75514
vt 0.91964 0.74279
vt 0.91785 0.72712
vt 0.93578 0.72890
vt 0.93694 0.73352
vt 0.91530 0.76587
vt 0.90215 0.76524
vt 0.89686 0.77039
vt 0.88714 0.75924
vt 0.92507 0.74760
vt 0.93254 0.74797
vt 0.91963 0.75683
vt 0.89155 0.75589
vt 0.88585 0.74602
vt 0.89263 0.74863
vt 0.89563 0.73488
vt 0.88370 0.73560
vt 0.89589 0.72414
vt 0.88649 0.71990
vt 0.90753 0.72646
vt 0.87546 0.73749
vt 0.87148 0.72455
vt 0.88386 0.74577
vt 0.87973 0.74904
vt 0.94035 0.71990
vt 0.11688 0.35308
vt 0.12573 0.34709
vt 0.12850 0.35485
vt 0.14016 0.34709
vt 0.06088 0.81520
vt 0.04233 0.81262
vt 0.04170 0.82453
vt 0.05255 0.82864
vt 0.02861 0.81394
vt 0.06575 0.82144
vt 0.05688 0.80915
vt 0.04146 0.80873
vt 0.07438 0.81223
vt 0.08441 0.83444
vt 0.11214 0.82347
vt 0.07057 0.83445
vt 0.05448 0.84147
vt 0.07985 0.84806
vt 0.06626 0.84542
vt 0.09885 0.83946
vt 0.11475 0.83033
vt 0.10097 0.80442
vt 0.06848 0.80243
vt 0.06509 0.80710
vt 0.13426 0.80250
vt 0.14403 0.83453
vt 0.05499 0.80250
vt 0.04002 0.80807
vt 0.71889 0.02034
vt 0.71125 0.01765
vt 0.71460 0.02577
vt 0.73090 0.02276
vt 0.72510 0.01834
vt 0.73569 0.01311
vt 0.72544 0.02864
vt 0.70995 0.02555
vt 0.69877 0.02143
vt 0.70542 0.01391
vt 0.70213 0.01461
vt 0.69808 0.01400
vt 0.69787 0.01311
vt 0.96266 0.39500
vt 0.97225 0.39331
vt 0.96520 0.40191
vt 0.97236 0.38428
vt 0.96378 0.38107
vt 0.96462 0.40243
vt 0.97236 0.39993
vt 0.21775 0.40922
vt 0.21348 0.41311
vt 0.20805 0.40922
vt 0.68394 0.08094
vt 0.67540 0.09221
vt 0.66974 0.07265
vt 0.68998 0.08980
vt 0.68136 0.10236
vt 0.65245 0.09072
vt 0.66428 0.10451
vt 0.66950 0.10851
vt 0.65869 0.10029
vt 0.64889 0.10293
vt 0.65798 0.06775
vt 0.69346 0.09828
vt 0.69399 0.11117
vt 0.67254 0.06476
vt 0.68724 0.07055
vt 0.68055 0.05380
vt 0.69007 0.06248
vt 0.64840 0.09031
vt 0.69399 0.05291
vt 0.72696 0.85680
vt 0.72696 0.84320
vt 0.72114 0.84881
vt 0.85161 0.34323
vt 0.84873 0.35247
vt 0.83622 0.34067
vt 0.84144 0.32971
vt 0.85773 0.33156
vt 0.86281 0.34481
vt 0.86594 0.33584
vt 0.86547 0.35423
vt 0.85215 0.35500
vt 0.85508 0.36098
vt 0.86283 0.36655
vt 0.87148 0.36407
vt 0.87148 0.38380
vt 0.85474 0.37534
vt 0.85399 0.36785
vt 0.86213 0.38592
vt 0.86529 0.31797
vt 0.84944 0.31663
vt 0.86845 0.30825
vt 0.83222 0.32204
vt 0.81906 0.34806
vt 0.82503 0.34806
vt 0.81853 0.35941
vt 0.82834 0.36150
vt 0.81814 0.37283
vt 0.83672 0.35080
vt 0.84779 0.35955
vt 0.83933 0.35873
vt 0.84372 0.36826
vt 0.85139 0.37501
vt 0.20911 0.62594
vt 0.21586 0.62670
vt 0.20395 0.61993
vt 0.19350 0.61867
vt 0.20596 0.61505
vt 0.22454 0.61505
vt 0.19795 0.17315
vt 0.22114 0.17446
vt 0.21625 0.16896
vt 0.20326 0.16547
vt 0.19385 0.15848
vt 0.18636 0.16311
vt 0.18720 0.15296
vt 0.22504 0.16597
vt 0.19020 0.17428
vt 0.20503 0.18525
vt 0.21483 0.18497
vt 0.22701 0.18011
vt 0.19732 0.19272
vt 0.17895 0.16828
vt 0.17992 0.15097
vt 0.19127 0.18269
vt 0.23375 0.17518
vt 0.23899 0.16494
vt 0.24753 0.16579
vt 0.25169 0.17245
vt 0.26397 0.16232
vt 0.25253 0.16180
vt 0.25967 0.15672
vt 0.26817 0.15389
vt 0.27645 0.15097
vt 0.28371 0.15125
vt 0.11522 0.95219
vt 0.10173 0.94507
vt 0.10787 0.94984
vt 0.09903 0.93744
vt 0.12968 0.94076
vt 0.12226 0.95474
vt 0.13684 0.95857
vt 0.14299 0.94565
vt 0.09699 0.94179
vt 0.14204 0.93385
vt 0.13169 0.92795
vt 0.15959 0.93719
vt 0.15379 0.92778
vt 0.14239 0.91284
vt 0.17453 0.92649
vt 0.17281 0.94155
vt 0.16598 0.95208
vt 0.17480 0.95169
vt 0.18523 0.93745
vt 0.18117 0.95060
vt 0.19271 0.94632
vt 0.17422 0.90728
vt 0.19835 0.96034
vt 0.20694 0.94967
vt 0.21202 0.93438
vt 0.22477 0.93890
vt 0.22762 0.91882
vt 0.24525 0.93411
vt 0.24787 0.91197
vt 0.20729 0.91671
vt 0.19832 0.92818
vt 0.18882 0.93260
vt 0.14752 0.96012
vt 0.18959 0.90924
vt 0.18829 0.91524
vt 0.25341 0.92575
vt 0.25307 0.90781
vt 0.27595 0.91281
vt 0.24870 0.93928
vt 0.14915 0.97427
vt 0.15294 0.96117
vt 0.10946 0.92494
vt 0.10974 0.90808
vt 0.08613 0.90804
vt 0.08744 0.92517
vt 0.07280 0.91435
vt 0.06887 0.92334
vt 0.06874 0.93548
vt 0.05734 0.92828
vt 0.08896 0.94181
vt 0.07537 0.94241
vt 0.04957 0.91127
vt 0.04865 0.92026
vt 0.04267 0.91403
vt 0.03778 0.90728
vt 0.03540 0.91179
vt 0.25585 0.66981
vt 0.25852 0.66092
vt 0.26241 0.66257
vt 0.26191 0.66981
vt 0.26334 0.68689
vt 0.26722 0.67997
vt 0.26722 0.65388
vt 0.25928 0.65719
vt 0.25638 0.65963
vt 0.25461 0.66386
vt 0.89955 0.70914
vt 0.88925 0.69537
vt 0.89552 0.68749
vt 0.88799 0.68420
vt 0.88911 0.71019
vt 0.89368 0.68036
vt 0.91347 0.69660
vt 0.91184 0.69252
vt 0.91804 0.70553
vt 0.89408 0.67376
vt 0.91252 0.67143
vt 0.91267 0.68697
vt 0.90529 0.66569
vt 0.91327 0.65534
vt 0.88582 0.68562
vt 0.87590 0.66359
vt 0.89659 0.66432
vt 0.91804 0.63641
vt 0.86790 0.67900
vt 0.87213 0.68737
vt 0.86372 0.68752
vt 0.86812 0.70493
vt 0.00000 1.00000
vt 0.00000 1.00000
vt 0.00000 1.00000
vt 0.00000 1.00000
vt 0.02194 0.88010
vt 0.02298 0.87979
vt 0.02376 0.88010
vt 0.02182 0.87913
vt 0.59073 0.30644
vt 0.61657 0.30911
vt 0.60816 0.29508
vt 0.56562 0.29668
vt 0.56571 0.31179
vt 0.55057 0.31353
vt 0.53147 0.29880
vt 0.55463 0.29015
vt 0.58894 0.31927
vt 0.57756 0.28604
vt 0.63891 0.29972
vt 0.63734 0.31420
vt 0.63526 0.28492
vt 0.61388 0.28517
vt 0.65280 0.30419
vt 0.62085 0.33058
vt 0.65353 0.33037
vt 0.54633 0.28301
vt 0.52322 0.28426
vt 0.64438 0.29044
vt 0.65875 0.29411
vt 0.65907 0.28301
vt 0.52134 0.29109
vt 0.51113 0.93480
vt 0.50970 0.93544
vt 0.50981 0.93447
vt 0.51164 0.93447
vt 0.10877 0.28791
vt 0.08956 0.28483
vt 0.10525 0.30124
vt 0.13510 0.29197
vt 0.14102 0.30243
vt 0.07620 0.29291
vt 0.08240 0.30179
vt 0.12160 0.28429
vt 0.13364 0.27933
vt 0.14231 0.27634
vt 0.13914 0.27099
vt 0.14939 0.29386
vt 0.14999 0.27012
vt 0.15558 0.27139
vt 0.16191 0.30038
vt 0.15964 0.29015
vt 0.16623 0.28933
vt 0.15292 0.25485
vt 0.07542 0.27207
vt 0.16731 0.27778
vt 0.15725 0.27580
vt 0.05912 0.27923
vt 0.05378 0.28953
vt 0.04783 0.27613
vt 0.05340 0.26332
vt 0.04739 0.26357
vt 0.04190 0.26230
vt 0.06723 0.26921
vt 0.04768 0.28962
vt 0.05683 0.25727
vt 0.03873 0.28909
vt 0.03152 0.28523
vt 0.05988 0.25882
vt 0.03969 0.29378
vt 0.06329 0.25485
vt 0.06402 0.26005
vt 0.07204 0.26189
vt 0.09041 0.27314
vt 0.81038 0.90243
vt 0.81038 0.91408
vt 0.80844 0.90838
vt 0.08487 0.16622
vt 0.09554 0.16072
vt 0.08603 0.16199
vt 0.09018 0.15000
vt 0.09554 0.17524
vt 0.08796 0.47931
vt 0.09327 0.48229
vt 0.10389 0.47390
vt 0.08114 0.48750
vt 0.07857 0.47918
vt 0.06773 0.48786
vt 0.06436 0.47549
vt 0.05905 0.47829
vt 0.05427 0.46697
vt 0.04704 0.47051
vt 0.12171 0.47595
vt 0.11430 0.47044
vt 0.04847 0.45874
vt 0.12173 0.46835
vt 0.13403 0.46839
vt 0.13330 0.46381
vt 0.14495 0.45874
vt 0.14985 0.45998
vt 0.00242 0.67816
vt 0.00727 0.68495
vt 0.00727 0.68257
vt 0.57626 0.32396
vt 0.56650 0.31814
vt 0.56959 0.32635
vt 0.57759 0.31796
vt 0.55993 0.32882
vt 0.55581 0.31996
vt 0.54707 0.33149
vt 0.52451 0.32645
vt 0.53394 0.33447
vt 0.51441 0.33213
vt 0.49806 0.32218
vt 0.51161 0.31796
vt 0.04731 0.11404
vt 0.03221 0.10922
vt 0.03197 0.11834
vt 0.00048 0.12354
vt 0.00101 0.13282
vt 0.02352 0.12939
vt 0.00213 0.10922
vt 0.00411 0.14908
vt 0.03710 0.12458
vt 0.04862 0.12225
vt 0.04822 0.13207
vt 0.03481 0.14826
vt 0.02213 0.14040
vt 0.00332 0.16018
vt 0.02250 0.16731
vt 0.03576 0.17524
vt 0.04994 0.15663
vt 0.06355 0.15999
vt 0.06693 0.14433
vt 0.07134 0.15240
vt 0.07808 0.14368
vt 0.05371 0.14484
vt 0.06000 0.13851
vt 0.06742 0.13146
vt 0.07739 0.12395
vt 0.07214 0.11649
vt 0.07737 0.13503
vt 0.66927 0.58396
vt 0.66349 0.58538
vt 0.67322 0.59548
vt 0.66198 0.57621
vt 0.67622 0.59287
vt 0.68373 0.59757
vt 0.69884 0.58259
vt 0.69510 0.57621
vt 0.91364 0.92165
vt 0.91698 0.91337
vt 0.91015 0.90834
vt 0.91636 0.92184
vt 0.91804 0.91607
vt 0.91636 0.90534
vt 0.90834 0.91432
vt 0.88703 0.46678
vt 0.88984 0.47621
vt 0.88977 0.46745
vt 0.89767 0.46650
vt 0.89545 0.47335
vt 0.88215 0.47119
vt 0.88225 0.46650
vt 0.94132 0.74806
vt 0.94132 0.75398
vt 0.93689 0.75273
vt 0.93647 0.75485
vt 0.51164 0.90631
vt 0.51575 0.90870
vt 0.51843 0.90631
vt 0.51772 0.91117
vt 0.66489 0.98301
vt 0.66489 0.96845
vt 0.66198 0.97509
vt 0.12004 0.99329
vt 0.10092 0.98883
vt 0.11123 0.99402
vt 0.09926 0.99627
vt 0.12215 0.98883
vt 0.09263 0.99483
vt 0.11262 0.99854
vt 0.12394 0.99727
vt 0.12561 0.99159
vt 0.96541 0.20604
vt 0.95975 0.20049
vt 0.96028 0.20728
vt 0.96557 0.20049
vt 0.19013 0.53738
vt 0.18187 0.53761
vt 0.19244 0.53932
vt 0.19544 0.53903
vt 0.17992 0.53903
vt 0.74813 0.69859
vt 0.73538 0.71293
vt 0.73455 0.68825
vt 0.70757 0.70842
vt 0.70635 0.69846
vt 0.75061 0.68689
vt 0.75540 0.69765
vt 0.70369 0.68689
vt 0.71132 0.71802
vt 0.76576 0.70143
vt 0.74887 0.71151
vt 0.71495 0.72573
vt 0.73446 0.72572
vt 0.74453 0.72419
vt 0.95296 0.00340
vt 0.94229 0.00049
vt 0.96169 0.00049
vt 0.81071 0.26592
vt 0.80456 0.28183
vt 0.80501 0.26027
vt 0.81135 0.28398
vt 0.81135 0.25569
vt 0.80815 0.25000
vt 0.15098 0.35273
vt 0.15519 0.36136
vt 0.16369 0.35328
vt 0.15386 0.34903
vt 0.16440 0.35777
vt 0.14781 0.36003
vt 0.14113 0.36359
vt 0.14198 0.34903
vt 0.66839 0.26262
vt 0.66168 0.26748
vt 0.66877 0.26306
vt 0.65713 0.26306
vt 0.98303 0.81893
vt 0.97721 0.83125
vt 0.98303 0.83155
vt 0.52913 0.57816
vt 0.52619 0.57330
vt 0.53298 0.57330
vt 0.24595 0.08094
vt 0.25944 0.07390
vt 0.24642 0.07330
vt 0.23456 0.07740
vt 0.25825 0.08122
vt 0.23246 0.08731
vt 0.22467 0.08778
vt 0.24818 0.08744
vt 0.26108 0.08804
vt 0.25635 0.09629
vt 0.26528 0.09757
vt 0.21732 0.10592
vt 0.23741 0.10283
vt 0.22154 0.09862
vt 0.24140 0.11311
vt 0.25512 0.10338
vt 0.21236 0.09505
vt 0.19725 0.08634
vt 0.20543 0.08415
vt 0.19253 0.07330
vt 0.20514 0.35194
vt 0.20514 0.36068
vt 0.20708 0.35881
vt 0.11671 0.20534
vt 0.11203 0.19951
vt 0.12270 0.19951
vt 0.75315 0.33960
vt 0.75093 0.34515
vt 0.75050 0.33187
vt 0.74539 0.33162
vt 0.75170 0.32156
vt 0.74874 0.32055
vt 0.75315 0.31408
vt 0.44187 0.12132
vt 0.44743 0.12758
vt 0.43604 0.12051
vt 0.44859 0.11640
vt 0.44059 0.11408
vt 0.43632 0.11841
vt 0.43210 0.11864
vt 0.44859 0.13346
vt 0.43248 0.13199
vt 0.43368 0.13970
vt 0.43492 0.11781
vt 0.43362 0.11693
vt 0.43281 0.11639
vt 0.44430 0.14048
vt 0.44629 0.14709
vt 0.87876 0.00755
vt 0.86861 0.00437
vt 0.87038 0.01214
vt 0.85694 0.00594
vt 0.88143 0.00992
vt 0.88312 0.00437
vt 0.20320 0.63350
vt 0.19932 0.62744
vt 0.20320 0.62573
vt 0.89323 0.88563
vt 0.89411 0.87135
vt 0.87866 0.88629
vt 0.90146 0.88168
vt 0.90674 0.88169
vt 0.90033 0.86313
vt 0.90834 0.89777
vt 0.88572 0.85888
vt 0.87585 0.86956
vt 0.87340 0.86087
vt 0.86833 0.86859
vt 0.90834 0.84612
vt 0.86499 0.87955
vt 0.86941 0.89148
vt 0.86222 0.89509
vt 0.87216 0.89983
vt 0.86127 0.90594
vt 0.87151 0.91641
vt 0.86091 0.91226
vt 0.85984 0.92184
vt 0.92188 0.33657
vt 0.92560 0.32932
vt 0.92831 0.34221
vt 0.92302 0.32136
vt 0.92781 0.31429
vt 0.92443 0.35017
vt 0.91361 0.34450
vt 0.91742 0.35409
vt 0.92901 0.35934
vt 0.91028 0.31801
vt 0.91335 0.30953
vt 0.91200 0.32940
vt 0.93461 0.30506
vt 0.92244 0.29722
vt 0.93760 0.29956
vt 0.94035 0.29078
vt 0.92154 0.36911
vt 0.93075 0.37270
vt 0.93487 0.36333
vt 0.94024 0.36724
vt 0.94035 0.37718
vt 0.50828 0.97737
vt 0.48769 0.97721
vt 0.50753 0.96766
vt 0.52492 0.97322
vt 0.48951 0.98283
vt 0.50636 0.98565
vt 0.51901 0.98739
vt 0.47433 0.98355
vt 0.52664 0.98781
vt 0.52772 0.99870
vt 0.53201 0.99951
vt 0.47187 0.97508
vt 0.49547 0.96599
vt 0.51674 0.95810
vt 0.53201 0.95583
vt 0.50639 0.95983
vt 0.46220 0.07330
vt 0.46423 0.07621
vt 0.45926 0.07380
vt 0.46605 0.07380
vt 0.63821 0.14029
vt 0.64307 0.14977
vt 0.65116 0.14119
vt 0.63115 0.15025
vt 0.62961 0.14376
vt 0.62415 0.14994
vt 0.65665 0.14953
vt 0.64874 0.15680
vt 0.66586 0.14029
vt 0.67893 0.94509
vt 0.68196 0.96211
vt 0.66974 0.96273
vt 0.68332 0.95254
vt 0.67859 0.97530
vt 0.68332 0.97816
vt 0.68034 0.93641
vt 0.94716 0.20306
vt 0.95572 0.20358
vt 0.94334 0.18881
vt 0.94800 0.17718
vt 0.96050 0.18751
vt 0.96072 0.17136
vt 0.94194 0.17784
vt 0.95666 0.21344
vt 0.94589 0.21624
vt 0.95436 0.23350
vt 0.94035 0.17136
vt 0.35645 0.49775
vt 0.35041 0.51978
vt 0.37176 0.51311
vt 0.36398 0.52379
vt 0.34611 0.50652
vt 0.37650 0.50142
vt 0.38362 0.50892
vt 0.33481 0.51990
vt 0.37804 0.53416
vt 0.39590 0.52914
vt 0.39336 0.51058
vt 0.32914 0.49723
vt 0.32850 0.51663
vt 0.33548 0.53835
vt 0.32885 0.52989
vt 0.32301 0.51770
vt 0.31906 0.50658
vt 0.32299 0.49628
vt 0.31332 0.51978
vt 0.31906 0.52860
vt 0.31470 0.49855
vt 0.31287 0.53098
vt 0.30249 0.52625
vt 0.30116 0.53205
vt 0.33965 0.53544
vt 0.30389 0.51190
vt 0.39789 0.51918
vt 0.39705 0.50659
vt 0.41302 0.51014
vt 0.41340 0.49782
vt 0.42118 0.50908
vt 0.43973 0.49495
vt 0.43136 0.51441
vt 0.45386 0.50772
vt 0.45060 0.51662
vt 0.45989 0.52058
vt 0.48028 0.51219
vt 0.47963 0.52663
vt 0.48836 0.52266
vt 0.48770 0.51087
vt 0.39549 0.48904
vt 0.40645 0.48689
vt 0.39289 0.50001
vt 0.38875 0.50680
vt 0.30353 0.48689
vt 0.69690 0.01650
vt 0.69140 0.02502
vt 0.68723 0.01408
vt 0.67783 0.01882
vt 0.69128 0.03932
vt 0.67211 0.03188
vt 0.65713 0.01794
vt 0.69442 0.02608
vt 0.69690 0.03702
vt 0.90432 0.51660
vt 0.91980 0.50208
vt 0.89136 0.51207
vt 0.91847 0.51206
vt 0.90642 0.52476
vt 0.92655 0.52240
vt 0.93087 0.51281
vt 0.92186 0.50638
vt 0.94229 0.50522
vt 0.93259 0.50049
vt 0.89800 0.50049
vt 0.88887 0.50163
vt 0.88413 0.50341
vt 0.89676 0.52294
vt 0.88396 0.51271
vt 0.86857 0.51024
vt 0.46587 0.17847
vt 0.46179 0.17969
vt 0.46641 0.18267
vt 0.46799 0.18726
vt 0.46553 0.17822
vt 0.46744 0.17524
vt 0.46467 0.19097
vt 0.44800 0.18606
vt 0.45022 0.17524
vt 0.46107 0.19175
vt 0.44665 0.18117
vt 0.96557 0.99951
vt 0.96237 0.99453
vt 0.95642 0.99747
vt 0.95005 0.99480
vt 0.96557 0.99078
vt 0.68914 0.61602
vt 0.68371 0.61990
vt 0.67944 0.61602
vt 0.85754 0.02899
vt 0.85987 0.03794
vt 0.86964 0.03464
vt 0.87968 0.02636
vt 0.84272 0.03327
vt 0.87033 0.01998
vt 0.84726 0.02386
vt 0.84825 0.01893
vt 0.87988 0.01893
vt 0.84239 0.04029
vt 0.88506 0.02074
vt 0.52471 0.60916
vt 0.51476 0.62532
vt 0.51501 0.60690
vt 0.52675 0.62361
vt 0.53002 0.64360
vt 0.51605 0.64216
vt 0.52333 0.65469
vt 0.53325 0.65816
vt 0.51459 0.57822
vt 0.53960 0.67329
vt 0.52435 0.67774
vt 0.50047 0.59734
vt 0.49249 0.58557
vt 0.50776 0.56948
vt 0.51419 0.66154
vt 0.50537 0.62902
vt 0.52477 0.57606
vt 0.49127 0.56999
vt 0.50554 0.65426
vt 0.50249 0.64661
vt 0.51970 0.56809
vt 0.53010 0.68570
vt 0.54338 0.68059
vt 0.50741 0.56431
vt 0.52977 0.56231
vt 0.51797 0.55496
vt 0.50523 0.55497
vt 0.51155 0.54248
vt 0.49470 0.55098
vt 0.49912 0.53909
vt 0.52159 0.54407
vt 0.49738 0.55961
vt 0.53211 0.56856
vt 0.54656 0.57402
vt 0.54090 0.69201
vt 0.53555 0.70498
vt 0.54656 0.70656
vt 0.53370 0.71408
vt 0.54444 0.71053
vt 0.49455 0.54444
vt 0.49526 0.53252
vt 0.30832 0.74747
vt 0.30517 0.73145
vt 0.29420 0.74278
vt 0.30139 0.75097
vt 0.31761 0.73125
vt 0.28250 0.74207
vt 0.31982 0.74277
vt 0.33220 0.73514
vt 0.32837 0.72573
vt 0.29511 0.73282
vt 0.27595 0.72891
vt 0.29780 0.72604
vt 0.28781 0.72573
vt 0.31121 0.72827
vt 0.27082 0.22705
vt 0.27166 0.24806
vt 0.26239 0.23831
vt 0.26181 0.22391
vt 0.25377 0.20645
vt 0.26488 0.19253
vt 0.25912 0.21022
vt 0.25144 0.20081
vt 0.25455 0.18931
vt 0.24521 0.21904
vt 0.26949 0.20703
vt 0.27207 0.21926
vt 0.25131 0.17614
vt 0.26282 0.17524
vt 0.27166 0.19262
vt 0.24500 0.18844
vt 0.24903 0.20429
vt 0.24297 0.20867
vt 0.33044 0.86974
vt 0.33621 0.86473
vt 0.33422 0.87557
vt 0.34190 0.88022
vt 0.34190 0.86550
vt 0.33992 0.86237
vt 0.33530 0.86068
vt 0.33157 0.86382
vt 0.32793 0.86656
vt 0.32444 0.86616
vt 0.33834 0.88398
vt 0.33175 0.88241
vt 0.32838 0.88234
vt 0.26392 0.45097
vt 0.26397 0.44100
vt 0.25617 0.44464
vt 0.27221 0.44471
vt 0.24852 0.45010
vt 0.25206 0.44008
vt 0.24253 0.44149
vt 0.24358 0.43669
vt 0.22648 0.43544
vt 0.27361 0.43544
vt 0.28177 0.43938
vt 0.31433 0.30534
vt 0.32056 0.30922
vt 0.31726 0.30855
vt 0.31086 0.30922
vt 0.17701 0.29849
vt 0.16925 0.30034
vt 0.17198 0.30502
vt 0.17150 0.29495
vt 0.17701 0.31535
vt 0.16940 0.32087
vt 0.16961 0.28023
vt 0.17097 0.27718
vt 0.39676 0.82919
vt 0.40518 0.82467
vt 0.39497 0.82379
vt 0.38167 0.82542
vt 0.40138 0.83155
vt 0.40786 0.82379
vt 0.93059 0.09518
vt 0.92087 0.10187
vt 0.91699 0.09369
vt 0.91072 0.10017
vt 0.93414 0.10437
vt 0.93744 0.09369
vt 0.90834 0.09906
vt 0.12340 0.02085
vt 0.11108 0.01353
vt 0.11387 0.02407
vt 0.10033 0.02338
vt 0.09941 0.01311
vt 0.08972 0.02506
vt 0.12254 0.01311
vt 0.13434 0.02084
vt 0.11851 0.02664
vt 0.11292 0.03350
vt 0.16537 0.48119
vt 0.17410 0.47427
vt 0.17084 0.48220
vt 0.16606 0.48578
vt 0.17410 0.48883
vt 0.89951 0.00511
vt 0.89445 0.01210
vt 0.89751 0.01212
vt 0.90087 0.00883
vt 0.89595 0.01796
vt 0.89090 0.01452
vt 0.90212 0.00294
vt 0.90754 0.00659
vt 0.90654 0.00146
vt 0.91099 0.00335
vt 0.89291 0.00471
vt 0.90321 0.01587
vt 0.88950 0.00584
vt 0.88761 0.00146
vt 0.88683 0.00460
vt 0.88506 0.01300
vt 0.90379 0.01293
vt 0.91125 0.01058
vt 0.72678 0.25389
vt 0.72739 0.25955
vt 0.73570 0.25479
vt 0.73391 0.26437
vt 0.72209 0.25388
vt 0.73910 0.26447
vt 0.72081 0.25779
vt 0.74150 0.25429
vt 0.72726 0.26456
vt 0.72053 0.26246
vt 0.71726 0.25429
vt 0.74830 0.25856
vt 0.74679 0.26389
vt 0.17410 0.58107
vt 0.16828 0.58981
vt 0.17410 0.58925
vt 0.16882 0.58494
vt 0.01630 0.69498
vt 0.01607 0.71106
vt 0.00898 0.70661
vt 0.02078 0.70615
vt 0.01415 0.72356
vt 0.00896 0.70008
vt 0.02085 0.70110
vt 0.00533 0.70646
vt 0.00835 0.71571
vt 0.00855 0.72003
vt 0.01189 0.69466
vt 0.02085 0.72379
vt 0.97818 0.85680
vt 0.97818 0.86262
vt 0.98109 0.86193
vt 0.55176 0.33705
vt 0.55529 0.33958
vt 0.55529 0.33350
vt 0.54998 0.34320
vt 0.54947 0.33381
vt 0.10383 0.85287
vt 0.10722 0.86519
vt 0.11577 0.85411
vt 0.12171 0.87127
vt 0.08503 0.85787
vt 0.09014 0.86862
vt 0.08501 0.86807
vt 0.07044 0.85528
vt 0.06631 0.86798
vt 0.05397 0.85372
vt 0.04734 0.86589
vt 0.03387 0.85583
vt 0.03614 0.83963
vt 0.07883 0.85001
vt 0.05493 0.84925
vt 0.02573 0.86747
vt 0.01017 0.83342
vt 0.01513 0.84740
vt 0.00153 0.83198
vt 0.00145 0.84024
vt 0.00770 0.85166
vt 0.00577 0.82379
vt 0.12255 0.85473
vt 0.12914 0.87134
vt 0.15806 0.86162
vt 0.14997 0.84468
vt 0.16098 0.84742
vt 0.18053 0.86021
vt 0.16704 0.87531
vt 0.16188 0.87913
vt 0.14825 0.87722
vt 0.18060 0.87650
vt 0.16570 0.83709
vt 0.18516 0.84890
vt 0.18983 0.85721
vt 0.18362 0.83450
vt 0.13813 0.83952
vt 0.11775 0.83958
vt 0.14303 0.87892
vt 0.19002 0.85303
vt 0.19300 0.83436
vt 0.19690 0.84779
vt 0.19781 0.83762
vt 0.19209 0.86057
vt 0.19775 0.86579
vt 0.19609 0.82379
vt 0.20320 0.83405
vt 0.38779 0.37506
vt 0.39220 0.37373
vt 0.39154 0.37776
vt 0.38381 0.38171
vt 0.37795 0.37346
vt 0.40080 0.37657
vt 0.40107 0.38107
vt 0.39137 0.38398
vt 0.37294 0.38164
vt 0.39092 0.37156
vt 0.40014 0.37277
vt 0.39452 0.36480
vt 0.39849 0.37005
vt 0.40107 0.36258
vt 0.39547 0.36068
vt 0.34145 0.05944
vt 0.34192 0.07039
vt 0.35367 0.05944
vt 0.35618 0.06789
vt 0.33164 0.06655
vt 0.33061 0.05867
vt 0.32047 0.05413
vt 0.31730 0.06121
vt 0.30989 0.05329
vt 0.30998 0.04223
vt 0.36574 0.06489
vt 0.36850 0.05019
vt 0.38167 0.04723
vt 0.37452 0.04223
vt 0.58616 0.27356
vt 0.58878 0.27880
vt 0.58218 0.28010
vt 0.59408 0.27837
vt 0.58393 0.27127
vt 0.58050 0.26942
vt 0.58992 0.27945
vt 0.59408 0.27255
vt 0.21526 0.11471
vt 0.21715 0.11893
vt 0.20919 0.11770
vt 0.20611 0.11117
vt 0.22454 0.11117
vt 0.91728 0.99369
vt 0.90834 0.98981
vt 0.91804 0.98981
vt 0.42332 0.66497
vt 0.42042 0.64382
vt 0.44026 0.66588
vt 0.43423 0.67927
vt 0.42392 0.67861
vt 0.43570 0.63279
vt 0.43382 0.60502
vt 0.41733 0.61502
vt 0.41707 0.59599
vt 0.43583 0.69815
vt 0.44220 0.61910
vt 0.42229 0.70233
vt 0.41073 0.67935
vt 0.42976 0.58602
vt 0.44151 0.58646
vt 0.44886 0.63540
vt 0.44485 0.66334
vt 0.41321 0.58695
vt 0.40786 0.66709
vt 0.43429 0.70275
vt 0.42647 0.71080
vt 0.42049 0.71129
vt 0.42439 0.72615
vt 0.43236 0.73219
vt 0.43775 0.74248
vt 0.43795 0.71463
vt 0.44512 0.70516
vt 0.44724 0.68191
vt 0.44298 0.72080
vt 0.45624 0.61904
vt 0.45438 0.66342
vt 0.46474 0.63725
vt 0.45306 0.58733
vt 0.45244 0.69481
vt 0.46482 0.60086
vt 0.46605 0.58592
vt 0.44413 0.76394
vt 0.45396 0.72549
vt 0.43795 0.76791
vt 0.43195 0.75737
vt 0.42767 0.74559
vt 0.42753 0.77718
vt 0.44141 0.77593
vt 0.46182 0.74512
vt 0.46605 0.75947
vt 0.45502 0.71461
vt 0.44937 0.71035
vt 0.46529 0.76738
vt 0.90521 0.48205
vt 0.92112 0.49854
vt 0.92023 0.48860
vt 0.93332 0.48685
vt 0.93239 0.47718
vt 0.93595 0.49708
vt 0.94423 0.49064
vt 0.94263 0.48302
vt 0.89665 0.49098
vt 0.89354 0.47855
vt 0.90291 0.49802
vt 0.88409 0.47718
vt 0.86271 0.73350
vt 0.87051 0.72379
vt 0.86081 0.72379
vt 0.86658 0.73294
vt 0.38320 0.43738
vt 0.37904 0.45214
vt 0.39426 0.44616
vt 0.39867 0.46146
vt 0.40776 0.45697
vt 0.38036 0.46233
vt 0.40434 0.47209
vt 0.37529 0.45436
vt 0.37542 0.46392
vt 0.37488 0.47305
vt 0.37978 0.48697
vt 0.37546 0.48246
vt 0.37003 0.49157
vt 0.45988 0.45817
vt 0.44834 0.46843
vt 0.46317 0.47469
vt 0.46694 0.46905
vt 0.45051 0.48106
vt 0.44497 0.45609
vt 0.43348 0.46174
vt 0.43410 0.47355
vt 0.43591 0.48713
vt 0.43086 0.47870
vt 0.42220 0.46095
vt 0.46541 0.48745
vt 0.41280 0.47461
vt 0.46582 0.44983
vt 0.49156 0.45378
vt 0.49404 0.46584
vt 0.50636 0.45144
vt 0.51101 0.46575
vt 0.52305 0.46198
vt 0.49100 0.47785
vt 0.52391 0.47512
vt 0.53783 0.47205
vt 0.53538 0.45456
vt 0.52305 0.44957
vt 0.51448 0.44505
vt 0.53271 0.44497
vt 0.50749 0.48468
vt 0.44762 0.49402
vt 0.50359 0.44240
vt 0.52028 0.43738
vt 0.42763 0.45406
vt 0.41191 0.48180
vt 0.39606 0.48103
vt 0.49243 0.49259
vt 0.46603 0.49757
vt 0.98663 0.91424
vt 0.97844 0.90585
vt 0.98535 0.89726
vt 0.97989 0.91627
vt 0.98421 0.92864
vt 0.98982 0.92657
vt 0.97721 0.88795
vt 0.98147 0.87621
vt 0.98982 0.88286
vt 0.95621 0.38261
vt 0.95768 0.39555
vt 0.94859 0.39058
vt 0.94714 0.37762
vt 0.95502 0.36839
vt 0.95129 0.40071
vt 0.96051 0.40476
vt 0.96100 0.36970
vt 0.96654 0.35777
vt 0.95657 0.35886
vt 0.95717 0.41764
vt 0.96654 0.42087
vt 0.53185 0.38760
vt 0.51506 0.39462
vt 0.52321 0.40524
vt 0.53493 0.39985
vt 0.54593 0.38301
vt 0.55335 0.39628
vt 0.54149 0.41266
vt 0.52617 0.41670
vt 0.42320 0.38479
vt 0.41241 0.38301
vt 0.42145 0.40243
vt 0.41246 0.40000
vt 0.40951 0.40906
vt 0.41894 0.41746
vt 0.40637 0.42161
vt 0.42136 0.42548
vt 0.40722 0.43512
vt 0.41840 0.43682
vt 0.43227 0.40401
vt 0.44136 0.41106
vt 0.44108 0.40010
vt 0.45246 0.41596
vt 0.46396 0.40473
vt 0.46731 0.41106
vt 0.46915 0.39555
vt 0.48538 0.40354
vt 0.48064 0.41430
vt 0.46842 0.41905
vt 0.45878 0.42944
vt 0.44351 0.42654
vt 0.44994 0.42684
vt 0.48207 0.43033
vt 0.46875 0.42946
vt 0.42776 0.43568
vt 0.48795 0.41661
vt 0.50145 0.41421
vt 0.50085 0.40226
vt 0.50822 0.41997
vt 0.50364 0.42966
vt 0.49070 0.42948
vt 0.51832 0.42699
vt 0.44441 0.43814
vt 0.43923 0.43621
vt 0.43072 0.44409
vt 0.40398 0.44806
vt 0.44802 0.44135
vt 0.87761 0.60746
vt 0.86182 0.60530
vt 0.87226 0.58994
vt 0.87448 0.62236
vt 0.85906 0.61791
vt 0.85694 0.59081
vt 0.86510 0.58426
vt 0.88118 0.58383
vt 0.87633 0.56046
vt 0.86212 0.54603
vt 0.88023 0.55124
vt 0.87950 0.54029
vt 0.86679 0.62409
vt 0.88118 0.64311
vt 0.86818 0.64417
vt 0.88607 0.12184
vt 0.88300 0.12721
vt 0.88333 0.12961
vt 0.88128 0.12691
vt 0.87924 0.12893
vt 0.88026 0.12653
vt 0.87925 0.12615
vt 0.89246 0.12795
vt 0.89282 0.12184
vt 0.50242 0.67146
vt 0.50769 0.68107
vt 0.51376 0.67281
vt 0.49622 0.67956
vt 0.49224 0.67136
vt 0.51563 0.68062
vt 0.51746 0.67136
vt 0.39913 0.53450
vt 0.40495 0.53932
vt 0.40495 0.53252
vt 0.00000 1.00000
vt 0.00000 1.00000
vt 0.00000 1.00000
vt 0.00000 1.00000
vt 0.15910 0.88204
vt 0.16052 0.88155
vt 0.15942 0.88107
vt 0.15761 0.88155
vt 0.72405 0.41252
vt 0.70776 0.40922
vt 0.71223 0.41491
vt 0.72181 0.40922
vt 0.70563 0.41505
vt 0.46421 0.65807
vt 0.46331 0.64839
vt 0.47004 0.64425
vt 0.46826 0.63738
vt 0.47381 0.63993
vt 0.47326 0.65406
vt 0.47037 0.65741
vt 0.47052 0.66956
vt 0.46717 0.67606
vt 0.45732 0.66506
vt 0.47381 0.67979
vt 0.47010 0.68592
vt 0.31474 0.12320
vt 0.32153 0.12470
vt 0.32152 0.13236
vt 0.32152 0.11408
vt 0.31741 0.13447
vt 0.28958 0.90225
vt 0.30616 0.89184
vt 0.30465 0.90324
vt 0.29207 0.88822
vt 0.30885 0.88198
vt 0.29296 0.87578
vt 0.31283 0.87230
vt 0.32622 0.87873
vt 0.29191 0.86742
vt 0.30800 0.85846
vt 0.32193 0.86351
vt 0.29286 0.85440
vt 0.31999 0.90032
vt 0.30204 0.91369
vt 0.31993 0.89495
vt 0.31459 0.91811
vt 0.29630 0.92834
vt 0.28643 0.91778
vt 0.31351 0.93776
vt 0.29469 0.95472
vt 0.31115 0.96008
vt 0.29483 0.96992
vt 0.30844 0.97885
vt 0.32614 0.98005
vt 0.28121 0.91156
vt 0.28258 0.93225
vt 0.26614 0.94141
vt 0.27242 0.92395
vt 0.25461 0.93209
vt 0.25867 0.93964
vt 0.27862 0.95019
vt 0.31997 0.85589
vt 0.31289 0.98737
vt 0.33414 0.99078
vt 0.30046 0.85204
vt 0.29497 0.84453
vt 0.31453 0.84082
vt 0.33414 0.82941
vt 0.30688 0.83303
vt 0.31847 0.83674
vt 0.31996 0.82263
vt 0.30381 0.82890
vt 0.31395 0.81678
vt 0.32348 0.81685
vt 0.32305 0.80243
vt 0.48392 0.04456
vt 0.48213 0.05635
vt 0.49164 0.04770
vt 0.50141 0.05680
vt 0.49958 0.04560
vt 0.51317 0.04612
vt 0.50646 0.04059
vt 0.52037 0.03641
vt 0.48966 0.03725
vt 0.48309 0.03809
vt 0.46850 0.04662
vt 0.45729 0.05033
vt 0.46219 0.03641
vt 0.47330 0.03953
vt 0.44956 0.04165
vt 0.72597 0.35179
vt 0.73181 0.34515
vt 0.71823 0.34515
vt 0.73666 0.35291
vt 0.71863 0.34945
vt 0.00000 1.00000
vt 0.00000 1.00000
vt 0.00000 1.00000
vt 0.00000 1.00000
vt 0.00000 1.00000
vt 0.00000 1.00000
vt 0.00000 1.00000
vt 0.00000 1.00000
vt 0.13337 0.64911
vt 0.12076 0.65087
vt 0.12458 0.65479
vt 0.12763 0.65463
vt 0.12159 0.65583
vt 0.12291 0.64903
vt 0.11882 0.64911
vt 0.56014 0.14148
vt 0.55878 0.14687
vt 0.55458 0.14344
vt 0.55925 0.14728
vt 0.55971 0.14769
vt 0.55685 0.14708
vt 0.56009 0.14806
vt 0.55263 0.14093
vt 0.56009 0.13350
vt 0.55141 0.13802
vt 0.36779 0.74638
vt 0.36825 0.74063
vt 0.36182 0.74359
vt 0.37483 0.73844
vt 0.37948 0.74720
vt 0.38167 0.73350
vt 0.36935 0.75142
vt 0.34660 0.75680
vt 0.35292 0.75048
vt 0.33537 0.74754
vt 0.33317 0.73350
vt 0.99758 0.58746
vt 0.99346 0.57248
vt 0.98497 0.58104
vt 0.99187 0.55485
vt 0.99563 0.59272
vt 0.99758 0.55490
vt 0.17070 0.20567
vt 0.19148 0.20639
vt 0.18978 0.19207
vt 0.16710 0.18747
vt 0.19750 0.19622
vt 0.17029 0.21817
vt 0.16278 0.21033
vt 0.16474 0.20171
vt 0.14382 0.19429
vt 0.13196 0.20293
vt 0.12744 0.21574
vt 0.14842 0.18562
vt 0.16200 0.18794
vt 0.12271 0.18107
vt 0.19762 0.21212
vt 0.21599 0.19663
vt 0.21110 0.21734
vt 0.12683 0.20249
vt 0.12270 0.19064
vt 0.22060 0.22143
vt 0.22645 0.20891
vt 0.23025 0.20235
vt 0.23323 0.18107
vt 0.24068 0.19951
vt 0.23972 0.18422
vt 0.23553 0.21719
vt 0.19638 0.22285
vt 0.22781 0.22380
vt 0.23552 0.22127
vt 0.24200 0.23155
vt 0.55546 0.23878
vt 0.56073 0.25460
vt 0.57737 0.24307
vt 0.54994 0.25438
vt 0.54477 0.23667
vt 0.57148 0.22713
vt 0.53721 0.24432
vt 0.54412 0.25785
vt 0.51398 0.25460
vt 0.51067 0.24837
vt 0.51967 0.26084
vt 0.57593 0.22476
vt 0.58206 0.24271
vt 0.58988 0.22537
vt 0.59991 0.23578
vt 0.61641 0.22644
vt 0.62014 0.23304
vt 0.60191 0.24908
vt 0.54805 0.22619
vt 0.52103 0.22819
vt 0.53921 0.22476
vt 0.59038 0.25992
vt 0.62117 0.24136
vt 0.55174 0.27011
vt 0.58522 0.26366
vt 0.62997 0.23775
vt 0.52341 0.27187
vt 0.61296 0.25834
vt 0.53099 0.27775
vt 0.62749 0.24840
vt 0.54950 0.28107
vt 0.56917 0.27710
vt 0.27207 0.17056
vt 0.27025 0.16547
vt 0.27207 0.16165
vt 0.26528 0.17136
vt 0.26744 0.16414
vt 0.99413 0.20648
vt 0.98206 0.21275
vt 0.99271 0.21056
vt 0.99038 0.21640
vt 0.99758 0.21699
vt 0.99758 0.20779
vt 0.98810 0.20763
vt 0.99293 0.20503
vt 0.99295 0.20459
vt 0.99298 0.20409
vt 0.99302 0.20340
vt 0.90931 0.35680
vt 0.90698 0.36165
vt 0.90155 0.35680
vt 0.68914 0.97621
vt 0.69145 0.98301
vt 0.69205 0.97899
vt 0.69145 0.96845
vt 0.00339 0.50728
vt 0.01115 0.50728
vt 0.00557 0.51117
vt 0.54365 0.18010
vt 0.54656 0.17354
vt 0.54365 0.17233
vt 0.87827 0.98592
vt 0.88506 0.98592
vt 0.88167 0.99369
vt 0.93841 0.28786
vt 0.93841 0.28107
vt 0.93647 0.28428
vt 0.86210 0.17268
vt 0.86027 0.15822
vt 0.87777 0.16850
vt 0.86060 0.12505
vt 0.87669 0.12498
vt 0.87556 0.17892
vt 0.86487 0.19273
vt 0.86947 0.11602
vt 0.88466 0.19099
vt 0.86696 0.20750
vt 0.87524 0.20822
vt 0.85694 0.11648
vt 0.88506 0.11700
vt 0.88506 0.21699
vt 0.72856 0.47265
vt 0.74085 0.47683
vt 0.73458 0.49534
vt 0.71934 0.47671
vt 0.71510 0.45985
vt 0.72700 0.45549
vt 0.70854 0.44706
vt 0.72155 0.51276
vt 0.73067 0.51862
vt 0.74430 0.51560
vt 0.73948 0.54364
vt 0.74597 0.50507
vt 0.75121 0.55865
vt 0.73611 0.55883
vt 0.74293 0.56650
vt 0.74160 0.46176
vt 0.74815 0.47675
vt 0.74018 0.45372
vt 0.72512 0.43485
vt 0.73686 0.42864
vt 0.75121 0.43030
vt 0.74846 0.44555
vt 0.59412 0.14705
vt 0.61148 0.14350
vt 0.60733 0.15893
vt 0.60220 0.13834
vt 0.60171 0.16991
vt 0.62457 0.17759
vt 0.58001 0.16507
vt 0.59448 0.17760
vt 0.56965 0.17737
vt 0.62706 0.15946
vt 0.57396 0.18398
vt 0.56305 0.18249
vt 0.60445 0.13100
vt 0.61882 0.14409
vt 0.62128 0.12556
vt 0.60363 0.12054
vt 0.61544 0.11602
vt 0.62706 0.12366
vt 0.58633 0.18350
vt 0.59235 0.12570
vt 0.71726 0.99369
vt 0.71726 0.97913
vt 0.71242 0.99174
vt 0.83948 0.37427
vt 0.84433 0.37427
vt 0.84069 0.37816
vt 0.83273 0.10631
vt 0.84336 0.10631
vt 0.83876 0.11000
vt 0.83075 0.11117
vt 0.95414 0.66908
vt 0.96557 0.67716
vt 0.96499 0.66967
vt 0.95199 0.66045
vt 0.95982 0.67599
vt 0.96513 0.67925
vt 0.95276 0.67418
vt 0.95481 0.68204
vt 0.96513 0.65917
vt 0.95635 0.65097
vt 0.42292 0.52382
vt 0.40833 0.52300
vt 0.40785 0.52805
vt 0.41502 0.52980
vt 0.42326 0.53155
vt 0.40107 0.52822
vt 0.43307 0.52709
vt 0.40999 0.53004
vt 0.42512 0.51893
vt 0.41453 0.51893
vt 0.75448 0.12282
vt 0.75994 0.11699
vt 0.74636 0.11699
vt 0.50582 0.91116
vt 0.50409 0.92716
vt 0.49515 0.93131
vt 0.50468 0.90534
vt 0.49641 0.94610
vt 0.50582 0.94709
vt 0.83069 0.51797
vt 0.85454 0.50374
vt 0.85090 0.51503
vt 0.82174 0.50549
vt 0.84391 0.48798
vt 0.82382 0.49633
vt 0.82127 0.51441
vt 0.85190 0.49328
vt 0.82174 0.52366
vt 0.83432 0.48301
vt 0.85687 0.51390
vt 0.85694 0.49879
vt 0.83709 0.52561
vt 0.84994 0.52981
vt 0.82008 0.53391
vt 0.85499 0.52950
vt 0.83099 0.54158
vt 0.82209 0.54350
vt 0.82037 0.55563
vt 0.82578 0.57033
vt 0.82110 0.56665
vt 0.85193 0.56619
vt 0.85114 0.54267
vt 0.85585 0.55776
vt 0.83530 0.58373
vt 0.85694 0.58638
vt 0.85318 0.59369
vt 0.84879 0.48520
vt 0.82232 0.49228
vt 0.00000 1.00000
vt 0.00000 1.00000
vt 0.00000 1.00000
vt 0.54559 0.98786
vt 0.53686 0.98786
vt 0.54333 0.99274
vt 0.54486 0.99369
vt 0.54278 0.99276
vt 0.08329 0.42670
vt 0.08534 0.42767
vt 0.08584 0.42703
vt 0.08293 0.42703
vt 0.00000 1.00000
vt 0.00000 1.00000
vt 0.00000 1.00000
vt 0.88899 0.78592
vt 0.88937 0.78545
vt 0.88748 0.78588
vt 0.88720 0.78570
vt 0.89185 0.78583
vt 0.88813 0.78398
vt 0.88603 0.78583
vt 0.41468 0.66123
vt 0.41659 0.66169
vt 0.41512 0.66053
vt 0.41470 0.66226
vt 0.41465 0.66359
vt 0.41465 0.65874
vt 0.62223 0.37316
vt 0.60596 0.35931
vt 0.60259 0.37709
vt 0.61460 0.39353
vt 0.62286 0.35722
vt 0.64045 0.36851
vt 0.62617 0.40254
vt 0.62222 0.41117
vt 0.65604 0.36053
vt 0.61549 0.40852
vt 0.63798 0.38905
vt 0.58886 0.36281
vt 0.58740 0.37481
vt 0.56779 0.34643
vt 0.56314 0.36574
vt 0.58809 0.35313
vt 0.56115 0.35294
vt 0.65335 0.37930
vt 0.63457 0.40010
vt 0.55044 0.34943
vt 0.64248 0.38398
vt 0.66500 0.37144
vt 0.66634 0.35219
vt 0.64193 0.35109
vt 0.59721 0.39037
vt 0.55857 0.33841
vt 0.62688 0.40770
vt 0.58321 0.33835
vt 0.67265 0.35816
vt 0.60286 0.35019
vt 0.59880 0.34563
vt 0.67188 0.33841
vt 0.60932 0.34420
vt 0.93422 0.68071
vt 0.93136 0.66459
vt 0.94229 0.67171
vt 0.94170 0.70480
vt 0.94129 0.65118
vt 0.93185 0.63247
vt 0.93975 0.63373
vt 0.94229 0.61602
vt 0.92483 0.63811
vt 0.92601 0.68601
vt 0.92942 0.70454
vt 0.93218 0.71019
vt 0.60501 0.70959
vt 0.60331 0.70340
vt 0.58833 0.70340
vt 0.58826 0.71311
vt 0.61251 0.70783
vt 0.13407 0.52283
vt 0.13680 0.52864
vt 0.14954 0.52231
vt 0.14697 0.52858
vt 0.15427 0.52534
vt 0.15858 0.51505
vt 0.12334 0.52538
vt 0.11300 0.51505
vt 0.05810 0.05623
vt 0.03767 0.06035
vt 0.04745 0.07187
vt 0.06790 0.06546
vt 0.07619 0.05754
vt 0.08633 0.06785
vt 0.03086 0.04962
vt 0.02108 0.07233
vt 0.02298 0.05976
vt 0.09263 0.05828
vt 0.09252 0.06766
vt 0.07526 0.04806
vt 0.01697 0.06274
vt 0.01710 0.04806
vt 0.80038 0.82181
vt 0.82895 0.81735
vt 0.81273 0.83067
vt 0.81826 0.80317
vt 0.83049 0.83282
vt 0.83034 0.84993
vt 0.80927 0.85085
vt 0.83564 0.79345
vt 0.79228 0.82117
vt 0.83240 0.78200
vt 0.81354 0.78252
vt 0.79931 0.79375
vt 0.81718 0.76262
vt 0.79941 0.83027
vt 0.80374 0.84168
vt 0.79008 0.85203
vt 0.78322 0.83161
vt 0.83851 0.80737
vt 0.80600 0.77672
vt 0.83795 0.84405
vt 0.83839 0.85278
vt 0.83851 0.86068
vt 0.83234 0.82157
vt 0.80820 0.41750
vt 0.83164 0.42295
vt 0.81453 0.42523
vt 0.83261 0.40028
vt 0.80712 0.39488
vt 0.83719 0.40936
vt 0.80237 0.40551
vt 0.82271 0.38269
vt 0.80296 0.41975
vt 0.83948 0.39386
vt 0.83551 0.37732
vt 0.83765 0.42383
vt 0.80317 0.43525
vt 0.83525 0.43599
vt 0.82553 0.43490
vt 0.81696 0.44145
vt 0.80165 0.44665
vt 0.83528 0.44290
vt 0.80445 0.45995
vt 0.82000 0.44844
vt 0.82021 0.48258
vt 0.80366 0.46876
vt 0.83770 0.46553
vt 0.83674 0.45454
vt 0.83125 0.47930
vt 0.83948 0.47121
vt 0.80545 0.47653
vt 0.81702 0.48592
vt 0.82056 0.37433
vt 0.82929 0.37039
usemtl ally_su_ptrd
s 1
f 1/1 7/7 2/2
f 7/7 1/1 10/10
f 1/1 2/2 3/3
f 5/5 1/1 4/4
f 4/4 1/1 3/3
f 6/6 4/4 3/3
f 8/8 2/2 7/7
f 8/8 6/6 2/2
f 9/9 4/4 6/6
f 6/6 8/8 9/9
f 17/17 19/19 13/13
f 12/12 17/17 13/13
f 17/17 12/12 18/18
f 11/11 12/12 13/13
f 11/11 14/14 12/12
f 12/12 14/14 15/15
f 16/16 14/14 11/11
f 27/27 28/28 22/22
f 20/20 22/22 28/28
f 28/28 29/29 20/20
f 26/26 27/27 22/22
f 21/21 25/25 22/22
f 26/26 22/22 25/25
f 20/20 21/21 22/22
f 24/24 20/20 29/29
f 20/20 23/23 21/21
f 23/23 20/20 24/24
f 47/47 46/46 48/48
f 49/49 48/48 46/46
f 49/49 52/52 48/48
f 46/46 47/47 45/45
f 49/49 46/46 50/50
f 45/45 43/43 44/44
f 46/46 45/45 44/44
f 34/34 51/51 44/44
f 53/53 51/51 34/34
f 43/43 34/34 44/44
f 32/32 34/34 43/43
f 32/32 31/31 34/34
f 33/33 30/30 35/35
f 33/33 35/35 36/36
f 30/30 31/31 32/32
f 31/31 30/30 33/33
f 42/42 31/31 33/33
f 42/42 33/33 37/37
f 36/36 37/37 33/33
f 38/38 37/37 36/36
f 39/39 37/37 38/38
f 40/40 39/39 38/38
f 39/39 40/40 41/41
f 59/59 54/54 60/60
f 55/55 54/54 59/59
f 54/54 55/55 56/56
f 57/57 56/56 55/55
f 57/57 55/55 58/58
f 74/74 73/73 75/75
f 76/76 74/74 75/75
f 74/74 76/76 80/80
f 80/80 79/79 74/74
f 87/87 79/79 80/80
f 79/79 78/78 74/74
f 74/74 72/72 73/73
f 86/86 79/79 87/87
f 78/78 79/79 86/86
f 88/88 86/86 87/87
f 72/72 74/74 78/78
f 66/66 73/73 72/72
f 64/64 65/65 66/66
f 64/64 66/66 72/72
f 62/62 65/65 64/64
f 63/63 62/62 64/64
f 61/61 62/62 63/63
f 61/61 67/67 62/62
f 77/77 61/61 63/63
f 68/68 61/61 77/77
f 68/68 67/67 61/61
f 67/67 68/68 69/69
f 70/70 69/69 68/68
f 77/77 70/70 68/68
f 70/70 77/77 81/81
f 70/70 71/71 69/69
f 82/82 83/83 70/70
f 81/81 82/82 70/70
f 82/82 84/84 83/83
f 84/84 85/85 83/83
f 103/103 100/100 102/102
f 100/100 101/101 102/102
f 101/101 100/100 98/98
f 99/99 98/98 100/100
f 98/98 96/96 97/97
f 99/99 96/96 98/98
f 96/96 95/95 97/97
f 92/92 95/95 93/93
f 93/93 95/95 96/96
f 91/91 92/92 93/93
f 91/91 90/90 92/92
f 89/89 90/90 91/91
f 90/90 94/94 104/104
f 94/94 90/90 89/89
f 104/104 94/94 105/105
f 111/111 113/113 105/105
f 111/111 114/114 113/113
f 111/111 105/105 106/106
f 106/106 105/105 94/94
f 107/107 94/94 112/112
f 107/107 106/106 94/94
f 108/108 106/106 107/107
f 111/111 106/106 108/108
f 111/111 115/115 114/114
f 116/116 115/115 111/111
f 110/110 116/116 111/111
f 111/111 108/108 110/110
f 109/109 110/110 108/108
f 109/109 108/108 107/107
f 118/118 123/123 124/124
f 117/117 123/123 118/118
f 125/125 123/123 117/117
f 117/117 118/118 119/119
f 119/119 120/120 117/117
f 121/121 117/117 120/120
f 117/117 121/121 122/122
f 117/117 126/126 125/125
f 126/126 117/117 122/122
f 127/127 132/132 134/134
f 135/135 127/127 134/134
f 129/129 132/132 127/127
f 127/127 128/128 129/129
f 133/133 129/129 130/130
f 128/128 130/130 129/129
f 128/128 131/131 130/130
f 145/145 146/146 140/140
f 137/137 140/140 141/141
f 136/136 145/145 140/140
f 136/136 140/140 137/137
f 136/136 137/137 138/138
f 139/139 142/142 138/138
f 139/139 138/138 137/137
f 148/148 147/147 150/150
f 147/147 148/148 149/149
f 149/149 151/151 147/147
f 151/151 149/149 152/152
f 139/139 143/143 142/142
f 139/139 144/144 143/143
f 157/157 159/159 155/155
f 154/154 157/157 155/155
f 153/153 154/154 155/155
f 158/158 157/157 154/154
f 154/154 153/153 156/156
f 156/156 153/153 160/160
f 161/161 163/163 165/165
f 161/161 165/165 167/167
f 163/163 162/162 166/166
f 161/161 162/162 163/163
f 162/162 161/161 164/164
f 175/175 176/176 177/177
f 175/175 174/174 176/176
f 173/173 174/174 175/175
f 175/175 177/177 178/178
f 175/175 169/169 173/173
f 172/172 169/169 175/175
f 169/169 172/172 171/171
f 170/170 169/169 171/171
f 168/168 169/169 170/170
f 181/181 182/182 185/185
f 180/180 182/182 181/181
f 179/179 183/183 180/180
f 179/179 180/180 181/181
f 184/184 179/179 181/181
f 190/190 191/191 188/188
f 190/190 188/188 187/187
f 186/186 187/187 188/188
f 186/186 188/188 189/189
f 192/192 193/193 194/194
f 195/195 193/193 192/192
f 195/195 192/192 196/196
f 197/197 195/195 196/196
f 198/198 201/201 199/199
f 198/198 199/199 200/200
f 202/202 200/200 199/199
f 209/209 208/208 210/210
f 208/208 209/209 203/203
f 208/208 203/203 205/205
f 203/203 204/204 205/205
f 206/206 205/205 204/204
f 207/207 205/205 206/206
f 216/216 218/218 217/217
f 213/213 216/216 217/217
f 213/213 215/215 216/216
f 215/215 213/213 212/212
f 211/211 212/212 213/213
f 211/211 214/214 212/212
f 214/214 211/211 220/220
f 219/219 212/212 214/214
f 214/214 220/220 221/221
f 221/221 220/220 222/222
f 221/221 222/222 223/223
f 236/236 237/237 238/238
f 232/232 237/237 236/236
f 230/230 232/232 231/231
f 231/231 232/232 236/236
f 227/227 230/230 231/231
f 225/225 230/230 227/227
f 224/224 225/225 226/226
f 229/229 233/233 228/228
f 226/226 225/225 227/227
f 226/226 228/228 224/224
f 228/228 226/226 229/229
f 234/234 235/235 233/233
f 234/234 233/233 229/229
f 239/239 240/240 241/241
f 242/242 239/239 241/241
f 247/247 248/248 250/250
f 246/246 248/248 247/247
f 247/247 245/245 246/246
f 245/245 244/244 246/246
f 243/243 244/244 245/245
f 243/243 249/249 244/244
f 243/243 251/251 249/249
f 252/252 253/253 249/249
f 251/251 252/252 249/249
f 256/256 257/257 254/254
f 255/255 254/254 258/258
f 254/254 255/255 256/256
f 259/259 260/260 261/261
f 284/284 283/283 281/281
f 283/283 282/282 281/281
f 280/280 281/281 282/282
f 281/281 280/280 279/279
f 279/279 280/280 273/273
f 279/279 273/273 278/278
f 274/274 278/278 273/273
f 274/274 273/273 267/267
f 273/273 272/272 267/267
f 267/267 272/272 262/262
f 277/277 262/262 272/272
f 264/264 267/267 262/262
f 262/262 276/276 263/263
f 262/262 263/263 264/264
f 265/265 264/264 263/263
f 263/263 276/276 275/275
f 275/275 266/266 263/263
f 266/266 275/275 271/271
f 266/266 265/265 263/263
f 265/265 266/266 268/268
f 269/269 266/266 271/271
f 269/269 268/268 266/266
f 270/270 268/268 269/269
f 288/288 287/287 289/289
f 285/285 287/287 288/288
f 285/285 286/286 287/287
f 285/285 288/288 297/297
f 295/295 285/285 297/297
f 299/299 285/285 295/295
f 293/293 295/295 297/297
f 291/291 295/295 293/293
f 300/300 291/291 298/298
f 291/291 293/293 292/292
f 290/290 291/291 292/292
f 298/298 291/291 290/290
f 296/296 298/298 290/290
f 290/290 292/292 294/294
f 290/290 294/294 296/296
f 301/301 296/296 294/294
f 302/302 296/296 301/301
f 306/306 304/304 307/307
f 304/304 306/306 303/303
f 304/304 303/303 301/301
f 301/301 303/303 302/302
f 305/305 302/302 303/303
f 313/313 318/318 319/319
f 322/322 323/323 324/324
f 319/319 321/321 313/313
f 318/318 313/313 310/310
f 311/311 310/310 313/313
f 308/308 310/310 311/311
f 308/308 309/309 310/310
f 312/312 308/308 311/311
f 309/309 308/308 312/312
f 314/314 309/309 312/312
f 315/315 309/309 314/314
f 316/316 309/309 315/315
f 320/320 316/316 317/317
f 317/317 316/316 315/315
f 325/325 326/326 327/327
f 329/329 327/327 326/326
f 328/328 326/326 325/325
f 334/334 330/330 332/332
f 330/330 331/331 332/332
f 331/331 330/330 333/333
f 336/336 338/338 344/344
f 336/336 335/335 338/338
f 335/335 336/336 337/337
f 342/342 338/338 335/335
f 342/342 343/343 338/338
f 337/337 336/336 339/339
f 337/337 339/339 340/340
f 346/346 348/348 347/347
f 345/345 346/346 347/347
f 339/339 341/341 340/340
f 354/354 349/349 352/352
f 349/349 351/351 352/352
f 349/349 350/350 351/351
f 350/350 349/349 361/361
f 349/349 354/354 355/355
f 349/349 355/355 356/356
f 355/355 357/357 356/356
f 352/352 351/351 353/353
f 353/353 351/351 356/356
f 356/356 351/351 350/350
f 360/360 350/350 361/361
f 361/361 362/362 360/360
f 357/357 353/353 356/356
f 353/353 357/357 358/358
f 359/359 357/357 355/355
f 363/363 364/364 365/365
f 363/363 366/366 364/364
f 367/367 368/368 369/369
f 368/368 367/367 370/370
f 371/371 372/372 373/373
f 373/373 374/374 371/371
f 375/375 376/376 377/377
f 378/378 377/377 376/376
f 399/399 398/398 397/397
f 396/396 397/397 398/398
f 397/397 395/395 399/399
f 397/397 396/396 395/395
f 384/384 395/395 396/396
f 379/379 380/380 381/381
f 394/394 395/395 384/384
f 383/383 394/394 384/384
f 383/383 384/384 380/380
f 383/383 379/379 394/394
f 383/383 380/380 379/379
f 381/381 382/382 379/379
f 385/385 379/379 382/382
f 381/381 386/386 382/382
f 382/382 387/387 385/385
f 387/387 382/382 388/388
f 389/389 387/387 388/388
f 390/390 387/387 389/389
f 390/390 389/389 391/391
f 392/392 390/390 391/391
f 393/393 390/390 392/392
f 400/400 405/405 403/403
f 400/400 403/403 401/401
f 400/400 401/401 402/402
f 404/404 402/402 401/401
f 402/402 404/404 406/406
f 422/422 421/421 423/423
f 414/414 421/421 422/422
f 414/414 420/420 421/421
f 414/414 419/419 420/420
f 414/414 413/413 419/419
f 413/413 414/414 412/412
f 413/413 425/425 419/419
f 408/408 413/413 411/411
f 413/413 408/408 425/425
f 425/425 408/408 424/424
f 412/412 411/411 413/413
f 411/411 409/409 408/408
f 407/407 424/424 408/408
f 407/407 408/408 409/409
f 410/410 407/407 409/409
f 415/415 407/407 410/410
f 416/416 415/415 410/410
f 418/418 415/415 417/417
f 417/417 415/415 416/416
f 437/437 435/435 432/432
f 435/435 434/434 432/432
f 432/432 434/434 433/433
f 432/432 430/430 437/437
f 431/431 432/432 433/433
f 431/431 430/430 432/432
f 430/430 443/443 437/437
f 442/442 443/443 430/430
f 429/429 430/430 427/427
f 429/429 442/442 430/430
f 427/427 430/430 431/431
f 427/427 426/426 429/429
f 426/426 427/427 428/428
f 438/438 426/426 436/436
f 436/436 426/426 428/428
f 436/436 439/439 438/438
f 441/441 426/426 438/438
f 440/440 439/439 436/436
f 444/444 439/439 440/440
f 445/445 439/439 444/444
f 446/446 445/445 444/444
f 446/446 447/447 445/445
f 447/447 446/446 448/448
f 449/449 447/447 448/448
f 450/450 447/447 449/449
f 450/450 451/451 447/447
f 452/452 451/451 450/450
f 452/452 450/450 453/453
f 454/454 452/452 453/453
f 454/454 453/453 455/455
f 471/471 477/477 476/476
f 469/469 471/471 476/476
f 470/470 471/471 469/469
f 466/466 470/470 469/469
f 469/469 467/467 466/466
f 466/466 467/467 464/464
f 464/464 465/465 466/466
f 468/468 465/465 464/464
f 468/468 464/464 473/473
f 472/472 465/465 468/468
f 474/474 468/468 473/473
f 460/460 461/461 462/462
f 468/468 475/475 472/472
f 475/475 468/468 474/474
f 458/458 475/475 474/474
f 458/458 459/459 475/475
f 457/457 460/460 459/459
f 457/457 459/459 458/458
f 484/484 486/486 485/485
f 482/482 481/481 478/478
f 483/483 484/484 485/485
f 482/482 483/483 481/481
f 482/482 484/484 483/483
f 478/478 479/479 480/480
f 478/478 480/480 463/463
f 481/481 479/479 478/478
f 478/478 463/463 487/487
f 461/461 463/463 462/462
f 488/488 463/463 461/461
f 488/488 487/487 463/463
f 488/488 461/461 489/489
f 457/457 461/461 460/460
f 456/456 457/457 458/458
f 522/522 524/524 523/523
f 521/521 522/522 523/523
f 519/519 521/521 520/520
f 521/521 519/519 522/522
f 518/518 519/519 520/520
f 518/518 517/517 519/519
f 515/515 517/517 516/516
f 513/513 515/515 516/516
f 513/513 514/514 515/515
f 514/514 513/513 512/512
f 499/499 498/498 500/500
f 498/498 499/499 494/494
f 506/506 494/494 499/499
f 506/506 507/507 494/494
f 502/502 501/501 503/503
f 499/499 501/501 502/502
f 504/504 502/502 505/505
f 499/499 500/500 501/501
f 504/504 499/499 502/502
f 499/499 504/504 506/506
f 493/493 490/490 492/492
f 490/490 495/495 496/496
f 495/495 490/490 493/493
f 495/495 508/508 496/496
f 494/494 497/497 498/498
f 494/494 491/491 497/497
f 490/490 491/491 492/492
f 494/494 492/492 491/491
f 510/510 525/525 494/494
f 492/492 494/494 525/525
f 508/508 512/512 513/513
f 511/511 512/512 508/508
f 509/509 508/508 495/495
f 511/511 508/508 509/509
f 516/516 517/517 518/518
f 507/507 510/510 494/494
f 537/537 534/534 536/536
f 534/534 535/535 536/536
f 530/530 533/533 532/532
f 526/526 532/532 527/527
f 530/530 532/532 526/526
f 530/530 526/526 528/528
f 526/526 527/527 528/528
f 529/529 527/527 531/531
f 529/529 528/528 527/527
f 538/538 540/540 541/541
f 542/542 543/543 541/541
f 542/542 541/541 540/540
f 538/538 539/539 540/540
f 542/542 544/544 543/543
f 544/544 542/542 545/545
f 546/546 539/539 538/538
f 547/547 548/548 539/539
f 547/547 539/539 546/546
f 547/547 549/549 545/545
f 547/547 545/545 548/548
f 551/551 554/554 553/553
f 551/551 553/553 552/552
f 550/550 551/551 552/552
f 550/550 552/552 555/555
f 555/555 552/552 556/556
f 557/557 558/558 559/559
f 559/559 560/560 557/557
f 562/562 564/564 563/563
f 568/568 567/567 569/569
f 561/561 562/562 563/563
f 565/565 562/562 561/561
f 566/566 567/567 568/568
f 567/567 566/566 570/570
f 577/577 575/575 571/571
f 575/575 572/572 571/571
f 571/571 572/572 573/573
f 571/571 573/573 574/574
f 574/574 573/573 576/576
f 584/584 583/583 593/593
f 592/592 594/594 595/595
f 592/592 593/593 594/594
f 595/595 594/594 596/596
f 596/596 594/594 597/597
f 589/589 588/588 590/590
f 591/591 590/590 588/588
f 588/588 585/585 587/587
f 585/585 582/582 587/587
f 585/585 581/581 582/582
f 582/582 581/581 578/578
f 587/587 582/582 578/578
f 585/585 588/588 589/589
f 581/581 579/579 578/578
f 583/583 580/580 579/579
f 580/580 583/583 584/584
f 578/578 579/579 580/580
f 584/584 586/586 580/580
f 592/592 586/586 584/584
f 592/592 584/584 593/593
f 603/603 604/604 602/602
f 620/620 604/604 610/610
f 610/610 604/604 603/603
f 610/610 603/603 609/609
f 608/608 609/609 603/603
f 608/608 603/603 605/605
f 621/621 609/609 608/608
f 621/621 622/622 609/609
f 618/618 617/617 619/619
f 616/616 617/617 618/618
f 615/615 612/612 614/614
f 616/616 614/614 617/617
f 615/615 614/614 616/616
f 615/615 616/616 612/612
f 612/612 613/613 614/614
f 612/612 607/607 613/613
f 612/612 611/611 607/607
f 611/611 601/601 607/607
f 601/601 606/606 607/607
f 598/598 599/599 600/600
f 600/600 599/599 601/601
f 601/601 599/599 606/606
f 598/598 602/602 599/599
f 598/598 603/603 602/602
f 603/603 598/598 605/605
f 623/623 622/622 621/621
f 622/622 623/623 624/624
f 625/625 624/624 623/623
f 625/625 623/623 629/629
f 625/625 629/629 632/632
f 626/626 624/624 625/625
f 627/627 626/626 625/625
f 630/630 632/632 633/633
f 633/633 632/632 634/634
f 630/630 625/625 632/632
f 628/628 627/627 625/625
f 628/628 625/625 630/630
f 631/631 628/628 630/630
f 634/634 635/635 633/633
f 633/633 631/631 630/630
f 640/640 638/638 637/637
f 636/636 637/637 638/638
f 639/639 637/637 636/636
f 641/641 642/642 643/643
f 645/645 644/644 643/643
f 643/643 644/644 641/641
f 641/641 646/646 642/642
f 642/642 646/646 647/647
f 647/647 648/648 642/642
f 649/649 650/650 651/651
f 652/652 653/653 654/654
f 665/665 656/656 664/664
f 666/666 665/665 664/664
f 662/662 663/663 655/655
f 664/664 658/658 666/666
f 657/657 662/662 655/655
f 664/664 656/656 658/658
f 657/657 663/663 662/662
f 656/656 655/655 658/658
f 655/655 656/656 657/657
f 657/657 656/656 659/659
f 660/660 659/659 656/656
f 659/659 661/661 657/657
f 667/667 670/670 668/668
f 667/667 668/668 669/669
f 669/669 668/668 671/671
f 672/672 674/674 675/675
f 672/672 673/673 674/674
f 742/742 737/737 738/738
f 735/735 728/728 731/731
f 718/718 737/737 731/731
f 728/728 718/718 731/731
f 719/719 718/718 728/728
f 716/716 718/718 717/717
f 716/716 717/717 714/714
f 709/709 708/708 714/714
f 708/708 715/715 714/714
f 708/708 710/710 715/715
f 714/714 715/715 716/716
f 737/737 718/718 716/716
f 737/737 716/716 738/738
f 719/719 717/717 718/718
f 719/719 714/714 717/717
f 709/709 711/711 707/707
f 709/709 707/707 708/708
f 700/700 708/708 707/707
f 708/708 700/700 710/710
f 700/700 706/706 699/699
f 706/706 700/700 707/707
f 706/706 712/712 685/685
f 699/699 706/706 685/685
f 699/699 685/685 686/686
f 700/700 699/699 686/686
f 684/684 686/686 685/685
f 684/684 685/685 682/682
f 681/681 682/682 678/678
f 683/683 682/682 681/681
f 682/682 683/683 684/684
f 725/725 733/733 732/732
f 736/736 732/732 733/733
f 734/734 733/733 725/725
f 677/677 681/681 678/678
f 676/676 677/677 678/678
f 677/677 676/676 679/679
f 677/677 687/687 681/681
f 677/677 680/680 687/687
f 679/679 680/680 677/677
f 680/680 696/696 687/687
f 690/690 687/687 696/696
f 687/687 690/690 689/689
f 690/690 696/696 694/694
f 726/726 725/725 732/732
f 725/725 726/726 724/724
f 739/739 740/740 733/733
f 739/739 741/741 740/740
f 734/734 739/739 733/733
f 688/688 683/683 681/681
f 687/687 688/688 681/681
f 697/697 684/684 683/683
f 688/688 697/697 683/683
f 689/689 688/688 687/687
f 688/688 689/689 705/705
f 691/691 689/689 690/690
f 689/689 691/691 705/705
f 724/724 723/723 725/725
f 722/722 723/723 724/724
f 698/698 694/694 713/713
f 693/693 690/690 694/694
f 695/695 693/693 694/694
f 695/695 694/694 698/698
f 713/713 727/727 723/723
f 713/713 723/723 722/722
f 692/692 690/690 693/693
f 695/695 704/704 693/693
f 692/692 693/693 703/703
f 703/703 693/693 704/704
f 692/692 691/691 690/690
f 701/701 705/705 691/691
f 692/692 701/701 691/691
f 702/702 703/703 704/704
f 702/702 701/701 692/692
f 702/702 692/692 703/703
f 730/730 729/729 722/722
f 721/721 722/722 729/729
f 721/721 713/713 722/722
f 720/720 698/698 713/713
f 713/713 721/721 720/720
f 746/746 747/747 745/745
f 747/747 743/743 745/745
f 743/743 744/744 745/745
f 745/745 744/744 746/746
f 760/760 761/761 762/762
f 762/762 763/763 760/760
f 761/761 760/760 759/759
f 758/758 759/759 760/760
f 758/758 757/757 759/759
f 758/758 752/752 757/757
f 757/757 752/752 751/751
f 755/755 748/748 753/753
f 752/752 749/749 751/751
f 749/749 748/748 751/751
f 748/748 749/749 750/750
f 750/750 753/753 748/748
f 754/754 753/753 750/750
f 764/764 754/754 750/750
f 754/754 764/764 765/765
f 765/765 767/767 754/754
f 766/766 767/767 765/765
f 765/765 764/764 766/766
f 754/754 755/755 753/753
f 755/755 754/754 756/756
f 776/776 779/779 780/780
f 779/779 776/776 775/775
f 775/775 776/776 777/777
f 777/777 776/776 778/778
f 773/773 774/774 769/769
f 768/768 773/773 769/769
f 770/770 769/769 772/772
f 768/768 769/769 770/770
f 770/770 771/771 768/768
f 785/785 786/786 781/781
f 783/783 785/785 781/781
f 787/787 785/785 783/783
f 781/781 782/782 783/783
f 782/782 781/781 784/784
f 788/788 783/783 782/782
f 783/783 788/788 787/787
f 789/789 791/791 792/792
f 789/789 792/792 796/796
f 796/796 792/792 797/797
f 789/789 790/790 791/791
f 789/789 793/793 790/790
f 789/789 794/794 793/793
f 793/793 794/794 795/795
f 797/797 798/798 796/796
f 845/845 846/846 847/847
f 846/846 845/845 843/843
f 843/843 845/845 844/844
f 839/839 843/843 844/844
f 831/831 850/850 849/849
f 849/849 843/843 840/840
f 843/843 849/849 846/846
f 831/831 849/849 840/840
f 839/839 840/840 843/843
f 840/840 839/839 832/832
f 832/832 831/831 840/840
f 838/838 832/832 839/839
f 837/837 832/832 838/838
f 832/832 837/837 833/833
f 853/853 852/852 854/854
f 851/851 852/852 853/853
f 832/832 833/833 830/830
f 830/830 831/831 832/832
f 830/830 833/833 834/834
f 828/828 831/831 830/830
f 827/827 828/828 830/830
f 830/830 834/834 836/836
f 808/808 809/809 800/800
f 842/842 829/829 813/813
f 809/809 842/842 813/813
f 800/800 809/809 813/813
f 813/813 829/829 828/828
f 827/827 813/813 828/828
f 800/800 813/813 801/801
f 801/801 813/813 827/827
f 801/801 827/827 835/835
f 799/799 800/800 801/801
f 819/819 818/818 817/817
f 820/820 821/821 819/819
f 820/820 823/823 824/824
f 822/822 823/823 820/820
f 823/823 825/825 824/824
f 820/820 819/819 817/817
f 848/848 812/812 826/826
f 808/808 800/800 806/806
f 811/811 807/807 812/812
f 807/807 826/826 812/812
f 807/807 811/811 806/806
f 804/804 800/800 803/803
f 806/806 800/800 804/804
f 804/804 807/807 806/806
f 807/807 810/810 826/826
f 804/804 810/810 807/807
f 803/803 800/800 802/802
f 799/799 802/802 800/800
f 805/805 810/810 804/804
f 803/803 805/805 804/804
f 805/805 841/841 810/810
f 805/805 815/815 841/841
f 815/815 805/805 814/814
f 814/814 805/805 803/803
f 815/815 818/818 841/841
f 817/817 818/818 815/815
f 816/816 815/815 814/814
f 817/817 815/815 816/816
f 822/822 820/820 817/817
f 869/869 863/863 861/861
f 870/870 875/875 869/869
f 856/856 858/858 857/857
f 862/862 863/863 864/864
f 863/863 862/862 861/861
f 859/859 861/861 862/862
f 865/865 869/869 861/861
f 869/869 865/865 870/870
f 860/860 866/866 865/865
f 859/859 860/860 861/861
f 861/861 860/860 865/865
f 867/867 866/866 860/860
f 859/859 855/855 860/860
f 860/860 855/855 867/867
f 871/871 867/867 855/855
f 855/855 859/859 856/856
f 855/855 856/856 857/857
f 866/866 867/867 868/868
f 877/877 872/872 876/876
f 872/872 857/857 876/876
f 874/874 872/872 877/877
f 874/874 873/873 872/872
f 874/874 878/878 873/873
f 857/857 871/871 855/855
f 872/872 871/871 857/857
f 873/873 871/871 872/872
f 899/899 903/903 900/900
f 903/903 901/901 904/904
f 903/903 899/899 901/901
f 897/897 901/901 899/899
f 904/904 905/905 903/903
f 891/891 886/886 880/880
f 891/891 892/892 894/894
f 892/892 895/895 894/894
f 880/880 892/892 891/891
f 895/895 899/899 900/900
f 893/893 895/895 892/892
f 892/892 880/880 893/893
f 897/897 899/899 895/895
f 897/897 895/895 893/893
f 910/910 922/922 907/907
f 910/910 924/924 922/922
f 881/881 880/880 886/886
f 882/882 879/879 881/881
f 882/882 883/883 879/879
f 883/883 882/882 884/884
f 896/896 884/884 898/898
f 885/885 884/884 896/896
f 906/906 909/909 907/907
f 907/907 909/909 910/910
f 906/906 907/907 908/908
f 906/906 908/908 911/911
f 908/908 907/907 914/914
f 914/914 907/907 922/922
f 890/890 879/879 889/889
f 883/883 889/889 879/879
f 887/887 902/902 889/889
f 908/908 912/912 911/911
f 913/913 912/912 908/908
f 912/912 913/913 915/915
f 917/917 913/913 918/918
f 920/920 918/918 923/923
f 918/918 920/920 919/919
f 913/913 916/916 915/915
f 917/917 916/916 913/913
f 919/919 917/917 918/918
f 919/919 920/920 921/921
f 879/879 880/880 881/881
f 889/889 883/883 887/887
f 885/885 883/883 884/884
f 885/885 887/887 883/883
f 887/887 885/885 888/888
f 932/932 926/926 931/931
f 932/932 930/930 926/926
f 925/925 931/931 926/926
f 925/925 926/926 927/927
f 925/925 927/927 928/928
f 929/929 926/926 930/930
f 927/927 926/926 929/929
f 933/933 934/934 935/935
f 949/949 956/956 953/953
f 956/956 957/957 958/958
f 957/957 956/956 950/950
f 950/950 956/956 949/949
f 953/953 946/946 949/949
f 950/950 949/949 947/947
f 953/953 955/955 946/946
f 954/954 938/938 955/955
f 955/955 938/938 946/946
f 945/945 938/938 954/954
f 949/949 946/946 947/947
f 946/946 939/939 947/947
f 939/939 946/946 938/938
f 939/939 938/938 937/937
f 936/936 937/937 938/938
f 937/937 936/936 940/940
f 945/945 954/954 943/943
f 943/943 941/941 945/945
f 944/944 943/943 948/948
f 936/936 938/938 945/945
f 945/945 941/941 936/936
f 940/940 936/936 941/941
f 940/940 941/941 942/942
f 942/942 941/941 943/943
f 944/944 942/942 943/943
f 940/940 942/942 951/951
f 951/951 942/942 952/952
f 967/967 966/966 964/964
f 964/964 966/966 965/965
f 965/965 966/966 969/969
f 961/961 963/963 964/964
f 961/961 964/964 965/965
f 963/963 961/961 960/960
f 959/959 960/960 961/961
f 959/959 961/961 971/971
f 962/962 960/960 959/959
f 959/959 968/968 962/962
f 970/970 968/968 959/959
f 971/971 970/970 959/959
f 972/972 974/974 975/975
f 972/972 973/973 974/974
f 976/976 977/977 978/978
f 977/977 985/985 982/982
f 986/986 982/982 985/985
f 978/978 980/980 976/976
f 980/980 978/978 981/981
f 984/984 981/981 978/978
f 984/984 978/978 983/983
f 982/982 979/979 977/977
f 979/979 978/978 977/977
f 979/979 983/983 978/978
f 1005/1005 1007/1007 1008/1008
f 1006/1006 1007/1007 1005/1005
f 1004/1004 1005/1005 994/994
f 1009/1009 1007/1007 1006/1006
f 1009/1009 1010/1010 1007/1007
f 1015/1015 1007/1007 1010/1010
f 1004/1004 1006/1006 1005/1005
f 1009/1009 1011/1011 1010/1010
f 990/990 994/994 993/993
f 993/993 1002/1002 996/996
f 988/988 993/993 996/996
f 988/988 990/990 993/993
f 990/990 1004/1004 994/994
f 988/988 996/996 995/995
f 988/988 995/995 991/991
f 987/987 990/990 988/988
f 987/987 988/988 989/989
f 989/989 988/988 991/991
f 989/989 991/991 992/992
f 992/992 997/997 989/989
f 989/989 997/997 999/999
f 999/999 1003/1003 989/989
f 1001/1001 999/999 997/997
f 997/997 992/992 998/998
f 1000/1000 998/998 992/992
f 1017/1017 1012/1012 1016/1016
f 1018/1018 1012/1012 1017/1017
f 998/998 1016/1016 1012/1012
f 1012/1012 1013/1013 1001/1001
f 1013/1013 1012/1012 1014/1014
f 1001/1001 997/997 998/998
f 998/998 1012/1012 1001/1001
f 1018/1018 1017/1017 1019/1019
f 1020/1020 1018/1018 1019/1019
f 1020/1020 1019/1019 1021/1021
f 1031/1031 1033/1033 1024/1024
f 1033/1033 1034/1034 1024/1024
f 1024/1024 1030/1030 1031/1031
f 1030/1030 1024/1024 1023/1023
f 1022/1022 1023/1023 1024/1024
f 1022/1022 1025/1025 1023/1023
f 1025/1025 1022/1022 1026/1026
f 1022/1022 1027/1027 1026/1026
f 1026/1026 1027/1027 1032/1032
f 1023/1023 1025/1025 1030/1030
f 1028/1028 1022/1022 1029/1029
f 1022/1022 1028/1028 1027/1027
f 1042/1042 1041/1041 1043/1043
f 1043/1043 1041/1041 1053/1053
f 1054/1054 1043/1043 1053/1053
f 1041/1041 1052/1052 1055/1055
f 1041/1041 1038/1038 1052/1052
f 1036/1036 1038/1038 1037/1037
f 1041/1041 1055/1055 1053/1053
f 1038/1038 1036/1036 1052/1052
f 1042/1042 1040/1040 1041/1041
f 1040/1040 1038/1038 1041/1041
f 1040/1040 1037/1037 1038/1038
f 1035/1035 1036/1036 1037/1037
f 1039/1039 1037/1037 1040/1040
f 1037/1037 1039/1039 1035/1035
f 1044/1044 1042/1042 1045/1045
f 1044/1044 1040/1040 1042/1042
f 1039/1039 1040/1040 1044/1044
f 1039/1039 1044/1044 1046/1046
f 1035/1035 1047/1047 1048/1048
f 1047/1047 1035/1035 1046/1046
f 1046/1046 1035/1035 1039/1039
f 1048/1048 1047/1047 1049/1049
f 1051/1051 1049/1049 1050/1050
f 1050/1050 1049/1049 1047/1047
f 1050/1050 1056/1056 1051/1051
f 1050/1050 1057/1057 1056/1056
f 1061/1061 1057/1057 1050/1050
f 1066/1066 1067/1067 1064/1064
f 1066/1066 1069/1069 1067/1067
f 1066/1066 1064/1064 1065/1065
f 1068/1068 1066/1066 1065/1065
f 1058/1058 1056/1056 1057/1057
f 1058/1058 1059/1059 1056/1056
f 1056/1056 1059/1059 1060/1060
f 1059/1059 1058/1058 1062/1062
f 1062/1062 1060/1060 1059/1059
f 1060/1060 1062/1062 1063/1063
f 1064/1064 1060/1060 1063/1063
f 1064/1064 1063/1063 1065/1065
f 1070/1070 1069/1069 1066/1066
f 1068/1068 1070/1070 1066/1066
f 1081/1081 1078/1078 1077/1077
f 1071/1071 1078/1078 1082/1082
f 1071/1071 1082/1082 1083/1083
f 1077/1077 1071/1071 1074/1074
f 1071/1071 1077/1077 1078/1078
f 1075/1075 1071/1071 1083/1083
f 1074/1074 1071/1071 1073/1073
f 1073/1073 1079/1079 1074/1074
f 1075/1075 1083/1083 1084/1084
f 1072/1072 1075/1075 1076/1076
f 1086/1086 1085/1085 1076/1076
f 1086/1086 1087/1087 1085/1085
f 1072/1072 1076/1076 1085/1085
f 1072/1072 1071/1071 1075/1075
f 1071/1071 1072/1072 1073/1073
f 1073/1073 1080/1080 1079/1079
f 1087/1087 1072/1072 1085/1085
f 1093/1093 1092/1092 1090/1090
f 1093/1093 1094/1094 1092/1092
f 1092/1092 1088/1088 1090/1090
f 1091/1091 1090/1090 1089/1089
f 1096/1096 1089/1089 1088/1088
f 1088/1088 1089/1089 1090/1090
f 1097/1097 1089/1089 1096/1096
f 1095/1095 1091/1091 1089/1089
f 1101/1101 1099/1099 1098/1098
f 1101/1101 1098/1098 1102/1102
f 1098/1098 1099/1099 1100/1100
f 1105/1105 1098/1098 1100/1100
f 1103/1103 1100/1100 1099/1099
f 1100/1100 1103/1103 1104/1104
f 1111/1111 1112/1112 1109/1109
f 1111/1111 1110/1110 1113/1113
f 1110/1110 1114/1114 1113/1113
f 1109/1109 1110/1110 1111/1111
f 1115/1115 1116/1116 1117/1117
f 1106/1106 1107/1107 1108/1108
f 1121/1121 1118/1118 1120/1120
f 1124/1124 1118/1118 1121/1121
f 1124/1124 1125/1125 1118/1118
f 1123/1123 1124/1124 1121/1121
f 1118/1118 1119/1119 1120/1120
f 1122/1122 1121/1121 1120/1120
f 1123/1123 1121/1121 1122/1122
f 1126/1126 1123/1123 1122/1122
f 1123/1123 1126/1126 1127/1127
f 1131/1131 1129/1129 1128/1128
f 1135/1135 1129/1129 1131/1131
f 1136/1136 1131/1131 1128/1128
f 1128/1128 1129/1129 1130/1130
f 1128/1128 1130/1130 1132/1132
f 1134/1134 1136/1136 1128/1128
f 1128/1128 1132/1132 1133/1133
f 1134/1134 1128/1128 1133/1133
f 1147/1147 1146/1146 1137/1137
f 1143/1143 1137/1137 1146/1146
f 1142/1142 1140/1140 1143/1143
f 1140/1140 1137/1137 1143/1143
f 1140/1140 1138/1138 1137/1137
f 1141/1141 1140/1140 1142/1142
f 1148/1148 1147/1147 1145/1145
f 1139/1139 1147/1147 1137/1137
f 1145/1145 1147/1147 1139/1139
f 1137/1137 1138/1138 1139/1139
f 1139/1139 1144/1144 1145/1145
f 1140/1140 1141/1141 1138/1138
f 1144/1144 1139/1139 1138/1138
f 1155/1155 1156/1156 1154/1154
f 1151/1151 1152/1152 1149/1149
f 1153/1153 1152/1152 1151/1151
f 1157/1157 1158/1158 1159/1159
f 1150/1150 1149/1149 1154/1154
f 1154/1154 1149/1149 1155/1155
f 1149/1149 1150/1150 1151/1151
f 1193/1193 1195/1195 1196/1196
f 1194/1194 1195/1195 1193/1193
f 1193/1193 1192/1192 1194/1194
f 1182/1182 1191/1191 1192/1192
f 1182/1182 1192/1192 1193/1193
f 1182/1182 1190/1190 1191/1191
f 1180/1180 1190/1190 1182/1182
f 1186/1186 1188/1188 1189/1189
f 1187/1187 1186/1186 1185/1185
f 1187/1187 1188/1188 1186/1186
f 1185/1185 1186/1186 1180/1180
f 1179/1179 1180/1180 1182/1182
f 1178/1178 1180/1180 1179/1179
f 1176/1176 1178/1178 1179/1179
f 1178/1178 1185/1185 1180/1180
f 1178/1178 1177/1177 1185/1185
f 1176/1176 1177/1177 1178/1178
f 1169/1169 1181/1181 1177/1177
f 1177/1177 1176/1176 1169/1169
f 1169/1169 1176/1176 1170/1170
f 1167/1167 1165/1165 1164/1164
f 1167/1167 1171/1171 1172/1172
f 1160/1160 1171/1171 1167/1167
f 1160/1160 1167/1167 1164/1164
f 1166/1166 1165/1165 1169/1169
f 1166/1166 1169/1169 1170/1170
f 1168/1168 1160/1160 1164/1164
f 1164/1164 1165/1165 1166/1166
f 1171/1171 1162/1162 1173/1173
f 1171/1171 1160/1160 1162/1162
f 1160/1160 1161/1161 1162/1162
f 1175/1175 1173/1173 1174/1174
f 1174/1174 1173/1173 1162/1162
f 1183/1183 1184/1184 1175/1175
f 1163/1163 1161/1161 1160/1160
f 1174/1174 1183/1183 1175/1175
f 1197/1197 1183/1183 1174/1174
f 1198/1198 1202/1202 1204/1204
f 1198/1198 1199/1199 1200/1200
f 1201/1201 1200/1200 1199/1199
f 1198/1198 1200/1200 1202/1202
f 1201/1201 1203/1203 1200/1200
f 1206/1206 1212/1212 1210/1210
f 1210/1210 1214/1214 1211/1211
f 1207/1207 1210/1210 1211/1211
f 1206/1206 1210/1210 1207/1207
f 1213/1213 1208/1208 1209/1209
f 1209/1209 1208/1208 1205/1205
f 1205/1205 1208/1208 1206/1206
f 1205/1205 1206/1206 1207/1207
f 1220/1220 1216/1216 1221/1221
f 1220/1220 1217/1217 1216/1216
f 1218/1218 1215/1215 1217/1217
f 1219/1219 1216/1216 1215/1215
f 1215/1215 1216/1216 1217/1217
f 1231/1231 1232/1232 1230/1230
f 1230/1230 1228/1228 1231/1231
f 1230/1230 1229/1229 1228/1228
f 1223/1223 1225/1225 1227/1227
f 1222/1222 1225/1225 1223/1223
f 1222/1222 1223/1223 1224/1224
f 1227/1227 1228/1228 1229/1229
f 1228/1228 1227/1227 1226/1226
f 1225/1225 1226/1226 1227/1227
f 1226/1226 1225/1225 1222/1222
f 1236/1236 1237/1237 1238/1238
f 1239/1239 1238/1238 1237/1237
f 1233/1233 1234/1234 1235/1235
f 1246/1246 1245/1245 1244/1244
f 1240/1240 1241/1241 1242/1242
f 1243/1243 1244/1244 1245/1245
f 1252/1252 1253/1253 1254/1254
f 1248/1248 1247/1247 1251/1251
f 1247/1247 1248/1248 1249/1249
f 1249/1249 1248/1248 1250/1250
f 1259/1259 1255/1255 1258/1258
f 1255/1255 1257/1257 1258/1258
f 1255/1255 1256/1256 1257/1257
f 1260/1260 1256/1256 1255/1255
f 1260/1260 1261/1261 1256/1256
f 1262/1262 1263/1263 1264/1264
f 1262/1262 1264/1264 1265/1265
f 1262/1262 1270/1270 1263/1263
f 1270/1270 1266/1266 1268/1268
f 1266/1266 1267/1267 1268/1268
f 1263/1263 1270/1270 1268/1268
f 1269/1269 1267/1267 1266/1266
f 1268/1268 1271/1271 1263/1263
f 1272/1272 1273/1273 1274/1274
f 1275/1275 1274/1274 1273/1273
f 1274/1274 1275/1275 1276/1276
f 1282/1282 1277/1277 1279/1279
f 1283/1283 1285/1285 1284/1284
f 1280/1280 1279/1279 1278/1278
f 1281/1281 1280/1280 1278/1278
f 1277/1277 1278/1278 1279/1279
f 1282/1282 1283/1283 1284/1284
f 1283/1283 1282/1282 1279/1279
f 1289/1289 1286/1286 1288/1288
f 1290/1290 1286/1286 1291/1291
f 1286/1286 1287/1287 1288/1288
f 1287/1287 1286/1286 1290/1290
f 1306/1306 1309/1309 1310/1310
f 1310/1310 1309/1309 1311/1311
f 1309/1309 1304/1304 1312/1312
f 1304/1304 1309/1309 1306/1306
f 1306/1306 1305/1305 1304/1304
f 1293/1293 1297/1297 1296/1296
f 1292/1292 1304/1304 1305/1305
f 1303/1303 1304/1304 1292/1292
f 1295/1295 1293/1293 1296/1296
f 1292/1292 1293/1293 1294/1294
f 1294/1294 1293/1293 1295/1295
f 1292/1292 1299/1299 1303/1303
f 1298/1298 1292/1292 1294/1294
f 1299/1299 1292/1292 1298/1298
f 1308/1308 1298/1298 1294/1294
f 1307/1307 1294/1294 1295/1295
f 1308/1308 1294/1294 1307/1307
f 1308/1308 1307/1307 1313/1313
f 1300/1300 1299/1299 1298/1298
f 1301/1301 1299/1299 1300/1300
f 1302/1302 1300/1300 1298/1298
f 1302/1302 1298/1298 1308/1308
f 1316/1316 1315/1315 1319/1319
f 1314/1314 1315/1315 1316/1316
f 1316/1316 1319/1319 1320/1320
f 1314/1314 1316/1316 1317/1317
f 1318/1318 1314/1314 1317/1317
f 1326/1326 1329/1329 1328/1328
f 1326/1326 1323/1323 1324/1324
f 1326/1326 1328/1328 1323/1323
f 1322/1322 1324/1324 1323/1323
f 1321/1321 1322/1322 1323/1323
f 1327/1327 1322/1322 1321/1321
f 1325/1325 1324/1324 1322/1322
f 1330/1330 1323/1323 1328/1328
f 1331/1331 1332/1332 1333/1333
f 1331/1331 1335/1335 1332/1332
f 1331/1331 1333/1333 1334/1334
f 1348/1348 1345/1345 1338/1338
f 1344/1344 1338/1338 1345/1345
f 1338/1338 1344/1344 1343/1343
f 1336/1336 1338/1338 1343/1343
f 1349/1349 1350/1350 1346/1346
f 1343/1343 1344/1344 1346/1346
f 1347/1347 1343/1343 1346/1346
f 1350/1350 1347/1347 1346/1346
f 1336/1336 1337/1337 1338/1338
f 1339/1339 1338/1338 1337/1337
f 1339/1339 1337/1337 1340/1340
f 1337/1337 1341/1341 1340/1340
f 1342/1342 1341/1341 1337/1337
f 1369/1369 1370/1370 1371/1371
f 1357/1357 1360/1360 1361/1361
f 1360/1360 1357/1357 1359/1359
f 1355/1355 1354/1354 1357/1357
f 1354/1354 1355/1355 1356/1356
f 1351/1351 1352/1352 1353/1353
f 1368/1368 1362/1362 1355/1355
f 1356/1356 1355/1355 1362/1362
f 1363/1363 1356/1356 1362/1362
f 1363/1363 1364/1364 1356/1356
f 1364/1364 1365/1365 1366/1366
f 1365/1365 1364/1364 1363/1363
f 1357/1357 1358/1358 1359/1359
f 1358/1358 1357/1357 1354/1354
f 1358/1358 1354/1354 1367/1367
f 1372/1372 1373/1373 1374/1374
f 1381/1381 1377/1377 1384/1384
f 1378/1378 1376/1376 1379/1379
f 1378/1378 1377/1377 1376/1376
f 1375/1375 1376/1376 1377/1377
f 1380/1380 1375/1375 1377/1377
f 1383/1383 1380/1380 1382/1382
f 1381/1381 1380/1380 1377/1377
f 1382/1382 1380/1380 1381/1381
f 1385/1385 1390/1390 1391/1391
f 1390/1390 1385/1385 1387/1387
f 1385/1385 1386/1386 1387/1387
f 1386/1386 1392/1392 1387/1387
f 1386/1386 1385/1385 1388/1388
f 1389/1389 1386/1386 1388/1388
f 1394/1394 1393/1393 1397/1397
f 1393/1393 1394/1394 1395/1395
f 1394/1394 1396/1396 1395/1395
f 1398/1398 1399/1399 1400/1400
f 1398/1398 1401/1401 1399/1399
f 1403/1403 1401/1401 1398/1398
f 1398/1398 1402/1402 1403/1403
f 1398/1398 1405/1405 1402/1402
f 1404/1404 1403/1403 1402/1402
f 1402/1402 1405/1405 1404/1404
f 1407/1407 1406/1406 1409/1409
f 1406/1406 1407/1407 1408/1408
f 1410/1410 1414/1414 1411/1411
f 1410/1410 1415/1415 1414/1414
f 1410/1410 1411/1411 1412/1412
f 1413/1413 1411/1411 1416/1416
f 1413/1413 1412/1412 1411/1411
f 1432/1432 1429/1429 1431/1431
f 1430/1430 1426/1426 1429/1429
f 1429/1429 1428/1428 1431/1431
f 1429/1429 1426/1426 1428/1428
f 1428/1428 1426/1426 1422/1422
f 1422/1422 1426/1426 1420/1420
f 1426/1426 1427/1427 1420/1420
f 1423/1423 1420/1420 1427/1427
f 1422/1422 1420/1420 1421/1421
f 1421/1421 1420/1420 1417/1417
f 1423/1423 1425/1425 1424/1424
f 1420/1420 1423/1423 1418/1418
f 1417/1417 1418/1418 1419/1419
f 1418/1418 1417/1417 1420/1420
f 1424/1424 1418/1418 1423/1423
f 1435/1435 1440/1440 1436/1436
f 1435/1435 1441/1441 1440/1440
f 1435/1435 1436/1436 1433/1433
f 1442/1442 1441/1441 1435/1435
f 1441/1441 1442/1442 1443/1443
f 1433/1433 1434/1434 1435/1435
f 1434/1434 1437/1437 1438/1438
f 1437/1437 1434/1434 1433/1433
f 1438/1438 1439/1439 1434/1434
f 1444/1444 1445/1445 1446/1446
f 1450/1450 1448/1448 1447/1447
f 1447/1447 1448/1448 1449/1449
f 1455/1455 1454/1454 1453/1453
f 1451/1451 1452/1452 1453/1453
f 1456/1456 1452/1452 1451/1451
f 1451/1451 1453/1453 1454/1454
f 1459/1459 1460/1460 1455/1455
f 1459/1459 1455/1455 1453/1453
f 1452/1452 1459/1459 1453/1453
f 1459/1459 1461/1461 1460/1460
f 1456/1456 1451/1451 1454/1454
f 1457/1457 1456/1456 1454/1454
f 1457/1457 1454/1454 1458/1458
f 1471/1471 1472/1472 1465/1465
f 1471/1471 1465/1465 1470/1470
f 1465/1465 1469/1469 1470/1470
f 1467/1467 1469/1469 1465/1465
f 1498/1498 1501/1501 1474/1474
f 1473/1473 1474/1474 1469/1469
f 1469/1469 1467/1467 1473/1473
f 1473/1473 1467/1467 1475/1475
f 1462/1462 1463/1463 1464/1464
f 1463/1463 1465/1465 1464/1464
f 1463/1463 1466/1466 1465/1465
f 1466/1466 1467/1467 1465/1465
f 1468/1468 1467/1467 1466/1466
f 1468/1468 1475/1475 1467/1467
f 1496/1496 1494/1494 1495/1495
f 1474/1474 1496/1496 1498/1498
f 1498/1498 1496/1496 1497/1497
f 1495/1495 1497/1497 1496/1496
f 1493/1493 1497/1497 1495/1495
f 1494/1494 1493/1493 1495/1495
f 1492/1492 1493/1493 1494/1494
f 1493/1493 1492/1492 1491/1491
f 1491/1491 1492/1492 1490/1490
f 1491/1491 1488/1488 1493/1493
f 1485/1485 1487/1487 1488/1488
f 1488/1488 1487/1487 1506/1506
f 1485/1485 1488/1488 1491/1491
f 1490/1490 1485/1485 1491/1491
f 1485/1485 1486/1486 1487/1487
f 1486/1486 1485/1485 1484/1484
f 1490/1490 1483/1483 1485/1485
f 1485/1485 1483/1483 1484/1484
f 1489/1489 1506/1506 1487/1487
f 1487/1487 1486/1486 1489/1489
f 1481/1481 1482/1482 1483/1483
f 1483/1483 1482/1482 1484/1484
f 1476/1476 1479/1479 1477/1477
f 1476/1476 1477/1477 1478/1478
f 1477/1477 1480/1480 1478/1478
f 1477/1477 1503/1503 1480/1480
f 1478/1478 1480/1480 1481/1481
f 1482/1482 1481/1481 1480/1480
f 1503/1503 1482/1482 1480/1480
f 1503/1503 1504/1504 1482/1482
f 1468/1468 1500/1500 1475/1475
f 1468/1468 1499/1499 1500/1500
f 1479/1479 1500/1500 1499/1499
f 1479/1479 1499/1499 1477/1477
f 1503/1503 1477/1477 1499/1499
f 1505/1505 1502/1502 1486/1486
f 1486/1486 1502/1502 1489/1489
f 1507/1507 1508/1508 1509/1509
f 1510/1510 1511/1511 1512/1512
f 1514/1514 1520/1520 1516/1516
f 1513/1513 1514/1514 1515/1515
f 1515/1515 1514/1514 1516/1516
f 1513/1513 1515/1515 1517/1517
f 1517/1517 1515/1515 1518/1518
f 1517/1517 1518/1518 1519/1519
f 1524/1524 1526/1526 1527/1527
f 1527/1527 1528/1528 1524/1524
f 1527/1527 1533/1533 1528/1528
f 1529/1529 1528/1528 1533/1533
f 1521/1521 1523/1523 1525/1525
f 1523/1523 1530/1530 1525/1525
f 1521/1521 1526/1526 1524/1524
f 1522/1522 1521/1521 1524/1524
f 1528/1528 1522/1522 1524/1524
f 1522/1522 1528/1528 1529/1529
f 1521/1521 1522/1522 1523/1523
f 1531/1531 1530/1530 1523/1523
f 1536/1536 1531/1531 1535/1535
f 1531/1531 1537/1537 1530/1530
f 1537/1537 1531/1531 1536/1536
f 1537/1537 1536/1536 1538/1538
f 1532/1532 1522/1522 1529/1529
f 1534/1534 1522/1522 1532/1532
f 1522/1522 1531/1531 1523/1523
f 1534/1534 1531/1531 1522/1522
f 1531/1531 1534/1534 1535/1535
f 1547/1547 1546/1546 1548/1548
f 1546/1546 1547/1547 1543/1543
f 1549/1549 1543/1543 1547/1547
f 1542/1542 1543/1543 1544/1544
f 1543/1543 1542/1542 1546/1546
f 1545/1545 1541/1541 1544/1544
f 1542/1542 1541/1541 1540/1540
f 1544/1544 1541/1541 1542/1542
f 1539/1539 1540/1540 1541/1541
f 1558/1558 1559/1559 1557/1557
f 1556/1556 1558/1558 1557/1557
f 1556/1556 1557/1557 1551/1551
f 1556/1556 1551/1551 1550/1550
f 1550/1550 1551/1551 1552/1552
f 1553/1553 1552/1552 1551/1551
f 1552/1552 1553/1553 1554/1554
f 1553/1553 1551/1551 1555/1555
f 1561/1561 1564/1564 1562/1562
f 1560/1560 1561/1561 1562/1562
f 1563/1563 1560/1560 1562/1562
f 1561/1561 1560/1560 1565/1565
f 1571/1571 1567/1567 1572/1572
f 1571/1571 1568/1568 1567/1567
f 1566/1566 1567/1567 1568/1568
f 1567/1567 1566/1566 1569/1569
f 1566/1566 1570/1570 1569/1569
f 1573/1573 1574/1574 1575/1575
f 1578/1578 1579/1579 1580/1580
f 1576/1576 1573/1573 1575/1575
f 1574/1574 1573/1573 1577/1577
f 1586/1586 1584/1584 1581/1581
f 1582/1582 1585/1585 1583/1583
f 1581/1581 1582/1582 1583/1583
f 1581/1581 1584/1584 1582/1582
f 1595/1595 1593/1593 1594/1594
f 1587/1587 1588/1588 1589/1589
f 1588/1588 1587/1587 1590/1590
f 1591/1591 1596/1596 1592/1592
f 1593/1593 1592/1592 1594/1594
f 1591/1591 1592/1592 1593/1593
f 1599/1599 1604/1604 1602/1602
f 1597/1597 1599/1599 1602/1602
f 1601/1601 1599/1599 1598/1598
f 1597/1597 1598/1598 1599/1599
f 1600/1600 1598/1598 1597/1597
f 1600/1600 1597/1597 1603/1603
f 1605/1605 1606/1606 1607/1607
f 1606/1606 1605/1605 1608/1608
f 1609/1609 1610/1610 1611/1611
f 1610/1610 1614/1614 1611/1611
f 1609/1609 1612/1612 1610/1610
f 1615/1615 1614/1614 1610/1610
f 1612/1612 1613/1613 1610/1610
f 1616/1616 1626/1626 1625/1625
f 1625/1625 1624/1624 1616/1616
f 1620/1620 1616/1616 1624/1624
f 1622/1622 1619/1619 1618/1618
f 1616/1616 1618/1618 1619/1619
f 1616/1616 1617/1617 1618/1618
f 1627/1627 1628/1628 1629/1629
f 1620/1620 1617/1617 1616/1616
f 1617/1617 1621/1621 1618/1618
f 1617/1617 1623/1623 1621/1621
f 1630/1630 1631/1631 1632/1632
f 1635/1635 1636/1636 1633/1633
f 1633/1633 1634/1634 1635/1635
f 1638/1638 1637/1637 1641/1641
f 1639/1639 1638/1638 1640/1640
f 1637/1637 1638/1638 1639/1639
f 1645/1645 1643/1643 1646/1646
f 1642/1642 1643/1643 1644/1644
f 1644/1644 1643/1643 1645/1645
f 1642/1642 1644/1644 1647/1647
f 1642/1642 1647/1647 1648/1648
f 1655/1655 1657/1657 1659/1659
f 1659/1659 1661/1661 1662/1662
f 1657/1657 1660/1660 1659/1659
f 1659/1659 1660/1660 1661/1661
f 1654/1654 1658/1658 1656/1656
f 1657/1657 1655/1655 1656/1656
f 1654/1654 1656/1656 1655/1655
f 1675/1675 1658/1658 1654/1654
f 1654/1654 1674/1674 1675/1675
f 1653/1653 1654/1654 1655/1655
f 1653/1653 1650/1650 1654/1654
f 1650/1650 1653/1653 1652/1652
f 1674/1674 1654/1654 1650/1650
f 1674/1674 1650/1650 1676/1676
f 1649/1649 1676/1676 1650/1650
f 1649/1649 1650/1650 1651/1651
f 1652/1652 1651/1651 1650/1650
f 1651/1651 1663/1663 1649/1649
f 1676/1676 1649/1649 1663/1663
f 1663/1663 1665/1665 1666/1666
f 1664/1664 1663/1663 1651/1651
f 1665/1665 1663/1663 1664/1664
f 1669/1669 1665/1665 1664/1664
f 1670/1670 1668/1668 1669/1669
f 1668/1668 1665/1665 1669/1669
f 1667/1667 1666/1666 1665/1665
f 1667/1667 1665/1665 1668/1668
f 1671/1671 1668/1668 1670/1670
f 1672/1672 1668/1668 1671/1671
f 1673/1673 1672/1672 1671/1671
f 1668/1668 1677/1677 1667/1667
f 1667/1667 1677/1677 1678/1678
f 1677/1677 1668/1668 1672/1672
f 1679/1679 1678/1678 1677/1677
f 1679/1679 1677/1677 1680/1680
f 1681/1681 1679/1679 1680/1680
f 1681/1681 1680/1680 1682/1682
f 1683/1683 1681/1681 1682/1682
f 1686/1686 1685/1685 1687/1687
f 1684/1684 1685/1685 1686/1686
f 1688/1688 1689/1689 1690/1690
f 1691/1691 1692/1692 1693/1693
f 1695/1695 1691/1691 1693/1693
f 1694/1694 1693/1693 1692/1692
f 1696/1696 1695/1695 1693/1693
f 1709/1709 1711/1711 1704/1704
f 1703/1703 1709/1709 1704/1704
f 1710/1710 1709/1709 1703/1703
f 1707/1707 1697/1697 1704/1704
f 1707/1707 1706/1706 1697/1697
f 1697/1697 1706/1706 1705/1705
f 1698/1698 1697/1697 1705/1705
f 1697/1697 1698/1698 1699/1699
f 1697/1697 1703/1703 1704/1704
f 1699/1699 1703/1703 1697/1697
f 1700/1700 1699/1699 1698/1698
f 1699/1699 1700/1700 1701/1701
f 1702/1702 1701/1701 1700/1700
f 1708/1708 1702/1702 1700/1700
f 1712/1712 1713/1713 1714/1714
f 1717/1717 1716/1716 1718/1718
f 1715/1715 1716/1716 1717/1717
f 1741/1741 1725/1725 1755/1755
f 1725/1725 1741/1741 1727/1727
f 1754/1754 1752/1752 1753/1753
f 1752/1752 1751/1751 1753/1753
f 1741/1741 1751/1751 1750/1750
f 1752/1752 1750/1750 1751/1751
f 1727/1727 1741/1741 1750/1750
f 1750/1750 1757/1757 1727/1727
f 1726/1726 1725/1725 1727/1727
f 1724/1724 1723/1723 1725/1725
f 1723/1723 1719/1719 1722/1722
f 1719/1719 1723/1723 1724/1724
f 1722/1722 1721/1721 1735/1735
f 1719/1719 1721/1721 1722/1722
f 1720/1720 1735/1735 1721/1721
f 1719/1719 1720/1720 1721/1721
f 1720/1720 1736/1736 1735/1735
f 1725/1725 1726/1726 1724/1724
f 1734/1734 1724/1724 1726/1726
f 1728/1728 1724/1724 1734/1734
f 1728/1728 1719/1719 1724/1724
f 1719/1719 1728/1728 1729/1729
f 1729/1729 1720/1720 1719/1719
f 1730/1730 1720/1720 1729/1729
f 1746/1746 1747/1747 1742/1742
f 1740/1740 1742/1742 1747/1747
f 1744/1744 1746/1746 1742/1742
f 1743/1743 1744/1744 1742/1742
f 1740/1740 1747/1747 1736/1736
f 1738/1738 1742/1742 1740/1740
f 1738/1738 1743/1743 1742/1742
f 1748/1748 1743/1743 1738/1738
f 1743/1743 1745/1745 1744/1744
f 1733/1733 1738/1738 1740/1740
f 1738/1738 1737/1737 1739/1739
f 1740/1740 1736/1736 1733/1733
f 1738/1738 1733/1733 1737/1737
f 1756/1756 1737/1737 1732/1732
f 1737/1737 1749/1749 1739/1739
f 1756/1756 1749/1749 1737/1737
f 1749/1749 1738/1738 1739/1739
f 1720/1720 1733/1733 1736/1736
f 1733/1733 1732/1732 1737/1737
f 1720/1720 1732/1732 1733/1733
f 1731/1731 1720/1720 1730/1730
f 1732/1732 1720/1720 1731/1731
f 1731/1731 1756/1756 1732/1732
f 1758/1758 1760/1760 1761/1761
f 1758/1758 1759/1759 1760/1760
f 1762/1762 1763/1763 1764/1764
f 1791/1791 1792/1792 1793/1793
f 1788/1788 1785/1785 1790/1790
f 1775/1775 1785/1785 1777/1777
f 1785/1785 1775/1775 1790/1790
f 1780/1780 1774/1774 1776/1776
f 1774/1774 1769/1769 1775/1775
f 1780/1780 1773/1773 1774/1774
f 1769/1769 1774/1774 1773/1773
f 1788/1788 1790/1790 1775/1775
f 1775/1775 1769/1769 1788/1788
f 1787/1787 1788/1788 1769/1769
f 1786/1786 1787/1787 1769/1769
f 1776/1776 1775/1775 1777/1777
f 1775/1775 1776/1776 1774/1774
f 1767/1767 1769/1769 1773/1773
f 1766/1766 1769/1769 1767/1767
f 1766/1766 1786/1786 1769/1769
f 1789/1789 1786/1786 1766/1766
f 1779/1779 1767/1767 1773/1773
f 1768/1768 1766/1766 1765/1765
f 1765/1765 1766/1766 1767/1767
f 1767/1767 1779/1779 1772/1772
f 1765/1765 1767/1767 1772/1772
f 1789/1789 1766/1766 1768/1768
f 1770/1770 1768/1768 1765/1765
f 1789/1789 1768/1768 1783/1783
f 1771/1771 1768/1768 1770/1770
f 1768/1768 1771/1771 1783/1783
f 1770/1770 1778/1778 1771/1771
f 1770/1770 1765/1765 1772/1772
f 1771/1771 1781/1781 1782/1782
f 1781/1781 1771/1771 1778/1778
f 1771/1771 1784/1784 1783/1783
f 1771/1771 1782/1782 1784/1784
f 1798/1798 1795/1795 1797/1797
f 1797/1797 1795/1795 1794/1794
f 1799/1799 1796/1796 1795/1795
f 1794/1794 1795/1795 1796/1796
f 1796/1796 1799/1799 1800/1800
f 1800/1800 1799/1799 1801/1801
f 1800/1800 1802/1802 1796/1796
f 1807/1807 1808/1808 1809/1809
f 1804/1804 1808/1808 1807/1807
f 1811/1811 1805/1805 1807/1807
f 1805/1805 1804/1804 1807/1807
f 1812/1812 1806/1806 1803/1803
f 1803/1803 1810/1810 1813/1813
f 1803/1803 1805/1805 1810/1810
f 1804/1804 1803/1803 1806/1806
f 1803/1803 1804/1804 1805/1805
f 1815/1815 1814/1814 1817/1817
f 1814/1814 1815/1815 1816/1816
f 1822/1822 1818/1818 1820/1820
f 1818/1818 1819/1819 1820/1820
f 1819/1819 1818/1818 1821/1821
f 1830/1830 1845/1845 1827/1827
f 1823/1823 1830/1830 1827/1827
f 1827/1827 1828/1828 1826/1826
f 1827/1827 1826/1826 1823/1823
f 1834/1834 1830/1830 1823/1823
f 1823/1823 1826/1826 1824/1824
f 1823/1823 1824/1824 1825/1825
f 1825/1825 1834/1834 1823/1823
f 1825/1825 1838/1838 1834/1834
f 1834/1834 1835/1835 1830/1830
f 1835/1835 1834/1834 1836/1836
f 1838/1838 1837/1837 1834/1834
f 1839/1839 1837/1837 1838/1838
f 1837/1837 1836/1836 1834/1834
f 1831/1831 1824/1824 1832/1832
f 1829/1829 1824/1824 1831/1831
f 1831/1831 1833/1833 1829/1829
f 1829/1829 1825/1825 1824/1824
f 1840/1840 1829/1829 1833/1833
f 1841/1841 1844/1844 1842/1842
f 1840/1840 1843/1843 1841/1841
f 1839/1839 1838/1838 1840/1840
f 1839/1839 1841/1841 1842/1842
f 1841/1841 1839/1839 1840/1840
f 1825/1825 1840/1840 1838/1838
f 1825/1825 1829/1829 1840/1840
f 1861/1861 1864/1864 1860/1860
f 1846/1846 1860/1860 1859/1859
f 1859/1859 1857/1857 1846/1846
f 1867/1867 1863/1863 1862/1862
f 1846/1846 1861/1861 1860/1860
f 1857/1857 1847/1847 1846/1846
f 1846/1846 1847/1847 1848/1848
f 1862/1862 1861/1861 1846/1846
f 1846/1846 1849/1849 1862/1862
f 1848/1848 1849/1849 1846/1846
f 1855/1855 1847/1847 1857/1857
f 1866/1866 1851/1851 1855/1855
f 1851/1851 1847/1847 1855/1855
f 1850/1850 1847/1847 1851/1851
f 1852/1852 1850/1850 1851/1851
f 1863/1863 1864/1864 1861/1861
f 1864/1864 1863/1863 1865/1865
f 1861/1861 1862/1862 1863/1863
f 1849/1849 1867/1867 1862/1862
f 1848/1848 1858/1858 1849/1849
f 1850/1850 1848/1848 1847/1847
f 1856/1856 1858/1858 1848/1848
f 1856/1856 1852/1852 1854/1854
f 1848/1848 1850/1850 1856/1856
f 1852/1852 1856/1856 1850/1850
f 1866/1866 1869/1869 1853/1853
f 1866/1866 1853/1853 1851/1851
f 1870/1870 1854/1854 1868/1868
f 1853/1853 1868/1868 1854/1854
f 1852/1852 1853/1853 1854/1854
f 1852/1852 1851/1851 1853/1853
f 1876/1876 1883/1883 1880/1880
f 1874/1874 1875/1875 1876/1876
f 1880/1880 1883/1883 1882/1882
f 1874/1874 1876/1876 1880/1880
f 1874/1874 1873/1873 1875/1875
f 1871/1871 1873/1873 1874/1874
f 1871/1871 1874/1874 1880/1880
f 1871/1871 1872/1872 1873/1873
f 1877/1877 1885/1885 1872/1872
f 1886/1886 1872/1872 1885/1885
f 1881/1881 1880/1880 1882/1882
f 1879/1879 1871/1871 1880/1880
f 1872/1872 1871/1871 1877/1877
f 1884/1884 1877/1877 1878/1878
f 1871/1871 1878/1878 1877/1877
f 1879/1879 1880/1880 1881/1881
f 1871/1871 1879/1879 1878/1878
f 1892/1892 1893/1893 1891/1891
f 1894/1894 1893/1893 1895/1895
f 1893/1893 1894/1894 1891/1891
f 1891/1891 1890/1890 1892/1892
f 1888/1888 1887/1887 1890/1890
f 1888/1888 1890/1890 1891/1891
f 1887/1887 1888/1888 1889/1889
f 1889/1889 1888/1888 1896/1896
f 1896/1896 1897/1897 1889/1889
f 1897/1897 1898/1898 1899/1899
f 1896/1896 1898/1898 1897/1897
f 1903/1903 1900/1900 1902/1902
f 1904/1904 1900/1900 1903/1903
f 1903/1903 1905/1905 1904/1904
f 1906/1906 1905/1905 1903/1903
f 1907/1907 1902/1902 1901/1901
f 1900/1900 1901/1901 1902/1902
f 1907/1907 1908/1908 1909/1909
f 1908/1908 1907/1907 1901/1901
f 1911/1911 1912/1912 1913/1913
f 1908/1908 1901/1901 1910/1910
f 1953/1953 1954/1954 1946/1946
f 1954/1954 1953/1953 1955/1955
f 1946/1946 1954/1954 1956/1956
f 1953/1953 1946/1946 1945/1945
f 1945/1945 1946/1946 1944/1944
f 1947/1947 1944/1944 1946/1946
f 1956/1956 1957/1957 1946/1946
f 1949/1949 1950/1950 1951/1951
f 1950/1950 1949/1949 1943/1943
f 1945/1945 1943/1943 1949/1949
f 1943/1943 1945/1945 1944/1944
f 1950/1950 1943/1943 1952/1952
f 1952/1952 1943/1943 1941/1941
f 1942/1942 1941/1941 1943/1943
f 1942/1942 1943/1943 1944/1944
f 1940/1940 1941/1941 1942/1942
f 1947/1947 1946/1946 1948/1948
f 1929/1929 1930/1930 1931/1931
f 1933/1933 1929/1929 1931/1931
f 1933/1933 1927/1927 1929/1929
f 1928/1928 1930/1930 1929/1929
f 1927/1927 1928/1928 1929/1929
f 1915/1915 1928/1928 1927/1927
f 1914/1914 1917/1917 1915/1915
f 1916/1916 1915/1915 1926/1926
f 1916/1916 1926/1926 1923/1923
f 1919/1919 1918/1918 1916/1916
f 1919/1919 1916/1916 1923/1923
f 1918/1918 1919/1919 1920/1920
f 1916/1916 1918/1918 1914/1914
f 1914/1914 1915/1915 1916/1916
f 1926/1926 1915/1915 1927/1927
f 1932/1932 1934/1934 1931/1931
f 1937/1937 1931/1931 1935/1935
f 1935/1935 1931/1931 1934/1934
f 1934/1934 1932/1932 1938/1938
f 1932/1932 1931/1931 1930/1930
f 1937/1937 1933/1933 1931/1931
f 1919/1919 1921/1921 1920/1920
f 1921/1921 1919/1919 1922/1922
f 1952/1952 1941/1941 1939/1939
f 1952/1952 1939/1939 1924/1924
f 1939/1939 1922/1922 1924/1924
f 1922/1922 1939/1939 1940/1940
f 1940/1940 1939/1939 1941/1941
f 1925/1925 1919/1919 1923/1923
f 1924/1924 1919/1919 1925/1925
f 1924/1924 1922/1922 1919/1919
f 1935/1935 1934/1934 1936/1936
f 1961/1961 1958/1958 1960/1960
f 1958/1958 1959/1959 1960/1960
f 1959/1959 1962/1962 1960/1960
f 1963/1963 1964/1964 1965/1965
f 1966/1966 1964/1964 1963/1963
f 1967/1967 1965/1965 1964/1964
f 1971/1971 1968/1968 1970/1970
f 1974/1974 1975/1975 1972/1972
f 1968/1968 1969/1969 1970/1970
f 1972/1972 1973/1973 1974/1974
f 1976/1976 1977/1977 1978/1978
f 1979/1979 1977/1977 1976/1976
f 1990/1990 1986/1986 1980/1980
f 1986/1986 1990/1990 1989/1989
f 1986/1986 1989/1989 1985/1985
f 1984/1984 1980/1980 1986/1986
f 1981/1981 1980/1980 1984/1984
f 1980/1980 1981/1981 1982/1982
f 1983/1983 1982/1982 1981/1981
f 1985/1985 1988/1988 1987/1987
f 1985/1985 1987/1987 1984/1984
f 1985/1985 1984/1984 1986/1986
f 1995/1995 1996/1996 1997/1997
f 1991/1991 1992/1992 1993/1993
f 1993/1993 1992/1992 1994/1994
f 1995/1995 1997/1997 1998/1998
f 1999/1999 1998/1998 1997/1997
f 2002/2002 2004/2004 2003/2003
f 2000/2000 2003/2003 2009/2009
f 2003/2003 2000/2000 2002/2002
f 2012/2012 2014/2014 2015/2015
f 2010/2010 2000/2000 2009/2009
f 2000/2000 2001/2001 2002/2002
f 2005/2005 2002/2002 2001/2001
f 2006/2006 2005/2005 2001/2001
f 2011/2011 2005/2005 2006/2006
f 2012/2012 2013/2013 2014/2014
f 2008/2008 2007/2007 2001/2001
f 2007/2007 2006/2006 2001/2001
f 2023/2023 2024/2024 2022/2022
f 2025/2025 2016/2016 2022/2022
f 2018/2018 2023/2023 2022/2022
f 2022/2022 2016/2016 2018/2018
f 2016/2016 2017/2017 2018/2018
f 2019/2019 2017/2017 2016/2016
f 2017/2017 2019/2019 2020/2020
f 2020/2020 2021/2021 2017/2017
f 2040/2040 2043/2043 2042/2042
f 2044/2044 2042/2042 2043/2043
f 2042/2042 2041/2041 2040/2040
f 2054/2054 2044/2044 2070/2070
f 2042/2042 2044/2044 2054/2054
f 2045/2045 2042/2042 2054/2054
f 2046/2046 2045/2045 2047/2047
f 2041/2041 2042/2042 2045/2045
f 2046/2046 2041/2041 2045/2045
f 2057/2057 2058/2058 2056/2056
f 2068/2068 2050/2050 2055/2055
f 2068/2068 2034/2034 2050/2050
f 2034/2034 2028/2028 2029/2029
f 2051/2051 2055/2055 2050/2050
f 2034/2034 2049/2049 2050/2050
f 2055/2055 2053/2053 2056/2056
f 2051/2051 2053/2053 2055/2055
f 2053/2053 2057/2057 2056/2056
f 2049/2049 2051/2051 2050/2050
f 2052/2052 2053/2053 2051/2051
f 2052/2052 2051/2051 2049/2049
f 2059/2059 2060/2060 2058/2058
f 2059/2059 2058/2058 2057/2057
f 2061/2061 2064/2064 2060/2060
f 2060/2060 2059/2059 2061/2061
f 2063/2063 2059/2059 2057/2057
f 2059/2059 2063/2063 2066/2066
f 2065/2065 2059/2059 2066/2066
f 2062/2062 2061/2061 2059/2059
f 2062/2062 2059/2059 2065/2065
f 2066/2066 2063/2063 2067/2067
f 2065/2065 2066/2066 2069/2069
f 2030/2030 2026/2026 2031/2031
f 2026/2026 2027/2027 2028/2028
f 2030/2030 2027/2027 2026/2026
f 2027/2027 2029/2029 2028/2028
f 2032/2032 2031/2031 2037/2037
f 2031/2031 2032/2032 2030/2030
f 2035/2035 2033/2033 2032/2032
f 2032/2032 2033/2033 2030/2030
f 2048/2048 2034/2034 2029/2029
f 2048/2048 2049/2049 2034/2034
f 2040/2040 2039/2039 2038/2038
f 2038/2038 2035/2035 2036/2036
f 2035/2035 2038/2038 2039/2039
f 2037/2037 2036/2036 2032/2032
f 2035/2035 2032/2032 2036/2036
f 2039/2039 2040/2040 2041/2041
f 2076/2076 2071/2071 2077/2077
f 2075/2075 2071/2071 2076/2076
f 2071/2071 2075/2075 2072/2072
f 2071/2071 2072/2072 2073/2073
f 2074/2074 2073/2073 2072/2072
f 2095/2095 2094/2094 2091/2091
f 2115/2115 2116/2116 2114/2114
f 2109/2109 2115/2115 2114/2114
f 2106/2106 2109/2109 2114/2114
f 2108/2108 2109/2109 2106/2106
f 2103/2103 2104/2104 2079/2079
f 2080/2080 2079/2079 2083/2083
f 2079/2079 2102/2102 2103/2103
f 2082/2082 2102/2102 2079/2079
f 2081/2081 2082/2082 2079/2079
f 2078/2078 2079/2079 2080/2080
f 2078/2078 2081/2081 2079/2079
f 2112/2112 2078/2078 2111/2111
f 2093/2093 2078/2078 2080/2080
f 2111/2111 2078/2078 2093/2093
f 2097/2097 2106/2106 2105/2105
f 2082/2082 2097/2097 2105/2105
f 2096/2096 2097/2097 2082/2082
f 2084/2084 2096/2096 2082/2082
f 2084/2084 2082/2082 2081/2081
f 2110/2110 2081/2081 2078/2078
f 2112/2112 2110/2110 2078/2078
f 2098/2098 2084/2084 2081/2081
f 2097/2097 2108/2108 2106/2106
f 2099/2099 2108/2108 2097/2097
f 2096/2096 2099/2099 2097/2097
f 2085/2085 2080/2080 2083/2083
f 2085/2085 2093/2093 2080/2080
f 2101/2101 2093/2093 2085/2085
f 2101/2101 2111/2111 2093/2093
f 2100/2100 2113/2113 2101/2101
f 2100/2100 2101/2101 2085/2085
f 2086/2086 2083/2083 2087/2087
f 2085/2085 2083/2083 2086/2086
f 2092/2092 2085/2085 2086/2086
f 2100/2100 2085/2085 2092/2092
f 2100/2100 2092/2092 2113/2113
f 2090/2090 2087/2087 2091/2091
f 2090/2090 2091/2091 2094/2094
f 2087/2087 2090/2090 2088/2088
f 2107/2107 2088/2088 2090/2090
f 2092/2092 2086/2086 2089/2089
f 2088/2088 2086/2086 2087/2087
f 2089/2089 2086/2086 2088/2088
f 2118/2118 2117/2117 2121/2121
f 2126/2126 2127/2127 2128/2128
f 2117/2117 2118/2118 2119/2119
f 2118/2118 2123/2123 2124/2124
f 2118/2118 2121/2121 2123/2123
f 2126/2126 2128/2128 2130/2130
f 2120/2120 2117/2117 2119/2119
f 2127/2127 2126/2126 2129/2129
f 2120/2120 2119/2119 2122/2122
f 2119/2119 2125/2125 2122/2122
f 2131/2131 2132/2132 2133/2133
f 2132/2132 2134/2134 2133/2133
f 2135/2135 2136/2136 2137/2137
f 2139/2139 2140/2140 2141/2141
f 2136/2136 2138/2138 2137/2137
f 2143/2143 2151/2151 2144/2144
f 2142/2142 2143/2143 2144/2144
f 2145/2145 2143/2143 2142/2142
f 2143/2143 2150/2150 2151/2151
f 2145/2145 2150/2150 2143/2143
f 2146/2146 2149/2149 2148/2148
f 2146/2146 2142/2142 2144/2144
f 2148/2148 2142/2142 2146/2146
f 2142/2142 2148/2148 2147/2147
f 2147/2147 2145/2145 2142/2142
f 2145/2145 2147/2147 2152/2152
f 2165/2165 2166/2166 2167/2167
f 2165/2165 2164/2164 2166/2166
f 2182/2182 2175/2175 2184/2184
f 2177/2177 2175/2175 2182/2182
f 2184/2184 2175/2175 2172/2172
f 2179/2179 2177/2177 2182/2182
f 2177/2177 2179/2179 2178/2178
f 2190/2190 2178/2178 2195/2195
f 2177/2177 2176/2176 2175/2175
f 2176/2176 2177/2177 2178/2178
f 2176/2176 2190/2190 2173/2173
f 2176/2176 2178/2178 2190/2190
f 2185/2185 2173/2173 2190/2190
f 2191/2191 2189/2189 2174/2174
f 2163/2163 2165/2165 2187/2187
f 2163/2163 2187/2187 2160/2160
f 2164/2164 2165/2165 2163/2163
f 2163/2163 2160/2160 2161/2161
f 2163/2163 2161/2161 2164/2164
f 2164/2164 2161/2161 2168/2168
f 2186/2186 2164/2164 2168/2168
f 2169/2169 2156/2156 2159/2159
f 2156/2156 2169/2169 2154/2154
f 2157/2157 2159/2159 2156/2156
f 2157/2157 2160/2160 2159/2159
f 2154/2154 2170/2170 2155/2155
f 2172/2172 2170/2170 2184/2184
f 2171/2171 2170/2170 2172/2172
f 2155/2155 2170/2170 2171/2171
f 2154/2154 2153/2153 2156/2156
f 2153/2153 2157/2157 2156/2156
f 2153/2153 2154/2154 2155/2155
f 2153/2153 2155/2155 2183/2183
f 2188/2188 2153/2153 2183/2183
f 2162/2162 2157/2157 2158/2158
f 2158/2158 2157/2157 2153/2153
f 2188/2188 2158/2158 2153/2153
f 2160/2160 2157/2157 2161/2161
f 2162/2162 2161/2161 2157/2157
f 2173/2173 2172/2172 2175/2175
f 2176/2176 2173/2173 2175/2175
f 2173/2173 2171/2171 2172/2172
f 2174/2174 2171/2171 2173/2173
f 2174/2174 2173/2173 2185/2185
f 2171/2171 2174/2174 2155/2155
f 2174/2174 2189/2189 2183/2183
f 2155/2155 2174/2174 2183/2183
f 2180/2180 2179/2179 2181/2181
f 2192/2192 2180/2180 2181/2181
f 2194/2194 2180/2180 2192/2192
f 2180/2180 2178/2178 2179/2179
f 2180/2180 2195/2195 2178/2178
f 2192/2192 2181/2181 2193/2193
f 2203/2203 2207/2207 2204/2204
f 2203/2203 2204/2204 2205/2205
f 2206/2206 2203/2203 2205/2205
f 2198/2198 2200/2200 2196/2196
f 2201/2201 2196/2196 2200/2200
f 2198/2198 2202/2202 2200/2200
f 2196/2196 2197/2197 2198/2198
f 2196/2196 2199/2199 2197/2197
f 2199/2199 2196/2196 2201/2201
f 2209/2209 2208/2208 2211/2211
f 2208/2208 2209/2209 2210/2210
f 2213/2213 2210/2210 2209/2209
f 2213/2213 2214/2214 2210/2210
f 2211/2211 2212/2212 2209/2209
f 2215/2215 2216/2216 2217/2217
f 2223/2223 2219/2219 2222/2222
f 2219/2219 2218/2218 2222/2222
f 2218/2218 2225/2225 2222/2222
f 2224/2224 2219/2219 2223/2223
f 2220/2220 2219/2219 2221/2221
f 2218/2218 2219/2219 2220/2220
f 2228/2228 2230/2230 2232/2232
f 2235/2235 2231/2231 2229/2229
f 2230/2230 2229/2229 2231/2231
f 2227/2227 2229/2229 2230/2230
f 2227/2227 2230/2230 2228/2228
f 2227/2227 2226/2226 2229/2229
f 2226/2226 2227/2227 2228/2228
f 2226/2226 2228/2228 2233/2233
f 2234/2234 2228/2228 2236/2236
f 2234/2234 2233/2233 2228/2228
f 2238/2238 2240/2240 2239/2239
f 2242/2242 2239/2239 2243/2243
f 2237/2237 2238/2238 2239/2239
f 2237/2237 2239/2239 2241/2241
f 2242/2242 2241/2241 2239/2239
f 2245/2245 2247/2247 2246/2246
f 2244/2244 2245/2245 2246/2246
f 2259/2259 2256/2256 2258/2258
f 2254/2254 2255/2255 2256/2256
f 2257/2257 2255/2255 2254/2254
f 2249/2249 2251/2251 2250/2250
f 2258/2258 2256/2256 2255/2255
f 2252/2252 2253/2253 2248/2248
f 2252/2252 2248/2248 2250/2250
f 2248/2248 2249/2249 2250/2250
f 2262/2262 2265/2265 2263/2263
f 2263/2263 2260/2260 2262/2262
f 2260/2260 2261/2261 2262/2262
f 2264/2264 2261/2261 2260/2260
f 2271/2271 2272/2272 2280/2280
f 2271/2271 2280/2280 2273/2273
f 2271/2271 2269/2269 2272/2272
f 2269/2269 2271/2271 2268/2268
f 2273/2273 2268/2268 2271/2271
f 2274/2274 2270/2270 2267/2267
f 2270/2270 2269/2269 2267/2267
f 2269/2269 2268/2268 2267/2267
f 2266/2266 2267/2267 2268/2268
f 2276/2276 2281/2281 2266/2266
f 2275/2275 2266/2266 2268/2268
f 2275/2275 2276/2276 2266/2266
f 2277/2277 2276/2276 2275/2275
f 2277/2277 2278/2278 2276/2276
f 2279/2279 2278/2278 2277/2277
f 2287/2287 2288/2288 2282/2282
f 2285/2285 2283/2283 2286/2286
f 2282/2282 2283/2283 2284/2284
f 2284/2284 2283/2283 2285/2285
f 2282/2282 2284/2284 2287/2287
f 2291/2291 2290/2290 2294/2294
f 2289/2289 2290/2290 2291/2291
f 2291/2291 2292/2292 2289/2289
f 2289/2289 2292/2292 2293/2293
f 2303/2303 2304/2304 2305/2305
f 2300/2300 2301/2301 2302/2302
f 2296/2296 2298/2298 2297/2297
f 2296/2296 2295/2295 2299/2299
f 2295/2295 2296/2296 2297/2297
f 2323/2323 2327/2327 2328/2328
f 2326/2326 2327/2327 2323/2323
f 2322/2322 2326/2326 2323/2323
f 2308/2308 2318/2318 2319/2319
f 2308/2308 2319/2319 2314/2314
f 2312/2312 2308/2308 2314/2314
f 2308/2308 2312/2312 2311/2311
f 2312/2312 2314/2314 2317/2317
f 2315/2315 2312/2312 2317/2317
f 2315/2315 2313/2313 2312/2312
f 2325/2325 2313/2313 2315/2315
f 2312/2312 2313/2313 2311/2311
f 2321/2321 2322/2322 2323/2323
f 2321/2321 2316/2316 2322/2322
f 2316/2316 2321/2321 2320/2320
f 2324/2324 2322/2322 2316/2316
f 2307/2307 2316/2316 2320/2320
f 2308/2308 2307/2307 2318/2318
f 2306/2306 2307/2307 2308/2308
f 2324/2324 2316/2316 2306/2306
f 2306/2306 2316/2316 2307/2307
f 2310/2310 2306/2306 2309/2309
f 2309/2309 2306/2306 2308/2308
f 2309/2309 2308/2308 2311/2311
f 2369/2369 2349/2349 2339/2339
f 2339/2339 2349/2349 2338/2338
f 2338/2338 2349/2349 2365/2365
f 2338/2338 2337/2337 2339/2339
f 2337/2337 2338/2338 2336/2336
f 2345/2345 2336/2336 2338/2338
f 2330/2330 2336/2336 2345/2345
f 2336/2336 2335/2335 2337/2337
f 2335/2335 2336/2336 2330/2330
f 2358/2358 2330/2330 2345/2345
f 2358/2358 2359/2359 2330/2330
f 2345/2345 2338/2338 2346/2346
f 2346/2346 2338/2338 2365/2365
f 2366/2366 2345/2345 2346/2346
f 2368/2368 2346/2346 2365/2365
f 2334/2334 2335/2335 2330/2330
f 2344/2344 2335/2335 2334/2334
f 2329/2329 2330/2330 2331/2331
f 2332/2332 2330/2330 2329/2329
f 2334/2334 2330/2330 2332/2332
f 2333/2333 2332/2332 2329/2329
f 2340/2340 2332/2332 2333/2333
f 2331/2331 2330/2330 2359/2359
f 2360/2360 2329/2329 2331/2331
f 2360/2360 2331/2331 2359/2359
f 2360/2360 2359/2359 2358/2358
f 2341/2341 2340/2340 2347/2347
f 2357/2357 2364/2364 2363/2363
f 2357/2357 2363/2363 2362/2362
f 2350/2350 2357/2357 2362/2362
f 2361/2361 2350/2350 2362/2362
f 2343/2343 2344/2344 2334/2334
f 2343/2343 2334/2334 2332/2332
f 2342/2342 2343/2343 2332/2332
f 2341/2341 2332/2332 2340/2340
f 2332/2332 2341/2341 2342/2342
f 2348/2348 2347/2347 2350/2350
f 2350/2350 2347/2347 2357/2357
f 2341/2341 2347/2347 2348/2348
f 2353/2353 2350/2350 2361/2361
f 2350/2350 2353/2353 2351/2351
f 2354/2354 2351/2351 2353/2353
f 2354/2354 2356/2356 2355/2355
f 2348/2348 2350/2350 2351/2351
f 2348/2348 2351/2351 2352/2352
f 2352/2352 2351/2351 2354/2354
f 2352/2352 2354/2354 2355/2355
f 2355/2355 2367/2367 2352/2352
f 2375/2375 2374/2374 2381/2381
f 2371/2371 2374/2374 2375/2375
f 2385/2385 2381/2381 2374/2374
f 2373/2373 2374/2374 2371/2371
f 2384/2384 2385/2385 2374/2374
f 2384/2384 2374/2374 2373/2373
f 2373/2373 2371/2371 2370/2370
f 2370/2370 2371/2371 2372/2372
f 2377/2377 2376/2376 2372/2372
f 2376/2376 2370/2370 2372/2372
f 2376/2376 2373/2373 2370/2370
f 2373/2373 2376/2376 2383/2383
f 2383/2383 2376/2376 2382/2382
f 2382/2382 2376/2376 2380/2380
f 2378/2378 2376/2376 2377/2377
f 2379/2379 2376/2376 2378/2378
f 2379/2379 2380/2380 2376/2376
f 2392/2392 2389/2389 2402/2402
f 2406/2406 2407/2407 2409/2409
f 2406/2406 2392/2392 2407/2407
f 2410/2410 2406/2406 2409/2409
f 2411/2411 2409/2409 2415/2415
f 2411/2411 2410/2410 2409/2409
f 2406/2406 2405/2405 2392/2392
f 2386/2386 2388/2388 2389/2389
f 2403/2403 2397/2397 2388/2388
f 2397/2397 2387/2387 2394/2394
f 2387/2387 2397/2397 2403/2403
f 2386/2386 2387/2387 2388/2388
f 2387/2387 2403/2403 2388/2388
f 2398/2398 2397/2397 2393/2393
f 2399/2399 2398/2398 2393/2393
f 2393/2393 2397/2397 2394/2394
f 2396/2396 2400/2400 2399/2399
f 2401/2401 2400/2400 2396/2396
f 2399/2399 2393/2393 2396/2396
f 2393/2393 2394/2394 2387/2387
f 2395/2395 2396/2396 2393/2393
f 2395/2395 2393/2393 2391/2391
f 2393/2393 2387/2387 2391/2391
f 2392/2392 2386/2386 2389/2389
f 2392/2392 2405/2405 2404/2404
f 2404/2404 2386/2386 2392/2392
f 2404/2404 2405/2405 2408/2408
f 2390/2390 2386/2386 2404/2404
f 2387/2387 2386/2386 2390/2390
f 2408/2408 2390/2390 2404/2404
f 2412/2412 2390/2390 2408/2408
f 2387/2387 2390/2390 2391/2391
f 2391/2391 2390/2390 2413/2413
f 2413/2413 2390/2390 2412/2412
f 2414/2414 2413/2413 2412/2412
f 2416/2416 2420/2420 2417/2417
f 2416/2416 2417/2417 2418/2418
f 2418/2418 2417/2417 2419/2419
f 2421/2421 2424/2424 2422/2422
f 2421/2421 2422/2422 2423/2423
f 2425/2425 2421/2421 2423/2423
f 2477/2477 2479/2479 2480/2480
f 2446/2446 2445/2445 2447/2447
f 2441/2441 2445/2445 2446/2446
f 2473/2473 2477/2477 2478/2478
f 2477/2477 2473/2473 2476/2476
f 2476/2476 2479/2479 2477/2477
f 2472/2472 2473/2473 2474/2474
f 2471/2471 2476/2476 2473/2473
f 2475/2475 2476/2476 2471/2471
f 2444/2444 2475/2475 2471/2471
f 2443/2443 2471/2471 2472/2472
f 2473/2473 2472/2472 2471/2471
f 2442/2442 2471/2471 2443/2443
f 2444/2444 2471/2471 2442/2442
f 2441/2441 2443/2443 2445/2445
f 2439/2439 2440/2440 2441/2441
f 2440/2440 2444/2444 2442/2442
f 2441/2441 2442/2442 2443/2443
f 2440/2440 2442/2442 2441/2441
f 2441/2441 2446/2446 2439/2439
f 2439/2439 2446/2446 2428/2428
f 2430/2430 2446/2446 2447/2447
f 2446/2446 2430/2430 2428/2428
f 2429/2429 2428/2428 2430/2430
f 2426/2426 2428/2428 2429/2429
f 2426/2426 2429/2429 2431/2431
f 2426/2426 2427/2427 2428/2428
f 2432/2432 2431/2431 2433/2433
f 2432/2432 2426/2426 2431/2431
f 2435/2435 2432/2432 2433/2433
f 2440/2440 2465/2465 2444/2444
f 2484/2484 2481/2481 2485/2485
f 2481/2481 2484/2484 2438/2438
f 2468/2468 2482/2482 2469/2469
f 2467/2467 2469/2469 2470/2470
f 2438/2438 2465/2465 2440/2440
f 2438/2438 2440/2440 2439/2439
f 2427/2427 2481/2481 2438/2438
f 2428/2428 2438/2438 2439/2439
f 2427/2427 2438/2438 2428/2428
f 2434/2434 2426/2426 2432/2432
f 2483/2483 2467/2467 2470/2470
f 2448/2448 2467/2467 2483/2483
f 2434/2434 2448/2448 2483/2483
f 2435/2435 2434/2434 2432/2432
f 2435/2435 2436/2436 2434/2434
f 2436/2436 2448/2448 2434/2434
f 2468/2468 2469/2469 2467/2467
f 2468/2468 2467/2467 2466/2466
f 2466/2466 2467/2467 2448/2448
f 2466/2466 2448/2448 2449/2449
f 2450/2450 2451/2451 2449/2449
f 2435/2435 2437/2437 2436/2436
f 2437/2437 2448/2448 2436/2436
f 2449/2449 2448/2448 2437/2437
f 2437/2437 2450/2450 2449/2449
f 2450/2450 2437/2437 2452/2452
f 2454/2454 2451/2451 2450/2450
f 2451/2451 2463/2463 2464/2464
f 2454/2454 2463/2463 2451/2451
f 2457/2457 2463/2463 2454/2454
f 2453/2453 2454/2454 2450/2450
f 2453/2453 2450/2450 2452/2452
f 2453/2453 2455/2455 2454/2454
f 2456/2456 2454/2454 2455/2455
f 2456/2456 2457/2457 2454/2454
f 2456/2456 2458/2458 2457/2457
f 2459/2459 2458/2458 2456/2456
f 2459/2459 2460/2460 2458/2458
f 2461/2461 2460/2460 2459/2459
f 2462/2462 2461/2461 2459/2459
f 2486/2486 2487/2487 2488/2488
f 2486/2486 2490/2490 2487/2487
f 2489/2489 2486/2486 2488/2488
f 2493/2493 2496/2496 2491/2491
f 2491/2491 2492/2492 2493/2493
f 2496/2496 2498/2498 2497/2497
f 2498/2498 2496/2496 2493/2493
f 2496/2496 2497/2497 2491/2491
f 2491/2491 2497/2497 2495/2495
f 2494/2494 2499/2499 2492/2492
f 2491/2491 2494/2494 2492/2492
f 2494/2494 2491/2491 2495/2495
f 2500/2500 2501/2501 2502/2502
f 2503/2503 2504/2504 2505/2505
f 2506/2506 2503/2503 2505/2505
f 2507/2507 2509/2509 2504/2504
f 2503/2503 2507/2507 2504/2504
f 2506/2506 2508/2508 2503/2503
f 2516/2516 2515/2515 2518/2518
f 2515/2515 2516/2516 2517/2517
f 2510/2510 2514/2514 2511/2511
f 2510/2510 2511/2511 2512/2512
f 2513/2513 2512/2512 2511/2511
f 2528/2528 2527/2527 2526/2526
f 2527/2527 2524/2524 2526/2526
f 2525/2525 2526/2526 2524/2524
f 2521/2521 2520/2520 2524/2524
f 2524/2524 2520/2520 2525/2525
f 2522/2522 2521/2521 2524/2524
f 2519/2519 2520/2520 2521/2521
f 2523/2523 2520/2520 2519/2519
f 2519/2519 2521/2521 2522/2522
f 2523/2523 2529/2529 2520/2520
f 2523/2523 2530/2530 2529/2529
f 2531/2531 2530/2530 2523/2523
f 2532/2532 2530/2530 2531/2531
f 2553/2553 2556/2556 2554/2554
f 2554/2554 2556/2556 2557/2557
f 2547/2547 2545/2545 2544/2544
f 2548/2548 2547/2547 2544/2544
f 2552/2552 2553/2553 2554/2554
f 2543/2543 2544/2544 2545/2545
f 2539/2539 2543/2543 2542/2542
f 2539/2539 2544/2544 2543/2543
f 2555/2555 2552/2552 2554/2554
f 2539/2539 2548/2548 2544/2544
f 2551/2551 2548/2548 2539/2539
f 2533/2533 2534/2534 2535/2535
f 2534/2534 2536/2536 2535/2535
f 2537/2537 2536/2536 2534/2534
f 2550/2550 2547/2547 2548/2548
f 2542/2542 2546/2546 2540/2540
f 2542/2542 2540/2540 2539/2539
f 2540/2540 2537/2537 2539/2539
f 2539/2539 2537/2537 2534/2534
f 2538/2538 2536/2536 2537/2537
f 2540/2540 2541/2541 2537/2537
f 2537/2537 2549/2549 2538/2538
f 2565/2565 2567/2567 2571/2571
f 2565/2565 2566/2566 2567/2567
f 2565/2565 2568/2568 2566/2566
f 2563/2563 2564/2564 2559/2559
f 2563/2563 2559/2559 2558/2558
f 2558/2558 2559/2559 2560/2560
f 2560/2560 2561/2561 2558/2558
f 2569/2569 2570/2570 2566/2566
f 2569/2569 2566/2566 2568/2568
f 2560/2560 2562/2562 2561/2561
f 2572/2572 2573/2573 2574/2574
f 2574/2574 2573/2573 2575/2575
f 2577/2577 2579/2579 2578/2578
f 2576/2576 2577/2577 2578/2578
f 2583/2583 2585/2585 2581/2581
f 2580/2580 2581/2581 2582/2582
f 2580/2580 2582/2582 2586/2586
f 2581/2581 2580/2580 2583/2583
f 2582/2582 2581/2581 2584/2584
f 2594/2594 2593/2593 2592/2592
f 2591/2591 2592/2592 2593/2593
f 2588/2588 2587/2587 2590/2590
f 2587/2587 2588/2588 2589/2589
f 2610/2610 2608/2608 2609/2609
f 2608/2608 2607/2607 2609/2609
f 2610/2610 2609/2609 2611/2611
f 2607/2607 2597/2597 2606/2606
f 2608/2608 2597/2597 2607/2607
f 2606/2606 2597/2597 2596/2596
f 2595/2595 2596/2596 2597/2597
f 2598/2598 2595/2595 2599/2599
f 2596/2596 2595/2595 2598/2598
f 2600/2600 2598/2598 2599/2599
f 2598/2598 2600/2600 2601/2601
f 2612/2612 2611/2611 2613/2613
f 2611/2611 2612/2612 2610/2610
f 2612/2612 2613/2613 2614/2614
f 2602/2602 2601/2601 2600/2600
f 2602/2602 2600/2600 2603/2603
f 2602/2602 2603/2603 2604/2604
f 2604/2604 2603/2603 2605/2605
f 2605/2605 2603/2603 2615/2615
f 2642/2642 2640/2640 2638/2638
f 2636/2636 2638/2638 2619/2619
f 2636/2636 2645/2645 2638/2638
f 2619/2619 2638/2638 2640/2640
f 2620/2620 2617/2617 2622/2622
f 2622/2622 2639/2639 2635/2635
f 2622/2622 2635/2635 2628/2628
f 2622/2622 2628/2628 2627/2627
f 2622/2622 2627/2627 2620/2620
f 2620/2620 2627/2627 2626/2626
f 2616/2616 2636/2636 2619/2619
f 2616/2616 2619/2619 2617/2617
f 2616/2616 2617/2617 2618/2618
f 2620/2620 2618/2618 2617/2617
f 2620/2620 2621/2621 2618/2618
f 2616/2616 2637/2637 2636/2636
f 2631/2631 2616/2616 2623/2623
f 2623/2623 2616/2616 2618/2618
f 2621/2621 2623/2623 2618/2618
f 2624/2624 2623/2623 2621/2621
f 2625/2625 2623/2623 2624/2624
f 2631/2631 2637/2637 2616/2616
f 2641/2641 2637/2637 2631/2631
f 2620/2620 2626/2626 2621/2621
f 2627/2627 2621/2621 2626/2626
f 2621/2621 2627/2627 2629/2629
f 2628/2628 2629/2629 2627/2627
f 2629/2629 2624/2624 2621/2621
f 2624/2624 2629/2629 2630/2630
f 2630/2630 2625/2625 2624/2624
f 2640/2640 2642/2642 2643/2643
f 2623/2623 2634/2634 2631/2631
f 2644/2644 2641/2641 2631/2631
f 2625/2625 2634/2634 2623/2623
f 2633/2633 2634/2634 2625/2625
f 2633/2633 2625/2625 2630/2630
f 2630/2630 2629/2629 2632/2632
f 2633/2633 2630/2630 2632/2632
f 2666/2666 2667/2667 2665/2665
f 2650/2650 2665/2665 2659/2659
f 2666/2666 2665/2665 2650/2650
f 2647/2647 2666/2666 2650/2650
f 2664/2664 2666/2666 2647/2647
f 2650/2650 2659/2659 2658/2658
f 2650/2650 2658/2658 2649/2649
f 2647/2647 2650/2650 2649/2649
f 2648/2648 2647/2647 2649/2649
f 2646/2646 2647/2647 2648/2648
f 2664/2664 2646/2646 2663/2663
f 2646/2646 2664/2664 2647/2647
f 2653/2653 2646/2646 2651/2651
f 2649/2649 2658/2658 2657/2657
f 2657/2657 2654/2654 2649/2649
f 2654/2654 2657/2657 2660/2660
f 2652/2652 2649/2649 2654/2654
f 2652/2652 2648/2648 2649/2649
f 2652/2652 2654/2654 2662/2662
f 2651/2651 2646/2646 2648/2648
f 2651/2651 2648/2648 2652/2652
f 2655/2655 2652/2652 2662/2662
f 2655/2655 2651/2651 2652/2652
f 2666/2666 2672/2672 2667/2667
f 2672/2672 2666/2666 2673/2673
f 2656/2656 2668/2668 2663/2663
f 2669/2669 2668/2668 2656/2656
f 2656/2656 2663/2663 2646/2646
f 2653/2653 2656/2656 2646/2646
f 2656/2656 2671/2671 2669/2669
f 2670/2670 2656/2656 2653/2653
f 2656/2656 2670/2670 2671/2671
f 2661/2661 2651/2651 2655/2655
f 2661/2661 2653/2653 2651/2651
f 2684/2684 2686/2686 2682/2682
f 2686/2686 2688/2688 2683/2683
f 2682/2682 2686/2686 2683/2683
f 2684/2684 2687/2687 2686/2686
f 2687/2687 2684/2684 2685/2685
f 2693/2693 2694/2694 2692/2692
f 2691/2691 2693/2693 2692/2692
f 2691/2691 2692/2692 2689/2689
f 2700/2700 2701/2701 2694/2694
f 2698/2698 2700/2700 2694/2694
f 2698/2698 2694/2694 2693/2693
f 2677/2677 2679/2679 2676/2676
f 2698/2698 2693/2693 2699/2699
f 2677/2677 2676/2676 2675/2675
f 2682/2682 2683/2683 2675/2675
f 2674/2674 2675/2675 2676/2676
f 2679/2679 2680/2680 2676/2676
f 2675/2675 2681/2681 2682/2682
f 2681/2681 2675/2675 2674/2674
f 2684/2684 2682/2682 2681/2681
f 2676/2676 2678/2678 2674/2674
f 2680/2680 2678/2678 2676/2676
f 2674/2674 2678/2678 2681/2681
f 2684/2684 2681/2681 2685/2685
f 2689/2689 2690/2690 2691/2691
f 2695/2695 2691/2691 2690/2690
f 2696/2696 2695/2695 2690/2690
f 2696/2696 2690/2690 2697/2697
f 2707/2707 2706/2706 2702/2702
f 2711/2711 2705/2705 2704/2704
f 2704/2704 2705/2705 2702/2702
f 2712/2712 2711/2711 2710/2710
f 2702/2702 2703/2703 2704/2704
f 2710/2710 2711/2711 2704/2704
f 2710/2710 2713/2713 2712/2712
f 2704/2704 2709/2709 2710/2710
f 2703/2703 2709/2709 2704/2704
f 2706/2706 2703/2703 2702/2702
f 2708/2708 2706/2706 2707/2707
f 2708/2708 2703/2703 2706/2706
f 2738/2738 2743/2743 2732/2732
f 2730/2730 2738/2738 2732/2732
f 2731/2731 2730/2730 2732/2732
f 2730/2730 2733/2733 2738/2738
f 2719/2719 2730/2730 2731/2731
f 2720/2720 2733/2733 2730/2730
f 2719/2719 2731/2731 2722/2722
f 2730/2730 2716/2716 2720/2720
f 2728/2728 2737/2737 2736/2736
f 2729/2729 2733/2733 2720/2720
f 2736/2736 2733/2733 2729/2729
f 2728/2728 2736/2736 2729/2729
f 2718/2718 2722/2722 2725/2725
f 2718/2718 2719/2719 2722/2722
f 2716/2716 2730/2730 2719/2719
f 2718/2718 2716/2716 2719/2719
f 2714/2714 2716/2716 2718/2718
f 2717/2717 2720/2720 2716/2716
f 2715/2715 2717/2717 2716/2716
f 2714/2714 2715/2715 2716/2716
f 2728/2728 2715/2715 2734/2734
f 2715/2715 2735/2735 2734/2734
f 2735/2735 2746/2746 2744/2744
f 2735/2735 2744/2744 2734/2734
f 2717/2717 2729/2729 2720/2720
f 2728/2728 2729/2729 2717/2717
f 2715/2715 2728/2728 2717/2717
f 2721/2721 2715/2715 2714/2714
f 2735/2735 2715/2715 2721/2721
f 2740/2740 2742/2742 2724/2724
f 2725/2725 2726/2726 2718/2718
f 2724/2724 2727/2727 2740/2740
f 2724/2724 2718/2718 2727/2727
f 2727/2727 2718/2718 2726/2726
f 2742/2742 2745/2745 2724/2724
f 2747/2747 2745/2745 2742/2742
f 2714/2714 2724/2724 2723/2723
f 2724/2724 2714/2714 2718/2718
f 2739/2739 2724/2724 2745/2745
f 2721/2721 2714/2714 2723/2723
f 2739/2739 2723/2723 2724/2724
f 2721/2721 2723/2723 2739/2739
f 2741/2741 2746/2746 2735/2735
f 2735/2735 2721/2721 2741/2741
f 2741/2741 2721/2721 2739/2739
f 2761/2761 2774/2774 2773/2773
f 2748/2748 2761/2761 2752/2752
f 2770/2770 2765/2765 2767/2767
f 2763/2763 2765/2765 2770/2770
f 2763/2763 2774/2774 2761/2761
f 2750/2750 2763/2763 2748/2748
f 2764/2764 2765/2765 2763/2763
f 2764/2764 2763/2763 2750/2750
f 2748/2748 2763/2763 2761/2761
f 2748/2748 2749/2749 2750/2750
f 2751/2751 2748/2748 2752/2752
f 2749/2749 2748/2748 2751/2751
f 2756/2756 2761/2761 2762/2762
f 2761/2761 2773/2773 2762/2762
f 2752/2752 2761/2761 2756/2756
f 2753/2753 2752/2752 2756/2756
f 2751/2751 2752/2752 2753/2753
f 2751/2751 2753/2753 2754/2754
f 2757/2757 2749/2749 2751/2751
f 2771/2771 2770/2770 2766/2766
f 2770/2770 2767/2767 2766/2766
f 2765/2765 2766/2766 2767/2767
f 2766/2766 2765/2765 2764/2764
f 2771/2771 2766/2766 2769/2769
f 2769/2769 2772/2772 2771/2771
f 2775/2775 2772/2772 2769/2769
f 2768/2768 2769/2769 2766/2766
f 2772/2772 2778/2778 2771/2771
f 2778/2778 2772/2772 2776/2776
f 2775/2775 2776/2776 2772/2772
f 2775/2775 2777/2777 2776/2776
f 2768/2768 2766/2766 2764/2764
f 2755/2755 2756/2756 2762/2762
f 2753/2753 2756/2756 2755/2755
f 2753/2753 2755/2755 2754/2754
f 2757/2757 2751/2751 2754/2754
f 2758/2758 2757/2757 2754/2754
f 2758/2758 2754/2754 2759/2759
f 2760/2760 2758/2758 2759/2759
f 2787/2787 2779/2779 2788/2788
f 2783/2783 2780/2780 2779/2779
f 2779/2779 2780/2780 2781/2781
f 2780/2780 2782/2782 2781/2781
f 2780/2780 2786/2786 2782/2782
f 2781/2781 2782/2782 2785/2785
f 2783/2783 2779/2779 2784/2784
f 2784/2784 2779/2779 2787/2787
f 2802/2802 2801/2801 2800/2800
f 2789/2789 2790/2790 2791/2791
f 2807/2807 2808/2808 2809/2809
f 2794/2794 2793/2793 2795/2795
f 2792/2792 2793/2793 2794/2794
f 2796/2796 2795/2795 2793/2793
f 2810/2810 2811/2811 2812/2812
f 2797/2797 2792/2792 2794/2794
f 2800/2800 2797/2797 2794/2794
f 2798/2798 2800/2800 2801/2801
f 2797/2797 2800/2800 2798/2798
f 2798/2798 2803/2803 2799/2799
f 2803/2803 2804/2804 2805/2805
f 2797/2797 2798/2798 2799/2799
f 2798/2798 2804/2804 2803/2803
f 2806/2806 2805/2805 2804/2804
f 2831/2831 2832/2832 2830/2830
f 2833/2833 2834/2834 2835/2835
f 2826/2826 2827/2827 2821/2821
f 2821/2821 2815/2815 2826/2826
f 2815/2815 2821/2821 2813/2813
f 2824/2824 2818/2818 2813/2813
f 2817/2817 2813/2813 2818/2818
f 2817/2817 2814/2814 2813/2813
f 2813/2813 2814/2814 2815/2815
f 2819/2819 2814/2814 2817/2817
f 2820/2820 2819/2819 2817/2817
f 2820/2820 2822/2822 2819/2819
f 2831/2831 2830/2830 2828/2828
f 2830/2830 2827/2827 2828/2828
f 2826/2826 2828/2828 2827/2827
f 2815/2815 2829/2829 2826/2826
f 2816/2816 2829/2829 2815/2815
f 2814/2814 2816/2816 2815/2815
f 2819/2819 2823/2823 2814/2814
f 2823/2823 2819/2819 2825/2825
f 2836/2836 2837/2837 2838/2838
f 2843/2843 2844/2844 2837/2837
f 2837/2837 2842/2842 2843/2843
f 2846/2846 2849/2849 2847/2847
f 2840/2840 2839/2839 2838/2838
f 2836/2836 2838/2838 2839/2839
f 2836/2836 2839/2839 2841/2841
f 2845/2845 2846/2846 2847/2847
f 2845/2845 2848/2848 2846/2846
f 2837/2837 2836/2836 2842/2842
f 2850/2850 2851/2851 2852/2852
f 2853/2853 2852/2852 2851/2851
f 2859/2859 2858/2858 2856/2856
f 2864/2864 2865/2865 2866/2866
f 2862/2862 2860/2860 2855/2855
f 2862/2862 2863/2863 2860/2860
f 2854/2854 2856/2856 2857/2857
f 2854/2854 2857/2857 2861/2861
f 2857/2857 2856/2856 2858/2858
f 2854/2854 2855/2855 2856/2856
f 2855/2855 2860/2860 2856/2856
f 2876/2876 2869/2869 2875/2875
f 2869/2869 2873/2873 2875/2875
f 2870/2870 2867/2867 2871/2871
f 2874/2874 2870/2870 2871/2871
f 2872/2872 2868/2868 2877/2877
f 2867/2867 2870/2870 2868/2868
f 2867/2867 2868/2868 2869/2869
f 2873/2873 2869/2869 2872/2872
f 2872/2872 2869/2869 2868/2868
f 2878/2878 2873/2873 2872/2872
f 2879/2879 2880/2880 2881/2881
f 2879/2879 2881/2881 2882/2882
f 2883/2883 2884/2884 2885/2885
f 2886/2886 2887/2887 2888/2888
f 2889/2889 2890/2890 2891/2891
f 2892/2892 2893/2893 2894/2894
f 2895/2895 2896/2896 2897/2897
f 2898/2898 2899/2899 2900/2900
f 2911/2911 2908/2908 2912/2912
f 2904/2904 2909/2909 2906/2906
f 2920/2920 2919/2919 2918/2918
f 2907/2907 2908/2908 2905/2905
f 2907/2907 2905/2905 2901/2901
f 2905/2905 2904/2904 2901/2901
f 2940/2940 2943/2943 2941/2941
f 2901/2901 2904/2904 2902/2902
f 2904/2904 2906/2906 2902/2902
f 2906/2906 2918/2918 2917/2917
f 2916/2916 2906/2906 2917/2917
f 2906/2906 2915/2915 2902/2902
f 2915/2915 2906/2906 2916/2916
f 2901/2901 2902/2902 2903/2903
f 2941/2941 2945/2945 2938/2938
f 2938/2938 2940/2940 2941/2941
f 2937/2937 2938/2938 2935/2935
f 2925/2925 2926/2926 2927/2927
f 2926/2926 2925/2925 2924/2924
f 2923/2923 2922/2922 2924/2924
f 2928/2928 2921/2921 2930/2930
f 2921/2921 2928/2928 2922/2922
f 2914/2914 2913/2913 2911/2911
f 2910/2910 2911/2911 2913/2913
f 2917/2917 2918/2918 2919/2919
f 2911/2911 2910/2910 2908/2908
f 2910/2910 2905/2905 2908/2908
f 2917/2917 2922/2922 2923/2923
f 2923/2923 2924/2924 2925/2925
f 2917/2917 2921/2921 2922/2922
f 2917/2917 2919/2919 2921/2921
f 2936/2936 2937/2937 2935/2935
f 2932/2932 2934/2934 2935/2935
f 2934/2934 2936/2936 2935/2935
f 2939/2939 2940/2940 2938/2938
f 2939/2939 2938/2938 2937/2937
f 2944/2944 2939/2939 2942/2942
f 2942/2942 2939/2939 2937/2937
f 2942/2942 2937/2937 2936/2936
f 2927/2927 2926/2926 2929/2929
f 2931/2931 2932/2932 2933/2933
f 2934/2934 2932/2932 2931/2931
f 2957/2957 2955/2955 2956/2956
f 2954/2954 2956/2956 2955/2955
f 2954/2954 2955/2955 2953/2953
f 2973/2973 2979/2979 2980/2980
f 2972/2972 2979/2979 2973/2973
f 2961/2961 2966/2966 2964/2964
f 2960/2960 2952/2952 2962/2962
f 2959/2959 2952/2952 2960/2960
f 2959/2959 2960/2960 2961/2961
f 2953/2953 2949/2949 2954/2954
f 2953/2953 2946/2946 2949/2949
f 2958/2958 2946/2946 2953/2953
f 2967/2967 2946/2946 2958/2958
f 2951/2951 2947/2947 2952/2952
f 2951/2951 2952/2952 2959/2959
f 2949/2949 2973/2973 2954/2954
f 2949/2949 2972/2972 2973/2973
f 2949/2949 2950/2950 2972/2972
f 2950/2950 2949/2949 2948/2948
f 2948/2948 2949/2949 2946/2946
f 2972/2972 2950/2950 2978/2978
f 2950/2950 2948/2948 2947/2947
f 2975/2975 2978/2978 2950/2950
f 2946/2946 2947/2947 2948/2948
f 2947/2947 2946/2946 2967/2967
f 2950/2950 2947/2947 2951/2951
f 2961/2961 2963/2963 2959/2959
f 2969/2969 2968/2968 2959/2959
f 2969/2969 2959/2959 2963/2963
f 2963/2963 2961/2961 2964/2964
f 2970/2970 2963/2963 2965/2965
f 2971/2971 2975/2975 2950/2950
f 2971/2971 2977/2977 2975/2975
f 2976/2976 2977/2977 2971/2971
f 2951/2951 2971/2971 2950/2950
f 2968/2968 2951/2951 2959/2959
f 2968/2968 2971/2971 2951/2951
f 2968/2968 2976/2976 2971/2971
f 2969/2969 2963/2963 2970/2970
f 2963/2963 2964/2964 2965/2965
f 2986/2986 2970/2970 2974/2974
f 2974/2974 2970/2970 2965/2965
f 2987/2987 2986/2986 2974/2974
f 2980/2980 2982/2982 2984/2984
f 2979/2979 2981/2981 2980/2980
f 2982/2982 2980/2980 2981/2981
f 2983/2983 2979/2979 2972/2972
f 2972/2972 2978/2978 2983/2983
f 2975/2975 2988/2988 2978/2978
f 2988/2988 2975/2975 2977/2977
f 2985/2985 2976/2976 2968/2968
f 2997/2997 2992/2992 2991/2991
f 2997/2997 2998/2998 2992/2992
f 2989/2989 2990/2990 2991/2991
f 2991/2991 2992/2992 2989/2989
f 2989/2989 2992/2992 2993/2993
f 2994/2994 2990/2990 2995/2995
f 2994/2994 2991/2991 2990/2990
f 2990/2990 2996/2996 2995/2995
f 2996/2996 2990/2990 2989/2989
f 2993/2993 2996/2996 2989/2989
f 2999/2999 3000/3000 3001/3001
f 3001/3001 3000/3000 3002/3002
f 3003/3003 3000/3000 2999/2999
f 3006/3006 3011/3011 3010/3010
f 3009/3009 3006/3006 3010/3010
f 3004/3004 3006/3006 3009/3009
f 3005/3005 3007/3007 3008/3008
f 3005/3005 3004/3004 3007/3007
f 3004/3004 3005/3005 3006/3006
f 3013/3013 3023/3023 3024/3024
f 3013/3013 3018/3018 3023/3023
f 3020/3020 3021/3021 3022/3022
f 3020/3020 3019/3019 3021/3021
f 3014/3014 3019/3019 3020/3020
f 3013/3013 3012/3012 3017/3017
f 3014/3014 3013/3013 3019/3019
f 3012/3012 3013/3013 3014/3014
f 3017/3017 3018/3018 3013/3013
f 3015/3015 3012/3012 3014/3014
f 3016/3016 3012/3012 3015/3015
f 3027/3027 3026/3026 3030/3030
f 3042/3042 3043/3043 3044/3044
f 3028/3028 3025/3025 3027/3027
f 3041/3041 3039/3039 3040/3040
f 3028/3028 3038/3038 3039/3039
f 3039/3039 3038/3038 3040/3040
f 3029/3029 3038/3038 3028/3028
f 3028/3028 3027/3027 3029/3029
f 3036/3036 3035/3035 3033/3033
f 3036/3036 3033/3033 3037/3037
f 3034/3034 3033/3033 3035/3035
f 3033/3033 3034/3034 3026/3026
f 3032/3032 3033/3033 3026/3026
f 3025/3025 3026/3026 3027/3027
f 3026/3026 3031/3031 3032/3032
f 3031/3031 3026/3026 3025/3025
f 3052/3052 3047/3047 3053/3053
f 3049/3049 3047/3047 3048/3048
f 3048/3048 3047/3047 3046/3046
f 3055/3055 3052/3052 3056/3056
f 3054/3054 3052/3052 3055/3055
f 3045/3045 3047/3047 3052/3052
f 3045/3045 3046/3046 3047/3047
f 3054/3054 3045/3045 3052/3052
f 3048/3048 3050/3050 3049/3049
f 3051/3051 3050/3050 3048/3048
f 3057/3057 3058/3058 3059/3059
f 3057/3057 3060/3060 3058/3058
f 3064/3064 3066/3066 3067/3067
f 3068/3068 3067/3067 3066/3066
f 3061/3061 3062/3062 3063/3063
f 3064/3064 3065/3065 3066/3066
f 3073/3073 3075/3075 3076/3076
f 3078/3078 3079/3079 3080/3080
f 3069/3069 3070/3070 3071/3071
f 3079/3079 3078/3078 3081/3081
f 3070/3070 3069/3069 3072/3072
f 3077/3077 3074/3074 3073/3073
f 3073/3073 3074/3074 3075/3075
f 3084/3084 3083/3083 3085/3085
f 3082/3082 3083/3083 3084/3084
f 3086/3086 3087/3087 3088/3088
f 3089/3089 3087/3087 3086/3086
f 3105/3105 3091/3091 3106/3106
f 3091/3091 3099/3099 3106/3106
f 3101/3101 3099/3099 3096/3096
f 3091/3091 3096/3096 3099/3099
f 3091/3091 3090/3090 3096/3096
f 3095/3095 3096/3096 3090/3090
f 3098/3098 3096/3096 3095/3095
f 3107/3107 3108/3108 3109/3109
f 3104/3104 3100/3100 3103/3103
f 3103/3103 3100/3100 3092/3092
f 3103/3103 3091/3091 3105/3105
f 3091/3091 3103/3103 3092/3092
f 3100/3100 3093/3093 3092/3092
f 3090/3090 3091/3091 3092/3092
f 3090/3090 3092/3092 3093/3093
f 3090/3090 3094/3094 3095/3095
f 3093/3093 3094/3094 3090/3090
f 3094/3094 3093/3093 3097/3097
f 3097/3097 3102/3102 3094/3094
f 3123/3123 3127/3127 3122/3122
f 3128/3128 3127/3127 3123/3123
f 3122/3122 3120/3120 3123/3123
f 3110/3110 3111/3111 3112/3112
f 3119/3119 3123/3123 3120/3120
f 3111/3111 3113/3113 3112/3112
f 3114/3114 3113/3113 3111/3111
f 3119/3119 3120/3120 3121/3121
f 3114/3114 3115/3115 3113/3113
f 3115/3115 3114/3114 3116/3116
f 3117/3117 3115/3115 3116/3116
f 3121/3121 3124/3124 3125/3125
f 3120/3120 3124/3124 3121/3121
f 3117/3117 3116/3116 3118/3118
f 3124/3124 3126/3126 3125/3125
f 3130/3130 3132/3132 3137/3137
f 3130/3130 3137/3137 3139/3139
f 3129/3129 3130/3130 3131/3131
f 3133/3133 3140/3140 3132/3132
f 3140/3140 3141/3141 3132/3132
f 3133/3133 3132/3132 3129/3129
f 3134/3134 3133/3133 3129/3129
f 3133/3133 3134/3134 3138/3138
f 3132/3132 3130/3130 3129/3129
f 3134/3134 3129/3129 3135/3135
f 3135/3135 3129/3129 3131/3131
f 3135/3135 3131/3131 3136/3136
f 3142/3142 3136/3136 3131/3131
f 3142/3142 3131/3131 3143/3143
f 3144/3144 3136/3136 3142/3142
f 3151/3151 3150/3150 3152/3152
f 3149/3149 3150/3150 3151/3151
f 3151/3151 3152/3152 3153/3153
f 3145/3145 3146/3146 3147/3147
f 3146/3146 3145/3145 3148/3148
f 3145/3145 3149/3149 3148/3148
f 3148/3148 3149/3149 3151/3151
f 3161/3161 3154/3154 3163/3163
f 3159/3159 3154/3154 3161/3161
f 3159/3159 3161/3161 3162/3162
f 3158/3158 3154/3154 3159/3159
f 3158/3158 3157/3157 3154/3154
f 3164/3164 3156/3156 3160/3160
f 3165/3165 3164/3164 3160/3160
f 3165/3165 3160/3160 3166/3166
f 3156/3156 3163/3163 3154/3154
f 3155/3155 3160/3160 3156/3156
f 3166/3166 3160/3160 3155/3155
f 3155/3155 3154/3154 3157/3157
f 3154/3154 3155/3155 3156/3156
f 3157/3157 3166/3166 3155/3155
f 3178/3178 3179/3179 3174/3174
f 3174/3174 3175/3175 3172/3172
f 3178/3178 3173/3173 3185/3185
f 3187/3187 3188/3188 3189/3189
f 3187/3187 3186/3186 3188/3188
f 3186/3186 3187/3187 3178/3178
f 3178/3178 3185/3185 3186/3186
f 3191/3191 3186/3186 3185/3185
f 3178/3178 3174/3174 3173/3173
f 3172/3172 3173/3173 3174/3174
f 3184/3184 3194/3194 3195/3195
f 3172/3172 3175/3175 3176/3176
f 3190/3190 3193/3193 3182/3182
f 3181/3181 3182/3182 3177/3177
f 3177/3177 3176/3176 3175/3175
f 3177/3177 3180/3180 3176/3176
f 3181/3181 3177/3177 3175/3175
f 3193/3193 3183/3183 3182/3182
f 3183/3183 3177/3177 3182/3182
f 3177/3177 3184/3184 3180/3180
f 3183/3183 3193/3193 3194/3194
f 3194/3194 3184/3184 3183/3183
f 3183/3183 3184/3184 3177/3177
f 3182/3182 3181/3181 3190/3190
f 3171/3171 3189/3189 3188/3188
f 3167/3167 3171/3171 3170/3170
f 3170/3170 3171/3171 3192/3192
f 3167/3167 3170/3170 3168/3168
f 3167/3167 3168/3168 3169/3169
f 3188/3188 3192/3192 3171/3171
f 3197/3197 3203/3203 3204/3204
f 3203/3203 3197/3197 3201/3201
f 3198/3198 3197/3197 3199/3199
f 3198/3198 3199/3199 3200/3200
f 3196/3196 3202/3202 3201/3201
f 3197/3197 3196/3196 3201/3201
f 3196/3196 3197/3197 3198/3198
f 3207/3207 3206/3206 3209/3209
f 3205/3205 3206/3206 3207/3207
f 3206/3206 3205/3205 3208/3208
f 3219/3219 3215/3215 3218/3218
f 3215/3215 3212/3212 3218/3218
f 3215/3215 3210/3210 3212/3212
f 3210/3210 3211/3211 3212/3212
f 3210/3210 3215/3215 3216/3216
f 3216/3216 3215/3215 3217/3217
f 3213/3213 3211/3211 3210/3210
f 3214/3214 3211/3211 3213/3213
f 3220/3220 3221/3221 3222/3222
f 3223/3223 3226/3226 3224/3224
f 3224/3224 3228/3228 3225/3225
f 3225/3225 3228/3228 3229/3229
f 3227/3227 3223/3223 3225/3225
f 3230/3230 3231/3231 3232/3232
f 3223/3223 3224/3224 3225/3225
f 3238/3238 3237/3237 3242/3242
f 3237/3237 3238/3238 3233/3233
f 3237/3237 3233/3233 3235/3235
f 3238/3238 3240/3240 3239/3239
f 3234/3234 3233/3233 3238/3238
f 3234/3234 3238/3238 3239/3239
f 3237/3237 3247/3247 3242/3242
f 3237/3237 3243/3243 3247/3247
f 3241/3241 3234/3234 3239/3239
f 3245/3245 3234/3234 3241/3241
f 3245/3245 3241/3241 3246/3246
f 3235/3235 3243/3243 3237/3237
f 3244/3244 3243/3243 3235/3235
f 3233/3233 3234/3234 3235/3235
f 3235/3235 3234/3234 3236/3236
f 3236/3236 3234/3234 3245/3245
f 3258/3258 3264/3264 3259/3259
f 3255/3255 3258/3258 3259/3259
f 3258/3258 3255/3255 3253/3253
f 3253/3253 3255/3255 3251/3251
f 3249/3249 3256/3256 3253/3253
f 3249/3249 3251/3251 3250/3250
f 3249/3249 3253/3253 3251/3251
f 3248/3248 3250/3250 3252/3252
f 3248/3248 3249/3249 3250/3250
f 3254/3254 3248/3248 3252/3252
f 3257/3257 3254/3254 3252/3252
f 3260/3260 3254/3254 3257/3257
f 3261/3261 3260/3260 3257/3257
f 3262/3262 3261/3261 3257/3257
f 3263/3263 3262/3262 3257/3257
f 3275/3275 3274/3274 3273/3273
f 3272/3272 3273/3273 3274/3274
f 3266/3266 3273/3273 3272/3272
f 3267/3267 3266/3266 3272/3272
f 3265/3265 3266/3266 3267/3267
f 3267/3267 3268/3268 3265/3265
f 3269/3269 3265/3265 3268/3268
f 3277/3277 3265/3265 3269/3269
f 3268/3268 3271/3271 3270/3270
f 3268/3268 3270/3270 3269/3269
f 3277/3277 3269/3269 3270/3270
f 3278/3278 3277/3277 3270/3270
f 3278/3278 3270/3270 3279/3279
f 3288/3288 3281/3281 3287/3287
f 3280/3280 3281/3281 3276/3276
f 3287/3287 3281/3281 3280/3280
f 3276/3276 3265/3265 3280/3280
f 3276/3276 3266/3266 3265/3265
f 3283/3283 3265/3265 3282/3282
f 3282/3282 3265/3265 3277/3277
f 3283/3283 3282/3282 3284/3284
f 3285/3285 3283/3283 3284/3284
f 3286/3286 3285/3285 3284/3284
f 3289/3289 3290/3290 3291/3291
f 3289/3289 3292/3292 3290/3290
f 3293/3293 3294/3294 3295/3295
f 3297/3297 3300/3300 3301/3301
f 3297/3297 3299/3299 3298/3298
f 3298/3298 3299/3299 3302/3302
f 3297/3297 3296/3296 3300/3300
f 3296/3296 3297/3297 3298/3298
f 3307/3307 3310/3310 3308/3308
f 3307/3307 3308/3308 3309/3309
f 3303/3303 3304/3304 3305/3305
f 3303/3303 3305/3305 3306/3306
f 3326/3326 3324/3324 3328/3328
f 3324/3324 3326/3326 3322/3322
f 3327/3327 3321/3321 3322/3322
f 3328/3328 3327/3327 3326/3326
f 3327/3327 3322/3322 3326/3326
f 3322/3322 3321/3321 3312/3312
f 3312/3312 3321/3321 3320/3320
f 3312/3312 3320/3320 3313/3313
f 3311/3311 3312/3312 3313/3313
f 3325/3325 3320/3320 3321/3321
f 3322/3322 3323/3323 3324/3324
f 3323/3323 3322/3322 3312/3312
f 3333/3333 3334/3334 3335/3335
f 3316/3316 3317/3317 3315/3315
f 3318/3318 3316/3316 3311/3311
f 3311/3311 3314/3314 3312/3312
f 3311/3311 3315/3315 3314/3314
f 3315/3315 3311/3311 3316/3316
f 3329/3329 3331/3331 3332/3332
f 3329/3329 3330/3330 3331/3331
f 3318/3318 3311/3311 3319/3319
f 3338/3338 3337/3337 3339/3339
f 3340/3340 3336/3336 3338/3338
f 3336/3336 3337/3337 3338/3338
f 3340/3340 3341/3341 3336/3336
f 3342/3342 3345/3345 3343/3343
f 3342/3342 3343/3343 3344/3344
f 3346/3346 3347/3347 3348/3348
f 3350/3350 3346/3346 3348/3348
f 3349/3349 3348/3348 3347/3347
f 3355/3355 3352/3352 3357/3357
f 3355/3355 3353/3353 3352/3352
f 3351/3351 3352/3352 3353/3353
f 3352/3352 3351/3351 3354/3354
f 3351/3351 3356/3356 3354/3354
f 3366/3366 3364/3364 3365/3365
f 3358/3358 3359/3359 3360/3360
f 3359/3359 3358/3358 3361/3361
f 3362/3362 3359/3359 3363/3363
f 3360/3360 3359/3359 3362/3362
f 3364/3364 3363/3363 3359/3359
f 3359/3359 3365/3365 3364/3364
f 3365/3365 3359/3359 3367/3367
f 3359/3359 3368/3368 3367/3367
f 3359/3359 3369/3369 3368/3368
f 3367/3367 3368/3368 3371/3371
f 3368/3368 3369/3369 3370/3370
f 3374/3374 3376/3376 3377/3377
f 3367/3367 3371/3371 3370/3370
f 3376/3376 3374/3374 3373/3373
f 3372/3372 3373/3373 3374/3374
f 3372/3372 3374/3374 3375/3375
f 3394/3394 3397/3397 3396/3396
f 3392/3392 3394/3394 3391/3391
f 3395/3395 3391/3391 3394/3394
f 3396/3396 3395/3395 3394/3394
f 3393/3393 3392/3392 3390/3390
f 3378/3378 3382/3382 3383/3383
f 3382/3382 3378/3378 3380/3380
f 3390/3390 3392/3392 3391/3391
f 3380/3380 3384/3384 3382/3382
f 3378/3378 3379/3379 3380/3380
f 3380/3380 3379/3379 3381/3381
f 3389/3389 3390/3390 3391/3391
f 3380/3380 3381/3381 3385/3385
f 3380/3380 3385/3385 3384/3384
f 3386/3386 3384/3384 3385/3385
f 3381/3381 3379/3379 3387/3387
f 3381/3381 3387/3387 3388/3388
f 3401/3401 3398/3398 3400/3400
f 3410/3410 3413/3413 3412/3412
f 3402/3402 3410/3410 3412/3412
f 3402/3402 3412/3412 3405/3405
f 3404/3404 3402/3402 3405/3405
f 3406/3406 3404/3404 3405/3405
f 3402/3402 3404/3404 3399/3399
f 3404/3404 3408/3408 3399/3399
f 3406/3406 3408/3408 3404/3404
f 3409/3409 3408/3408 3406/3406
f 3402/3402 3407/3407 3410/3410
f 3402/3402 3398/3398 3403/3403
f 3402/3402 3403/3403 3407/3407
f 3399/3399 3398/3398 3402/3402
f 3398/3398 3399/3399 3400/3400
f 3401/3401 3400/3400 3411/3411
f 3411/3411 3400/3400 3399/3399
f 3399/3399 3408/3408 3411/3411
f 3414/3414 3415/3415 3416/3416
f 3423/3423 3428/3428 3431/3431
f 3416/3416 3415/3415 3423/3423
f 3426/3426 3423/3423 3425/3425
f 3415/3415 3425/3425 3423/3423
f 3427/3427 3425/3425 3415/3415
f 3428/3428 3426/3426 3433/3433
f 3423/3423 3426/3426 3428/3428
f 3434/3434 3435/3435 3433/3433
f 3435/3435 3434/3434 3436/3436
f 3436/3436 3437/3437 3435/3435
f 3434/3434 3433/3433 3426/3426
f 3419/3419 3417/3417 3422/3422
f 3422/3422 3423/3423 3424/3424
f 3422/3422 3416/3416 3423/3423
f 3417/3417 3416/3416 3422/3422
f 3423/3423 3432/3432 3424/3424
f 3418/3418 3419/3419 3420/3420
f 3418/3418 3420/3420 3429/3429
f 3419/3419 3422/3422 3421/3421
f 3421/3421 3420/3420 3419/3419
f 3420/3420 3421/3421 3430/3430
f 3414/3414 3416/3416 3417/3417
f 3438/3438 3439/3439 3440/3440
f 3418/3418 3414/3414 3417/3417
f 3419/3419 3418/3418 3417/3417
f 3441/3441 3440/3440 3439/3439
f 3432/3432 3423/3423 3431/3431
f 3453/3453 3452/3452 3445/3445
f 3444/3444 3443/3443 3445/3445
f 3447/3447 3448/3448 3443/3443
f 3447/3447 3443/3443 3442/3442
f 3442/3442 3443/3443 3444/3444
f 3455/3455 3442/3442 3444/3444
f 3448/3448 3447/3447 3450/3450
f 3456/3456 3457/3457 3442/3442
f 3456/3456 3458/3458 3457/3457
f 3456/3456 3442/3442 3455/3455
f 3454/3454 3448/3448 3450/3450
f 3451/3451 3450/3450 3447/3447
f 3446/3446 3445/3445 3452/3452
f 3444/3444 3445/3445 3446/3446
f 3446/3446 3449/3449 3444/3444
f 3459/3459 3460/3460 3461/3461
f 3459/3459 3461/3461 3462/3462
f 3462/3462 3461/3461 3463/3463
f 3466/3466 3467/3467 3464/3464
f 3508/3508 3509/3509 3504/3504
f 3466/3466 3464/3464 3465/3465
f 3510/3510 3486/3486 3511/3511
f 3504/3504 3507/3507 3508/3508
f 3507/3507 3504/3504 3506/3506
f 3490/3490 3492/3492 3491/3491
f 3462/3462 3463/3463 3464/3464
f 3491/3491 3489/3489 3490/3490
f 3490/3490 3489/3489 3488/3488
f 3486/3486 3481/3481 3504/3504
f 3481/3481 3505/3505 3504/3504
f 3485/3485 3481/3481 3486/3486
f 3481/3481 3485/3485 3480/3480
f 3485/3485 3486/3486 3510/3510
f 3464/3464 3463/3463 3465/3465
f 3487/3487 3488/3488 3489/3489
f 3474/3474 3475/3475 3476/3476
f 3473/3473 3475/3475 3474/3474
f 3474/3474 3471/3471 3473/3473
f 3473/3473 3471/3471 3472/3472
f 3471/3471 3469/3469 3472/3472
f 3469/3469 3471/3471 3470/3470
f 3481/3481 3479/3479 3482/3482
f 3505/3505 3506/3506 3504/3504
f 3482/3482 3483/3483 3481/3481
f 3512/3512 3513/3513 3514/3514
f 3482/3482 3484/3484 3483/3483
f 3502/3502 3489/3489 3491/3491
f 3470/3470 3478/3478 3468/3468
f 3479/3479 3478/3478 3470/3470
f 3468/3468 3469/3469 3470/3470
f 3480/3480 3468/3468 3478/3478
f 3487/3487 3480/3480 3485/3485
f 3487/3487 3485/3485 3488/3488
f 3478/3478 3481/3481 3480/3480
f 3479/3479 3481/3481 3478/3478
f 3498/3498 3497/3497 3494/3494
f 3499/3499 3498/3498 3500/3500
f 3497/3497 3498/3498 3499/3499
f 3495/3495 3494/3494 3497/3497
f 3494/3494 3495/3495 3493/3493
f 3494/3494 3493/3493 3492/3492
f 3476/3476 3475/3475 3477/3477
f 3492/3492 3493/3493 3491/3491
f 3493/3493 3502/3502 3491/3491
f 3501/3501 3502/3502 3493/3493
f 3496/3496 3495/3495 3503/3503
f 3493/3493 3495/3495 3496/3496
f 3501/3501 3493/3493 3496/3496
f 3518/3518 3523/3523 3519/3519
f 3518/3518 3519/3519 3520/3520
f 3519/3519 3523/3523 3524/3524
f 3525/3525 3526/3526 3527/3527
f 3515/3515 3516/3516 3517/3517
f 3521/3521 3518/3518 3520/3520
f 3522/3522 3521/3521 3520/3520
f 3534/3534 3535/3535 3536/3536
f 3533/3533 3532/3532 3529/3529
f 3530/3530 3529/3529 3532/3532
f 3529/3529 3528/3528 3531/3531
f 3528/3528 3529/3529 3530/3530
f 3536/3536 3535/3535 3537/3537
f 3538/3538 3536/3536 3537/3537
f 3546/3546 3544/3544 3545/3545
f 3546/3546 3545/3545 3547/3547
f 3542/3542 3539/3539 3541/3541
f 3543/3543 3544/3544 3542/3542
f 3541/3541 3543/3543 3542/3542
f 3545/3545 3544/3544 3543/3543
f 3550/3550 3549/3549 3551/3551
f 3552/3552 3550/3550 3551/3551
f 3549/3549 3540/3540 3548/3548
f 3540/3540 3549/3549 3550/3550
f 3548/3548 3540/3540 3539/3539
f 3539/3539 3540/3540 3541/3541
f 3558/3558 3554/3554 3557/3557
f 3560/3560 3559/3559 3562/3562
f 3559/3559 3560/3560 3561/3561
f 3556/3556 3553/3553 3555/3555
f 3553/3553 3554/3554 3555/3555
f 3553/3553 3557/3557 3554/3554
f 3566/3566 3568/3568 3565/3565
f 3564/3564 3566/3566 3565/3565
f 3566/3566 3564/3564 3567/3567
f 3569/3569 3565/3565 3570/3570
f 3565/3565 3569/3569 3563/3563
f 3563/3563 3564/3564 3565/3565
f 3575/3575 3578/3578 3579/3579
f 3572/3572 3578/3578 3575/3575
f 3575/3575 3574/3574 3572/3572
f 3580/3580 3582/3582 3581/3581
f 3583/3583 3582/3582 3580/3580
f 3579/3579 3581/3581 3584/3584
f 3580/3580 3581/3581 3579/3579
f 3580/3580 3579/3579 3578/3578
f 3575/3575 3576/3576 3574/3574
f 3572/3572 3574/3574 3573/3573
f 3571/3571 3572/3572 3573/3573
f 3576/3576 3577/3577 3574/3574
f 3585/3585 3586/3586 3587/3587
f 3588/3588 3589/3589 3590/3590
f 3592/3592 3591/3591 3595/3595
f 3591/3591 3592/3592 3593/3593
f 3594/3594 3593/3593 3592/3592
f 3604/3604 3620/3620 3603/3603
f 3603/3603 3602/3602 3604/3604
f 3598/3598 3602/3602 3603/3603
f 3602/3602 3598/3598 3599/3599
f 3606/3606 3602/3602 3599/3599
f 3596/3596 3597/3597 3598/3598
f 3598/3598 3597/3597 3599/3599
f 3614/3614 3615/3615 3606/3606
f 3615/3615 3602/3602 3606/3606
f 3602/3602 3615/3615 3604/3604
f 3606/3606 3599/3599 3600/3600
f 3599/3599 3597/3597 3600/3600
f 3625/3625 3624/3624 3622/3622
f 3625/3625 3626/3626 3624/3624
f 3603/3603 3620/3620 3622/3622
f 3623/3623 3603/3603 3622/3622
f 3623/3623 3622/3622 3624/3624
f 3630/3630 3623/3623 3624/3624
f 3623/3623 3630/3630 3631/3631
f 3623/3623 3598/3598 3603/3603
f 3631/3631 3598/3598 3623/3623
f 3631/3631 3596/3596 3598/3598
f 3626/3626 3625/3625 3636/3636
f 3627/3627 3626/3626 3636/3636
f 3627/3627 3624/3624 3626/3626
f 3605/3605 3596/3596 3621/3621
f 3601/3601 3596/3596 3605/3605
f 3634/3634 3632/3632 3633/3633
f 3635/3635 3632/3632 3634/3634
f 3596/3596 3631/3631 3632/3632
f 3621/3621 3596/3596 3632/3632
f 3635/3635 3621/3621 3632/3632
f 3596/3596 3601/3601 3597/3597
f 3597/3597 3601/3601 3600/3600
f 3606/3606 3600/3600 3608/3608
f 3608/3608 3614/3614 3606/3606
f 3614/3614 3608/3608 3611/3611
f 3605/3605 3600/3600 3601/3601
f 3607/3607 3600/3600 3605/3605
f 3607/3607 3608/3608 3600/3600
f 3608/3608 3610/3610 3611/3611
f 3610/3610 3608/3608 3609/3609
f 3609/3609 3608/3608 3607/3607
f 3624/3624 3627/3627 3628/3628
f 3628/3628 3627/3627 3629/3629
f 3630/3630 3632/3632 3631/3631
f 3632/3632 3630/3630 3633/3633
f 3617/3617 3618/3618 3616/3616
f 3613/3613 3617/3617 3616/3616
f 3619/3619 3614/3614 3618/3618
f 3618/3618 3614/3614 3616/3616
f 3616/3616 3614/3614 3613/3613
f 3613/3613 3614/3614 3611/3611
f 3613/3613 3611/3611 3612/3612
f 3611/3611 3610/3610 3612/3612
f 3609/3609 3607/3607 3610/3610
f 3648/3648 3647/3647 3649/3649
f 3647/3647 3648/3648 3641/3641
f 3641/3641 3638/3638 3647/3647
f 3639/3639 3638/3638 3641/3641
f 3649/3649 3647/3647 3650/3650
f 3637/3637 3638/3638 3639/3639
f 3640/3640 3637/3637 3639/3639
f 3640/3640 3642/3642 3637/3637
f 3643/3643 3642/3642 3640/3640
f 3640/3640 3645/3645 3643/3643
f 3644/3644 3642/3642 3643/3643
f 3644/3644 3646/3646 3642/3642
f 3652/3652 3654/3654 3653/3653
f 3651/3651 3652/3652 3653/3653
f 3651/3651 3653/3653 3655/3655
f 3656/3656 3657/3657 3658/3658
f 3663/3663 3679/3679 3680/3680
f 3663/3663 3680/3680 3677/3677
f 3681/3681 3680/3680 3682/3682
f 3680/3680 3681/3681 3677/3677
f 3681/3681 3682/3682 3683/3683
f 3663/3663 3671/3671 3678/3678
f 3671/3671 3663/3663 3660/3660
f 3663/3663 3678/3678 3679/3679
f 3662/3662 3685/3685 3671/3671
f 3662/3662 3671/3671 3660/3660
f 3686/3686 3685/3685 3662/3662
f 3661/3661 3660/3660 3663/3663
f 3677/3677 3661/3661 3663/3663
f 3659/3659 3660/3660 3661/3661
f 3662/3662 3660/3660 3659/3659
f 3665/3665 3676/3676 3662/3662
f 3682/3682 3684/3684 3683/3683
f 3666/3666 3659/3659 3668/3668
f 3666/3666 3665/3665 3659/3659
f 3665/3665 3662/3662 3659/3659
f 3667/3667 3665/3665 3666/3666
f 3669/3669 3667/3667 3666/3666
f 3672/3672 3667/3667 3669/3669
f 3659/3659 3664/3664 3668/3668
f 3659/3659 3661/3661 3664/3664
f 3666/3666 3668/3668 3675/3675
f 3668/3668 3664/3664 3670/3670
f 3674/3674 3668/3668 3673/3673
f 3673/3673 3668/3668 3670/3670
f 3666/3666 3675/3675 3669/3669
f 3708/3708 3706/3706 3707/3707
f 3707/3707 3717/3717 3708/3708
f 3726/3726 3707/3707 3725/3725
f 3707/3707 3696/3696 3718/3718
f 3718/3718 3696/3696 3719/3719
f 3707/3707 3706/3706 3696/3696
f 3721/3721 3720/3720 3719/3719
f 3718/3718 3719/3719 3720/3720
f 3726/3726 3717/3717 3707/3707
f 3725/3725 3707/3707 3718/3718
f 3691/3691 3692/3692 3693/3693
f 3695/3695 3696/3696 3706/3706
f 3692/3692 3695/3695 3693/3693
f 3709/3709 3706/3706 3708/3708
f 3699/3699 3691/3691 3710/3710
f 3727/3727 3722/3722 3728/3728
f 3710/3710 3691/3691 3722/3722
f 3727/3727 3710/3710 3722/3722
f 3710/3710 3715/3715 3699/3699
f 3713/3713 3699/3699 3715/3715
f 3687/3687 3691/3691 3697/3697
f 3697/3697 3691/3691 3698/3698
f 3698/3698 3691/3691 3699/3699
f 3698/3698 3714/3714 3704/3704
f 3704/3704 3697/3697 3698/3698
f 3703/3703 3697/3697 3704/3704
f 3700/3700 3697/3697 3703/3703
f 3713/3713 3698/3698 3699/3699
f 3724/3724 3698/3698 3713/3713
f 3698/3698 3724/3724 3723/3723
f 3698/3698 3723/3723 3714/3714
f 3716/3716 3703/3703 3704/3704
f 3714/3714 3716/3716 3704/3704
f 3716/3716 3712/3712 3703/3703
f 3688/3688 3687/3687 3701/3701
f 3696/3696 3695/3695 3692/3692
f 3696/3696 3692/3692 3702/3702
f 3692/3692 3689/3689 3702/3702
f 3694/3694 3692/3692 3691/3691
f 3689/3689 3692/3692 3690/3690
f 3687/3687 3689/3689 3690/3690
f 3687/3687 3688/3688 3689/3689
f 3694/3694 3691/3691 3687/3687
f 3700/3700 3687/3687 3697/3697
f 3701/3701 3687/3687 3700/3700
f 3705/3705 3701/3701 3700/3700
f 3705/3705 3711/3711 3701/3701
f 3700/3700 3703/3703 3705/3705
f 3712/3712 3705/3705 3703/3703
f 3729/3729 3728/3728 3722/3722
f 3737/3737 3738/3738 3736/3736
f 3737/3737 3736/3736 3731/3731
f 3732/3732 3731/3731 3736/3736
f 3730/3730 3731/3731 3732/3732
f 3731/3731 3730/3730 3733/3733
f 3733/3733 3730/3730 3734/3734
f 3735/3735 3734/3734 3730/3730
f 3743/3743 3742/3742 3744/3744
f 3741/3741 3742/3742 3743/3743
f 3741/3741 3740/3740 3742/3742
f 3739/3739 3740/3740 3741/3741
f 3741/3741 3745/3745 3739/3739
f 3746/3746 3745/3745 3741/3741
f 3747/3747 3739/3739 3745/3745
f 3739/3739 3747/3747 3749/3749
f 3745/3745 3748/3748 3747/3747
f 3754/3754 3760/3760 3755/3755
f 3752/3752 3754/3754 3755/3755
f 3752/3752 3753/3753 3754/3754
f 3752/3752 3755/3755 3756/3756
f 3751/3751 3753/3753 3752/3752
f 3750/3750 3751/3751 3752/3752
f 3759/3759 3755/3755 3760/3760
f 3755/3755 3759/3759 3756/3756
f 3756/3756 3759/3759 3758/3758
f 3757/3757 3758/3758 3759/3759
f 3761/3761 3757/3757 3762/3762
f 3757/3757 3761/3761 3758/3758
f 3762/3762 3770/3770 3764/3764
f 3769/3769 3764/3764 3771/3771
f 3761/3761 3762/3762 3763/3763
f 3761/3761 3766/3766 3767/3767
f 3765/3765 3766/3766 3761/3761
f 3772/3772 3766/3766 3765/3765
f 3765/3765 3761/3761 3763/3763
f 3764/3764 3763/3763 3762/3762
f 3763/3763 3764/3764 3768/3768
f 3768/3768 3764/3764 3769/3769
f 3773/3773 3775/3775 3777/3777
f 3779/3779 3773/3773 3777/3777
f 3780/3780 3779/3779 3777/3777
f 3773/3773 3774/3774 3775/3775
f 3776/3776 3775/3775 3774/3774
f 3776/3776 3774/3774 3778/3778
f 3784/3784 3782/3782 3787/3787
f 3783/3783 3782/3782 3784/3784
f 3781/3781 3782/3782 3783/3783
f 3785/3785 3782/3782 3781/3781
f 3788/3788 3781/3781 3783/3783
f 3785/3785 3786/3786 3782/3782
f 3793/3793 3796/3796 3798/3798
f 3792/3792 3790/3790 3789/3789
f 3793/3793 3794/3794 3795/3795
f 3797/3797 3795/3795 3794/3794
f 3796/3796 3793/3793 3795/3795
f 3789/3789 3790/3790 3791/3791
f 3805/3805 3806/3806 3807/3807
f 3801/3801 3800/3800 3804/3804
f 3799/3799 3802/3802 3800/3800
f 3799/3799 3800/3800 3801/3801
f 3801/3801 3803/3803 3799/3799
f 3809/3809 3808/3808 3811/3811
f 3808/3808 3809/3809 3810/3810
f 3815/3815 3826/3826 3825/3825
f 3825/3825 3827/3827 3812/3812
f 3816/3816 3815/3815 3814/3814
f 3815/3815 3816/3816 3817/3817
f 3818/3818 3817/3817 3816/3816
f 3812/3812 3815/3815 3825/3825
f 3812/3812 3814/3814 3815/3815
f 3812/3812 3813/3813 3814/3814
f 3822/3822 3821/3821 3816/3816
f 3817/3817 3823/3823 3815/3815
f 3821/3821 3820/3820 3816/3816
f 3816/3816 3819/3819 3818/3818
f 3819/3819 3816/3816 3820/3820
f 3824/3824 3823/3823 3817/3817
f 3833/3833 3830/3830 3829/3829
f 3832/3832 3828/3828 3831/3831
f 3828/3828 3829/3829 3830/3830
f 3828/3828 3830/3830 3831/3831
f 3852/3852 3848/3848 3851/3851
f 3848/3848 3850/3850 3851/3851
f 3839/3839 3835/3835 3843/3843
f 3835/3835 3839/3839 3836/3836
f 3834/3834 3835/3835 3836/3836
f 3852/3852 3847/3847 3848/3848
f 3853/3853 3852/3852 3850/3850
f 3849/3849 3853/3853 3850/3850
f 3853/3853 3849/3849 3854/3854
f 3836/3836 3837/3837 3834/3834
f 3837/3837 3836/3836 3840/3840
f 3834/3834 3837/3837 3838/3838
f 3838/3838 3846/3846 3847/3847
f 3846/3846 3849/3849 3848/3848
f 3846/3846 3848/3848 3847/3847
f 3846/3846 3838/3838 3837/3837
f 3849/3849 3846/3846 3842/3842
f 3846/3846 3837/3837 3842/3842
f 3849/3849 3850/3850 3848/3848
f 3836/3836 3839/3839 3845/3845
f 3841/3841 3836/3836 3845/3845
f 3845/3845 3844/3844 3841/3841
f 3844/3844 3840/3840 3841/3841
f 3840/3840 3836/3836 3841/3841
f 3840/3840 3842/3842 3837/3837
f 3856/3856 3858/3858 3857/3857
f 3855/3855 3856/3856 3857/3857
f 3860/3860 3856/3856 3855/3855
f 3860/3860 3863/3863 3856/3856
f 3861/3861 3860/3860 3855/3855
f 3855/3855 3862/3862 3861/3861
f 3857/3857 3858/3858 3859/3859
f 3875/3875 3876/3876 3877/3877
f 3878/3878 3877/3877 3879/3879
f 3877/3877 3878/3878 3875/3875
f 3868/3868 3872/3872 3866/3866
f 3868/3868 3869/3869 3870/3870
f 3871/3871 3869/3869 3865/3865
f 3864/3864 3865/3865 3866/3866
f 3880/3880 3878/3878 3879/3879
f 3867/3867 3865/3865 3864/3864
f 3865/3865 3868/3868 3866/3866
f 3873/3873 3871/3871 3865/3865
f 3869/3869 3868/3868 3865/3865
f 3871/3871 3873/3873 3874/3874
f 3882/3882 3885/3885 3883/3883
f 3881/3881 3883/3883 3884/3884
f 3881/3881 3882/3882 3883/3883
f 3892/3892 3887/3887 3890/3890
f 3886/3886 3887/3887 3888/3888
f 3887/3887 3886/3886 3889/3889
f 3890/3890 3887/3887 3889/3889
f 3901/3901 3894/3894 3899/3899
f 3903/3903 3904/3904 3905/3905
f 3902/3902 3901/3901 3899/3899
f 3893/3893 3892/3892 3890/3890
f 3889/3889 3891/3891 3890/3890
f 3891/3891 3889/3889 3899/3899
f 3899/3899 3894/3894 3891/3891
f 3891/3891 3894/3894 3895/3895
f 3894/3894 3896/3896 3895/3895
f 3894/3894 3897/3897 3896/3896
f 3900/3900 3895/3895 3896/3896
f 3898/3898 3900/3900 3896/3896
f 3897/3897 3898/3898 3896/3896
f 3911/3911 3912/3912 3913/3913
f 3912/3912 3911/3911 3914/3914
f 3907/3907 3910/3910 3908/3908
f 3906/3906 3907/3907 3908/3908
f 3906/3906 3908/3908 3909/3909
f 3915/3915 3916/3916 3917/3917
f 3918/3918 3919/3919 3920/3920
f 3918/3918 3921/3921 3919/3919
f 3922/3922 3923/3923 3924/3924
f 3927/3927 3926/3926 3929/3929
f 3929/3929 3926/3926 3925/3925
f 3925/3925 3926/3926 3927/3927
f 3925/3925 3927/3927 3928/3928
f 3937/3937 3935/3935 3936/3936
f 3935/3935 3931/3931 3936/3936
f 3938/3938 3937/3937 3936/3936
f 3939/3939 3937/3937 3938/3938
f 3941/3941 3942/3942 3951/3951
f 3932/3932 3933/3933 3930/3930
f 3941/3941 3934/3934 3942/3942
f 3932/3932 3934/3934 3941/3941
f 3931/3931 3934/3934 3932/3932
f 3935/3935 3934/3934 3931/3931
f 3930/3930 3933/3933 3946/3946
f 3930/3930 3946/3946 3947/3947
f 3930/3930 3931/3931 3932/3932
f 3947/3947 3952/3952 3930/3930
f 3947/3947 3946/3946 3948/3948
f 3944/3944 3936/3936 3931/3931
f 3936/3936 3944/3944 3945/3945
f 3940/3940 3931/3931 3930/3930
f 3940/3940 3944/3944 3931/3931
f 3948/3948 3949/3949 3947/3947
f 3950/3950 3949/3949 3948/3948
f 3943/3943 3940/3940 3930/3930
f 3956/3956 3954/3954 3953/3953
f 3953/3953 3954/3954 3955/3955
f 3953/3953 3959/3959 3956/3956
f 3954/3954 3956/3956 3957/3957
f 3960/3960 3965/3965 3963/3963
f 3960/3960 3963/3963 3961/3961
f 3955/3955 3954/3954 3958/3958
f 3963/3963 3964/3964 3961/3961
f 3960/3960 3961/3961 3962/3962
f 3973/3973 3972/3972 3971/3971
f 3970/3970 3971/3971 3972/3972
f 3974/3974 3975/3975 3973/3973
f 3971/3971 3974/3974 3973/3973
f 3970/3970 3976/3976 3971/3971
f 3966/3966 3976/3976 3970/3970
f 3967/3967 3970/3970 3972/3972
f 3967/3967 3966/3966 3970/3970
f 3966/3966 3967/3967 3968/3968
f 3969/3969 3968/3968 3967/3967
f 3983/3983 3985/3985 3984/3984
f 3979/3979 3983/3983 3984/3984
f 3979/3979 3978/3978 3983/3983
f 3977/3977 3978/3978 3979/3979
f 3977/3977 3980/3980 3978/3978
f 3980/3980 3977/3977 3981/3981
f 3982/3982 3980/3980 3981/3981
f 3999/3999 3998/3998 4004/4004
f 3998/3998 3999/3999 3993/3993
f 3987/3987 3993/3993 3994/3994
f 3993/3993 3987/3987 3992/3992
f 3998/3998 4003/4003 4004/4004
f 3998/3998 3993/3993 3992/3992
f 3992/3992 3996/3996 3998/3998
f 3986/3986 3996/3996 3992/3992
f 3986/3986 3997/3997 3996/3996
f 3987/3987 3994/3994 3995/3995
f 4005/4005 4006/4006 4007/4007
f 3988/3988 3987/3987 3995/3995
f 3986/3986 3987/3987 3988/3988
f 3986/3986 3992/3992 3987/3987
f 3986/3986 3989/3989 3990/3990
f 3988/3988 3989/3989 3986/3986
f 3991/3991 3989/3989 3988/3988
f 4000/4000 3988/3988 3995/3995
f 4002/4002 4001/4001 4000/4000
f 4000/4000 4001/4001 3988/3988
f 4008/4008 4009/4009 4010/4010
f 4015/4015 4011/4011 4013/4013
f 4011/4011 4012/4012 4013/4013
f 4014/4014 4013/4013 4012/4012
f 4016/4016 4017/4017 4018/4018
f 4018/4018 4017/4017 4019/4019
f 4020/4020 4019/4019 4017/4017
f 4020/4020 4017/4017 4021/4021
f 4022/4022 4023/4023 4020/4020
f 4022/4022 4020/4020 4021/4021
f 4032/4032 4029/4029 4028/4028
f 4029/4029 4027/4027 4028/4028
f 4034/4034 4029/4029 4035/4035
f 4029/4029 4034/4034 4027/4027
f 4025/4025 4028/4028 4027/4027
f 4051/4051 4052/4052 4050/4050
f 4051/4051 4050/4050 4033/4033
f 4033/4033 4050/4050 4030/4030
f 4033/4033 4048/4048 4051/4051
f 4030/4030 4024/4024 4033/4033
f 4036/4036 4048/4048 4033/4033
f 4036/4036 4049/4049 4048/4048
f 4031/4031 4036/4036 4033/4033
f 4037/4037 4036/4036 4031/4031
f 4025/4025 4030/4030 4028/4028
f 4026/4026 4025/4025 4027/4027
f 4024/4024 4030/4030 4025/4025
f 4044/4044 4026/4026 4027/4027
f 4024/4024 4025/4025 4026/4026
f 4044/4044 4045/4045 4026/4026
f 4047/4047 4026/4026 4045/4045
f 4031/4031 4024/4024 4026/4026
f 4031/4031 4026/4026 4047/4047
f 4044/4044 4046/4046 4045/4045
f 4047/4047 4040/4040 4031/4031
f 4031/4031 4033/4033 4024/4024
f 4040/4040 4039/4039 4031/4031
f 4031/4031 4038/4038 4037/4037
f 4039/4039 4038/4038 4031/4031
f 4041/4041 4043/4043 4039/4039
f 4039/4039 4040/4040 4041/4041
f 4042/4042 4041/4041 4040/4040
f 4073/4073 4072/4072 4074/4074
f 4073/4073 4074/4074 4077/4077
f 4065/4065 4071/4071 4072/4072
f 4065/4065 4072/4072 4073/4073
f 4069/4069 4071/4071 4065/4065
f 4063/4063 4064/4064 4065/4065
f 4063/4063 4065/4065 4073/4073
f 4075/4075 4073/4073 4076/4076
f 4063/4063 4073/4073 4075/4075
f 4069/4069 4070/4070 4071/4071
f 4064/4064 4067/4067 4069/4069
f 4069/4069 4067/4067 4070/4070
f 4078/4078 4067/4067 4068/4068
f 4066/4066 4068/4068 4067/4067
f 4066/4066 4067/4067 4064/4064
f 4066/4066 4064/4064 4063/4063
f 4060/4060 4066/4066 4063/4063
f 4062/4062 4060/4060 4063/4063
f 4054/4054 4059/4059 4060/4060
f 4054/4054 4058/4058 4059/4059
f 4058/4058 4054/4054 4053/4053
f 4063/4063 4075/4075 4062/4062
f 4061/4061 4060/4060 4062/4062
f 4060/4060 4061/4061 4054/4054
f 4054/4054 4056/4056 4055/4055
f 4053/4053 4054/4054 4055/4055
f 4057/4057 4055/4055 4056/4056
f 4089/4089 4090/4090 4088/4088
f 4089/4089 4088/4088 4079/4079
f 4079/4079 4088/4088 4085/4085
f 4083/4083 4082/4082 4084/4084
f 4079/4079 4080/4080 4081/4081
f 4079/4079 4085/4085 4080/4080
f 4082/4082 4083/4083 4079/4079
f 4079/4079 4081/4081 4082/4082
f 4082/4082 4081/4081 4086/4086
f 4081/4081 4087/4087 4086/4086
f 4092/4092 4091/4091 4087/4087
f 4092/4092 4087/4087 4093/4093
f 4086/4086 4087/4087 4091/4091
f 4094/4094 4095/4095 4096/4096
f 4098/4098 4110/4110 4106/4106
f 4098/4098 4106/4106 4099/4099
f 4112/4112 4110/4110 4111/4111
f 4098/4098 4111/4111 4110/4110
f 4109/4109 4110/4110 4112/4112
f 4110/4110 4109/4109 4106/4106
f 4106/4106 4109/4109 4108/4108
f 4106/4106 4108/4108 4107/4107
f 4106/4106 4107/4107 4099/4099
f 4113/4113 4107/4107 4108/4108
f 4098/4098 4097/4097 4100/4100
f 4100/4100 4097/4097 4101/4101
f 4097/4097 4098/4098 4099/4099
f 4102/4102 4101/4101 4097/4097
f 4103/4103 4102/4102 4097/4097
f 4104/4104 4103/4103 4097/4097
f 4103/4103 4104/4104 4105/4105
f 4114/4114 4115/4115 4116/4116
f 4117/4117 4118/4118 4119/4119
f 4117/4117 4120/4120 4118/4118
f 4126/4126 4127/4127 4122/4122
f 4122/4122 4125/4125 4126/4126
f 4121/4121 4122/4122 4123/4123
f 4125/4125 4122/4122 4121/4121
f 4124/4124 4121/4121 4123/4123
f 4128/4128 4123/4123 4129/4129
f 4123/4123 4128/4128 4124/4124
f 4138/4138 4141/4141 4142/4142
f 4138/4138 4137/4137 4141/4141
f 4130/4130 4137/4137 4138/4138
f 4132/4132 4137/4137 4130/4130
f 4139/4139 4132/4132 4131/4131
f 4130/4130 4131/4131 4132/4132
f 4133/4133 4140/4140 4131/4131
f 4133/4133 4131/4131 4130/4130
f 4133/4133 4130/4130 4134/4134
f 4135/4135 4133/4133 4134/4134
f 4136/4136 4135/4135 4134/4134
f 4144/4144 4143/4143 4149/4149
f 4143/4143 4144/4144 4145/4145
f 4145/4145 4148/4148 4143/4143
f 4146/4146 4145/4145 4144/4144
f 4147/4147 4145/4145 4146/4146
f 4157/4157 4158/4158 4159/4159
f 4157/4157 4152/4152 4158/4158
f 4150/4150 4152/4152 4157/4157
f 4153/4153 4154/4154 4151/4151
f 4154/4154 4153/4153 4155/4155
f 4150/4150 4151/4151 4152/4152
f 4151/4151 4150/4150 4153/4153
f 4156/4156 4155/4155 4153/4153
f 4183/4183 4182/4182 4181/4181
f 4174/4174 4181/4181 4182/4182
f 4181/4181 4174/4174 4171/4171
f 4174/4174 4184/4184 4192/4192
f 4184/4184 4174/4174 4182/4182
f 4174/4174 4192/4192 4193/4193
f 4168/4168 4186/4186 4170/4170
f 4207/4207 4209/4209 4208/4208
f 4168/4168 4178/4178 4187/4187
f 4209/4209 4207/4207 4210/4210
f 4205/4205 4207/4207 4208/4208
f 4204/4204 4207/4207 4205/4205
f 4186/4186 4168/4168 4187/4187
f 4199/4199 4202/4202 4200/4200
f 4196/4196 4203/4203 4199/4199
f 4195/4195 4196/4196 4197/4197
f 4196/4196 4195/4195 4194/4194
f 4166/4166 4168/4168 4167/4167
f 4168/4168 4166/4166 4178/4178
f 4170/4170 4167/4167 4168/4168
f 4181/4181 4185/4185 4183/4183
f 4177/4177 4175/4175 4176/4176
f 4175/4175 4160/4160 4162/4162
f 4160/4160 4161/4161 4162/4162
f 4160/4160 4175/4175 4172/4172
f 4165/4165 4178/4178 4166/4166
f 4165/4165 4166/4166 4162/4162
f 4176/4176 4162/4162 4167/4167
f 4175/4175 4162/4162 4176/4176
f 4161/4161 4165/4165 4162/4162
f 4165/4165 4161/4161 4169/4169
f 4162/4162 4166/4166 4167/4167
f 4161/4161 4189/4189 4169/4169
f 4204/4204 4205/4205 4206/4206
f 4163/4163 4161/4161 4160/4160
f 4188/4188 4189/4189 4161/4161
f 4161/4161 4163/4163 4188/4188
f 4160/4160 4172/4172 4171/4171
f 4164/4164 4163/4163 4160/4160
f 4164/4164 4160/4160 4171/4171
f 4194/4194 4195/4195 4163/4163
f 4194/4194 4163/4163 4191/4191
f 4191/4191 4163/4163 4190/4190
f 4179/4179 4163/4163 4164/4164
f 4179/4179 4164/4164 4180/4180
f 4190/4190 4163/4163 4179/4179
f 4197/4197 4200/4200 4201/4201
f 4199/4199 4200/4200 4197/4197
f 4196/4196 4199/4199 4197/4197
f 4164/4164 4171/4171 4173/4173
f 4173/4173 4171/4171 4174/4174
f 4193/4193 4180/4180 4174/4174
f 4164/4164 4173/4173 4180/4180
f 4198/4198 4179/4179 4180/4180
f 4180/4180 4173/4173 4174/4174
f 4212/4212 4216/4216 4213/4213
f 4211/4211 4213/4213 4215/4215
f 4211/4211 4212/4212 4213/4213
f 4212/4212 4211/4211 4214/4214
f 4226/4226 4218/4218 4228/4228
f 4219/4219 4226/4226 4227/4227
f 4218/4218 4226/4226 4219/4219
f 4228/4228 4229/4229 4226/4226
f 4219/4219 4227/4227 4225/4225
f 4222/4222 4219/4219 4225/4225
f 4217/4217 4218/4218 4219/4219
f 4217/4217 4219/4219 4221/4221
f 4217/4217 4220/4220 4218/4218
f 4221/4221 4219/4219 4222/4222
f 4223/4223 4221/4221 4222/4222
f 4223/4223 4222/4222 4224/4224
f 4261/4261 4264/4264 4263/4263
f 4261/4261 4263/4263 4262/4262
f 4264/4264 4265/4265 4266/4266
f 4261/4261 4265/4265 4264/4264
f 4236/4236 4261/4261 4262/4262
f 4235/4235 4237/4237 4236/4236
f 4260/4260 4261/4261 4236/4236
f 4237/4237 4260/4260 4236/4236
f 4235/4235 4236/4236 4233/4233
f 4235/4235 4239/4239 4237/4237
f 4234/4234 4239/4239 4235/4235
f 4234/4234 4235/4235 4233/4233
f 4234/4234 4233/4233 4231/4231
f 4234/4234 4246/4246 4239/4239
f 4247/4247 4232/4232 4233/4233
f 4233/4233 4232/4232 4231/4231
f 4250/4250 4232/4232 4247/4247
f 4250/4250 4252/4252 4232/4232
f 4240/4240 4232/4232 4252/4252
f 4230/4230 4232/4232 4240/4240
f 4240/4240 4241/4241 4230/4230
f 4241/4241 4240/4240 4242/4242
f 4230/4230 4231/4231 4232/4232
f 4231/4231 4230/4230 4238/4238
f 4244/4244 4238/4238 4230/4230
f 4251/4251 4242/4242 4240/4240
f 4241/4241 4244/4244 4230/4230
f 4245/4245 4244/4244 4241/4241
f 4243/4243 4241/4241 4242/4242
f 4242/4242 4251/4251 4248/4248
f 4242/4242 4248/4248 4243/4243
f 4243/4243 4248/4248 4249/4249
f 4253/4253 4243/4243 4249/4249
f 4257/4257 4255/4255 4258/4258
f 4255/4255 4254/4254 4249/4249
f 4254/4254 4255/4255 4256/4256
f 4253/4253 4249/4249 4254/4254
f 4257/4257 4258/4258 4259/4259
f 4256/4256 4255/4255 4257/4257
f 4272/4272 4273/4273 4274/4274
f 4271/4271 4273/4273 4272/4272
f 4272/4272 4274/4274 4276/4276
f 4272/4272 4267/4267 4271/4271
f 4271/4271 4267/4267 4270/4270
f 4267/4267 4272/4272 4276/4276
f 4267/4267 4276/4276 4275/4275
f 4268/4268 4267/4267 4275/4275
f 4267/4267 4268/4268 4269/4269
f 4270/4270 4267/4267 4269/4269
f 4283/4283 4270/4270 4269/4269
f 4278/4278 4280/4280 4269/4269
f 4283/4283 4269/4269 4280/4280
f 4277/4277 4269/4269 4268/4268
f 4277/4277 4278/4278 4269/4269
f 4286/4286 4279/4279 4287/4287
f 4284/4284 4279/4279 4286/4286
f 4278/4278 4277/4277 4279/4279
f 4279/4279 4282/4282 4278/4278
f 4278/4278 4282/4282 4281/4281
f 4284/4284 4282/4282 4279/4279
f 4281/4281 4280/4280 4278/4278
f 4282/4282 4285/4285 4281/4281
f 4288/4288 4289/4289 4290/4290
f 4293/4293 4291/4291 4288/4288
f 4294/4294 4290/4290 4289/4289
f 4295/4295 4294/4294 4289/4289
f 4289/4289 4288/4288 4291/4291
f 4292/4292 4289/4289 4291/4291
f 4310/4310 4313/4313 4311/4311
f 4308/4308 4306/4306 4309/4309
f 4308/4308 4310/4310 4311/4311
f 4315/4315 4308/4308 4311/4311
f 4308/4308 4309/4309 4310/4310
f 4312/4312 4308/4308 4315/4315
f 4305/4305 4301/4301 4304/4304
f 4304/4304 4301/4301 4302/4302
f 4299/4299 4297/4297 4300/4300
f 4297/4297 4299/4299 4298/4298
f 4298/4298 4307/4307 4306/4306
f 4307/4307 4298/4298 4299/4299
f 4296/4296 4298/4298 4306/4306
f 4296/4296 4306/4306 4308/4308
f 4312/4312 4296/4296 4308/4308
f 4296/4296 4312/4312 4314/4314
f 4300/4300 4297/4297 4301/4301
f 4302/4302 4301/4301 4297/4297
f 4303/4303 4302/4302 4297/4297
f 4296/4296 4297/4297 4298/4298
f 4316/4316 4317/4317 4318/4318
f 4318/4318 4319/4319 4316/4316
f 4323/4323 4320/4320 4324/4324
f 4323/4323 4319/4319 4320/4320
f 4320/4320 4319/4319 4321/4321
f 4321/4321 4322/4322 4320/4320
f 4318/4318 4321/4321 4319/4319
f 4328/4328 4329/4329 4330/4330
f 4325/4325 4326/4326 4327/4327
f 4331/4331 4332/4332 4333/4333
f 4333/4333 4334/4334 4331/4331
f 4341/4341 4340/4340 4343/4343
f 4339/4339 4340/4340 4341/4341
f 4336/4336 4335/4335 4338/4338
f 4335/4335 4336/4336 4337/4337
f 4342/4342 4340/4340 4339/4339
f 4373/4373 4361/4361 4372/4372
f 4363/4363 4370/4370 4371/4371
f 4368/4368 4370/4370 4363/4363
f 4361/4361 4362/4362 4372/4372
f 4362/4362 4361/4361 4355/4355
f 4355/4355 4363/4363 4362/4362
f 4363/4363 4371/4371 4362/4362
f 4364/4364 4363/4363 4355/4355
f 4364/4364 4368/4368 4363/4363
f 4353/4353 4355/4355 4361/4361
f 4353/4353 4354/4354 4355/4355
f 4364/4364 4369/4369 4368/4368
f 4365/4365 4364/4364 4355/4355
f 4383/4383 4386/4386 4385/4385
f 4375/4375 4387/4387 4383/4383
f 4385/4385 4384/4384 4383/4383
f 4383/4383 4384/4384 4382/4382
f 4375/4375 4383/4383 4382/4382
f 4375/4375 4382/4382 4381/4381
f 4381/4381 4384/4384 4388/4388
f 4382/4382 4384/4384 4381/4381
f 4393/4393 4380/4380 4394/4394
f 4375/4375 4373/4373 4387/4387
f 4380/4380 4375/4375 4381/4381
f 4375/4375 4374/4374 4373/4373
f 4376/4376 4374/4374 4375/4375
f 4380/4380 4376/4376 4375/4375
f 4380/4380 4378/4378 4376/4376
f 4361/4361 4373/4373 4345/4345
f 4345/4345 4373/4373 4374/4374
f 4377/4377 4374/4374 4376/4376
f 4379/4379 4374/4374 4377/4377
f 4376/4376 4378/4378 4377/4377
f 4344/4344 4361/4361 4345/4345
f 4353/4353 4361/4361 4344/4344
f 4353/4353 4344/4344 4352/4352
f 4344/4344 4345/4345 4346/4346
f 4344/4344 4346/4346 4347/4347
f 4352/4352 4344/4344 4347/4347
f 4352/4352 4347/4347 4356/4356
f 4389/4389 4380/4380 4390/4390
f 4378/4378 4380/4380 4389/4389
f 4348/4348 4347/4347 4346/4346
f 4349/4349 4347/4347 4348/4348
f 4350/4350 4349/4349 4348/4348
f 4356/4356 4347/4347 4349/4349
f 4360/4360 4356/4356 4349/4349
f 4390/4390 4380/4380 4393/4393
f 4390/4390 4393/4393 4392/4392
f 4392/4392 4391/4391 4390/4390
f 4389/4389 4390/4390 4391/4391
f 4350/4350 4351/4351 4349/4349
f 4351/4351 4360/4360 4349/4349
f 4367/4367 4360/4360 4351/4351
f 4354/4354 4353/4353 4352/4352
f 4359/4359 4356/4356 4360/4360
f 4352/4352 4356/4356 4357/4357
f 4356/4356 4358/4358 4357/4357
f 4358/4358 4356/4356 4359/4359
f 4360/4360 4366/4366 4359/4359
f 4366/4366 4360/4360 4367/4367
f 4365/4365 4355/4355 4354/4354
f 4398/4398 4396/4396 4408/4408
f 4408/4408 4396/4396 4406/4406
f 4408/4408 4410/4410 4398/4398
f 4396/4396 4398/4398 4397/4397
f 4395/4395 4396/4396 4397/4397
f 4411/4411 4398/4398 4410/4410
f 4405/4405 4398/4398 4411/4411
f 4399/4399 4395/4395 4397/4397
f 4400/4400 4395/4395 4399/4399
f 4416/4416 4417/4417 4418/4418
f 4400/4400 4401/4401 4402/4402
f 4400/4400 4399/4399 4401/4401
f 4401/4401 4405/4405 4402/4402
f 4415/4415 4407/4407 4412/4412
f 4406/4406 4403/4403 4407/4407
f 4403/4403 4412/4412 4407/4407
f 4412/4412 4403/4403 4413/4413
f 4409/4409 4413/4413 4403/4403
f 4409/4409 4414/4414 4413/4413
f 4403/4403 4406/4406 4396/4396
f 4403/4403 4404/4404 4409/4409
f 4403/4403 4396/4396 4395/4395
f 4403/4403 4395/4395 4404/4404
f 4422/4422 4423/4423 4421/4421
f 4422/4422 4420/4420 4425/4425
f 4420/4420 4422/4422 4421/4421
f 4426/4426 4428/4428 4427/4427
f 4419/4419 4420/4420 4421/4421
f 4426/4426 4427/4427 4420/4420
f 4419/4419 4424/4424 4420/4420
f 4424/4424 4426/4426 4420/4420
f 4434/4434 4429/4429 4433/4433
f 4433/4433 4429/4429 4431/4431
f 4430/4430 4432/4432 4431/4431
f 4429/4429 4430/4430 4431/4431
f 4435/4435 4436/4436 4437/4437
f 4446/4446 4443/4443 4444/4444
f 4438/4438 4439/4439 4440/4440
f 4439/4439 4441/4441 4440/4440
f 4438/4438 4443/4443 4439/4439
f 4438/4438 4444/4444 4443/4443
f 4438/4438 4445/4445 4444/4444
f 4438/4438 4447/4447 4445/4445
f 4438/4438 4440/4440 4442/4442
f 4448/4448 4449/4449 4450/4450
f 4466/4466 4463/4463 4465/4465
f 4463/4463 4464/4464 4465/4465
f 4462/4462 4464/4464 4453/4453
f 4463/4463 4453/4453 4464/4464
f 4463/4463 4454/4454 4453/4453
f 4451/4451 4453/4453 4454/4454
f 4455/4455 4454/4454 4459/4459
f 4454/4454 4455/4455 4451/4451
f 4456/4456 4462/4462 4453/4453
f 4456/4456 4453/4453 4452/4452
f 4451/4451 4452/4452 4453/4453
f 4457/4457 4456/4456 4452/4452
f 4457/4457 4452/4452 4460/4460
f 4457/4457 4458/4458 4456/4456
f 4461/4461 4457/4457 4460/4460
f 4467/4467 4468/4468 4469/4469
f 4474/4474 4470/4470 4472/4472
f 4471/4471 4470/4470 4473/4473
f 4470/4470 4471/4471 4472/4472
f 4475/4475 4476/4476 4477/4477
f 4486/4486 4480/4480 4482/4482
f 4482/4482 4480/4480 4479/4479
f 4478/4478 4479/4479 4480/4480
f 4480/4480 4484/4484 4483/4483
f 4481/4481 4480/4480 4483/4483
f 4481/4481 4478/4478 4480/4480
f 4481/4481 4485/4485 4478/4478
f 4478/4478 4482/4482 4479/4479
f 4486/4486 4487/4487 4480/4480
f 4488/4488 4489/4489 4490/4490
f 4491/4491 4488/4488 4490/4490
f 4492/4492 4493/4493 4494/4494
f 4501/4501 4495/4495 4500/4500
f 4500/4500 4495/4495 4499/4499
f 4495/4495 4498/4498 4499/4499
f 4503/4503 4502/4502 4495/4495
f 4502/4502 4496/4496 4495/4495
f 4495/4495 4496/4496 4497/4497
f 4495/4495 4497/4497 4498/4498
f 4508/4508 4506/4506 4509/4509
f 4505/4505 4507/4507 4506/4506
f 4504/4504 4505/4505 4506/4506
f 4504/4504 4506/4506 4508/4508
f 4510/4510 4505/4505 4504/4504
f 4510/4510 4504/4504 4511/4511
f 4518/4518 4517/4517 4512/4512
f 4512/4512 4513/4513 4514/4514
f 4513/4513 4512/4512 4517/4517
f 4515/4515 4516/4516 4514/4514
f 4516/4516 4515/4515 4519/4519
f 4515/4515 4514/4514 4513/4513
f 4520/4520 4521/4521 4522/4522
f 4522/4522 4521/4521 4523/4523
f 4525/4525 4527/4527 4526/4526
f 4524/4524 4525/4525 4526/4526
f 4527/4527 4528/4528 4526/4526
f 4526/4526 4529/4529 4524/4524
f 4529/4529 4526/4526 4528/4528
f 4530/4530 4531/4531 4532/4532
f 4533/4533 4535/4535 4536/4536
f 4533/4533 4534/4534 4535/4535
f 4539/4539 4541/4541 4537/4537
f 4542/4542 4537/4537 4541/4541
f 4537/4537 4538/4538 4539/4539
f 4538/4538 4540/4540 4539/4539
f 4568/4568 4564/4564 4563/4563
f 4568/4568 4563/4563 4569/4569
f 4560/4560 4563/4563 4564/4564
f 4563/4563 4560/4560 4555/4555
f 4544/4544 4553/4553 4554/4554
f 4550/4550 4553/4553 4544/4544
f 4555/4555 4560/4560 4557/4557
f 4557/4557 4556/4556 4555/4555
f 4555/4555 4544/4544 4554/4554
f 4556/4556 4544/4544 4555/4555
f 4544/4544 4556/4556 4561/4561
f 4574/4574 4572/4572 4571/4571
f 4570/4570 4571/4571 4572/4572
f 4556/4556 4562/4562 4561/4561
f 4572/4572 4573/4573 4570/4570
f 4570/4570 4573/4573 4575/4575
f 4576/4576 4575/4575 4573/4573
f 4545/4545 4552/4552 4551/4551
f 4584/4584 4579/4579 4582/4582
f 4579/4579 4584/4584 4577/4577
f 4543/4543 4544/4544 4545/4545
f 4543/4543 4545/4545 4551/4551
f 4566/4566 4567/4567 4543/4543
f 4565/4565 4543/4543 4551/4551
f 4566/4566 4543/4543 4565/4565
f 4544/4544 4546/4546 4550/4550
f 4543/4543 4546/4546 4544/4544
f 4547/4547 4546/4546 4543/4543
f 4547/4547 4559/4559 4546/4546
f 4547/4547 4543/4543 4548/4548
f 4549/4549 4548/4548 4543/4543
f 4558/4558 4559/4559 4547/4547
f 4548/4548 4558/4558 4547/4547
f 4576/4576 4577/4577 4575/4575
f 4576/4576 4578/4578 4577/4577
f 4577/4577 4578/4578 4579/4579
f 4579/4579 4578/4578 4580/4580
f 4581/4581 4582/4582 4579/4579
f 4583/4583 4582/4582 4581/4581
f 4580/4580 4581/4581 4579/4579
f 4585/4585 4583/4583 4581/4581
f 4591/4591 4587/4587 4590/4590
f 4590/4590 4587/4587 4586/4586
f 4586/4586 4587/4587 4588/4588
f 4589/4589 4588/4588 4592/4592
f 4589/4589 4586/4586 4588/4588
f 4592/4592 4593/4593 4589/4589
f 4600/4600 4596/4596 4595/4595
f 4599/4599 4595/4595 4598/4598
f 4595/4595 4594/4594 4598/4598
f 4594/4594 4595/4595 4596/4596
f 4600/4600 4595/4595 4601/4601
f 4594/4594 4596/4596 4597/4597
f 4609/4609 4607/4607 4608/4608
f 4610/4610 4611/4611 4612/4612
f 4608/4608 4607/4607 4603/4603
f 4604/4604 4603/4603 4607/4607
f 4602/4602 4603/4603 4604/4604
f 4603/4603 4602/4602 4605/4605
f 4605/4605 4602/4602 4606/4606
f 4613/4613 4615/4615 4616/4616
f 4613/4613 4614/4614 4615/4615
f 4613/4613 4617/4617 4614/4614
f 4617/4617 4618/4618 4614/4614
f 4614/4614 4618/4618 4619/4619
f 4646/4646 4648/4648 4647/4647
f 4646/4646 4649/4649 4648/4648
f 4646/4646 4647/4647 4642/4642
f 4650/4650 4649/4649 4646/4646
f 4626/4626 4625/4625 4627/4627
f 4624/4624 4625/4625 4626/4626
f 4622/4622 4625/4625 4624/4624
f 4620/4620 4622/4622 4624/4624
f 4633/4633 4624/4624 4634/4634
f 4633/4633 4634/4634 4636/4636
f 4620/4620 4624/4624 4633/4633
f 4636/4636 4634/4634 4637/4637
f 4638/4638 4636/4636 4637/4637
f 4639/4639 4633/4633 4636/4636
f 4635/4635 4639/4639 4638/4638
f 4645/4645 4646/4646 4642/4642
f 4625/4625 4642/4642 4627/4627
f 4643/4643 4642/4642 4625/4625
f 4644/4644 4645/4645 4642/4642
f 4643/4643 4625/4625 4622/4622
f 4644/4644 4642/4642 4643/4643
f 4621/4621 4643/4643 4622/4622
f 4641/4641 4643/4643 4621/4621
f 4644/4644 4643/4643 4641/4641
f 4620/4620 4621/4621 4622/4622
f 4621/4621 4620/4620 4623/4623
f 4623/4623 4620/4620 4633/4633
f 4621/4621 4628/4628 4641/4641
f 4628/4628 4621/4621 4623/4623
f 4635/4635 4633/4633 4639/4639
f 4632/4632 4633/4633 4635/4635
f 4633/4633 4632/4632 4623/4623
f 4640/4640 4641/4641 4628/4628
f 4632/4632 4629/4629 4623/4623
f 4628/4628 4623/4623 4629/4629
f 4630/4630 4628/4628 4629/4629
f 4631/4631 4628/4628 4630/4630
f 4646/4646 4651/4651 4650/4650
f 4646/4646 4652/4652 4651/4651
f 4653/4653 4651/4651 4652/4652
f 4653/4653 4655/4655 4651/4651
f 4653/4653 4652/4652 4654/4654
f 4631/4631 4640/4640 4628/4628
f 4663/4663 4664/4664 4661/4661
f 4665/4665 4663/4663 4666/4666
f 4656/4656 4657/4657 4658/4658
f 4663/4663 4665/4665 4664/4664
f 4656/4656 4658/4658 4659/4659
f 4669/4669 4674/4674 4673/4673
f 4671/4671 4670/4670 4669/4669
f 4660/4660 4669/4669 4670/4670
f 4669/4669 4672/4672 4671/4671
f 4669/4669 4673/4673 4672/4672
f 4669/4669 4660/4660 4662/4662
f 4670/4670 4663/4663 4660/4660
f 4660/4660 4661/4661 4662/4662
f 4661/4661 4660/4660 4663/4663
f 4667/4667 4668/4668 4662/4662
f 4661/4661 4675/4675 4667/4667
f 4662/4662 4661/4661 4667/4667
f 4676/4676 4677/4677 4667/4667
f 4676/4676 4667/4667 4675/4675
f 4683/4683 4682/4682 4684/4684
f 4683/4683 4679/4679 4682/4682
f 4678/4678 4682/4682 4679/4679
f 4678/4678 4679/4679 4680/4680
f 4681/4681 4680/4680 4679/4679
f 4688/4688 4685/4685 4687/4687
f 4683/4683 4687/4687 4685/4685
f 4681/4681 4683/4683 4685/4685
f 4683/4683 4681/4681 4679/4679
f 4686/4686 4681/4681 4685/4685
f 4693/4693 4690/4690 4692/4692
f 4689/4689 4692/4692 4690/4690
f 4689/4689 4690/4690 4691/4691
f 4694/4694 4689/4689 4691/4691
f 4695/4695 4696/4696 4689/4689
f 4697/4697 4698/4698 4699/4699
f 4689/4689 4694/4694 4695/4695
f 4707/4707 4709/4709 4710/4710
f 4700/4700 4701/4701 4702/4702
f 4701/4701 4700/4700 4703/4703
f 4705/4705 4708/4708 4706/4706
f 4704/4704 4701/4701 4703/4703
f 4707/4707 4706/4706 4709/4709
f 4705/4705 4706/4706 4707/4707
f 4711/4711 4708/4708 4705/4705
f 4712/4712 4713/4713 4714/4714
f 4715/4715 4716/4716 4717/4717
f 4719/4719 4721/4721 4720/4720
f 4718/4718 4719/4719 4720/4720
f 4722/4722 4723/4723 4724/4724
f 4746/4746 4744/4744 4748/4748
f 4746/4746 4743/4743 4744/4744
f 4743/4743 4746/4746 4747/4747
f 4742/4742 4744/4744 4743/4743
f 4744/4744 4745/4745 4749/4749
f 4735/4735 4741/4741 4751/4751
f 4742/4742 4735/4735 4745/4745
f 4745/4745 4744/4744 4742/4742
f 4738/4738 4733/4733 4737/4737
f 4740/4740 4738/4738 4739/4739
f 4738/4738 4737/4737 4739/4739
f 4742/4742 4743/4743 4729/4729
f 4731/4731 4742/4742 4729/4729
f 4731/4731 4729/4729 4725/4725
f 4734/4734 4741/4741 4735/4735
f 4734/4734 4735/4735 4731/4731
f 4731/4731 4735/4735 4742/4742
f 4734/4734 4731/4731 4725/4725
f 4725/4725 4729/4729 4728/4728
f 4754/4754 4750/4750 4757/4757
f 4756/4756 4755/4755 4754/4754
f 4753/4753 4755/4755 4756/4756
f 4726/4726 4728/4728 4752/4752
f 4726/4726 4725/4725 4728/4728
f 4750/4750 4726/4726 4752/4752
f 4750/4750 4736/4736 4726/4726
f 4727/4727 4726/4726 4736/4736
f 4725/4725 4726/4726 4727/4727
f 4725/4725 4727/4727 4730/4730
f 4732/4732 4730/4730 4727/4727
f 4736/4736 4754/4754 4755/4755
f 4754/4754 4736/4736 4750/4750
f 4736/4736 4755/4755 4753/4753
f 4737/4737 4736/4736 4753/4753
f 4733/4733 4727/4727 4736/4736
f 4733/4733 4736/4736 4737/4737
f 4732/4732 4727/4727 4733/4733
f 4758/4758 4759/4759 4760/4760
f 4761/4761 4762/4762 4763/4763
f 4770/4770 4767/4767 4773/4773
f 4767/4767 4770/4770 4765/4765
f 4771/4771 4766/4766 4769/4769
f 4764/4764 4768/4768 4767/4767
f 4764/4764 4767/4767 4765/4765
f 4766/4766 4768/4768 4764/4764
f 4775/4775 4776/4776 4777/4777
f 4764/4764 4765/4765 4766/4766
f 4766/4766 4765/4765 4769/4769
f 4772/4772 4771/4771 4769/4769
f 4769/4769 4774/4774 4772/4772
f 4785/4785 4786/4786 4787/4787
f 4786/4786 4784/4784 4780/4780
f 4786/4786 4785/4785 4784/4784
f 4780/4780 4784/4784 4778/4778
f 4778/4778 4779/4779 4780/4780
f 4781/4781 4783/4783 4779/4779
f 4785/4785 4778/4778 4784/4784
f 4781/4781 4779/4779 4778/4778
f 4778/4778 4782/4782 4781/4781
f 4783/4783 4788/4788 4789/4789
f 4789/4789 4788/4788 4790/4790
f 4788/4788 4783/4783 4781/4781
f 4791/4791 4789/4789 4790/4790
f 4792/4792 4793/4793 4794/4794
f 4795/4795 4794/4794 4793/4793
f 4804/4804 4803/4803 4802/4802
f 4800/4800 4802/4802 4803/4803
f 4797/4797 4801/4801 4800/4800
f 4798/4798 4800/4800 4803/4803
f 4798/4798 4797/4797 4800/4800
f 4796/4796 4797/4797 4798/4798
f 4798/4798 4799/4799 4796/4796
f 4806/4806 4809/4809 4808/4808
f 4807/4807 4806/4806 4808/4808
f 4805/4805 4806/4806 4807/4807
f 4810/4810 4805/4805 4807/4807
f 4810/4810 4811/4811 4805/4805
f 4812/4812 4811/4811 4810/4810
f 4820/4820 4821/4821 4822/4822
f 4823/4823 4820/4820 4822/4822
f 4822/4822 4824/4824 4823/4823
f 4824/4824 4825/4825 4823/4823
f 4825/4825 4824/4824 4826/4826
f 4825/4825 4826/4826 4827/4827
f 4818/4818 4819/4819 4813/4813
f 4815/4815 4818/4818 4813/4813
f 4813/4813 4814/4814 4815/4815
f 4814/4814 4816/4816 4815/4815
f 4816/4816 4814/4814 4817/4817
f 4829/4829 4831/4831 4830/4830
f 4831/4831 4832/4832 4830/4830
f 4828/4828 4833/4833 4829/4829
f 4833/4833 4828/4828 4834/4834
f 4828/4828 4829/4829 4830/4830
f 4833/4833 4836/4836 4829/4829
f 4835/4835 4833/4833 4834/4834
f 4837/4837 4838/4838 4839/4839
f 4840/4840 4841/4841 4842/4842
f 4849/4849 4850/4850 4851/4851
f 4843/4843 4844/4844 4845/4845
f 4846/4846 4847/4847 4848/4848
f 4868/4868 4863/4863 4876/4876
f 4857/4857 4862/4862 4864/4864
f 4857/4857 4864/4864 4863/4863
f 4855/4855 4857/4857 4863/4863
f 4861/4861 4862/4862 4857/4857
f 4855/4855 4853/4853 4857/4857
f 4855/4855 4863/4863 4868/4868
f 4871/4871 4868/4868 4872/4872
f 4868/4868 4871/4871 4865/4865
f 4865/4865 4855/4855 4868/4868
f 4870/4870 4865/4865 4871/4871
f 4865/4865 4870/4870 4854/4854
f 4854/4854 4855/4855 4865/4865
f 4869/4869 4854/4854 4870/4870
f 4854/4854 4853/4853 4855/4855
f 4869/4869 4856/4856 4854/4854
f 4866/4866 4861/4861 4858/4858
f 4858/4858 4861/4861 4857/4857
f 4858/4858 4857/4857 4853/4853
f 4867/4867 4866/4866 4858/4858
f 4858/4858 4875/4875 4867/4867
f 4852/4852 4853/4853 4854/4854
f 4856/4856 4852/4852 4854/4854
f 4852/4852 4856/4856 4860/4860
f 4873/4873 4860/4860 4856/4856
f 4869/4869 4873/4873 4856/4856
f 4878/4878 4873/4873 4869/4869
f 4859/4859 4858/4858 4853/4853
f 4859/4859 4853/4853 4852/4852
f 4859/4859 4852/4852 4860/4860
f 4860/4860 4877/4877 4874/4874
f 4877/4877 4860/4860 4873/4873
f 4874/4874 4859/4859 4860/4860
f 4879/4879 4873/4873 4878/4878
f 4879/4879 4877/4877 4873/4873
f 4887/4887 4888/4888 4884/4884
f 4892/4892 4887/4887 4891/4891
f 4881/4881 4887/4887 4884/4884
f 4887/4887 4881/4881 4886/4886
f 4891/4891 4887/4887 4890/4890
f 4890/4890 4887/4887 4889/4889
f 4886/4886 4889/4889 4887/4887
f 4889/4889 4886/4886 4906/4906
f 4881/4881 4884/4884 4883/4883
f 4882/4882 4881/4881 4883/4883
f 4885/4885 4886/4886 4881/4881
f 4880/4880 4881/4881 4882/4882
f 4898/4898 4883/4883 4905/4905
f 4898/4898 4882/4882 4883/4883
f 4880/4880 4882/4882 4898/4898
f 4880/4880 4898/4898 4895/4895
f 4899/4899 4895/4895 4898/4898
f 4895/4895 4899/4899 4900/4900
f 4903/4903 4902/4902 4899/4899
f 4900/4900 4899/4899 4902/4902
f 4899/4899 4905/4905 4904/4904
f 4904/4904 4903/4903 4899/4899
f 4907/4907 4903/4903 4904/4904
f 4903/4903 4907/4907 4908/4908
f 4903/4903 4908/4908 4909/4909
f 4910/4910 4902/4902 4903/4903
f 4903/4903 4909/4909 4910/4910
f 4881/4881 4880/4880 4885/4885
f 4880/4880 4893/4893 4885/4885
f 4893/4893 4894/4894 4885/4885
f 4893/4893 4896/4896 4894/4894
f 4894/4894 4896/4896 4897/4897
f 4895/4895 4893/4893 4880/4880
f 4895/4895 4900/4900 4901/4901
f 4895/4895 4896/4896 4893/4893
f 4896/4896 4895/4895 4901/4901
f 4897/4897 4896/4896 4901/4901
f 4914/4914 4920/4920 4921/4921
f 4914/4914 4919/4919 4920/4920
f 4911/4911 4919/4919 4914/4914
f 4921/4921 4934/4934 4916/4916
f 4916/4916 4934/4934 4935/4935
f 4936/4936 4937/4937 4938/4938
f 4914/4914 4921/4921 4916/4916
f 4915/4915 4914/4914 4916/4916
f 4912/4912 4914/4914 4915/4915
f 4912/4912 4911/4911 4914/4914
f 4911/4911 4912/4912 4913/4913
f 4912/4912 4917/4917 4913/4913
f 4923/4923 4912/4912 4915/4915
f 4918/4918 4917/4917 4912/4912
f 4918/4918 4912/4912 4923/4923
f 4917/4917 4918/4918 4922/4922
f 4917/4917 4924/4924 4913/4913
f 4924/4924 4929/4929 4933/4933
f 4925/4925 4928/4928 4924/4924
f 4922/4922 4924/4924 4917/4917
f 4924/4924 4922/4922 4925/4925
f 4929/4929 4932/4932 4933/4933
f 4924/4924 4928/4928 4929/4929
f 4927/4927 4928/4928 4925/4925
f 4926/4926 4925/4925 4922/4922
f 4925/4925 4926/4926 4927/4927
f 4932/4932 4929/4929 4931/4931
f 4931/4931 4929/4929 4930/4930
f 4928/4928 4930/4930 4929/4929
f 4943/4943 4939/4939 4941/4941
f 4939/4939 4940/4940 4941/4941
f 4942/4942 4939/4939 4944/4944
f 4939/4939 4942/4942 4940/4940
f 4950/4950 4947/4947 4949/4949
f 4945/4945 4946/4946 4947/4947
f 4945/4945 4948/4948 4946/4946
f 4947/4947 4946/4946 4949/4949
f 4951/4951 4953/4953 4955/4955
f 4951/4951 4952/4952 4953/4953
f 4954/4954 4953/4953 4952/4952
f 4959/4959 4957/4957 4956/4956
f 4956/4956 4957/4957 4958/4958
f 4962/4962 4964/4964 4960/4960
f 4960/4960 4963/4963 4961/4961
f 4960/4960 4961/4961 4962/4962
f 4971/4971 4970/4970 4969/4969
f 4967/4967 4966/4966 4969/4969
f 4970/4970 4971/4971 4972/4972
f 4969/4969 4970/4970 4967/4967
f 4973/4973 4972/4972 4971/4971
f 4966/4966 4965/4965 4968/4968
f 4965/4965 4966/4966 4967/4967
f 4974/4974 4968/4968 4965/4965
f 4975/4975 4974/4974 4965/4965
f 4976/4976 4975/4975 4977/4977
f 4976/4976 4974/4974 4975/4975
f 4982/4982 4987/4987 4988/4988
f 4981/4981 4987/4987 4982/4982
f 4979/4979 4981/4981 4982/4982
f 4978/4978 4981/4981 4979/4979
f 4983/4983 4981/4981 4978/4978
f 4986/4986 4981/4981 4983/4983
f 4979/4979 4989/4989 4985/4985
f 4985/4985 4989/4989 4992/4992
f 4980/4980 4979/4979 4985/4985
f 4978/4978 4979/4979 4980/4980
f 4983/4983 4978/4978 4984/4984
f 4993/4993 4985/4985 4992/4992
f 4990/4990 4985/4985 4993/4993
f 4984/4984 4978/4978 4980/4980
f 4990/4990 4980/4980 4985/4985
f 4984/4984 4980/4980 4990/4990
f 4991/4991 4983/4983 4984/4984
f 5026/5026 5023/5023 5027/5027
f 5023/5023 5026/5026 5024/5024
f 5023/5023 5024/5024 5022/5022
f 5027/5027 5023/5023 5010/5010
f 4999/4999 5023/5023 5022/5022
f 4999/4999 5022/5022 5000/5000
f 5004/5004 5000/5000 5013/5013
f 5004/5004 5001/5001 5000/5000
f 5039/5039 5040/5040 5041/5041
f 5019/5019 5020/5020 5004/5004
f 5018/5018 5019/5019 5021/5021
f 5005/5005 5011/5011 5010/5010
f 5005/5005 5010/5010 5009/5009
f 5010/5010 5023/5023 5012/5012
f 5009/5009 5010/5010 5012/5012
f 4999/4999 5012/5012 5023/5023
f 4997/4997 5012/5012 4999/4999
f 4997/4997 5009/5009 5012/5012
f 4995/4995 4997/4997 4999/4999
f 4999/4999 5000/5000 4995/4995
f 4995/4995 5000/5000 5001/5001
f 4995/4995 4994/4994 4997/4997
f 4995/4995 5001/5001 4996/4996
f 5037/5037 5040/5040 5039/5039
f 5037/5037 5044/5044 5040/5040
f 5030/5030 5037/5037 5036/5036
f 5007/5007 4996/4996 5028/5028
f 4997/4997 5005/5005 5009/5009
f 4994/4994 5005/5005 4997/4997
f 5002/5002 5005/5005 4994/4994
f 4994/4994 4995/4995 4996/4996
f 5007/5007 5006/5006 4996/4996
f 4998/4998 4994/4994 4996/4996
f 4998/4998 4996/4996 5006/5006
f 5008/5008 5005/5005 5002/5002
f 4998/4998 5002/5002 4994/4994
f 5003/5003 5002/5002 4998/4998
f 5014/5014 4998/4998 5006/5006
f 5003/5003 4998/4998 5014/5014
f 5051/5051 5050/5050 5052/5052
f 5053/5053 5050/5050 5054/5054
f 5058/5058 5053/5053 5057/5057
f 5053/5053 5052/5052 5050/5050
f 5029/5029 5030/5030 5031/5031
f 5056/5056 5057/5057 5053/5053
f 5029/5029 5043/5043 5030/5030
f 5054/5054 5056/5056 5053/5053
f 5038/5038 5032/5032 5039/5039
f 5038/5038 5033/5033 5032/5032
f 5017/5017 5025/5025 5020/5020
f 5017/5017 5020/5020 5019/5019
f 5032/5032 5031/5031 5030/5030
f 5031/5031 5032/5032 5033/5033
f 5039/5039 5032/5032 5037/5037
f 5050/5050 5055/5055 5054/5054
f 5059/5059 5060/5060 5061/5061
f 5036/5036 5032/5032 5030/5030
f 5017/5017 5007/5007 5025/5025
f 5018/5018 5017/5017 5019/5019
f 5045/5045 5035/5035 5046/5046
f 5035/5035 5047/5047 5046/5046
f 5031/5031 5035/5035 5034/5034
f 5034/5034 5035/5035 5045/5045
f 5049/5049 5050/5050 5051/5051
f 5042/5042 5043/5043 5029/5029
f 5042/5042 5048/5048 5043/5043
f 5042/5042 5029/5029 5034/5034
f 5007/5007 5017/5017 5006/5006
f 5016/5016 5006/5006 5017/5017
f 5016/5016 5015/5015 5006/5006
f 5006/5006 5015/5015 5014/5014
f 5031/5031 5034/5034 5029/5029
f 5018/5018 5016/5016 5017/5017
f 5063/5063 5067/5067 5068/5068
f 5066/5066 5063/5063 5068/5068
f 5064/5064 5063/5063 5066/5066
f 5062/5062 5063/5063 5064/5064
f 5062/5062 5064/5064 5065/5065
f 5069/5069 5072/5072 5070/5070
f 5069/5069 5070/5070 5071/5071
f 5076/5076 5077/5077 5078/5078
f 5073/5073 5074/5074 5075/5075
f 5079/5079 5080/5080 5081/5081
f 5118/5118 5117/5117 5106/5106
f 5115/5115 5106/5106 5117/5117
f 5104/5104 5103/5103 5105/5105
f 5099/5099 5103/5103 5104/5104
f 5103/5103 5099/5099 5100/5100
f 5115/5115 5100/5100 5106/5106
f 5106/5106 5100/5100 5101/5101
f 5096/5096 5101/5101 5092/5092
f 5092/5092 5101/5101 5100/5100
f 5099/5099 5083/5083 5100/5100
f 5083/5083 5092/5092 5100/5100
f 5082/5082 5092/5092 5083/5083
f 5092/5092 5094/5094 5096/5096
f 5093/5093 5092/5092 5082/5082
f 5104/5104 5116/5116 5107/5107
f 5098/5098 5099/5099 5104/5104
f 5099/5099 5084/5084 5083/5083
f 5082/5082 5083/5083 5084/5084
f 5084/5084 5099/5099 5098/5098
f 5098/5098 5104/5104 5102/5102
f 5085/5085 5082/5082 5084/5084
f 5104/5104 5107/5107 5102/5102
f 5098/5098 5102/5102 5091/5091
f 5098/5098 5091/5091 5084/5084
f 5084/5084 5091/5091 5089/5089
f 5089/5089 5091/5091 5097/5097
f 5089/5089 5097/5097 5114/5114
f 5085/5085 5084/5084 5086/5086
f 5088/5088 5085/5085 5086/5086
f 5108/5108 5089/5089 5114/5114
f 5086/5086 5084/5084 5089/5089
f 5086/5086 5089/5089 5108/5108
f 5093/5093 5094/5094 5092/5092
f 5093/5093 5095/5095 5094/5094
f 5095/5095 5093/5093 5090/5090
f 5090/5090 5093/5093 5082/5082
f 5090/5090 5082/5082 5087/5087
f 5087/5087 5082/5082 5085/5085
f 5113/5113 5095/5095 5090/5090
f 5090/5090 5109/5109 5111/5111
f 5109/5109 5090/5090 5087/5087
f 5085/5085 5109/5109 5087/5087
f 5088/5088 5109/5109 5085/5085
f 5112/5112 5109/5109 5088/5088
f 5088/5088 5086/5086 5112/5112
f 5086/5086 5108/5108 5110/5110
f 5112/5112 5086/5086 5110/5110
f 5124/5124 5126/5126 5125/5125
f 5121/5121 5124/5124 5125/5125
f 5122/5122 5124/5124 5121/5121
f 5120/5120 5122/5122 5121/5121
f 5123/5123 5122/5122 5120/5120
f 5120/5120 5119/5119 5123/5123
f 5119/5119 5120/5120 5121/5121
f 5128/5128 5127/5127 5129/5129
f 5127/5127 5123/5123 5119/5119
f 5128/5128 5123/5123 5127/5127
f 5131/5131 5138/5138 5137/5137
f 5136/5136 5131/5131 5137/5137
f 5135/5135 5131/5131 5136/5136
f 5134/5134 5131/5131 5135/5135
f 5130/5130 5131/5131 5132/5132
f 5132/5132 5131/5131 5134/5134
f 5132/5132 5133/5133 5130/5130
f 5139/5139 5130/5130 5133/5133
f 5140/5140 5141/5141 5130/5130
f 5142/5142 5141/5141 5140/5140
f 5130/5130 5139/5139 5140/5140
f 5140/5140 5139/5139 5142/5142
f 5160/5160 5162/5162 5161/5161
f 5157/5157 5160/5160 5161/5161
f 5160/5160 5157/5157 5158/5158
f 5150/5150 5159/5159 5158/5158
f 5169/5169 5171/5171 5172/5172
f 5168/5168 5169/5169 5170/5170
f 5161/5161 5163/5163 5157/5157
f 5157/5157 5150/5150 5158/5158
f 5171/5171 5169/5169 5168/5168
f 5147/5147 5150/5150 5157/5157
f 5150/5150 5151/5151 5159/5159
f 5151/5151 5150/5150 5148/5148
f 5168/5168 5170/5170 5173/5173
f 5148/5148 5150/5150 5147/5147
f 5156/5156 5153/5153 5146/5146
f 5148/5148 5147/5147 5144/5144
f 5144/5144 5147/5147 5146/5146
f 5174/5174 5168/5168 5173/5173
f 5146/5146 5147/5147 5156/5156
f 5146/5146 5145/5145 5144/5144
f 5144/5144 5143/5143 5149/5149
f 5143/5143 5144/5144 5145/5145
f 5148/5148 5144/5144 5149/5149
f 5166/5166 5164/5164 5167/5167
f 5164/5164 5166/5166 5165/5165
f 5146/5146 5152/5152 5145/5145
f 5153/5153 5152/5152 5146/5146
f 5154/5154 5152/5152 5153/5153
f 5155/5155 5152/5152 5154/5154
f 5164/5164 5165/5165 5155/5155
f 5154/5154 5164/5164 5155/5155
f 5184/5184 5183/5183 5185/5185
f 5183/5183 5184/5184 5181/5181
f 5182/5182 5183/5183 5181/5181
f 5181/5181 5180/5180 5182/5182
f 5177/5177 5180/5180 5181/5181
f 5180/5180 5177/5177 5176/5176
f 5175/5175 5176/5176 5177/5177
f 5175/5175 5177/5177 5178/5178
f 5175/5175 5178/5178 5179/5179
f 5186/5186 5178/5178 5187/5187
f 5188/5188 5179/5179 5186/5186
f 5186/5186 5179/5179 5178/5178
f 5189/5189 5192/5192 5190/5190
f 5197/5197 5190/5190 5198/5198
f 5190/5190 5197/5197 5194/5194
f 5199/5199 5197/5197 5198/5198
f 5189/5189 5190/5190 5191/5191
f 5193/5193 5189/5189 5191/5191
f 5190/5190 5193/5193 5191/5191
f 5193/5193 5196/5196 5189/5189
f 5189/5189 5196/5196 5200/5200
f 5194/5194 5193/5193 5190/5190
f 5195/5195 5193/5193 5194/5194
f 5203/5203 5204/5204 5201/5201
f 5201/5201 5202/5202 5203/5203
f 5202/5202 5201/5201 5205/5205
f 5213/5213 5212/5212 5214/5214
f 5211/5211 5213/5213 5215/5215
f 5211/5211 5212/5212 5213/5213
f 5206/5206 5207/5207 5208/5208
f 5208/5208 5209/5209 5206/5206
f 5215/5215 5216/5216 5211/5211
f 5208/5208 5207/5207 5210/5210
f 5219/5219 5218/5218 5220/5220
f 5217/5217 5218/5218 5219/5219
f 5217/5217 5221/5221 5218/5218
f 5222/5222 5221/5221 5217/5217
f 5226/5226 5227/5227 5228/5228
f 5223/5223 5224/5224 5225/5225
f 5229/5229 5230/5230 5231/5231
f 5232/5232 5233/5233 5234/5234
f 5233/5233 5237/5237 5234/5234
f 5233/5233 5232/5232 5236/5236
f 5235/5235 5232/5232 5234/5234
f 5239/5239 5238/5238 5241/5241
f 5238/5238 5239/5239 5240/5240
f 5239/5239 5242/5242 5240/5240
f 5246/5246 5244/5244 5243/5243
f 5243/5243 5244/5244 5245/5245
f 5251/5251 5253/5253 5256/5256
f 5251/5251 5252/5252 5253/5253
f 5247/5247 5248/5248 5249/5249
f 5254/5254 5251/5251 5255/5255
f 5252/5252 5251/5251 5254/5254
f 5248/5248 5250/5250 5249/5249
f 5262/5262 5260/5260 5263/5263
f 5262/5262 5261/5261 5260/5260
f 5260/5260 5261/5261 5259/5259
f 5258/5258 5260/5260 5259/5259
f 5257/5257 5258/5258 5259/5259
f 5274/5274 5271/5271 5273/5273
f 5271/5271 5272/5272 5273/5273
f 5258/5258 5269/5269 5260/5260
f 5265/5265 5258/5258 5257/5257
f 5258/5258 5265/5265 5269/5269
f 5268/5268 5264/5264 5261/5261
f 5257/5257 5264/5264 5268/5268
f 5275/5275 5276/5276 5277/5277
f 5257/5257 5259/5259 5264/5264
f 5266/5266 5257/5257 5270/5270
f 5257/5257 5266/5266 5265/5265
f 5266/5266 5267/5267 5265/5265
f 5287/5287 5291/5291 5290/5290
f 5291/5291 5287/5287 5292/5292
f 5292/5292 5287/5287 5288/5288
f 5285/5285 5292/5292 5288/5288
f 5286/5286 5288/5288 5287/5287
f 5280/5280 5290/5290 5293/5293
f 5290/5290 5289/5289 5287/5287
f 5280/5280 5289/5289 5290/5290
f 5289/5289 5279/5279 5287/5287
f 5283/5283 5286/5286 5279/5279
f 5294/5294 5295/5295 5296/5296
f 5286/5286 5287/5287 5279/5279
f 5280/5280 5279/5279 5289/5289
f 5278/5278 5279/5279 5280/5280
f 5281/5281 5279/5279 5278/5278
f 5284/5284 5285/5285 5283/5283
f 5282/5282 5283/5283 5279/5279
f 5284/5284 5283/5283 5282/5282
f 5282/5282 5279/5279 5281/5281
f 5299/5299 5303/5303 5301/5301
f 5299/5299 5301/5301 5297/5297
f 5300/5300 5298/5298 5304/5304
f 5298/5298 5300/5300 5299/5299
f 5302/5302 5301/5301 5311/5311
f 5297/5297 5302/5302 5310/5310
f 5302/5302 5297/5297 5301/5301
f 5309/5309 5297/5297 5313/5313
f 5297/5297 5298/5298 5299/5299
f 5297/5297 5310/5310 5313/5313
f 5298/5298 5297/5297 5309/5309
f 5298/5298 5309/5309 5304/5304
f 5307/5307 5304/5304 5309/5309
f 5302/5302 5311/5311 5312/5312
f 5308/5308 5306/5306 5305/5305
f 5304/5304 5305/5305 5300/5300
f 5307/5307 5305/5305 5304/5304
f 5300/5300 5305/5305 5306/5306
f 5316/5316 5317/5317 5318/5318
f 5317/5317 5316/5316 5315/5315
f 5314/5314 5315/5315 5316/5316
f 5322/5322 5323/5323 5324/5324
f 5319/5319 5320/5320 5321/5321
f 5325/5325 5327/5327 5328/5328
f 5325/5325 5326/5326 5327/5327
f 5332/5332 5333/5333 5334/5334
f 5329/5329 5330/5330 5331/5331
f 5332/5332 5335/5335 5333/5333
f 5337/5337 5336/5336 5339/5339
f 5336/5336 5337/5337 5338/5338
f 5337/5337 5340/5340 5338/5338
f 5344/5344 5341/5341 5343/5343
f 5341/5341 5342/5342 5343/5343
f 5342/5342 5341/5341 5345/5345
f 5342/5342 5345/5345 5346/5346
f 5355/5355 5357/5357 5356/5356
f 5350/5350 5348/5348 5351/5351
f 5348/5348 5350/5350 5349/5349
f 5347/5347 5348/5348 5349/5349
f 5352/5352 5351/5351 5353/5353
f 5351/5351 5352/5352 5350/5350
f 5352/5352 5353/5353 5358/5358
f 5349/5349 5354/5354 5347/5347
f 5347/5347 5355/5355 5356/5356
f 5355/5355 5347/5347 5354/5354
f 5359/5359 5360/5360 5361/5361
f 5368/5368 5366/5366 5367/5367
f 5370/5370 5367/5367 5362/5362
f 5362/5362 5367/5367 5366/5366
f 5362/5362 5366/5366 5363/5363
f 5362/5362 5363/5363 5364/5364
f 5369/5369 5370/5370 5362/5362
f 5365/5365 5369/5369 5362/5362
f 5364/5364 5365/5365 5362/5362
f 5369/5369 5365/5365 5371/5371
f 5365/5365 5372/5372 5371/5371
f 5433/5433 5435/5435 5434/5434
f 5433/5433 5437/5437 5435/5435
f 5436/5436 5429/5429 5434/5434
f 5434/5434 5429/5429 5433/5433
f 5432/5432 5433/5433 5429/5429
f 5384/5384 5429/5429 5417/5417
f 5384/5384 5432/5432 5429/5429
f 5416/5416 5417/5417 5430/5430
f 5383/5383 5417/5417 5416/5416
f 5417/5417 5383/5383 5384/5384
f 5387/5387 5383/5383 5416/5416
f 5394/5394 5418/5418 5397/5397
f 5419/5419 5418/5418 5420/5420
f 5386/5386 5394/5394 5393/5393
f 5386/5386 5395/5395 5394/5394
f 5396/5396 5395/5395 5386/5386
f 5396/5396 5386/5386 5399/5399
f 5387/5387 5382/5382 5380/5380
f 5433/5433 5431/5431 5425/5425
f 5426/5426 5425/5425 5431/5431
f 5432/5432 5431/5431 5433/5433
f 5426/5426 5431/5431 5388/5388
f 5390/5390 5432/5432 5384/5384
f 5431/5431 5432/5432 5390/5390
f 5388/5388 5431/5431 5390/5390
f 5381/5381 5384/5384 5383/5383
f 5381/5381 5390/5390 5384/5384
f 5381/5381 5388/5388 5390/5390
f 5380/5380 5381/5381 5383/5383
f 5380/5380 5383/5383 5387/5387
f 5392/5392 5393/5393 5397/5397
f 5393/5393 5392/5392 5377/5377
f 5374/5374 5377/5377 5392/5392
f 5374/5374 5392/5392 5391/5391
f 5376/5376 5374/5374 5373/5373
f 5375/5375 5374/5374 5391/5391
f 5373/5373 5374/5374 5375/5375
f 5378/5378 5376/5376 5373/5373
f 5402/5402 5415/5415 5404/5404
f 5402/5402 5378/5378 5401/5401
f 5373/5373 5375/5375 5379/5379
f 5379/5379 5378/5378 5373/5373
f 5400/5400 5378/5378 5379/5379
f 5378/5378 5400/5400 5401/5401
f 5392/5392 5397/5397 5427/5427
f 5392/5392 5427/5427 5389/5389
f 5391/5391 5392/5392 5389/5389
f 5379/5379 5375/5375 5380/5380
f 5379/5379 5380/5380 5382/5382
f 5397/5397 5419/5419 5427/5427
f 5397/5397 5418/5418 5419/5419
f 5407/5407 5385/5385 5405/5405
f 5404/5404 5403/5403 5402/5402
f 5409/5409 5403/5403 5408/5408
f 5408/5408 5403/5403 5404/5404
f 5393/5393 5394/5394 5397/5397
f 5386/5386 5393/5393 5377/5377
f 5386/5386 5377/5377 5385/5385
f 5399/5399 5386/5386 5398/5398
f 5385/5385 5398/5398 5386/5386
f 5376/5376 5377/5377 5374/5374
f 5385/5385 5377/5377 5376/5376
f 5405/5405 5385/5385 5403/5403
f 5385/5385 5376/5376 5402/5402
f 5403/5403 5385/5385 5402/5402
f 5402/5402 5376/5376 5378/5378
f 5423/5423 5421/5421 5424/5424
f 5427/5427 5419/5419 5422/5422
f 5421/5421 5419/5419 5420/5420
f 5419/5419 5421/5421 5422/5422
f 5422/5422 5423/5423 5428/5428
f 5427/5427 5422/5422 5428/5428
f 5421/5421 5423/5423 5422/5422
f 5423/5423 5425/5425 5426/5426
f 5424/5424 5425/5425 5423/5423
f 5423/5423 5426/5426 5428/5428
f 5389/5389 5427/5427 5428/5428
f 5388/5388 5428/5428 5426/5426
f 5428/5428 5388/5388 5389/5389
f 5375/5375 5391/5391 5389/5389
f 5375/5375 5388/5388 5381/5381
f 5375/5375 5389/5389 5388/5388
f 5380/5380 5375/5375 5381/5381
f 5414/5414 5412/5412 5413/5413
f 5382/5382 5413/5413 5412/5412
f 5411/5411 5379/5379 5382/5382
f 5411/5411 5382/5382 5412/5412
f 5400/5400 5379/5379 5411/5411
f 5415/5415 5402/5402 5401/5401
f 5398/5398 5385/5385 5407/5407
f 5407/5407 5405/5405 5406/5406
f 5403/5403 5406/5406 5405/5405
f 5409/5409 5410/5410 5403/5403
f 5446/5446 5447/5447 5439/5439
f 5449/5449 5450/5450 5451/5451
f 5446/5446 5439/5439 5445/5445
f 5445/5445 5439/5439 5441/5441
f 5438/5438 5439/5439 5440/5440
f 5439/5439 5438/5438 5441/5441
f 5442/5442 5438/5438 5440/5440
f 5443/5443 5438/5438 5442/5442
f 5444/5444 5438/5438 5443/5443
f 5448/5448 5438/5438 5444/5444
f 5451/5451 5452/5452 5449/5449
f 5466/5466 5467/5467 5464/5464
f 5463/5463 5466/5466 5464/5464
f 5461/5461 5463/5463 5464/5464
f 5463/5463 5461/5461 5462/5462
f 5482/5482 5468/5468 5465/5465
f 5461/5461 5464/5464 5465/5465
f 5468/5468 5461/5461 5465/5465
f 5457/5457 5462/5462 5461/5461
f 5457/5457 5461/5461 5458/5458
f 5461/5461 5469/5469 5458/5458
f 5469/5469 5461/5461 5468/5468
f 5457/5457 5458/5458 5454/5454
f 5454/5454 5458/5458 5469/5469
f 5471/5471 5469/5469 5468/5468
f 5470/5470 5469/5469 5471/5471
f 5470/5470 5454/5454 5469/5469
f 5454/5454 5470/5470 5455/5455
f 5456/5456 5457/5457 5454/5454
f 5456/5456 5454/5454 5453/5453
f 5480/5480 5470/5470 5481/5481
f 5455/5455 5470/5470 5480/5480
f 5453/5453 5454/5454 5455/5455
f 5459/5459 5456/5456 5453/5453
f 5453/5453 5455/5455 5472/5472
f 5459/5459 5453/5453 5460/5460
f 5453/5453 5472/5472 5460/5460
f 5473/5473 5474/5474 5460/5460
f 5472/5472 5473/5473 5460/5460
f 5474/5474 5459/5459 5460/5460
f 5475/5475 5474/5474 5473/5473
f 5476/5476 5475/5475 5473/5473
f 5477/5477 5475/5475 5476/5476
f 5479/5479 5484/5484 5477/5477
f 5477/5477 5476/5476 5478/5478
f 5479/5479 5477/5477 5478/5478
f 5484/5484 5479/5479 5485/5485
f 5483/5483 5479/5479 5478/5478
f 5487/5487 5489/5489 5490/5490
f 5491/5491 5487/5487 5490/5490
f 5487/5487 5486/5486 5489/5489
f 5489/5489 5486/5486 5492/5492
f 5486/5486 5493/5493 5492/5492
f 5497/5497 5494/5494 5491/5491
f 5486/5486 5487/5487 5488/5488
f 5494/5494 5487/5487 5491/5491
f 5494/5494 5488/5488 5487/5487
f 5498/5498 5495/5495 5488/5488
f 5499/5499 5500/5500 5501/5501
f 5495/5495 5486/5486 5488/5488
f 5496/5496 5486/5486 5495/5495
f 5504/5504 5503/5503 5505/5505
f 5502/5502 5503/5503 5504/5504
f 5506/5506 5507/5507 5508/5508
f 5510/5510 5506/5506 5508/5508
f 5509/5509 5507/5507 5506/5506
f 5539/5539 5536/5536 5537/5537
f 5537/5537 5536/5536 5535/5535
f 5535/5535 5538/5538 5537/5537
f 5540/5540 5535/5535 5532/5532
f 5528/5528 5532/5532 5535/5535
f 5532/5532 5528/5528 5529/5529
f 5529/5529 5531/5531 5532/5532
f 5531/5531 5529/5529 5530/5530
f 5522/5522 5530/5530 5529/5529
f 5527/5527 5520/5520 5522/5522
f 5523/5523 5522/5522 5521/5521
f 5521/5521 5520/5520 5524/5524
f 5520/5520 5521/5521 5522/5522
f 5528/5528 5527/5527 5522/5522
f 5535/5535 5536/5536 5528/5528
f 5529/5529 5528/5528 5522/5522
f 5517/5517 5519/5519 5518/5518
f 5511/5511 5512/5512 5513/5513
f 5526/5526 5525/5525 5524/5524
f 5533/5533 5525/5525 5526/5526
f 5533/5533 5534/5534 5525/5525
f 5515/5515 5517/5517 5518/5518
f 5514/5514 5517/5517 5515/5515
f 5521/5521 5524/5524 5525/5525
f 5514/5514 5515/5515 5516/5516
f 5556/5556 5547/5547 5553/5553
f 5547/5547 5556/5556 5548/5548
f 5547/5547 5549/5549 5553/5553
f 5549/5549 5547/5547 5546/5546
f 5546/5546 5550/5550 5549/5549
f 5544/5544 5547/5547 5548/5548
f 5541/5541 5543/5543 5544/5544
f 5546/5546 5547/5547 5544/5544
f 5543/5543 5546/5546 5544/5544
f 5545/5545 5543/5543 5542/5542
f 5550/5550 5546/5546 5551/5551
f 5552/5552 5551/5551 5546/5546
f 5552/5552 5554/5554 5551/5551
f 5569/5569 5570/5570 5571/5571
f 5555/5555 5550/5550 5551/5551
f 5565/5565 5568/5568 5560/5560
f 5541/5541 5542/5542 5543/5543
f 5551/5551 5554/5554 5555/5555
f 5554/5554 5557/5557 5555/5555
f 5558/5558 5557/5557 5554/5554
f 5560/5560 5563/5563 5565/5565
f 5562/5562 5563/5563 5560/5560
f 5563/5563 5564/5564 5566/5566
f 5564/5564 5563/5563 5562/5562
f 5557/5557 5558/5558 5559/5559
f 5560/5560 5568/5568 5557/5557
f 5557/5557 5559/5559 5560/5560
f 5560/5560 5561/5561 5562/5562
f 5561/5561 5560/5560 5559/5559
f 5561/5561 5559/5559 5567/5567
f 5576/5576 5577/5577 5578/5578
f 5573/5573 5575/5575 5574/5574
f 5572/5572 5573/5573 5574/5574
f 5582/5582 5588/5588 5589/5589
f 5584/5584 5590/5590 5591/5591
f 5581/5581 5592/5592 5590/5590
f 5590/5590 5584/5584 5581/5581
f 5581/5581 5584/5584 5583/5583
f 5583/5583 5584/5584 5586/5586
f 5587/5587 5585/5585 5583/5583
f 5587/5587 5583/5583 5586/5586
f 5580/5580 5582/5582 5581/5581
f 5582/5582 5580/5580 5588/5588
f 5579/5579 5580/5580 5581/5581
f 5581/5581 5583/5583 5579/5579
f 5585/5585 5579/5579 5583/5583
f 5597/5597 5604/5604 5596/5596
f 5598/5598 5597/5597 5593/5593
f 5593/5593 5597/5597 5596/5596
f 5598/5598 5593/5593 5599/5599
f 5599/5599 5593/5593 5600/5600
f 5601/5601 5600/5600 5593/5593
f 5601/5601 5602/5602 5600/5600
f 5596/5596 5594/5594 5593/5593
f 5596/5596 5605/5605 5594/5594
f 5593/5593 5594/5594 5595/5595
f 5601/5601 5603/5603 5602/5602
f 5606/5606 5593/5593 5595/5595
f 5607/5607 5608/5608 5609/5609
f 5615/5615 5613/5613 5611/5611
f 5613/5613 5615/5615 5616/5616
f 5617/5617 5611/5611 5610/5610
f 5610/5610 5611/5611 5612/5612
f 5611/5611 5617/5617 5615/5615
f 5611/5611 5613/5613 5612/5612
f 5623/5623 5613/5613 5624/5624
f 5613/5613 5616/5616 5625/5625
f 5613/5613 5623/5623 5612/5612
f 5618/5618 5610/5610 5614/5614
f 5621/5621 5618/5618 5614/5614
f 5614/5614 5620/5620 5621/5621
f 5619/5619 5614/5614 5612/5612
f 5620/5620 5614/5614 5619/5619
f 5614/5614 5610/5610 5612/5612
f 5623/5623 5619/5619 5612/5612
f 5626/5626 5624/5624 5613/5613
f 5625/5625 5626/5626 5613/5613
f 5618/5618 5621/5621 5622/5622
f 5622/5622 5621/5621 5620/5620
f 5643/5643 5642/5642 5635/5635
f 5644/5644 5643/5643 5635/5635
f 5644/5644 5635/5635 5665/5665
f 5657/5657 5643/5643 5656/5656
f 5656/5656 5643/5643 5644/5644
f 5658/5658 5659/5659 5660/5660
f 5657/5657 5659/5659 5658/5658
f 5657/5657 5658/5658 5643/5643
f 5661/5661 5659/5659 5657/5657
f 5662/5662 5661/5661 5657/5657
f 5657/5657 5663/5663 5662/5662
f 5662/5662 5666/5666 5661/5661
f 5642/5642 5637/5637 5635/5635
f 5635/5635 5637/5637 5636/5636
f 5636/5636 5637/5637 5638/5638
f 5636/5636 5638/5638 5639/5639
f 5636/5636 5633/5633 5635/5635
f 5639/5639 5641/5641 5640/5640
f 5640/5640 5641/5641 5645/5645
f 5645/5645 5641/5641 5646/5646
f 5679/5679 5678/5678 5680/5680
f 5639/5639 5640/5640 5636/5636
f 5634/5634 5665/5665 5635/5635
f 5634/5634 5635/5635 5633/5633
f 5677/5677 5678/5678 5679/5679
f 5634/5634 5633/5633 5632/5632
f 5631/5631 5632/5632 5633/5633
f 5646/5646 5641/5641 5647/5647
f 5649/5649 5647/5647 5650/5650
f 5646/5646 5647/5647 5648/5648
f 5651/5651 5646/5646 5648/5648
f 5648/5648 5647/5647 5649/5649
f 5652/5652 5650/5650 5653/5653
f 5652/5652 5649/5649 5650/5650
f 5649/5649 5651/5651 5648/5648
f 5676/5676 5645/5645 5646/5646
f 5676/5676 5646/5646 5651/5651
f 5652/5652 5653/5653 5654/5654
f 5654/5654 5653/5653 5655/5655
f 5669/5669 5664/5664 5653/5653
f 5655/5655 5653/5653 5664/5664
f 5655/5655 5664/5664 5667/5667
f 5668/5668 5667/5667 5664/5664
f 5670/5670 5655/5655 5667/5667
f 5671/5671 5655/5655 5670/5670
f 5670/5670 5667/5667 5672/5672
f 5672/5672 5673/5673 5670/5670
f 5673/5673 5672/5672 5674/5674
f 5674/5674 5672/5672 5675/5675
f 5630/5630 5628/5628 5627/5627
f 5627/5627 5628/5628 5629/5629
f 5682/5682 5687/5687 5686/5686
f 5686/5686 5687/5687 5690/5690
f 5683/5683 5682/5682 5686/5686
f 5681/5681 5682/5682 5683/5683
f 5682/5682 5681/5681 5684/5684
f 5684/5684 5681/5681 5685/5685
f 5683/5683 5686/5686 5688/5688
f 5689/5689 5683/5683 5688/5688
f 5692/5692 5693/5693 5685/5685
f 5693/5693 5692/5692 5694/5694
f 5692/5692 5685/5685 5681/5681
f 5683/5683 5692/5692 5681/5681
f 5692/5692 5683/5683 5691/5691
f 5689/5689 5691/5691 5683/5683
f 5695/5695 5696/5696 5697/5697
f 5705/5705 5706/5706 5704/5704
f 5707/5707 5704/5704 5706/5706
f 5698/5698 5703/5703 5702/5702
f 5698/5698 5702/5702 5701/5701
f 5698/5698 5701/5701 5699/5699
f 5698/5698 5699/5699 5700/5700
f 5699/5699 5704/5704 5700/5700
f 5705/5705 5704/5704 5699/5699
f 5710/5710 5711/5711 5698/5698
f 5710/5710 5698/5698 5709/5709
f 5698/5698 5708/5708 5709/5709
f 5708/5708 5698/5698 5700/5700
f 5707/5707 5706/5706 5712/5712
f 5716/5716 5717/5717 5718/5718
f 5713/5713 5714/5714 5715/5715
f 5719/5719 5720/5720 5721/5721
f 5719/5719 5722/5722 5720/5720
f 5723/5723 5724/5724 5725/5725
f 5728/5728 5729/5729 5724/5724
f 5730/5730 5728/5728 5724/5724
f 5726/5726 5724/5724 5723/5723
f 5724/5724 5726/5726 5730/5730
f 5723/5723 5725/5725 5727/5727
f 5757/5757 5755/5755 5754/5754
f 5757/5757 5754/5754 5758/5758
f 5745/5745 5754/5754 5755/5755
f 5735/5735 5754/5754 5745/5745
f 5756/5756 5754/5754 5735/5735
f 5733/5733 5735/5735 5745/5745
f 5731/5731 5732/5732 5733/5733
f 5733/5733 5732/5732 5735/5735
f 5746/5746 5733/5733 5745/5745
f 5747/5747 5733/5733 5746/5746
f 5753/5753 5733/5733 5747/5747
f 5748/5748 5746/5746 5749/5749
f 5748/5748 5747/5747 5746/5746
f 5747/5747 5748/5748 5750/5750
f 5751/5751 5750/5750 5748/5748
f 5752/5752 5751/5751 5748/5748
f 5762/5762 5766/5766 5763/5763
f 5734/5734 5738/5738 5732/5732
f 5734/5734 5731/5731 5736/5736
f 5731/5731 5734/5734 5732/5732
f 5732/5732 5740/5740 5741/5741
f 5761/5761 5763/5763 5764/5764
f 5761/5761 5762/5762 5763/5763
f 5740/5740 5732/5732 5738/5738
f 5742/5742 5740/5740 5738/5738
f 5765/5765 5762/5762 5761/5761
f 5768/5768 5762/5762 5765/5765
f 5765/5765 5767/5767 5768/5768
f 5767/5767 5769/5769 5768/5768
f 5767/5767 5770/5770 5769/5769
f 5738/5738 5739/5739 5742/5742
f 5770/5770 5771/5771 5769/5769
f 5739/5739 5734/5734 5737/5737
f 5739/5739 5743/5743 5742/5742
f 5737/5737 5734/5734 5736/5736
f 5744/5744 5743/5743 5739/5739
f 5744/5744 5739/5739 5737/5737
f 5759/5759 5744/5744 5737/5737
f 5744/5744 5759/5759 5760/5760
f 5775/5775 5776/5776 5777/5777
f 5778/5778 5776/5776 5775/5775
f 5772/5772 5773/5773 5774/5774
f 5775/5775 5777/5777 5779/5779
f 5781/5781 5783/5783 5782/5782
f 5785/5785 5782/5782 5789/5789
f 5785/5785 5780/5780 5782/5782
f 5787/5787 5788/5788 5781/5781
f 5781/5781 5786/5786 5787/5787
f 5780/5780 5781/5781 5782/5782
f 5780/5780 5784/5784 5781/5781
f 5781/5781 5784/5784 5786/5786
f 5792/5792 5801/5801 5793/5793
f 5793/5793 5790/5790 5792/5792
f 5790/5790 5791/5791 5792/5792
f 5798/5798 5800/5800 5799/5799
f 5793/5793 5795/5795 5790/5790
f 5796/5796 5798/5798 5797/5797
f 5797/5797 5790/5790 5796/5796
f 5796/5796 5790/5790 5795/5795
f 5798/5798 5799/5799 5797/5797
f 5809/5809 5808/5808 5811/5811
f 5803/5803 5807/5807 5804/5804
f 5804/5804 5807/5807 5806/5806
f 5804/5804 5806/5806 5805/5805
f 5804/5804 5805/5805 5794/5794
f 5794/5794 5792/5792 5791/5791
f 5804/5804 5794/5794 5803/5803
f 5802/5802 5803/5803 5794/5794
f 5794/5794 5791/5791 5802/5802
f 5808/5808 5809/5809 5810/5810
f 5818/5818 5828/5828 5835/5835
f 5818/5818 5827/5827 5828/5828
f 5827/5827 5818/5818 5817/5817
f 5816/5816 5817/5817 5818/5818
f 5819/5819 5816/5816 5818/5818
f 5819/5819 5818/5818 5834/5834
f 5813/5813 5833/5833 5817/5817
f 5815/5815 5833/5833 5813/5813
f 5832/5832 5816/5816 5819/5819
f 5845/5845 5846/5846 5847/5847
f 5816/5816 5813/5813 5817/5817
f 5814/5814 5813/5813 5816/5816
f 5829/5829 5814/5814 5820/5820
f 5820/5820 5816/5816 5821/5821
f 5816/5816 5820/5820 5814/5814
f 5812/5812 5822/5822 5815/5815
f 5812/5812 5815/5815 5813/5813
f 5812/5812 5813/5813 5814/5814
f 5831/5831 5812/5812 5814/5814
f 5831/5831 5824/5824 5812/5812
f 5831/5831 5814/5814 5842/5842
f 5842/5842 5814/5814 5829/5829
f 5823/5823 5822/5822 5812/5812
f 5823/5823 5825/5825 5822/5822
f 5824/5824 5823/5823 5812/5812
f 5844/5844 5824/5824 5831/5831
f 5830/5830 5824/5824 5844/5844
f 5824/5824 5830/5830 5823/5823
f 5840/5840 5830/5830 5841/5841
f 5826/5826 5825/5825 5823/5823
f 5823/5823 5839/5839 5826/5826
f 5836/5836 5823/5823 5830/5830
f 5823/5823 5836/5836 5839/5839
f 5837/5837 5830/5830 5840/5840
f 5836/5836 5830/5830 5837/5837
f 5843/5843 5839/5839 5836/5836
f 5838/5838 5836/5836 5837/5837
f 5869/5869 5863/5863 5867/5867
f 5863/5863 5869/5869 5872/5872
f 5870/5870 5869/5869 5867/5867
f 5871/5871 5869/5869 5870/5870
f 5870/5870 5873/5873 5871/5871
f 5862/5862 5867/5867 5863/5863
f 5863/5863 5858/5858 5862/5862
f 5862/5862 5858/5858 5860/5860
f 5858/5858 5859/5859 5860/5860
f 5855/5855 5860/5860 5859/5859
f 5866/5866 5860/5860 5855/5855
f 5859/5859 5861/5861 5855/5855
f 5854/5854 5855/5855 5861/5861
f 5852/5852 5855/5855 5854/5854
f 5866/5866 5862/5862 5860/5860
f 5867/5867 5862/5862 5868/5868
f 5864/5864 5854/5854 5861/5861
f 5854/5854 5864/5864 5865/5865
f 5852/5852 5854/5854 5850/5850
f 5852/5852 5850/5850 5851/5851
f 5850/5850 5854/5854 5865/5865
f 5850/5850 5849/5849 5851/5851
f 5848/5848 5849/5849 5850/5850
f 5849/5849 5848/5848 5853/5853
f 5853/5853 5856/5856 5849/5849
f 5856/5856 5853/5853 5857/5857
f 5879/5879 5875/5875 5874/5874
f 5874/5874 5875/5875 5876/5876
f 5876/5876 5877/5877 5874/5874
f 5880/5880 5877/5877 5876/5876
f 5879/5879 5878/5878 5875/5875
f 5875/5875 5878/5878 5876/5876
f 5876/5876 5878/5878 5880/5880
f 5886/5886 5888/5888 5901/5901
f 5887/5887 5886/5886 5892/5892
f 5886/5886 5884/5884 5888/5888
f 5882/5882 5884/5884 5886/5886
f 5882/5882 5886/5886 5887/5887
f 5882/5882 5881/5881 5884/5884
f 5883/5883 5905/5905 5881/5881
f 5883/5883 5882/5882 5885/5885
f 5881/5881 5882/5882 5883/5883
f 5903/5903 5899/5899 5901/5901
f 5902/5902 5901/5901 5888/5888
f 5901/5901 5902/5902 5903/5903
f 5898/5898 5894/5894 5897/5897
f 5896/5896 5893/5893 5890/5890
f 5898/5898 5906/5906 5894/5894
f 5894/5894 5891/5891 5895/5895
f 5895/5895 5897/5897 5894/5894
f 5904/5904 5895/5895 5891/5891
f 5889/5889 5905/5905 5883/5883
f 5883/5883 5885/5885 5889/5889
f 5907/5907 5909/5909 5910/5910
f 5907/5907 5908/5908 5909/5909
f 5889/5889 5890/5890 5893/5893
f 5890/5890 5889/5889 5885/5885
f 5890/5890 5885/5885 5891/5891
f 5890/5890 5891/5891 5894/5894
f 5892/5892 5886/5886 5899/5899
f 5900/5900 5892/5892 5899/5899
f 5899/5899 5886/5886 5901/5901
f 5911/5911 5912/5912 5913/5913
f 5915/5915 5916/5916 5917/5917
f 5913/5913 5912/5912 5914/5914
f 5920/5920 5922/5922 5921/5921
f 5925/5925 5920/5920 5923/5923
f 5920/5920 5919/5919 5923/5923
f 5918/5918 5919/5919 5920/5920
f 5921/5921 5918/5918 5920/5920
f 5926/5926 5927/5927 5928/5928
f 5919/5919 5924/5924 5923/5923
f 5929/5929 5930/5930 5931/5931
f 5936/5936 5934/5934 5933/5933
f 5931/5931 5930/5930 5932/5932
f 5934/5934 5937/5937 5935/5935
f 5933/5933 5934/5934 5935/5935
f 5935/5935 5937/5937 5938/5938
f 5939/5939 5940/5940 5941/5941
f 5935/5935 5938/5938 5933/5933
f 5944/5944 5945/5945 5942/5942
f 5942/5942 5945/5945 5947/5947
f 5946/5946 5943/5943 5942/5942
f 5943/5943 5946/5946 5948/5948
f 5942/5942 5943/5943 5944/5944
f 5949/5949 5950/5950 5951/5951
f 5976/5976 5965/5965 5967/5967
f 5976/5976 5975/5975 5965/5965
f 5975/5975 5969/5969 5962/5962
f 5975/5975 5962/5962 5965/5965
f 5972/5972 5973/5973 5974/5974
f 5971/5971 5973/5973 5972/5972
f 5971/5971 5972/5972 5970/5970
f 5971/5971 5970/5970 5968/5968
f 5960/5960 5970/5970 5972/5972
f 5960/5960 5961/5961 5970/5970
f 5958/5958 5959/5959 5960/5960
f 5959/5959 5958/5958 5953/5953
f 5959/5959 5953/5953 5961/5961
f 5953/5953 5958/5958 5954/5954
f 5970/5970 5963/5963 5968/5968
f 5981/5981 5982/5982 5983/5983
f 5953/5953 5970/5970 5961/5961
f 5952/5952 5953/5953 5954/5954
f 5957/5957 5952/5952 5956/5956
f 5955/5955 5952/5952 5954/5954
f 5952/5952 5955/5955 5956/5956
f 5969/5969 5968/5968 5962/5962
f 5964/5964 5965/5965 5962/5962
f 5963/5963 5962/5962 5968/5968
f 5962/5962 5963/5963 5964/5964
f 5967/5967 5965/5965 5966/5966
f 5964/5964 5966/5966 5965/5965
f 5966/5966 5964/5964 5977/5977
f 5977/5977 5964/5964 5978/5978
f 5964/5964 5979/5979 5978/5978
f 5978/5978 5979/5979 5980/5980
f 5996/5996 5997/5997 5993/5993
f 5999/5999 5996/5996 5998/5998
f 5995/5995 5998/5998 5996/5996
f 6000/6000 6001/6001 6002/6002
f 5993/5993 5995/5995 5996/5996
f 5995/5995 5993/5993 5985/5985
f 5984/5984 5985/5985 5986/5986
f 5984/5984 5987/5987 5988/5988
f 5987/5987 5984/5984 5986/5986
f 5989/5989 5988/5988 5987/5987
f 5990/5990 5989/5989 5987/5987
f 5991/5991 5989/5989 5990/5990
f 5994/5994 5992/5992 5991/5991
f 5992/5992 5989/5989 5991/5991
f 5986/5986 5985/5985 5993/5993
f 6006/6006 6007/6007 6013/6013
f 6012/6012 6003/6003 6011/6011
f 6003/6003 6004/6004 6005/6005
f 6003/6003 6012/6012 6009/6009
f 6004/6004 6003/6003 6009/6009
f 6007/6007 6005/6005 6008/6008
f 6018/6018 6015/6015 6021/6021
f 6015/6015 6005/6005 6004/6004
f 6016/6016 6005/6005 6015/6015
f 6017/6017 6019/6019 6005/6005
f 6005/6005 6016/6016 6017/6017
f 6016/6016 6015/6015 6018/6018
f 6020/6020 6005/6005 6019/6019
f 6014/6014 6006/6006 6013/6013
f 6010/6010 6006/6006 6014/6014
f 6003/6003 6006/6006 6010/6010
f 6006/6006 6003/6003 6005/6005
f 6011/6011 6003/6003 6010/6010
f 6005/6005 6007/6007 6006/6006
f 6040/6040 6041/6041 6036/6036
f 6036/6036 6037/6037 6035/6035
f 6039/6039 6040/6040 6036/6036
f 6039/6039 6036/6036 6038/6038
f 6036/6036 6033/6033 6038/6038
f 6033/6033 6036/6036 6035/6035
f 6033/6033 6035/6035 6034/6034
f 6042/6042 6038/6038 6033/6033
f 6031/6031 6032/6032 6033/6033
f 6022/6022 6023/6023 6024/6024
f 6023/6023 6022/6022 6025/6025
f 6022/6022 6026/6026 6025/6025
f 6027/6027 6026/6026 6022/6022
f 6026/6026 6027/6027 6030/6030
f 6028/6028 6029/6029 6027/6027
f 6028/6028 6027/6027 6022/6022
f 6033/6033 6034/6034 6031/6031
f 6056/6056 6045/6045 6055/6055
f 6057/6057 6054/6054 6053/6053
f 6047/6047 6053/6053 6054/6054
f 6046/6046 6043/6043 6045/6045
f 6046/6046 6053/6053 6047/6047
f 6043/6043 6046/6046 6047/6047
f 6045/6045 6044/6044 6055/6055
f 6043/6043 6044/6044 6045/6045
f 6048/6048 6044/6044 6043/6043
f 6048/6048 6049/6049 6044/6044
f 6048/6048 6050/6050 6049/6049
f 6050/6050 6051/6051 6049/6049
f 6052/6052 6051/6051 6050/6050
f 6058/6058 6059/6059 6060/6060
f 6060/6060 6061/6061 6058/6058
f 6062/6062 6063/6063 6064/6064
f 6063/6063 6065/6065 6064/6064
f 6066/6066 6067/6067 6068/6068
f 6074/6074 6073/6073 6070/6070
f 6073/6073 6071/6071 6070/6070
f 6071/6071 6073/6073 6075/6075
f 6069/6069 6070/6070 6071/6071
f 6072/6072 6077/6077 6076/6076
f 6070/6070 6069/6069 6072/6072
f 6076/6076 6070/6070 6072/6072
f 6095/6095 6096/6096 6083/6083
f 6092/6092 6083/6083 6081/6081
f 6083/6083 6092/6092 6095/6095
f 6083/6083 6082/6082 6081/6081
f 6082/6082 6083/6083 6085/6085
f 6092/6092 6081/6081 6094/6094
f 6080/6080 6094/6094 6081/6081
f 6093/6093 6094/6094 6080/6080
f 6079/6079 6090/6090 6080/6080
f 6080/6080 6090/6090 6093/6093
f 6080/6080 6081/6081 6078/6078
f 6078/6078 6081/6081 6082/6082
f 6078/6078 6079/6079 6080/6080
f 6079/6079 6078/6078 6084/6084
f 6087/6087 6090/6090 6079/6079
f 6086/6086 6079/6079 6084/6084
f 6079/6079 6086/6086 6087/6087
f 6089/6089 6090/6090 6087/6087
f 6088/6088 6091/6091 6089/6089
f 6088/6088 6087/6087 6086/6086
f 6088/6088 6089/6089 6087/6087
f 6100/6100 6101/6101 6102/6102
f 6100/6100 6103/6103 6101/6101
f 6104/6104 6105/6105 6106/6106
f 6097/6097 6098/6098 6099/6099
f 6117/6117 6111/6111 6126/6126
f 6118/6118 6116/6116 6117/6117
f 6116/6116 6111/6111 6117/6117
f 6118/6118 6115/6115 6116/6116
f 6120/6120 6115/6115 6118/6118
f 6115/6115 6111/6111 6116/6116
f 6126/6126 6109/6109 6122/6122
f 6111/6111 6109/6109 6126/6126
f 6115/6115 6110/6110 6111/6111
f 6109/6109 6121/6121 6122/6122
f 6109/6109 6112/6112 6121/6121
f 6111/6111 6110/6110 6109/6109
f 6107/6107 6108/6108 6109/6109
f 6110/6110 6107/6107 6109/6109
f 6121/6121 6112/6112 6123/6123
f 6124/6124 6123/6123 6112/6112
f 6125/6125 6123/6123 6124/6124
f 6108/6108 6113/6113 6112/6112
f 6112/6112 6113/6113 6124/6124
f 6113/6113 6108/6108 6119/6119
f 6109/6109 6108/6108 6112/6112
f 6119/6119 6108/6108 6114/6114
f 6107/6107 6114/6114 6108/6108
f 6128/6128 6130/6130 6134/6134
f 6127/6127 6130/6130 6128/6128
f 6130/6130 6127/6127 6137/6137
f 6127/6127 6131/6131 6137/6137
f 6138/6138 6137/6137 6131/6131
f 6141/6141 6140/6140 6143/6143
f 6139/6139 6140/6140 6141/6141
f 6142/6142 6140/6140 6139/6139
f 6127/6127 6128/6128 6129/6129
f 6132/6132 6129/6129 6128/6128
f 6135/6135 6133/6133 6136/6136
f 6129/6129 6133/6133 6135/6135
f 6129/6129 6132/6132 6133/6133
f 6127/6127 6129/6129 6131/6131
f 6146/6146 6147/6147 6144/6144
f 6144/6144 6145/6145 6146/6146
f 6145/6145 6144/6144 6148/6148
f 6149/6149 6150/6150 6151/6151
f 6152/6152 6154/6154 6155/6155
f 6158/6158 6156/6156 6154/6154
f 6154/6154 6156/6156 6155/6155
f 6152/6152 6153/6153 6154/6154
f 6154/6154 6157/6157 6158/6158
f 6153/6153 6157/6157 6154/6154
f 6165/6165 6164/6164 6160/6160
f 6159/6159 6160/6160 6161/6161
f 6164/6164 6161/6161 6160/6160
f 6162/6162 6163/6163 6159/6159
f 6161/6161 6162/6162 6159/6159
f 6165/6165 6166/6166 6164/6164
f 6167/6167 6168/6168 6169/6169
f 6170/6170 6171/6171 6172/6172
f 6174/6174 6177/6177 6178/6178
f 6178/6178 6185/6185 6174/6174
f 6181/6181 6182/6182 6180/6180
f 6181/6181 6180/6180 6179/6179
f 6174/6174 6179/6179 6180/6180
f 6179/6179 6174/6174 6185/6185
f 6183/6183 6174/6174 6180/6180
f 6174/6174 6183/6183 6184/6184
f 6173/6173 6177/6177 6174/6174
f 6173/6173 6174/6174 6175/6175
f 6175/6175 6174/6174 6176/6176
f 6187/6187 6190/6190 6188/6188
f 6189/6189 6187/6187 6186/6186
f 6186/6186 6187/6187 6188/6188
f 6191/6191 6193/6193 6195/6195
f 6194/6194 6195/6195 6193/6193
f 6192/6192 6194/6194 6193/6193
f 6191/6191 6192/6192 6193/6193
f 6198/6198 6200/6200 6196/6196
f 6196/6196 6197/6197 6198/6198
f 6197/6197 6196/6196 6199/6199
f 6201/6201 6203/6203 6204/6204
f 6205/6205 6203/6203 6202/6202
f 6201/6201 6202/6202 6203/6203
f 6209/6209 6208/6208 6207/6207
f 6206/6206 6207/6207 6208/6208
f 6210/6210 6211/6211 6212/6212
f 6217/6217 6218/6218 6219/6219
f 6213/6213 6214/6214 6215/6215
f 6214/6214 6216/6216 6215/6215
f 6220/6220 6221/6221 6222/6222
f 6221/6221 6223/6223 6222/6222
f 6221/6221 6220/6220 6224/6224
f 6227/6227 6230/6230 6232/6232
f 6230/6230 6227/6227 6229/6229
f 6229/6229 6227/6227 6226/6226
f 6225/6225 6227/6227 6231/6231
f 6225/6225 6226/6226 6227/6227
f 6228/6228 6226/6226 6225/6225
f 6233/6233 6234/6234 6235/6235
f 6237/6237 6238/6238 6239/6239
f 6233/6233 6235/6235 6236/6236
f 6242/6242 6241/6241 6246/6246
f 6240/6240 6244/6244 6241/6241
f 6241/6241 6244/6244 6245/6245
f 6246/6246 6241/6241 6247/6247
f 6240/6240 6242/6242 6243/6243
f 6240/6240 6241/6241 6242/6242
f 6274/6274 6275/6275 6277/6277
f 6276/6276 6275/6275 6270/6270
f 6270/6270 6274/6274 6271/6271
f 6270/6270 6275/6275 6274/6274
f 6269/6269 6270/6270 6261/6261
f 6286/6286 6287/6287 6288/6288
f 6303/6303 6289/6289 6288/6288
f 6286/6286 6288/6288 6289/6289
f 6297/6297 6289/6289 6303/6303
f 6286/6286 6289/6289 6290/6290
f 6279/6279 6280/6280 6255/6255
f 6279/6279 6255/6255 6278/6278
f 6254/6254 6255/6255 6256/6256
f 6256/6256 6258/6258 6254/6254
f 6256/6256 6287/6287 6286/6286
f 6256/6256 6286/6286 6258/6258
f 6254/6254 6258/6258 6257/6257
f 6299/6299 6286/6286 6290/6290
f 6299/6299 6307/6307 6286/6286
f 6278/6278 6255/6255 6252/6252
f 6252/6252 6255/6255 6254/6254
f 6249/6249 6257/6257 6258/6258
f 6311/6311 6315/6315 6312/6312
f 6249/6249 6254/6254 6257/6257
f 6310/6310 6311/6311 6312/6312
f 6313/6313 6310/6310 6312/6312
f 6260/6260 6270/6270 6271/6271
f 6261/6261 6270/6270 6260/6260
f 6259/6259 6261/6261 6260/6260
f 6260/6260 6252/6252 6259/6259
f 6259/6259 6252/6252 6253/6253
f 6252/6252 6254/6254 6249/6249
f 6253/6253 6252/6252 6248/6248
f 6249/6249 6248/6248 6252/6252
f 6248/6248 6249/6249 6250/6250
f 6269/6269 6261/6261 6262/6262
f 6262/6262 6261/6261 6259/6259
f 6263/6263 6262/6262 6259/6259
f 6265/6265 6263/6263 6266/6266
f 6264/6264 6262/6262 6263/6263
f 6267/6267 6272/6272 6264/6264
f 6265/6265 6264/6264 6263/6263
f 6264/6264 6269/6269 6262/6262
f 6264/6264 6273/6273 6269/6269
f 6272/6272 6273/6273 6264/6264
f 6265/6265 6267/6267 6264/6264
f 6268/6268 6267/6267 6265/6265
f 6281/6281 6267/6267 6268/6268
f 6282/6282 6281/6281 6268/6268
f 6302/6302 6301/6301 6294/6294
f 6294/6294 6289/6289 6297/6297
f 6292/6292 6294/6294 6301/6301
f 6292/6292 6289/6289 6294/6294
f 6292/6292 6293/6293 6291/6291
f 6293/6293 6292/6292 6304/6304
f 6291/6291 6289/6289 6292/6292
f 6290/6290 6289/6289 6291/6291
f 6295/6295 6291/6291 6293/6293
f 6295/6295 6293/6293 6296/6296
f 6290/6290 6291/6291 6295/6295
f 6296/6296 6293/6293 6304/6304
f 6298/6298 6290/6290 6295/6295
f 6295/6295 6296/6296 6298/6298
f 6305/6305 6299/6299 6290/6290
f 6313/6313 6312/6312 6314/6314
f 6313/6313 6314/6314 6316/6316
f 6305/6305 6290/6290 6306/6306
f 6316/6316 6314/6314 6317/6317
f 6248/6248 6250/6250 6251/6251
f 6306/6306 6290/6290 6298/6298
f 6298/6298 6296/6296 6300/6300
f 6309/6309 6298/6298 6300/6300
f 6298/6298 6309/6309 6308/6308
f 6308/6308 6306/6306 6298/6298
f 6318/6318 6317/6317 6319/6319
f 6318/6318 6316/6316 6317/6317
f 6320/6320 6318/6318 6319/6319
f 6321/6321 6320/6320 6319/6319
f 6282/6282 6268/6268 6283/6283
f 6284/6284 6282/6282 6283/6283
f 6285/6285 6284/6284 6283/6283
f 6325/6325 6323/6323 6326/6326
f 6323/6323 6325/6325 6324/6324
f 6330/6330 6331/6331 6332/6332
f 6327/6327 6324/6324 6325/6325
f 6322/6322 6324/6324 6328/6328
f 6324/6324 6329/6329 6328/6328
f 6322/6322 6323/6323 6324/6324
f 6336/6336 6337/6337 6338/6338
f 6333/6333 6334/6334 6335/6335
f 6339/6339 6342/6342 6340/6340
f 6339/6339 6340/6340 6341/6341
f 6341/6341 6340/6340 6343/6343
f 6344/6344 6345/6345 6346/6346
f 6391/6391 6394/6394 6393/6393
f 6391/6391 6393/6393 6392/6392
f 6390/6390 6391/6391 6386/6386
f 6386/6386 6391/6391 6392/6392
f 6389/6389 6390/6390 6386/6386
f 6386/6386 6392/6392 6383/6383
f 6386/6386 6384/6384 6389/6389
f 6385/6385 6380/6380 6383/6383
f 6381/6381 6383/6383 6380/6380
f 6381/6381 6386/6386 6383/6383
f 6381/6381 6384/6384 6386/6386
f 6382/6382 6384/6384 6381/6381
f 6381/6381 6380/6380 6376/6376
f 6376/6376 6380/6380 6377/6377
f 6382/6382 6381/6381 6376/6376
f 6382/6382 6376/6376 6388/6388
f 6376/6376 6377/6377 6366/6366
f 6375/6375 6376/6376 6366/6366
f 6375/6375 6388/6388 6376/6376
f 6366/6366 6377/6377 6378/6378
f 6379/6379 6366/6366 6378/6378
f 6367/6367 6388/6388 6375/6375
f 6366/6366 6367/6367 6375/6375
f 6366/6366 6363/6363 6367/6367
f 6363/6363 6366/6366 6364/6364
f 6398/6398 6399/6399 6400/6400
f 6371/6371 6369/6369 6370/6370
f 6369/6369 6371/6371 6372/6372
f 6369/6369 6372/6372 6374/6374
f 6365/6365 6370/6370 6369/6369
f 6395/6395 6396/6396 6397/6397
f 6387/6387 6357/6357 6355/6355
f 6373/6373 6369/6369 6374/6374
f 6360/6360 6369/6369 6373/6373
f 6365/6365 6369/6369 6360/6360
f 6356/6356 6355/6355 6357/6357
f 6355/6355 6356/6356 6354/6354
f 6360/6360 6356/6356 6365/6365
f 6354/6354 6356/6356 6358/6358
f 6361/6361 6363/6363 6362/6362
f 6360/6360 6361/6361 6359/6359
f 6362/6362 6359/6359 6361/6361
f 6359/6359 6356/6356 6360/6360
f 6356/6356 6359/6359 6358/6358
f 6359/6359 6368/6368 6358/6358
f 6354/6354 6358/6358 6368/6368
f 6354/6354 6353/6353 6355/6355
f 6353/6353 6354/6354 6352/6352
f 6364/6364 6362/6362 6363/6363
f 6352/6352 6351/6351 6353/6353
f 6350/6350 6351/6351 6352/6352
f 6351/6351 6350/6350 6349/6349
f 6347/6347 6349/6349 6350/6350
f 6347/6347 6348/6348 6349/6349
f 6410/6410 6408/6408 6406/6406
f 6407/6407 6406/6406 6408/6408
f 6405/6405 6406/6406 6407/6407
f 6405/6405 6409/6409 6406/6406
f 6405/6405 6411/6411 6409/6409
f 6411/6411 6405/6405 6412/6412
f 6401/6401 6405/6405 6402/6402
f 6402/6402 6405/6405 6407/6407
f 6401/6401 6402/6402 6403/6403
f 6404/6404 6403/6403 6402/6402
f 6419/6419 6420/6420 6421/6421
f 6413/6413 6414/6414 6415/6415
f 6416/6416 6417/6417 6418/6418
f 6420/6420 6422/6422 6421/6421
f 6423/6423 6424/6424 6425/6425
f 6428/6428 6427/6427 6430/6430
f 6423/6423 6426/6426 6424/6424
f 6427/6427 6428/6428 6429/6429
f 6427/6427 6429/6429 6431/6431
f 6433/6433 6432/6432 6435/6435
f 6432/6432 6433/6433 6434/6434
f 6432/6432 6438/6438 6435/6435
f 6432/6432 6437/6437 6438/6438
f 6437/6437 6432/6432 6434/6434
f 6433/6433 6436/6436 6434/6434
f 6433/6433 6440/6440 6439/6439
f 6433/6433 6439/6439 6436/6436
f 6450/6450 6448/6448 6449/6449
f 6441/6441 6443/6443 6448/6448
f 6448/6448 6443/6443 6449/6449
f 6451/6451 6449/6449 6443/6443
f 6441/6441 6442/6442 6443/6443
f 6444/6444 6443/6443 6442/6442
f 6452/6452 6453/6453 6454/6454
f 6443/6443 6444/6444 6445/6445
f 6444/6444 6447/6447 6445/6445
f 6446/6446 6443/6443 6445/6445
f 6457/6457 6458/6458 6455/6455
f 6459/6459 6460/6460 6461/6461
f 6455/6455 6456/6456 6457/6457
f 6462/6462 6464/6464 6465/6465
f 6462/6462 6463/6463 6464/6464
f 6469/6469 6463/6463 6462/6462
f 6469/6469 6470/6470 6463/6463
f 6464/6464 6466/6466 6467/6467
f 6466/6466 6464/6464 6463/6463
f 6468/6468 6466/6466 6463/6463
f 6471/6471 6472/6472 6473/6473
f 6474/6474 6475/6475 6476/6476
f 6477/6477 6478/6478 6479/6479
f 6480/6480 6481/6481 6482/6482
f 6493/6493 6500/6500 6499/6499
f 6500/6500 6493/6493 6501/6501
f 6493/6493 6499/6499 6498/6498
f 6498/6498 6497/6497 6493/6493
f 6484/6484 6487/6487 6485/6485
f 6496/6496 6493/6493 6497/6497
f 6494/6494 6493/6493 6496/6496
f 6483/6483 6484/6484 6485/6485
f 6486/6486 6484/6484 6483/6483
f 6492/6492 6493/6493 6494/6494
f 6488/6488 6492/6492 6494/6494
f 6494/6494 6495/6495 6488/6488
f 6488/6488 6491/6491 6492/6492
f 6490/6490 6491/6491 6488/6488
f 6488/6488 6489/6489 6490/6490
f 6502/6502 6503/6503 6504/6504
f 6506/6506 6514/6514 6511/6511
f 6506/6506 6511/6511 6510/6510
f 6506/6506 6510/6510 6509/6509
f 6516/6516 6509/6509 6510/6510
f 6509/6509 6507/6507 6506/6506
f 6505/6505 6506/6506 6507/6507
f 6508/6508 6506/6506 6505/6505
f 6512/6512 6508/6508 6505/6505
f 6505/6505 6513/6513 6512/6512
f 6512/6512 6515/6515 6508/6508
f 6519/6519 6518/6518 6521/6521
f 6517/6517 6518/6518 6519/6519
f 6520/6520 6517/6517 6519/6519
f 6525/6525 6523/6523 6522/6522
f 6522/6522 6523/6523 6524/6524
f 6526/6526 6522/6522 6524/6524
f 6530/6530 6531/6531 6529/6529
f 6533/6533 6527/6527 6534/6534
f 6527/6527 6533/6533 6532/6532
f 6528/6528 6530/6530 6529/6529
f 6527/6527 6528/6528 6529/6529
f 6532/6532 6528/6528 6527/6527
f 6535/6535 6536/6536 6537/6537
f 6538/6538 6535/6535 6537/6537
f 6541/6541 6540/6540 6543/6543
f 6543/6543 6544/6544 6541/6541
f 6539/6539 6540/6540 6541/6541
f 6545/6545 6547/6547 6549/6549
f 6545/6545 6546/6546 6547/6547
f 6542/6542 6539/6539 6541/6541
f 6548/6548 6546/6546 6545/6545
f 6546/6546 6550/6550 6547/6547
f 6550/6550 6546/6546 6548/6548
f 6561/6561 6566/6566 6560/6560
f 6560/6560 6557/6557 6561/6561
f 6557/6557 6556/6556 6558/6558
f 6559/6559 6557/6557 6560/6560
f 6557/6557 6554/6554 6556/6556
f 6559/6559 6554/6554 6557/6557
f 6555/6555 6556/6556 6554/6554
f 6554/6554 6552/6552 6555/6555
f 6553/6553 6552/6552 6554/6554
f 6559/6559 6553/6553 6554/6554
f 6551/6551 6552/6552 6553/6553
f 6564/6564 6562/6562 6559/6559
f 6562/6562 6553/6553 6559/6559
f 6562/6562 6564/6564 6565/6565
f 6562/6562 6563/6563 6553/6553
f 6562/6562 6551/6551 6563/6563
f 6569/6569 6572/6572 6567/6567
f 6567/6567 6568/6568 6569/6569
f 6570/6570 6569/6569 6568/6568
f 6571/6571 6569/6569 6570/6570
f 6578/6578 6580/6580 6579/6579
f 6577/6577 6578/6578 6579/6579
f 6573/6573 6574/6574 6575/6575
f 6575/6575 6576/6576 6573/6573
f 6589/6589 6587/6587 6588/6588
f 6588/6588 6590/6590 6589/6589
f 6587/6587 6582/6582 6588/6588
f 6582/6582 6587/6587 6583/6583
f 6581/6581 6582/6582 6583/6583
f 6584/6584 6591/6591 6581/6581
f 6584/6584 6581/6581 6583/6583
f 6585/6585 6584/6584 6583/6583
f 6584/6584 6585/6585 6586/6586
f 6584/6584 6592/6592 6591/6591
f 6597/6597 6595/6595 6594/6594
f 6593/6593 6594/6594 6595/6595
f 6593/6593 6595/6595 6596/6596
f 6598/6598 6599/6599 6600/6600
f 6601/6601 6602/6602 6603/6603
f 6604/6604 6605/6605 6606/6606
f 6611/6611 6608/6608 6612/6612
f 6607/6607 6610/6610 6608/6608
f 6609/6609 6608/6608 6611/6611
f 6607/6607 6608/6608 6609/6609
f 6613/6613 6614/6614 6615/6615
f 6613/6613 6616/6616 6614/6614
f 6613/6613 6617/6617 6616/6616
f 6617/6617 6618/6618 6616/6616
f 6619/6619 6618/6618 6617/6617
f 6620/6620 6618/6618 6619/6619
f 6621/6621 6618/6618 6620/6620
f 6622/6622 6621/6621 6620/6620
f 6623/6623 6621/6621 6622/6622
f 6624/6624 6623/6623 6622/6622
f 6622/6622 6625/6625 6624/6624
f 6626/6626 6624/6624 6625/6625
f 6633/6633 6635/6635 6636/6636
f 6632/6632 6635/6635 6633/6633
f 6632/6632 6633/6633 6634/6634
f 6634/6634 6633/6633 6637/6637
f 6638/6638 6634/6634 6637/6637
f 6628/6628 6627/6627 6630/6630
f 6627/6627 6628/6628 6629/6629
f 6628/6628 6631/6631 6629/6629
f 6640/6640 6639/6639 6641/6641
f 6634/6634 6639/6639 6640/6640
f 6639/6639 6634/6634 6638/6638
f 6642/6642 6643/6643 6644/6644
f 6645/6645 6646/6646 6647/6647
f 6648/6648 6649/6649 6650/6650
f 6651/6651 6652/6652 6653/6653
f 6658/6658 6656/6656 6655/6655
f 6654/6654 6655/6655 6656/6656
f 6655/6655 6654/6654 6657/6657
f 6664/6664 6663/6663 6665/6665
f 6659/6659 6660/6660 6661/6661
f 6662/6662 6663/6663 6664/6664
f 6666/6666 6667/6667 6668/6668
f 6669/6669 6671/6671 6673/6673
f 6669/6669 6670/6670 6671/6671
f 6670/6670 6669/6669 6672/6672
f 6679/6679 6676/6676 6675/6675
f 6679/6679 6675/6675 6680/6680
f 6683/6683 6684/6684 6685/6685
f 6680/6680 6675/6675 6681/6681
f 6685/6685 6684/6684 6686/6686
f 6674/6674 6675/6675 6676/6676
f 6678/6678 6674/6674 6682/6682
f 6674/6674 6677/6677 6675/6675
f 6677/6677 6674/6674 6678/6678
f 6687/6687 6688/6688 6689/6689
f 6707/6707 6692/6692 6706/6706
f 6695/6695 6692/6692 6697/6697
f 6692/6692 6695/6695 6690/6690
f 6690/6690 6691/6691 6692/6692
f 6705/6705 6706/6706 6692/6692
f 6690/6690 6695/6695 6696/6696
f 6690/6690 6696/6696 6698/6698
f 6690/6690 6698/6698 6699/6699
f 6699/6699 6698/6698 6700/6700
f 6700/6700 6698/6698 6701/6701
f 6704/6704 6705/6705 6692/6692
f 6704/6704 6692/6692 6691/6691
f 6693/6693 6691/6691 6690/6690
f 6693/6693 6690/6690 6699/6699
f 6694/6694 6704/6704 6691/6691
f 6693/6693 6694/6694 6691/6691
f 6703/6703 6704/6704 6694/6694
f 6702/6702 6694/6694 6693/6693
f 6702/6702 6703/6703 6694/6694
f 6724/6724 6726/6726 6727/6727
f 6724/6724 6723/6723 6726/6726
f 6722/6722 6723/6723 6724/6724
f 6735/6735 6734/6734 6736/6736
f 6735/6735 6736/6736 6737/6737
f 6729/6729 6734/6734 6735/6735
f 6722/6722 6725/6725 6723/6723
f 6728/6728 6725/6725 6722/6722
f 6734/6734 6729/6729 6733/6733
f 6729/6729 6725/6725 6728/6728
f 6733/6733 6729/6729 6730/6730
f 6730/6730 6729/6729 6728/6728
f 6731/6731 6730/6730 6728/6728
f 6741/6741 6733/6733 6732/6732
f 6732/6732 6733/6733 6730/6730
f 6742/6742 6741/6741 6732/6732
f 6738/6738 6739/6739 6732/6732
f 6731/6731 6732/6732 6730/6730
f 6740/6740 6738/6738 6731/6731
f 6713/6713 6721/6721 6710/6710
f 6738/6738 6732/6732 6731/6731
f 6709/6709 6714/6714 6713/6713
f 6731/6731 6728/6728 6740/6740
f 6708/6708 6709/6709 6710/6710
f 6709/6709 6713/6713 6710/6710
f 6719/6719 6717/6717 6720/6720
f 6711/6711 6709/6709 6708/6708
f 6717/6717 6711/6711 6708/6708
f 6717/6717 6715/6715 6711/6711
f 6711/6711 6712/6712 6709/6709
f 6743/6743 6744/6744 6745/6745
f 6712/6712 6714/6714 6709/6709
f 6711/6711 6715/6715 6712/6712
f 6719/6719 6718/6718 6717/6717
f 6718/6718 6715/6715 6717/6717
f 6712/6712 6715/6715 6716/6716
f 6750/6750 6748/6748 6747/6747
f 6746/6746 6747/6747 6748/6748
f 6747/6747 6746/6746 6749/6749
f 6759/6759 6762/6762 6760/6760
f 6755/6755 6759/6759 6760/6760
f 6755/6755 6751/6751 6753/6753
f 6755/6755 6758/6758 6759/6759
f 6758/6758 6755/6755 6753/6753
f 6751/6751 6752/6752 6753/6753
f 6753/6753 6754/6754 6758/6758
f 6754/6754 6753/6753 6752/6752
f 6752/6752 6751/6751 6756/6756
f 6757/6757 6756/6756 6751/6751
f 6761/6761 6763/6763 6756/6756
f 6761/6761 6756/6756 6757/6757
f 6770/6770 6769/6769 6765/6765
f 6771/6771 6766/6766 6769/6769
f 6764/6764 6768/6768 6767/6767
f 6764/6764 6765/6765 6766/6766
f 6764/6764 6767/6767 6765/6765
f 6766/6766 6765/6765 6769/6769
f 6772/6772 6773/6773 6774/6774
f 6772/6772 6774/6774 6775/6775
f 6778/6778 6777/6777 6779/6779
f 6776/6776 6777/6777 6778/6778
f 6780/6780 6781/6781 6782/6782
f 6782/6782 6783/6783 6780/6780
f 6784/6784 6780/6780 6783/6783
f 6784/6784 6783/6783 6785/6785
f 6784/6784 6785/6785 6786/6786
f 6787/6787 6788/6788 6786/6786
f 6785/6785 6787/6787 6786/6786
f 6789/6789 6790/6790 6791/6791
f 6792/6792 6790/6790 6789/6789
f 6793/6793 6788/6788 6787/6787
f 6788/6788 6793/6793 6794/6794
f 6793/6793 6795/6795 6794/6794
f 6794/6794 6795/6795 6791/6791
f 6791/6791 6795/6795 6789/6789
f 6796/6796 6797/6797 6798/6798
f 6808/6808 6807/6807 6805/6805
f 6807/6807 6803/6803 6805/6805
f 6803/6803 6804/6804 6805/6805
f 6805/6805 6804/6804 6806/6806
f 6799/6799 6800/6800 6796/6796
f 6799/6799 6796/6796 6801/6801
f 6802/6802 6801/6801 6796/6796
f 6816/6816 6817/6817 6818/6818
f 6815/6815 6817/6817 6816/6816
f 6814/6814 6815/6815 6816/6816
f 6816/6816 6819/6819 6814/6814
f 6820/6820 6819/6819 6816/6816
f 6809/6809 6810/6810 6811/6811
f 6809/6809 6812/6812 6810/6810
f 6810/6810 6812/6812 6813/6813
f 6834/6834 6841/6841 6842/6842
f 6845/6845 6844/6844 6833/6833
f 6844/6844 6836/6836 6833/6833
f 6821/6821 6833/6833 6836/6836
f 6838/6838 6829/6829 6840/6840
f 6821/6821 6840/6840 6829/6829
f 6837/6837 6826/6826 6829/6829
f 6829/6829 6838/6838 6837/6837
f 6843/6843 6841/6841 6835/6835
f 6835/6835 6841/6841 6823/6823
f 6834/6834 6823/6823 6841/6841
f 6833/6833 6823/6823 6834/6834
f 6821/6821 6823/6823 6833/6833
f 6821/6821 6822/6822 6823/6823
f 6822/6822 6821/6821 6825/6825
f 6829/6829 6826/6826 6821/6821
f 6825/6825 6821/6821 6826/6826
f 6823/6823 6822/6822 6824/6824
f 6823/6823 6832/6832 6835/6835
f 6824/6824 6832/6832 6823/6823
f 6830/6830 6822/6822 6825/6825
f 6830/6830 6831/6831 6839/6839
f 6830/6830 6825/6825 6831/6831
f 6822/6822 6830/6830 6827/6827
f 6827/6827 6824/6824 6822/6822
f 6824/6824 6827/6827 6828/6828
f 6830/6830 6828/6828 6827/6827
f 6852/6852 6853/6853 6851/6851
f 6852/6852 6851/6851 6848/6848
f 6851/6851 6846/6846 6848/6848
f 6846/6846 6847/6847 6848/6848
f 6850/6850 6847/6847 6849/6849
f 6850/6850 6848/6848 6847/6847
f 6846/6846 6849/6849 6847/6847
f 6855/6855 6854/6854 6857/6857
f 6854/6854 6855/6855 6856/6856
f 6860/6860 6859/6859 6862/6862
f 6858/6858 6859/6859 6860/6860
f 6859/6859 6863/6863 6862/6862
f 6864/6864 6866/6866 6863/6863
f 6864/6864 6863/6863 6859/6859
f 6859/6859 6858/6858 6861/6861
f 6862/6862 6865/6865 6860/6860
f 6865/6865 6861/6861 6860/6860
f 6860/6860 6861/6861 6858/6858
f 6876/6876 6874/6874 6877/6877
f 6870/6870 6869/6869 6868/6868
f 6867/6867 6875/6875 6868/6868
f 6868/6868 6875/6875 6874/6874
f 6870/6870 6874/6874 6876/6876
f 6868/6868 6874/6874 6870/6870
f 6871/6871 6869/6869 6872/6872
f 6871/6871 6872/6872 6873/6873
f 6867/6867 6868/6868 6869/6869
f 6867/6867 6869/6869 6871/6871
f 6883/6883 6886/6886 6879/6879
f 6887/6887 6880/6880 6888/6888
f 6883/6883 6879/6879 6882/6882
f 6878/6878 6879/6879 6880/6880
f 6882/6882 6879/6879 6881/6881
f 6879/6879 6878/6878 6881/6881
f 6883/6883 6884/6884 6885/6885
f 6883/6883 6882/6882 6884/6884
f 6884/6884 6882/6882 6881/6881
f 6887/6887 6878/6878 6880/6880
f 6878/6878 6884/6884 6881/6881
f 6891/6891 6890/6890 6892/6892
f 6890/6890 6889/6889 6893/6893
f 6889/6889 6890/6890 6891/6891
f 6907/6907 6902/6902 6906/6906
f 6906/6906 6902/6902 6903/6903
f 6903/6903 6902/6902 6901/6901
f 6901/6901 6902/6902 6895/6895
f 6896/6896 6905/6905 6904/6904
f 6901/6901 6895/6895 6900/6900
f 6900/6900 6895/6895 6899/6899
f 6894/6894 6899/6899 6895/6895
f 6898/6898 6896/6896 6895/6895
f 6894/6894 6895/6895 6896/6896
f 6896/6896 6897/6897 6894/6894
f 6897/6897 6896/6896 6904/6904
f 6912/6912 6913/6913 6914/6914
f 6913/6913 6912/6912 6915/6915
f 6909/6909 6911/6911 6910/6910
f 6908/6908 6909/6909 6910/6910
f 6919/6919 6917/6917 6916/6916
f 6921/6921 6922/6922 6923/6923
f 6924/6924 6925/6925 6926/6926
f 6917/6917 6920/6920 6918/6918
f 6916/6916 6917/6917 6918/6918
f 6933/6933 6930/6930 6932/6932
f 6927/6927 6928/6928 6929/6929
f 6930/6930 6931/6931 6932/6932
f 6931/6931 6930/6930 6935/6935
f 6932/6932 6931/6931 6934/6934
f 6936/6936 6939/6939 6937/6937
f 6936/6936 6937/6937 6938/6938
f 6940/6940 6941/6941 6942/6942
f 6942/6942 6941/6941 6943/6943
f 6940/6940 6942/6942 6944/6944
f 6948/6948 6946/6946 6945/6945
f 6945/6945 6946/6946 6947/6947
f 6949/6949 6950/6950 6951/6951
f 6954/6954 6955/6955 6956/6956
f 6951/6951 6950/6950 6952/6952
f 6951/6951 6953/6953 6949/6949
f 6963/6963 6960/6960 6961/6961
f 6958/6958 6961/6961 6960/6960
f 6960/6960 6959/6959 6958/6958
f 6957/6957 6959/6959 6964/6964
f 6962/6962 6958/6958 6957/6957
f 6957/6957 6958/6958 6959/6959
f 6964/6964 6966/6966 6965/6965
f 6957/6957 6964/6964 6965/6965
f 6968/6968 6969/6969 6970/6970
f 6966/6966 6967/6967 6965/6965
f 6977/6977 6976/6976 6973/6973
f 6974/6974 6973/6973 6976/6976
f 6971/6971 6973/6973 6974/6974
f 6974/6974 6978/6978 6971/6971
f 6971/6971 6972/6972 6973/6973
f 6975/6975 6972/6972 6971/6971
f 6978/6978 6975/6975 6971/6971
f 6981/6981 6980/6980 6982/6982
f 6979/6979 6980/6980 6981/6981
f 6983/6983 6980/6980 6979/6979
f 6979/6979 6984/6984 6983/6983
f 6985/6985 6986/6986 6987/6987
f 6986/6986 6985/6985 6988/6988
f 6988/6988 6985/6985 6989/6989
f 6989/6989 6995/6995 6988/6988
f 6991/6991 6995/6995 6989/6989
f 6989/6989 6990/6990 6991/6991
f 6994/6994 6993/6993 6989/6989
f 6993/6993 6990/6990 6989/6989
f 6993/6993 6992/6992 6990/6990
f 6992/6992 6991/6991 6990/6990
f 7001/7001 6997/6997 6999/6999
f 7001/7001 7002/7002 6997/6997
f 6996/6996 6997/6997 6998/6998
f 6999/6999 6997/6997 6996/6996
f 6998/6998 7000/7000 6996/6996
f 7000/7000 6998/6998 7003/7003
f 7005/7005 6996/6996 7004/7004
f 6996/6996 7000/7000 7004/7004
f 7009/7009 7010/7010 7011/7011
f 7012/7012 7010/7010 7009/7009
f 7006/7006 7007/7007 7008/7008
f 7013/7013 7021/7021 7022/7022
f 7019/7019 7018/7018 7014/7014
f 7014/7014 7013/7013 7016/7016
f 7013/7013 7014/7014 7015/7015
f 7014/7014 7018/7018 7015/7015
f 7017/7017 7021/7021 7013/7013
f 7015/7015 7017/7017 7013/7013
f 7020/7020 7019/7019 7014/7014
f 7026/7026 7035/7035 7029/7029
f 7023/7023 7024/7024 7025/7025
f 7028/7028 7024/7024 7027/7027
f 7026/7026 7024/7024 7023/7023
f 7027/7027 7024/7024 7026/7026
f 7027/7027 7026/7026 7029/7029
f 7029/7029 7030/7030 7027/7027
f 7029/7029 7031/7031 7030/7030
f 7029/7029 7034/7034 7031/7031
f 7040/7040 7041/7041 7039/7039
f 7040/7040 7039/7039 7036/7036
f 7043/7043 7042/7042 7041/7041
f 7044/7044 7042/7042 7043/7043
f 7042/7042 7039/7039 7041/7041
f 7032/7032 7033/7033 7024/7024
f 7036/7036 7037/7037 7038/7038
f 7028/7028 7032/7032 7024/7024
f 7039/7039 7037/7037 7036/7036
f 7053/7053 7057/7057 7052/7052
f 7055/7055 7056/7056 7054/7054
f 7054/7054 7052/7052 7055/7055
f 7052/7052 7054/7054 7049/7049
f 7046/7046 7053/7053 7052/7052
f 7046/7046 7052/7052 7049/7049
f 7060/7060 7061/7061 7062/7062
f 7048/7048 7046/7046 7049/7049
f 7046/7046 7048/7048 7047/7047
f 7045/7045 7046/7046 7047/7047
f 7047/7047 7058/7058 7045/7045
f 7047/7047 7059/7059 7058/7058
f 7051/7051 7050/7050 7048/7048
f 7047/7047 7048/7048 7050/7050
f 7100/7100 7101/7101 7099/7099
f 7097/7097 7100/7100 7099/7099
f 7097/7097 7099/7099 7095/7095
f 7093/7093 7094/7094 7077/7077
f 7093/7093 7095/7095 7094/7094
f 7093/7093 7096/7096 7095/7095
f 7096/7096 7097/7097 7095/7095
f 7097/7097 7098/7098 7102/7102
f 7096/7096 7098/7098 7097/7097
f 7093/7093 7077/7077 7078/7078
f 7080/7080 7085/7085 7078/7078
f 7070/7070 7075/7075 7074/7074
f 7076/7076 7077/7077 7075/7075
f 7076/7076 7078/7078 7077/7077
f 7070/7070 7076/7076 7075/7075
f 7066/7066 7076/7076 7070/7070
f 7080/7080 7078/7078 7076/7076
f 7081/7081 7080/7080 7076/7076
f 7080/7080 7081/7081 7082/7082
f 7070/7070 7065/7065 7066/7066
f 7071/7071 7065/7065 7070/7070
f 7064/7064 7066/7066 7065/7065
f 7081/7081 7083/7083 7082/7082
f 7084/7084 7083/7083 7081/7081
f 7103/7103 7079/7079 7069/7069
f 7064/7064 7069/7069 7079/7079
f 7069/7069 7064/7064 7068/7068
f 7072/7072 7070/7070 7074/7074
f 7071/7071 7070/7070 7072/7072
f 7063/7063 7065/7065 7071/7071
f 7063/7063 7064/7064 7065/7065
f 7067/7067 7064/7064 7063/7063
f 7068/7068 7064/7064 7067/7067
f 7091/7091 7092/7092 7090/7090
f 7071/7071 7072/7072 7073/7073
f 7063/7063 7071/7071 7073/7073
f 7063/7063 7073/7073 7086/7086
f 7089/7089 7086/7086 7088/7088
f 7088/7088 7090/7090 7089/7089
f 7091/7091 7090/7090 7088/7088
f 7086/7086 7073/7073 7087/7087
f 7088/7088 7086/7086 7087/7087
f 7111/7111 7104/7104 7110/7110
f 7106/7106 7110/7110 7104/7104
f 7114/7114 7115/7115 7116/7116
f 7106/7106 7105/7105 7112/7112
f 7104/7104 7105/7105 7106/7106
f 7107/7107 7105/7105 7104/7104
f 7104/7104 7113/7113 7107/7107
f 7105/7105 7107/7107 7108/7108
f 7107/7107 7109/7109 7108/7108
f 7119/7119 7120/7120 7117/7117
f 7117/7117 7118/7118 7119/7119
f 7124/7124 7125/7125 7126/7126
f 7121/7121 7122/7122 7123/7123
f 7131/7131 7132/7132 7133/7133
f 7127/7127 7128/7128 7129/7129
f 7127/7127 7129/7129 7130/7130
f 7136/7136 7135/7135 7138/7138
f 7134/7134 7135/7135 7136/7136
f 7134/7134 7136/7136 7137/7137
f 7158/7158 7159/7159 7160/7160
f 7159/7159 7158/7158 7154/7154
f 7152/7152 7154/7154 7158/7158
f 7159/7159 7154/7154 7151/7151
f 7156/7156 7157/7157 7155/7155
f 7156/7156 7155/7155 7152/7152
f 7152/7152 7155/7155 7153/7153
f 7152/7152 7153/7153 7154/7154
f 7161/7161 7151/7151 7154/7154
f 7150/7150 7151/7151 7161/7161
f 7141/7141 7144/7144 7139/7139
f 7144/7144 7141/7141 7145/7145
f 7139/7139 7149/7149 7143/7143
f 7139/7139 7143/7143 7140/7140
f 7139/7139 7140/7140 7141/7141
f 7141/7141 7140/7140 7142/7142
f 7147/7147 7148/7148 7141/7141
f 7146/7146 7141/7141 7142/7142
f 7141/7141 7146/7146 7147/7147
f 7143/7143 7149/7149 7150/7150
f 7142/7142 7147/7147 7146/7146
f 7151/7151 7150/7150 7149/7149
f 7177/7177 7183/7183 7172/7172
f 7172/7172 7183/7183 7174/7174
f 7177/7177 7171/7171 7169/7169
f 7177/7177 7172/7172 7171/7171
f 7174/7174 7173/7173 7172/7172
f 7175/7175 7173/7173 7174/7174
f 7218/7218 7219/7219 7220/7220
f 7169/7169 7170/7170 7168/7168
f 7170/7170 7169/7169 7171/7171
f 7167/7167 7169/7169 7168/7168
f 7175/7175 7176/7176 7173/7173
f 7172/7172 7170/7170 7171/7171
f 7170/7170 7172/7172 7173/7173
f 7173/7173 7176/7176 7178/7178
f 7178/7178 7170/7170 7173/7173
f 7182/7182 7164/7164 7163/7163
f 7162/7162 7163/7163 7164/7164
f 7165/7165 7162/7162 7164/7164
f 7164/7164 7166/7166 7165/7165
f 7219/7219 7221/7221 7220/7220
f 7166/7166 7167/7167 7165/7165
f 7168/7168 7165/7165 7167/7167
f 7165/7165 7168/7168 7180/7180
f 7179/7179 7168/7168 7170/7170
f 7179/7179 7180/7180 7168/7168
f 7179/7179 7186/7186 7180/7180
f 7186/7186 7179/7179 7185/7185
f 7179/7179 7170/7170 7178/7178
f 7184/7184 7179/7179 7178/7178
f 7184/7184 7185/7185 7179/7179
f 7178/7178 7187/7187 7184/7184
f 7193/7193 7185/7185 7192/7192
f 7190/7190 7185/7185 7184/7184
f 7192/7192 7185/7185 7190/7190
f 7200/7200 7201/7201 7199/7199
f 7200/7200 7199/7199 7198/7198
f 7198/7198 7199/7199 7192/7192
f 7190/7190 7198/7198 7192/7192
f 7185/7185 7188/7188 7186/7186
f 7188/7188 7185/7185 7193/7193
f 7175/7175 7174/7174 7176/7176
f 7181/7181 7178/7178 7176/7176
f 7213/7213 7217/7217 7216/7216
f 7202/7202 7204/7204 7205/7205
f 7202/7202 7203/7203 7204/7204
f 7209/7209 7207/7207 7210/7210
f 7213/7213 7216/7216 7214/7214
f 7213/7213 7214/7214 7215/7215
f 7204/7204 7206/7206 7208/7208
f 7197/7197 7195/7195 7194/7194
f 7181/7181 7187/7187 7178/7178
f 7194/7194 7187/7187 7181/7181
f 7184/7184 7187/7187 7189/7189
f 7191/7191 7189/7189 7187/7187
f 7195/7195 7187/7187 7194/7194
f 7191/7191 7187/7187 7195/7195
f 7195/7195 7196/7196 7191/7191
f 7195/7195 7197/7197 7196/7196
f 7196/7196 7212/7212 7211/7211
f 7191/7191 7207/7207 7189/7189
f 7207/7207 7191/7191 7202/7202
f 7191/7191 7196/7196 7203/7203
f 7191/7191 7203/7203 7202/7202
f 7196/7196 7206/7206 7203/7203
f 7211/7211 7208/7208 7206/7206
f 7196/7196 7211/7211 7206/7206
f 7207/7207 7190/7190 7189/7189
f 7189/7189 7190/7190 7184/7184
f 7207/7207 7209/7209 7190/7190
f 7203/7203 7206/7206 7204/7204
f 7223/7223 7227/7227 7224/7224
f 7228/7228 7224/7224 7227/7227
f 7222/7222 7223/7223 7224/7224
f 7223/7223 7222/7222 7225/7225
f 7225/7225 7226/7226 7223/7223
f 7229/7229 7230/7230 7231/7231
f 7229/7229 7232/7232 7230/7230
f 7243/7243 7244/7244 7245/7245
f 7238/7238 7239/7239 7235/7235
f 7238/7238 7235/7235 7236/7236
f 7234/7234 7236/7236 7235/7235
f 7233/7233 7235/7235 7237/7237
f 7233/7233 7234/7234 7235/7235
f 7234/7234 7233/7233 7240/7240
f 7233/7233 7237/7237 7241/7241
f 7242/7242 7233/7233 7241/7241
f 7242/7242 7240/7240 7233/7233
f 7249/7249 7250/7250 7251/7251
f 7246/7246 7247/7247 7248/7248
f 7252/7252 7256/7256 7253/7253
f 7252/7252 7253/7253 7254/7254
f 7254/7254 7255/7255 7252/7252
f 7257/7257 7255/7255 7254/7254
f 7266/7266 7267/7267 7260/7260
f 7260/7260 7262/7262 7266/7266
f 7260/7260 7259/7259 7262/7262
f 7258/7258 7259/7259 7260/7260
f 7264/7264 7258/7258 7260/7260
f 7258/7258 7264/7264 7261/7261
f 7259/7259 7263/7263 7262/7262
f 7261/7261 7259/7259 7258/7258
f 7265/7265 7259/7259 7261/7261
f 7271/7271 7273/7273 7268/7268
f 7268/7268 7270/7270 7271/7271
f 7268/7268 7269/7269 7270/7270
f 7272/7272 7270/7270 7269/7269
f 7288/7288 7294/7294 7295/7295
f 7294/7294 7288/7288 7279/7279
f 7281/7281 7279/7279 7288/7288
f 7277/7277 7279/7279 7274/7274
f 7277/7277 7274/7274 7276/7276
f 7278/7278 7277/7277 7276/7276
f 7285/7285 7282/7282 7276/7276
f 7276/7276 7282/7282 7278/7278
f 7281/7281 7288/7288 7290/7290
f 7279/7279 7281/7281 7280/7280
f 7274/7274 7279/7279 7280/7280
f 7274/7274 7275/7275 7276/7276
f 7276/7276 7275/7275 7283/7283
f 7283/7283 7275/7275 7284/7284
f 7283/7283 7284/7284 7289/7289
f 7286/7286 7276/7276 7283/7283
f 7287/7287 7276/7276 7286/7286
f 7285/7285 7276/7276 7287/7287
f 7286/7286 7296/7296 7287/7287
f 7292/7292 7285/7285 7291/7291
f 7291/7291 7285/7285 7287/7287
f 7297/7297 7293/7293 7292/7292
f 7293/7293 7285/7285 7292/7292
f 7322/7322 7321/7321 7323/7323
f 7322/7322 7323/7323 7324/7324
f 7321/7321 7318/7318 7320/7320
f 7322/7322 7318/7318 7321/7321
f 7325/7325 7318/7318 7322/7322
f 7325/7325 7302/7302 7318/7318
f 7319/7319 7320/7320 7318/7318
f 7318/7318 7303/7303 7319/7319
f 7302/7302 7303/7303 7318/7318
f 7302/7302 7300/7300 7303/7303
f 7314/7314 7309/7309 7311/7311
f 7314/7314 7311/7311 7315/7315
f 7299/7299 7305/7305 7300/7300
f 7306/7306 7305/7305 7299/7299
f 7306/7306 7308/7308 7305/7305
f 7309/7309 7308/7308 7306/7306
f 7310/7310 7309/7309 7306/7306
f 7309/7309 7310/7310 7311/7311
f 7304/7304 7298/7298 7302/7302
f 7298/7298 7304/7304 7307/7307
f 7298/7298 7300/7300 7302/7302
f 7298/7298 7299/7299 7300/7300
f 7301/7301 7298/7298 7307/7307
f 7301/7301 7299/7299 7298/7298
f 7299/7299 7301/7301 7306/7306
f 7301/7301 7312/7312 7306/7306
f 7313/7313 7312/7312 7301/7301
f 7301/7301 7307/7307 7316/7316
f 7301/7301 7316/7316 7317/7317
f 7312/7312 7310/7310 7306/7306
f 7335/7335 7336/7336 7334/7334
f 7337/7337 7338/7338 7339/7339
f 7338/7338 7337/7337 7336/7336
f 7336/7336 7337/7337 7334/7334
f 7334/7334 7333/7333 7330/7330
f 7333/7333 7327/7327 7330/7330
f 7334/7334 7330/7330 7335/7335
f 7326/7326 7327/7327 7328/7328
f 7327/7327 7326/7326 7330/7330
f 7329/7329 7328/7328 7327/7327
f 7331/7331 7327/7327 7332/7332
f 7331/7331 7329/7329 7327/7327
f 7340/7340 7329/7329 7331/7331
f 7341/7341 7329/7329 7340/7340
f 7342/7342 7341/7341 7343/7343
f 7341/7341 7344/7344 7343/7343
f 7341/7341 7342/7342 7329/7329
f 7348/7348 7349/7349 7354/7354
f 7354/7354 7349/7349 7355/7355
f 7348/7348 7346/7346 7349/7349
f 7355/7355 7349/7349 7356/7356
f 7350/7350 7347/7347 7348/7348
f 7347/7347 7346/7346 7348/7348
f 7345/7345 7346/7346 7347/7347
f 7351/7351 7347/7347 7350/7350
f 7357/7357 7358/7358 7359/7359
f 7357/7357 7352/7352 7358/7358
f 7352/7352 7357/7357 7353/7353
f 7352/7352 7353/7353 7351/7351
f 7352/7352 7351/7351 7350/7350
f 7360/7360 7361/7361 7362/7362
f 7361/7361 7363/7363 7362/7362
f 7364/7364 7365/7365 7366/7366
f 7364/7364 7367/7367 7365/7365
f 7368/7368 7369/7369 7370/7370
f 7374/7374 7372/7372 7377/7377
f 7373/7373 7372/7372 7374/7374
f 7373/7373 7374/7374 7378/7378
f 7386/7386 7373/7373 7378/7378
f 7373/7373 7386/7386 7385/7385
f 7372/7372 7371/7371 7379/7379
f 7371/7371 7372/7372 7373/7373
f 7375/7375 7371/7371 7373/7373
f 7376/7376 7373/7373 7385/7385
f 7379/7379 7381/7381 7372/7372
f 7382/7382 7387/7387 7381/7381
f 7380/7380 7382/7382 7381/7381
f 7379/7379 7380/7380 7381/7381
f 7380/7380 7379/7379 7371/7371
f 7383/7383 7382/7382 7380/7380
f 7382/7382 7388/7388 7387/7387
f 7375/7375 7373/7373 7376/7376
f 7384/7384 7383/7383 7380/7380
f 7394/7394 7389/7389 7395/7395
f 7389/7389 7394/7394 7390/7390
f 7394/7394 7395/7395 7396/7396
f 7389/7389 7390/7390 7391/7391
f 7392/7392 7389/7389 7391/7391
f 7392/7392 7391/7391 7393/7393
f 7399/7399 7401/7401 7400/7400
f 7401/7401 7399/7399 7402/7402
f 7402/7402 7399/7399 7398/7398
f 7400/7400 7397/7397 7399/7399
f 7405/7405 7404/7404 7397/7397
f 7397/7397 7398/7398 7399/7399
f 7404/7404 7398/7398 7397/7397
f 7403/7403 7402/7402 7398/7398
f 7414/7414 7416/7416 7415/7415
f 7412/7412 7414/7414 7415/7415
f 7406/7406 7414/7414 7412/7412
f 7406/7406 7417/7417 7414/7414
f 7406/7406 7412/7412 7409/7409
f 7406/7406 7409/7409 7407/7407
f 7406/7406 7407/7407 7408/7408
f 7418/7418 7414/7414 7417/7417
f 7419/7419 7418/7418 7417/7417
f 7406/7406 7408/7408 7410/7410
f 7410/7410 7408/7408 7411/7411
f 7408/7408 7413/7413 7411/7411
f 7413/7413 7420/7420 7411/7411
f 7421/7421 7422/7422 7423/7423
f 7424/7424 7422/7422 7421/7421
f 7421/7421 7425/7425 7424/7424
f 7421/7421 7426/7426 7425/7425
f 7426/7426 7427/7427 7425/7425
f 7426/7426 7428/7428 7427/7427
f 7429/7429 7430/7430 7431/7431
f 7435/7435 7436/7436 7437/7437
f 7432/7432 7433/7433 7434/7434
f 7441/7441 7439/7439 7438/7438
f 7438/7438 7439/7439 7440/7440
f 7442/7442 7443/7443 7444/7444
f 7448/7448 7449/7449 7450/7450
f 7452/7452 7453/7453 7454/7454
f 7445/7445 7446/7446 7447/7447
f 7450/7450 7451/7451 7448/7448
f 7458/7458 7459/7459 7460/7460
f 7460/7460 7459/7459 7462/7462
f 7461/7461 7460/7460 7463/7463
f 7460/7460 7461/7461 7458/7458
f 7455/7455 7456/7456 7457/7457
f 7492/7492 7484/7484 7491/7491
f 7482/7482 7491/7491 7484/7484
f 7482/7482 7484/7484 7480/7480
f 7480/7480 7484/7484 7478/7478
f 7481/7481 7482/7482 7480/7480
f 7479/7479 7481/7481 7480/7480
f 7483/7483 7481/7481 7479/7479
f 7489/7489 7481/7481 7483/7483
f 7480/7480 7478/7478 7479/7479
f 7475/7475 7479/7479 7478/7478
f 7475/7475 7477/7477 7476/7476
f 7475/7475 7478/7478 7477/7477
f 7490/7490 7487/7487 7486/7486
f 7477/7477 7486/7486 7476/7476
f 7486/7486 7487/7487 7476/7476
f 7488/7488 7476/7476 7487/7487
f 7473/7473 7476/7476 7488/7488
f 7473/7473 7475/7475 7476/7476
f 7474/7474 7475/7475 7473/7473
f 7473/7473 7488/7488 7493/7493
f 7465/7465 7474/7474 7473/7473
f 7465/7465 7473/7473 7472/7472
f 7467/7467 7466/7466 7469/7469
f 7465/7465 7472/7472 7471/7471
f 7465/7465 7471/7471 7466/7466
f 7464/7464 7468/7468 7465/7465
f 7464/7464 7465/7465 7466/7466
f 7464/7464 7466/7466 7467/7467
f 7485/7485 7469/7469 7494/7494
f 7469/7469 7485/7485 7467/7467
f 7470/7470 7467/7467 7485/7485
f 7495/7495 7470/7470 7485/7485
f 7464/7464 7467/7467 7470/7470
f 7502/7502 7496/7496 7503/7503
f 7496/7496 7497/7497 7498/7498
f 7501/7501 7496/7496 7502/7502
f 7497/7497 7496/7496 7501/7501
f 7499/7499 7498/7498 7497/7497
f 7500/7500 7498/7498 7499/7499
f 7504/7504 7506/7506 7510/7510
f 7514/7514 7515/7515 7516/7516
f 7507/7507 7508/7508 7509/7509
f 7507/7507 7505/7505 7508/7508
f 7504/7504 7505/7505 7506/7506
f 7506/7506 7505/7505 7507/7507
f 7511/7511 7512/7512 7510/7510
f 7511/7511 7510/7510 7506/7506
f 7511/7511 7506/7506 7513/7513
f 7523/7523 7522/7522 7528/7528
f 7521/7521 7523/7523 7524/7524
f 7523/7523 7527/7527 7524/7524
f 7517/7517 7518/7518 7519/7519
f 7526/7526 7525/7525 7521/7521
f 7517/7517 7519/7519 7520/7520
f 7522/7522 7525/7525 7528/7528
f 7525/7525 7522/7522 7521/7521
f 7521/7521 7522/7522 7523/7523
f 7532/7532 7534/7534 7535/7535
f 7532/7532 7533/7533 7534/7534
f 7536/7536 7534/7534 7533/7533
f 7529/7529 7530/7530 7531/7531
f 7539/7539 7542/7542 7541/7541
f 7541/7541 7537/7537 7539/7539
f 7537/7537 7538/7538 7539/7539
f 7540/7540 7539/7539 7538/7538
f 7543/7543 7544/7544 7545/7545
f 7546/7546 7544/7544 7543/7543
f 7546/7546 7543/7543 7547/7547
f 7545/7545 7549/7549 7543/7543
f 7546/7546 7547/7547 7548/7548
f 7553/7553 7556/7556 7554/7554
f 7553/7553 7554/7554 7555/7555
f 7543/7543 7552/7552 7547/7547
f 7547/7547 7551/7551 7548/7548
f 7545/7545 7550/7550 7549/7549
f 7563/7563 7558/7558 7561/7561
f 7559/7559 7564/7564 7560/7560
f 7560/7560 7564/7564 7565/7565
f 7559/7559 7560/7560 7557/7557
f 7557/7557 7558/7558 7559/7559
f 7557/7557 7561/7561 7558/7558
f 7561/7561 7557/7557 7562/7562
f 7566/7566 7567/7567 7568/7568
f 7618/7618 7620/7620 7619/7619
f 7617/7617 7618/7618 7619/7619
f 7616/7616 7618/7618 7617/7617
f 7614/7614 7616/7616 7617/7617
f 7586/7586 7574/7574 7587/7587
f 7576/7576 7574/7574 7586/7586
f 7592/7592 7594/7594 7593/7593
f 7609/7609 7597/7597 7608/7608
f 7597/7597 7594/7594 7608/7608
f 7597/7597 7593/7593 7594/7594
f 7609/7609 7593/7593 7597/7597
f 7609/7609 7608/7608 7612/7612
f 7589/7589 7593/7593 7609/7609
f 7615/7615 7616/7616 7614/7614
f 7614/7614 7613/7613 7615/7615
f 7611/7611 7612/7612 7613/7613
f 7611/7611 7613/7613 7614/7614
f 7609/7609 7612/7612 7611/7611
f 7610/7610 7609/7609 7611/7611
f 7589/7589 7609/7609 7610/7610
f 7574/7574 7589/7589 7588/7588
f 7574/7574 7588/7588 7587/7587
f 7570/7570 7574/7574 7576/7576
f 7621/7621 7623/7623 7622/7622
f 7603/7603 7602/7602 7607/7607
f 7602/7602 7603/7603 7600/7600
f 7607/7607 7621/7621 7622/7622
f 7606/7606 7621/7621 7607/7607
f 7606/7606 7607/7607 7602/7602
f 7591/7591 7593/7593 7590/7590
f 7598/7598 7604/7604 7595/7595
f 7591/7591 7595/7595 7592/7592
f 7596/7596 7595/7595 7591/7591
f 7591/7591 7592/7592 7593/7593
f 7606/7606 7602/7602 7601/7601
f 7596/7596 7598/7598 7595/7595
f 7599/7599 7598/7598 7596/7596
f 7605/7605 7599/7599 7624/7624
f 7600/7600 7604/7604 7598/7598
f 7603/7603 7604/7604 7600/7600
f 7599/7599 7600/7600 7598/7598
f 7601/7601 7602/7602 7600/7600
f 7601/7601 7600/7600 7599/7599
f 7605/7605 7601/7601 7599/7599
f 7590/7590 7593/7593 7589/7589
f 7575/7575 7589/7589 7574/7574
f 7575/7575 7590/7590 7589/7589
f 7596/7596 7591/7591 7590/7590
f 7596/7596 7590/7590 7584/7584
f 7585/7585 7596/7596 7584/7584
f 7584/7584 7590/7590 7575/7575
f 7577/7577 7584/7584 7575/7575
f 7573/7573 7574/7574 7570/7570
f 7575/7575 7574/7574 7573/7573
f 7570/7570 7569/7569 7573/7573
f 7573/7573 7577/7577 7575/7575
f 7571/7571 7570/7570 7572/7572
f 7569/7569 7570/7570 7571/7571
f 7581/7581 7585/7585 7584/7584
f 7577/7577 7581/7581 7584/7584
f 7579/7579 7577/7577 7578/7578
f 7578/7578 7577/7577 7573/7573
f 7625/7625 7626/7626 7627/7627
f 7580/7580 7581/7581 7577/7577
f 7582/7582 7581/7581 7580/7580
f 7580/7580 7577/7577 7579/7579
f 7582/7582 7580/7580 7583/7583
f 7628/7628 7629/7629 7630/7630
f 7631/7631 7632/7632 7633/7633
f 7654/7654 7653/7653 7655/7655
f 7652/7652 7653/7653 7654/7654
f 7637/7637 7638/7638 7639/7639
f 7645/7645 7638/7638 7634/7634
f 7646/7646 7647/7647 7644/7644
f 7634/7634 7644/7644 7645/7645
f 7646/7646 7644/7644 7634/7634
f 7637/7637 7634/7634 7638/7638
f 7635/7635 7634/7634 7637/7637
f 7634/7634 7635/7635 7636/7636
f 7651/7651 7653/7653 7652/7652
f 7647/7647 7651/7651 7652/7652
f 7649/7649 7651/7651 7647/7647
f 7646/7646 7648/7648 7647/7647
f 7648/7648 7649/7649 7647/7647
f 7650/7650 7649/7649 7648/7648
f 7641/7641 7639/7639 7643/7643
f 7641/7641 7640/7640 7639/7639
f 7639/7639 7640/7640 7637/7637
f 7642/7642 7640/7640 7641/7641
f 7656/7656 7658/7658 7661/7661
f 7656/7656 7657/7657 7658/7658
f 7659/7659 7658/7658 7657/7657
f 7659/7659 7657/7657 7660/7660
f 7664/7664 7663/7663 7665/7665
f 7662/7662 7663/7663 7664/7664
f 7672/7672 7671/7671 7669/7669
f 7676/7676 7672/7672 7669/7669
f 7668/7668 7677/7677 7666/7666
f 7666/7666 7677/7677 7670/7670
f 7679/7679 7667/7667 7680/7680
f 7667/7667 7666/7666 7670/7670
f 7666/7666 7667/7667 7668/7668
f 7667/7667 7679/7679 7669/7669
f 7669/7669 7668/7668 7667/7667
f 7669/7669 7671/7671 7668/7668
f 7671/7671 7673/7673 7668/7668
f 7674/7674 7668/7668 7673/7673
f 7674/7674 7677/7677 7668/7668
f 7677/7677 7674/7674 7678/7678
f 7673/7673 7675/7675 7674/7674
f 7674/7674 7675/7675 7678/7678
f 7695/7695 7694/7694 7693/7693
f 7688/7688 7693/7693 7694/7694
f 7693/7693 7688/7688 7690/7690
f 7682/7682 7690/7690 7688/7688
f 7681/7681 7682/7682 7683/7683
f 7682/7682 7688/7688 7683/7683
f 7690/7690 7682/7682 7691/7691
f 7682/7682 7692/7692 7691/7691
f 7684/7684 7697/7697 7696/7696
f 7681/7681 7684/7684 7696/7696
f 7681/7681 7683/7683 7684/7684
f 7681/7681 7696/7696 7685/7685
f 7681/7681 7685/7685 7682/7682
f 7689/7689 7692/7692 7682/7682
f 7687/7687 7689/7689 7682/7682
f 7686/7686 7682/7682 7685/7685
f 7687/7687 7682/7682 7686/7686
f 7698/7698 7686/7686 7685/7685
f 7686/7686 7698/7698 7699/7699
f 7707/7707 7705/7705 7709/7709
f 7710/7710 7714/7714 7715/7715
f 7715/7715 7714/7714 7716/7716
f 7715/7715 7716/7716 7717/7717
f 7704/7704 7705/7705 7706/7706
f 7705/7705 7707/7707 7706/7706
f 7708/7708 7706/7706 7707/7707
f 7710/7710 7711/7711 7712/7712
f 7712/7712 7711/7711 7713/7713
f 7714/7714 7710/7710 7712/7712
f 7700/7700 7701/7701 7702/7702
f 7711/7711 7718/7718 7713/7713
f 7702/7702 7703/7703 7700/7700
f 7719/7719 7720/7720 7721/7721
f 7728/7728 7730/7730 7724/7724
f 7728/7728 7731/7731 7730/7730
f 7723/7723 7728/7728 7724/7724
f 7729/7729 7728/7728 7723/7723
f 7731/7731 7728/7728 7729/7729
f 7725/7725 7727/7727 7726/7726
f 7725/7725 7722/7722 7733/7733
f 7726/7726 7723/7723 7725/7725
f 7733/7733 7722/7722 7732/7732
f 7722/7722 7724/7724 7732/7732
f 7725/7725 7723/7723 7722/7722
f 7722/7722 7723/7723 7724/7724
f 7737/7737 7734/7734 7736/7736
f 7734/7734 7735/7735 7736/7736
f 7741/7741 7739/7739 7742/7742
f 7738/7738 7739/7739 7740/7740
f 7741/7741 7740/7740 7739/7739
f 7745/7745 7746/7746 7747/7747
f 7743/7743 7740/7740 7741/7741
f 7748/7748 7745/7745 7747/7747
f 7744/7744 7740/7740 7743/7743
f 7749/7749 7745/7745 7748/7748
f 7750/7750 7751/7751 7752/7752
f 7751/7751 7753/7753 7752/7752
f 7754/7754 7755/7755 7756/7756
f 7763/7763 7764/7764 7762/7762
f 7761/7761 7763/7763 7762/7762
f 7757/7757 7754/7754 7756/7756
f 7761/7761 7756/7756 7755/7755
f 7762/7762 7756/7756 7761/7761
f 7760/7760 7754/7754 7759/7759
f 7758/7758 7754/7754 7757/7757
f 7758/7758 7759/7759 7754/7754
f 7769/7769 7767/7767 7766/7766
f 7767/7767 7768/7768 7765/7765
f 7765/7765 7766/7766 7767/7767
f 7770/7770 7772/7772 7774/7774
f 7784/7784 7783/7783 7782/7782
f 7777/7777 7773/7773 7770/7770
f 7777/7777 7780/7780 7779/7779
f 7773/7773 7777/7777 7779/7779
f 7781/7781 7782/7782 7783/7783
f 7771/7771 7770/7770 7773/7773
f 7770/7770 7771/7771 7772/7772
f 7778/7778 7772/7772 7776/7776
f 7775/7775 7772/7772 7771/7771
f 7772/7772 7775/7775 7776/7776
f 7790/7790 7788/7788 7787/7787
f 7785/7785 7789/7789 7786/7786
f 7785/7785 7786/7786 7787/7787
f 7785/7785 7787/7787 7788/7788
f 7791/7791 7792/7792 7793/7793
f 7793/7793 7792/7792 7794/7794
f 7799/7799 7800/7800 7796/7796
f 7801/7801 7797/7797 7796/7796
f 7801/7801 7802/7802 7797/7797
f 7795/7795 7796/7796 7797/7797
f 7803/7803 7797/7797 7802/7802
f 7799/7799 7795/7795 7804/7804
f 7796/7796 7795/7795 7799/7799
f 7795/7795 7797/7797 7798/7798
f 7798/7798 7804/7804 7795/7795
f 7805/7805 7806/7806 7807/7807
f 7807/7807 7808/7808 7805/7805
f 7822/7822 7823/7823 7816/7816
f 7815/7815 7820/7820 7819/7819
f 7815/7815 7813/7813 7812/7812
f 7819/7819 7813/7813 7815/7815
f 7820/7820 7821/7821 7819/7819
f 7818/7818 7817/7817 7814/7814
f 7817/7817 7812/7812 7814/7814
f 7814/7814 7813/7813 7816/7816
f 7812/7812 7813/7813 7814/7814
f 7813/7813 7822/7822 7816/7816
f 7809/7809 7810/7810 7811/7811
f 7824/7824 7825/7825 7826/7826
f 7827/7827 7828/7828 7829/7829
f 7830/7830 7831/7831 7832/7832
f 7833/7833 7834/7834 7835/7835
f 7836/7836 7837/7837 7838/7838
f 7839/7839 7840/7840 7841/7841
f 7842/7842 7843/7843 7844/7844
f 7843/7843 7842/7842 7845/7845
f 7851/7851 7852/7852 7853/7853
f 7848/7848 7847/7847 7850/7850
f 7847/7847 7846/7846 7849/7849
f 7846/7846 7847/7847 7848/7848
f 7854/7854 7858/7858 7855/7855
f 7856/7856 7855/7855 7857/7857
f 7854/7854 7855/7855 7856/7856
f 7870/7870 7868/7868 7869/7869
f 7869/7869 7868/7868 7861/7861
f 7871/7871 7872/7872 7873/7873
f 7867/7867 7861/7861 7868/7868
f 7867/7867 7859/7859 7861/7861
f 7874/7874 7875/7875 7876/7876
f 7874/7874 7876/7876 7877/7877
f 7860/7860 7864/7864 7865/7865
f 7863/7863 7864/7864 7860/7860
f 7860/7860 7862/7862 7863/7863
f 7859/7859 7860/7860 7861/7861
f 7860/7860 7859/7859 7862/7862
f 7862/7862 7866/7866 7863/7863
f 7863/7863 7866/7866 7864/7864
f 7878/7878 7879/7879 7880/7880
f 7881/7881 7882/7882 7883/7883
f 7890/7890 7885/7885 7891/7891
f 7885/7885 7890/7890 7889/7889
f 7886/7886 7885/7885 7889/7889
f 7884/7884 7885/7885 7886/7886
f 7892/7892 7884/7884 7886/7886
f 7887/7887 7885/7885 7884/7884
f 7887/7887 7884/7884 7888/7888
f 7892/7892 7886/7886 7893/7893
f 7886/7886 7894/7894 7893/7893
f 7895/7895 7884/7884 7892/7892
f 7896/7896 7884/7884 7895/7895
f 7896/7896 7888/7888 7884/7884
f 7926/7926 7923/7923 7927/7927
f 7924/7924 7923/7923 7926/7926
f 7923/7923 7921/7921 7922/7922
f 7921/7921 7923/7923 7924/7924
f 7921/7921 7924/7924 7925/7925
f 7919/7919 7914/7914 7922/7922
f 7919/7919 7922/7922 7921/7921
f 7899/7899 7913/7913 7914/7914
f 7925/7925 7920/7920 7921/7921
f 7919/7919 7921/7921 7920/7920
f 7918/7918 7914/7914 7919/7919
f 7898/7898 7913/7913 7899/7899
f 7902/7902 7903/7903 7898/7898
f 7918/7918 7919/7919 7920/7920
f 7917/7917 7899/7899 7918/7918
f 7928/7928 7901/7901 7917/7917
f 7901/7901 7928/7928 7929/7929
f 7899/7899 7914/7914 7918/7918
f 7900/7900 7909/7909 7902/7902
f 7902/7902 7898/7898 7900/7900
f 7901/7901 7899/7899 7917/7917
f 7900/7900 7898/7898 7897/7897
f 7897/7897 7898/7898 7899/7899
f 7897/7897 7899/7899 7901/7901
f 7904/7904 7903/7903 7902/7902
f 7903/7903 7904/7904 7905/7905
f 7904/7904 7906/7906 7905/7905
f 7910/7910 7909/7909 7900/7900
f 7910/7910 7911/7911 7909/7909
f 7912/7912 7911/7911 7910/7910
f 7907/7907 7906/7906 7904/7904
f 7915/7915 7906/7906 7908/7908
f 7915/7915 7908/7908 7916/7916
f 7908/7908 7906/7906 7907/7907
f 7930/7930 7940/7940 7934/7934
f 7930/7930 7931/7931 7932/7932
f 7930/7930 7933/7933 7931/7931
f 7937/7937 7930/7930 7932/7932
f 7938/7938 7942/7942 7930/7930
f 7938/7938 7930/7930 7937/7937
f 7937/7937 7932/7932 7939/7939
f 7941/7941 7934/7934 7940/7940
f 7930/7930 7934/7934 7933/7933
f 7931/7931 7933/7933 7935/7935
f 7935/7935 7933/7933 7936/7936
f 7943/7943 7945/7945 7946/7946
f 7947/7947 7944/7944 7943/7943
f 7943/7943 7944/7944 7945/7945
f 7948/7948 7953/7953 7952/7952
f 7949/7949 7948/7948 7952/7952
f 7948/7948 7949/7949 7950/7950
f 7949/7949 7951/7951 7950/7950
f 7954/7954 7955/7955 7956/7956
f 7968/7968 7967/7967 7965/7965
f 7961/7961 7959/7959 7958/7958
f 7962/7962 7961/7961 7958/7958
f 7957/7957 7958/7958 7959/7959
f 7967/7967 7961/7961 7963/7963
f 7963/7963 7961/7961 7962/7962
f 7965/7965 7967/7967 7963/7963
f 7963/7963 7964/7964 7965/7965
f 7964/7964 7963/7963 7962/7962
f 7966/7966 7965/7965 7964/7964
f 7969/7969 7962/7962 7958/7958
f 7966/7966 7970/7970 7965/7965
f 7971/7971 7965/7965 7970/7970
f 7957/7957 7959/7959 7960/7960
f 7960/7960 7973/7973 7972/7972
f 7957/7957 7960/7960 7972/7972
f 7957/7957 7969/7969 7958/7958
f 7969/7969 7957/7957 7977/7977
f 7977/7977 7957/7957 7972/7972
f 7974/7974 7977/7977 7972/7972
f 7974/7974 7972/7972 7973/7973
f 7975/7975 7974/7974 7973/7973
f 7975/7975 7973/7973 7976/7976
f 7978/7978 7980/7980 7981/7981
f 7979/7979 7982/7982 7980/7980
f 7978/7978 7979/7979 7980/7980
f 7986/7986 7985/7985 7984/7984
f 7985/7985 7988/7988 7987/7987
f 7983/7983 7984/7984 7985/7985
f 7987/7987 7983/7983 7985/7985
f 8002/8002 8003/8003 8001/8001
f 8002/8002 7996/7996 8010/8010
f 7996/7996 8002/8002 8001/8001
f 7996/7996 8001/8001 8000/8000
f 7997/7997 7996/7996 8000/8000
f 7996/7996 8021/8021 8010/8010
f 7996/7996 7994/7994 8021/8021
f 7994/7994 7996/7996 7992/7992
f 7996/7996 7997/7997 7992/7992
f 7998/7998 7992/7992 7997/7997
f 7999/7999 7992/7992 7998/7998
f 7990/7990 7994/7994 7992/7992
f 7991/7991 7992/7992 7999/7999
f 7990/7990 7992/7992 7991/7991
f 7989/7989 7990/7990 7991/7991
f 7998/7998 7997/7997 8023/8023
f 8008/8008 7999/7999 7998/7998
f 8008/8008 7998/7998 8024/8024
f 8009/8009 7999/7999 8008/8008
f 8024/8024 8032/8032 8008/8008
f 8018/8018 8017/8017 8020/8020
f 8018/8018 8016/8016 8017/8017
f 8016/8016 8015/8015 8017/8017
f 8013/8013 8015/8015 8016/8016
f 8022/8022 8019/8019 8016/8016
f 8013/8013 8016/8016 8019/8019
f 7993/7993 7990/7990 7989/7989
f 7989/7989 7995/7995 7993/7993
f 8031/8031 7995/7995 8025/8025
f 8025/8025 8030/8030 8031/8031
f 8030/8030 8027/8027 8033/8033
f 8027/8027 8030/8030 8025/8025
f 8042/8042 8041/8041 8036/8036
f 8039/8039 8038/8038 8040/8040
f 8038/8038 8039/8039 8035/8035
f 8013/8013 8012/8012 8014/8014
f 8011/8011 8012/8012 8013/8013
f 8004/8004 8012/8012 8011/8011
f 7995/7995 7989/7989 8004/8004
f 8005/8005 7995/7995 8004/8004
f 8011/8011 8006/8006 8004/8004
f 8005/8005 8004/8004 8006/8006
f 7995/7995 8005/8005 8007/8007
f 8025/8025 7995/7995 8007/8007
f 8026/8026 8007/8007 8028/8028
f 8025/8025 8007/8007 8026/8026
f 8043/8043 8044/8044 8045/8045
f 8034/8034 8037/8037 8035/8035
f 8013/8013 8014/8014 8015/8015
f 8034/8034 8035/8035 8036/8036
f 8035/8035 8037/8037 8038/8038
f 8034/8034 8036/8036 8041/8041
f 8026/8026 8028/8028 8029/8029
f 8027/8027 8025/8025 8026/8026
f 8062/8062 8064/8064 8066/8066
f 8066/8066 8064/8064 8068/8068
f 8046/8046 8047/8047 8048/8048
f 8056/8056 8053/8053 8050/8050
f 8053/8053 8051/8051 8050/8050
f 8046/8046 8049/8049 8047/8047
f 8053/8053 8054/8054 8051/8051
f 8065/8065 8064/8064 8063/8063
f 8054/8054 8055/8055 8051/8051
f 8050/8050 8051/8051 8052/8052
f 8052/8052 8051/8051 8058/8058
f 8062/8062 8063/8063 8064/8064
f 8059/8059 8052/8052 8058/8058
f 8052/8052 8057/8057 8050/8050
f 8059/8059 8058/8058 8060/8060
f 8064/8064 8069/8069 8068/8068
f 8067/8067 8062/8062 8066/8066
f 8061/8061 8059/8059 8060/8060
f 8073/8073 8071/8071 8070/8070
f 8070/8070 8071/8071 8072/8072
f 8070/8070 8076/8076 8073/8073
f 8076/8076 8070/8070 8074/8074
f 8077/8077 8076/8076 8075/8075
f 8074/8074 8075/8075 8076/8076
f 8077/8077 8075/8075 8078/8078
f 8081/8081 8082/8082 8079/8079
f 8079/8079 8080/8080 8081/8081
f 8080/8080 8083/8083 8081/8081
f 8081/8081 8083/8083 8084/8084
f 8085/8085 8086/8086 8087/8087
f 8088/8088 8089/8089 8090/8090
f 8101/8101 8102/8102 8100/8100
f 8100/8100 8097/8097 8101/8101
f 8097/8097 8100/8100 8095/8095
f 8095/8095 8096/8096 8097/8097
f 8096/8096 8095/8095 8093/8093
f 8103/8103 8107/8107 8108/8108
f 8103/8103 8104/8104 8105/8105
f 8109/8109 8108/8108 8107/8107
f 8095/8095 8091/8091 8093/8093
f 8103/8103 8106/8106 8107/8107
f 8093/8093 8092/8092 8094/8094
f 8105/8105 8106/8106 8103/8103
f 8091/8091 8092/8092 8093/8093
f 8110/8110 8111/8111 8105/8105
f 8110/8110 8105/8105 8104/8104
f 8092/8092 8098/8098 8094/8094
f 8099/8099 8098/8098 8092/8092
f 8091/8091 8099/8099 8092/8092
f 8113/8113 8112/8112 8115/8115
f 8112/8112 8113/8113 8114/8114
f 8116/8116 8114/8114 8113/8113
f 8117/8117 8118/8118 8119/8119
f 8120/8120 8119/8119 8118/8118
f 8123/8123 8126/8126 8127/8127
f 8123/8123 8122/8122 8126/8126
f 8121/8121 8122/8122 8123/8123
f 8122/8122 8121/8121 8124/8124
f 8124/8124 8121/8121 8125/8125
f 8131/8131 8129/8129 8134/8134
f 8131/8131 8130/8130 8129/8129
f 8128/8128 8129/8129 8130/8130
f 8130/8130 8133/8133 8132/8132
f 8130/8130 8132/8132 8128/8128
f 8140/8140 8141/8141 8142/8142
f 8136/8136 8138/8138 8137/8137
f 8135/8135 8136/8136 8137/8137
f 8139/8139 8136/8136 8135/8135
f 8143/8143 8144/8144 8145/8145
f 8145/8145 8146/8146 8143/8143
f 8200/8200 8197/8197 8199/8199
f 8196/8196 8199/8199 8197/8197
f 8197/8197 8198/8198 8189/8189
f 8196/8196 8197/8197 8189/8189
f 8191/8191 8189/8189 8198/8198
f 8190/8190 8189/8189 8191/8191
f 8192/8192 8191/8191 8195/8195
f 8191/8191 8192/8192 8190/8190
f 8193/8193 8190/8190 8192/8192
f 8188/8188 8189/8189 8190/8190
f 8194/8194 8190/8190 8193/8193
f 8148/8148 8150/8150 8149/8149
f 8147/8147 8148/8148 8149/8149
f 8201/8201 8200/8200 8199/8199
f 8151/8151 8148/8148 8147/8147
f 8152/8152 8151/8151 8147/8147
f 8151/8151 8152/8152 8155/8155
f 8196/8196 8202/8202 8199/8199
f 8187/8187 8202/8202 8196/8196
f 8152/8152 8201/8201 8202/8202
f 8202/8202 8201/8201 8199/8199
f 8178/8178 8202/8202 8187/8187
f 8178/8178 8152/8152 8202/8202
f 8152/8152 8178/8178 8155/8155
f 8179/8179 8151/8151 8155/8155
f 8187/8187 8196/8196 8189/8189
f 8185/8185 8187/8187 8188/8188
f 8187/8187 8189/8189 8188/8188
f 8186/8186 8178/8178 8187/8187
f 8184/8184 8178/8178 8186/8186
f 8186/8186 8187/8187 8185/8185
f 8185/8185 8184/8184 8186/8186
f 8153/8153 8155/8155 8178/8178
f 8153/8153 8154/8154 8155/8155
f 8153/8153 8178/8178 8184/8184
f 8153/8153 8184/8184 8161/8161
f 8183/8183 8184/8184 8185/8185
f 8161/8161 8184/8184 8183/8183
f 8174/8174 8161/8161 8183/8183
f 8174/8174 8162/8162 8161/8161
f 8162/8162 8158/8158 8161/8161
f 8168/8168 8162/8162 8174/8174
f 8156/8156 8179/8179 8155/8155
f 8156/8156 8181/8181 8179/8179
f 8181/8181 8156/8156 8180/8180
f 8180/8180 8156/8156 8175/8175
f 8180/8180 8175/8175 8182/8182
f 8176/8176 8182/8182 8175/8175
f 8180/8180 8182/8182 8203/8203
f 8177/8177 8182/8182 8176/8176
f 8177/8177 8204/8204 8203/8203
f 8177/8177 8203/8203 8182/8182
f 8156/8156 8155/8155 8154/8154
f 8175/8175 8156/8156 8154/8154
f 8175/8175 8154/8154 8157/8157
f 8157/8157 8154/8154 8153/8153
f 8176/8176 8164/8164 8177/8177
f 8176/8176 8175/8175 8157/8157
f 8176/8176 8157/8157 8173/8173
f 8164/8164 8176/8176 8173/8173
f 8158/8158 8153/8153 8161/8161
f 8157/8157 8153/8153 8158/8158
f 8168/8168 8167/8167 8162/8162
f 8167/8167 8158/8158 8162/8162
f 8158/8158 8159/8159 8157/8157
f 8158/8158 8167/8167 8166/8166
f 8160/8160 8173/8173 8157/8157
f 8159/8159 8160/8160 8157/8157
f 8160/8160 8164/8164 8173/8173
f 8159/8159 8158/8158 8166/8166
f 8170/8170 8166/8166 8169/8169
f 8167/8167 8168/8168 8166/8166
f 8169/8169 8166/8166 8168/8168
f 8159/8159 8166/8166 8171/8171
f 8171/8171 8166/8166 8170/8170
f 8207/8207 8209/8209 8210/8210
f 8204/8204 8207/8207 8203/8203
f 8209/8209 8207/8207 8204/8204
f 8208/8208 8209/8209 8204/8204
f 8204/8204 8205/8205 8208/8208
f 8211/8211 8208/8208 8205/8205
f 8177/8177 8205/8205 8204/8204
f 8205/8205 8177/8177 8206/8206
f 8163/8163 8164/8164 8160/8160
f 8165/8165 8164/8164 8163/8163
f 8212/8212 8208/8208 8211/8211
f 8163/8163 8160/8160 8159/8159
f 8159/8159 8165/8165 8163/8163
f 8165/8165 8159/8159 8172/8172
f 8172/8172 8159/8159 8171/8171
f 8217/8217 8213/8213 8218/8218
f 8214/8214 8213/8213 8217/8217
f 8214/8214 8217/8217 8219/8219
f 8213/8213 8214/8214 8215/8215
f 8216/8216 8215/8215 8214/8214
f 8216/8216 8214/8214 8220/8220
f 8216/8216 8220/8220 8221/8221
f 8221/8221 8220/8220 8222/8222
f 8226/8226 8224/8224 8223/8223
f 8223/8223 8224/8224 8225/8225
f 8227/8227 8223/8223 8225/8225
f 8228/8228 8229/8229 8230/8230
f 8235/8235 8234/8234 8231/8231
f 8231/8231 8232/8232 8233/8233
f 8234/8234 8232/8232 8231/8231
f 8232/8232 8234/8234 8236/8236
f 8232/8232 8236/8236 8237/8237
f 8233/8233 8232/8232 8239/8239
f 8232/8232 8238/8238 8239/8239
f 8237/8237 8238/8238 8232/8232
f 8240/8240 8246/8246 8247/8247
f 8240/8240 8242/8242 8246/8246
f 8240/8240 8241/8241 8242/8242
f 8246/8246 8248/8248 8247/8247
f 8244/8244 8241/8241 8243/8243
f 8243/8243 8241/8241 8240/8240
f 8244/8244 8243/8243 8245/8245
f 8253/8253 8252/8252 8258/8258
f 8254/8254 8249/8249 8253/8253
f 8259/8259 8250/8250 8260/8260
f 8249/8249 8250/8250 8251/8251
f 8251/8251 8252/8252 8249/8249
f 8252/8252 8253/8253 8249/8249
f 8259/8259 8257/8257 8250/8250
f 8250/8250 8257/8257 8251/8251
f 8256/8256 8251/8251 8257/8257
f 8251/8251 8256/8256 8255/8255
f 8251/8251 8255/8255 8252/8252
f 8262/8262 8267/8267 8263/8263
f 8263/8263 8264/8264 8261/8261
f 8261/8261 8262/8262 8263/8263
f 8265/8265 8261/8261 8264/8264
f 8265/8265 8266/8266 8261/8261
f 8268/8268 8269/8269 8270/8270
f 8272/8272 8273/8273 8274/8274
f 8271/8271 8268/8268 8270/8270
f 8275/8275 8278/8278 8276/8276
f 8275/8275 8276/8276 8277/8277
f 8293/8293 8295/8295 8294/8294
f 8290/8290 8293/8293 8294/8294
f 8292/8292 8293/8293 8290/8290
f 8287/8287 8290/8290 8289/8289
f 8292/8292 8290/8290 8291/8291
f 8291/8291 8290/8290 8287/8287
f 8289/8289 8288/8288 8287/8287
f 8291/8291 8306/8306 8307/8307
f 8306/8306 8291/8291 8287/8287
f 8286/8286 8287/8287 8288/8288
f 8307/8307 8306/8306 8308/8308
f 8296/8296 8306/8306 8287/8287
f 8308/8308 8306/8306 8305/8305
f 8309/8309 8308/8308 8305/8305
f 8287/8287 8286/8286 8285/8285
f 8286/8286 8284/8284 8285/8285
f 8287/8287 8285/8285 8296/8296
f 8283/8283 8296/8296 8285/8285
f 8283/8283 8285/8285 8284/8284
f 8282/8282 8283/8283 8284/8284
f 8305/8305 8306/8306 8302/8302
f 8302/8302 8306/8306 8296/8296
f 8305/8305 8302/8302 8304/8304
f 8296/8296 8300/8300 8302/8302
f 8282/8282 8280/8280 8283/8283
f 8280/8280 8282/8282 8281/8281
f 8279/8279 8280/8280 8281/8281
f 8297/8297 8302/8302 8300/8300
f 8297/8297 8304/8304 8302/8302
f 8297/8297 8300/8300 8298/8298
f 8303/8303 8297/8297 8299/8299
f 8297/8297 8298/8298 8299/8299
f 8299/8299 8298/8298 8301/8301
f 8327/8327 8329/8329 8326/8326
f 8325/8325 8327/8327 8326/8326
f 8323/8323 8326/8326 8340/8340
f 8323/8323 8340/8340 8339/8339
f 8321/8321 8323/8323 8339/8339
f 8341/8341 8321/8321 8339/8339
f 8320/8320 8321/8321 8341/8341
f 8320/8320 8341/8341 8342/8342
f 8319/8319 8320/8320 8342/8342
f 8319/8319 8342/8342 8335/8335
f 8318/8318 8335/8335 8338/8338
f 8325/8325 8326/8326 8323/8323
f 8325/8325 8323/8323 8324/8324
f 8322/8322 8324/8324 8323/8323
f 8322/8322 8323/8323 8321/8321
f 8321/8321 8310/8310 8322/8322
f 8310/8310 8321/8321 8320/8320
f 8310/8310 8320/8320 8319/8319
f 8318/8318 8310/8310 8319/8319
f 8310/8310 8318/8318 8311/8311
f 8318/8318 8319/8319 8335/8335
f 8310/8310 8311/8311 8312/8312
f 8313/8313 8312/8312 8311/8311
f 8314/8314 8313/8313 8311/8311
f 8330/8330 8331/8331 8332/8332
f 8332/8332 8331/8331 8333/8333
f 8334/8334 8333/8333 8331/8331
f 8333/8333 8334/8334 8336/8336
f 8337/8337 8336/8336 8334/8334
f 8318/8318 8338/8338 8317/8317
f 8311/8311 8318/8318 8317/8317
f 8317/8317 8315/8315 8311/8311
f 8315/8315 8314/8314 8311/8311
f 8316/8316 8314/8314 8315/8315
f 8316/8316 8315/8315 8328/8328
f 8316/8316 8328/8328 8330/8330
f 8328/8328 8331/8331 8330/8330
f 8353/8353 8346/8346 8354/8354
f 8345/8345 8346/8346 8353/8353
f 8344/8344 8346/8346 8345/8345
f 8346/8346 8344/8344 8352/8352
f 8353/8353 8354/8354 8355/8355
f 8356/8356 8355/8355 8357/8357
f 8355/8355 8356/8356 8353/8353
f 8356/8356 8345/8345 8353/8353
f 8343/8343 8344/8344 8345/8345
f 8347/8347 8344/8344 8343/8343
f 8347/8347 8352/8352 8344/8344
f 8352/8352 8347/8347 8349/8349
f 8347/8347 8343/8343 8348/8348
f 8349/8349 8347/8347 8348/8348
f 8351/8351 8349/8349 8350/8350
f 8350/8350 8349/8349 8348/8348
f 8366/8366 8363/8363 8368/8368
f 8365/8365 8363/8363 8366/8366
f 8365/8365 8361/8361 8363/8363
f 8361/8361 8362/8362 8363/8363
f 8372/8372 8371/8371 8369/8369
f 8369/8369 8371/8371 8368/8368
f 8368/8368 8363/8363 8362/8362
f 8362/8362 8369/8369 8368/8368
f 8387/8387 8384/8384 8383/8383
f 8387/8387 8388/8388 8384/8384
f 8372/8372 8375/8375 8371/8371
f 8375/8375 8372/8372 8376/8376
f 8393/8393 8383/8383 8386/8386
f 8377/8377 8376/8376 8372/8372
f 8385/8385 8386/8386 8383/8383
f 8383/8383 8384/8384 8385/8385
f 8380/8380 8386/8386 8385/8385
f 8380/8380 8385/8385 8382/8382
f 8390/8390 8384/8384 8388/8388
f 8382/8382 8378/8378 8380/8380
f 8365/8365 8370/8370 8367/8367
f 8365/8365 8367/8367 8361/8361
f 8389/8389 8391/8391 8392/8392
f 8389/8389 8387/8387 8391/8391
f 8388/8388 8387/8387 8389/8389
f 8361/8361 8364/8364 8362/8362
f 8361/8361 8373/8373 8364/8364
f 8378/8378 8379/8379 8380/8380
f 8358/8358 8359/8359 8360/8360
f 8379/8379 8381/8381 8380/8380
f 8394/8394 8395/8395 8396/8396
f 8374/8374 8364/8364 8373/8373
f 8400/8400 8403/8403 8399/8399
f 8397/8397 8398/8398 8399/8399
f 8405/8405 8400/8400 8398/8398
f 8406/8406 8400/8400 8405/8405
f 8398/8398 8400/8400 8399/8399
f 8402/8402 8401/8401 8399/8399
f 8397/8397 8401/8401 8404/8404
f 8399/8399 8401/8401 8397/8397
f 8411/8411 8408/8408 8412/8412
f 8409/8409 8408/8408 8411/8411
f 8407/8407 8408/8408 8409/8409
f 8410/8410 8409/8409 8413/8413
f 8409/8409 8410/8410 8407/8407
f 8414/8414 8410/8410 8413/8413
f 8420/8420 8421/8421 8422/8422
f 8416/8416 8415/8415 8418/8418
f 8416/8416 8419/8419 8417/8417
f 8415/8415 8416/8416 8417/8417
f 8426/8426 8429/8429 8431/8431
f 8429/8429 8427/8427 8430/8430
f 8426/8426 8427/8427 8429/8429
f 8426/8426 8424/8424 8427/8427
f 8423/8423 8425/8425 8428/8428
f 8423/8423 8424/8424 8425/8425
f 8436/8436 8437/8437 8438/8438
f 8424/8424 8426/8426 8425/8425
f 8438/8438 8439/8439 8440/8440
f 8437/8437 8439/8439 8438/8438
f 8437/8437 8441/8441 8439/8439
f 8432/8432 8433/8433 8434/8434
f 8439/8439 8441/8441 8442/8442
f 8435/8435 8432/8432 8434/8434
f 8443/8443 8444/8444 8445/8445
f 8447/8447 8446/8446 8450/8450
f 8446/8446 8447/8447 8448/8448
f 8449/8449 8446/8446 8448/8448
f 8451/8451 8453/8453 8454/8454
f 8451/8451 8452/8452 8453/8453
f 8455/8455 8458/8458 8456/8456
f 8455/8455 8456/8456 8457/8457
f 8459/8459 8460/8460 8461/8461
f 8461/8461 8462/8462 8459/8459
f 8464/8464 8470/8470 8469/8469
f 8463/8463 8468/8468 8464/8464
f 8463/8463 8464/8464 8465/8465
f 8471/8471 8465/8465 8469/8469
f 8464/8464 8469/8469 8465/8465
f 8465/8465 8466/8466 8463/8463
f 8465/8465 8467/8467 8466/8466
f 8475/8475 8476/8476 8477/8477
f 8472/8472 8473/8473 8474/8474
f 8480/8480 8479/8479 8484/8484
f 8484/8484 8485/8485 8480/8480
f 8485/8485 8486/8486 8480/8480
f 8481/8481 8479/8479 8478/8478
f 8478/8478 8479/8479 8480/8480
f 8482/8482 8481/8481 8478/8478
f 8483/8483 8478/8478 8480/8480
f 8480/8480 8486/8486 8483/8483
f 8483/8483 8482/8482 8478/8478
f 8487/8487 8482/8482 8483/8483
f 8523/8523 8524/8524 8522/8522
f 8521/8521 8497/8497 8522/8522
f 8497/8497 8523/8523 8522/8522
f 8497/8497 8521/8521 8520/8520
f 8496/8496 8497/8497 8495/8495
f 8489/8489 8498/8498 8499/8499
f 8490/8490 8489/8489 8491/8491
f 8488/8488 8493/8493 8489/8489
f 8488/8488 8489/8489 8490/8490
f 8488/8488 8494/8494 8493/8493
f 8497/8497 8520/8520 8495/8495
f 8496/8496 8495/8495 8494/8494
f 8495/8495 8520/8520 8493/8493
f 8498/8498 8489/8489 8493/8493
f 8494/8494 8495/8495 8493/8493
f 8508/8508 8509/8509 8500/8500
f 8504/8504 8503/8503 8505/8505
f 8492/8492 8490/8490 8501/8501
f 8503/8503 8506/8506 8505/8505
f 8505/8505 8506/8506 8507/8507
f 8500/8500 8509/8509 8510/8510
f 8508/8508 8500/8500 8504/8504
f 8500/8500 8502/8502 8488/8488
f 8504/8504 8500/8500 8503/8503
f 8492/8492 8488/8488 8490/8490
f 8500/8500 8488/8488 8492/8492
f 8500/8500 8492/8492 8503/8503
f 8517/8517 8514/8514 8509/8509
f 8514/8514 8517/8517 8518/8518
f 8508/8508 8519/8519 8509/8509
f 8515/8515 8516/8516 8513/8513
f 8515/8515 8513/8513 8512/8512
f 8514/8514 8511/8511 8509/8509
f 8509/8509 8511/8511 8510/8510
f 8512/8512 8513/8513 8510/8510
f 8511/8511 8512/8512 8510/8510
f 8527/8527 8530/8530 8531/8531
f 8528/8528 8527/8527 8526/8526
f 8527/8527 8528/8528 8530/8530
f 8529/8529 8526/8526 8525/8525
f 8525/8525 8526/8526 8527/8527
f 8527/8527 8532/8532 8525/8525
f 8543/8543 8544/8544 8542/8542
f 8540/8540 8534/8534 8533/8533
f 8541/8541 8543/8543 8542/8542
f 8541/8541 8542/8542 8540/8540
f 8540/8540 8533/8533 8541/8541
f 8533/8533 8534/8534 8535/8535
f 8535/8535 8534/8534 8536/8536
f 8537/8537 8535/8535 8536/8536
f 8536/8536 8539/8539 8538/8538
f 8538/8538 8537/8537 8536/8536
f 8538/8538 8539/8539 8545/8545
f 8548/8548 8547/8547 8549/8549
f 8546/8546 8547/8547 8548/8548
f 8558/8558 8561/8561 8560/8560
f 8550/8550 8558/8558 8560/8560
f 8556/8556 8550/8550 8555/8555
f 8550/8550 8552/8552 8555/8555
f 8550/8550 8551/8551 8552/8552
f 8554/8554 8562/8562 8555/8555
f 8552/8552 8554/8554 8555/8555
f 8553/8553 8552/8552 8551/8551
f 8554/8554 8563/8563 8562/8562
f 8553/8553 8554/8554 8552/8552
f 8566/8566 8567/8567 8568/8568
f 8564/8564 8565/8565 8563/8563
f 8554/8554 8564/8564 8563/8563
f 8568/8568 8569/8569 8566/8566
f 8559/8559 8558/8558 8557/8557
f 8557/8557 8558/8558 8550/8550
f 8556/8556 8557/8557 8550/8550
f 8575/8575 8577/8577 8576/8576
f 8571/8571 8575/8575 8576/8576
f 8575/8575 8571/8571 8570/8570
f 8570/8570 8571/8571 8572/8572
f 8572/8572 8573/8573 8574/8574
f 8573/8573 8572/8572 8571/8571
f 8587/8587 8583/8583 8584/8584
f 8581/8581 8584/8584 8583/8583
f 8586/8586 8583/8583 8587/8587
f 8583/8583 8586/8586 8582/8582
f 8583/8583 8582/8582 8581/8581
f 8580/8580 8582/8582 8586/8586
f 8580/8580 8581/8581 8582/8582
f 8578/8578 8585/8585 8579/8579
f 8580/8580 8579/8579 8581/8581
f 8592/8592 8591/8591 8590/8590
f 8593/8593 8594/8594 8595/8595
f 8595/8595 8598/8598 8593/8593
f 8598/8598 8599/8599 8593/8593
f 8578/8578 8579/8579 8580/8580
f 8588/8588 8585/8585 8578/8578
f 8590/8590 8588/8588 8589/8589
f 8588/8588 8590/8590 8591/8591
f 8588/8588 8578/8578 8589/8589
f 8597/8597 8594/8594 8596/8596
f 8596/8596 8594/8594 8593/8593
f 8605/8605 8601/8601 8606/8606
f 8601/8601 8605/8605 8602/8602
f 8600/8600 8602/8602 8603/8603
f 8601/8601 8600/8600 8607/8607
f 8600/8600 8601/8601 8602/8602
f 8603/8603 8604/8604 8600/8600
f 8622/8622 8621/8621 8626/8626
f 8627/8627 8628/8628 8629/8629
f 8623/8623 8618/8618 8625/8625
f 8623/8623 8608/8608 8618/8618
f 8621/8621 8618/8618 8619/8619
f 8621/8621 8622/8622 8618/8618
f 8614/8614 8610/8610 8611/8611
f 8609/8609 8612/8612 8611/8611
f 8611/8611 8615/8615 8616/8616
f 8615/8615 8611/8611 8612/8612
f 8615/8615 8617/8617 8616/8616
f 8618/8618 8610/8610 8619/8619
f 8608/8608 8610/8610 8618/8618
f 8608/8608 8609/8609 8610/8610
f 8610/8610 8620/8620 8619/8619
f 8610/8610 8609/8609 8611/8611
f 8608/8608 8623/8623 8624/8624
f 8613/8613 8612/8612 8609/8609
f 8631/8631 8637/8637 8632/8632
f 8630/8630 8631/8631 8632/8632
f 8631/8631 8630/8630 8633/8633
f 8634/8634 8633/8633 8630/8630
f 8634/8634 8630/8630 8635/8635
f 8636/8636 8634/8634 8635/8635
f 8640/8640 8638/8638 8635/8635
f 8635/8635 8638/8638 8636/8636
f 8641/8641 8644/8644 8643/8643
f 8645/8645 8644/8644 8641/8641
f 8636/8636 8639/8639 8642/8642
f 8636/8636 8638/8638 8639/8639
f 8638/8638 8641/8641 8639/8639
f 8641/8641 8643/8643 8639/8639
f 8646/8646 8647/8647 8648/8648
f 8651/8651 8646/8646 8652/8652
f 8650/8650 8646/8646 8651/8651
f 8647/8647 8646/8646 8650/8650
f 8649/8649 8648/8648 8647/8647
f 8658/8658 8657/8657 8659/8659
f 8653/8653 8654/8654 8655/8655
f 8656/8656 8657/8657 8658/8658
f 8658/8658 8660/8660 8656/8656
f 8664/8664 8663/8663 8666/8666
f 8664/8664 8661/8661 8663/8663
f 8661/8661 8662/8662 8663/8663
f 8665/8665 8663/8663 8662/8662
f 8669/8669 8668/8668 8671/8671
f 8667/8667 8668/8668 8669/8669
f 8668/8668 8670/8670 8672/8672
f 8670/8670 8668/8668 8667/8667
f 8672/8672 8670/8670 8673/8673
f 8676/8676 8677/8677 8674/8674
f 8674/8674 8675/8675 8676/8676
f 8675/8675 8678/8678 8676/8676
f 8680/8680 8702/8702 8685/8685
f 8685/8685 8681/8681 8680/8680
f 8697/8697 8685/8685 8705/8705
f 8685/8685 8697/8697 8681/8681
f 8691/8691 8681/8681 8697/8697
f 8705/8705 8706/8706 8697/8697
f 8699/8699 8691/8691 8697/8697
f 8698/8698 8691/8691 8699/8699
f 8707/8707 8697/8697 8706/8706
f 8698/8698 8699/8699 8700/8700
f 8700/8700 8699/8699 8701/8701
f 8683/8683 8686/8686 8688/8688
f 8684/8684 8686/8686 8683/8683
f 8683/8683 8682/8682 8679/8679
f 8684/8684 8683/8683 8679/8679
f 8687/8687 8686/8686 8684/8684
f 8689/8689 8684/8684 8679/8679
f 8689/8689 8687/8687 8684/8684
f 8680/8680 8682/8682 8702/8702
f 8679/8679 8682/8682 8680/8680
f 8689/8689 8679/8679 8691/8691
f 8694/8694 8689/8689 8691/8691
f 8689/8689 8694/8694 8692/8692
f 8690/8690 8687/8687 8689/8689
f 8690/8690 8689/8689 8692/8692
f 8693/8693 8690/8690 8692/8692
f 8679/8679 8680/8680 8681/8681
f 8691/8691 8679/8679 8681/8681
f 8694/8694 8691/8691 8698/8698
f 8695/8695 8694/8694 8696/8696
f 8694/8694 8695/8695 8693/8693
f 8693/8693 8692/8692 8694/8694
f 8704/8704 8708/8708 8709/8709
f 8695/8695 8703/8703 8704/8704
f 8704/8704 8703/8703 8708/8708
f 8695/8695 8696/8696 8703/8703
f 8713/8713 8715/8715 8714/8714
f 8713/8713 8714/8714 8712/8712
f 8712/8712 8711/8711 8713/8713
f 8718/8718 8716/8716 8717/8717
f 8711/8711 8710/8710 8716/8716
f 8716/8716 8710/8710 8717/8717
f 8710/8710 8711/8711 8712/8712
f 8719/8719 8720/8720 8721/8721
f 8722/8722 8720/8720 8719/8719
f 8723/8723 8724/8724 8725/8725
f 8725/8725 8726/8726 8723/8723
f 8729/8729 8732/8732 8727/8727
f 8738/8738 8737/8737 8734/8734
f 8734/8734 8736/8736 8740/8740
f 8733/8733 8727/8727 8732/8732
f 8733/8733 8735/8735 8727/8727
f 8734/8734 8735/8735 8736/8736
f 8736/8736 8735/8735 8733/8733
f 8735/8735 8734/8734 8737/8737
f 8737/8737 8739/8739 8735/8735
f 8727/8727 8728/8728 8729/8729
f 8727/8727 8730/8730 8728/8728
f 8739/8739 8727/8727 8735/8735
f 8730/8730 8731/8731 8728/8728
f 8746/8746 8743/8743 8742/8742
f 8745/8745 8741/8741 8744/8744
f 8741/8741 8742/8742 8743/8743
f 8744/8744 8741/8741 8743/8743
f 8747/8747 8748/8748 8749/8749
f 8748/8748 8747/8747 8750/8750
f 8751/8751 8752/8752 8753/8753
f 8763/8763 8754/8754 8756/8756
f 8754/8754 8755/8755 8756/8756
f 8755/8755 8754/8754 8757/8757
f 8754/8754 8763/8763 8762/8762
f 8758/8758 8757/8757 8754/8754
f 8758/8758 8759/8759 8757/8757
f 8761/8761 8754/8754 8762/8762
f 8761/8761 8762/8762 8764/8764
f 8758/8758 8754/8754 8761/8761
f 8760/8760 8757/8757 8759/8759
f 8767/8767 8766/8766 8769/8769
f 8765/8765 8766/8766 8767/8767
f 8767/8767 8768/8768 8765/8765
f 8770/8770 8771/8771 8772/8772
f 8776/8776 8773/8773 8775/8775
f 8773/8773 8776/8776 8777/8777
f 8778/8778 8777/8777 8776/8776
f 8773/8773 8774/8774 8775/8775
f 8779/8779 8775/8775 8774/8774
f 8774/8774 8780/8780 8779/8779
f 8781/8781 8782/8782 8783/8783
f 8784/8784 8785/8785 8786/8786
f 8784/8784 8786/8786 8787/8787
f 8784/8784 8787/8787 8788/8788
f 8789/8789 8791/8791 8792/8792
f 8790/8790 8789/8789 8788/8788
f 8789/8789 8784/8784 8788/8788
f 8795/8795 8797/8797 8796/8796
f 8793/8793 8795/8795 8796/8796
f 8798/8798 8797/8797 8795/8795
f 8793/8793 8794/8794 8795/8795
f 8793/8793 8785/8785 8794/8794
f 8786/8786 8785/8785 8793/8793
f 8790/8790 8791/8791 8789/8789
f 8801/8801 8804/8804 8805/8805
f 8806/8806 8801/8801 8805/8805
f 8801/8801 8800/8800 8804/8804
f 8799/8799 8800/8800 8801/8801
f 8802/8802 8800/8800 8799/8799
f 8803/8803 8799/8799 8801/8801
f 8808/8808 8810/8810 8809/8809
f 8807/8807 8808/8808 8809/8809
f 8813/8813 8817/8817 8814/8814
f 8811/8811 8813/8813 8814/8814
f 8818/8818 8817/8817 8813/8813
f 8811/8811 8812/8812 8813/8813
f 8815/8815 8812/8812 8811/8811
f 8815/8815 8816/8816 8812/8812
f 8816/8816 8815/8815 8819/8819
f 8826/8826 8827/8827 8829/8829
f 8826/8826 8820/8820 8827/8827
f 8826/8826 8821/8821 8820/8820
f 8832/8832 8833/8833 8834/8834
f 8821/8821 8826/8826 8828/8828
f 8820/8820 8821/8821 8822/8822
f 8826/8826 8829/8829 8828/8828
f 8821/8821 8828/8828 8829/8829
f 8823/8823 8822/8822 8821/8821
f 8824/8824 8823/8823 8821/8821
f 8825/8825 8823/8823 8824/8824
f 8824/8824 8830/8830 8825/8825
f 8824/8824 8831/8831 8830/8830
f 8835/8835 8836/8836 8837/8837
f 8840/8840 8839/8839 8842/8842
f 8841/8841 8838/8838 8840/8840
f 8838/8838 8843/8843 8839/8839
f 8838/8838 8839/8839 8840/8840
f 8849/8849 8844/8844 8846/8846
f 8849/8849 8850/8850 8844/8844
f 8844/8844 8845/8845 8846/8846
f 8845/8845 8848/8848 8846/8846
f 8847/8847 8848/8848 8845/8845
f 8844/8844 8847/8847 8845/8845
f 8851/8851 8859/8859 8857/8857
f 8852/8852 8851/8851 8857/8857
f 8851/8851 8852/8852 8853/8853
f 8853/8853 8855/8855 8851/8851
f 8853/8853 8856/8856 8855/8855
f 8854/8854 8853/8853 8852/8852
f 8852/8852 8858/8858 8860/8860
f 8858/8858 8852/8852 8857/8857
f 8865/8865 8866/8866 8864/8864
f 8864/8864 8863/8863 8865/8865
f 8861/8861 8863/8863 8864/8864
f 8861/8861 8862/8862 8863/8863
f 8862/8862 8861/8861 8867/8867
f 8862/8862 8869/8869 8863/8863
f 8868/8868 8862/8862 8867/8867
f 8878/8878 8879/8879 8880/8880
f 8874/8874 8875/8875 8872/8872
f 8872/8872 8873/8873 8874/8874
f 8872/8872 8871/8871 8873/8873
f 8870/8870 8871/8871 8872/8872
f 8876/8876 8871/8871 8870/8870
f 8876/8876 8870/8870 8877/8877
f 8881/8881 8882/8882 8883/8883
f 8892/8892 8888/8888 8893/8893
f 8889/8889 8888/8888 8892/8892
f 8887/8887 8888/8888 8889/8889
f 8890/8890 8888/8888 8887/8887
f 8890/8890 8887/8887 8891/8891
f 8884/8884 8885/8885 8886/8886
f 8921/8921 8922/8922 8923/8923
f 8899/8899 8904/8904 8900/8900
f 8899/8899 8905/8905 8904/8904
f 8898/8898 8899/8899 8894/8894
f 8894/8894 8899/8899 8900/8900
f 8898/8898 8894/8894 8897/8897
f 8894/8894 8896/8896 8897/8897
f 8914/8914 8919/8919 8918/8918
f 8896/8896 8902/8902 8897/8897
f 8897/8897 8902/8902 8903/8903
f 8921/8921 8920/8920 8922/8922
f 8914/8914 8920/8920 8921/8921
f 8918/8918 8915/8915 8914/8914
f 8914/8914 8915/8915 8916/8916
f 8916/8916 8920/8920 8914/8914
f 8924/8924 8915/8915 8918/8918
f 8915/8915 8924/8924 8917/8917
f 8915/8915 8917/8917 8916/8916
f 8894/8894 8895/8895 8896/8896
f 8901/8901 8895/8895 8894/8894
f 8910/8910 8895/8895 8901/8901
f 8910/8910 8907/8907 8895/8895
f 8907/8907 8912/8912 8913/8913
f 8908/8908 8907/8907 8910/8910
f 8906/8906 8907/8907 8908/8908
f 8912/8912 8907/8907 8906/8906
f 8906/8906 8908/8908 8909/8909
f 8911/8911 8906/8906 8909/8909
f 8927/8927 8929/8929 8925/8925
f 8932/8932 8925/8925 8939/8939
f 8934/8934 8925/8925 8932/8932
f 8926/8926 8925/8925 8934/8934
f 8925/8925 8926/8926 8927/8927
f 8932/8932 8931/8931 8934/8934
f 8935/8935 8934/8934 8931/8931
f 8936/8936 8931/8931 8933/8933
f 8930/8930 8931/8931 8932/8932
f 8931/8931 8930/8930 8933/8933
f 8933/8933 8937/8937 8936/8936
f 8938/8938 8936/8936 8937/8937
f 8935/8935 8926/8926 8934/8934
f 8926/8926 8928/8928 8927/8927
f 8943/8943 8942/8942 8941/8941
f 8940/8940 8941/8941 8942/8942
f 8946/8946 8947/8947 8948/8948
f 8940/8940 8944/8944 8945/8945
f 8940/8940 8942/8942 8944/8944
f 8955/8955 8954/8954 8950/8950
f 8956/8956 8954/8954 8955/8955
f 8952/8952 8953/8953 8950/8950
f 8960/8960 8961/8961 8962/8962
f 8961/8961 8960/8960 8963/8963
f 8950/8950 8949/8949 8952/8952
f 8951/8951 8950/8950 8954/8954
f 8949/8949 8950/8950 8951/8951
f 8957/8957 8958/8958 8949/8949
f 8957/8957 8949/8949 8951/8951
f 8959/8959 8958/8958 8957/8957
f 8964/8964 8965/8965 8966/8966
f 8972/8972 8971/8971 8968/8968
f 8969/8969 8968/8968 8971/8971
f 8967/8967 8968/8968 8969/8969
f 8969/8969 8970/8970 8967/8967
f 8968/8968 8973/8973 8972/8972
f 8987/8987 8975/8975 8988/8988
f 8992/8992 8993/8993 8994/8994
f 8988/8988 8989/8989 8987/8987
f 8991/8991 8990/8990 8989/8989
f 8990/8990 8987/8987 8989/8989
f 8987/8987 8979/8979 8975/8975
f 8995/8995 8994/8994 8993/8993
f 8974/8974 8983/8983 8975/8975
f 8983/8983 8974/8974 8984/8984
f 8984/8984 8985/8985 8986/8986
f 8985/8985 8984/8984 8974/8974
f 8975/8975 8979/8979 8976/8976
f 8974/8974 8975/8975 8976/8976
f 8977/8977 8974/8974 8976/8976
f 8977/8977 8978/8978 8974/8974
f 8985/8985 8974/8974 8978/8978
f 8980/8980 8976/8976 8979/8979
f 8979/8979 8981/8981 8980/8980
f 8981/8981 8982/8982 8980/8980
f 9001/9001 9007/9007 9006/9006
f 9006/9006 8996/8996 9001/9001
f 9008/9008 8996/8996 9006/9006
f 9003/9003 9004/9004 9005/9005
f 9002/9002 9004/9004 9003/9003
f 9002/9002 9003/9003 9001/9001
f 8998/8998 9002/9002 9001/9001
f 9001/9001 8996/8996 8998/8998
f 8996/8996 8997/8997 8998/8998
f 8999/8999 8997/8997 8996/8996
f 8999/8999 9000/9000 8997/8997
f 9011/9011 9012/9012 9022/9022
f 9007/9007 9008/9008 9006/9006
f 9011/9011 9007/9007 9012/9012
f 9010/9010 9007/9007 9011/9011
f 9009/9009 9008/9008 9007/9007
f 9017/9017 9008/9008 9009/9009
f 9009/9009 9007/9007 9010/9010
f 9017/9017 9019/9019 9008/9008
f 9019/9019 9017/9017 9023/9023
f 9009/9009 9015/9015 9017/9017
f 9015/9015 9016/9016 9021/9021
f 9014/9014 9016/9016 9015/9015
f 9010/9010 9013/9013 9009/9009
f 9014/9014 9015/9015 9009/9009
f 9014/9014 9009/9009 9013/9013
f 9018/9018 9016/9016 9014/9014
f 9020/9020 9016/9016 9018/9018
f 9027/9027 9028/9028 9029/9029
f 9024/9024 9025/9025 9026/9026
f 9041/9041 9037/9037 9042/9042
f 9037/9037 9041/9041 9038/9038
f 9043/9043 9042/9042 9037/9037
f 9037/9037 9038/9038 9039/9039
f 9030/9030 9031/9031 9032/9032
f 9031/9031 9033/9033 9032/9032
f 9030/9030 9032/9032 9034/9034
f 9034/9034 9032/9032 9033/9033
f 9044/9044 9045/9045 9046/9046
f 9033/9033 9035/9035 9036/9036
f 9040/9040 9037/9037 9039/9039
f 9047/9047 9048/9048 9049/9049
f 9050/9050 9051/9051 9052/9052
f 9050/9050 9052/9052 9053/9053
f 9054/9054 9056/9056 9061/9061
f 9054/9054 9055/9055 9056/9056
f 9054/9054 9061/9061 9060/9060
f 9057/9057 9054/9054 9058/9058
f 9060/9060 9058/9058 9054/9054
f 9061/9061 9056/9056 9062/9062
f 9063/9063 9061/9061 9062/9062
f 9059/9059 9056/9056 9055/9055
f 9055/9055 9054/9054 9057/9057
f 9056/9056 9064/9064 9062/9062
f 9065/9065 9064/9064 9059/9059
f 9056/9056 9059/9059 9064/9064
f 9066/9066 9067/9067 9068/9068
f 9067/9067 9066/9066 9069/9069
f 9070/9070 9071/9071 9072/9072
f 9074/9074 9075/9075 9076/9076
f 9070/9070 9072/9072 9073/9073
f 9080/9080 9081/9081 9082/9082
f 9084/9084 9083/9083 9086/9086
f 9083/9083 9084/9084 9085/9085
f 9077/9077 9078/9078 9079/9079
f 9095/9095 9096/9096 9093/9093
f 9087/9087 9088/9088 9089/9089
f 9090/9090 9091/9091 9092/9092
f 9093/9093 9094/9094 9095/9095
f 9092/9092 9088/9088 9090/9090
f 9088/9088 9092/9092 9089/9089
f 9097/9097 9098/9098 9099/9099
f 9100/9100 9101/9101 9102/9102
f 9102/9102 9101/9101 9103/9103
f 9101/9101 9104/9104 9103/9103
f 9105/9105 9107/9107 9108/9108
f 9105/9105 9106/9106 9107/9107
f 9107/9107 9106/9106 9109/9109
f 9118/9118 9120/9120 9119/9119
f 9115/9115 9118/9118 9119/9119
f 9113/9113 9115/9115 9114/9114
f 9112/9112 9114/9114 9110/9110
f 9117/9117 9121/9121 9122/9122
f 9117/9117 9122/9122 9124/9124
f 9122/9122 9126/9126 9124/9124
f 9125/9125 9117/9117 9124/9124
f 9123/9123 9117/9117 9125/9125
f 9118/9118 9115/9115 9113/9113
f 9113/9113 9114/9114 9112/9112
f 9111/9111 9113/9113 9112/9112
f 9110/9110 9111/9111 9112/9112
f 9117/9117 9110/9110 9121/9121
f 9116/9116 9111/9111 9110/9110
f 9116/9116 9110/9110 9117/9117
f 9117/9117 9123/9123 9116/9116
f 9127/9127 9128/9128 9129/9129
f 9129/9129 9128/9128 9130/9130
f 9132/9132 9133/9133 9134/9134
f 9131/9131 9127/9127 9129/9129
f 9146/9146 9147/9147 9148/9148
f 9139/9139 9135/9135 9140/9140
f 9137/9137 9141/9141 9138/9138
f 9135/9135 9136/9136 9137/9137
f 9136/9136 9135/9135 9139/9139
f 9137/9137 9138/9138 9135/9135
f 9142/9142 9139/9139 9143/9143
f 9136/9136 9139/9139 9142/9142
f 9138/9138 9141/9141 9144/9144
f 9145/9145 9144/9144 9141/9141
f 9157/9157 9151/9151 9155/9155
f 9151/9151 9157/9157 9160/9160
f 9154/9154 9161/9161 9155/9155
f 9159/9159 9153/9153 9151/9151
f 9151/9151 9153/9153 9149/9149
f 9149/9149 9150/9150 9151/9151
f 9151/9151 9150/9150 9154/9154
f 9159/9159 9151/9151 9160/9160
f 9158/9158 9154/9154 9150/9150
f 9155/9155 9151/9151 9154/9154
f 9149/9149 9152/9152 9150/9150
f 9150/9150 9156/9156 9158/9158
f 9156/9156 9150/9150 9152/9152
f 9167/9167 9163/9163 9166/9166
f 9171/9171 9163/9163 9167/9167
f 9166/9166 9163/9163 9165/9165
f 9162/9162 9165/9165 9163/9163
f 9162/9162 9163/9163 9164/9164
f 9162/9162 9170/9170 9165/9165
f 9164/9164 9163/9163 9168/9168
f 9168/9168 9163/9163 9171/9171
f 9169/9169 9164/9164 9168/9168
f 9172/9172 9173/9173 9174/9174
f 9174/9174 9173/9173 9175/9175
f 9176/9176 9172/9172 9174/9174
f 9184/9184 9180/9180 9183/9183
f 9177/9177 9183/9183 9180/9180
f 9178/9178 9180/9180 9199/9199
f 9177/9177 9180/9180 9178/9178
f 9177/9177 9178/9178 9179/9179
f 9177/9177 9179/9179 9181/9181
f 9179/9179 9182/9182 9181/9181
f 9178/9178 9199/9199 9198/9198
f 9182/9182 9179/9179 9185/9185
f 9178/9178 9198/9198 9197/9197
f 9186/9186 9197/9197 9198/9198
f 9186/9186 9196/9196 9197/9197
f 9186/9186 9187/9187 9188/9188
f 9193/9193 9186/9186 9188/9188
f 9188/9188 9187/9187 9189/9189
f 9189/9189 9190/9190 9188/9188
f 9192/9192 9194/9194 9193/9193
f 9193/9193 9196/9196 9186/9186
f 9192/9192 9193/9193 9188/9188
f 9192/9192 9188/9188 9191/9191
f 9191/9191 9188/9188 9190/9190
f 9187/9187 9195/9195 9189/9189
f 9209/9209 9203/9203 9201/9201
f 9207/9207 9201/9201 9200/9200
f 9200/9200 9201/9201 9202/9202
f 9202/9202 9201/9201 9203/9203
f 9204/9204 9208/9208 9205/9205
f 9200/9200 9204/9204 9205/9205
f 9202/9202 9204/9204 9200/9200
f 9206/9206 9204/9204 9202/9202
f 9211/9211 9214/9214 9215/9215
f 9214/9214 9211/9211 9210/9210
f 9210/9210 9211/9211 9212/9212
f 9212/9212 9213/9213 9210/9210
f 9217/9217 9220/9220 9218/9218
f 9216/9216 9217/9217 9218/9218
f 9216/9216 9219/9219 9217/9217
f 9221/9221 9216/9216 9218/9218
f 9238/9238 9239/9239 9222/9222
f 9237/9237 9236/9236 9232/9232
f 9232/9232 9236/9236 9222/9222
f 9238/9238 9236/9236 9244/9244
f 9238/9238 9222/9222 9236/9236
f 9231/9231 9232/9232 9222/9222
f 9222/9222 9230/9230 9231/9231
f 9222/9222 9224/9224 9230/9230
f 9222/9222 9223/9223 9224/9224
f 9224/9224 9223/9223 9225/9225
f 9224/9224 9225/9225 9227/9227
f 9240/9240 9245/9245 9239/9239
f 9240/9240 9239/9239 9238/9238
f 9226/9226 9223/9223 9229/9229
f 9223/9223 9226/9226 9225/9225
f 9229/9229 9235/9235 9233/9233
f 9229/9229 9233/9233 9226/9226
f 9246/9246 9247/9247 9248/9248
f 9243/9243 9244/9244 9236/9236
f 9241/9241 9236/9236 9237/9237
f 9236/9236 9241/9241 9243/9243
f 9227/9227 9225/9225 9234/9234
f 9228/9228 9225/9225 9226/9226
f 9225/9225 9228/9228 9234/9234
f 9246/9246 9249/9249 9247/9247
f 9226/9226 9242/9242 9228/9228
f 9250/9250 9253/9253 9251/9251
f 9250/9250 9251/9251 9252/9252
f 9266/9266 9267/9267 9265/9265
f 9265/9265 9264/9264 9266/9266
f 9257/9257 9264/9264 9265/9265
f 9264/9264 9257/9257 9256/9256
f 9256/9256 9257/9257 9254/9254
f 9254/9254 9255/9255 9256/9256
f 9258/9258 9255/9255 9254/9254
f 9259/9259 9255/9255 9258/9258
f 9255/9255 9259/9259 9260/9260
f 9268/9268 9269/9269 9270/9270
f 9258/9258 9263/9263 9259/9259
f 9269/9269 9268/9268 9271/9271
f 9259/9259 9261/9261 9260/9260
f 9262/9262 9261/9261 9259/9259
f 9272/9272 9268/9268 9270/9270
f 9276/9276 9277/9277 9278/9278
f 9273/9273 9274/9274 9275/9275
f 9279/9279 9277/9277 9276/9276
f 9279/9279 9276/9276 9280/9280
f 9281/9281 9279/9279 9280/9280
f 9281/9281 9280/9280 9282/9282
f 9283/9283 9279/9279 9281/9281
f 9286/9286 9282/9282 9280/9280
f 9279/9279 9283/9283 9284/9284
f 9285/9285 9284/9284 9283/9283
f 9308/9308 9309/9309 9307/9307
f 9307/9307 9309/9309 9310/9310
f 9294/9294 9306/9306 9307/9307
f 9294/9294 9303/9303 9306/9306
f 9307/9307 9305/9305 9308/9308
f 9305/9305 9307/9307 9306/9306
f 9305/9305 9306/9306 9303/9303
f 9304/9304 9305/9305 9303/9303
f 9304/9304 9303/9303 9302/9302
f 9302/9302 9303/9303 9294/9294
f 9302/9302 9294/9294 9296/9296
f 9293/9293 9316/9316 9292/9292
f 9287/9287 9288/9288 9289/9289
f 9290/9290 9288/9288 9287/9287
f 9288/9288 9291/9291 9289/9289
f 9292/9292 9291/9291 9293/9293
f 9289/9289 9291/9291 9292/9292
f 9311/9311 9307/9307 9310/9310
f 9297/9297 9311/9311 9314/9314
f 9312/9312 9297/9297 9314/9314
f 9297/9297 9307/9307 9311/9311
f 9294/9294 9307/9307 9297/9297
f 9295/9295 9297/9297 9312/9312
f 9295/9295 9312/9312 9313/9313
f 9320/9320 9321/9321 9322/9322
f 9295/9295 9294/9294 9297/9297
f 9294/9294 9295/9295 9296/9296
f 9298/9298 9296/9296 9295/9295
f 9298/9298 9315/9315 9296/9296
f 9316/9316 9315/9315 9298/9298
f 9316/9316 9293/9293 9315/9315
f 9299/9299 9298/9298 9295/9295
f 9299/9299 9295/9295 9300/9300
f 9299/9299 9300/9300 9301/9301
f 9295/9295 9313/9313 9300/9300
f 9323/9323 9320/9320 9322/9322
f 9320/9320 9319/9319 9321/9321
f 9317/9317 9319/9319 9320/9320
f 9317/9317 9318/9318 9319/9319
f 9323/9323 9322/9322 9324/9324
f 9330/9330 9329/9329 9331/9331
f 9329/9329 9330/9330 9325/9325
f 9329/9329 9325/9325 9327/9327
f 9325/9325 9326/9326 9327/9327
f 9328/9328 9326/9326 9325/9325
f 9328/9328 9332/9332 9326/9326
f 9333/9333 9334/9334 9335/9335
f 9337/9337 9335/9335 9334/9334
f 9335/9335 9336/9336 9333/9333
f 9339/9339 9340/9340 9341/9341
f 9342/9342 9340/9340 9339/9339
f 9336/9336 9335/9335 9338/9338
f 9347/9347 9345/9345 9344/9344
f 9352/9352 9347/9347 9353/9353
f 9347/9347 9352/9352 9348/9348
f 9348/9348 9345/9345 9347/9347
f 9348/9348 9352/9352 9354/9354
f 9343/9343 9350/9350 9344/9344
f 9343/9343 9345/9345 9346/9346
f 9346/9346 9349/9349 9343/9343
f 9355/9355 9356/9356 9357/9357
f 9343/9343 9344/9344 9345/9345
f 9351/9351 9350/9350 9343/9343
f 9359/9359 9358/9358 9361/9361
f 9360/9360 9362/9362 9358/9358
f 9358/9358 9359/9359 9360/9360
f 9360/9360 9363/9363 9362/9362
f 9368/9368 9366/9366 9367/9367
f 9372/9372 9366/9366 9368/9368
f 9367/9367 9366/9366 9365/9365
f 9364/9364 9365/9365 9366/9366
f 9369/9369 9366/9366 9371/9371
f 9366/9366 9369/9369 9364/9364
f 9364/9364 9369/9369 9370/9370
f 9372/9372 9371/9371 9366/9366
f 9376/9376 9374/9374 9373/9373
f 9373/9373 9374/9374 9375/9375
f 9381/9381 9382/9382 9383/9383
f 9385/9385 9384/9384 9383/9383
f 9377/9377 9378/9378 9379/9379
f 9383/9383 9384/9384 9381/9381
f 9379/9379 9378/9378 9380/9380
f 9391/9391 9392/9392 9393/9393
f 9386/9386 9387/9387 9388/9388
f 9387/9387 9386/9386 9389/9389
f 9390/9390 9386/9386 9388/9388
f 9395/9395 9394/9394 9397/9397
f 9394/9394 9395/9395 9396/9396
f 9396/9396 9395/9395 9398/9398
f 9402/9402 9401/9401 9400/9400
f 9399/9399 9400/9400 9401/9401
f 9404/9404 9407/9407 9406/9406
f 9404/9404 9406/9406 9405/9405
f 9403/9403 9405/9405 9408/9408
f 9403/9403 9404/9404 9405/9405
f 9403/9403 9408/9408 9409/9409
f 9413/9413 9414/9414 9415/9415
f 9410/9410 9411/9411 9412/9412
f 9423/9423 9417/9417 9422/9422
f 9425/9425 9417/9417 9423/9423
f 9417/9417 9416/9416 9420/9420
f 9416/9416 9417/9417 9418/9418
f 9420/9420 9422/9422 9417/9417
f 9419/9419 9416/9416 9418/9418
f 9421/9421 9416/9416 9419/9419
f 9427/9427 9418/9418 9428/9428
f 9427/9427 9426/9426 9418/9418
f 9419/9419 9418/9418 9426/9426
f 9424/9424 9418/9418 9417/9417
f 9429/9429 9419/9419 9426/9426
f 9436/9436 9437/9437 9438/9438
f 9433/9433 9434/9434 9435/9435
f 9430/9430 9431/9431 9432/9432
f 9443/9443 9441/9441 9445/9445
f 9441/9441 9443/9443 9439/9439
f 9439/9439 9440/9440 9441/9441
f 9442/9442 9439/9439 9444/9444
f 9442/9442 9440/9440 9439/9439
f 9444/9444 9446/9446 9442/9442
f 9447/9447 9448/9448 9449/9449
f 9450/9450 9447/9447 9449/9449
f 9455/9455 9457/9457 9451/9451
f 9452/9452 9451/9451 9454/9454
f 9455/9455 9451/9451 9453/9453
f 9451/9451 9452/9452 9453/9453
f 9456/9456 9453/9453 9452/9452
f 9452/9452 9458/9458 9456/9456
f 9459/9459 9458/9458 9452/9452
f 9462/9462 9463/9463 9460/9460
f 9464/9464 9463/9463 9462/9462
f 9465/9465 9461/9461 9460/9460
f 9466/9466 9461/9461 9465/9465
f 9460/9460 9461/9461 9462/9462
f 9471/9471 9468/9468 9467/9467
f 9467/9467 9468/9468 9469/9469
f 9472/9472 9467/9467 9470/9470
f 9470/9470 9467/9467 9469/9469
f 9469/9469 9473/9473 9470/9470
f 9474/9474 9475/9475 9476/9476
f 9475/9475 9477/9477 9476/9476
f 9487/9487 9488/9488 9482/9482
f 9481/9481 9487/9487 9482/9482
f 9479/9479 9491/9491 9490/9490
f 9479/9479 9481/9481 9482/9482
f 9489/9489 9479/9479 9490/9490
f 9480/9480 9479/9479 9489/9489
f 9478/9478 9481/9481 9479/9479
f 9478/9478 9479/9479 9480/9480
f 9478/9478 9480/9480 9483/9483
f 9483/9483 9484/9484 9485/9485
f 9483/9483 9480/9480 9484/9484
f 9485/9485 9484/9484 9486/9486
f 9492/9492 9493/9493 9494/9494
f 9495/9495 9496/9496 9497/9497
f 9497/9497 9496/9496 9498/9498
f 9496/9496 9495/9495 9502/9502
f 9501/9501 9495/9495 9500/9500
f 9495/9495 9497/9497 9500/9500
f 9502/9502 9495/9495 9503/9503
f 9502/9502 9503/9503 9504/9504
f 9502/9502 9499/9499 9496/9496
f 9496/9496 9499/9499 9498/9498
f 9513/9513 9510/9510 9512/9512
f 9513/9513 9512/9512 9514/9514
f 9512/9512 9515/9515 9514/9514
f 9517/9517 9523/9523 9524/9524
f 9510/9510 9513/9513 9516/9516
f 9516/9516 9523/9523 9517/9517
f 9517/9517 9524/9524 9507/9507
f 9510/9510 9516/9516 9517/9517
f 9507/9507 9510/9510 9517/9517
f 9507/9507 9506/9506 9510/9510
f 9505/9505 9506/9506 9507/9507
f 9522/9522 9524/9524 9523/9523
f 9508/9508 9524/9524 9522/9522
f 9508/9508 9522/9522 9518/9518
f 9507/9507 9524/9524 9508/9508
f 9508/9508 9505/9505 9507/9507
f 9505/9505 9508/9508 9518/9518
f 9521/9521 9518/9518 9522/9522
f 9521/9521 9520/9520 9518/9518
f 9511/9511 9512/9512 9510/9510
f 9511/9511 9510/9510 9506/9506
f 9506/9506 9505/9505 9509/9509
f 9509/9509 9505/9505 9519/9519
f 9518/9518 9519/9519 9505/9505
f 9519/9519 9518/9518 9520/9520
f 9525/9525 9519/9519 9520/9520
f 9526/9526 9525/9525 9520/9520
f 9528/9528 9531/9531 9532/9532
f 9529/9529 9537/9537 9536/9536
f 9534/9534 9537/9537 9529/9529
f 9534/9534 9529/9529 9528/9528
f 9527/9527 9528/9528 9529/9529
f 9528/9528 9527/9527 9530/9530
f 9528/9528 9530/9530 9531/9531
f 9535/9535 9529/9529 9536/9536
f 9529/9529 9535/9535 9527/9527
f 9533/9533 9532/9532 9531/9531
f 9541/9541 9538/9538 9543/9543
f 9541/9541 9539/9539 9538/9538
f 9538/9538 9539/9539 9540/9540
f 9539/9539 9541/9541 9544/9544
f 9544/9544 9541/9541 9545/9545
f 9540/9540 9546/9546 9547/9547
f 9546/9546 9540/9540 9542/9542
f 9539/9539 9542/9542 9540/9540
f 9548/9548 9549/9549 9550/9550
f 9551/9551 9548/9548 9550/9550
f 9552/9552 9548/9548 9551/9551
f 9549/9549 9555/9555 9556/9556
f 9556/9556 9555/9555 9557/9557
f 9548/9548 9555/9555 9549/9549
f 9553/9553 9548/9548 9552/9552
f 9553/9553 9554/9554 9548/9548
f 9559/9559 9558/9558 9561/9561
f 9558/9558 9559/9559 9560/9560
f 9560/9560 9559/9559 9562/9562
f 9572/9572 9573/9573 9571/9571
f 9575/9575 9573/9573 9574/9574
f 9572/9572 9574/9574 9573/9573
f 9569/9569 9574/9574 9572/9572
f 9563/9563 9564/9564 9565/9565
f 9563/9563 9565/9565 9566/9566
f 9570/9570 9563/9563 9566/9566
f 9569/9569 9571/9571 9565/9565
f 9571/9571 9569/9569 9572/9572
f 9564/9564 9569/9569 9565/9565
f 9577/9577 9568/9568 9576/9576
f 9563/9563 9567/9567 9564/9564
f 9568/9568 9564/9564 9567/9567
f 9568/9568 9567/9567 9576/9576
f 9578/9578 9568/9568 9577/9577
f 9579/9579 9581/9581 9583/9583
f 9584/9584 9585/9585 9586/9586
f 9579/9579 9580/9580 9581/9581
f 9579/9579 9582/9582 9580/9580
f 9591/9591 9611/9611 9590/9590
f 9588/9588 9596/9596 9591/9591
f 9589/9589 9588/9588 9590/9590
f 9588/9588 9591/9591 9590/9590
f 9607/9607 9603/9603 9605/9605
f 9607/9607 9605/9605 9608/9608
f 9603/9603 9600/9600 9602/9602
f 9612/9612 9613/9613 9614/9614
f 9600/9600 9601/9601 9602/9602
f 9599/9599 9601/9601 9600/9600
f 9595/9595 9599/9599 9600/9600
f 9615/9615 9614/9614 9613/9613
f 9604/9604 9602/9602 9606/9606
f 9602/9602 9604/9604 9603/9603
f 9605/9605 9603/9603 9604/9604
f 9609/9609 9603/9603 9607/9607
f 9587/9587 9588/9588 9589/9589
f 9596/9596 9597/9597 9591/9591
f 9588/9588 9598/9598 9596/9596
f 9592/9592 9598/9598 9588/9588
f 9592/9592 9588/9588 9587/9587
f 9592/9592 9593/9593 9594/9594
f 9593/9593 9592/9592 9587/9587
f 9595/9595 9593/9593 9599/9599
f 9593/9593 9595/9595 9594/9594
f 9610/9610 9609/9609 9607/9607
f 9610/9610 9595/9595 9609/9609
f 9637/9637 9636/9636 9632/9632
f 9626/9626 9636/9636 9633/9633
f 9632/9632 9636/9636 9626/9626
f 9626/9626 9633/9633 9624/9624
f 9625/9625 9626/9626 9624/9624
f 9632/9632 9626/9626 9631/9631
f 9631/9631 9626/9626 9625/9625
f 9616/9616 9622/9622 9617/9617
f 9622/9622 9623/9623 9617/9617
f 9620/9620 9617/9617 9623/9623
f 9617/9617 9620/9620 9618/9618
f 9616/9616 9617/9617 9618/9618
f 9624/9624 9633/9633 9634/9634
f 9624/9624 9634/9634 9635/9635
f 9635/9635 9634/9634 9638/9638
f 9639/9639 9635/9635 9638/9638
f 9624/9624 9622/9622 9616/9616
f 9621/9621 9624/9624 9616/9616
f 9625/9625 9624/9624 9627/9627
f 9627/9627 9624/9624 9621/9621
f 9628/9628 9627/9627 9621/9621
f 9619/9619 9621/9621 9616/9616
f 9619/9619 9616/9616 9618/9618
f 9619/9619 9628/9628 9621/9621
f 9627/9627 9629/9629 9625/9625
f 9629/9629 9631/9631 9625/9625
f 9630/9630 9629/9629 9627/9627
f 9628/9628 9630/9630 9627/9627
f 9652/9652 9651/9651 9650/9650
f 9650/9650 9651/9651 9648/9648
f 9650/9650 9648/9648 9649/9649
f 9648/9648 9641/9641 9649/9649
f 9649/9649 9652/9652 9650/9650
f 9647/9647 9641/9641 9648/9648
f 9642/9642 9641/9641 9647/9647
f 9640/9640 9641/9641 9642/9642
f 9643/9643 9642/9642 9646/9646
f 9642/9642 9643/9643 9640/9640
f 9644/9644 9640/9640 9643/9643
f 9645/9645 9644/9644 9643/9643
f 9655/9655 9654/9654 9659/9659
f 9653/9653 9655/9655 9658/9658
f 9653/9653 9654/9654 9655/9655
f 9656/9656 9654/9654 9653/9653
f 9657/9657 9656/9656 9653/9653
f 9660/9660 9661/9661 9662/9662
f 9679/9679 9677/9677 9678/9678
f 9681/9681 9679/9679 9678/9678
f 9671/9671 9672/9672 9668/9668
f 9680/9680 9673/9673 9668/9668
f 9668/9668 9672/9672 9680/9680
f 9675/9675 9667/9667 9674/9674
f 9666/9666 9674/9674 9667/9667
f 9667/9667 9669/9669 9664/9664
f 9667/9667 9664/9664 9666/9666
f 9668/9668 9673/9673 9665/9665
f 9664/9664 9663/9663 9666/9666
f 9663/9663 9664/9664 9665/9665
f 9676/9676 9663/9663 9665/9665
f 9677/9677 9663/9663 9676/9676
f 9673/9673 9676/9676 9665/9665
f 9677/9677 9676/9676 9678/9678
f 9682/9682 9683/9683 9684/9684
f 9669/9669 9667/9667 9670/9670
f 9671/9671 9664/9664 9669/9669
f 9664/9664 9671/9671 9668/9668
f 9665/9665 9664/9664 9668/9668
f 9705/9705 9687/9687 9706/9706
f 9687/9687 9705/9705 9704/9704
f 9689/9689 9688/9688 9702/9702
f 9704/9704 9702/9702 9688/9688
f 9685/9685 9687/9687 9688/9688
f 9688/9688 9687/9687 9704/9704
f 9689/9689 9690/9690 9685/9685
f 9685/9685 9688/9688 9689/9689
f 9691/9691 9690/9690 9689/9689
f 9689/9689 9701/9701 9691/9691
f 9701/9701 9702/9702 9703/9703
f 9689/9689 9702/9702 9701/9701
f 9698/9698 9697/9697 9700/9700
f 9699/9699 9695/9695 9698/9698
f 9699/9699 9714/9714 9713/9713
f 9711/9711 9699/9699 9713/9713
f 9711/9711 9713/9713 9712/9712
f 9710/9710 9711/9711 9712/9712
f 9708/9708 9709/9709 9707/9707
f 9706/9706 9707/9707 9705/9705
f 9708/9708 9707/9707 9706/9706
f 9697/9697 9695/9695 9696/9696
f 9695/9695 9697/9697 9698/9698
f 9696/9696 9695/9695 9692/9692
f 9692/9692 9695/9695 9694/9694
f 9692/9692 9694/9694 9693/9693
f 9685/9685 9692/9692 9693/9693
f 9692/9692 9685/9685 9690/9690
f 9686/9686 9711/9711 9710/9710
f 9686/9686 9710/9710 9687/9687
f 9685/9685 9686/9686 9687/9687
f 9691/9691 9692/9692 9690/9690
f 9715/9715 9716/9716 9717/9717
f 9716/9716 9720/9720 9717/9717
f 9717/9717 9720/9720 9719/9719
f 9718/9718 9715/9715 9717/9717
f 9719/9719 9718/9718 9717/9717
f 9730/9730 9736/9736 9733/9733
f 9731/9731 9730/9730 9733/9733
f 9730/9730 9721/9721 9729/9729
f 9734/9734 9729/9729 9726/9726
f 9725/9725 9721/9721 9724/9724
f 9721/9721 9726/9726 9729/9729
f 9726/9726 9735/9735 9734/9734
f 9725/9725 9726/9726 9721/9721
f 9727/9727 9726/9726 9725/9725
f 9727/9727 9735/9735 9726/9726
f 9722/9722 9730/9730 9731/9731
f 9732/9732 9722/9722 9731/9731
f 9737/9737 9722/9722 9732/9732
f 9739/9739 9738/9738 9737/9737
f 9739/9739 9737/9737 9740/9740
f 9739/9739 9740/9740 9741/9741
f 9742/9742 9739/9739 9741/9741
f 9744/9744 9743/9743 9741/9741
f 9742/9742 9741/9741 9743/9743
f 9721/9721 9730/9730 9722/9722
f 9722/9722 9728/9728 9723/9723
f 9737/9737 9728/9728 9722/9722
f 9728/9728 9737/9737 9738/9738
f 9724/9724 9721/9721 9723/9723
f 9721/9721 9722/9722 9723/9723
f 9745/9745 9741/9741 9746/9746
f 9744/9744 9741/9741 9745/9745
f 9798/9798 9799/9799 9795/9795
f 9800/9800 9799/9799 9798/9798
f 9800/9800 9798/9798 9801/9801
f 9750/9750 9755/9755 9748/9748
f 9794/9794 9793/9793 9795/9795
f 9796/9796 9794/9794 9797/9797
f 9793/9793 9794/9794 9791/9791
f 9791/9791 9794/9794 9796/9796
f 9791/9791 9796/9796 9750/9750
f 9791/9791 9792/9792 9793/9793
f 9795/9795 9793/9793 9798/9798
f 9798/9798 9793/9793 9792/9792
f 9790/9790 9792/9792 9791/9791
f 9788/9788 9791/9791 9750/9750
f 9755/9755 9750/9750 9796/9796
f 9790/9790 9791/9791 9788/9788
f 9789/9789 9790/9790 9788/9788
f 9800/9800 9801/9801 9802/9802
f 9751/9751 9747/9747 9752/9752
f 9753/9753 9751/9751 9752/9752
f 9788/9788 9751/9751 9757/9757
f 9788/9788 9750/9750 9751/9751
f 9747/9747 9748/9748 9749/9749
f 9748/9748 9747/9747 9750/9750
f 9747/9747 9751/9751 9750/9750
f 9789/9789 9788/9788 9760/9760
f 9760/9760 9788/9788 9757/9757
f 9760/9760 9757/9757 9756/9756
f 9757/9757 9751/9751 9756/9756
f 9756/9756 9751/9751 9754/9754
f 9756/9756 9758/9758 9759/9759
f 9758/9758 9756/9756 9754/9754
f 9758/9758 9761/9761 9759/9759
f 9754/9754 9751/9751 9753/9753
f 9753/9753 9779/9779 9754/9754
f 9787/9787 9758/9758 9754/9754
f 9754/9754 9779/9779 9787/9787
f 9756/9756 9759/9759 9760/9760
f 9761/9761 9760/9760 9759/9759
f 9768/9768 9760/9760 9761/9761
f 9786/9786 9787/9787 9779/9779
f 9762/9762 9763/9763 9764/9764
f 9762/9762 9764/9764 9766/9766
f 9763/9763 9762/9762 9758/9758
f 9766/9766 9765/9765 9762/9762
f 9767/9767 9765/9765 9766/9766
f 9769/9769 9767/9767 9766/9766
f 9767/9767 9769/9769 9770/9770
f 9771/9771 9767/9767 9770/9770
f 9771/9771 9770/9770 9772/9772
f 9761/9761 9758/9758 9762/9762
f 9761/9761 9762/9762 9765/9765
f 9781/9781 9778/9778 9777/9777
f 9776/9776 9780/9780 9777/9777
f 9773/9773 9776/9776 9771/9771
f 9778/9778 9767/9767 9777/9777
f 9777/9777 9767/9767 9771/9771
f 9777/9777 9771/9771 9776/9776
f 9772/9772 9773/9773 9771/9771
f 9781/9781 9777/9777 9780/9780
f 9773/9773 9772/9772 9774/9774
f 9782/9782 9775/9775 9774/9774
f 9785/9785 9782/9782 9774/9774
f 9774/9774 9775/9775 9773/9773
f 9782/9782 9783/9783 9775/9775
f 9784/9784 9783/9783 9782/9782
f 9811/9811 9810/9810 9804/9804
f 9804/9804 9809/9809 9805/9805
f 9810/9810 9809/9809 9804/9804
f 9812/9812 9811/9811 9804/9804
f 9803/9803 9804/9804 9805/9805
f 9803/9803 9805/9805 9806/9806
f 9806/9806 9807/9807 9803/9803
f 9807/9807 9806/9806 9808/9808
f 9828/9828 9830/9830 9829/9829
f 9829/9829 9830/9830 9826/9826
f 9829/9829 9826/9826 9825/9825
f 9825/9825 9826/9826 9823/9823
f 9823/9823 9822/9822 9825/9825
f 9829/9829 9825/9825 9822/9822
f 9818/9818 9823/9823 9824/9824
f 9820/9820 9818/9818 9824/9824
f 9822/9822 9823/9823 9818/9818
f 9827/9827 9831/9831 9828/9828
f 9832/9832 9831/9831 9827/9827
f 9822/9822 9828/9828 9829/9829
f 9828/9828 9822/9822 9827/9827
f 9827/9827 9822/9822 9818/9818
f 9816/9816 9818/9818 9815/9815
f 9831/9831 9832/9832 9833/9833
f 9832/9832 9834/9834 9833/9833
f 9816/9816 9815/9815 9814/9814
f 9820/9820 9815/9815 9818/9818
f 9813/9813 9814/9814 9815/9815
f 9817/9817 9814/9814 9813/9813
f 9819/9819 9815/9815 9820/9820
f 9813/9813 9815/9815 9819/9819
f 9813/9813 9819/9819 9821/9821
f 9835/9835 9836/9836 9837/9837
f 9839/9839 9840/9840 9841/9841
f 9835/9835 9837/9837 9838/9838
f 9839/9839 9842/9842 9840/9840
f 9846/9846 9849/9849 9848/9848
f 9846/9846 9848/9848 9847/9847
f 9851/9851 9843/9843 9847/9847
f 9865/9865 9849/9849 9861/9861
f 9860/9860 9861/9861 9849/9849
f 9860/9860 9849/9849 9850/9850
f 9850/9850 9849/9849 9846/9846
f 9843/9843 9846/9846 9847/9847
f 9852/9852 9850/9850 9846/9846
f 9843/9843 9845/9845 9846/9846
f 9852/9852 9846/9846 9845/9845
f 9844/9844 9851/9851 9858/9858
f 9843/9843 9851/9851 9844/9844
f 9858/9858 9854/9854 9844/9844
f 9854/9854 9858/9858 9859/9859
f 9856/9856 9852/9852 9845/9845
f 9843/9843 9844/9844 9845/9845
f 9855/9855 9845/9845 9853/9853
f 9855/9855 9856/9856 9845/9845
f 9845/9845 9844/9844 9853/9853
f 9853/9853 9844/9844 9854/9854
f 9862/9862 9853/9853 9857/9857
f 9857/9857 9854/9854 9859/9859
f 9853/9853 9854/9854 9857/9857
f 9862/9862 9857/9857 9863/9863
f 9864/9864 9862/9862 9863/9863
f 9866/9866 9867/9867 9868/9868
f 9868/9868 9869/9869 9866/9866
f 9901/9901 9900/9900 9893/9893
f 9891/9891 9892/9892 9875/9875
f 9898/9898 9900/9900 9903/9903
f 9893/9893 9900/9900 9898/9898
f 9898/9898 9892/9892 9893/9893
f 9891/9891 9893/9893 9892/9892
f 9894/9894 9893/9893 9891/9891
f 9894/9894 9891/9891 9897/9897
f 9908/9908 9909/9909 9910/9910
f 9905/9905 9894/9894 9897/9897
f 9893/9893 9895/9895 9896/9896
f 9894/9894 9895/9895 9893/9893
f 9888/9888 9891/9891 9875/9875
f 9888/9888 9875/9875 9871/9871
f 9872/9872 9875/9875 9876/9876
f 9871/9871 9875/9875 9872/9872
f 9870/9870 9871/9871 9872/9872
f 9873/9873 9870/9870 9872/9872
f 9888/9888 9897/9897 9891/9891
f 9906/9906 9897/9897 9888/9888
f 9906/9906 9888/9888 9907/9907
f 9894/9894 9899/9899 9895/9895
f 9902/9902 9899/9899 9894/9894
f 9902/9902 9904/9904 9899/9899
f 9873/9873 9872/9872 9874/9874
f 9877/9877 9870/9870 9873/9873
f 9878/9878 9877/9877 9873/9873
f 9881/9881 9874/9874 9884/9884
f 9881/9881 9873/9873 9874/9874
f 9879/9879 9878/9878 9873/9873
f 9881/9881 9882/9882 9873/9873
f 9883/9883 9882/9882 9881/9881
f 9880/9880 9878/9878 9879/9879
f 9885/9885 9890/9890 9881/9881
f 9885/9885 9881/9881 9884/9884
f 9886/9886 9885/9885 9884/9884
f 9889/9889 9885/9885 9886/9886
f 9882/9882 9883/9883 9887/9887
f 9911/9911 9915/9915 9912/9912
f 9911/9911 9912/9912 9913/9913
f 9914/9914 9913/9913 9912/9912
f 9930/9930 9933/9933 9932/9932
f 9930/9930 9932/9932 9931/9931
f 9931/9931 9929/9929 9930/9930
f 9926/9926 9930/9930 9929/9929
f 9926/9926 9929/9929 9927/9927
f 9918/9918 9926/9926 9927/9927
f 9926/9926 9918/9918 9917/9917
f 9916/9916 9917/9917 9918/9918
f 9917/9917 9916/9916 9919/9919
f 9920/9920 9919/9919 9916/9916
f 9920/9920 9921/9921 9919/9919
f 9922/9922 9921/9921 9920/9920
f 9921/9921 9922/9922 9923/9923
f 9924/9924 9928/9928 9925/9925
f 9922/9922 9924/9924 9923/9923
f 9923/9923 9924/9924 9925/9925
f 9934/9934 9935/9935 9936/9936
f 9947/9947 9946/9946 9944/9944
f 9948/9948 9947/9947 9944/9944
f 9945/9945 9944/9944 9946/9946
f 9943/9943 9944/9944 9945/9945
f 9942/9942 9944/9944 9943/9943
f 9942/9942 9943/9943 9941/9941
f 9938/9938 9942/9942 9941/9941
f 9941/9941 9939/9939 9938/9938
f 9937/9937 9938/9938 9939/9939
f 9938/9938 9937/9937 9940/9940
f 9960/9960 9963/9963 9964/9964
f 9960/9960 9962/9962 9963/9963
f 9960/9960 9961/9961 9962/9962
f 9960/9960 9964/9964 9965/9965
f 9960/9960 9957/9957 9961/9961
f 9956/9956 9962/9962 9961/9961
f 9950/9950 9955/9955 9952/9952
f 9951/9951 9950/9950 9952/9952
f 9954/9954 9953/9953 9956/9956
f 9961/9961 9954/9954 9956/9956
f 9954/9954 9961/9961 9957/9957
f 9951/9951 9953/9953 9954/9954
f 9951/9951 9952/9952 9953/9953
f 9959/9959 9957/9957 9960/9960
f 9954/9954 9957/9957 9951/9951
f 9949/9949 9950/9950 9951/9951
f 9949/9949 9951/9951 9957/9957
f 9958/9958 9973/9973 9974/9974
f 9980/9980 9982/9982 9983/9983
f 9980/9980 9981/9981 9982/9982
f 9980/9980 9978/9978 9981/9981
f 9966/9966 9965/9965 9964/9964
f 9970/9970 9960/9960 9965/9965
f 9965/9965 9971/9971 9970/9970
f 9967/9967 9971/9971 9965/9965
f 9966/9966 9967/9967 9965/9965
f 9969/9969 9967/9967 9968/9968
f 9968/9968 9967/9967 9966/9966
f 9970/9970 9959/9959 9960/9960
f 9967/9967 9972/9972 9971/9971
f 9969/9969 9975/9975 9967/9967
f 9971/9971 9959/9959 9970/9970
f 9959/9959 9958/9958 9957/9957
f 9949/9949 9957/9957 9958/9958
f 9971/9971 9958/9958 9959/9959
f 9967/9967 9975/9975 9972/9972
f 9972/9972 9958/9958 9971/9971
f 9973/9973 9958/9958 9972/9972
f 9973/9973 9972/9972 9975/9975
f 9980/9980 9976/9976 9978/9978
f 9976/9976 9977/9977 9978/9978
f 9977/9977 9976/9976 9979/9979
f 9986/9986 9985/9985 9989/9989
f 9988/9988 9985/9985 9987/9987
f 9985/9985 9984/9984 9987/9987
f 9984/9984 9985/9985 9986/9986
f 9990/9990 9984/9984 9986/9986
f 9993/9993 9992/9992 9994/9994
f 9994/9994 9992/9992 9995/9995
f 9991/9991 9992/9992 9993/9993
f 9997/9997 9996/9996 9991/9991
f 9992/9992 9991/9991 9996/9996
f 9998/9998 9999/9999 10000/10000
f 10004/10004 10003/10003 10005/10005
f 9999/9999 10001/10001 10000/10000
f 10002/10002 10003/10003 10004/10004
f 10006/10006 10007/10007 10008/10008
f 10011/10011 10012/10012 10015/10015
f 10014/10014 10012/10012 10010/10010
f 10009/10009 10016/10016 10017/10017
f 10009/10009 10015/10015 10016/10016
f 10009/10009 10011/10011 10015/10015
f 10009/10009 10010/10010 10011/10011
f 10010/10010 10012/10012 10011/10011
f 10013/10013 10010/10010 10009/10009
f 10018/10018 10019/10019 10020/10020
f 10018/10018 10021/10021 10019/10019
f 10024/10024 10023/10023 10026/10026
f 10022/10022 10023/10023 10024/10024
f 10022/10022 10024/10024 10025/10025
f 10028/10028 10038/10038 10035/10035
f 10028/10028 10035/10035 10030/10030
f 10029/10029 10031/10031 10034/10034
f 10039/10039 10038/10038 10028/10028
f 10040/10040 10039/10039 10028/10028
f 10028/10028 10030/10030 10031/10031
f 10028/10028 10031/10031 10029/10029
f 10027/10027 10028/10028 10029/10029
f 10037/10037 10040/10040 10028/10028
f 10027/10027 10037/10037 10028/10028
f 10027/10027 10033/10033 10037/10037
f 10037/10037 10033/10033 10036/10036
f 10032/10032 10027/10027 10029/10029
f 10032/10032 10033/10033 10027/10027
f 10036/10036 10033/10033 10032/10032
f 10041/10041 10042/10042 10043/10043
f 10046/10046 10049/10049 10048/10048
f 10048/10048 10044/10044 10046/10046
f 10044/10044 10045/10045 10046/10046
f 10047/10047 10045/10045 10044/10044
f 10055/10055 10051/10051 10050/10050
f 10054/10054 10052/10052 10051/10051
f 10050/10050 10051/10051 10052/10052
f 10052/10052 10053/10053 10050/10050
f 10056/10056 10050/10050 10057/10057
f 10055/10055 10050/10050 10056/10056
f 10058/10058 10059/10059 10060/10060
f 10059/10059 10058/10058 10061/10061
f 10065/10065 10066/10066 10067/10067
f 10062/10062 10063/10063 10064/10064
f 10077/10077 10078/10078 10076/10076
f 10083/10083 10078/10078 10077/10077
f 10068/10068 10072/10072 10069/10069
f 10068/10068 10069/10069 10070/10070
f 10072/10072 10075/10075 10076/10076
f 10068/10068 10075/10075 10072/10072
f 10071/10071 10068/10068 10070/10070
f 10071/10071 10073/10073 10068/10068
f 10077/10077 10076/10076 10075/10075
f 10077/10077 10080/10080 10083/10083
f 10082/10082 10083/10083 10080/10080
f 10073/10073 10075/10075 10068/10068
f 10082/10082 10080/10080 10079/10079
f 10079/10079 10080/10080 10081/10081
f 10084/10084 10079/10079 10081/10081
f 10071/10071 10074/10074 10073/10073
f 10085/10085 10079/10079 10084/10084
f 10086/10086 10085/10085 10084/10084
f 10085/10085 10086/10086 10087/10087
f 10088/10088 10089/10089 10090/10090
f 10094/10094 10095/10095 10096/10096
f 10095/10095 10097/10097 10096/10096
f 10091/10091 10092/10092 10093/10093
f 10098/10098 10096/10096 10097/10097
f 10098/10098 10099/10099 10100/10100
f 10097/10097 10099/10099 10098/10098
f 10110/10110 10108/10108 10114/10114
f 10102/10102 10101/10101 10104/10104
f 10105/10105 10104/10104 10101/10101
f 10101/10101 10106/10106 10105/10105
f 10115/10115 10110/10110 10114/10114
f 10109/10109 10108/10108 10110/10110
f 10109/10109 10103/10103 10108/10108
f 10103/10103 10102/10102 10108/10108
f 10101/10101 10102/10102 10103/10103
f 10107/10107 10101/10101 10103/10103
f 10107/10107 10106/10106 10101/10101
f 10106/10106 10107/10107 10111/10111
f 10107/10107 10112/10112 10111/10111
f 10107/10107 10113/10113 10112/10112
f 10116/10116 10117/10117 10118/10118
f 10118/10118 10120/10120 10116/10116
f 10122/10122 10123/10123 10124/10124
f 10117/10117 10116/10116 10121/10121
f 10117/10117 10119/10119 10118/10118
f 10128/10128 10131/10131 10129/10129
f 10125/10125 10126/10126 10127/10127
f 10133/10133 10127/10127 10126/10126
f 10128/10128 10126/10126 10125/10125
f 10129/10129 10126/10126 10128/10128
f 10126/10126 10129/10129 10130/10130
f 10142/10142 10143/10143 10144/10144
f 10143/10143 10142/10142 10141/10141
f 10142/10142 10140/10140 10141/10141
f 10139/10139 10141/10141 10140/10140
f 10139/10139 10140/10140 10138/10138
f 10137/10137 10139/10139 10138/10138
f 10138/10138 10127/10127 10137/10137
f 10137/10137 10127/10127 10133/10133
f 10135/10135 10137/10137 10133/10133
f 10135/10135 10133/10133 10134/10134
f 10132/10132 10134/10134 10133/10133
f 10130/10130 10136/10136 10132/10132
f 10132/10132 10133/10133 10126/10126
f 10132/10132 10126/10126 10130/10130
f 10158/10158 10160/10160 10159/10159
f 10157/10157 10158/10158 10159/10159
f 10157/10157 10155/10155 10158/10158
f 10155/10155 10157/10157 10149/10149
f 10148/10148 10149/10149 10146/10146
f 10148/10148 10155/10155 10149/10149
f 10154/10154 10155/10155 10148/10148
f 10145/10145 10148/10148 10146/10146
f 10145/10145 10146/10146 10147/10147
f 10151/10151 10156/10156 10145/10145
f 10145/10145 10154/10154 10148/10148
f 10156/10156 10154/10154 10145/10145
f 10145/10145 10147/10147 10150/10150
f 10151/10151 10145/10145 10150/10150
f 10153/10153 10152/10152 10150/10150
f 10161/10161 10152/10152 10153/10153
f 10150/10150 10152/10152 10151/10151
f 10162/10162 10164/10164 10165/10165
f 10162/10162 10163/10163 10164/10164
f 10162/10162 10153/10153 10163/10163
f 10161/10161 10153/10153 10162/10162
f 10169/10169 10172/10172 10166/10166
f 10169/10169 10166/10166 10168/10168
f 10179/10179 10168/10168 10181/10181
f 10169/10169 10168/10168 10179/10179
f 10169/10169 10179/10179 10180/10180
f 10168/10168 10178/10178 10181/10181
f 10168/10168 10167/10167 10178/10178
f 10166/10166 10167/10167 10168/10168
f 10174/10174 10172/10172 10169/10169
f 10173/10173 10177/10177 10167/10167
f 10177/10177 10178/10178 10167/10167
f 10170/10170 10173/10173 10167/10167
f 10166/10166 10170/10170 10167/10167
f 10170/10170 10166/10166 10171/10171
f 10171/10171 10166/10166 10172/10172
f 10174/10174 10176/10176 10175/10175
f 10174/10174 10175/10175 10172/10172
f 10183/10183 10182/10182 10185/10185
f 10182/10182 10183/10183 10184/10184
f 10194/10194 10188/10188 10192/10192
f 10188/10188 10187/10187 10192/10192
f 10192/10192 10187/10187 10193/10193
f 10186/10186 10187/10187 10188/10188
f 10189/10189 10186/10186 10190/10190
f 10187/10187 10186/10186 10189/10189
f 10191/10191 10189/10189 10190/10190
f 10195/10195 10201/10201 10198/10198
f 10198/10198 10196/10196 10195/10195
f 10195/10195 10196/10196 10197/10197
f 10199/10199 10197/10197 10196/10196
f 10200/10200 10199/10199 10196/10196
f 10208/10208 10205/10205 10212/10212
f 10205/10205 10206/10206 10207/10207
f 10208/10208 10204/10204 10205/10205
f 10203/10203 10205/10205 10204/10204
f 10203/10203 10206/10206 10205/10205
f 10202/10202 10203/10203 10204/10204
f 10202/10202 10209/10209 10203/10203
f 10209/10209 10202/10202 10210/10210
f 10211/10211 10209/10209 10210/10210
f 10231/10231 10229/10229 10233/10233
f 10231/10231 10233/10233 10238/10238
f 10233/10233 10257/10257 10238/10238
f 10234/10234 10232/10232 10231/10231
f 10235/10235 10231/10231 10238/10238
f 10234/10234 10231/10231 10235/10235
f 10236/10236 10234/10234 10235/10235
f 10229/10229 10230/10230 10233/10233
f 10230/10230 10229/10229 10225/10225
f 10230/10230 10225/10225 10224/10224
f 10220/10220 10224/10224 10225/10225
f 10217/10217 10224/10224 10220/10220
f 10228/10228 10229/10229 10231/10231
f 10228/10228 10225/10225 10229/10229
f 10228/10228 10231/10231 10232/10232
f 10227/10227 10225/10225 10228/10228
f 10214/10214 10217/10217 10220/10220
f 10213/10213 10217/10217 10214/10214
f 10263/10263 10264/10264 10261/10261
f 10218/10218 10213/10213 10215/10215
f 10213/10213 10214/10214 10215/10215
f 10216/10216 10215/10215 10214/10214
f 10225/10225 10226/10226 10220/10220
f 10226/10226 10225/10225 10227/10227
f 10220/10220 10226/10226 10237/10237
f 10215/10215 10216/10216 10221/10221
f 10218/10218 10215/10215 10219/10219
f 10260/10260 10259/10259 10261/10261
f 10261/10261 10262/10262 10263/10263
f 10259/10259 10262/10262 10261/10261
f 10240/10240 10253/10253 10255/10255
f 10258/10258 10259/10259 10260/10260
f 10239/10239 10240/10240 10223/10223
f 10242/10242 10253/10253 10240/10240
f 10254/10254 10253/10253 10242/10242
f 10240/10240 10239/10239 10241/10241
f 10242/10242 10240/10240 10241/10241
f 10265/10265 10262/10262 10259/10259
f 10265/10265 10266/10266 10262/10262
f 10240/10240 10255/10255 10223/10223
f 10255/10255 10256/10256 10223/10223
f 10239/10239 10223/10223 10222/10222
f 10243/10243 10242/10242 10241/10241
f 10244/10244 10242/10242 10243/10243
f 10245/10245 10244/10244 10243/10243
f 10219/10219 10215/10215 10221/10221
f 10222/10222 10219/10219 10221/10221
f 10222/10222 10223/10223 10219/10219
f 10246/10246 10244/10244 10245/10245
f 10247/10247 10246/10246 10245/10245
f 10248/10248 10246/10246 10247/10247
f 10249/10249 10246/10246 10248/10248
f 10250/10250 10249/10249 10248/10248
f 10252/10252 10249/10249 10251/10251
f 10249/10249 10250/10250 10251/10251
f 10279/10279 10282/10282 10281/10281
f 10269/10269 10281/10281 10280/10280
f 10269/10269 10278/10278 10279/10279
f 10269/10269 10279/10279 10281/10281
f 10277/10277 10278/10278 10269/10269
f 10268/10268 10277/10277 10269/10269
f 10267/10267 10268/10268 10269/10269
f 10270/10270 10268/10268 10267/10267
f 10269/10269 10271/10271 10267/10267
f 10280/10280 10271/10271 10269/10269
f 10270/10270 10274/10274 10268/10268
f 10267/10267 10271/10271 10270/10270
f 10272/10272 10270/10270 10271/10271
f 10270/10270 10273/10273 10274/10274
f 10273/10273 10270/10270 10272/10272
f 10275/10275 10274/10274 10273/10273
f 10274/10274 10275/10275 10276/10276
f 10287/10287 10283/10283 10288/10288
f 10291/10291 10293/10293 10290/10290
f 10290/10290 10292/10292 10289/10289
f 10289/10289 10284/10284 10290/10290
f 10289/10289 10286/10286 10284/10284
f 10284/10284 10291/10291 10290/10290
f 10284/10284 10283/10283 10287/10287
f 10283/10283 10284/10284 10285/10285
f 10285/10285 10288/10288 10283/10283
f 10284/10284 10286/10286 10285/10285
f 10296/10296 10295/10295 10297/10297
f 10294/10294 10298/10298 10295/10295
f 10294/10294 10295/10295 10296/10296
f 10299/10299 10300/10300 10301/10301
f 10305/10305 10312/10312 10310/10310
f 10305/10305 10310/10310 10307/10307
f 10305/10305 10307/10307 10302/10302
f 10304/10304 10305/10305 10302/10302
f 10302/10302 10307/10307 10309/10309
f 10302/10302 10303/10303 10304/10304
f 10303/10303 10302/10302 10306/10306
f 10308/10308 10302/10302 10309/10309
f 10306/10306 10302/10302 10308/10308
f 10311/10311 10303/10303 10306/10306
f 10352/10352 10353/10353 10342/10342
f 10352/10352 10342/10342 10341/10341
f 10340/10340 10341/10341 10342/10342
f 10326/10326 10325/10325 10330/10330
f 10321/10321 10325/10325 10326/10326
f 10341/10341 10340/10340 10339/10339
f 10336/10336 10344/10344 10339/10339
f 10338/10338 10339/10339 10340/10340
f 10336/10336 10339/10339 10338/10338
f 10336/10336 10333/10333 10326/10326
f 10338/10338 10340/10340 10343/10343
f 10321/10321 10326/10326 10333/10333
f 10321/10321 10324/10324 10325/10325
f 10324/10324 10321/10321 10315/10315
f 10321/10321 10313/10313 10315/10315
f 10337/10337 10336/10336 10338/10338
f 10333/10333 10336/10336 10337/10337
f 10345/10345 10333/10333 10337/10337
f 10346/10346 10345/10345 10337/10337
f 10329/10329 10321/10321 10333/10333
f 10313/10313 10321/10321 10329/10329
f 10318/10318 10328/10328 10314/10314
f 10313/10313 10314/10314 10315/10315
f 10314/10314 10313/10313 10316/10316
f 10317/10317 10314/10314 10316/10316
f 10332/10332 10328/10328 10318/10318
f 10318/10318 10331/10331 10332/10332
f 10331/10331 10318/10318 10319/10319
f 10317/10317 10318/10318 10314/10314
f 10317/10317 10319/10319 10318/10318
f 10319/10319 10327/10327 10331/10331
f 10320/10320 10319/10319 10317/10317
f 10319/10319 10323/10323 10327/10327
f 10319/10319 10322/10322 10323/10323
f 10334/10334 10323/10323 10322/10322
f 10322/10322 10319/10319 10320/10320
f 10334/10334 10322/10322 10335/10335
f 10347/10347 10334/10334 10335/10335
f 10347/10347 10348/10348 10334/10334
f 10349/10349 10348/10348 10347/10347
f 10349/10349 10350/10350 10348/10348
f 10351/10351 10350/10350 10349/10349
f 10358/10358 10361/10361 10362/10362
f 10361/10361 10358/10358 10360/10360
f 10365/10365 10366/10366 10363/10363
f 10359/10359 10356/10356 10364/10364
f 10356/10356 10363/10363 10364/10364
f 10365/10365 10355/10355 10367/10367
f 10365/10365 10363/10363 10355/10355
f 10356/10356 10355/10355 10363/10363
f 10355/10355 10358/10358 10367/10367
f 10358/10358 10355/10355 10354/10354
f 10360/10360 10358/10358 10354/10354
f 10354/10354 10356/10356 10357/10357
f 10357/10357 10356/10356 10359/10359
f 10354/10354 10355/10355 10356/10356
f 10373/10373 10382/10382 10378/10378
f 10372/10372 10373/10373 10374/10374
f 10373/10373 10378/10378 10374/10374
f 10371/10371 10378/10378 10379/10379
f 10371/10371 10374/10374 10378/10378
f 10368/10368 10369/10369 10370/10370
f 10368/10368 10371/10371 10379/10379
f 10371/10371 10368/10368 10370/10370
f 10377/10377 10375/10375 10372/10372
f 10373/10373 10380/10380 10381/10381
f 10376/10376 10380/10380 10373/10373
f 10383/10383 10380/10380 10376/10376
f 10372/10372 10375/10375 10373/10373
f 10375/10375 10376/10376 10373/10373
f 10376/10376 10384/10384 10383/10383
f 10384/10384 10385/10385 10383/10383
f 10396/10396 10388/10388 10389/10389
f 10387/10387 10389/10389 10388/10388
f 10390/10390 10389/10389 10387/10387
f 10397/10397 10398/10398 10386/10386
f 10388/10388 10397/10397 10386/10386
f 10387/10387 10391/10391 10390/10390
f 10395/10395 10393/10393 10394/10394
f 10392/10392 10387/10387 10393/10393
f 10387/10387 10394/10394 10393/10393
f 10386/10386 10387/10387 10388/10388
f 10386/10386 10394/10394 10387/10387
f 10391/10391 10387/10387 10392/10392
f 10403/10403 10405/10405 10407/10407
f 10405/10405 10404/10404 10406/10406
f 10404/10404 10403/10403 10401/10401
f 10403/10403 10404/10404 10405/10405
f 10402/10402 10409/10409 10408/10408
f 10403/10403 10399/10399 10401/10401
f 10399/10399 10400/10400 10401/10401
f 10400/10400 10399/10399 10402/10402
f 10402/10402 10408/10408 10400/10400
f 10410/10410 10411/10411 10412/10412
f 10413/10413 10410/10410 10412/10412
f 10414/10414 10421/10421 10417/10417
f 10420/10420 10415/10415 10417/10417
f 10417/10417 10415/10415 10414/10414
f 10414/10414 10415/10415 10416/10416
f 10418/10418 10414/10414 10416/10416
f 10419/10419 10418/10418 10416/10416
f 10423/10423 10426/10426 10427/10427
f 10422/10422 10423/10423 10424/10424
f 10422/10422 10426/10426 10423/10423
f 10425/10425 10422/10422 10424/10424
f 10431/10431 10434/10434 10430/10430
f 10429/10429 10431/10431 10430/10430
f 10429/10429 10428/10428 10432/10432
f 10432/10432 10428/10428 10433/10433
f 10428/10428 10429/10429 10430/10430
f 10439/10439 10440/10440 10438/10438
f 10436/10436 10438/10438 10437/10437
f 10439/10439 10438/10438 10436/10436
f 10435/10435 10436/10436 10437/10437
f 10441/10441 10436/10436 10435/10435
f 10442/10442 10441/10441 10435/10435
f 10444/10444 10437/10437 10438/10438
f 10444/10444 10443/10443 10437/10437
f 10442/10442 10443/10443 10444/10444
f 10435/10435 10443/10443 10442/10442
f 10445/10445 10446/10446 10447/10447
f 10447/10447 10446/10446 10449/10449
f 10447/10447 10448/10448 10445/10445
f 10458/10458 10456/10456 10457/10457
f 10459/10459 10458/10458 10457/10457
f 10467/10467 10459/10459 10457/10457
f 10460/10460 10450/10450 10456/10456
f 10453/10453 10456/10456 10450/10450
f 10457/10457 10456/10456 10453/10453
f 10457/10457 10453/10453 10466/10466
f 10466/10466 10467/10467 10457/10457
f 10467/10467 10466/10466 10461/10461
f 10462/10462 10463/10463 10464/10464
f 10460/10460 10463/10463 10462/10462
f 10464/10464 10455/10455 10462/10462
f 10465/10465 10455/10455 10464/10464
f 10460/10460 10462/10462 10451/10451
f 10460/10460 10451/10451 10450/10450
f 10462/10462 10455/10455 10451/10451
f 10453/10453 10450/10450 10452/10452
f 10450/10450 10451/10451 10452/10452
f 10452/10452 10466/10466 10453/10453
f 10466/10466 10452/10452 10461/10461
f 10455/10455 10454/10454 10451/10451
f 10454/10454 10461/10461 10452/10452
f 10454/10454 10452/10452 10451/10451
f 10469/10469 10472/10472 10474/10474
f 10474/10474 10472/10472 10478/10478
f 10474/10474 10477/10477 10476/10476
f 10472/10472 10469/10469 10468/10468
f 10469/10469 10474/10474 10476/10476
f 10476/10476 10471/10471 10469/10469
f 10468/10468 10469/10469 10470/10470
f 10470/10470 10469/10469 10471/10471
f 10470/10470 10473/10473 10475/10475
f 10473/10473 10470/10470 10471/10471
f 10475/10475 10473/10473 10479/10479
f 10479/10479 10473/10473 10480/10480
f 10482/10482 10481/10481 10484/10484
f 10481/10481 10482/10482 10483/10483
f 10492/10492 10487/10487 10493/10493
f 10488/10488 10485/10485 10491/10491
f 10488/10488 10486/10486 10485/10485
f 10495/10495 10485/10485 10490/10490
f 10490/10490 10485/10485 10487/10487
f 10487/10487 10492/10492 10490/10490
f 10485/10485 10486/10486 10487/10487
f 10489/10489 10486/10486 10496/10496
f 10489/10489 10494/10494 10493/10493
f 10489/10489 10487/10487 10486/10486
f 10493/10493 10487/10487 10489/10489
f 10497/10497 10498/10498 10499/10499
f 10502/10502 10504/10504 10500/10500
f 10500/10500 10501/10501 10502/10502
f 10500/10500 10503/10503 10501/10501
f 10550/10550 10547/10547 10551/10551
f 10545/10545 10547/10547 10550/10550
f 10545/10545 10546/10546 10547/10547
f 10544/10544 10546/10546 10545/10545
f 10544/10544 10548/10548 10546/10546
f 10549/10549 10546/10546 10548/10548
f 10544/10544 10545/10545 10540/10540
f 10538/10538 10544/10544 10540/10540
f 10537/10537 10538/10538 10540/10540
f 10537/10537 10532/10532 10538/10538
f 10539/10539 10538/10538 10532/10532
f 10530/10530 10537/10537 10541/10541
f 10530/10530 10531/10531 10537/10537
f 10532/10532 10537/10537 10531/10531
f 10529/10529 10532/10532 10531/10531
f 10531/10531 10530/10530 10529/10529
f 10529/10529 10530/10530 10527/10527
f 10533/10533 10536/10536 10532/10532
f 10533/10533 10532/10532 10529/10529
f 10534/10534 10533/10533 10529/10529
f 10534/10534 10529/10529 10535/10535
f 10527/10527 10530/10530 10541/10541
f 10542/10542 10527/10527 10541/10541
f 10507/10507 10527/10527 10542/10542
f 10505/10505 10518/10518 10509/10509
f 10528/10528 10529/10529 10527/10527
f 10543/10543 10535/10535 10529/10529
f 10527/10527 10508/10508 10528/10528
f 10508/10508 10527/10527 10507/10507
f 10505/10505 10506/10506 10507/10507
f 10506/10506 10508/10508 10507/10507
f 10506/10506 10505/10505 10509/10509
f 10510/10510 10506/10506 10509/10509
f 10514/10514 10519/10519 10517/10517
f 10521/10521 10517/10517 10526/10526
f 10514/10514 10517/10517 10516/10516
f 10521/10521 10516/10516 10517/10517
f 10516/10516 10521/10521 10522/10522
f 10523/10523 10521/10521 10526/10526
f 10523/10523 10522/10522 10521/10521
f 10522/10522 10523/10523 10524/10524
f 10525/10525 10522/10522 10524/10524
f 10512/10512 10509/10509 10518/10518
f 10515/10515 10514/10514 10516/10516
f 10514/10514 10512/10512 10519/10519
f 10520/10520 10515/10515 10516/10516
f 10525/10525 10516/10516 10522/10522
f 10525/10525 10520/10520 10516/10516
f 10510/10510 10509/10509 10511/10511
f 10512/10512 10511/10511 10509/10509
f 10511/10511 10512/10512 10513/10513
f 10513/10513 10512/10512 10514/10514
f 10515/10515 10513/10513 10514/10514
f 10558/10558 10554/10554 10557/10557
f 10554/10554 10558/10558 10559/10559
f 10555/10555 10554/10554 10559/10559
f 10553/10553 10562/10562 10557/10557
f 10562/10562 10553/10553 10564/10564
f 10564/10564 10553/10553 10563/10563
f 10554/10554 10553/10553 10557/10557
f 10563/10563 10565/10565 10564/10564
f 10566/10566 10565/10565 10563/10563
f 10552/10552 10554/10554 10555/10555
f 10552/10552 10561/10561 10553/10553
f 10552/10552 10553/10553 10554/10554
f 10556/10556 10552/10552 10555/10555
f 10561/10561 10563/10563 10553/10553
f 10560/10560 10556/10556 10555/10555
f 10571/10571 10573/10573 10574/10574
f 10573/10573 10571/10571 10572/10572
f 10573/10573 10576/10576 10575/10575
f 10573/10573 10575/10575 10574/10574
f 10568/10568 10567/10567 10571/10571
f 10572/10572 10571/10571 10567/10567
f 10567/10567 10568/10568 10569/10569
f 10569/10569 10568/10568 10570/10570
f 10569/10569 10570/10570 10577/10577
f 10578/10578 10569/10569 10577/10577
f 10577/10577 10579/10579 10578/10578
f 10578/10578 10579/10579 10580/10580
f 10581/10581 10583/10583 10585/10585
f 10585/10585 10583/10583 10586/10586
f 10581/10581 10582/10582 10583/10583
f 10581/10581 10588/10588 10584/10584
f 10581/10581 10584/10584 10582/10582
f 10587/10587 10582/10582 10584/10584
f 10582/10582 10587/10587 10583/10583
f 10594/10594 10595/10595 10596/10596
f 10589/10589 10590/10590 10591/10591
f 10589/10589 10593/10593 10590/10590
f 10592/10592 10589/10589 10591/10591
f 10603/10603 10610/10610 10611/10611
f 10603/10603 10605/10605 10610/10610
f 10614/10614 10610/10610 10605/10605
f 10605/10605 10603/10603 10604/10604
f 10602/10602 10603/10603 10607/10607
f 10604/10604 10603/10603 10598/10598
f 10598/10598 10603/10603 10602/10602
f 10626/10626 10611/10611 10629/10629
f 10626/10626 10629/10629 10631/10631
f 10631/10631 10629/10629 10632/10632
f 10603/10603 10611/10611 10607/10607
f 10607/10607 10611/10611 10626/10626
f 10602/10602 10607/10607 10612/10612
f 10626/10626 10612/10612 10607/10607
f 10599/10599 10602/10602 10613/10613
f 10613/10613 10602/10602 10612/10612
f 10613/10613 10628/10628 10627/10627
f 10613/10613 10627/10627 10599/10599
f 10599/10599 10627/10627 10624/10624
f 10602/10602 10599/10599 10598/10598
f 10597/10597 10598/10598 10599/10599
f 10600/10600 10599/10599 10624/10624
f 10624/10624 10606/10606 10600/10600
f 10606/10606 10624/10624 10630/10630
f 10600/10600 10597/10597 10599/10599
f 10597/10597 10600/10600 10601/10601
f 10609/10609 10597/10597 10601/10601
f 10597/10597 10609/10609 10615/10615
f 10600/10600 10606/10606 10601/10601
f 10601/10601 10606/10606 10608/10608
f 10601/10601 10608/10608 10609/10609
f 10608/10608 10606/10606 10616/10616
f 10617/10617 10608/10608 10616/10616
f 10606/10606 10623/10623 10616/10616
f 10623/10623 10606/10606 10630/10630
f 10623/10623 10617/10617 10616/10616
f 10622/10622 10620/10620 10617/10617
f 10623/10623 10622/10622 10617/10617
f 10625/10625 10622/10622 10642/10642
f 10642/10642 10622/10622 10643/10643
f 10620/10620 10625/10625 10621/10621
f 10620/10620 10622/10622 10625/10625
f 10619/10619 10617/10617 10620/10620
f 10619/10619 10620/10620 10621/10621
f 10619/10619 10621/10621 10637/10637
f 10625/10625 10642/10642 10634/10634
f 10634/10634 10621/10621 10625/10625
f 10640/10640 10633/10633 10634/10634
f 10621/10621 10635/10635 10636/10636
f 10633/10633 10635/10635 10621/10621
f 10635/10635 10638/10638 10636/10636
f 10633/10633 10639/10639 10635/10635
f 10633/10633 10621/10621 10634/10634
f 10644/10644 10639/10639 10633/10633
f 10637/10637 10621/10621 10636/10636
f 10638/10638 10637/10637 10636/10636
f 10638/10638 10635/10635 10639/10639
f 10640/10640 10641/10641 10633/10633
f 10644/10644 10633/10633 10641/10641
f 10619/10619 10618/10618 10617/10617
f 10618/10618 10608/10608 10617/10617
f 10658/10658 10657/10657 10660/10660
f 10657/10657 10658/10658 10659/10659
f 10648/10648 10651/10651 10652/10652
f 10651/10651 10648/10648 10650/10650
f 10647/10647 10648/10648 10649/10649
f 10646/10646 10650/10650 10648/10648
f 10648/10648 10647/10647 10646/10646
f 10645/10645 10646/10646 10647/10647
f 10653/10653 10646/10646 10645/10645
f 10653/10653 10655/10655 10646/10646
f 10654/10654 10653/10653 10645/10645
f 10656/10656 10653/10653 10654/10654
f 10694/10694 10695/10695 10692/10692
f 10696/10696 10692/10692 10695/10695
f 10696/10696 10697/10697 10692/10692
f 10692/10692 10691/10691 10694/10694
f 10697/10697 10696/10696 10699/10699
f 10698/10698 10692/10692 10697/10697
f 10698/10698 10697/10697 10703/10703
f 10700/10700 10694/10694 10691/10691
f 10693/10693 10691/10691 10689/10689
f 10707/10707 10700/10700 10693/10693
f 10693/10693 10700/10700 10691/10691
f 10689/10689 10677/10677 10693/10693
f 10692/10692 10690/10690 10691/10691
f 10690/10690 10692/10692 10698/10698
f 10702/10702 10690/10690 10698/10698
f 10689/10689 10691/10691 10690/10690
f 10688/10688 10689/10689 10690/10690
f 10677/10677 10689/10689 10688/10688
f 10702/10702 10688/10688 10690/10690
f 10687/10687 10688/10688 10702/10702
f 10708/10708 10707/10707 10693/10693
f 10701/10701 10685/10685 10678/10678
f 10678/10678 10682/10682 10701/10701
f 10685/10685 10693/10693 10677/10677
f 10685/10685 10677/10677 10676/10676
f 10674/10674 10676/10676 10677/10677
f 10674/10674 10675/10675 10676/10676
f 10677/10677 10688/10688 10687/10687
f 10674/10674 10677/10677 10687/10687
f 10678/10678 10685/10685 10676/10676
f 10675/10675 10678/10678 10676/10676
f 10679/10679 10675/10675 10674/10674
f 10682/10682 10678/10678 10675/10675
f 10682/10682 10675/10675 10681/10681
f 10680/10680 10681/10681 10675/10675
f 10680/10680 10675/10675 10679/10679
f 10680/10680 10683/10683 10681/10681
f 10684/10684 10683/10683 10680/10680
f 10704/10704 10684/10684 10680/10680
f 10706/10706 10705/10705 10667/10667
f 10686/10686 10683/10683 10684/10684
f 10667/10667 10705/10705 10686/10686
f 10706/10706 10667/10667 10664/10664
f 10670/10670 10671/10671 10666/10666
f 10671/10671 10670/10670 10672/10672
f 10669/10669 10670/10670 10666/10666
f 10672/10672 10673/10673 10671/10671
f 10684/10684 10665/10665 10686/10686
f 10665/10665 10684/10684 10704/10704
f 10686/10686 10665/10665 10667/10667
f 10664/10664 10667/10667 10665/10665
f 10663/10663 10664/10664 10665/10665
f 10662/10662 10666/10666 10664/10664
f 10668/10668 10669/10669 10666/10666
f 10668/10668 10666/10666 10662/10662
f 10663/10663 10662/10662 10664/10664
f 10661/10661 10662/10662 10663/10663
f 10711/10711 10716/10716 10717/10717
f 10716/10716 10711/10711 10715/10715
f 10715/10715 10711/10711 10710/10710
f 10709/10709 10710/10710 10711/10711
f 10710/10710 10709/10709 10712/10712
f 10713/10713 10709/10709 10714/10714
f 10709/10709 10713/10713 10712/10712
f 10724/10724 10729/10729 10728/10728
f 10723/10723 10724/10724 10728/10728
f 10724/10724 10723/10723 10719/10719
f 10720/10720 10719/10719 10723/10723
f 10718/10718 10719/10719 10720/10720
f 10718/10718 10722/10722 10725/10725
f 10722/10722 10718/10718 10721/10721
f 10721/10721 10718/10718 10720/10720
f 10722/10722 10726/10726 10725/10725
f 10726/10726 10722/10722 10727/10727
f 10740/10740 10739/10739 10741/10741
f 10742/10742 10740/10740 10741/10741
f 10738/10738 10739/10739 10740/10740
f 10749/10749 10750/10750 10748/10748
f 10744/10744 10743/10743 10742/10742
f 10751/10751 10749/10749 10759/10759
f 10740/10740 10742/10742 10743/10743
f 10743/10743 10748/10748 10740/10740
f 10745/10745 10748/10748 10743/10743
f 10749/10749 10748/10748 10745/10745
f 10751/10751 10750/10750 10749/10749
f 10745/10745 10744/10744 10746/10746
f 10744/10744 10745/10745 10743/10743
f 10749/10749 10745/10745 10759/10759
f 10771/10771 10759/10759 10772/10772
f 10759/10759 10771/10771 10760/10760
f 10760/10760 10751/10751 10759/10759
f 10747/10747 10746/10746 10774/10774
f 10745/10745 10746/10746 10747/10747
f 10747/10747 10763/10763 10745/10745
f 10771/10771 10772/10772 10773/10773
f 10759/10759 10745/10745 10763/10763
f 10771/10771 10758/10758 10760/10760
f 10758/10758 10771/10771 10775/10775
f 10758/10758 10751/10751 10760/10760
f 10753/10753 10751/10751 10758/10758
f 10753/10753 10758/10758 10757/10757
f 10750/10750 10751/10751 10752/10752
f 10752/10752 10751/10751 10753/10753
f 10753/10753 10754/10754 10752/10752
f 10753/10753 10755/10755 10754/10754
f 10755/10755 10753/10753 10756/10756
f 10756/10756 10753/10753 10757/10757
f 10769/10769 10765/10765 10764/10764
f 10768/10768 10765/10765 10769/10769
f 10767/10767 10765/10765 10768/10768
f 10764/10764 10756/10756 10769/10769
f 10764/10764 10755/10755 10756/10756
f 10765/10765 10766/10766 10755/10755
f 10765/10765 10755/10755 10764/10764
f 10767/10767 10766/10766 10765/10765
f 10757/10757 10758/10758 10762/10762
f 10761/10761 10757/10757 10762/10762
f 10761/10761 10756/10756 10757/10757
f 10769/10769 10756/10756 10761/10761
f 10732/10732 10766/10766 10767/10767
f 10733/10733 10730/10730 10732/10732
f 10730/10730 10731/10731 10732/10732
f 10734/10734 10730/10730 10733/10733
f 10767/10767 10737/10737 10732/10732
f 10736/10736 10732/10732 10737/10737
f 10733/10733 10732/10732 10736/10736
f 10734/10734 10733/10733 10735/10735
f 10770/10770 10737/10737 10767/10767
f 10735/10735 10733/10733 10736/10736
f 10770/10770 10767/10767 10768/10768
f 10784/10784 10785/10785 10786/10786
f 10786/10786 10785/10785 10787/10787
f 10784/10784 10782/10782 10785/10785
f 10782/10782 10784/10784 10783/10783
f 10778/10778 10781/10781 10782/10782
f 10777/10777 10781/10781 10778/10778
f 10778/10778 10782/10782 10783/10783
f 10776/10776 10777/10777 10778/10778
f 10776/10776 10779/10779 10777/10777
f 10779/10779 10780/10780 10777/10777
f 10788/10788 10780/10780 10779/10779
f 10789/10789 10788/10788 10779/10779
f 10790/10790 10788/10788 10789/10789
f 10791/10791 10792/10792 10793/10793
f 10793/10793 10798/10798 10791/10791
f 10799/10799 10791/10791 10798/10798
f 10792/10792 10794/10794 10793/10793
f 10793/10793 10794/10794 10795/10795
f 10796/10796 10795/10795 10794/10794
f 10796/10796 10797/10797 10795/10795
f 10804/10804 10803/10803 10800/10800
f 10801/10801 10800/10800 10803/10803
f 10806/10806 10802/10802 10805/10805
f 10802/10802 10801/10801 10805/10805
f 10800/10800 10801/10801 10802/10802
f 10807/10807 10808/10808 10809/10809
f 10816/10816 10817/10817 10814/10814
f 10814/10814 10815/10815 10816/10816
f 10810/10810 10811/10811 10812/10812
f 10810/10810 10813/10813 10811/10811
f 10819/10819 10822/10822 10820/10820
f 10821/10821 10819/10819 10818/10818
f 10818/10818 10819/10819 10820/10820
f 10830/10830 10833/10833 10831/10831
f 10831/10831 10833/10833 10834/10834
f 10830/10830 10831/10831 10823/10823
f 10831/10831 10832/10832 10823/10823
f 10823/10823 10828/10828 10829/10829
f 10825/10825 10828/10828 10823/10823
f 10823/10823 10824/10824 10825/10825
f 10827/10827 10825/10825 10826/10826
f 10824/10824 10826/10826 10825/10825
f 10830/10830 10823/10823 10829/10829
f 10839/10839 10835/10835 10837/10837
f 10835/10835 10836/10836 10837/10837
f 10838/10838 10836/10836 10835/10835
f 10882/10882 10884/10884 10883/10883
f 10882/10882 10883/10883 10880/10880
f 10878/10878 10880/10880 10879/10879
f 10882/10882 10880/10880 10881/10881
f 10881/10881 10880/10880 10878/10878
f 10878/10878 10879/10879 10876/10876
f 10878/10878 10876/10876 10875/10875
f 10876/10876 10877/10877 10871/10871
f 10847/10847 10846/10846 10850/10850
f 10844/10844 10846/10846 10847/10847
f 10841/10841 10847/10847 10854/10854
f 10841/10841 10854/10854 10852/10852
f 10847/10847 10841/10841 10844/10844
f 10874/10874 10876/10876 10871/10871
f 10875/10875 10876/10876 10874/10874
f 10849/10849 10874/10874 10871/10871
f 10851/10851 10875/10875 10874/10874
f 10845/10845 10846/10846 10844/10844
f 10843/10843 10844/10844 10841/10841
f 10843/10843 10845/10845 10844/10844
f 10849/10849 10871/10871 10850/10850
f 10846/10846 10849/10849 10850/10850
f 10851/10851 10874/10874 10849/10849
f 10848/10848 10851/10851 10849/10849
f 10845/10845 10848/10848 10846/10846
f 10848/10848 10849/10849 10846/10846
f 10863/10863 10873/10873 10872/10872
f 10862/10862 10863/10863 10872/10872
f 10862/10862 10860/10860 10863/10863
f 10861/10861 10859/10859 10860/10860
f 10861/10861 10860/10860 10862/10862
f 10853/10853 10842/10842 10855/10855
f 10856/10856 10853/10853 10855/10855
f 10856/10856 10855/10855 10858/10858
f 10859/10859 10856/10856 10858/10858
f 10859/10859 10865/10865 10856/10856
f 10860/10860 10859/10859 10858/10858
f 10842/10842 10852/10852 10855/10855
f 10864/10864 10853/10853 10857/10857
f 10856/10856 10857/10857 10853/10853
f 10865/10865 10857/10857 10856/10856
f 10865/10865 10859/10859 10866/10866
f 10866/10866 10859/10859 10870/10870
f 10867/10867 10864/10864 10857/10857
f 10842/10842 10841/10841 10852/10852
f 10853/10853 10840/10840 10842/10842
f 10853/10853 10864/10864 10840/10840
f 10867/10867 10857/10857 10865/10865
f 10866/10866 10867/10867 10865/10865
f 10841/10841 10840/10840 10843/10843
f 10840/10840 10841/10841 10842/10842
f 10868/10868 10867/10867 10866/10866
f 10866/10866 10869/10869 10868/10868
f 10887/10887 10886/10886 10888/10888
f 10891/10891 10889/10889 10890/10890
f 10887/10887 10888/10888 10889/10889
f 10888/10888 10890/10890 10889/10889
f 10893/10893 10889/10889 10891/10891
f 10892/10892 10891/10891 10890/10890
f 10885/10885 10886/10886 10887/10887
f 10895/10895 10886/10886 10885/10885
f 10886/10886 10895/10895 10896/10896
f 10897/10897 10896/10896 10895/10895
f 10897/10897 10895/10895 10898/10898
f 10899/10899 10896/10896 10897/10897
f 10889/10889 10885/10885 10887/10887
f 10893/10893 10885/10885 10889/10889
f 10898/10898 10885/10885 10894/10894
f 10885/10885 10893/10893 10894/10894
f 10898/10898 10895/10895 10885/10885
f 10900/10900 10902/10902 10904/10904
f 10900/10900 10901/10901 10902/10902
f 10901/10901 10900/10900 10903/10903
f 10929/10929 10928/10928 10927/10927
f 10915/10915 10914/10914 10917/10917
f 10927/10927 10920/10920 10922/10922
f 10922/10922 10921/10921 10925/10925
f 10920/10920 10921/10921 10922/10922
f 10905/10905 10906/10906 10907/10907
f 10908/10908 10906/10906 10905/10905
f 10906/10906 10908/10908 10909/10909
f 10923/10923 10921/10921 10920/10920
f 10923/10923 10920/10920 10924/10924
f 10908/10908 10910/10910 10909/10909
f 10910/10910 10908/10908 10911/10911
f 10920/10920 10926/10926 10924/10924
f 10910/10910 10911/10911 10912/10912
f 10919/10919 10914/10914 10918/10918
f 10918/10918 10914/10914 10913/10913
f 10916/10916 10913/10913 10915/10915
f 10913/10913 10914/10914 10915/10915
f 10927/10927 10928/10928 10920/10920
f 10933/10933 10934/10934 10935/10935
f 10930/10930 10934/10934 10933/10933
f 10931/10931 10930/10930 10933/10933
f 10936/10936 10934/10934 10930/10930
f 10930/10930 10931/10931 10932/10932
f 10937/10937 10936/10936 10930/10930
f 10930/10930 10938/10938 10937/10937
f 10937/10937 10938/10938 10939/10939
f 10938/10938 10940/10940 10939/10939
f 10943/10943 10945/10945 10941/10941
f 10941/10941 10942/10942 10943/10943
f 10943/10943 10942/10942 10944/10944
f 10944/10944 10942/10942 10946/10946
f 10969/10969 10970/10970 10971/10971
f 10969/10969 10968/10968 10970/10970
f 10962/10962 10968/10968 10969/10969
f 10968/10968 10962/10962 10967/10967
f 10961/10961 10962/10962 10951/10951
f 10948/10948 10951/10951 10949/10949
f 10967/10967 10975/10975 10968/10968
f 10967/10967 10974/10974 10975/10975
f 10968/10968 10972/10972 10970/10970
f 10966/10966 10967/10967 10962/10962
f 10963/10963 10966/10966 10962/10962
f 10961/10961 10963/10963 10962/10962
f 10948/10948 10961/10961 10951/10951
f 10948/10948 10973/10973 10961/10961
f 10952/10952 10973/10973 10948/10948
f 10974/10974 10976/10976 10975/10975
f 10974/10974 10967/10967 10966/10966
f 10973/10973 10963/10963 10961/10961
f 10947/10947 10948/10948 10949/10949
f 10947/10947 10949/10949 10950/10950
f 10954/10954 10950/10950 10959/10959
f 10954/10954 10959/10959 10958/10958
f 10954/10954 10947/10947 10950/10950
f 10952/10952 10948/10948 10947/10947
f 10954/10954 10953/10953 10947/10947
f 10953/10953 10952/10952 10947/10947
f 10954/10954 10958/10958 10955/10955
f 10954/10954 10955/10955 10953/10953
f 10960/10960 10955/10955 10958/10958
f 10965/10965 10956/10956 10960/10960
f 10956/10956 10955/10955 10960/10960
f 10964/10964 10956/10956 10965/10965
f 10956/10956 10953/10953 10955/10955
f 10957/10957 10953/10953 10956/10956
f 10964/10964 10957/10957 10956/10956
f 11000/11000 11003/11003 11005/11005
f 10987/10987 11003/11003 10984/10984
f 10984/10984 11003/11003 11000/11000
f 10987/10987 10984/10984 10985/10985
f 11000/11000 11005/11005 11007/11007
f 11008/11008 11000/11000 11007/11007
f 10984/10984 11000/11000 10980/10980
f 10980/10980 11000/11000 10978/10978
f 10983/10983 10986/10986 10985/10985
f 10983/10983 10985/10985 10984/10984
f 10996/10996 10986/10986 10983/10983
f 10980/10980 10983/10983 10984/10984
f 10981/10981 10983/10983 10980/10980
f 10978/10978 10977/10977 10980/10980
f 10977/10977 10981/10981 10980/10980
f 10995/10995 10981/10981 10977/10977
f 10981/10981 10997/10997 10983/10983
f 10983/10983 10997/10997 10996/10996
f 10995/10995 10997/10997 10981/10981
f 11001/11001 11000/11000 11008/11008
f 10978/10978 11000/11000 11001/11001
f 10979/10979 10978/10978 11001/11001
f 10998/10998 10979/10979 11001/11001
f 10979/10979 10998/10998 10989/10989
f 10977/10977 10978/10978 10979/10979
f 10979/10979 10988/10988 10982/10982
f 10988/10988 10979/10979 10989/10989
f 10988/10988 10989/10989 10990/10990
f 10982/10982 10977/10977 10979/10979
f 10982/10982 10995/10995 10977/10977
f 10994/10994 10998/10998 11004/11004
f 10999/10999 10994/10994 11004/11004
f 10999/10999 11004/11004 11006/11006
f 10989/10989 10998/10998 10994/10994
f 10991/10991 10989/10989 10994/10994
f 10990/10990 10989/10989 10991/10991
f 10991/10991 10994/10994 10993/10993
f 10993/10993 10994/10994 10999/10999
f 10992/10992 10991/10991 10993/10993
f 10992/10992 10990/10990 10991/10991
f 11002/11002 10999/10999 11006/11006
f 11002/11002 10993/10993 10999/10999
f 11012/11012 11010/11010 11009/11009
f 11009/11009 11010/11010 11011/11011
f 11011/11011 11010/11010 11013/11013
f 11018/11018 11016/11016 11017/11017
f 11025/11025 11026/11026 11027/11027
f 11018/11018 11019/11019 11016/11016
f 11021/11021 11020/11020 11014/11014
f 11020/11020 11021/11021 11022/11022
f 11023/11023 11020/11020 11022/11022
f 11020/11020 11023/11023 11024/11024
f 11016/11016 11015/11015 11017/11017
f 11014/11014 11015/11015 11016/11016
f 11015/11015 11014/11014 11020/11020
f 11028/11028 11029/11029 11030/11030
f 11030/11030 11031/11031 11028/11028
f 11035/11035 11036/11036 11037/11037
f 11032/11032 11033/11033 11034/11034
f 11041/11041 11042/11042 11043/11043
f 11038/11038 11039/11039 11040/11040
f 11051/11051 11047/11047 11055/11055
f 11048/11048 11047/11047 11051/11051
f 11056/11056 11048/11048 11051/11051
f 11046/11046 11045/11045 11047/11047
f 11046/11046 11047/11047 11048/11048
f 11044/11044 11045/11045 11046/11046
f 11049/11049 11050/11050 11044/11044
f 11049/11049 11044/11044 11046/11046
f 11052/11052 11050/11050 11049/11049
f 11052/11052 11053/11053 11050/11050
f 11054/11054 11053/11053 11052/11052
f 11057/11057 11053/11053 11054/11054
f 11072/11072 11071/11071 11070/11070
f 11071/11071 11068/11068 11070/11070
f 11067/11067 11070/11070 11068/11068
f 11060/11060 11069/11069 11067/11067
f 11066/11066 11067/11067 11068/11068
f 11060/11060 11067/11067 11066/11066
f 11065/11065 11060/11060 11066/11066
f 11074/11074 11058/11058 11073/11073
f 11058/11058 11059/11059 11060/11060
f 11061/11061 11060/11060 11065/11065
f 11060/11060 11061/11061 11058/11058
f 11075/11075 11078/11078 11079/11079
f 11078/11078 11075/11075 11077/11077
f 11061/11061 11062/11062 11058/11058
f 11062/11062 11063/11063 11058/11058
f 11064/11064 11063/11063 11062/11062
f 11063/11063 11073/11073 11058/11058
f 11063/11063 11075/11075 11073/11073
f 11076/11076 11075/11075 11063/11063
f 11077/11077 11075/11075 11076/11076
f 11094/11094 11096/11096 11097/11097
f 11094/11094 11095/11095 11096/11096
f 11092/11092 11095/11095 11094/11094
f 11092/11092 11099/11099 11095/11095
f 11093/11093 11092/11092 11094/11094
f 11081/11081 11092/11092 11093/11093
f 11092/11092 11081/11081 11083/11083
f 11080/11080 11083/11083 11081/11081
f 11080/11080 11081/11081 11082/11082
f 11084/11084 11080/11080 11082/11082
f 11084/11084 11086/11086 11080/11080
f 11087/11087 11086/11086 11084/11084
f 11082/11082 11089/11089 11085/11085
f 11084/11084 11082/11082 11085/11085
f 11087/11087 11088/11088 11086/11086
f 11090/11090 11088/11088 11087/11087
f 11090/11090 11091/11091 11088/11088
f 11098/11098 11090/11090 11087/11087
f 11103/11103 11104/11104 11105/11105
f 11100/11100 11101/11101 11102/11102
f 11109/11109 11106/11106 11108/11108
f 11106/11106 11107/11107 11108/11108
f 11118/11118 11113/11113 11112/11112
f 11112/11112 11113/11113 11110/11110
f 11116/11116 11114/11114 11110/11110
f 11114/11114 11111/11111 11110/11110
f 11110/11110 11111/11111 11112/11112
f 11114/11114 11116/11116 11117/11117
f 11111/11111 11114/11114 11115/11115
f 11119/11119 11113/11113 11118/11118
f 11130/11130 11131/11131 11132/11132
f 11120/11120 11121/11121 11122/11122
f 11123/11123 11120/11120 11122/11122
f 11127/11127 11123/11123 11122/11122
f 11123/11123 11124/11124 11120/11120
f 11121/11121 11125/11125 11122/11122
f 11125/11125 11127/11127 11122/11122
f 11120/11120 11128/11128 11129/11129
f 11124/11124 11126/11126 11120/11120
f 11126/11126 11128/11128 11120/11120
f 11134/11134 11137/11137 11135/11135
f 11134/11134 11138/11138 11137/11137
f 11133/11133 11134/11134 11135/11135
f 11133/11133 11135/11135 11136/11136
f 11164/11164 11165/11165 11163/11163
f 11160/11160 11163/11163 11158/11158
f 11160/11160 11164/11164 11163/11163
f 11157/11157 11158/11158 11159/11159
f 11155/11155 11152/11152 11161/11161
f 11157/11157 11155/11155 11158/11158
f 11160/11160 11158/11158 11155/11155
f 11161/11161 11160/11160 11155/11155
f 11160/11160 11161/11161 11162/11162
f 11155/11155 11157/11157 11156/11156
f 11153/11153 11155/11155 11156/11156
f 11151/11151 11153/11153 11147/11147
f 11152/11152 11153/11153 11151/11151
f 11153/11153 11152/11152 11155/11155
f 11139/11139 11151/11151 11147/11147
f 11145/11145 11139/11139 11147/11147
f 11142/11142 11139/11139 11145/11145
f 11142/11142 11140/11140 11139/11139
f 11152/11152 11154/11154 11161/11161
f 11151/11151 11139/11139 11141/11141
f 11139/11139 11140/11140 11141/11141
f 11141/11141 11152/11152 11151/11151
f 11141/11141 11154/11154 11152/11152
f 11141/11141 11149/11149 11154/11154
f 11140/11140 11142/11142 11143/11143
f 11143/11143 11142/11142 11144/11144
f 11148/11148 11144/11144 11167/11167
f 11143/11143 11144/11144 11148/11148
f 11140/11140 11149/11149 11141/11141
f 11149/11149 11140/11140 11150/11150
f 11146/11146 11140/11140 11143/11143
f 11143/11143 11148/11148 11166/11166
f 11146/11146 11150/11150 11140/11140
f 11146/11146 11143/11143 11166/11166
f 11173/11173 11172/11172 11175/11175
f 11171/11171 11172/11172 11173/11173
f 11168/11168 11169/11169 11170/11170
f 11177/11177 11176/11176 11179/11179
f 11176/11176 11177/11177 11178/11178
f 11171/11171 11173/11173 11174/11174
f 11180/11180 11181/11181 11182/11182
f 11186/11186 11188/11188 11189/11189
f 11186/11186 11184/11184 11188/11188
f 11185/11185 11184/11184 11186/11186
f 11183/11183 11184/11184 11185/11185
f 11183/11183 11187/11187 11184/11184
f 11194/11194 11191/11191 11193/11193
f 11191/11191 11190/11190 11193/11193
f 11190/11190 11191/11191 11192/11192
f 11195/11195 11190/11190 11192/11192
f 11215/11215 11209/11209 11221/11221
f 11223/11223 11221/11221 11209/11209
f 11223/11223 11209/11209 11211/11211
f 11223/11223 11211/11211 11226/11226
f 11209/11209 11215/11215 11212/11212
f 11209/11209 11212/11212 11210/11210
f 11211/11211 11209/11209 11207/11207
f 11208/11208 11209/11209 11210/11210
f 11207/11207 11209/11209 11208/11208
f 11225/11225 11211/11211 11207/11207
f 11226/11226 11211/11211 11225/11225
f 11228/11228 11226/11226 11225/11225
f 11198/11198 11207/11207 11208/11208
f 11196/11196 11200/11200 11197/11197
f 11198/11198 11197/11197 11207/11207
f 11198/11198 11208/11208 11220/11220
f 11196/11196 11197/11197 11198/11198
f 11196/11196 11198/11198 11199/11199
f 11199/11199 11198/11198 11220/11220
f 11220/11220 11205/11205 11199/11199
f 11219/11219 11200/11200 11204/11204
f 11196/11196 11201/11201 11200/11200
f 11204/11204 11200/11200 11201/11201
f 11218/11218 11219/11219 11204/11204
f 11227/11227 11219/11219 11218/11218
f 11217/11217 11224/11224 11218/11218
f 11213/11213 11204/11204 11201/11201
f 11213/11213 11201/11201 11216/11216
f 11213/11213 11217/11217 11204/11204
f 11217/11217 11218/11218 11204/11204
f 11196/11196 11199/11199 11202/11202
f 11203/11203 11199/11199 11205/11205
f 11202/11202 11199/11199 11203/11203
f 11202/11202 11203/11203 11222/11222
f 11202/11202 11206/11206 11196/11196
f 11206/11206 11202/11202 11214/11214
f 11206/11206 11201/11201 11196/11196
f 11201/11201 11206/11206 11216/11216
f 11214/11214 11202/11202 11222/11222
f 11234/11234 11236/11236 11235/11235
f 11234/11234 11235/11235 11233/11233
f 11234/11234 11230/11230 11237/11237
f 11230/11230 11234/11234 11233/11233
f 11230/11230 11233/11233 11231/11231
f 11229/11229 11230/11230 11231/11231
f 11238/11238 11230/11230 11229/11229
f 11231/11231 11232/11232 11229/11229
f 11241/11241 11242/11242 11243/11243
f 11241/11241 11243/11243 11244/11244
f 11232/11232 11238/11238 11229/11229
f 11238/11238 11232/11232 11239/11239
f 11240/11240 11239/11239 11232/11232
f 11245/11245 11242/11242 11241/11241
f 11250/11250 11248/11248 11249/11249
f 11248/11248 11250/11250 11251/11251
f 11248/11248 11247/11247 11249/11249
f 11246/11246 11247/11247 11248/11248
f 11246/11246 11252/11252 11247/11247
f 11252/11252 11246/11246 11253/11253
f 11266/11266 11261/11261 11262/11262
f 11267/11267 11266/11266 11260/11260
f 11260/11260 11266/11266 11262/11262
f 11255/11255 11262/11262 11261/11261
f 11255/11255 11261/11261 11256/11256
f 11260/11260 11262/11262 11255/11255
f 11254/11254 11255/11255 11256/11256
f 11256/11256 11257/11257 11254/11254
f 11258/11258 11257/11257 11259/11259
f 11258/11258 11254/11254 11257/11257
f 11260/11260 11255/11255 11254/11254
f 11263/11263 11259/11259 11264/11264
f 11263/11263 11258/11258 11259/11259
f 11263/11263 11265/11265 11258/11258
f 11281/11281 11284/11284 11276/11276
f 11268/11268 11281/11281 11276/11276
f 11281/11281 11283/11283 11284/11284
f 11282/11282 11283/11283 11281/11281
f 11270/11270 11281/11281 11268/11268
f 11282/11282 11281/11281 11270/11270
f 11279/11279 11286/11286 11278/11278
f 11279/11279 11271/11271 11276/11276
f 11271/11271 11268/11268 11276/11276
f 11278/11278 11271/11271 11279/11279
f 11277/11277 11271/11271 11278/11278
f 11277/11277 11278/11278 11280/11280
f 11275/11275 11271/11271 11277/11277
f 11288/11288 11289/11289 11273/11273
f 11268/11268 11269/11269 11270/11270
f 11270/11270 11269/11269 11272/11272
f 11269/11269 11268/11268 11271/11271
f 11275/11275 11269/11269 11271/11271
f 11285/11285 11269/11269 11275/11275
f 11270/11270 11273/11273 11274/11274
f 11270/11270 11272/11272 11273/11273
f 11272/11272 11287/11287 11273/11273
f 11273/11273 11287/11287 11288/11288
f 11290/11290 11272/11272 11269/11269
f 11269/11269 11285/11285 11290/11290
f 11298/11298 11300/11300 11294/11294
f 11292/11292 11296/11296 11302/11302
f 11292/11292 11294/11294 11296/11296
f 11291/11291 11294/11294 11292/11292
f 11294/11294 11300/11300 11296/11296
f 11298/11298 11301/11301 11300/11300
f 11320/11320 11301/11301 11319/11319
f 11298/11298 11319/11319 11301/11301
f 11295/11295 11298/11298 11294/11294
f 11319/11319 11298/11298 11295/11295
f 11295/11295 11294/11294 11291/11291
f 11295/11295 11291/11291 11297/11297
f 11310/11310 11308/11308 11314/11314
f 11310/11310 11314/11314 11313/11313
f 11292/11292 11302/11302 11304/11304
f 11305/11305 11304/11304 11306/11306
f 11306/11306 11304/11304 11308/11308
f 11315/11315 11313/11313 11316/11316
f 11313/11313 11315/11315 11311/11311
f 11313/11313 11311/11311 11310/11310
f 11309/11309 11310/11310 11311/11311
f 11317/11317 11311/11311 11318/11318
f 11312/11312 11311/11311 11317/11317
f 11309/11309 11311/11311 11312/11312
f 11303/11303 11305/11305 11306/11306
f 11293/11293 11304/11304 11305/11305
f 11291/11291 11292/11292 11293/11293
f 11304/11304 11293/11293 11292/11292
f 11299/11299 11291/11291 11293/11293
f 11299/11299 11297/11297 11291/11291
f 11306/11306 11308/11308 11310/11310
f 11293/11293 11305/11305 11303/11303
f 11303/11303 11306/11306 11307/11307
f 11309/11309 11306/11306 11310/11310
f 11307/11307 11306/11306 11309/11309
f 11303/11303 11299/11299 11293/11293
