mtllib commander.mtl
o commander
v -0.2800 0.0656 0.2884
v -0.2793 0.0893 0.2912
v -0.2650 0.0806 0.3037
v -0.2976 0.0841 0.2910
v -0.3209 0.0940 0.2433
v -0.3284 0.0877 0.2388
v -0.3210 0.1132 0.2379
v -0.3125 0.0849 0.2521
v -0.3136 0.0689 0.2474
v -0.3319 0.0542 0.2351
v -0.3587 0.0807 0.2078
v -0.3529 0.1066 0.2283
v -0.3587 0.1062 0.2120
v -0.3555 0.0582 0.2067
v -0.3376 0.1041 0.2494
v -0.2981 0.0640 0.2699
v -0.2802 0.0594 0.2944
v -0.2797 0.0346 0.2976
v -0.2984 0.0863 0.2654
v -0.2793 0.0893 0.2912
v -0.3103 0.0145 0.2670
v -0.3360 0.0143 0.2345
v -0.3517 0.0357 0.2026
v -0.2933 0.0191 0.2862
v -0.2800 0.0656 0.2884
v -0.2976 0.0841 0.2910
v -0.2536 0.0203 0.3194
v -0.2324 0.0202 0.3393
v -0.3871 0.0138 0.1194
v -0.3880 0.0397 0.1098
v -0.4000 0.0176 0.0480
v -0.4009 0.0372 0.0271
v -0.4002 0.0221 -0.0369
v -0.3051 0.0871 0.2762
v -0.3136 0.0689 0.2474
v -0.3125 0.0849 0.2521
v -0.2981 0.0640 0.2699
v -0.2976 0.0841 0.2910
v -0.3871 0.0138 0.1194
v -0.3554 0.0438 0.2036
v -0.3914 0.0436 0.1119
v -0.3360 0.0143 0.2345
v -0.3283 0.0514 0.2455
v -0.3103 0.0145 0.2670
v -0.2933 0.0191 0.2862
v -0.2820 0.0566 0.2996
v -0.2789 0.0338 0.3058
v -0.2042 0.0156 0.3653
v -0.3951 0.0476 0.0809
v -0.4018 0.0450 0.0534
v -0.4065 0.0128 0.0138
v -0.4036 0.0471 0.0327
v -0.3990 0.0548 0.0763
v -0.4000 0.0288 -0.0690
v -0.4183 0.0620 0.0430
v -0.4199 0.0651 0.0727
v -0.4219 0.0964 0.0725
v -0.4199 0.0975 0.0407
v -0.3004 0.0941 0.2943
v -0.3063 0.0693 0.2949
v -0.3111 0.0672 0.3114
v -0.2865 0.0960 0.3246
v -0.3388 0.0760 0.2662
v -0.3209 0.0940 0.2433
v -0.2830 0.0630 0.3288
v -0.1030 0.0365 0.3898
v -0.1989 0.0242 0.3633
v -0.2027 0.0364 0.3430
v -0.1309 0.0221 0.3951
v -0.2324 0.0202 0.3393
v -0.2797 0.0346 0.2976
v -0.1166 0.0218 0.3971
v -0.0842 0.0287 0.4065
v -0.0416 0.0232 0.4144
v -0.0158 0.0224 0.4120
v -0.2672 0.0345 0.2908
v -0.2045 0.0402 0.3482
v -0.2789 0.0338 0.3058
v -0.1738 0.0323 0.3809
v -0.2657 0.0505 0.2945
v -0.1073 0.0393 0.3978
v -0.2820 0.0566 0.2996
v -0.2830 0.0630 0.3288
v -0.2820 0.0566 0.2996
v -0.2671 0.0721 0.3141
v -0.2657 0.0505 0.2945
v -0.2534 0.0800 0.3041
v -0.2865 0.0960 0.3246
v -0.2301 0.1174 0.3582
v -0.2803 0.1115 0.3316
v -0.2354 0.1061 0.3361
v -0.2765 0.1258 0.3580
v -0.2552 0.1324 0.3920
v -0.2532 0.1148 0.3029
v -0.2156 0.0865 0.3415
v -0.2934 0.1308 0.3115
v -0.2764 0.1272 0.2927
v -0.2390 0.0864 0.3518
v -0.2318 0.1051 0.4054
v -0.2552 0.1324 0.3920
v -0.2390 0.0864 0.3518
v -0.2090 0.0875 0.3656
v -0.2156 0.0865 0.3415
v -0.2301 0.1174 0.3582
v -0.2390 0.0864 0.3518
v -0.2552 0.1324 0.3920
v -0.1969 0.1275 0.3611
v -0.2301 0.1174 0.3582
v -0.1859 0.1297 0.3408
v -0.2265 0.1196 0.3681
v -0.1765 0.1192 0.3544
v -0.1813 0.1298 0.3759
v -0.2301 0.1174 0.3582
v -0.2265 0.1196 0.3681
v -0.2390 0.0864 0.3518
v -0.2265 0.1196 0.3681
v -0.2354 0.1061 0.3361
v -0.2390 0.0864 0.3518
v -0.2301 0.1174 0.3582
v -0.2354 0.1061 0.3361
v -0.2410 0.1145 0.3413
v -0.2410 0.1145 0.3413
v -0.2104 0.1333 0.3440
v -0.2301 0.1174 0.3582
v -0.2687 0.1390 0.3531
v -0.2744 0.1275 0.3257
v -0.2905 0.1377 0.3096
v -0.2937 0.1431 0.3074
v -0.2410 0.1145 0.3413
v -0.2764 0.1272 0.2927
v -0.2532 0.1148 0.3029
v -0.2205 0.1063 0.3362
v -0.2935 0.1304 0.3035
v -0.2945 0.1738 0.2980
v -0.3063 0.0693 0.2949
v -0.2820 0.0566 0.2996
v -0.3111 0.0672 0.3114
v -0.2830 0.0630 0.3288
v -0.3388 0.0760 0.2662
v -0.3283 0.0514 0.2455
v -0.1030 0.0365 0.3898
v -0.1202 0.1060 0.3809
v -0.0558 0.1062 0.3960
v -0.0218 0.1057 0.3996
v -0.0158 0.0224 0.4120
v -0.1720 0.1074 0.3588
v -0.2027 0.0364 0.3430
v -0.2205 0.1063 0.3362
v -0.2534 0.0800 0.3041
v -0.2672 0.0345 0.2908
v -0.2800 0.0656 0.2884
v -0.2532 0.1148 0.3029
v -0.0162 0.0535 0.4224
v 0.0240 0.0229 0.4121
v 0.0082 0.0519 0.4221
v 0.0148 0.0987 0.4186
v -0.0177 0.1025 0.4186
v 0.0214 0.0690 0.4200
v -0.1402 0.1122 0.3806
v -0.2045 0.0402 0.3482
v -0.1073 0.0393 0.3978
v -0.1690 0.1107 0.3643
v -0.1974 0.0955 0.3538
v -0.2156 0.0865 0.3415
v -0.0674 0.1128 0.4011
v -0.0242 0.0390 0.4130
v -0.0232 0.1077 0.4063
v -0.2657 0.0505 0.2945
v -0.2534 0.0800 0.3041
v -0.2532 0.1148 0.3029
v -0.0944 0.0165 0.4093
v -0.1738 0.0323 0.3809
v -0.2042 0.0156 0.3653
v -0.2789 0.0338 0.3058
v 0.0288 0.0199 0.4199
v 0.0188 0.0438 0.4248
v -0.0202 0.1028 0.4263
v -0.0167 0.0506 0.4362
v -0.0170 0.0948 0.4447
v -0.3501 0.1218 0.2621
v -0.2991 0.1439 0.3251
v -0.3406 0.1548 0.2850
v -0.3004 0.1222 0.3107
v -0.3576 0.1359 0.2682
v -0.2650 0.0806 0.3037
v -0.2793 0.0893 0.2912
v -0.2865 0.0960 0.3246
v -0.3004 0.0941 0.2943
v -0.3209 0.0940 0.2433
v -0.2534 0.0800 0.3041
v -0.2800 0.0656 0.2884
v -0.2785 0.1193 0.2651
v -0.2764 0.1272 0.2927
v -0.3004 0.1222 0.3107
v -0.2649 0.1331 0.2815
v -0.2934 0.1308 0.3115
v -0.3501 0.1218 0.2621
v -0.3342 0.1118 0.2389
v -0.3342 0.1118 0.2389
v -0.3501 0.1218 0.2621
v -0.3599 0.1138 0.2714
v -0.2905 0.1377 0.3096
v -0.2764 0.1272 0.2927
v -0.2649 0.1331 0.2815
v -0.3093 0.1483 0.3338
v -0.3551 0.1490 0.2975
v -0.3402 0.1416 0.3007
v -0.3576 0.1359 0.2682
v -0.2991 0.1439 0.3251
v -0.2991 0.1439 0.3251
v -0.3402 0.1416 0.3007
v -0.3406 0.1548 0.2850
v -0.3576 0.1359 0.2682
v -0.2943 0.1350 0.3137
v -0.3004 0.1222 0.3107
v -0.2937 0.1431 0.3074
v -0.2934 0.1334 0.3026
v -0.2991 0.1439 0.3251
v -0.2924 0.1595 0.3122
v -0.2918 0.1625 0.3159
v -0.2935 0.1304 0.3035
v -0.2803 0.1115 0.3316
v -0.2805 0.1543 0.3466
v -0.2859 0.1532 0.3279
v -0.2765 0.1258 0.3580
v -0.2772 0.1919 0.3216
v -0.2489 0.1550 0.3943
v -0.2552 0.1324 0.3920
v -0.2943 0.1350 0.3137
v -0.2924 0.1595 0.3122
v -0.2896 0.1612 0.3160
v -0.2945 0.1738 0.2980
v -0.2937 0.1431 0.3074
v -0.2934 0.1308 0.3115
v -0.2935 0.1304 0.3035
v -0.3004 0.1222 0.3107
v -0.3295 0.1264 0.2506
v -0.3308 0.1251 0.2681
v -0.2889 0.1247 0.2585
v -0.2934 0.1334 0.3026
v -0.3211 0.1176 0.2164
v -0.2649 0.1331 0.2815
v -0.3375 0.1243 0.2311
v -0.3501 0.1218 0.2621
v -0.2905 0.1377 0.3096
v -0.3178 0.1020 0.1990
v -0.2905 0.1377 0.3096
v -0.2934 0.1334 0.3026
v -0.2935 0.1304 0.3035
v -0.3214 0.1381 0.2892
v -0.3364 0.1675 0.2871
v -0.3098 0.1758 0.3060
v -0.2937 0.1431 0.3074
v -0.2924 0.1595 0.3122
v -0.3462 0.1271 0.2625
v -0.2934 0.1334 0.3026
v -0.2918 0.1625 0.3159
v -0.3308 0.1251 0.2681
v -0.3010 0.1920 0.3046
v -0.3340 0.1975 0.2758
v -0.3503 0.2008 0.2583
v -0.3576 0.1359 0.2682
v -0.1908 0.1285 0.4074
v -0.2140 0.1247 0.4003
v -0.1956 0.0903 0.3895
v -0.1645 0.1077 0.3940
v -0.1733 0.1468 0.4117
v -0.2137 0.1631 0.3994
v -0.2489 0.1550 0.3943
v -0.2318 0.1051 0.4054
v -0.2552 0.1324 0.3920
v -0.2090 0.0875 0.3656
v -0.2104 0.1333 0.3440
v -0.2351 0.1628 0.3745
v -0.2039 0.1455 0.3572
v -0.2006 0.1819 0.3847
v -0.2410 0.1145 0.3413
v -0.2687 0.1390 0.3531
v -0.1969 0.1313 0.3485
v -0.1969 0.1275 0.3611
v -0.1969 0.1313 0.3485
v -0.2039 0.1455 0.3572
v -0.3210 0.1132 0.2379
v -0.3599 0.1138 0.2714
v -0.3388 0.0760 0.2662
v -0.3209 0.0940 0.2433
v -0.3552 0.0607 0.2737
v -0.3283 0.0514 0.2455
v -0.3836 0.0629 0.2469
v -0.3824 0.0936 0.2590
v -0.3905 0.0945 0.2383
v -0.3818 0.0574 0.2143
v -0.3850 0.1178 0.2331
v -0.3552 0.0607 0.2737
v -0.3599 0.1138 0.2714
v -0.3666 0.1382 0.2514
v -0.2976 0.0841 0.2910
v -0.3051 0.0871 0.2762
v -0.2984 0.0863 0.2654
v -0.3125 0.0849 0.2521
v -0.2793 0.0893 0.2912
v -0.3060 0.2059 0.2366
v -0.3056 0.2173 0.2337
v -0.3368 0.1950 0.2504
v -0.3297 0.2157 0.2374
v -0.3551 0.1999 0.2441
v -0.3763 0.1585 0.2494
v -0.3456 0.1309 0.2511
v -0.3666 0.1382 0.2514
v -0.3091 0.2228 0.2350
v -0.3501 0.1218 0.2621
v -0.3599 0.1138 0.2714
v -0.2911 0.2141 0.2134
v -0.3004 0.2253 0.2191
v -0.2894 0.2202 0.2068
v -0.2773 0.2097 0.1938
v -0.3342 0.1118 0.2389
v -0.3599 0.1138 0.2714
v -0.3210 0.1132 0.2379
v -0.3210 0.1132 0.2379
v -0.3284 0.0877 0.2388
v -0.3342 0.1118 0.2389
v -0.3376 0.1041 0.2494
v -0.3295 0.1264 0.2506
v -0.3462 0.1271 0.2625
v -0.3390 0.1404 0.2524
v -0.3501 0.1218 0.2621
v -0.3576 0.1359 0.2682
v -0.3228 0.1562 0.2583
v -0.3364 0.1675 0.2871
v -0.3296 0.1925 0.2617
v -0.3390 0.1404 0.2524
v -0.3462 0.1271 0.2625
v -0.3456 0.1309 0.2511
v -0.3501 0.1218 0.2621
v -0.3390 0.1404 0.2524
v -0.3456 0.1309 0.2511
v -0.3473 0.1356 0.2354
v -0.3368 0.1950 0.2504
v -0.3390 0.1404 0.2524
v -0.3296 0.1925 0.2617
v -0.3404 0.1952 0.2368
v -0.3501 0.1218 0.2621
v -0.3375 0.1243 0.2311
v -0.3375 0.1243 0.2311
v -0.3620 0.1303 0.2134
v -0.3473 0.1356 0.2354
v -0.3296 0.1925 0.2617
v -0.3308 0.1251 0.2681
v -0.3228 0.1562 0.2583
v -0.3295 0.1264 0.2506
v -0.3142 0.0850 0.2141
v -0.3292 0.0168 0.1939
v -0.3126 0.0869 0.2233
v -0.3542 0.0780 0.1447
v -0.3423 0.0156 0.1680
v -0.3129 0.0156 0.2183
v -0.2731 0.0201 0.2790
v -0.2786 0.0843 0.2704
v -0.3528 0.0156 0.1426
v -0.2747 0.0866 0.2693
v -0.3129 0.0156 0.2183
v -0.3142 0.0850 0.2141
v -0.2731 0.0201 0.2790
v -0.3270 0.0177 0.1898
v -0.3542 0.0780 0.1447
v -0.3413 0.0160 0.1622
v -0.3528 0.0156 0.1426
v -0.3178 0.1020 0.1990
v -0.2540 0.0986 0.2871
v -0.2889 0.1247 0.2585
v -0.2649 0.1331 0.2815
v -0.3211 0.1176 0.2164
v 0.1710 0.0163 0.3930
v 0.1298 0.0187 0.4057
v 0.1279 0.0213 0.3810
v 0.1723 0.0207 0.3656
v 0.2632 0.0211 0.3184
v 0.2679 0.0159 0.3398
v 0.2933 0.0221 0.2850
v 0.3566 0.0162 0.2468
v 0.3326 0.0210 0.2364
v 0.3923 0.0167 0.1846
v 0.3657 0.0212 0.1737
v 0.4008 0.0189 0.0766
v 0.4182 0.0131 0.1082
v 0.4166 0.0158 -0.0223
v 0.3984 0.0176 -0.0256
v 0.4282 0.0128 0.0440
v 0.1218 0.0235 0.3851
v 0.0288 0.0199 0.4199
v 0.0225 0.0197 0.3945
v -0.1082 0.0213 0.3796
v 0.1303 0.0244 0.4401
v 0.0327 0.0218 0.4459
v -0.0944 0.0165 0.4093
v -0.2042 0.0156 0.3653
v -0.2566 0.0197 0.2940
v -0.2933 0.0191 0.2862
v 0.0282 0.0218 0.4364
v 0.1218 0.0235 0.3851
v 0.0225 0.0197 0.3945
v 0.0292 0.0253 0.3914
v -0.1166 0.0218 0.3971
v -0.1082 0.0213 0.3796
v -0.1309 0.0221 0.3951
v -0.0935 0.0209 0.4028
v -0.1989 0.0242 0.3633
v -0.2566 0.0197 0.2940
v -0.0577 0.0220 0.4096
v 0.0225 0.0197 0.3945
v -0.0158 0.0224 0.4120
v 0.0240 0.0229 0.4121
v -0.0416 0.0232 0.4144
v -0.2324 0.0202 0.3393
v -0.2536 0.0203 0.3194
v -0.2933 0.0191 0.2862
v 0.0292 0.0253 0.3914
v -0.2802 0.0594 0.2944
v -0.2672 0.0345 0.2908
v -0.2797 0.0346 0.2976
v -0.2800 0.0656 0.2884
v -0.2747 0.0866 0.2693
v -0.2786 0.0843 0.2704
v -0.2731 0.0201 0.2790
v -0.2540 0.0986 0.2871
v -0.2786 0.0843 0.2704
v -0.2747 0.0866 0.2693
v -0.2786 0.0843 0.2704
v -0.3142 0.0850 0.2141
v -0.3126 0.0869 0.2233
v -0.2785 0.1193 0.2651
v -0.3375 0.1243 0.2311
v -0.3178 0.1020 0.1990
v -0.3178 0.1020 0.1990
v -0.2786 0.0843 0.2704
v -0.2785 0.1193 0.2651
v -0.3142 0.0850 0.2141
v -0.2540 0.0986 0.2871
v -0.2649 0.1331 0.2815
v -0.2075 0.1950 0.2915
v -0.2274 0.1882 0.2672
v -0.2073 0.1409 0.2945
v -0.1874 0.1396 0.3185
v -0.1692 0.2038 0.3503
v -0.1747 0.1621 0.3381
v -0.2132 0.1445 0.2823
v -0.2165 0.1220 0.2868
v -0.2483 0.1232 0.2620
v -0.2306 0.1974 0.2501
v -0.2337 0.1992 0.2755
v -0.1863 0.2075 0.3162
v -0.2420 0.1796 0.3497
v -0.2050 0.1913 0.3823
v -0.1779 0.2094 0.3523
v -0.2489 0.1550 0.3943
v -0.2805 0.1543 0.3466
v -0.2685 0.2030 0.3061
v -0.2772 0.1919 0.3216
v -0.2484 0.2170 0.2932
v -0.2798 0.1987 0.3135
v -0.1652 0.2073 0.3312
v -0.1383 0.1865 0.3698
v -0.2932 0.1924 0.3313
v -0.3587 0.2084 0.2624
v -0.3093 0.1483 0.3338
v -0.3551 0.1490 0.2975
v -0.2484 0.2170 0.2932
v -0.3216 0.2313 0.2290
v -0.2708 0.2116 0.3111
v -0.2883 0.2315 0.1987
v -0.2220 0.2080 0.2732
v -0.1863 0.2075 0.3162
v -0.2945 0.1738 0.2980
v -0.2896 0.1612 0.3160
v -0.2918 0.1625 0.3159
v -0.3098 0.1758 0.3060
v -0.2859 0.1532 0.3279
v -0.2991 0.1439 0.3251
v -0.2859 0.1532 0.3279
v -0.2772 0.1919 0.3216
v -0.2932 0.1924 0.3313
v -0.2708 0.2116 0.3111
v -0.2991 0.1439 0.3251
v -0.3093 0.1483 0.3338
v -0.2560 0.2003 0.2751
v -0.2945 0.1738 0.2980
v -0.2798 0.1938 0.2918
v -0.3010 0.1920 0.3046
v -0.3098 0.1758 0.3060
v -0.2592 0.2145 0.2855
v -0.2408 0.2029 0.2815
v -0.2337 0.1992 0.2755
v -0.2773 0.2097 0.1938
v -0.2692 0.1882 0.1814
v -0.2546 0.2153 0.2221
v -0.2894 0.2202 0.2068
v -0.2592 0.2145 0.2855
v -0.3091 0.2228 0.2350
v -0.2337 0.2075 0.2647
v -0.3004 0.2253 0.2191
v -0.3340 0.1975 0.2758
v -0.3503 0.2008 0.2583
v -0.3297 0.2157 0.2374
v -0.3010 0.1920 0.3046
v -0.1979 0.1916 0.3664
v -0.2687 0.1390 0.3531
v -0.2279 0.1814 0.3392
v -0.2945 0.1738 0.2980
v -0.2560 0.2003 0.2751
v -0.2351 0.1628 0.3745
v -0.2006 0.1819 0.3847
v -0.1692 0.2038 0.3503
v -0.2075 0.1950 0.2915
v -0.2337 0.1992 0.2755
v -0.2708 0.2116 0.3111
v -0.2798 0.1987 0.3135
v -0.2685 0.2030 0.3061
v -0.2484 0.2170 0.2932
v -0.2798 0.1987 0.3135
v -0.2708 0.2116 0.3111
v -0.2772 0.1919 0.3216
v -0.2546 0.2153 0.2221
v -0.2692 0.1882 0.1814
v -0.2667 0.1531 0.2054
v -0.2729 0.1703 0.1742
v -0.2991 0.1329 0.1328
v -0.2873 0.1646 0.1513
v -0.3107 0.1417 0.1170
v -0.3040 0.1840 0.1221
v -0.2883 0.1808 0.1459
v -0.2749 0.2056 0.1809
v -0.2425 0.1904 0.2298
v -0.2298 0.1830 0.2426
v -0.2313 0.1515 0.2441
v -0.2306 0.1974 0.2501
v -0.2284 0.1341 0.2394
v -0.2337 0.2075 0.2647
v -0.2337 0.1992 0.2755
v -0.2773 0.2097 0.1938
v -0.2274 0.1882 0.2672
v -0.2337 0.2075 0.2647
v -0.2408 0.2029 0.2815
v -0.2592 0.2145 0.2855
v -0.2337 0.1992 0.2755
v -0.2966 0.2137 0.1990
v -0.3297 0.2157 0.2374
v -0.2883 0.2315 0.1987
v -0.2827 0.2058 0.1881
v -0.3216 0.2313 0.2290
v -0.3503 0.2008 0.2583
v -0.3587 0.2084 0.2624
v -0.3576 0.1359 0.2682
v -0.2738 0.2048 0.1669
v -0.3551 0.1490 0.2975
v -0.3654 0.1685 0.2431
v -0.3580 0.1773 0.2453
v -0.3674 0.1670 0.2474
v -0.3703 0.1627 0.2440
v -0.3634 0.1676 0.2391
v -0.3531 0.1780 0.2454
v -0.3404 0.1952 0.2368
v -0.3674 0.1670 0.2474
v -0.3531 0.1780 0.2454
v -0.3473 0.1356 0.2354
v -0.3404 0.1952 0.2368
v -0.3580 0.1773 0.2453
v -0.3703 0.1627 0.2440
v -0.3368 0.1950 0.2504
v -0.3462 0.1271 0.2625
v -0.3296 0.1925 0.2617
v -0.3456 0.1309 0.2511
v -0.3308 0.1251 0.2681
v -0.3818 0.0574 0.2143
v -0.3283 0.0514 0.2455
v -0.3836 0.0629 0.2469
v -0.3552 0.0607 0.2737
v -0.3554 0.0438 0.2036
v -0.3717 0.1106 0.2095
v -0.3554 0.0438 0.2036
v -0.3818 0.0574 0.2143
v -0.3474 0.0472 0.1928
v -0.3482 0.1107 0.1913
v -0.3905 0.0945 0.2383
v -0.3850 0.1178 0.2331
v -0.3798 0.0479 0.1148
v -0.3914 0.0436 0.1119
v -0.3554 0.0438 0.2036
v -0.3951 0.0476 0.0809
v -0.3474 0.0472 0.1928
v -0.3836 0.1488 0.1965
v -0.3608 0.1492 0.2188
v -0.4230 0.1583 0.1908
v -0.3763 0.1585 0.2494
v -0.3640 0.1575 0.2377
v -0.4854 0.1984 0.1292
v -0.3763 0.1585 0.2494
v -0.3640 0.1575 0.2377
v -0.3666 0.1382 0.2514
v -0.3473 0.1356 0.2354
v -0.3717 0.1106 0.2095
v -0.3850 0.1178 0.2331
v -0.3597 0.1164 0.2115
v -0.3482 0.1107 0.1913
v -0.3620 0.1303 0.2134
v -0.3666 0.1382 0.2514
v -0.3473 0.1356 0.2354
v -0.3836 0.1488 0.1965
v -0.4205 0.1224 0.1344
v -0.3778 0.1260 0.1733
v -0.4684 0.1695 0.0856
v -0.4854 0.1984 0.1292
v -0.3799 0.1211 0.1884
v -0.3620 0.1303 0.2134
v -0.3597 0.1164 0.2115
v -0.3608 0.1492 0.2188
v -0.3963 0.1599 0.1767
v -0.3608 0.1492 0.2188
v -0.3908 0.1531 0.1775
v -0.4041 0.1762 0.1904
v -0.3757 0.1696 0.2381
v -0.3640 0.1575 0.2377
v -0.4160 0.1951 0.1893
v -0.3706 0.1283 0.1517
v -0.3620 0.1303 0.2134
v -0.3428 0.1127 0.1921
v -0.3739 0.1193 0.1170
v -0.3703 0.1627 0.2440
v -0.4192 0.2141 0.1577
v -0.4240 0.2131 0.1822
v -0.3473 0.1356 0.2354
v -0.3757 0.1696 0.2381
v -0.3392 0.2150 0.2216
v -0.3404 0.1952 0.2368
v -0.3060 0.2059 0.2366
v -0.3634 0.1676 0.2391
v -0.3703 0.1627 0.2440
v -0.4041 0.1762 0.1904
v -0.3368 0.1950 0.2504
v -0.2911 0.2141 0.2134
v -0.3423 0.0156 0.1680
v -0.3270 0.0177 0.1898
v -0.3292 0.0168 0.1939
v -0.3413 0.0160 0.1622
v -0.3528 0.0156 0.1426
v -0.3129 0.0156 0.2183
v -0.3763 0.1168 0.0934
v -0.3897 0.0433 0.0237
v -0.3764 0.1164 0.0651
v -0.3753 0.0468 0.1102
v -0.3846 0.1112 0.0289
v -0.3845 0.0858 -0.0053
v -0.3840 0.1115 -0.0055
v -0.3851 0.0997 -0.0215
v -0.3826 0.0348 -0.0653
v -0.3765 0.0914 -0.0473
v -0.3594 0.1037 -0.1176
v -0.3746 0.1088 -0.0567
v -0.3559 0.0315 -0.1532
v -0.3413 0.0997 -0.1707
v -0.3374 0.0219 -0.2008
v -0.3403 0.0206 -0.1892
v -0.3682 0.0867 0.1201
v -0.3739 0.1193 0.1170
v -0.3582 0.0434 0.1497
v -0.3492 0.0815 0.1750
v -0.3428 0.1127 0.1921
v -0.3411 0.0454 0.1952
v -0.3587 0.0807 0.2078
v -0.3587 0.1062 0.2120
v -0.3620 0.1303 0.2134
v -0.3555 0.0582 0.2067
v -0.3517 0.0357 0.2026
v -0.3374 0.0219 -0.2008
v -0.3403 0.0206 -0.1892
v -0.3416 0.0199 -0.1943
v -0.2435 0.0589 0.2206
v -0.2048 0.0608 0.2557
v -0.2018 0.0900 0.2529
v -0.2477 0.0882 0.2082
v -0.2250 0.0643 0.1892
v -0.2284 0.0517 0.2010
v -0.2477 0.0882 0.2082
v -0.2435 0.0589 0.2206
v -0.2230 0.1051 0.1841
v -0.2532 0.1315 0.1469
v -0.2815 0.1251 0.0909
v -0.2934 0.0816 0.1280
v -0.3121 0.1048 0.0492
v -0.2966 0.1313 0.0462
v -0.2766 0.0826 0.1727
v -0.2491 0.0981 0.2048
v -0.2344 0.1343 0.1843
v -0.2149 0.1357 0.2028
v -0.3132 0.0915 -0.0353
v -0.2477 0.0882 0.2082
v -0.2912 0.1022 -0.0390
v -0.2491 0.0981 0.2048
v -0.2380 0.0702 0.2081
v -0.2250 0.0643 0.1892
v -0.2284 0.0517 0.2010
v -0.2477 0.0882 0.2082
v -0.2370 0.0724 0.2242
v -0.2190 0.0470 0.2124
v -0.2202 0.0444 0.2056
v -0.2227 0.0681 0.2333
v -0.2003 0.0742 0.2524
v -0.2018 0.0900 0.2529
v -0.3529 0.1066 0.2283
v -0.3342 0.1118 0.2389
v -0.3376 0.1041 0.2494
v -0.3587 0.1062 0.2120
v -0.3620 0.1303 0.2134
v -0.3375 0.1243 0.2311
v -0.2785 0.1193 0.2651
v -0.2685 0.1570 0.1909
v -0.2599 0.1950 0.1746
v -0.2483 0.2069 0.2192
v -0.2166 0.1879 0.2506
v -0.2229 0.1428 0.2404
v -0.2567 0.1383 0.2043
v -0.2220 0.2080 0.2732
v -0.2883 0.2315 0.1987
v -0.2738 0.2048 0.1669
v -0.2882 0.1835 0.1118
v -0.2803 0.1648 0.1164
v -0.4046 0.2340 0.1901
v -0.4553 0.2026 0.1710
v -0.3773 0.2217 0.2202
v -0.4230 0.1583 0.1908
v -0.3297 0.2157 0.2374
v -0.4854 0.1984 0.1292
v -0.4663 0.2252 0.1481
v -0.4146 0.2232 0.1657
v -0.4066 0.2553 0.1640
v -0.4229 0.2684 0.1572
v -0.3797 0.2405 0.1703
v -0.3551 0.1999 0.2441
v -0.3763 0.1585 0.2494
v -0.4160 0.1951 0.1893
v -0.4077 0.2202 0.1949
v -0.3997 0.2107 0.2022
v -0.4240 0.2131 0.1822
v -0.4041 0.1762 0.1904
v -0.3392 0.2150 0.2216
v -0.4240 0.2131 0.1822
v -0.4192 0.2141 0.1577
v -0.4231 0.2156 0.1802
v -0.4077 0.2202 0.1949
v -0.2751 0.2088 0.1908
v -0.2952 0.2004 0.1948
v -0.2749 0.2056 0.1809
v -0.2883 0.1808 0.1459
v -0.2773 0.2097 0.1938
v -0.2911 0.2141 0.2134
v -0.3392 0.2150 0.2216
v -0.3152 0.2282 0.1793
v -0.3997 0.2107 0.2022
v -0.3764 0.2337 0.1839
v -0.4077 0.2202 0.1949
v -0.3237 0.2370 0.1608
v -0.3803 0.2308 0.1680
v -0.3527 0.2416 0.1517
v -0.4231 0.2156 0.1802
v -0.4192 0.2141 0.1577
v -0.4002 0.0221 -0.0369
v -0.3897 0.0433 0.0237
v -0.4009 0.0372 0.0271
v -0.3826 0.0348 -0.0653
v -0.3731 0.0204 -0.1341
v -0.3559 0.0315 -0.1532
v -0.3880 0.0397 0.1098
v -0.3753 0.0468 0.1102
v -0.3582 0.0434 0.1497
v -0.3517 0.0357 0.2026
v -0.3411 0.0454 0.1952
v -0.3435 0.0200 -0.1925
v -0.4019 0.1051 0.0770
v -0.4199 0.0651 0.0727
v -0.3951 0.0476 0.0809
v -0.4219 0.0964 0.0725
v -0.3871 0.1164 0.0761
v -0.3482 0.1107 0.1913
v -0.3752 0.1120 0.1238
v -0.3798 0.0479 0.1148
v -0.3474 0.0472 0.1928
v -0.3960 0.1267 0.1033
v -0.3752 0.1120 0.1238
v -0.4205 0.1224 0.1344
v -0.4287 0.1265 0.0779
v -0.3778 0.1260 0.1733
v -0.3871 0.1164 0.0761
v -0.3862 0.1257 0.0492
v -0.3482 0.1107 0.1913
v -0.3799 0.1211 0.1884
v -0.3597 0.1164 0.2115
v -0.4684 0.1695 0.0856
v -0.4469 0.1923 -0.0108
v -0.4206 0.1636 0.0094
v -0.3774 0.1210 -0.0185
v -0.3257 0.1123 -0.0638
v -0.3268 0.1149 -0.0068
v -0.3662 0.1196 -0.0862
v -0.3029 0.1120 -0.1376
v -0.2770 0.1106 -0.1850
v -0.3359 0.1188 -0.1745
v -0.2878 0.1186 -0.2420
v -0.2330 0.1183 -0.2471
v -0.2414 0.1055 -0.2830
v -0.2226 0.1186 -0.2589
v -0.3840 0.1115 -0.0055
v -0.3846 0.1112 0.0289
v -0.3764 0.1164 0.0651
v -0.3115 0.1173 0.1160
v -0.3763 0.1168 0.0934
v -0.3584 0.1199 0.1041
v -0.3739 0.1193 0.1170
v -0.3706 0.1283 0.1517
v -0.3107 0.1417 0.1170
v -0.3107 0.1417 0.1170
v -0.3584 0.1199 0.1041
v -0.3115 0.1173 0.1160
v -0.3572 0.1188 0.0851
v -0.3571 0.1188 0.0851
v -0.3571 0.1188 0.0851
v -0.3570 0.1188 0.0851
v -0.3567 0.1188 0.0850
v -0.3564 0.1188 0.0849
v -0.3560 0.1189 0.0848
v -0.3561 0.1189 0.0849
v -0.3549 0.1188 0.0844
v -0.3551 0.1191 0.0847
v -0.3552 0.1190 0.0846
v -0.3558 0.1188 0.0846
v -0.3552 0.1190 0.0846
v -0.3538 0.1192 0.0843
v -0.3551 0.1191 0.0847
v -0.3549 0.1188 0.0844
v -0.3570 0.1188 0.0851
v -0.3571 0.1188 0.0851
v -0.3572 0.1188 0.0851
v -0.3564 0.1188 0.0849
v -0.3564 0.1188 0.0849
v -0.3570 0.1188 0.0851
v -0.3568 0.1188 0.0850
v -0.3568 0.1188 0.0850
v -0.3570 0.1188 0.0851
v -0.3567 0.1188 0.0850
v -0.3561 0.1189 0.0849
v -0.3564 0.1188 0.0849
v -0.3558 0.1188 0.0846
v -0.3561 0.1189 0.0849
v -0.3549 0.1188 0.0844
v -0.3558 0.1188 0.0846
v -0.3549 0.1188 0.0844
v -0.3560 0.1189 0.0848
v -0.3551 0.1191 0.0847
v -0.3538 0.1192 0.0843
v -0.3314 0.1233 0.1062
v -0.3310 0.1176 0.0243
v -0.3520 0.1202 0.0847
v -0.3130 0.1227 0.1122
v -0.3591 0.1203 0.0678
v -0.3424 0.1199 0.0982
v -0.3556 0.1217 0.0747
v -0.3433 0.1262 0.0933
v -0.3561 0.1198 0.0789
v -0.3072 0.1583 0.0787
v -0.3591 0.1203 0.0678
v -0.3042 0.1395 0.1159
v -0.3730 0.1161 0.0569
v -0.3527 0.1383 0.0365
v -0.3566 0.1197 0.0759
v -0.3314 0.1233 0.1062
v -0.3577 0.1187 0.0823
v -0.3520 0.1202 0.0847
v -0.3445 0.1226 0.0956
v -0.3424 0.1199 0.0982
v -0.3520 0.1202 0.0847
v -0.3591 0.1203 0.0678
v -0.3556 0.1217 0.0747
v -0.3875 0.0828 0.0743
v -0.3870 0.0516 0.0784
v -0.3896 0.0792 0.0752
v -0.3990 0.0548 0.0763
v -0.3951 0.0476 0.0809
v -0.4199 0.0651 0.0727
v -0.3871 0.1164 0.0761
v -0.4019 0.1051 0.0770
v -0.3690 0.1276 0.0578
v -0.3871 0.1164 0.0761
v -0.3764 0.1192 0.0758
v -0.3881 0.1175 0.0517
v -0.3963 0.0559 0.0338
v -0.4036 0.0471 0.0327
v -0.3945 0.0490 0.0373
v -0.3879 0.0772 0.0652
v -0.3870 0.0516 0.0784
v -0.3875 0.0828 0.0743
v -0.3871 0.1164 0.0761
v -0.3886 0.0878 0.0463
v -0.3983 0.1009 0.0360
v -0.3907 0.1130 -0.0094
v -0.3881 0.1175 0.0517
v -0.3825 0.1291 -0.0189
v -0.3705 0.1142 -0.1004
v -0.3476 0.1260 -0.1564
v -0.3862 0.1257 0.0492
v -0.3855 0.1248 0.0676
v -0.4018 0.0450 0.0534
v -0.3951 0.0476 0.0809
v -0.1162 0.0055 -0.3915
v -0.1456 0.0099 -0.3729
v -0.1212 0.0030 -0.4049
v -0.2129 0.0071 -0.3527
v -0.1029 0.0129 -0.3823
v 0.0355 0.0032 -0.4106
v 0.0197 0.0132 -0.3865
v 0.0873 0.0023 -0.4097
v 0.0877 0.0146 -0.3772
v 0.1561 0.0024 -0.3877
v 0.1432 0.0139 -0.3601
v 0.2007 0.0152 -0.3266
v 0.2283 0.0132 -0.3316
v 0.2584 0.0150 -0.2872
v 0.2992 0.0142 -0.2609
v 0.2994 0.0141 -0.2435
v 0.3095 0.0162 -0.2549
v 0.3194 0.0174 -0.2173
v 0.3568 0.0114 -0.1942
v 0.3475 0.0185 -0.1836
v 0.3003 0.0167 -0.2674
v -0.1851 0.0141 -0.3570
v -0.2836 0.0078 -0.2981
v -0.2428 0.0174 -0.2990
v -0.1768 0.0170 -0.3405
v -0.2837 0.0182 -0.2606
v -0.3385 0.0088 -0.2304
v -0.3051 0.0163 -0.2265
v -0.3294 0.0165 -0.1934
v -0.3686 0.0178 -0.1178
v -0.3803 0.0090 -0.1432
v -0.3906 0.0150 -0.0492
v -0.4000 0.0288 -0.0690
v -0.4065 0.0128 0.0138
v -0.3955 0.0138 0.0271
v -0.3871 0.0138 0.1194
v 0.3475 0.0185 -0.1836
v 0.3568 0.0114 -0.1942
v 0.3563 0.0291 -0.1825
v -0.3686 0.0178 -0.1178
v -0.4002 0.0221 -0.0369
v -0.3906 0.0150 -0.0492
v -0.3955 0.0138 0.0271
v -0.3731 0.0204 -0.1341
v -0.3294 0.0165 -0.1934
v -0.3435 0.0200 -0.1925
v -0.4000 0.0176 0.0480
v -0.3871 0.0138 0.1194
v -0.3945 0.0490 0.0373
v -0.3990 0.0548 0.0763
v -0.4018 0.0450 0.0534
v -0.3990 0.0548 0.0763
v -0.3963 0.0559 0.0338
v -0.3879 0.0772 0.0652
v -0.3896 0.0792 0.0752
v -0.3994 0.0544 0.0370
v -0.3983 0.1009 0.0360
v -0.4199 0.0975 0.0407
v -0.4019 0.1051 0.0770
v -0.4219 0.0964 0.0725
v -0.3879 0.0772 0.0652
v -0.3886 0.0878 0.0463
v -0.4006 0.0943 0.0655
v -0.3983 0.1009 0.0360
v -0.3896 0.0792 0.0752
v -0.4019 0.1051 0.0770
v -0.3476 0.1260 -0.1564
v -0.3825 0.1291 -0.0189
v -0.3087 0.1197 -0.1327
v -0.3338 0.1222 -0.0133
v -0.3310 0.1176 0.0243
v -0.2532 0.1228 -0.2255
v -0.2993 0.1236 -0.2392
v -0.3730 0.1161 0.0569
v -0.2330 0.1183 -0.2471
v -0.2349 0.1202 -0.2898
v -0.2226 0.1186 -0.2589
v -0.3581 0.1188 0.0735
v -0.3577 0.1187 0.0823
v -0.3862 0.1257 0.0492
v 0.1585 0.1085 -0.2649
v 0.1914 0.1239 -0.2958
v 0.1837 0.1094 -0.2986
v 0.1635 0.1240 -0.2617
v 0.0860 0.1358 0.3226
v 0.0747 0.1357 0.3513
v 0.1010 0.1438 0.3351
v 0.0937 0.1395 0.3543
v 0.0787 0.1385 0.3758
v 0.1006 0.1465 0.3760
v 0.0299 0.1373 0.3717
v 0.0169 0.1347 0.3318
v -0.0603 0.1368 0.3555
v -0.1027 0.1404 0.3187
v -0.1142 0.1388 0.3310
v -0.1299 0.1417 0.3401
v -0.1189 0.1402 0.3290
v -0.0523 0.1409 0.3696
v 0.0319 0.1414 0.2890
v -0.0552 0.1410 0.2817
v 0.0525 0.1427 0.3246
v 0.1102 0.1409 0.2713
v -0.1126 0.1418 0.2654
v 0.1649 0.1377 0.2948
v 0.1919 0.1408 0.2277
v -0.1207 0.1423 0.3021
v -0.1605 0.1422 0.2868
v -0.1695 0.1408 0.2337
v -0.2229 0.1428 0.2404
v -0.2261 0.1380 0.1820
v -0.2567 0.1383 0.2043
v -0.3042 0.1395 0.1159
v 0.2427 0.1361 0.2464
v 0.2537 0.1383 0.2769
v -0.1329 0.1428 0.3014
v -0.2676 0.1349 0.1116
v 0.1353 0.1333 0.3421
v 0.1974 0.1393 0.3273
v 0.1138 0.1387 0.3579
v 0.2557 0.1410 0.2235
v 0.2667 0.1401 0.2108
v 0.2480 0.1405 0.1706
v 0.3171 0.1403 0.1251
v 0.2853 0.1383 0.1021
v 0.3112 0.1394 0.0752
v 0.3025 0.1328 -0.0319
v 0.3235 0.1389 0.0637
v 0.3241 0.1357 0.0030
v 0.3306 0.1343 -0.0270
v 0.3321 0.1295 -0.0799
v 0.2749 0.1287 -0.1333
v 0.2809 0.1255 -0.1974
v 0.2124 0.1223 -0.2217
v 0.2608 0.1403 0.2203
v 0.1635 0.1240 -0.2617
v 0.1914 0.1239 -0.2958
v -0.3086 0.1343 0.1111
v -0.2869 0.1343 0.0319
v -0.3297 0.1343 0.0078
v -0.3223 0.1326 -0.0769
v -0.2823 0.1309 -0.0757
v -0.2487 0.1294 -0.1527
v -0.2532 0.1228 -0.2255
v -0.2293 0.1281 -0.1905
v -0.2203 0.1233 -0.2557
v -0.1634 0.1240 -0.2531
v -0.1346 0.1213 -0.3106
v -0.1273 0.1210 -0.2887
v -0.1231 0.1178 -0.2782
v -0.3087 0.1197 -0.1327
v -0.3764 0.1192 0.0758
v -0.3855 0.1248 0.0676
v -0.3690 0.1276 0.0578
v -0.3871 0.1164 0.0761
v -0.3881 0.1175 0.0517
v -0.3862 0.1257 0.0492
v -0.3855 0.1248 0.0676
v -0.3871 0.1164 0.0761
v -0.3581 0.1188 0.0735
v -0.3561 0.1198 0.0789
v -0.3566 0.1197 0.0759
v -0.3577 0.1187 0.0823
v -0.3591 0.1203 0.0678
v -0.3520 0.1202 0.0847
v -0.3556 0.1217 0.0747
v -0.3581 0.1188 0.0735
v -0.3591 0.1203 0.0678
v -0.3310 0.1176 0.0243
v -0.3963 0.1599 0.1767
v -0.3293 0.2287 0.1175
v -0.4192 0.2141 0.1577
v -0.3040 0.1840 0.1221
v -0.4045 0.2489 0.1534
v -0.3961 0.2576 0.1461
v -0.3706 0.1283 0.1517
v -0.3107 0.1417 0.1170
v -0.4268 0.2323 0.1542
v -0.4281 0.2539 0.1465
v -0.4045 0.2489 0.1534
v -0.4184 0.2526 0.1300
v -0.4281 0.2539 0.1465
v -0.4311 0.3389 -0.0038
v -0.4400 0.3385 0.0354
v -0.4334 0.3530 0.0282
v -0.4534 0.2632 -0.0028
v -0.4876 0.2401 0.0705
v -0.4026 0.3958 0.0106
v -0.4590 0.3111 0.0969
v -0.4013 0.3451 -0.0649
v -0.4278 0.3598 0.0756
v -0.4044 0.2523 -0.0647
v -0.4469 0.1923 -0.0108
v -0.4396 0.2371 -0.0245
v -0.4239 0.2123 -0.0377
v -0.4684 0.1695 0.0856
v -0.4854 0.1984 0.1292
v -0.4867 0.2285 0.1138
v -0.4724 0.2716 0.1228
v -0.3833 0.3907 0.0994
v -0.4057 0.4142 0.0394
v -0.4135 0.3930 -0.0239
v -0.4028 0.4098 -0.0332
v -0.4041 0.4314 -0.0024
v -0.3643 0.4426 -0.0573
v -0.3400 0.5209 -0.0042
v -0.3450 0.5012 -0.0488
v -0.3924 0.1516 0.0397
v -0.4206 0.1636 0.0094
v -0.3659 0.1625 -0.0048
v -0.3885 0.1837 -0.0340
v -0.3527 0.1383 0.0365
v -0.4287 0.1265 0.0779
v -0.3862 0.1257 0.0492
v -0.3730 0.1161 0.0569
v -0.4243 0.1930 -0.0064
v -0.4469 0.1923 -0.0108
v -0.4239 0.2123 -0.0377
v -0.3646 0.2129 -0.0440
v -0.3205 0.2093 -0.0172
v -0.3336 0.1834 0.0232
v -0.3348 0.1866 0.0638
v -0.3470 0.1734 0.0356
v -0.3470 0.1730 0.0598
v -0.3155 0.2096 0.0650
v -0.3659 0.1625 -0.0048
v -0.3527 0.1383 0.0365
v -0.3470 0.1730 0.0598
v -0.3348 0.1866 0.0638
v -0.3059 0.1907 0.0816
v -0.2991 0.2110 0.0745
v -0.3155 0.2096 0.0650
v -0.3023 0.1907 0.0861
v -0.3527 0.1383 0.0365
v -0.3072 0.1583 0.0787
v -0.3060 0.1758 0.0899
v -0.2934 0.0816 0.1280
v -0.2905 0.1117 0.0431
v -0.2567 0.0987 0.1495
v -0.2766 0.0826 0.1727
v -0.2436 0.1018 0.1641
v -0.2477 0.0882 0.2082
v -0.2230 0.1051 0.1841
v -0.3121 0.1048 0.0492
v -0.3132 0.0915 -0.0353
v -0.2912 0.1022 -0.0390
v -0.3314 0.1233 0.1062
v -0.3107 0.1417 0.1170
v -0.3130 0.1227 0.1122
v -0.3115 0.1173 0.1160
v -0.3338 0.1222 -0.0133
v -0.3310 0.1176 0.0243
v -0.3297 0.1343 0.0078
v -0.3086 0.1343 0.1111
v -0.3130 0.1227 0.1122
v -0.3223 0.1326 -0.0769
v -0.3115 0.1173 0.1160
v -0.3087 0.1197 -0.1327
v -0.2230 0.1051 0.1841
v -0.1800 0.0687 0.2300
v -0.2101 0.0669 0.2022
v -0.1722 0.1034 0.2317
v -0.2261 0.1380 0.1820
v -0.1695 0.1408 0.2337
v -0.2436 0.1018 0.1641
v -0.1182 0.1041 0.2678
v -0.1126 0.1418 0.2654
v -0.2676 0.1349 0.1116
v -0.2567 0.0987 0.1495
v -0.1795 0.0546 0.2402
v -0.1872 0.0588 0.2332
v -0.2905 0.1117 0.0431
v -0.2869 0.1343 0.0319
v -0.2118 0.0617 0.1941
v -0.2250 0.0643 0.1892
v -0.2202 0.0444 0.2056
v -0.0846 0.1371 0.2812
v -0.0271 0.1379 0.2928
v -0.0562 0.1391 0.3188
v 0.0703 0.1384 0.3198
v 0.0407 0.1380 0.2929
v -0.1304 0.1365 0.3000
v 0.1205 0.1368 0.2752
v -0.1646 0.1358 0.2569
v 0.2117 0.1372 0.2606
v 0.1820 0.1371 0.2413
v 0.2499 0.1365 0.1784
v 0.2959 0.1367 0.1596
v 0.2903 0.1345 0.0991
v 0.3262 0.1339 0.1031
v 0.3234 0.1353 0.0772
v 0.2999 0.1314 0.0781
v 0.3076 0.1279 -0.0232
v 0.3369 0.1324 -0.0225
v 0.3311 0.1220 -0.0799
v 0.2880 0.1248 -0.1126
v 0.3169 0.1235 -0.1182
v 0.2808 0.1194 -0.1915
v 0.2557 0.1233 -0.1740
v 0.2351 0.1194 -0.2068
v 0.2653 0.1150 -0.2106
v 0.2366 0.1190 -0.2404
v 0.2191 0.1167 -0.2526
v 0.1851 0.1194 -0.2554
v 0.1854 0.1192 -0.2891
v 0.1685 0.1187 -0.2679
v 0.2241 0.1183 -0.2589
v -0.1605 0.1422 0.2868
v -0.1881 0.1327 0.2670
v -0.1930 0.1361 0.2277
v -0.2149 0.1357 0.2028
v -0.2284 0.1341 0.2394
v -0.2344 0.1343 0.1843
v -0.2991 0.1329 0.1328
v -0.2532 0.1315 0.1469
v -0.2688 0.1317 0.1299
v -0.2815 0.1251 0.0909
v -0.1631 0.1401 0.2995
v -0.1336 0.1373 0.3125
v -0.1979 0.1387 0.2848
v -0.2073 0.1409 0.2945
v -0.1874 0.1396 0.3185
v -0.1796 0.1393 0.3323
v -0.3086 0.1343 0.1111
v -0.2026 0.1410 0.2744
v -0.2966 0.1313 0.0462
v -0.3263 0.1306 -0.0014
v -0.2909 0.1290 -0.0663
v -0.3068 0.1270 -0.1213
v -0.2545 0.1224 -0.1600
v -0.2550 0.1218 -0.2135
v -0.1878 0.1197 -0.2377
v -0.1513 0.1175 -0.2966
v -0.1231 0.1178 -0.2782
v -0.1273 0.1210 -0.2887
v -0.1859 0.1297 0.3408
v -0.3042 0.1395 0.1159
v -0.3086 0.1343 0.1111
v -0.2991 0.1329 0.1328
v -0.3314 0.1233 0.1062
v -0.3042 0.1395 0.1159
v -0.3107 0.1417 0.1170
v -0.2991 0.1329 0.1328
v -0.3107 0.1417 0.1170
v -0.3042 0.1395 0.1159
v -0.1513 0.1175 -0.2966
v -0.2222 0.1068 -0.2528
v -0.2188 0.0964 -0.2557
v -0.1281 0.0993 -0.3050
v -0.1318 0.1119 -0.3065
v -0.1315 0.1243 -0.3041
v -0.2550 0.1218 -0.2135
v -0.2770 0.1106 -0.1850
v -0.3086 0.1343 0.1111
v -0.3115 0.1173 0.1160
v -0.3263 0.1306 -0.0014
v -0.3268 0.1149 -0.0068
v -0.3257 0.1123 -0.0638
v -0.3068 0.1270 -0.1213
v -0.3029 0.1120 -0.1376
v -0.2770 0.1106 -0.1850
v -0.2550 0.1218 -0.2135
v -0.2567 0.1383 0.2043
v -0.2599 0.1950 0.1746
v -0.2685 0.1570 0.1909
v -0.2827 0.2058 0.1881
v -0.2738 0.2048 0.1669
v -0.2947 0.1839 0.1534
v -0.2882 0.1835 0.1118
v -0.2966 0.2137 0.1990
v -0.2749 0.2056 0.1809
v -0.2773 0.2097 0.1938
v -0.2751 0.2088 0.1908
v -0.2803 0.1648 0.1164
v -0.3042 0.1395 0.1159
v -0.2882 0.1835 0.1118
v -0.3072 0.1583 0.0787
v -0.2991 0.2110 0.0745
v -0.2876 0.1496 0.1467
v -0.2567 0.1383 0.2043
v -0.2599 0.1950 0.1746
v -0.3050 0.2304 0.1077
v -0.3131 0.2379 0.1573
v -0.2947 0.1839 0.1534
v -0.3028 0.1905 0.1291
v -0.2966 0.2137 0.1990
v -0.2882 0.1835 0.1118
v -0.3028 0.1905 0.1291
v -0.3412 0.2478 0.1265
v -0.3478 0.2500 0.1577
v -0.4066 0.2553 0.1640
v -0.3131 0.2379 0.1573
v -0.3028 0.1905 0.1291
v -0.3478 0.2500 0.1577
v -0.3527 0.2416 0.1517
v -0.3040 0.1840 0.1221
v -0.3237 0.2370 0.1608
v -0.3152 0.2282 0.1793
v -0.2952 0.2004 0.1948
v -0.2883 0.1808 0.1459
v -0.3293 0.2287 0.1175
v -0.3454 0.2500 0.1116
v -0.3338 0.2366 0.1119
v -0.3526 0.2593 0.1257
v -0.3050 0.2304 0.1077
v -0.3632 0.2688 0.1356
v -0.3412 0.2478 0.1265
v -0.4066 0.2553 0.1640
v -0.3028 0.1905 0.1291
v -0.2882 0.1835 0.1118
v -0.4229 0.2684 0.1572
v -0.3956 0.2821 0.1336
v -0.3111 0.1863 0.0803
v -0.3060 0.1758 0.0899
v -0.3059 0.1907 0.0816
v -0.3035 0.1950 0.0851
v -0.3034 0.1950 0.0851
v -0.3033 0.1937 0.0857
v -0.3035 0.1955 0.0848
v -0.3059 0.1907 0.0816
v -0.3033 0.1937 0.0857
v -0.3029 0.1887 0.0883
v -0.3035 0.1950 0.0851
v -0.3035 0.1955 0.0848
v -0.3111 0.1863 0.0803
v -0.3060 0.1758 0.0899
v -0.3029 0.1887 0.0883
v -0.3023 0.1907 0.0861
v -0.3060 0.1758 0.0899
v -0.3072 0.1583 0.0787
v -0.2991 0.2110 0.0745
v -0.3033 0.1937 0.0857
v -0.3034 0.1950 0.0851
v -0.3034 0.1950 0.0851
v -0.3035 0.1955 0.0848
v -0.3059 0.1907 0.0816
v -0.3023 0.1907 0.0861
v -0.2516 0.1667 0.0499
v -0.2659 0.1738 0.0397
v -0.2254 0.1799 0.0433
v -0.2516 0.1667 0.0499
v -0.2490 0.1367 0.0296
v -0.2591 0.1496 0.0377
v -0.2659 0.1738 0.0397
v -0.2490 0.1367 0.0296
v -0.2516 0.1667 0.0499
v -0.2414 0.1521 0.0271
v -0.2423 0.1402 0.0223
v -0.2254 0.1799 0.0433
v -0.1755 0.3259 0.1057
v -0.1695 0.3601 0.1161
v -0.2145 0.3427 0.1003
v -0.2212 0.3714 0.1099
v -0.2225 0.3039 0.0815
v -0.2225 0.3872 0.1342
v -0.1659 0.3799 0.1374
v -0.2411 0.2548 0.0878
v -0.2466 0.1190 0.0281
v -0.2268 0.1668 0.0354
v -0.2662 0.1218 0.0354
v -0.2273 0.1194 0.0223
v -0.2677 0.0587 0.0385
v -0.2166 0.0931 0.0042
v -0.2183 0.0615 0.0067
v -0.2379 0.0193 0.0155
v -0.2578 0.0139 0.0311
v -0.2646 0.0251 0.0346
v -0.2036 0.1023 -0.0054
v -0.2448 0.1848 0.0693
v -0.2254 0.1799 0.0433
v -0.2147 0.2151 0.0732
v -0.2514 0.2251 0.0758
v -0.1985 0.2727 0.0875
v -0.1831 0.2988 0.0930
v -0.2103 0.1517 0.0331
v -0.2448 0.1848 0.0693
v -0.2659 0.1738 0.0397
v -0.2662 0.1218 0.0354
v -0.2514 0.2251 0.0758
v -0.2661 0.1223 0.0084
v -0.2541 0.1203 -0.0148
v -0.2662 0.1218 0.0354
v -0.2661 0.1223 0.0084
v -0.2466 0.1190 0.0281
v -0.2642 0.1352 -0.0433
v -0.2068 0.2633 0.0758
v -0.2411 0.2548 0.0878
v -0.2109 0.2798 0.0778
v -0.2179 0.2194 0.0699
v -0.2514 0.2251 0.0758
v -0.2254 0.1799 0.0433
v -0.2659 0.1738 0.0397
v -0.2219 0.2903 0.0775
v -0.2116 0.2933 0.0758
v -0.2225 0.3039 0.0815
v -0.1690 0.1107 0.3643
v -0.1956 0.0903 0.3895
v -0.1974 0.0955 0.3538
v -0.2090 0.0875 0.3656
v -0.1700 0.1046 0.3864
v -0.2156 0.0865 0.3415
v -0.1645 0.1077 0.3940
v -0.1498 0.1066 0.3785
v -0.2043 0.1168 0.3737
v -0.1946 0.1004 0.3600
v -0.2088 0.1108 0.3701
v -0.1777 0.1086 0.3695
v -0.1720 0.1074 0.3588
v -0.2265 0.1196 0.3681
v -0.2205 0.1063 0.3362
v -0.2354 0.1061 0.3361
v -0.2205 0.1063 0.3362
v -0.2410 0.1145 0.3413
v -0.2354 0.1061 0.3361
v -0.1824 0.1266 0.3670
v -0.1802 0.1259 0.3880
v -0.1777 0.1086 0.3695
v -0.1836 0.1267 0.3632
v -0.1813 0.1298 0.3759
v -0.1969 0.1275 0.3611
v -0.1836 0.1267 0.3632
v -0.2043 0.1168 0.3737
v -0.1777 0.1086 0.3695
v -0.1969 0.1275 0.3611
v -0.2088 0.1108 0.3701
v -0.2265 0.1196 0.3681
v -0.2043 0.1168 0.3737
v -0.2088 0.1108 0.3701
v -0.1969 0.1275 0.3611
v -0.1859 0.1297 0.3408
v -0.2104 0.1333 0.3440
v -0.1935 0.1436 0.3454
v -0.2301 0.1174 0.3582
v -0.1836 0.1267 0.3632
v -0.1740 0.1288 0.3547
v -0.1969 0.1313 0.3485
v -0.1859 0.1297 0.3408
v -0.1824 0.1266 0.3670
v -0.1969 0.1275 0.3611
v -0.1813 0.1298 0.3759
v -0.1780 0.1293 0.3617
v -0.1698 0.1292 0.3772
v -0.1690 0.1107 0.3643
v -0.1740 0.1288 0.3547
v -0.1736 0.1255 0.3712
v -0.1700 0.1046 0.3864
v -0.1389 0.1227 0.3319
v -0.1698 0.1292 0.3772
v -0.1700 0.1046 0.3864
v -0.1736 0.1255 0.3712
v -0.1692 0.1152 0.3846
v -0.1740 0.1288 0.3547
v -0.1692 0.1152 0.3846
v -0.1543 0.1255 0.3812
v -0.1561 0.1139 0.3814
v -0.1700 0.1046 0.3864
v -0.1498 0.1066 0.3785
v -0.1510 0.1312 0.3758
v -0.1698 0.1292 0.3772
v -0.0218 0.1057 0.3996
v 0.0148 0.0987 0.4186
v -0.0177 0.1025 0.4186
v 0.0209 0.1112 0.3938
v -0.0305 0.1145 0.3921
v -0.0558 0.1062 0.3960
v -0.0338 0.1146 0.3819
v -0.0464 0.1127 0.3854
v -0.0408 0.1126 0.3603
v -0.0505 0.1117 0.3828
v -0.0586 0.1108 0.3538
v -0.1462 0.1120 0.3573
v -0.1439 0.1105 0.3294
v 0.0040 0.1103 0.3637
v 0.0360 0.1124 0.3783
v 0.0703 0.1139 0.3684
v 0.0768 0.1156 0.3834
v -0.1720 0.1074 0.3588
v 0.0091 0.1075 0.3597
v 0.0723 0.1098 0.3546
v -0.0558 0.1062 0.3960
v -0.0831 0.1126 0.3843
v -0.0512 0.1139 0.3887
v -0.1202 0.1060 0.3809
v -0.1462 0.1120 0.3573
v -0.1720 0.1074 0.3588
v -0.0338 0.1146 0.3819
v -0.0512 0.1139 0.3887
v -0.0464 0.1127 0.3854
v -0.1720 0.1074 0.3588
v -0.1813 0.1298 0.3759
v -0.1765 0.1192 0.3544
v -0.1777 0.1086 0.3695
v -0.1802 0.1259 0.3880
v -0.1439 0.1105 0.3294
v -0.1740 0.1288 0.3547
v -0.1389 0.1340 0.3294
v -0.1368 0.1366 0.3421
v -0.1389 0.1340 0.3294
v -0.1740 0.1288 0.3547
v -0.0305 0.1145 0.3921
v -0.0512 0.1139 0.3887
v -0.0674 0.1128 0.4011
v -0.0831 0.1126 0.3843
v -0.1402 0.1122 0.3806
v -0.1462 0.1120 0.3573
v -0.1690 0.1107 0.3643
v 0.0198 0.1134 0.4007
v -0.0338 0.1146 0.3819
v 0.0140 0.1178 0.3747
v 0.0360 0.1124 0.3783
v 0.0768 0.1156 0.3834
v 0.1198 0.1207 0.3846
v -0.0464 0.1127 0.3854
v -0.1389 0.1227 0.3319
v -0.0505 0.1117 0.3828
v -0.0232 0.1077 0.4063
v 0.0121 0.1031 0.4249
v -0.0202 0.1028 0.4263
v -0.0170 0.0948 0.4447
v 0.0077 0.0957 0.4431
v -0.0505 0.1117 0.3828
v -0.0558 0.1062 0.3960
v -0.0512 0.1139 0.3887
v -0.0338 0.1146 0.3819
v -0.1609 0.1433 0.3697
v -0.1780 0.1293 0.3617
v -0.1705 0.1421 0.3624
v -0.1463 0.1324 0.3692
v -0.1764 0.1368 0.3629
v -0.1884 0.1513 0.3683
v -0.1969 0.1275 0.3611
v -0.1650 0.1512 0.3737
v -0.1836 0.1267 0.3632
v -0.2039 0.1455 0.3572
v -0.2050 0.1913 0.3823
v -0.1733 0.1468 0.4117
v -0.1597 0.1801 0.3921
v -0.2137 0.1631 0.3994
v -0.2489 0.1550 0.3943
v -0.1779 0.2094 0.3523
v -0.1383 0.1865 0.3698
v -0.1301 0.1396 0.3861
v -0.1229 0.1573 0.3680
v -0.1595 0.1682 0.3396
v -0.1383 0.1865 0.3698
v -0.1577 0.1583 0.3604
v -0.1935 0.1436 0.3454
v -0.1650 0.1512 0.3737
v -0.1602 0.1580 0.3709
v -0.1652 0.2073 0.3312
v -0.1935 0.1436 0.3454
v -0.1884 0.1513 0.3683
v -0.2039 0.1455 0.3572
v -0.1650 0.1512 0.3737
v -0.1969 0.1313 0.3485
v -0.1796 0.1393 0.3323
v -0.1935 0.1436 0.3454
v -0.1859 0.1297 0.3408
v -0.2104 0.1333 0.3440
v -0.1747 0.1621 0.3381
v -0.1935 0.1436 0.3454
v -0.2039 0.1455 0.3572
v -0.2006 0.1819 0.3847
v -0.1692 0.2038 0.3503
v -0.1874 0.1396 0.3185
v -0.1859 0.1297 0.3408
v -0.1556 0.1682 0.3275
v -0.1595 0.1682 0.3396
v -0.1796 0.1393 0.3323
v -0.1631 0.1401 0.2995
v -0.1935 0.1436 0.3454
v -0.1652 0.2073 0.3312
v -0.1740 0.1288 0.3547
v -0.1765 0.1192 0.3544
v -0.1859 0.1297 0.3408
v -0.1480 0.1427 0.3859
v -0.1733 0.1468 0.4117
v -0.1498 0.1066 0.3785
v -0.1645 0.1077 0.3940
v -0.1597 0.1801 0.3921
v -0.1463 0.1324 0.3692
v -0.1301 0.1396 0.3861
v -0.1537 0.1357 0.3757
v -0.1780 0.1293 0.3617
v -0.1480 0.1427 0.3859
v -0.1597 0.1801 0.3921
v -0.1531 0.1349 0.3764
v -0.1543 0.1255 0.3812
v -0.1537 0.1357 0.3757
v -0.1780 0.1293 0.3617
v -0.1480 0.1427 0.3859
v -0.1498 0.1066 0.3785
v -0.1510 0.1312 0.3758
v -0.1480 0.1427 0.3859
v -0.1531 0.1349 0.3764
v -0.1698 0.1292 0.3772
v -0.1780 0.1293 0.3617
v -0.1543 0.1255 0.3812
v -0.1510 0.1312 0.3758
v -0.1301 0.1396 0.3861
v -0.1531 0.1349 0.3764
v -0.1369 0.1291 0.3621
v -0.1301 0.1396 0.3861
v -0.1463 0.1324 0.3692
v -0.1531 0.1349 0.3764
v -0.1543 0.1255 0.3812
v -0.1531 0.1349 0.3764
v -0.1463 0.1324 0.3692
v -0.1609 0.1433 0.3697
v -0.1422 0.1558 0.3555
v -0.1463 0.1324 0.3692
v -0.1369 0.1291 0.3621
v -0.1510 0.1312 0.3758
v -0.1650 0.1512 0.3737
v -0.1602 0.1580 0.3709
v -0.1368 0.1366 0.3421
v -0.1543 0.1255 0.3812
v -0.1463 0.1324 0.3692
v -0.1510 0.1312 0.3758
v -0.1764 0.1368 0.3629
v -0.1609 0.1433 0.3697
v -0.1705 0.1421 0.3624
v -0.1299 0.1417 0.3401
v -0.1369 0.1291 0.3621
v -0.1368 0.1366 0.3421
v -0.1301 0.1396 0.3861
v -0.1229 0.1573 0.3680
v -0.1389 0.1227 0.3319
v -0.1740 0.1288 0.3547
v -0.1368 0.1366 0.3421
v -0.1422 0.1558 0.3555
v -0.1577 0.1583 0.3604
v -0.1389 0.1340 0.3294
v -0.1602 0.1580 0.3709
v -0.1389 0.1340 0.3294
v -0.1577 0.1583 0.3604
v -0.1299 0.1417 0.3401
v -0.1189 0.1402 0.3290
v -0.1383 0.1865 0.3698
v -0.1336 0.1373 0.3125
v -0.1299 0.1417 0.3401
v -0.1383 0.1865 0.3698
v -0.1229 0.1573 0.3680
v -0.1154 0.1533 0.3385
v -0.1556 0.1682 0.3275
v -0.1189 0.1402 0.3290
v -0.1142 0.1388 0.3310
v -0.1631 0.1401 0.2995
v -0.1336 0.1373 0.3125
v -0.1863 0.2075 0.3162
v -0.1652 0.2073 0.3312
v -0.1556 0.1682 0.3275
v -0.1154 0.1533 0.3385
v -0.1236 0.1755 0.3122
v -0.1556 0.1682 0.3275
v -0.1863 0.2075 0.3162
v -0.1027 0.1404 0.3187
v -0.1142 0.1388 0.3310
v -0.0842 0.0287 0.4065
v -0.0577 0.0220 0.4096
v -0.0935 0.0209 0.4028
v -0.1166 0.0218 0.3971
v -0.0416 0.0232 0.4144
v -0.0026 0.1018 0.3191
v -0.0165 0.1076 0.3143
v -0.0078 0.1012 0.3232
v -0.0046 0.1111 0.3140
v -0.0017 0.1059 0.3186
v -0.0448 0.0928 0.3223
v -0.0381 0.1054 0.3169
v -0.0535 0.1028 0.3163
v -0.0805 0.1101 0.3108
v 0.0133 0.0755 0.3272
v -0.0386 0.1135 0.3179
v 0.0179 0.1182 0.3272
v -0.0699 0.0776 0.3156
v 0.0179 0.1182 0.3272
v -0.0311 0.1095 0.3272
v -0.0078 0.1012 0.3232
v -0.0381 0.1054 0.3169
v -0.0311 0.1095 0.3272
v -0.0535 0.1028 0.3163
v -0.0078 0.1012 0.3232
v -0.0308 0.1124 0.3195
v -0.0386 0.1135 0.3179
v -0.0311 0.1095 0.3272
v 0.0179 0.1182 0.3272
v -0.0535 0.1028 0.3163
v 0.0299 0.1373 0.3717
v 0.0140 0.1178 0.3747
v 0.0360 0.1124 0.3783
v -0.0523 0.1409 0.3696
v 0.0703 0.1139 0.3684
v -0.0338 0.1146 0.3819
v -0.1299 0.1417 0.3401
v 0.0787 0.1385 0.3758
v -0.1389 0.1227 0.3319
v 0.0768 0.1156 0.3834
v 0.1198 0.1207 0.3846
v 0.1006 0.1465 0.3760
v -0.0597 0.1274 0.3456
v -0.0535 0.1249 0.3565
v -0.0580 0.1232 0.3465
v -0.0669 0.1238 0.3524
v -0.0621 0.1190 0.3535
v -0.0586 0.1108 0.3538
v -0.0535 0.1249 0.3565
v -0.1439 0.1105 0.3294
v -0.1389 0.1340 0.3294
v -0.0548 0.1165 0.3563
v -0.0621 0.1190 0.3535
v -0.0597 0.1274 0.3456
v -0.0580 0.1232 0.3465
v -0.0586 0.1108 0.3538
v -0.0597 0.1274 0.3456
v -0.0590 0.1234 0.3530
v -0.0669 0.1238 0.3524
v -0.1389 0.1340 0.3294
v -0.1260 0.1325 0.3015
v -0.0403 0.1271 0.3225
v -0.0535 0.1249 0.3565
v 0.0107 0.1274 0.3524
v 0.0336 0.1210 0.3248
v -0.1336 0.1373 0.3125
v -0.0580 0.1232 0.3465
v -0.0535 0.1249 0.3565
v -0.0590 0.1234 0.3530
v -0.0669 0.1238 0.3524
v -0.0590 0.1234 0.3530
v -0.0597 0.1274 0.3456
v -0.0621 0.1190 0.3535
v -0.0548 0.1165 0.3563
v -0.0580 0.1232 0.3465
v -0.0590 0.1234 0.3530
v -0.0586 0.1108 0.3538
v -0.0586 0.1108 0.3538
v -0.0590 0.1234 0.3530
v -0.0548 0.1165 0.3563
v -0.0535 0.1249 0.3565
v -0.0586 0.1108 0.3538
v -0.0548 0.1165 0.3563
v 0.0079 0.0532 0.4368
v -0.0170 0.0948 0.4447
v -0.0167 0.0506 0.4362
v 0.0077 0.0957 0.4431
v 0.0188 0.0438 0.4248
v -0.0242 0.0390 0.4130
v 0.0188 0.0438 0.4248
v 0.0121 0.1031 0.4249
v 0.0079 0.0532 0.4368
v 0.0077 0.0957 0.4431
v 0.0121 0.1031 0.4249
v 0.0188 0.0438 0.4248
v 0.0229 0.0845 0.4280
v 0.0288 0.0199 0.4199
v 0.0320 0.0647 0.3887
v 0.0293 0.0759 0.4127
v 0.0292 0.0253 0.3914
v 0.0238 0.0820 0.3916
v 0.0390 0.0831 0.4387
v 0.0229 0.0845 0.4280
v 0.0188 0.0438 0.4248
v 0.0293 0.0759 0.4127
v 0.0288 0.0199 0.4199
v 0.0148 0.0987 0.4186
v 0.0320 0.0647 0.3887
v 0.0214 0.0690 0.4200
v 0.0292 0.0253 0.3914
v 0.0240 0.0229 0.4121
v 0.0238 0.0820 0.3916
v 0.0209 0.1112 0.3938
v 0.0281 0.0872 0.3990
v 0.1303 0.1124 0.3872
v 0.1198 0.1207 0.3846
v 0.0993 0.0888 0.3916
v 0.0198 0.1134 0.4007
v 0.1317 0.0859 0.3993
v 0.0198 0.1134 0.4007
v 0.0121 0.1031 0.4249
v 0.0229 0.0845 0.4280
v 0.0281 0.0872 0.3990
v 0.0040 0.1103 0.3637
v -0.0408 0.1126 0.3603
v 0.0123 0.1268 0.3608
v 0.0091 0.1075 0.3597
v 0.0123 0.1268 0.3608
v -0.0408 0.1126 0.3603
v 0.0091 0.1075 0.3597
v 0.0400 0.1187 0.3522
v 0.0091 0.1075 0.3597
v 0.0139 0.1182 0.3523
v -0.0586 0.1108 0.3538
v 0.0723 0.1098 0.3546
v 0.0587 0.1199 0.3503
v 0.0107 0.1274 0.3524
v -0.0535 0.1249 0.3565
v 0.0139 0.1182 0.3523
v 0.0179 0.1182 0.3272
v 0.0344 0.1160 0.3313
v 0.0400 0.1187 0.3522
v 0.0587 0.1199 0.3503
v 0.0180 0.1114 0.3115
v 0.0504 0.1063 0.3172
v 0.0139 0.1182 0.3523
v 0.0107 0.1274 0.3524
v 0.0179 0.1182 0.3272
v 0.0169 0.1347 0.3318
v 0.0860 0.1358 0.3226
v 0.0525 0.1427 0.3246
v -0.1027 0.1404 0.3187
v 0.1649 0.1377 0.2948
v 0.0180 0.1114 0.3115
v -0.0017 0.1059 0.3186
v 0.0105 0.1153 0.3203
v 0.0336 0.1210 0.3248
v 0.0481 0.1183 0.3238
v 0.0604 0.1155 0.3220
v 0.0603 0.1237 0.3288
v 0.0776 0.1183 0.3162
v 0.0732 0.1328 0.3442
v 0.0179 0.1182 0.3272
v 0.0107 0.1274 0.3524
v -0.0308 0.1124 0.3195
v -0.0308 0.1124 0.3195
v 0.0105 0.1153 0.3203
v -0.0046 0.1111 0.3140
v -0.0046 0.1111 0.3140
v -0.0078 0.1012 0.3232
v -0.0308 0.1124 0.3195
v -0.0017 0.1059 0.3186
v -0.0381 0.1054 0.3169
v -0.0386 0.1135 0.3179
v 0.0180 0.1114 0.3115
v 0.0035 0.1077 0.3201
v -0.0017 0.1059 0.3186
v -0.0078 0.1012 0.3232
v -0.0026 0.1018 0.3191
v 0.0035 0.1077 0.3201
v 0.0114 0.0998 0.3173
v 0.0105 0.1153 0.3203
v 0.0133 0.0755 0.3272
v -0.0046 0.1111 0.3140
v -0.0026 0.1018 0.3191
v -0.0078 0.1012 0.3232
v 0.0035 0.1077 0.3201
v -0.0017 0.1059 0.3186
v 0.0028 0.0927 0.3156
v 0.0114 0.0998 0.3173
v 0.0105 0.1153 0.3203
v -0.0026 0.1018 0.3191
v 0.0028 0.0927 0.3156
v -0.0026 0.1018 0.3191
v 0.0133 0.0755 0.3272
v 0.0603 0.1237 0.3288
v 0.0336 0.1210 0.3248
v 0.0703 0.1384 0.3198
v -0.0562 0.1391 0.3188
v -0.0403 0.1271 0.3225
v 0.1341 0.1282 0.3040
v 0.2117 0.1372 0.2606
v 0.1341 0.1282 0.3040
v 0.1482 0.1179 0.3015
v 0.1310 0.1169 0.3066
v 0.2117 0.1372 0.2606
v 0.2032 0.1175 0.2678
v 0.1759 0.1166 0.2833
v -0.0403 0.1271 0.3225
v -0.1260 0.1325 0.3015
v -0.0562 0.1391 0.3188
v -0.1304 0.1365 0.3000
v -0.1881 0.1327 0.2670
v -0.2165 0.1220 0.2868
v -0.2154 0.1159 0.2403
v -0.1863 0.1343 0.2799
v -0.2483 0.1232 0.2620
v -0.2073 0.1409 0.2945
v -0.2105 0.1516 0.2601
v -0.1274 0.1547 0.2948
v -0.2026 0.1410 0.2744
v -0.2201 0.1317 0.2789
v -0.2363 0.1408 0.2630
v -0.1919 0.1809 0.2581
v -0.1605 0.1422 0.2868
v -0.1329 0.1428 0.3014
v -0.1172 0.1397 0.3088
v -0.1027 0.1404 0.3187
v -0.1336 0.1373 0.3125
v -0.2397 0.1265 0.2616
v -0.2043 0.1242 0.2768
v -0.1979 0.1387 0.2848
v -0.2043 0.1242 0.2768
v -0.1863 0.1343 0.2799
v -0.1881 0.1327 0.2670
v -0.2187 0.1233 0.2424
v -0.2397 0.1265 0.2616
v -0.2201 0.1317 0.2789
v -0.1979 0.1387 0.2848
v -0.2073 0.1409 0.2945
v -0.2105 0.1516 0.2601
v -0.2363 0.1408 0.2630
v -0.2243 0.1855 0.2602
v -0.1919 0.1809 0.2581
v -0.2220 0.2080 0.2732
v -0.1236 0.1755 0.3122
v -0.1863 0.2075 0.3162
v -0.1274 0.1547 0.2948
v -0.1027 0.1404 0.3187
v -0.2229 0.1428 0.2404
v -0.2243 0.1855 0.2602
v -0.2363 0.1408 0.2630
v -0.2397 0.1265 0.2616
v -0.2166 0.1879 0.2506
v -0.2220 0.2080 0.2732
v -0.2187 0.1233 0.2424
v -0.0846 0.1371 0.2812
v -0.1557 0.1080 0.2789
v -0.0961 0.1092 0.3042
v -0.1646 0.1358 0.2569
v -0.1875 0.1033 0.2603
v -0.1930 0.1361 0.2277
v -0.0758 0.1100 0.2991
v -0.0165 0.1076 0.3143
v -0.0758 0.1100 0.2991
v -0.0386 0.1135 0.3179
v -0.0805 0.1101 0.3108
v -0.0961 0.1092 0.3042
v -0.1182 0.1041 0.2678
v -0.0961 0.1092 0.3042
v -0.1557 0.1080 0.2789
v -0.0640 0.1037 0.2888
v -0.0805 0.1101 0.3108
v -0.1722 0.1034 0.2317
v -0.1875 0.1033 0.2603
v -0.0805 0.1101 0.3108
v -0.0640 0.1037 0.2888
v -0.0699 0.0776 0.3156
v -0.1605 0.1422 0.2868
v -0.2229 0.1428 0.2404
v -0.1881 0.1327 0.2670
v -0.2187 0.1233 0.2424
v 0.0319 0.1414 0.2890
v 0.0821 0.0978 0.2870
v 0.0180 0.1037 0.2957
v 0.1102 0.1409 0.2713
v 0.1013 0.0923 0.2844
v 0.1339 0.1035 0.2667
v 0.1919 0.1408 0.2277
v 0.1949 0.1047 0.2327
v 0.0885 0.0619 0.2838
v 0.0034 0.1023 0.2950
v -0.0640 0.1037 0.2888
v -0.0552 0.1410 0.2817
v 0.0130 0.0649 0.2957
v -0.1182 0.1041 0.2678
v -0.1126 0.1418 0.2654
v -0.0640 0.1037 0.2888
v -0.0758 0.1100 0.2991
v -0.0677 0.0984 0.3020
v -0.0846 0.1371 0.2812
v -0.0699 0.0776 0.3156
v -0.0271 0.1379 0.2928
v 0.0034 0.1023 0.2950
v 0.0407 0.1380 0.2929
v -0.1336 0.1373 0.3125
v -0.1172 0.1397 0.3088
v -0.1260 0.1325 0.3015
v -0.1027 0.1404 0.3187
v -0.1207 0.1423 0.3021
v -0.1172 0.1397 0.3088
v -0.1260 0.1325 0.3015
v -0.1304 0.1365 0.3000
v -0.1329 0.1428 0.3014
v -0.1336 0.1373 0.3125
v -0.1329 0.1428 0.3014
v -0.1304 0.1365 0.3000
v -0.1260 0.1325 0.3015
v -0.1207 0.1423 0.3021
v 0.0028 0.0927 0.3156
v -0.0165 0.1076 0.3143
v -0.0046 0.1111 0.3140
v 0.0114 0.0998 0.3173
v 0.0180 0.1114 0.3115
v 0.0133 0.0755 0.3272
v -0.0758 0.1100 0.2991
v -0.0677 0.0984 0.3020
v -0.0699 0.0776 0.3156
v 0.0129 0.1076 0.2975
v 0.0114 0.0998 0.3173
v 0.0180 0.1114 0.3115
v 0.0034 0.1023 0.2950
v 0.0407 0.1380 0.2929
v 0.0130 0.0649 0.2957
v 0.0133 0.0755 0.3272
v 0.0180 0.1114 0.3115
v 0.0133 0.0755 0.3272
v 0.0130 0.0649 0.2957
v 0.0180 0.1037 0.2957
v 0.0179 0.1182 0.3272
v 0.0180 0.1037 0.2957
v 0.0129 0.1076 0.2975
v 0.0180 0.1114 0.3115
v 0.0035 0.1077 0.3201
v 0.0180 0.1114 0.3115
v -0.0046 0.1111 0.3140
v -0.1887 0.0851 0.2514
v -0.1800 0.0687 0.2300
v -0.2003 0.0742 0.2524
v -0.1872 0.0588 0.2332
v -0.2018 0.0900 0.2529
v -0.1875 0.1033 0.2603
v -0.2227 0.0681 0.2333
v -0.2085 0.0526 0.2173
v -0.2190 0.0470 0.2124
v -0.2202 0.0444 0.2056
v -0.2306 0.1974 0.2501
v -0.2313 0.1515 0.2441
v -0.2483 0.1232 0.2620
v -0.2284 0.1341 0.2394
v -0.2298 0.1830 0.2426
v -0.2154 0.1159 0.2403
v -0.1881 0.1327 0.2670
v -0.2154 0.1159 0.2403
v -0.2284 0.1341 0.2394
v -0.1935 0.0500 0.2514
v -0.2435 0.0589 0.2206
v -0.2202 0.0444 0.2056
v -0.2048 0.0608 0.2557
v -0.2284 0.0517 0.2010
v -0.1795 0.0546 0.2402
v -0.1872 0.0588 0.2332
v -0.2101 0.0669 0.2022
v -0.2085 0.0526 0.2173
v -0.2202 0.0444 0.2056
v -0.2250 0.0643 0.1892
v -0.2491 0.0981 0.2048
v -0.2149 0.1357 0.2028
v -0.1887 0.0851 0.2514
v -0.1930 0.1361 0.2277
v -0.2101 0.0669 0.2022
v -0.1875 0.1033 0.2603
v -0.2149 0.1357 0.2028
v -0.1800 0.0687 0.2300
v -0.1887 0.0851 0.2514
v -0.2101 0.0669 0.2022
v -0.1998 0.1649 0.0848
v -0.1803 0.1322 0.1017
v -0.1553 0.1419 0.1282
v -0.1555 0.1213 0.1196
v -0.1080 0.1103 0.1474
v -0.2115 0.1483 0.0457
v -0.2268 0.1668 0.0354
v -0.1977 0.1159 0.0545
v -0.2254 0.1799 0.0433
v -0.1034 0.0960 0.1353
v -0.0924 0.0682 0.1292
v -0.0993 0.0632 0.1099
v -0.2103 0.1517 0.0331
v -0.2273 0.1194 0.0223
v -0.0994 0.1134 0.0988
v -0.2068 0.2633 0.0758
v -0.2147 0.2151 0.0732
v -0.2179 0.2194 0.0699
v -0.1985 0.2727 0.0875
v -0.2254 0.1799 0.0433
v -0.2349 0.2033 -0.0106
v -0.2644 0.1551 -0.0485
v -0.2356 0.1697 -0.0058
v -0.2271 0.2313 0.0088
v -0.2206 0.1837 0.0320
v -0.2108 0.2346 0.0309
v -0.1715 0.2197 0.0780
v -0.2657 0.1678 -0.0755
v -0.2291 0.2280 -0.0220
v -0.2348 0.1965 -0.0459
v -0.2620 0.1530 -0.0874
v -0.2642 0.1352 -0.0433
v -0.2661 0.1223 0.0084
v -0.2597 0.1568 0.0019
v -0.2575 0.1423 0.0186
v -0.1855 0.2061 0.0816
v -0.2254 0.1799 0.0433
v -0.2712 0.1911 -0.0911
v -0.2720 0.1656 -0.1559
v -0.1795 0.0546 0.2402
v -0.2018 0.0900 0.2529
v -0.2048 0.0608 0.2557
v -0.1935 0.0500 0.2514
v -0.1875 0.1033 0.2603
v -0.1722 0.1034 0.2317
v -0.1466 0.0988 0.0703
v -0.1595 0.0703 0.0811
v -0.1173 0.0934 0.0888
v -0.1725 0.1179 0.0486
v -0.1315 0.0553 0.1240
v -0.1707 0.0427 0.0920
v -0.1913 0.0697 0.0569
v -0.2036 0.1023 -0.0054
v -0.1888 0.1174 0.0188
v -0.1287 0.1218 0.0803
v -0.0994 0.1134 0.0988
v -0.0993 0.0632 0.1099
v -0.2166 0.0931 0.0042
v -0.1307 0.0418 0.1219
v -0.1069 0.0320 0.1302
v -0.0467 0.0413 0.1443
v -0.0994 0.1134 0.0988
v -0.1307 0.1324 0.0908
v -0.1287 0.1218 0.0803
v -0.0256 0.0359 0.1284
v -0.0345 0.0358 0.1349
v -0.0167 0.0348 0.1341
v -0.0602 0.0173 0.1538
v 0.0248 0.0179 0.1511
v -0.1069 0.0320 0.1302
v 0.0288 0.0295 0.1507
v -0.0343 0.0342 0.1383
v -0.0345 0.0358 0.1349
v -0.0403 0.0363 0.1327
v -0.0339 0.0376 0.1286
v -0.0256 0.0359 0.1284
v -0.0335 0.0486 0.1256
v -0.0993 0.0632 0.1099
v -0.0736 0.0499 0.1203
v -0.1315 0.0553 0.1240
v -0.1173 0.0934 0.0888
v -0.0467 0.0413 0.1443
v 0.0141 0.0439 0.1471
v 0.0055 0.0629 0.1508
v -0.0335 0.0486 0.1256
v 0.0141 0.0439 0.1471
v 0.0264 0.0501 0.1670
v 0.0288 0.0295 0.1507
v -0.0343 0.0342 0.1383
v -0.0467 0.0413 0.1443
v -0.0313 0.0590 0.1485
v -0.0924 0.0682 0.1292
v -0.0467 0.0413 0.1443
v -0.1069 0.0320 0.1302
v -0.0345 0.0358 0.1349
v -0.0167 0.0348 0.1341
v -0.0343 0.0342 0.1383
v -0.0256 0.0359 0.1284
v 0.0288 0.0295 0.1507
v -0.0339 0.0376 0.1286
v -0.0403 0.0363 0.1327
v -0.0467 0.0413 0.1443
v -0.0345 0.0358 0.1349
v -0.0343 0.0342 0.1383
v -0.0993 0.0632 0.1099
v -0.0335 0.0486 0.1256
v -0.0924 0.0682 0.1292
v -0.0208 0.1029 0.1570
v -0.0064 0.0722 0.1490
v 0.0264 0.0501 0.1670
v 0.0055 0.0629 0.1508
v -0.1080 0.1103 0.1474
v -0.0313 0.0590 0.1485
v -0.0064 0.0722 0.1490
v 0.0055 0.0629 0.1508
v -0.0924 0.0682 0.1292
v -0.0108 0.0828 0.1249
v -0.0724 0.1172 0.1204
v -0.1080 0.1103 0.1474
v -0.1553 0.1419 0.1282
v -0.0064 0.0722 0.1490
v -0.0724 0.1172 0.1204
v -0.0198 0.1277 0.1535
v -0.1176 0.1605 0.1405
v -0.0148 0.1102 0.1255
v -0.1553 0.1419 0.1282
v -0.0108 0.0828 0.1249
v -0.1150 0.2484 0.1298
v -0.1735 0.2837 0.1086
v -0.1985 0.2727 0.0875
v -0.0929 0.2207 0.1266
v -0.0370 0.2186 0.1531
v -0.0162 0.1687 0.1545
v -0.1715 0.2197 0.0780
v -0.1481 0.2500 0.0844
v -0.1831 0.2988 0.0930
v -0.1755 0.3259 0.1057
v -0.1354 0.3396 0.1273
v -0.1742 0.3406 0.1050
v -0.1647 0.3786 0.1022
v -0.1716 0.3944 0.0897
v -0.1859 0.3504 0.0908
v -0.1502 0.4065 0.0971
v -0.1874 0.2316 0.0507
v -0.2108 0.2346 0.0309
v -0.1176 0.1605 0.1405
v -0.1177 0.1854 0.1091
v -0.1855 0.2061 0.0816
v -0.1553 0.1419 0.1282
v -0.1998 0.1649 0.0848
v -0.0198 0.1277 0.1535
v -0.2254 0.1799 0.0433
v -0.0148 0.1102 0.1255
v -0.0064 0.0722 0.1490
v -0.0208 0.1029 0.1570
v -0.0198 0.1277 0.1535
v -0.0108 0.0828 0.1249
v 0.1265 0.2658 0.0892
v 0.0898 0.2711 0.1009
v 0.1005 0.1950 0.1174
v 0.1615 0.2643 0.0760
v 0.0713 0.1874 0.1152
v 0.0884 0.1618 0.1302
v 0.1350 0.2710 0.0797
v 0.1298 0.2721 0.0802
v 0.1235 0.2722 0.0873
v 0.0675 0.2456 0.0991
v 0.0792 0.3165 0.0871
v 0.0884 0.3008 0.0924
v 0.0976 0.2819 0.0900
v 0.0519 0.3341 0.0717
v 0.0690 0.1709 0.0932
v 0.0372 0.2238 0.1104
v 0.0244 0.1767 0.1054
v 0.0547 0.1347 0.1190
v 0.0218 0.1265 0.1222
v 0.0013 0.1649 0.1406
v 0.0393 0.0845 0.1012
v 0.0675 0.2456 0.0991
v 0.0291 0.2810 0.0984
v 0.0519 0.3341 0.0717
v 0.0029 0.1256 0.1543
v -0.0198 0.1277 0.1535
v 0.0060 0.2231 0.1344
v -0.0162 0.1687 0.1545
v 0.0817 0.1190 0.1145
v 0.1133 0.1005 0.0939
v 0.1582 0.1173 0.0632
v 0.1188 0.0845 0.0669
v 0.0239 0.0850 0.1214
v -0.0370 0.2186 0.1531
v -0.0208 0.1029 0.1570
v -0.0370 0.2186 0.1531
v 0.0013 0.1649 0.1406
v -0.0046 0.2043 0.1273
v -0.0061 0.2552 0.1171
v -0.1150 0.2484 0.1298
v -0.1103 0.2709 0.1099
v -0.0379 0.2714 0.1076
v -0.1735 0.2837 0.1086
v 0.0073 0.2764 0.1322
v -0.0061 0.2552 0.1171
v 0.0060 0.2231 0.1344
v -0.0046 0.2043 0.1273
v 0.0013 0.1649 0.1406
v -0.0014 0.3027 0.1257
v -0.0035 0.3078 0.1151
v -0.1141 0.3004 0.1278
v -0.1103 0.2709 0.1099
v -0.0379 0.2714 0.1076
v -0.1735 0.2837 0.1086
v -0.0594 0.3436 0.1320
v -0.1024 0.3449 0.1303
v -0.1354 0.3396 0.1273
v -0.2102 0.0351 0.0315
v -0.1690 0.0174 0.0932
v -0.1531 0.0403 0.0913
v -0.1069 0.0320 0.1302
v -0.2356 0.0112 0.0010
v -0.2268 0.0301 -0.0075
v -0.2479 0.0236 -0.0073
v -0.1035 0.0397 0.1132
v -0.1069 0.0320 0.1302
v -0.1690 0.0174 0.0932
v -0.0602 0.0173 0.1538
v -0.1531 0.0403 0.0913
v -0.1035 0.0397 0.1132
v -0.1106 0.0431 0.1116
v 0.0236 0.0241 -0.1288
v 0.0893 0.0230 -0.2057
v 0.0868 0.0238 -0.0178
v -0.0448 0.0232 -0.2309
v 0.0734 0.0211 -0.2915
v 0.1763 0.0165 -0.1284
v 0.0346 0.0257 -0.0731
v -0.0141 0.0256 -0.1435
v -0.0926 0.0240 -0.1770
v -0.1300 0.0218 -0.2450
v 0.0136 0.0200 -0.2979
v -0.1662 0.0206 -0.0228
v -0.0602 0.0173 0.1538
v -0.1690 0.0174 0.0932
v 0.0835 0.0185 0.1271
v 0.0248 0.0179 0.1511
v 0.1122 0.0271 -0.2472
v 0.1665 0.0216 -0.1825
v 0.1721 0.0229 -0.2088
v 0.1360 0.0155 0.0863
v -0.2317 0.0117 -0.1447
v -0.1646 0.0195 -0.2382
v -0.1180 0.0239 -0.2639
v -0.2512 0.0096 -0.0758
v -0.2356 0.0112 0.0010
v -0.2406 0.0094 -0.0229
v 0.1980 0.0117 -0.0846
v 0.1915 0.0115 -0.0023
v -0.0529 0.0234 -0.2864
v 0.2027 0.0128 -0.0572
v 0.1264 0.0211 -0.2662
v 0.1737 0.0182 -0.2272
v 0.1869 0.0186 -0.1923
v 0.2281 0.0165 -0.1473
v 0.2108 0.0150 -0.1038
v -0.2199 0.0210 -0.1702
v -0.1106 0.0431 0.1116
v -0.1307 0.0418 0.1219
v -0.1531 0.0403 0.0913
v -0.1707 0.0427 0.0920
v -0.2102 0.0351 0.0315
v -0.1069 0.0320 0.1302
v -0.1035 0.0397 0.1132
v -0.1977 0.1159 0.0545
v -0.1888 0.1174 0.0188
v -0.1725 0.1179 0.0486
v -0.2273 0.1194 0.0223
v -0.1803 0.1322 0.1017
v -0.1287 0.1218 0.0803
v -0.2036 0.1023 -0.0054
v -0.1555 0.1213 0.1196
v -0.1034 0.0960 0.1353
v -0.1555 0.1213 0.1196
v -0.1307 0.1324 0.0908
v -0.0994 0.1134 0.0988
v -0.1287 0.1218 0.0803
v -0.1307 0.1324 0.0908
v -0.1555 0.1213 0.1196
v -0.2183 0.0615 0.0067
v -0.2366 0.0497 -0.0199
v -0.2102 0.0351 0.0315
v -0.1913 0.0697 0.0569
v -0.2166 0.0931 0.0042
v -0.1707 0.0427 0.0920
v -0.2268 0.0301 -0.0075
v -0.2349 0.0349 -0.0204
v -0.2251 0.0717 0.0052
v -0.2247 0.0776 0.0015
v -0.2339 0.0763 -0.0162
v -0.2244 0.0834 0.0022
v -0.2435 0.0796 -0.0286
v -0.2289 0.0897 -0.0005
v -0.2526 0.0889 -0.0087
v -0.2574 0.0788 -0.0203
v -0.2339 0.0763 -0.0162
v -0.2289 0.0897 -0.0005
v -0.2528 0.0955 0.0064
v -0.3956 0.0444 0.0115
v -0.4000 0.0288 -0.0690
v -0.4036 0.0471 0.0327
v -0.3704 0.0342 -0.1403
v -0.3963 0.0559 0.0338
v -0.3803 0.0090 -0.1432
v -0.3385 0.0088 -0.2304
v -0.3225 0.0308 -0.2315
v -0.2604 0.0272 -0.3031
v -0.2836 0.0078 -0.2981
v -0.2047 0.0123 -0.3663
v -0.2035 0.0335 -0.3399
v -0.2918 0.1023 -0.2696
v -0.2012 0.1019 -0.3481
v -0.1999 0.0363 -0.3663
v -0.1925 0.1145 -0.3601
v -0.3945 0.0490 0.0373
v -0.3994 0.0544 0.0370
v -0.3990 0.0548 0.0763
v -0.3994 0.0544 0.0370
v -0.3945 0.0490 0.0373
v -0.4036 0.0471 0.0327
v -0.4183 0.0620 0.0430
v -0.4183 0.0620 0.0430
v -0.4199 0.0975 0.0407
v -0.3983 0.1009 0.0360
v -0.3963 0.0559 0.0338
v -0.3994 0.0544 0.0370
v -0.3704 0.0342 -0.1403
v -0.3907 0.1130 -0.0094
v -0.3718 0.0982 -0.1252
v -0.3956 0.0444 0.0115
v -0.3459 0.1088 -0.1882
v -0.3830 0.1105 -0.0913
v -0.3225 0.0308 -0.2315
v -0.2918 0.1023 -0.2696
v -0.2604 0.0272 -0.3031
v -0.3746 0.1088 -0.0567
v -0.3774 0.1210 -0.0185
v -0.3765 0.1087 -0.0117
v -0.3840 0.1115 -0.0055
v -0.3851 0.0997 -0.0215
v -0.3656 0.1054 -0.1157
v -0.3611 0.1050 -0.1289
v -0.3662 0.1196 -0.0862
v -0.3713 0.1071 -0.1004
v -0.3317 0.1057 -0.1695
v -0.3517 0.1049 -0.1595
v -0.3412 0.1042 -0.1789
v -0.1894 0.1060 -0.3303
v -0.2012 0.1019 -0.3481
v -0.2248 0.1042 -0.3023
v -0.3031 0.1091 -0.2374
v -0.2918 0.1023 -0.2696
v -0.3459 0.1088 -0.1882
v -0.3705 0.1142 -0.1004
v -0.3830 0.1105 -0.0913
v -0.3907 0.1130 -0.0094
v -0.1925 0.1145 -0.3601
v -0.1656 0.1148 -0.3414
v -0.1660 0.1148 -0.3638
v -0.1117 0.1209 -0.3774
v -0.1096 0.1056 -0.3569
v -0.1345 0.1036 -0.3396
v -0.1222 0.1125 -0.3276
v -0.0980 0.1084 -0.3283
v -0.1543 0.1068 -0.3353
v -0.1463 0.1051 -0.3198
v -0.1569 0.1042 -0.3192
v -0.3413 0.0997 -0.1707
v -0.3611 0.1050 -0.1289
v -0.3594 0.1037 -0.1176
v -0.3656 0.1054 -0.1157
v -0.3713 0.1071 -0.1004
v -0.3746 0.1088 -0.0567
v -0.3517 0.1049 -0.1595
v -0.3412 0.1042 -0.1789
v -0.3317 0.1057 -0.1695
v -0.3605 0.1913 0.0209
v -0.3470 0.1973 0.0297
v -0.3336 0.1834 0.0232
v -0.3401 0.1959 0.0323
v -0.3652 0.1895 -0.0050
v -0.3659 0.1625 -0.0048
v -0.3885 0.1837 -0.0340
v -0.2725 0.0493 -0.0097
v -0.2677 0.0587 0.0385
v -0.2466 0.1190 0.0281
v -0.2620 0.0890 -0.0224
v -0.2541 0.1203 -0.0148
v -0.2642 0.1352 -0.0433
v -0.2646 0.0251 0.0346
v -0.2771 0.0053 -0.0077
v -0.2578 0.0139 0.0311
v -0.2668 0.0476 -0.0068
v -0.2535 0.0828 0.0282
v -0.2659 0.0554 0.0306
v -0.2526 0.0889 -0.0087
v -0.2531 0.0903 -0.0121
v -0.2574 0.0788 -0.0203
v -0.2528 0.0955 0.0064
v -0.2578 0.0139 0.0311
v -0.2771 0.0053 -0.0077
v -0.2574 0.0788 -0.0203
v -0.2538 0.0907 -0.0122
v -0.2531 0.0903 -0.0121
v -0.2469 0.0503 -0.0225
v -0.2668 0.0476 -0.0068
v -0.2504 0.0293 -0.0179
v -0.2435 0.0796 -0.0286
v -0.2574 0.0788 -0.0203
v -0.2427 0.0939 -0.0286
v -0.2475 0.0168 -0.0167
v -0.2526 0.0250 -0.0153
v -0.2563 0.0171 -0.0117
v -0.2771 0.0053 -0.0077
v -0.2398 0.0820 -0.0272
v -0.2406 0.0801 -0.0273
v -0.2382 0.1289 -0.1581
v -0.2526 0.0985 -0.1562
v -0.2405 0.1164 -0.1693
v -0.2355 0.0981 -0.1831
v -0.2340 0.1205 -0.1817
v -0.2335 0.1372 -0.1729
v -0.2220 0.1411 -0.1887
v -0.2185 0.1630 -0.1822
v -0.1920 0.1482 -0.2243
v -0.1913 0.0979 -0.2301
v -0.1587 0.1329 -0.2495
v -0.2487 0.1294 -0.1527
v -0.2823 0.1309 -0.0757
v -0.2799 0.1004 -0.0981
v -0.2912 0.1022 -0.0390
v -0.2905 0.1117 0.0431
v -0.2869 0.1343 0.0319
v -0.2099 0.1256 -0.1801
v -0.2382 0.1289 -0.1581
v -0.2120 0.1072 -0.1761
v -0.2382 0.1289 -0.1581
v -0.2405 0.1164 -0.1693
v -0.2120 0.1072 -0.1761
v -0.2620 0.0890 -0.0224
v -0.2308 0.0810 -0.0384
v -0.2417 0.0738 -0.0318
v -0.2431 0.0085 -0.0237
v -0.2725 0.0493 -0.0097
v -0.2771 0.0053 -0.0077
v -0.2328 0.1091 -0.0620
v -0.2484 0.1202 -0.0686
v -0.2642 0.1352 -0.0433
v -0.2290 0.1351 -0.0713
v -0.2966 0.1313 0.0462
v -0.2909 0.1290 -0.0663
v -0.2912 0.1022 -0.0390
v -0.2799 0.1004 -0.0981
v -0.2545 0.1224 -0.1600
v -0.2526 0.0985 -0.1562
v -0.2355 0.0981 -0.1831
v -0.1878 0.1197 -0.2377
v -0.1913 0.0979 -0.2301
v -0.1109 0.1252 -0.2895
v -0.0995 0.1250 -0.2988
v -0.0982 0.1140 -0.2899
v -0.1119 0.1120 -0.2844
v -0.0928 0.1006 -0.2957
v -0.1053 0.0971 -0.2835
v -0.1231 0.1178 -0.2782
v -0.1878 0.1197 -0.2377
v -0.1913 0.0979 -0.2301
v -0.0913 0.0878 -0.2984
v -0.0848 0.1159 -0.2943
v -0.0995 0.1250 -0.2988
v -0.1022 0.1092 -0.2989
v -0.0982 0.1140 -0.2899
v -0.2620 0.1530 -0.0874
v -0.2720 0.1656 -0.1559
v -0.2487 0.1294 -0.1527
v -0.2293 0.1281 -0.1905
v -0.2428 0.1673 -0.2077
v -0.1558 0.1473 -0.2743
v -0.1634 0.1240 -0.2531
v -0.1046 0.1332 -0.2883
v -0.1170 0.1386 -0.2897
v -0.1043 0.1547 -0.3076
v -0.1020 0.1418 -0.3030
v -0.1231 0.1178 -0.2782
v -0.1068 0.1632 -0.3095
v -0.0965 0.1338 -0.2960
v -0.1056 0.1217 -0.2838
v -0.0960 0.1253 -0.2881
v -0.0982 0.1140 -0.2899
v -0.0848 0.1159 -0.2943
v -0.1119 0.1120 -0.2844
v -0.0965 0.1338 -0.2960
v -0.0960 0.1253 -0.2881
v -0.1048 0.1309 -0.2890
v -0.0848 0.1159 -0.2943
v -0.2349 0.2033 -0.0106
v -0.2490 0.1740 -0.0820
v -0.2657 0.1678 -0.0755
v -0.2348 0.1965 -0.0459
v -0.2490 0.1740 -0.0820
v -0.2648 0.1787 -0.0836
v -0.2657 0.1678 -0.0755
v -0.2712 0.1911 -0.0911
v -0.3177 0.2044 0.0184
v -0.3605 0.1913 0.0209
v -0.3652 0.1895 -0.0050
v -0.3470 0.1973 0.0297
v -0.3356 0.2002 0.0289
v -0.3205 0.2093 -0.0172
v -0.3885 0.1837 -0.0340
v -0.3239 0.2314 0.0657
v -0.3356 0.2002 0.0289
v -0.3336 0.1834 0.0232
v -0.3401 0.1959 0.0323
v -0.3470 0.1973 0.0297
v -0.3356 0.2002 0.0289
v -0.3401 0.1959 0.0323
v -0.3050 0.2304 0.1077
v -0.3198 0.2214 0.0903
v -0.3193 0.2370 0.0955
v -0.3252 0.2309 0.0819
v -0.3155 0.2096 0.0650
v -0.3632 0.2688 0.1356
v -0.3610 0.2546 0.0980
v -0.2991 0.2110 0.0745
v -0.3664 0.2620 0.1177
v -0.3956 0.2821 0.1336
v -0.3239 0.2314 0.0657
v -0.3356 0.2002 0.0289
v -0.3336 0.1834 0.0232
v -0.2479 0.0236 -0.0073
v -0.2430 0.0219 -0.0122
v -0.2563 0.0171 -0.0117
v -0.2475 0.0168 -0.0167
v -0.2409 0.0171 -0.0172
v -0.2563 0.0171 -0.0117
v -0.2431 0.0085 -0.0237
v -0.2479 0.0236 -0.0073
v -0.2406 0.0094 -0.0229
v -0.2771 0.0053 -0.0077
v -0.2374 0.0248 -0.0182
v -0.2409 0.0171 -0.0172
v -0.2356 0.0112 0.0010
v -0.2479 0.0236 -0.0073
v -0.2430 0.0219 -0.0122
v -0.2479 0.0236 -0.0073
v -0.2526 0.0250 -0.0153
v -0.2668 0.0476 -0.0068
v -0.2430 0.0219 -0.0122
v -0.2526 0.0250 -0.0153
v -0.2441 0.0278 -0.0179
v -0.2504 0.0293 -0.0179
v -0.2668 0.0476 -0.0068
v -0.2479 0.0236 -0.0073
v -0.2504 0.0293 -0.0179
v -0.2441 0.0278 -0.0179
v -0.2183 0.0615 0.0067
v -0.2535 0.0828 0.0282
v -0.2251 0.0717 0.0052
v -0.2244 0.0834 0.0022
v -0.2289 0.0897 -0.0005
v -0.2379 0.0193 0.0155
v -0.2578 0.0139 0.0311
v -0.2659 0.0554 0.0306
v -0.2528 0.0955 0.0064
v -0.2366 0.0497 -0.0199
v -0.2441 0.0278 -0.0179
v -0.2374 0.0248 -0.0182
v -0.2469 0.0503 -0.0225
v -0.2475 0.0168 -0.0167
v -0.2409 0.0171 -0.0172
v -0.2435 0.0796 -0.0286
v -0.2441 0.0278 -0.0179
v -0.2475 0.0168 -0.0167
v -0.2430 0.0219 -0.0122
v -0.2326 0.1024 -0.1059
v -0.2328 0.1091 -0.0620
v -0.2085 0.1052 -0.1567
v -0.2417 0.0738 -0.0318
v -0.2308 0.0810 -0.0384
v -0.2308 0.0826 -0.0422
v -0.2411 0.0692 -0.0809
v -0.2348 0.0317 -0.0942
v -0.2366 0.0497 -0.0199
v -0.2301 0.0761 -0.0374
v -0.2316 0.0763 -0.0271
v -0.2295 0.0824 -0.0349
v -0.2328 0.1091 -0.0620
v -0.2349 0.0349 -0.0204
v -0.2326 0.1024 -0.1059
v -0.2512 0.0096 -0.0758
v -0.2406 0.0094 -0.0229
v -0.2317 0.0117 -0.1447
v -0.2199 0.0210 -0.1702
v -0.2417 0.0738 -0.0318
v -0.2366 0.0497 -0.0199
v -0.2431 0.0085 -0.0237
v -0.2374 0.0248 -0.0182
v -0.2316 0.0763 -0.0271
v -0.2406 0.0801 -0.0273
v -0.2316 0.0763 -0.0271
v -0.2339 0.0763 -0.0162
v -0.2398 0.0820 -0.0272
v -0.2295 0.0824 -0.0349
v -0.2574 0.0788 -0.0203
v -0.2427 0.0939 -0.0286
v -0.2526 0.0889 -0.0087
v -0.2531 0.0903 -0.0121
v -0.2533 0.0895 -0.0108
v -0.2574 0.0788 -0.0203
v -0.2538 0.0907 -0.0122
v -0.2575 0.1423 0.0186
v -0.2591 0.1496 0.0377
v -0.2490 0.1367 0.0296
v -0.2659 0.1738 0.0397
v -0.2575 0.1423 0.0186
v -0.2490 0.1367 0.0296
v -0.2423 0.1402 0.0223
v -0.2538 0.0915 -0.0135
v -0.2531 0.0903 -0.0121
v -0.2503 0.1010 -0.0183
v -0.2552 0.0943 -0.0168
v -0.2566 0.0969 -0.0199
v -0.2552 0.1003 -0.0197
v -0.2533 0.0895 -0.0108
v -0.2538 0.0907 -0.0122
v -0.2661 0.1223 0.0084
v -0.2659 0.1738 0.0397
v -0.2575 0.1423 0.0186
v -0.2597 0.1568 0.0019
v -0.2575 0.1423 0.0186
v -0.2414 0.1521 0.0271
v -0.2254 0.1799 0.0433
v -0.2423 0.1402 0.0223
v -0.2552 0.1003 -0.0197
v -0.2503 0.1010 -0.0183
v -0.2538 0.0907 -0.0122
v -0.2531 0.0903 -0.0121
v -0.2552 0.0943 -0.0168
v -0.2566 0.0969 -0.0199
v -0.2445 0.1185 -0.0567
v -0.2290 0.1351 -0.0713
v -0.2409 0.1217 -0.0564
v -0.2484 0.1202 -0.0686
v -0.2376 0.1139 -0.0525
v -0.2328 0.1091 -0.0620
v -0.2528 0.1221 -0.0807
v -0.2421 0.1229 -0.0798
v -0.2085 0.1052 -0.1567
v -0.2484 0.1202 -0.0686
v -0.2631 0.1212 -0.0594
v -0.2692 0.1335 -0.0747
v -0.2421 0.1229 -0.0798
v -0.2631 0.1212 -0.0594
v -0.2484 0.1202 -0.0686
v -0.2692 0.1335 -0.0747
v -0.2445 0.1185 -0.0567
v -0.2376 0.1139 -0.0525
v -0.2421 0.1229 -0.0798
v -0.2528 0.1221 -0.0807
v -0.2692 0.1335 -0.0747
v -0.2484 0.1458 -0.0809
v -0.2251 0.1426 -0.0860
v -0.2642 0.1352 -0.0433
v -0.2620 0.1530 -0.0874
v -0.2290 0.1351 -0.0713
v -0.2503 0.1569 -0.0932
v -0.2174 0.1336 -0.0823
v -0.2156 0.1327 -0.0894
v -0.2453 0.1608 -0.0929
v -0.2361 0.2309 -0.0868
v -0.2464 0.2037 -0.0855
v -0.2393 0.2183 -0.0522
v -0.2458 0.2299 -0.0496
v -0.2473 0.1779 -0.1195
v -0.2591 0.2526 -0.1212
v -0.2523 0.2426 -0.1665
v -0.2475 0.1707 -0.1664
v -0.2659 0.2541 -0.1522
v -0.2413 0.2196 -0.0388
v -0.2436 0.2263 -0.0394
v -0.2393 0.2177 -0.0349
v -0.2390 0.2289 -0.0277
v -0.2291 0.2280 -0.0220
v -0.2348 0.1965 -0.0459
v -0.2348 0.1965 -0.0459
v -0.2648 0.1787 -0.0836
v -0.2490 0.1740 -0.0820
v -0.2520 0.2150 -0.0487
v -0.2393 0.2177 -0.0349
v -0.2712 0.1911 -0.0911
v -0.2473 0.1779 -0.1195
v -0.2712 0.1911 -0.0911
v -0.2464 0.2037 -0.0855
v -0.2520 0.2150 -0.0487
v -0.2393 0.2183 -0.0522
v -0.2413 0.2196 -0.0388
v -0.2462 0.2219 -0.0334
v -0.2475 0.1707 -0.1664
v -0.2720 0.1656 -0.1559
v -0.2436 0.1694 -0.1810
v -0.2428 0.1673 -0.2077
v -0.2393 0.2177 -0.0349
v -0.2458 0.2256 -0.0230
v -0.2358 0.0281 -0.0139
v -0.2371 0.0195 -0.0109
v -0.2409 0.0171 -0.0172
v -0.2356 0.0112 0.0010
v -0.2441 0.0278 -0.0179
v -0.2349 0.0349 -0.0204
v -0.2349 0.0252 -0.0117
v -0.2374 0.0248 -0.0182
v -0.2371 0.0195 -0.0109
v -0.2406 0.0094 -0.0229
v -0.2356 0.0112 0.0010
v -0.2358 0.0281 -0.0139
v -0.2349 0.0349 -0.0204
v -0.2431 0.0085 -0.0237
v -0.2268 0.0301 -0.0075
v -0.2349 0.0349 -0.0204
v -0.2479 0.0236 -0.0073
v -0.2349 0.0252 -0.0117
v -0.2441 0.0278 -0.0179
v -0.2371 0.0195 -0.0109
v -0.2479 0.0236 -0.0073
v -0.2268 0.0301 -0.0075
v -0.2371 0.0195 -0.0109
v -0.2358 0.0281 -0.0139
v -0.2479 0.0236 -0.0073
v -0.2479 0.0236 -0.0073
v -0.2358 0.0281 -0.0139
v -0.2349 0.0252 -0.0117
v -0.2339 0.0763 -0.0162
v -0.2316 0.0763 -0.0271
v -0.2406 0.0801 -0.0273
v -0.2435 0.0796 -0.0286
v -0.2431 0.0085 -0.0237
v -0.2349 0.0349 -0.0204
v -0.2406 0.0094 -0.0229
v -0.2301 0.0761 -0.0374
v -0.2406 0.0801 -0.0273
v -0.2417 0.0738 -0.0318
v -0.2411 0.0692 -0.0809
v -0.2328 0.1091 -0.0620
v -0.2295 0.0824 -0.0349
v -0.2308 0.0810 -0.0384
v -0.2301 0.0761 -0.0374
v -0.2308 0.0826 -0.0422
v -0.2308 0.0810 -0.0384
v -0.2406 0.0801 -0.0273
v -0.2295 0.0824 -0.0349
v -0.2398 0.0820 -0.0272
v -0.2406 0.0801 -0.0273
v -0.2308 0.0810 -0.0384
v -0.2290 0.1351 -0.0713
v -0.2421 0.1229 -0.0798
v -0.2409 0.1217 -0.0564
v -0.2337 0.1376 -0.0895
v -0.2409 0.1217 -0.0564
v -0.2421 0.1229 -0.0798
v -0.2376 0.1139 -0.0525
v -0.2156 0.1327 -0.0894
v -0.2337 0.1376 -0.0895
v -0.2290 0.1351 -0.0713
v -0.2174 0.1336 -0.0823
v -0.2251 0.1426 -0.0860
v -0.2337 0.1376 -0.0895
v -0.2156 0.1327 -0.0894
v -0.2484 0.1458 -0.0809
v -0.3416 0.0199 -0.1943
v -0.3441 0.0189 -0.1943
v -0.3435 0.0200 -0.1925
v -0.3454 0.0208 -0.1917
v -0.3559 0.0315 -0.1532
v -0.3381 0.0227 -0.2045
v -0.3294 0.0165 -0.1934
v -0.3376 0.0198 -0.2029
v -0.3416 0.0199 -0.1943
v -0.3403 0.0206 -0.1892
v -0.3381 0.0227 -0.2045
v -0.3352 0.0205 -0.2082
v -0.1656 0.1148 -0.3414
v -0.2203 0.1198 -0.3014
v -0.1448 0.1497 -0.3060
v -0.1068 0.1632 -0.3095
v -0.0859 0.1405 -0.3481
v -0.0678 0.1773 -0.3255
v -0.1894 0.1060 -0.3303
v -0.0352 0.2172 -0.3331
v -0.2248 0.1042 -0.3023
v -0.2349 0.1202 -0.2898
v -0.2993 0.1236 -0.2392
v -0.3476 0.1260 -0.1564
v -0.3031 0.1091 -0.2374
v -0.3705 0.1142 -0.1004
v -0.2993 0.1236 -0.2392
v -0.2248 0.1042 -0.3023
v -0.3061 0.1036 -0.2200
v -0.3305 0.0215 -0.2048
v -0.3186 0.0203 -0.2224
v -0.3413 0.0997 -0.1707
v -0.3039 0.0182 -0.2511
v -0.2835 0.0243 -0.2667
v -0.2569 0.0937 -0.2875
v -0.2435 0.0217 -0.3071
v -0.3374 0.0219 -0.2008
v -0.2414 0.1055 -0.2830
v -0.2878 0.1186 -0.2420
v -0.3359 0.1188 -0.1745
v -0.3317 0.1057 -0.1695
v -0.3662 0.1196 -0.0862
v 0.0201 0.0278 -0.2876
v -0.0529 0.0234 -0.2864
v -0.0314 0.0321 -0.2680
v 0.0411 0.0381 -0.2651
v -0.0963 0.0291 -0.2454
v 0.0588 0.0316 -0.2967
v 0.0071 0.0179 -0.3366
v -0.0962 0.0281 -0.2550
v -0.1180 0.0239 -0.2639
v -0.1129 0.0321 -0.2475
v 0.0136 0.0200 -0.2979
v 0.0879 0.0472 -0.3049
v -0.0978 0.0298 -0.2485
v -0.1873 0.0230 -0.1964
v -0.1598 0.0253 -0.2141
v -0.1646 0.0195 -0.2382
v -0.1198 0.0293 -0.2331
v -0.1180 0.0239 -0.2639
v -0.2199 0.0210 -0.1702
v -0.0963 0.0291 -0.2454
v -0.1949 0.0236 -0.1755
v -0.2194 0.0267 -0.1388
v -0.2348 0.0317 -0.0942
v -0.0978 0.0298 -0.2485
v -0.1902 0.0406 -0.1856
v -0.2085 0.1052 -0.1567
v -0.1778 0.1025 -0.1993
v -0.2194 0.0267 -0.1388
v -0.1949 0.0236 -0.1755
v -0.2326 0.1024 -0.1059
v -0.2411 0.0692 -0.0809
v -0.1873 0.0230 -0.1964
v -0.2348 0.0317 -0.0942
v -0.2022 0.1255 -0.1582
v -0.1811 0.1345 -0.1958
v -0.2421 0.1229 -0.0798
v -0.2337 0.1376 -0.0895
v -0.1129 0.0321 -0.2475
v -0.1035 0.0969 -0.2540
v -0.1598 0.0253 -0.2141
v -0.1602 0.1256 -0.2086
v -0.1166 0.1208 -0.2372
v -0.1072 0.1019 -0.2427
v -0.0427 0.1114 -0.2653
v -0.0369 0.1007 -0.2708
v -0.0208 0.1223 -0.2890
v -0.1602 0.1256 -0.2086
v -0.1587 0.1329 -0.2495
v -0.1166 0.1208 -0.2372
v -0.1183 0.1349 -0.2698
v -0.0525 0.1236 -0.2957
v -0.0427 0.1114 -0.2653
v -0.1811 0.1345 -0.1958
v -0.0208 0.1223 -0.2890
v -0.1920 0.1482 -0.2243
v -0.2101 0.1371 -0.1819
v -0.2220 0.1411 -0.1887
v -0.1789 0.2165 -0.2040
v -0.1159 0.2193 -0.2314
v -0.1782 0.1924 -0.1947
v -0.1675 0.2368 -0.2246
v -0.0759 0.2562 -0.2750
v -0.0783 0.2181 -0.2564
v -0.0568 0.2869 -0.2910
v -0.0074 0.2403 -0.2913
v 0.0335 0.2811 -0.3011
v -0.2194 0.2249 -0.1978
v -0.2300 0.2167 -0.1881
v -0.2205 0.2262 -0.1930
v -0.2291 0.2223 -0.1893
v -0.2205 0.2262 -0.1930
v -0.2300 0.2167 -0.1881
v -0.2306 0.2256 -0.1891
v -0.2336 0.2193 -0.1892
v -0.2307 0.2434 -0.1909
v -0.1811 0.1345 -0.1958
v -0.2099 0.1256 -0.1801
v -0.2101 0.1371 -0.1819
v -0.2185 0.1630 -0.1822
v -0.2223 0.1674 -0.1790
v -0.2184 0.1773 -0.1796
v -0.2211 0.1716 -0.1784
v -0.2272 0.1717 -0.1766
v -0.2475 0.1707 -0.1664
v -0.2378 0.1521 -0.1724
v -0.2335 0.1372 -0.1729
v -0.2405 0.1164 -0.1693
v -0.2120 0.1072 -0.1761
v -0.2205 0.2262 -0.1930
v -0.2307 0.2434 -0.1909
v -0.2073 0.2154 -0.1976
v -0.2348 0.2745 -0.1927
v -0.2301 0.2257 -0.1898
v -0.2003 0.2887 -0.2187
v -0.1789 0.2165 -0.2040
v -0.1828 0.3061 -0.2335
v -0.1675 0.2368 -0.2246
v -0.1235 0.3066 -0.2450
v -0.1607 0.3603 -0.2455
v -0.0759 0.2562 -0.2750
v -0.0568 0.2869 -0.2910
v -0.1801 0.1897 -0.2066
v -0.1988 0.1799 -0.1930
v -0.2100 0.3690 -0.2159
v -0.2267 0.2221 -0.1928
v -0.2306 0.2256 -0.1891
v -0.2291 0.2223 -0.1893
v -0.2365 0.2647 -0.1933
v -0.2515 0.2722 -0.1800
v -0.2351 0.2287 -0.1808
v -0.2523 0.2426 -0.1665
v -0.2608 0.2668 -0.1704
v -0.2441 0.2000 -0.1745
v -0.2207 0.1785 -0.1794
v -0.2659 0.2541 -0.1522
v -0.2656 0.2635 -0.1622
v -0.2149 0.1664 -0.1821
v -0.2101 0.1371 -0.1819
v -0.2223 0.1674 -0.1790
v -0.2117 0.1743 -0.1821
v -0.2382 0.1289 -0.1581
v -0.2472 0.1590 -0.0909
v -0.2503 0.1569 -0.0932
v -0.2620 0.1530 -0.0874
v -0.2487 0.1294 -0.1527
v -0.2339 0.1657 -0.1310
v -0.2017 0.1348 -0.1303
v -0.2382 0.1289 -0.1581
v -0.2022 0.1255 -0.1582
v -0.2099 0.1256 -0.1801
v -0.1811 0.1345 -0.1958
v -0.2339 0.1657 -0.1310
v -0.2011 0.1383 -0.1253
v -0.2337 0.1376 -0.0895
v -0.2011 0.1383 -0.1253
v -0.2017 0.1348 -0.1303
v -0.2022 0.1255 -0.1582
v -0.2106 0.1321 -0.1035
v -0.2337 0.1376 -0.0895
v -0.2240 0.1320 -0.0895
v -0.2011 0.1383 -0.1253
v -0.2472 0.1590 -0.0909
v -0.2484 0.1458 -0.0809
v -0.2453 0.1608 -0.0929
v -0.2453 0.1608 -0.0929
v -0.2503 0.1569 -0.0932
v -0.2472 0.1590 -0.0909
v -0.2079 0.1365 -0.1109
v -0.2240 0.1320 -0.0895
v -0.2339 0.1657 -0.1310
v -0.2337 0.1376 -0.0895
v -0.2011 0.1383 -0.1253
v -0.2106 0.1321 -0.1035
v -0.2472 0.1590 -0.0909
v -0.2484 0.1458 -0.0809
v -0.2378 0.1521 -0.1724
v -0.2185 0.1630 -0.1822
v -0.2436 0.1694 -0.1810
v -0.2335 0.1372 -0.1729
v -0.2207 0.1785 -0.1794
v -0.2184 0.1773 -0.1796
v -0.2436 0.1694 -0.1810
v -0.2475 0.1707 -0.1664
v -0.2378 0.1521 -0.1724
v -0.2272 0.1717 -0.1766
v -0.2207 0.1785 -0.1794
v -0.2441 0.2000 -0.1745
v -0.2211 0.1716 -0.1784
v -0.2436 0.1694 -0.1810
v -0.2223 0.1674 -0.1790
v -0.2223 0.1674 -0.1790
v -0.2436 0.1694 -0.1810
v -0.2207 0.1785 -0.1794
v -0.2211 0.1716 -0.1784
v -0.2185 0.1630 -0.1822
v -0.2101 0.1371 -0.1819
v -0.2117 0.1743 -0.1821
v -0.2220 0.1411 -0.1887
v -0.1909 0.1801 -0.1856
v -0.2117 0.1743 -0.1821
v -0.2087 0.1652 -0.1858
v -0.2149 0.1664 -0.1821
v -0.2185 0.1630 -0.1822
v -0.2223 0.1674 -0.1790
v -0.0727 0.2127 -0.2637
v -0.1771 0.1960 -0.1835
v -0.3403 0.0206 -0.1892
v -0.3435 0.0200 -0.1925
v -0.3294 0.0165 -0.1934
v -0.3443 0.0229 -0.1919
v -0.2226 0.0172 -0.3347
v -0.2168 0.0165 -0.3391
v -0.2255 0.0180 -0.3372
v -0.2128 0.0170 -0.3419
v -0.2197 0.0206 -0.3362
v -0.2128 0.0170 -0.3419
v -0.2122 0.0179 -0.3439
v -0.2012 0.0178 -0.3510
v -0.2969 0.0183 -0.2605
v -0.2837 0.0182 -0.2606
v -0.2925 0.0186 -0.2708
v -0.2819 0.0182 -0.2776
v -0.2428 0.0174 -0.2990
v -0.2701 0.0179 -0.2902
v -0.2629 0.0182 -0.2978
v -0.2552 0.0182 -0.3055
v -0.2520 0.0167 -0.3129
v -0.2708 0.0190 -0.2903
v -0.2435 0.0217 -0.3071
v -0.2469 0.0178 -0.3156
v -0.2765 0.0179 -0.2858
v -0.2472 0.0180 -0.3197
v -0.2381 0.0169 -0.3209
v -0.2411 0.0183 -0.3225
v -0.2255 0.0180 -0.3372
v -0.2167 0.0187 -0.3343
v -0.2999 0.0186 -0.2586
v -0.2969 0.0187 -0.2581
v -0.3039 0.0182 -0.2511
v -0.3082 0.0216 -0.2518
v -0.2969 0.0187 -0.2581
v -0.3039 0.0182 -0.2511
v -0.2837 0.0182 -0.2606
v -0.3051 0.0163 -0.2265
v -0.3186 0.0203 -0.2224
v -0.3376 0.0198 -0.2029
v -0.3352 0.0205 -0.2082
v -0.3305 0.0215 -0.2048
v -0.3294 0.0165 -0.1934
v -0.3374 0.0219 -0.2008
v -0.1768 0.0170 -0.3405
v -0.2128 0.0170 -0.3419
v -0.2167 0.0187 -0.3343
v -0.2428 0.0174 -0.2990
v -0.2168 0.0165 -0.3391
v -0.2381 0.0169 -0.3209
v -0.2469 0.0178 -0.3156
v -0.2012 0.0178 -0.3510
v -0.1851 0.0141 -0.3570
v -0.1962 0.0117 -0.3624
v -0.1496 0.0124 -0.3857
v -0.2197 0.0206 -0.3362
v -0.1804 0.0126 -0.3763
v -0.1456 0.0099 -0.3729
v -0.1262 0.0133 -0.3992
v -0.1029 0.0129 -0.3823
v -0.2708 0.0190 -0.2903
v -0.2819 0.0182 -0.2776
v -0.2765 0.0179 -0.2858
v -0.2835 0.0243 -0.2667
v -0.2925 0.0186 -0.2708
v -0.2435 0.0217 -0.3071
v -0.2629 0.0182 -0.2978
v -0.2552 0.0182 -0.3055
v -0.2938 0.0196 -0.2628
v -0.2472 0.0180 -0.3197
v -0.2520 0.0167 -0.3129
v -0.3012 0.0230 -0.2540
v -0.2999 0.0186 -0.2586
v -0.3082 0.0216 -0.2518
v -0.2837 0.0182 -0.2606
v -0.3012 0.0230 -0.2540
v -0.2969 0.0187 -0.2581
v -0.3012 0.0230 -0.2540
v -0.2969 0.0183 -0.2605
v -0.2969 0.0187 -0.2581
v -0.2837 0.0182 -0.2606
v -0.2969 0.0183 -0.2605
v -0.2938 0.0196 -0.2628
v -0.2835 0.0243 -0.2667
v -0.2938 0.0196 -0.2628
v -0.2969 0.0183 -0.2605
v -0.3012 0.0230 -0.2540
v -0.2435 0.0217 -0.3071
v -0.2472 0.0180 -0.3197
v -0.2477 0.0192 -0.3142
v -0.2469 0.0178 -0.3156
v -0.2435 0.0217 -0.3071
v -0.2477 0.0192 -0.3142
v -0.2411 0.0183 -0.3225
v -0.2469 0.0178 -0.3156
v -0.2477 0.0192 -0.3142
v -0.2411 0.0183 -0.3225
v -0.2428 0.0174 -0.2990
v -0.2469 0.0178 -0.3156
v -0.2428 0.0174 -0.2990
v -0.2411 0.0183 -0.3225
v -0.2435 0.0217 -0.3071
v -0.2255 0.0180 -0.3372
v -0.2197 0.0206 -0.3362
v -0.2435 0.0217 -0.3071
v -0.2163 0.0253 -0.3300
v -0.2411 0.0183 -0.3225
v -0.2128 0.0170 -0.3419
v -0.2411 0.0183 -0.3225
v -0.2477 0.0192 -0.3142
v -0.2472 0.0180 -0.3197
v -0.1183 0.0355 -0.4020
v -0.1999 0.0363 -0.3663
v -0.1925 0.1145 -0.3601
v -0.1212 0.0030 -0.4049
v -0.2047 0.0123 -0.3663
v -0.1287 0.0749 -0.3970
v -0.1186 0.1043 -0.3853
v -0.1212 0.0030 -0.4049
v -0.2129 0.0071 -0.3527
v -0.2047 0.0123 -0.3663
v -0.2836 0.0078 -0.2981
v -0.2255 0.0180 -0.3372
v -0.2167 0.0187 -0.3343
v -0.2226 0.0172 -0.3347
v -0.2197 0.0206 -0.3362
v -0.2226 0.0172 -0.3347
v -0.2163 0.0253 -0.3300
v -0.2168 0.0165 -0.3391
v -0.2197 0.0206 -0.3362
v -0.2122 0.0179 -0.3439
v -0.2167 0.0187 -0.3343
v -0.2012 0.0178 -0.3510
v -0.3559 0.0315 -0.1532
v -0.3454 0.0208 -0.1917
v -0.3403 0.0206 -0.1892
v -0.3443 0.0229 -0.1919
v -0.3403 0.0206 -0.1892
v -0.3454 0.0208 -0.1917
v -0.3381 0.0227 -0.2045
v -0.3443 0.0229 -0.1919
v -0.3441 0.0189 -0.1943
v -0.3454 0.0208 -0.1917
v -0.3443 0.0229 -0.1919
v -0.3374 0.0219 -0.2008
v -0.3416 0.0199 -0.1943
v -0.3435 0.0200 -0.1925
v -0.3355 0.0224 -0.2052
v -0.3305 0.0215 -0.2048
v -0.3376 0.0198 -0.2029
v -0.3352 0.0205 -0.2082
v -0.3381 0.0227 -0.2045
v -0.3186 0.0203 -0.2224
v -0.3374 0.0219 -0.2008
v -0.3443 0.0229 -0.1919
v -0.3294 0.0165 -0.1934
v -0.3374 0.0219 -0.2008
v -0.3376 0.0198 -0.2029
v -0.3374 0.0219 -0.2008
v -0.3355 0.0224 -0.2052
v -0.3376 0.0198 -0.2029
v -0.3082 0.0216 -0.2518
v -0.3012 0.0230 -0.2540
v -0.3039 0.0182 -0.2511
v -0.2835 0.0243 -0.2667
v -0.2837 0.0182 -0.2606
v -0.2835 0.0243 -0.2667
v -0.3012 0.0230 -0.2540
v -0.2427 0.0988 -0.3086
v -0.2569 0.0937 -0.2875
v -0.2576 0.1004 -0.2835
v -0.2609 0.0945 -0.2911
v -0.2576 0.1004 -0.2835
v -0.2569 0.0937 -0.2875
v -0.2435 0.0217 -0.3071
v -0.1950 0.0567 -0.3372
v -0.2163 0.0253 -0.3300
v -0.2012 0.0178 -0.3510
v -0.2167 0.0187 -0.3343
v -0.2609 0.0945 -0.2911
v -0.2435 0.0217 -0.3071
v -0.2427 0.0988 -0.3086
v -0.1945 0.1012 -0.3481
v -0.2226 0.0172 -0.3347
v -0.2576 0.1004 -0.2835
v -0.2002 0.0326 -0.3616
v -0.1962 0.0117 -0.3624
v -0.1804 0.0126 -0.3763
v -0.2532 0.1228 -0.2255
v -0.2203 0.1233 -0.2557
v -0.2330 0.1183 -0.2471
v -0.2222 0.1068 -0.2528
v -0.2770 0.1106 -0.1850
v -0.2541 0.2356 -0.1778
v -0.2593 0.2077 -0.1935
v -0.2441 0.2000 -0.1745
v -0.2725 0.2460 -0.1877
v -0.2462 0.2020 -0.2018
v -0.2428 0.1673 -0.2077
v -0.2436 0.1694 -0.1810
v -0.0957 0.2173 -0.2716
v -0.1210 0.2116 -0.2616
v -0.1242 0.2087 -0.2642
v -0.1381 0.2051 -0.2581
v -0.1719 0.1980 -0.2335
v -0.2087 0.1652 -0.1858
v -0.0727 0.2127 -0.2637
v -0.2070 0.1815 -0.2012
v -0.2185 0.1630 -0.1822
v -0.2226 0.1186 -0.2589
v -0.2222 0.1068 -0.2528
v -0.2203 0.1233 -0.2557
v -0.2349 0.1202 -0.2898
v -0.2188 0.0964 -0.2557
v -0.2569 0.0937 -0.2875
v -0.2414 0.1055 -0.2830
v -0.2095 0.1018 -0.2640
v -0.2380 0.1105 -0.2894
v -0.2203 0.1233 -0.2557
v -0.2349 0.1202 -0.2898
v -0.1160 0.2171 -0.2233
v -0.1719 0.1980 -0.2335
v -0.1740 0.1969 -0.1959
v -0.2070 0.1815 -0.2012
v -0.1381 0.2051 -0.2581
v -0.1242 0.2087 -0.2642
v -0.0957 0.2173 -0.2716
v -0.0899 0.2247 -0.2400
v -0.0727 0.2127 -0.2637
v -0.1782 0.1924 -0.1947
v -0.1789 0.2165 -0.2040
v -0.1782 0.1924 -0.1947
v -0.1771 0.1960 -0.1835
v -0.1909 0.1801 -0.1856
v -0.2070 0.1815 -0.2012
v -0.2117 0.1743 -0.1821
v -0.2185 0.1630 -0.1822
v -0.1017 0.2152 -0.2872
v -0.2428 0.1673 -0.2077
v -0.2084 0.1926 -0.2128
v -0.0963 0.2252 -0.2734
v -0.0237 0.2346 -0.3175
v -0.1558 0.1473 -0.2743
v -0.1068 0.1632 -0.3095
v -0.0371 0.2131 -0.3170
v -0.2462 0.2020 -0.2018
v -0.2194 0.2249 -0.1978
v -0.2593 0.2077 -0.1935
v -0.2336 0.2193 -0.1892
v -0.2301 0.2257 -0.1898
v -0.0977 0.0969 -0.3247
v -0.1635 0.0992 -0.3060
v -0.1667 0.1028 -0.3357
v -0.1139 0.1014 -0.3627
v -0.1945 0.1012 -0.3481
v -0.1281 0.0993 -0.3050
v -0.2188 0.0964 -0.2557
v -0.1821 0.0974 -0.3257
v -0.2427 0.0988 -0.3086
v -0.2198 0.0981 -0.2949
v -0.2569 0.0937 -0.2875
v -0.0994 0.0962 -0.3601
v -0.1957 0.1073 -0.2868
v -0.1128 0.0924 -0.3002
v -0.1235 0.1113 -0.3780
v -0.0937 0.0858 -0.3077
v -0.1082 0.0892 -0.3000
v -0.2010 0.1070 -0.2817
v -0.1368 0.1053 -0.3072
v -0.1598 0.1121 -0.3185
v -0.2095 0.1018 -0.2640
v -0.2380 0.1105 -0.2894
v -0.1479 0.1114 -0.3168
v -0.1584 0.1155 -0.3276
v -0.1827 0.1184 -0.3124
v -0.2203 0.1198 -0.3014
v -0.2349 0.1202 -0.2898
v -0.1328 0.1098 -0.3118
v -0.1266 0.1096 -0.3112
v -0.2010 0.1070 -0.2817
v -0.2296 0.1084 -0.2930
v -0.2380 0.1105 -0.2894
v -0.2380 0.1105 -0.2894
v -0.2296 0.1084 -0.2930
v -0.2349 0.1202 -0.2898
v -0.2010 0.1070 -0.2817
v -0.2075 0.1366 -0.1109
v -0.2075 0.1361 -0.1104
v -0.2074 0.1362 -0.1105
v -0.2073 0.1357 -0.1100
v -0.2072 0.1361 -0.1103
v -0.2075 0.1361 -0.1104
v -0.2075 0.1366 -0.1109
v -0.2072 0.1361 -0.1103
v -0.2073 0.1357 -0.1100
v -0.1129 0.0321 -0.2475
v -0.0978 0.0298 -0.2485
v -0.1198 0.0293 -0.2331
v -0.1598 0.0253 -0.2141
v -0.1180 0.0239 -0.2639
v -0.0314 0.0321 -0.2680
v -0.0369 0.1007 -0.2708
v 0.0223 0.0953 -0.2719
v 0.0411 0.0381 -0.2651
v -0.1035 0.0969 -0.2540
v -0.0948 0.0315 -0.2538
v -0.1129 0.0321 -0.2475
v 0.0346 0.1097 -0.2651
v 0.0143 0.1245 -0.2676
v 0.0501 0.1271 -0.2634
v -0.0962 0.0281 -0.2550
v -0.1072 0.1019 -0.2427
v -0.0369 0.1007 -0.2708
v -0.1035 0.0969 -0.2540
v -0.1778 0.1025 -0.1993
v -0.1346 0.1142 -0.3111
v -0.1318 0.1119 -0.3065
v -0.1368 0.1053 -0.3072
v -0.2095 0.1018 -0.2640
v -0.1346 0.1213 -0.3106
v -0.1368 0.1053 -0.3072
v -0.2203 0.1233 -0.2557
v -0.1346 0.1142 -0.3111
v -0.0301 0.1079 -0.3011
v -0.0525 0.1236 -0.2957
v -0.0373 0.1069 -0.3019
v -0.0172 0.1052 -0.3008
v -0.0208 0.1223 -0.2890
v 0.0428 0.1252 -0.2834
v 0.0403 0.1096 -0.2862
v 0.0353 0.1037 -0.2930
v 0.0238 0.0952 -0.2966
v -0.0812 0.1077 -0.2906
v -0.1183 0.1349 -0.2698
v -0.1053 0.0971 -0.2835
v -0.0913 0.0878 -0.2984
v -0.1913 0.0979 -0.2301
v -0.1587 0.1329 -0.2495
v 0.0238 0.0952 -0.2966
v -0.0393 0.0852 -0.3180
v 0.0160 0.0918 -0.3182
v -0.0422 0.0960 -0.2994
v -0.0172 0.1052 -0.3008
v -0.0373 0.1069 -0.3019
v -0.0422 0.0960 -0.2994
v 0.0238 0.0952 -0.2966
v -0.2084 0.1926 -0.2128
v -0.2194 0.2249 -0.1978
v -0.2073 0.2154 -0.1976
v -0.1988 0.1799 -0.1930
v -0.2205 0.2262 -0.1930
v -0.0963 0.2252 -0.2734
v -0.0783 0.2181 -0.2564
v -0.0074 0.2403 -0.2913
v -0.1801 0.1897 -0.2066
v -0.2084 0.1926 -0.2128
v -0.1988 0.1799 -0.1930
v -0.0237 0.2346 -0.3175
v 0.0150 0.2514 -0.3060
v 0.0239 0.2550 -0.3091
v 0.0150 0.2514 -0.3060
v -0.0074 0.2403 -0.2913
v 0.0335 0.2811 -0.3011
v -0.1789 0.2165 -0.2040
v -0.1740 0.1969 -0.1959
v -0.1801 0.1897 -0.2066
v -0.1771 0.1960 -0.1835
v -0.1782 0.1924 -0.1947
v -0.1771 0.1960 -0.1835
v -0.0727 0.2127 -0.2637
v -0.1740 0.1969 -0.1959
v -0.1160 0.2171 -0.2233
v -0.1740 0.1969 -0.1959
v -0.0727 0.2127 -0.2637
v -0.0899 0.2247 -0.2400
v -0.0783 0.2181 -0.2564
v -0.1801 0.1897 -0.2066
v -0.1159 0.2193 -0.2314
v -0.1782 0.1924 -0.1947
v -0.0978 0.0298 -0.2485
v -0.0948 0.0315 -0.2538
v -0.1198 0.0293 -0.2331
v -0.0962 0.0281 -0.2550
v -0.0948 0.0315 -0.2538
v -0.0978 0.0298 -0.2485
v -0.1198 0.0293 -0.2331
v -0.0948 0.0315 -0.2538
v -0.0963 0.0291 -0.2454
v -0.0314 0.0321 -0.2680
v -0.1243 0.1850 -0.2725
v -0.1241 0.1854 -0.2725
v -0.1245 0.1851 -0.2723
v -0.1236 0.1858 -0.2726
v -0.1237 0.1852 -0.2728
v -0.1236 0.1858 -0.2726
v -0.1243 0.1850 -0.2725
v -0.1169 0.1891 -0.2752
v -0.1245 0.1851 -0.2723
v -0.1237 0.1852 -0.2728
v -0.1243 0.1850 -0.2725
v -0.1237 0.1852 -0.2728
v -0.1245 0.1851 -0.2723
v -0.1241 0.1854 -0.2725
v -0.1187 0.1863 -0.2752
v -0.1236 0.1858 -0.2726
v -0.1169 0.1891 -0.2752
v -0.1143 0.1890 -0.2767
v -0.1112 0.1932 -0.2769
v -0.1112 0.1947 -0.2763
v -0.1099 0.1956 -0.2767
v -0.1169 0.1891 -0.2752
v -0.1237 0.1852 -0.2728
v -0.1184 0.1894 -0.2742
v -0.1113 0.1942 -0.2765
v -0.1184 0.1894 -0.2742
v -0.1237 0.1852 -0.2728
v -0.1187 0.1863 -0.2752
v -0.1143 0.1890 -0.2767
v -0.1112 0.1932 -0.2769
v -0.1113 0.1942 -0.2765
v -0.1099 0.1956 -0.2767
v -0.1169 0.1891 -0.2752
v -0.1113 0.1942 -0.2765
v -0.1112 0.1947 -0.2763
v -0.1098 0.1953 -0.2770
v -0.1093 0.1958 -0.2771
v -0.1099 0.1956 -0.2767
v -0.1090 0.1964 -0.2770
v -0.1093 0.1958 -0.2771
v -0.1098 0.1953 -0.2770
v -0.1090 0.1964 -0.2770
v -0.1098 0.1953 -0.2770
v -0.1113 0.1942 -0.2765
v -0.1099 0.1956 -0.2767
v -0.1090 0.1964 -0.2770
v 0.0143 0.1245 -0.2676
v -0.0208 0.1223 -0.2890
v 0.0428 0.1252 -0.2834
v 0.0501 0.1271 -0.2634
v -0.0369 0.1007 -0.2708
v -0.1598 0.1121 -0.3185
v -0.1957 0.1073 -0.2868
v -0.1827 0.1184 -0.3124
v -0.1635 0.0992 -0.3060
v -0.2188 0.0964 -0.2557
v -0.2190 0.1114 -0.2944
v -0.1957 0.1073 -0.2868
v -0.2198 0.0981 -0.2949
v -0.2190 0.1114 -0.2944
v -0.1584 0.1155 -0.3276
v -0.1354 0.1191 -0.3351
v -0.1626 0.1351 -0.3025
v -0.1043 0.1547 -0.3076
v -0.1827 0.1184 -0.3124
v -0.1667 0.1028 -0.3357
v -0.0853 0.1600 -0.3152
v -0.2203 0.1198 -0.3014
v -0.1543 0.1068 -0.3353
v -0.1821 0.0974 -0.3257
v -0.2198 0.0981 -0.2949
v -0.0599 0.1736 -0.3266
v -0.2190 0.1114 -0.2944
v -0.1043 0.1547 -0.3076
v -0.1448 0.1497 -0.3060
v -0.1626 0.1351 -0.3025
v -0.1068 0.1632 -0.3095
v -0.2203 0.1198 -0.3014
v -0.1479 0.1114 -0.3168
v -0.1328 0.1098 -0.3118
v -0.1346 0.1142 -0.3111
v -0.1318 0.1119 -0.3065
v -0.1303 0.1122 -0.3085
v -0.1266 0.1096 -0.3112
v -0.1184 0.1066 -0.2928
v -0.1315 0.1243 -0.3041
v -0.1273 0.1210 -0.2887
v -0.1056 0.1217 -0.2838
v -0.1170 0.1386 -0.2897
v -0.1119 0.1120 -0.2844
v -0.1184 0.1066 -0.2928
v -0.1513 0.1175 -0.2966
v -0.1029 0.1374 -0.2974
v -0.1020 0.1418 -0.3030
v -0.1315 0.1243 -0.3041
v -0.1184 0.1066 -0.2928
v -0.1513 0.1175 -0.2966
v -0.1184 0.1066 -0.2928
v -0.1266 0.1096 -0.3112
v -0.1318 0.1119 -0.3065
v -0.1318 0.1119 -0.3065
v -0.1266 0.1096 -0.3112
v -0.1368 0.1053 -0.3072
v -0.1346 0.1213 -0.3106
v -0.1303 0.1122 -0.3085
v -0.1346 0.1142 -0.3111
v -0.1318 0.1119 -0.3065
v -0.1346 0.1213 -0.3106
v -0.1315 0.1243 -0.3041
v -0.1303 0.1122 -0.3085
v -0.1346 0.1213 -0.3106
v -0.1318 0.1119 -0.3065
v -0.0913 0.0878 -0.2984
v -0.1082 0.0892 -0.3000
v -0.1197 0.0850 -0.2933
v -0.1133 0.0901 -0.3007
v -0.0937 0.0858 -0.3077
v -0.1128 0.0924 -0.3002
v -0.0928 0.1006 -0.2957
v -0.1184 0.1066 -0.2928
v -0.0913 0.0878 -0.2984
v -0.1082 0.0892 -0.3000
v -0.1197 0.0850 -0.2933
v -0.1022 0.1092 -0.2989
v -0.1109 0.1252 -0.2895
v -0.0912 0.1121 -0.3000
v -0.0995 0.1250 -0.2988
v -0.1133 0.0901 -0.3007
v -0.1281 0.0993 -0.3050
v -0.1318 0.1119 -0.3065
v -0.1296 0.0833 -0.3011
v -0.0812 0.1077 -0.2906
v -0.0937 0.0858 -0.3077
v -0.0947 0.1099 -0.3210
v -0.0977 0.0969 -0.3247
v -0.0913 0.0878 -0.2984
v -0.0913 0.0878 -0.2984
v -0.1296 0.0833 -0.3011
v -0.0937 0.0858 -0.3077
v -0.1197 0.0850 -0.2933
v -0.1184 0.1066 -0.2928
v -0.1109 0.1252 -0.2895
v -0.1119 0.1120 -0.2844
v -0.1133 0.0901 -0.3007
v -0.1281 0.0993 -0.3050
v -0.1128 0.0924 -0.3002
v -0.1296 0.0833 -0.3011
v -0.0937 0.0858 -0.3077
v -0.1315 0.1243 -0.3041
v -0.1190 0.1347 -0.3184
v -0.1346 0.1142 -0.3111
v -0.1043 0.1547 -0.3076
v -0.1170 0.1386 -0.2897
v -0.1222 0.1125 -0.3276
v -0.1356 0.1108 -0.3303
v -0.1479 0.1114 -0.3168
v -0.1463 0.1051 -0.3198
v -0.1345 0.1036 -0.3396
v -0.1315 0.1243 -0.3041
v -0.1346 0.1213 -0.3106
v -0.1273 0.1210 -0.2887
v -0.1170 0.1386 -0.2897
v -0.1029 0.1374 -0.2974
v -0.1056 0.1217 -0.2838
v -0.1048 0.1309 -0.2890
v -0.1046 0.1332 -0.2883
v -0.0960 0.1253 -0.2881
v -0.1046 0.1332 -0.2883
v -0.1048 0.1309 -0.2890
v 0.0763 0.1380 -0.2877
v 0.0031 0.1153 -0.3015
v 0.0073 0.1466 -0.3175
v 0.1236 0.1509 -0.2717
v 0.1457 0.1251 -0.2250
v 0.2071 0.1459 -0.2041
v -0.0848 0.1159 -0.2943
v -0.0853 0.1600 -0.3152
v -0.1020 0.1418 -0.3030
v -0.1043 0.1547 -0.3076
v 0.1758 0.1232 -0.2122
v 0.1457 0.1251 -0.2250
v 0.2071 0.1459 -0.2041
v -0.1020 0.1418 -0.3030
v -0.1190 0.1347 -0.3184
v -0.1043 0.1547 -0.3076
v -0.1029 0.1374 -0.2974
v -0.0393 0.0852 -0.3180
v -0.0373 0.1069 -0.3019
v -0.0406 0.0910 -0.3316
v -0.0441 0.1098 -0.3293
v -0.0422 0.0960 -0.2994
v 0.0031 0.1112 -0.3043
v 0.0238 0.0952 -0.2966
v 0.0160 0.0918 -0.3182
v -0.0276 0.0913 -0.3186
v -0.0344 0.1085 -0.3117
v -0.0393 0.0852 -0.3180
v 0.0493 0.1046 -0.2940
v 0.0571 0.0687 -0.2947
v -0.0965 0.1338 -0.2960
v -0.0984 0.1224 -0.3200
v -0.1029 0.1374 -0.2974
v -0.1190 0.1347 -0.3184
v -0.0933 0.1116 -0.3079
v -0.0912 0.1121 -0.3000
v -0.0986 0.1083 -0.3153
v -0.1046 0.1332 -0.2883
v -0.0965 0.1338 -0.2960
v -0.1048 0.1309 -0.2890
v -0.0982 0.1140 -0.2899
v -0.1056 0.1217 -0.2838
v -0.0912 0.1121 -0.3000
v -0.0912 0.1121 -0.3000
v -0.0982 0.1140 -0.2899
v -0.1022 0.1092 -0.2989
v -0.0940 0.1159 -0.3123
v -0.0933 0.1116 -0.3079
v -0.0848 0.1159 -0.2943
v -0.0986 0.1083 -0.3153
v -0.0984 0.1224 -0.3200
v -0.0912 0.1121 -0.3000
v -0.0928 0.1006 -0.2957
v 0.1601 0.0995 -0.3583
v 0.3025 0.1005 -0.2519
v 0.2506 0.0985 -0.3239
v 0.3424 0.1004 -0.2258
v 0.3669 0.1049 -0.1554
v 0.1458 0.0964 -0.3840
v 0.1086 0.0977 -0.3879
v 0.3855 0.1021 -0.1447
v 0.4035 0.1028 -0.0891
v 0.1188 0.0864 -0.4110
v 0.1026 0.1100 -0.3790
v 0.1585 0.1085 -0.2649
v 0.1837 0.1094 -0.2986
v 0.1142 0.1118 -0.2959
v 0.1160 0.1171 -0.3459
v 0.2141 0.1133 -0.3232
v 0.0912 0.1125 -0.3249
v 0.0935 0.1066 -0.3423
v 0.1026 0.1100 -0.3790
v 0.1020 0.1229 -0.3641
v 0.2674 0.1031 -0.2255
v 0.2770 0.1129 -0.2679
v 0.3407 0.1118 -0.1893
v 0.3162 0.1178 -0.1341
v 0.0269 0.1173 -0.2926
v -0.0208 0.1137 -0.3353
v 0.3702 0.1232 -0.1387
v 0.3748 0.1257 -0.1494
v 0.1601 0.0995 -0.3583
v 0.3673 0.1331 -0.1223
v 0.3763 0.1217 -0.1301
v 0.0031 0.1153 -0.3015
v -0.0848 0.1159 -0.2943
v -0.0940 0.1159 -0.3123
v -0.0984 0.1224 -0.3200
v 0.0953 0.1120 -0.2863
v 0.3616 0.1359 -0.1189
v 0.1160 0.1171 -0.3459
v 0.1020 0.1229 -0.3641
v 0.1011 0.1243 -0.3452
v -0.0441 0.1098 -0.3293
v -0.0373 0.1069 -0.3019
v -0.0947 0.1099 -0.3210
v -0.0812 0.1077 -0.2906
v -0.0441 0.1098 -0.3293
v -0.0947 0.1099 -0.3210
v -0.0977 0.0969 -0.3247
v -0.0406 0.0910 -0.3316
v 0.1078 0.1790 -0.2455
v 0.1371 0.1798 -0.2184
v 0.1236 0.1509 -0.2717
v 0.0203 0.1828 -0.2797
v 0.2220 0.1872 -0.1856
v 0.1538 0.1899 -0.2022
v 0.0073 0.1466 -0.3175
v -0.0467 0.1713 -0.3027
v -0.0853 0.1600 -0.3152
v -0.1068 0.1632 -0.3095
v 0.1861 0.1885 -0.1790
v 0.2182 0.1977 -0.1696
v 0.2209 0.2036 -0.1625
v 0.2071 0.1459 -0.2041
v 0.2327 0.1855 -0.1848
v 0.1076 0.2126 -0.2879
v 0.0078 0.2031 -0.3145
v 0.1363 0.2311 -0.2951
v 0.1254 0.1867 -0.2607
v 0.1971 0.2288 -0.2701
v 0.1823 0.1952 -0.2189
v 0.2177 0.1923 -0.1994
v 0.2418 0.2119 -0.2194
v 0.1078 0.1790 -0.2455
v 0.0203 0.1828 -0.2797
v -0.0198 0.1919 -0.3169
v -0.0467 0.1713 -0.3027
v 0.1371 0.1798 -0.2184
v 0.2509 0.2679 -0.2462
v 0.2196 0.2696 -0.2834
v 0.2629 0.2183 -0.1973
v -0.0097 0.2178 -0.3206
v -0.0004 0.2257 -0.3248
v -0.0189 0.2130 -0.3224
v 0.2271 0.3183 -0.2897
v 0.1960 0.3577 -0.3131
v 0.2259 0.3645 -0.2904
v -0.0371 0.2131 -0.3170
v -0.1068 0.1632 -0.3095
v -0.0266 0.2216 -0.3202
v 0.2509 0.2679 -0.2462
v 0.2595 0.2473 -0.2095
v 0.2629 0.2183 -0.1973
v -0.1667 0.1028 -0.3357
v -0.1635 0.0992 -0.3060
v -0.1584 0.1155 -0.3276
v -0.1598 0.1121 -0.3185
v -0.1479 0.1114 -0.3168
v -0.1463 0.1051 -0.3198
v -0.1584 0.1155 -0.3276
v -0.1530 0.1073 -0.3188
v -0.1584 0.1155 -0.3276
v -0.1463 0.1051 -0.3198
v -0.1569 0.1042 -0.3192
v 0.0452 0.0347 -0.3949
v 0.0066 0.0940 -0.3944
v -0.0242 0.0563 -0.3955
v -0.0171 0.0157 -0.3978
v 0.0562 0.0934 -0.3910
v -0.0454 0.0938 -0.3919
v -0.0644 0.0593 -0.3911
v 0.0467 0.0151 -0.3996
v 0.1005 0.0924 -0.3824
v 0.1175 0.0679 -0.3888
v -0.1105 0.0944 -0.3772
v -0.0747 0.0292 -0.3903
v -0.1029 0.0129 -0.3823
v 0.1223 0.0910 -0.3916
v 0.1034 0.0379 -0.3825
v 0.1370 0.0404 -0.3828
v -0.0297 0.0329 -0.4014
v -0.1196 0.0388 -0.3951
v -0.1262 0.0133 -0.3992
v -0.1245 0.0961 -0.3824
v -0.2002 0.0326 -0.3616
v -0.1945 0.1012 -0.3481
v -0.1235 0.1113 -0.3780
v -0.1496 0.0124 -0.3857
v -0.1804 0.0126 -0.3763
v 0.0467 0.0151 -0.3996
v 0.0504 0.0331 -0.4117
v 0.0452 0.0347 -0.3949
v -0.1116 0.0289 -0.3944
v -0.1113 0.0532 -0.3912
v -0.1030 0.0212 -0.3885
v -0.1051 0.0571 -0.3830
v -0.1186 0.1043 -0.3853
v -0.1287 0.0749 -0.3970
v -0.1183 0.0355 -0.4020
v -0.1162 0.0055 -0.3915
v -0.1212 0.0030 -0.4049
v 0.0162 0.0571 -0.4013
v 0.0392 0.0358 -0.4004
v 0.0146 0.0279 -0.4045
v 0.1013 0.0386 -0.3893
v 0.0525 0.0990 -0.3974
v 0.1086 0.0977 -0.3879
v -0.0506 0.0998 -0.3983
v -0.0170 0.0610 -0.4008
v 0.0355 0.0032 -0.4106
v -0.0174 0.0278 -0.4029
v -0.0786 0.0252 -0.3989
v -0.0824 0.0618 -0.3904
v -0.1186 0.1043 -0.3853
v -0.1162 0.0055 -0.3915
v -0.1051 0.0571 -0.3830
v -0.0913 0.0312 -0.3906
v -0.1030 0.0212 -0.3885
v 0.1134 0.0671 -0.3950
v 0.1278 0.0409 -0.3924
v 0.1389 0.0736 -0.3931
v 0.1188 0.0864 -0.4110
v 0.0493 0.0368 -0.4156
v -0.0913 0.0312 -0.3906
v -0.1113 0.0532 -0.3912
v -0.1116 0.0289 -0.3944
v -0.0824 0.0618 -0.3904
v -0.1113 0.0532 -0.3912
v -0.1173 0.0485 -0.4345
v -0.1183 0.0355 -0.4020
v -0.1112 0.0678 -0.4137
v -0.0913 0.0312 -0.3906
v -0.0997 0.0232 -0.4311
v -0.0786 0.0252 -0.3989
v -0.1116 0.0289 -0.3944
v -0.1173 0.0485 -0.4345
v -0.1183 0.0355 -0.4020
v -0.1078 0.0987 -0.3628
v -0.1139 0.1014 -0.3627
v -0.1105 0.0944 -0.3772
v -0.1072 0.1137 -0.3594
v -0.0994 0.0962 -0.3601
v -0.1245 0.0961 -0.3824
v -0.1235 0.1113 -0.3780
v -0.0994 0.0962 -0.3601
v -0.1096 0.1056 -0.3569
v -0.1078 0.0987 -0.3628
v -0.1117 0.1209 -0.3774
v -0.1186 0.1043 -0.3853
v -0.1220 0.1230 -0.4027
v -0.1096 0.1056 -0.3569
v -0.1186 0.1495 -0.3912
v -0.1139 0.1014 -0.3627
v -0.1139 0.1014 -0.3627
v -0.1096 0.1056 -0.3569
v -0.0994 0.0962 -0.3601
v -0.1173 0.0485 -0.4345
v -0.0851 0.0554 -0.4256
v -0.0997 0.0232 -0.4311
v -0.0786 0.0252 -0.3989
v -0.1112 0.0678 -0.4137
v -0.0851 0.0554 -0.4256
v -0.1173 0.0485 -0.4345
v -0.1660 0.1148 -0.3638
v -0.1971 0.1193 -0.3508
v -0.1925 0.1145 -0.3601
v -0.2057 0.1190 -0.3701
v -0.1220 0.1230 -0.4027
v -0.1186 0.1043 -0.3853
v -0.2063 0.1449 -0.3740
v -0.1918 0.1398 -0.3463
v -0.1186 0.1495 -0.3912
v -0.2063 0.1449 -0.3740
v -0.1971 0.1193 -0.3508
v -0.1918 0.1398 -0.3463
v -0.2057 0.1190 -0.3701
v -0.1918 0.1398 -0.3463
v -0.1660 0.1148 -0.3638
v -0.1117 0.1209 -0.3774
v -0.1971 0.1193 -0.3508
v -0.1186 0.1495 -0.3912
v -0.1220 0.1230 -0.4027
v -0.2057 0.1190 -0.3701
v -0.2063 0.1449 -0.3740
v -0.1186 0.1495 -0.3912
v -0.1584 0.1155 -0.3276
v -0.1569 0.1042 -0.3192
v -0.1543 0.1068 -0.3353
v -0.0208 0.1137 -0.3353
v -0.0157 0.0970 -0.3381
v -0.0427 0.1010 -0.3376
v 0.0610 0.0963 -0.3321
v 0.0912 0.1125 -0.3249
v 0.0983 0.1054 -0.3240
v -0.0980 0.1084 -0.3283
v -0.0984 0.1224 -0.3200
v -0.1222 0.1125 -0.3276
v -0.1190 0.1347 -0.3184
v 0.0941 0.1013 -0.3235
v -0.0859 0.1405 -0.3481
v -0.1396 0.1169 -0.3384
v -0.1656 0.1148 -0.3414
v -0.1222 0.1125 -0.3276
v -0.1543 0.1068 -0.3353
v -0.1345 0.1036 -0.3396
v -0.1396 0.1169 -0.3384
v -0.1222 0.1125 -0.3276
v -0.1396 0.1169 -0.3384
v -0.1354 0.1191 -0.3351
v -0.1543 0.1068 -0.3353
v -0.1354 0.1191 -0.3351
v -0.1356 0.1108 -0.3303
v -0.1222 0.1125 -0.3276
v -0.0859 0.1405 -0.3481
v -0.1396 0.1169 -0.3384
v -0.1396 0.1169 -0.3384
v -0.1345 0.1036 -0.3396
v -0.1356 0.1108 -0.3303
v -0.1072 0.1137 -0.3594
v -0.1096 0.1056 -0.3569
v -0.0980 0.1084 -0.3283
v -0.1078 0.0987 -0.3628
v -0.0679 0.0932 -0.3525
v -0.0406 0.0910 -0.3316
v -0.0701 0.1007 -0.3433
v -0.0977 0.0969 -0.3247
v -0.1018 0.1073 -0.3540
v -0.0597 0.1063 -0.3657
v -0.0348 0.1022 -0.3466
v -0.0332 0.0993 -0.3704
v 0.3955 0.1056 -0.0870
v 0.3558 0.1015 -0.1558
v 0.3828 0.0980 -0.1303
v 0.3215 0.0979 -0.2189
v 0.3457 0.0956 -0.2120
v 0.3020 0.0951 -0.2677
v 0.2426 0.1056 -0.2970
v 0.1854 0.1057 -0.3364
v 0.1046 0.0981 -0.3748
v 0.1923 0.0968 -0.3349
v 0.2426 0.1056 -0.2970
v 0.2488 0.0922 -0.3139
v 0.3020 0.0951 -0.2677
v 0.1082 0.1095 -0.3508
v 0.1873 0.1011 -0.2930
v 0.2178 0.0971 -0.2621
v 0.3070 0.0999 -0.2279
v 0.2684 0.0976 -0.2186
v 0.3022 0.1067 -0.1649
v 0.3531 0.1123 -0.1699
v 0.3619 0.1140 -0.1558
v 0.3700 0.1189 -0.1417
v 0.3311 0.1220 -0.0799
v 0.1945 0.0943 -0.3515
v 0.1420 0.0923 -0.3743
v 0.1223 0.0910 -0.3916
v 0.1363 0.0864 -0.3982
v 0.1005 0.0924 -0.3824
v 0.0867 0.0999 -0.3541
v 0.0659 0.1019 -0.3589
v 0.0490 0.1007 -0.3685
v 0.0562 0.0934 -0.3910
v 0.0066 0.0940 -0.3944
v -0.0332 0.0993 -0.3704
v -0.0454 0.0938 -0.3919
v -0.0994 0.0962 -0.3601
v -0.1105 0.0944 -0.3772
v 0.1227 0.0771 -0.4037
v -0.0166 0.1066 -0.3642
v -0.0277 0.1215 -0.3523
v 0.0417 0.1029 -0.3527
v 0.0439 0.1003 -0.3836
v -0.0506 0.0998 -0.3983
v -0.0381 0.1074 -0.3754
v -0.1186 0.1043 -0.3853
v 0.0525 0.0990 -0.3974
v 0.1086 0.0977 -0.3879
v 0.0869 0.1073 -0.3607
v 0.0613 0.1072 -0.3619
v -0.1139 0.1014 -0.3627
v 0.0490 0.1007 -0.3685
v -0.1072 0.1137 -0.3594
v -0.0598 0.1103 -0.3513
v -0.0370 0.1137 -0.3450
v -0.0980 0.1084 -0.3283
v -0.0427 0.1010 -0.3376
v -0.0188 0.1286 -0.3545
v -0.0747 0.0292 -0.3903
v -0.0810 0.0606 -0.4111
v -0.0644 0.0593 -0.3911
v -0.0779 0.0328 -0.4109
v -0.0231 0.0314 -0.4275
v -0.0851 0.0554 -0.4256
v -0.0220 0.0583 -0.4294
v -0.0786 0.0252 -0.3989
v -0.0092 0.0285 -0.4467
v -0.0050 0.0617 -0.4429
v -0.0929 0.0559 -0.3962
v -0.0824 0.0618 -0.3904
v -0.0873 0.0485 -0.3980
v -0.1113 0.0532 -0.3912
v -0.1112 0.0678 -0.4137
v -0.0929 0.0559 -0.3962
v -0.0851 0.0554 -0.4256
v -0.0873 0.0485 -0.3980
v -0.1113 0.0532 -0.3912
v -0.0220 0.0583 -0.4294
v -0.0170 0.0610 -0.4008
v -0.0050 0.0617 -0.4429
v -0.0824 0.0618 -0.3904
v 0.0150 0.0597 -0.4173
v -0.0851 0.0554 -0.4256
v 0.0162 0.0571 -0.4013
v -0.0851 0.0554 -0.4256
v -0.0873 0.0485 -0.3980
v -0.0824 0.0618 -0.3904
v 0.1432 0.0139 -0.3601
v 0.0990 0.0173 -0.4059
v 0.0877 0.0146 -0.3772
v 0.1599 0.0180 -0.3853
v 0.0467 0.0151 -0.3996
v 0.0197 0.0132 -0.3865
v 0.2051 0.0182 -0.3550
v 0.2007 0.0152 -0.3266
v -0.0171 0.0157 -0.3978
v -0.1029 0.0129 -0.3823
v 0.2105 0.0181 -0.3419
v 0.2280 0.0198 -0.3297
v 0.1435 0.0331 -0.3950
v 0.0504 0.0331 -0.4117
v 0.0990 0.0173 -0.4059
v 0.1599 0.0180 -0.3853
v 0.0467 0.0151 -0.3996
v -0.0017 0.0241 -0.4048
v -0.0021 0.0240 -0.4049
v -0.0021 0.0240 -0.4049
v -0.0019 0.0240 -0.4050
v -0.0012 0.0242 -0.4047
v -0.0024 0.0239 -0.4049
v -0.0014 0.0240 -0.4050
v -0.0022 0.0239 -0.4050
v -0.0014 0.0240 -0.4050
v 0.0008 0.0246 -0.4046
v -0.0012 0.0242 -0.4047
v -0.0004 0.0242 -0.4050
v 0.0010 0.0244 -0.4048
v -0.0008 0.0242 -0.4048
v -0.0008 0.0243 -0.4046
v -0.0022 0.0240 -0.4048
v -0.0004 0.0242 -0.4050
v -0.0024 0.0239 -0.4049
v -0.0019 0.0240 -0.4050
v -0.0022 0.0239 -0.4050
v -0.0021 0.0240 -0.4049
v -0.0014 0.0240 -0.4050
v -0.0017 0.0241 -0.4048
v -0.0017 0.0241 -0.4048
v -0.0012 0.0242 -0.4047
v -0.0004 0.0242 -0.4050
v -0.0014 0.0240 -0.4050
v 0.0008 0.0246 -0.4046
v -0.0008 0.0243 -0.4046
v -0.0022 0.0240 -0.4048
v -0.0004 0.0242 -0.4050
v 0.0010 0.0244 -0.4048
v -0.0406 0.0910 -0.3316
v -0.0381 0.1102 -0.3290
v -0.0276 0.0913 -0.3186
v -0.0344 0.1085 -0.3117
v -0.0406 0.0910 -0.3316
v -0.0276 0.0913 -0.3186
v -0.0393 0.0852 -0.3180
v -0.0141 0.1135 -0.3740
v -0.0188 0.1286 -0.3545
v -0.0157 0.0970 -0.3381
v -0.0370 0.1137 -0.3450
v -0.0427 0.1010 -0.3376
v -0.0157 0.0970 -0.3381
v -0.0188 0.1286 -0.3545
v -0.0598 0.1103 -0.3513
v 0.0506 0.0876 -0.3302
v 0.1000 0.1085 -0.3162
v 0.0478 0.1099 -0.3256
v 0.1030 0.0906 -0.3198
v -0.0381 0.1102 -0.3290
v -0.0406 0.0910 -0.3316
v -0.0166 0.1066 -0.3642
v -0.0348 0.1022 -0.3466
v -0.0277 0.1215 -0.3523
v -0.0406 0.0910 -0.3316
v 0.0506 0.0876 -0.3302
v 0.0417 0.1029 -0.3527
v 0.0659 0.1019 -0.3589
v -0.0406 0.0910 -0.3316
v -0.0166 0.1066 -0.3642
v 0.1030 0.0906 -0.3198
v 0.0867 0.0999 -0.3541
v 0.1082 0.1095 -0.3508
v 0.0613 0.1072 -0.3619
v 0.0428 0.1604 -0.3556
v 0.0613 0.1072 -0.3619
v 0.0417 0.1029 -0.3527
v 0.0770 0.1039 -0.3430
v 0.0417 0.1029 -0.3527
v 0.0610 0.0963 -0.3321
v 0.0935 0.1066 -0.3423
v 0.0941 0.1013 -0.3235
v -0.0157 0.0970 -0.3381
v -0.0141 0.1135 -0.3740
v 0.0490 0.1007 -0.3685
v 0.0417 0.1140 -0.3750
v 0.0983 0.1090 -0.3301
v 0.0983 0.1054 -0.3240
v -0.0297 0.0329 -0.4014
v -0.0341 0.0350 -0.4209
v -0.0747 0.0292 -0.3903
v -0.0779 0.0328 -0.4109
v -0.0322 0.0574 -0.4204
v -0.0297 0.0329 -0.4014
v -0.0242 0.0563 -0.3955
v -0.0341 0.0350 -0.4209
v -0.0644 0.0593 -0.3911
v -0.0322 0.0574 -0.4204
v -0.0242 0.0563 -0.3955
v -0.0810 0.0606 -0.4111
v -0.0341 0.0350 -0.4209
v -0.0810 0.0606 -0.4111
v -0.0779 0.0328 -0.4109
v -0.0322 0.0574 -0.4204
v -0.0231 0.0314 -0.4275
v -0.0092 0.0285 -0.4467
v -0.0174 0.0278 -0.4029
v 0.0146 0.0279 -0.4045
v -0.0786 0.0252 -0.3989
v 0.0156 0.0344 -0.4331
v 0.0150 0.0597 -0.4173
v 0.0146 0.0279 -0.4045
v 0.0156 0.0344 -0.4331
v 0.0162 0.0571 -0.4013
v -0.0050 0.0617 -0.4429
v -0.0092 0.0285 -0.4467
v -0.0332 0.0993 -0.3704
v -0.0597 0.1063 -0.3657
v -0.0994 0.0962 -0.3601
v -0.1018 0.1073 -0.3540
v -0.0977 0.0969 -0.3247
v -0.0994 0.0962 -0.3601
v -0.1018 0.1073 -0.3540
v -0.0679 0.0932 -0.3525
v -0.0701 0.1007 -0.3433
v -0.0597 0.1063 -0.3657
v -0.0277 0.1215 -0.3523
v -0.0348 0.1022 -0.3466
v -0.0332 0.0993 -0.3704
v -0.0141 0.1135 -0.3740
v 0.0439 0.1003 -0.3836
v -0.0381 0.1074 -0.3754
v 0.0417 0.1140 -0.3750
v -0.0188 0.1286 -0.3545
v 0.0439 0.1003 -0.3836
v 0.0417 0.1140 -0.3750
v 0.0490 0.1007 -0.3685
v -0.0569 0.1788 -0.3263
v -0.0678 0.1773 -0.3255
v -0.0599 0.1736 -0.3266
v -0.0242 0.2033 -0.3227
v -0.0526 0.1596 -0.3349
v -0.1354 0.1191 -0.3351
v -0.0853 0.1600 -0.3152
v -0.1068 0.1632 -0.3095
v -0.0678 0.1773 -0.3255
v -0.0242 0.2033 -0.3227
v -0.0352 0.2172 -0.3331
v -0.0270 0.1990 -0.3283
v -0.0526 0.1596 -0.3349
v -0.0363 0.1932 -0.3410
v -0.0242 0.2033 -0.3227
v -0.0859 0.1405 -0.3481
v -0.1354 0.1191 -0.3351
v -0.0176 0.1954 -0.3462
v -0.0004 0.2257 -0.3248
v -0.0066 0.2006 -0.3377
v 0.0296 0.2694 -0.3235
v 0.0438 0.2692 -0.3342
v -0.0082 0.1883 -0.3428
v 0.0653 0.3560 -0.3289
v -0.0202 0.1830 -0.3460
v -0.0363 0.1932 -0.3410
v -0.0176 0.1954 -0.3462
v -0.0220 0.1729 -0.3534
v -0.0352 0.2172 -0.3331
v -0.0859 0.1405 -0.3481
v -0.0004 0.2257 -0.3248
v -0.0237 0.2346 -0.3175
v -0.0082 0.1883 -0.3428
v 0.0010 0.2287 -0.3166
v 0.0207 0.2462 -0.3199
v 0.0403 0.2723 -0.3154
v 0.0179 0.2226 -0.3229
v 0.0232 0.2466 -0.3191
v -0.0167 0.1738 -0.3413
v -0.0198 0.1919 -0.3169
v -0.0270 0.1990 -0.3283
v -0.0125 0.1744 -0.3291
v -0.0242 0.2033 -0.3227
v -0.0279 0.2174 -0.3201
v -0.0363 0.1932 -0.3410
v -0.0220 0.1729 -0.3534
v -0.0352 0.2172 -0.3331
v -0.0371 0.2131 -0.3170
v -0.0237 0.2346 -0.3175
v -0.0352 0.2172 -0.3331
v -0.0242 0.2033 -0.3227
v -0.0371 0.2131 -0.3170
v -0.0198 0.1919 -0.3169
v -0.0266 0.2216 -0.3202
v -0.0279 0.2174 -0.3201
v -0.0371 0.2131 -0.3170
v -0.0242 0.2033 -0.3227
v 0.0992 0.1160 -0.3537
v 0.1032 0.1114 -0.3533
v 0.1082 0.1095 -0.3508
v 0.1113 0.1137 -0.3436
v 0.1873 0.1011 -0.2930
v 0.0953 0.1120 -0.2863
v 0.0478 0.1099 -0.3256
v 0.1000 0.1085 -0.3162
v 0.1142 0.1118 -0.2959
v 0.0493 0.1046 -0.2940
v -0.0381 0.1102 -0.3290
v 0.1585 0.1085 -0.2649
v 0.0031 0.1112 -0.3043
v -0.0344 0.1085 -0.3117
v 0.0438 0.2692 -0.3342
v 0.0179 0.2226 -0.3229
v -0.0082 0.1883 -0.3428
v -0.0167 0.1738 -0.3413
v -0.0125 0.1744 -0.3291
v -0.0220 0.1729 -0.3534
v 0.0558 0.2768 -0.3229
v 0.0693 0.3198 -0.3247
v 0.0456 0.2693 -0.3156
v 0.0653 0.3560 -0.3289
v 0.0207 0.2462 -0.3199
v -0.0004 0.2257 -0.3248
v 0.0179 0.2226 -0.3229
v 0.0296 0.2694 -0.3235
v 0.0232 0.2466 -0.3191
v 0.0456 0.2693 -0.3156
v -0.0097 0.2178 -0.3206
v -0.0147 0.1988 -0.3300
v -0.0125 0.1744 -0.3291
v -0.0189 0.2130 -0.3224
v 0.0232 0.2466 -0.3191
v 0.0010 0.2287 -0.3166
v 0.0179 0.2226 -0.3229
v 0.0403 0.2723 -0.3154
v 0.0456 0.2693 -0.3156
v -0.0147 0.1988 -0.3300
v -0.0198 0.1919 -0.3169
v -0.0125 0.1744 -0.3291
v -0.0189 0.2130 -0.3224
v -0.0202 0.1830 -0.3460
v -0.0267 0.1930 -0.3405
v -0.0152 0.1806 -0.3298
v -0.0146 0.1842 -0.3284
v -0.0267 0.1930 -0.3405
v -0.0176 0.1954 -0.3462
v -0.0066 0.2006 -0.3377
v -0.0146 0.1842 -0.3284
v -0.0066 0.2006 -0.3377
v -0.0202 0.1830 -0.3460
v -0.0146 0.1842 -0.3284
v -0.0152 0.1806 -0.3298
v -0.0082 0.1883 -0.3428
v -0.0176 0.1954 -0.3462
v -0.0202 0.1830 -0.3460
v -0.0267 0.1930 -0.3405
v -0.3478 0.2500 0.1577
v -0.3797 0.2405 0.1703
v -0.3597 0.2337 0.1946
v -0.4046 0.2340 0.1901
v -0.3773 0.2217 0.2202
v -0.3317 0.2327 0.2096
v -0.3297 0.2157 0.2374
v -0.3131 0.2379 0.1573
v -0.2966 0.2137 0.1990
v -0.4066 0.2553 0.1640
v -0.4146 0.2232 0.1657
v -0.4553 0.2026 0.1710
v -0.4192 0.2141 0.1577
v -0.3948 0.2465 0.1653
v -0.3803 0.2308 0.1680
v -0.4217 0.2387 0.1555
v -0.4268 0.2323 0.1542
v -0.4281 0.2539 0.1465
v -0.3572 0.2467 0.1527
v -0.3527 0.2416 0.1517
v -0.4233 0.2656 0.1312
v -0.4450 0.2398 0.1228
v -0.4663 0.2252 0.1481
v -0.4854 0.1984 0.1292
v -0.4229 0.2684 0.1572
v -0.3956 0.2821 0.1336
v -0.4411 0.2958 0.1285
v -0.4724 0.2716 0.1228
v -0.4609 0.2729 0.1382
v -0.4867 0.2285 0.1138
v -0.3799 0.3009 0.1348
v -0.3799 0.3009 0.1348
v -0.4233 0.2656 0.1312
v -0.3956 0.2821 0.1336
v -0.4609 0.2729 0.1382
v -0.3360 0.2742 0.1183
v -0.4450 0.2398 0.1228
v -0.4867 0.2285 0.1138
v -0.3556 0.2722 0.1086
v -0.3610 0.2546 0.0980
v -0.3528 0.2395 0.0807
v -0.3239 0.2314 0.0657
v -0.4867 0.2285 0.1138
v -0.4854 0.1984 0.1292
v -0.4450 0.2398 0.1228
v -0.4045 0.2489 0.1534
v -0.3948 0.2465 0.1653
v -0.4217 0.2387 0.1555
v -0.4184 0.2526 0.1300
v -0.3572 0.2467 0.1527
v -0.4281 0.2539 0.1465
v -0.3572 0.2467 0.1527
v -0.4045 0.2489 0.1534
v -0.3527 0.2416 0.1517
v -0.3864 0.2606 0.1280
v -0.3674 0.2567 0.1318
v -0.3961 0.2576 0.1461
v -0.3769 0.2585 0.1207
v -0.3526 0.2593 0.1257
v -0.3527 0.2416 0.1517
v -0.4045 0.2489 0.1534
v -0.3824 0.3000 0.1124
v -0.4377 0.2837 0.1133
v -0.4411 0.2958 0.1285
v -0.4724 0.2716 0.1228
v -0.4696 0.2598 0.0930
v -0.4876 0.2401 0.0705
v -0.3799 0.3009 0.1348
v -0.3547 0.3039 0.1133
v -0.3296 0.2228 0.0932
v -0.3610 0.2546 0.0980
v -0.3338 0.2366 0.1119
v -0.3528 0.2395 0.0807
v -0.3769 0.2585 0.1207
v -0.3239 0.2314 0.0657
v -0.3864 0.2606 0.1280
v -0.3293 0.2287 0.1175
v -0.3961 0.2576 0.1461
v -0.3317 0.2265 0.1044
v -0.3519 0.2463 0.1042
v -0.3388 0.2325 0.1052
v -0.3454 0.2500 0.1116
v -0.3338 0.2366 0.1119
v -0.3442 0.2329 0.1016
v -0.3317 0.2265 0.1044
v -0.3333 0.2291 0.1011
v -0.3769 0.2585 0.1207
v -0.3526 0.2593 0.1257
v -0.3296 0.2228 0.0932
v -0.3610 0.2546 0.0980
v -0.3193 0.2370 0.0955
v -0.3519 0.2463 0.1042
v -0.3769 0.2585 0.1207
v -0.3333 0.2291 0.1011
v -0.3519 0.2463 0.1042
v -0.3333 0.2291 0.1011
v -0.3442 0.2329 0.1016
v -0.3296 0.2228 0.0932
v -0.3333 0.2291 0.1011
v -0.3252 0.2309 0.0819
v -0.3239 0.2314 0.0657
v -0.3193 0.2370 0.0955
v -0.3892 0.3228 0.1026
v -0.3824 0.3000 0.1124
v -0.3547 0.3039 0.1133
v -0.4377 0.2837 0.1133
v -0.4590 0.3111 0.0969
v -0.3936 0.3556 0.0939
v -0.3577 0.3397 0.0995
v -0.3223 0.3095 0.1094
v -0.3182 0.3143 0.0990
v -0.3332 0.2950 0.1099
v -0.4278 0.3598 0.0756
v -0.3427 0.2899 0.1180
v -0.4696 0.2598 0.0930
v -0.3360 0.2742 0.1183
v -0.3799 0.3009 0.1348
v -0.4876 0.2401 0.0705
v -0.3206 0.3345 0.1118
v -0.2854 0.3078 0.0689
v -0.3305 0.3491 0.0906
v -0.2711 0.2956 0.0722
v -0.3833 0.3907 0.0994
v -0.3206 0.3345 0.1118
v -0.3735 0.3671 0.1123
v -0.3215 0.3174 0.1177
v -0.3833 0.3907 0.0994
v -0.4278 0.3598 0.0756
v -0.3577 0.3397 0.0995
v -0.3735 0.3671 0.1123
v -0.3936 0.3556 0.0939
v -0.4278 0.3598 0.0756
v -0.3215 0.3174 0.1177
v -0.3182 0.3143 0.0990
v -0.3556 0.2722 0.1086
v -0.3956 0.2821 0.1336
v -0.3664 0.2620 0.1177
v -0.3610 0.2546 0.0980
v -0.3254 0.2617 0.0600
v -0.3256 0.2626 0.0780
v -0.3239 0.2314 0.0657
v -0.3258 0.2717 0.0903
v -0.3177 0.2044 0.0184
v -0.3360 0.2742 0.1183
v -0.3434 0.2930 0.0966
v -0.3427 0.2899 0.1180
v -0.3315 0.2811 0.0887
v -0.3357 0.2302 0.0095
v -0.3205 0.2093 -0.0172
v -0.3494 0.2937 0.1021
v -0.3427 0.2899 0.1180
v -0.3434 0.2930 0.0966
v -0.3363 0.2649 0.0454
v -0.3358 0.2644 0.0357
v -0.3232 0.2792 0.0463
v -0.3254 0.2617 0.0600
v -0.2995 0.2816 0.0984
v -0.3332 0.2950 0.1099
v -0.3434 0.2930 0.0966
v -0.3494 0.2937 0.1021
v -0.3258 0.2717 0.0903
v -0.3494 0.2937 0.1021
v -0.3332 0.2950 0.1099
v -0.3427 0.2899 0.1180
v -0.2527 0.3017 0.0085
v -0.2738 0.2529 0.0390
v -0.2431 0.3033 -0.0046
v -0.2421 0.3449 0.0812
v -0.2436 0.3318 0.0255
v -0.2419 0.3368 0.0319
v -0.2649 0.2680 0.0456
v -0.2392 0.3524 0.0475
v -0.2352 0.3668 0.0589
v -0.2511 0.3132 0.0178
v -0.2402 0.3728 0.0874
v -0.2383 0.3582 0.0486
v -0.2522 0.3019 0.0044
v -0.2405 0.3353 0.0239
v -0.2378 0.3624 0.0498
v -0.2995 0.2816 0.0984
v -0.2711 0.2956 0.0722
v -0.2472 0.3036 0.0008
v -0.2431 0.3088 -0.0010
v -0.2443 0.3077 0.0102
v -0.2581 0.3776 0.1036
v -0.3206 0.3345 0.1118
v -0.3215 0.3174 0.1177
v -0.2515 0.3966 0.0892
v -0.2569 0.4199 0.0931
v -0.2518 0.4056 0.0834
v -0.2550 0.4292 0.0991
v -0.2460 0.4329 0.0913
v -0.3332 0.2950 0.1099
v -0.3182 0.3143 0.0990
v -0.3223 0.3095 0.1094
v -0.3215 0.3174 0.1177
v -0.3332 0.2950 0.1099
v -0.2212 0.3714 0.1099
v -0.2225 0.3872 0.1342
v -0.2223 0.3996 0.1155
v -0.1798 0.3857 0.1100
v -0.2212 0.3714 0.1099
v -0.1799 0.3688 0.1150
v -0.1698 0.3818 0.1107
v -0.2134 0.3887 0.1024
v -0.1695 0.3601 0.1161
v -0.2210 0.3673 0.0970
v -0.2145 0.3427 0.1003
v -0.2212 0.3714 0.1099
v -0.2205 0.3834 0.0960
v -0.2134 0.3887 0.1024
v -0.1968 0.3920 0.0896
v -0.2072 0.3640 0.0929
v -0.2057 0.3997 0.1001
v -0.1808 0.4160 0.0860
v -0.2134 0.3887 0.1024
v -0.2223 0.3996 0.1155
v -0.2210 0.3673 0.0970
v -0.2145 0.3427 0.1003
v -0.1960 0.3574 0.0908
v -0.2026 0.4259 0.0895
v -0.1884 0.3701 0.0965
v -0.2004 0.3782 0.1184
v -0.1837 0.3847 0.1181
v -0.1833 0.3724 0.1188
v -0.1620 0.3905 0.1256
v -0.2212 0.3714 0.1099
v -0.2223 0.3996 0.1155
v -0.1799 0.3688 0.1150
v -0.1695 0.3601 0.1161
v -0.2004 0.3782 0.1184
v -0.1798 0.3857 0.1100
v -0.1837 0.3847 0.1181
v -0.2134 0.3887 0.1024
v -0.1698 0.3818 0.1107
v -0.1620 0.3905 0.1256
v -0.2223 0.3996 0.1155
v -0.2220 0.3720 0.0874
v -0.2134 0.3887 0.1024
v -0.2210 0.3673 0.0970
v -0.2134 0.3887 0.1024
v -0.2220 0.3720 0.0874
v -0.2205 0.3834 0.0960
v -0.2995 0.2816 0.0984
v -0.3258 0.2717 0.0903
v -0.3315 0.2811 0.0887
v -0.2527 0.4316 0.1014
v -0.2550 0.4292 0.0991
v -0.2515 0.3966 0.0892
v -0.2205 0.3834 0.0960
v -0.2402 0.3728 0.0874
v -0.2210 0.3673 0.0970
v -0.2374 0.4736 0.1029
v -0.2928 0.4372 0.1033
v -0.2909 0.4187 0.0925
v -0.2741 0.4137 0.1018
v -0.2581 0.3776 0.1036
v -0.3027 0.4159 0.1052
v -0.3293 0.4529 0.0834
v -0.2948 0.4233 0.0913
v -0.2960 0.4285 0.0971
v -0.2561 0.3613 0.0913
v -0.2421 0.3449 0.0812
v -0.2711 0.2956 0.0722
v -0.3303 0.3902 0.1036
v -0.3305 0.3491 0.0906
v -0.3833 0.3907 0.0994
v -0.2711 0.2956 0.0722
v -0.3305 0.3491 0.0906
v -0.2854 0.3078 0.0689
v -0.1995 0.5147 0.0635
v -0.1957 0.4574 0.0744
v -0.1908 0.4981 0.0722
v -0.2026 0.4259 0.0895
v -0.2094 0.4202 0.0776
v -0.1968 0.3920 0.0896
v -0.2217 0.3859 0.0842
v -0.2184 0.3665 0.0836
v -0.2072 0.3640 0.0929
v -0.2047 0.3455 0.0740
v -0.2047 0.3455 0.0740
v -0.2019 0.3656 0.0895
v -0.2072 0.3640 0.0929
v -0.1884 0.3701 0.0965
v -0.1633 0.4227 0.0887
v -0.1808 0.4160 0.0860
v -0.1716 0.3944 0.0897
v -0.1898 0.4114 0.0864
v -0.1968 0.3920 0.0896
v -0.1884 0.3701 0.0965
v -0.1591 0.4264 0.0885
v -0.2026 0.4259 0.0895
v -0.1697 0.4415 0.0735
v -0.1960 0.3574 0.0908
v -0.2019 0.3656 0.0895
v -0.1859 0.3504 0.0908
v -0.1292 0.4136 0.0858
v -0.1371 0.4891 0.0460
v -0.1694 0.4671 0.0659
v -0.1502 0.4065 0.0971
v -0.1602 0.4175 0.0917
v -0.1617 0.4166 0.0918
v -0.1647 0.3786 0.1022
v -0.1024 0.3449 0.1303
v -0.1354 0.3396 0.1273
v -0.2047 0.3455 0.0740
v -0.1617 0.4166 0.0918
v -0.1588 0.4225 0.0908
v -0.1633 0.4227 0.0887
v -0.1629 0.4340 0.0878
v -0.1716 0.3944 0.0897
v -0.1607 0.4128 0.0932
v -0.1502 0.4065 0.0971
v -0.1633 0.3976 0.1042
v -0.1648 0.4111 0.0953
v -0.1602 0.4175 0.0917
v -0.1588 0.4225 0.0908
v -0.1502 0.4065 0.0971
v -0.2094 0.4202 0.0776
v -0.2256 0.4981 0.0786
v -0.2205 0.3834 0.0960
v -0.2374 0.4736 0.1029
v -0.2541 0.5151 0.0799
v -0.2443 0.5411 0.0433
v -0.2509 0.5526 0.0427
v -0.2487 0.5583 0.0202
v -0.2217 0.3859 0.0842
v -0.2220 0.3720 0.0874
v -0.2184 0.3665 0.0836
v -0.2210 0.3673 0.0970
v -0.2047 0.3455 0.0740
v -0.1995 0.5147 0.0635
v -0.2256 0.4981 0.0786
v -0.1957 0.4574 0.0744
v -0.2038 0.5409 0.0593
v -0.2094 0.4202 0.0776
v -0.2019 0.3656 0.0895
v -0.1887 0.3573 0.1010
v -0.1884 0.3701 0.0965
v -0.1648 0.4111 0.0953
v -0.1808 0.4160 0.0860
v -0.1629 0.4340 0.0878
v -0.1698 0.3818 0.1107
v -0.1968 0.3920 0.0896
v -0.1633 0.3976 0.1042
v -0.1697 0.4415 0.0735
v -0.1887 0.3573 0.1010
v -0.2019 0.3656 0.0895
v -0.1542 0.4616 0.0810
v -0.1551 0.4383 0.0901
v -0.1694 0.4671 0.0659
v -0.1476 0.4773 0.0731
v -0.1614 0.4878 0.0579
v -0.1454 0.5027 0.0654
v -0.1742 0.3406 0.1050
v -0.1620 0.3905 0.1256
v -0.1695 0.3601 0.1161
v -0.1755 0.3259 0.1057
v -0.1591 0.4264 0.0885
v -0.1633 0.4227 0.0887
v -0.1629 0.4340 0.0878
v -0.1551 0.4383 0.0901
v -0.1588 0.4225 0.0908
v -0.1617 0.4166 0.0918
v -0.1633 0.3976 0.1042
v -0.1607 0.4128 0.0932
v -0.2738 0.2529 0.0390
v -0.3256 0.2626 0.0780
v -0.3043 0.2592 0.0451
v -0.3254 0.2617 0.0600
v -0.3010 0.2543 0.0144
v -0.3062 0.2467 -0.0060
v -0.2995 0.2816 0.0984
v -0.3315 0.2811 0.0887
v -0.3078 0.2617 0.0563
v -0.3095 0.2662 0.0331
v -0.3043 0.2592 0.0451
v -0.3232 0.2792 0.0463
v -0.3010 0.2543 0.0144
v -0.3254 0.2617 0.0600
v -0.3043 0.2592 0.0451
v -0.3254 0.2617 0.0600
v -0.3078 0.2617 0.0563
v -0.2108 0.2346 0.0309
v -0.1481 0.2500 0.0844
v -0.1862 0.2522 0.0676
v -0.2068 0.2633 0.0758
v -0.1985 0.2727 0.0875
v -0.2305 0.2569 0.0360
v -0.2597 0.2329 -0.0004
v -0.2271 0.2313 0.0088
v -0.2593 0.2180 -0.0166
v -0.0929 0.2207 0.1266
v -0.2821 0.2511 -0.0981
v -0.2520 0.2150 -0.0487
v -0.2902 0.2449 -0.1635
v -0.2057 0.2807 0.0291
v -0.2484 0.2996 0.0247
v -0.2344 0.2955 0.0019
v -0.2355 0.2940 -0.0186
v -0.2068 0.2633 0.0758
v -0.1909 0.2619 0.0516
v -0.1862 0.2522 0.0676
v -0.2431 0.3033 -0.0046
v -0.1965 0.2690 0.0334
v -0.2507 0.2984 -0.0197
v -0.2460 0.2998 -0.0349
v -0.2443 0.3077 0.0102
v -0.2068 0.2633 0.0758
v -0.2366 0.3123 0.0605
v -0.2484 0.2996 0.0247
v -0.2116 0.2933 0.0758
v -0.2225 0.3039 0.0815
v -0.2145 0.3427 0.1003
v -0.2443 0.3077 0.0102
v -0.2511 0.3132 0.0178
v -0.2472 0.3036 0.0008
v -0.2572 0.2624 -0.0576
v -0.2821 0.2511 -0.0981
v -0.2597 0.2329 -0.0004
v -0.2638 0.2835 -0.1108
v -0.2760 0.3051 -0.1725
v -0.2902 0.2783 -0.1749
v -0.2854 0.3014 -0.1888
v -0.2550 0.2588 -0.0263
v -0.2305 0.2569 0.0360
v -0.2466 0.2778 -0.0331
v -0.2902 0.2449 -0.1635
v -0.1965 0.2690 0.0334
v -0.1909 0.2619 0.0516
v -0.1862 0.2522 0.0676
v -0.2632 0.2766 -0.0389
v -0.2544 0.2791 -0.0403
v -0.2721 0.2787 -0.0678
v -0.2660 0.3076 -0.1958
v -0.2511 0.3132 0.0178
v -0.2334 0.3296 0.0319
v -0.2436 0.3318 0.0255
v -0.2405 0.3353 0.0239
v -0.2047 0.3455 0.0740
v -0.2366 0.3123 0.0605
v -0.2145 0.3427 0.1003
v -0.1960 0.3574 0.0908
v -0.2047 0.3455 0.0740
v -0.2392 0.3524 0.0475
v -0.2334 0.3296 0.0319
v -0.2419 0.3368 0.0319
v -0.2402 0.3728 0.0874
v -0.2210 0.3673 0.0970
v -0.2405 0.3353 0.0239
v -0.2352 0.3668 0.0589
v -0.2373 0.3528 0.0481
v -0.2402 0.3728 0.0874
v -0.2378 0.3624 0.0498
v -0.2373 0.3528 0.0481
v -0.2383 0.3582 0.0486
v -0.2392 0.3524 0.0475
v -0.2378 0.3624 0.0498
v -0.2402 0.3728 0.0874
v -0.2373 0.3528 0.0481
v -0.2392 0.3524 0.0475
v -0.1659 0.3799 0.1374
v -0.1695 0.3601 0.1161
v -0.1620 0.3905 0.1256
v 0.0519 0.4049 0.1020
v 0.0310 0.3294 0.1039
v 0.0705 0.3858 0.0643
v 0.0519 0.3341 0.0717
v 0.0291 0.2810 0.0984
v 0.0073 0.2764 0.1322
v 0.0060 0.2231 0.1344
v 0.0817 0.4317 0.0427
v 0.0693 0.4337 0.0956
v 0.0599 0.4277 0.1077
v 0.0849 0.4478 0.0554
v 0.0487 0.4025 0.1129
v 0.0876 0.4622 0.0296
v 0.0431 0.3946 0.1144
v 0.0310 0.3671 0.1093
v 0.0774 0.4541 0.0622
v 0.0816 0.4568 0.0757
v -0.0618 0.4278 0.0796
v -0.0988 0.4639 0.0765
v -0.1136 0.4542 0.0953
v -0.0309 0.3665 0.1014
v -0.0951 0.5221 0.0360
v -0.1037 0.5140 0.0475
v -0.1012 0.5324 0.0299
v -0.0665 0.4675 0.0630
v -0.0563 0.3807 0.1170
v -0.0035 0.3078 0.1151
v 0.0043 0.3249 0.1047
v -0.0594 0.3436 0.1320
v -0.1242 0.4372 0.1022
v -0.1024 0.3449 0.1303
v -0.1085 0.5167 0.0554
v -0.1292 0.5208 0.0485
v 0.0310 0.3671 0.1093
v -0.0014 0.3027 0.1257
v 0.0066 0.3059 0.1175
v 0.0310 0.3294 0.1039
v 0.0519 0.4049 0.1020
v 0.0027 0.2825 0.1228
v 0.0073 0.2764 0.1322
v 0.0310 0.3294 0.1039
v 0.0027 0.2825 0.1228
v 0.0073 0.2764 0.1322
v 0.0073 0.2764 0.1322
v 0.0044 0.2957 0.1158
v 0.0066 0.3059 0.1175
v 0.0027 0.2825 0.1228
v 0.0647 0.4427 0.0907
v 0.0286 0.3856 0.1154
v 0.1004 0.4629 0.1133
v 0.0910 0.4664 0.0739
v 0.1085 0.4981 0.0354
v 0.0829 0.4696 0.0373
v 0.1033 0.5075 0.0099
v 0.0809 0.4232 0.1205
v 0.0416 0.3676 0.1291
v 0.0252 0.3759 0.1129
v -0.0014 0.3027 0.1257
v 0.0043 0.3249 0.1047
v -0.0035 0.3078 0.1151
v 0.0218 0.3510 0.0916
v 0.1054 0.5379 0.0177
v 0.0910 0.4664 0.0739
v 0.0943 0.5241 0.0525
v 0.0833 0.5079 0.0846
v 0.1033 0.5075 0.0099
v 0.1058 0.5219 0.0022
v 0.0027 0.2825 0.1228
v 0.0066 0.3059 0.1175
v 0.0068 0.2780 0.1115
v 0.0068 0.2780 0.1115
v 0.0044 0.2957 0.1158
v 0.0027 0.2825 0.1228
v 0.0068 0.2780 0.1115
v 0.0066 0.3059 0.1175
v 0.0044 0.2957 0.1158
v -0.1887 0.3573 0.1010
v -0.1742 0.3406 0.1050
v -0.1859 0.3504 0.0908
v -0.1884 0.3701 0.0965
v -0.0052 0.3861 0.0854
v -0.0471 0.4583 0.0858
v -0.0159 0.3679 0.1093
v -0.0010 0.3629 0.0878
v 0.0017 0.3154 0.0869
v -0.0303 0.4538 0.0832
v -0.0547 0.4835 0.0705
v 0.0192 0.3127 0.0884
v 0.0007 0.3196 0.0976
v 0.0043 0.3249 0.1047
v 0.0224 0.3178 0.0970
v 0.0017 0.3154 0.0869
v -0.0159 0.3679 0.1093
v 0.0007 0.3196 0.0976
v 0.0017 0.3154 0.0869
v -0.0159 0.3679 0.1093
v -0.0571 0.4864 0.0746
v -0.0632 0.4891 0.0713
v -0.0607 0.4823 0.0688
v -0.0547 0.4835 0.0705
v -0.0618 0.4278 0.0796
v -0.0159 0.3679 0.1093
v -0.0471 0.4583 0.0858
v -0.0309 0.3665 0.1014
v 0.0043 0.3249 0.1047
v -0.0665 0.4675 0.0630
v 0.0218 0.3510 0.0916
v 0.0224 0.3178 0.0970
v 0.0043 0.3249 0.1047
v 0.0298 0.3783 0.1057
v 0.0153 0.4307 0.1314
v 0.0187 0.3938 0.1127
v -0.0068 0.4395 0.1090
v -0.0052 0.3861 0.0854
v -0.0303 0.4538 0.0832
v -0.0010 0.3629 0.0878
v 0.0218 0.3510 0.0916
v 0.0192 0.3127 0.0884
v 0.0017 0.3154 0.0869
v 0.0224 0.3178 0.0970
v 0.0187 0.3938 0.1127
v 0.0218 0.3510 0.0916
v 0.0252 0.3759 0.1129
v -0.0233 0.3908 0.0759
v -0.0219 0.4005 0.0811
v -0.0135 0.4100 0.0800
v -0.0233 0.3908 0.0759
v -0.0211 0.3881 0.0793
v -0.0227 0.3913 0.0776
v -0.0219 0.4005 0.0811
v -0.0233 0.3908 0.0759
v -0.0037 0.3834 0.0770
v -0.0211 0.3881 0.0793
v -0.0152 0.3935 0.0804
v -0.0082 0.3953 0.0816
v -0.0107 0.3892 0.0797
v -0.0211 0.3881 0.0793
v -0.0081 0.3901 0.0805
v -0.0135 0.4100 0.0800
v -0.0233 0.3908 0.0759
v -0.0081 0.3908 0.0793
v -0.0037 0.3834 0.0770
v -0.0233 0.3908 0.0759
v -0.0152 0.3935 0.0804
v -0.0081 0.3901 0.0805
v -0.0082 0.3953 0.0816
v -0.0049 0.4033 0.0763
v -0.0107 0.3892 0.0797
v -0.0081 0.3901 0.0805
v -0.0081 0.3908 0.0793
v 0.0009 0.3887 0.0770
v -0.0211 0.3881 0.0793
v -0.0081 0.3908 0.0793
v -0.0227 0.3913 0.0776
v -0.0107 0.3892 0.0797
v -0.0143 0.4332 0.0788
v -0.0135 0.4100 0.0800
v -0.0014 0.4289 0.0739
v -0.0049 0.4033 0.0763
v -0.0219 0.4005 0.0811
v -0.0081 0.3901 0.0805
v 0.0009 0.3887 0.0770
v -0.0152 0.3935 0.0804
v -0.0211 0.3881 0.0793
v -0.0037 0.3834 0.0770
v 0.0154 0.4569 0.0782
v 0.0119 0.4254 0.0774
v 0.0291 0.4226 0.0789
v -0.0100 0.4229 0.0704
v -0.0047 0.4644 0.0751
v 0.0229 0.4673 0.0845
v 0.0112 0.4927 0.0756
v 0.0354 0.4729 0.0875
v 0.0428 0.4864 0.0702
v 0.0548 0.5140 0.0533
v -0.0217 0.4545 0.0772
v -0.0283 0.4830 0.0718
v -0.0153 0.4898 0.0710
v -0.0082 0.3953 0.0816
v 0.0009 0.3887 0.0770
v -0.0049 0.4033 0.0763
v -0.0081 0.3908 0.0793
v -0.0081 0.3908 0.0793
v -0.0152 0.3935 0.0804
v -0.0227 0.3913 0.0776
v -0.0219 0.4005 0.0811
v -0.0333 0.4794 0.0594
v -0.0348 0.4966 0.0597
v -0.0311 0.4817 0.0603
v -0.0260 0.4727 0.0650
v -0.0413 0.4921 0.0520
v -0.0336 0.4736 0.0511
v -0.0152 0.4560 0.0948
v -0.0143 0.4332 0.0788
v -0.0217 0.4545 0.0772
v -0.0283 0.4830 0.0718
v -0.0133 0.4308 0.0993
v -0.0135 0.4100 0.0800
v -0.0082 0.3953 0.0816
v 0.0072 0.3792 0.0944
v -0.0081 0.3908 0.0793
v -0.0037 0.3834 0.0770
v -0.0474 0.5159 0.0820
v -0.0505 0.5311 0.0546
v -0.0579 0.5464 0.0560
v 0.0072 0.3792 0.0944
v 0.0009 0.3887 0.0770
v -0.0037 0.3834 0.0770
v 0.0119 0.4254 0.0774
v 0.0128 0.3675 0.0891
v 0.0252 0.3614 0.0905
v 0.0231 0.3601 0.0784
v 0.0082 0.3656 0.0776
v 0.0252 0.3614 0.0905
v 0.0293 0.3682 0.0810
v 0.0231 0.3601 0.0784
v 0.0119 0.4254 0.0774
v 0.0128 0.3675 0.0891
v 0.0199 0.3937 0.0695
v 0.0203 0.3769 0.0725
v 0.0072 0.3792 0.0944
v 0.0107 0.4183 0.0684
v 0.0082 0.3656 0.0776
v 0.0203 0.3769 0.0725
v 0.0128 0.3675 0.0891
v 0.0333 0.3983 0.0718
v 0.0528 0.4031 0.0765
v 0.0378 0.4055 0.0619
v 0.0654 0.4107 0.0505
v 0.0293 0.3682 0.0810
v 0.0333 0.3983 0.0718
v 0.0203 0.3769 0.0725
v 0.0231 0.3601 0.0784
v 0.0199 0.3937 0.0695
v 0.0082 0.3656 0.0776
v 0.0291 0.4226 0.0789
v 0.0476 0.3765 0.0706
v 0.0528 0.4031 0.0765
v -0.3508 0.2363 -0.0496
v -0.3899 0.2312 -0.0335
v -0.3494 0.2427 -0.0754
v -0.3177 0.2180 -0.0212
v -0.4044 0.2523 -0.0647
v -0.4155 0.2294 -0.0342
v -0.4396 0.2371 -0.0245
v -0.3205 0.2093 -0.0172
v -0.3137 0.2496 -0.0063
v -0.3180 0.2500 -0.0074
v -0.3126 0.2476 -0.0600
v -0.3365 0.2498 -0.0354
v -0.3494 0.2427 -0.0754
v -0.3062 0.2467 -0.0060
v -0.3508 0.2363 -0.0496
v -0.3899 0.2312 -0.0335
v -0.3646 0.2129 -0.0440
v -0.4155 0.2294 -0.0342
v -0.4239 0.2123 -0.0377
v -0.4396 0.2371 -0.0245
v -0.3205 0.2093 -0.0172
v -0.3102 0.2316 0.0118
v -0.3281 0.2632 0.0341
v -0.3299 0.2569 0.0160
v -0.3095 0.2662 0.0331
v -0.3232 0.2792 0.0463
v -0.3358 0.2644 0.0357
v -0.3357 0.2302 0.0095
v -0.3205 0.2093 -0.0172
v -0.3361 0.2604 0.0324
v -0.3363 0.2397 0.0157
v -0.3361 0.2604 0.0324
v -0.3281 0.2632 0.0341
v -0.3397 0.2465 0.0305
v -0.3304 0.2417 0.0374
v -0.3254 0.2617 0.0600
v -0.3304 0.2417 0.0374
v -0.3357 0.2302 0.0095
v -0.3334 0.2415 0.0224
v -0.3363 0.2397 0.0157
v -0.3299 0.2569 0.0160
v -0.3397 0.2465 0.0305
v -0.3361 0.2604 0.0324
v -0.3254 0.2617 0.0600
v -0.3357 0.2302 0.0095
v -0.3304 0.2417 0.0374
v -0.3281 0.2632 0.0341
v -0.3350 0.2637 0.0391
v -0.3363 0.2649 0.0454
v -0.3254 0.2617 0.0600
v -0.3358 0.2644 0.0357
v -0.3102 0.2316 0.0118
v -0.3062 0.2467 -0.0060
v -0.3010 0.2543 0.0144
v -0.3177 0.2180 -0.0212
v -0.3205 0.2093 -0.0172
v -0.3095 0.2662 0.0331
v -0.3177 0.2180 -0.0212
v -0.3365 0.2498 -0.0354
v -0.3180 0.2500 -0.0074
v -0.3508 0.2363 -0.0496
v -0.3137 0.2496 -0.0063
v -0.3062 0.2467 -0.0060
v -0.2985 0.3028 -0.0779
v -0.2593 0.3014 -0.0487
v -0.2606 0.2854 -0.0244
v -0.2460 0.2998 -0.0349
v -0.2885 0.3270 -0.0859
v -0.3126 0.2476 -0.0600
v -0.3062 0.2467 -0.0060
v -0.2738 0.2529 0.0390
v -0.2436 0.2877 -0.0294
v -0.2678 0.2834 -0.0152
v -0.2738 0.2529 0.0390
v -0.2606 0.2854 -0.0244
v -0.2458 0.2256 -0.0230
v -0.2291 0.2280 -0.0220
v -0.2593 0.2180 -0.0166
v -0.2390 0.2289 -0.0277
v -0.2271 0.2313 0.0088
v -0.2393 0.2177 -0.0349
v -0.2520 0.2150 -0.0487
v -0.2522 0.3019 0.0044
v -0.2527 0.3017 0.0085
v -0.2431 0.3033 -0.0046
v -0.2431 0.3033 -0.0046
v -0.2678 0.2834 -0.0152
v -0.2507 0.2984 -0.0197
v -0.2738 0.2529 0.0390
v -0.2436 0.2877 -0.0294
v -0.2507 0.2984 -0.0197
v -0.2606 0.2854 -0.0244
v -0.2678 0.2834 -0.0152
v -0.2460 0.2998 -0.0349
v -0.2507 0.2984 -0.0197
v -0.2436 0.2877 -0.0294
v -0.3610 0.2776 -0.0721
v -0.3903 0.2838 -0.0718
v -0.3884 0.3125 -0.0491
v -0.4044 0.2523 -0.0647
v -0.3494 0.2427 -0.0754
v -0.3910 0.3301 -0.0726
v -0.4013 0.3451 -0.0649
v -0.3652 0.3386 -0.0922
v -0.3884 0.3125 -0.0491
v -0.3759 0.3369 -0.0687
v -0.3614 0.4260 -0.0874
v -0.3610 0.2776 -0.0721
v -0.3494 0.2427 -0.0754
v -0.3798 0.3367 -0.0408
v -0.3606 0.3611 -0.0522
v -0.3233 0.4369 -0.0724
v -0.3348 0.4351 -0.0581
v -0.3643 0.4426 -0.0573
v -0.4028 0.4098 -0.0332
v -0.3338 0.4453 -0.0570
v -0.3411 0.4448 -0.0536
v -0.3847 0.3804 -0.0350
v -0.3273 0.4086 -0.1027
v -0.3252 0.3622 -0.1022
v -0.3476 0.3998 -0.0914
v -0.3499 0.3760 -0.0855
v -0.3287 0.4240 -0.1061
v -0.3270 0.4664 -0.1034
v -0.3614 0.4260 -0.0874
v -0.3652 0.3386 -0.0922
v -0.3489 0.3569 -0.0747
v -0.3303 0.2987 -0.0639
v -0.2985 0.3028 -0.0779
v -0.3126 0.2476 -0.0600
v -0.3154 0.4110 -0.1205
v -0.3185 0.4027 -0.1119
v -0.3420 0.4724 -0.0760
v -0.3368 0.4831 -0.0946
v -0.2816 0.3327 -0.1155
v -0.2867 0.3159 -0.1015
v -0.3108 0.3796 -0.1281
v -0.2927 0.3881 -0.1432
v -0.3115 0.4252 -0.1349
v -0.3154 0.4110 -0.1205
v -0.3185 0.4027 -0.1119
v -0.2982 0.4102 -0.1761
v -0.3489 0.3569 -0.0747
v -0.3495 0.3955 -0.0834
v -0.3498 0.3842 -0.0844
v -0.3497 0.3773 -0.0841
v -0.3499 0.3760 -0.0855
v -0.3476 0.3998 -0.0914
v -0.3437 0.3160 -0.0872
v -0.3652 0.3386 -0.0922
v -0.3499 0.3760 -0.0855
v -0.3494 0.2427 -0.0754
v -0.3126 0.2476 -0.0600
v -0.3518 0.3855 -0.0832
v -0.3498 0.3842 -0.0844
v -0.3437 0.3160 -0.0872
v -0.3535 0.3733 -0.0833
v -0.3489 0.3569 -0.0747
v -0.3303 0.2987 -0.0639
v -0.3126 0.2476 -0.0600
v -0.3518 0.3855 -0.0832
v -0.3495 0.3955 -0.0834
v -0.3476 0.3998 -0.0914
v -0.3652 0.3386 -0.0922
v -0.2638 0.2835 -0.1108
v -0.2721 0.2787 -0.0678
v -0.2760 0.3051 -0.1725
v -0.2572 0.2624 -0.0576
v -0.2632 0.2766 -0.0389
v -0.2550 0.2588 -0.0263
v -0.2957 0.3051 -0.1581
v -0.3014 0.3220 -0.1392
v -0.2660 0.3076 -0.1958
v -0.2572 0.2378 -0.1023
v -0.2520 0.2150 -0.0487
v -0.2902 0.2449 -0.1635
v -0.2659 0.2541 -0.1522
v -0.2501 0.2308 -0.0691
v -0.2458 0.2299 -0.0496
v -0.2436 0.2263 -0.0394
v -0.2462 0.2219 -0.0334
v -0.2390 0.2289 -0.0277
v -0.2591 0.2526 -0.1212
v -0.2458 0.2256 -0.0230
v -0.2725 0.2460 -0.1877
v -0.2628 0.2643 -0.1828
v -0.2656 0.2635 -0.1622
v -0.2608 0.2668 -0.1704
v -0.2515 0.2722 -0.1800
v -0.2560 0.2750 -0.1903
v -0.3798 0.3367 -0.0408
v -0.3910 0.3301 -0.0726
v -0.3847 0.3804 -0.0350
v -0.3884 0.3125 -0.0491
v -0.3903 0.2838 -0.0718
v -0.4013 0.3451 -0.0649
v -0.4028 0.4098 -0.0332
v -0.3046 0.3641 -0.1004
v -0.3185 0.4027 -0.1119
v -0.3108 0.3796 -0.1281
v -0.2867 0.3159 -0.1015
v -0.2885 0.3270 -0.0859
v -0.3128 0.3899 -0.0981
v -0.2593 0.3014 -0.0487
v -0.2721 0.2787 -0.0678
v -0.2544 0.2791 -0.0403
v -0.3014 0.3220 -0.1392
v -0.2460 0.2998 -0.0349
v -0.2466 0.2778 -0.0331
v -0.2433 0.2904 -0.0299
v -0.2355 0.2940 -0.0186
v -0.1965 0.2690 0.0334
v -0.2816 0.3327 -0.1155
v -0.3014 0.3220 -0.1392
v -0.2867 0.3159 -0.1015
v -0.2927 0.3881 -0.1432
v -0.2982 0.4102 -0.1761
v -0.2950 0.3490 -0.1702
v -0.3497 0.3773 -0.0841
v -0.3535 0.3733 -0.0833
v -0.3499 0.3760 -0.0855
v -0.3437 0.3160 -0.0872
v -0.3518 0.3855 -0.0832
v -0.3498 0.3842 -0.0844
v -0.3046 0.3641 -0.1004
v -0.3252 0.3622 -0.1022
v -0.3128 0.3899 -0.0981
v -0.3273 0.4086 -0.1027
v -0.3193 0.4195 -0.1044
v -0.2985 0.3028 -0.0779
v -0.2885 0.3270 -0.0859
v -0.3094 0.3940 -0.1147
v -0.3128 0.3899 -0.0981
v -0.3193 0.4195 -0.1044
v -0.2467 0.3311 -0.2126
v -0.2345 0.3679 -0.2050
v -0.2200 0.3607 -0.2296
v -0.2471 0.3293 -0.2066
v -0.2536 0.3237 -0.2258
v -0.2676 0.3546 -0.1902
v -0.2500 0.3691 -0.1874
v -0.2718 0.3521 -0.1828
v -0.2583 0.3105 -0.2271
v -0.2804 0.3319 -0.1774
v -0.2660 0.3076 -0.1958
v -0.2658 0.2849 -0.2297
v -0.2580 0.3585 -0.1717
v -0.2663 0.3462 -0.1869
v -0.2804 0.3319 -0.1774
v -0.2819 0.3431 -0.1568
v -0.2957 0.3051 -0.1581
v -0.3014 0.3220 -0.1392
v -0.2660 0.3076 -0.1958
v -0.2819 0.3431 -0.1568
v -0.2950 0.3490 -0.1702
v -0.2718 0.3521 -0.1828
v -0.3014 0.3220 -0.1392
v -0.2580 0.3585 -0.1717
v -0.2612 0.2973 -0.1945
v -0.2651 0.2793 -0.1930
v -0.2854 0.3014 -0.1888
v -0.2902 0.2783 -0.1749
v -0.2660 0.3076 -0.1958
v -0.2902 0.2449 -0.1635
v -0.2725 0.2460 -0.1877
v -0.2514 0.3007 -0.1958
v -0.2594 0.2454 -0.1993
v -0.2593 0.2077 -0.1935
v -0.2336 0.2193 -0.1892
v -0.2507 0.2887 -0.2009
v -0.2336 0.2193 -0.1892
v -0.2594 0.2454 -0.1993
v -0.2658 0.2849 -0.2297
v -0.2410 0.2847 -0.2273
v -0.2583 0.3105 -0.2271
v -0.2675 0.2604 -0.2176
v -0.2441 0.2000 -0.1745
v -0.2351 0.2287 -0.1808
v -0.2541 0.2356 -0.1778
v -0.2385 0.2411 -0.1902
v -0.2432 0.2524 -0.1922
v -0.2365 0.2647 -0.1933
v -0.2572 0.2562 -0.1898
v -0.2448 0.2699 -0.1982
v -0.2425 0.2821 -0.2060
v -0.2725 0.2460 -0.1877
v -0.2560 0.2750 -0.1903
v -0.2628 0.2643 -0.1828
v -0.2594 0.2454 -0.1993
v -0.2651 0.2793 -0.1930
v -0.2675 0.2604 -0.2176
v -0.2658 0.2849 -0.2297
v -0.2658 0.2849 -0.2297
v -0.2651 0.2793 -0.1930
v -0.2507 0.2887 -0.2009
v -0.2660 0.3076 -0.1958
v -0.2507 0.2887 -0.2009
v -0.2514 0.3007 -0.1958
v -0.2658 0.2849 -0.2297
v -0.2471 0.3293 -0.2066
v -0.2536 0.3237 -0.2258
v -0.2676 0.3546 -0.1902
v -0.2422 0.3243 -0.2053
v -0.2517 0.3187 -0.2110
v -0.2471 0.3293 -0.2066
v -0.2536 0.3237 -0.2258
v -0.2536 0.3237 -0.2258
v -0.2517 0.3187 -0.2110
v -0.2477 0.3218 -0.2195
v -0.2467 0.3311 -0.2126
v -0.2422 0.3243 -0.2053
v -0.2471 0.3293 -0.2066
v -0.2467 0.3311 -0.2126
v -0.2517 0.3187 -0.2110
v -0.2422 0.3243 -0.2053
v -0.2517 0.3187 -0.2110
v -0.2467 0.3311 -0.2126
v -0.2477 0.3218 -0.2195
v -0.2477 0.3218 -0.2195
v -0.2467 0.3311 -0.2126
v -0.2536 0.3237 -0.2258
v -0.2718 0.3521 -0.1828
v -0.2804 0.3319 -0.1774
v -0.2663 0.3462 -0.1869
v -0.2663 0.3462 -0.1869
v -0.2580 0.3585 -0.1717
v -0.2718 0.3521 -0.1828
v -0.0765 0.4064 -0.2691
v 0.0033 0.3806 -0.2949
v -0.0045 0.3344 -0.2983
v -0.0688 0.4517 -0.2595
v 0.0520 0.3297 -0.3072
v 0.0335 0.2811 -0.3011
v 0.0636 0.3176 -0.3131
v -0.1264 0.4875 -0.2205
v -0.1345 0.5382 -0.1961
v -0.2136 0.5271 -0.1691
v -0.2130 0.4571 -0.1991
v -0.1869 0.4068 -0.2129
v -0.1025 0.4395 -0.2374
v -0.1771 0.3739 -0.2204
v -0.2064 0.3666 -0.2044
v -0.2500 0.3691 -0.1874
v -0.2185 0.3619 -0.2002
v -0.2409 0.4686 -0.1914
v -0.2982 0.4102 -0.1761
v -0.2718 0.3521 -0.1828
v -0.1783 0.3673 -0.2190
v -0.2950 0.3490 -0.1702
v -0.0741 0.3739 -0.2576
v -0.0290 0.3187 -0.2747
v -0.0568 0.2869 -0.2910
v -0.1607 0.3603 -0.2455
v 0.0702 0.2692 -0.2992
v 0.0720 0.2829 -0.3041
v 0.0755 0.2871 -0.3073
v 0.0580 0.3337 -0.3132
v 0.0621 0.3713 -0.3083
v 0.0642 0.3506 -0.3132
v 0.0775 0.3485 -0.3177
v 0.0798 0.3369 -0.3192
v 0.0477 0.4745 -0.2821
v 0.0887 0.4306 -0.3051
v 0.0247 0.5234 -0.2590
v 0.1159 0.4678 -0.3001
v 0.1012 0.4373 -0.3051
v 0.0781 0.2925 -0.3126
v 0.0654 0.3276 -0.3152
v 0.0658 0.3485 -0.3161
v 0.0922 0.4298 -0.3039
v 0.0963 0.4198 -0.3076
v 0.0861 0.4107 -0.3088
v -0.0741 0.3739 -0.2576
v -0.1607 0.3603 -0.2455
v -0.1771 0.3739 -0.2204
v -0.2100 0.3690 -0.2159
v 0.0654 0.3276 -0.3152
v 0.0693 0.3198 -0.3247
v 0.0520 0.3297 -0.3072
v 0.0658 0.3485 -0.3161
v 0.0636 0.3176 -0.3131
v -0.2443 0.3077 0.0102
v -0.2431 0.3088 -0.0010
v -0.2304 0.2986 0.0037
v -0.2431 0.3033 -0.0046
v -0.2344 0.2955 0.0019
v -0.2304 0.2986 0.0037
v -0.2431 0.3088 -0.0010
v -0.2443 0.3077 0.0102
v -0.2304 0.2986 0.0037
v -0.2344 0.2955 0.0019
v -0.2501 0.2308 -0.0691
v -0.2591 0.2526 -0.1212
v -0.2361 0.2309 -0.0868
v -0.2458 0.2299 -0.0496
v -0.2003 0.2887 -0.2187
v -0.2348 0.2745 -0.1927
v -0.2425 0.2821 -0.2060
v -0.2560 0.2750 -0.1903
v -0.2515 0.2722 -0.1800
v -0.2117 0.3263 -0.2304
v -0.2243 0.3181 -0.2341
v -0.2583 0.3105 -0.2271
v -0.2205 0.2262 -0.1930
v -0.2291 0.2223 -0.1893
v -0.2267 0.2221 -0.1928
v -0.2336 0.2193 -0.1892
v -0.2336 0.2193 -0.1892
v -0.2291 0.2223 -0.1893
v -0.2301 0.2257 -0.1898
v -0.2351 0.2287 -0.1808
v -0.2432 0.2524 -0.1922
v -0.2385 0.2411 -0.1902
v -0.2267 0.2221 -0.1928
v -0.2300 0.2167 -0.1881
v -0.2194 0.2249 -0.1978
v -0.2336 0.2193 -0.1892
v -0.2301 0.2257 -0.1898
v -0.2425 0.2821 -0.2060
v -0.2307 0.2434 -0.1909
v -0.2410 0.2847 -0.2273
v -0.2365 0.2647 -0.1933
v -0.2421 0.2941 -0.2105
v -0.2336 0.2193 -0.1892
v -0.2500 0.3691 -0.1874
v -0.2320 0.3606 -0.2019
v -0.2345 0.3679 -0.2050
v -0.2185 0.3619 -0.2002
v -0.2286 0.3647 -0.2044
v -0.2185 0.3619 -0.2002
v -0.2320 0.3606 -0.2019
v -0.2345 0.3679 -0.2050
v -0.2185 0.3619 -0.2002
v -0.2248 0.3600 -0.1988
v -0.2286 0.3647 -0.2044
v -0.2064 0.3666 -0.2044
v -0.2345 0.3679 -0.2050
v -0.2258 0.3571 -0.2045
v -0.2320 0.3606 -0.2019
v -0.2345 0.3679 -0.2050
v -0.2248 0.3600 -0.1988
v -0.2286 0.3647 -0.2044
v -0.2286 0.3647 -0.2044
v -0.2500 0.3691 -0.1874
v -0.2185 0.3619 -0.2002
v -0.2258 0.3571 -0.2045
v -0.2320 0.3606 -0.2019
v -0.2248 0.3600 -0.1988
v -0.2500 0.3691 -0.1874
v -0.2185 0.3619 -0.2002
v -0.2064 0.3666 -0.2044
v -0.2500 0.3691 -0.1874
v -0.2286 0.3647 -0.2044
v -0.2248 0.3600 -0.1988
v -0.2345 0.3679 -0.2050
v -0.2064 0.3666 -0.2044
v -0.2100 0.3690 -0.2159
v -0.1783 0.3673 -0.2190
v -0.2200 0.3607 -0.2296
v -0.1771 0.3739 -0.2204
v -0.2100 0.3690 -0.2159
v -0.1783 0.3673 -0.2190
v -0.2421 0.2941 -0.2105
v -0.2410 0.2847 -0.2273
v -0.2380 0.2914 -0.2087
v -0.2425 0.2821 -0.2060
v -0.2421 0.2941 -0.2105
v -0.2380 0.2914 -0.2087
v -0.2380 0.2914 -0.2087
v -0.2410 0.2847 -0.2273
v -0.2583 0.3105 -0.2271
v -0.2583 0.3105 -0.2271
v -0.2425 0.2821 -0.2060
v -0.2380 0.2914 -0.2087
v -0.2200 0.3607 -0.2296
v -0.2243 0.3181 -0.2341
v -0.2536 0.3237 -0.2258
v -0.2583 0.3105 -0.2271
v -0.2117 0.3263 -0.2304
v -0.2003 0.2887 -0.2187
v -0.2117 0.3263 -0.2304
v -0.2100 0.3690 -0.2159
v -0.2200 0.3607 -0.2296
v 0.0078 0.2031 -0.3145
v 0.0010 0.2287 -0.3166
v -0.0061 0.2280 -0.3077
v -0.0004 0.2257 -0.3248
v 0.0020 0.2402 -0.3031
v -0.0061 0.2280 -0.3077
v 0.0052 0.2409 -0.3064
v 0.0010 0.2287 -0.3166
v 0.0099 0.2418 -0.3039
v 0.0170 0.2427 -0.3099
v 0.0103 0.2349 -0.3094
v 0.0099 0.2418 -0.3039
v 0.0325 0.2518 -0.3085
v 0.0020 0.2402 -0.3031
v -0.0061 0.2280 -0.3077
v 0.0078 0.2031 -0.3145
v 0.0150 0.2514 -0.3060
v 0.0170 0.2427 -0.3099
v 0.0239 0.2550 -0.3091
v 0.0052 0.2409 -0.3064
v 0.0103 0.2349 -0.3094
v 0.0325 0.2518 -0.3085
v 0.0613 0.2668 -0.3141
v 0.0010 0.2287 -0.3166
v 0.0720 0.2829 -0.3041
v 0.0924 0.2854 -0.3034
v 0.0702 0.2692 -0.2992
v 0.1089 0.2820 -0.2931
v 0.0899 0.2956 -0.3052
v 0.0906 0.2995 -0.3085
v 0.0755 0.2871 -0.3073
v 0.1012 0.3375 -0.3021
v 0.1359 0.3231 -0.2993
v 0.1578 0.2556 -0.2836
v 0.1731 0.3339 -0.3003
v 0.2196 0.2696 -0.2834
v 0.1971 0.2288 -0.2701
v 0.1168 0.3729 -0.3175
v 0.1363 0.2311 -0.2951
v 0.0078 0.2031 -0.3145
v 0.0325 0.2518 -0.3085
v 0.0781 0.2925 -0.3126
v 0.0335 0.2811 -0.3011
v 0.1960 0.3577 -0.3131
v 0.0150 0.2514 -0.3060
v 0.0099 0.2418 -0.3039
v 0.1455 0.3341 -0.3072
v 0.1679 0.3529 -0.3041
v 0.0052 0.2409 -0.3064
v 0.0798 0.3369 -0.3192
v 0.0720 0.2829 -0.3041
v 0.0899 0.2956 -0.3052
v 0.0747 0.2828 -0.3056
v 0.0911 0.2947 -0.3059
v 0.1359 0.3231 -0.2993
v 0.0911 0.2947 -0.3059
v 0.0924 0.2854 -0.3034
v 0.1731 0.3339 -0.3003
v 0.0899 0.2956 -0.3052
v 0.0747 0.2828 -0.3056
v 0.0911 0.2947 -0.3059
v 0.0755 0.2871 -0.3073
v 0.0239 0.2550 -0.3091
v 0.0906 0.2995 -0.3085
v 0.1455 0.3341 -0.3072
v 0.0403 0.2723 -0.3154
v -0.0237 0.2346 -0.3175
v 0.1359 0.3231 -0.2993
v -0.3317 0.4092 0.0815
v -0.3753 0.4210 0.0490
v -0.3704 0.4143 0.0819
v -0.4041 0.4314 -0.0024
v -0.3303 0.3902 0.1036
v -0.2561 0.3613 0.0913
v -0.4057 0.4142 0.0394
v -0.3833 0.3907 0.0994
v -0.2928 0.4148 0.0888
v -0.2909 0.4187 0.0925
v -0.2860 0.4027 0.0927
v -0.2884 0.4088 0.0857
v -0.2878 0.4056 0.0854
v -0.2960 0.4285 0.0971
v -0.2948 0.4233 0.0913
v -0.2793 0.4008 0.0927
v -0.2741 0.4137 0.1018
v -0.2928 0.4372 0.1033
v -0.2518 0.4056 0.0834
v -0.2597 0.4068 0.0784
v -0.2569 0.4199 0.0931
v -0.2516 0.4050 0.0739
v -0.3396 0.4957 0.0379
v -0.3753 0.4210 0.0490
v -0.3293 0.4529 0.0834
v -0.3400 0.5209 -0.0042
v -0.4041 0.4314 -0.0024
v -0.3177 0.5367 0.0049
v -0.3198 0.4331 0.0815
v -0.3317 0.4092 0.0815
v -0.2561 0.3613 0.0913
v -0.2561 0.3613 0.0913
v -0.3027 0.4159 0.1052
v -0.3198 0.4331 0.0815
v -0.3293 0.4529 0.0834
v -0.3129 0.5418 0.0380
v -0.3177 0.5367 0.0049
v -0.3098 0.4992 0.0492
v -0.3194 0.5448 -0.0239
v -0.2904 0.4880 0.0960
v -0.2938 0.4424 0.0852
v -0.2928 0.4372 0.1033
v -0.3344 0.5165 -0.0774
v -0.3260 0.4997 -0.0496
v -0.3150 0.4948 -0.0594
v -0.3368 0.4831 -0.0946
v -0.2909 0.4187 0.0925
v -0.2878 0.4056 0.0854
v -0.2793 0.4008 0.0927
v -0.2741 0.4137 0.1018
v -0.2884 0.4088 0.0857
v -0.2928 0.4148 0.0888
v -0.2460 0.4215 0.0880
v -0.2597 0.4068 0.0784
v -0.2516 0.4050 0.0739
v -0.2569 0.4199 0.0931
v -0.2509 0.5526 0.0427
v -0.2867 0.5579 0.0213
v -0.2541 0.5151 0.0799
v -0.2494 0.5727 0.0153
v -0.2713 0.4818 0.0870
v -0.2904 0.4880 0.0960
v -0.3129 0.5418 0.0380
v -0.2527 0.4316 0.1014
v -0.2928 0.4372 0.1033
v -0.2533 0.4338 0.0822
v -0.2435 0.5571 0.0270
v -0.2087 0.5791 0.0159
v -0.2393 0.5631 0.0189
v -0.2535 0.5514 0.0281
v -0.2435 0.5571 0.0270
v -0.2487 0.5583 0.0202
v -0.2443 0.5411 0.0433
v -0.2172 0.5672 0.0314
v -0.2087 0.5791 0.0159
v -0.2256 0.4981 0.0786
v -0.2038 0.5409 0.0593
v -0.2480 0.5650 0.0175
v -0.1961 0.5495 0.0463
v -0.2536 0.4294 0.0838
v -0.2533 0.4338 0.0822
v -0.2527 0.4316 0.1014
v -0.2569 0.4199 0.0931
v -0.2713 0.4818 0.0870
v -0.2518 0.4266 0.0818
v -0.2460 0.4215 0.0880
v -0.2536 0.4294 0.0838
v -0.2569 0.4199 0.0931
v -0.2474 0.4228 0.0815
v -0.2460 0.4215 0.0880
v -0.2467 0.4166 0.0788
v -0.2536 0.4294 0.0838
v -0.2550 0.4292 0.0991
v -0.2460 0.4215 0.0880
v -0.2518 0.4056 0.0834
v -0.2460 0.4329 0.0913
v -0.2429 0.4197 0.0816
v -0.2467 0.4166 0.0788
v -0.2516 0.4050 0.0739
v -0.2515 0.3966 0.0892
v -0.2557 0.4232 0.0790
v -0.2474 0.4228 0.0815
v -0.2518 0.4266 0.0818
v -0.2429 0.4197 0.0816
v -0.2467 0.4166 0.0788
v -0.2460 0.4329 0.0913
v -0.2536 0.4294 0.0838
v -0.2518 0.4266 0.0818
v -0.2474 0.4228 0.0815
v -0.2561 0.4252 0.0825
v -0.2533 0.4338 0.0822
v -0.2467 0.4166 0.0788
v -0.2467 0.4166 0.0788
v -0.2557 0.4232 0.0790
v -0.2561 0.4252 0.0825
v -0.1620 0.3905 0.1256
v -0.2223 0.3996 0.1155
v -0.2225 0.3872 0.1342
v -0.1659 0.3799 0.1374
v -0.2057 0.3997 0.1001
v -0.1633 0.3976 0.1042
v -0.1908 0.4981 0.0722
v -0.1551 0.4383 0.0901
v -0.1652 0.5100 0.0722
v -0.1413 0.5157 0.0704
v -0.2026 0.4259 0.0895
v -0.1607 0.4128 0.0932
v -0.1716 0.3944 0.0897
v -0.1648 0.4111 0.0953
v -0.1588 0.4225 0.0908
v -0.1633 0.3976 0.1042
v -0.1633 0.3976 0.1042
v -0.1716 0.3944 0.0897
v -0.1502 0.4065 0.0971
v -0.1648 0.4111 0.0953
v -0.1629 0.4340 0.0878
v -0.1617 0.4166 0.0918
v -0.1502 0.4065 0.0971
v -0.1602 0.4175 0.0917
v -0.1588 0.4225 0.0908
v -0.2536 0.4294 0.0838
v -0.2460 0.4329 0.0913
v -0.2561 0.4252 0.0825
v -0.2561 0.4252 0.0825
v -0.2557 0.4232 0.0790
v -0.2536 0.4294 0.0838
v -0.2533 0.4338 0.0822
v -0.2460 0.4329 0.0913
v -0.2541 0.5151 0.0799
v -0.2374 0.4736 0.1029
v -0.2561 0.4252 0.0825
v -0.2460 0.4329 0.0913
v -0.2527 0.4316 0.1014
v -0.2374 0.4736 0.1029
v -0.2569 0.4199 0.0931
v -0.1614 0.4878 0.0579
v -0.1502 0.4965 0.0482
v -0.1454 0.5027 0.0654
v -0.1394 0.5188 0.0331
v -0.1413 0.5157 0.0704
v -0.1361 0.5269 0.0389
v -0.1476 0.4773 0.0731
v -0.1551 0.4383 0.0901
v -0.1302 0.6088 0.0527
v -0.1638 0.5823 0.0505
v -0.1521 0.5517 0.0932
v -0.2038 0.5409 0.0593
v -0.2062 0.5009 0.0960
v -0.1628 0.6237 -0.0080
v -0.1591 0.5244 0.1233
v -0.1242 0.5391 0.1349
v -0.1952 0.5804 0.0349
v -0.1027 0.5482 0.1150
v -0.1125 0.6010 0.0590
v -0.1279 0.6191 0.0132
v -0.1209 0.6452 -0.0229
v -0.1096 0.6416 -0.0106
v -0.1124 0.5328 0.1377
v -0.1055 0.5256 0.1517
v -0.1333 0.5096 0.1595
v -0.1526 0.6278 -0.0593
v -0.2102 0.4886 0.0894
v -0.1995 0.5147 0.0635
v -0.2102 0.4886 0.0894
v -0.2038 0.5409 0.0593
v -0.1908 0.4981 0.0722
v -0.1081 0.5264 0.0935
v -0.1652 0.5100 0.0722
v -0.1413 0.5157 0.0704
v -0.1292 0.5208 0.0485
v -0.2102 0.4886 0.0894
v -0.1908 0.4981 0.0722
v -0.1066 0.5302 0.0766
v -0.1361 0.5269 0.0389
v -0.1085 0.5167 0.0554
v -0.1081 0.5264 0.0935
v -0.1591 0.5244 0.1233
v -0.2102 0.4886 0.0894
v -0.1242 0.5391 0.1349
v -0.1104 0.5308 0.1153
v -0.2062 0.5009 0.0960
v -0.1292 0.5208 0.0485
v -0.1371 0.4891 0.0460
v -0.1242 0.4372 0.1022
v -0.1394 0.5188 0.0331
v -0.1292 0.4136 0.0858
v -0.1024 0.3449 0.1303
v -0.1361 0.5269 0.0389
v -0.1614 0.4878 0.0579
v -0.1473 0.4801 0.0616
v -0.1502 0.4965 0.0482
v -0.1371 0.4891 0.0460
v -0.1394 0.5188 0.0331
v -0.1694 0.4671 0.0659
v -0.0492 0.4678 0.0839
v -0.0469 0.4516 0.1427
v -0.0646 0.4879 0.0833
v -0.0607 0.4823 0.0688
v -0.0068 0.4395 0.1090
v -0.1045 0.4793 0.1459
v -0.0785 0.5154 0.0597
v 0.0153 0.4307 0.1314
v -0.0303 0.4538 0.0832
v -0.0785 0.5154 0.0597
v -0.0951 0.5221 0.0360
v -0.0665 0.4675 0.0630
v -0.0646 0.4879 0.0833
v -0.1024 0.5277 0.0404
v -0.0545 0.4799 0.0754
v -0.0354 0.4817 0.0770
v -0.0492 0.4678 0.0839
v -0.0320 0.4660 0.0858
v -0.0547 0.4835 0.0705
v -0.0593 0.4812 0.0729
v -0.0303 0.4538 0.0832
v -0.0545 0.4799 0.0754
v -0.0492 0.4678 0.0839
v -0.0607 0.4823 0.0688
v -0.0461 0.4674 0.1455
v -0.1045 0.4793 0.1459
v -0.0469 0.4516 0.1427
v 0.0153 0.4307 0.1314
v -0.1333 0.5096 0.1595
v -0.0607 0.4823 0.0688
v -0.0646 0.4879 0.0833
v -0.0665 0.4675 0.0630
v -0.0632 0.4891 0.0713
v -0.0571 0.4864 0.0746
v -0.0593 0.4812 0.0729
v -0.0607 0.4823 0.0688
v -0.0593 0.4812 0.0729
v -0.0545 0.4799 0.0754
v -0.0607 0.4823 0.0688
v -0.0152 0.4560 0.0948
v -0.0757 0.4960 0.1058
v -0.0497 0.4810 0.1243
v 0.0153 0.4307 0.1314
v -0.0571 0.4859 0.0854
v 0.0242 0.4212 0.1143
v -0.0461 0.4674 0.1455
v -0.0972 0.4910 0.1330
v -0.1128 0.5043 0.1513
v -0.1333 0.5096 0.1595
v 0.0298 0.3783 0.1057
v -0.0547 0.4835 0.0705
v -0.0320 0.4660 0.0858
v -0.0354 0.4817 0.0770
v -0.0303 0.4538 0.0832
v -0.0547 0.4835 0.0705
v -0.0593 0.4812 0.0729
v -0.0571 0.4864 0.0746
v 0.0242 0.4212 0.1143
v 0.0128 0.3675 0.0891
v 0.0072 0.3792 0.0944
v -0.0133 0.4308 0.0993
v 0.0298 0.3783 0.1057
v -0.0152 0.4560 0.0948
v 0.0256 0.3725 0.0959
v 0.0107 0.4183 0.0684
v 0.0199 0.3937 0.0695
v 0.0239 0.4144 0.0609
v 0.0258 0.4244 0.0661
v 0.0291 0.4226 0.0789
v 0.0119 0.4254 0.0774
v 0.0107 0.4183 0.0684
v 0.0258 0.4244 0.0661
v -0.0143 0.4332 0.0788
v -0.0014 0.4289 0.0739
v -0.0073 0.4246 0.0734
v -0.0100 0.4229 0.0704
v 0.0495 0.5019 0.0564
v 0.0428 0.4864 0.0702
v 0.0392 0.5032 0.0466
v 0.0486 0.5128 0.0445
v 0.0548 0.5140 0.0533
v 0.0753 0.5445 0.0274
v 0.0708 0.5322 0.0410
v 0.0614 0.5165 0.0635
v 0.0710 0.5152 0.0761
v 0.0130 0.4900 0.0584
v 0.0247 0.4791 0.0759
v 0.0107 0.4798 0.0635
v 0.0354 0.4729 0.0875
v 0.0154 0.4569 0.0782
v 0.0431 0.5109 0.0735
v 0.0112 0.4927 0.0756
v 0.0548 0.5140 0.0533
v 0.0614 0.5165 0.0635
v -0.0153 0.4898 0.0710
v -0.0047 0.4644 0.0751
v -0.0237 0.4835 0.0577
v -0.0237 0.4835 0.0577
v -0.0047 0.4644 0.0751
v -0.0071 0.4766 0.0573
v 0.0112 0.4927 0.0756
v -0.0071 0.4766 0.0573
v -0.0047 0.4644 0.0751
v -0.0045 0.5009 0.0638
v 0.0629 0.5498 0.0247
v 0.0292 0.5208 0.0561
v 0.0431 0.5109 0.0735
v 0.0758 0.5566 0.0240
v 0.0786 0.5747 0.0013
v 0.0614 0.5165 0.0635
v -0.0821 0.5583 0.0424
v -0.0834 0.5371 0.0889
v -0.0752 0.5156 0.0809
v -0.0958 0.6039 0.0276
v -0.1125 0.6010 0.0590
v -0.1027 0.5482 0.1150
v -0.0757 0.4960 0.1058
v -0.1055 0.5256 0.1517
v -0.0571 0.4859 0.0854
v -0.0676 0.5115 0.0738
v -0.1096 0.6416 -0.0106
v -0.0978 0.6127 -0.0103
v -0.1008 0.6332 -0.0210
v -0.0579 0.5464 0.0560
v -0.0642 0.5127 0.0704
v -0.0972 0.4910 0.1330
v -0.1128 0.5043 0.1513
v -0.1333 0.5096 0.1595
v -0.0965 0.5459 0.0860
v -0.0930 0.5413 0.0795
v -0.1072 0.5386 0.1085
v -0.0785 0.5154 0.0597
v -0.1045 0.4793 0.1459
v -0.0899 0.5474 0.0652
v -0.1124 0.5328 0.1377
v -0.0913 0.5447 0.0428
v -0.0917 0.5495 0.0564
v -0.0947 0.5463 0.0290
v -0.1333 0.5096 0.1595
v -0.1242 0.5391 0.1349
v -0.1123 0.5421 0.1154
v -0.0965 0.5459 0.0860
v -0.1072 0.5386 0.1085
v -0.1077 0.5326 0.0997
v -0.1081 0.5264 0.0935
v -0.1104 0.5308 0.1153
v -0.1066 0.5302 0.0766
v -0.1012 0.5368 0.0783
v -0.1123 0.5421 0.1154
v -0.1242 0.5391 0.1349
v -0.0930 0.5413 0.0795
v -0.0930 0.5413 0.0795
v -0.1012 0.5368 0.0783
v -0.1022 0.5430 0.0713
v -0.1066 0.5302 0.0766
v -0.0899 0.5474 0.0652
v -0.0579 0.5464 0.0560
v -0.0676 0.5115 0.0738
v -0.0474 0.5159 0.0820
v -0.0474 0.5159 0.0820
v -0.0676 0.5115 0.0738
v -0.0642 0.5127 0.0704
v -0.0152 0.4560 0.0948
v -0.0474 0.5159 0.0820
v -0.0571 0.4859 0.0854
v -0.0642 0.5127 0.0704
v -0.0310 0.5354 0.0905
v -0.0432 0.5407 0.0668
v -0.0431 0.5160 0.0774
v -0.0214 0.5314 0.0824
v -0.0310 0.5354 0.0905
v -0.0431 0.5160 0.0774
v -0.0398 0.5477 0.0568
v -0.0336 0.5392 0.0746
v -0.0432 0.5407 0.0668
v -0.0579 0.5464 0.0560
v -0.0214 0.5314 0.0824
v -0.0310 0.5354 0.0905
v -0.0112 0.5256 0.0584
v -0.0336 0.5392 0.0746
v -0.0431 0.5160 0.0774
v -0.0432 0.5407 0.0668
v -0.0214 0.5314 0.0824
v -0.0587 0.5825 0.0514
v -0.0788 0.6332 0.0138
v -0.0845 0.6088 0.0180
v -0.0821 0.5583 0.0424
v -0.0940 0.6435 -0.0068
v -0.0579 0.5464 0.0560
v -0.0310 0.5354 0.0905
v -0.0752 0.5156 0.0809
v -0.0754 0.6406 -0.0024
v -0.0741 0.6494 -0.0178
v -0.0346 0.5589 0.0369
v -0.0640 0.5845 0.0275
v -0.0112 0.5256 0.0584
v -0.0566 0.5811 0.0237
v -0.0620 0.5920 0.0200
v -0.0152 0.5325 0.0386
v -0.0587 0.5825 0.0514
v -0.0214 0.5314 0.0824
v -0.0012 0.5051 0.0203
v -0.0310 0.5354 0.0905
v 0.0066 0.5025 0.0269
v -0.3098 0.4992 0.0492
v -0.3396 0.4957 0.0379
v -0.3293 0.4529 0.0834
v -0.3177 0.5367 0.0049
v -0.2938 0.4424 0.0852
v -0.2928 0.4372 0.1033
v -0.3338 0.4453 -0.0570
v -0.3411 0.4448 -0.0536
v -0.3643 0.4426 -0.0573
v -0.3260 0.4997 -0.0496
v -0.3450 0.5012 -0.0488
v -0.3400 0.5209 -0.0042
v -0.3238 0.4889 -0.0649
v -0.3177 0.5367 0.0049
v -0.3338 0.4453 -0.0570
v -0.3643 0.4426 -0.0573
v -0.3275 0.4893 -0.0526
v -0.3150 0.4948 -0.0594
v -0.3238 0.4889 -0.0649
v -0.3368 0.4831 -0.0946
v -0.3420 0.4724 -0.0760
v -0.3260 0.4997 -0.0496
v -0.3398 0.4350 -0.0626
v -0.3614 0.4260 -0.0874
v -0.3233 0.4369 -0.0724
v -0.3233 0.4369 -0.0724
v -0.3614 0.4260 -0.0874
v -0.3759 0.3369 -0.0687
v -0.3348 0.4351 -0.0581
v -0.3643 0.4426 -0.0573
v -0.3398 0.4350 -0.0626
v -0.3349 0.4373 -0.0711
v -0.3349 0.4373 -0.0711
v -0.3398 0.4350 -0.0626
v -0.3233 0.4369 -0.0724
v -0.3349 0.4373 -0.0711
v -0.3233 0.4369 -0.0724
v -0.3344 0.4439 -0.0706
v -0.3344 0.4439 -0.0706
v -0.3420 0.4724 -0.0760
v -0.3614 0.4260 -0.0874
v -0.3238 0.4889 -0.0649
v -0.3398 0.4350 -0.0626
v -0.3411 0.4448 -0.0536
v -0.3398 0.4350 -0.0626
v -0.3643 0.4426 -0.0573
v -0.3398 0.4350 -0.0626
v -0.3411 0.4448 -0.0536
v -0.3344 0.4439 -0.0706
v -0.3344 0.4439 -0.0706
v -0.3348 0.4351 -0.0581
v -0.3349 0.4373 -0.0711
v -0.3411 0.4448 -0.0536
v -0.3238 0.4889 -0.0649
v -0.3344 0.4439 -0.0706
v -0.3338 0.4453 -0.0570
v -0.3338 0.4453 -0.0570
v -0.3344 0.4439 -0.0706
v -0.3233 0.4369 -0.0724
v -0.3238 0.4889 -0.0649
v -0.3260 0.4997 -0.0496
v -0.3275 0.4893 -0.0526
v -0.3115 0.5344 -0.0205
v -0.3194 0.5448 -0.0239
v -0.3034 0.5528 -0.0011
v -0.1643 0.5980 -0.0942
v -0.2021 0.5901 -0.0936
v -0.1693 0.5999 -0.0789
v -0.1708 0.5922 -0.1183
v -0.0668 0.6034 -0.1676
v -0.1953 0.5907 -0.0263
v -0.2494 0.5727 0.0153
v -0.1598 0.5990 -0.0283
v -0.2087 0.5791 0.0159
v -0.3026 0.5432 -0.0708
v -0.3034 0.5528 -0.0011
v -0.2867 0.5579 0.0213
v -0.3129 0.5418 0.0380
v -0.3194 0.5448 -0.0239
v -0.0699 0.6143 -0.1404
v 0.0135 0.6032 -0.1969
v -0.0110 0.6123 -0.1584
v 0.0106 0.6157 -0.1657
v 0.0676 0.6149 -0.1745
v -0.1728 0.5798 0.0104
v -0.1708 0.5786 -0.1405
v -0.1345 0.5382 -0.1961
v -0.2136 0.5271 -0.1691
v -0.1658 0.5881 0.0040
v -0.0917 0.6294 -0.1152
v -0.1613 0.5979 -0.0883
v -0.0760 0.6268 -0.1195
v -0.0429 0.6303 -0.1403
v -0.3165 0.5376 -0.0258
v -0.3194 0.5448 -0.0239
v -0.3102 0.5414 -0.0156
v -0.3115 0.5344 -0.0205
v -0.3132 0.5190 -0.0889
v -0.3102 0.5414 -0.0156
v -0.3194 0.5448 -0.0239
v -0.3115 0.5344 -0.0205
v -0.3115 0.5344 -0.0205
v -0.3034 0.5528 -0.0011
v -0.3165 0.5376 -0.0258
v -0.3270 0.4664 -0.1034
v -0.3068 0.5156 -0.0933
v -0.2755 0.4933 -0.1472
v -0.3026 0.5432 -0.0708
v -0.2136 0.5271 -0.1691
v -0.2860 0.4555 -0.1663
v -0.2409 0.4686 -0.1914
v -0.2982 0.4102 -0.1761
v -0.3115 0.4252 -0.1349
v -0.3003 0.4321 -0.1304
v -0.3132 0.5190 -0.0889
v -0.3165 0.5376 -0.0258
v -0.3034 0.5528 -0.0011
v -0.3159 0.4250 -0.0986
v -0.3154 0.4110 -0.1205
v -0.3068 0.5156 -0.0933
v -0.3127 0.4973 -0.0926
v -0.3038 0.5205 -0.0854
v -0.3149 0.4910 -0.0885
v -0.3270 0.4664 -0.1034
v -0.3091 0.5164 -0.0834
v -0.3038 0.5205 -0.0854
v -0.3149 0.4910 -0.0885
v -0.3011 0.5193 -0.0888
v -0.3068 0.5156 -0.0933
v -0.3038 0.5205 -0.0854
v -0.3368 0.4831 -0.0946
v -0.3344 0.5165 -0.0774
v -0.3132 0.5190 -0.0889
v -0.3270 0.4664 -0.1034
v -0.3194 0.5448 -0.0239
v -0.1884 0.5367 0.0397
v -0.1787 0.5560 0.0320
v -0.1740 0.5652 0.0128
v -0.1728 0.5798 0.0104
v -0.1952 0.5804 0.0349
v -0.1961 0.5495 0.0463
v -0.1934 0.5397 0.0448
v -0.2038 0.5409 0.0593
v -0.1658 0.5881 0.0040
v -0.1798 0.5357 0.0442
v -0.1794 0.5410 0.0454
v -0.1778 0.5276 0.0465
v -0.1798 0.5357 0.0442
v -0.1813 0.5290 0.0393
v -0.1787 0.5560 0.0320
v -0.1934 0.5397 0.0448
v -0.1798 0.5357 0.0442
v -0.1884 0.5367 0.0397
v -0.1813 0.5290 0.0393
v -0.2487 0.5583 0.0202
v -0.2443 0.5411 0.0433
v -0.2535 0.5514 0.0281
v -0.1740 0.5652 0.0128
v -0.1882 0.5736 0.0065
v -0.2172 0.5672 0.0314
v -0.1793 0.5784 0.0007
v -0.1884 0.5367 0.0397
v -0.2087 0.5791 0.0159
v -0.1961 0.5495 0.0463
v -0.1884 0.5367 0.0397
v -0.2172 0.5672 0.0314
v -0.1884 0.5367 0.0397
v -0.1961 0.5495 0.0463
v -0.1934 0.5397 0.0448
v -0.1884 0.5367 0.0397
v -0.1813 0.5290 0.0393
v -0.1787 0.5560 0.0320
v -0.1778 0.5276 0.0465
v -0.1794 0.5410 0.0454
v -0.1813 0.5290 0.0393
v -0.1787 0.5560 0.0320
v -0.3094 0.3940 -0.1147
v -0.3185 0.4027 -0.1119
v -0.3128 0.3899 -0.0981
v -0.3193 0.4195 -0.1044
v -0.3185 0.4027 -0.1119
v -0.3094 0.3940 -0.1147
v -0.3273 0.4086 -0.1027
v -0.3154 0.4110 -0.1205
v -0.3287 0.4240 -0.1061
v -0.3159 0.4250 -0.0986
v -0.3270 0.4664 -0.1034
v -0.3115 0.4252 -0.1349
v -0.3003 0.4321 -0.1304
v -0.2860 0.4555 -0.1663
v -0.3154 0.4110 -0.1205
v -0.2755 0.4933 -0.1472
v -0.3270 0.4664 -0.1034
v -0.3132 0.5190 -0.0889
v -0.3127 0.4973 -0.0926
v -0.3091 0.5164 -0.0834
v -0.3149 0.4910 -0.0885
v -0.3127 0.4973 -0.0926
v -0.3091 0.5164 -0.0834
v -0.3091 0.5164 -0.0834
v -0.3132 0.5190 -0.0889
v -0.3068 0.5156 -0.0933
v -0.3068 0.5156 -0.0933
v -0.3039 0.5188 -0.0873
v -0.3091 0.5164 -0.0834
v -0.3011 0.5193 -0.0888
v -0.3038 0.5205 -0.0854
v -0.1473 0.4801 0.0616
v -0.1694 0.4671 0.0659
v -0.1371 0.4891 0.0460
v -0.0907 0.5455 0.0601
v -0.1039 0.5332 0.0426
v -0.0913 0.5447 0.0428
v -0.0985 0.5391 0.0349
v -0.0947 0.5463 0.0290
v -0.1012 0.5324 0.0299
v -0.0899 0.5474 0.0652
v -0.1066 0.5302 0.0766
v -0.1085 0.5167 0.0554
v -0.0917 0.5495 0.0564
v -0.1024 0.5277 0.0404
v -0.1037 0.5140 0.0475
v -0.1136 0.4542 0.0953
v -0.1022 0.5430 0.0713
v -0.1066 0.5302 0.0766
v -0.0899 0.5474 0.0652
v -0.0333 0.4794 0.0594
v -0.0260 0.4727 0.0650
v -0.0282 0.4782 0.0555
v -0.0282 0.4782 0.0555
v -0.0336 0.4736 0.0511
v -0.0333 0.4794 0.0594
v -0.0045 0.5009 0.0638
v -0.0505 0.5311 0.0546
v -0.0348 0.4966 0.0597
v -0.0398 0.5477 0.0568
v -0.0579 0.5464 0.0560
v -0.0237 0.4835 0.0577
v -0.0071 0.4766 0.0573
v -0.0112 0.5256 0.0584
v -0.0413 0.4921 0.0520
v -0.0282 0.4782 0.0555
v -0.0336 0.4736 0.0511
v -0.0237 0.4835 0.0577
v -0.0311 0.4817 0.0603
v -0.0153 0.4898 0.0710
v -0.0283 0.4830 0.0718
v -0.0282 0.4782 0.0555
v -0.0282 0.4782 0.0555
v -0.0260 0.4727 0.0650
v -0.0311 0.4817 0.0603
v 0.0234 0.4378 0.0667
v 0.0229 0.4173 0.0636
v 0.0258 0.4244 0.0661
v 0.0220 0.4280 0.0621
v 0.0291 0.4226 0.0789
v 0.0239 0.4144 0.0609
v 0.0199 0.3937 0.0695
v 0.0130 0.4900 0.0584
v 0.0107 0.4798 0.0635
v 0.0154 0.4569 0.0782
v 0.0335 0.4275 0.0644
v 0.0238 0.4294 0.0564
v 0.0258 0.4244 0.0661
v 0.0234 0.4378 0.0667
v 0.0207 0.4481 0.0551
v 0.0154 0.4569 0.0782
v 0.0291 0.4226 0.0789
v 0.0130 0.4900 0.0584
v 0.0258 0.4244 0.0661
v 0.0238 0.4294 0.0564
v 0.0335 0.4275 0.0644
v 0.0291 0.4226 0.0789
v 0.0378 0.4055 0.0619
v 0.0333 0.3983 0.0718
v 0.0234 0.4378 0.0667
v 0.0107 0.4879 0.0446
v -0.0001 0.5023 0.0290
v 0.0002 0.4892 0.0471
v -0.0112 0.5256 0.0584
v -0.0045 0.5009 0.0638
v 0.0039 0.4736 0.0253
v -0.1039 0.5332 0.0426
v -0.0918 0.5266 0.0402
v -0.0985 0.5391 0.0349
v -0.0918 0.5266 0.0402
v -0.1039 0.5332 0.0426
v -0.1024 0.5277 0.0404
v -0.0951 0.5221 0.0360
v -0.1024 0.5277 0.0404
v -0.0993 0.5308 0.0350
v -0.0993 0.5308 0.0350
v -0.1024 0.5277 0.0404
v -0.1012 0.5324 0.0299
v -0.0918 0.5266 0.0402
v -0.1012 0.5324 0.0299
v -0.0951 0.5221 0.0360
v -0.0947 0.5463 0.0290
v -0.0785 0.5154 0.0597
v -0.0785 0.5154 0.0597
v -0.0918 0.5266 0.0402
v -0.1024 0.5277 0.0404
v -0.0993 0.5308 0.0350
v -0.0985 0.5391 0.0349
v -0.0951 0.5221 0.0360
v -0.0918 0.5266 0.0402
v -0.1012 0.5324 0.0299
v -0.0386 0.6198 0.0865
v -0.0346 0.5589 0.0369
v -0.0020 0.5552 0.0486
v -0.0502 0.6178 0.0773
v -0.0152 0.5325 0.0386
v -0.0572 0.6179 0.0323
v -0.0566 0.5811 0.0237
v 0.0107 0.4879 0.0446
v 0.0199 0.4875 0.0409
v 0.0039 0.4736 0.0253
v -0.0045 0.5009 0.0638
v 0.0002 0.4892 0.0471
v 0.0167 0.4701 0.0259
v 0.0292 0.5208 0.0561
v 0.0443 0.5046 0.0358
v 0.0373 0.4876 0.0193
v -0.0020 0.5552 0.0486
v 0.0588 0.6075 0.0466
v 0.0136 0.5929 0.0522
v 0.0651 0.6673 0.0555
v 0.0321 0.5262 0.0372
v 0.0574 0.6673 0.0571
v -0.0386 0.6198 0.0865
v 0.0298 0.6450 0.0821
v -0.0012 0.5051 0.0203
v -0.0152 0.5325 0.0386
v 0.0167 0.4701 0.0259
v 0.0357 0.4963 0.0172
v 0.0066 0.5025 0.0269
v 0.0373 0.4876 0.0193
v 0.0515 0.4871 0.0166
v 0.0039 0.4736 0.0253
v -0.0001 0.5023 0.0290
v 0.0321 0.5262 0.0372
v -0.0112 0.5256 0.0584
v 0.0376 0.4983 0.0141
v 0.0321 0.5262 0.0372
v -0.0012 0.5051 0.0203
v 0.0066 0.5025 0.0269
v 0.1159 0.4678 -0.3001
v 0.0673 0.5400 -0.2540
v 0.1662 0.5317 -0.2645
v 0.1053 0.5800 -0.2215
v 0.0477 0.4745 -0.2821
v 0.0424 0.5274 -0.2557
v 0.0247 0.5234 -0.2590
v 0.0780 0.5871 -0.2088
v 0.0135 0.6032 -0.1969
v 0.0798 0.6011 -0.1963
v 0.2129 0.5780 -0.1867
v 0.1238 0.5995 -0.1939
v 0.2031 0.5368 -0.2459
v 0.2694 0.5519 -0.2047
v 0.2406 0.5290 -0.2407
v 0.1828 0.4939 -0.2852
v 0.1065 0.4249 -0.3155
v 0.2587 0.5247 -0.2468
v 0.2259 0.4660 -0.2812
v 0.0973 0.4372 -0.3072
v 0.1969 0.4653 -0.2879
v 0.1964 0.4085 -0.3005
v 0.2275 0.3902 -0.3009
v 0.1789 0.4521 -0.2954
v 0.1960 0.3577 -0.3131
v 0.1789 0.3672 -0.3118
v 0.0990 0.2812 -0.3194
v 0.1975 0.3739 -0.3036
v 0.0887 0.4306 -0.3051
v 0.0790 0.3879 -0.3236
v 0.0738 0.2842 -0.3253
v 0.0778 0.2833 -0.3261
v 0.0033 0.3806 -0.2949
v -0.0382 0.5074 -0.2413
v -0.0688 0.4517 -0.2595
v -0.0668 0.6034 -0.1676
v -0.1345 0.5382 -0.1961
v -0.1708 0.5922 -0.1183
v 0.1823 0.4459 -0.2860
v 0.1168 0.3729 -0.3175
v 0.1828 0.4939 -0.2852
v 0.1065 0.4249 -0.3155
v 0.0845 0.3793 -0.3165
v 0.0897 0.3387 -0.3224
v 0.0780 0.5871 -0.2088
v 0.0752 0.5958 -0.1927
v 0.0863 0.5901 -0.2029
v 0.1053 0.5800 -0.2215
v 0.0673 0.5939 -0.1997
v -0.2487 0.5583 0.0202
v -0.2480 0.5650 0.0175
v -0.2435 0.5571 0.0270
v -0.2393 0.5631 0.0189
v -0.2509 0.5526 0.0427
v -0.0386 0.6198 0.0865
v -0.0721 0.6150 0.0939
v -0.0502 0.6178 0.0773
v -0.0601 0.6026 0.1261
v -0.0891 0.6318 0.0520
v -0.0939 0.6307 0.0588
v -0.0982 0.6274 0.0721
v -0.0858 0.6334 0.0430
v -0.0735 0.6330 0.0281
v -0.0990 0.6050 0.0998
v 0.0377 0.6474 0.0939
v 0.0298 0.6450 0.0821
v 0.0415 0.6467 0.0887
v 0.0458 0.6517 0.0683
v 0.0474 0.6495 0.0875
v -0.1054 0.6211 0.0631
v -0.0997 0.6507 -0.0036
v -0.0788 0.6332 0.0138
v -0.1141 0.6104 0.0710
v -0.0754 0.6406 -0.0024
v -0.0877 0.6057 0.0787
v -0.0990 0.6050 0.0998
v -0.0792 0.6531 -0.0074
v -0.0888 0.6577 -0.0118
v -0.1077 0.6192 0.1310
v -0.1207 0.6186 0.1021
v -0.0601 0.6026 0.1261
v -0.1141 0.6104 0.0710
v -0.1126 0.6632 0.0813
v -0.1253 0.6604 0.0528
v -0.1207 0.6186 0.1021
v -0.1123 0.6488 0.1113
v -0.1136 0.6657 0.1242
v -0.1077 0.6192 0.1310
v -0.1169 0.7020 0.1153
v -0.1090 0.7198 0.0959
v -0.1047 0.7203 0.1231
v -0.1267 0.7273 0.0621
v -0.1156 0.6912 0.0165
v -0.1243 0.7363 0.0217
v -0.1135 0.7732 0.0138
v -0.1110 0.7770 0.0657
v -0.0975 0.7597 0.0893
v -0.0972 0.6964 0.1395
v -0.0981 0.6734 0.1390
v -0.0997 0.6507 -0.0036
v -0.0942 0.7814 0.0761
v -0.0794 0.7785 0.0915
v -0.0950 0.7885 0.0783
v -0.1160 0.7914 0.0642
v -0.1281 0.7856 0.0516
v -0.0734 0.6305 0.1394
v -0.1740 0.5652 0.0128
v -0.2087 0.5791 0.0159
v -0.1793 0.5784 0.0007
v -0.2087 0.5791 0.0159
v -0.1740 0.5652 0.0128
v -0.1728 0.5798 0.0104
v -0.0877 0.6057 0.0787
v -0.0980 0.6174 0.0649
v -0.1054 0.6211 0.0631
v -0.0990 0.6050 0.0998
v -0.0891 0.6166 0.0660
v -0.0891 0.6166 0.0660
v -0.0877 0.6057 0.0787
v -0.0827 0.6136 0.0788
v -0.0980 0.6174 0.0649
v -0.0891 0.6166 0.0660
v -0.0939 0.6212 0.0659
v -0.0827 0.6136 0.0788
v -0.0982 0.6274 0.0721
v -0.1054 0.6211 0.0631
v -0.0980 0.6174 0.0649
v -0.1021 0.6191 0.0680
v -0.1054 0.6211 0.0631
v -0.0980 0.6174 0.0649
v -0.0939 0.6212 0.0659
v -0.1021 0.6191 0.0680
v -0.0939 0.6212 0.0659
v -0.1054 0.6211 0.0631
v -0.1021 0.6191 0.0680
v -0.0778 0.6291 0.0350
v -0.0982 0.6274 0.0721
v -0.0827 0.6136 0.0788
v -0.0927 0.6300 0.0550
v -0.0827 0.6136 0.0788
v -0.0877 0.6057 0.0787
v -0.0778 0.6291 0.0350
v -0.0788 0.6332 0.0138
v -0.0891 0.6318 0.0520
v -0.0939 0.6307 0.0588
v -0.0927 0.6300 0.0550
v -0.0778 0.6291 0.0350
v -0.0982 0.6274 0.0721
v -0.1002 0.5883 0.0126
v -0.0958 0.6039 0.0276
v -0.0908 0.5671 0.0292
v -0.0821 0.5583 0.0424
v -0.0985 0.5705 0.0164
v -0.0978 0.5945 0.0056
v -0.0978 0.6127 -0.0103
v -0.0847 0.5938 0.0045
v -0.0765 0.6067 -0.0006
v -0.0978 0.5945 0.0056
v -0.0978 0.6127 -0.0103
v -0.0739 0.6293 -0.0126
v -0.1008 0.6332 -0.0210
v -0.1002 0.5883 0.0126
v -0.0832 0.5842 0.0109
v -0.0985 0.5705 0.0164
v -0.0908 0.5671 0.0292
v -0.0821 0.6429 -0.0145
v -0.0842 0.5787 0.0190
v -0.0821 0.5583 0.0424
v -0.0917 0.6374 -0.0303
v 0.0055 0.6526 0.1294
v -0.0459 0.6795 0.1401
v -0.0734 0.6305 0.1394
v -0.0047 0.7332 0.1396
v -0.0601 0.6026 0.1261
v -0.1077 0.6192 0.1310
v -0.1123 0.6488 0.1113
v 0.0377 0.6474 0.0939
v 0.0557 0.6619 0.0707
v 0.0323 0.6682 0.1096
v 0.0055 0.6526 0.1294
v 0.0275 0.6981 0.1177
v -0.0047 0.7332 0.1396
v -0.0601 0.6026 0.1261
v 0.0458 0.6517 0.0683
v 0.0574 0.6673 0.0571
v 0.0136 0.5929 0.0522
v 0.0298 0.6450 0.0821
v -0.0778 0.6291 0.0350
v -0.0502 0.6178 0.0773
v -0.0735 0.6330 0.0281
v -0.0858 0.6334 0.0430
v -0.0891 0.6318 0.0520
v -0.0778 0.6291 0.0350
v -0.0735 0.6330 0.0281
v -0.0765 0.6067 -0.0006
v -0.0847 0.5938 0.0045
v -0.0845 0.6088 0.0180
v -0.0768 0.6313 -0.0055
v -0.0739 0.6293 -0.0126
v -0.0829 0.5846 0.0169
v -0.0821 0.5583 0.0424
v -0.0832 0.5842 0.0109
v -0.0842 0.5787 0.0190
v -0.0821 0.6429 -0.0145
v -0.0940 0.6435 -0.0068
v -0.0722 0.6307 0.0102
v -0.0788 0.6332 0.0138
v -0.0587 0.5825 0.0514
v -0.0582 0.5924 0.0292
v -0.0640 0.5845 0.0275
v -0.0620 0.5920 0.0200
v -0.0582 0.5924 0.0292
v -0.0587 0.5825 0.0514
v -0.0788 0.6332 0.0138
v -0.0572 0.6179 0.0323
v -0.0778 0.6291 0.0350
v -0.0722 0.6307 0.0102
v -0.0502 0.6178 0.0773
v -0.0582 0.5924 0.0292
v -0.0572 0.6179 0.0323
v -0.0722 0.6307 0.0102
v -0.0582 0.5924 0.0292
v -0.0620 0.5920 0.0200
v -0.0566 0.5811 0.0237
v -0.0566 0.5811 0.0237
v -0.0572 0.6179 0.0323
v -0.0582 0.5924 0.0292
v -0.1047 0.7203 0.1231
v -0.1008 0.7209 0.1481
v -0.1266 0.7266 0.1282
v -0.1090 0.7198 0.0959
v -0.0710 0.7191 0.1350
v -0.1096 0.7367 0.1559
v -0.0459 0.6795 0.1401
v -0.0710 0.7191 0.1350
v -0.0972 0.6964 0.1395
v -0.0981 0.6734 0.1390
v -0.0689 0.7377 0.1236
v -0.1096 0.7367 0.1559
v -0.1008 0.7209 0.1481
v -0.0844 0.7808 0.1290
v -0.0612 0.7769 0.1119
v -0.0551 0.6664 0.1322
v -0.0734 0.6305 0.1394
v -0.0710 0.7191 0.1350
v -0.1047 0.7203 0.1231
v -0.0972 0.6964 0.1395
v -0.1005 0.7841 0.1170
v -0.0975 0.7597 0.0893
v -0.1114 0.7566 0.1271
v -0.1090 0.7198 0.0959
v -0.1266 0.7266 0.1282
v -0.0794 0.7785 0.0915
v -0.1096 0.7367 0.1559
v -0.0844 0.7808 0.1290
v -0.1136 0.6657 0.1242
v -0.1253 0.6604 0.0528
v -0.1126 0.6632 0.0813
v -0.0459 0.6795 0.1401
v -0.0551 0.6664 0.1322
v -0.0734 0.6305 0.1394
v -0.0047 0.7332 0.1396
v -0.0612 0.7769 0.1119
v -0.0689 0.7377 0.1236
v -0.0459 0.6795 0.1401
v -0.0236 0.7638 0.1345
v -0.0443 0.7781 0.1061
v -0.1005 0.7841 0.1170
v -0.0754 0.8111 0.1321
v -0.1235 0.7888 0.1119
v -0.1158 0.8131 0.1096
v -0.0750 0.7879 0.1477
v -0.0091 0.7994 0.1419
v 0.0086 0.7747 0.1286
v -0.0236 0.7638 0.1345
v -0.0047 0.7332 0.1396
v 0.0275 0.7507 0.1283
v 0.0433 0.7854 0.1120
v 0.0227 0.7231 0.1305
v 0.0225 0.7985 0.1247
v -0.0203 0.7786 0.1485
v 0.0275 0.6981 0.1177
v -0.1460 0.6688 0.0046
v -0.1096 0.6416 -0.0106
v -0.1247 0.6609 0.0129
v -0.1209 0.6452 -0.0229
v -0.0940 0.6435 -0.0068
v -0.1008 0.6332 -0.0210
v -0.1418 0.7146 0.0273
v -0.1527 0.7193 0.0163
v -0.0917 0.6374 -0.0303
v -0.0821 0.6429 -0.0145
v -0.1243 0.7363 0.0217
v -0.1418 0.7146 0.0273
v -0.1156 0.6912 0.0165
v -0.1247 0.6609 0.0129
v -0.0997 0.6507 -0.0036
v -0.0940 0.6435 -0.0068
v -0.0741 0.6494 -0.0178
v -0.0888 0.6577 -0.0118
v -0.1135 0.7732 0.0138
v -0.1343 0.7979 -0.0047
v -0.1090 0.7923 0.0033
v -0.1527 0.7193 0.0163
v -0.0741 0.6494 -0.0178
v -0.0792 0.6531 -0.0074
v -0.0798 0.6524 -0.0205
v -0.0888 0.6577 -0.0118
v -0.0754 0.6406 -0.0024
v -0.0976 0.8081 -0.0696
v -0.0858 0.7723 -0.0985
v -0.1238 0.7822 -0.0459
v -0.1211 0.8098 -0.0381
v -0.1257 0.8374 -0.0092
v -0.1343 0.7979 -0.0047
v -0.1392 0.8211 0.0249
v -0.1382 0.7300 -0.0203
v -0.1527 0.7193 0.0163
v -0.1460 0.6688 0.0046
v -0.1246 0.6930 -0.0353
v -0.1209 0.6452 -0.0229
v -0.0927 0.6900 -0.0751
v -0.0885 0.6603 -0.0735
v -0.1317 0.8430 -0.0033
v -0.1191 0.8694 -0.0141
v -0.1423 0.8167 0.0641
v -0.1426 0.8076 0.0674
v -0.0623 0.6682 -0.0986
v -0.0712 0.7219 -0.0933
v -0.0623 0.7293 -0.0996
v -0.0637 0.7475 -0.1000
v -0.0525 0.7230 -0.1052
v -0.0614 0.7533 -0.1070
v -0.0783 0.7867 -0.1125
v -0.0386 0.7136 -0.1072
v -0.0370 0.6898 -0.1093
v -0.0714 0.8000 -0.0917
v -0.0070 0.8194 0.1738
v -0.0604 0.8284 0.1615
v -0.0209 0.8142 0.1572
v -0.0775 0.8346 0.1400
v 0.0159 0.8283 0.1613
v 0.0326 0.8319 0.1421
v 0.0282 0.8507 0.1665
v -0.0070 0.8194 0.1738
v 0.0159 0.8283 0.1613
v -0.0775 0.8346 0.1400
v -0.1118 0.8405 0.1089
v -0.0698 0.8117 0.1496
v -0.1158 0.8131 0.1096
v -0.1238 0.8385 0.1025
v -0.1423 0.8167 0.0641
v -0.1426 0.8076 0.0674
v -0.0842 0.8704 0.1079
v -0.0209 0.8142 0.1572
v -0.0909 0.8810 0.1053
v -0.0790 0.8880 0.1099
v 0.0005 0.8002 0.1551
v 0.0005 0.8002 0.1551
v -0.0754 0.8111 0.1321
v -0.0091 0.7994 0.1419
v -0.0698 0.8117 0.1496
v 0.0516 0.7872 0.1351
v -0.1158 0.8131 0.1096
v 0.0225 0.7985 0.1247
v 0.0433 0.7854 0.1120
v -0.0593 0.8988 0.1100
v -0.0289 0.8365 0.1727
v 0.0169 0.8595 0.1618
v -0.0776 0.8646 0.1346
v 0.0203 0.8888 0.1431
v -0.0201 0.9188 0.1188
v 0.0120 0.8540 0.1739
v -0.0622 0.8471 0.1674
v 0.0028 0.9209 0.1363
v -0.0622 0.8471 0.1674
v -0.0869 0.8569 0.1329
v -0.0604 0.8284 0.1615
v -0.0775 0.8346 0.1400
v -0.0829 0.8645 0.1511
v -0.0289 0.8365 0.1727
v -0.0862 0.8939 0.1316
v -0.0070 0.8194 0.1738
v -0.0026 0.8321 0.1571
v -0.0136 0.8363 0.1598
v -0.0604 0.8284 0.1615
v 0.0200 0.8475 0.1578
v 0.0282 0.8507 0.1665
v 0.0087 0.8407 0.1496
v -0.0289 0.8365 0.1727
v 0.0200 0.8475 0.1578
v 0.0120 0.8540 0.1739
v -0.0136 0.8363 0.1598
v -0.0604 0.8284 0.1615
v 0.0282 0.8507 0.1665
v 0.0387 0.8502 0.1741
v 0.0459 0.8445 0.1836
v 0.0459 0.8445 0.1836
v 0.0387 0.8502 0.1741
v 0.0366 0.8662 0.1625
v -0.0116 0.8587 0.1456
v -0.0117 0.8578 0.1462
v -0.0117 0.8577 0.1463
v 0.0057 0.8556 0.1532
v -0.0127 0.8485 0.1529
v -0.0136 0.8363 0.1598
v -0.0120 0.8548 0.1484
v -0.0117 0.8577 0.1463
v -0.0116 0.8587 0.1456
v 0.0087 0.8407 0.1496
v -0.0026 0.8321 0.1571
v -0.0120 0.8554 0.1476
v -0.0126 0.8510 0.1503
v -0.0120 0.8548 0.1484
v -0.0117 0.8577 0.1463
v -0.0117 0.8578 0.1462
v -0.0127 0.8485 0.1529
v -0.0126 0.8510 0.1503
v 0.0057 0.8556 0.1532
v 0.0157 0.8485 0.1603
v -0.0120 0.8554 0.1476
v -0.0117 0.8578 0.1462
v -0.0116 0.8587 0.1456
v -0.0127 0.8485 0.1529
v -0.0136 0.8363 0.1598
v 0.0157 0.8485 0.1603
v 0.0200 0.8475 0.1578
v -0.0136 0.8363 0.1598
v 0.0835 0.7587 0.1377
v 0.1187 0.7598 0.1058
v 0.1105 0.7801 0.1064
v 0.0967 0.7282 0.1296
v 0.0870 0.6975 0.1339
v 0.1254 0.7047 0.1056
v 0.0653 0.7934 0.1300
v 0.0874 0.8101 0.1115
v 0.0326 0.8319 0.1421
v 0.0005 0.8002 0.1551
v 0.0516 0.7872 0.1351
v -0.0209 0.8142 0.1572
v 0.0386 0.7488 0.1527
v 0.0693 0.7166 0.1346
v 0.0382 0.7158 0.1515
v 0.0364 0.6794 0.1470
v 0.1203 0.7970 0.0825
v 0.1379 0.7604 0.0641
v 0.1405 0.7970 0.0733
v 0.1429 0.7519 0.0526
v 0.1308 0.7182 0.0830
v 0.1370 0.7093 0.0607
v 0.0087 0.8407 0.1496
v 0.0157 0.8485 0.1603
v 0.0057 0.8556 0.1532
v 0.0200 0.8475 0.1578
v -0.1236 0.8126 0.0682
v -0.1426 0.8076 0.0674
v -0.1268 0.8147 0.0485
v -0.1158 0.8131 0.1096
v -0.1426 0.8076 0.0674
v -0.1143 0.7991 0.0208
v -0.1280 0.8015 0.0516
v -0.1235 0.7888 0.1119
v -0.1343 0.7979 -0.0047
v -0.1090 0.7923 0.0033
v -0.1143 0.7991 0.0208
v -0.1281 0.7856 0.0516
v -0.1280 0.8015 0.0516
v -0.1135 0.7732 0.0138
v -0.1090 0.7923 0.0033
v -0.1235 0.7888 0.1119
v -0.1236 0.8126 0.0682
v -0.1286 0.8069 0.0507
v -0.1310 0.8089 0.0634
v -0.1158 0.8131 0.1096
v -0.1235 0.7888 0.1119
v -0.1268 0.8147 0.0485
v -0.1306 0.8169 0.0457
v -0.1268 0.8147 0.0485
v -0.1426 0.8076 0.0674
v -0.1310 0.8089 0.0634
v -0.1235 0.7888 0.1119
v -0.1286 0.8069 0.0507
v -0.1306 0.8169 0.0457
v -0.1300 0.8115 0.0494
v -0.1310 0.8089 0.0634
v -0.1300 0.8115 0.0494
v -0.1306 0.8169 0.0457
v -0.1268 0.8147 0.0485
v -0.1310 0.8089 0.0634
v -0.1038 0.8889 0.1146
v -0.1118 0.8405 0.1089
v -0.0909 0.8810 0.1053
v -0.0865 0.9014 0.1061
v -0.0751 0.9072 0.1019
v -0.0846 0.8810 0.0990
v -0.1349 0.8488 0.1076
v -0.1238 0.8385 0.1025
v -0.1463 0.8294 0.0828
v -0.1423 0.8167 0.0641
v -0.1539 0.8230 0.0417
v -0.1463 0.8294 0.0828
v -0.1585 0.8419 0.0596
v -0.1349 0.8488 0.1076
v -0.1527 0.8482 0.0243
v -0.1324 0.8628 0.1017
v -0.1038 0.8889 0.1146
v -0.1405 0.8457 -0.0129
v -0.1463 0.8632 -0.0011
v -0.1423 0.8167 0.0641
v -0.1463 0.8294 0.0828
v -0.1539 0.8230 0.0417
v -0.1405 0.8457 -0.0129
v -0.1463 0.8632 -0.0011
v -0.1539 0.8531 -0.0263
v -0.1324 0.8628 0.1017
v -0.0881 0.8854 0.0984
v -0.1221 0.8440 0.0804
v -0.1038 0.8889 0.1146
v -0.1585 0.8419 0.0596
v -0.0733 0.9107 0.0709
v -0.1317 0.8674 0.0057
v -0.1221 0.8440 0.0804
v -0.0881 0.8854 0.0984
v -0.1007 0.9098 0.0240
v -0.1527 0.8482 0.0243
v -0.1585 0.8419 0.0596
v -0.1235 0.8789 -0.0077
v -0.1539 0.8531 -0.0263
v -0.1463 0.8632 -0.0011
v -0.1409 0.8679 -0.0363
v -0.1235 0.8789 -0.0077
v -0.1463 0.8632 -0.0011
v -0.1185 0.9077 -0.0032
v -0.0881 0.8854 0.0984
v -0.1038 0.8889 0.1146
v -0.0823 0.9187 0.0937
v -0.0903 0.9164 0.1259
v -0.1064 0.9003 0.1285
v -0.0656 0.9286 0.0885
v -0.0848 0.9328 0.0353
v -0.1116 0.9144 0.0222
v -0.1185 0.9077 -0.0032
v -0.1463 0.8632 -0.0011
v -0.1527 0.8482 0.0243
v -0.0881 0.8854 0.0984
v -0.0823 0.9187 0.0937
v -0.0733 0.9107 0.0709
v -0.1392 0.8211 0.0249
v -0.1405 0.8457 -0.0129
v -0.1317 0.8430 -0.0033
v -0.1287 0.8452 -0.0156
v -0.1339 0.8475 -0.0279
v -0.1539 0.8531 -0.0263
v -0.1539 0.8230 0.0417
v -0.1423 0.8167 0.0641
v -0.1409 0.8679 -0.0363
v -0.0969 0.7841 0.0824
v -0.1281 0.7856 0.0516
v -0.1110 0.7770 0.0657
v -0.1135 0.7732 0.0138
v -0.0942 0.7814 0.0761
v -0.1235 0.7888 0.1119
v -0.1058 0.7851 0.0804
v -0.0794 0.7785 0.0915
v -0.1005 0.7841 0.1170
v -0.0942 0.7814 0.0761
v -0.1058 0.7851 0.0804
v -0.1084 0.7870 0.0782
v -0.1235 0.7888 0.1119
v -0.1281 0.7856 0.0516
v -0.0950 0.7885 0.0783
v -0.0969 0.7841 0.0824
v -0.1084 0.7870 0.0782
v -0.0794 0.7785 0.0915
v -0.1160 0.7914 0.0642
v -0.1281 0.7856 0.0516
v -0.0612 0.7769 0.1119
v -0.0750 0.7879 0.1477
v -0.0844 0.7808 0.1290
v -0.0203 0.7786 0.1485
v -0.0443 0.7781 0.1061
v -0.1005 0.7841 0.1170
v -0.0236 0.7638 0.1345
v -0.0203 0.7786 0.1485
v -0.0443 0.7781 0.1061
v 0.0086 0.7747 0.1286
v -0.0203 0.7786 0.1485
v -0.0236 0.7638 0.1345
v -0.1058 0.7851 0.0804
v -0.0942 0.7814 0.0761
v -0.1281 0.7856 0.0516
v -0.0942 0.7814 0.0761
v -0.1084 0.7870 0.0782
v -0.0969 0.7841 0.0824
v -0.0862 0.8939 0.1316
v -0.1038 0.8889 0.1146
v -0.0790 0.8880 0.1099
v -0.1064 0.9003 0.1285
v -0.0865 0.9014 0.1061
v -0.0790 0.8880 0.1099
v -0.1038 0.8889 0.1146
v -0.0751 0.9072 0.1019
v -0.0869 0.8569 0.1329
v -0.0790 0.8880 0.1099
v -0.0842 0.8704 0.1079
v -0.0862 0.8939 0.1316
v -0.0829 0.8645 0.1511
v -0.0775 0.8346 0.1400
v -0.0751 0.9072 0.1019
v -0.0846 0.8810 0.0990
v -0.0790 0.8880 0.1099
v -0.0790 0.8880 0.1099
v -0.0846 0.8810 0.0990
v -0.0909 0.8810 0.1053
v -0.0903 0.9164 0.1259
v -0.0862 0.8939 0.1316
v -0.0687 0.9146 0.1192
v -0.1064 0.9003 0.1285
v -0.0593 0.8988 0.1100
v -0.0776 0.8646 0.1346
v -0.0862 0.8939 0.1316
v -0.0622 0.8471 0.1674
v -0.0776 0.8646 0.1346
v 0.0028 0.9209 0.1363
v 0.0157 0.8731 0.1700
v 0.0296 0.8956 0.1467
v 0.0299 0.8752 0.1657
v 0.0393 0.8552 0.1978
v 0.0547 0.8701 0.1865
v 0.0120 0.8540 0.1739
v -0.0010 0.9340 0.1160
v -0.0687 0.9146 0.1192
v -0.0656 0.9286 0.0885
v -0.0903 0.9164 0.1259
v -0.0201 0.9188 0.1188
v -0.0687 0.9146 0.1192
v -0.0593 0.8988 0.1100
v 0.0028 0.9209 0.1363
v -0.0687 0.9146 0.1192
v -0.0201 0.9188 0.1188
v -0.0589 0.9087 0.0704
v -0.0324 0.9219 0.0956
v -0.0310 0.9073 0.0926
v -0.0656 0.9286 0.0885
v -0.0010 0.9340 0.1160
v -0.0083 0.9249 0.0964
v -0.0610 0.9130 0.0677
v -0.0675 0.9127 0.0531
v -0.0656 0.9286 0.0885
v -0.0472 0.9319 0.0520
v -0.0632 0.9181 0.0591
v -0.0348 0.9217 0.0387
v -0.0616 0.9159 0.0271
v -0.0686 0.9177 0.0362
v -0.0830 0.9142 0.0193
v -0.0472 0.9319 0.0520
v -0.0806 0.9283 0.0138
v -0.0686 0.9177 0.0362
v -0.0830 0.9142 0.0193
v -0.0402 0.9288 0.0610
v -0.0656 0.9286 0.0885
v -0.0571 0.9111 0.0685
v -0.0610 0.9130 0.0677
v -0.0675 0.9127 0.0531
v -0.0571 0.9111 0.0685
v -0.0656 0.9286 0.0885
v 0.0353 0.9263 0.0654
v -0.0215 0.9256 0.0466
v 0.0112 0.9272 0.0710
v -0.0297 0.9336 0.0457
v 0.0201 0.9500 -0.0112
v -0.0593 0.9218 0.0027
v -0.0416 0.9168 -0.0540
v -0.0806 0.9283 0.0138
v -0.0472 0.9319 0.0520
v 0.0633 0.9335 0.0401
v -0.0402 0.9288 0.0610
v -0.0083 0.9249 0.0964
v -0.0656 0.9286 0.0885
v 0.0891 0.9361 -0.0234
v 0.0349 0.9330 -0.0870
v -0.0343 0.9330 -0.0611
v 0.0576 0.9198 -0.0814
v 0.1035 0.9234 -0.0632
v 0.1069 0.9141 -0.0779
v 0.0577 0.9144 -0.1008
v 0.0545 0.9202 -0.0890
v -0.0571 0.9111 0.0685
v -0.0130 0.9107 0.0802
v -0.0402 0.9288 0.0610
v -0.0589 0.9087 0.0704
v -0.0675 0.9127 0.0531
v -0.0083 0.9249 0.0964
v -0.0402 0.9288 0.0610
v -0.0130 0.9107 0.0802
v -0.0310 0.9073 0.0926
v -0.0130 0.9107 0.0802
v -0.0589 0.9087 0.0704
v -0.0083 0.9249 0.0964
v 0.0157 0.8731 0.1700
v 0.0203 0.8888 0.1431
v 0.0169 0.8595 0.1618
v 0.0120 0.8540 0.1739
v 0.0028 0.9209 0.1363
v 0.0360 0.8714 0.1379
v 0.0338 0.8883 0.1275
v 0.0296 0.8956 0.1467
v 0.0366 0.8662 0.1625
v 0.0299 0.8752 0.1657
v -0.0083 0.9249 0.0964
v 0.0095 0.9076 0.0913
v -0.0010 0.9340 0.1160
v 0.0348 0.8686 0.1304
v 0.0360 0.8714 0.1379
v 0.0260 0.8594 0.1341
v 0.0272 0.8819 0.1215
v 0.0338 0.8883 0.1275
v -0.0065 0.9153 0.1019
v -0.0074 0.9158 0.1009
v -0.0073 0.9156 0.1011
v -0.0079 0.9159 0.1003
v -0.0079 0.9159 0.1003
v -0.0111 0.9175 0.0960
v -0.0110 0.9156 0.1011
v -0.0073 0.9156 0.1011
v -0.0068 0.9146 0.0988
v -0.0072 0.9152 0.0997
v -0.0073 0.9156 0.1011
v -0.0111 0.9175 0.0960
v -0.0068 0.9146 0.0988
v -0.0065 0.9153 0.1019
v -0.0110 0.9156 0.1011
v -0.0071 0.9148 0.0984
v -0.0079 0.9159 0.1003
v -0.0072 0.9152 0.0997
v -0.0068 0.9146 0.0988
v -0.0074 0.9158 0.1009
v -0.0065 0.9153 0.1019
v -0.0068 0.9146 0.0988
v -0.0079 0.9159 0.1003
v -0.0071 0.9148 0.0984
v 0.0369 0.8578 0.1257
v 0.0326 0.8319 0.1421
v 0.0698 0.8581 0.1201
v 0.0637 0.8257 0.1413
v 0.0348 0.8686 0.1304
v 0.0508 0.8860 0.1072
v 0.0846 0.8842 0.0764
v 0.0353 0.9263 0.0654
v 0.0633 0.9335 0.0401
v 0.0095 0.9076 0.0913
v 0.0112 0.9272 0.0710
v -0.0083 0.9249 0.0964
v 0.0890 0.8512 0.0951
v 0.0852 0.8855 0.0807
v 0.0941 0.8886 0.0771
v 0.0941 0.8886 0.0771
v 0.0782 0.8985 0.0677
v 0.0852 0.8855 0.0807
v 0.1032 0.8691 0.0888
v 0.0890 0.8512 0.0951
v -0.1116 0.9144 0.0222
v -0.1527 0.8482 0.0243
v -0.1317 0.8674 0.0057
v -0.1116 0.9144 0.0222
v -0.0733 0.9107 0.0709
v -0.0823 0.9187 0.0937
v -0.1007 0.9098 0.0240
v -0.1007 0.9098 0.0240
v -0.1116 0.9144 0.0222
v -0.1317 0.8674 0.0057
v -0.0632 0.9181 0.0591
v -0.0830 0.9142 0.0193
v -0.0848 0.9328 0.0353
v -0.0656 0.9286 0.0885
v -0.1185 0.9077 -0.0032
v -0.1235 0.8789 -0.0077
v -0.0902 0.8926 -0.0118
v -0.1003 0.8584 -0.0615
v -0.1041 0.8587 -0.0417
v -0.0714 0.8837 -0.0768
v -0.0416 0.9168 -0.0540
v -0.0593 0.9218 0.0027
v -0.0830 0.9142 0.0193
v -0.1235 0.8789 -0.0077
v -0.1023 0.8500 -0.0120
v -0.0665 0.8976 -0.0763
v -0.0343 0.9330 -0.0611
v 0.0201 0.9500 -0.0112
v -0.0806 0.9283 0.0138
v -0.0593 0.9218 0.0027
v -0.0830 0.9142 0.0193
v -0.0515 0.9255 0.0364
v -0.0412 0.9242 0.0436
v -0.0472 0.9319 0.0520
v -0.0348 0.9217 0.0387
v -0.0616 0.9159 0.0271
v -0.0686 0.9177 0.0362
v -0.0215 0.9256 0.0466
v 0.0353 0.9263 0.0654
v -0.0297 0.9336 0.0457
v -0.1526 0.6278 -0.0593
v -0.1176 0.6513 -0.0876
v -0.1298 0.6453 -0.0916
v -0.1279 0.6191 0.0132
v -0.0973 0.6596 -0.1182
v -0.1693 0.5999 -0.0789
v -0.1209 0.6452 -0.0229
v -0.0885 0.6603 -0.0735
v -0.0869 0.6470 -0.1004
v -0.0623 0.6682 -0.0986
v -0.1665 0.6196 -0.0631
v -0.1628 0.6237 -0.0080
v -0.1952 0.5804 0.0349
v -0.1598 0.5990 -0.0283
v -0.1658 0.5881 0.0040
v -0.1665 0.6196 -0.0631
v -0.1952 0.5804 0.0349
v -0.1693 0.5999 -0.0789
v -0.1598 0.5990 -0.0283
v -0.1665 0.6196 -0.0631
v -0.1744 0.5927 -0.0810
v -0.1613 0.5979 -0.0883
v -0.1550 0.5977 -0.0962
v -0.1742 0.5918 -0.0717
v -0.1643 0.5980 -0.0942
v -0.1693 0.5999 -0.0789
v -0.1742 0.5918 -0.0717
v -0.1744 0.5927 -0.0810
v -0.1643 0.5980 -0.0942
v -0.0150 0.6501 -0.1639
v -0.0429 0.6303 -0.1403
v -0.1104 0.6441 -0.1186
v -0.0695 0.6250 -0.1227
v -0.0917 0.6294 -0.1152
v -0.0768 0.6246 -0.1183
v -0.0110 0.6123 -0.1584
v -0.1298 0.6453 -0.0916
v -0.0184 0.6662 -0.1573
v -0.0973 0.6596 -0.1182
v -0.0699 0.6143 -0.1404
v 0.0498 0.6612 -0.1634
v -0.1693 0.5999 -0.0789
v -0.1613 0.5979 -0.0883
v -0.1742 0.5918 -0.0717
v -0.1643 0.5980 -0.0942
v -0.1550 0.5977 -0.0962
v -0.1613 0.5979 -0.0883
v -0.0927 0.6900 -0.0751
v -0.1293 0.6845 -0.0647
v -0.0967 0.7029 -0.1087
v -0.1246 0.6930 -0.0353
v -0.0712 0.7219 -0.0933
v -0.1517 0.7143 -0.0336
v -0.1293 0.6845 -0.0647
v -0.1246 0.6930 -0.0353
v -0.1382 0.7300 -0.0203
v 0.0144 0.6722 -0.1390
v 0.0068 0.6516 -0.1237
v 0.0393 0.6489 -0.1193
v 0.0507 0.6685 -0.1301
v -0.0973 0.6596 -0.1182
v -0.0447 0.6421 -0.1112
v -0.0869 0.6470 -0.1004
v -0.1176 0.6513 -0.0876
v 0.0495 0.6465 -0.1113
v 0.0633 0.6543 -0.1065
v 0.0744 0.6500 -0.0978
v 0.1139 0.6537 -0.0969
v 0.0590 0.6699 -0.1345
v 0.0586 0.6505 -0.1075
v -0.0184 0.6662 -0.1573
v -0.0798 0.6524 -0.0205
v -0.0888 0.6577 -0.0118
v -0.0741 0.6494 -0.0178
v -0.0768 0.6246 -0.1183
v -0.0695 0.6250 -0.1227
v -0.0760 0.6268 -0.1195
v -0.0429 0.6303 -0.1403
v -0.0917 0.6294 -0.1152
v -0.0224 0.6601 -0.1061
v -0.0623 0.6682 -0.0986
v -0.0130 0.6944 -0.1116
v 0.0143 0.6795 -0.1160
v -0.0869 0.6470 -0.1004
v -0.0370 0.6898 -0.1093
v -0.0447 0.6421 -0.1112
v 0.0088 0.6877 -0.1113
v -0.0557 0.6117 -0.1387
v -0.0667 0.6132 -0.1363
v -0.0601 0.6136 -0.1342
v -0.0712 0.6123 -0.1337
v -0.0712 0.6123 -0.1337
v -0.0557 0.6117 -0.1387
v -0.0601 0.6136 -0.1342
v -0.0667 0.6132 -0.1363
v -0.0557 0.6117 -0.1387
v -0.0712 0.6123 -0.1337
v 0.0200 0.6158 -0.1548
v -0.0133 0.6093 -0.1512
v -0.0317 0.6154 -0.1408
v 0.0066 0.6075 -0.1587
v -0.0284 0.6073 -0.1477
v 0.0265 0.6128 -0.1616
v -0.0315 0.6124 -0.1515
v -0.0317 0.6154 -0.1408
v -0.0284 0.6073 -0.1477
v -0.0330 0.6860 -0.1458
v 0.0317 0.6772 -0.1404
v 0.0007 0.6886 -0.1363
v -0.0205 0.6908 -0.1350
v -0.0130 0.6944 -0.1116
v 0.0391 0.6724 -0.1639
v 0.0561 0.6733 -0.1376
v -0.0269 0.6836 -0.1643
v 0.0088 0.6877 -0.1113
v -0.0370 0.6898 -0.1093
v -0.0575 0.6928 -0.1261
v 0.0143 0.6795 -0.1160
v 0.0590 0.6699 -0.1345
v 0.0561 0.6733 -0.1376
v 0.0391 0.6724 -0.1639
v 0.0373 0.6482 -0.1056
v 0.0068 0.6516 -0.1237
v 0.0010 0.6474 -0.0977
v 0.0393 0.6489 -0.1193
v 0.0495 0.6465 -0.1113
v -0.0074 0.6452 -0.1039
v -0.0168 0.6512 -0.1009
v -0.0447 0.6421 -0.1112
v -0.0110 0.6123 -0.1584
v -0.0265 0.6191 -0.1495
v -0.0133 0.6093 -0.1512
v 0.0066 0.6075 -0.1587
v 0.0106 0.6157 -0.1657
v -0.0315 0.6124 -0.1515
v -0.0284 0.6073 -0.1477
v 0.0265 0.6128 -0.1616
v 0.0076 0.6159 -0.1615
v 0.0066 0.6075 -0.1587
v -0.0317 0.6154 -0.1408
v -0.0315 0.6124 -0.1515
v -0.0265 0.6191 -0.1495
v 0.0200 0.6158 -0.1548
v -0.0110 0.6123 -0.1584
v 0.0076 0.6159 -0.1615
v 0.0265 0.6128 -0.1616
v -0.0023 0.6433 -0.1547
v 0.0106 0.6157 -0.1657
v 0.0076 0.6159 -0.1615
v 0.0066 0.6075 -0.1587
v -0.0110 0.6123 -0.1584
v -0.0023 0.6433 -0.1547
v -0.0110 0.6123 -0.1584
v -0.0150 0.6501 -0.1639
v 0.0498 0.6612 -0.1634
v 0.1013 0.6313 -0.1595
v 0.0676 0.6149 -0.1745
v 0.1122 0.6075 -0.1589
v 0.1190 0.6496 -0.1344
v 0.0106 0.6157 -0.1657
v 0.1446 0.6842 -0.0355
v 0.1007 0.6903 -0.0047
v 0.0963 0.6799 -0.0449
v 0.0921 0.6871 -0.0102
v 0.1379 0.6864 -0.0017
v 0.1090 0.6878 -0.0733
v 0.1202 0.6825 0.0109
v 0.1099 0.6843 0.0155
v 0.0863 0.6822 -0.0445
v 0.0765 0.6837 -0.0662
v 0.1132 0.5836 0.0754
v 0.0944 0.6138 0.0421
v 0.1056 0.6157 0.0423
v 0.1001 0.5732 0.0815
v 0.0917 0.6496 0.0034
v 0.1072 0.6635 -0.0095
v 0.1241 0.5854 0.1004
v 0.1117 0.5780 0.1122
v 0.0963 0.6799 -0.0449
v 0.0921 0.6871 -0.0102
v 0.0877 0.6891 -0.0484
v 0.0702 0.6568 -0.0612
v 0.0733 0.6586 -0.0642
v 0.0799 0.6565 -0.0602
v 0.0934 0.6754 -0.0765
v 0.0668 0.6609 -0.0796
v 0.0494 0.6685 -0.0998
v 0.0455 0.6912 -0.1182
v 0.0886 0.7021 -0.1254
v 0.1122 0.7007 -0.1012
v 0.1090 0.6878 -0.0733
v 0.0511 0.6989 -0.1407
v 0.1358 0.7014 -0.0706
v 0.1446 0.6842 -0.0355
v 0.0217 0.6994 -0.1462
v 0.0007 0.6886 -0.1363
v 0.0143 0.6795 -0.1160
v 0.0612 0.6512 -0.0585
v 0.1063 0.6681 -0.0623
v 0.0286 0.6654 -0.1039
v -0.0224 0.6601 -0.1061
v 0.0188 0.6576 -0.0995
v -0.0168 0.6512 -0.1009
v -0.0447 0.6421 -0.1112
v 0.0010 0.6474 -0.0977
v 0.0729 0.6490 -0.0471
v 0.0609 0.6531 -0.0575
v 0.0707 0.6564 -0.0614
v 0.0870 0.6462 -0.0033
v 0.0917 0.6496 0.0034
v 0.1072 0.6635 -0.0095
v 0.0609 0.6531 -0.0575
v 0.0733 0.6586 -0.0642
v 0.0707 0.6564 -0.0614
v 0.0373 0.6482 -0.1056
v 0.0494 0.6685 -0.0998
v 0.0495 0.6465 -0.1113
v 0.0188 0.6576 -0.0995
v 0.0010 0.6474 -0.0977
v 0.0586 0.6505 -0.1075
v 0.0633 0.6543 -0.1065
v 0.0744 0.6500 -0.0978
v 0.1139 0.6537 -0.0969
v 0.0212 0.6608 -0.1384
v 0.0053 0.6672 -0.1457
v 0.0144 0.6722 -0.1390
v -0.0184 0.6662 -0.1573
v 0.0394 0.6628 -0.1384
v 0.0388 0.6561 -0.1329
v 0.0212 0.6608 -0.1384
v 0.0394 0.6628 -0.1384
v 0.0525 0.6564 -0.1423
v -0.0575 0.6928 -0.1261
v -0.0302 0.7128 -0.1519
v -0.0330 0.6860 -0.1458
v -0.0692 0.7213 -0.1280
v -0.0298 0.7129 -0.1629
v -0.0269 0.6836 -0.1643
v 0.0321 0.7681 -0.1763
v 0.0869 0.6997 -0.1524
v 0.0084 0.7015 -0.1724
v 0.0903 0.7627 -0.1587
v 0.0391 0.6724 -0.1639
v 0.1064 0.7724 -0.1523
v 0.0363 0.8087 -0.1749
v 0.0980 0.7968 -0.1675
v 0.1258 0.7907 -0.1631
v -0.0201 0.7797 -0.1607
v 0.0498 0.6612 -0.1634
v 0.0158 0.6663 -0.1528
v 0.0542 0.6593 -0.1454
v 0.1190 0.6496 -0.1344
v -0.0184 0.6662 -0.1573
v 0.0053 0.6672 -0.1457
v 0.0212 0.6608 -0.1384
v 0.0360 0.6633 -0.1474
v 0.0388 0.6561 -0.1329
v 0.0525 0.6564 -0.1423
v 0.0507 0.6685 -0.1301
v 0.0542 0.6593 -0.1454
v 0.0158 0.6663 -0.1528
v 0.0144 0.6722 -0.1390
v 0.0542 0.6593 -0.1454
v 0.0525 0.6564 -0.1423
v 0.0590 0.6699 -0.1345
v 0.0641 0.6742 -0.1343
v 0.0886 0.7021 -0.1254
v 0.0511 0.6989 -0.1407
v 0.0561 0.6733 -0.1376
v 0.0317 0.6772 -0.1404
v 0.0217 0.6994 -0.1462
v 0.1106 0.6718 -0.0996
v 0.1122 0.7007 -0.1012
v 0.1358 0.7014 -0.0706
v 0.0590 0.6699 -0.1345
v 0.1430 0.6735 -0.0432
v 0.0007 0.6886 -0.1363
v 0.0507 0.6685 -0.1301
v -0.1315 0.7549 -0.0938
v -0.1512 0.7129 -0.0703
v -0.1435 0.7510 -0.0596
v -0.1479 0.7574 -0.0387
v -0.1517 0.7143 -0.0336
v -0.1358 0.7092 -0.0585
v -0.1293 0.6845 -0.0647
v -0.0967 0.7029 -0.1087
v -0.1176 0.7139 -0.0915
v -0.1118 0.7549 -0.0885
v -0.0882 0.7632 -0.1071
v -0.1163 0.7874 -0.0804
v -0.1435 0.7510 -0.0596
v -0.1512 0.7129 -0.0703
v -0.1358 0.7092 -0.0585
v -0.1176 0.7139 -0.0915
v -0.1358 0.7092 -0.0585
v -0.1512 0.7129 -0.0703
v -0.0721 0.7385 -0.0974
v -0.0712 0.7219 -0.0933
v -0.0882 0.7632 -0.1071
v -0.0637 0.7475 -0.1000
v -0.0967 0.7029 -0.1087
v -0.0674 0.7440 -0.1008
v -0.1238 0.7822 -0.0459
v -0.1479 0.7574 -0.0387
v -0.1382 0.7300 -0.0203
v -0.1517 0.7143 -0.0336
v -0.1163 0.7874 -0.0804
v -0.1118 0.7549 -0.0885
v -0.1315 0.7549 -0.0938
v -0.1479 0.7574 -0.0387
v -0.0845 0.7972 -0.0803
v -0.0893 0.8127 -0.0704
v -0.0714 0.8000 -0.0917
v -0.0637 0.7475 -0.1000
v -0.0935 0.8085 -0.0617
v -0.0674 0.7440 -0.1008
v -0.0674 0.7440 -0.1008
v -0.0858 0.7723 -0.0985
v -0.0845 0.7972 -0.0803
v -0.0882 0.7632 -0.1071
v -0.0525 0.7230 -0.1052
v -0.0580 0.7239 -0.1095
v -0.1163 0.7874 -0.0804
v -0.0976 0.8081 -0.0696
v -0.0935 0.8085 -0.0617
v -0.1238 0.7822 -0.0459
v -0.0851 0.8112 -0.0772
v -0.0846 0.8087 -0.0690
v -0.0871 0.8108 -0.0731
v -0.0893 0.8127 -0.0704
v -0.0948 0.8143 -0.0660
v -0.0935 0.8085 -0.0617
v -0.0840 0.8106 -0.0738
v -0.0714 0.8000 -0.0917
v -0.0428 0.7880 -0.1450
v -0.0783 0.7867 -0.1125
v -0.0827 0.8025 -0.1123
v -0.0201 0.7797 -0.1607
v -0.0298 0.7129 -0.1629
v -0.0692 0.7213 -0.1280
v -0.0976 0.8081 -0.0696
v -0.0298 0.7129 -0.1629
v -0.0302 0.7128 -0.1519
v -0.0692 0.7213 -0.1280
v -0.0893 0.8127 -0.0704
v -0.0976 0.8081 -0.0696
v -0.0874 0.8082 -0.0749
v -0.0948 0.8143 -0.0660
v -0.0714 0.8000 -0.0917
v -0.0976 0.8081 -0.0696
v -0.0948 0.8143 -0.0660
v -0.0935 0.8085 -0.0617
v -0.0840 0.8106 -0.0738
v -0.0874 0.8082 -0.0749
v -0.0871 0.8108 -0.0731
v -0.0714 0.8000 -0.0917
v -0.0893 0.8127 -0.0704
v -0.0935 0.8085 -0.0617
v -0.0840 0.8106 -0.0738
v -0.0893 0.8127 -0.0704
v -0.0846 0.8087 -0.0690
v -0.0714 0.8000 -0.0917
v -0.0851 0.8112 -0.0772
v -0.0976 0.8081 -0.0696
v -0.0783 0.7867 -0.1125
v -0.0871 0.8108 -0.0731
v -0.0874 0.8082 -0.0749
v -0.0851 0.8112 -0.0772
v -0.0976 0.8081 -0.0696
v -0.0851 0.8112 -0.0772
v -0.0874 0.8082 -0.0749
v -0.0525 0.7230 -0.1052
v -0.0614 0.7533 -0.1070
v -0.0580 0.7239 -0.1095
v -0.0623 0.7293 -0.0996
v -0.0721 0.7385 -0.0974
v -0.0580 0.7239 -0.1095
v -0.0386 0.7136 -0.1072
v -0.0692 0.7213 -0.1280
v -0.0575 0.6928 -0.1261
v -0.0370 0.6898 -0.1093
v -0.0882 0.7632 -0.1071
v -0.0614 0.7533 -0.1070
v -0.0692 0.7213 -0.1280
v -0.0580 0.7239 -0.1095
v -0.0783 0.7867 -0.1125
v -0.0674 0.7440 -0.1008
v -0.0721 0.7385 -0.0974
v -0.0623 0.7293 -0.0996
v -0.0525 0.7230 -0.1052
v -0.0213 0.7852 -0.1480
v -0.0076 0.7830 -0.1574
v -0.0201 0.7797 -0.1607
v -0.0428 0.7880 -0.1450
v -0.0140 0.7800 -0.1608
v -0.0146 0.7800 -0.1608
v -0.0141 0.7801 -0.1607
v -0.0136 0.7803 -0.1605
v -0.0137 0.7800 -0.1607
v -0.0126 0.7805 -0.1603
v -0.0137 0.7800 -0.1607
v -0.0136 0.7803 -0.1605
v -0.0129 0.7801 -0.1607
v -0.0140 0.7800 -0.1608
v -0.0143 0.7800 -0.1608
v -0.0146 0.7800 -0.1608
v -0.0137 0.7800 -0.1607
v -0.0141 0.7801 -0.1607
v -0.0129 0.7801 -0.1607
v -0.0136 0.7803 -0.1605
v -0.0141 0.7801 -0.1607
v -0.0129 0.7801 -0.1607
v -0.0126 0.7805 -0.1603
v -0.0339 0.8317 -0.1434
v -0.0796 0.8544 -0.0905
v -0.0155 0.8750 -0.1344
v -0.0827 0.8025 -0.1123
v -0.1003 0.8584 -0.0615
v -0.1211 0.8217 -0.0647
v -0.0714 0.8837 -0.0768
v -0.0557 0.8943 -0.0935
v -0.0428 0.7880 -0.1450
v 0.0363 0.8087 -0.1749
v -0.0225 0.7869 -0.1563
v 0.0321 0.7681 -0.1763
v -0.0201 0.7797 -0.1607
v 0.0683 0.8895 -0.1353
v 0.0086 0.9076 -0.1169
v -0.0477 0.8841 -0.0983
v -0.0343 0.9330 -0.0611
v -0.0508 0.8917 -0.0913
v -0.0665 0.8976 -0.0763
v 0.0540 0.9220 -0.1062
v 0.0349 0.9330 -0.0870
v -0.1151 0.8556 -0.0635
v -0.1260 0.8288 -0.0526
v -0.0796 0.8544 -0.0905
v -0.0557 0.8943 -0.0935
v -0.0155 0.8750 -0.1344
v -0.0494 0.8813 -0.0995
v -0.0606 0.8728 -0.0937
v -0.0583 0.8880 -0.0865
v -0.0477 0.8841 -0.0983
v -0.0508 0.8917 -0.0913
v -0.0428 0.7880 -0.1450
v -0.0225 0.7869 -0.1563
v -0.0213 0.7852 -0.1480
v -0.0076 0.7830 -0.1574
v -0.0076 0.7830 -0.1574
v -0.0225 0.7869 -0.1563
v -0.0201 0.7797 -0.1607
v -0.1191 0.8694 -0.0141
v -0.1287 0.8452 -0.0156
v -0.1041 0.8587 -0.0417
v -0.1127 0.8462 -0.0421
v -0.1151 0.8335 -0.0403
v -0.1317 0.8430 -0.0033
v -0.1287 0.8452 -0.0156
v -0.1257 0.8374 -0.0092
v -0.1145 0.8340 -0.0137
v -0.1151 0.8335 -0.0403
v -0.0976 0.8081 -0.0696
v -0.1257 0.8374 -0.0092
v -0.1260 0.8288 -0.0526
v -0.1211 0.8217 -0.0647
v -0.0827 0.8025 -0.1123
v -0.1339 0.8475 -0.0279
v -0.1287 0.8452 -0.0156
v -0.0940 0.8532 -0.0312
v -0.1127 0.8462 -0.0421
v -0.1023 0.8500 -0.0120
v -0.1145 0.8340 -0.0137
v -0.1151 0.8335 -0.0403
v -0.1041 0.8587 -0.0417
v -0.1299 0.8661 -0.0262
v -0.1081 0.8371 -0.0550
v -0.1339 0.8475 -0.0279
v -0.1003 0.8584 -0.0615
v -0.1260 0.8288 -0.0526
v -0.1191 0.8694 -0.0141
v -0.1003 0.8584 -0.0615
v -0.1299 0.8661 -0.0262
v -0.1041 0.8587 -0.0417
v -0.1409 0.8679 -0.0363
v -0.1299 0.8661 -0.0262
v -0.1339 0.8475 -0.0279
v -0.1235 0.8789 -0.0077
v -0.1191 0.8694 -0.0141
v -0.0902 0.8926 -0.0118
v -0.1257 0.8374 -0.0092
v -0.1191 0.8694 -0.0141
v -0.1023 0.8500 -0.0120
v -0.1145 0.8340 -0.0137
v -0.1235 0.8789 -0.0077
v -0.1023 0.8500 -0.0120
v -0.1041 0.8587 -0.0417
v -0.0940 0.8532 -0.0312
v -0.1003 0.8584 -0.0615
v -0.1151 0.8556 -0.0635
v -0.1081 0.8371 -0.0550
v -0.1260 0.8288 -0.0526
v -0.0593 0.8788 -0.0803
v -0.0639 0.8753 -0.0900
v -0.0685 0.8800 -0.0706
v -0.0606 0.8728 -0.0937
v -0.0685 0.8800 -0.0706
v -0.0639 0.8753 -0.0900
v -0.0714 0.8837 -0.0768
v -0.0665 0.8976 -0.0763
v -0.0583 0.8880 -0.0865
v -0.0593 0.8788 -0.0803
v -0.0557 0.8943 -0.0935
v -0.0606 0.8728 -0.0937
v -0.0714 0.8837 -0.0768
v -0.0685 0.8800 -0.0706
v -0.0639 0.8753 -0.0900
v -0.0508 0.8917 -0.0913
v -0.0583 0.8880 -0.0865
v -0.0714 0.8837 -0.0768
v -0.0583 0.8880 -0.0865
v -0.0557 0.8943 -0.0935
v -0.0714 0.8837 -0.0768
v -0.0494 0.8813 -0.0995
v -0.0477 0.8841 -0.0983
v -0.0639 0.8753 -0.0900
v -0.0606 0.8728 -0.0937
v -0.0557 0.8943 -0.0935
v -0.0155 0.8750 -0.1344
v -0.0557 0.8943 -0.0935
v -0.0665 0.8976 -0.0763
v -0.0508 0.8917 -0.0913
v -0.0639 0.8753 -0.0900
v -0.0557 0.8943 -0.0935
v -0.0508 0.8917 -0.0913
v 0.1218 0.0235 0.3851
v 0.0464 0.0260 0.4368
v 0.0910 0.0241 0.4196
v 0.0292 0.0253 0.3914
v 0.1267 0.0317 0.4266
v 0.1008 0.0305 0.4357
v 0.0288 0.0199 0.4199
v 0.0282 0.0218 0.4364
v 0.0390 0.0831 0.4387
v 0.1008 0.0305 0.4357
v 0.0464 0.0260 0.4368
v 0.0282 0.0218 0.4364
v 0.1267 0.0317 0.4266
v 0.1239 0.0655 0.4315
v 0.1237 0.0837 0.4318
v 0.0229 0.0845 0.4280
v 0.1101 0.0850 0.4404
v 0.0327 0.0218 0.4459
v 0.1147 0.0581 0.4430
v 0.0328 0.0859 0.4432
v 0.1303 0.0244 0.4401
v 0.1353 0.0737 0.4467
v 0.0327 0.0218 0.4459
v 0.0229 0.0845 0.4280
v 0.0282 0.0218 0.4364
v 0.0328 0.0859 0.4432
v 0.0390 0.0831 0.4387
v 0.0229 0.0845 0.4280
v 0.0293 0.0759 0.4127
v 0.0993 0.0888 0.3916
v 0.0281 0.0872 0.3990
v 0.1101 0.0850 0.4404
v 0.0328 0.0859 0.4432
v 0.1338 0.0883 0.4246
v 0.1317 0.0859 0.3993
v 0.0229 0.0845 0.4280
v 0.1353 0.0737 0.4467
v 0.1237 0.0837 0.4318
v 0.0390 0.0831 0.4387
v 0.1223 0.0822 0.3839
v 0.0238 0.0820 0.3916
v 0.1330 0.1061 0.3792
v 0.1223 0.0822 0.3839
v 0.0768 0.1156 0.3834
v 0.0238 0.0820 0.3916
v 0.0209 0.1112 0.3938
v 0.1328 0.0507 0.3829
v 0.1120 0.1213 0.3759
v 0.0849 0.1356 0.3726
v 0.1049 0.1418 0.3701
v 0.1215 0.0470 0.3904
v 0.1353 0.0737 0.4467
v 0.1276 0.0561 0.4069
v 0.1286 0.0631 0.4022
v 0.1338 0.0883 0.4246
v 0.1303 0.0244 0.4401
v 0.1317 0.0859 0.3993
v 0.1298 0.0187 0.4057
v 0.1346 0.0368 0.3958
v 0.1339 0.0300 0.3966
v 0.1276 0.0561 0.4069
v 0.1223 0.0822 0.3839
v 0.1286 0.0631 0.4022
v 0.1399 0.0557 0.4064
v 0.1215 0.0470 0.3904
v 0.1276 0.0561 0.4069
v 0.1276 0.0561 0.4069
v 0.1239 0.0655 0.4315
v 0.1223 0.0822 0.3839
v 0.1267 0.0317 0.4266
v 0.1237 0.0837 0.4318
v 0.1218 0.0235 0.3851
v 0.1215 0.0470 0.3904
v 0.3108 0.0229 0.2952
v 0.2566 0.0222 0.3403
v 0.2562 0.0356 0.3312
v 0.3328 0.0298 0.2716
v 0.1985 0.0234 0.3763
v 0.1687 0.0395 0.3772
v 0.1672 0.0228 0.3891
v 0.1215 0.0470 0.3904
v 0.3329 0.0369 0.2505
v 0.3754 0.0367 0.2099
v 0.3786 0.0493 0.1791
v 0.1424 0.0220 0.3944
v 0.1218 0.0235 0.3851
v 0.1215 0.0470 0.3904
v 0.1672 0.0228 0.3891
v 0.1733 0.0535 0.4140
v 0.1399 0.0557 0.4064
v 0.1339 0.0300 0.3966
v 0.1276 0.0561 0.4069
v 0.1736 0.0397 0.3836
v 0.1502 0.0549 0.4223
v 0.1339 0.0300 0.3966
v 0.1276 0.0561 0.4069
v 0.1346 0.0368 0.3958
v 0.1399 0.0557 0.4064
v 0.1317 0.0859 0.3993
v 0.1286 0.0631 0.4022
v 0.1418 0.1013 0.4042
v 0.1303 0.1124 0.3872
v 0.1215 0.0470 0.3904
v 0.1223 0.0822 0.3839
v 0.1459 0.0967 0.4208
v 0.1502 0.0549 0.4223
v 0.1330 0.1061 0.3792
v 0.1424 0.0518 0.4002
v 0.1328 0.0507 0.3829
v 0.1382 0.1012 0.3961
v 0.1424 0.0518 0.4002
v 0.1215 0.0470 0.3904
v 0.1328 0.0507 0.3829
v 0.0504 0.1063 0.3172
v 0.0603 0.1237 0.3288
v 0.0481 0.1183 0.3238
v 0.0344 0.1160 0.3313
v 0.0336 0.1210 0.3248
v 0.0344 0.1160 0.3313
v 0.0481 0.1183 0.3238
v 0.0604 0.1155 0.3220
v 0.0723 0.1098 0.3546
v 0.0587 0.1199 0.3503
v 0.0604 0.1155 0.3220
v 0.0587 0.1199 0.3503
v 0.0504 0.1063 0.3172
v 0.0604 0.1155 0.3220
v 0.0504 0.1063 0.3172
v 0.0810 0.1027 0.3155
v 0.0344 0.1160 0.3313
v 0.0424 0.1295 0.3428
v 0.0587 0.1199 0.3503
v 0.0336 0.1210 0.3248
v 0.0504 0.1063 0.3172
v 0.0587 0.1199 0.3503
v 0.0603 0.1237 0.3288
v 0.0603 0.1237 0.3288
v 0.0424 0.1295 0.3428
v 0.0336 0.1210 0.3248
v 0.0587 0.1199 0.3503
v 0.3929 0.0223 0.1625
v 0.4008 0.0189 0.0766
v 0.3657 0.0212 0.1737
v 0.3778 0.0234 0.2023
v 0.3326 0.0210 0.2364
v 0.3458 0.0228 0.2516
v 0.2933 0.0221 0.2850
v 0.3108 0.0229 0.2952
v 0.2632 0.0211 0.3184
v 0.2566 0.0222 0.3403
v 0.1985 0.0234 0.3763
v 0.1723 0.0207 0.3656
v 0.1279 0.0213 0.3810
v 0.1672 0.0228 0.3891
v 0.1424 0.0220 0.3944
v 0.4032 0.0231 0.1384
v 0.4108 0.0224 0.1107
v 0.4193 0.0201 0.0731
v 0.4210 0.0204 0.0475
v 0.4244 0.0201 0.0067
v 0.4206 0.0193 -0.0148
v 0.1218 0.0235 0.3851
v 0.4116 0.0244 -0.0308
v 0.3983 0.0235 -0.0332
v 0.4130 0.0246 -0.0734
v 0.4081 0.0237 -0.0755
v 0.4046 0.0251 -0.0892
v 0.3992 0.0201 -0.0709
v 0.3660 0.0214 -0.1423
v 0.4025 0.0236 -0.1003
v 0.3791 0.0264 -0.1392
v 0.3601 0.0183 -0.1774
v 0.4240 0.0227 0.0540
v 0.3984 0.0176 -0.0256
v 0.3983 0.0235 -0.0332
v 0.3992 0.0201 -0.0709
v 0.4008 0.0189 0.0766
v 0.1057 0.1134 0.3059
v 0.1034 0.0774 0.2996
v 0.1040 0.0979 0.3119
v 0.0888 0.0618 0.3233
v 0.0939 0.0802 0.3224
v 0.0963 0.1046 0.2853
v 0.0810 0.1027 0.3155
v 0.0504 0.1063 0.3172
v 0.0776 0.1183 0.3162
v 0.1057 0.1134 0.3059
v 0.1040 0.0979 0.3119
v 0.0939 0.0802 0.3224
v 0.0180 0.1114 0.3115
v 0.0604 0.1155 0.3220
v 0.0810 0.1027 0.3155
v 0.0939 0.0802 0.3224
v 0.0776 0.1183 0.3162
v 0.1284 0.0957 0.3118
v 0.1310 0.1169 0.3066
v 0.0939 0.0802 0.3224
v 0.0604 0.1155 0.3220
v 0.1419 0.1275 0.3095
v 0.1050 0.0771 0.3121
v 0.0939 0.0802 0.3224
v 0.0888 0.0618 0.3233
v 0.1284 0.0957 0.3118
v 0.0888 0.0618 0.3233
v 0.1034 0.0774 0.2996
v 0.1050 0.0771 0.3121
v 0.1085 0.1212 0.3525
v 0.1185 0.1114 0.3634
v 0.1120 0.1213 0.3759
v 0.1330 0.1061 0.3792
v 0.1049 0.1418 0.3701
v 0.1138 0.1387 0.3579
v 0.1198 0.1207 0.3846
v 0.1172 0.1183 0.3612
v 0.1006 0.1465 0.3760
v 0.1303 0.1124 0.3872
v 0.3052 0.1126 0.2870
v 0.2473 0.1193 0.2894
v 0.2433 0.1178 0.3124
v 0.2916 0.1170 0.2334
v 0.2413 0.1139 0.3370
v 0.3116 0.1162 0.2480
v 0.3532 0.1134 0.2270
v 0.2310 0.1128 0.3220
v 0.2374 0.1127 0.3115
v 0.1677 0.1174 0.3455
v 0.1723 0.1122 0.3738
v 0.1868 0.1119 0.3506
v 0.2090 0.1136 0.3198
v 0.1172 0.1183 0.3612
v 0.1303 0.1124 0.3872
v 0.2413 0.1139 0.3370
v 0.2142 0.1143 0.3327
v 0.2374 0.1127 0.3115
v 0.2473 0.1193 0.2894
v 0.1418 0.1013 0.4042
v 0.1708 0.1041 0.3973
v 0.1734 0.0989 0.4186
v 0.1459 0.0967 0.4208
v 0.1868 0.1119 0.3506
v 0.2413 0.1139 0.3370
v 0.2314 0.1102 0.3366
v 0.2678 0.1076 0.3144
v 0.2314 0.1102 0.3366
v 0.2433 0.1178 0.3124
v 0.2310 0.1128 0.3220
v 0.1085 0.1212 0.3525
v 0.0974 0.1314 0.3401
v 0.1311 0.1267 0.3393
v 0.0835 0.1226 0.3674
v 0.0732 0.1328 0.3442
v 0.1445 0.1095 0.3395
v 0.2323 0.1136 0.3068
v 0.2310 0.1128 0.3220
v 0.2142 0.1143 0.3327
v 0.2374 0.1127 0.3115
v 0.2593 0.1112 0.2702
v 0.2678 0.1076 0.3144
v 0.2314 0.1102 0.3366
v 0.3139 0.1123 0.2413
v 0.3475 0.1111 0.2249
v 0.2413 0.1139 0.3370
v 0.2828 0.1085 0.2342
v 0.1992 0.1089 0.3153
v 0.1868 0.1119 0.3506
v 0.1706 0.1117 0.3429
v 0.1185 0.1114 0.3634
v 0.1681 0.1073 0.3738
v 0.1330 0.1061 0.3792
v 0.1382 0.1012 0.3961
v 0.1628 0.1130 0.3242
v 0.1992 0.1089 0.3153
v 0.1445 0.1095 0.3395
v 0.1986 0.1187 0.3061
v 0.1505 0.1151 0.3307
v 0.1329 0.1210 0.3197
v 0.2070 0.1225 0.3061
v 0.2593 0.1112 0.2702
v 0.2647 0.1347 0.2605
v 0.2828 0.1085 0.2342
v 0.0835 0.1226 0.3674
v 0.0723 0.1098 0.3546
v 0.0732 0.1328 0.3442
v 0.0604 0.1155 0.3220
v 0.0768 0.1156 0.3834
v 0.0849 0.1356 0.3726
v 0.0849 0.1356 0.3726
v 0.1085 0.1212 0.3525
v 0.1049 0.1418 0.3701
v 0.0835 0.1226 0.3674
v 0.1329 0.1210 0.3197
v 0.1311 0.1267 0.3393
v 0.0974 0.1314 0.3401
v 0.1341 0.1282 0.3040
v 0.0603 0.1237 0.3288
v 0.0732 0.1328 0.3442
v 0.1445 0.1095 0.3395
v 0.2537 0.1383 0.2769
v 0.1974 0.1393 0.3273
v 0.2473 0.1193 0.2894
v 0.2090 0.1136 0.3198
v 0.2916 0.1170 0.2334
v 0.1677 0.1174 0.3455
v 0.1138 0.1387 0.3579
v 0.1172 0.1183 0.3612
v 0.3105 0.1418 0.2482
v 0.2536 0.1515 0.2840
v 0.3032 0.1554 0.2534
v 0.3004 0.1784 0.2472
v 0.3105 0.1418 0.2482
v 0.3116 0.1162 0.2480
v 0.3532 0.1134 0.2270
v 0.3105 0.1418 0.2482
v 0.2916 0.1170 0.2334
v 0.3116 0.1162 0.2480
v 0.1010 0.1438 0.3351
v 0.0937 0.1395 0.3543
v 0.0860 0.1358 0.3226
v 0.1648 0.1292 0.3185
v 0.2052 0.1275 0.2699
v 0.2012 0.1225 0.3093
v 0.2070 0.1225 0.3061
v 0.1419 0.1275 0.3095
v 0.1505 0.1246 0.3357
v 0.2506 0.1368 0.2538
v 0.2647 0.1347 0.2605
v 0.1329 0.1210 0.3197
v 0.2586 0.1260 0.2230
v 0.1310 0.1169 0.3066
v 0.1341 0.1282 0.3040
v 0.1310 0.1169 0.3066
v 0.1329 0.1210 0.3197
v 0.2413 0.1139 0.3370
v 0.2300 0.0394 0.3518
v 0.2825 0.1016 0.3114
v 0.1723 0.1122 0.3738
v 0.1736 0.0397 0.3836
v 0.2801 0.0654 0.3126
v 0.3282 0.0332 0.2821
v 0.3056 0.0659 0.2968
v 0.3052 0.1126 0.2870
v 0.2375 0.0327 0.3600
v 0.1710 0.0163 0.3930
v 0.1298 0.0187 0.4057
v 0.1339 0.0300 0.3966
v 0.3052 0.1126 0.2870
v 0.2825 0.1016 0.3114
v 0.3153 0.1118 0.2955
v 0.1682 0.0702 0.4155
v 0.1653 0.0511 0.3982
v 0.1424 0.0518 0.4002
v 0.1687 0.0395 0.3772
v 0.1215 0.0470 0.3904
v 0.1517 0.0593 0.4129
v 0.1382 0.1012 0.3961
v 0.1681 0.1073 0.3738
v 0.1614 0.0745 0.4004
v 0.1424 0.0518 0.4002
v 0.1614 0.0745 0.4004
v 0.1682 0.0702 0.4155
v 0.1517 0.0593 0.4129
v 0.1424 0.0518 0.4002
v 0.1723 0.1122 0.3738
v 0.1708 0.1041 0.3973
v 0.1733 0.0535 0.4140
v 0.1736 0.0397 0.3836
v 0.1734 0.0989 0.4186
v 0.1459 0.0967 0.4208
v 0.1502 0.0549 0.4223
v 0.1734 0.0989 0.4186
v 0.1733 0.0535 0.4140
v 0.1628 0.1130 0.3242
v 0.1648 0.1292 0.3185
v 0.2012 0.1225 0.3093
v 0.1505 0.1246 0.3357
v 0.1505 0.1151 0.3307
v 0.1986 0.1187 0.3061
v 0.2070 0.1225 0.3061
v 0.1505 0.1151 0.3307
v 0.1329 0.1210 0.3197
v 0.1505 0.1246 0.3357
v 0.3786 0.0493 0.1791
v 0.3329 0.0369 0.2505
v 0.3336 0.0875 0.2474
v 0.3475 0.1111 0.2249
v 0.3715 0.1254 0.1905
v 0.3008 0.0611 0.2875
v 0.3539 0.1399 0.2236
v 0.2562 0.0356 0.3312
v 0.2678 0.1076 0.3144
v 0.2906 0.0888 0.2900
v 0.2314 0.1102 0.3366
v 0.3183 0.1426 0.2437
v 0.1687 0.0395 0.3772
v 0.1681 0.1073 0.3738
v 0.3139 0.1123 0.2413
v 0.3102 0.1585 0.2519
v 0.3871 0.0686 0.1502
v 0.3837 0.1253 0.1564
v 0.3977 0.0776 0.1221
v 0.3998 0.0676 0.1242
v 0.3977 0.1184 0.1083
v 0.4095 0.0663 0.1107
v 0.1653 0.0511 0.3982
v 0.1614 0.0745 0.4004
v 0.3986 0.0523 0.1553
v 0.3929 0.0223 0.1625
v 0.4032 0.0231 0.1384
v 0.4119 0.0303 0.1135
v 0.4111 0.0582 0.1220
v 0.4108 0.0224 0.1107
v 0.4193 0.0201 0.0731
v 0.4240 0.0227 0.0540
v 0.3754 0.0367 0.2099
v 0.3778 0.0234 0.2023
v 0.3458 0.0228 0.2516
v 0.3328 0.0298 0.2716
v 0.3108 0.0229 0.2952
v 0.1614 0.0745 0.4004
v 0.1653 0.0511 0.3982
v 0.1682 0.0702 0.4155
v 0.3866 0.0448 0.1915
v 0.3566 0.0162 0.2468
v 0.3923 0.0167 0.1846
v 0.3988 0.0517 0.1614
v 0.3282 0.0332 0.2821
v 0.4182 0.0131 0.1082
v 0.4144 0.0363 0.1118
v 0.4219 0.0551 0.1093
v 0.4282 0.0128 0.0440
v 0.2679 0.0159 0.3398
v 0.2375 0.0327 0.3600
v 0.1710 0.0163 0.3930
v 0.4171 0.0600 0.0509
v 0.4164 0.0654 0.0216
v 0.4166 0.0741 0.0316
v 0.4176 0.0362 0.0459
v 0.4125 0.0348 -0.0630
v 0.4144 0.0867 0.0268
v 0.4146 0.1069 -0.0041
v 0.4189 0.1176 0.0256
v 0.4033 0.0593 0.1099
v 0.4140 0.0795 0.0465
v 0.4053 0.1159 0.0465
v 0.4144 0.0363 0.1118
v 0.4282 0.0128 0.0440
v 0.3427 0.0868 0.2460
v 0.3336 0.0875 0.2474
v 0.3239 0.0704 0.2739
v 0.3230 0.0770 0.2682
v 0.3008 0.0611 0.2875
v 0.3866 0.0448 0.1915
v 0.3217 0.0901 0.2849
v 0.3282 0.0332 0.2821
v 0.2678 0.1076 0.3144
v 0.2433 0.1178 0.3124
v 0.2374 0.1127 0.3115
v 0.3274 0.1470 0.3406
v 0.2924 0.1367 0.3429
v 0.3185 0.1156 0.3532
v 0.3150 0.1883 0.3046
v 0.2801 0.0654 0.3126
v 0.3056 0.0615 0.3302
v 0.2940 0.1724 0.3052
v 0.3022 0.1545 0.2798
v 0.2942 0.1296 0.3142
v 0.2924 0.1367 0.3429
v 0.3004 0.1784 0.2472
v 0.3032 0.1554 0.2534
v 0.3105 0.1418 0.2482
v 0.2825 0.1016 0.3114
v 0.2801 0.0654 0.3126
v 0.2142 0.1143 0.3327
v 0.2314 0.1102 0.3366
v 0.2413 0.1139 0.3370
v 0.3629 0.2105 0.1976
v 0.3484 0.2070 0.2220
v 0.3993 0.1928 0.2326
v 0.3518 0.1938 0.2485
v 0.4203 0.1794 0.1946
v 0.3842 0.2073 0.1831
v 0.3399 0.2122 0.1803
v 0.4030 0.2328 0.1319
v 0.4155 0.1938 0.1805
v 0.3586 0.2394 0.1074
v 0.4233 0.2344 0.1193
v 0.4270 0.1573 0.2353
v 0.4349 0.1519 0.2806
v 0.3422 0.1888 0.3029
v 0.3150 0.1883 0.3046
v 0.4315 0.1981 0.1253
v 0.3004 0.1784 0.2472
v 0.3020 0.1877 0.2051
v 0.2480 0.1717 0.2491
v 0.2536 0.1515 0.2840
v 0.3163 0.2144 0.1088
v 0.3108 0.1832 0.1855
v 0.2940 0.1724 0.3052
v 0.2924 0.1367 0.3429
v 0.0963 0.1046 0.2853
v 0.1050 0.0771 0.3121
v 0.1013 0.0923 0.2844
v 0.1034 0.0774 0.2996
v 0.1057 0.1134 0.3059
v 0.0885 0.0619 0.2838
v 0.1482 0.1179 0.3015
v 0.1759 0.1166 0.2833
v 0.1057 0.1134 0.3059
v 0.1310 0.1169 0.3066
v 0.2012 0.1077 0.2580
v 0.0776 0.1183 0.3162
v 0.2032 0.1175 0.2678
v 0.2032 0.1175 0.2678
v 0.2077 0.1071 0.2663
v 0.2012 0.1077 0.2580
v 0.2077 0.1071 0.2663
v 0.2152 0.0829 0.2581
v 0.1888 0.1096 0.2765
v 0.2206 0.1080 0.2540
v 0.2032 0.1175 0.2678
v 0.2507 0.1103 0.2280
v 0.2184 0.0765 0.2620
v 0.2980 0.0725 0.1795
v 0.1778 0.0796 0.2932
v 0.1284 0.0957 0.3118
v 0.1057 0.1134 0.3059
v 0.1050 0.0771 0.3121
v 0.2333 0.1152 0.2508
v 0.2032 0.1175 0.2678
v 0.2184 0.0765 0.2620
v 0.1419 0.1275 0.3095
v 0.1284 0.0957 0.3118
v 0.2980 0.0725 0.1795
v 0.2595 0.1120 0.2224
v 0.2052 0.1275 0.2699
v 0.2999 0.1087 0.1648
v 0.3113 0.1069 0.1464
v 0.2117 0.1372 0.2606
v 0.1778 0.0796 0.2932
v 0.1205 0.1368 0.2752
v 0.0407 0.1380 0.2929
v 0.0821 0.0978 0.2870
v 0.0180 0.1037 0.2957
v 0.0129 0.1076 0.2975
v 0.0963 0.1046 0.2853
v 0.1034 0.0774 0.2996
v 0.0885 0.0619 0.2838
v 0.1910 0.0803 -0.0240
v 0.1595 0.0981 -0.0127
v 0.1680 0.0768 0.0331
v 0.1739 0.0675 0.0412
v 0.1304 0.0692 0.0594
v 0.1151 0.0585 0.0909
v 0.0911 0.0664 0.0874
v 0.1423 0.0759 0.0145
v 0.0239 0.0850 0.1214
v 0.0393 0.0845 0.1012
v 0.0264 0.0501 0.1670
v 0.0670 0.0911 0.0803
v -0.0208 0.1029 0.1570
v 0.1515 0.0496 0.0527
v 0.1240 0.0915 0.0293
v 0.0868 0.0998 0.0630
v 0.3016 0.0989 0.0554
v 0.2897 0.1056 0.1068
v 0.2859 0.1022 0.0986
v 0.1948 0.1030 0.2307
v 0.2399 0.1039 0.1920
v 0.1990 0.1051 0.2310
v 0.2575 0.1042 0.1642
v 0.2499 0.1365 0.1784
v 0.2862 0.0893 0.1112
v 0.2903 0.1345 0.0991
v 0.2633 0.0777 0.1612
v 0.2757 0.0789 0.1315
v 0.2999 0.1314 0.0781
v 0.1820 0.1371 0.2413
v 0.1949 0.1047 0.2327
v 0.1339 0.1035 0.2667
v 0.1205 0.1368 0.2752
v 0.0963 0.1046 0.2853
v 0.1013 0.0923 0.2844
v 0.2012 0.1077 0.2580
v 0.2077 0.1071 0.2663
v 0.1888 0.1096 0.2765
v 0.1057 0.1134 0.3059
v 0.1360 0.0155 0.0863
v 0.1056 0.0303 0.1086
v 0.0835 0.0185 0.1271
v 0.1570 0.0214 0.0615
v 0.0288 0.0295 0.1507
v 0.0248 0.0179 0.1511
v 0.0264 0.0501 0.1670
v 0.1151 0.0585 0.0909
v 0.1306 0.0444 0.0651
v 0.1515 0.0496 0.0527
v 0.1915 0.0115 -0.0023
v 0.1056 0.0303 0.1086
v 0.1515 0.0496 0.0527
v 0.1306 0.0444 0.0651
v 0.2399 0.1039 0.1920
v 0.2480 0.1405 0.1706
v 0.2575 0.1042 0.1642
v 0.2853 0.1383 0.1021
v 0.2859 0.1022 0.0986
v 0.2587 0.0643 0.1653
v 0.2876 0.0569 0.1093
v 0.3016 0.0989 0.0554
v 0.3025 0.1328 -0.0319
v 0.1919 0.1408 0.2277
v 0.1948 0.1030 0.2307
v 0.1948 0.1030 0.2307
v 0.1964 0.0708 0.2313
v 0.2152 0.0829 0.2581
v 0.2184 0.0765 0.2620
v 0.1949 0.1047 0.2327
v 0.1919 0.1408 0.2277
v 0.0713 0.1874 0.1152
v 0.0690 0.1709 0.0932
v 0.0697 0.1382 0.1104
v 0.0675 0.2456 0.0991
v 0.0733 0.1509 0.0915
v 0.0884 0.1618 0.1302
v 0.2191 0.2035 -0.0152
v 0.2156 0.1980 0.0063
v 0.2120 0.1910 -0.0109
v 0.2180 0.2009 0.0055
v 0.2141 0.2842 0.0005
v 0.1973 0.2443 0.0247
v 0.2206 0.2298 0.0050
v 0.2117 0.2863 0.0053
v 0.1899 0.2065 0.0494
v 0.1962 0.2734 0.0451
v 0.2156 0.1980 0.0063
v 0.2180 0.2009 0.0055
v 0.1786 0.2641 0.0687
v 0.1820 0.2982 0.0508
v 0.1952 0.3340 0.0338
v 0.1809 0.3326 0.0369
v 0.1615 0.2643 0.0760
v 0.1005 0.1950 0.1174
v 0.1045 0.1842 0.1099
v 0.0884 0.1618 0.1302
v 0.1959 0.3441 0.0249
v 0.1919 0.3609 0.0239
v 0.2298 0.3644 -0.0023
v 0.2298 0.3644 -0.0023
v 0.1959 0.3441 0.0249
v 0.2274 0.2847 0.0077
v 0.2382 0.3424 -0.0128
v 0.2422 0.2856 -0.0153
v 0.2403 0.2470 -0.0176
v 0.2229 0.2505 0.0069
v 0.2276 0.2356 0.0093
v 0.2180 0.2009 0.0055
v 0.2293 0.1936 -0.0200
v 0.2161 0.1927 -0.0055
v 0.2360 0.1815 -0.0229
v 0.2164 0.1649 0.0088
v 0.2536 0.1515 0.2840
v 0.2427 0.1361 0.2464
v 0.2537 0.1383 0.2769
v 0.2480 0.1717 0.2491
v 0.2905 0.1682 0.1932
v 0.3020 0.1877 0.2051
v 0.3108 0.1832 0.1855
v 0.3629 0.2105 0.1976
v 0.3484 0.2070 0.2220
v 0.2608 0.1403 0.2203
v 0.2681 0.1406 0.2098
v 0.2667 0.1401 0.2108
v 0.2466 0.1337 0.2379
v 0.3213 0.1479 0.1755
v 0.3297 0.1730 0.1814
v 0.3146 0.1307 0.1866
v 0.3339 0.1604 0.1347
v 0.3326 0.1850 0.1323
v 0.3496 0.1243 0.1335
v 0.3389 0.1474 0.1268
v 0.3442 0.1357 0.1261
v 0.3552 0.1278 0.0997
v 0.2688 0.1604 0.2119
v 0.2586 0.1260 0.2230
v 0.2502 0.1639 0.2542
v 0.2506 0.1368 0.2538
v 0.2530 0.1615 0.2673
v 0.2206 0.1080 0.2540
v 0.1964 0.0708 0.2313
v 0.1990 0.1051 0.2310
v 0.2184 0.0765 0.2620
v 0.1948 0.1030 0.2307
v 0.2152 0.0829 0.2581
v 0.2206 0.1080 0.2540
v 0.1990 0.1051 0.2310
v 0.1949 0.1047 0.2327
v 0.2152 0.0829 0.2581
v 0.1990 0.1051 0.2310
v 0.2965 0.0715 0.1767
v 0.2595 0.1120 0.2224
v 0.2999 0.1087 0.1648
v 0.3214 0.0701 0.1232
v 0.3179 0.1036 0.1159
v 0.2507 0.1103 0.2280
v 0.2507 0.1103 0.2280
v 0.2032 0.1175 0.2678
v 0.2333 0.1152 0.2508
v 0.2595 0.1120 0.2224
v 0.3195 0.1229 0.1226
v 0.2586 0.1260 0.2230
v 0.2959 0.1367 0.1596
v 0.3262 0.1339 0.1031
v 0.2117 0.1372 0.2606
v 0.2052 0.1275 0.2699
v 0.3195 0.1229 0.1226
v 0.3262 0.1339 0.1031
v 0.3258 0.1233 0.0979
v 0.3056 0.0659 0.2968
v 0.3282 0.0332 0.2821
v 0.3008 0.0611 0.2875
v 0.3056 0.0659 0.2968
v 0.3008 0.0611 0.2875
v 0.3175 0.0697 0.2811
v 0.3798 0.0832 0.3017
v 0.3564 0.1125 0.3420
v 0.3422 0.0502 0.3016
v 0.3969 0.1097 0.3159
v 0.4120 0.0815 0.2850
v 0.4510 0.1037 0.2757
v 0.4244 0.0663 0.2367
v 0.3711 0.0587 0.2554
v 0.3576 0.0723 0.2789
v 0.3200 0.0667 0.3063
v 0.3056 0.0659 0.2968
v 0.3056 0.0615 0.3302
v 0.2801 0.0654 0.3126
v 0.3361 0.1176 0.3342
v 0.2934 0.0824 0.2972
v 0.3008 0.0611 0.2875
v 0.2906 0.0888 0.2900
v 0.3032 0.0720 0.3018
v 0.3106 0.0840 0.2983
v 0.2934 0.0824 0.2972
v 0.2906 0.0888 0.2900
v 0.3032 0.0720 0.3018
v 0.3175 0.0697 0.2811
v 0.3032 0.0720 0.3018
v 0.3217 0.0901 0.2849
v 0.3239 0.0704 0.2739
v 0.3008 0.0611 0.2875
v 0.2906 0.0888 0.2900
v 0.3032 0.0720 0.3018
v 0.3106 0.0840 0.2983
v 0.3416 0.0897 0.2815
v 0.3336 0.0875 0.2474
v 0.3465 0.0857 0.2797
v 0.3427 0.0868 0.2460
v 0.3495 0.0852 0.2531
v 0.3217 0.0901 0.2849
v 0.2906 0.0888 0.2900
v 0.3576 0.0723 0.2789
v 0.3711 0.0587 0.2554
v 0.3032 0.0720 0.3018
v 0.3542 0.0884 0.2812
v 0.3427 0.0868 0.2460
v 0.3161 0.0974 0.2743
v 0.3185 0.0966 0.2925
v 0.3055 0.1015 0.2855
v 0.3495 0.0852 0.2531
v 0.3514 0.0768 0.2797
v 0.3495 0.0852 0.2531
v 0.3542 0.0884 0.2812
v 0.3153 0.1118 0.2955
v 0.2825 0.1016 0.3114
v 0.2942 0.1296 0.3142
v 0.3196 0.1335 0.3033
v 0.3185 0.0966 0.2925
v 0.3153 0.1118 0.2955
v 0.3281 0.1131 0.3043
v 0.3055 0.1015 0.2855
v 0.3196 0.1335 0.3033
v 0.3052 0.1126 0.2870
v 0.3338 0.1311 0.3218
v 0.3186 0.1492 0.2893
v 0.3296 0.1519 0.2959
v 0.3196 0.1335 0.3033
v 0.3338 0.1311 0.3218
v 0.3022 0.1545 0.2798
v 0.2942 0.1296 0.3142
v 0.4525 0.0626 0.1522
v 0.4339 0.1125 0.1656
v 0.3988 0.0517 0.1614
v 0.4614 0.0875 0.1477
v 0.4096 0.1184 0.1598
v 0.3837 0.1253 0.1564
v 0.4573 0.1124 0.1439
v 0.4427 0.1221 0.1529
v 0.3707 0.1175 0.1979
v 0.3532 0.1134 0.2270
v 0.3427 0.0868 0.2460
v 0.3780 0.0487 0.1854
v 0.3161 0.0974 0.2743
v 0.3052 0.1126 0.2870
v 0.3055 0.1015 0.2855
v 0.3715 0.1254 0.1905
v 0.3304 0.1303 0.2442
v 0.3577 0.1319 0.2181
v 0.3402 0.1426 0.2932
v 0.3304 0.1303 0.2442
v 0.3969 0.1267 0.2572
v 0.3577 0.1319 0.2181
v 0.4194 0.1255 0.2251
v 0.4338 0.1350 0.2566
v 0.3707 0.1175 0.1979
v 0.3105 0.1418 0.2482
v 0.3532 0.1134 0.2270
v 0.3304 0.1303 0.2442
v 0.3022 0.1545 0.2798
v 0.3186 0.1492 0.2893
v 0.3296 0.1519 0.2959
v 0.3402 0.1426 0.2932
v 0.3341 0.1591 0.3114
v 0.3501 0.1262 0.2999
v 0.2952 0.1423 0.2526
v 0.2974 0.1279 0.2334
v 0.2647 0.1347 0.2605
v 0.2685 0.1530 0.2737
v 0.2828 0.1085 0.2342
v 0.2506 0.1368 0.2538
v 0.2530 0.1615 0.2673
v 0.3139 0.1123 0.2413
v 0.3183 0.1426 0.2437
v 0.3021 0.1719 0.2387
v 0.3297 0.1730 0.1814
v 0.2926 0.1765 0.2162
v 0.2688 0.1604 0.2119
v 0.3543 0.1947 0.1932
v 0.2502 0.1639 0.2542
v 0.3340 0.1864 0.2655
v 0.3021 0.1719 0.2387
v 0.2530 0.1615 0.2673
v 0.3326 0.1850 0.1323
v 0.3967 0.1946 0.1446
v 0.2685 0.1530 0.2737
v 0.3021 0.1719 0.2387
v 0.2974 0.1279 0.2334
v 0.2952 0.1423 0.2526
v 0.2685 0.1530 0.2737
v 0.3214 0.0701 0.1232
v 0.2980 0.0725 0.1795
v 0.2965 0.0715 0.1767
v 0.2507 0.1103 0.2280
v 0.2851 0.0671 0.1728
v 0.2575 0.1042 0.1642
v 0.2587 0.0643 0.1653
v 0.2829 0.1001 0.1730
v 0.2851 0.0671 0.1728
v 0.2633 0.0777 0.1612
v 0.2829 0.1001 0.1730
v 0.2575 0.1042 0.1642
v 0.2738 0.0658 0.1615
v 0.2851 0.0671 0.1728
v 0.2950 0.0593 0.1412
v 0.2738 0.0658 0.1615
v 0.3093 0.0725 0.1172
v 0.2950 0.0593 0.1412
v 0.2876 0.0569 0.1093
v 0.2587 0.0643 0.1653
v 0.2851 0.0671 0.1728
v 0.3230 0.0716 0.1168
v 0.3214 0.0701 0.1232
v 0.2633 0.0777 0.1612
v 0.2738 0.0658 0.1615
v 0.2852 0.0710 0.1576
v 0.2950 0.0593 0.1412
v 0.3171 0.1403 0.1251
v 0.2914 0.1325 0.1880
v 0.3190 0.1303 0.1244
v 0.3251 0.1392 0.1125
v 0.3262 0.1339 0.1031
v 0.3234 0.1353 0.0772
v 0.3191 0.1705 0.0824
v 0.3176 0.1588 0.1185
v 0.3147 0.1808 0.0874
v 0.3199 0.1915 0.1281
v 0.3106 0.1838 0.0784
v 0.2667 0.1401 0.2108
v 0.2680 0.1355 0.2130
v 0.2621 0.1398 0.2183
v 0.2466 0.1337 0.2379
v 0.2557 0.1410 0.2235
v 0.2427 0.1361 0.2464
v 0.2621 0.1398 0.2183
v 0.2667 0.1401 0.2108
v 0.2681 0.1406 0.2098
v 0.3048 0.1847 0.0815
v 0.3187 0.1339 0.1480
v 0.3073 0.1613 0.1770
v 0.3108 0.1832 0.1855
v 0.3163 0.2144 0.1088
v 0.3171 0.1403 0.1251
v 0.3112 0.1394 0.0752
v 0.3140 0.1613 0.0680
v 0.3175 0.1697 0.0326
v 0.3241 0.1357 0.0030
v 0.3343 0.1597 -0.0038
v 0.2905 0.1682 0.1932
v 0.2914 0.1325 0.1880
v 0.3190 0.1304 0.1766
v 0.2681 0.1406 0.2098
v 0.2680 0.1355 0.2130
v 0.2646 0.1371 0.2182
v 0.3306 0.1343 -0.0270
v 0.3235 0.1389 0.0637
v 0.2466 0.1337 0.2379
v 0.2608 0.1403 0.2203
v 0.2621 0.1398 0.2183
v 0.3073 0.1613 0.1770
v 0.3284 0.1269 0.1405
v 0.3190 0.1304 0.1766
v 0.3496 0.1243 0.1335
v 0.3146 0.1307 0.1866
v 0.3195 0.1229 0.1226
v 0.2586 0.1260 0.2230
v 0.3552 0.1278 0.0997
v 0.3258 0.1233 0.0979
v 0.3190 0.1304 0.1766
v 0.3268 0.1269 0.1380
v 0.3190 0.1303 0.1244
v 0.3284 0.1269 0.1405
v 0.2914 0.1325 0.1880
v 0.3274 0.1314 0.1238
v 0.3274 0.1314 0.1238
v 0.3190 0.1303 0.1244
v 0.3187 0.1339 0.1480
v 0.3263 0.1303 0.1375
v 0.3258 0.1342 0.1212
v 0.3274 0.1314 0.1238
v 0.3263 0.1303 0.1375
v 0.3268 0.1269 0.1380
v 0.2918 0.0751 0.1239
v 0.2757 0.0789 0.1315
v 0.2950 0.0593 0.1412
v 0.2862 0.0893 0.1112
v 0.3093 0.0725 0.1172
v 0.2940 0.0667 0.1275
v 0.2852 0.0710 0.1576
v 0.2633 0.0777 0.1612
v 0.3336 0.1026 -0.0975
v 0.3173 0.1105 -0.0959
v 0.3281 0.1010 -0.0881
v 0.3266 0.1076 -0.1031
v 0.3446 0.0650 0.0048
v 0.3398 0.0649 0.0433
v 0.3401 0.1011 0.0500
v 0.3230 0.0716 0.1168
v 0.3262 0.1049 0.1072
v 0.3113 0.1069 0.1464
v 0.3214 0.0701 0.1232
v 0.2980 0.0725 0.1795
v 0.3383 0.1014 0.0346
v 0.2897 0.1056 0.1068
v 0.3093 0.0725 0.1172
v 0.3179 0.1036 0.1159
v 0.3214 0.0701 0.1232
v 0.2862 0.0893 0.1112
v 0.3262 0.1049 0.1072
v 0.3179 0.1036 0.1159
v 0.3113 0.1069 0.1464
v 0.3401 0.1011 0.0500
v 0.2999 0.1087 0.1648
v 0.3383 0.1014 0.0346
v 0.3340 0.1864 0.2655
v 0.3021 0.1719 0.2387
v 0.2926 0.1765 0.2162
v 0.3102 0.1585 0.2519
v 0.3183 0.1426 0.2437
v 0.3021 0.1719 0.2387
v 0.3102 0.1585 0.2519
v 0.2608 0.1403 0.2203
v 0.2557 0.1410 0.2235
v 0.2621 0.1398 0.2183
v 0.3187 0.1339 0.1480
v 0.3190 0.1303 0.1244
v 0.3284 0.1269 0.1405
v 0.3073 0.1613 0.1770
v 0.3239 0.0704 0.2739
v 0.3361 0.0612 0.2697
v 0.3175 0.0697 0.2811
v 0.3056 0.0659 0.2968
v 0.3230 0.0770 0.2682
v 0.3422 0.0502 0.3016
v 0.3361 0.0612 0.2697
v 0.3576 0.0723 0.2789
v 0.3422 0.0502 0.3016
v 0.3798 0.0832 0.3017
v 0.3465 0.0857 0.2797
v 0.3361 0.0612 0.2697
v 0.3217 0.0901 0.2849
v 0.3416 0.0897 0.2815
v 0.3514 0.0768 0.2797
v 0.3576 0.0723 0.2789
v 0.3542 0.0884 0.2812
v 0.3230 0.0770 0.2682
v 0.3465 0.0857 0.2797
v 0.3576 0.0860 0.2687
v 0.3514 0.0768 0.2797
v 0.3361 0.1176 0.3342
v 0.3338 0.1311 0.3218
v 0.3274 0.1470 0.3406
v 0.3296 0.1519 0.2959
v 0.3185 0.1156 0.3532
v 0.3341 0.1591 0.3114
v 0.3150 0.1883 0.3046
v 0.3200 0.0667 0.3063
v 0.3056 0.0615 0.3302
v 0.3542 0.0884 0.2812
v 0.3281 0.1131 0.3043
v 0.3501 0.1262 0.2999
v 0.3677 0.1190 0.2904
v 0.3684 0.0970 0.2812
v 0.3940 0.1086 0.2747
v 0.3185 0.0966 0.2925
v 0.3338 0.1311 0.3218
v 0.3341 0.1591 0.3114
v 0.3940 0.1086 0.2747
v 0.3677 0.1190 0.2904
v 0.3969 0.1267 0.2572
v 0.3501 0.1262 0.2999
v 0.3402 0.1426 0.2932
v 0.4338 0.1350 0.2566
v 0.3230 0.0770 0.2682
v 0.3336 0.0875 0.2474
v 0.3008 0.0611 0.2875
v 0.3217 0.0901 0.2849
v 0.3576 0.0860 0.2687
v 0.3465 0.0857 0.2797
v 0.3576 0.0723 0.2789
v 0.3576 0.0860 0.2687
v 0.3542 0.0884 0.2812
v 0.3684 0.0970 0.2812
v 0.3940 0.1086 0.2747
v 0.3645 0.0917 0.2438
v 0.3495 0.0852 0.2531
v 0.3514 0.0768 0.2797
v 0.3542 0.0884 0.2812
v 0.3576 0.0860 0.2687
v 0.3576 0.0723 0.2789
v 0.3884 0.0733 0.2504
v 0.3645 0.0917 0.2438
v 0.3940 0.1086 0.2747
v 0.3495 0.0852 0.2531
v 0.3884 0.0733 0.2504
v 0.3711 0.0587 0.2554
v 0.3645 0.0917 0.2438
v 0.3988 0.0517 0.1614
v 0.3780 0.0487 0.1854
v 0.3866 0.0448 0.1915
v 0.3427 0.0868 0.2460
v 0.4120 0.0815 0.2850
v 0.3884 0.0733 0.2504
v 0.4244 0.0663 0.2367
v 0.3711 0.0587 0.2554
v 0.4018 0.0944 0.2274
v 0.4244 0.0663 0.2367
v 0.3884 0.0733 0.2504
v 0.3940 0.1086 0.2747
v 0.4278 0.1095 0.2565
v 0.4018 0.0944 0.2274
v 0.3884 0.0733 0.2504
v 0.4338 0.1350 0.2566
v 0.4270 0.1573 0.2353
v 0.4338 0.1350 0.2566
v 0.4194 0.1255 0.2251
v 0.4203 0.1794 0.1946
v 0.4094 0.1425 0.1775
v 0.4155 0.1938 0.1805
v 0.4091 0.1401 0.1672
v 0.4349 0.1519 0.2806
v 0.4510 0.1037 0.2757
v 0.4278 0.1095 0.2565
v 0.4244 0.0663 0.2367
v 0.4018 0.0944 0.2274
v 0.3898 0.1335 0.1744
v 0.4194 0.1255 0.2251
v 0.3707 0.1175 0.1979
v 0.4094 0.1425 0.1775
v 0.3715 0.1254 0.1905
v 0.3986 0.0523 0.1553
v 0.4167 0.1064 0.1518
v 0.4314 0.1083 0.1578
v 0.3976 0.0903 0.1550
v 0.3871 0.0686 0.1502
v 0.4472 0.0757 0.1497
v 0.4473 0.1059 0.1480
v 0.4294 0.0650 0.1151
v 0.4318 0.0699 0.1027
v 0.4120 0.0568 0.1203
v 0.4095 0.0663 0.1107
v 0.4059 0.0595 0.0508
v 0.4392 0.0707 0.0690
v 0.3993 0.0621 0.1133
v 0.4111 0.0582 0.1220
v 0.4150 0.0600 0.1392
v 0.3986 0.0523 0.1553
v 0.4472 0.0757 0.1497
v 0.4480 0.0735 0.1202
v 0.4167 0.1064 0.1518
v 0.4226 0.1016 0.1141
v 0.4472 0.1072 0.1227
v 0.4408 0.1086 0.1391
v 0.4314 0.1083 0.1578
v 0.4013 0.0929 0.1152
v 0.3976 0.0903 0.1550
v 0.4472 0.1072 0.1227
v 0.4409 0.1202 0.1354
v 0.4408 0.1086 0.1391
v 0.4101 0.1272 0.1387
v 0.4096 0.1184 0.1598
v 0.4176 0.1302 0.1488
v 0.3837 0.1253 0.1564
v 0.4140 0.1307 0.1300
v 0.4427 0.1221 0.1529
v 0.4339 0.1125 0.1656
v 0.4439 0.1253 0.1238
v 0.4219 0.1293 0.1192
v 0.3462 0.1712 0.3174
v 0.3341 0.1591 0.3114
v 0.3338 0.1311 0.3218
v 0.3361 0.1176 0.3342
v 0.3564 0.1125 0.3420
v 0.3150 0.1883 0.3046
v 0.3892 0.1599 0.3069
v 0.3969 0.1097 0.3159
v 0.4349 0.1519 0.2806
v 0.4510 0.1037 0.2757
v 0.3422 0.1888 0.3029
v 0.3715 0.1254 0.1905
v 0.3539 0.1399 0.2236
v 0.3977 0.1753 0.2213
v 0.4111 0.1687 0.1975
v 0.4094 0.1425 0.1775
v 0.3694 0.1793 0.2430
v 0.3102 0.1585 0.2519
v 0.3340 0.1864 0.2655
v 0.3898 0.1335 0.1744
v 0.3543 0.1947 0.1932
v 0.3977 0.1753 0.2213
v 0.3694 0.1793 0.2430
v 0.3967 0.1946 0.1446
v 0.3340 0.1864 0.2655
v 0.4111 0.1687 0.1975
v 0.3967 0.1946 0.1446
v 0.4095 0.1505 0.1715
v 0.4111 0.1687 0.1975
v 0.4091 0.1401 0.1672
v 0.4094 0.1425 0.1775
v 0.4091 0.1401 0.1672
v 0.4176 0.1302 0.1488
v 0.4287 0.1392 0.1684
v 0.4101 0.1272 0.1387
v 0.4155 0.1938 0.1805
v 0.4203 0.1421 0.1233
v 0.4358 0.1474 0.1347
v 0.4176 0.1302 0.1488
v 0.4287 0.1392 0.1684
v 0.4288 0.1608 0.1243
v 0.4219 0.1293 0.1192
v 0.3967 0.1946 0.1446
v 0.3326 0.1850 0.1323
v 0.3419 0.1976 0.1427
v 0.3199 0.1915 0.1281
v 0.3357 0.2125 0.1465
v 0.3701 0.2080 0.1442
v 0.3918 0.2146 0.1559
v 0.4147 0.1846 0.1548
v 0.3339 0.1604 0.1347
v 0.3176 0.1588 0.1185
v 0.3389 0.1474 0.1268
v 0.3251 0.1392 0.1125
v 0.3442 0.1357 0.1261
v 0.4138 0.1784 0.1631
v 0.4091 0.1401 0.1672
v 0.4288 0.1608 0.1243
v 0.4091 0.1401 0.1672
v 0.4229 0.1628 0.1543
v 0.4203 0.1421 0.1233
v 0.4101 0.1272 0.1387
v 0.4140 0.1307 0.1300
v 0.4219 0.1293 0.1192
v 0.4225 0.2054 0.1147
v 0.4147 0.1846 0.1548
v 0.4138 0.1784 0.1631
v 0.3918 0.2146 0.1559
v 0.4068 0.2312 0.1195
v 0.4111 0.0887 0.1130
v 0.3993 0.0621 0.1133
v 0.4111 0.0582 0.1220
v 0.3998 0.0371 0.1099
v 0.4119 0.0303 0.1135
v 0.4013 0.0929 0.1152
v 0.4226 0.1016 0.1141
v 0.4331 0.0835 0.1136
v 0.4480 0.0735 0.1202
v 0.4472 0.1072 0.1227
v 0.4294 0.0650 0.1151
v 0.3976 0.0903 0.1550
v 0.3998 0.0676 0.1242
v 0.3977 0.0776 0.1221
v 0.4013 0.0929 0.1152
v 0.3871 0.0686 0.1502
v 0.4095 0.0663 0.1107
v 0.4501 0.1132 0.1101
v 0.3977 0.1184 0.1083
v 0.4439 0.1253 0.1238
v 0.4219 0.1293 0.1192
v 0.4140 0.1307 0.1300
v 0.3837 0.1253 0.1564
v 0.3268 0.1269 0.1380
v 0.3263 0.1303 0.1375
v 0.3190 0.1303 0.1244
v 0.3258 0.1342 0.1212
v 0.3284 0.1269 0.1405
v 0.3263 0.1303 0.1375
v 0.3274 0.1314 0.1238
v 0.3187 0.1339 0.1480
v 0.3171 0.1403 0.1251
v 0.3251 0.1392 0.1125
v 0.3442 0.1357 0.1261
v 0.3190 0.1303 0.1244
v 0.3263 0.1303 0.1375
v 0.3284 0.1269 0.1405
v 0.4523 0.0615 0.1091
v 0.4525 0.0626 0.1522
v 0.4219 0.0551 0.1093
v 0.3988 0.0517 0.1614
v 0.3977 0.1184 0.1083
v 0.4329 0.0952 0.1059
v 0.4111 0.0887 0.1130
v 0.4501 0.1132 0.1101
v 0.4523 0.0615 0.1091
v 0.4219 0.0551 0.1093
v 0.4095 0.0663 0.1107
v 0.4120 0.0568 0.1203
v 0.4095 0.0663 0.1107
v 0.4111 0.0582 0.1220
v 0.4111 0.0887 0.1130
v 0.4331 0.0835 0.1136
v 0.4111 0.0887 0.1130
v 0.4250 0.0896 0.0620
v 0.4392 0.0707 0.0690
v 0.4331 0.0835 0.1136
v 0.4318 0.0699 0.1027
v 0.4294 0.0650 0.1151
v 0.4392 0.0707 0.0690
v 0.4614 0.0875 0.1477
v 0.4501 0.1132 0.1101
v 0.4573 0.1124 0.1439
v 0.4523 0.0615 0.1091
v 0.4525 0.0626 0.1522
v 0.4427 0.1221 0.1529
v 0.4439 0.1253 0.1238
v 0.4472 0.1072 0.1227
v 0.4480 0.0735 0.1202
v 0.4473 0.1059 0.1480
v 0.4472 0.0757 0.1497
v 0.4409 0.1202 0.1354
v 0.4472 0.1072 0.1227
v 0.4314 0.1083 0.1578
v 0.4399 0.1211 0.1355
v 0.4411 0.1209 0.1299
v 0.4396 0.1221 0.1278
v 0.4314 0.1083 0.1578
v 0.4472 0.1072 0.1227
v 0.4473 0.1059 0.1480
v 0.4399 0.1211 0.1355
v 0.4408 0.1086 0.1391
v 0.4407 0.1211 0.1320
v 0.4314 0.1083 0.1578
v 0.4409 0.1202 0.1354
v 0.4411 0.1209 0.1299
v 0.4407 0.1211 0.1320
v 0.4396 0.1221 0.1278
v 0.4399 0.1211 0.1355
v 0.4408 0.1086 0.1391
v 0.4409 0.1202 0.1354
v 0.4407 0.1211 0.1320
v 0.3262 0.1339 0.1031
v 0.3258 0.1342 0.1212
v 0.3442 0.1357 0.1261
v 0.3552 0.1278 0.0997
v 0.3190 0.1303 0.1244
v 0.3258 0.1233 0.0979
v 0.3344 0.2133 0.0732
v 0.3242 0.2063 0.1047
v 0.3166 0.1711 0.0621
v 0.3642 0.2325 0.1131
v 0.3357 0.2125 0.1465
v 0.3199 0.1915 0.1281
v 0.3918 0.2146 0.1559
v 0.3490 0.2087 0.0577
v 0.4068 0.2312 0.1195
v 0.3147 0.1808 0.0874
v 0.3156 0.1680 0.0578
v 0.3221 0.1581 0.0343
v 0.3165 0.1579 0.0445
v 0.3113 0.1699 0.0713
v 0.3170 0.1555 0.0374
v 0.3246 0.1464 0.0269
v 0.3363 0.1507 0.0088
v 0.3369 0.1324 -0.0225
v 0.3326 0.2053 0.0112
v 0.3106 0.1838 0.0784
v 0.3117 0.1723 0.0799
v 0.3113 0.1699 0.0713
v 0.3100 0.1589 0.0744
v 0.3166 0.1711 0.0621
v 0.3642 0.2325 0.1131
v 0.3631 0.2135 0.0914
v 0.3904 0.2186 0.1066
v 0.3344 0.2133 0.0732
v 0.4068 0.2312 0.1195
v 0.4225 0.2054 0.1147
v 0.3490 0.2087 0.0577
v 0.4251 0.2139 0.1199
v 0.4435 0.1605 0.1108
v 0.4225 0.2054 0.1147
v 0.4202 0.2179 0.1185
v 0.4196 0.1341 0.1082
v 0.4246 0.2203 0.1174
v 0.4420 0.2152 0.1155
v 0.4429 0.1315 0.1134
v 0.4549 0.1729 0.0905
v 0.4617 0.1310 0.0482
v 0.4315 0.1981 0.1253
v 0.4288 0.1608 0.1243
v 0.4287 0.1392 0.1684
v 0.4155 0.1938 0.1805
v 0.4358 0.1474 0.1347
v 0.4462 0.1681 0.0560
v 0.4574 0.2272 0.0598
v 0.4233 0.2344 0.1193
v 0.4030 0.2328 0.1319
v 0.4827 0.2133 -0.0358
v 0.4876 0.2319 -0.0880
v 0.4821 0.2436 -0.0428
v 0.4835 0.2532 -0.0759
v 0.4804 0.1589 -0.1034
v 0.4783 0.2160 -0.1509
v 0.4876 0.1528 -0.0395
v 0.4741 0.2228 0.0014
v 0.4635 0.2459 0.0030
v 0.4719 0.2482 -0.1274
v 0.4725 0.2587 -0.1585
v 0.4700 0.2827 -0.1228
v 0.4675 0.1595 -0.0096
v 0.4735 0.1271 -0.0252
v 0.4432 0.2624 -0.1054
v 0.4318 0.2666 -0.0934
v 0.4206 0.2784 -0.0849
v 0.4082 0.2765 -0.0718
v 0.4196 0.1341 0.1082
v 0.4429 0.1315 0.1134
v 0.4288 0.1608 0.1243
v 0.4225 0.2054 0.1147
v 0.4480 0.2059 0.0742
v 0.4377 0.1473 0.0669
v 0.4455 0.1711 0.0848
v 0.4479 0.2264 0.0581
v 0.4435 0.1605 0.1108
v 0.4361 0.2104 0.1072
v 0.4581 0.1557 0.0352
v 0.4577 0.1566 -0.0002
v 0.4251 0.2139 0.1199
v 0.4246 0.2203 0.1174
v 0.4200 0.2138 0.0833
v 0.4202 0.2179 0.1185
v 0.4225 0.2054 0.1147
v 0.4246 0.2203 0.1174
v 0.4361 0.2104 0.1072
v 0.1567 0.1084 0.0060
v 0.2155 0.1100 -0.0479
v 0.1637 0.1145 0.0197
v 0.1689 0.1125 -0.0400
v 0.1188 0.0845 0.0669
v 0.2136 0.1090 -0.0873
v 0.1940 0.1042 -0.0967
v 0.2001 0.1055 -0.1058
v 0.1582 0.1173 0.0632
v 0.2143 0.1364 -0.0120
v 0.2104 0.1027 -0.1036
v 0.1240 0.0915 0.0293
v 0.1595 0.0981 -0.0127
v 0.0868 0.0998 0.0630
v 0.1133 0.1005 0.0939
v 0.0670 0.0911 0.0803
v 0.0393 0.0845 0.1012
v 0.2143 0.1364 -0.0120
v 0.1637 0.1145 0.0197
v 0.1821 0.1336 -0.0141
v 0.1974 0.1383 -0.0328
v 0.1570 0.0258 0.0362
v 0.1570 0.0214 0.0615
v 0.1915 0.0115 -0.0023
v 0.1938 0.0263 -0.0543
v 0.2017 0.0181 -0.0541
v 0.1245 0.0261 0.0767
v 0.1056 0.0303 0.1086
v 0.1988 0.0172 -0.0604
v 0.2017 0.0181 -0.0541
v 0.1915 0.0115 -0.0023
v 0.2027 0.0128 -0.0572
v 0.1658 0.0721 0.0510
v 0.1739 0.0675 0.0412
v 0.1874 0.1058 0.0822
v 0.1593 0.0445 0.0265
v 0.1910 0.0803 -0.0240
v 0.1953 0.1261 0.0873
v 0.1570 0.0258 0.0362
v 0.1515 0.0496 0.0527
v 0.1245 0.0261 0.0767
v 0.1056 0.0303 0.1086
v 0.1862 0.1447 0.1048
v 0.1852 0.1696 0.1053
v 0.1603 0.0679 0.0298
v 0.1515 0.0496 0.0527
v 0.1658 0.0721 0.0510
v 0.1603 0.0679 0.0298
v 0.1658 0.0721 0.0510
v 0.1673 0.0674 0.0312
v 0.1862 0.1447 0.1048
v 0.1715 0.1984 0.0980
v 0.1862 0.1529 0.0957
v 0.1697 0.2297 0.0766
v 0.1879 0.1230 0.0780
v 0.1874 0.1058 0.0822
v 0.1720 0.2415 0.0968
v 0.1726 0.2601 0.0880
v 0.1680 0.0768 0.0331
v 0.1786 0.2641 0.0687
v 0.1658 0.0721 0.0510
v 0.1673 0.0674 0.0312
v 0.1852 0.1696 0.1053
v 0.1680 0.0768 0.0331
v 0.1515 0.0496 0.0527
v 0.1603 0.0679 0.0298
v 0.1680 0.0768 0.0331
v 0.1603 0.0679 0.0298
v 0.1673 0.0674 0.0312
v 0.1777 0.0813 -0.0391
v 0.1866 0.0927 -0.0741
v 0.1689 0.1125 -0.0400
v 0.1595 0.0981 -0.0127
v 0.1940 0.1042 -0.0967
v 0.1799 0.0777 -0.0489
v 0.1824 0.0771 -0.0610
v 0.1567 0.1084 0.0060
v 0.1866 0.0927 -0.0741
v 0.1877 0.0970 -0.0866
v 0.1940 0.1042 -0.0967
v 0.1304 0.0692 0.0594
v 0.1595 0.0981 -0.0127
v 0.1423 0.0759 0.0145
v 0.1910 0.0803 -0.0240
v 0.1866 0.0927 -0.0741
v 0.1811 0.0812 -0.0399
v 0.1595 0.0981 -0.0127
v 0.1777 0.0813 -0.0391
v 0.1799 0.0777 -0.0489
v 0.1836 0.0787 -0.0518
v 0.1799 0.0777 -0.0489
v 0.1811 0.0812 -0.0399
v 0.1824 0.0771 -0.0610
v 0.1852 0.1696 0.1053
v 0.1953 0.1261 0.0873
v 0.1862 0.1529 0.0957
v 0.1879 0.1230 0.0780
v 0.1680 0.0768 0.0331
v 0.1739 0.0675 0.0412
v 0.1802 0.2031 0.0927
v 0.1697 0.2297 0.0766
v 0.1786 0.2641 0.0687
v 0.1911 0.0478 -0.0418
v 0.1570 0.0258 0.0362
v 0.1938 0.0263 -0.0543
v 0.2025 0.0666 -0.0341
v 0.2081 0.0810 -0.1104
v 0.1999 0.0966 -0.1045
v 0.1961 0.0975 -0.0906
v 0.1940 0.1042 -0.0967
v 0.2001 0.1055 -0.1058
v 0.2029 0.0503 -0.1059
v 0.1934 0.0308 -0.1035
v 0.1866 0.0927 -0.0741
v 0.1910 0.0803 -0.0240
v 0.2025 0.0666 -0.0341
v 0.1961 0.0975 -0.0906
v 0.1593 0.0445 0.0265
v 0.1877 0.0970 -0.0866
v 0.1940 0.1042 -0.0967
v 0.1570 0.0258 0.0362
v 0.0384 0.0270 -0.0733
v 0.0396 0.0270 -0.0720
v 0.0385 0.0264 -0.0718
v 0.0405 0.0269 -0.0710
v 0.0396 0.0270 -0.0720
v 0.0400 0.0267 -0.0708
v 0.0405 0.0269 -0.0710
v 0.0384 0.0270 -0.0733
v 0.0400 0.0267 -0.0708
v 0.0384 0.0270 -0.0733
v 0.0405 0.0269 -0.0710
v 0.0405 0.0269 -0.0710
v 0.0384 0.0270 -0.0733
v 0.0385 0.0264 -0.0718
v 0.1877 0.0305 -0.0784
v 0.2017 0.0181 -0.0541
v 0.1964 0.0164 -0.0544
v 0.2027 0.0128 -0.0572
v 0.1964 0.0164 -0.0544
v 0.2017 0.0181 -0.0541
v 0.1988 0.0172 -0.0604
v 0.1980 0.0117 -0.0846
v 0.1964 0.0164 -0.0544
v 0.1964 0.0164 -0.0544
v 0.1938 0.0263 -0.0543
v 0.1988 0.0172 -0.0604
v 0.2027 0.0128 -0.0572
v 0.2110 0.0254 -0.1045
v 0.1938 0.0263 -0.0543
v 0.1934 0.0308 -0.1035
v 0.1964 0.0164 -0.0544
v 0.2081 0.0810 -0.1104
v 0.2029 0.0503 -0.1059
v 0.2110 0.0254 -0.1045
v 0.1934 0.0308 -0.1035
v 0.1980 0.0117 -0.0846
v 0.1988 0.0172 -0.0604
v 0.2027 0.0128 -0.0572
v 0.1803 0.0218 -0.2069
v 0.1964 0.0399 -0.1688
v 0.2281 0.0165 -0.1473
v 0.1737 0.0182 -0.2272
v 0.1698 0.0277 -0.2177
v 0.1486 0.0293 -0.2341
v 0.1264 0.0211 -0.2662
v 0.0903 0.0294 -0.2815
v 0.1652 0.0295 -0.1958
v 0.1673 0.0226 -0.1363
v 0.1811 0.0208 -0.0990
v 0.1763 0.0165 -0.1284
v 0.1980 0.0117 -0.0846
v 0.1642 0.0256 -0.1714
v 0.1665 0.0216 -0.1825
v 0.1877 0.0305 -0.0784
v 0.1964 0.0164 -0.0544
v 0.1721 0.0229 -0.2088
v 0.1674 0.0825 -0.1810
v 0.1988 0.0172 -0.0604
v 0.2017 0.0181 -0.0541
v 0.1877 0.0305 -0.0784
v 0.1862 0.0298 -0.1063
v 0.2110 0.0254 -0.1045
v 0.2027 0.0128 -0.0572
v 0.1811 0.0812 -0.0399
v 0.1824 0.0771 -0.0610
v 0.1836 0.0787 -0.0518
v 0.1824 0.0771 -0.0610
v 0.1811 0.0812 -0.0399
v 0.1866 0.0927 -0.0741
v 0.2136 0.1090 -0.0873
v 0.2148 0.1170 -0.0781
v 0.2155 0.1100 -0.0479
v 0.2168 0.1116 -0.0922
v 0.0704 0.1468 0.0985
v 0.0803 0.1384 0.0817
v 0.0733 0.1509 0.0915
v 0.0690 0.1709 0.0932
v 0.0679 0.1447 0.1026
v 0.0697 0.1382 0.1104
v 0.0547 0.1347 0.1190
v 0.0817 0.1190 0.1145
v 0.1170 0.1538 0.0687
v 0.1153 0.1373 0.0725
v 0.1588 0.1483 0.0585
v 0.1582 0.1173 0.0632
v 0.2152 0.1532 0.0138
v 0.2164 0.1649 0.0088
v 0.0704 0.1468 0.0985
v 0.0679 0.1447 0.1026
v 0.0765 0.1427 0.0986
v 0.0765 0.1427 0.0986
v 0.0697 0.1382 0.1104
v 0.0704 0.1468 0.0985
v 0.1338 0.1649 0.0835
v 0.0765 0.1427 0.0986
v 0.0733 0.1509 0.0915
v 0.0679 0.1447 0.1026
v 0.1170 0.1538 0.0687
v 0.1899 0.2065 0.0494
v 0.1338 0.1649 0.0835
v 0.2161 0.1927 -0.0055
v 0.2156 0.1980 0.0063
v 0.0884 0.1618 0.1302
v 0.0765 0.1427 0.0986
v 0.0697 0.1382 0.1104
v 0.0733 0.1509 0.0915
v 0.2047 0.1677 0.0005
v 0.1720 0.2415 0.0968
v 0.1715 0.1984 0.0980
v 0.1802 0.2031 0.0927
v 0.1852 0.1696 0.1053
v 0.1786 0.2641 0.0687
v 0.1588 0.1483 0.0585
v 0.2164 0.1649 0.0088
v 0.2047 0.1677 0.0005
v 0.1170 0.1538 0.0687
v 0.2161 0.1927 -0.0055
v 0.2048 0.1756 -0.0294
v 0.2116 0.2064 -0.0572
v 0.2225 0.2198 -0.0547
v 0.1992 0.1789 -0.0459
v 0.2043 0.1944 -0.0583
v 0.2202 0.2000 -0.0218
v 0.2109 0.2103 -0.0711
v 0.1960 0.1513 -0.0291
v 0.1929 0.1621 -0.0499
v 0.1993 0.1866 -0.0714
v 0.2254 0.2262 -0.0253
v 0.1922 0.2165 -0.0920
v 0.2241 0.2305 -0.0401
v 0.2219 0.1701 -0.0169
v 0.2143 0.1364 -0.0120
v 0.1974 0.1383 -0.0328
v 0.1900 0.2006 -0.0832
v 0.2293 0.1936 -0.0200
v 0.2403 0.2470 -0.0176
v 0.2252 0.2326 -0.0315
v 0.2152 0.1532 0.0138
v 0.1582 0.1173 0.0632
v 0.2494 0.0454 -0.0979
v 0.2274 0.0406 -0.0470
v 0.2313 0.0101 -0.0959
v 0.2235 0.0110 -0.0446
v 0.2281 0.0165 -0.1473
v 0.2407 0.0451 -0.0423
v 0.2155 0.1100 -0.0479
v 0.2301 0.1150 -0.1050
v 0.2458 0.1309 -0.1276
v 0.2331 0.1278 -0.0440
v 0.2301 0.1150 -0.1050
v 0.2364 0.1179 -0.1578
v 0.2241 0.1177 -0.0709
v 0.2198 0.1196 -0.0479
v 0.2009 0.1069 -0.1540
v 0.2155 0.1100 -0.0479
v 0.1637 0.1145 0.0197
v 0.2066 0.0094 -0.0952
v 0.2313 0.0101 -0.0959
v 0.2235 0.0110 -0.0446
v 0.2281 0.0165 -0.1473
v 0.2134 0.1392 -0.0547
v 0.1974 0.1383 -0.0328
v 0.2188 0.1340 -0.0560
v 0.2198 0.1196 -0.0479
v 0.1821 0.1336 -0.0141
v 0.1637 0.1145 0.0197
v 0.2087 0.1544 -0.0532
v 0.2177 0.1544 -0.0605
v 0.1929 0.1621 -0.0499
v 0.1960 0.1513 -0.0291
v 0.2084 0.1571 0.0076
v 0.2142 0.1517 -0.0047
v 0.2116 0.1499 -0.0019
v 0.2164 0.1649 0.0088
v 0.2116 0.1499 -0.0019
v 0.2219 0.1701 -0.0169
v 0.2084 0.1571 0.0076
v 0.2152 0.1532 0.0138
v 0.2097 0.1511 0.0069
v 0.2097 0.1511 0.0069
v 0.2142 0.1517 -0.0047
v 0.2084 0.1571 0.0076
v 0.2116 0.1499 -0.0019
v 0.2219 0.1701 -0.0169
v 0.2116 0.1499 -0.0019
v 0.2152 0.1532 0.0138
v 0.2097 0.1511 0.0069
v 0.1974 0.1383 -0.0328
v 0.2077 0.1572 -0.0488
v 0.1960 0.1513 -0.0291
v 0.2114 0.1523 -0.0491
v 0.1960 0.1513 -0.0291
v 0.2077 0.1572 -0.0488
v 0.2087 0.1544 -0.0532
v 0.2017 0.1658 -0.0514
v 0.2177 0.1557 -0.0430
v 0.1992 0.1789 -0.0459
v 0.1929 0.1621 -0.0499
v 0.2177 0.1544 -0.0605
v 0.2114 0.1523 -0.0491
v 0.2177 0.1557 -0.0430
v 0.2077 0.1572 -0.0488
v 0.2134 0.1392 -0.0547
v 0.2017 0.1658 -0.0514
v 0.2087 0.1544 -0.0532
v 0.2087 0.1544 -0.0532
v 0.2114 0.1523 -0.0491
v 0.1974 0.1383 -0.0328
v 0.2087 0.1544 -0.0532
v 0.2017 0.1658 -0.0514
v 0.2114 0.1523 -0.0491
v 0.2202 0.2000 -0.0218
v 0.2293 0.1936 -0.0200
v 0.2363 0.2036 -0.0356
v 0.2257 0.2053 -0.0486
v 0.2043 0.1944 -0.0583
v 0.2048 0.1756 -0.0294
v 0.2116 0.2064 -0.0572
v 0.2015 0.1880 -0.0852
v 0.2085 0.1984 -0.1141
v 0.1900 0.2006 -0.0832
v 0.1993 0.1866 -0.0714
v 0.2018 0.2094 -0.1082
v 0.1922 0.2165 -0.0920
v 0.2291 0.1938 -0.1182
v 0.1920 0.2143 -0.1113
v 0.2298 0.1914 -0.1345
v 0.2316 0.1677 -0.1402
v 0.1992 0.1789 -0.0459
v 0.2177 0.1557 -0.0430
v 0.2458 0.1309 -0.1276
v 0.2331 0.1278 -0.0440
v 0.2195 0.2055 -0.1421
v 0.2012 0.2343 -0.1245
v 0.2268 0.2070 -0.1634
v 0.2327 0.1855 -0.1848
v 0.2275 0.1924 -0.1829
v 0.2250 0.1896 -0.0327
v 0.2043 0.1944 -0.0583
v 0.2293 0.2026 -0.0425
v 0.2109 0.2103 -0.0711
v 0.1922 0.2165 -0.0920
v 0.2048 0.1756 -0.0294
v 0.2083 0.2302 -0.0985
v 0.2219 0.1701 -0.0169
v 0.1980 0.2292 -0.1010
v 0.2012 0.2343 -0.1245
v 0.1920 0.2143 -0.1113
v 0.2371 0.2188 -0.0748
v 0.2293 0.2498 -0.1152
v 0.2224 0.1868 -0.0516
v 0.2360 0.1815 -0.0229
v 0.2403 0.2696 -0.1115
v 0.2164 0.1649 0.0088
v 0.2126 0.2322 -0.0790
v 0.2126 0.2200 -0.0762
v 0.2169 0.2348 -0.0812
v 0.3230 0.0716 0.1168
v 0.2876 0.0569 0.1093
v 0.2897 0.1056 0.1068
v 0.3179 0.1036 0.1159
v 0.2859 0.1022 0.0986
v 0.3191 0.1705 0.0824
v 0.3100 0.1589 0.0744
v 0.3117 0.1723 0.0799
v 0.3234 0.1353 0.0772
v 0.3106 0.1838 0.0784
v 0.1810 0.0831 -0.2533
v 0.1598 0.0930 -0.2458
v 0.1622 0.0334 -0.2889
v 0.1497 0.0890 -0.2573
v 0.1315 0.0988 -0.2632
v 0.1477 0.0965 -0.2530
v 0.1253 0.0624 -0.3011
v 0.1487 0.0961 -0.2541
v 0.1865 0.0748 -0.2522
v 0.1830 0.0295 -0.2655
v 0.1955 0.0897 -0.2488
v 0.1907 0.0954 -0.2441
v 0.1976 0.0891 -0.2284
v 0.1683 0.0265 -0.2783
v 0.2478 0.0911 -0.1816
v 0.2059 0.0836 -0.2084
v 0.2540 0.0749 -0.1732
v 0.1907 0.0954 -0.2441
v 0.1684 0.0971 -0.2624
v 0.1810 0.0831 -0.2533
v 0.1585 0.1085 -0.2649
v 0.1635 0.1240 -0.2617
v 0.2124 0.1223 -0.2217
v 0.2414 0.0935 -0.1982
v 0.2478 0.0911 -0.1816
v 0.2749 0.1287 -0.1333
v 0.2753 0.0940 -0.1405
v 0.2540 0.0749 -0.1732
v 0.3025 0.1328 -0.0319
v 0.3006 0.0936 -0.0434
v 0.3016 0.0989 0.0554
v 0.3246 0.1464 0.0269
v 0.3165 0.1579 0.0445
v 0.3234 0.1353 0.0772
v 0.3369 0.1324 -0.0225
v 0.3156 0.1680 0.0578
v 0.3113 0.1699 0.0713
v 0.3170 0.1555 0.0374
v 0.3234 0.1353 0.0772
v 0.3113 0.1699 0.0713
v 0.3100 0.1589 0.0744
v 0.2753 0.0940 -0.1405
v 0.2675 0.1010 -0.1553
v 0.2880 0.1248 -0.1126
v 0.2557 0.1233 -0.1740
v 0.2606 0.0959 -0.1675
v 0.2414 0.0935 -0.1982
v 0.2351 0.1194 -0.2068
v 0.2152 0.0941 -0.2360
v 0.3006 0.0936 -0.0434
v 0.3076 0.1279 -0.0232
v 0.3016 0.0989 0.0554
v 0.2999 0.1314 0.0781
v 0.2478 0.0911 -0.1816
v 0.3343 0.1597 -0.0038
v 0.3056 0.1554 -0.0313
v 0.3306 0.1343 -0.0270
v 0.3212 0.1928 0.0196
v 0.2943 0.1933 -0.0066
v 0.3321 0.1295 -0.0799
v 0.2195 0.0158 -0.0667
v 0.2173 0.0170 -0.0624
v 0.2235 0.0110 -0.0446
v 0.2173 0.0170 -0.0624
v 0.2250 0.0195 -0.0683
v 0.2249 0.0320 -0.0662
v 0.2195 0.0158 -0.0667
v 0.2188 0.0254 -0.0474
v 0.2155 0.1100 -0.0479
v 0.2081 0.0810 -0.1104
v 0.2188 0.0254 -0.0474
v 0.2110 0.0254 -0.1045
v 0.2108 0.0150 -0.1038
v 0.2173 0.0170 -0.0624
v 0.2167 0.1110 -0.0746
v 0.2136 0.1090 -0.0873
v 0.2104 0.1027 -0.1036
v 0.2148 0.1170 -0.0781
v 0.2168 0.1116 -0.0922
v 0.2066 0.0094 -0.0952
v 0.2235 0.0110 -0.0446
v 0.2281 0.0165 -0.1473
v 0.2249 0.0320 -0.0662
v 0.2235 0.0110 -0.0446
v 0.2188 0.0254 -0.0474
v 0.2195 0.0158 -0.0667
v 0.2250 0.0195 -0.0683
v 0.2195 0.0158 -0.0667
v 0.2249 0.0320 -0.0662
v 0.2155 0.1100 -0.0479
v 0.2188 0.0254 -0.0474
v 0.2274 0.0406 -0.0470
v 0.2235 0.0110 -0.0446
v 0.2407 0.0451 -0.0423
v 0.2177 0.1557 -0.0430
v 0.2087 0.1544 -0.0532
v 0.1974 0.1383 -0.0328
v 0.2331 0.1278 -0.0440
v 0.2177 0.1557 -0.0430
v 0.2198 0.1393 -0.0465
v 0.2198 0.1196 -0.0479
v 0.1974 0.1383 -0.0328
v 0.2177 0.1544 -0.0605
v 0.2198 0.1393 -0.0465
v 0.2114 0.1523 -0.0491
v 0.2017 0.1658 -0.0514
v 0.2188 0.1340 -0.0560
v 0.2198 0.1196 -0.0479
v 0.2281 0.2114 -0.0554
v 0.2257 0.2053 -0.0486
v 0.2363 0.2123 -0.0439
v 0.2329 0.2182 -0.0583
v 0.2109 0.2103 -0.0711
v 0.2363 0.2036 -0.0356
v 0.2224 0.1868 -0.0516
v 0.2250 0.1896 -0.0327
v 0.2293 0.2026 -0.0425
v 0.2219 0.1701 -0.0169
v 0.2371 0.2188 -0.0748
v 0.2403 0.2470 -0.0176
v 0.2109 0.2103 -0.0711
v 0.2281 0.2114 -0.0554
v 0.2225 0.2198 -0.0547
v 0.2237 0.1943 -0.0275
v 0.2363 0.2036 -0.0356
v 0.2293 0.1936 -0.0200
v 0.2360 0.1815 -0.0229
v 0.2237 0.1943 -0.0275
v 0.2293 0.1936 -0.0200
v 0.2177 0.1557 -0.0430
v 0.2134 0.1392 -0.0547
v 0.2087 0.1544 -0.0532
v 0.2134 0.1392 -0.0547
v 0.2198 0.1393 -0.0465
v 0.1974 0.1383 -0.0328
v 0.2134 0.1392 -0.0547
v 0.2114 0.1523 -0.0491
v 0.2198 0.1393 -0.0465
v 0.2371 0.2188 -0.0748
v 0.2363 0.2123 -0.0439
v 0.2363 0.2036 -0.0356
v 0.2360 0.1815 -0.0229
v 0.2403 0.2470 -0.0176
v 0.2360 0.1815 -0.0229
v 0.2363 0.2036 -0.0356
v 0.2237 0.1943 -0.0275
v 0.3321 0.1295 -0.0799
v 0.3056 0.1554 -0.0313
v 0.3450 0.1502 -0.0880
v 0.3308 0.1690 -0.0586
v 0.3616 0.1359 -0.1189
v 0.2943 0.1933 -0.0066
v 0.3280 0.1192 -0.0987
v 0.3162 0.1178 -0.1341
v 0.3401 0.1547 -0.0926
v 0.3552 0.1428 -0.1116
v 0.3450 0.1502 -0.0880
v 0.3308 0.1690 -0.0586
v 0.3616 0.1359 -0.1189
v 0.3612 0.1278 -0.1540
v 0.3673 0.1331 -0.1223
v 0.3763 0.1217 -0.1301
v 0.3227 0.1574 -0.0978
v 0.3214 0.1450 -0.1781
v 0.2943 0.1933 -0.0066
v 0.3227 0.1574 -0.0978
v 0.3080 0.1888 -0.0657
v 0.3171 0.1866 -0.0992
v 0.2943 0.1933 -0.0066
v 0.3177 0.1623 -0.1412
v 0.3214 0.1450 -0.1781
v 0.3055 0.2064 -0.0152
v 0.3367 0.2486 0.0021
v 0.2206 0.2298 0.0050
v 0.2180 0.2009 0.0055
v 0.2276 0.2356 0.0093
v 0.2206 0.2298 0.0050
v 0.2311 0.2336 -0.0050
v 0.2280 0.2347 -0.0141
v 0.2276 0.2356 0.0093
v 0.2191 0.2035 -0.0152
v 0.2120 0.1910 -0.0109
v 0.2161 0.1927 -0.0055
v 0.2180 0.2009 0.0055
v 0.2161 0.1927 -0.0055
v 0.2120 0.1910 -0.0109
v 0.2156 0.1980 0.0063
v 0.2363 0.2123 -0.0439
v 0.2403 0.2470 -0.0176
v 0.2252 0.2326 -0.0315
v 0.2363 0.2123 -0.0439
v 0.2241 0.2305 -0.0401
v 0.2329 0.2182 -0.0583
v 0.2252 0.2326 -0.0315
v 0.2083 0.2411 -0.0222
v 0.2329 0.2182 -0.0583
v 0.2241 0.2305 -0.0401
v 0.2261 0.2168 -0.0573
v 0.2225 0.2198 -0.0547
v 0.3271 0.2013 -0.0249
v 0.3080 0.1888 -0.0657
v 0.3055 0.2064 -0.0152
v 0.3276 0.2165 -0.0148
v 0.3367 0.2486 0.0021
v 0.3379 0.2392 -0.0169
v 0.3073 0.2114 -0.0619
v 0.3170 0.2155 -0.0713
v 0.4100 0.2574 -0.0191
v 0.3652 0.2363 -0.0305
v 0.3944 0.2533 0.0048
v 0.2257 0.2053 -0.0486
v 0.2293 0.2026 -0.0425
v 0.2116 0.2064 -0.0572
v 0.2109 0.2103 -0.0711
v 0.2116 0.2064 -0.0572
v 0.2293 0.2026 -0.0425
v 0.2261 0.2168 -0.0573
v 0.2225 0.2198 -0.0547
v 0.2281 0.2114 -0.0554
v 0.2126 0.2322 -0.0790
v 0.2261 0.2168 -0.0573
v 0.2126 0.2200 -0.0762
v 0.2281 0.2114 -0.0554
v 0.2169 0.2348 -0.0812
v 0.2371 0.2188 -0.0748
v 0.2156 0.2323 -0.0899
v 0.2126 0.2200 -0.0762
v 0.2281 0.2114 -0.0554
v 0.2284 0.2592 -0.1030
v 0.2403 0.2696 -0.1115
v 0.2156 0.2323 -0.0899
v 0.2293 0.2498 -0.1152
v 0.2083 0.2302 -0.0985
v 0.2284 0.2592 -0.1030
v 0.2268 0.2931 -0.0164
v 0.2422 0.2856 -0.0153
v 0.2242 0.2794 -0.0195
v 0.2220 0.3181 -0.0118
v 0.2403 0.2470 -0.0176
v 0.2382 0.3424 -0.0128
v 0.2242 0.3422 -0.0139
v 0.2159 0.3328 -0.0149
v 0.2268 0.2452 -0.0231
v 0.2083 0.2411 -0.0222
v 0.2254 0.2262 -0.0253
v 0.2329 0.2182 -0.0583
v 0.2240 0.2355 -0.0387
v 0.2403 0.2470 -0.0176
v 0.2268 0.2452 -0.0231
v 0.2261 0.2168 -0.0573
v 0.3073 0.2114 -0.0619
v 0.2810 0.2030 -0.0984
v 0.2966 0.1775 -0.1047
v 0.3086 0.2333 -0.0510
v 0.2937 0.1757 -0.1342
v 0.3214 0.1450 -0.1781
v 0.3080 0.1888 -0.0657
v 0.3276 0.2165 -0.0148
v 0.3271 0.2013 -0.0249
v 0.2973 0.2074 -0.1417
v 0.2937 0.1757 -0.1342
v 0.2810 0.2030 -0.0984
v 0.2927 0.2055 -0.1807
v 0.3035 0.2384 -0.0779
v 0.3086 0.2333 -0.0510
v 0.3423 0.2699 -0.0508
v 0.2810 0.2030 -0.0984
v 0.2879 0.2368 -0.1019
v 0.2999 0.2513 -0.1026
v 0.3468 0.2589 -0.0564
v 0.2999 0.2513 -0.1026
v 0.3035 0.2384 -0.0779
v 0.3273 0.2755 -0.0716
v 0.3494 0.2689 -0.0683
v 0.4095 0.0663 0.1107
v 0.3993 0.0621 0.1133
v 0.4013 0.0929 0.1152
v 0.4083 0.1386 -0.0932
v 0.3955 0.1056 -0.0870
v 0.4059 0.1124 -0.0513
v 0.3807 0.1360 -0.1321
v 0.4615 0.1831 -0.0716
v 0.4093 0.0326 -0.0184
v 0.4642 0.1794 -0.0338
v 0.3938 0.0306 -0.0968
v 0.3828 0.0980 -0.1303
v 0.3791 0.0264 -0.1392
v 0.3563 0.0291 -0.1825
v 0.3221 0.0786 -0.2396
v 0.3601 0.0183 -0.1774
v 0.4196 0.1200 -0.0158
v 0.4577 0.1566 -0.0002
v 0.4672 0.1852 -0.0283
v 0.4189 0.1176 0.0256
v 0.4581 0.1557 0.0352
v 0.4377 0.1473 0.0669
v 0.4196 0.1341 0.1082
v 0.4435 0.1605 0.1108
v 0.3511 0.0255 -0.1946
v 0.3763 0.1217 -0.1301
v 0.3568 0.0114 -0.1942
v 0.4108 0.1158 0.0195
v 0.4059 0.0595 0.0508
v 0.3998 0.0371 0.1099
v 0.3993 0.0621 0.1133
v 0.4053 0.1159 0.0465
v 0.3955 0.1056 -0.0870
v 0.3763 0.1217 -0.1301
v 0.3558 0.1015 -0.1558
v 0.3700 0.1189 -0.1417
v 0.3619 0.1140 -0.1558
v 0.3531 0.1123 -0.1699
v 0.3215 0.0979 -0.2189
v 0.3748 0.1257 -0.1494
v 0.3118 0.1095 -0.2309
v 0.2426 0.1056 -0.2970
v 0.4481 0.0621 0.0591
v 0.4171 0.0600 0.0509
v 0.4354 0.0526 0.0395
v 0.4602 0.0622 0.0491
v 0.4219 0.0551 0.1093
v 0.4548 0.0607 0.0241
v 0.4033 0.0593 0.1099
v 0.4219 0.0551 0.1093
v 0.4144 0.0363 0.1118
v 0.4033 0.0593 0.1099
v 0.4240 0.0227 0.0540
v 0.3998 0.0371 0.1099
v 0.4093 0.0326 -0.0184
v 0.4119 0.0303 0.1135
v 0.4244 0.0201 0.0067
v 0.4193 0.0256 -0.0263
v 0.4244 0.0201 0.0067
v 0.4193 0.0256 -0.0263
v 0.4206 0.0193 -0.0148
v 0.4166 0.0158 -0.0223
v 0.4059 0.0595 0.0508
v 0.4155 0.0841 0.0473
v 0.4053 0.1159 0.0465
v 0.4166 0.0741 0.0316
v 0.4222 0.0701 0.0460
v 0.4140 0.0795 0.0465
v 0.4354 0.0526 0.0395
v 0.4164 0.0654 0.0216
v 0.4151 0.0795 0.0329
v 0.4144 0.0867 0.0268
v 0.4155 0.0841 0.0473
v 0.4354 0.0526 0.0395
v 0.4171 0.0600 0.0509
v 0.4222 0.0701 0.0460
v 0.4140 0.0795 0.0465
v 0.3082 0.0880 -0.1361
v 0.3095 0.0972 -0.1208
v 0.3092 0.0970 -0.1360
v 0.3020 0.1072 -0.1451
v 0.3169 0.1235 -0.1182
v 0.2808 0.1194 -0.1915
v 0.2746 0.0993 -0.1982
v 0.2653 0.1150 -0.2106
v 0.3152 0.0969 -0.1137
v 0.3173 0.1105 -0.0959
v 0.3311 0.1220 -0.0799
v 0.3281 0.1010 -0.0881
v 0.3048 0.0736 -0.1411
v 0.3314 0.0586 -0.0819
v 0.3398 0.0649 0.0433
v 0.3383 0.1014 0.0346
v 0.3142 0.0588 -0.1315
v 0.2821 0.0800 -0.1804
v 0.2588 0.0561 -0.2228
v 0.2882 0.0920 -0.1720
v 0.3179 0.1036 0.1159
v 0.3230 0.0716 0.1168
v 0.2835 0.0885 -0.1637
v 0.2318 0.0671 -0.2404
v 0.2152 0.0941 -0.2360
v 0.3060 0.0973 -0.1254
v 0.3020 0.1072 -0.1451
v 0.2770 0.0947 -0.1605
v 0.3060 0.0973 -0.1254
v 0.2746 0.0993 -0.1982
v 0.4155 0.0841 0.0473
v 0.4140 0.0795 0.0465
v 0.4053 0.1159 0.0465
v 0.4480 0.0872 0.0642
v 0.4481 0.0621 0.0591
v 0.4548 0.0607 0.0241
v 0.4508 0.0521 0.0447
v 0.4481 0.0933 0.0233
v 0.4219 0.0551 0.1093
v 0.4329 0.0952 0.1059
v 0.4595 0.0299 0.0463
v 0.4508 0.0521 0.0447
v 0.4176 0.0362 0.0459
v 0.4282 0.0128 0.0440
v 0.4602 0.0622 0.0491
v 0.4602 0.0622 0.0491
v 0.4548 0.0607 0.0241
v 0.4508 0.0521 0.0447
v 0.4595 0.0299 0.0463
v 0.4301 0.0317 0.0365
v 0.4525 0.0545 0.0386
v 0.4282 0.0128 0.0440
v 0.4602 0.0622 0.0491
v 0.4532 0.0599 0.0375
v 0.4067 0.0053 -0.1115
v 0.4125 0.0348 -0.0630
v 0.4228 0.0089 -0.0366
v 0.3948 0.0205 -0.1558
v 0.3704 0.0047 -0.2082
v 0.4508 0.0521 0.0447
v 0.4354 0.0526 0.0395
v 0.4525 0.0545 0.0386
v 0.4164 0.0654 0.0216
v 0.4532 0.0599 0.0375
v 0.4301 0.0317 0.0365
v 0.4125 0.0348 -0.0630
v 0.4176 0.0362 0.0459
v 0.4508 0.0521 0.0447
v 0.4301 0.0317 0.0365
v 0.4176 0.0362 0.0459
v 0.4525 0.0545 0.0386
v 0.4548 0.0607 0.0241
v 0.4354 0.0526 0.0395
v 0.4532 0.0599 0.0375
v 0.4508 0.0521 0.0447
v 0.4532 0.0599 0.0375
v 0.4481 0.0621 0.0591
v 0.4602 0.0622 0.0491
v 0.4481 0.0621 0.0591
v 0.4532 0.0599 0.0375
v 0.4508 0.0521 0.0447
v 0.4285 0.0959 0.0604
v 0.4155 0.0841 0.0473
v 0.4250 0.0896 0.0620
v 0.4059 0.0595 0.0508
v 0.4329 0.0952 0.1059
v 0.4144 0.0867 0.0268
v 0.4111 0.0887 0.1130
v 0.4392 0.0707 0.0690
v 0.4250 0.0896 0.0620
v 0.4059 0.0595 0.0508
v 0.4481 0.0933 0.0233
v 0.4285 0.0959 0.0604
v 0.4480 0.0872 0.0642
v 0.4329 0.0952 0.1059
v 0.4144 0.0867 0.0268
v 0.4617 0.1310 0.0482
v 0.4189 0.1176 0.0256
v 0.4478 0.1064 -0.0019
v 0.4146 0.1069 -0.0041
v 0.4429 0.1315 0.1134
v 0.4196 0.1341 0.1082
v 0.4735 0.1271 -0.0252
v 0.4206 0.0193 -0.0148
v 0.4166 0.0158 -0.0223
v 0.3984 0.0176 -0.0256
v 0.3336 0.1026 -0.0975
v 0.3446 0.0650 0.0048
v 0.3398 0.0649 0.0433
v 0.4116 0.0244 -0.0308
v 0.3984 0.0176 -0.0256
v 0.3992 0.0201 -0.0709
v 0.4206 0.0193 -0.0148
v 0.4093 0.0326 -0.0184
v 0.3938 0.0306 -0.0968
v 0.4046 0.0251 -0.0892
v 0.4025 0.0236 -0.1003
v 0.3791 0.0264 -0.1392
v 0.4130 0.0246 -0.0734
v 0.4116 0.0244 -0.0308
v 0.4166 0.0158 -0.0223
v 0.4116 0.0244 -0.0308
v 0.3992 0.0201 -0.0709
v 0.4093 0.0326 -0.0184
v 0.4228 0.0089 -0.0366
v 0.4067 0.0053 -0.1115
v 0.3869 0.0188 -0.1326
v 0.4282 0.0128 0.0440
v 0.3601 0.0183 -0.1774
v 0.3568 0.0114 -0.1942
v 0.3704 0.0047 -0.2082
v 0.3016 0.0019 -0.2767
v 0.3095 0.0162 -0.2549
v 0.3003 0.0167 -0.2674
v 0.2283 0.0132 -0.3316
v 0.2678 0.0000 -0.3170
v 0.1561 0.0024 -0.3877
v 0.3660 0.0214 -0.1423
v 0.3022 0.1067 -0.1649
v 0.3142 0.0588 -0.1315
v 0.2588 0.0561 -0.2228
v 0.2684 0.0976 -0.2186
v 0.3336 0.1026 -0.0975
v 0.3314 0.0586 -0.0819
v 0.3398 0.0649 0.0433
v 0.2318 0.0671 -0.2404
v 0.2178 0.0971 -0.2621
v 0.2219 0.0726 -0.2597
v 0.2126 0.0620 -0.2668
v 0.3266 0.1076 -0.1031
v 0.3311 0.1220 -0.0799
v 0.2896 0.0259 -0.2886
v 0.2506 0.0985 -0.3239
v 0.3424 0.1004 -0.2258
v 0.3521 0.0276 -0.2069
v 0.2351 0.0274 -0.3296
v 0.3855 0.1021 -0.1447
v 0.3968 0.0359 -0.1045
v 0.4035 0.1028 -0.0891
v 0.1519 0.0332 -0.3771
v 0.1518 0.0667 -0.3747
v 0.1389 0.0736 -0.3931
v 0.1458 0.0964 -0.3840
v 0.1188 0.0864 -0.4110
v 0.1278 0.0409 -0.3924
v 0.4146 0.1069 -0.0041
v 0.4125 0.0348 -0.0630
v 0.4094 0.1286 -0.0927
v 0.3748 0.1257 -0.1494
v 0.3669 0.1049 -0.1554
v 0.3407 0.1118 -0.1893
v 0.3025 0.1005 -0.2519
v 0.2770 0.1129 -0.2679
v 0.2141 0.1133 -0.3232
v 0.1601 0.0995 -0.3583
v 0.3263 0.1976 -0.0199
v 0.3326 0.2053 0.0112
v 0.3290 0.1820 0.0057
v 0.3348 0.1631 -0.0091
v 0.3363 0.1507 0.0088
v 0.3369 0.1324 -0.0225
v 0.3221 0.1673 -0.0356
v 0.3213 0.1857 -0.0361
v 0.3271 0.1501 -0.0529
v 0.3311 0.1220 -0.0799
v 0.3231 0.2075 -0.0070
v 0.3318 0.2129 0.0060
v 0.3594 0.2378 0.0497
v 0.3490 0.2087 0.0577
v 0.3221 0.1581 0.0343
v 0.3631 0.2135 0.0914
v 0.3904 0.2186 0.1066
v 0.4166 0.0158 -0.0223
v 0.4193 0.0256 -0.0263
v 0.4093 0.0326 -0.0184
v 0.4164 0.0654 0.0216
v 0.4144 0.0867 0.0268
v 0.4481 0.0933 0.0233
v 0.4548 0.0607 0.0241
v 0.4532 0.0599 0.0375
v 0.4164 0.0654 0.0216
v 0.4548 0.0607 0.0241
v 0.4735 0.1271 -0.0252
v 0.4478 0.1064 -0.0019
v 0.4876 0.1528 -0.0395
v 0.3682 0.1666 -0.2339
v 0.3612 0.1278 -0.1540
v 0.3214 0.1450 -0.1781
v 0.4019 0.1369 -0.1616
v 0.3748 0.1257 -0.1494
v 0.3763 0.1217 -0.1301
v 0.4059 0.1889 -0.2460
v 0.4094 0.1286 -0.0927
v 0.4441 0.1316 -0.1148
v 0.4146 0.1069 -0.0041
v 0.4478 0.1064 -0.0019
v 0.3763 0.2022 -0.2562
v 0.3103 0.2107 -0.2250
v 0.2927 0.2055 -0.1807
v 0.2768 0.2097 -0.2025
v 0.3052 0.2146 -0.2417
v 0.2533 0.2101 -0.1543
v 0.2469 0.2222 -0.1960
v 0.3362 0.2161 -0.2534
v 0.3635 0.1911 -0.2299
v 0.2973 0.2074 -0.1417
v 0.2810 0.2030 -0.0984
v 0.4393 0.2259 -0.2057
v 0.4783 0.2160 -0.1509
v 0.4219 0.1857 -0.2093
v 0.4059 0.1889 -0.2460
v 0.4272 0.2480 -0.2270
v 0.4725 0.2587 -0.1585
v 0.4523 0.2685 -0.1756
v 0.4140 0.2957 -0.2301
v 0.4299 0.3137 -0.2029
v 0.4019 0.1369 -0.1616
v 0.4804 0.1589 -0.1034
v 0.4441 0.1316 -0.1148
v 0.4876 0.1528 -0.0395
v 0.4478 0.1064 -0.0019
v 0.4213 0.3003 -0.1636
v 0.4439 0.3159 -0.1277
v 0.4381 0.2924 -0.0996
v 0.4418 0.2865 -0.0799
v 0.4393 0.2259 -0.2057
v 0.4523 0.2685 -0.1756
v 0.4465 0.2448 -0.1755
v 0.3343 0.1597 -0.0038
v 0.3175 0.1697 0.0326
v 0.3222 0.1663 0.0350
v 0.3212 0.1928 0.0196
v 0.3343 0.1597 -0.0038
v 0.3222 0.1663 0.0350
v 0.3212 0.1928 0.0196
v 0.3222 0.1663 0.0350
v 0.3175 0.1697 0.0326
v 0.3319 0.1788 -0.0479
v 0.3534 0.1578 -0.0900
v 0.3363 0.2152 -0.0660
v 0.3305 0.2200 -0.0301
v 0.3311 0.1220 -0.0799
v 0.3906 0.2613 -0.0941
v 0.3493 0.2379 -0.0608
v 0.3763 0.1217 -0.1301
v 0.3271 0.1501 -0.0529
v 0.3221 0.1673 -0.0356
v 0.3213 0.1857 -0.0361
v 0.3807 0.1360 -0.1321
v 0.3518 0.2573 -0.0679
v 0.3353 0.1920 -0.0322
v 0.3213 0.1857 -0.0361
v 0.3319 0.1788 -0.0479
v 0.3263 0.1976 -0.0199
v 0.4240 0.2462 0.0109
v 0.4636 0.2356 -0.0025
v 0.4566 0.1933 -0.0053
v 0.4765 0.2061 -0.0159
v 0.4672 0.1852 -0.0283
v 0.4577 0.1566 -0.0002
v 0.4257 0.2221 0.0406
v 0.3998 0.2341 0.0412
v 0.3473 0.2198 0.0711
v 0.3324 0.1949 0.0491
v 0.3262 0.2128 0.0603
v 0.3175 0.1697 0.0326
v 0.3586 0.2394 0.1074
v 0.3262 0.2128 0.0603
v 0.3048 0.1847 0.0815
v 0.3586 0.2394 0.1074
v 0.3175 0.1697 0.0326
v 0.3163 0.2144 0.1088
v 0.3147 0.1808 0.0874
v 0.3106 0.1838 0.0784
v 0.3166 0.1711 0.0621
v 0.4050 0.2291 0.1008
v 0.3586 0.2394 0.1074
v 0.4233 0.2344 0.1193
v 0.3564 0.2243 0.0917
v 0.3540 0.2234 0.0908
v 0.4211 0.2172 0.1079
v 0.4420 0.2152 0.1155
v 0.3473 0.2198 0.0711
v 0.3586 0.2394 0.1074
v 0.3540 0.2234 0.0908
v 0.3587 0.2242 0.0930
v 0.3473 0.2198 0.0711
v 0.3540 0.2234 0.0908
v 0.3473 0.2198 0.0711
v 0.3348 0.2295 0.0386
v 0.3324 0.1949 0.0491
v 0.3175 0.1697 0.0326
v 0.3564 0.2243 0.0917
v 0.3212 0.1928 0.0196
v 0.3274 0.2114 0.0092
v 0.2943 0.1933 -0.0066
v 0.3367 0.2486 0.0021
v 0.3690 0.2290 0.0191
v 0.4294 0.2454 0.0212
v 0.3944 0.2533 0.0048
v 0.3690 0.2290 0.0191
v 0.3348 0.2295 0.0386
v 0.3765 0.2472 0.0540
v 0.4294 0.2454 0.0212
v 0.3274 0.2114 0.0092
v 0.3564 0.2243 0.0917
v 0.4050 0.2291 0.1008
v 0.3357 0.2341 0.0007
v 0.3318 0.2129 0.0060
v 0.3311 0.2307 0.0010
v 0.3927 0.2450 0.0066
v 0.4240 0.2462 0.0109
v 0.3210 0.2207 -0.0032
v 0.3231 0.2075 -0.0070
v 0.3455 0.2337 -0.0138
v 0.3231 0.2075 -0.0070
v 0.3263 0.1976 -0.0199
v 0.3210 0.2207 -0.0032
v 0.3305 0.2200 -0.0301
v 0.3936 0.2455 -0.0141
v 0.3357 0.2341 0.0007
v 0.3363 0.2152 -0.0660
v 0.3927 0.2450 0.0066
v 0.3311 0.2307 0.0010
v 0.3594 0.2378 0.0497
v 0.4200 0.2138 0.0833
v 0.4361 0.2104 0.1072
v 0.3904 0.2186 0.1066
v 0.4225 0.2054 0.1147
v 0.4233 0.2358 0.0635
v 0.4455 0.1711 0.0848
v 0.4479 0.2264 0.0581
v 0.4211 0.2172 0.1079
v 0.4420 0.2152 0.1155
v 0.4050 0.2291 0.1008
v 0.3564 0.2243 0.0917
v 0.3473 0.2198 0.0711
v 0.3587 0.2242 0.0930
v 0.3587 0.2242 0.0930
v 0.3540 0.2234 0.0908
v 0.3564 0.2243 0.0917
v 0.4293 0.2422 0.0659
v 0.4280 0.2183 0.0803
v 0.4574 0.2272 0.0598
v 0.4549 0.1729 0.0905
v 0.3765 0.2472 0.0540
v 0.4050 0.2291 0.1008
v 0.4420 0.2152 0.1155
v 0.4257 0.2221 0.0406
v 0.4233 0.2358 0.0635
v 0.3998 0.2341 0.0412
v 0.4479 0.2264 0.0581
v 0.4577 0.1566 -0.0002
v 0.3594 0.2378 0.0497
v 0.3318 0.2129 0.0060
v 0.4240 0.2462 0.0109
v 0.4455 0.1711 0.0848
v 0.4479 0.2264 0.0581
v 0.4480 0.2059 0.0742
v 0.4293 0.2422 0.0659
v 0.4574 0.2272 0.0598
v 0.4299 0.2286 0.0400
v 0.3765 0.2472 0.0540
v 0.4675 0.1595 -0.0096
v 0.4675 0.1595 -0.0096
v 0.4294 0.2454 0.0212
v 0.4299 0.2286 0.0400
v 0.3765 0.2472 0.0540
v 0.4741 0.2228 0.0014
v 0.4635 0.2459 0.0030
v 0.4741 0.2228 0.0014
v 0.4652 0.2311 -0.0153
v 0.4635 0.2459 0.0030
v 0.4759 0.2110 -0.0241
v 0.3263 0.1976 -0.0199
v 0.3353 0.1920 -0.0322
v 0.3305 0.2200 -0.0301
v 0.3319 0.1788 -0.0479
v 0.3455 0.2337 -0.0138
v 0.3577 0.2563 -0.0389
v 0.3170 0.2155 -0.0713
v 0.3652 0.2363 -0.0305
v 0.4100 0.2574 -0.0191
v 0.3086 0.2333 -0.0510
v 0.3073 0.2114 -0.0619
v 0.4450 0.2297 -0.0252
v 0.4583 0.2394 -0.0057
v 0.4240 0.2462 0.0109
v 0.3927 0.2450 0.0066
v 0.3936 0.2455 -0.0141
v 0.4636 0.2356 -0.0025
v 0.4262 0.2618 -0.0637
v 0.4694 0.2284 -0.0805
v 0.4672 0.1852 -0.0283
v 0.4636 0.2356 -0.0025
v 0.4642 0.1794 -0.0338
v 0.4583 0.2394 -0.0057
v 0.4765 0.2061 -0.0159
v 0.4594 0.2318 -0.1158
v 0.4694 0.2284 -0.0805
v 0.4573 0.2530 -0.1072
v 0.4686 0.2142 -0.0916
v 0.4559 0.2583 -0.0910
v 0.4562 0.2675 -0.0765
v 0.4552 0.2641 -0.0878
v 0.4575 0.2583 -0.1207
v 0.4597 0.2511 -0.1252
v 0.4570 0.2565 -0.1254
v 0.4567 0.2584 -0.1318
v 0.4593 0.2567 -0.1381
v 0.4583 0.2497 -0.1444
v 0.4593 0.2355 -0.1316
v 0.4615 0.1831 -0.0716
v 0.4707 0.2326 -0.0343
v 0.4546 0.2320 -0.1295
v 0.4693 0.2321 -0.0269
v 0.4642 0.1794 -0.0338
v 0.4511 0.2357 -0.1465
v 0.4583 0.2394 -0.0057
v 0.4559 0.2420 -0.0146
v 0.4585 0.2466 -0.1478
v 0.4595 0.2487 -0.1484
v 0.4599 0.2494 -0.1485
v 0.4654 0.2048 -0.0283
v 0.4685 0.2273 -0.0133
v 0.4759 0.2110 -0.0241
v 0.4652 0.2311 -0.0153
v 0.4708 0.2157 -0.0429
v 0.4654 0.2048 -0.0283
v 0.4737 0.2065 -0.0381
v 0.4652 0.2311 -0.0153
v 0.4759 0.2110 -0.0241
v 0.4741 0.2228 0.0014
v 0.4827 0.2133 -0.0358
v 0.4759 0.2110 -0.0241
v 0.4827 0.2133 -0.0358
v 0.4778 0.2157 -0.0359
v 0.4685 0.2273 -0.0133
v 0.4652 0.2311 -0.0153
v 0.4759 0.2110 -0.0241
v 0.4778 0.2157 -0.0359
v 0.4827 0.2133 -0.0358
v 0.4652 0.2311 -0.0153
v 0.4708 0.2157 -0.0429
v 0.4635 0.2459 0.0030
v 0.4737 0.2065 -0.0381
v 0.4759 0.2110 -0.0241
v 0.4778 0.2157 -0.0359
v 0.4654 0.2048 -0.0283
v 0.4708 0.2157 -0.0429
v 0.1537 0.0832 -0.2247
v 0.1461 0.0692 -0.2119
v 0.1504 0.0838 -0.2151
v 0.1521 0.0927 -0.2108
v 0.0856 0.0612 -0.2486
v 0.1158 0.0975 -0.2399
v 0.1211 0.0629 -0.2303
v 0.1027 0.1001 -0.2472
v 0.0465 0.0560 -0.2628
v 0.0662 0.0954 -0.2605
v 0.0223 0.0953 -0.2719
v 0.0411 0.0381 -0.2651
v 0.1461 0.0692 -0.2119
v 0.1504 0.0838 -0.2151
v 0.1274 0.0976 -0.2308
v 0.1441 0.1053 -0.2169
v 0.1521 0.0927 -0.2108
v 0.1486 0.0293 -0.2341
v 0.1652 0.0295 -0.1958
v 0.1674 0.0825 -0.1810
v 0.1283 0.0329 -0.2675
v 0.1750 0.0720 -0.2229
v 0.1537 0.0832 -0.2247
v 0.1840 0.0829 -0.2332
v 0.1461 0.0692 -0.2119
v 0.1793 0.0651 -0.2166
v 0.1598 0.0930 -0.2458
v 0.1492 0.0906 -0.2522
v 0.1461 0.0692 -0.2119
v 0.1793 0.0651 -0.2166
v 0.1739 0.0702 -0.2101
v 0.1739 0.0702 -0.2101
v 0.1750 0.0720 -0.2229
v 0.1851 0.0764 -0.2185
v 0.1955 0.0860 -0.2297
v 0.2154 0.0821 -0.2099
v 0.1840 0.0829 -0.2332
v 0.1466 0.0948 -0.2280
v 0.1274 0.0976 -0.2308
v 0.1537 0.0832 -0.2247
v 0.1158 0.0975 -0.2399
v 0.1441 0.1053 -0.2169
v 0.1521 0.0927 -0.2108
v 0.1716 0.0576 -0.2096
v 0.1674 0.0825 -0.1810
v 0.1461 0.0692 -0.2119
v 0.1851 0.0764 -0.2185
v 0.1674 0.0825 -0.1810
v 0.1739 0.0702 -0.2101
v 0.1822 0.1056 -0.1667
v 0.1716 0.0576 -0.2096
v 0.1850 0.0539 -0.2117
v 0.1673 0.0226 -0.1363
v 0.1995 0.1076 -0.1158
v 0.1862 0.0298 -0.1063
v 0.1998 0.0667 -0.0943
v 0.1642 0.0256 -0.1714
v 0.1872 0.0959 -0.1428
v 0.1674 0.0825 -0.1810
v 0.1811 0.0208 -0.0990
v 0.1877 0.0305 -0.0784
v 0.1979 0.0886 -0.0902
v 0.2111 0.1201 -0.1447
v 0.2009 0.1069 -0.1540
v 0.1909 0.1171 -0.1526
v 0.1822 0.1056 -0.1667
v 0.2084 0.1296 -0.1471
v 0.1857 0.0910 -0.1582
v 0.1674 0.0825 -0.1810
v 0.1844 0.1175 -0.1684
v 0.2133 0.1249 -0.1346
v 0.2255 0.1352 -0.1384
v 0.2334 0.1399 -0.1411
v 0.2063 0.0768 -0.1571
v 0.1875 0.0426 -0.1692
v 0.2248 0.0182 -0.1410
v 0.1876 0.0807 -0.1678
v 0.2294 0.0763 -0.1055
v 0.2393 0.0369 -0.1016
v 0.2008 0.1012 -0.1479
v 0.2162 0.1027 -0.1097
v 0.1779 0.0348 -0.1996
v 0.1869 0.0186 -0.1923
v 0.1721 0.0229 -0.2088
v 0.1698 0.0277 -0.2177
v 0.1849 0.0398 -0.2361
v 0.1865 0.0748 -0.2522
v 0.1830 0.0295 -0.2655
v 0.1716 0.0576 -0.2096
v 0.1683 0.0265 -0.2783
v 0.1685 0.0268 -0.2297
v 0.1892 0.0387 -0.2282
v 0.1698 0.0277 -0.2177
v 0.1779 0.0348 -0.1996
v 0.1850 0.0539 -0.2117
v 0.1875 0.0426 -0.1692
v 0.1924 0.0596 -0.1890
v 0.1876 0.0807 -0.1678
v 0.1849 0.0398 -0.2361
v 0.1892 0.0387 -0.2282
v 0.1716 0.0576 -0.2096
v 0.1850 0.0539 -0.2117
v 0.1739 0.0702 -0.2101
v 0.1712 0.0615 -0.2111
v 0.1461 0.0692 -0.2119
v 0.1850 0.0539 -0.2117
v 0.1716 0.0576 -0.2096
v 0.1828 0.0692 -0.2284
v 0.1840 0.0829 -0.2332
v 0.1886 0.0659 -0.2420
v 0.1716 0.0576 -0.2096
v 0.1750 0.0720 -0.2229
v 0.1712 0.0615 -0.2111
v 0.1810 0.0831 -0.2533
v 0.1598 0.0930 -0.2458
v 0.1906 0.0538 -0.2570
v 0.1850 0.0539 -0.2117
v 0.1858 0.0372 -0.2657
v 0.1793 0.0651 -0.2166
v 0.1793 0.0651 -0.2166
v 0.1750 0.0720 -0.2229
v 0.1712 0.0615 -0.2111
v 0.1850 0.0539 -0.2117
v 0.1935 0.0170 -0.2481
v 0.1685 0.0268 -0.2297
v 0.1683 0.0265 -0.2783
v 0.1910 0.0154 -0.3193
v 0.1698 0.0277 -0.2177
v 0.1803 0.0218 -0.2069
v 0.1622 0.0334 -0.2889
v 0.1964 0.0399 -0.1688
v 0.1674 0.0825 -0.1810
v 0.1876 0.0807 -0.1678
v 0.1872 0.0959 -0.1428
v 0.2063 0.0768 -0.1571
v 0.1924 0.0596 -0.1890
v 0.1995 0.1076 -0.1158
v 0.1872 0.0959 -0.1428
v 0.2008 0.1012 -0.1479
v 0.2162 0.1027 -0.1097
v 0.1872 0.0959 -0.1428
v 0.2063 0.0768 -0.1571
v 0.2008 0.1012 -0.1479
v 0.2001 0.0447 -0.2004
v 0.1924 0.0596 -0.1890
v 0.1988 0.0804 -0.1694
v 0.1674 0.0825 -0.1810
v 0.1857 0.0910 -0.1582
v 0.1850 0.0539 -0.2117
v 0.1858 0.0372 -0.2657
v 0.2009 0.1069 -0.1540
v 0.1979 0.0908 -0.1913
v 0.1936 0.1134 -0.1656
v 0.1822 0.1056 -0.1667
v 0.2084 0.1296 -0.1471
v 0.1851 0.0764 -0.2185
v 0.2059 0.0836 -0.2084
v 0.1909 0.1171 -0.1526
v 0.1844 0.1175 -0.1684
v 0.0535 0.0273 -0.2829
v 0.0561 0.0255 -0.2923
v 0.0588 0.0316 -0.2967
v 0.0411 0.0381 -0.2651
v 0.0856 0.0612 -0.2486
v 0.0896 0.0313 -0.2749
v 0.0535 0.0273 -0.2829
v 0.0465 0.0560 -0.2628
v 0.1211 0.0629 -0.2303
v 0.1283 0.0329 -0.2675
v 0.0903 0.0294 -0.2815
v 0.0734 0.0211 -0.2915
v 0.1264 0.0211 -0.2662
v 0.0411 0.0381 -0.2651
v 0.0136 0.0200 -0.2979
v 0.0588 0.0316 -0.2967
v 0.0734 0.0211 -0.2915
v 0.1161 0.0373 -0.3074
v 0.0680 0.0282 -0.3097
v 0.0928 0.0157 -0.3248
v 0.0071 0.0179 -0.3366
v 0.1283 0.0329 -0.2675
v 0.0903 0.0294 -0.2815
v 0.1486 0.0293 -0.2341
v 0.0879 0.0472 -0.3049
v 0.0588 0.0316 -0.2967
v 0.0680 0.0282 -0.3097
v 0.0136 0.0200 -0.2979
v 0.0071 0.0179 -0.3366
v 0.1161 0.0373 -0.3074
v 0.0903 0.0294 -0.2815
v 0.0896 0.0313 -0.2749
v 0.1283 0.0329 -0.2675
v 0.0879 0.0472 -0.3049
v 0.0680 0.0282 -0.3097
v 0.1309 0.0952 -0.2557
v 0.1158 0.0975 -0.2399
v 0.1315 0.0988 -0.2632
v 0.1537 0.0832 -0.2247
v 0.1457 0.0922 -0.2565
v 0.1497 0.0890 -0.2573
v 0.1043 0.0955 -0.2761
v 0.1027 0.1001 -0.2472
v 0.0662 0.0954 -0.2605
v 0.1477 0.0965 -0.2530
v 0.1598 0.0930 -0.2458
v 0.1309 0.0952 -0.2557
v 0.1315 0.0988 -0.2632
v 0.1487 0.0961 -0.2541
v 0.1492 0.0906 -0.2522
v 0.1537 0.0832 -0.2247
v 0.1497 0.0890 -0.2573
v 0.1487 0.0961 -0.2541
v 0.1492 0.0906 -0.2522
v 0.1457 0.0922 -0.2565
v 0.1309 0.0952 -0.2557
v 0.1598 0.0930 -0.2458
v 0.1976 0.0891 -0.2284
v 0.1555 0.1096 -0.2530
v 0.1991 0.0946 -0.2182
v 0.1837 0.1208 -0.1981
v 0.2072 0.0881 -0.2177
v 0.2084 0.1296 -0.1471
v 0.1145 0.1247 -0.2601
v 0.1779 0.0944 -0.2429
v 0.2137 0.0651 -0.2271
v 0.2165 0.0777 -0.2110
v 0.1907 0.0954 -0.2441
v 0.1865 0.1310 -0.1861
v 0.1563 0.0975 -0.2566
v 0.1787 0.0824 -0.2504
v 0.1544 0.0958 -0.2584
v 0.1253 0.0624 -0.3011
v 0.1444 0.1218 -0.2065
v 0.1317 0.1283 -0.2277
v 0.2219 0.0726 -0.2597
v 0.1955 0.0897 -0.2488
v 0.1779 0.0944 -0.2429
v 0.1976 0.0891 -0.2284
v 0.1477 0.0965 -0.2530
v 0.1497 0.0890 -0.2573
v 0.1457 0.0922 -0.2565
v 0.1909 0.0991 -0.2529
v 0.1906 0.0538 -0.2570
v 0.1810 0.0831 -0.2533
v 0.1684 0.0971 -0.2624
v 0.1851 0.1194 -0.2554
v 0.1685 0.1187 -0.2679
v 0.2126 0.0620 -0.2668
v 0.2178 0.0971 -0.2621
v 0.1253 0.0624 -0.3011
v 0.1858 0.0372 -0.2657
v 0.1622 0.0334 -0.2889
v 0.1910 0.0154 -0.3193
v 0.2351 0.1194 -0.2068
v 0.2092 0.0995 -0.2347
v 0.2152 0.0941 -0.2360
v 0.2092 0.0995 -0.2347
v 0.2351 0.1194 -0.2068
v 0.1787 0.0824 -0.2504
v 0.1810 0.0831 -0.2533
v 0.1253 0.0624 -0.3011
v 0.1787 0.0824 -0.2504
v 0.1886 0.0659 -0.2420
v 0.1810 0.0831 -0.2533
v 0.1955 0.0897 -0.2488
v 0.1787 0.0824 -0.2504
v 0.1779 0.0944 -0.2429
v 0.1865 0.0748 -0.2522
v 0.1886 0.0659 -0.2420
v 0.1787 0.0824 -0.2504
v 0.1865 0.0748 -0.2522
v 0.2001 0.0447 -0.2004
v 0.1988 0.0804 -0.1694
v 0.1964 0.0399 -0.1688
v 0.1935 0.0170 -0.2481
v 0.1858 0.0372 -0.2657
v 0.1910 0.0154 -0.3193
v 0.2281 0.0165 -0.1473
v 0.2009 0.1069 -0.1540
v 0.2494 0.0454 -0.0979
v 0.2301 0.1150 -0.1050
v 0.1865 0.0748 -0.2522
v 0.1716 0.0576 -0.2096
v 0.1886 0.0659 -0.2420
v 0.1828 0.0692 -0.2284
v 0.1739 0.0702 -0.2101
v 0.1793 0.0651 -0.2166
v 0.1750 0.0720 -0.2229
v 0.1828 0.0692 -0.2284
v 0.1793 0.0651 -0.2166
v 0.1851 0.0764 -0.2185
v 0.1840 0.0829 -0.2332
v 0.2059 0.0836 -0.2084
v 0.2137 0.0651 -0.2271
v 0.1955 0.0860 -0.2297
v 0.2036 0.0757 -0.2129
v 0.2036 0.0757 -0.2129
v 0.1840 0.0829 -0.2332
v 0.1851 0.0764 -0.2185
v 0.1955 0.0860 -0.2297
v 0.1823 0.1952 -0.2189
v 0.2182 0.1977 -0.1696
v 0.1861 0.1885 -0.1790
v 0.1538 0.1899 -0.2022
v 0.1371 0.1798 -0.2184
v 0.2177 0.1923 -0.1994
v 0.2268 0.2070 -0.1634
v 0.0983 0.1279 -0.2446
v 0.0784 0.1260 -0.2514
v 0.1030 0.1254 -0.2337
v 0.1145 0.1247 -0.2601
v 0.1317 0.1283 -0.2277
v 0.0798 0.1282 -0.2385
v 0.0595 0.1273 -0.2559
v 0.0971 0.1294 -0.2469
v 0.0848 0.1284 -0.2498
v 0.0332 0.1283 -0.2862
v 0.0430 0.1319 -0.2792
v 0.0387 0.1290 -0.2844
v 0.0390 0.1283 -0.2864
v 0.0410 0.1276 -0.2860
v 0.0366 0.1297 -0.2857
v 0.0543 0.1343 -0.2692
v 0.0953 0.1120 -0.2863
v 0.1555 0.1096 -0.2530
v 0.1457 0.1251 -0.2250
v 0.1444 0.1218 -0.2065
v 0.1317 0.1283 -0.2277
v 0.1758 0.1232 -0.2122
v 0.1837 0.1208 -0.1981
v 0.2071 0.1459 -0.2041
v 0.1865 0.1310 -0.1861
v 0.2151 0.1319 -0.1553
v 0.2084 0.1296 -0.1471
v 0.0971 0.1294 -0.2469
v 0.0763 0.1380 -0.2877
v 0.0543 0.1343 -0.2692
v 0.0430 0.1319 -0.2792
v 0.0848 0.1284 -0.2498
v 0.0798 0.1282 -0.2385
v 0.0983 0.1279 -0.2446
v 0.1124 0.1318 -0.2349
v 0.0595 0.1273 -0.2559
v 0.1030 0.1254 -0.2337
v 0.1043 0.0955 -0.2761
v 0.0662 0.0954 -0.2605
v 0.0571 0.0687 -0.2947
v 0.1253 0.0624 -0.3011
v 0.1315 0.0988 -0.2632
v 0.0879 0.0472 -0.3049
v 0.1161 0.0373 -0.3074
v 0.0373 0.0925 -0.2950
v 0.0238 0.0952 -0.2966
v 0.0223 0.0953 -0.2719
v 0.0403 0.1096 -0.2862
v 0.0223 0.0953 -0.2719
v 0.0346 0.1097 -0.2651
v 0.0238 0.0952 -0.2966
v 0.0353 0.1037 -0.2930
v 0.0428 0.1252 -0.2834
v 0.0501 0.1271 -0.2634
v 0.0784 0.1260 -0.2514
v 0.0983 0.1279 -0.2446
v 0.0848 0.1284 -0.2498
v 0.1487 0.0961 -0.2541
v 0.1457 0.0922 -0.2565
v 0.1492 0.0906 -0.2522
v 0.1487 0.0961 -0.2541
v 0.1477 0.0965 -0.2530
v 0.1457 0.0922 -0.2565
v 0.0953 0.1120 -0.2863
v 0.0980 0.0969 -0.2811
v 0.0493 0.1046 -0.2940
v 0.1555 0.1096 -0.2530
v 0.0879 0.0991 -0.2763
v 0.0508 0.1007 -0.2802
v 0.0493 0.1046 -0.2940
v 0.0980 0.0969 -0.2811
v 0.1563 0.0975 -0.2566
v 0.1684 0.0971 -0.2624
v 0.1585 0.1085 -0.2649
v 0.1555 0.1096 -0.2530
v 0.1585 0.1085 -0.2649
v 0.1873 0.1011 -0.2930
v 0.1544 0.0958 -0.2584
v 0.1555 0.1096 -0.2530
v 0.1854 0.1192 -0.2891
v 0.1684 0.0971 -0.2624
v 0.1873 0.1011 -0.2930
v 0.1685 0.1187 -0.2679
v 0.1873 0.1011 -0.2930
v 0.1684 0.0971 -0.2624
v 0.1544 0.0958 -0.2584
v 0.1563 0.0975 -0.2566
v 0.0734 0.0211 -0.2915
v 0.0561 0.0255 -0.2923
v 0.0619 0.0267 -0.2739
v 0.0535 0.0273 -0.2829
v 0.0588 0.0316 -0.2967
v 0.0561 0.0255 -0.2923
v 0.0734 0.0211 -0.2915
v 0.0535 0.0273 -0.2829
v 0.0734 0.0211 -0.2915
v 0.0619 0.0267 -0.2739
v 0.0728 0.0906 -0.2767
v 0.1083 0.0453 -0.3073
v 0.0879 0.0472 -0.3049
v 0.0928 0.0157 -0.3248
v 0.1253 0.0624 -0.3011
v 0.0980 0.0969 -0.2811
v 0.0879 0.0991 -0.2763
v 0.0071 0.0179 -0.3366
v 0.0566 0.0809 -0.2890
v 0.0571 0.0687 -0.2947
v 0.0586 0.0906 -0.2801
v 0.1555 0.1096 -0.2530
v 0.1161 0.0373 -0.3074
v 0.0508 0.1007 -0.2802
v 0.0493 0.1046 -0.2940
v 0.0508 0.1007 -0.2802
v 0.0566 0.0809 -0.2890
v 0.0571 0.0687 -0.2947
v 0.1561 0.0024 -0.3877
v 0.1450 0.0280 -0.3992
v 0.2548 0.0113 -0.3386
v 0.0873 0.0023 -0.4097
v 0.2678 0.0000 -0.3170
v 0.3316 0.0092 -0.2660
v 0.0355 0.0032 -0.4106
v 0.0493 0.0368 -0.4156
v 0.3704 0.0047 -0.2082
v 0.3016 0.0019 -0.2767
v 0.3316 0.0092 -0.2660
v 0.2678 0.0000 -0.3170
v 0.2548 0.0113 -0.3386
v 0.2351 0.0274 -0.3296
v 0.2896 0.0259 -0.2886
v 0.1450 0.0280 -0.3992
v 0.3316 0.0092 -0.2660
v 0.3521 0.0276 -0.2069
v 0.1519 0.0332 -0.3771
v 0.1278 0.0409 -0.3924
v 0.3948 0.0205 -0.1558
v 0.3968 0.0359 -0.1045
v 0.4125 0.0348 -0.0630
v 0.0493 0.0368 -0.4156
v 0.1013 0.0386 -0.3893
v 0.0392 0.0358 -0.4004
v 0.3704 0.0047 -0.2082
v 0.1488 0.0292 -0.3708
v 0.1370 0.0404 -0.3828
v 0.1599 0.0180 -0.3853
v 0.1435 0.0331 -0.3950
v 0.2051 0.0182 -0.3550
v 0.2280 0.0198 -0.3297
v 0.1034 0.0379 -0.3825
v 0.0452 0.0347 -0.3949
v 0.0504 0.0331 -0.4117
v 0.0613 0.1072 -0.3619
v 0.0490 0.1007 -0.3685
v 0.0659 0.1019 -0.3589
v 0.1024 0.1717 -0.3577
v 0.0485 0.1962 -0.3586
v 0.1004 0.1893 -0.3556
v 0.0428 0.1604 -0.3556
v 0.0731 0.2031 -0.3503
v 0.1063 0.1581 -0.3408
v 0.1011 0.1243 -0.3452
v 0.0613 0.1072 -0.3619
v 0.0869 0.1073 -0.3607
v 0.0935 0.1066 -0.3423
v 0.0983 0.1054 -0.3240
v 0.0912 0.1125 -0.3249
v 0.0983 0.1054 -0.3240
v 0.0935 0.1066 -0.3423
v 0.0983 0.1090 -0.3301
v 0.1000 0.1085 -0.3162
v 0.1030 0.0906 -0.3198
v 0.1113 0.1137 -0.3436
v 0.1032 0.1114 -0.3533
v 0.1113 0.1137 -0.3436
v 0.1030 0.0906 -0.3198
v 0.0992 0.1160 -0.3537
v 0.1113 0.1137 -0.3436
v 0.1032 0.1114 -0.3533
v 0.1032 0.1114 -0.3533
v 0.1030 0.0906 -0.3198
v 0.1082 0.1095 -0.3508
v 0.0869 0.1073 -0.3607
v 0.1020 0.1229 -0.3641
v 0.1026 0.1100 -0.3790
v 0.1011 0.1243 -0.3452
v 0.1086 0.0977 -0.3879
v 0.1227 0.0771 -0.4037
v 0.1223 0.0910 -0.3916
v 0.1175 0.0679 -0.3888
v 0.2488 0.0922 -0.3139
v 0.2280 0.0198 -0.3297
v 0.2923 0.0305 -0.2744
v 0.1945 0.0943 -0.3515
v 0.3221 0.0786 -0.2396
v 0.3511 0.0255 -0.1946
v 0.1488 0.0292 -0.3708
v 0.1420 0.0923 -0.3743
v 0.1370 0.0404 -0.3828
v 0.1175 0.0679 -0.3888
v 0.3020 0.0951 -0.2677
v 0.3457 0.0956 -0.2120
v 0.3221 0.0180 -0.2403
v 0.3095 0.0162 -0.2549
v 0.3003 0.0167 -0.2674
v 0.2471 0.0174 -0.3276
v 0.3828 0.0980 -0.1303
v 0.1227 0.0771 -0.4037
v 0.1175 0.0679 -0.3888
v 0.1363 0.0864 -0.3982
v 0.1420 0.0923 -0.3743
v 0.0430 0.1319 -0.2792
v 0.0366 0.1297 -0.2857
v 0.0390 0.1283 -0.2864
v 0.0387 0.1290 -0.2844
v 0.0382 0.1277 -0.2882
v 0.0763 0.1380 -0.2877
v 0.0031 0.1153 -0.3015
v 0.0332 0.1283 -0.2862
v 0.0390 0.1283 -0.2864
v 0.0410 0.1276 -0.2860
v 0.0332 0.1283 -0.2862
v 0.0332 0.1283 -0.2862
v 0.0410 0.1276 -0.2860
v 0.0382 0.1277 -0.2882
v 0.0382 0.1277 -0.2882
v 0.0410 0.1276 -0.2860
v 0.0269 0.1173 -0.2926
v 0.0031 0.1153 -0.3015
v 0.0953 0.1120 -0.2863
v 0.0437 0.1671 -0.3378
v 0.0521 0.1714 -0.3572
v 0.0428 0.1604 -0.3556
v 0.0502 0.1773 -0.3483
v 0.0417 0.1029 -0.3527
v 0.0692 0.1561 -0.3440
v 0.1011 0.1243 -0.3452
v 0.1063 0.1581 -0.3408
v 0.0417 0.1029 -0.3527
v 0.0437 0.1671 -0.3378
v 0.0500 0.1938 -0.3368
v 0.0973 0.1963 -0.3425
v 0.0633 0.2020 -0.3361
v 0.0770 0.1039 -0.3430
v 0.0935 0.1066 -0.3423
v 0.1160 0.1171 -0.3459
v 0.0500 0.1938 -0.3368
v 0.0496 0.1963 -0.3457
v 0.0437 0.1671 -0.3378
v 0.0574 0.2021 -0.3546
v 0.1025 0.1902 -0.3459
v 0.0816 0.1694 -0.3429
v 0.0787 0.1844 -0.3424
v 0.0437 0.1671 -0.3378
v 0.1002 0.1733 -0.3440
v 0.0496 0.1963 -0.3457
v 0.1063 0.1581 -0.3408
v 0.0638 0.1631 -0.3453
v 0.0485 0.1962 -0.3586
v 0.0428 0.1604 -0.3556
v 0.0521 0.1714 -0.3572
v 0.0705 0.2804 -0.3262
v 0.0664 0.2727 -0.3424
v 0.0541 0.2089 -0.3477
v 0.0693 0.3198 -0.3247
v 0.0653 0.3560 -0.3289
v 0.0633 0.2020 -0.3361
v 0.0496 0.1963 -0.3457
v 0.0485 0.1962 -0.3586
v 0.0521 0.1714 -0.3572
v 0.0638 0.1631 -0.3453
v 0.0831 0.1763 -0.3444
v 0.0787 0.1844 -0.3424
v 0.1002 0.1733 -0.3440
v 0.0496 0.1963 -0.3457
v 0.1008 0.1870 -0.3453
v 0.0502 0.1773 -0.3483
v 0.0816 0.1694 -0.3429
v 0.0437 0.1671 -0.3378
v 0.0816 0.1694 -0.3429
v 0.0986 0.1811 -0.3499
v 0.0831 0.1763 -0.3444
v 0.0975 0.1675 -0.3488
v 0.0552 0.1843 -0.3529
v 0.0804 0.1808 -0.3508
v 0.0637 0.1735 -0.3519
v 0.0550 0.1657 -0.3526
v 0.0966 0.1700 -0.3524
v 0.0986 0.1811 -0.3499
v 0.0502 0.1773 -0.3483
v 0.0496 0.1963 -0.3457
v 0.0975 0.1675 -0.3488
v 0.0966 0.1700 -0.3524
v 0.0986 0.1811 -0.3499
v 0.0502 0.1773 -0.3483
v 0.0550 0.1657 -0.3526
v 0.0521 0.1714 -0.3572
v 0.0637 0.1735 -0.3519
v 0.0714 0.1842 -0.3538
v 0.0521 0.1714 -0.3572
v 0.0550 0.1657 -0.3526
v 0.0966 0.1700 -0.3524
v 0.0852 0.1809 -0.3524
v 0.1004 0.1893 -0.3556
v 0.0552 0.1843 -0.3529
v 0.0496 0.1963 -0.3457
v 0.0633 0.2020 -0.3361
v 0.0574 0.2021 -0.3546
v 0.0731 0.2031 -0.3503
v 0.0496 0.1963 -0.3457
v 0.0731 0.2031 -0.3503
v 0.0485 0.1962 -0.3586
v 0.0500 0.1938 -0.3368
v 0.0633 0.2020 -0.3361
v 0.0485 0.1962 -0.3586
v 0.0541 0.2089 -0.3477
v 0.0574 0.2021 -0.3546
v 0.0731 0.2031 -0.3503
v 0.0485 0.1962 -0.3586
v 0.0574 0.2021 -0.3546
v 0.0500 0.1938 -0.3368
v 0.0731 0.2031 -0.3503
v 0.0875 0.2293 -0.3695
v 0.1004 0.1893 -0.3556
v 0.0541 0.2089 -0.3477
v 0.1081 0.1954 -0.3583
v 0.0986 0.1811 -0.3499
v 0.0958 0.2548 -0.3572
v 0.1081 0.1954 -0.3583
v 0.0875 0.2293 -0.3695
v 0.0802 0.2663 -0.3448
v 0.0705 0.2804 -0.3262
v 0.0633 0.2020 -0.3361
v 0.0788 0.2195 -0.3457
v 0.0973 0.1963 -0.3425
v 0.0799 0.2002 -0.3444
v 0.1081 0.1954 -0.3583
v 0.0823 0.2359 -0.3569
v 0.0712 0.2244 -0.3415
v 0.1025 0.1902 -0.3459
v 0.1063 0.1581 -0.3408
v 0.0667 0.2295 -0.3417
v 0.0958 0.2548 -0.3572
v 0.0852 0.1809 -0.3524
v 0.0804 0.1808 -0.3508
v 0.0714 0.1842 -0.3538
v 0.0552 0.1843 -0.3529
v 0.0986 0.1811 -0.3499
v 0.0831 0.1763 -0.3444
v 0.0986 0.1811 -0.3499
v 0.1002 0.1733 -0.3440
v 0.1002 0.1733 -0.3440
v 0.0975 0.1675 -0.3488
v 0.0816 0.1694 -0.3429
v 0.0997 0.1681 -0.3503
v 0.1024 0.1717 -0.3577
v 0.0986 0.1811 -0.3499
v 0.1081 0.1954 -0.3583
v 0.1002 0.1733 -0.3440
v 0.1024 0.1717 -0.3577
v 0.1081 0.1954 -0.3583
v 0.1008 0.1870 -0.3453
v 0.1025 0.1902 -0.3459
v 0.1063 0.1581 -0.3408
v 0.1025 0.1902 -0.3459
v 0.0787 0.1844 -0.3424
v 0.0852 0.1809 -0.3524
v 0.1004 0.1893 -0.3556
v 0.0986 0.1811 -0.3499
v 0.0852 0.1809 -0.3524
v 0.1008 0.1870 -0.3453
v 0.0787 0.1844 -0.3424
v 0.1004 0.1893 -0.3556
v 0.0986 0.1811 -0.3499
v 0.1025 0.1902 -0.3459
v 0.1008 0.1870 -0.3453
v 0.1004 0.1893 -0.3556
v 0.0966 0.1700 -0.3524
v 0.1024 0.1717 -0.3577
v 0.0975 0.1675 -0.3488
v 0.0997 0.1681 -0.3503
v 0.0966 0.1700 -0.3524
v 0.1024 0.1717 -0.3577
v 0.2110 0.0254 -0.1045
v 0.1862 0.0298 -0.1063
v 0.2108 0.0150 -0.1038
v 0.2040 0.0589 -0.1117
v 0.2294 0.0763 -0.1055
v 0.2202 0.0490 -0.1073
v 0.2393 0.0369 -0.1016
v 0.1995 0.1076 -0.1158
v 0.2162 0.1027 -0.1097
v 0.2108 0.0150 -0.1038
v 0.1862 0.0298 -0.1063
v 0.1998 0.0667 -0.0943
v 0.1979 0.0886 -0.0902
v 0.2040 0.0589 -0.1117
v 0.1995 0.1076 -0.1158
v 0.1862 0.0298 -0.1063
v 0.2104 0.1027 -0.1036
v 0.1999 0.0966 -0.1045
v 0.2081 0.0810 -0.1104
v 0.2001 0.1055 -0.1058
v 0.2012 0.2343 -0.1245
v 0.2018 0.2094 -0.1082
v 0.2291 0.1938 -0.1182
v 0.1920 0.2143 -0.1113
v 0.2085 0.1984 -0.1141
v 0.2136 0.2228 -0.1310
v 0.2027 0.2523 -0.1278
v 0.2012 0.2343 -0.1245
v 0.2166 0.2495 -0.1449
v 0.2012 0.2343 -0.1245
v 0.2195 0.2055 -0.1421
v 0.2136 0.2228 -0.1310
v 0.2074 0.2208 -0.1322
v 0.2195 0.2055 -0.1421
v 0.2140 0.2184 -0.1354
v 0.2136 0.2228 -0.1310
v 0.2195 0.2055 -0.1421
v 0.2074 0.2208 -0.1322
v 0.2136 0.2228 -0.1310
v 0.2128 0.2319 -0.1405
v 0.2140 0.2184 -0.1354
v 0.2195 0.2055 -0.1421
v 0.2226 0.2229 -0.1657
v 0.2136 0.2228 -0.1310
v 0.2209 0.2036 -0.1625
v 0.2166 0.2495 -0.1449
v 0.2108 0.0150 -0.1038
v 0.2393 0.0369 -0.1016
v 0.2248 0.0182 -0.1410
v 0.1869 0.0186 -0.1923
v 0.2133 0.1249 -0.1346
v 0.2241 0.1300 -0.1530
v 0.2111 0.1201 -0.1447
v 0.2255 0.1352 -0.1384
v 0.2334 0.1399 -0.1411
v 0.2363 0.1420 -0.1588
v 0.2132 0.1235 -0.1500
v 0.2009 0.1069 -0.1540
v 0.2307 0.1483 -0.1524
v 0.2233 0.1598 -0.1574
v 0.2363 0.1420 -0.1588
v 0.2227 0.1598 -0.1525
v 0.2334 0.1399 -0.1411
v 0.2151 0.1319 -0.1553
v 0.2312 0.1238 -0.1538
v 0.2132 0.1235 -0.1500
v 0.2363 0.1420 -0.1588
v 0.2364 0.1179 -0.1578
v 0.2009 0.1069 -0.1540
v 0.2084 0.1296 -0.1471
v 0.2241 0.1300 -0.1530
v 0.2118 0.1355 -0.1371
v 0.2084 0.1296 -0.1471
v 0.2132 0.1235 -0.1500
v 0.2334 0.1399 -0.1411
v 0.2084 0.1296 -0.1471
v 0.2118 0.1355 -0.1371
v 0.2151 0.1319 -0.1553
v 0.2118 0.1355 -0.1371
v 0.2241 0.1300 -0.1530
v 0.2241 0.1300 -0.1530
v 0.2363 0.1420 -0.1588
v 0.2151 0.1319 -0.1553
v 0.2151 0.1319 -0.1553
v 0.2334 0.1399 -0.1411
v 0.2118 0.1355 -0.1371
v 0.2307 0.1483 -0.1524
v 0.2189 0.1571 -0.1557
v 0.2120 0.1410 -0.1646
v 0.2233 0.1598 -0.1574
v 0.2233 0.1598 -0.1574
v 0.2234 0.1530 -0.1439
v 0.2189 0.1571 -0.1557
v 0.2234 0.1530 -0.1439
v 0.2233 0.1598 -0.1574
v 0.2227 0.1598 -0.1525
v 0.2189 0.1571 -0.1557
v 0.2234 0.1530 -0.1439
v 0.2227 0.1598 -0.1525
v 0.2316 0.1677 -0.1402
v 0.2458 0.1309 -0.1276
v 0.2363 0.1420 -0.1588
v 0.2364 0.1179 -0.1578
v 0.2233 0.1598 -0.1574
v 0.2298 0.1914 -0.1345
v 0.2071 0.1459 -0.2041
v 0.2120 0.1410 -0.1646
v 0.2327 0.1855 -0.1848
v 0.2151 0.1319 -0.1553
v 0.2189 0.1571 -0.1557
v 0.2151 0.1319 -0.1553
v 0.2189 0.1571 -0.1557
v 0.2307 0.1483 -0.1524
v 0.2227 0.1598 -0.1525
v 0.2410 0.2313 -0.1408
v 0.2497 0.2380 -0.1295
v 0.2128 0.2319 -0.1405
v 0.2293 0.2498 -0.1152
v 0.2027 0.2523 -0.1278
v 0.2352 0.2314 -0.1563
v 0.2226 0.2229 -0.1657
v 0.2299 0.2247 -0.1714
v 0.2347 0.2159 -0.1790
v 0.2039 0.2506 -0.1080
v 0.2206 0.2591 -0.0936
v 0.2306 0.2319 -0.1918
v 0.2432 0.2651 -0.1188
v 0.2403 0.2696 -0.1115
v 0.2821 0.0800 -0.1804
v 0.2540 0.0749 -0.1732
v 0.2586 0.0660 -0.1920
v 0.2835 0.0885 -0.1637
v 0.2753 0.0940 -0.1405
v 0.2059 0.0836 -0.2084
v 0.2036 0.0757 -0.2129
v 0.1793 0.0651 -0.2166
v 0.1906 0.0538 -0.2570
v 0.2137 0.0651 -0.2271
v 0.2126 0.0620 -0.2668
v 0.2219 0.0726 -0.2597
v 0.2059 0.0836 -0.2084
v 0.2478 0.0911 -0.1816
v 0.2072 0.0881 -0.2177
v 0.1934 0.0935 -0.1983
v 0.2059 0.0836 -0.2084
v 0.1991 0.0946 -0.2182
v 0.2072 0.0881 -0.2177
v 0.1979 0.0908 -0.1913
v 0.2586 0.0660 -0.1920
v 0.2165 0.0777 -0.2110
v 0.2072 0.0881 -0.2177
v 0.2036 0.0757 -0.2129
v 0.1851 0.0764 -0.2185
v 0.2154 0.0821 -0.2099
v 0.2036 0.0757 -0.2129
v 0.2165 0.0777 -0.2110
v 0.2137 0.0651 -0.2271
v 0.2165 0.0777 -0.2110
v 0.2154 0.0821 -0.2099
v 0.1955 0.0860 -0.2297
v 0.2152 0.0941 -0.2360
v 0.1907 0.0954 -0.2441
v 0.2153 0.0913 -0.2429
v 0.2330 0.0895 -0.2420
v 0.2414 0.0935 -0.1982
v 0.2161 0.0926 -0.2498
v 0.2161 0.0926 -0.2498
v 0.1907 0.0954 -0.2441
v 0.2219 0.0726 -0.2597
v 0.1991 0.0946 -0.2182
v 0.2084 0.1296 -0.1471
v 0.1979 0.0908 -0.1913
v 0.1991 0.0946 -0.2182
v 0.1979 0.0908 -0.1913
v 0.1934 0.0935 -0.1983
v 0.2209 0.2036 -0.1625
v 0.2177 0.1923 -0.1994
v 0.2220 0.1872 -0.1856
v 0.2268 0.2070 -0.1634
v 0.2177 0.1923 -0.1994
v 0.2209 0.2036 -0.1625
v 0.2195 0.2055 -0.1421
v 0.2177 0.1923 -0.1994
v 0.2469 0.2222 -0.1960
v 0.2327 0.1855 -0.1848
v 0.2220 0.1872 -0.1856
v 0.2418 0.2119 -0.2194
v 0.2629 0.2183 -0.1973
v 0.2469 0.2222 -0.1960
v 0.2418 0.2119 -0.2194
v 0.2182 0.1977 -0.1696
v 0.2276 0.2185 -0.1643
v 0.2209 0.2036 -0.1625
v 0.2276 0.2185 -0.1643
v 0.2182 0.1977 -0.1696
v 0.2268 0.2070 -0.1634
v 0.2352 0.2314 -0.1563
v 0.2306 0.2319 -0.1918
v 0.2276 0.2185 -0.1643
v 0.2410 0.2313 -0.1408
v 0.2276 0.2185 -0.1643
v 0.2306 0.2319 -0.1918
v 0.2226 0.2229 -0.1657
v 0.2209 0.2036 -0.1625
v 0.2276 0.2185 -0.1643
v 0.2226 0.2229 -0.1657
v 0.2161 0.0926 -0.2498
v 0.1909 0.0991 -0.2529
v 0.2092 0.0995 -0.2347
v 0.2178 0.0971 -0.2621
v 0.2153 0.0913 -0.2429
v 0.2152 0.0941 -0.2360
v 0.2276 0.0979 -0.2425
v 0.2092 0.0995 -0.2347
v 0.2276 0.0979 -0.2425
v 0.2152 0.0941 -0.2360
v 0.2653 0.1150 -0.2106
v 0.2153 0.0913 -0.2429
v 0.2276 0.0979 -0.2425
v 0.2330 0.0895 -0.2420
v 0.2092 0.0995 -0.2347
v 0.2178 0.0971 -0.2621
v 0.1854 0.1192 -0.2891
v 0.1873 0.1011 -0.2930
v 0.2241 0.1183 -0.2589
v 0.2178 0.0971 -0.2621
v 0.2161 0.0926 -0.2498
v 0.2191 0.1167 -0.2526
v 0.2241 0.1183 -0.2589
v 0.2161 0.0926 -0.2498
v 0.2330 0.0895 -0.2420
v 0.2276 0.0979 -0.2425
v 0.2318 0.0671 -0.2404
v 0.2191 0.1167 -0.2526
v 0.2366 0.1190 -0.2404
v 0.2653 0.1150 -0.2106
v 0.2219 0.0726 -0.2597
v 0.3162 0.1178 -0.1341
v 0.2674 0.1031 -0.2255
v 0.2809 0.1255 -0.1974
v 0.1914 0.1239 -0.2958
v 0.3321 0.1295 -0.0799
v 0.3280 0.1192 -0.0987
v 0.2674 0.1031 -0.2255
v 0.1837 0.1094 -0.2986
v 0.1914 0.1239 -0.2958
v 0.2606 0.0959 -0.1675
v 0.2818 0.0929 -0.1656
v 0.2821 0.0800 -0.1804
v 0.2586 0.0660 -0.1920
v 0.2478 0.0911 -0.1816
v 0.2072 0.0881 -0.2177
v 0.2770 0.0947 -0.1605
v 0.2675 0.1010 -0.1553
v 0.2753 0.0940 -0.1405
v 0.2835 0.0885 -0.1637
v 0.2882 0.0920 -0.1720
v 0.3060 0.0973 -0.1254
v 0.2881 0.0897 -0.1627
v 0.3048 0.0736 -0.1411
v 0.3095 0.0972 -0.1208
v 0.2770 0.0947 -0.1605
v 0.2882 0.0920 -0.1720
v 0.2835 0.0885 -0.1637
v 0.2881 0.0897 -0.1627
v 0.3048 0.0736 -0.1411
v 0.2818 0.0929 -0.1656
v 0.3082 0.0880 -0.1361
v 0.3092 0.0970 -0.1360
v 0.3063 0.0946 -0.1320
v 0.3060 0.0973 -0.1254
v 0.3048 0.0736 -0.1411
v 0.3020 0.1072 -0.1451
v 0.3095 0.0972 -0.1208
v 0.3311 0.1220 -0.0799
v 0.3173 0.1105 -0.0959
v 0.3266 0.1076 -0.1031
v 0.3095 0.0972 -0.1208
v 0.3063 0.0946 -0.1320
v 0.3152 0.0969 -0.1137
v 0.3060 0.0973 -0.1254
v 0.3152 0.0969 -0.1137
v 0.3063 0.0946 -0.1320
v 0.3095 0.0972 -0.1208
v 0.3082 0.0880 -0.1361
v 0.3060 0.0973 -0.1254
v 0.3177 0.1623 -0.1412
v 0.3171 0.1866 -0.0992
v 0.2966 0.1775 -0.1047
v 0.3214 0.1450 -0.1781
v 0.3080 0.1888 -0.0657
v 0.2610 0.2173 -0.1367
v 0.2389 0.2199 -0.1269
v 0.2410 0.2313 -0.1408
v 0.2533 0.2101 -0.1543
v 0.2635 0.2182 -0.1486
v 0.2571 0.2306 -0.1650
v 0.2469 0.2222 -0.1960
v 0.2610 0.2173 -0.1367
v 0.2606 0.2302 -0.0987
v 0.2638 0.2827 -0.0646
v 0.2524 0.2583 -0.1135
v 0.2515 0.2821 -0.1075
v 0.2497 0.2380 -0.1295
v 0.2490 0.3016 -0.0781
v 0.2810 0.2030 -0.0984
v 0.2432 0.2651 -0.1188
v 0.2879 0.2717 -0.0475
v 0.2403 0.2696 -0.1115
v 0.2633 0.3315 -0.0676
v 0.2815 0.3396 -0.0488
v 0.2610 0.2173 -0.1367
v 0.2497 0.2380 -0.1295
v 0.2389 0.2199 -0.1269
v 0.2497 0.2380 -0.1295
v 0.2410 0.2313 -0.1408
v 0.2389 0.2199 -0.1269
v 0.2485 0.2280 -0.1339
v 0.2610 0.2173 -0.1367
v 0.2410 0.2313 -0.1408
v 0.2569 0.2383 -0.1493
v 0.2465 0.2390 -0.1833
v 0.2571 0.2306 -0.1650
v 0.2469 0.2222 -0.1960
v 0.2635 0.2182 -0.1486
v 0.2474 0.2435 -0.1961
v 0.2610 0.2173 -0.1367
v 0.2485 0.2280 -0.1339
v 0.2569 0.2383 -0.1493
v 0.2610 0.2173 -0.1367
v 0.2981 0.2592 -0.0981
v 0.2879 0.2717 -0.0475
v 0.2879 0.2368 -0.1019
v 0.2999 0.2513 -0.1026
v 0.2606 0.2302 -0.0987
v 0.2879 0.2368 -0.1019
v 0.2606 0.2302 -0.0987
v 0.2810 0.2030 -0.0984
v 0.3214 0.1450 -0.1781
v 0.2937 0.1757 -0.1342
v 0.3143 0.1886 -0.1687
v 0.2927 0.2055 -0.1807
v 0.3311 0.1220 -0.0799
v 0.3702 0.1232 -0.1387
v 0.3763 0.1217 -0.1301
v 0.3748 0.1257 -0.1494
v 0.3702 0.1232 -0.1387
v 0.3700 0.1189 -0.1417
v 0.3311 0.1220 -0.0799
v 0.4083 0.1386 -0.0932
v 0.3906 0.2613 -0.0941
v 0.3534 0.1578 -0.0900
v 0.4615 0.1831 -0.0716
v 0.4083 0.1386 -0.0932
v 0.3534 0.1578 -0.0900
v 0.3807 0.1360 -0.1321
v 0.2330 0.0895 -0.2420
v 0.2318 0.0671 -0.2404
v 0.2152 0.0941 -0.2360
v 0.2584 0.0150 -0.2872
v 0.3003 0.0167 -0.2674
v 0.2471 0.0174 -0.3276
v 0.2350 0.0170 -0.3300
v 0.2007 0.0152 -0.3266
v 0.2956 0.0176 -0.2465
v 0.3003 0.0167 -0.2674
v 0.2956 0.0176 -0.2465
v 0.2992 0.0142 -0.2609
v 0.2923 0.0305 -0.2744
v 0.2280 0.0198 -0.3297
v 0.2471 0.0174 -0.3276
v 0.2350 0.0170 -0.3300
v 0.2007 0.0152 -0.3266
v 0.2350 0.0170 -0.3300
v 0.2280 0.0198 -0.3297
v 0.2275 0.1924 -0.1829
v 0.2347 0.2159 -0.1790
v 0.2268 0.2070 -0.1634
v 0.2276 0.2185 -0.1643
v 0.2299 0.2247 -0.1714
v 0.2327 0.1855 -0.1848
v 0.2469 0.2222 -0.1960
v 0.2469 0.2222 -0.1960
v 0.2306 0.2319 -0.1918
v 0.2347 0.2159 -0.1790
v 0.2352 0.2314 -0.1563
v 0.2469 0.2222 -0.1960
v 0.2474 0.2435 -0.1961
v 0.2306 0.2319 -0.1918
v 0.2410 0.2313 -0.1408
v 0.2306 0.2319 -0.1918
v 0.2465 0.2390 -0.1833
v 0.2569 0.2383 -0.1493
v 0.2474 0.2435 -0.1961
v 0.2299 0.2247 -0.1714
v 0.2276 0.2185 -0.1643
v 0.2485 0.2280 -0.1339
v 0.2595 0.2473 -0.2095
v 0.2600 0.2526 -0.1983
v 0.2506 0.2504 -0.1941
v 0.2536 0.2204 -0.1938
v 0.2593 0.2346 -0.1872
v 0.2585 0.2335 -0.1795
v 0.2595 0.2473 -0.2095
v 0.2575 0.2161 -0.1845
v 0.2506 0.2504 -0.1941
v 0.2889 0.3921 -0.2700
v 0.2803 0.4102 -0.2617
v 0.2816 0.4069 -0.2704
v 0.2935 0.3952 -0.2565
v 0.2776 0.3929 -0.2791
v 0.2786 0.4240 -0.2728
v 0.2786 0.4215 -0.2616
v 0.2686 0.2305 -0.1942
v 0.2575 0.2161 -0.1845
v 0.2593 0.2346 -0.1872
v 0.2534 0.2690 -0.1895
v 0.2600 0.2526 -0.1983
v 0.2629 0.2183 -0.1973
v 0.2585 0.2335 -0.1795
v 0.2595 0.2473 -0.2095
v 0.2768 0.2097 -0.2025
v 0.3052 0.2146 -0.2417
v 0.2977 0.2547 -0.2598
v 0.2886 0.2784 -0.2232
v 0.2874 0.2954 -0.2466
v 0.2853 0.3506 -0.2633
v 0.2990 0.3584 -0.2892
v 0.2776 0.3929 -0.2791
v 0.2846 0.4021 -0.2887
v 0.2817 0.3753 -0.2643
v 0.2830 0.3908 -0.2631
v 0.2786 0.4240 -0.2728
v 0.2711 0.4415 -0.2772
v 0.2595 0.2473 -0.2095
v 0.2534 0.2690 -0.1895
v 0.2886 0.2784 -0.2232
v 0.2546 0.2491 -0.2027
v 0.2469 0.2222 -0.1960
v 0.2629 0.2183 -0.1973
v 0.2768 0.2097 -0.2025
v 0.2686 0.2305 -0.1942
v 0.2536 0.2204 -0.1938
v 0.2575 0.2161 -0.1845
v 0.2629 0.2183 -0.1973
v 0.2595 0.2473 -0.2095
v 0.2818 0.0929 -0.1656
v 0.2906 0.0953 -0.1631
v 0.2835 0.0885 -0.1637
v 0.2881 0.0897 -0.1627
v 0.2770 0.0947 -0.1605
v 0.2906 0.0953 -0.1631
v 0.2906 0.0953 -0.1631
v 0.2770 0.0947 -0.1605
v 0.2835 0.0885 -0.1637
v 0.2906 0.0953 -0.1631
v 0.2818 0.0929 -0.1656
v 0.2881 0.0897 -0.1627
v 0.2746 0.0993 -0.1982
v 0.2881 0.0897 -0.1627
v 0.2818 0.0929 -0.1656
v 0.2770 0.0947 -0.1605
v 0.2882 0.0920 -0.1720
v 0.3511 0.0255 -0.1946
v 0.3221 0.0180 -0.2403
v 0.3194 0.0174 -0.2173
v 0.2956 0.0176 -0.2465
v 0.3095 0.0162 -0.2549
v 0.2992 0.0142 -0.2609
v 0.3475 0.0185 -0.1836
v 0.3563 0.0291 -0.1825
v 0.2956 0.0176 -0.2465
v 0.2994 0.0141 -0.2435
v 0.3194 0.0174 -0.2173
v 0.2584 0.0150 -0.2872
v 0.3070 0.0999 -0.2279
v 0.2426 0.1056 -0.2970
v 0.3118 0.1095 -0.2309
v 0.3531 0.1123 -0.1699
v 0.3682 0.1666 -0.2339
v 0.3103 0.2107 -0.2250
v 0.3635 0.1911 -0.2299
v 0.3682 0.1666 -0.2339
v 0.3635 0.1911 -0.2299
v 0.3763 0.2022 -0.2562
v 0.3931 0.2312 -0.2342
v 0.3545 0.2257 -0.2448
v 0.3946 0.2624 -0.2143
v 0.3858 0.2044 -0.2444
v 0.3646 0.2440 -0.2341
v 0.3353 0.2585 -0.2441
v 0.4140 0.2957 -0.2301
v 0.4059 0.1889 -0.2460
v 0.3362 0.2161 -0.2534
v 0.3052 0.2146 -0.2417
v 0.3763 0.2022 -0.2562
v 0.3931 0.2312 -0.2342
v 0.4059 0.1889 -0.2460
v 0.3888 0.1951 -0.2425
v 0.3840 0.2142 -0.2250
v 0.3888 0.1951 -0.2425
v 0.3815 0.2016 -0.2423
v 0.3896 0.2082 -0.2225
v 0.3810 0.2118 -0.2372
v 0.3888 0.1951 -0.2425
v 0.3763 0.2022 -0.2562
v 0.3858 0.2044 -0.2444
v 0.3545 0.2257 -0.2448
v 0.4059 0.1889 -0.2460
v 0.3810 0.2118 -0.2372
v 0.3858 0.2044 -0.2444
v 0.3840 0.2142 -0.2250
v 0.3810 0.2118 -0.2372
v 0.3815 0.2016 -0.2423
v 0.3858 0.2044 -0.2444
v 0.3888 0.1951 -0.2425
v 0.3840 0.2142 -0.2250
v 0.3903 0.2393 -0.2231
v 0.4015 0.2260 -0.2229
v 0.3896 0.2082 -0.2225
v 0.3986 0.2377 -0.2270
v 0.3931 0.2312 -0.2342
v 0.3903 0.2393 -0.2231
v 0.3858 0.2044 -0.2444
v 0.3840 0.2142 -0.2250
v 0.3986 0.2377 -0.2270
v 0.4015 0.2260 -0.2229
v 0.3888 0.1951 -0.2425
v 0.3896 0.2082 -0.2225
v 0.3986 0.2377 -0.2270
v 0.3888 0.1951 -0.2425
v 0.4015 0.2260 -0.2229
v 0.3931 0.2312 -0.2342
v 0.0884 0.3008 0.0924
v 0.0889 0.2757 0.1056
v 0.0816 0.3011 0.0974
v 0.0748 0.2590 0.1259
v 0.0813 0.3142 0.0919
v 0.0976 0.2819 0.0900
v 0.0898 0.2711 0.1009
v 0.1933 0.3287 0.0543
v 0.1312 0.3341 0.0627
v 0.1274 0.3343 0.0757
v 0.1952 0.3340 0.0338
v 0.0733 0.3285 0.0996
v 0.0690 0.3256 0.0863
v 0.0748 0.2590 0.1259
v 0.0733 0.3285 0.0996
v 0.0690 0.3256 0.0863
v 0.0845 0.2671 0.1272
v 0.0793 0.3108 0.0923
v 0.0816 0.3011 0.0974
v 0.0771 0.3093 0.0915
v 0.0748 0.2590 0.1259
v 0.0690 0.3256 0.0863
v 0.0797 0.3173 0.0906
v 0.0813 0.3142 0.0919
v 0.0797 0.3173 0.0906
v 0.0816 0.3011 0.0974
v 0.0793 0.3108 0.0923
v 0.0933 0.4449 0.0645
v 0.1096 0.4598 0.0750
v 0.0918 0.4386 0.0734
v 0.0953 0.4655 0.0275
v 0.1082 0.4817 0.0074
v 0.1351 0.4515 0.1049
v 0.0811 0.4234 0.1012
v 0.0876 0.4622 0.0296
v 0.0849 0.4478 0.0554
v 0.0416 0.3676 0.1291
v 0.1317 0.4878 0.0015
v 0.1452 0.4702 0.0610
v 0.1414 0.4941 0.0036
v 0.1396 0.5033 -0.0065
v 0.1457 0.4695 0.1112
v 0.0480 0.3965 0.1108
v 0.0310 0.3671 0.1093
v -0.0014 0.3027 0.1257
v 0.0255 0.3705 0.0960
v 0.0128 0.3675 0.0891
v 0.0256 0.3725 0.0959
v 0.0258 0.3680 0.0999
v 0.0260 0.3715 0.0981
v 0.0270 0.3747 0.1030
v 0.0252 0.3759 0.1129
v 0.0298 0.3783 0.1057
v 0.0252 0.3614 0.0905
v 0.0128 0.3675 0.0891
v 0.0293 0.3682 0.0810
v 0.0476 0.3765 0.0706
v 0.0286 0.3856 0.1154
v 0.0528 0.4031 0.0765
v 0.0647 0.4427 0.0907
v 0.0298 0.3783 0.1057
v 0.0287 0.3694 0.0996
v 0.0637 0.4235 0.0545
v 0.0723 0.4365 0.0448
v 0.0741 0.4467 0.0455
v 0.0829 0.4696 0.0373
v 0.0654 0.4107 0.0505
v 0.0258 0.3680 0.0999
v 0.0252 0.3759 0.1129
v 0.0128 0.3675 0.0891
v 0.0258 0.3680 0.0999
v 0.0293 0.3682 0.0810
v 0.0287 0.3694 0.0996
v 0.0282 0.3735 0.0989
v 0.0270 0.3747 0.1030
v 0.0298 0.3783 0.1057
v 0.0293 0.3682 0.0810
v 0.0476 0.3765 0.0706
v 0.0256 0.3725 0.0959
v 0.0260 0.3715 0.0981
v 0.0255 0.3705 0.0960
v 0.0287 0.3694 0.0996
v 0.0293 0.3682 0.0810
v 0.0293 0.3682 0.0810
v 0.0255 0.3705 0.0960
v 0.0256 0.3725 0.0959
v 0.0270 0.3747 0.1030
v 0.0287 0.3694 0.0996
v 0.0252 0.3759 0.1129
v 0.0282 0.3735 0.0989
v 0.0260 0.3715 0.0981
v 0.0282 0.3735 0.0989
v 0.0256 0.3725 0.0959
v 0.0287 0.3694 0.0996
v 0.0884 0.3008 0.0924
v 0.0771 0.3093 0.0915
v 0.0792 0.3165 0.0871
v 0.0813 0.3142 0.0919
v 0.0793 0.3108 0.0923
v 0.0884 0.3008 0.0924
v 0.0797 0.3173 0.0906
v 0.0771 0.3093 0.0915
v 0.0797 0.3173 0.0906
v 0.0690 0.3256 0.0863
v 0.0792 0.3165 0.0871
v 0.0519 0.3341 0.0717
v 0.0816 0.3011 0.0974
v 0.0813 0.3142 0.0919
v 0.0816 0.3011 0.0974
v 0.0792 0.3165 0.0871
v 0.0792 0.3165 0.0871
v 0.0771 0.3093 0.0915
v 0.0813 0.3142 0.0919
v 0.1705 0.3017 0.0824
v 0.1429 0.3141 0.0919
v 0.1455 0.2812 0.0949
v 0.1726 0.2601 0.0880
v 0.0845 0.2671 0.1272
v 0.0733 0.3285 0.0996
v 0.1274 0.3343 0.0757
v 0.1933 0.3287 0.0543
v 0.1778 0.2888 0.0769
v 0.1853 0.2776 0.0858
v 0.0748 0.2590 0.1259
v 0.1235 0.2722 0.0873
v 0.1726 0.2601 0.0880
v 0.1265 0.2658 0.0892
v 0.0748 0.2590 0.1259
v 0.0898 0.2711 0.1009
v 0.1350 0.2710 0.0797
v 0.1298 0.2721 0.0802
v 0.1615 0.2643 0.0760
v 0.1786 0.2641 0.0687
v 0.1745 0.3671 0.0817
v 0.1470 0.4815 0.0758
v 0.1481 0.4801 0.0715
v 0.1642 0.3865 0.0730
v 0.1705 0.3017 0.0824
v 0.1853 0.2776 0.0858
v 0.1726 0.2601 0.0880
v 0.1720 0.2415 0.0968
v 0.0252 0.3759 0.1129
v 0.0298 0.3783 0.1057
v 0.0187 0.3938 0.1127
v 0.0287 0.3694 0.0996
v 0.0431 0.3946 0.1144
v 0.0487 0.4025 0.1129
v 0.0480 0.3965 0.1108
v 0.0310 0.3671 0.1093
v 0.0811 0.4234 0.1012
v 0.0599 0.4277 0.1077
v 0.1558 0.4822 0.0678
v 0.1481 0.4801 0.0715
v 0.1425 0.4872 0.0701
v 0.1751 0.3787 0.0706
v 0.1642 0.3865 0.0730
v 0.1705 0.3017 0.0824
v 0.1321 0.5880 0.0735
v 0.1778 0.2888 0.0769
v 0.1496 0.5502 0.0722
v 0.1228 0.6030 0.0768
v 0.1162 0.6274 0.0993
v 0.1534 0.5749 0.0787
v 0.1321 0.5880 0.0735
v 0.1496 0.5502 0.0722
v 0.1295 0.4176 0.0506
v 0.1317 0.4878 0.0015
v 0.1043 0.4481 0.0238
v 0.1479 0.4500 0.0271
v 0.1448 0.5029 -0.0103
v 0.0817 0.4317 0.0427
v 0.0705 0.3858 0.0643
v 0.1082 0.4817 0.0074
v 0.0690 0.3256 0.0863
v 0.0519 0.3341 0.0717
v 0.0876 0.4622 0.0296
v 0.0953 0.4655 0.0275
v 0.1411 0.5022 -0.0129
v 0.1433 0.5088 -0.0154
v 0.1499 0.4643 -0.0182
v 0.1571 0.4718 -0.0324
v 0.1536 0.4703 -0.0238
v 0.1492 0.4450 -0.0086
v 0.1602 0.4660 -0.0328
v 0.1656 0.4602 -0.0313
v 0.1684 0.4529 -0.0287
v 0.1702 0.4457 -0.0231
v 0.1693 0.4426 -0.0219
v 0.1717 0.4370 -0.0164
v 0.1722 0.4450 -0.0232
v 0.1723 0.4431 -0.0227
v 0.1703 0.4347 -0.0018
v 0.1801 0.4010 0.0030
v 0.1469 0.4051 0.0289
v 0.1614 0.3866 0.0265
v 0.1312 0.3341 0.0627
v 0.1789 0.3733 0.0105
v 0.1952 0.3340 0.0338
v 0.1919 0.3609 0.0239
v 0.0982 0.3560 0.0594
v 0.0690 0.3256 0.0863
v 0.1496 0.4241 0.0078
v 0.1711 0.4472 -0.0228
v 0.1693 0.4426 -0.0219
v 0.1723 0.4431 -0.0227
v 0.1452 0.4702 0.0610
v 0.1481 0.4801 0.0715
v 0.1457 0.4695 0.1112
v 0.1470 0.4815 0.0758
v 0.1425 0.4872 0.0701
v 0.1581 0.4684 -0.0143
v 0.1479 0.4500 0.0271
v 0.1492 0.4450 -0.0086
v 0.1496 0.4241 0.0078
v 0.1469 0.4051 0.0289
v 0.1448 0.5029 -0.0103
v 0.1295 0.4176 0.0506
v 0.0982 0.3560 0.0594
v 0.0690 0.3256 0.0863
v 0.1545 0.5151 -0.0209
v 0.1573 0.4992 -0.0346
v 0.1732 0.5124 -0.0398
v 0.1431 0.4994 0.0160
v 0.1414 0.4941 0.0036
v 0.1637 0.4529 0.0772
v 0.1745 0.3671 0.0817
v 0.1751 0.3787 0.0706
v 0.1853 0.2776 0.0858
v 0.1558 0.4822 0.0678
v 0.1496 0.5502 0.0722
v 0.1778 0.2888 0.0769
v 0.1883 0.3156 0.0467
v 0.1853 0.2776 0.0858
v 0.1786 0.2641 0.0687
v 0.1933 0.3287 0.0543
v 0.1720 0.2415 0.0968
v 0.1952 0.3340 0.0338
v 0.1820 0.2982 0.0508
v 0.1809 0.3326 0.0369
v 0.1851 0.3227 0.0455
v 0.1820 0.2982 0.0508
v 0.1883 0.3156 0.0467
v 0.1952 0.3340 0.0338
v 0.2006 0.3869 0.0225
v 0.1966 0.3678 0.0252
v 0.1974 0.3782 0.0330
v 0.2009 0.3855 0.0168
v 0.1919 0.3609 0.0239
v 0.2027 0.3766 0.0489
v 0.2027 0.3766 0.0489
v 0.1838 0.3931 0.0198
v 0.1974 0.3782 0.0330
v 0.1966 0.3678 0.0252
v 0.2009 0.3855 0.0168
v 0.2268 0.3962 -0.0016
v 0.1669 0.4715 -0.0049
v 0.2045 0.3939 0.0106
v 0.2104 0.4715 -0.0315
v 0.1838 0.3931 0.0198
v 0.1732 0.5124 -0.0398
v 0.2004 0.5055 -0.0446
v 0.2027 0.3766 0.0489
v 0.2390 0.3929 0.0099
v 0.2439 0.3706 0.0117
v 0.2141 0.2842 0.0005
v 0.2274 0.2847 0.0077
v 0.2117 0.2863 0.0053
v 0.1959 0.3441 0.0249
v 0.2229 0.2505 0.0069
v 0.2206 0.2298 0.0050
v 0.2242 0.2794 -0.0195
v 0.2100 0.2704 -0.0359
v 0.2183 0.2894 -0.0426
v 0.2105 0.2855 -0.0511
v 0.2083 0.2411 -0.0222
v 0.2018 0.2429 -0.0314
v 0.2152 0.2971 -0.0497
v 0.2346 0.3235 -0.0453
v 0.2220 0.3181 -0.0118
v 0.2159 0.3328 -0.0149
v 0.1919 0.3609 0.0239
v 0.2009 0.3855 0.0168
v 0.1838 0.3931 0.0198
v 0.1581 0.4684 -0.0143
v 0.1732 0.5124 -0.0398
v 0.1573 0.4992 -0.0346
v 0.1703 0.4347 -0.0018
v 0.1669 0.4715 -0.0049
v 0.1838 0.3931 0.0198
v 0.1838 0.3931 0.0198
v 0.1801 0.4010 0.0030
v 0.1919 0.3609 0.0239
v 0.1703 0.4347 -0.0018
v 0.1789 0.3733 0.0105
v 0.1974 0.3782 0.0330
v 0.2009 0.3855 0.0168
v 0.2006 0.3869 0.0225
v 0.1457 0.4695 0.1112
v 0.1030 0.4454 0.1095
v 0.0809 0.4232 0.1205
v 0.1004 0.4629 0.1133
v 0.1351 0.4515 0.1049
v 0.0416 0.3676 0.1291
v 0.0599 0.4277 0.1077
v 0.0693 0.4337 0.0956
v 0.0811 0.4234 0.1012
v 0.0761 0.4388 0.0966
v 0.0761 0.4388 0.0966
v 0.0693 0.4337 0.0956
v 0.0845 0.4429 0.0831
v 0.0335 0.4275 0.0644
v 0.0220 0.4280 0.0621
v 0.0234 0.4378 0.0667
v 0.0258 0.4244 0.0661
v 0.0239 0.4144 0.0609
v 0.0220 0.4280 0.0621
v 0.0220 0.4280 0.0621
v 0.0335 0.4275 0.0644
v 0.0258 0.4244 0.0661
v 0.0446 0.4425 0.0478
v 0.0347 0.4233 0.0575
v 0.0335 0.4275 0.0644
v 0.0278 0.4184 0.0581
v 0.0660 0.4664 0.0448
v 0.0335 0.4275 0.0644
v 0.0278 0.4184 0.0581
v 0.0238 0.4294 0.0564
v 0.0373 0.4759 0.0437
v 0.0467 0.4628 0.0394
v 0.0758 0.5148 0.0210
v 0.0207 0.4481 0.0551
v 0.0130 0.4900 0.0584
v 0.0392 0.5032 0.0466
v 0.0446 0.4425 0.0478
v 0.0238 0.4294 0.0564
v 0.0347 0.4233 0.0575
v 0.0278 0.4184 0.0581
v 0.0486 0.5128 0.0445
v 0.0879 0.5397 0.0103
v 0.0929 0.5130 0.0049
v 0.0576 0.4839 0.0220
v 0.0577 0.4572 0.0221
v 0.0424 0.4631 0.0264
v 0.0753 0.5445 0.0274
v 0.0489 0.4502 0.0314
v 0.0660 0.4664 0.0448
v 0.0467 0.4628 0.0394
v 0.0446 0.4425 0.0478
v 0.0741 0.4467 0.0455
v 0.0335 0.4275 0.0644
v 0.0637 0.4235 0.0545
v 0.0660 0.4664 0.0448
v 0.0378 0.4055 0.0619
v 0.0654 0.4107 0.0505
v 0.0723 0.4365 0.0448
v 0.0681 0.4497 0.0441
v 0.0660 0.4664 0.0448
v 0.0741 0.4467 0.0455
v 0.0845 0.4429 0.0831
v 0.0693 0.4337 0.0956
v 0.0816 0.4568 0.0757
v 0.0933 0.4449 0.0645
v 0.0918 0.4386 0.0734
v 0.0811 0.4234 0.1012
v 0.0761 0.4388 0.0966
v 0.0774 0.4541 0.0622
v 0.0849 0.4478 0.0554
v 0.1534 0.5749 0.0787
v 0.1389 0.5454 0.0806
v 0.1496 0.5502 0.0722
v 0.1637 0.4529 0.0772
v 0.1267 0.5882 0.0819
v 0.1470 0.4815 0.0758
v 0.1745 0.3671 0.0817
v 0.1162 0.6274 0.0993
v 0.0964 0.6484 0.1106
v 0.1696 0.4468 -0.0199
v 0.1656 0.4602 -0.0313
v 0.1711 0.4472 -0.0228
v 0.1571 0.4718 -0.0324
v 0.1581 0.4684 -0.0143
v 0.1703 0.4347 -0.0018
v 0.1717 0.4370 -0.0164
v 0.1723 0.4431 -0.0227
v 0.1684 0.4529 -0.0287
v 0.1722 0.4450 -0.0232
v 0.1602 0.4660 -0.0328
v 0.1693 0.4426 -0.0219
v 0.1711 0.4472 -0.0228
v 0.1722 0.4450 -0.0232
v 0.1696 0.4468 -0.0199
v 0.1711 0.4472 -0.0228
v 0.1702 0.4457 -0.0231
v 0.1693 0.4426 -0.0219
v 0.1711 0.4472 -0.0228
v 0.1723 0.4431 -0.0227
v 0.1702 0.4457 -0.0231
v 0.1722 0.4450 -0.0232
v 0.1696 0.4468 -0.0199
v 0.1693 0.4426 -0.0219
v 0.1715 0.4496 -0.0268
v 0.1715 0.4495 -0.0268
v 0.1715 0.4496 -0.0268
v 0.1715 0.4496 -0.0268
v 0.1714 0.4497 -0.0269
v 0.1714 0.4497 -0.0269
v 0.1714 0.4497 -0.0270
v 0.1713 0.4502 -0.0272
v 0.1715 0.4496 -0.0268
v 0.1715 0.4495 -0.0268
v 0.1715 0.4496 -0.0268
v 0.1714 0.4497 -0.0269
v 0.1714 0.4497 -0.0269
v 0.1715 0.4496 -0.0268
v 0.1714 0.4497 -0.0269
v 0.1712 0.4505 -0.0277
v 0.1714 0.4497 -0.0269
v 0.1715 0.4496 -0.0268
v 0.1714 0.4497 -0.0269
v 0.1714 0.4497 -0.0270
v 0.1712 0.4505 -0.0277
v 0.1714 0.4497 -0.0269
v 0.1713 0.4502 -0.0272
v 0.1712 0.4505 -0.0277
v 0.1713 0.4502 -0.0272
v 0.1711 0.4512 -0.0279
v 0.1712 0.4505 -0.0277
v 0.1709 0.4516 -0.0285
v 0.1712 0.4508 -0.0278
v 0.1713 0.4503 -0.0271
v 0.1712 0.4505 -0.0277
v 0.1709 0.4516 -0.0285
v 0.1713 0.4503 -0.0271
v 0.1714 0.4497 -0.0270
v 0.1712 0.4505 -0.0277
v 0.1713 0.4502 -0.0272
v 0.1714 0.4497 -0.0270
v 0.1713 0.4503 -0.0271
v 0.1712 0.4508 -0.0278
v 0.1711 0.4512 -0.0279
v 0.1713 0.4502 -0.0272
v 0.1712 0.4508 -0.0278
v 0.1712 0.4508 -0.0278
v 0.1708 0.4518 -0.0291
v 0.1711 0.4512 -0.0279
v 0.1708 0.4518 -0.0291
v 0.1712 0.4508 -0.0278
v 0.1709 0.4516 -0.0285
v 0.1710 0.4514 -0.0286
v 0.1711 0.4512 -0.0279
v 0.1708 0.4518 -0.0291
v 0.2206 0.2298 0.0050
v 0.2240 0.2398 -0.0131
v 0.2229 0.2505 0.0069
v 0.2280 0.2347 -0.0141
v 0.2229 0.2505 0.0069
v 0.2240 0.2398 -0.0131
v 0.2313 0.2464 -0.0038
v 0.2240 0.2398 -0.0131
v 0.2280 0.2347 -0.0141
v 0.2311 0.2336 -0.0050
v 0.2313 0.2464 -0.0038
v 0.2229 0.2505 0.0069
v 0.2276 0.2356 0.0093
v 0.2268 0.2452 -0.0231
v 0.2252 0.2326 -0.0315
v 0.2254 0.2262 -0.0253
v 0.2240 0.2355 -0.0387
v 0.2105 0.2855 -0.0511
v 0.2018 0.2429 -0.0314
v 0.2310 0.2716 -0.0726
v 0.2223 0.2896 -0.0758
v 0.2358 0.2957 -0.0921
v 0.2240 0.2355 -0.0387
v 0.2252 0.2326 -0.0315
v 0.2083 0.2411 -0.0222
v 0.2241 0.2305 -0.0401
v 0.2083 0.2411 -0.0222
v 0.2254 0.2262 -0.0253
v 0.2206 0.2591 -0.0936
v 0.2169 0.2348 -0.0812
v 0.2156 0.2323 -0.0899
v 0.2126 0.2200 -0.0762
v 0.2083 0.2302 -0.0985
v 0.2261 0.2168 -0.0573
v 0.2310 0.2716 -0.0726
v 0.2306 0.2756 -0.0891
v 0.2358 0.2957 -0.0921
v 0.2039 0.2506 -0.1080
v 0.2012 0.2343 -0.1245
v 0.2027 0.2523 -0.1278
v 0.2240 0.2355 -0.0387
v 0.2358 0.2957 -0.0921
v 0.2306 0.2756 -0.0891
v 0.2515 0.2821 -0.1075
v 0.2152 0.2971 -0.0497
v 0.2242 0.2861 -0.0518
v 0.2240 0.2920 -0.0510
v 0.2105 0.2855 -0.0511
v 0.2490 0.3016 -0.0781
v 0.2223 0.2896 -0.0758
v 0.2358 0.2957 -0.0921
v 0.2274 0.2885 -0.0677
v 0.2105 0.2855 -0.0511
v 0.2242 0.2861 -0.0518
v 0.2490 0.3016 -0.0781
v 0.2515 0.2821 -0.1075
v 0.3243 0.2707 -0.0404
v 0.2879 0.2717 -0.0475
v 0.2981 0.2592 -0.0981
v 0.2999 0.2513 -0.1026
v 0.3273 0.2755 -0.0716
v 0.3423 0.2699 -0.0508
v 0.3494 0.2689 -0.0683
v 0.3704 0.3193 -0.1145
v 0.3277 0.2965 -0.0432
v 0.3614 0.2985 -0.0703
v 0.3972 0.3255 -0.1285
v 0.4250 0.3378 -0.1353
v 0.4085 0.3503 -0.1782
v 0.3838 0.2892 -0.0731
v 0.4116 0.2930 -0.0498
v 0.3623 0.2876 -0.0571
v 0.3243 0.2707 -0.0404
v 0.3670 0.3737 -0.0947
v 0.3277 0.2965 -0.0432
v 0.3732 0.3474 -0.0846
v 0.3206 0.3079 -0.0431
v 0.3243 0.2707 -0.0404
v 0.3614 0.2985 -0.0703
v 0.2879 0.2717 -0.0475
v 0.2638 0.2827 -0.0646
v 0.3278 0.3374 -0.0764
v 0.2490 0.3016 -0.0781
v 0.2202 0.3046 -0.0798
v 0.2240 0.2920 -0.0510
v 0.2335 0.3080 -0.0878
v 0.2156 0.2936 -0.0566
v 0.2246 0.3067 -0.0865
v 0.2152 0.2971 -0.0497
v 0.2242 0.3422 -0.0139
v 0.2346 0.3235 -0.0453
v 0.2382 0.3424 -0.0128
v 0.2159 0.3328 -0.0149
v 0.2387 0.3188 -0.0729
v 0.2290 0.3168 -0.0819
v 0.2152 0.2971 -0.0497
v 0.2202 0.3046 -0.0798
v 0.2246 0.3067 -0.0865
v 0.2190 0.2962 -0.0661
v 0.2156 0.2936 -0.0566
v 0.2156 0.2936 -0.0566
v 0.2202 0.3046 -0.0798
v 0.2190 0.2962 -0.0661
v 0.2335 0.3080 -0.0878
v 0.2387 0.3188 -0.0729
v 0.2290 0.3168 -0.0819
v 0.2490 0.3016 -0.0781
v 0.2382 0.3424 -0.0128
v 0.2246 0.3067 -0.0865
v 0.2633 0.3315 -0.0676
v 0.2632 0.3125 -0.0770
v 0.2490 0.3016 -0.0781
v 0.2664 0.3233 -0.0730
v 0.2633 0.3315 -0.0676
v 0.2543 0.3517 -0.0668
v 0.2647 0.3302 -0.0749
v 0.2664 0.3233 -0.0730
v 0.2647 0.3302 -0.0749
v 0.2591 0.3885 -0.0313
v 0.2382 0.3424 -0.0128
v 0.2490 0.3016 -0.0781
v 0.2287 0.3796 -0.0137
v 0.2542 0.4146 -0.0186
v 0.3278 0.3374 -0.0764
v 0.2815 0.3396 -0.0488
v 0.2638 0.2827 -0.0646
v 0.3000 0.3453 -0.0489
v 0.3527 0.4155 -0.0996
v 0.3066 0.3808 -0.0468
v 0.3259 0.4565 -0.0732
v 0.3670 0.3737 -0.0947
v 0.3090 0.4911 -0.0739
v 0.2664 0.3233 -0.0730
v 0.2647 0.3302 -0.0749
v 0.2632 0.3125 -0.0770
v 0.2490 0.3016 -0.0781
v 0.2287 0.3796 -0.0137
v 0.2198 0.3990 -0.0265
v 0.2268 0.3962 -0.0016
v 0.2154 0.4265 -0.0241
v 0.2209 0.3952 -0.0296
v 0.2104 0.4715 -0.0315
v 0.2298 0.3644 -0.0023
v 0.2382 0.3424 -0.0128
v 0.2390 0.3929 0.0099
v 0.2439 0.3706 0.0117
v 0.2542 0.4146 -0.0186
v 0.2591 0.3885 -0.0313
v 0.2554 0.3675 -0.0592
v 0.2543 0.3517 -0.0668
v 0.2535 0.4039 -0.0625
v 0.2647 0.3302 -0.0749
v 0.2736 0.4268 -0.0449
v 0.3000 0.3453 -0.0489
v 0.2633 0.3315 -0.0676
v 0.2815 0.3396 -0.0488
v 0.2027 0.3766 0.0489
v 0.1919 0.3609 0.0239
v 0.2439 0.3706 0.0117
v 0.2298 0.3644 -0.0023
v 0.2385 0.4392 -0.0161
v 0.2154 0.4265 -0.0241
v 0.2273 0.3910 -0.0215
v 0.2104 0.4715 -0.0315
v 0.2198 0.3990 -0.0265
v 0.2542 0.4146 -0.0186
v 0.2255 0.4862 -0.0348
v 0.2004 0.5055 -0.0446
v 0.2287 0.3796 -0.0137
v 0.2209 0.3952 -0.0296
v 0.1566 0.5690 -0.0754
v 0.1499 0.5647 -0.0630
v 0.1696 0.5402 -0.0540
v 0.1616 0.5472 -0.0543
v 0.1417 0.5927 -0.0799
v 0.1479 0.6002 -0.0891
v 0.1703 0.5404 -0.0699
v 0.2192 0.5064 -0.0542
v 0.2096 0.5044 -0.0521
v 0.2210 0.5024 -0.0422
v 0.2402 0.5014 -0.0527
v 0.2255 0.4862 -0.0348
v 0.2483 0.4645 -0.0310
v 0.2385 0.4392 -0.0161
v 0.2161 0.5130 -0.0569
v 0.2736 0.4268 -0.0449
v 0.2542 0.4146 -0.0186
v 0.2683 0.5392 -0.1061
v 0.2141 0.5682 -0.1191
v 0.2648 0.5072 -0.0528
v 0.2577 0.5634 -0.1732
v 0.2055 0.5869 -0.1653
v 0.2055 0.5664 -0.0981
v 0.1856 0.5774 -0.1062
v 0.1570 0.6002 -0.1474
v 0.1345 0.6015 -0.1153
v 0.2757 0.5481 -0.1622
v 0.1566 0.5690 -0.0754
v 0.2814 0.5322 -0.1254
v 0.2828 0.4730 -0.0501
v 0.1958 0.5119 -0.0516
v 0.2128 0.4964 -0.0187
v 0.1708 0.5222 -0.0451
v 0.1876 0.5061 -0.0147
v 0.1703 0.5404 -0.0699
v 0.1909 0.5254 -0.0634
v 0.1751 0.5235 -0.0592
v 0.1644 0.5383 -0.0656
v 0.1634 0.5319 -0.0597
v 0.1599 0.5293 -0.0552
v 0.2663 0.4677 -0.0306
v 0.1788 0.5148 -0.0173
v 0.1440 0.5191 -0.0171
v 0.2964 0.5312 -0.1104
v 0.3090 0.4911 -0.0739
v 0.2848 0.5518 -0.1752
v 0.2956 0.4344 -0.0408
v 0.2732 0.5491 -0.1669
v 0.2871 0.3764 -0.0611
v 0.2543 0.3517 -0.0668
v 0.3066 0.3808 -0.0468
v 0.3090 0.4911 -0.0739
v 0.3000 0.3453 -0.0489
v 0.2633 0.3315 -0.0676
v 0.2736 0.4268 -0.0449
v 0.2554 0.3675 -0.0592
v 0.2956 0.4344 -0.0408
v 0.2871 0.3764 -0.0611
v 0.2543 0.3517 -0.0668
v 0.2828 0.4730 -0.0501
v 0.2535 0.4039 -0.0625
v 0.2402 0.5014 -0.0527
v 0.2663 0.4677 -0.0306
v 0.2648 0.5072 -0.0528
v 0.2483 0.4645 -0.0310
v 0.2141 0.5682 -0.1191
v 0.2736 0.4268 -0.0449
v 0.3090 0.4911 -0.0739
v 0.2956 0.4344 -0.0408
v 0.2871 0.3764 -0.0611
v 0.4551 0.2633 -0.0415
v 0.4100 0.2574 -0.0191
v 0.4487 0.2418 -0.0182
v 0.4821 0.2436 -0.0428
v 0.3944 0.2533 0.0048
v 0.4835 0.2532 -0.0759
v 0.4105 0.2673 -0.0480
v 0.3577 0.2563 -0.0389
v 0.4635 0.2459 0.0030
v 0.4294 0.2454 0.0212
v 0.3493 0.2379 -0.0608
v 0.4168 0.2731 -0.0573
v 0.4707 0.2326 -0.0343
v 0.4559 0.2420 -0.0146
v 0.4450 0.2297 -0.0252
v 0.4694 0.2284 -0.0805
v 0.4583 0.2394 -0.0057
v 0.3577 0.2563 -0.0389
v 0.3518 0.2573 -0.0679
v 0.3757 0.2684 -0.0647
v 0.4116 0.2930 -0.0498
v 0.3493 0.2379 -0.0608
v 0.3493 0.2379 -0.0608
v 0.3936 0.2455 -0.0141
v 0.3363 0.2152 -0.0660
v 0.4262 0.2618 -0.0637
v 0.4551 0.2633 -0.0415
v 0.4516 0.2562 -0.0538
v 0.4424 0.2547 -0.0556
v 0.4590 0.2491 -0.0654
v 0.4105 0.2673 -0.0480
v 0.4835 0.2532 -0.0759
v 0.4516 0.2562 -0.0538
v 0.4590 0.2491 -0.0654
v 0.4452 0.2422 -0.0506
v 0.4516 0.2562 -0.0538
v 0.4452 0.2422 -0.0506
v 0.4424 0.2547 -0.0556
v 0.3468 0.2589 -0.0564
v 0.3035 0.2384 -0.0779
v 0.3423 0.2699 -0.0508
v 0.3494 0.2689 -0.0683
v 0.3468 0.2589 -0.0564
v 0.3423 0.2699 -0.0508
v 0.3086 0.2333 -0.0510
v 0.4116 0.2930 -0.0498
v 0.3423 0.2699 -0.0508
v 0.3623 0.2876 -0.0571
v 0.3243 0.2707 -0.0404
v 0.4116 0.2930 -0.0498
v 0.3086 0.2333 -0.0510
v 0.3577 0.2563 -0.0389
v 0.4262 0.2618 -0.0637
v 0.4168 0.2731 -0.0573
v 0.4267 0.2729 -0.0653
v 0.4562 0.2675 -0.0765
v 0.4694 0.2284 -0.0805
v 0.3493 0.2379 -0.0608
v 0.4267 0.2729 -0.0653
v 0.3906 0.2613 -0.0941
v 0.4404 0.2508 -0.0995
v 0.4552 0.2641 -0.0878
v 0.4562 0.2675 -0.0765
v 0.4168 0.2731 -0.0573
v 0.3757 0.2684 -0.0647
v 0.3518 0.2573 -0.0679
v 0.4252 0.2517 -0.1178
v 0.4482 0.2401 -0.1454
v 0.4559 0.2583 -0.0910
v 0.4116 0.2930 -0.0498
v 0.4412 0.2479 -0.1487
v 0.4511 0.2357 -0.1465
v 0.4106 0.2751 -0.0621
v 0.4116 0.2930 -0.0498
v 0.4168 0.2731 -0.0573
v 0.4168 0.2731 -0.0573
v 0.4178 0.2831 -0.0697
v 0.4106 0.2751 -0.0621
v 0.4325 0.2819 -0.0636
v 0.4124 0.2765 -0.0625
v 0.4137 0.2764 -0.0635
v 0.4168 0.2731 -0.0573
v 0.4105 0.2673 -0.0480
v 0.4325 0.2819 -0.0636
v 0.4106 0.2751 -0.0621
v 0.4124 0.2765 -0.0625
v 0.4106 0.2751 -0.0621
v 0.4137 0.2764 -0.0635
v 0.4105 0.2673 -0.0480
v 0.4116 0.2930 -0.0498
v 0.4106 0.2751 -0.0621
v 0.4590 0.2491 -0.0654
v 0.4325 0.2819 -0.0636
v 0.4424 0.2547 -0.0556
v 0.4452 0.2422 -0.0506
v 0.4105 0.2673 -0.0480
v 0.4835 0.2532 -0.0759
v 0.4137 0.2764 -0.0635
v 0.4085 0.3503 -0.1782
v 0.4250 0.3378 -0.1353
v 0.4229 0.3214 -0.1731
v 0.4439 0.3159 -0.1277
v 0.4299 0.3137 -0.2029
v 0.4116 0.2930 -0.0498
v 0.4140 0.3432 -0.1797
v 0.3894 0.3660 -0.2273
v 0.4418 0.2865 -0.0799
v 0.3840 0.3611 -0.2037
v 0.3763 0.3558 -0.1269
v 0.3949 0.3450 -0.1263
v 0.3732 0.3474 -0.0846
v 0.4105 0.2673 -0.0480
v 0.4137 0.2764 -0.0635
v 0.4106 0.2751 -0.0621
v 0.4178 0.2831 -0.0697
v 0.4105 0.2673 -0.0480
v 0.4418 0.2865 -0.0799
v 0.4082 0.2765 -0.0718
v 0.4161 0.2842 -0.0806
v 0.4178 0.2831 -0.0697
v 0.4059 0.2764 -0.0850
v 0.4161 0.2842 -0.0806
v 0.4059 0.2764 -0.0850
v 0.4206 0.2784 -0.0849
v 0.4206 0.2784 -0.0849
v 0.4059 0.2764 -0.0850
v 0.4082 0.2765 -0.0718
v 0.4432 0.2614 -0.0973
v 0.4252 0.2596 -0.0941
v 0.4318 0.2666 -0.0934
v 0.4325 0.2819 -0.0636
v 0.4178 0.2831 -0.0697
v 0.4082 0.2765 -0.0718
v 0.4432 0.2624 -0.1054
v 0.4407 0.2639 -0.1095
v 0.4305 0.2583 -0.1131
v 0.4235 0.2596 -0.1013
v 0.4178 0.2831 -0.0697
v 0.4206 0.2784 -0.0849
v 0.4418 0.2865 -0.0799
v 0.4700 0.2827 -0.1228
v 0.4161 0.2842 -0.0806
v 0.4206 0.2784 -0.0849
v 0.4178 0.2831 -0.0697
v 0.3949 0.3450 -0.1263
v 0.3732 0.3474 -0.0846
v 0.3704 0.3193 -0.1145
v 0.3277 0.2965 -0.0432
v 0.3972 0.3255 -0.1285
v 0.4085 0.3503 -0.1782
v 0.2206 0.2591 -0.0936
v 0.2403 0.2696 -0.1115
v 0.2306 0.2756 -0.0891
v 0.2434 0.2866 -0.1045
v 0.2284 0.2592 -0.1030
v 0.2293 0.2498 -0.1152
v 0.2515 0.2821 -0.1075
v 0.2524 0.2583 -0.1135
v 0.2434 0.2866 -0.1045
v 0.2515 0.2821 -0.1075
v 0.2306 0.2756 -0.0891
v 0.2027 0.2523 -0.1278
v 0.2166 0.2495 -0.1449
v 0.2128 0.2319 -0.1405
v 0.2506 0.2504 -0.1941
v 0.2459 0.2501 -0.1922
v 0.2447 0.2654 -0.1917
v 0.2534 0.2690 -0.1895
v 0.2402 0.2702 -0.1935
v 0.2593 0.2346 -0.1872
v 0.2446 0.2588 -0.2152
v 0.2352 0.2815 -0.2177
v 0.2401 0.2712 -0.2033
v 0.2459 0.2501 -0.1922
v 0.2402 0.2702 -0.1935
v 0.2509 0.2679 -0.2462
v 0.2271 0.3183 -0.2897
v 0.2354 0.2758 -0.2029
v 0.2254 0.2846 -0.2139
v 0.2352 0.2815 -0.2177
v 0.2147 0.2939 -0.2493
v 0.2267 0.2791 -0.2195
v 0.2271 0.3183 -0.2897
v 0.2534 0.2690 -0.1895
v 0.2401 0.2712 -0.2033
v 0.2354 0.2758 -0.2029
v 0.2534 0.2690 -0.1895
v 0.2447 0.2654 -0.1917
v 0.2401 0.2712 -0.2033
v 0.2447 0.2654 -0.1917
v 0.2402 0.2702 -0.1935
v 0.2401 0.2712 -0.2033
v 0.2446 0.2588 -0.2152
v 0.2506 0.2504 -0.1941
v 0.2546 0.2491 -0.2027
v 0.2509 0.2679 -0.2462
v 0.2595 0.2473 -0.2095
v 0.2459 0.2501 -0.1922
v 0.2600 0.2526 -0.1983
v 0.2546 0.2491 -0.2027
v 0.2506 0.2504 -0.1941
v 0.2135 0.3059 -0.2445
v 0.2428 0.2932 -0.2329
v 0.2254 0.2846 -0.2139
v 0.2354 0.2758 -0.2029
v 0.2331 0.3059 -0.2574
v 0.2534 0.2690 -0.1895
v 0.2874 0.2954 -0.2466
v 0.2886 0.2784 -0.2232
v 0.2800 0.3188 -0.2573
v 0.2114 0.3104 -0.2460
v 0.2099 0.3019 -0.2414
v 0.2147 0.2939 -0.2493
v 0.2099 0.3019 -0.2414
v 0.2135 0.3059 -0.2445
v 0.2135 0.3059 -0.2445
v 0.2254 0.2846 -0.2139
v 0.2147 0.2939 -0.2493
v 0.2267 0.2791 -0.2195
v 0.2254 0.2846 -0.2139
v 0.2352 0.2815 -0.2177
v 0.2267 0.2791 -0.2195
v 0.2271 0.3183 -0.2897
v 0.2299 0.3480 -0.2690
v 0.2114 0.3104 -0.2460
v 0.2168 0.3278 -0.2479
v 0.2147 0.2939 -0.2493
v 0.2099 0.3019 -0.2414
v 0.2259 0.3645 -0.2904
v 0.2275 0.3902 -0.3009
v 0.2204 0.3566 -0.2604
v 0.2168 0.3490 -0.2457
v 0.2149 0.3507 -0.2607
v 0.2111 0.3329 -0.2521
v 0.2299 0.3480 -0.2690
v 0.2086 0.3572 -0.2516
v 0.2166 0.3546 -0.2596
v 0.2168 0.3278 -0.2479
v 0.2306 0.3534 -0.2445
v 0.2168 0.3278 -0.2479
v 0.2168 0.3490 -0.2457
v 0.2331 0.3059 -0.2574
v 0.2114 0.3104 -0.2460
v 0.2086 0.3572 -0.2516
v 0.2111 0.3329 -0.2521
v 0.2306 0.3534 -0.2445
v 0.2342 0.3919 -0.2698
v 0.2589 0.3702 -0.2775
v 0.2259 0.4063 -0.2742
v 0.2216 0.4087 -0.2718
v 0.2331 0.3059 -0.2574
v 0.2168 0.3490 -0.2457
v 0.2086 0.3572 -0.2516
v 0.2149 0.3507 -0.2607
v 0.2168 0.3490 -0.2457
v 0.2149 0.3507 -0.2607
v 0.2166 0.3546 -0.2596
v 0.2168 0.3490 -0.2457
v 0.2166 0.3546 -0.2596
v 0.2299 0.3480 -0.2690
v 0.2342 0.3919 -0.2698
v 0.2306 0.3534 -0.2445
v 0.2204 0.3566 -0.2604
v 0.2307 0.3928 -0.2757
v 0.2275 0.3902 -0.3009
v 0.2168 0.3490 -0.2457
v 0.2307 0.3928 -0.2757
v 0.2259 0.4063 -0.2742
v 0.2216 0.4087 -0.2718
v 0.2275 0.3902 -0.3009
v 0.2342 0.3919 -0.2698
v 0.2259 0.4660 -0.2812
v 0.2777 0.4936 -0.2140
v 0.2528 0.4568 -0.2708
v 0.2540 0.5087 -0.2225
v 0.2730 0.5256 -0.1946
v 0.2637 0.4558 -0.2556
v 0.2593 0.4412 -0.2526
v 0.2453 0.4226 -0.2658
v 0.2259 0.4063 -0.2742
v 0.2587 0.5247 -0.2468
v 0.2848 0.5518 -0.1752
v 0.2694 0.5519 -0.2047
v 0.2259 0.4660 -0.2812
v 0.2951 0.5070 -0.2168
v 0.2711 0.4415 -0.2772
v 0.2637 0.4558 -0.2556
v 0.2777 0.4936 -0.2140
v 0.2453 0.4226 -0.2658
v 0.2730 0.5256 -0.1946
v 0.2848 0.5518 -0.1752
v 0.2589 0.3702 -0.2775
v 0.2593 0.4412 -0.2526
v 0.2453 0.4226 -0.2658
v 0.2589 0.3702 -0.2775
v 0.2259 0.4063 -0.2742
v 0.0558 0.2768 -0.3229
v 0.0616 0.2747 -0.3144
v 0.0456 0.2693 -0.3156
v 0.0616 0.2747 -0.3144
v 0.0613 0.2668 -0.3141
v 0.0456 0.2693 -0.3156
v 0.0296 0.2694 -0.3235
v 0.0010 0.2287 -0.3166
v 0.0403 0.2723 -0.3154
v 0.0653 0.3560 -0.3289
v 0.0653 0.3560 -0.3289
v 0.0403 0.2723 -0.3154
v 0.0580 0.3337 -0.3132
v 0.0642 0.3506 -0.3132
v 0.0010 0.2287 -0.3166
v 0.0296 0.2694 -0.3235
v 0.0613 0.2668 -0.3141
v 0.0613 0.2668 -0.3141
v 0.0296 0.2694 -0.3235
v 0.0456 0.2693 -0.3156
v 0.0616 0.2747 -0.3144
v 0.0558 0.2768 -0.3229
v 0.0613 0.2668 -0.3141
v 0.0924 0.2854 -0.3034
v 0.0720 0.2829 -0.3041
v 0.0747 0.2828 -0.3056
v 0.0613 0.2668 -0.3141
v 0.0239 0.2550 -0.3091
v 0.0990 0.2812 -0.3194
v 0.1731 0.3339 -0.3003
v 0.1960 0.3577 -0.3131
v 0.0705 0.2804 -0.3262
v 0.0990 0.2812 -0.3194
v 0.0558 0.2768 -0.3229
v 0.0613 0.2668 -0.3141
v 0.0778 0.2833 -0.3261
v 0.0705 0.2804 -0.3262
v 0.0802 0.2663 -0.3448
v 0.0778 0.2833 -0.3261
v 0.0897 0.3387 -0.3224
v 0.0664 0.2727 -0.3424
v 0.0790 0.3879 -0.3236
v 0.0802 0.2663 -0.3448
v 0.0653 0.3560 -0.3289
v 0.0958 0.2548 -0.3572
v 0.0875 0.2293 -0.3695
v 0.0541 0.2089 -0.3477
v 0.0667 0.2295 -0.3417
v 0.0788 0.2195 -0.3457
v 0.0712 0.2244 -0.3415
v 0.0802 0.2663 -0.3448
v 0.0693 0.3198 -0.3247
v 0.0403 0.2723 -0.3154
v 0.0558 0.2768 -0.3229
v 0.0580 0.3337 -0.3132
v 0.0654 0.3276 -0.3152
v 0.0580 0.3337 -0.3132
v 0.0693 0.3198 -0.3247
v 0.0738 0.2842 -0.3253
v 0.0781 0.2925 -0.3126
v 0.0906 0.2995 -0.3085
v 0.0558 0.2768 -0.3229
v 0.1455 0.3341 -0.3072
v 0.0705 0.2804 -0.3262
v 0.0755 0.2871 -0.3073
v 0.0403 0.2723 -0.3154
v 0.0731 0.3384 -0.3217
v 0.0693 0.3198 -0.3247
v 0.0798 0.3369 -0.3192
v 0.0738 0.2842 -0.3253
v 0.0775 0.3485 -0.3177
v 0.0705 0.2804 -0.3262
v 0.0658 0.3485 -0.3161
v 0.0621 0.3713 -0.3083
v 0.0897 0.3387 -0.3224
v 0.0778 0.2833 -0.3261
v 0.0580 0.3337 -0.3132
v 0.0654 0.3276 -0.3152
v 0.0636 0.3176 -0.3131
v 0.0520 0.3297 -0.3072
v 0.0897 0.3387 -0.3224
v 0.1012 0.3375 -0.3021
v 0.0798 0.3369 -0.3192
v 0.1168 0.3729 -0.3175
v 0.0845 0.3793 -0.3165
v 0.0897 0.3387 -0.3224
v 0.0790 0.3879 -0.3236
v 0.0802 0.2663 -0.3448
v 0.1065 0.4249 -0.3155
v 0.0653 0.3560 -0.3289
v 0.0642 0.3506 -0.3132
v 0.0658 0.3485 -0.3161
v 0.0798 0.3369 -0.3192
v 0.0621 0.3713 -0.3083
v 0.0790 0.3879 -0.3236
v 0.0653 0.3560 -0.3289
v 0.0887 0.4306 -0.3051
v 0.0658 0.3485 -0.3161
v 0.0963 0.4198 -0.3076
v 0.1012 0.4373 -0.3051
v 0.0973 0.4372 -0.3072
v 0.1159 0.4678 -0.3001
v 0.0887 0.4306 -0.3051
v 0.0861 0.4107 -0.3088
v 0.1841 0.3747 -0.2972
v 0.1789 0.3672 -0.3118
v 0.1865 0.3670 -0.2985
v 0.1874 0.3745 -0.2958
v 0.1455 0.3341 -0.3072
v 0.1679 0.3529 -0.3041
v 0.0738 0.2842 -0.3253
v 0.1927 0.3814 -0.2981
v 0.1892 0.4141 -0.2894
v 0.1874 0.3745 -0.2958
v 0.1656 0.3860 -0.3047
v 0.1790 0.4089 -0.2957
v 0.1823 0.4459 -0.2860
v 0.1958 0.3837 -0.2940
v 0.1967 0.3975 -0.2918
v 0.1991 0.3685 -0.2992
v 0.1841 0.3747 -0.2972
v 0.1168 0.3729 -0.3175
v 0.1823 0.4459 -0.2860
v 0.1336 0.3844 -0.2989
v 0.1656 0.3860 -0.3047
v 0.1927 0.3814 -0.2981
v 0.1841 0.3747 -0.2972
v 0.1789 0.3519 -0.3022
v 0.1679 0.3529 -0.3041
v 0.1912 0.3625 -0.2986
v 0.1991 0.3685 -0.2992
v 0.1336 0.3844 -0.2989
v 0.1823 0.4459 -0.2860
v 0.1168 0.3729 -0.3175
v 0.1628 0.3473 -0.3044
v 0.1626 0.3473 -0.3045
v 0.1618 0.3463 -0.3039
v 0.1631 0.3475 -0.3043
v 0.1630 0.3474 -0.3043
v 0.1633 0.3476 -0.3042
v 0.1628 0.3473 -0.3044
v 0.1630 0.3474 -0.3043
v 0.1631 0.3475 -0.3043
v 0.1631 0.3475 -0.3043
v 0.1617 0.3467 -0.3047
v 0.1618 0.3463 -0.3039
v 0.1626 0.3473 -0.3045
v 0.1630 0.3474 -0.3043
v 0.1628 0.3473 -0.3044
v 0.1618 0.3463 -0.3039
v 0.1630 0.3474 -0.3043
v 0.1631 0.3475 -0.3043
v 0.1618 0.3463 -0.3039
v 0.1631 0.3475 -0.3043
v 0.1633 0.3476 -0.3042
v 0.1628 0.3473 -0.3044
v 0.1617 0.3467 -0.3047
v 0.1626 0.3473 -0.3045
v 0.1631 0.3475 -0.3043
v 0.1617 0.3467 -0.3047
v 0.1628 0.3473 -0.3044
v 0.1618 0.3463 -0.3039
v 0.1630 0.3474 -0.3043
v 0.1892 0.4141 -0.2894
v 0.1790 0.4089 -0.2957
v 0.1967 0.3975 -0.2918
v 0.1927 0.3814 -0.2981
v 0.1789 0.3672 -0.3118
v 0.1958 0.3837 -0.2940
v 0.1991 0.3685 -0.2992
v 0.1789 0.4521 -0.2954
v 0.1823 0.4459 -0.2860
v 0.1828 0.4939 -0.2852
v 0.1789 0.3519 -0.3022
v 0.1912 0.3625 -0.2986
v 0.1865 0.3670 -0.2985
v 0.1679 0.3529 -0.3041
v 0.1975 0.3739 -0.3036
v 0.1927 0.3814 -0.2981
v 0.1874 0.3745 -0.2958
v 0.1865 0.3670 -0.2985
v 0.1991 0.3685 -0.2992
v 0.1656 0.3860 -0.3047
v 0.1991 0.3685 -0.2992
v 0.1975 0.3739 -0.3036
v 0.2259 0.3645 -0.2904
v 0.1865 0.3670 -0.2985
v 0.2275 0.3902 -0.3009
v 0.1991 0.3685 -0.2992
v 0.1960 0.3577 -0.3131
v 0.1912 0.3625 -0.2986
v 0.2259 0.3645 -0.2904
v 0.1975 0.3739 -0.3036
v 0.1960 0.3577 -0.3131
v 0.1964 0.4085 -0.3005
v 0.1912 0.3625 -0.2986
v 0.2600 0.2526 -0.1983
v 0.2534 0.2690 -0.1895
v 0.2546 0.2491 -0.2027
v 0.3905 0.2985 -0.2372
v 0.3646 0.2440 -0.2341
v 0.3555 0.2955 -0.2582
v 0.3946 0.2624 -0.2143
v 0.4140 0.2957 -0.2301
v 0.3353 0.2585 -0.2441
v 0.3167 0.2768 -0.2686
v 0.3052 0.2146 -0.2417
v 0.2977 0.2547 -0.2598
v 0.2990 0.3584 -0.2892
v 0.3401 0.3393 -0.2503
v 0.3474 0.3686 -0.2558
v 0.3825 0.3453 -0.2357
v 0.3894 0.3660 -0.2273
v 0.4140 0.3432 -0.1797
v 0.3759 0.3338 -0.2214
v 0.4077 0.3360 -0.1725
v 0.4229 0.3214 -0.1731
v 0.4077 0.3360 -0.1725
v 0.4140 0.3432 -0.1797
v 0.4546 0.2320 -0.1295
v 0.4252 0.2517 -0.1178
v 0.4594 0.2318 -0.1158
v 0.4412 0.2479 -0.1487
v 0.4686 0.2142 -0.0916
v 0.3906 0.2613 -0.0941
v 0.4511 0.2357 -0.1465
v 0.4615 0.1831 -0.0716
v 0.4318 0.2666 -0.0934
v 0.4235 0.2596 -0.1013
v 0.4305 0.2583 -0.1131
v 0.4407 0.2639 -0.1095
v 0.4252 0.2596 -0.0941
v 0.4432 0.2624 -0.1054
v 0.4009 0.3353 -0.1700
v 0.4096 0.3316 -0.1635
v 0.4003 0.3285 -0.1592
v 0.4003 0.3285 -0.1592
v 0.4096 0.3316 -0.1635
v 0.4009 0.3353 -0.1700
v 0.3733 0.4027 -0.1473
v 0.3454 0.4616 -0.1388
v 0.3527 0.4155 -0.0996
v 0.3259 0.4565 -0.0732
v 0.2848 0.5518 -0.1752
v 0.3805 0.3888 -0.1299
v 0.3670 0.3737 -0.0947
v 0.3732 0.3474 -0.0846
v 0.2964 0.5312 -0.1104
v 0.3090 0.4911 -0.0739
v 0.3603 0.3913 -0.2018
v 0.3763 0.3558 -0.1269
v 0.3840 0.3611 -0.2037
v 0.3722 0.3927 -0.2057
v 0.3894 0.3660 -0.2273
v 0.3615 0.4076 -0.2021
v 0.3387 0.3906 -0.2309
v 0.3359 0.3939 -0.2408
v 0.3223 0.4745 -0.2178
v 0.3615 0.4076 -0.2021
v 0.3359 0.3939 -0.2408
v 0.2929 0.4509 -0.2419
v 0.3033 0.3982 -0.2517
v 0.2990 0.3584 -0.2892
v 0.3474 0.3686 -0.2558
v 0.2846 0.4021 -0.2887
v 0.3454 0.4616 -0.1388
v 0.2848 0.5518 -0.1752
v 0.2951 0.5070 -0.2168
v 0.2946 0.4589 -0.2559
v 0.3733 0.4027 -0.1473
v 0.3387 0.3906 -0.2309
v 0.3894 0.3660 -0.2273
v 0.3722 0.3927 -0.2057
v 0.2711 0.4415 -0.2772
v 0.3603 0.3913 -0.2018
v 0.3805 0.3888 -0.1299
v 0.3722 0.3927 -0.2057
v 0.3387 0.3906 -0.2309
v 0.4422 0.2863 -0.1309
v 0.4213 0.3003 -0.1636
v 0.4381 0.2924 -0.0996
v 0.4523 0.2685 -0.1756
v 0.4418 0.2865 -0.0799
v 0.4272 0.2480 -0.2270
v 0.4700 0.2827 -0.1228
v 0.4725 0.2587 -0.1585
v 0.2817 0.3753 -0.2643
v 0.2589 0.3702 -0.2775
v 0.2830 0.3908 -0.2631
v 0.2742 0.4069 -0.2689
v 0.2711 0.4415 -0.2772
v 0.2853 0.3506 -0.2633
v 0.2816 0.4069 -0.2704
v 0.2800 0.3188 -0.2573
v 0.2331 0.3059 -0.2574
v 0.2786 0.4215 -0.2616
v 0.2953 0.3184 -0.2481
v 0.2874 0.2954 -0.2466
v 0.2742 0.4069 -0.2689
v 0.2711 0.4415 -0.2772
v 0.2786 0.4240 -0.2728
v 0.2742 0.4069 -0.2689
v 0.2728 0.4016 -0.2615
v 0.2803 0.4102 -0.2617
v 0.2742 0.4069 -0.2689
v 0.2707 0.4101 -0.2659
v 0.2728 0.4016 -0.2615
v 0.2786 0.4240 -0.2728
v 0.2801 0.4097 -0.2589
v 0.2816 0.4069 -0.2704
v 0.2803 0.4102 -0.2617
v 0.2830 0.3908 -0.2631
v 0.2786 0.4215 -0.2616
v 0.2728 0.4016 -0.2615
v 0.2707 0.4101 -0.2659
v 0.2803 0.4102 -0.2617
v 0.2786 0.4215 -0.2616
v 0.2786 0.4240 -0.2728
v 0.2853 0.3506 -0.2633
v 0.2874 0.2954 -0.2466
v 0.2953 0.3184 -0.2481
v 0.4299 0.3137 -0.2029
v 0.4140 0.2957 -0.2301
v 0.3905 0.2985 -0.2372
v 0.4229 0.3214 -0.1731
v 0.3555 0.2955 -0.2582
v 0.3759 0.3338 -0.2214
v 0.3401 0.3393 -0.2503
v 0.4077 0.3360 -0.1725
v 0.3167 0.2768 -0.2686
v 0.2889 0.3921 -0.2700
v 0.2776 0.3929 -0.2791
v 0.2830 0.3908 -0.2631
v 0.2935 0.3952 -0.2565
v 0.2786 0.4215 -0.2616
v 0.2935 0.3952 -0.2565
v 0.2801 0.4097 -0.2589
v 0.2830 0.3908 -0.2631
v 0.2935 0.3952 -0.2565
v 0.2786 0.4215 -0.2616
v 0.2742 0.4069 -0.2689
v 0.2946 0.4589 -0.2559
v 0.2929 0.4509 -0.2419
v 0.2846 0.4021 -0.2887
v 0.3223 0.4745 -0.2178
v 0.2803 0.4102 -0.2617
v 0.2935 0.3952 -0.2565
v 0.2742 0.4069 -0.2689
v 0.4575 0.2583 -0.1207
v 0.4404 0.2508 -0.0995
v 0.4570 0.2565 -0.1254
v 0.4559 0.2583 -0.0910
v 0.4567 0.2584 -0.1318
v 0.4583 0.2497 -0.1444
v 0.4482 0.2401 -0.1454
v 0.4586 0.2472 -0.1481
v 0.4593 0.2567 -0.1381
v 0.4594 0.2487 -0.1484
v 0.4599 0.2494 -0.1485
v 0.4483 0.2478 -0.1455
v 0.4725 0.2587 -0.1585
v 0.4465 0.2448 -0.1755
v 0.4451 0.2554 -0.1309
v 0.4393 0.2259 -0.2057
v 0.4411 0.2512 -0.1275
v 0.4432 0.2614 -0.0973
v 0.4325 0.2819 -0.0636
v 0.4432 0.2624 -0.1054
v 0.4719 0.2482 -0.1274
v 0.4325 0.2819 -0.0636
v 0.4835 0.2532 -0.0759
v 0.4432 0.2624 -0.1054
v 0.4595 0.2487 -0.1484
v 0.4594 0.2487 -0.1484
v 0.4586 0.2472 -0.1481
v 0.4599 0.2494 -0.1485
v 0.4585 0.2466 -0.1478
v 0.4586 0.2472 -0.1481
v 0.4482 0.2401 -0.1454
v 0.4511 0.2357 -0.1465
v 0.4595 0.2487 -0.1484
v 0.4586 0.2472 -0.1481
v 0.4585 0.2466 -0.1478
v 0.4483 0.2478 -0.1455
v 0.4450 0.2547 -0.1710
v 0.4447 0.2546 -0.1360
v 0.4465 0.2448 -0.1755
v 0.4422 0.2863 -0.1309
v 0.4411 0.2512 -0.1275
v 0.4523 0.2685 -0.1756
v 0.4725 0.2587 -0.1585
v 0.4451 0.2554 -0.1309
v 0.4447 0.2546 -0.1360
v 0.4411 0.2512 -0.1275
v 0.4447 0.2546 -0.1360
v 0.4422 0.2863 -0.1309
v 0.4725 0.2587 -0.1585
v 0.0614 0.5165 0.0635
v 0.0833 0.5079 0.0846
v 0.0570 0.5065 0.0856
v 0.0710 0.5152 0.0761
v 0.0833 0.5079 0.0846
v 0.0614 0.5165 0.0635
v 0.1168 0.5313 0.0071
v 0.0907 0.5749 0.0321
v 0.0833 0.5079 0.0846
v 0.1061 0.5774 0.0000
v 0.1204 0.5475 -0.0109
v 0.1085 0.4981 0.0354
v 0.0910 0.4664 0.0739
v 0.1077 0.5940 0.0102
v 0.1366 0.5108 0.0175
v 0.0467 0.4628 0.0394
v 0.0506 0.4525 0.0337
v 0.0424 0.4631 0.0264
v 0.0489 0.4502 0.0314
v 0.0660 0.4664 0.0448
v 0.0758 0.5148 0.0210
v 0.0576 0.4839 0.0220
v 0.0929 0.5130 0.0049
v 0.0829 0.4696 0.0373
v 0.1033 0.5075 0.0099
v 0.1058 0.5219 0.0022
v 0.0660 0.4664 0.0448
v 0.0681 0.4497 0.0441
v 0.0741 0.4467 0.0455
v 0.0880 0.5223 0.0090
v 0.0879 0.5397 0.0103
v 0.0660 0.4664 0.0448
v 0.0577 0.4572 0.0221
v 0.0506 0.4525 0.0337
v 0.0489 0.4502 0.0314
v 0.0929 0.5130 0.0049
v 0.0588 0.6075 0.0466
v 0.0786 0.5747 0.0013
v 0.0842 0.5952 0.0012
v 0.0778 0.6628 0.0381
v 0.0629 0.5498 0.0247
v 0.0832 0.6706 0.0181
v 0.0870 0.6462 -0.0033
v 0.0697 0.6615 0.0445
v 0.0651 0.6673 0.0555
v 0.0321 0.5262 0.0372
v 0.0601 0.5235 0.0205
v 0.0720 0.5433 0.0089
v 0.0376 0.4983 0.0141
v 0.0357 0.4963 0.0172
v 0.0854 0.6563 -0.0002
v 0.0891 0.6735 -0.0097
v 0.0729 0.6490 -0.0471
v 0.0601 0.5235 0.0205
v 0.0376 0.4983 0.0141
v 0.0443 0.5046 0.0358
v 0.0373 0.4876 0.0193
v 0.0443 0.5046 0.0358
v 0.0657 0.5213 0.0218
v 0.0601 0.5235 0.0205
v 0.0701 0.5298 0.0155
v 0.0614 0.5165 0.0635
v 0.0907 0.5749 0.0321
v 0.0758 0.5566 0.0240
v 0.0842 0.5952 0.0012
v 0.0570 0.5065 0.0856
v 0.0786 0.5747 0.0013
v 0.0833 0.5079 0.0846
v 0.0708 0.5322 0.0410
v 0.0753 0.5445 0.0274
v 0.0943 0.5241 0.0525
v 0.0710 0.5152 0.0761
v 0.0833 0.5079 0.0846
v 0.1054 0.5379 0.0177
v 0.0879 0.5397 0.0103
v 0.1058 0.5219 0.0022
v 0.1054 0.5379 0.0177
v 0.0753 0.5445 0.0274
v 0.1120 0.6164 0.1068
v 0.1079 0.6480 0.1121
v 0.0964 0.6484 0.1106
v 0.0944 0.6138 0.0421
v 0.1072 0.5771 0.0940
v 0.0978 0.6253 0.0420
v 0.1001 0.5732 0.0815
v 0.0917 0.6496 0.0034
v 0.1001 0.6618 -0.0051
v 0.1117 0.5780 0.1122
v 0.1120 0.6164 0.1068
v 0.1079 0.6480 0.1121
v 0.1101 0.6934 0.0722
v 0.0921 0.6816 0.0990
v 0.1125 0.6827 0.0695
v 0.1217 0.7090 0.0464
v 0.0944 0.6373 0.0726
v 0.1219 0.7201 0.0530
v 0.1183 0.6913 0.0563
v 0.0364 0.6794 0.1470
v 0.0693 0.7166 0.1346
v 0.0487 0.6486 0.1204
v 0.0595 0.6385 0.0969
v 0.0513 0.6020 0.1086
v 0.0374 0.6119 0.1328
v 0.0378 0.5816 0.1139
v 0.0237 0.5930 0.1367
v 0.1191 0.7271 0.0370
v 0.1214 0.7068 0.0402
v 0.1253 0.7187 0.0293
v 0.1263 0.7079 0.0244
v 0.1228 0.7523 0.0462
v 0.1258 0.7100 0.0270
v 0.1263 0.7079 0.0244
v 0.1385 0.7179 0.0251
v 0.1418 0.6767 0.0030
v 0.1529 0.6872 -0.0092
v 0.1672 0.7038 -0.0105
v 0.1606 0.6756 -0.0518
v 0.1257 0.6772 0.0294
v 0.0944 0.6373 0.0726
v 0.1183 0.6913 0.0563
v 0.1214 0.7068 0.0402
v 0.1530 0.7144 0.0423
v 0.1661 0.7821 0.0244
v 0.1405 0.7970 0.0733
v 0.1697 0.7555 0.0128
v 0.1672 0.7038 -0.0105
v 0.1579 0.8282 0.0270
v 0.1046 0.8516 0.0907
v 0.1684 0.7791 0.0139
v 0.1738 0.7623 -0.0612
v 0.0973 0.8110 0.1142
v 0.1258 0.8855 0.0405
v 0.1725 0.7773 -0.0029
v 0.0778 0.8323 0.1291
v 0.1419 0.7088 0.0556
v 0.1606 0.6756 -0.0518
v 0.1437 0.8742 0.0208
v 0.1545 0.8696 -0.0106
v 0.1032 0.8691 0.0888
v 0.0698 0.8581 0.1201
v 0.0637 0.8257 0.1413
v 0.0791 0.8441 0.1402
v 0.1258 0.6740 0.0679
v 0.1271 0.6912 0.0659
v 0.1249 0.6704 0.0791
v 0.1417 0.6076 0.0302
v 0.1367 0.6143 0.0535
v 0.1484 0.6009 0.0543
v 0.1793 0.7990 -0.0615
v 0.1814 0.7671 -0.0659
v 0.1697 0.8289 -0.0489
v 0.1656 0.7769 0.0054
v 0.0756 0.8259 0.1655
v 0.0778 0.8323 0.1291
v 0.0791 0.8441 0.1402
v 0.0800 0.8591 0.1483
v 0.0978 0.6253 0.0420
v 0.1132 0.5836 0.0754
v 0.1056 0.6157 0.0423
v 0.1072 0.5771 0.0940
v 0.1072 0.6635 -0.0095
v 0.1001 0.6618 -0.0051
v 0.1072 0.5771 0.0940
v 0.1241 0.5854 0.1004
v 0.1132 0.5836 0.0754
v 0.0443 0.5046 0.0358
v 0.0629 0.5498 0.0247
v 0.0648 0.5249 0.0237
v 0.0657 0.5213 0.0218
v 0.0292 0.5208 0.0561
v 0.0701 0.5298 0.0155
v 0.0720 0.5433 0.0089
v 0.0652 0.5235 0.0210
v 0.0648 0.5249 0.0237
v 0.0701 0.5298 0.0155
v 0.0708 0.5277 0.0191
v 0.0376 0.4983 0.0141
v 0.0515 0.4871 0.0166
v 0.0373 0.4876 0.0193
v 0.0692 0.5271 0.0187
v 0.0601 0.5235 0.0205
v 0.0701 0.5298 0.0155
v 0.0652 0.5235 0.0210
v 0.0708 0.5277 0.0191
v 0.0652 0.5235 0.0210
v 0.0648 0.5249 0.0237
v 0.0601 0.5235 0.0205
v 0.0648 0.5249 0.0237
v 0.0720 0.5433 0.0089
v 0.0601 0.5235 0.0205
v 0.0648 0.5249 0.0237
v 0.0692 0.5271 0.0187
v 0.0720 0.5433 0.0089
v 0.0701 0.5298 0.0155
v 0.0652 0.5235 0.0210
v 0.0708 0.5277 0.0191
v 0.0701 0.5298 0.0155
v 0.0648 0.5249 0.0237
v 0.0708 0.5277 0.0191
v 0.0692 0.5271 0.0187
v 0.0880 0.5223 0.0090
v 0.0879 0.5397 0.0103
v 0.0929 0.5130 0.0049
v 0.1085 0.4981 0.0354
v 0.1004 0.4629 0.1133
v 0.1425 0.4872 0.0701
v 0.1457 0.4695 0.1112
v 0.1361 0.5027 0.0219
v 0.1431 0.4994 0.0160
v 0.1470 0.4815 0.0758
v 0.1431 0.4994 0.0160
v 0.1366 0.5108 0.0175
v 0.1361 0.5027 0.0219
v 0.1321 0.5880 0.0735
v 0.1425 0.4872 0.0701
v 0.1389 0.5454 0.0806
v 0.1470 0.4815 0.0758
v 0.1267 0.5882 0.0819
v 0.1484 0.6009 0.0543
v 0.2129 0.4916 -0.0138
v 0.1517 0.5168 0.0260
v 0.1361 0.5027 0.0219
v 0.2471 0.4885 -0.0227
v 0.1358 0.5107 0.0214
v 0.1517 0.5168 0.0260
v 0.1445 0.5429 0.0112
v 0.1361 0.5027 0.0219
v 0.1168 0.5313 0.0071
v 0.1085 0.4981 0.0354
v 0.1431 0.4994 0.0160
v 0.1358 0.5107 0.0214
v 0.1366 0.5108 0.0175
v 0.1445 0.5429 0.0112
v 0.1411 0.5022 -0.0129
v 0.1396 0.5033 -0.0065
v 0.1317 0.4878 0.0015
v 0.1433 0.5088 -0.0154
v 0.1372 0.5103 0.0074
v 0.1389 0.4989 0.0055
v 0.1440 0.5191 -0.0171
v 0.1414 0.4941 0.0036
v 0.1431 0.4994 0.0160
v 0.1168 0.5313 0.0071
v 0.1358 0.5107 0.0214
v 0.1440 0.5191 -0.0171
v 0.1433 0.5088 -0.0154
v 0.1391 0.5154 -0.0218
v 0.1389 0.4989 0.0055
v 0.1448 0.5029 -0.0103
v 0.1414 0.4941 0.0036
v 0.1433 0.5088 -0.0154
v 0.1421 0.5140 -0.0225
v 0.1433 0.5088 -0.0154
v 0.1545 0.5151 -0.0209
v 0.1431 0.4994 0.0160
v 0.1552 0.5193 -0.0389
v 0.1708 0.5222 -0.0451
v 0.1389 0.4989 0.0055
v 0.1391 0.5154 -0.0218
v 0.1536 0.4703 -0.0238
v 0.1581 0.4684 -0.0143
v 0.1499 0.4643 -0.0182
v 0.1492 0.4450 -0.0086
v 0.1571 0.4718 -0.0324
v 0.1710 0.4514 -0.0286
v 0.1708 0.4518 -0.0291
v 0.1709 0.4516 -0.0285
v 0.1711 0.4512 -0.0279
v 0.1366 0.5108 0.0175
v 0.1545 0.5151 -0.0209
v 0.2129 0.4916 -0.0138
v 0.2004 0.5055 -0.0446
v 0.1732 0.5124 -0.0398
v 0.2255 0.4862 -0.0348
v 0.2471 0.4885 -0.0227
v 0.1361 0.5027 0.0219
v 0.1372 0.5103 0.0074
v 0.1440 0.5191 -0.0171
v 0.1708 0.5222 -0.0451
v 0.1168 0.5313 0.0071
v 0.1788 0.5148 -0.0173
v 0.1552 0.5193 -0.0389
v 0.1655 0.5094 -0.0450
v 0.1876 0.5061 -0.0147
v 0.1440 0.5191 -0.0171
v 0.1852 0.5041 -0.0470
v 0.2128 0.4964 -0.0187
v 0.1906 0.5070 -0.0524
v 0.2216 0.5122 -0.0404
v 0.1241 0.5854 0.1004
v 0.1120 0.6164 0.1068
v 0.1162 0.6274 0.0993
v 0.0964 0.6484 0.1106
v 0.1072 0.5771 0.0940
v 0.1079 0.6480 0.1121
v 0.1241 0.5854 0.1004
v 0.1162 0.6274 0.0993
v 0.1081 0.6589 0.1039
v 0.1228 0.6030 0.0768
v 0.1117 0.5780 0.1122
v 0.1081 0.6589 0.1039
v 0.1228 0.6030 0.0768
v 0.0964 0.6484 0.1106
v 0.1006 0.6695 0.1039
v 0.1267 0.5882 0.0819
v 0.1248 0.6048 0.0624
v 0.1320 0.5971 0.0453
v 0.1164 0.6510 0.0677
v 0.1125 0.6827 0.0695
v 0.1142 0.6626 0.0614
v 0.1417 0.6076 0.0302
v 0.1320 0.5971 0.0453
v 0.1248 0.6048 0.0624
v 0.1367 0.6143 0.0535
v 0.1248 0.6048 0.0624
v 0.1321 0.5880 0.0735
v 0.1367 0.6143 0.0535
v 0.1484 0.6009 0.0543
v 0.1228 0.6030 0.0768
v 0.1484 0.6009 0.0543
v 0.1267 0.5882 0.0819
v 0.1320 0.5971 0.0453
v 0.1417 0.6076 0.0302
v 0.1346 0.5973 -0.0280
v 0.1110 0.5815 -0.0438
v 0.1237 0.5595 -0.0110
v 0.1445 0.5429 0.0112
v 0.1366 0.5108 0.0175
v 0.1204 0.5475 -0.0109
v 0.0993 0.6017 -0.0538
v 0.0976 0.6267 -0.0761
v 0.1279 0.6401 -0.0743
v 0.0841 0.6207 -0.0697
v 0.1061 0.5774 0.0000
v 0.0993 0.6017 -0.0538
v 0.1017 0.6312 -0.0301
v 0.1077 0.5940 0.0102
v 0.0841 0.6207 -0.0697
v 0.0799 0.6565 -0.0602
v 0.0668 0.6609 -0.0796
v 0.1110 0.5815 -0.0438
v 0.1141 0.5631 -0.0357
v 0.1149 0.5651 -0.0450
v 0.1204 0.5475 -0.0109
v 0.0702 0.6568 -0.0612
v 0.0799 0.6565 -0.0602
v 0.0668 0.6609 -0.0796
v 0.1288 0.6269 -0.0951
v 0.1190 0.6496 -0.1344
v 0.1119 0.6277 -0.1164
v 0.1439 0.6324 -0.1017
v 0.0542 0.6593 -0.1454
v 0.1796 0.5685 -0.0451
v 0.1478 0.5966 -0.0679
v 0.1346 0.5973 -0.0280
v 0.1900 0.5852 -0.0800
v 0.2155 0.5537 -0.0504
v 0.1445 0.5429 0.0112
v 0.2471 0.4885 -0.0227
v 0.1517 0.5168 0.0260
v 0.1440 0.5191 -0.0171
v 0.1391 0.5154 -0.0218
v 0.1421 0.5140 -0.0225
v 0.1552 0.5193 -0.0389
v 0.1170 0.5583 -0.0340
v 0.1141 0.5631 -0.0357
v 0.1103 0.5494 -0.0187
v 0.1198 0.5638 -0.0373
v 0.1204 0.5475 -0.0109
v 0.1149 0.5651 -0.0450
v 0.1141 0.5631 -0.0357
v 0.1204 0.5475 -0.0109
v 0.1103 0.5494 -0.0187
v 0.1162 0.5703 -0.0385
v 0.1141 0.5638 -0.0376
v 0.1170 0.5583 -0.0340
v 0.1237 0.5595 -0.0110
v 0.1204 0.5475 -0.0109
v 0.1149 0.5651 -0.0450
v 0.1110 0.5815 -0.0438
v 0.1170 0.5583 -0.0340
v 0.1149 0.5651 -0.0450
v 0.1198 0.5638 -0.0373
v 0.1805 0.5607 -0.0533
v 0.1751 0.5235 -0.0592
v 0.1616 0.5472 -0.0543
v 0.1999 0.5521 -0.0545
v 0.1906 0.5070 -0.0524
v 0.2216 0.5122 -0.0404
v 0.1499 0.5647 -0.0630
v 0.1655 0.5347 -0.0588
v 0.1520 0.5775 -0.0542
v 0.1599 0.5293 -0.0552
v 0.1417 0.5927 -0.0799
v 0.1805 0.5607 -0.0533
v 0.1520 0.5775 -0.0542
v 0.1873 0.5735 -0.0829
v 0.1999 0.5521 -0.0545
v 0.1417 0.5927 -0.0799
v 0.1479 0.6002 -0.0891
v 0.1468 0.6204 -0.1065
v 0.2216 0.5122 -0.0404
v 0.1468 0.6204 -0.1065
v 0.1900 0.5852 -0.0800
v 0.1873 0.5735 -0.0829
v 0.2155 0.5537 -0.0504
v 0.2265 0.5249 -0.0464
v 0.1439 0.6324 -0.1017
v 0.1190 0.6496 -0.1344
v 0.2471 0.4885 -0.0227
v 0.1345 0.6015 -0.1153
v 0.1113 0.6089 -0.1324
v 0.1013 0.6313 -0.1595
v 0.1479 0.6002 -0.0891
v 0.1566 0.5690 -0.0754
v 0.2216 0.5122 -0.0404
v 0.2210 0.5024 -0.0422
v 0.2265 0.5249 -0.0464
v 0.2255 0.4862 -0.0348
v 0.2471 0.4885 -0.0227
v 0.0798 0.6011 -0.1963
v 0.0809 0.6065 -0.1671
v 0.0940 0.6050 -0.1712
v 0.0135 0.6032 -0.1969
v 0.1034 0.5989 -0.1691
v 0.1047 0.6053 -0.1582
v 0.0731 0.6045 -0.1640
v 0.0676 0.6149 -0.1745
v 0.0731 0.6045 -0.1640
v 0.0809 0.6065 -0.1671
v 0.0731 0.6045 -0.1640
v 0.0940 0.6050 -0.1712
v 0.1047 0.6053 -0.1582
v 0.0676 0.6149 -0.1745
v 0.0798 0.6011 -0.1963
v 0.1034 0.5989 -0.1691
v 0.1113 0.6089 -0.1324
v 0.1345 0.6015 -0.1153
v 0.1321 0.5993 -0.1067
v 0.2129 0.5780 -0.1867
v 0.1238 0.5995 -0.1939
v 0.1570 0.6002 -0.1474
v 0.2055 0.5869 -0.1653
v 0.2577 0.5634 -0.1732
v 0.2694 0.5519 -0.2047
v 0.2848 0.5518 -0.1752
v 0.0798 0.6011 -0.1963
v 0.1122 0.6075 -0.1589
v 0.0676 0.6149 -0.1745
v 0.1113 0.6089 -0.1324
v 0.1319 0.6014 -0.1208
v 0.1345 0.6015 -0.1153
v 0.1321 0.5993 -0.1067
v 0.1013 0.6313 -0.1595
v 0.0681 0.5925 -0.1912
v 0.0673 0.5939 -0.1997
v 0.0655 0.5851 -0.1946
v 0.0752 0.5958 -0.1927
v 0.0798 0.6011 -0.1963
v 0.0673 0.5939 -0.1997
v 0.0780 0.5871 -0.2088
v 0.0655 0.5851 -0.1946
v 0.0673 0.5939 -0.1997
v 0.0798 0.6011 -0.1963
v 0.0655 0.5851 -0.1946
v 0.0798 0.6011 -0.1963
v 0.0681 0.5925 -0.1912
v 0.0809 0.6065 -0.1671
v 0.0135 0.6032 -0.1969
v 0.0676 0.6149 -0.1745
v 0.0863 0.5901 -0.2029
v 0.0752 0.5958 -0.1927
v 0.0798 0.6011 -0.1963
v 0.1053 0.5800 -0.2215
v 0.0681 0.5925 -0.1912
v 0.0798 0.6011 -0.1963
v 0.0752 0.5958 -0.1927
v 0.1655 0.5094 -0.0450
v 0.1708 0.5222 -0.0451
v 0.1906 0.5070 -0.0524
v 0.1552 0.5193 -0.0389
v 0.1958 0.5119 -0.0516
v 0.1647 0.5325 -0.0544
v 0.1751 0.5235 -0.0592
v 0.1696 0.5402 -0.0540
v 0.1599 0.5293 -0.0552
v 0.1616 0.5472 -0.0543
v 0.2265 0.5249 -0.0464
v 0.2210 0.5024 -0.0422
v 0.2216 0.5122 -0.0404
v 0.2128 0.4964 -0.0187
v 0.2096 0.5044 -0.0521
v 0.2161 0.5130 -0.0569
v 0.2210 0.5024 -0.0422
v 0.1875 0.5230 -0.0643
v 0.1906 0.5070 -0.0524
v 0.1909 0.5254 -0.0634
v 0.1958 0.5119 -0.0516
v 0.1751 0.5235 -0.0592
v 0.1909 0.5254 -0.0634
v 0.1751 0.5235 -0.0592
v 0.1875 0.5230 -0.0643
v 0.1703 0.5404 -0.0699
v 0.1696 0.5402 -0.0540
v 0.1655 0.5347 -0.0588
v 0.1634 0.5319 -0.0597
v 0.1599 0.5293 -0.0552
v 0.1644 0.5383 -0.0656
v 0.1655 0.5347 -0.0588
v 0.1703 0.5404 -0.0699
v 0.1634 0.5319 -0.0597
v 0.1696 0.5402 -0.0540
v 0.1751 0.5235 -0.0592
v 0.1647 0.5325 -0.0544
v 0.1616 0.5472 -0.0543
v 0.1655 0.5347 -0.0588
v 0.1647 0.5325 -0.0544
v 0.1634 0.5319 -0.0597
v 0.1599 0.5293 -0.0552
v 0.1655 0.5347 -0.0588
v 0.2637 0.4540 -0.2509
v 0.2626 0.4527 -0.2521
v 0.2637 0.4540 -0.2509
v 0.2638 0.4540 -0.2508
v 0.2637 0.4540 -0.2509
v 0.2626 0.4527 -0.2521
v 0.2637 0.4540 -0.2509
v 0.2637 0.4540 -0.2509
v 0.2638 0.4540 -0.2508
v 0.0921 0.6440 0.1269
v 0.0659 0.6346 0.1415
v 0.0964 0.6484 0.1106
v 0.1079 0.6480 0.1121
v 0.0555 0.6349 0.1436
v 0.0245 0.6375 0.1754
v 0.1166 0.6531 0.1178
v 0.0246 0.6257 0.1703
v 0.0555 0.6349 0.1436
v 0.0246 0.6257 0.1703
v 0.0461 0.6385 0.1527
v 0.0245 0.6375 0.1754
v 0.0921 0.6440 0.1269
v 0.0921 0.6440 0.1269
v 0.0461 0.6385 0.1527
v 0.0659 0.6346 0.1415
v 0.0245 0.6375 0.1754
v 0.0382 0.7158 0.1515
v 0.0227 0.7231 0.1305
v 0.0364 0.6794 0.1470
v 0.0386 0.7488 0.1527
v 0.0271 0.6697 0.1241
v 0.0275 0.7507 0.1283
v 0.0433 0.7854 0.1120
v 0.0516 0.7872 0.1351
v 0.0487 0.6486 0.1204
v 0.0370 0.6560 0.1116
v 0.0487 0.6486 0.1204
v 0.0237 0.5930 0.1367
v 0.0374 0.6119 0.1328
v 0.0370 0.6560 0.1116
v 0.0237 0.5930 0.1367
v 0.0377 0.6474 0.0939
v 0.0415 0.6467 0.0887
v 0.0378 0.5816 0.1139
v 0.0370 0.6560 0.1116
v 0.0474 0.6495 0.0875
v 0.0458 0.6517 0.0683
v 0.0377 0.6474 0.0939
v 0.0370 0.6560 0.1116
v 0.0595 0.6385 0.0969
v 0.0474 0.6495 0.0875
v 0.0641 0.6352 0.0746
v 0.0944 0.6373 0.0726
v 0.1082 0.6525 0.0221
v 0.0415 0.6467 0.0887
v 0.0513 0.6020 0.1086
v 0.0378 0.5816 0.1139
v 0.0627 0.6632 0.0646
v 0.0683 0.6664 0.0554
v 0.0690 0.6522 0.0610
v 0.0756 0.6525 0.0518
v 0.0641 0.6352 0.0746
v 0.1082 0.6525 0.0221
v 0.0557 0.6619 0.0707
v 0.0474 0.6495 0.0875
v 0.0323 0.6682 0.1096
v 0.0370 0.6560 0.1116
v 0.0271 0.6697 0.1241
v 0.0275 0.6981 0.1177
v 0.0227 0.7231 0.1305
v 0.0944 0.6722 0.0077
v 0.1023 0.6722 -0.0102
v 0.1015 0.6672 -0.0064
v 0.1001 0.6618 -0.0051
v 0.1153 0.6589 -0.0003
v 0.1082 0.6525 0.0221
v 0.0853 0.6711 0.0272
v 0.0848 0.6654 0.0330
v 0.0690 0.6522 0.0610
v 0.0778 0.6628 0.0381
v 0.1072 0.6635 -0.0095
v 0.0651 0.6673 0.0555
v 0.0683 0.6664 0.0554
v 0.0627 0.6632 0.0646
v 0.0574 0.6673 0.0571
v 0.0557 0.6619 0.0707
v 0.0697 0.6615 0.0445
v 0.0756 0.6525 0.0518
v 0.1344 0.7008 0.1149
v 0.1084 0.6672 0.1168
v 0.1166 0.6531 0.1178
v 0.0921 0.6440 0.1269
v 0.0555 0.6349 0.1436
v 0.1456 0.7072 0.1089
v 0.1271 0.7197 0.1385
v 0.1362 0.7427 0.1280
v 0.1254 0.7047 0.1056
v 0.1084 0.6672 0.1168
v 0.1344 0.7008 0.1149
v 0.1084 0.6672 0.1168
v 0.0964 0.6484 0.1106
v 0.0555 0.6349 0.1436
v 0.1006 0.6695 0.1039
v 0.0964 0.6484 0.1106
v 0.1084 0.6672 0.1168
v 0.1236 0.6760 0.1018
v 0.1456 0.7072 0.1089
v 0.1166 0.6531 0.1178
v 0.1081 0.6589 0.1039
v 0.1079 0.6480 0.1121
v 0.1254 0.7047 0.1056
v 0.1443 0.7278 0.1001
v 0.1290 0.6619 0.0873
v 0.1455 0.6950 0.0802
v 0.1081 0.6589 0.1039
v 0.1514 0.6893 0.0688
v 0.1236 0.6760 0.1018
v 0.1367 0.6143 0.0535
v 0.1249 0.6704 0.0791
v 0.1164 0.6510 0.0677
v 0.1320 0.5971 0.0453
v 0.1249 0.6704 0.0791
v 0.1081 0.6589 0.1039
v 0.1164 0.6510 0.0677
v 0.1249 0.6704 0.0791
v 0.1340 0.6831 0.0729
v 0.1290 0.6619 0.0873
v 0.1514 0.6893 0.0688
v 0.1081 0.6589 0.1039
v 0.1236 0.6760 0.1018
v 0.1340 0.6831 0.0729
v 0.1249 0.6704 0.0791
v 0.1455 0.6950 0.0802
v 0.1084 0.6672 0.1168
v 0.1514 0.6893 0.0688
v 0.1254 0.7047 0.1056
v 0.1271 0.6912 0.0659
v 0.1125 0.6827 0.0695
v 0.1249 0.6704 0.0791
v 0.1006 0.6695 0.1039
v 0.1084 0.6672 0.1168
v 0.1359 0.6997 0.0521
v 0.1217 0.7090 0.0464
v 0.1530 0.7144 0.0423
v 0.1258 0.6740 0.0679
v 0.1214 0.7068 0.0402
v 0.1446 0.7179 0.0382
v 0.1321 0.7294 0.0289
v 0.1183 0.6913 0.0563
v 0.1125 0.6827 0.0695
v 0.1417 0.6076 0.0302
v 0.1142 0.6626 0.0614
v 0.1258 0.6740 0.0679
v 0.1125 0.6827 0.0695
v 0.0693 0.7166 0.1346
v 0.0921 0.6816 0.0990
v 0.0870 0.6975 0.1339
v 0.1308 0.7182 0.0830
v 0.1254 0.7047 0.1056
v 0.1102 0.6875 0.1004
v 0.1443 0.7278 0.1001
v 0.1419 0.7088 0.0556
v 0.1271 0.6912 0.0659
v 0.0870 0.6975 0.1339
v 0.0921 0.6816 0.0990
v 0.1344 0.7008 0.1149
v 0.1271 0.7197 0.1385
v 0.1254 0.7047 0.1056
v 0.0967 0.7282 0.1296
v 0.1101 0.6934 0.0722
v 0.1102 0.6875 0.1004
v 0.0921 0.6816 0.0990
v 0.1255 0.7024 0.0686
v 0.1219 0.7201 0.0530
v 0.1370 0.7093 0.0607
v 0.1353 0.7641 0.0552
v 0.1228 0.7523 0.0462
v 0.1271 0.7617 0.0446
v 0.1379 0.7604 0.0641
v 0.1370 0.7093 0.0607
v 0.1271 0.6912 0.0659
v 0.1255 0.7024 0.0686
v 0.1102 0.6875 0.1004
v 0.1359 0.6997 0.0521
v 0.1419 0.7088 0.0556
v 0.1308 0.7182 0.0830
v 0.1153 0.6589 -0.0003
v 0.1083 0.6607 0.0264
v 0.1082 0.6525 0.0221
v 0.0944 0.6373 0.0726
v 0.1165 0.6620 0.0070
v 0.1202 0.6825 0.0109
v 0.0848 0.6654 0.0330
v 0.0690 0.6522 0.0610
v 0.0756 0.6525 0.0518
v 0.1070 0.6858 -0.0040
v 0.1099 0.6843 0.0155
v 0.0925 0.6803 0.0154
v 0.0914 0.6790 0.0024
v 0.0919 0.6779 -0.0032
v 0.1083 0.6607 0.0264
v 0.1202 0.6825 0.0109
v 0.1257 0.6772 0.0294
v 0.0944 0.6373 0.0726
v 0.1418 0.6767 0.0030
v 0.1359 0.6997 0.0521
v 0.1419 0.7088 0.0556
v 0.1430 0.7465 0.0440
v 0.1217 0.7090 0.0464
v 0.1430 0.7465 0.0440
v 0.1294 0.7469 0.0357
v 0.1214 0.7068 0.0402
v 0.1385 0.7571 0.0444
v 0.1430 0.7465 0.0440
v 0.1214 0.7068 0.0402
v 0.1217 0.7090 0.0464
v 0.0756 0.6525 0.0518
v 0.0757 0.6641 0.0376
v 0.0848 0.6654 0.0330
v 0.0697 0.6615 0.0445
v 0.0818 0.6760 0.0364
v 0.0818 0.6760 0.0364
v 0.0757 0.6641 0.0376
v 0.0778 0.6628 0.0381
v 0.0848 0.6654 0.0330
v 0.0697 0.6615 0.0445
v 0.0832 0.6706 0.0181
v 0.0944 0.6722 0.0077
v 0.0853 0.6711 0.0272
v 0.0891 0.6735 -0.0097
v 0.1023 0.6722 -0.0102
v 0.0778 0.6628 0.0381
v 0.0925 0.6803 0.0154
v 0.1165 0.6620 0.0070
v 0.0914 0.6790 0.0024
v 0.0919 0.6779 -0.0032
v 0.1083 0.6607 0.0264
v 0.1294 0.7469 0.0357
v 0.1228 0.7523 0.0462
v 0.1191 0.7271 0.0370
v 0.1253 0.7187 0.0293
v 0.1321 0.7294 0.0289
v 0.1385 0.7179 0.0251
v 0.1385 0.7571 0.0444
v 0.1271 0.7617 0.0446
v 0.1288 0.7204 0.0192
v 0.1227 0.7192 0.0254
v 0.1263 0.7079 0.0244
v 0.1270 0.7273 0.0248
v 0.1228 0.7110 0.0249
v 0.1418 0.6767 0.0030
v 0.1202 0.6825 0.0109
v 0.1326 0.6659 0.0105
v 0.1153 0.6589 -0.0003
v 0.1228 0.7110 0.0249
v 0.1253 0.7187 0.0293
v 0.1263 0.7079 0.0244
v 0.1446 0.7179 0.0382
v 0.1385 0.7179 0.0251
v 0.1530 0.7144 0.0423
v 0.1672 0.7038 -0.0105
v 0.1321 0.7294 0.0289
v 0.1253 0.7187 0.0293
v 0.1228 0.7110 0.0249
v 0.1258 0.7100 0.0270
v 0.1288 0.7204 0.0192
v 0.1263 0.7079 0.0244
v 0.1258 0.7100 0.0270
v 0.1288 0.7204 0.0192
v 0.1228 0.7110 0.0249
v 0.1228 0.7171 0.0267
v 0.1288 0.7204 0.0192
v 0.1258 0.7100 0.0270
v 0.1228 0.7110 0.0249
v 0.1253 0.7187 0.0293
v 0.1228 0.7171 0.0267
v 0.1227 0.7192 0.0254
v 0.1270 0.7273 0.0248
v 0.1258 0.7100 0.0270
v 0.1228 0.7110 0.0249
v 0.1228 0.7171 0.0267
v 0.1385 0.7179 0.0251
v 0.1288 0.7204 0.0192
v 0.1258 0.7100 0.0270
v 0.1385 0.7179 0.0251
v 0.1228 0.7171 0.0267
v 0.1288 0.7204 0.0192
v 0.1385 0.7179 0.0251
v 0.1253 0.7187 0.0293
v 0.1288 0.7204 0.0192
v 0.1253 0.7187 0.0293
v 0.1270 0.7273 0.0248
v 0.1187 0.7598 0.1058
v 0.1271 0.7197 0.1385
v 0.1362 0.7427 0.1280
v 0.0967 0.7282 0.1296
v 0.1456 0.7418 0.1131
v 0.1264 0.7379 0.0279
v 0.1294 0.7469 0.0357
v 0.1321 0.7294 0.0289
v 0.1456 0.7072 0.1089
v 0.1456 0.7418 0.1131
v 0.1360 0.7355 0.1211
v 0.1362 0.7427 0.1280
v 0.1360 0.7355 0.1211
v 0.1362 0.7427 0.1280
v 0.1456 0.7072 0.1089
v 0.1187 0.7598 0.1058
v 0.1456 0.7418 0.1131
v 0.1443 0.7278 0.1001
v 0.1308 0.7182 0.0830
v 0.1456 0.7072 0.1089
v 0.1430 0.7465 0.0440
v 0.1429 0.7519 0.0526
v 0.1385 0.7571 0.0444
v 0.1419 0.7088 0.0556
v 0.1405 0.7970 0.0733
v 0.1379 0.7604 0.0641
v 0.1353 0.7641 0.0552
v 0.1429 0.7519 0.0526
v 0.1385 0.7571 0.0444
v 0.1271 0.7617 0.0446
v 0.1294 0.7469 0.0357
v 0.1304 0.7355 0.0296
v 0.1214 0.7068 0.0402
v 0.1321 0.7294 0.0289
v 0.1264 0.7379 0.0279
v 0.1321 0.7294 0.0289
v 0.1304 0.7355 0.0296
v 0.1294 0.7469 0.0357
v 0.0973 0.8110 0.1142
v 0.0874 0.8101 0.1115
v 0.1203 0.7970 0.0825
v 0.0326 0.8319 0.1421
v 0.0637 0.8257 0.1413
v 0.1405 0.7970 0.0733
v 0.0547 0.8701 0.1865
v 0.0459 0.8445 0.1836
v 0.0679 0.8525 0.1496
v 0.0393 0.8552 0.1978
v 0.0654 0.8337 0.1580
v 0.0393 0.8552 0.1978
v 0.0120 0.8540 0.1739
v 0.0459 0.8445 0.1836
v 0.0159 0.8283 0.1613
v 0.0360 0.8714 0.1379
v 0.0282 0.8507 0.1665
v 0.0366 0.8662 0.1625
v 0.0347 0.8639 0.1715
v 0.0326 0.8319 0.1421
v 0.0348 0.8686 0.1304
v 0.0369 0.8578 0.1257
v 0.0387 0.8502 0.1741
v 0.0282 0.8507 0.1665
v 0.0347 0.8639 0.1715
v 0.0637 0.8257 0.1413
v 0.0459 0.8445 0.1836
v 0.0696 0.8488 0.1380
v 0.0698 0.8581 0.1201
v 0.0366 0.8662 0.1625
v 0.0387 0.8502 0.1741
v 0.0347 0.8639 0.1715
v 0.0366 0.8662 0.1625
v 0.0637 0.8257 0.1413
v 0.0756 0.8259 0.1655
v 0.0459 0.8445 0.1836
v 0.0778 0.8323 0.1291
v 0.0654 0.8337 0.1580
v 0.0459 0.8445 0.1836
v 0.0756 0.8259 0.1655
v 0.0654 0.8337 0.1580
v 0.0756 0.8259 0.1655
v 0.0679 0.8525 0.1496
v 0.0800 0.8591 0.1483
v 0.0679 0.8525 0.1496
v 0.0696 0.8488 0.1380
v 0.0366 0.8662 0.1625
v 0.0547 0.8701 0.1865
v 0.0299 0.8752 0.1657
v 0.0800 0.8591 0.1483
v 0.0791 0.8441 0.1402
v 0.0698 0.8581 0.1201
v 0.0890 0.8512 0.0951
v 0.0698 0.8581 0.1201
v 0.1046 0.8516 0.0907
v 0.1046 0.8516 0.0907
v 0.1032 0.8691 0.0888
v 0.0965 0.8617 0.0846
v 0.0890 0.8512 0.0951
v 0.0965 0.8617 0.0846
v 0.1032 0.8691 0.0888
v 0.0890 0.8512 0.0951
v 0.1697 0.7555 0.0128
v 0.1668 0.7768 0.0055
v 0.1661 0.7821 0.0244
v 0.1611 0.7802 -0.0007
v 0.1668 0.7768 0.0055
v 0.1656 0.7769 0.0054
v 0.1661 0.7821 0.0244
v 0.0348 0.8686 0.1304
v 0.0272 0.8819 0.1215
v 0.0260 0.8594 0.1341
v 0.0338 0.8883 0.1275
v 0.0260 0.8594 0.1341
v 0.0360 0.8714 0.1379
v 0.0348 0.8686 0.1304
v 0.0846 0.8842 0.0764
v 0.0508 0.8860 0.1072
v 0.0852 0.8855 0.0807
v 0.0854 0.8880 0.0708
v 0.0852 0.8855 0.0807
v 0.0782 0.8985 0.0677
v 0.0846 0.8842 0.0764
v 0.0854 0.8880 0.0708
v 0.0782 0.8985 0.0677
v 0.0846 0.8842 0.0764
v 0.0941 0.8886 0.0771
v 0.0846 0.8842 0.0764
v 0.0782 0.8985 0.0677
v 0.0647 0.9297 -0.0834
v 0.0349 0.9330 -0.0870
v 0.0576 0.9198 -0.0814
v 0.1258 0.8855 0.0405
v 0.1171 0.9149 -0.0530
v 0.0891 0.9361 -0.0234
v 0.1545 0.8696 -0.0106
v 0.1437 0.8742 0.0208
v 0.0633 0.9335 0.0401
v 0.0941 0.8886 0.0771
v 0.1035 0.9234 -0.0632
v 0.1013 0.9239 -0.0785
v 0.1032 0.8691 0.0888
v 0.0647 0.9297 -0.0834
v 0.0540 0.9220 -0.1062
v 0.0349 0.9330 -0.0870
v 0.1017 0.6312 -0.0301
v 0.0729 0.6490 -0.0471
v 0.0842 0.5952 0.0012
v 0.0907 0.5749 0.0321
v 0.1077 0.5940 0.0102
v 0.0707 0.6564 -0.0614
v 0.0799 0.6565 -0.0602
v 0.0612 0.6512 -0.0585
v 0.0668 0.6609 -0.0796
v 0.0729 0.6490 -0.0471
v 0.0612 0.6512 -0.0585
v 0.0609 0.6531 -0.0575
v 0.0612 0.6512 -0.0585
v 0.0733 0.6586 -0.0642
v 0.0609 0.6531 -0.0575
v 0.0921 0.6871 -0.0102
v 0.0863 0.6822 -0.0445
v 0.0877 0.6891 -0.0484
v 0.0837 0.6802 -0.0466
v 0.0765 0.6837 -0.0662
v 0.0765 0.6837 -0.0662
v 0.0837 0.6802 -0.0466
v 0.0877 0.6891 -0.0484
v 0.0963 0.6799 -0.0449
v 0.1139 0.6537 -0.0969
v 0.0494 0.6685 -0.0998
v 0.1279 0.6401 -0.0743
v 0.0668 0.6609 -0.0796
v 0.0841 0.6207 -0.0697
v 0.0733 0.6586 -0.0642
v 0.0702 0.6568 -0.0612
v 0.0707 0.6564 -0.0614
v 0.0707 0.6564 -0.0614
v 0.0702 0.6568 -0.0612
v 0.0668 0.6609 -0.0796
v 0.0854 0.6563 -0.0002
v 0.1001 0.6618 -0.0051
v 0.0891 0.6735 -0.0097
v 0.0917 0.6496 0.0034
v 0.1015 0.6672 -0.0064
v 0.0854 0.6563 -0.0002
v 0.0870 0.6462 -0.0033
v 0.0917 0.6496 0.0034
v 0.0919 0.6779 -0.0032
v 0.1165 0.6620 0.0070
v 0.1070 0.6858 -0.0040
v 0.1202 0.6825 0.0109
v 0.1023 0.6722 -0.0102
v 0.1379 0.6864 -0.0017
v 0.1153 0.6589 -0.0003
v 0.1418 0.6767 0.0030
v 0.1015 0.6672 -0.0064
v 0.0921 0.6871 -0.0102
v 0.1326 0.6659 0.0105
v 0.0891 0.6735 -0.0097
v 0.1072 0.6635 -0.0095
v 0.1023 0.6722 -0.0102
v 0.1015 0.6672 -0.0064
v 0.1153 0.6589 -0.0003
v 0.1072 0.6635 -0.0095
v 0.0891 0.6735 -0.0097
v 0.1063 0.6681 -0.0623
v 0.1090 0.6878 -0.0733
v 0.1072 0.6635 -0.0095
v 0.1023 0.6722 -0.0102
v 0.0973 0.6841 -0.0477
v 0.0765 0.6837 -0.0662
v 0.0877 0.6891 -0.0484
v 0.1090 0.6878 -0.0733
v 0.1023 0.6722 -0.0102
v 0.0837 0.6802 -0.0466
v 0.0921 0.6871 -0.0102
v 0.1023 0.6722 -0.0102
v 0.1023 0.6722 -0.0102
v 0.0963 0.6799 -0.0449
v 0.0837 0.6802 -0.0466
v 0.1430 0.6735 -0.0432
v 0.1379 0.6864 -0.0017
v 0.1446 0.6842 -0.0355
v 0.1358 0.7014 -0.0706
v 0.1418 0.6767 0.0030
v 0.1371 0.6702 -0.0907
v 0.1430 0.6735 -0.0432
v 0.1106 0.6718 -0.0996
v 0.0915 0.6708 -0.1366
v 0.0391 0.6724 -0.1639
v 0.1606 0.6756 -0.0518
v 0.0590 0.6699 -0.1345
v 0.1529 0.6872 -0.0092
v 0.1418 0.6767 0.0030
v 0.1279 0.6401 -0.0743
v 0.0841 0.6207 -0.0697
v 0.0976 0.6267 -0.0761
v 0.1023 0.6722 -0.0102
v 0.0973 0.6841 -0.0477
v 0.0963 0.6799 -0.0449
v 0.0863 0.6822 -0.0445
v 0.0973 0.6841 -0.0477
v 0.0877 0.6891 -0.0484
v 0.0963 0.6799 -0.0449
v 0.1279 0.6401 -0.0743
v 0.1119 0.6277 -0.1164
v 0.1139 0.6537 -0.0969
v 0.0590 0.6699 -0.1345
v 0.0542 0.6593 -0.1454
v 0.1288 0.6269 -0.0951
v 0.1346 0.5973 -0.0280
v 0.1512 0.7845 -0.1434
v 0.1290 0.7580 -0.1294
v 0.1337 0.7628 -0.1491
v 0.1356 0.7755 -0.1231
v 0.1416 0.6963 -0.0987
v 0.0869 0.6997 -0.1524
v 0.0915 0.6708 -0.1366
v 0.1371 0.6702 -0.0907
v 0.0903 0.7627 -0.1587
v 0.1738 0.7623 -0.0612
v 0.1606 0.6756 -0.0518
v 0.0391 0.6724 -0.1639
v 0.1814 0.7671 -0.0659
v 0.1573 0.7999 -0.1071
v 0.1314 0.7986 -0.1358
v 0.0507 0.6685 -0.1301
v 0.0360 0.6633 -0.1474
v 0.0542 0.6593 -0.1454
v 0.0360 0.6633 -0.1474
v 0.0144 0.6722 -0.1390
v 0.0158 0.6663 -0.1528
v 0.0394 0.6628 -0.1384
v 0.0360 0.6633 -0.1474
v 0.0507 0.6685 -0.1301
v 0.0394 0.6628 -0.1384
v 0.0590 0.6699 -0.1345
v 0.0525 0.6564 -0.1423
v 0.0561 0.6733 -0.1376
v 0.0525 0.6564 -0.1423
v 0.0394 0.6628 -0.1384
v 0.0507 0.6685 -0.1301
v 0.0561 0.6733 -0.1376
v 0.0525 0.6564 -0.1423
v 0.0507 0.6685 -0.1301
v 0.0507 0.6685 -0.1301
v 0.0590 0.6699 -0.1345
v 0.0641 0.6742 -0.1343
v 0.1202 0.6825 0.0109
v 0.0921 0.6871 -0.0102
v 0.1070 0.6858 -0.0040
v 0.1070 0.6858 -0.0040
v 0.1007 0.6903 -0.0047
v 0.1099 0.6843 0.0155
v 0.0921 0.6871 -0.0102
v 0.1202 0.6825 0.0109
v 0.1379 0.6864 -0.0017
v 0.0921 0.6871 -0.0102
v 0.1656 0.7769 0.0054
v 0.1725 0.7773 -0.0029
v 0.1661 0.7821 0.0244
v 0.1656 0.7769 0.0054
v 0.1684 0.7791 0.0139
v 0.1611 0.7802 -0.0007
v 0.1697 0.7555 0.0128
v 0.1661 0.7821 0.0244
v 0.1668 0.7768 0.0055
v 0.1725 0.7773 -0.0029
v 0.1684 0.7791 0.0139
v 0.1656 0.7769 0.0054
v 0.1611 0.7802 -0.0007
v 0.1611 0.7802 -0.0007
v 0.1661 0.7821 0.0244
v 0.1725 0.7773 -0.0029
v 0.1314 0.7986 -0.1358
v 0.1356 0.7755 -0.1231
v 0.1512 0.7845 -0.1434
v 0.1512 0.7845 -0.1434
v 0.1258 0.7907 -0.1631
v 0.1280 0.7991 -0.1478
v 0.1314 0.7986 -0.1358
v 0.1064 0.7724 -0.1523
v 0.1258 0.7907 -0.1631
v 0.0903 0.7627 -0.1587
v 0.1122 0.7911 -0.1443
v 0.1210 0.7942 -0.1459
v 0.1156 0.7817 -0.1407
v 0.1162 0.7742 -0.1437
v 0.1122 0.7911 -0.1443
v 0.1156 0.7817 -0.1407
v 0.1258 0.7907 -0.1631
v 0.1337 0.7628 -0.1491
v 0.0903 0.7627 -0.1587
v 0.1512 0.7845 -0.1434
v 0.1290 0.7580 -0.1294
v 0.1168 0.7815 -0.1436
v 0.1162 0.7742 -0.1437
v 0.1156 0.7817 -0.1407
v 0.1170 0.7954 -0.1441
v 0.1210 0.7942 -0.1459
v 0.1122 0.7911 -0.1443
v 0.1168 0.7815 -0.1436
v 0.1238 0.7969 -0.1471
v 0.1162 0.7742 -0.1437
v 0.1094 0.7978 -0.1558
v 0.1314 0.7986 -0.1358
v 0.1280 0.7991 -0.1478
v 0.0646 0.9256 -0.0970
v 0.0980 0.9168 -0.0775
v 0.1035 0.9234 -0.0632
v 0.1150 0.9108 -0.0643
v 0.0647 0.9297 -0.0834
v 0.0577 0.9144 -0.1008
v 0.1069 0.9141 -0.0779
v 0.1069 0.9141 -0.0779
v 0.1013 0.9239 -0.0785
v 0.0980 0.9168 -0.0775
v 0.0803 0.8653 -0.1448
v 0.1421 0.8591 -0.0971
v 0.1258 0.8095 -0.1362
v 0.1573 0.7999 -0.1071
v 0.1314 0.7986 -0.1358
v 0.0683 0.8895 -0.1353
v 0.1069 0.9141 -0.0779
v 0.1170 0.7954 -0.1441
v 0.0363 0.8087 -0.1749
v 0.1168 0.7815 -0.1436
v 0.0540 0.9220 -0.1062
v 0.1013 0.9239 -0.0785
v 0.1150 0.9108 -0.0643
v 0.1013 0.9239 -0.0785
v 0.1171 0.9149 -0.0530
v 0.1545 0.8696 -0.0106
v 0.1421 0.8591 -0.0971
v 0.1697 0.8289 -0.0489
v 0.1069 0.9141 -0.0779
v 0.1573 0.7999 -0.1071
v 0.1793 0.7990 -0.0615
v 0.1814 0.7671 -0.0659
v 0.0980 0.9168 -0.0775
v 0.1258 0.8095 -0.1362
v 0.1280 0.7991 -0.1478
v 0.1225 0.8002 -0.1559
v 0.1092 0.8066 -0.1530
v 0.0363 0.8087 -0.1749
v 0.0980 0.7968 -0.1675
v 0.1258 0.7907 -0.1631
v 0.1150 0.9108 -0.0643
v 0.1069 0.9141 -0.0779
v 0.1035 0.9234 -0.0632
v 0.1170 0.7954 -0.1441
v 0.1156 0.7817 -0.1407
v 0.1210 0.7942 -0.1459
v 0.1048 0.7917 -0.1576
v 0.1225 0.8002 -0.1559
v 0.1094 0.7978 -0.1558
v 0.1258 0.7907 -0.1631
v 0.1011 0.7943 -0.1539
v 0.1011 0.7943 -0.1539
v 0.1094 0.7978 -0.1558
v 0.1170 0.7954 -0.1441
v 0.1238 0.7969 -0.1471
v 0.1280 0.7991 -0.1478
v 0.1258 0.8095 -0.1362
v 0.1238 0.7969 -0.1471
v 0.1170 0.7954 -0.1441
v 0.0646 0.9256 -0.0970
v 0.0576 0.9198 -0.0814
v 0.0545 0.9202 -0.0890
v 0.0647 0.9297 -0.0834
v 0.0577 0.9144 -0.1008
v 0.1048 0.7917 -0.1576
v 0.1210 0.7942 -0.1459
v 0.1258 0.7907 -0.1631
v 0.1011 0.7943 -0.1539
v 0.1170 0.7954 -0.1441
v 0.1280 0.7991 -0.1478
v 0.1225 0.8002 -0.1559
v 0.1280 0.7991 -0.1478
v 0.1210 0.7942 -0.1459
v 0.1094 0.7978 -0.1558
vt 0.78715 0.91958
vt 0.79304 0.92589
vt 0.79639 0.91958
vt 0.78748 0.92875
vt 0.49087 0.58244
vt 0.49329 0.58527
vt 0.48405 0.58404
vt 0.49385 0.57812
vt 0.49963 0.57913
vt 0.50515 0.58645
vt 0.49649 0.59997
vt 0.48635 0.59416
vt 0.48742 0.59996
vt 0.50446 0.59912
vt 0.48571 0.58522
vt 0.50167 0.56984
vt 0.50357 0.55952
vt 0.51230 0.55868
vt 0.49302 0.57155
vt 0.49099 0.56070
vt 0.51931 0.57349
vt 0.51918 0.58766
vt 0.51194 0.59930
vt 0.51778 0.56469
vt 0.50096 0.56101
vt 0.49283 0.56484
vt 0.51730 0.54701
vt 0.51724 0.53708
vt 0.51931 0.62890
vt 0.51055 0.63192
vt 0.51764 0.65264
vt 0.51088 0.65935
vt 0.51547 0.68042
vt 0.77805 0.06345
vt 0.76952 0.05458
vt 0.76984 0.06056
vt 0.77904 0.05458
vt 0.78380 0.06375
vt 0.11714 0.56167
vt 0.08670 0.57202
vt 0.12011 0.57168
vt 0.07442 0.56199
vt 0.06976 0.57444
vt 0.06037 0.56193
vt 0.05164 0.56340
vt 0.04560 0.57594
vt 0.04335 0.56826
vt 0.01134 0.56042
vt 0.13075 0.57274
vt 0.14035 0.57160
vt 0.15354 0.56042
vt 0.14738 0.57214
vt 0.13259 0.57513
vt 0.18178 0.56535
vt 0.14509 0.57962
vt 0.13539 0.58255
vt 0.13744 0.59292
vt 0.14812 0.59121
vt 0.91740 0.01710
vt 0.91726 0.02579
vt 0.92302 0.02708
vt 0.92852 0.01458
vt 0.90229 0.02566
vt 0.89882 0.01458
vt 0.93409 0.02451
vt 0.29131 0.47120
vt 0.32432 0.47958
vt 0.32865 0.47256
vt 0.29886 0.47913
vt 0.33835 0.47894
vt 0.35894 0.47120
vt 0.29407 0.47804
vt 0.28296 0.47440
vt 0.26845 0.47134
vt 0.26071 0.46708
vt 0.35628 0.46708
vt 0.87091 0.44288
vt 0.86727 0.47168
vt 0.86692 0.42800
vt 0.87531 0.47027
vt 0.87531 0.40625
vt 0.87390 0.47625
vt 0.63539 0.01056
vt 0.64341 0.01375
vt 0.64196 0.00519
vt 0.64945 0.01293
vt 0.64696 0.00042
vt 0.63182 0.00042
vt 0.70837 0.19684
vt 0.68914 0.20070
vt 0.70162 0.19134
vt 0.69659 0.20792
vt 0.70991 0.21208
vt 0.68903 0.18716
vt 0.70991 0.18625
vt 0.67884 0.19835
vt 0.67965 0.18961
vt 0.70957 0.19498
vt 0.06533 0.83625
vt 0.07011 0.82458
vt 0.04837 0.82458
vt 0.04816 0.83625
vt 0.04240 0.82945
vt 0.05919 0.20124
vt 0.06675 0.20958
vt 0.06675 0.18792
vt 0.24748 0.30897
vt 0.25819 0.30375
vt 0.24144 0.30375
vt 0.25810 0.30748
vt 0.23971 0.31030
vt 0.24565 0.31625
vt 0.81906 0.88882
vt 0.82242 0.89125
vt 0.82242 0.87792
vt 0.55709 0.21958
vt 0.55709 0.20708
vt 0.54870 0.20908
vt 0.92317 0.71875
vt 0.93241 0.71875
vt 0.92981 0.72208
vt 0.35390 0.40875
vt 0.36650 0.40875
vt 0.35812 0.41458
vt 0.58983 0.03375
vt 0.59563 0.04238
vt 0.60418 0.04271
vt 0.60621 0.04161
vt 0.58248 0.04506
vt 0.60286 0.05117
vt 0.59340 0.05375
vt 0.57725 0.05092
vt 0.60506 0.04612
vt 0.61419 0.03375
vt 0.98324 0.63520
vt 0.99034 0.64174
vt 0.97943 0.63882
vt 0.98359 0.64958
vt 0.97968 0.62035
vt 0.99034 0.61708
vt 0.44830 0.46695
vt 0.44039 0.49011
vt 0.46280 0.49153
vt 0.47433 0.49208
vt 0.47900 0.46408
vt 0.42111 0.48955
vt 0.41068 0.46471
vt 0.40283 0.48820
vt 0.38776 0.47807
vt 0.38228 0.46208
vt 0.37741 0.47255
vt 0.38665 0.48991
vt 0.48129 0.47459
vt 0.49265 0.46208
vt 0.48898 0.47320
vt 0.49221 0.48888
vt 0.48116 0.49071
vt 0.49412 0.47842
vt 0.26102 0.90302
vt 0.23643 0.92722
vt 0.23620 0.89045
vt 0.26048 0.91416
vt 0.25531 0.92436
vt 0.25216 0.93174
vt 0.26154 0.87752
vt 0.23669 0.86200
vt 0.26017 0.86248
vt 0.23957 0.95471
vt 0.24971 0.94962
vt 0.26154 0.95001
vt 0.22796 0.88532
vt 0.23405 0.91358
vt 0.22849 0.92517
vt 0.23599 0.95708
vt 0.23093 0.84375
vt 0.23924 0.84709
vt 0.25800 0.85580
vt 0.24003 0.85355
vt 0.25486 0.84970
vt 0.72418 0.25757
vt 0.71611 0.22958
vt 0.71243 0.24959
vt 0.72418 0.23346
vt 0.71854 0.25792
vt 0.39110 0.02022
vt 0.38458 0.02346
vt 0.39337 0.03208
vt 0.38159 0.03041
vt 0.36230 0.02739
vt 0.39337 0.01708
vt 0.38374 0.01912
vt 0.97187 0.85941
vt 0.97823 0.85180
vt 0.98866 0.85389
vt 0.97234 0.85077
vt 0.98710 0.85042
vt 0.98866 0.87761
vt 0.97842 0.87958
vt 0.30101 0.38625
vt 0.29121 0.38958
vt 0.28673 0.38625
vt 0.07347 0.08125
vt 0.06535 0.08458
vt 0.06003 0.08125
vt 0.53333 0.97514
vt 0.53023 0.95515
vt 0.53449 0.95937
vt 0.53862 0.94708
vt 0.53862 0.97542
vt 0.43787 0.05019
vt 0.45408 0.04792
vt 0.45795 0.05375
vt 0.46641 0.04792
vt 0.52362 0.66767
vt 0.52603 0.67208
vt 0.52016 0.66724
vt 0.52089 0.67094
vt 0.52603 0.66297
vt 0.51931 0.66033
vt 0.51982 0.65875
vt 0.52169 0.67170
vt 0.92403 0.43605
vt 0.93954 0.43777
vt 0.93638 0.44357
vt 0.93243 0.43000
vt 0.94836 0.45039
vt 0.94836 0.42050
vt 0.94044 0.41875
vt 0.92836 0.44621
vt 0.93605 0.44968
vt 0.93733 0.44846
vt 0.93928 0.45625
vt 0.92975 0.44942
vt 0.92670 0.44611
vt 0.92522 0.44847
vt 0.92317 0.44454
vt 0.69560 0.05447
vt 0.69219 0.04966
vt 0.68309 0.06164
vt 0.67424 0.04854
vt 0.70125 0.06585
vt 0.67128 0.06050
vt 0.70212 0.05791
vt 0.69880 0.04708
vt 0.67173 0.04708
vt 0.70487 0.07208
vt 0.08942 0.13458
vt 0.08774 0.13803
vt 0.08942 0.13875
vt 0.53528 0.03908
vt 0.54020 0.04916
vt 0.52903 0.05222
vt 0.52394 0.04087
vt 0.52276 0.04656
vt 0.54742 0.03436
vt 0.52469 0.03722
vt 0.52183 0.04790
vt 0.54191 0.03292
vt 0.52708 0.05821
vt 0.54215 0.05995
vt 0.55038 0.06125
vt 0.55038 0.03878
vt 0.32635 0.05544
vt 0.32982 0.04731
vt 0.31544 0.04667
vt 0.31461 0.05837
vt 0.32781 0.06375
vt 0.34019 0.05607
vt 0.34635 0.04571
vt 0.33057 0.03792
vt 0.34329 0.03864
vt 0.31444 0.03792
vt 0.30139 0.14720
vt 0.31864 0.14740
vt 0.30554 0.15217
vt 0.31864 0.16125
vt 0.30220 0.13520
vt 0.31521 0.13208
vt 0.29933 0.15117
vt 0.88486 0.94708
vt 0.88371 0.94208
vt 0.89043 0.94208
vt 0.39421 0.00458
vt 0.39697 0.02208
vt 0.40916 0.01334
vt 0.40116 0.00466
vt 0.41525 0.01834
vt 0.41604 0.00458
vt 0.95883 0.96437
vt 0.96327 0.97520
vt 0.95538 0.97590
vt 0.94920 0.96292
vt 0.95536 0.98433
vt 0.97271 0.96292
vt 0.97200 0.98207
vt 0.96501 0.99125
vt 0.90386 0.93931
vt 0.90520 0.94481
vt 0.90974 0.94641
vt 0.90842 0.95292
vt 0.90974 0.93542
vt 0.54317 0.11175
vt 0.54654 0.11450
vt 0.53136 0.11761
vt 0.53996 0.12034
vt 0.52906 0.12292
vt 0.51277 0.11744
vt 0.51280 0.10250
vt 0.50966 0.10972
vt 0.54698 0.11696
vt 0.50805 0.10208
vt 0.50252 0.10311
vt 0.55166 0.10835
vt 0.55163 0.11417
vt 0.55446 0.10902
vt 0.55626 0.10208
vt 0.27301 0.01792
vt 0.25903 0.01458
vt 0.27666 0.01458
vt 0.31696 0.22542
vt 0.32704 0.22542
vt 0.31854 0.22966
vt 0.32231 0.23208
vt 0.07146 0.98708
vt 0.06977 0.99419
vt 0.07541 0.99152
vt 0.06759 0.99463
vt 0.07099 0.99958
vt 0.08214 0.98708
vt 0.08539 0.99942
vt 0.09362 0.99252
vt 0.61503 0.76292
vt 0.61503 0.75625
vt 0.61167 0.75968
vt 0.71075 0.99708
vt 0.71914 0.99708
vt 0.71560 0.99958
vt 0.50525 0.06802
vt 0.48405 0.06541
vt 0.50252 0.06186
vt 0.48406 0.06068
vt 0.48473 0.07026
vt 0.51008 0.05875
vt 0.51008 0.07042
vt 0.41184 0.68059
vt 0.41772 0.68958
vt 0.41772 0.68042
vt 0.42443 0.45292
vt 0.40008 0.45292
vt 0.41169 0.45629
vt 0.40109 0.45958
vt 0.87243 0.20663
vt 0.89527 0.21647
vt 0.87196 0.20363
vt 0.87315 0.23375
vt 0.89509 0.22626
vt 0.89631 0.20662
vt 0.89631 0.18208
vt 0.87407 0.18420
vt 0.89451 0.23542
vt 0.39164 0.23244
vt 0.36863 0.20958
vt 0.36861 0.23328
vt 0.39332 0.20958
vt 0.35792 0.21096
vt 0.34135 0.23261
vt 0.34736 0.21105
vt 0.33963 0.21140
vt 0.36413 0.23971
vt 0.40092 0.23655
vt 0.38668 0.24709
vt 0.39818 0.24875
vt 0.36854 0.24640
vt 0.14517 0.73815
vt 0.13054 0.73636
vt 0.13342 0.72845
vt 0.14941 0.72989
vt 0.18438 0.72797
vt 0.18284 0.73522
vt 0.19845 0.72185
vt 0.22354 0.71884
vt 0.21753 0.71228
vt 0.24339 0.70456
vt 0.23665 0.69751
vt 0.26121 0.67238
vt 0.26219 0.68453
vt 0.28002 0.64399
vt 0.27482 0.64042
vt 0.27434 0.66609
vt 0.13095 0.72887
vt 0.09707 0.72665
vt 0.09870 0.71794
vt 0.06008 0.69509
vt 0.12587 0.74708
vt 0.09464 0.73526
vt 0.06019 0.70620
vt 0.03217 0.67728
vt 0.02585 0.64793
vt 0.01553 0.64042
vt 0.09459 0.73170
vt 0.41520 0.42375
vt 0.44962 0.42375
vt 0.44715 0.42625
vt 0.15073 0.72196
vt 0.15152 0.71529
vt 0.14591 0.72292
vt 0.15878 0.72127
vt 0.12058 0.72010
vt 0.09449 0.70375
vt 0.17101 0.71946
vt 0.19511 0.70550
vt 0.18474 0.71558
vt 0.19755 0.71119
vt 0.17672 0.71927
vt 0.10713 0.71596
vt 0.09818 0.71177
vt 0.08186 0.70519
vt 0.19773 0.70375
vt 0.22975 0.76769
vt 0.23887 0.76292
vt 0.23887 0.76792
vt 0.22712 0.76652
vt 0.81066 0.16875
vt 0.80898 0.16955
vt 0.81066 0.19208
vt 0.35055 0.99708
vt 0.36230 0.99708
vt 0.36113 0.99875
vt 0.64526 0.20458
vt 0.66793 0.20458
vt 0.66498 0.20625
vt 0.31192 0.85484
vt 0.33543 0.85625
vt 0.33543 0.84125
vt 0.57305 0.08625
vt 0.59773 0.10042
vt 0.59994 0.08858
vt 0.57599 0.09335
vt 0.60831 0.09841
vt 0.60831 0.08625
vt 0.83721 0.21408
vt 0.82653 0.21632
vt 0.83791 0.23240
vt 0.84848 0.23289
vt 0.86104 0.21125
vt 0.85648 0.22534
vt 0.83342 0.23100
vt 0.83360 0.23875
vt 0.81990 0.23838
vt 0.82113 0.21244
vt 0.82710 0.21125
vt 0.82559 0.35976
vt 0.83222 0.33670
vt 0.84592 0.34737
vt 0.83820 0.36004
vt 0.84761 0.32817
vt 0.82976 0.32125
vt 0.81298 0.33504
vt 0.81760 0.33018
vt 0.80982 0.34373
vt 0.81413 0.33070
vt 0.83198 0.36569
vt 0.84761 0.37375
vt 0.72577 0.67094
vt 0.72540 0.70346
vt 0.70976 0.67139
vt 0.70571 0.69071
vt 0.74786 0.67159
vt 0.74410 0.70456
vt 0.73794 0.67189
vt 0.75945 0.70458
vt 0.75945 0.67003
vt 0.75775 0.65125
vt 0.67212 0.35208
vt 0.67248 0.36049
vt 0.67318 0.35993
vt 0.67800 0.35215
vt 0.67255 0.36605
vt 0.67800 0.36625
vt 0.73678 0.19055
vt 0.73865 0.17674
vt 0.74517 0.17910
vt 0.73780 0.16875
vt 0.73988 0.19542
vt 0.74517 0.19536
vt 0.70680 0.58535
vt 0.70823 0.60289
vt 0.70430 0.59515
vt 0.70124 0.60298
vt 0.70512 0.60792
vt 0.70067 0.58568
vt 0.70541 0.57984
vt 0.70823 0.57792
vt 0.62808 0.10579
vt 0.61923 0.10458
vt 0.63021 0.11807
vt 0.63514 0.10601
vt 0.64620 0.13266
vt 0.64690 0.10842
vt 0.63476 0.13375
vt 0.64104 0.10626
vt 0.66457 0.11380
vt 0.66454 0.10559
vt 0.65332 0.10458
vt 0.66323 0.12871
vt 0.44768 0.12984
vt 0.42905 0.15375
vt 0.43384 0.13384
vt 0.40848 0.14343
vt 0.41029 0.12540
vt 0.44203 0.14534
vt 0.45214 0.13556
vt 0.44930 0.11792
vt 0.42506 0.11792
vt 0.41513 0.12043
vt 0.85776 0.03542
vt 0.85348 0.03125
vt 0.85837 0.03125
vt 0.86776 0.03365
vt 0.02393 0.76688
vt 0.02645 0.77208
vt 0.02645 0.76375
vt 0.81570 0.97891
vt 0.82450 0.96405
vt 0.83655 0.97172
vt 0.83064 0.96128
vt 0.84425 0.94553
vt 0.83299 0.95226
vt 0.84168 0.93875
vt 0.82704 0.94055
vt 0.82752 0.95019
vt 0.81838 0.96252
vt 0.82441 0.98347
vt 0.82716 0.98950
vt 0.83798 0.98909
vt 0.82190 0.99142
vt 0.84425 0.98820
vt 0.81700 0.99522
vt 0.81863 0.99958
vt 0.81584 0.96644
vt 0.82359 0.99795
vt 0.01637 0.02458
vt 0.02154 0.02915
vt 0.02813 0.02458
vt 0.01809 0.02958
vt 0.84302 0.14513
vt 0.82806 0.15403
vt 0.84778 0.14996
vt 0.84743 0.14015
vt 0.83404 0.15700
vt 0.81680 0.15406
vt 0.81526 0.15792
vt 0.80266 0.13625
vt 0.85432 0.13625
vt 0.79555 0.14474
vt 0.95089 0.10640
vt 0.94920 0.11022
vt 0.94943 0.10525
vt 0.95114 0.10375
vt 0.95256 0.10694
vt 0.94968 0.11190
vt 0.95256 0.11958
vt 0.56542 0.43809
vt 0.56997 0.43363
vt 0.55542 0.42875
vt 0.57641 0.42875
vt 0.56951 0.43530
vt 0.56338 0.43875
vt 0.19437 0.35389
vt 0.21788 0.35610
vt 0.19513 0.35877
vt 0.21624 0.35208
vt 0.21788 0.36208
vt 0.68220 0.07711
vt 0.66325 0.06625
vt 0.67266 0.08375
vt 0.65953 0.07980
vt 0.68088 0.06625
vt 0.07090 0.01667
vt 0.07913 0.03875
vt 0.06959 0.03515
vt 0.08354 0.03700
vt 0.08099 0.01542
vt 0.06003 0.02365
vt 0.06164 0.01542
vt 0.00171 0.10459
vt 0.00546 0.10226
vt 0.00546 0.13542
vt 0.00230 0.09208
vt 0.00126 0.13301
vt 0.85675 0.09513
vt 0.86766 0.09542
vt 0.84605 0.08601
vt 0.87157 0.08375
vt 0.87196 0.08963
vt 0.81318 0.08375
vt 0.81191 0.08292
vt 0.81150 0.07701
vt 0.81906 0.08002
vt 0.81906 0.07125
vt 0.69771 0.01895
vt 0.70595 0.02375
vt 0.69924 0.01464
vt 0.69228 0.01042
vt 0.70370 0.01285
vt 0.71579 0.01836
vt 0.71257 0.01042
vt 0.69838 0.14897
vt 0.67968 0.16708
vt 0.69808 0.16008
vt 0.65197 0.16137
vt 0.65395 0.14292
vt 0.70295 0.15767
vt 0.70968 0.14915
vt 0.71243 0.15306
vt 0.70738 0.14292
vt 0.86524 0.86809
vt 0.84634 0.86499
vt 0.86376 0.86544
vt 0.86317 0.87562
vt 0.84385 0.87555
vt 0.84150 0.87029
vt 0.86645 0.88259
vt 0.86721 0.85194
vt 0.84701 0.85925
vt 0.84967 0.84853
vt 0.87783 0.84542
vt 0.84080 0.87355
vt 0.87783 0.88420
vt 0.87094 0.88792
vt 0.83837 0.86128
vt 0.14330 0.07771
vt 0.12785 0.06365
vt 0.12940 0.07222
vt 0.11718 0.07090
vt 0.13940 0.07953
vt 0.14227 0.08125
vt 0.15575 0.06292
vt 0.12780 0.07686
vt 0.11125 0.06292
vt 0.89882 0.83475
vt 0.89715 0.84378
vt 0.89882 0.84465
vt 0.89731 0.83318
vt 0.89785 0.82542
vt 0.89758 0.85458
vt 0.49061 0.87678
vt 0.51529 0.90128
vt 0.49034 0.88630
vt 0.51488 0.87180
vt 0.49190 0.89878
vt 0.50019 0.91062
vt 0.49133 0.91026
vt 0.49508 0.91579
vt 0.51715 0.93138
vt 0.49764 0.92496
vt 0.49215 0.94905
vt 0.49150 0.92790
vt 0.51641 0.96227
vt 0.49232 0.96793
vt 0.51851 0.97958
vt 0.51931 0.97565
vt 0.50117 0.86763
vt 0.48978 0.86882
vt 0.51628 0.85736
vt 0.50339 0.84802
vt 0.49281 0.84160
vt 0.51605 0.84104
vt 0.50374 0.83397
vt 0.49490 0.83299
vt 0.48657 0.83208
vt 0.51154 0.83491
vt 0.51931 0.83663
vt 0.94752 0.02875
vt 0.95172 0.02875
vt 0.95016 0.03042
vt 0.52015 0.60929
vt 0.52039 0.59160
vt 0.53107 0.59125
vt 0.53107 0.61292
vt 0.60579 0.73014
vt 0.60859 0.73542
vt 0.61755 0.72405
vt 0.61755 0.73486
vt 0.60689 0.71625
vt 0.40053 0.25810
vt 0.37923 0.25969
vt 0.38843 0.27711
vt 0.36186 0.26684
vt 0.36344 0.25657
vt 0.40458 0.27792
vt 0.41853 0.27180
vt 0.41473 0.25743
vt 0.42359 0.25542
vt 0.33303 0.26373
vt 0.41995 0.27506
vt 0.33291 0.25542
vt 0.98363 0.69856
vt 0.97397 0.70343
vt 0.96763 0.69792
vt 0.96611 0.70401
vt 0.98100 0.70129
vt 0.97637 0.70828
vt 0.96510 0.70942
vt 0.96348 0.70734
vt 0.97474 0.71391
vt 0.97804 0.72375
vt 0.98363 0.72305
vt 0.98195 0.33049
vt 0.98584 0.33688
vt 0.98200 0.33933
vt 0.98302 0.32478
vt 0.99118 0.32375
vt 0.99009 0.33408
vt 0.99118 0.35708
vt 0.44977 0.17725
vt 0.44304 0.18806
vt 0.45750 0.19662
vt 0.47389 0.19277
vt 0.47360 0.17661
vt 0.45739 0.17208
vt 0.47817 0.20216
vt 0.44255 0.20375
vt 0.43756 0.19090
vt 0.42024 0.17813
vt 0.42451 0.17208
vt 0.78822 0.95505
vt 0.80586 0.94300
vt 0.78774 0.96949
vt 0.81486 0.96070
vt 0.78331 0.98625
vt 0.81486 0.92792
vt 0.80257 0.93192
vt 0.79047 0.94608
vt 0.78071 0.94043
vt 0.78143 0.93299
vt 0.77792 0.95071
vt 0.79376 0.98561
vt 0.80975 0.98568
vt 0.31674 0.48997
vt 0.30966 0.49612
vt 0.30802 0.49164
vt 0.31696 0.49708
vt 0.31644 0.48208
vt 0.28841 0.48208
vt 0.02057 0.85934
vt 0.02393 0.85125
vt 0.02167 0.85895
vt 0.02393 0.86625
vt 0.63194 0.75835
vt 0.63941 0.75694
vt 0.63098 0.75489
vt 0.63355 0.73958
vt 0.63287 0.75925
vt 0.63898 0.76496
vt 0.65560 0.76542
vt 0.64975 0.74932
vt 0.67708 0.76255
vt 0.67036 0.75189
vt 0.68034 0.75861
vt 0.65331 0.74255
vt 0.67274 0.74686
vt 0.66355 0.73958
vt 0.68716 0.75505
vt 0.68808 0.74705
vt 0.10304 0.44542
vt 0.08171 0.43977
vt 0.08077 0.44413
vt 0.11202 0.43727
vt 0.13607 0.43645
vt 0.14213 0.42911
vt 0.05250 0.44123
vt 0.05213 0.43630
vt 0.03798 0.43249
vt 0.01973 0.43286
vt 0.02214 0.42792
vt 0.15659 0.42792
vt 0.86979 0.54938
vt 0.88404 0.54496
vt 0.88875 0.55447
vt 0.87360 0.54292
vt 0.86524 0.55377
vt 0.86724 0.59479
vt 0.86690 0.57031
vt 0.88862 0.56699
vt 0.88875 0.59542
vt 0.70404 0.35945
vt 0.70287 0.37086
vt 0.71778 0.36245
vt 0.70617 0.34575
vt 0.71661 0.38148
vt 0.69440 0.35555
vt 0.68808 0.34786
vt 0.71251 0.39425
vt 0.72059 0.38539
vt 0.72082 0.39625
vt 0.72082 0.33438
vt 0.69282 0.31208
vt 0.68935 0.32610
vt 0.46875 0.66302
vt 0.48243 0.68208
vt 0.48649 0.66307
vt 0.46725 0.68631
vt 0.48428 0.70830
vt 0.48923 0.72602
vt 0.47048 0.71793
vt 0.48125 0.74403
vt 0.49911 0.74995
vt 0.49345 0.76125
vt 0.50168 0.75465
vt 0.46753 0.65823
vt 0.46999 0.64680
vt 0.47557 0.63541
vt 0.50115 0.62355
vt 0.47781 0.62602
vt 0.48463 0.62385
vt 0.48044 0.61837
vt 0.48429 0.60708
vt 0.50168 0.62315
vt 0.98447 0.55875
vt 0.97623 0.57542
vt 0.97607 0.55875
vt 0.00000 1.00000
vt 0.00000 1.00000
vt 0.00000 1.00000
vt 0.00000 1.00000
vt 0.00000 1.00000
vt 0.00000 1.00000
vt 0.00000 1.00000
vt 0.00000 1.00000
vt 0.00000 1.00000
vt 0.00000 1.00000
vt 0.00000 1.00000
vt 0.00000 1.00000
vt 0.00086 0.97792
vt 0.00086 0.97875
vt 0.00126 0.97796
vt 0.00042 0.97807
vt 0.00000 1.00000
vt 0.00000 1.00000
vt 0.00000 1.00000
vt 0.00000 1.00000
vt 0.00000 1.00000
vt 0.00000 1.00000
vt 0.00000 1.00000
vt 0.00000 1.00000
vt 0.00000 1.00000
vt 0.00000 1.00000
vt 0.00000 1.00000
vt 0.00000 1.00000
vt 0.00000 1.00000
vt 0.69144 0.95292
vt 0.69060 0.95292
vt 0.69118 0.95208
vt 0.03484 0.95666
vt 0.03432 0.95625
vt 0.03401 0.95658
vt 0.03432 0.95708
vt 0.76785 0.55034
vt 0.77372 0.57792
vt 0.76233 0.55905
vt 0.77372 0.54708
vt 0.76113 0.56522
vt 0.76442 0.55376
vt 0.64473 0.65821
vt 0.64285 0.66565
vt 0.64322 0.65884
vt 0.65785 0.67416
vt 0.64568 0.65572
vt 0.64543 0.68125
vt 0.64560 0.64958
vt 0.65785 0.65223
vt 0.64390 0.65791
vt 0.64055 0.67118
vt 0.64185 0.65891
vt 0.64236 0.66110
vt 0.64139 0.66552
vt 0.64022 0.66639
vt 0.98195 0.07375
vt 0.98866 0.07375
vt 0.98586 0.07458
vt 0.98170 0.10533
vt 0.98195 0.09434
vt 0.98095 0.10407
vt 0.97764 0.09550
vt 0.97917 0.09292
vt 0.97019 0.09917
vt 0.98195 0.11708
vt 0.97673 0.11309
vt 0.31612 0.26625
vt 0.30772 0.27195
vt 0.30878 0.26810
vt 0.31612 0.27458
vt 0.58578 0.31932
vt 0.58443 0.32293
vt 0.58756 0.32135
vt 0.59518 0.31002
vt 0.60134 0.31763
vt 0.59786 0.30755
vt 0.59617 0.29626
vt 0.58816 0.30778
vt 0.58298 0.30373
vt 0.56718 0.30004
vt 0.58783 0.29674
vt 0.56351 0.29414
vt 0.53542 0.29918
vt 0.51511 0.29375
vt 0.58679 0.29394
vt 0.59309 0.29375
vt 0.59325 0.32375
vt 0.60243 0.32061
vt 0.15879 0.76306
vt 0.14716 0.76065
vt 0.15888 0.76792
vt 0.12349 0.76304
vt 0.16172 0.75786
vt 0.20920 0.75159
vt 0.20120 0.74514
vt 0.22565 0.74558
vt 0.22181 0.73455
vt 0.24538 0.73122
vt 0.23785 0.72323
vt 0.25281 0.70656
vt 0.26223 0.70527
vt 0.26714 0.68792
vt 0.27744 0.67526
vt 0.27566 0.66969
vt 0.28019 0.67223
vt 0.27939 0.65919
vt 0.28925 0.64798
vt 0.28461 0.64542
vt 0.27866 0.67727
vt 0.13270 0.75972
vt 0.09395 0.75672
vt 0.10662 0.75043
vt 0.13284 0.75346
vt 0.08852 0.74479
vt 0.06708 0.74454
vt 0.07671 0.73802
vt 0.06433 0.73181
vt 0.04086 0.71520
vt 0.04095 0.72503
vt 0.02305 0.69867
vt 0.02109 0.70714
vt 0.01039 0.68084
vt 0.01228 0.67537
vt 0.00378 0.64542
vt 0.84173 0.18453
vt 0.84593 0.18875
vt 0.84593 0.18125
vt 0.13337 0.70129
vt 0.16249 0.70625
vt 0.15782 0.70272
vt 0.18367 0.70023
vt 0.12827 0.70415
vt 0.10537 0.69375
vt 0.10669 0.69860
vt 0.19098 0.70132
vt 0.21453 0.69375
vt 0.99874 0.34875
vt 0.99874 0.33458
vt 0.99538 0.34303
vt 0.09362 0.77125
vt 0.07851 0.77002
vt 0.08994 0.76237
vt 0.09362 0.76208
vt 0.07964 0.77123
vt 0.20445 0.47542
vt 0.20655 0.48276
vt 0.21872 0.47542
vt 0.21752 0.48292
vt 0.56110 0.94042
vt 0.56763 0.93601
vt 0.55988 0.93267
vt 0.57053 0.92958
vt 0.55733 0.93994
vt 0.55542 0.92958
vt 0.32615 0.46875
vt 0.37421 0.46327
vt 0.32898 0.45331
vt 0.37004 0.44688
vt 0.38170 0.44125
vt 0.29264 0.44710
vt 0.29390 0.46337
vt 0.39720 0.45056
vt 0.28330 0.44312
vt 0.26994 0.44897
vt 0.27828 0.44125
vt 0.40068 0.44391
vt 0.40344 0.44271
vt 0.39635 0.45607
vt 0.66037 0.02958
vt 0.67632 0.02375
vt 0.67537 0.02951
vt 0.66059 0.02375
vt 0.07496 0.79032
vt 0.07827 0.78049
vt 0.06913 0.78625
vt 0.07160 0.77965
vt 0.07657 0.77225
vt 0.06871 0.77208
vt 0.09310 0.77293
vt 0.09812 0.78612
vt 0.12379 0.77690
vt 0.13879 0.78854
vt 0.14246 0.78415
vt 0.14763 0.78077
vt 0.14416 0.78473
vt 0.12093 0.77208
vt 0.09395 0.80100
vt 0.12346 0.80183
vt 0.08631 0.78944
vt 0.06788 0.80837
vt 0.14315 0.80623
vt 0.04899 0.80158
vt 0.04126 0.82458
vt 0.14521 0.79376
vt 0.15893 0.79815
vt 0.16297 0.81586
vt 0.18094 0.81258
vt 0.18310 0.83229
vt 0.19309 0.82421
vt 0.21084 0.85318
vt 0.02372 0.81926
vt 0.01943 0.80925
vt 0.14935 0.79377
vt 0.19839 0.85535
vt 0.05788 0.78508
vt 0.03719 0.79111
vt 0.06464 0.77896
vt 0.01989 0.82738
vt 0.01646 0.83190
vt 0.02368 0.84489
vt 0.00144 0.86165
vt 0.01267 0.86865
vt 0.00455 0.87821
vt 0.01000 0.91385
vt 0.00067 0.88232
vt 0.00188 0.90267
vt 0.00042 0.91283
vt 0.00117 0.93061
vt 0.02168 0.94709
vt 0.02122 0.96868
vt 0.04483 0.97519
vt 0.01823 0.82857
vt 0.06215 0.98755
vt 0.05350 0.99958
vt 0.21236 0.85553
vt 0.20496 0.88235
vt 0.21956 0.89050
vt 0.21706 0.91919
vt 0.20340 0.91882
vt 0.19197 0.94493
vt 0.19360 0.96969
vt 0.18536 0.95774
vt 0.18234 0.97990
vt 0.16293 0.97906
vt 0.15314 0.99860
vt 0.15060 0.99120
vt 0.14899 0.98754
vt 0.21348 0.93880
vt 0.01714 0.38260
vt 0.01360 0.37971
vt 0.01889 0.37458
vt 0.01305 0.38375
vt 0.01050 0.37458
vt 0.55961 0.43708
vt 0.55335 0.43958
vt 0.54954 0.43708
vt 0.62258 0.36662
vt 0.62310 0.36452
vt 0.62317 0.36566
vt 0.62175 0.36347
vt 0.62320 0.36875
vt 0.62427 0.36208
vt 0.62427 0.36600
vt 0.23636 0.14542
vt 0.23480 0.14708
vt 0.21704 0.14542
vt 0.37512 0.15042
vt 0.35738 0.18538
vt 0.35415 0.15075
vt 0.37504 0.18875
vt 0.34393 0.15866
vt 0.34170 0.16302
vt 0.38762 0.15947
vt 0.38833 0.18410
vt 0.34722 0.15042
vt 0.33963 0.15294
vt 0.79807 0.16042
vt 0.79807 0.15042
vt 0.79219 0.15370
vt 0.46165 0.83780
vt 0.44804 0.83838
vt 0.45083 0.83314
vt 0.46060 0.86418
vt 0.43419 0.87447
vt 0.45849 0.81586
vt 0.42659 0.84833
vt 0.48422 0.83304
vt 0.43493 0.82937
vt 0.48741 0.86406
vt 0.46642 0.88747
vt 0.47021 0.87183
vt 0.47786 0.87967
vt 0.43436 0.89958
vt 0.41734 0.89199
vt 0.42055 0.88105
vt 0.41436 0.86675
vt 0.42786 0.81079
vt 0.45054 0.80734
vt 0.47075 0.81648
vt 0.47504 0.81061
vt 0.46490 0.80284
vt 0.48741 0.79609
vt 0.47280 0.76625
vt 0.48709 0.77493
vt 0.78357 0.68324
vt 0.77584 0.69588
vt 0.79533 0.69712
vt 0.78918 0.71032
vt 0.79781 0.68017
vt 0.76842 0.66958
vt 0.78609 0.67381
vt 0.79078 0.66958
vt 0.77467 0.70652
vt 0.76784 0.70878
vt 0.77656 0.71925
vt 0.79683 0.72125
vt 0.81402 0.71670
vt 0.97943 0.05476
vt 0.96916 0.06477
vt 0.97265 0.05348
vt 0.96603 0.05907
vt 0.97591 0.07292
vt 0.97943 0.03875
vt 0.96348 0.04542
vt 0.74433 0.92977
vt 0.74378 0.93603
vt 0.73519 0.94399
vt 0.73939 0.95042
vt 0.74433 0.94614
vt 0.73343 0.94493
vt 0.73981 0.91625
vt 0.72838 0.93520
vt 0.72956 0.94214
vt 0.76280 0.35949
vt 0.77574 0.38700
vt 0.77423 0.34882
vt 0.76380 0.34325
vt 0.77727 0.34274
vt 0.77003 0.32875
vt 0.78212 0.33414
vt 0.76761 0.38720
vt 0.77363 0.41458
vt 0.78212 0.41356
vt 0.67800 0.02070
vt 0.68640 0.01458
vt 0.68485 0.02116
vt 0.68640 0.02292
vt 0.18042 0.20141
vt 0.19327 0.20292
vt 0.18769 0.19722
vt 0.22358 0.19625
vt 0.22376 0.20045
vt 0.15876 0.19625
vt 0.22544 0.20200
vt 0.13896 0.19924
vt 0.61424 0.80458
vt 0.60190 0.82557
vt 0.60147 0.81204
vt 0.61366 0.82802
vt 0.62551 0.80331
vt 0.62639 0.82920
vt 0.61303 0.79478
vt 0.61381 0.85005
vt 0.62678 0.85125
vt 0.62503 0.77530
vt 0.61172 0.78810
vt 0.59654 0.82790
vt 0.59807 0.82452
vt 0.61845 0.74999
vt 0.62678 0.74708
vt 0.59972 0.80950
vt 0.59994 0.80482
vt 0.59236 0.81014
vt 0.35580 0.77858
vt 0.36167 0.75974
vt 0.36946 0.77035
vt 0.37406 0.72807
vt 0.36399 0.73708
vt 0.36057 0.79455
vt 0.36074 0.70979
vt 0.34484 0.80452
vt 0.35893 0.67877
vt 0.35139 0.68805
vt 0.33251 0.66322
vt 0.32777 0.64720
vt 0.30716 0.64701
vt 0.30972 0.63515
vt 0.30088 0.63520
vt 0.30026 0.64318
vt 0.26644 0.63696
vt 0.26781 0.62708
vt 0.24796 0.62730
vt 0.23565 0.64080
vt 0.23462 0.63096
vt 0.20875 0.64087
vt 0.21397 0.64982
vt 0.20219 0.65568
vt 0.20160 0.64537
vt 0.19085 0.65440
vt 0.18632 0.66001
vt 0.18467 0.67142
vt 0.17329 0.67061
vt 0.18008 0.67675
vt 0.18422 0.65821
vt 0.35532 0.80448
vt 0.34692 0.81292
vt 0.33349 0.81226
vt 0.32393 0.81815
vt 0.33538 0.82471
vt 0.31667 0.82359
vt 0.29578 0.84210
vt 0.30307 0.82768
vt 0.29657 0.83191
vt 0.28264 0.83377
vt 0.35964 0.80557
vt 0.36472 0.79595
vt 0.35421 0.81707
vt 0.35745 0.82039
vt 0.36579 0.81395
vt 0.37055 0.81148
vt 0.28804 0.84423
vt 0.35053 0.81845
vt 0.26690 0.83705
vt 0.24949 0.84458
vt 0.22949 0.82968
vt 0.21031 0.83227
vt 0.19986 0.81298
vt 0.18192 0.81056
vt 0.17708 0.78705
vt 0.15911 0.77210
vt 0.16662 0.76361
vt 0.16271 0.76430
vt 0.37406 0.81480
vt 0.72334 0.47670
vt 0.72586 0.47875
vt 0.72586 0.47042
vt 0.67548 0.34292
vt 0.68724 0.34292
vt 0.68586 0.34542
vt 0.50672 0.66458
vt 0.50672 0.65708
vt 0.50420 0.65833
vt 0.10030 0.42177
vt 0.12998 0.42590
vt 0.12843 0.42958
vt 0.09194 0.42733
vt 0.09260 0.42335
vt 0.09296 0.41875
vt 0.14757 0.41875
vt 0.15995 0.42111
vt 0.52855 0.97548
vt 0.52220 0.97708
vt 0.52635 0.93707
vt 0.52054 0.93535
vt 0.51931 0.91612
vt 0.52622 0.89609
vt 0.52110 0.89010
vt 0.52266 0.87193
vt 0.52855 0.86042
vt 0.68388 0.10792
vt 0.70571 0.10792
vt 0.69184 0.11208
vt 0.15324 0.17928
vt 0.15997 0.18375
vt 0.16773 0.17542
vt 0.18094 0.18116
vt 0.14903 0.17542
vt 0.93745 0.11708
vt 0.93745 0.11208
vt 0.93661 0.11333
vt 0.40491 0.53154
vt 0.40373 0.54337
vt 0.41167 0.52941
vt 0.41790 0.54375
vt 0.42779 0.52843
vt 0.39383 0.53575
vt 0.37154 0.53160
vt 0.38715 0.51625
vt 0.42248 0.51625
vt 0.96124 0.02125
vt 0.97824 0.03131
vt 0.98059 0.02253
vt 0.96096 0.03875
vt 0.98866 0.02125
vt 0.96012 0.72208
vt 0.95004 0.70063
vt 0.96012 0.69501
vt 0.95525 0.67542
vt 0.31037 0.25792
vt 0.29261 0.24958
vt 0.32032 0.24958
vt 0.93564 0.65206
vt 0.95256 0.63033
vt 0.93247 0.64207
vt 0.92833 0.63575
vt 0.92821 0.62292
vt 0.94624 0.62292
vt 0.94968 0.64767
vt 0.94888 0.65694
vt 0.95065 0.65117
vt 0.94322 0.65958
vt 0.16163 0.42809
vt 0.16242 0.45399
vt 0.16427 0.44319
vt 0.17674 0.46662
vt 0.17674 0.42243
vt 0.17401 0.41542
vt 0.17377 0.47292
vt 0.16229 0.46537
vt 0.75945 0.64317
vt 0.76196 0.64792
vt 0.76196 0.64208
vt 0.00000 1.00000
vt 0.00000 1.00000
vt 0.00000 1.00000
vt 0.00000 1.00000
vt 0.55952 0.54446
vt 0.55738 0.54392
vt 0.55819 0.54200
vt 0.55716 0.54442
vt 0.55709 0.54458
vt 0.56213 0.54424
vt 0.56213 0.53875
vt 0.29790 0.24846
vt 0.29865 0.24767
vt 0.29329 0.24875
vt 0.28757 0.24375
vt 0.30605 0.24375
vt 0.29977 0.24780
vt 0.30024 0.24764
vt 0.25078 0.25688
vt 0.25063 0.25699
vt 0.25231 0.25875
vt 0.25231 0.25625
vt 0.33607 0.59042
vt 0.33123 0.58542
vt 0.34551 0.58542
vt 0.39745 0.31542
vt 0.38581 0.30958
vt 0.39203 0.30959
vt 0.40092 0.30958
vt 0.76360 0.40875
vt 0.75861 0.39721
vt 0.76624 0.40362
vt 0.76700 0.40797
vt 0.76700 0.39125
vt 0.52513 0.56200
vt 0.52303 0.54995
vt 0.53908 0.55704
vt 0.54126 0.54680
vt 0.54245 0.57146
vt 0.54010 0.53708
vt 0.52053 0.54036
vt 0.54478 0.58917
vt 0.53847 0.63993
vt 0.53226 0.62336
vt 0.54570 0.63876
vt 0.53146 0.63995
vt 0.54702 0.66013
vt 0.52510 0.64949
vt 0.52657 0.66007
vt 0.53461 0.67401
vt 0.54348 0.67542
vt 0.54597 0.67152
vt 0.51931 0.64668
vt 0.54310 0.61370
vt 0.53269 0.61821
vt 0.53394 0.60227
vt 0.54702 0.60027
vt 0.53062 0.58177
vt 0.52609 0.57237
vt 0.52620 0.62818
vt 0.97775 0.73029
vt 0.96851 0.74003
vt 0.97775 0.75587
vt 0.97033 0.71792
vt 0.97035 0.76042
vt 0.51714 0.42346
vt 0.53442 0.41875
vt 0.52510 0.41906
vt 0.53200 0.42542
vt 0.50672 0.41875
vt 0.93409 0.79535
vt 0.92170 0.79949
vt 0.93188 0.78996
vt 0.93274 0.81092
vt 0.92065 0.81090
vt 0.93409 0.82733
vt 0.92087 0.83292
vt 0.92784 0.78671
vt 0.93134 0.78528
vt 0.92651 0.78208
vt 0.99706 0.66094
vt 0.98447 0.65401
vt 0.99596 0.64935
vt 0.99030 0.64656
vt 0.98948 0.66287
vt 0.99706 0.64125
vt 0.98797 0.66587
vt 0.99420 0.66792
vt 0.13082 0.83897
vt 0.13108 0.83086
vt 0.12803 0.83716
vt 0.13801 0.83184
vt 0.13812 0.82708
vt 0.12134 0.83958
vt 0.11958 0.82708
vt 0.11461 0.82870
vt 0.36734 0.54708
vt 0.37573 0.54708
vt 0.37228 0.54958
vt 0.51800 0.06312
vt 0.51092 0.06019
vt 0.51931 0.05625
vt 0.51931 0.06375
vt 0.51457 0.06303
vt 0.25669 0.96069
vt 0.25651 0.96525
vt 0.26322 0.95875
vt 0.26322 0.96875
vt 0.52435 0.39292
vt 0.51829 0.39792
vt 0.51343 0.39292
vt 0.02346 0.32708
vt 0.02141 0.32458
vt 0.02981 0.32458
vt 0.42947 0.27208
vt 0.42540 0.26403
vt 0.42359 0.27038
vt 0.42947 0.25458
vt 0.27036 0.99651
vt 0.27017 0.99208
vt 0.26322 0.99667
vt 0.26374 0.99208
vt 0.27166 0.99710
vt 0.26676 0.99958
vt 0.27435 0.99902
vt 0.27139 0.99459
vt 0.27750 0.99529
vt 0.04896 0.22523
vt 0.05280 0.23208
vt 0.04758 0.23045
vt 0.04156 0.22292
vt 0.06507 0.22292
vt 0.20162 0.42208
vt 0.20949 0.41708
vt 0.20057 0.41958
vt 0.20675 0.41974
vt 0.19521 0.41708
vt 0.88005 0.92392
vt 0.88607 0.92020
vt 0.88531 0.92453
vt 0.87951 0.92792
vt 0.88791 0.92723
vt 0.88791 0.91792
vt 0.88066 0.91841
vt 0.32742 0.29495
vt 0.31408 0.29979
vt 0.32505 0.30125
vt 0.31351 0.29008
vt 0.33071 0.29135
vt 0.33907 0.29474
vt 0.33221 0.28825
vt 0.33634 0.29009
vt 0.33552 0.28128
vt 0.33794 0.28946
vt 0.34185 0.27972
vt 0.37180 0.28437
vt 0.37209 0.27458
vt 0.32037 0.28042
vt 0.30911 0.28416
vt 0.29801 0.27952
vt 0.29513 0.28421
vt 0.38077 0.28585
vt 0.31886 0.27854
vt 0.29789 0.27458
vt 0.10362 0.02203
vt 0.11378 0.01994
vt 0.10285 0.01792
vt 0.12632 0.02375
vt 0.13736 0.01792
vt 0.14568 0.02179
vt 0.79639 0.11542
vt 0.79639 0.10875
vt 0.79555 0.11076
vt 0.55102 0.02076
vt 0.54407 0.02834
vt 0.54622 0.02036
vt 0.55122 0.02485
vt 0.54628 0.03208
vt 0.55122 0.00697
vt 0.54282 0.01931
vt 0.54297 0.00458
vt 0.31885 0.67208
vt 0.31696 0.66792
vt 0.33207 0.66792
vt 0.48242 0.35339
vt 0.47520 0.35375
vt 0.47057 0.35896
vt 0.46412 0.35456
vt 0.44452 0.35719
vt 0.44090 0.35003
vt 0.43367 0.35396
vt 0.50005 0.35293
vt 0.48062 0.35030
vt 0.49629 0.34451
vt 0.50399 0.34464
vt 0.51814 0.34330
vt 0.53275 0.34042
vt 0.47660 0.35244
vt 0.44159 0.34042
vt 0.47503 0.35195
vt 0.48591 0.35809
vt 0.49913 0.36218
vt 0.48831 0.36481
vt 0.49068 0.37125
vt 0.49892 0.36901
vt 0.00210 0.27300
vt 0.00453 0.26792
vt 0.00462 0.27206
vt 0.00453 0.27875
vt 0.40586 0.28332
vt 0.39888 0.27920
vt 0.40174 0.28344
vt 0.41016 0.27875
vt 0.39973 0.28170
vt 0.39687 0.28792
vt 0.39204 0.28008
vt 0.40520 0.28672
vt 0.39661 0.27875
vt 0.39001 0.28668
vt 0.75253 0.08105
vt 0.75773 0.10225
vt 0.74459 0.09559
vt 0.76304 0.08738
vt 0.77288 0.08042
vt 0.73721 0.08042
vt 0.73426 0.09714
vt 0.74389 0.11208
vt 0.73570 0.10782
vt 0.99015 0.48034
vt 0.97775 0.48675
vt 0.98355 0.47611
vt 0.99370 0.46625
vt 0.98076 0.47109
vt 0.98048 0.47411
vt 0.99370 0.49375
vt 0.18094 0.56208
vt 0.17401 0.55661
vt 0.18094 0.55625
vt 0.16667 0.56091
vt 0.22545 0.50208
vt 0.23300 0.49708
vt 0.22607 0.49708
vt 0.23023 0.50169
vt 0.22040 0.50158
vt 0.35332 0.65958
vt 0.36176 0.66358
vt 0.36643 0.66092
vt 0.36650 0.64542
vt 0.34887 0.64542
vt 0.35516 0.67042
vt 0.36342 0.66894
vt 0.98091 0.51303
vt 0.98502 0.51180
vt 0.98213 0.49969
vt 0.97019 0.50433
vt 0.98866 0.49792
vt 0.98866 0.52292
vt 0.87531 0.92831
vt 0.87867 0.92958
vt 0.87867 0.92292
vt 0.05164 0.65697
vt 0.03988 0.66218
vt 0.04903 0.64458
vt 0.04194 0.64726
vt 0.05164 0.67042
vt 0.31475 0.86848
vt 0.30764 0.87375
vt 0.31321 0.86587
vt 0.32032 0.85792
vt 0.30857 0.86725
vt 0.29765 0.85792
vt 0.87163 0.68194
vt 0.86776 0.68239
vt 0.87206 0.68215
vt 0.87280 0.69208
vt 0.87280 0.67792
vt 0.11041 0.58208
vt 0.11895 0.58506
vt 0.12385 0.58208
vt 0.12026 0.58542
vt 0.26238 0.71562
vt 0.26490 0.72125
vt 0.26490 0.71042
vt 0.12495 0.99925
vt 0.12636 0.99042
vt 0.12636 0.99958
vt 0.11881 0.99613
vt 0.44878 0.14589
vt 0.45718 0.14708
vt 0.45718 0.14292
vt 0.85936 0.62042
vt 0.85632 0.62292
vt 0.85348 0.62042
vt 0.36594 0.13044
vt 0.35829 0.12542
vt 0.36108 0.13436
vt 0.35685 0.13486
vt 0.36367 0.13542
vt 0.36818 0.12794
vt 0.36653 0.12542
vt 0.35139 0.12996
vt 0.40092 0.02875
vt 0.40680 0.02875
vt 0.40395 0.02958
vt 0.45046 0.98208
vt 0.45718 0.98208
vt 0.45296 0.98375
vt 0.39208 0.62125
vt 0.39274 0.61164
vt 0.38982 0.61871
vt 0.40147 0.60625
vt 0.40260 0.61505
vt 0.38465 0.62036
vt 0.38161 0.60625
vt 0.26480 0.46312
vt 0.27286 0.46458
vt 0.27639 0.45958
vt 0.26154 0.45958
vt 0.28002 0.46022
vt 0.43726 0.93536
vt 0.43451 0.92086
vt 0.44156 0.93187
vt 0.44458 0.93628
vt 0.44458 0.91375
vt 0.43868 0.94125
vt 0.17926 0.88042
vt 0.17926 0.86208
vt 0.17254 0.87131
vt 0.09278 0.15355
vt 0.09278 0.16896
vt 0.08699 0.15391
vt 0.08726 0.15208
vt 0.07851 0.17042
vt 0.08185 0.15969
vt 0.84257 0.62208
vt 0.83501 0.62762
vt 0.84257 0.63958
vt 0.97775 0.89817
vt 0.96767 0.89087
vt 0.97775 0.88312
vt 0.97073 0.86708
vt 0.97096 0.90458
vt 0.97694 0.90365
vt 0.53107 0.93045
vt 0.53442 0.93960
vt 0.53442 0.92698
vt 0.53390 0.91875
vt 0.53396 0.94542
vt 0.79573 0.58277
vt 0.79800 0.58764
vt 0.79425 0.58451
vt 0.79945 0.58370
vt 0.79715 0.58235
vt 0.79189 0.59716
vt 0.79686 0.59498
vt 0.79595 0.60029
vt 0.79859 0.60958
vt 0.78463 0.57780
vt 0.79975 0.59529
vt 0.79975 0.57542
vt 0.78685 0.60611
vt 0.18682 0.73708
vt 0.20445 0.73708
vt 0.19682 0.74208
vt 0.98764 0.83338
vt 0.98363 0.83638
vt 0.98783 0.82792
vt 0.98783 0.84458
vt 0.19698 0.49747
vt 0.19426 0.49708
vt 0.19726 0.50042
vt 0.21453 0.49708
vt 0.18850 0.49894
vt 0.70062 0.98306
vt 0.69506 0.98978
vt 0.70248 0.99208
vt 0.67285 0.98088
vt 0.71450 0.99089
vt 0.67873 0.99126
vt 0.64511 0.97625
vt 0.71716 0.98185
vt 0.64022 0.98229
vt 0.71995 0.98976
vt 0.73258 0.98210
vt 0.72286 0.97625
vt 0.29429 0.20875
vt 0.29429 0.20375
vt 0.29261 0.20781
vt 0.99869 0.60601
vt 0.99720 0.60414
vt 0.99443 0.60271
vt 0.99958 0.60125
vt 0.99118 0.63292
vt 0.99958 0.63209
vt 0.99660 0.60142
vt 0.54696 0.10458
vt 0.54282 0.10316
vt 0.54430 0.10208
vt 0.54954 0.10208
vt 0.10309 0.11288
vt 0.10240 0.11564
vt 0.10512 0.11579
vt 0.13056 0.11111
vt 0.12752 0.10125
vt 0.09762 0.10428
vt 0.10039 0.11625
vt 0.07902 0.11175
vt 0.07263 0.10125
vt 0.13038 0.10510
vt 0.93409 0.41720
vt 0.93745 0.41458
vt 0.93671 0.41684
vt 0.93745 0.41958
vt 0.64350 0.74764
vt 0.64022 0.74708
vt 0.64451 0.74958
vt 0.64694 0.74708
vt 0.17422 0.96125
vt 0.17312 0.96375
vt 0.16919 0.96125
vt 0.56633 0.44542
vt 0.56633 0.44042
vt 0.56465 0.44326
vt 0.67212 0.24458
vt 0.67800 0.24458
vt 0.67529 0.24542
vt 0.62926 0.05231
vt 0.61335 0.05780
vt 0.62854 0.06063
vt 0.61477 0.04958
vt 0.63507 0.04958
vt 0.63686 0.06458
vt 0.74433 0.46208
vt 0.74433 0.48292
vt 0.73892 0.46571
vt 0.73762 0.48060
vt 0.01469 0.00125
vt 0.03568 0.00125
vt 0.02162 0.00458
vt 0.10186 0.01458
vt 0.08818 0.02766
vt 0.09565 0.03290
vt 0.09164 0.01458
vt 0.08774 0.03356
vt 0.10453 0.03708
vt 0.69479 0.97458
vt 0.70907 0.97458
vt 0.69784 0.98042
vt 0.71746 0.97813
vt 0.99022 0.85017
vt 0.99958 0.83664
vt 0.98866 0.84003
vt 0.99616 0.82375
vt 0.98879 0.82415
vt 0.99886 0.84295
vt 0.99958 0.85292
vt 0.97439 0.90769
vt 0.96407 0.94246
vt 0.96096 0.93888
vt 0.97293 0.93206
vt 0.96521 0.90458
vt 0.97439 0.94292
vt 0.19857 0.59625
vt 0.20063 0.60528
vt 0.20843 0.60625
vt 0.20865 0.59625
vt 0.41324 0.17719
vt 0.41856 0.19208
vt 0.41856 0.17292
vt 0.41184 0.17573
vt 0.85684 0.13292
vt 0.87615 0.13292
vt 0.85968 0.13958
vt 0.44405 0.33393
vt 0.45523 0.33792
vt 0.45329 0.33362
vt 0.47901 0.33490
vt 0.43283 0.33785
vt 0.43742 0.33370
vt 0.45426 0.33042
vt 0.47697 0.33042
vt 0.16163 0.29042
vt 0.16117 0.28196
vt 0.15508 0.28261
vt 0.15228 0.28954
vt 0.14568 0.28839
vt 0.16163 0.27625
vt 0.14974 0.27673
vt 0.86272 0.42649
vt 0.86608 0.42792
vt 0.86608 0.41792
vt 0.78463 0.77346
vt 0.78586 0.74994
vt 0.78827 0.76132
vt 0.79135 0.81375
vt 0.79135 0.72208
vt 0.00126 0.37039
vt 0.00151 0.36309
vt 0.00436 0.36757
vt 0.00746 0.37516
vt 0.00703 0.38013
vt 0.00631 0.38440
vt 0.01001 0.38399
vt 0.00483 0.39042
vt 0.01637 0.38821
vt 0.00729 0.36971
vt 0.01637 0.36635
vt 0.00197 0.35375
vt 0.56885 0.90292
vt 0.56885 0.91708
vt 0.56633 0.91177
vt 0.58251 0.97542
vt 0.58368 0.98042
vt 0.59208 0.97606
vt 0.58144 0.97802
vt 0.59461 0.97786
vt 0.59488 0.97542
vt 0.29429 0.40292
vt 0.28813 0.40458
vt 0.28644 0.40292
vt 0.28338 0.40377
vt 0.48713 0.95307
vt 0.48864 0.95569
vt 0.48555 0.95776
vt 0.49076 0.95875
vt 0.47649 0.95687
vt 0.49076 0.95292
vt 0.46138 0.54916
vt 0.46306 0.55125
vt 0.46306 0.54625
vt 0.62499 0.27042
vt 0.62678 0.27542
vt 0.62260 0.27525
vt 0.61923 0.27042
vt 0.62616 0.27130
vt 0.92401 0.42888
vt 0.92653 0.43208
vt 0.92653 0.42125
vt 0.58900 0.54621
vt 0.58983 0.53715
vt 0.59474 0.55006
vt 0.59992 0.50792
vt 0.59493 0.51275
vt 0.59203 0.57221
vt 0.59992 0.60125
vt 0.55618 0.28125
vt 0.55188 0.28563
vt 0.55793 0.28508
vt 0.52519 0.28125
vt 0.52966 0.28792
vt 0.54050 0.28710
vt 0.17674 0.78125
vt 0.20700 0.78125
vt 0.18256 0.78542
vt 0.20865 0.78263
vt 0.18613 0.10292
vt 0.19803 0.10729
vt 0.18514 0.11732
vt 0.18933 0.09965
vt 0.19857 0.12125
vt 0.19857 0.09958
vt 0.89420 0.62449
vt 0.89257 0.59415
vt 0.89905 0.62003
vt 0.90404 0.62479
vt 0.90000 0.63200
vt 0.88371 0.61916
vt 0.89762 0.60528
vt 0.89750 0.59477
vt 0.89825 0.58886
vt 0.89827 0.58292
vt 0.90155 0.59357
vt 0.90470 0.63375
vt 0.90470 0.61887
vt 0.89935 0.61611
vt 0.00805 0.70312
vt 0.00409 0.70912
vt 0.00126 0.70555
vt 0.00217 0.69167
vt 0.01202 0.69042
vt 0.01301 0.69953
vt 0.00870 0.70921
vt 0.01301 0.71125
vt 0.73117 0.14281
vt 0.72166 0.14208
vt 0.73032 0.15517
vt 0.74030 0.15027
vt 0.73371 0.16337
vt 0.76979 0.15288
vt 0.75190 0.16875
vt 0.76630 0.14429
vt 0.77876 0.14208
vt 0.96063 0.01771
vt 0.94565 0.01144
vt 0.96120 0.00818
vt 0.96626 0.00792
vt 0.94474 0.01588
vt 0.93745 0.00792
vt 0.96683 0.01792
vt 0.95004 0.99085
vt 0.93571 0.96849
vt 0.93665 0.99061
vt 0.94712 0.96246
vt 0.93493 0.95602
vt 0.95004 0.94958
vt 0.93959 0.99625
vt 0.60487 0.51292
vt 0.60327 0.53387
vt 0.60831 0.52014
vt 0.60831 0.53476
vt 0.60675 0.54042
vt 0.60708 0.42271
vt 0.59455 0.43030
vt 0.61666 0.43208
vt 0.58732 0.42042
vt 0.58877 0.42986
vt 0.62922 0.42042
vt 0.62930 0.43133
vt 0.99118 0.01808
vt 0.99958 0.02292
vt 0.99958 0.00958
vt 0.56213 0.89292
vt 0.56213 0.91958
vt 0.55876 0.90455
vt 0.55542 0.91798
vt 0.57242 0.40616
vt 0.55507 0.42104
vt 0.57745 0.41922
vt 0.54479 0.40561
vt 0.54837 0.42286
vt 0.53649 0.41799
vt 0.51511 0.40292
vt 0.51427 0.41544
vt 0.55278 0.43292
vt 0.58249 0.41950
vt 0.60550 0.41797
vt 0.60219 0.40496
vt 0.57922 0.43218
vt 0.62343 0.41570
vt 0.62140 0.40292
vt 0.22758 0.08872
vt 0.22187 0.08852
vt 0.22452 0.09271
vt 0.22040 0.07708
vt 0.22419 0.10125
vt 0.24027 0.07708
vt 0.25050 0.08940
vt 0.26322 0.07721
vt 0.07599 0.28542
vt 0.07599 0.27958
vt 0.07179 0.28229
vt 0.77540 0.62875
vt 0.77204 0.62045
vt 0.77404 0.62256
vt 0.77540 0.61792
vt 0.35139 0.19458
vt 0.35139 0.19208
vt 0.34719 0.19304
vt 0.96432 0.11875
vt 0.96542 0.12139
vt 0.96734 0.12292
vt 0.96935 0.11875
vt 0.47371 0.02370
vt 0.48070 0.01890
vt 0.47672 0.01737
vt 0.47083 0.02100
vt 0.46893 0.01625
vt 0.47062 0.03125
vt 0.50168 0.01625
vt 0.49908 0.02061
vt 0.49953 0.02937
vt 0.24147 0.23092
vt 0.23575 0.22573
vt 0.24111 0.22531
vt 0.23923 0.23387
vt 0.25483 0.22458
vt 0.22744 0.23542
vt 0.22628 0.22458
vt 0.29555 0.88311
vt 0.29011 0.87071
vt 0.30101 0.86708
vt 0.30101 0.88048
vt 0.29009 0.88542
vt 0.65533 0.72875
vt 0.65281 0.73002
vt 0.65533 0.73542
vt 0.67949 0.18708
vt 0.67380 0.18375
vt 0.68220 0.18375
vt 0.85242 0.43037
vt 0.86188 0.43350
vt 0.85125 0.43565
vt 0.86089 0.43766
vt 0.84761 0.43155
vt 0.84859 0.42458
vt 0.85108 0.44578
vt 0.86033 0.44688
vt 0.85998 0.45120
vt 0.86188 0.45292
vt 0.95928 0.19958
vt 0.97480 0.20531
vt 0.98699 0.19958
vt 0.98029 0.20886
vt 0.96372 0.20295
vt 0.98565 0.21375
vt 0.23971 0.31292
vt 0.22696 0.31958
vt 0.22292 0.31292
vt 0.17498 0.07550
vt 0.15408 0.07042
vt 0.15655 0.08125
vt 0.17306 0.07042
vt 0.15323 0.07949
vt 0.17590 0.08064
vt 0.73174 0.04042
vt 0.72339 0.05096
vt 0.72936 0.05038
vt 0.72947 0.05714
vt 0.72101 0.05792
vt 0.70701 0.05643
vt 0.69983 0.04042
vt 0.87759 0.63953
vt 0.88531 0.65708
vt 0.89631 0.63375
vt 0.87448 0.64560
vt 0.89631 0.65702
vt 0.38106 0.54958
vt 0.37406 0.54292
vt 0.39337 0.54292
vt 0.79668 0.21478
vt 0.80388 0.22683
vt 0.79639 0.23713
vt 0.80390 0.23782
vt 0.80187 0.25670
vt 0.80777 0.20479
vt 0.80340 0.19708
vt 0.81609 0.21382
vt 0.79828 0.19773
vt 0.80836 0.25766
vt 0.81672 0.26375
vt 0.82242 0.25941
vt 0.80977 0.20082
vt 0.82242 0.20071
vt 0.81302 0.24467
vt 0.98531 0.82182
vt 0.97943 0.80499
vt 0.98138 0.80569
vt 0.98215 0.82708
vt 0.98531 0.78875
vt 0.65176 0.46437
vt 0.64097 0.48483
vt 0.64074 0.46693
vt 0.65780 0.45419
vt 0.63976 0.45260
vt 0.65572 0.44511
vt 0.64421 0.42708
vt 0.64892 0.49122
vt 0.66121 0.46413
vt 0.65493 0.47613
vt 0.64622 0.49707
vt 0.63421 0.48679
vt 0.62091 0.47483
vt 0.63195 0.47012
vt 0.62483 0.46777
vt 0.63856 0.43064
vt 0.63568 0.45094
vt 0.65852 0.49215
vt 0.66121 0.51542
vt 0.98814 0.00625
vt 0.98036 0.01958
vt 0.99011 0.01689
vt 0.99202 0.01146
vt 0.97351 0.01757
vt 0.97103 0.00625
vt 0.71167 0.91187
vt 0.72361 0.91228
vt 0.71193 0.89972
vt 0.70621 0.92416
vt 0.72984 0.89474
vt 0.73510 0.91220
vt 0.72497 0.92622
vt 0.70899 0.94432
vt 0.70504 0.93523
vt 0.70319 0.90535
vt 0.70440 0.89312
vt 0.72185 0.88945
vt 0.71461 0.94542
vt 0.73386 0.89467
vt 0.73510 0.88621
vt 0.72641 0.86708
vt 0.40932 0.41745
vt 0.42191 0.42208
vt 0.42191 0.41625
vt 0.52138 0.44208
vt 0.52462 0.44009
vt 0.51849 0.43988
vt 0.53367 0.43125
vt 0.50448 0.43125
vt 0.54954 0.44108
vt 0.50252 0.43496
vt 0.31780 0.37375
vt 0.31675 0.37473
vt 0.31444 0.37394
vt 0.31522 0.37672
vt 0.31780 0.37875
vt 0.90555 0.95833
vt 0.90033 0.93462
vt 0.89985 0.94532
vt 0.88959 0.92765
vt 0.90806 0.92292
vt 0.89726 0.95771
vt 0.90806 0.97625
vt 0.94600 0.70847
vt 0.93890 0.72349
vt 0.93904 0.70569
vt 0.94366 0.69875
vt 0.93439 0.70018
vt 0.93409 0.72204
vt 0.93733 0.72629
vt 0.94752 0.72096
vt 0.94752 0.74292
vt 0.18459 0.65625
vt 0.16331 0.65208
vt 0.18850 0.65208
vt 0.05626 0.39404
vt 0.05068 0.39125
vt 0.05290 0.39542
vt 0.07263 0.39125
vt 0.05011 0.39486
vt 0.04828 0.39289
vt 0.01134 0.27542
vt 0.01134 0.26958
vt 0.00966 0.27004
vt 0.85264 0.66625
vt 0.85264 0.64292
vt 0.84593 0.66293
vt 0.84173 0.53375
vt 0.83079 0.53958
vt 0.81654 0.53375
vt 0.82552 0.53912
vt 0.29345 0.03292
vt 0.26210 0.03987
vt 0.25569 0.03292
vt 0.25063 0.03423
vt 0.28342 0.04625
vt 0.61227 0.08164
vt 0.58828 0.08458
vt 0.57785 0.07292
vt 0.55877 0.08077
vt 0.61503 0.07292
vt 0.79130 0.22131
vt 0.77540 0.20606
vt 0.78070 0.24164
vt 0.78570 0.20191
vt 0.79219 0.25125
vt 0.79219 0.19708
vt 0.32930 0.72420
vt 0.31844 0.74582
vt 0.30685 0.74816
vt 0.32858 0.71226
vt 0.34551 0.69982
vt 0.34102 0.68221
vt 0.30207 0.72907
vt 0.31454 0.73347
vt 0.31594 0.75345
vt 0.32524 0.75846
vt 0.34105 0.75418
vt 0.32817 0.76254
vt 0.33725 0.77240
vt 0.33666 0.77958
vt 0.32502 0.76888
vt 0.34551 0.77954
vt 0.29687 0.73903
vt 0.28909 0.74578
vt 0.30840 0.69518
vt 0.31295 0.70785
vt 0.29563 0.72678
vt 0.29367 0.69820
vt 0.28342 0.71815
vt 0.33360 0.67042
vt 0.27582 0.73365
vt 0.93325 0.74379
vt 0.94500 0.75458
vt 0.94500 0.74286
vt 0.94129 0.73542
vt 0.93567 0.75286
vt 0.06216 0.58583
vt 0.05040 0.59288
vt 0.06926 0.61340
vt 0.07263 0.57792
vt 0.06242 0.62086
vt 0.07263 0.62625
vt 0.06358 0.58168
vt 0.06184 0.58242
vt 0.05995 0.58446
vt 0.04927 0.60394
vt 0.03790 0.58099
vt 0.04383 0.58409
vt 0.05045 0.58717
vt 0.02645 0.57974
vt 0.54683 0.71220
vt 0.54257 0.73347
vt 0.53299 0.71989
vt 0.53485 0.70184
vt 0.52360 0.70456
vt 0.51816 0.71962
vt 0.52249 0.68764
vt 0.55556 0.73603
vt 0.54892 0.75243
vt 0.56549 0.76625
vt 0.51124 0.70732
vt 0.50504 0.71197
vt 0.52867 0.73818
vt 0.51190 0.72411
vt 0.54086 0.69300
vt 0.54731 0.68032
vt 0.56549 0.67377
vt 0.54854 0.66958
vt 0.51824 0.69184
vt 0.51512 0.74215
vt 0.50168 0.70330
vt 0.45136 0.20607
vt 0.42863 0.20375
vt 0.43866 0.21381
vt 0.45109 0.22625
vt 0.48076 0.20375
vt 0.48456 0.21331
vt 0.46364 0.22624
vt 0.50504 0.20551
vt 0.18412 0.55780
vt 0.19391 0.55551
vt 0.19979 0.56722
vt 0.20766 0.56690
vt 0.21704 0.57792
vt 0.17821 0.55015
vt 0.17856 0.54615
vt 0.19986 0.51537
vt 0.20910 0.52250
vt 0.19557 0.54314
vt 0.21704 0.50208
vt 0.17758 0.52310
vt 0.18510 0.51045
vt 0.19304 0.50211
vt 0.15511 0.47532
vt 0.17913 0.48542
vt 0.18322 0.47650
vt 0.20361 0.48005
vt 0.14060 0.48168
vt 0.14067 0.47375
vt 0.13476 0.47854
vt 0.20141 0.47375
vt 0.92821 0.18328
vt 0.93325 0.20792
vt 0.93325 0.16542
vt 0.45214 0.70458
vt 0.45214 0.68625
vt 0.45046 0.68867
vt 0.08348 0.91148
vt 0.04988 0.90474
vt 0.10594 0.87480
vt 0.06452 0.94833
vt 0.02709 0.92348
vt 0.05844 0.86643
vt 0.09817 0.89916
vt 0.08535 0.92497
vt 0.08837 0.95355
vt 0.07439 0.97568
vt 0.03505 0.94210
vt 0.14612 0.94997
vt 0.18094 0.88992
vt 0.18094 0.93180
vt 0.14938 0.85203
vt 0.16613 0.86536
vt 0.03380 0.90476
vt 0.04400 0.87820
vt 0.03527 0.88086
vt 0.12864 0.84319
vt 0.12091 0.98934
vt 0.08212 0.98478
vt 0.06679 0.97529
vt 0.14458 0.98383
vt 0.16473 0.96661
vt 0.15851 0.97208
vt 0.06783 0.85276
vt 0.09328 0.84125
vt 0.04937 0.95985
vt 0.07514 0.84687
vt 0.02561 0.90372
vt 0.02924 0.88331
vt 0.03720 0.87348
vt 0.04327 0.85373
vt 0.05901 0.85128
vt 0.11109 0.99125
vt 0.83896 0.46797
vt 0.83191 0.46465
vt 0.83560 0.45204
vt 0.83165 0.44732
vt 0.84005 0.42375
vt 0.83478 0.47292
vt 0.84005 0.47025
vt 0.93248 0.86794
vt 0.94273 0.87527
vt 0.94047 0.86381
vt 0.93143 0.88287
vt 0.92569 0.85114
vt 0.94500 0.84558
vt 0.94500 0.88542
vt 0.92907 0.84125
vt 0.98195 0.34125
vt 0.98195 0.36208
vt 0.96851 0.35886
vt 0.96856 0.34587
vt 0.55793 0.94375
vt 0.55374 0.94712
vt 0.55793 0.96042
vt 0.37308 0.08799
vt 0.36159 0.08515
vt 0.38090 0.07804
vt 0.39301 0.08860
vt 0.37384 0.09875
vt 0.40596 0.07792
vt 0.36621 0.07792
vt 0.36116 0.08011
vt 0.37188 0.09160
vt 0.37107 0.09373
vt 0.36415 0.09404
vt 0.37152 0.09566
vt 0.35894 0.09572
vt 0.37019 0.09797
vt 0.32289 0.84083
vt 0.32368 0.84625
vt 0.31498 0.84439
vt 0.31444 0.83720
vt 0.32368 0.83542
vt 0.38364 0.55693
vt 0.35638 0.57387
vt 0.39253 0.55567
vt 0.32630 0.57502
vt 0.39171 0.55125
vt 0.32786 0.58538
vt 0.29182 0.58873
vt 0.28789 0.57956
vt 0.25481 0.58064
vt 0.26117 0.58875
vt 0.22795 0.58484
vt 0.23431 0.57676
vt 0.27005 0.55788
vt 0.23307 0.55566
vt 0.22628 0.57650
vt 0.22864 0.55125
vt 0.04492 0.50625
vt 0.04492 0.50375
vt 0.03149 0.50420
vt 0.17506 0.61882
vt 0.17506 0.62125
vt 0.17170 0.61962
vt 0.17333 0.61125
vt 0.15348 0.46632
vt 0.15407 0.45426
vt 0.14662 0.45298
vt 0.14540 0.46821
vt 0.14680 0.46895
vt 0.08569 0.47375
vt 0.13120 0.44841
vt 0.09135 0.45217
vt 0.13775 0.47187
vt 0.06837 0.44792
vt 0.10341 0.44792
vt 0.05089 0.47374
vt 0.03534 0.44895
vt 0.01889 0.47374
vt 0.34510 0.75413
vt 0.34971 0.76610
vt 0.34568 0.76769
vt 0.34573 0.77042
vt 0.34131 0.76543
vt 0.34340 0.73346
vt 0.34371 0.72836
vt 0.34893 0.74400
vt 0.34339 0.73945
vt 0.34971 0.71095
vt 0.34342 0.71670
vt 0.34494 0.70875
vt 0.26386 0.53676
vt 0.26246 0.54410
vt 0.27906 0.53859
vt 0.31341 0.54159
vt 0.30296 0.54708
vt 0.33548 0.54046
vt 0.36265 0.52549
vt 0.36791 0.52670
vt 0.39001 0.50958
vt 0.25589 0.54374
vt 0.25545 0.53254
vt 0.24948 0.53728
vt 0.23468 0.52515
vt 0.24080 0.51891
vt 0.25051 0.52239
vt 0.25144 0.51582
vt 0.24586 0.50958
vt 0.25538 0.52735
vt 0.25833 0.52215
vt 0.26050 0.52503
vt 0.11576 0.34013
vt 0.13168 0.34189
vt 0.13506 0.33963
vt 0.13645 0.34167
vt 0.14208 0.34173
vt 0.15659 0.33708
vt 0.12072 0.34292
vt 0.11316 0.34226
vt 0.11293 0.33708
vt 0.83134 0.30958
vt 0.82576 0.31132
vt 0.82705 0.31816
vt 0.82410 0.31324
vt 0.84005 0.31170
vt 0.84301 0.32042
vt 0.85264 0.30958
vt 0.91942 0.29910
vt 0.90256 0.30041
vt 0.89966 0.27880
vt 0.91962 0.28463
vt 0.91408 0.27490
vt 0.92317 0.26792
vt 0.90681 0.31103
vt 0.92317 0.31356
vt 0.90815 0.31542
vt 0.42892 0.02312
vt 0.41816 0.03708
vt 0.42826 0.03606
vt 0.41405 0.02499
vt 0.41346 0.02389
vt 0.41713 0.02042
vt 0.41268 0.03036
vt 0.44167 0.03480
vt 0.44374 0.02042
vt 0.51008 0.83125
vt 0.51511 0.83125
vt 0.51507 0.83208
vt 0.05254 0.13907
vt 0.04974 0.13042
vt 0.04516 0.13878
vt 0.06279 0.13895
vt 0.06140 0.13333
vt 0.06759 0.13815
vt 0.04106 0.14042
vt 0.04343 0.13802
vt 0.04042 0.13687
vt 0.03484 0.13042
vt 0.06387 0.14013
vt 0.06316 0.14002
vt 0.23966 0.38416
vt 0.24272 0.37315
vt 0.23666 0.37923
vt 0.23188 0.37292
vt 0.23189 0.38047
vt 0.23425 0.38640
vt 0.22763 0.38767
vt 0.22873 0.39542
vt 0.21190 0.39026
vt 0.21006 0.37293
vt 0.19773 0.38524
vt 0.24363 0.38374
vt 0.27217 0.38327
vt 0.26455 0.37293
vt 0.28499 0.37349
vt 0.31276 0.37757
vt 0.30874 0.38520
vt 0.15575 0.02208
vt 0.15413 0.03458
vt 0.14903 0.02208
vt 0.77876 0.41708
vt 0.77498 0.42208
vt 0.76532 0.41708
vt 0.91064 0.24399
vt 0.89832 0.24370
vt 0.90210 0.24042
vt 0.89934 0.21822
vt 0.91310 0.22959
vt 0.91174 0.21458
vt 0.89715 0.25613
vt 0.90167 0.26134
vt 0.91310 0.26106
vt 0.90027 0.26958
vt 0.26634 0.96958
vt 0.26490 0.93152
vt 0.27498 0.94023
vt 0.27472 0.91990
vt 0.26619 0.89752
vt 0.27480 0.89819
vt 0.27482 0.88742
vt 0.26718 0.86292
vt 0.27498 0.86563
vt 0.88005 0.04916
vt 0.88505 0.04958
vt 0.88411 0.04537
vt 0.87918 0.04447
vt 0.88705 0.04120
vt 0.88135 0.03938
vt 0.87468 0.04609
vt 0.84859 0.04479
vt 0.84677 0.03708
vt 0.88831 0.03708
vt 0.88875 0.04618
vt 0.23300 0.18208
vt 0.23887 0.18208
vt 0.23684 0.18542
vt 0.14148 0.29125
vt 0.15968 0.30669
vt 0.16547 0.29331
vt 0.17964 0.29611
vt 0.17942 0.31125
vt 0.21690 0.30573
vt 0.21061 0.29678
vt 0.23411 0.29845
vt 0.23084 0.30173
vt 0.23782 0.30773
vt 0.23759 0.30312
vt 0.22661 0.29368
vt 0.23755 0.31078
vt 0.23785 0.29908
vt 0.23296 0.29443
vt 0.23664 0.29543
vt 0.23598 0.29156
vt 0.24139 0.29259
vt 0.23069 0.29125
vt 0.37154 0.80618
vt 0.37573 0.80416
vt 0.37573 0.80792
vt 0.37374 0.79875
vt 0.04912 0.00458
vt 0.07548 0.01125
vt 0.07683 0.00458
vt 0.06002 0.01078
vt 0.51155 0.41042
vt 0.50881 0.40503
vt 0.51343 0.40375
vt 0.50336 0.40375
vt 0.43416 0.69537
vt 0.44878 0.70176
vt 0.44601 0.71039
vt 0.44562 0.69668
vt 0.44175 0.69506
vt 0.42863 0.70606
vt 0.44878 0.72292
vt 0.44163 0.67958
vt 0.32536 0.34292
vt 0.31948 0.34509
vt 0.32536 0.34542
vt 0.37909 0.01208
vt 0.38329 0.01208
vt 0.38128 0.01375
vt 0.13249 0.68875
vt 0.13679 0.68219
vt 0.13160 0.68183
vt 0.13568 0.67796
vt 0.14530 0.67950
vt 0.10802 0.67886
vt 0.11982 0.67088
vt 0.14487 0.68580
vt 0.11274 0.67381
vt 0.09950 0.66958
vt 0.13955 0.67400
vt 0.15592 0.66958
vt 0.16163 0.67188
vt 0.11797 0.33586
vt 0.11797 0.33334
vt 0.11377 0.33625
vt 0.11501 0.33292
vt 0.76210 0.43273
vt 0.76196 0.43856
vt 0.76616 0.43274
vt 0.75861 0.43630
vt 0.76560 0.43201
vt 0.76616 0.44625
vt 0.75968 0.43125
vt 0.94668 0.93458
vt 0.94394 0.94125
vt 0.94165 0.93458
vt 0.46306 0.15012
vt 0.46475 0.14875
vt 0.46608 0.15208
vt 0.47565 0.14875
vt 0.98027 0.51458
vt 0.97612 0.51458
vt 0.97855 0.51708
vt 0.97607 0.51654
vt 0.48908 0.10625
vt 0.50000 0.10625
vt 0.49792 0.11008
vt 0.49976 0.11042
vt 0.24557 0.03042
vt 0.24505 0.01458
vt 0.24261 0.02741
vt 0.23858 0.02628
vt 0.23636 0.02454
vt 0.26199 0.03001
vt 0.26742 0.02297
vt 0.25549 0.01458
vt 0.23639 0.01579
vt 0.08226 0.05458
vt 0.07473 0.05171
vt 0.07377 0.05436
vt 0.08254 0.05042
vt 0.07095 0.05042
vt 0.07110 0.05303
vt 0.09278 0.05140
vt 0.18850 0.93125
vt 0.18430 0.93125
vt 0.18636 0.93375
vt 0.99370 0.70416
vt 0.99790 0.71875
vt 0.99790 0.68542
vt 0.50324 0.18038
vt 0.50463 0.18520
vt 0.50592 0.18570
vt 0.51980 0.18236
vt 0.52478 0.16946
vt 0.49916 0.17358
vt 0.50446 0.18333
vt 0.50092 0.18302
vt 0.50342 0.18543
vt 0.51176 0.19542
vt 0.49974 0.16850
vt 0.52676 0.19509
vt 0.51920 0.15958
vt 0.50093 0.15958
vt 0.54280 0.16550
vt 0.55122 0.17099
vt 0.72334 0.15629
vt 0.72754 0.16485
vt 0.72385 0.17875
vt 0.72722 0.17335
vt 0.72754 0.15529
vt 0.72424 0.15375
vt 0.35230 0.24384
vt 0.35305 0.24042
vt 0.35574 0.24467
vt 0.35223 0.24792
vt 0.36146 0.24042
vt 0.35798 0.24784
vt 0.37573 0.76708
vt 0.37422 0.76651
vt 0.37489 0.76658
vt 0.37573 0.76125
vt 0.37406 0.76645
vt 0.34445 0.48125
vt 0.33837 0.48530
vt 0.34467 0.48625
vt 0.33039 0.48125
vt 0.68976 0.27708
vt 0.68549 0.28042
vt 0.68388 0.27708
vt 0.24672 0.97568
vt 0.24717 0.97510
vt 0.24727 0.97958
vt 0.24570 0.97699
vt 0.24475 0.97819
vt 0.24530 0.97937
vt 0.24727 0.97458
vt 0.24686 0.97512
vt 0.51511 0.53292
vt 0.53610 0.53292
vt 0.52291 0.53625
vt 0.77960 0.25458
vt 0.78185 0.26214
vt 0.78879 0.26051
vt 0.79975 0.25458
vt 0.78674 0.26458
vt 0.85308 0.00234
vt 0.85348 0.00042
vt 0.84854 0.00065
vt 0.84845 0.00042
vt 0.85054 0.00194
vt 0.85187 0.00292
vt 0.86480 0.89855
vt 0.86944 0.88958
vt 0.86459 0.89681
vt 0.86944 0.89875
vt 0.86188 0.89761
vt 0.24559 0.43436
vt 0.25591 0.43294
vt 0.25380 0.43594
vt 0.25987 0.46458
vt 0.25178 0.43121
vt 0.25299 0.42542
vt 0.25987 0.42702
vt 0.24643 0.13605
vt 0.23992 0.12790
vt 0.24256 0.13355
vt 0.24643 0.12542
vt 0.23838 0.13448
vt 0.23636 0.13708
vt 0.11041 0.05292
vt 0.10721 0.05542
vt 0.10034 0.05292
vt 0.85823 0.19919
vt 0.86573 0.19541
vt 0.84593 0.19125
vt 0.85592 0.20458
vt 0.86151 0.19125
vt 0.86066 0.20457
vt 0.86705 0.19125
vt 0.86944 0.19219
vt 0.86281 0.20424
vt 0.46827 0.16538
vt 0.47015 0.15574
vt 0.45775 0.15843
vt 0.45543 0.16239
vt 0.48374 0.15044
vt 0.48034 0.17574
vt 0.49634 0.17445
vt 0.50000 0.15042
vt 0.49049 0.17958
vt 0.45316 0.15764
vt 0.45258 0.15997
vt 0.45210 0.15641
vt 0.44831 0.15893
vt 0.44542 0.15629
vt 0.45775 0.15042
vt 0.95287 0.25113
vt 0.95632 0.26863
vt 0.95088 0.26656
vt 0.96180 0.25144
vt 0.95911 0.24542
vt 0.96180 0.26958
vt 0.32615 0.12151
vt 0.33663 0.13031
vt 0.34067 0.12109
vt 0.35354 0.12441
vt 0.35321 0.11958
vt 0.35763 0.12104
vt 0.35945 0.12301
vt 0.31000 0.12204
vt 0.31293 0.13125
vt 0.30506 0.12041
vt 0.29597 0.11958
vt 0.35899 0.12009
vt 0.36314 0.12364
vt 0.35048 0.77384
vt 0.34730 0.77515
vt 0.34812 0.77792
vt 0.34215 0.77375
vt 0.35153 0.77676
vt 0.35390 0.77375
vt 0.42066 0.23666
vt 0.42135 0.23416
vt 0.42285 0.23716
vt 0.42716 0.23337
vt 0.42503 0.24208
vt 0.41988 0.23559
vt 0.41772 0.23292
vt 0.42779 0.23292
vt 0.41789 0.23861
vt 0.32368 0.74208
vt 0.33039 0.73792
vt 0.32513 0.73792
vt 0.32811 0.74142
vt 0.16393 0.62375
vt 0.16079 0.62042
vt 0.16835 0.62042
vt 0.67212 0.19698
vt 0.67548 0.19875
vt 0.67548 0.19375
vt 0.87615 0.91375
vt 0.87615 0.90875
vt 0.87448 0.90914
vt 0.05080 0.05091
vt 0.05500 0.05042
vt 0.05479 0.05420
vt 0.05500 0.05542
vt 0.42527 0.85458
vt 0.42527 0.84458
vt 0.42443 0.85398
vt 0.25063 0.14302
vt 0.25364 0.13875
vt 0.25483 0.14114
vt 0.25483 0.15792
vt 0.18430 0.85125
vt 0.18430 0.83792
vt 0.18262 0.83849
vt 0.41856 0.68457
vt 0.42107 0.68292
vt 0.42038 0.68413
vt 0.42107 0.68958
vt 0.44348 0.69375
vt 0.44782 0.69303
vt 0.44794 0.69208
vt 0.44291 0.69208
vt 0.52084 0.23875
vt 0.51786 0.23208
vt 0.52603 0.23208
vt 0.51427 0.23824
vt 0.46390 0.66019
vt 0.46641 0.66792
vt 0.46641 0.65792
vt 0.98027 0.08458
vt 0.98027 0.09125
vt 0.97355 0.08936
vt 0.97764 0.08525
vt 0.26910 0.33804
vt 0.26574 0.33557
vt 0.26583 0.34208
vt 0.26910 0.32958
vt 0.90678 0.02913
vt 0.90689 0.03031
vt 0.90752 0.02976
vt 0.90812 0.03042
vt 0.92233 0.02792
vt 0.90302 0.02792
vt 0.54702 0.42875
vt 0.54569 0.43306
vt 0.54324 0.43089
vt 0.54282 0.42912
vt 0.54532 0.43415
vt 0.54702 0.43458
vt 0.62175 0.58193
vt 0.63293 0.56116
vt 0.63960 0.58838
vt 0.64230 0.60206
vt 0.62695 0.61028
vt 0.64178 0.61730
vt 0.62237 0.57247
vt 0.64945 0.63208
vt 0.62899 0.55835
vt 0.63592 0.55541
vt 0.64945 0.53042
vt 0.64082 0.18292
vt 0.60930 0.18792
vt 0.66121 0.18768
vt 0.60825 0.18292
vt 0.57473 0.18733
vt 0.65367 0.31534
vt 0.64566 0.34381
vt 0.65275 0.34395
vt 0.63299 0.31767
vt 0.66362 0.34458
vt 0.67206 0.34184
vt 0.68233 0.31787
vt 0.69144 0.34185
vt 0.64293 0.34404
vt 0.68433 0.31156
vt 0.66306 0.30958
vt 0.63523 0.30958
vt 0.63428 0.31428
vt 0.60411 0.31023
vt 0.78723 0.62875
vt 0.79947 0.65032
vt 0.78989 0.64722
vt 0.77624 0.62686
vt 0.79454 0.66992
vt 0.78231 0.61614
vt 0.80395 0.62297
vt 0.79738 0.66827
vt 0.80395 0.67310
vt 0.79763 0.67458
vt 0.79215 0.62900
vt 0.77834 0.60542
vt 0.79573 0.66993
vt 0.14091 0.16802
vt 0.13014 0.16509
vt 0.12518 0.17208
vt 0.11616 0.15923
vt 0.10802 0.16609
vt 0.15499 0.17030
vt 0.10766 0.15625
vt 0.14791 0.16516
vt 0.16280 0.16275
vt 0.17758 0.15625
vt 0.10705 0.15726
vt 0.57076 0.72788
vt 0.59289 0.71529
vt 0.59253 0.73302
vt 0.56550 0.70994
vt 0.56482 0.72471
vt 0.59172 0.69757
vt 0.58021 0.69030
vt 0.56465 0.73143
vt 0.56723 0.69571
vt 0.60018 0.71689
vt 0.60358 0.73073
vt 0.59880 0.68875
vt 0.60411 0.69285
vt 0.56993 0.76217
vt 0.59268 0.76484
vt 0.56625 0.74254
vt 0.60112 0.73924
vt 0.60071 0.75715
vt 0.59441 0.76121
vt 0.59984 0.78289
vt 0.59626 0.78587
vt 0.60411 0.79375
vt 0.40277 0.19307
vt 0.39647 0.20614
vt 0.38496 0.19536
vt 0.38117 0.20708
vt 0.35673 0.20485
vt 0.35779 0.19292
vt 0.41145 0.19293
vt 0.34803 0.19838
vt 0.41107 0.20459
vt 0.42247 0.19292
vt 0.42527 0.19701
vt 0.75225 0.56957
vt 0.75771 0.54676
vt 0.76046 0.57292
vt 0.74585 0.56129
vt 0.74824 0.52514
vt 0.76113 0.53206
vt 0.74013 0.51439
vt 0.76113 0.50408
vt 0.75342 0.48708
vt 0.56885 0.54625
vt 0.56885 0.54042
vt 0.56717 0.54524
vt 0.81495 0.74341
vt 0.81150 0.74539
vt 0.81514 0.74125
vt 0.81573 0.74458
vt 0.81654 0.74211
vt 0.81654 0.75125
vt 0.47609 0.99255
vt 0.48519 0.98284
vt 0.48105 0.98096
vt 0.47334 0.97373
vt 0.47272 0.97124
vt 0.46867 0.97070
vt 0.47112 0.97069
vt 0.47221 0.96859
vt 0.47654 0.96096
vt 0.48098 0.96812
vt 0.48545 0.97220
vt 0.49412 0.97316
vt 0.49229 0.98501
vt 0.44687 0.96263
vt 0.44466 0.95637
vt 0.44662 0.96846
vt 0.43732 0.94888
vt 0.44916 0.96016
vt 0.42426 0.95643
vt 0.44054 0.97594
vt 0.41503 0.95833
vt 0.43024 0.97615
vt 0.40285 0.97352
vt 0.39602 0.95354
vt 0.40310 0.99792
vt 0.39001 0.99722
vt 0.44779 0.98114
vt 0.45512 0.97723
vt 0.40586 0.93708
vt 0.44926 0.96207
vt 0.44936 0.95995
vt 0.45003 0.96096
vt 0.44047 0.95046
vt 0.44205 0.94271
vt 0.45386 0.95553
vt 0.45391 0.94561
vt 0.44639 0.93947
vt 0.46530 0.95782
vt 0.46862 0.96965
vt 0.45456 0.93708
vt 0.44942 0.93725
vt 0.34511 0.06932
vt 0.34635 0.05875
vt 0.34215 0.06979
vt 0.34635 0.07208
vt 0.88976 0.97458
vt 0.88753 0.94926
vt 0.88880 0.95005
vt 0.89295 0.94792
vt 0.89295 0.97216
vt 0.88035 0.96205
vt 0.08362 0.68349
vt 0.07643 0.69875
vt 0.07305 0.68607
vt 0.06633 0.69099
vt 0.06003 0.68292
vt 0.09026 0.69609
vt 0.08574 0.68292
vt 0.04492 0.71375
vt 0.06039 0.71958
vt 0.06202 0.71832
vt 0.07095 0.71375
vt 0.10621 0.31766
vt 0.10957 0.30875
vt 0.10637 0.31098
vt 0.10957 0.32542
vt 0.36885 0.10458
vt 0.36314 0.10375
vt 0.36986 0.10375
vt 0.67212 0.39125
vt 0.67464 0.39125
vt 0.67312 0.39208
vt 0.02662 0.99166
vt 0.02452 0.98260
vt 0.01219 0.99683
vt 0.02070 0.98179
vt 0.02729 0.99708
vt 0.02729 0.98867
vt 0.01217 0.98227
vt 0.01541 0.97792
vt 0.14342 0.99042
vt 0.14111 0.99840
vt 0.13632 0.99053
vt 0.14903 0.99053
vt 0.13560 0.99889
vt 0.13625 0.99958
vt 0.80395 0.11792
vt 0.80395 0.11208
vt 0.79723 0.11587
vt 0.33878 0.85063
vt 0.34096 0.85292
vt 0.34887 0.84458
vt 0.33861 0.85278
vt 0.33780 0.84458
vt 0.33711 0.85233
vt 0.45466 0.54272
vt 0.45802 0.53625
vt 0.45802 0.54458
vt 0.45580 0.54371
vt 0.34637 0.65905
vt 0.34887 0.64958
vt 0.34887 0.66292
vt 0.34383 0.65118
vt 0.90490 0.48843
vt 0.90654 0.49544
vt 0.90958 0.49486
vt 0.90868 0.49708
vt 0.90974 0.49841
vt 0.90802 0.49958
vt 0.90974 0.43958
vt 0.89966 0.48333
vt 0.62427 0.17631
vt 0.62594 0.17537
vt 0.62594 0.18042
vt 0.62500 0.17458
vt 0.99790 0.96223
vt 0.99893 0.95963
vt 0.99958 0.96292
vt 0.99958 0.95792
vt 0.02561 0.39209
vt 0.02890 0.39292
vt 0.02947 0.39208
vt 0.03401 0.39209
vt 0.89654 0.16725
vt 0.89291 0.16418
vt 0.89790 0.16361
vt 0.89667 0.15947
vt 0.89127 0.14505
vt 0.89658 0.15355
vt 0.89652 0.14995
vt 0.89631 0.14624
vt 0.89726 0.14355
vt 0.89705 0.15368
vt 0.89319 0.14244
vt 0.89678 0.14160
vt 0.89710 0.15615
vt 0.89798 0.14079
vt 0.89609 0.13814
vt 0.89737 0.13854
vt 0.89753 0.13118
vt 0.89455 0.12958
vt 0.89686 0.16842
vt 0.89594 0.16786
vt 0.89614 0.17125
vt 0.89798 0.17208
vt 0.18817 0.87402
vt 0.18739 0.87074
vt 0.19186 0.87708
vt 0.19183 0.86345
vt 0.18814 0.85983
vt 0.18639 0.85077
vt 0.18598 0.85271
vt 0.18849 0.85245
vt 0.19186 0.84958
vt 0.18739 0.84992
vt 0.03180 0.07601
vt 0.04225 0.08245
vt 0.04472 0.08079
vt 0.05835 0.07458
vt 0.04390 0.08241
vt 0.05334 0.08036
vt 0.05684 0.08024
vt 0.03727 0.08322
vt 0.03136 0.08237
vt 0.03350 0.08606
vt 0.01584 0.08399
vt 0.04573 0.08169
vt 0.02637 0.08708
vt 0.01705 0.07947
vt 0.00666 0.08365
vt 0.00294 0.07458
vt 0.89325 0.87667
vt 0.89321 0.88247
vt 0.89269 0.87912
vt 0.89631 0.88556
vt 0.89244 0.88671
vt 0.89631 0.86602
vt 0.89330 0.87291
vt 0.89341 0.86919
vt 0.89406 0.88904
vt 0.89211 0.86375
vt 0.89221 0.86660
vt 0.89427 0.89317
vt 0.89259 0.89163
vt 0.89303 0.89542
vt 0.63182 0.51208
vt 0.63854 0.51208
vt 0.63632 0.51375
vt 0.64274 0.21292
vt 0.64274 0.20958
vt 0.64190 0.21027
vt 0.50420 0.12035
vt 0.50420 0.11542
vt 0.50320 0.11658
vt 0.50084 0.12042
vt 0.78380 0.57292
vt 0.78212 0.57405
vt 0.78380 0.57708
vt 0.80730 0.10125
vt 0.80730 0.09625
vt 0.80647 0.09816
vt 0.33459 0.16458
vt 0.33123 0.16375
vt 0.33420 0.16375
vt 0.31360 0.22708
vt 0.31107 0.22958
vt 0.31024 0.22958
vt 0.99790 0.77292
vt 0.99790 0.76458
vt 0.99538 0.77035
vt 0.61167 0.06958
vt 0.61167 0.06125
vt 0.60999 0.06668
vt 0.44878 0.07848
vt 0.45068 0.07987
vt 0.45382 0.06708
vt 0.45382 0.07952
vt 0.44962 0.07102
vt 0.44993 0.08292
vt 0.27414 0.52208
vt 0.27414 0.51792
vt 0.27246 0.51973
vt 0.31153 0.08329
vt 0.34219 0.08095
vt 0.34299 0.10792
vt 0.31108 0.07208
vt 0.34299 0.07263
vt 0.31666 0.09630
vt 0.31595 0.10698
vt 0.65869 0.99208
vt 0.69510 0.99463
vt 0.69020 0.99792
vt 0.72586 0.99208
vt 0.17170 0.54792
vt 0.17170 0.55125
vt 0.17254 0.54915
vt 0.35021 0.03987
vt 0.35139 0.04125
vt 0.34719 0.04063
vt 0.35139 0.03792
vt 0.62343 0.54958
vt 0.62343 0.55344
vt 0.62175 0.54990
vt 0.62223 0.55792
vt 0.19605 0.18542
vt 0.21033 0.18542
vt 0.21000 0.18792
vt 0.81066 0.86292
vt 0.81318 0.86292
vt 0.81073 0.86375
vt 0.18682 0.64875
vt 0.18200 0.64875
vt 0.18281 0.65042
vt 0.18178 0.64968
vt 0.77876 0.48042
vt 0.77876 0.47625
vt 0.77711 0.47903
vt 0.77708 0.47995
vt 0.84694 0.79158
vt 0.84845 0.79024
vt 0.84775 0.79285
vt 0.84593 0.79063
vt 0.84639 0.79242
vt 0.84642 0.78292
vt 0.84780 0.79314
vt 0.84845 0.79708
vt 0.84425 0.79208
vt 0.84257 0.79665
vt 0.84425 0.79708
vt 0.06759 0.68292
vt 0.06759 0.68125
vt 0.06675 0.68235
vt 0.36482 0.53459
vt 0.36235 0.53458
vt 0.36380 0.53625
vt 0.35474 0.53459
vt 0.01527 0.41542
vt 0.01385 0.41208
vt 0.02141 0.41208
vt 0.76280 0.00208
vt 0.76029 0.01068
vt 0.76280 0.01208
vt 0.99538 0.76050
vt 0.99790 0.76292
vt 0.99728 0.76037
vt 0.99790 0.73458
vt 0.68344 0.13493
vt 0.67524 0.12494
vt 0.66978 0.13291
vt 0.67245 0.12515
vt 0.70388 0.11321
vt 0.67791 0.11292
vt 0.70286 0.12213
vt 0.69654 0.14272
vt 0.67168 0.12309
vt 0.70739 0.11292
vt 0.67277 0.13915
vt 0.66538 0.13585
vt 0.66121 0.14292
vt 0.61912 0.63375
vt 0.63434 0.63283
vt 0.62904 0.63128
vt 0.63304 0.62708
vt 0.60327 0.62708
vt 0.32320 0.26842
vt 0.33158 0.27545
vt 0.33572 0.26792
vt 0.31780 0.27418
vt 0.33693 0.27708
vt 0.34887 0.27657
vt 0.34629 0.26792
vt 0.18711 0.36240
vt 0.17771 0.36398
vt 0.17707 0.36558
vt 0.17176 0.36625
vt 0.15733 0.36488
vt 0.13585 0.35542
vt 0.19186 0.35542
vt 0.14036 0.36163
vt 0.13224 0.35600
vt 0.48447 0.99531
vt 0.48237 0.99101
vt 0.48319 0.99708
vt 0.49602 0.99557
vt 0.48358 0.98708
vt 0.50084 0.98708
vt 0.49548 0.99171
vt 0.80311 0.19625
vt 0.78967 0.19225
vt 0.80311 0.18708
vt 0.78987 0.18860
vt 0.92653 0.94019
vt 0.91525 0.92345
vt 0.92653 0.91755
vt 0.91988 0.90708
vt 0.91226 0.93739
vt 0.91235 0.94264
vt 0.91416 0.95282
vt 0.92514 0.95084
vt 0.91902 0.95958
vt 0.92641 0.91545
vt 0.58564 0.35875
vt 0.57748 0.36212
vt 0.57867 0.36625
vt 0.57151 0.36553
vt 0.56727 0.35875
vt 0.56406 0.36556
vt 0.55961 0.36534
vt 0.68693 0.54589
vt 0.67251 0.49082
vt 0.68222 0.50162
vt 0.69294 0.54486
vt 0.69479 0.57375
vt 0.66373 0.52734
vt 0.66779 0.54807
vt 0.68709 0.56988
vt 0.68421 0.48812
vt 0.69344 0.49582
vt 0.68624 0.48292
vt 0.69289 0.48991
vt 0.69479 0.49150
vt 0.00685 0.19669
vt 0.02993 0.19298
vt 0.02665 0.18325
vt 0.00646 0.18247
vt 0.03349 0.17542
vt 0.01913 0.19844
vt 0.05441 0.20045
vt 0.03303 0.18426
vt 0.05410 0.18052
vt 0.04909 0.18812
vt 0.06171 0.18509
vt 0.00210 0.18553
vt 0.04218 0.19424
vt 0.01487 0.20263
vt 0.00700 0.17542
vt 0.00758 0.20374
vt 0.01332 0.20375
vt 0.03952 0.03610
vt 0.01597 0.03216
vt 0.02073 0.03989
vt 0.04523 0.03208
vt 0.04912 0.04476
vt 0.01748 0.03736
vt 0.01867 0.04252
vt 0.02851 0.04282
vt 0.04160 0.04625
vt 0.04799 0.04559
vt 0.01391 0.03330
vt 0.01217 0.03208
vt 0.35978 0.23542
vt 0.34905 0.23792
vt 0.34635 0.23542
vt 0.46474 0.05612
vt 0.46800 0.05625
vt 0.46510 0.05208
vt 0.47817 0.05208
vt 0.00000 1.00000
vt 0.00000 1.00000
vt 0.00000 1.00000
vt 0.00000 1.00000
vt 0.00000 1.00000
vt 0.00000 1.00000
vt 0.00000 1.00000
vt 0.00000 1.00000
vt 0.00000 1.00000
vt 0.22762 0.05730
vt 0.23132 0.06125
vt 0.22211 0.05856
vt 0.20781 0.05125
vt 0.23092 0.05125
vt 0.84257 0.56547
vt 0.81900 0.56528
vt 0.82251 0.54542
vt 0.84257 0.54091
vt 0.81837 0.58850
vt 0.84096 0.58741
vt 0.84021 0.59375
vt 0.81796 0.54110
vt 0.81234 0.54743
vt 0.81246 0.53542
vt 0.84206 0.58794
vt 0.55461 0.98359
vt 0.52855 0.98125
vt 0.55168 0.98708
vt 0.58312 0.98125
vt 0.66625 0.06458
vt 0.66625 0.06208
vt 0.66289 0.06228
vt 0.97943 0.28436
vt 0.98699 0.31444
vt 0.98125 0.31329
vt 0.98699 0.27958
vt 0.98446 0.31458
vt 0.68806 0.24308
vt 0.68013 0.23799
vt 0.68567 0.24368
vt 0.69250 0.24355
vt 0.69098 0.23658
vt 0.71243 0.23375
vt 0.71214 0.23919
vt 0.71040 0.24223
vt 0.70669 0.24559
vt 0.67032 0.24354
vt 0.65627 0.23380
vt 0.66182 0.24706
vt 0.66814 0.25125
vt 0.62762 0.24508
vt 0.64095 0.23375
vt 0.32872 0.52875
vt 0.30675 0.53625
vt 0.32581 0.53624
vt 0.30605 0.52875
vt 0.17687 0.04572
vt 0.16996 0.04625
vt 0.16835 0.04208
vt 0.19102 0.04208
vt 0.75336 0.71292
vt 0.76558 0.70708
vt 0.76067 0.70607
vt 0.74769 0.70542
vt 0.76616 0.70542
vt 0.72687 0.51605
vt 0.73544 0.51818
vt 0.73594 0.54638
vt 0.73458 0.47801
vt 0.72776 0.47081
vt 0.73594 0.46958
vt 0.72502 0.54505
vt 0.73481 0.55619
vt 0.73528 0.55958
vt 0.20409 0.14875
vt 0.19521 0.14375
vt 0.21537 0.14375
vt 0.48657 0.49208
vt 0.49288 0.49605
vt 0.49580 0.49208
vt 0.49213 0.50042
vt 0.49502 0.49627
vt 0.63770 0.34875
vt 0.68304 0.34875
vt 0.64113 0.35208
vt 0.20061 0.97570
vt 0.20613 0.99792
vt 0.20613 0.95625
vt 0.19941 0.96495
vt 0.97355 0.64458
vt 0.97355 0.68603
vt 0.96851 0.65985
vt 0.96978 0.68708
vt 0.52015 0.86667
vt 0.52183 0.86875
vt 0.52183 0.85708
vt 0.50588 0.99625
vt 0.50588 0.99458
vt 0.50336 0.99497
vt 0.75861 0.00875
vt 0.74796 0.01292
vt 0.74956 0.00983
vt 0.72586 0.00875
vt 0.00000 1.00000
vt 0.00000 1.00000
vt 0.00000 1.00000
vt 0.00000 1.00000
vt 0.79387 0.70732
vt 0.79471 0.70745
vt 0.79407 0.70708
vt 0.79407 0.71042
vt 0.00000 1.00000
vt 0.00000 1.00000
vt 0.00000 1.00000
vt 0.08970 0.48149
vt 0.08942 0.48127
vt 0.08962 0.48125
vt 0.09158 0.48267
vt 0.08985 0.48125
vt 0.09266 0.48198
vt 0.09351 0.48292
vt 0.09527 0.48200
vt 0.09554 0.48128
vt 0.09614 0.48127
vt 0.38111 0.00292
vt 0.38413 0.00353
vt 0.38156 0.00375
vt 0.37825 0.00353
vt 0.88035 0.71302
vt 0.88025 0.71042
vt 0.87899 0.71234
vt 0.87867 0.71433
vt 0.87955 0.71617
vt 0.88007 0.71636
vt 0.88025 0.71708
vt 0.81654 0.84079
vt 0.81356 0.84085
vt 0.81345 0.84042
vt 0.81285 0.84125
vt 0.81258 0.84119
vt 0.81282 0.84068
vt 0.81234 0.84079
vt 0.00000 1.00000
vt 0.00000 1.00000
vt 0.00000 1.00000
vt 0.22698 0.25875
vt 0.22796 0.25938
vt 0.22693 0.25958
vt 0.22628 0.25938
vt 0.82291 0.93209
vt 0.81570 0.91951
vt 0.81741 0.94159
vt 0.82410 0.94458
vt 0.82410 0.91292
vt 0.55206 0.31738
vt 0.56886 0.31695
vt 0.55932 0.32182
vt 0.55625 0.31292
vt 0.58228 0.31292
vt 0.57323 0.32375
vt 0.83837 0.89125
vt 0.83333 0.89993
vt 0.83837 0.90042
vt 0.13735 0.55252
vt 0.14540 0.55489
vt 0.13736 0.54134
vt 0.15847 0.54125
vt 0.12936 0.54666
vt 0.13351 0.55708
vt 0.16547 0.54316
vt 0.11695 0.54147
vt 0.13792 0.55681
vt 0.12727 0.55506
vt 0.11377 0.54511
vt 0.17590 0.54509
vt 0.11631 0.54125
vt 0.64333 0.99792
vt 0.62962 0.99458
vt 0.62206 0.99754
vt 0.64358 0.99458
vt 0.60160 0.99544
vt 0.67212 0.10708
vt 0.67119 0.11162
vt 0.67003 0.11083
vt 0.66965 0.11255
vt 0.67032 0.11291
vt 0.67212 0.11344
vt 0.66944 0.12042
vt 0.66541 0.11216
vt 0.80351 0.72766
vt 0.81029 0.73139
vt 0.80954 0.72390
vt 0.80672 0.73324
vt 0.80264 0.73375
vt 0.79555 0.72375
vt 0.81486 0.72560
vt 0.81654 0.72375
vt 0.22143 0.63292
vt 0.21453 0.62708
vt 0.22712 0.62708
vt 0.99706 0.23792
vt 0.98984 0.24042
vt 0.98950 0.23792
vt 0.61099 0.51542
vt 0.60915 0.51292
vt 0.61335 0.51292
vt 0.51511 0.03708
vt 0.51931 0.03708
vt 0.51762 0.03875
vt 0.87615 0.87458
vt 0.88035 0.87458
vt 0.88009 0.87792
vt 0.27750 0.26958
vt 0.27745 0.27375
vt 0.27666 0.26958
vt 0.74769 0.91458
vt 0.74549 0.90897
vt 0.74769 0.90458
vt 0.74467 0.90729
vt 0.74433 0.91451
vt 0.41782 0.21307
vt 0.42127 0.20629
vt 0.42338 0.21511
vt 0.41673 0.20558
vt 0.41681 0.21142
vt 0.41604 0.21687
vt 0.42473 0.20926
vt 0.43031 0.21367
vt 0.42552 0.20542
vt 0.43031 0.20861
vt 0.41698 0.21322
vt 0.42185 0.22086
vt 0.42647 0.22124
vt 0.41608 0.22125
vt 0.64274 0.21875
vt 0.63434 0.22520
vt 0.64274 0.22996
vt 0.63803 0.23125
vt 0.63515 0.22205
vt 0.98195 0.15875
vt 0.96851 0.15542
vt 0.98166 0.15542
vt 0.97155 0.15869
vt 0.98363 0.52708
vt 0.99118 0.52708
vt 0.98687 0.53042
vt 0.24533 0.47389
vt 0.25147 0.47292
vt 0.24544 0.47298
vt 0.24948 0.47875
vt 0.23804 0.47292
vt 0.27205 0.07158
vt 0.27974 0.06924
vt 0.27285 0.07599
vt 0.28086 0.05958
vt 0.27164 0.06281
vt 0.28037 0.07717
vt 0.27826 0.08044
vt 0.27162 0.08004
vt 0.27242 0.08192
vt 0.28086 0.08375
vt 0.13455 0.67360
vt 0.13728 0.67292
vt 0.13075 0.67792
vt 0.12552 0.67292
vt 0.79387 0.78792
vt 0.79387 0.78042
vt 0.79301 0.78413
vt 0.79219 0.78459
vt 0.98950 0.30875
vt 0.98950 0.30458
vt 0.98866 0.30508
vt 0.01856 0.77497
vt 0.01077 0.74984
vt 0.02309 0.74987
vt 0.02216 0.79201
vt 0.00702 0.80480
vt 0.01266 0.82708
vt 0.00630 0.72043
vt 0.02309 0.71831
vt 0.01491 0.71347
vt 0.01950 0.71208
vt 0.85013 0.15582
vt 0.85432 0.16625
vt 0.85432 0.14292
vt 0.61805 0.37096
vt 0.62007 0.36292
vt 0.61335 0.36965
vt 0.62007 0.37208
vt 0.27918 0.26707
vt 0.28757 0.27182
vt 0.28074 0.26212
vt 0.28757 0.26208
vt 0.28382 0.27292
vt 0.55174 0.70681
vt 0.55506 0.69812
vt 0.56045 0.70390
vt 0.55811 0.71862
vt 0.55157 0.71993
vt 0.55950 0.72292
vt 0.54954 0.69062
vt 0.56045 0.68458
vt 0.47767 0.03530
vt 0.48568 0.03980
vt 0.47903 0.03315
vt 0.48825 0.03208
vt 0.48091 0.04324
vt 0.47810 0.04292
vt 0.48403 0.04458
vt 0.47565 0.03208
vt 0.54052 0.69625
vt 0.54030 0.70032
vt 0.54685 0.70040
vt 0.54314 0.70292
vt 0.54870 0.69625
vt 0.13728 0.11458
vt 0.13476 0.11042
vt 0.13896 0.11042
vt 0.98053 0.66923
vt 0.97934 0.66737
vt 0.98195 0.66208
vt 0.97751 0.67032
vt 0.98195 0.67292
vt 0.97968 0.66446
vt 0.97607 0.66216
vt 0.01302 0.51221
vt 0.00628 0.57152
vt 0.00042 0.54225
vt 0.00348 0.58728
vt 0.01541 0.60944
vt 0.00986 0.50280
vt 0.01761 0.49275
vt 0.01357 0.61649
vt 0.02309 0.63375
vt 0.00871 0.48958
vt 0.02309 0.49387
vt 0.41335 0.86242
vt 0.39946 0.86616
vt 0.40896 0.84468
vt 0.39277 0.83903
vt 0.38773 0.87257
vt 0.40269 0.83389
vt 0.39680 0.83159
vt 0.38352 0.83081
vt 0.39024 0.83145
vt 0.41222 0.90147
vt 0.39714 0.89921
vt 0.41373 0.92910
vt 0.43451 0.92905
vt 0.42111 0.81777
vt 0.41345 0.79754
vt 0.42584 0.94525
vt 0.42177 0.94555
vt 0.38077 0.85151
vt 0.43215 0.94726
vt 0.42673 0.94875
vt 0.42125 0.80917
vt 0.43451 0.78251
vt 0.42992 0.77742
vt 0.42750 0.77458
vt 0.41443 0.83999
vt 0.43439 0.94625
vt 0.06087 0.99558
vt 0.06675 0.98958
vt 0.06675 0.99625
vt 0.22712 0.00273
vt 0.22712 0.01281
vt 0.20949 0.00125
vt 0.21144 0.01292
vt 0.00042 0.81237
vt 0.00211 0.83002
vt 0.00714 0.83042
vt 0.00714 0.81042
vt 0.30685 0.42056
vt 0.29352 0.41806
vt 0.30658 0.43488
vt 0.33854 0.41627
vt 0.26260 0.42079
vt 0.28567 0.41447
vt 0.34896 0.43159
vt 0.36291 0.41592
vt 0.37721 0.41675
vt 0.38329 0.41208
vt 0.27225 0.41280
vt 0.26057 0.41437
vt 0.25819 0.41208
vt 0.27003 0.43542
vt 0.25904 0.42180
vt 0.15044 0.60299
vt 0.18190 0.58763
vt 0.13891 0.60044
vt 0.14951 0.61688
vt 0.12093 0.61346
vt 0.13123 0.63210
vt 0.12104 0.64124
vt 0.11047 0.63457
vt 0.15649 0.62110
vt 0.18201 0.60196
vt 0.19191 0.58588
vt 0.20356 0.59047
vt 0.14744 0.63158
vt 0.09746 0.61780
vt 0.10719 0.60452
vt 0.10228 0.64125
vt 0.18441 0.57996
vt 0.18018 0.57887
vt 0.18798 0.57958
vt 0.09402 0.59413
vt 0.09287 0.57542
vt 0.08270 0.58333
vt 0.19556 0.57728
vt 0.22376 0.58540
vt 0.19120 0.57542
vt 0.42527 0.68208
vt 0.42107 0.69620
vt 0.42527 0.70625
vt 0.93829 0.05292
vt 0.94920 0.05292
vt 0.94095 0.05875
vt 0.94428 0.05758
vt 0.71998 0.00829
vt 0.72250 0.00958
vt 0.72250 0.00292
vt 0.34807 0.33048
vt 0.34971 0.33542
vt 0.34551 0.32971
vt 0.34971 0.32958
vt 0.56258 0.58328
vt 0.58178 0.59784
vt 0.56806 0.60707
vt 0.55446 0.60374
vt 0.58297 0.58109
vt 0.58023 0.61539
vt 0.56780 0.62079
vt 0.55575 0.58228
vt 0.58396 0.56592
vt 0.57568 0.55966
vt 0.57850 0.63800
vt 0.55719 0.62340
vt 0.55074 0.63275
vt 0.58363 0.55794
vt 0.56473 0.56330
vt 0.56679 0.55208
vt 0.56001 0.60847
vt 0.55851 0.64097
vt 0.54954 0.64259
vt 0.57850 0.64317
vt 0.55761 0.67042
vt 0.58168 0.66940
vt 0.58396 0.64324
vt 0.54965 0.65175
vt 0.54997 0.66268
vt 0.74517 0.52708
vt 0.73929 0.53243
vt 0.74517 0.53458
vt 0.98699 0.08478
vt 0.98646 0.09327
vt 0.98299 0.08232
vt 0.98279 0.09478
vt 0.98751 0.11042
vt 0.99286 0.10058
vt 0.99066 0.08723
vt 0.98750 0.07659
vt 0.99286 0.07625
vt 0.59049 0.34292
vt 0.59844 0.33596
vt 0.59011 0.33297
vt 0.61962 0.33737
vt 0.60269 0.35720
vt 0.62178 0.35689
vt 0.56753 0.35730
vt 0.57911 0.34412
vt 0.59735 0.32458
vt 0.57923 0.33271
vt 0.55851 0.33147
vt 0.55633 0.34425
vt 0.54366 0.35875
vt 0.54570 0.32458
vt 0.54811 0.34261
vt 0.55347 0.33378
vt 0.54944 0.33042
vt 0.62534 0.34656
vt 0.62821 0.33674
vt 0.63434 0.34576
vt 0.63001 0.35394
vt 0.60441 0.33458
vt 0.27092 0.40917
vt 0.27854 0.40208
vt 0.26994 0.40208
vt 0.28170 0.41208
vt 0.09503 0.00208
vt 0.08522 0.01375
vt 0.08716 0.00208
vt 0.09530 0.01115
vt 0.72056 0.97542
vt 0.72670 0.96219
vt 0.72670 0.97525
vt 0.71570 0.97144
vt 0.71830 0.95625
vt 0.71411 0.96743
vt 0.74242 0.04404
vt 0.74100 0.04228
vt 0.73814 0.04708
vt 0.74517 0.03958
vt 0.74513 0.04570
vt 0.73342 0.04486
vt 0.73433 0.03958
vt 0.05668 0.17208
vt 0.05668 0.17708
vt 0.05416 0.17458
vt 0.86148 0.28947
vt 0.85499 0.29190
vt 0.85432 0.28315
vt 0.86356 0.29792
vt 0.86356 0.27875
vt 0.86071 0.29762
vt 0.90134 0.96875
vt 0.90002 0.97208
vt 0.89547 0.96875
vt 0.53694 0.11125
vt 0.53368 0.10042
vt 0.52689 0.11123
vt 0.51931 0.10042
vt 0.50336 0.42458
vt 0.50336 0.41375
vt 0.49412 0.42095
vt 0.98363 0.04174
vt 0.98569 0.03042
vt 0.98777 0.03369
vt 0.99286 0.03082
vt 0.99286 0.06125
vt 0.98418 0.06011
vt 0.98531 0.19202
vt 0.99622 0.19292
vt 0.99622 0.16375
vt 0.67464 0.76542
vt 0.66479 0.77327
vt 0.66373 0.76542
vt 0.67196 0.77458
vt 0.91661 0.89886
vt 0.92672 0.88875
vt 0.94676 0.88875
vt 0.91478 0.89164
vt 0.94752 0.89958
vt 0.99286 0.92237
vt 0.99286 0.95375
vt 0.98396 0.95329
vt 0.98279 0.92208
vt 0.03828 0.85375
vt 0.03484 0.84958
vt 0.04072 0.84958
vt 0.83055 0.89490
vt 0.82494 0.89724
vt 0.82532 0.88800
vt 0.82796 0.92309
vt 0.83501 0.93270
vt 0.83293 0.93542
vt 0.82653 0.86891
vt 0.83204 0.86801
vt 0.82670 0.86059
vt 0.83501 0.86042
vt 0.83126 0.93431
vt 0.92233 0.00542
vt 0.90231 0.00823
vt 0.89379 0.00542
vt 0.90717 0.01375
vt 0.89643 0.00999
vt 0.32284 0.44458
vt 0.32788 0.44458
vt 0.32457 0.45125
vt 0.21714 0.20625
vt 0.21537 0.20458
vt 0.22376 0.20458
vt 0.23968 0.97559
vt 0.23677 0.97708
vt 0.23468 0.97276
vt 0.24055 0.95625
vt 0.24055 0.97700
vt 0.02057 0.25542
vt 0.02561 0.25542
vt 0.02285 0.25875
vt 0.86188 0.27093
vt 0.86540 0.27077
vt 0.86692 0.28125
vt 0.86692 0.26792
vt 0.88546 0.01972
vt 0.87699 0.02744
vt 0.88249 0.01790
vt 0.87713 0.00719
vt 0.88866 0.00708
vt 0.89043 0.02362
vt 0.88268 0.03077
vt 0.89043 0.03292
vt 0.41436 0.22542
vt 0.44115 0.22875
vt 0.42876 0.23146
vt 0.46532 0.23235
vt 0.45859 0.23792
vt 0.48261 0.23712
vt 0.50252 0.22542
vt 0.12155 0.65425
vt 0.09155 0.65081
vt 0.12345 0.65751
vt 0.14486 0.65466
vt 0.14343 0.66221
vt 0.16730 0.65920
vt 0.09730 0.64374
vt 0.13047 0.64256
vt 0.14497 0.63986
vt 0.17621 0.64818
vt 0.16743 0.63793
vt 0.18760 0.62988
vt 0.20071 0.64136
vt 0.20596 0.63924
vt 0.21122 0.63687
vt 0.21285 0.61208
vt 0.12086 0.66262
vt 0.10184 0.65858
vt 0.09297 0.65934
vt 0.09541 0.66427
vt 0.08855 0.65264
vt 0.08949 0.64168
vt 0.08262 0.63934
vt 0.07601 0.63930
vt 0.07419 0.64749
vt 0.05902 0.64006
vt 0.05144 0.62605
vt 0.04411 0.63059
vt 0.03341 0.61208
vt 0.02729 0.61534
vt 0.08955 0.66458
vt 0.05794 0.62604
vt 0.05790 0.61854
vt 0.07679 0.63339
vt 0.69885 0.22069
vt 0.66815 0.20958
vt 0.67070 0.21849
vt 0.64448 0.20958
vt 0.70264 0.21659
vt 0.72082 0.22339
vt 0.71161 0.23159
vt 0.70315 0.22949
vt 0.64442 0.21755
vt 0.69908 0.22611
vt 0.64663 0.22193
vt 0.66256 0.22608
vt 0.67014 0.22909
vt 0.64895 0.23292
vt 0.66823 0.23191
vt 0.67867 0.22765
vt 0.08645 0.21958
vt 0.09446 0.20875
vt 0.08522 0.20875
vt 0.09358 0.21822
vt 0.98219 0.90858
vt 0.99370 0.88768
vt 0.99222 0.90967
vt 0.98027 0.88625
vt 0.98188 0.91547
vt 0.99370 0.91708
vt 0.90627 0.58408
vt 0.91058 0.58208
vt 0.90745 0.58708
vt 0.89966 0.58208
vt 0.53584 0.51455
vt 0.54462 0.51971
vt 0.53526 0.52542
vt 0.54534 0.52251
vt 0.54534 0.51375
vt 0.57534 0.54495
vt 0.58539 0.54555
vt 0.57137 0.55125
vt 0.58648 0.52292
vt 0.58094 0.55708
vt 0.57416 0.52333
vt 0.58648 0.55686
vt 0.15071 0.14542
vt 0.14171 0.14958
vt 0.13812 0.14542
vt 0.13652 0.37076
vt 0.15415 0.38375
vt 0.15620 0.37315
vt 0.13248 0.38053
vt 0.17132 0.37825
vt 0.17957 0.37204
vt 0.11545 0.37298
vt 0.11519 0.36292
vt 0.19257 0.37365
vt 0.22040 0.36292
vt 0.11283 0.36882
vt 0.10621 0.36579
vt 0.60766 0.50246
vt 0.64106 0.50375
vt 0.62396 0.49770
vt 0.60160 0.49625
vt 0.64190 0.49625
vt 0.00000 1.00000
vt 0.00000 1.00000
vt 0.00000 1.00000
vt 0.00000 1.00000
vt 0.00000 1.00000
vt 0.00000 1.00000
vt 0.00000 1.00000
vt 0.00000 1.00000
vt 0.98111 0.46174
vt 0.98027 0.46174
vt 0.98101 0.46125
vt 0.98073 0.46208
vt 0.86572 0.29875
vt 0.86572 0.29782
vt 0.86524 0.29782
vt 0.86572 0.29708
vt 0.86608 0.29802
vt 0.00000 1.00000
vt 0.00000 1.00000
vt 0.00000 1.00000
vt 0.00000 1.00000
vt 0.00000 1.00000
vt 0.00000 1.00000
vt 0.75708 0.28375
vt 0.75693 0.28409
vt 0.75777 0.28463
vt 0.75757 0.28394
vt 0.75708 0.28542
vt 0.45466 0.52532
vt 0.45418 0.52458
vt 0.45382 0.52552
vt 0.45418 0.52625
vt 0.00210 0.68958
vt 0.00895 0.68929
vt 0.00271 0.68292
vt 0.00966 0.68292
vt 0.88035 0.76875
vt 0.87524 0.77375
vt 0.87448 0.76875
vt 0.01894 0.17208
vt 0.01721 0.16375
vt 0.02981 0.16375
vt 0.49263 0.38959
vt 0.48872 0.38572
vt 0.48405 0.39400
vt 0.49580 0.39792
vt 0.49580 0.38208
vt 0.94081 0.23102
vt 0.94920 0.21391
vt 0.94899 0.23192
vt 0.94262 0.21292
vt 0.94920 0.26123
vt 0.94233 0.26208
vt 0.14652 0.09516
vt 0.15312 0.10204
vt 0.15491 0.09458
vt 0.15491 0.10875
vt 0.93758 0.25063
vt 0.92822 0.24696
vt 0.92565 0.25500
vt 0.93913 0.21958
vt 0.92548 0.22680
vt 0.93913 0.26871
vt 0.92695 0.26219
vt 0.92606 0.26958
vt 0.92401 0.25335
vt 0.52058 0.28458
vt 0.51763 0.26542
vt 0.52519 0.26542
vt 0.70103 0.28293
vt 0.71348 0.28455
vt 0.70610 0.27791
vt 0.69534 0.28365
vt 0.69428 0.27708
vt 0.73248 0.27708
vt 0.73342 0.29054
vt 0.71126 0.29012
vt 0.71468 0.29458
vt 0.69228 0.28026
vt 0.69241 0.27783
vt 0.96720 0.94463
vt 0.97439 0.94458
vt 0.96683 0.96042
vt 0.97439 0.95986
vt 0.24397 0.41542
vt 0.25231 0.42241
vt 0.24391 0.42458
vt 0.25183 0.41542
vt 0.71443 0.32524
vt 0.72250 0.31240
vt 0.71327 0.31125
vt 0.72250 0.32958
vt 0.86294 0.40950
vt 0.87112 0.39208
vt 0.86104 0.39380
vt 0.87112 0.40958
vt 0.57071 0.02669
vt 0.56551 0.03292
vt 0.56929 0.01805
vt 0.55815 0.01792
vt 0.59068 0.01792
vt 0.55709 0.02783
vt 0.89410 0.07625
vt 0.89917 0.08763
vt 0.88971 0.08636
vt 0.89966 0.07661
vt 0.88218 0.07625
vt 0.88119 0.08875
vt 0.87769 0.44625
vt 0.87951 0.43699
vt 0.87531 0.42346
vt 0.87951 0.42208
vt 0.49496 0.67458
vt 0.49496 0.66208
vt 0.49076 0.66426
vt 0.00126 0.67108
vt 0.00462 0.67375
vt 0.00462 0.66458
vt 0.71327 0.97125
vt 0.71327 0.96375
vt 0.70487 0.96524
vt 0.51135 0.74687
vt 0.53191 0.74375
vt 0.50336 0.74375
vt 0.53047 0.74938
vt 0.50862 0.75542
vt 0.26910 0.15958
vt 0.26910 0.15375
vt 0.26406 0.15687
vt 0.81360 0.31168
vt 0.81239 0.30813
vt 0.81470 0.30995
vt 0.81085 0.32542
vt 0.82074 0.31008
vt 0.82074 0.27875
vt 0.81491 0.29949
vt 0.81066 0.29324
vt 0.46893 0.92958
vt 0.45308 0.93625
vt 0.45130 0.92958
vt 0.57812 0.86338
vt 0.57976 0.87932
vt 0.57389 0.86765
vt 0.57976 0.86125
vt 0.57441 0.89219
vt 0.57921 0.91042
vt 0.88608 0.11691
vt 0.88959 0.13030
vt 0.88457 0.12173
vt 0.88820 0.14806
vt 0.88203 0.15028
vt 0.88208 0.11781
vt 0.88959 0.17958
vt 0.88430 0.11375
vt 0.06266 0.14987
vt 0.05904 0.15543
vt 0.06668 0.15841
vt 0.05513 0.14566
vt 0.08690 0.14458
vt 0.04523 0.15334
vt 0.04632 0.14458
vt 0.05883 0.15958
vt 0.04241 0.15230
vt 0.03344 0.15348
vt 0.02225 0.15250
vt 0.04002 0.15829
vt 0.03273 0.15407
vt 0.90027 0.44492
vt 0.89463 0.45382
vt 0.89956 0.45541
vt 0.89598 0.44610
vt 0.89761 0.45707
vt 0.89821 0.46208
vt 0.90470 0.45319
vt 0.90470 0.44375
vt 0.23720 0.50292
vt 0.24307 0.50292
vt 0.24052 0.51125
vt 0.71998 0.18708
vt 0.71411 0.19136
vt 0.71998 0.19292
vt 0.34047 0.40792
vt 0.32956 0.40792
vt 0.33091 0.40877
vt 0.33159 0.41292
vt 0.33617 0.40846
vt 0.47234 0.26450
vt 0.47420 0.26542
vt 0.47619 0.26511
vt 0.47730 0.26228
vt 0.50672 0.25120
vt 0.47643 0.24184
vt 0.45738 0.25079
vt 0.47541 0.25218
vt 0.48185 0.24661
vt 0.46041 0.24024
vt 0.42863 0.24514
vt 0.49896 0.23958
vt 0.44414 0.23980
vt 0.43107 0.23958
vt 0.20495 0.15054
vt 0.22297 0.15512
vt 0.23772 0.14834
vt 0.24340 0.14903
vt 0.24239 0.15347
vt 0.24475 0.14458
vt 0.20049 0.15492
vt 0.18547 0.15168
vt 0.20452 0.15792
vt 0.17506 0.14458
vt 0.04561 0.47817
vt 0.03522 0.48061
vt 0.03782 0.47458
vt 0.05423 0.47986
vt 0.04623 0.47749
vt 0.05751 0.47509
vt 0.03119 0.48192
vt 0.02419 0.47984
vt 0.01721 0.47458
vt 0.02792 0.48375
vt 0.60942 0.94490
vt 0.61923 0.94292
vt 0.61691 0.94958
vt 0.59874 0.94292
vt 0.59824 0.94502
vt 0.03389 0.57042
vt 0.03627 0.57542
vt 0.04240 0.57042
vt 0.02897 0.57345
vt 0.10202 0.69625
vt 0.09698 0.69625
vt 0.10113 0.70264
vt 0.09990 0.70292
vt 0.01134 0.70755
vt 0.01242 0.70364
vt 0.01805 0.70292
vt 0.01805 0.71042
vt 0.30101 0.29042
vt 0.29261 0.29042
vt 0.29625 0.29613
vt 0.29497 0.29625
vt 0.58648 0.88708
vt 0.58239 0.88500
vt 0.58648 0.88196
vt 0.58144 0.88125
vt 0.60954 0.65786
vt 0.61837 0.64878
vt 0.60847 0.64289
vt 0.62403 0.63859
vt 0.61083 0.63125
vt 0.59722 0.64157
vt 0.59264 0.63125
vt 0.59776 0.66125
vt 0.58648 0.64762
vt 0.62846 0.64883
vt 0.63025 0.64408
vt 0.64274 0.63512
vt 0.02225 0.25054
vt 0.03396 0.24290
vt 0.02891 0.23726
vt 0.03085 0.25233
vt 0.02848 0.25393
vt 0.03652 0.25542
vt 0.03652 0.23042
vt 0.03502 0.22875
vt 0.81889 0.10243
vt 0.83075 0.10375
vt 0.83813 0.09375
vt 0.85013 0.09876
vt 0.81678 0.09375
vt 0.80814 0.10363
vt 0.35055 0.44625
vt 0.36416 0.44514
vt 0.35970 0.43992
vt 0.37909 0.43958
vt 0.33039 0.43958
vt 0.81486 0.81417
vt 0.82806 0.80043
vt 0.82169 0.80935
vt 0.82618 0.78737
vt 0.82350 0.83031
vt 0.83799 0.79402
vt 0.84425 0.78042
vt 0.82806 0.82440
vt 0.83526 0.82512
vt 0.84188 0.83014
vt 0.84425 0.84125
vt 0.59164 0.01125
vt 0.58396 0.00208
vt 0.60411 0.00208
vt 0.61528 0.98124
vt 0.61066 0.98401
vt 0.62084 0.98542
vt 0.62284 0.97542
vt 0.59992 0.97542
vt 0.62594 0.98135
vt 0.22530 0.76542
vt 0.20865 0.76375
vt 0.22712 0.76375
vt 0.86991 0.86514
vt 0.87186 0.85849
vt 0.87601 0.86898
vt 0.86776 0.86160
vt 0.86949 0.85329
vt 0.88035 0.85292
vt 0.88035 0.87125
vt 0.50074 0.68026
vt 0.49404 0.69915
vt 0.48766 0.69696
vt 0.48741 0.71040
vt 0.49800 0.71415
vt 0.50420 0.72458
vt 0.49443 0.67715
vt 0.50420 0.67125
vt 0.74413 0.87640
vt 0.75003 0.89057
vt 0.74025 0.88345
vt 0.75273 0.88269
vt 0.74595 0.89919
vt 0.75273 0.87125
vt 0.74526 0.90329
vt 0.73678 0.88236
vt 0.74071 0.90875
vt 0.74115 0.87922
vt 0.76759 0.42413
vt 0.76115 0.42575
vt 0.76775 0.42770
vt 0.76174 0.42887
vt 0.76219 0.42379
vt 0.75804 0.42663
vt 0.75855 0.42525
vt 0.77876 0.42375
vt 0.77350 0.43042
vt 0.75525 0.42375
vt 0.99286 0.98415
vt 0.99492 0.96875
vt 0.99623 0.98069
vt 0.99958 0.99125
vt 0.99958 0.97254
vt 0.33795 0.29625
vt 0.34719 0.29625
vt 0.34336 0.29792
vt 0.96180 0.44998
vt 0.96253 0.44625
vt 0.96624 0.45264
vt 0.96851 0.45792
vt 0.96851 0.44747
vt 0.03465 0.21347
vt 0.04096 0.21962
vt 0.04867 0.21418
vt 0.02742 0.23369
vt 0.01543 0.22836
vt 0.02734 0.20437
vt 0.04080 0.20292
vt 0.05732 0.20698
vt 0.05685 0.20292
vt 0.05664 0.21304
vt 0.01438 0.20759
vt 0.05450 0.21707
vt 0.01835 0.24587
vt 0.05835 0.22139
vt 0.03988 0.22127
vt 0.01134 0.25542
vt 0.93745 0.10065
vt 0.94836 0.11864
vt 0.94606 0.09670
vt 0.94578 0.12458
vt 0.94836 0.07375
vt 0.44542 0.05873
vt 0.46669 0.05979
vt 0.44291 0.05292
vt 0.47341 0.06708
vt 0.48825 0.05292
vt 0.95735 0.93828
vt 0.94836 0.93053
vt 0.95710 0.92495
vt 0.96264 0.91292
vt 0.95580 0.95375
vt 0.96264 0.95325
vt 0.41844 0.06958
vt 0.40176 0.06292
vt 0.41583 0.06377
vt 0.42275 0.06292
vt 0.92309 0.51747
vt 0.91951 0.52281
vt 0.91310 0.51289
vt 0.91949 0.52819
vt 0.91496 0.49365
vt 0.91511 0.53705
vt 0.92569 0.53494
vt 0.92018 0.54042
vt 0.92300 0.52984
vt 0.92569 0.49700
vt 0.92418 0.48458
vt 0.93493 0.01221
vt 0.93745 0.01792
vt 0.93745 0.01042
vt 0.48201 0.87586
vt 0.47985 0.87811
vt 0.48741 0.88042
vt 0.48741 0.87208
vt 0.78128 0.87625
vt 0.78128 0.86290
vt 0.77582 0.86112
vt 0.77637 0.85875
vt 0.77288 0.87032
vt 0.78547 0.90625
vt 0.78060 0.91125
vt 0.77876 0.90625
vt 0.51005 0.26904
vt 0.51595 0.28895
vt 0.51285 0.26422
vt 0.48192 0.27685
vt 0.49808 0.26599
vt 0.49529 0.26636
vt 0.51019 0.28632
vt 0.48771 0.26662
vt 0.48131 0.26601
vt 0.50497 0.26866
vt 0.47330 0.27216
vt 0.48597 0.26552
vt 0.51098 0.26804
vt 0.49736 0.26449
vt 0.48465 0.26481
vt 0.49621 0.30303
vt 0.49729 0.28916
vt 0.51136 0.26594
vt 0.51068 0.26375
vt 0.50776 0.26621
vt 0.46728 0.27805
vt 0.47615 0.30321
vt 0.48090 0.30712
vt 0.46447 0.27011
vt 0.45641 0.26777
vt 0.46258 0.26695
vt 0.45255 0.26799
vt 0.45214 0.26375
vt 0.48782 0.31292
vt 0.38095 0.02208
vt 0.37996 0.01772
vt 0.38329 0.01542
vt 0.37406 0.01542
vt 0.69983 0.40042
vt 0.69983 0.39042
vt 0.69228 0.39347
vt 0.61167 0.87404
vt 0.62007 0.86125
vt 0.61790 0.87545
vt 0.61219 0.87770
vt 0.61282 0.86226
vt 0.62007 0.87958
vt 0.68178 0.97292
vt 0.67296 0.97358
vt 0.68292 0.97792
vt 0.68735 0.97292
vt 0.68976 0.97617
vt 0.38926 0.37789
vt 0.38817 0.38832
vt 0.38413 0.37634
vt 0.39243 0.36832
vt 0.38247 0.38079
vt 0.37657 0.37821
vt 0.38309 0.38856
vt 0.38667 0.39625
vt 0.39243 0.38944
vt 0.38453 0.36708
vt 0.39253 0.38463
vt 0.27537 0.19676
vt 0.28082 0.19392
vt 0.28159 0.19808
vt 0.28841 0.19042
vt 0.26810 0.20063
vt 0.26658 0.19042
vt 0.28278 0.19955
vt 0.28688 0.20208
vt 0.57641 0.84751
vt 0.58167 0.85376
vt 0.57847 0.85331
vt 0.58228 0.84199
vt 0.58228 0.85741
vt 0.57685 0.86125
vt 0.57770 0.83708
vt 0.66037 0.45521
vt 0.66457 0.46292
vt 0.66457 0.45458
vt 0.07683 0.11958
vt 0.07683 0.11125
vt 0.07515 0.11603
vt 0.41688 0.15042
vt 0.40715 0.15375
vt 0.40512 0.15042
vt 0.73929 0.25460
vt 0.74058 0.25497
vt 0.74624 0.26594
vt 0.73842 0.27545
vt 0.74702 0.27535
vt 0.74104 0.28061
vt 0.72670 0.24459
vt 0.74788 0.24521
vt 0.75166 0.25054
vt 0.74833 0.25545
vt 0.75155 0.26790
vt 0.75530 0.24866
vt 0.75426 0.23125
vt 0.75223 0.24877
vt 0.75088 0.24679
vt 0.75614 0.27305
vt 0.75764 0.28101
vt 0.77708 0.28458
vt 0.76487 0.24705
vt 0.77598 0.25670
vt 0.77708 0.23362
vt 0.39001 0.92958
vt 0.39001 0.90208
vt 0.38749 0.92371
vt 0.69312 0.96375
vt 0.67339 0.96725
vt 0.68742 0.96822
vt 0.66189 0.97148
vt 0.65984 0.96647
vt 0.65025 0.97292
vt 0.64744 0.96375
vt 0.64092 0.96550
vt 0.64013 0.97086
vt 0.63182 0.96695
vt 0.91982 0.31625
vt 0.91139 0.31823
vt 0.91182 0.32042
vt 0.90638 0.31625
vt 0.47041 0.91824
vt 0.46406 0.91937
vt 0.46311 0.91145
vt 0.46062 0.91948
vt 0.45524 0.91494
vt 0.45390 0.90683
vt 0.47227 0.91867
vt 0.45903 0.92580
vt 0.47142 0.92660
vt 0.44878 0.90524
vt 0.44867 0.90866
vt 0.45239 0.90010
vt 0.48180 0.91299
vt 0.48741 0.94125
vt 0.47369 0.93528
vt 0.47357 0.91091
vt 0.47117 0.91568
vt 0.47061 0.91550
vt 0.46802 0.90168
vt 0.48741 0.88458
vt 0.47597 0.88495
vt 0.44123 0.90422
vt 0.22993 0.20631
vt 0.22955 0.20404
vt 0.23141 0.20429
vt 0.23216 0.20042
vt 0.23216 0.21458
vt 0.22914 0.20756
vt 0.22460 0.20892
vt 0.22695 0.21339
vt 0.63770 0.50836
vt 0.64068 0.50982
vt 0.64190 0.51125
vt 0.64190 0.50458
vt 0.79605 0.86399
vt 0.79080 0.89038
vt 0.78932 0.85116
vt 0.78212 0.88146
vt 0.78279 0.89843
vt 0.79334 0.91005
vt 0.79149 0.91416
vt 0.79807 0.91875
vt 0.79348 0.85173
vt 0.79205 0.84710
vt 0.79365 0.84509
vt 0.78888 0.84515
vt 0.79807 0.83708
vt 0.97103 0.43797
vt 0.96012 0.43202
vt 0.97103 0.41797
vt 0.97003 0.44708
vt 0.96615 0.40542
vt 0.43535 0.22292
vt 0.44207 0.22292
vt 0.43933 0.22708
vt 0.85421 0.58565
vt 0.86072 0.58609
vt 0.85637 0.59355
vt 0.85127 0.57463
vt 0.86335 0.57655
vt 0.85146 0.58084
vt 0.86160 0.59640
vt 0.85727 0.56533
vt 0.86356 0.56738
vt 0.85630 0.60353
vt 0.85389 0.59549
vt 0.86356 0.60521
vt 0.85636 0.60981
vt 0.86343 0.61323
vt 0.85781 0.61875
vt 0.85140 0.56037
vt 0.84509 0.57651
vt 0.84838 0.56757
vt 0.85053 0.55542
vt 0.00646 0.35426
vt 0.00462 0.35534
vt 0.00536 0.35150
vt 0.00882 0.35042
vt 0.00699 0.35575
vt 0.00610 0.35788
vt 0.00882 0.36542
vt 0.00661 0.35920
vt 0.22208 0.52851
vt 0.23530 0.51040
vt 0.23176 0.52325
vt 0.23720 0.51622
vt 0.23379 0.53363
vt 0.23720 0.54042
vt 0.22335 0.50462
vt 0.23492 0.50292
vt 0.24959 0.25542
vt 0.24521 0.24830
vt 0.24590 0.25354
vt 0.25297 0.24708
vt 0.23720 0.24708
vt 0.25567 0.25452
vt 0.90638 0.66542
vt 0.90638 0.65625
vt 0.90386 0.66205
vt 0.57053 0.86136
vt 0.57021 0.88955
vt 0.56512 0.87645
vt 0.55705 0.87364
vt 0.55458 0.87889
vt 0.56051 0.85864
vt 0.56694 0.84211
vt 0.57237 0.85222
vt 0.57305 0.83771
vt 0.57809 0.91375
vt 0.56639 0.80783
vt 0.57809 0.82774
vt 0.57198 0.78625
vt 0.58412 0.05847
vt 0.59516 0.07042
vt 0.59831 0.06139
vt 0.60388 0.05679
vt 0.56939 0.06731
vt 0.57289 0.05765
vt 0.56633 0.05906
vt 0.60264 0.06320
vt 0.57976 0.05542
vt 0.60813 0.06041
vt 0.61083 0.05542
vt 0.60028 0.06736
vt 0.94332 0.38875
vt 0.93196 0.37217
vt 0.94218 0.36335
vt 0.93432 0.38374
vt 0.92960 0.38088
vt 0.91478 0.37927
vt 0.94135 0.35762
vt 0.93742 0.35791
vt 0.94332 0.35458
vt 0.15877 0.32709
vt 0.14395 0.33458
vt 0.17848 0.33654
vt 0.13990 0.32186
vt 0.11777 0.31749
vt 0.11702 0.32779
vt 0.11180 0.32010
vt 0.16945 0.32784
vt 0.19202 0.32493
vt 0.16726 0.32076
vt 0.12188 0.33875
vt 0.19459 0.31292
vt 0.20142 0.31383
vt 0.20781 0.31522
vt 0.16242 0.32426
vt 0.16368 0.32140
vt 0.15257 0.32123
vt 0.11041 0.31292
vt 0.70081 0.73708
vt 0.70543 0.72867
vt 0.70676 0.73265
vt 0.70823 0.73178
vt 0.70690 0.71047
vt 0.69563 0.72252
vt 0.69951 0.70419
vt 0.70823 0.70292
vt 0.20193 0.55359
vt 0.21620 0.56031
vt 0.21236 0.56912
vt 0.21611 0.56784
vt 0.21613 0.54485
vt 0.20839 0.54292
vt 0.21613 0.57042
vt 0.73678 0.32145
vt 0.74013 0.32708
vt 0.74013 0.31125
vt 0.73706 0.32500
vt 0.27044 0.04625
vt 0.26835 0.04543
vt 0.27078 0.04542
vt 0.26658 0.04542
vt 0.66373 0.53708
vt 0.66289 0.55265
vt 0.66373 0.55292
vt 0.62846 0.83887
vt 0.63350 0.84792
vt 0.63350 0.83625
vt 0.09818 0.82955
vt 0.12392 0.82253
vt 0.09833 0.81375
vt 0.11706 0.81125
vt 0.13847 0.81448
vt 0.14560 0.82635
vt 0.16247 0.81957
vt 0.08066 0.81247
vt 0.08650 0.83014
vt 0.09082 0.83375
vt 0.07655 0.81827
vt 0.10033 0.83288
vt 0.06927 0.81125
vt 0.10366 0.83257
vt 0.11300 0.82804
vt 0.07545 0.82220
vt 0.07574 0.82711
vt 0.68395 0.91614
vt 0.67698 0.93213
vt 0.66862 0.92953
vt 0.68398 0.89194
vt 0.68958 0.95256
vt 0.68446 0.95025
vt 0.68976 0.95708
vt 0.68875 0.92991
vt 0.67480 0.89815
vt 0.68426 0.86958
vt 0.68976 0.87441
vt 0.66829 0.88639
vt 0.66260 0.92554
vt 0.65533 0.89310
vt 0.68063 0.95174
vt 0.67510 0.95687
vt 0.71744 0.39708
vt 0.74305 0.39709
vt 0.74024 0.40007
vt 0.72839 0.40458
vt 0.70235 0.39709
vt 0.74828 0.40212
vt 0.75021 0.40252
vt 0.51008 0.60125
vt 0.49003 0.60458
vt 0.48741 0.60125
vt 0.22124 0.25292
vt 0.23004 0.25520
vt 0.23300 0.25292
vt 0.22474 0.25542
vt 0.42750 0.30161
vt 0.40332 0.29955
vt 0.43521 0.31542
vt 0.44068 0.30285
vt 0.45754 0.29695
vt 0.44592 0.29130
vt 0.46306 0.28958
vt 0.42023 0.31332
vt 0.39802 0.30660
vt 0.39989 0.29856
vt 0.37322 0.29781
vt 0.38214 0.29227
vt 0.37515 0.29429
vt 0.39329 0.28958
vt 0.72063 0.02462
vt 0.75105 0.01458
vt 0.73393 0.02728
vt 0.74690 0.02875
vt 0.72422 0.01458
vt 0.71914 0.01726
vt 0.62762 0.32533
vt 0.63182 0.33292
vt 0.63182 0.32292
vt 0.18682 0.60208
vt 0.19353 0.60208
vt 0.18959 0.60625
vt 0.67800 0.29292
vt 0.67800 0.28292
vt 0.67716 0.28654
vt 0.06907 0.25139
vt 0.06087 0.25125
vt 0.06727 0.25542
vt 0.07347 0.25125
vt 0.92317 0.41541
vt 0.91556 0.44268
vt 0.91394 0.40940
vt 0.92297 0.40739
vt 0.92317 0.39125
vt 0.92091 0.43976
vt 0.91694 0.45292
vt 0.09782 0.19878
vt 0.10531 0.20007
vt 0.10640 0.19689
vt 0.09927 0.19542
vt 0.10247 0.20292
vt 0.12301 0.19542
vt 0.92653 0.71513
vt 0.92989 0.71792
vt 0.92989 0.69708
vt 0.90863 0.87784
vt 0.90622 0.87875
vt 0.90645 0.87618
vt 0.90865 0.87595
vt 0.90050 0.85830
vt 0.90974 0.83239
vt 0.90974 0.86569
vt 0.90413 0.83419
vt 0.90873 0.81625
vt 0.90163 0.87291
vt 0.59152 0.28542
vt 0.60327 0.28542
vt 0.60114 0.29292
vt 0.89375 0.54434
vt 0.88875 0.52477
vt 0.89439 0.53757
vt 0.89914 0.52058
vt 0.90713 0.53855
vt 0.91058 0.51458
vt 0.90659 0.54648
vt 0.90019 0.55259
vt 0.90506 0.56458
vt 0.91058 0.56198
vt 0.90156 0.56376
vt 0.81822 0.70875
vt 0.81822 0.72542
vt 0.81486 0.71442
vt 0.03904 0.63875
vt 0.03736 0.64221
vt 0.03904 0.64625
vt 0.78051 0.14542
vt 0.77960 0.14375
vt 0.78078 0.14475
vt 0.78463 0.14375
vt 0.45802 0.11708
vt 0.45802 0.10958
vt 0.45634 0.11596
vt 0.09559 0.41271
vt 0.09742 0.41460
vt 0.09492 0.41472
vt 0.09278 0.41174
vt 0.09570 0.41542
vt 0.10118 0.41042
vt 0.09311 0.41042
vt 0.48222 0.58176
vt 0.47985 0.57958
vt 0.48741 0.57958
vt 0.48492 0.58208
vt 0.29765 0.03292
vt 0.29597 0.03449
vt 0.29765 0.03792
vt 0.30304 0.12625
vt 0.30353 0.12736
vt 0.30269 0.12746
vt 0.30304 0.13125
vt 0.30332 0.82292
vt 0.30772 0.82125
vt 0.30269 0.82125
vt 0.30687 0.82213
vt 0.87908 0.25522
vt 0.88066 0.24670
vt 0.88453 0.25437
vt 0.88444 0.24497
vt 0.87850 0.24277
vt 0.88395 0.24006
vt 0.88730 0.24004
vt 0.88127 0.24069
vt 0.87967 0.23833
vt 0.88607 0.23792
vt 0.88896 0.26444
vt 0.88949 0.25376
vt 0.89545 0.25379
vt 0.88201 0.25188
vt 0.88183 0.26578
vt 0.89114 0.26864
vt 0.88486 0.27608
vt 0.89499 0.27126
vt 0.89547 0.27894
vt 0.89545 0.29042
vt 0.87627 0.26220
vt 0.87364 0.27172
vt 0.87790 0.27418
vt 0.37145 0.99764
vt 0.37490 0.99458
vt 0.36902 0.99458
vt 0.37332 0.99792
vt 0.07119 0.15542
vt 0.07020 0.15296
vt 0.07179 0.15042
vt 0.06759 0.15042
vt 0.54438 0.53103
vt 0.54635 0.52552
vt 0.54546 0.53063
vt 0.54628 0.53436
vt 0.54253 0.52568
vt 0.54114 0.53233
vt 0.55542 0.54266
vt 0.54818 0.54889
vt 0.54905 0.54130
vt 0.54950 0.53128
vt 0.55488 0.55130
vt 0.54671 0.55660
vt 0.54628 0.56188
vt 0.55034 0.56958
vt 0.54508 0.56312
vt 0.54412 0.56598
vt 0.55542 0.51932
vt 0.54695 0.51263
vt 0.54848 0.50708
vt 0.54030 0.02125
vt 0.53492 0.01642
vt 0.53359 0.01826
vt 0.54030 0.00458
vt 0.69245 0.84887
vt 0.69228 0.84375
vt 0.69647 0.84451
vt 0.69647 0.85042
vt 0.15827 0.36919
vt 0.16247 0.37125
vt 0.16247 0.36708
vt 0.32704 0.62625
vt 0.30688 0.62999
vt 0.31798 0.63337
vt 0.31218 0.63458
vt 0.30986 0.62625
vt 0.32645 0.63009
vt 0.64861 0.63875
vt 0.64800 0.64458
vt 0.64358 0.63875
vt 0.99124 0.19375
vt 0.99874 0.19570
vt 0.99118 0.19820
vt 0.99874 0.20625
vt 0.95081 0.66803
vt 0.93986 0.66551
vt 0.94872 0.66382
vt 0.95424 0.66692
vt 0.94301 0.66156
vt 0.95422 0.66125
vt 0.93241 0.66125
vt 0.94537 0.67292
vt 0.93595 0.67149
vt 0.91716 0.33938
vt 0.92515 0.35148
vt 0.90806 0.34046
vt 0.92648 0.32625
vt 0.91358 0.35896
vt 0.92719 0.35995
vt 0.92989 0.36875
vt 0.92989 0.32661
vt 0.62422 0.07809
vt 0.62510 0.07935
vt 0.61167 0.09145
vt 0.62347 0.09058
vt 0.61755 0.10375
vt 0.62220 0.07625
vt 0.62510 0.09860
vt 0.00989 0.97061
vt 0.00352 0.98060
vt 0.00800 0.96180
vt 0.00210 0.95996
vt 0.01134 0.95292
vt 0.01134 0.99625
vt 0.96264 0.09167
vt 0.96976 0.07902
vt 0.97162 0.08530
vt 0.96342 0.07787
vt 0.96870 0.07208
vt 0.97244 0.07860
vt 0.97080 0.09484
vt 0.96274 0.10458
vt 0.97271 0.07933
vt 0.97271 0.09145
vt 0.90055 0.97398
vt 0.90218 0.97650
vt 0.89549 0.97375
vt 0.89463 0.97795
vt 0.90218 0.98542
vt 0.08018 0.38125
vt 0.06927 0.38125
vt 0.07515 0.38370
vt 0.07246 0.38357
vt 0.07340 0.38975
vt 0.07902 0.38535
vt 0.07964 0.39042
vt 0.88035 0.46458
vt 0.88035 0.44375
vt 0.87783 0.45417
vt 0.15995 0.10708
vt 0.16143 0.10965
vt 0.16361 0.11042
vt 0.16919 0.10708
vt 0.16021 0.10986
vt 0.24224 0.36208
vt 0.24101 0.37042
vt 0.24854 0.36815
vt 0.22980 0.36550
vt 0.22880 0.36208
vt 0.25567 0.36615
vt 0.04622 0.69625
vt 0.03436 0.70335
vt 0.04476 0.70851
vt 0.02981 0.69625
vt 0.04608 0.70875
vt 0.04828 0.70825
vt 0.89344 0.66185
vt 0.90042 0.67690
vt 0.89455 0.68484
vt 0.90218 0.68317
vt 0.90218 0.65875
vt 0.87481 0.66969
vt 0.87364 0.68809
vt 0.88119 0.70542
vt 0.90010 0.68727
vt 0.09005 0.43708
vt 0.06843 0.43458
vt 0.09362 0.43458
vt 0.36454 0.55544
vt 0.36957 0.55827
vt 0.36190 0.55042
vt 0.36566 0.55826
vt 0.37657 0.55042
vt 0.36117 0.55958
vt 0.35474 0.55903
vt 0.05631 0.84375
vt 0.05500 0.84292
vt 0.06087 0.84292
vt 0.15156 0.00542
vt 0.14547 0.01542
vt 0.15239 0.01149
vt 0.12636 0.00542
vt 0.74937 0.03292
vt 0.75525 0.03276
vt 0.75241 0.02742
vt 0.75525 0.02458
vt 0.97897 0.92375
vt 0.97523 0.91958
vt 0.98111 0.91958
vt 0.92239 0.03958
vt 0.92781 0.04853
vt 0.93917 0.04308
vt 0.91908 0.05708
vt 0.90974 0.03958
vt 0.94299 0.04382
vt 0.94920 0.04656
vt 0.71472 0.63958
vt 0.70630 0.65661
vt 0.71441 0.64847
vt 0.74445 0.63958
vt 0.69360 0.64523
vt 0.68136 0.64248
vt 0.71534 0.65807
vt 0.72494 0.65224
vt 0.75181 0.64014
vt 0.75091 0.64640
vt 0.75225 0.65676
vt 0.73891 0.67042
vt 0.75441 0.64664
vt 0.75396 0.64935
vt 0.72939 0.66347
vt 0.19290 0.28665
vt 0.20874 0.28744
vt 0.19603 0.27887
vt 0.20426 0.27725
vt 0.18750 0.28668
vt 0.17302 0.28605
vt 0.18724 0.27375
vt 0.21711 0.27375
vt 0.21149 0.27536
vt 0.23244 0.27852
vt 0.23225 0.29031
vt 0.25063 0.28164
vt 0.19120 0.29375
vt 0.19449 0.29114
vt 0.16980 0.27581
vt 0.16667 0.28260
vt 0.72334 0.10562
vt 0.72140 0.09792
vt 0.71340 0.12278
vt 0.71946 0.12790
vt 0.70773 0.13769
vt 0.70554 0.13067
vt 0.70403 0.12654
vt 0.72334 0.14125
vt 0.09950 0.63845
vt 0.08568 0.63875
vt 0.08941 0.63738
vt 0.09179 0.63688
vt 0.09212 0.63625
vt 0.08354 0.63625
vt 0.93586 0.92382
vt 0.93079 0.91435
vt 0.93981 0.90376
vt 0.92737 0.94759
vt 0.94081 0.95042
vt 0.94022 0.90042
vt 0.94081 0.90113
vt 0.48530 0.07894
vt 0.50454 0.07394
vt 0.49836 0.07191
vt 0.47724 0.07125
vt 0.45886 0.07239
vt 0.50851 0.07255
vt 0.51179 0.07125
vt 0.51427 0.07328
vt 0.49429 0.08208
vt 0.86950 0.22964
vt 0.86451 0.21462
vt 0.86664 0.25330
vt 0.87112 0.20911
vt 0.86555 0.20415
vt 0.87009 0.19792
vt 0.85939 0.24897
vt 0.85348 0.24421
vt 0.87112 0.26125
vt 0.82570 0.12593
vt 0.80577 0.12685
vt 0.84728 0.13625
vt 0.84383 0.12710
vt 0.81406 0.12381
vt 0.80759 0.12159
vt 0.80384 0.12135
vt 0.80141 0.12258
vt 0.80030 0.11875
vt 0.83359 0.12354
vt 0.79807 0.12086
vt 0.85596 0.13074
vt 0.85432 0.12358
vt 0.84724 0.12384
vt 0.85021 0.12211
vt 0.85387 0.11875
vt 0.85768 0.11979
vt 0.83417 0.64163
vt 0.82240 0.64482
vt 0.83417 0.62665
vt 0.83119 0.65029
vt 0.82368 0.66042
vt 0.82158 0.63819
vt 0.83072 0.61542
vt 0.69653 0.29243
vt 0.68388 0.28543
vt 0.68590 0.29513
vt 0.70868 0.30495
vt 0.70975 0.29853
vt 0.69055 0.28542
vt 0.72795 0.29721
vt 0.72612 0.30806
vt 0.73504 0.30143
vt 0.69629 0.31125
vt 0.73349 0.29377
vt 0.73820 0.29964
vt 0.73690 0.29525
vt 0.73997 0.29152
vt 0.76280 0.28543
vt 0.95928 0.59047
vt 0.94786 0.59196
vt 0.95877 0.58292
vt 0.95928 0.61163
vt 0.95313 0.62375
vt 0.94332 0.60525
vt 0.71356 0.06317
vt 0.71498 0.06458
vt 0.71420 0.06292
vt 0.73510 0.06292
vt 0.71075 0.06409
vt 0.71116 0.06318
vt 0.86235 0.82889
vt 0.86066 0.83625
vt 0.85331 0.82821
vt 0.84535 0.83109
vt 0.84257 0.82708
vt 0.88455 0.83301
vt 0.87716 0.82708
vt 0.06339 0.81292
vt 0.06927 0.81292
vt 0.06532 0.82292
vt 0.95926 0.56276
vt 0.95656 0.55042
vt 0.96599 0.55067
vt 0.95744 0.56335
vt 0.96305 0.56650
vt 0.94712 0.55824
vt 0.94903 0.55115
vt 0.94427 0.55933
vt 0.96360 0.57165
vt 0.94249 0.56746
vt 0.95222 0.57518
vt 0.96599 0.58125
vt 0.58228 0.20208
vt 0.57553 0.20323
vt 0.57429 0.21082
vt 0.58228 0.21299
vt 0.57209 0.22298
vt 0.58131 0.22458
vt 0.56297 0.20889
vt 0.52411 0.00657
vt 0.52450 0.01375
vt 0.53304 0.01125
vt 0.51259 0.00542
vt 0.53526 0.00542
vt 0.40292 0.40058
vt 0.39753 0.40374
vt 0.40676 0.40816
vt 0.39954 0.41397
vt 0.40680 0.40091
vt 0.38855 0.41875
vt 0.38696 0.40877
vt 0.40299 0.39708
vt 0.38565 0.40302
vt 0.37322 0.40663
vt 0.37420 0.39708
vt 0.39855 0.39747
vt 0.05919 0.05208
vt 0.05096 0.04214
vt 0.05069 0.02525
vt 0.05919 0.02652
vt 0.05460 0.01708
vt 0.04828 0.03413
vt 0.89687 0.29792
vt 0.89966 0.30777
vt 0.89276 0.30961
vt 0.89901 0.31303
vt 0.89703 0.31666
vt 0.89966 0.32055
vt 0.89183 0.31781
vt 0.89690 0.32317
vt 0.89854 0.32792
vt 0.88623 0.31433
vt 0.89184 0.32436
vt 0.88868 0.32072
vt 0.03820 0.78208
vt 0.02561 0.78208
vt 0.03378 0.78976
vt 0.02588 0.79542
vt 0.35810 0.10292
vt 0.35810 0.09042
vt 0.35223 0.09343
vt 0.98195 0.73542
vt 0.98715 0.74292
vt 0.98324 0.74108
vt 0.99622 0.73542
vt 0.07458 0.66208
vt 0.06927 0.65708
vt 0.08606 0.65708
vt 0.98195 0.44763
vt 0.98603 0.44875
vt 0.98321 0.44542
vt 0.99034 0.44542
vt 0.55626 0.96625
vt 0.55626 0.96042
vt 0.55374 0.96355
vt 0.28254 0.49042
vt 0.28254 0.48625
vt 0.28086 0.48854
vt 0.63308 0.44208
vt 0.63014 0.43792
vt 0.63434 0.43792
vt 0.71746 0.66375
vt 0.71327 0.66621
vt 0.71746 0.66708
vt 0.51175 0.08940
vt 0.51427 0.09292
vt 0.51427 0.08708
vt 0.27112 0.12458
vt 0.26406 0.12125
vt 0.27162 0.12125
vt 0.73846 0.14292
vt 0.74601 0.14292
vt 0.73995 0.14625
vt 0.40425 0.70332
vt 0.40169 0.67399
vt 0.38604 0.67321
vt 0.41999 0.70502
vt 0.38773 0.65427
vt 0.37040 0.65801
vt 0.38441 0.64924
vt 0.42864 0.72987
vt 0.44587 0.73853
vt 0.43718 0.76557
vt 0.41256 0.75751
vt 0.39751 0.74458
vt 0.41405 0.71795
vt 0.38721 0.73865
vt 0.38279 0.74917
vt 0.38063 0.76477
vt 0.38038 0.75308
vt 0.41431 0.76790
vt 0.39110 0.78375
vt 0.37355 0.77104
vt 0.38488 0.73879
vt 0.37069 0.77951
vt 0.39260 0.70221
vt 0.37812 0.68258
vt 0.36398 0.68789
vt 0.38145 0.72977
vt 0.36761 0.64529
vt 0.37258 0.64517
vt 0.37437 0.64400
vt 0.38976 0.65187
vt 0.40262 0.65340
vt 0.39580 0.65098
vt 0.39585 0.64624
vt 0.39210 0.64477
vt 0.43664 0.66680
vt 0.42430 0.64881
vt 0.45214 0.67942
vt 0.43898 0.64292
vt 0.42751 0.64524
vt 0.37683 0.64292
vt 0.38796 0.64916
vt 0.39507 0.65034
vt 0.42437 0.64758
vt 0.42133 0.64527
vt 0.41747 0.64777
vt 0.95928 0.41542
vt 0.95088 0.44455
vt 0.95928 0.45272
vt 0.95613 0.46375
vt 0.69292 0.24991
vt 0.68892 0.24792
vt 0.69481 0.25542
vt 0.69983 0.24792
vt 0.68923 0.25277
vt 0.28086 0.82542
vt 0.28505 0.82542
vt 0.28345 0.83125
vt 0.00210 0.04216
vt 0.00264 0.03758
vt 0.00462 0.03708
vt 0.00462 0.04292
vt 0.94836 0.69708
vt 0.94836 0.69042
vt 0.94584 0.69073
vt 0.03433 0.64704
vt 0.03484 0.62708
vt 0.02813 0.64204
vt 0.03484 0.65375
vt 0.99370 0.68912
vt 0.97892 0.69432
vt 0.97836 0.68840
vt 0.97187 0.69222
vt 0.97192 0.69625
vt 0.99370 0.67483
vt 0.98839 0.67458
vt 0.97617 0.67508
vt 0.26826 0.97375
vt 0.27219 0.97375
vt 0.27092 0.97542
vt 0.27414 0.97502
vt 0.60663 0.70792
vt 0.60829 0.70625
vt 0.60915 0.70792
vt 0.67884 0.14292
vt 0.68892 0.14292
vt 0.68455 0.14458
vt 0.50149 0.14722
vt 0.49851 0.14625
vt 0.50504 0.14625
vt 0.49832 0.14803
vt 0.50064 0.14958
vt 0.41758 0.84597
vt 0.42000 0.83110
vt 0.42359 0.85042
vt 0.41688 0.83820
vt 0.41688 0.85035
vt 0.42359 0.82375
vt 0.99706 0.56725
vt 0.98845 0.56708
vt 0.98928 0.57042
vt 0.98363 0.56725
vt 0.41139 0.49375
vt 0.40764 0.49208
vt 0.41268 0.49208
vt 0.93997 0.01958
vt 0.93997 0.01292
vt 0.93829 0.01465
vt 0.90684 0.81241
vt 0.90806 0.80458
vt 0.90806 0.81458
vt 0.90386 0.81129
vt 0.90508 0.81359
vt 0.15491 0.43542
vt 0.15995 0.43542
vt 0.15715 0.43708
vt 0.79303 0.27900
vt 0.79639 0.28792
vt 0.79639 0.27625
vt 0.06240 0.84958
vt 0.06505 0.84862
vt 0.06283 0.84723
vt 0.07347 0.84458
vt 0.06048 0.84632
vt 0.05584 0.84458
vt 0.77120 0.58125
vt 0.76201 0.58458
vt 0.76113 0.58125
vt 0.04828 0.78208
vt 0.05773 0.77955
vt 0.05559 0.77621
vt 0.06591 0.77208
vt 0.05074 0.77208
vt 0.79723 0.40042
vt 0.79723 0.38875
vt 0.79471 0.39962
vt 0.32872 0.44429
vt 0.33123 0.45125
vt 0.33123 0.44375
vt 0.87615 0.81542
vt 0.87615 0.81042
vt 0.87448 0.81159
vt 0.64274 0.74208
vt 0.64274 0.73458
vt 0.63182 0.73692
vt 0.84761 0.10125
vt 0.86104 0.10125
vt 0.85879 0.10458
vt 0.72670 0.87792
vt 0.71491 0.88698
vt 0.70930 0.87792
vt 0.70487 0.87990
vt 0.71989 0.88792
vt 0.18094 0.01042
vt 0.16784 0.01539
vt 0.15323 0.01042
vt 0.15582 0.01625
vt 0.45802 0.07625
vt 0.46722 0.07979
vt 0.46893 0.07625
vt 0.46572 0.08208
vt 0.69063 0.51783
vt 0.69580 0.51958
vt 0.69070 0.51613
vt 0.69647 0.51542
vt 0.68892 0.51542
vt 0.87819 0.80078
vt 0.87489 0.80217
vt 0.87742 0.80389
vt 0.88371 0.79792
vt 0.87565 0.80610
vt 0.87023 0.80625
vt 0.86440 0.79792
vt 0.50252 0.61939
vt 0.50592 0.61837
vt 0.50379 0.62284
vt 0.50407 0.61444
vt 0.50695 0.61516
vt 0.50670 0.62448
vt 0.50924 0.63542
vt 0.50924 0.61125
vt 0.64712 0.40379
vt 0.64663 0.39703
vt 0.65189 0.40453
vt 0.64916 0.39087
vt 0.64330 0.39763
vt 0.64166 0.39760
vt 0.64527 0.40280
vt 0.62984 0.39131
vt 0.63604 0.38025
vt 0.66023 0.37507
vt 0.63358 0.36741
vt 0.65741 0.35375
vt 0.67128 0.36242
vt 0.61755 0.38458
vt 0.66761 0.38419
vt 0.67128 0.42875
vt 0.65608 0.41823
vt 0.64317 0.40236
vt 0.64606 0.41615
vt 0.62527 0.35873
vt 0.65496 0.42409
vt 0.65782 0.42654
vt 0.63202 0.37637
vt 0.62681 0.36799
vt 0.65740 0.42834
vt 0.62824 0.40032
vt 0.87531 0.70792
vt 0.88352 0.70792
vt 0.87616 0.70875
vt 0.88371 0.70850
vt 0.38000 0.10449
vt 0.39811 0.10408
vt 0.39924 0.10042
vt 0.36734 0.10042
vt 0.39847 0.10458
vt 0.30291 0.57208
vt 0.30987 0.57111
vt 0.30385 0.57071
vt 0.28284 0.57174
vt 0.31049 0.56923
vt 0.33291 0.56792
vt 0.29058 0.56792
vt 0.26490 0.56870
vt 0.32831 0.57142
vt 0.80460 0.29811
vt 0.80475 0.31716
vt 0.79711 0.30876
vt 0.81066 0.33625
vt 0.79640 0.29173
vt 0.81066 0.26708
vt 0.79834 0.32693
vt 0.78631 0.30695
vt 0.25255 0.67663
vt 0.25357 0.67472
vt 0.24777 0.67530
vt 0.24979 0.67785
vt 0.24841 0.67792
vt 0.25714 0.67232
vt 0.25577 0.67482
vt 0.24559 0.67437
vt 0.24829 0.66875
vt 0.25903 0.66875
vt 0.95928 0.05008
vt 0.96264 0.05155
vt 0.96264 0.04458
vt 0.95967 0.05292
vt 0.69708 0.61991
vt 0.67650 0.60022
vt 0.69907 0.59863
vt 0.69427 0.63623
vt 0.66289 0.61535
vt 0.70403 0.63792
vt 0.69719 0.59144
vt 0.68954 0.58644
vt 0.70403 0.55958
vt 0.24223 0.75458
vt 0.21822 0.76208
vt 0.20912 0.75458
vt 0.20193 0.75609
vt 0.30079 0.26708
vt 0.31142 0.26282
vt 0.29369 0.25393
vt 0.32152 0.26331
vt 0.27612 0.25416
vt 0.27631 0.23825
vt 0.26994 0.23792
vt 0.33733 0.24937
vt 0.32646 0.24611
vt 0.32887 0.24143
vt 0.34299 0.23792
vt 0.96619 0.50875
vt 0.96704 0.51431
vt 0.97153 0.51458
vt 0.97355 0.50875
vt 0.96641 0.51330
vt 0.96516 0.51060
vt 0.11629 0.76292
vt 0.11310 0.77046
vt 0.11629 0.77125
vt 0.11209 0.76312
vt 0.78893 0.52444
vt 0.77510 0.52193
vt 0.79233 0.54268
vt 0.78676 0.51323
vt 0.78930 0.55509
vt 0.78240 0.55678
vt 0.76784 0.53209
vt 0.80059 0.57062
vt 0.78608 0.57292
vt 0.79949 0.56632
vt 0.79059 0.51944
vt 0.80059 0.50792
vt 0.21871 0.66924
vt 0.21521 0.67542
vt 0.21580 0.67138
vt 0.21822 0.67292
vt 0.20819 0.67383
vt 0.21450 0.66143
vt 0.22015 0.65708
vt 0.18766 0.67376
vt 0.20023 0.66069
vt 0.22040 0.67175
vt 0.20458 0.65708
vt 0.66471 0.96128
vt 0.66541 0.95990
vt 0.65869 0.96010
vt 0.66122 0.96375
vt 0.66533 0.94208
vt 0.66533 0.96244
vt 0.64358 0.86471
vt 0.64694 0.86708
vt 0.64694 0.86208
vt 0.10154 0.66517
vt 0.10369 0.66375
vt 0.09950 0.66375
vt 0.10352 0.66792
vt 0.66431 0.87458
vt 0.66025 0.87892
vt 0.65415 0.87713
vt 0.66457 0.87926
vt 0.65879 0.88125
vt 0.65723 0.88081
vt 0.65250 0.87979
vt 0.65197 0.87458
vt 0.79303 0.52641
vt 0.79636 0.52624
vt 0.79475 0.52775
vt 0.79807 0.52505
vt 0.79637 0.52375
vt 0.79807 0.53125
vt 0.79435 0.52913
vt 0.00468 0.02123
vt 0.00546 0.01930
vt 0.00294 0.02153
vt 0.00546 0.02375
vt 0.00467 0.01708
vt 0.64694 0.25792
vt 0.64526 0.26197
vt 0.64694 0.26292
vt 0.88287 0.49156
vt 0.86188 0.49202
vt 0.86331 0.48458
vt 0.88268 0.48601
vt 0.86668 0.49803
vt 0.88113 0.49900
vt 0.86697 0.53311
vt 0.88188 0.51381
vt 0.87510 0.53814
vt 0.88287 0.54125
vt 0.86630 0.50763
vt 0.27264 0.83147
vt 0.27582 0.82458
vt 0.27193 0.82991
vt 0.27096 0.83458
vt 0.26994 0.82458
vt 0.62594 0.23676
vt 0.63014 0.24125
vt 0.63014 0.23208
vt 0.14685 0.35042
vt 0.13896 0.34625
vt 0.14517 0.34847
vt 0.15071 0.34625
vt 0.14509 0.34784
vt 0.14360 0.34662
vt 0.82326 0.85879
vt 0.82410 0.86292
vt 0.82410 0.85708
vt 0.91310 0.26517
vt 0.91226 0.26375
vt 0.91226 0.26708
vt 0.56324 0.03755
vt 0.55906 0.03720
vt 0.56381 0.06542
vt 0.55374 0.05112
vt 0.56381 0.03458
vt 0.01637 0.60014
vt 0.02057 0.59903
vt 0.02057 0.61458
vt 0.01815 0.59458
vt 0.28633 0.96364
vt 0.28134 0.96292
vt 0.28232 0.96966
vt 0.27148 0.96292
vt 0.27918 0.97375
vt 0.26994 0.96634
vt 0.29121 0.96739
vt 0.30605 0.96526
vt 0.31086 0.33281
vt 0.30196 0.32177
vt 0.28633 0.33137
vt 0.28615 0.31008
vt 0.26822 0.31378
vt 0.32485 0.31415
vt 0.27240 0.33314
vt 0.27624 0.34572
vt 0.30206 0.30998
vt 0.28569 0.34962
vt 0.30997 0.33945
vt 0.32349 0.32796
vt 0.33875 0.32512
vt 0.33623 0.33039
vt 0.27597 0.35028
vt 0.27204 0.35458
vt 0.26322 0.34766
vt 0.34215 0.30958
vt 0.26572 0.30958
vt 0.65454 0.53466
vt 0.65869 0.52208
vt 0.65869 0.54292
vt 0.65113 0.52853
vt 0.61838 0.27625
vt 0.59804 0.28299
vt 0.60635 0.28389
vt 0.61058 0.29155
vt 0.58144 0.27625
vt 0.58849 0.28254
vt 0.61923 0.28219
vt 0.60812 0.29542
vt 0.61805 0.29077
vt 0.09110 0.63319
vt 0.07865 0.61712
vt 0.09110 0.59625
vt 0.07515 0.63014
vt 0.08326 0.63375
vt 0.08654 0.59852
vt 0.72866 0.13640
vt 0.73750 0.12958
vt 0.76246 0.13875
vt 0.72645 0.13047
vt 0.76682 0.12958
vt 0.79555 0.13419
vt 0.72502 0.13384
vt 0.44039 0.79148
vt 0.43448 0.79133
vt 0.43897 0.79720
vt 0.43367 0.79808
vt 0.44039 0.80708
vt 0.43867 0.78375
vt 0.88027 0.74098
vt 0.85953 0.74540
vt 0.88116 0.73297
vt 0.88577 0.73485
vt 0.87244 0.75871
vt 0.85684 0.72375
vt 0.89043 0.72375
vt 0.86576 0.76708
vt 0.88063 0.74893
vt 0.73174 0.72262
vt 0.72651 0.73144
vt 0.72166 0.70875
vt 0.73174 0.70923
vt 0.72924 0.73375
vt 0.96401 0.24205
vt 0.95760 0.23875
vt 0.96516 0.23663
vt 0.96007 0.23272
vt 0.96305 0.24375
vt 0.96516 0.24365
vt 0.96169 0.22958
vt 0.04912 0.76342
vt 0.05080 0.76875
vt 0.05080 0.76042
vt 0.93913 0.59061
vt 0.93325 0.57099
vt 0.93402 0.59284
vt 0.93656 0.61542
vt 0.93913 0.55708
vt 0.12787 0.08708
vt 0.12301 0.08375
vt 0.13308 0.08375
vt 0.73090 0.96625
vt 0.72754 0.96625
vt 0.72775 0.96834
vt 0.72947 0.96875
vt 0.94920 0.79480
vt 0.94836 0.79292
vt 0.94836 0.79625
vt 0.03960 0.50037
vt 0.06458 0.50181
vt 0.05581 0.49382
vt 0.02925 0.48542
vt 0.05608 0.50708
vt 0.02363 0.49006
vt 0.05413 0.48550
vt 0.07245 0.49287
vt 0.08028 0.48768
vt 0.08774 0.48542
vt 0.00882 0.48732
vt 0.55961 0.00125
vt 0.55681 0.01295
vt 0.55458 0.00676
vt 0.55961 0.01625
vt 0.87531 0.30125
vt 0.87531 0.29875
vt 0.87364 0.30014
vt 0.01217 0.58221
vt 0.02477 0.56571
vt 0.02460 0.57046
vt 0.02477 0.58935
vt 0.01581 0.56768
vt 0.02326 0.59792
vt 0.01940 0.56542
vt 0.69615 0.30375
vt 0.68640 0.30375
vt 0.69313 0.30865
vt 0.69647 0.30958
vt 0.30772 0.44792
vt 0.31406 0.44704
vt 0.31444 0.44292
vt 0.30845 0.44292
vt 0.07263 0.67928
vt 0.07767 0.67708
vt 0.07721 0.67973
vt 0.07767 0.68125
vt 0.21589 0.04062
vt 0.22233 0.04413
vt 0.21683 0.03598
vt 0.21222 0.03661
vt 0.21132 0.04020
vt 0.19689 0.03458
vt 0.20212 0.03843
vt 0.21018 0.04426
vt 0.20937 0.04958
vt 0.22753 0.03458
vt 0.22903 0.04239
vt 0.23103 0.03643
vt 0.22914 0.04807
vt 0.23720 0.04348
vt 0.21045 0.06458
vt 0.19857 0.05958
vt 0.21712 0.05958
vt 0.21788 0.06403
vt 0.65617 0.88375
vt 0.66625 0.88375
vt 0.65639 0.88958
vt 0.13812 0.09125
vt 0.13812 0.08042
vt 0.13392 0.08659
vt 0.91841 0.87701
vt 0.92460 0.88527
vt 0.91769 0.88792
vt 0.92569 0.87682
vt 0.92229 0.84593
vt 0.92098 0.86422
vt 0.91285 0.86591
vt 0.91981 0.84167
vt 0.92569 0.83375
vt 0.91058 0.85899
vt 0.70228 0.74669
vt 0.70623 0.76348
vt 0.69833 0.76595
vt 0.71258 0.73325
vt 0.72082 0.74218
vt 0.71692 0.76814
vt 0.69845 0.77672
vt 0.71894 0.78271
vt 0.68892 0.77342
vt 0.69464 0.76491
vt 0.71735 0.71507
vt 0.70834 0.72077
vt 0.71204 0.71375
vt 0.69669 0.75136
vt 0.69349 0.76369
vt 0.70563 0.78625
vt 0.71463 0.78903
vt 0.72082 0.79375
vt 0.68058 0.86670
vt 0.68229 0.86426
vt 0.67173 0.86775
vt 0.68632 0.85292
vt 0.65299 0.85292
vt 0.68773 0.86441
vt 0.66149 0.86935
vt 0.69493 0.86167
vt 0.69089 0.86444
vt 0.69983 0.86120
vt 0.64861 0.86709
vt 0.66286 0.87375
vt 0.66997 0.87035
vt 0.94920 0.72668
vt 0.95139 0.71791
vt 0.95414 0.72055
vt 0.95676 0.72235
vt 0.95396 0.71505
vt 0.95676 0.72839
vt 0.95352 0.72854
vt 0.94972 0.71509
vt 0.94991 0.70708
vt 0.95021 0.72958
vt 0.41352 0.36804
vt 0.41490 0.37107
vt 0.41772 0.36933
vt 0.41574 0.37375
vt 0.41772 0.36458
vt 0.96348 0.31458
vt 0.95164 0.32208
vt 0.94920 0.31458
vt 0.94836 0.70542
vt 0.94836 0.69792
vt 0.94668 0.69861
vt 0.93325 0.66542
vt 0.90909 0.66542
vt 0.91685 0.67375
vt 0.90638 0.67180
vt 0.79807 0.84125
vt 0.80730 0.84125
vt 0.80249 0.84958
vt 0.04492 0.73042
vt 0.03988 0.73175
vt 0.04492 0.73958
vt 0.04015 0.10962
vt 0.04704 0.10765
vt 0.04294 0.10630
vt 0.03652 0.10458
vt 0.05248 0.10935
vt 0.05220 0.10458
vt 0.04945 0.11792
vt 0.24747 0.03778
vt 0.25147 0.04542
vt 0.25147 0.03625
vt 0.24307 0.04132
vt 0.18529 0.89263
vt 0.18667 0.91506
vt 0.19186 0.90815
vt 0.19673 0.88973
vt 0.19166 0.92300
vt 0.19066 0.88150
vt 0.18010 0.87042
vt 0.20025 0.87042
vt 0.18540 0.92107
vt 0.18480 0.92708
vt 0.91836 0.55818
vt 0.92433 0.54597
vt 0.91650 0.57365
vt 0.92149 0.54712
vt 0.92235 0.54292
vt 0.91247 0.56765
vt 0.92989 0.55219
vt 0.92543 0.57564
vt 0.90134 0.57274
vt 0.92989 0.57494
vt 0.90205 0.57625
vt 0.53251 0.06517
vt 0.52872 0.07579
vt 0.55024 0.07625
vt 0.51259 0.06458
vt 0.55601 0.06458
vt 0.56213 0.06656
vt 0.99034 0.16208
vt 0.98866 0.16464
vt 0.99034 0.17292
vt 0.25495 0.05807
vt 0.25687 0.05169
vt 0.24088 0.04708
vt 0.26055 0.06125
vt 0.23300 0.05301
vt 0.27553 0.05759
vt 0.27750 0.04708
vt 0.26171 0.44403
vt 0.26742 0.44336
vt 0.26533 0.44693
vt 0.26742 0.45792
vt 0.25987 0.45466
vt 0.26253 0.44042
vt 0.24811 0.23460
vt 0.25399 0.24542
vt 0.25399 0.23042
vt 0.26071 0.98375
vt 0.25154 0.99542
vt 0.22208 0.98375
vt 0.38749 0.00458
vt 0.38749 0.01542
vt 0.38579 0.00625
vt 0.38245 0.00472
vt 0.32587 0.26708
vt 0.32284 0.26458
vt 0.32956 0.26458
vt 0.96683 0.72292
vt 0.96667 0.72708
vt 0.96432 0.72292
vt 0.02919 0.44865
vt 0.03660 0.44125
vt 0.01889 0.44125
vt 0.04492 0.44549
vt 0.02547 0.45125
vt 0.32620 0.63418
vt 0.33039 0.63625
vt 0.33039 0.62708
vt 0.69563 0.81449
vt 0.69899 0.81792
vt 0.69899 0.81125
vt 0.82997 0.72073
vt 0.82578 0.72468
vt 0.82757 0.72042
vt 0.82997 0.72708
vt 0.46054 0.33875
vt 0.47649 0.33875
vt 0.47542 0.34375
vt 0.80730 0.64125
vt 0.80343 0.64458
vt 0.79975 0.64125
vt 0.64861 0.84042
vt 0.65533 0.84042
vt 0.65241 0.84292
vt 0.84929 0.33292
vt 0.85432 0.33292
vt 0.85096 0.34292
vt 0.27693 0.78454
vt 0.28723 0.79244
vt 0.28160 0.78136
vt 0.27373 0.79272
vt 0.23447 0.78418
vt 0.30037 0.77408
vt 0.32412 0.77632
vt 0.29060 0.76658
vt 0.31405 0.76687
vt 0.32022 0.81118
vt 0.33513 0.79299
vt 0.33565 0.78354
vt 0.34719 0.78587
vt 0.33485 0.80264
vt 0.24092 0.77628
vt 0.20561 0.77689
vt 0.22037 0.77018
vt 0.21278 0.76763
vt 0.19437 0.75958
vt 0.30414 0.75969
vt 0.26992 0.80058
vt 0.24954 0.81678
vt 0.27711 0.82375
vt 0.29988 0.75958
vt 0.25227 0.77058
vt 0.27772 0.78243
vt 0.24659 0.76974
vt 0.23297 0.76890
vt 0.29389 0.00679
vt 0.29559 0.00458
vt 0.29765 0.00893
vt 0.29509 0.00958
vt 0.26994 0.00458
vt 0.19102 0.65042
vt 0.19102 0.64542
vt 0.18766 0.64954
vt 0.93325 0.78284
vt 0.93577 0.79208
vt 0.93577 0.78125
vt 0.41849 0.35032
vt 0.42115 0.33225
vt 0.39891 0.33532
vt 0.42857 0.32265
vt 0.38386 0.31542
vt 0.39263 0.34869
vt 0.37825 0.33778
vt 0.38798 0.36418
vt 0.40335 0.36199
vt 0.40292 0.35801
vt 0.42400 0.33245
vt 0.44461 0.32385
vt 0.45130 0.31542
vt 0.41358 0.36405
vt 0.40528 0.36708
vt 0.47726 0.45792
vt 0.48366 0.45943
vt 0.47481 0.46023
vt 0.48564 0.46125
vt 0.49580 0.45792
vt 0.04324 0.64269
vt 0.04492 0.64458
vt 0.04492 0.63375
vt 0.69899 0.91044
vt 0.70067 0.91292
vt 0.70067 0.90958
vt 0.97859 0.30683
vt 0.97792 0.31948
vt 0.96935 0.31849
vt 0.97526 0.30042
vt 0.97859 0.34042
vt 0.45378 0.01443
vt 0.45579 0.02199
vt 0.45214 0.02849
vt 0.45454 0.03299
vt 0.46474 0.02729
vt 0.46182 0.01644
vt 0.45922 0.01399
vt 0.46474 0.01125
vt 0.45324 0.03708
vt 0.45416 0.01407
vt 0.76196 0.53583
vt 0.76273 0.53125
vt 0.76287 0.53415
vt 0.76532 0.53233
vt 0.76532 0.54208
vt 0.32704 0.85792
vt 0.32704 0.86343
vt 0.32516 0.86009
vt 0.32368 0.86375
vt 0.76616 0.00208
vt 0.77624 0.00208
vt 0.76948 0.00458
vt 0.53061 0.34542
vt 0.52869 0.35125
vt 0.53965 0.35958
vt 0.52519 0.34918
vt 0.54534 0.34542
vt 0.53213 0.35876
vt 0.42275 0.54583
vt 0.42611 0.55042
vt 0.42611 0.53542
vt 0.24475 0.42625
vt 0.25063 0.42625
vt 0.24720 0.42792
vt 0.88455 0.52558
vt 0.88791 0.52792
vt 0.88791 0.51792
vt 0.77609 0.49208
vt 0.77540 0.49664
vt 0.77876 0.49313
vt 0.77876 0.50292
vt 0.78380 0.46208
vt 0.78301 0.46708
vt 0.77792 0.46208
vt 0.46222 0.32792
vt 0.46024 0.32134
vt 0.46222 0.31708
vt 0.45718 0.32565
vt 0.98615 0.99458
vt 0.97817 0.99458
vt 0.97887 0.99958
vt 0.96432 0.99847
vt 0.93591 0.21306
vt 0.93222 0.20992
vt 0.91977 0.21958
vt 0.94165 0.20875
vt 0.90890 0.20875
vt 0.51427 0.53124
vt 0.53442 0.53125
vt 0.52685 0.52905
vt 0.53442 0.52875
vt 0.46474 0.78042
vt 0.46222 0.78240
vt 0.46474 0.78958
vt 0.86608 0.68792
vt 0.86860 0.68792
vt 0.86809 0.69125
vt 0.51008 0.82792
vt 0.50781 0.83018
vt 0.50588 0.82792
vt 0.50870 0.83125
vt 0.50700 0.83077
vt 0.28268 0.01542
vt 0.27414 0.01208
vt 0.28925 0.01208
vt 0.51649 0.22859
vt 0.51812 0.21985
vt 0.51339 0.22340
vt 0.51437 0.21922
vt 0.51092 0.21898
vt 0.51556 0.21625
vt 0.51702 0.23042
vt 0.52589 0.22883
vt 0.52537 0.21999
vt 0.51462 0.22831
vt 0.51903 0.21798
vt 0.52415 0.21681
vt 0.55038 0.21625
vt 0.35055 0.76662
vt 0.35306 0.77125
vt 0.35306 0.76208
vt 0.71998 0.94208
vt 0.72418 0.94208
vt 0.72072 0.94458
vt 0.55877 0.88958
vt 0.55851 0.89292
vt 0.55626 0.88958
vt 0.58732 0.60916
vt 0.60070 0.62374
vt 0.59831 0.61066
vt 0.59527 0.62828
vt 0.60160 0.62958
vt 0.59602 0.60519
vt 0.59110 0.60125
vt 0.58759 0.61809
vt 0.60160 0.60977
vt 0.59823 0.60385
vt 0.60085 0.60281
vt 0.15239 0.58160
vt 0.14972 0.58239
vt 0.15239 0.57542
vt 0.14819 0.57846
vt 0.15123 0.58375
vt 0.58900 0.69118
vt 0.59152 0.69458
vt 0.59152 0.69042
vt 0.58564 0.80040
vt 0.59246 0.79806
vt 0.58969 0.79780
vt 0.58944 0.80042
vt 0.58887 0.79292
vt 0.59383 0.79836
vt 0.59992 0.79292
vt 0.99958 0.65375
vt 0.99790 0.65760
vt 0.99958 0.66708
vt 0.65365 0.70875
vt 0.64945 0.71130
vt 0.65365 0.71208
vt 0.25126 0.38882
vt 0.25505 0.39292
vt 0.25841 0.38458
vt 0.24559 0.38458
vt 0.26994 0.39172
vt 0.24650 0.38905
vt 0.24843 0.39247
vt 0.42779 0.68329
vt 0.43367 0.68323
vt 0.42907 0.69102
vt 0.43367 0.69208
vt 0.42825 0.67875
vt 0.25231 0.80466
vt 0.24391 0.80287
vt 0.25174 0.80100
vt 0.24403 0.78958
vt 0.25231 0.79392
vt 0.24792 0.81208
vt 0.84559 0.76542
vt 0.84173 0.76208
vt 0.84761 0.76208
vt 0.89211 0.29125
vt 0.89715 0.29125
vt 0.89562 0.29292
vt 0.85600 0.76875
vt 0.86020 0.76875
vt 0.85902 0.77125
vt 0.16919 0.76389
vt 0.17086 0.76625
vt 0.17086 0.76208
vt 0.80461 0.13309
vt 0.79983 0.13506
vt 0.80430 0.13542
vt 0.79723 0.13042
vt 0.81318 0.13042
vt 0.24307 0.97958
vt 0.23415 0.98208
vt 0.23132 0.97958
vt 0.71096 0.95240
vt 0.71327 0.95458
vt 0.70739 0.95125
vt 0.70741 0.95394
vt 0.71260 0.95125
vt 0.95592 0.83875
vt 0.94535 0.81239
vt 0.95592 0.80896
vt 0.95087 0.83823
vt 0.95125 0.80208
vt 0.93642 0.83282
vt 0.93577 0.82007
vt 0.48982 0.18383
vt 0.49159 0.18669
vt 0.49752 0.18042
vt 0.48069 0.18042
vt 0.48803 0.18078
vt 0.49916 0.18366
vt 0.48087 0.19417
vt 0.49101 0.19708
vt 0.49856 0.19305
vt 0.83625 0.50122
vt 0.81022 0.51149
vt 0.82684 0.51181
vt 0.80143 0.53034
vt 0.82814 0.48781
vt 0.80401 0.53125
vt 0.84257 0.52925
vt 0.81734 0.53025
vt 0.84021 0.48208
vt 0.84257 0.49414
vt 0.36902 0.03482
vt 0.36375 0.04525
vt 0.35743 0.03639
vt 0.36672 0.04428
vt 0.36902 0.04875
vt 0.36607 0.03125
vt 0.35642 0.03417
vt 0.35151 0.04756
vt 0.34299 0.03322
vt 0.36318 0.04657
vt 0.73174 0.85542
vt 0.73174 0.84042
vt 0.72838 0.84301
vt 0.30896 0.95169
vt 0.33451 0.93087
vt 0.33596 0.96404
vt 0.35379 0.94036
vt 0.30987 0.92799
vt 0.32935 0.92303
vt 0.32665 0.91740
vt 0.35679 0.93046
vt 0.35976 0.90787
vt 0.36320 0.93004
vt 0.36818 0.97535
vt 0.36602 0.94463
vt 0.34356 0.97567
vt 0.36107 0.99595
vt 0.34514 0.98868
vt 0.32295 0.97232
vt 0.29332 0.95176
vt 0.34390 0.99519
vt 0.31910 0.98931
vt 0.29741 0.94759
vt 0.31526 0.98000
vt 0.29643 0.98597
vt 0.29393 0.99792
vt 0.30861 0.97557
vt 0.27945 0.99126
vt 0.28071 0.98473
vt 0.24433 0.96825
vt 0.28535 0.99008
vt 0.29497 0.94482
vt 0.27901 0.94530
vt 0.24256 0.95964
vt 0.24223 0.96100
vt 0.27724 0.90727
vt 0.32339 0.89184
vt 0.30334 0.88190
vt 0.36352 0.87922
vt 0.33831 0.85749
vt 0.36818 0.84042
vt 0.01721 0.42254
vt 0.01630 0.45734
vt 0.00588 0.41042
vt 0.00126 0.44646
vt 0.00635 0.46262
vt 0.01721 0.47208
vt 0.20241 0.73125
vt 0.19704 0.73542
vt 0.20277 0.73539
vt 0.21285 0.73497
vt 0.19689 0.73125
vt 0.09698 0.39045
vt 0.09710 0.38792
vt 0.09981 0.39168
vt 0.10034 0.38792
vt 0.10034 0.39792
vt 0.41182 0.16684
vt 0.40005 0.16879
vt 0.40925 0.17114
vt 0.39921 0.15625
vt 0.40082 0.18536
vt 0.39843 0.18390
vt 0.39525 0.18028
vt 0.40315 0.18773
vt 0.40915 0.19042
vt 0.39001 0.16932
vt 0.43746 0.15625
vt 0.43597 0.16095
vt 0.43922 0.15765
vt 0.44291 0.16393
vt 0.44148 0.15748
vt 0.39174 0.18305
vt 0.77906 0.11497
vt 0.77058 0.10785
vt 0.75053 0.12149
vt 0.77653 0.10625
vt 0.74691 0.11260
vt 0.74015 0.11724
vt 0.78098 0.10799
vt 0.78296 0.11143
vt 0.72994 0.12367
vt 0.74041 0.12625
vt 0.72838 0.10625
vt 0.10471 0.31286
vt 0.08851 0.32058
vt 0.08666 0.31049
vt 0.10482 0.32393
vt 0.09509 0.32947
vt 0.08979 0.33420
vt 0.10621 0.33462
vt 0.07750 0.33352
vt 0.06952 0.32901
vt 0.07150 0.33849
vt 0.06517 0.31677
vt 0.07466 0.29950
vt 0.05956 0.30412
vt 0.04607 0.30437
vt 0.04839 0.32189
vt 0.05513 0.33071
vt 0.08076 0.34361
vt 0.08879 0.34186
vt 0.08751 0.28958
vt 0.04642 0.32864
vt 0.04779 0.33605
vt 0.04370 0.32939
vt 0.03988 0.32016
vt 0.04058 0.31280
vt 0.10621 0.34375
vt 0.87196 0.99208
vt 0.86020 0.99840
vt 0.87196 0.99875
vt 0.13308 0.21111
vt 0.14568 0.21458
vt 0.14568 0.20958
vt 0.04576 0.61762
vt 0.04899 0.61106
vt 0.05164 0.60958
vt 0.05164 0.62375
vt 0.04610 0.61198
vt 0.25819 0.15409
vt 0.26322 0.15708
vt 0.26322 0.15375
vt 0.75945 0.65459
vt 0.76070 0.65160
vt 0.76141 0.65386
vt 0.76448 0.64792
vt 0.76448 0.65568
vt 0.76021 0.65792
vt 0.37825 0.31792
vt 0.37657 0.31935
vt 0.37825 0.32125
vt 0.72082 0.16786
vt 0.72250 0.16958
vt 0.72250 0.16625
vt 0.89295 0.90625
vt 0.89295 0.90208
vt 0.89127 0.90363
vt 0.06003 0.68208
vt 0.05332 0.66938
vt 0.06003 0.66625
vt 0.05497 0.67531
vt 0.74143 0.03375
vt 0.74265 0.03042
vt 0.72543 0.03266
vt 0.71830 0.03042
vt 0.51391 0.01625
vt 0.51684 0.01591
vt 0.51546 0.01546
vt 0.50672 0.01542
vt 0.52183 0.01542
vt 0.82327 0.14092
vt 0.82160 0.14875
vt 0.83293 0.14240
vt 0.83837 0.14517
vt 0.82923 0.13875
vt 0.82039 0.14011
vt 0.81234 0.13875
vt 0.66840 0.58448
vt 0.66567 0.57976
vt 0.67286 0.58440
vt 0.67303 0.57620
vt 0.66457 0.57109
vt 0.67380 0.56829
vt 0.67380 0.58755
vt 0.66792 0.58842
vt 0.67286 0.59369
vt 0.66907 0.59723
vt 0.66668 0.56607
vt 0.66754 0.59173
vt 0.66529 0.60208
vt 0.67281 0.56375
vt 0.86049 0.94368
vt 0.87888 0.95242
vt 0.87083 0.96974
vt 0.88539 0.93042
vt 0.85936 0.97163
vt 0.87322 0.98208
vt 0.88539 0.97970
vt 0.24347 0.20965
vt 0.24975 0.21883
vt 0.24993 0.20332
vt 0.24235 0.19339
vt 0.25936 0.19831
vt 0.26826 0.18292
vt 0.21620 0.18292
vt 0.24481 0.21875
vt 0.25058 0.22375
vt 0.22131 0.22001
vt 0.24104 0.21226
vt 0.61321 0.50875
vt 0.59572 0.50625
vt 0.61503 0.50625
vt 0.56549 0.75301
vt 0.56434 0.75625
vt 0.56381 0.74901
vt 0.56549 0.74625
vt 0.97959 0.59374
vt 0.97994 0.58824
vt 0.98621 0.59134
vt 0.98202 0.60190
vt 0.97943 0.60265
vt 0.98281 0.58369
vt 0.98783 0.57208
vt 0.98081 0.58433
vt 0.98265 0.58152
vt 0.98295 0.60708
vt 0.98783 0.60617
vt 0.22646 0.70219
vt 0.22712 0.69958
vt 0.20361 0.69958
vt 0.21071 0.70458
vt 0.36986 0.53128
vt 0.36720 0.52875
vt 0.36650 0.53203
vt 0.36986 0.53958
vt 0.99102 0.80875
vt 0.98699 0.79841
vt 0.99454 0.80223
vt 0.98817 0.80839
vt 0.99454 0.78458
vt 0.59152 0.58125
vt 0.58564 0.58834
vt 0.59152 0.59708
vt 0.11293 0.02958
vt 0.11138 0.03292
vt 0.10789 0.02958
vt 0.72502 0.12875
vt 0.72502 0.11542
vt 0.72334 0.12442
vt 0.31604 0.01560
vt 0.31906 0.00736
vt 0.32409 0.01770
vt 0.31277 0.02458
vt 0.30772 0.00625
vt 0.32452 0.00625
vt 0.08606 0.19592
vt 0.07953 0.21061
vt 0.06938 0.20413
vt 0.06790 0.19643
vt 0.08218 0.21759
vt 0.06423 0.21633
vt 0.06826 0.21092
vt 0.07602 0.23208
vt 0.08606 0.23122
vt 0.08220 0.19118
vt 0.07323 0.18042
vt 0.76607 0.78708
vt 0.76029 0.77625
vt 0.77120 0.77625
vt 0.18400 0.01730
vt 0.19511 0.02352
vt 0.18169 0.02791
vt 0.19521 0.03797
vt 0.18244 0.03958
vt 0.19521 0.01458
vt 0.17170 0.03496
vt 0.17726 0.01611
vt 0.93577 0.00458
vt 0.96096 0.00458
vt 0.95042 0.00792
vt 0.99622 0.36625
vt 0.99286 0.37172
vt 0.99622 0.38542
vt 0.05972 0.76958
vt 0.08234 0.75678
vt 0.07019 0.74958
vt 0.04828 0.74958
vt 0.07197 0.76840
vt 0.08354 0.76275
vt 0.79135 0.27351
vt 0.78026 0.28128
vt 0.79105 0.26542
vt 0.78228 0.26585
vt 0.78815 0.28661
vt 0.77200 0.30269
vt 0.77396 0.31369
vt 0.78356 0.30688
vt 0.78873 0.31798
vt 0.77686 0.32354
vt 0.76280 0.32146
vt 0.78547 0.32779
vt 0.76453 0.31232
vt 0.78035 0.30361
vt 0.79135 0.33542
vt 0.69582 0.53762
vt 0.69897 0.52175
vt 0.70256 0.53266
vt 0.69312 0.52297
vt 0.70394 0.51911
vt 0.69793 0.51645
vt 0.70571 0.55205
vt 0.70070 0.55458
vt 0.69946 0.51208
vt 0.70571 0.51465
vt 0.86180 0.80337
vt 0.85371 0.79809
vt 0.86065 0.78772
vt 0.85518 0.77839
vt 0.86361 0.77170
vt 0.86485 0.76866
vt 0.87280 0.76792
vt 0.86876 0.77247
vt 0.86936 0.81432
vt 0.86517 0.82625
vt 0.87280 0.82106
vt 0.85013 0.80223
vt 0.71327 0.00800
vt 0.71801 0.00750
vt 0.71345 0.00567
vt 0.71830 0.00375
vt 0.71830 0.01208
vt 0.41903 0.40992
vt 0.43413 0.41568
vt 0.42395 0.39590
vt 0.41432 0.39751
vt 0.40173 0.39236
vt 0.41329 0.38479
vt 0.40189 0.37879
vt 0.43653 0.37991
vt 0.43471 0.36620
vt 0.45231 0.36375
vt 0.45084 0.38111
vt 0.46492 0.37186
vt 0.45903 0.39639
vt 0.46851 0.39257
vt 0.39872 0.39072
vt 0.39337 0.39983
vt 0.39778 0.36604
vt 0.40013 0.36375
vt 0.47145 0.40483
vt 0.45351 0.40973
vt 0.45289 0.41416
vt 0.44720 0.41662
vt 0.45651 0.41661
vt 0.44619 0.41963
vt 0.43376 0.42292
vt 0.46147 0.41933
vt 0.46906 0.41641
vt 0.42893 0.41564
vt 0.49916 0.54236
vt 0.50235 0.52395
vt 0.50540 0.53781
vt 0.50924 0.51708
vt 0.50289 0.55090
vt 0.50924 0.55708
vt 0.40176 0.11125
vt 0.41856 0.11125
vt 0.40988 0.11542
vt 0.29109 0.85557
vt 0.27475 0.85745
vt 0.29561 0.84752
vt 0.27409 0.84763
vt 0.26999 0.85649
vt 0.25735 0.84958
vt 0.25800 0.84625
vt 0.28237 0.86911
vt 0.31163 0.85017
vt 0.27975 0.87263
vt 0.28406 0.87542
vt 0.31780 0.84625
vt 0.28542 0.12125
vt 0.25877 0.11339
vt 0.28213 0.11653
vt 0.26075 0.11966
vt 0.30353 0.11374
vt 0.24475 0.10542
vt 0.29289 0.11040
vt 0.30068 0.10542
vt 0.78612 0.06375
vt 0.78866 0.09515
vt 0.80614 0.09119
vt 0.77624 0.07581
vt 0.81066 0.08027
vt 0.80149 0.06375
vt 0.80389 0.09542
vt 0.77816 0.08923
vt 0.81052 0.06775
vt 0.29880 0.02003
vt 0.28668 0.02884
vt 0.30281 0.02558
vt 0.29493 0.03125
vt 0.28822 0.02190
vt 0.31024 0.01625
vt 0.27750 0.01625
vt 0.44207 0.65963
vt 0.44856 0.65617
vt 0.44994 0.66006
vt 0.45130 0.67625
vt 0.44865 0.64682
vt 0.44571 0.64375
vt 0.45130 0.65141
vt 0.90218 0.79975
vt 0.89463 0.81655
vt 0.90100 0.81510
vt 0.89676 0.80436
vt 0.89967 0.78792
vt 0.89736 0.81999
vt 0.89945 0.82384
vt 0.90218 0.82625
vt 0.01553 0.04708
vt 0.01385 0.05130
vt 0.01553 0.05792
vt 0.00000 1.00000
vt 0.00000 1.00000
vt 0.00000 1.00000
vt 0.87759 0.40957
vt 0.88455 0.40654
vt 0.88449 0.40124
vt 0.88451 0.40947
vt 0.88449 0.41080
vt 0.88449 0.41125
vt 0.87615 0.40486
vt 0.88018 0.40042
vt 0.47581 0.22672
vt 0.47772 0.22625
vt 0.47615 0.22706
vt 0.47485 0.22708
vt 0.47481 0.22699
vt 0.47901 0.22699
vt 0.94196 0.27324
vt 0.94323 0.26682
vt 0.94752 0.26458
vt 0.94033 0.27249
vt 0.93947 0.27209
vt 0.93913 0.27193
vt 0.94312 0.27358
vt 0.94752 0.27542
vt 0.81037 0.11875
vt 0.80898 0.11708
vt 0.82158 0.11708
vt 0.63890 0.28461
vt 0.65455 0.28778
vt 0.65391 0.28039
vt 0.64133 0.29569
vt 0.63478 0.30456
vt 0.65107 0.30708
vt 0.63842 0.27133
vt 0.64941 0.26834
vt 0.63084 0.25542
vt 0.61629 0.26223
vt 0.63300 0.27179
vt 0.61083 0.25542
vt 0.62279 0.28264
vt 0.63049 0.29684
vt 0.61910 0.29310
vt 0.61508 0.30476
vt 0.66326 0.27555
vt 0.67027 0.28897
vt 0.67087 0.27618
vt 0.67380 0.29278
vt 0.66208 0.30263
vt 0.66974 0.30636
vt 0.70907 0.24792
vt 0.70716 0.25322
vt 0.70319 0.24950
vt 0.70907 0.25375
vt 0.87312 0.00071
vt 0.87170 0.00792
vt 0.86608 0.00042
vt 0.88791 0.00042
vt 0.96348 0.27199
vt 0.97237 0.25500
vt 0.96864 0.26601
vt 0.97439 0.28625
vt 0.96465 0.24708
vt 0.97439 0.24879
vt 0.16313 0.19292
vt 0.17359 0.18686
vt 0.17441 0.19220
vt 0.15939 0.18458
vt 0.15659 0.19154
vt 0.19353 0.18458
vt 0.81897 0.85827
vt 0.82242 0.85258
vt 0.82215 0.85711
vt 0.81402 0.87199
vt 0.82242 0.87542
vt 0.81974 0.85136
vt 0.81982 0.84958
vt 0.78296 0.73125
vt 0.77708 0.73785
vt 0.78123 0.73663
vt 0.78296 0.75458
vt 0.26781 0.08042
vt 0.27078 0.07708
vt 0.26886 0.07864
vt 0.26406 0.07708
vt 0.12346 0.66875
vt 0.12133 0.66856
vt 0.12234 0.66708
vt 0.12888 0.66708
vt 0.95256 0.09663
vt 0.96180 0.08219
vt 0.95902 0.09750
vt 0.95567 0.10389
vt 0.95798 0.10792
vt 0.96180 0.09909
vt 0.95338 0.07923
vt 0.95915 0.07825
vt 0.95581 0.06808
vt 0.96121 0.06208
vt 0.90502 0.61593
vt 0.90386 0.60173
vt 0.91064 0.60893
vt 0.90748 0.59105
vt 0.91444 0.62056
vt 0.91278 0.59095
vt 0.92065 0.57958
vt 0.91515 0.63375
vt 0.92065 0.62871
vt 0.70319 0.83771
vt 0.70739 0.84458
vt 0.70739 0.82958
vt 0.10705 0.76375
vt 0.10612 0.77125
vt 0.09950 0.76375
vt 0.10323 0.22875
vt 0.11797 0.21875
vt 0.09848 0.21875
vt 0.11749 0.22735
vt 0.08606 0.22220
vt 0.90050 0.07489
vt 0.93040 0.08912
vt 0.92605 0.06292
vt 0.90686 0.06292
vt 0.91152 0.08958
vt 0.93829 0.08075
vt 0.93913 0.06855
vt 0.73594 0.49792
vt 0.74584 0.48542
vt 0.74601 0.49548
vt 0.73780 0.48542
vt 0.91288 0.37708
vt 0.90386 0.37292
vt 0.92233 0.37292
vt 0.13726 0.14083
vt 0.13184 0.13519
vt 0.12942 0.14947
vt 0.12217 0.14070
vt 0.12583 0.13375
vt 0.12693 0.15590
vt 0.14496 0.16292
vt 0.15494 0.15627
vt 0.16389 0.15853
vt 0.17338 0.14325
vt 0.16927 0.13375
vt 0.68976 0.64625
vt 0.67800 0.64625
vt 0.67907 0.65542
vt 0.00446 0.76278
vt 0.00558 0.77868
vt 0.00260 0.77522
vt 0.00126 0.77949
vt 0.00281 0.78375
vt 0.01050 0.78404
vt 0.01050 0.75768
vt 0.00667 0.74958
vt 0.00674 0.78958
vt 0.85281 0.53713
vt 0.86272 0.54839
vt 0.85558 0.54448
vt 0.85807 0.56208
vt 0.85123 0.53909
vt 0.86272 0.52772
vt 0.85581 0.53803
vt 0.84677 0.53360
vt 0.85480 0.52542
vt 0.11965 0.41875
vt 0.11736 0.41483
vt 0.11607 0.41475
vt 0.11965 0.40208
vt 0.10453 0.41765
vt 0.86359 0.83958
vt 0.86307 0.84218
vt 0.86738 0.84292
vt 0.85600 0.84204
vt 0.87238 0.83958
vt 0.87867 0.84071
vt 0.16456 0.57524
vt 0.17199 0.58681
vt 0.17362 0.57952
vt 0.15323 0.59042
vt 0.15863 0.57458
vt 0.17842 0.57458
vt 0.64586 0.25458
vt 0.64106 0.24875
vt 0.65785 0.24875
vt 0.30943 0.06958
vt 0.30521 0.05792
vt 0.31276 0.05792
vt 0.64106 0.94216
vt 0.64526 0.94458
vt 0.64526 0.93042
vt 0.55877 0.87125
vt 0.55877 0.86542
vt 0.55626 0.86962
vt 0.69479 0.22606
vt 0.68837 0.23269
vt 0.68640 0.22375
vt 0.69479 0.23375
vt 0.39296 0.63625
vt 0.39188 0.64208
vt 0.38497 0.63625
vt 0.39757 0.63704
vt 0.28436 0.69811
vt 0.27078 0.69899
vt 0.27503 0.69458
vt 0.27430 0.70625
vt 0.28648 0.70455
vt 0.29177 0.69458
vt 0.98111 0.06375
vt 0.99118 0.06375
vt 0.98776 0.06792
vt 0.65701 0.76820
vt 0.66205 0.76958
vt 0.66205 0.76625
vt 0.80976 0.75458
vt 0.80444 0.76103
vt 0.81486 0.76073
vt 0.80231 0.75458
vt 0.81460 0.76754
vt 0.79891 0.77042
vt 0.54198 0.17875
vt 0.56381 0.17875
vt 0.55108 0.18458
vt 0.84852 0.28723
vt 0.85952 0.30433
vt 0.84825 0.30024
vt 0.85506 0.30682
vt 0.86244 0.31787
vt 0.85417 0.31792
vt 0.86608 0.30606
vt 0.84257 0.28139
vt 0.86002 0.26493
vt 0.85030 0.25875
vt 0.86608 0.26009
vt 0.02561 0.94458
vt 0.02561 0.92792
vt 0.01889 0.93067
vt 0.46725 0.78292
vt 0.46725 0.75792
vt 0.46306 0.77395
vt 0.92208 0.25506
vt 0.91824 0.24250
vt 0.92317 0.24352
vt 0.91310 0.25297
vt 0.91532 0.22958
vt 0.92069 0.23473
vt 0.92105 0.25667
vt 0.92317 0.26208
vt 0.38497 0.99958
vt 0.37360 0.99109
vt 0.38115 0.98947
vt 0.36986 0.98496
vt 0.37812 0.97881
vt 0.38123 0.98137
vt 0.38497 0.97458
vt 0.93997 0.78042
vt 0.93997 0.76292
vt 0.93471 0.77117
vt 0.93409 0.76346
vt 0.67212 0.18208
vt 0.66313 0.19208
vt 0.66289 0.18208
vt 0.87121 0.24263
vt 0.87448 0.23792
vt 0.86944 0.24268
vt 0.87448 0.25125
vt 0.67148 0.78901
vt 0.65155 0.78845
vt 0.66459 0.78454
vt 0.64850 0.78612
vt 0.65533 0.81143
vt 0.63219 0.79405
vt 0.62762 0.81369
vt 0.62808 0.78677
vt 0.64437 0.78138
vt 0.67632 0.80107
vt 0.64790 0.77973
vt 0.66271 0.77406
vt 0.64454 0.76792
vt 0.67581 0.82429
vt 0.65092 0.83782
vt 0.63180 0.82169
vt 0.65959 0.84060
vt 0.67632 0.83921
vt 0.67579 0.84520
vt 0.65753 0.84708
vt 0.65758 0.84252
vt 0.54820 0.30325
vt 0.53275 0.30208
vt 0.54281 0.31042
vt 0.54872 0.30208
vt 0.55290 0.30686
vt 0.28925 0.26792
vt 0.30605 0.26792
vt 0.29415 0.27375
vt 0.74013 0.86816
vt 0.73426 0.86270
vt 0.73492 0.87958
vt 0.74013 0.85875
vt 0.45586 0.28042
vt 0.46519 0.28625
vt 0.45326 0.28489
vt 0.44962 0.28157
vt 0.47649 0.28042
vt 0.84370 0.02453
vt 0.85045 0.02421
vt 0.84898 0.01730
vt 0.83753 0.01867
vt 0.83975 0.01542
vt 0.87196 0.02226
vt 0.86601 0.02843
vt 0.86849 0.01542
vt 0.84543 0.02875
vt 0.80143 0.68274
vt 0.80647 0.67958
vt 0.80647 0.68853
vt 0.80249 0.68958
vt 0.00000 1.00000
vt 0.00000 1.00000
vt 0.00000 1.00000
vt 0.00000 1.00000
vt 0.58953 0.78252
vt 0.59068 0.78042
vt 0.59068 0.78283
vt 0.58932 0.78292
vt 0.58900 0.78201
vt 0.75830 0.29881
vt 0.75883 0.29840
vt 0.75875 0.30125
vt 0.75777 0.29891
vt 0.75875 0.29792
vt 0.76029 0.29935
vt 0.98178 0.75375
vt 0.98111 0.75465
vt 0.98157 0.75435
vt 0.98195 0.75394
vt 0.98131 0.75491
vt 0.98178 0.75542
vt 0.55542 0.43454
vt 0.55458 0.43375
vt 0.55458 0.43458
vt 0.26144 0.12807
vt 0.25188 0.12375
vt 0.25929 0.13908
vt 0.24727 0.13339
vt 0.26551 0.12790
vt 0.27146 0.13739
vt 0.27164 0.15276
vt 0.29130 0.14221
vt 0.29354 0.15494
vt 0.28613 0.12939
vt 0.29429 0.13443
vt 0.29261 0.12375
vt 0.25861 0.14993
vt 0.27115 0.15198
vt 0.27122 0.15625
vt 0.50256 0.68346
vt 0.50756 0.67792
vt 0.50609 0.68436
vt 0.50084 0.69172
vt 0.50756 0.69708
vt 0.17842 0.00542
vt 0.20529 0.00542
vt 0.19568 0.01208
vt 0.66373 0.00458
vt 0.68431 0.01125
vt 0.69060 0.00458
vt 0.66564 0.00841
vt 0.38329 0.48042
vt 0.37909 0.48150
vt 0.38329 0.49958
vt 0.74685 0.35769
vt 0.74478 0.37266
vt 0.73846 0.36675
vt 0.74241 0.34792
vt 0.73905 0.38602
vt 0.74685 0.39292
vt 0.74847 0.75701
vt 0.72835 0.75142
vt 0.73468 0.74871
vt 0.72670 0.76532
vt 0.73814 0.77789
vt 0.75678 0.76976
vt 0.76113 0.76066
vt 0.74830 0.74478
vt 0.74347 0.74292
vt 0.72748 0.77021
vt 0.73711 0.78425
vt 0.76113 0.79375
vt 0.78128 0.72576
vt 0.78631 0.73292
vt 0.78631 0.72292
vt 0.94176 0.02655
vt 0.94598 0.02587
vt 0.94668 0.03042
vt 0.94668 0.02292
vt 0.93593 0.02493
vt 0.93577 0.02894
vt 0.53809 0.68042
vt 0.51763 0.67792
vt 0.54114 0.67792
vt 0.20724 0.25101
vt 0.19105 0.24533
vt 0.19266 0.24981
vt 0.22409 0.23125
vt 0.17834 0.24545
vt 0.20802 0.26375
vt 0.20890 0.23255
vt 0.18804 0.23445
vt 0.18050 0.24120
vt 0.17590 0.23125
vt 0.21046 0.25555
vt 0.22147 0.24049
vt 0.24475 0.24180
vt 0.17687 0.39448
vt 0.18873 0.39542
vt 0.16415 0.38792
vt 0.20193 0.38792
vt 0.98195 0.77458
vt 0.99958 0.77458
vt 0.98733 0.78208
vt 0.02225 0.38951
vt 0.01973 0.38469
vt 0.01991 0.38125
vt 0.02034 0.39208
vt 0.02225 0.38358
vt 0.47229 0.41700
vt 0.47372 0.41292
vt 0.47565 0.41568
vt 0.47565 0.42208
vt 0.71306 0.26898
vt 0.70055 0.26287
vt 0.67801 0.27086
vt 0.68964 0.26153
vt 0.68164 0.26397
vt 0.68665 0.26149
vt 0.71251 0.25625
vt 0.66721 0.27156
vt 0.71166 0.27490
vt 0.68175 0.27625
vt 0.69183 0.25702
vt 0.73594 0.27358
vt 0.65070 0.25823
vt 0.65471 0.25647
vt 0.64694 0.25625
vt 0.61671 0.71820
vt 0.61923 0.72125
vt 0.61923 0.71708
vt 0.99057 0.75890
vt 0.98414 0.74725
vt 0.98195 0.76781
vt 0.99370 0.74208
vt 0.99370 0.77208
vt 0.60999 0.76804
vt 0.60999 0.75125
vt 0.60243 0.75855
vt 0.60378 0.77292
vt 0.76627 0.81937
vt 0.77512 0.81640
vt 0.77734 0.82725
vt 0.76975 0.83154
vt 0.77226 0.78132
vt 0.77954 0.79878
vt 0.78024 0.78406
vt 0.78212 0.77292
vt 0.77988 0.83096
vt 0.77903 0.83647
vt 0.78212 0.84048
vt 0.78061 0.85375
vt 0.76790 0.83419
vt 0.77980 0.83452
vt 0.75945 0.80838
vt 0.30072 0.01708
vt 0.29597 0.01542
vt 0.30269 0.01542
vt 0.40512 0.12969
vt 0.40532 0.13267
vt 0.40599 0.13014
vt 0.40764 0.14375
vt 0.40764 0.12458
vt 0.77034 0.85770
vt 0.76001 0.86771
vt 0.76226 0.84818
vt 0.77204 0.84315
vt 0.76176 0.87875
vt 0.75861 0.85583
vt 0.77204 0.86755
vt 0.76818 0.84292
vt 0.84311 0.85125
vt 0.84341 0.85528
vt 0.84173 0.85329
vt 0.84311 0.85708
vt 0.76364 0.07708
vt 0.76364 0.07125
vt 0.76196 0.07329
vt 0.15141 0.50792
vt 0.14736 0.50708
vt 0.15323 0.50708
vt 0.95928 0.78936
vt 0.95614 0.77815
vt 0.95928 0.77125
vt 0.95508 0.78530
vt 0.95547 0.77292
vt 0.95714 0.79208
vt 0.20781 0.29042
vt 0.20361 0.29162
vt 0.20781 0.29292
vt 0.04830 0.05425
vt 0.02576 0.05600
vt 0.03700 0.05849
vt 0.04431 0.05849
vt 0.04240 0.06666
vt 0.02300 0.04792
vt 0.01721 0.05692
vt 0.04614 0.04792
vt 0.03457 0.06708
vt 0.05087 0.06649
vt 0.05751 0.06028
vt 0.03124 0.06529
vt 0.94500 0.45708
vt 0.94346 0.45875
vt 0.93241 0.45708
vt 0.15527 0.44914
vt 0.14583 0.44042
vt 0.14219 0.44958
vt 0.15684 0.44427
vt 0.15995 0.44796
vt 0.13997 0.44676
vt 0.13622 0.44665
vt 0.12720 0.44042
vt 0.25614 0.48026
vt 0.24958 0.47958
vt 0.25448 0.48269
vt 0.26183 0.48312
vt 0.26406 0.47958
vt 0.24811 0.48233
vt 0.24939 0.48458
vt 0.61839 0.24518
vt 0.62510 0.24542
vt 0.62510 0.24208
vt 0.59425 0.39042
vt 0.59404 0.39440
vt 0.59679 0.39325
vt 0.61280 0.39042
vt 0.60306 0.39542
vt 0.60961 0.39424
vt 0.61587 0.39203
vt 0.40428 0.87458
vt 0.41252 0.88292
vt 0.41290 0.88105
vt 0.41604 0.88074
vt 0.41574 0.87458
vt 0.91574 0.19410
vt 0.92496 0.20042
vt 0.91176 0.19845
vt 0.90929 0.17623
vt 0.91795 0.15779
vt 0.92552 0.16936
vt 0.92569 0.15309
vt 0.90806 0.15042
vt 0.92569 0.18898
vt 0.43031 0.40098
vt 0.44806 0.40717
vt 0.44573 0.39338
vt 0.45046 0.40453
vt 0.43578 0.41151
vt 0.43880 0.38529
vt 0.44292 0.41401
vt 0.44684 0.41458
vt 0.44918 0.39265
vt 0.45046 0.38458
vt 0.69805 0.07502
vt 0.71521 0.07760
vt 0.71495 0.07391
vt 0.69475 0.08042
vt 0.73427 0.07487
vt 0.74013 0.06875
vt 0.69068 0.06875
vt 0.68640 0.07271
vt 0.69144 0.86627
vt 0.69563 0.87792
vt 0.69563 0.86458
vt 0.77038 0.60519
vt 0.76882 0.60491
vt 0.76895 0.60219
vt 0.75919 0.60239
vt 0.76624 0.61006
vt 0.76324 0.61907
vt 0.75455 0.62422
vt 0.74349 0.61345
vt 0.74537 0.60207
vt 0.75475 0.59706
vt 0.74659 0.62698
vt 0.74810 0.58916
vt 0.75796 0.57958
vt 0.75048 0.63644
vt 0.75839 0.64031
vt 0.76254 0.63242
vt 0.77374 0.60673
vt 0.76197 0.59598
vt 0.76618 0.62552
vt 0.77423 0.64056
vt 0.77026 0.62727
vt 0.77664 0.63747
vt 0.78212 0.64625
vt 0.77573 0.63141
vt 0.77426 0.60130
vt 0.77349 0.60653
vt 0.77036 0.60482
vt 0.78197 0.58864
vt 0.78212 0.58578
vt 0.77435 0.58417
vt 0.95760 0.83375
vt 0.95760 0.83958
vt 0.95676 0.83798
vt 0.00477 0.23211
vt 0.01050 0.23821
vt 0.00210 0.23587
vt 0.01050 0.22728
vt 0.00948 0.22042
vt 0.00294 0.23934
vt 0.00382 0.24125
vt 0.00335 0.24622
vt 0.00370 0.25958
vt 0.02561 0.61192
vt 0.02407 0.60550
vt 0.02141 0.60925
vt 0.02561 0.59625
vt 0.02541 0.61792
vt 0.77120 0.21826
vt 0.77456 0.21208
vt 0.77456 0.21859
vt 0.77378 0.22375
vt 0.30629 0.30782
vt 0.29508 0.29858
vt 0.29523 0.30792
vt 0.31108 0.29849
vt 0.29139 0.29774
vt 0.28849 0.30732
vt 0.27329 0.27580
vt 0.25016 0.29608
vt 0.27754 0.29915
vt 0.25251 0.27491
vt 0.26552 0.30745
vt 0.24710 0.27086
vt 0.27362 0.26208
vt 0.25206 0.26208
vt 0.24223 0.26247
vt 0.29230 0.27502
vt 0.86440 0.91351
vt 0.86771 0.92543
vt 0.87080 0.91206
vt 0.87531 0.88958
vt 0.86615 0.93708
vt 0.87010 0.92913
vt 0.87310 0.92348
vt 0.86982 0.91843
vt 0.87531 0.91732
vt 0.87206 0.91256
vt 0.69983 0.67298
vt 0.70655 0.67375
vt 0.70655 0.65958
vt 0.70091 0.65966
vt 0.07347 0.43238
vt 0.07515 0.43292
vt 0.07515 0.42708
vt 0.89163 0.44580
vt 0.88203 0.45472
vt 0.88293 0.44106
vt 0.89190 0.44287
vt 0.89056 0.43459
vt 0.88266 0.43098
vt 0.89353 0.46526
vt 0.88345 0.46602
vt 0.88442 0.47900
vt 0.89333 0.44426
vt 0.89547 0.48708
vt 0.88753 0.42375
vt 0.89547 0.44228
vt 0.90032 0.70486
vt 0.91455 0.71268
vt 0.91056 0.70056
vt 0.91536 0.69542
vt 0.92401 0.70702
vt 0.91622 0.71347
vt 0.91793 0.72260
vt 0.89792 0.72708
vt 0.90342 0.71842
vt 0.89501 0.70787
vt 0.88455 0.71095
vt 0.89193 0.69542
vt 0.00294 0.48282
vt 0.01721 0.48458
vt 0.01721 0.47792
vt 0.74181 0.99958
vt 0.74181 0.98625
vt 0.73510 0.98742
vt 0.44537 0.46327
vt 0.45101 0.46502
vt 0.43787 0.45542
vt 0.44154 0.46542
vt 0.45886 0.45542
vt 0.44271 0.46400
vt 0.35235 0.73210
vt 0.35901 0.74241
vt 0.35223 0.75231
vt 0.35978 0.75708
vt 0.35978 0.72208
vt 0.62930 0.13125
vt 0.62682 0.13792
vt 0.60831 0.13125
vt 0.75514 0.39970
vt 0.75490 0.40622
vt 0.74937 0.39714
vt 0.75679 0.38013
vt 0.75861 0.40708
vt 0.75861 0.37958
vt 0.78896 0.49938
vt 0.78519 0.48847
vt 0.79042 0.47923
vt 0.78231 0.49181
vt 0.79135 0.50792
vt 0.78887 0.50745
vt 0.77960 0.47651
vt 0.78847 0.47265
vt 0.79135 0.47129
vt 0.78639 0.46625
vt 0.04604 0.08769
vt 0.04400 0.08542
vt 0.04446 0.08720
vt 0.04306 0.08743
vt 0.04054 0.08792
vt 0.03988 0.08542
vt 0.04549 0.08654
vt 0.05416 0.08680
vt 0.38546 0.11764
vt 0.40163 0.12121
vt 0.40381 0.11625
vt 0.37570 0.11849
vt 0.37322 0.14140
vt 0.39155 0.14208
vt 0.41772 0.11625
vt 0.64106 0.56708
vt 0.63770 0.56967
vt 0.64106 0.58542
vt 0.44704 0.10208
vt 0.44512 0.09875
vt 0.44887 0.10034
vt 0.44458 0.10202
vt 0.45718 0.09875
vt 0.67296 0.97542
vt 0.67121 0.97792
vt 0.66961 0.97542
vt 0.77137 0.51875
vt 0.77161 0.51708
vt 0.77232 0.51804
vt 0.76280 0.51708
vt 0.77372 0.51829
vt 0.02561 0.75458
vt 0.03149 0.75620
vt 0.02902 0.75708
vt 0.03007 0.75458
vt 0.80563 0.23491
vt 0.80751 0.22715
vt 0.81150 0.22375
vt 0.81150 0.24208
vt 0.54198 0.25911
vt 0.54030 0.25875
vt 0.54030 0.26042
vt 0.29177 0.17208
vt 0.29765 0.17208
vt 0.29620 0.17292
vt 0.05080 0.01792
vt 0.05080 0.00708
vt 0.04828 0.01701
vt 0.22073 0.02602
vt 0.22538 0.02524
vt 0.21737 0.02360
vt 0.21056 0.02708
vt 0.21754 0.01625
vt 0.20684 0.01625
vt 0.20277 0.02433
vt 0.23384 0.01873
vt 0.81932 0.44184
vt 0.80730 0.43542
vt 0.80907 0.44292
vt 0.83081 0.43542
vt 0.12972 0.41625
vt 0.12972 0.41292
vt 0.12487 0.41306
vt 0.12049 0.41469
vt 0.12793 0.38625
vt 0.12217 0.38625
vt 0.12484 0.39042
vt 0.13476 0.38980
vt 0.00000 1.00000
vt 0.00000 1.00000
vt 0.00000 1.00000
vt 0.00000 1.00000
vt 0.00000 1.00000
vt 0.14652 0.77583
vt 0.14736 0.77583
vt 0.14721 0.77625
vt 0.14688 0.77542
vt 0.00000 1.00000
vt 0.00000 1.00000
vt 0.00000 1.00000
vt 0.00000 1.00000
vt 0.00000 1.00000
vt 0.00000 1.00000
vt 0.74992 0.94542
vt 0.75021 0.94553
vt 0.74961 0.94625
vt 0.74937 0.94553
vt 0.34985 0.36120
vt 0.32500 0.36336
vt 0.34868 0.37727
vt 0.33379 0.34625
vt 0.31275 0.36237
vt 0.31189 0.34800
vt 0.32087 0.37395
vt 0.32788 0.37896
vt 0.35222 0.34633
vt 0.37702 0.36269
vt 0.35989 0.34840
vt 0.38077 0.34932
vt 0.36199 0.34625
vt 0.37187 0.39473
vt 0.35002 0.39208
vt 0.33206 0.38021
vt 0.32630 0.40070
vt 0.32947 0.38279
vt 0.32196 0.38427
vt 0.36007 0.40511
vt 0.35039 0.40792
vt 0.30861 0.35926
vt 0.30688 0.34887
vt 0.91142 0.50375
vt 0.90078 0.51625
vt 0.88371 0.50375
vt 0.76616 0.83119
vt 0.76616 0.82542
vt 0.76029 0.82826
vt 0.76522 0.83208
vt 0.76108 0.83182
vt 0.46977 0.30875
vt 0.47767 0.30875
vt 0.47667 0.31208
vt 0.48237 0.31160
vt 0.26910 0.70542
vt 0.26427 0.70875
vt 0.26406 0.70542
vt 0.82746 0.69743
vt 0.83696 0.69847
vt 0.82827 0.70869
vt 0.83370 0.70856
vt 0.83837 0.70875
vt 0.83837 0.69458
vt 0.01338 0.27708
vt 0.01301 0.28067
vt 0.01652 0.28292
vt 0.02393 0.27708
vt 0.66190 0.01458
vt 0.63701 0.01458
vt 0.65048 0.02160
vt 0.65554 0.02169
vt 0.67716 0.01782
vt 0.63956 0.02208
vt 0.63686 0.01826
vt 0.60411 0.38471
vt 0.61086 0.38958
vt 0.60740 0.37792
vt 0.61503 0.37858
vt 0.61503 0.38854
vt 0.60516 0.38944
vt 0.45046 0.25292
vt 0.46507 0.26068
vt 0.45114 0.25957
vt 0.46725 0.25292
vt 0.46067 0.26542
vt 0.37070 0.90208
vt 0.36751 0.91958
vt 0.36482 0.90392
vt 0.37070 0.91337
vt 0.56213 0.72375
vt 0.55961 0.72841
vt 0.55374 0.72507
vt 0.56213 0.73625
vt 0.55874 0.73422
vt 0.43115 0.35708
vt 0.42438 0.33465
vt 0.42366 0.34631
vt 0.43115 0.34128
vt 0.42859 0.33458
vt 0.42107 0.34915
vt 0.29849 0.23875
vt 0.30940 0.23875
vt 0.30511 0.24208
vt 0.61839 0.25364
vt 0.62086 0.24875
vt 0.62674 0.25375
vt 0.63182 0.24875
vt 0.90640 0.27375
vt 0.90963 0.27125
vt 0.90218 0.27125
vt 0.91142 0.27194
vt 0.49832 0.55875
vt 0.49832 0.55125
vt 0.49580 0.55715
vt 0.50672 0.15757
vt 0.50947 0.15282
vt 0.51295 0.15437
vt 0.50697 0.15064
vt 0.51427 0.14958
vt 0.51160 0.15875
vt 0.51427 0.15873
vt 0.54198 0.23208
vt 0.53442 0.23254
vt 0.53737 0.23425
vt 0.54198 0.23792
vt 0.26406 0.23052
vt 0.26574 0.23375
vt 0.26574 0.22458
vt 0.95655 0.02885
vt 0.95775 0.02863
vt 0.95203 0.02375
vt 0.95172 0.02572
vt 0.96012 0.02437
vt 0.96012 0.04625
vt 0.61503 0.11223
vt 0.61755 0.11958
vt 0.61755 0.11125
vt 0.38917 0.09669
vt 0.39673 0.09792
vt 0.39673 0.09542
vt 0.97859 0.80702
vt 0.96204 0.83415
vt 0.96710 0.81843
vt 0.97859 0.83888
vt 0.96347 0.80625
vt 0.96096 0.81538
vt 0.96867 0.83985
vt 0.96277 0.84042
vt 0.95491 0.41208
vt 0.93501 0.39237
vt 0.95381 0.39223
vt 0.96012 0.39125
vt 0.92590 0.39210
vt 0.92609 0.40382
vt 0.92569 0.41009
vt 0.96012 0.41292
vt 0.93854 0.53684
vt 0.96012 0.51042
vt 0.94771 0.53842
vt 0.93829 0.51042
vt 0.95915 0.54379
vt 0.94239 0.54542
vt 0.68556 0.50861
vt 0.70739 0.50292
vt 0.68584 0.50477
vt 0.70739 0.50958
vt 0.16919 0.66792
vt 0.16415 0.67305
vt 0.16919 0.67792
vt 0.82464 0.06625
vt 0.84881 0.06253
vt 0.82023 0.04923
vt 0.84656 0.04708
vt 0.81239 0.05523
vt 0.81347 0.06397
vt 0.85013 0.05219
vt 0.81150 0.04708
vt 0.96102 0.60702
vt 0.96096 0.63571
vt 0.97775 0.60625
vt 0.97775 0.63958
vt 0.89795 0.92042
vt 0.89166 0.91387
vt 0.90829 0.90396
vt 0.90446 0.88292
vt 0.91394 0.88553
vt 0.88035 0.91328
vt 0.90566 0.91600
vt 0.91394 0.90958
vt 0.91333 0.91666
vt 0.88038 0.90889
vt 0.39924 0.64513
vt 0.41278 0.63816
vt 0.41457 0.64045
vt 0.40727 0.64958
vt 0.40045 0.62813
vt 0.41604 0.64818
vt 0.41226 0.62542
vt 0.41604 0.63138
vt 0.41562 0.62908
vt 0.89715 0.21292
vt 0.90974 0.21292
vt 0.90006 0.21458
vt 0.17170 0.28792
vt 0.18094 0.28792
vt 0.17466 0.29125
vt 0.87404 0.78667
vt 0.87083 0.79519
vt 0.86462 0.77875
vt 0.88277 0.79333
vt 0.86440 0.79542
vt 0.88539 0.77875
vt 0.87712 0.78076
vt 0.22502 0.41606
vt 0.19993 0.41625
vt 0.20194 0.41185
vt 0.23644 0.41368
vt 0.17581 0.41303
vt 0.16750 0.40465
vt 0.16432 0.40987
vt 0.15155 0.39708
vt 0.24126 0.40735
vt 0.26207 0.40603
vt 0.26994 0.39708
vt 0.11634 0.30050
vt 0.12323 0.30375
vt 0.12720 0.29625
vt 0.10873 0.29625
vt 0.23804 0.69291
vt 0.22628 0.69358
vt 0.22359 0.68413
vt 0.22208 0.69406
vt 0.23804 0.68125
vt 0.23119 0.69792
vt 0.75357 0.02458
vt 0.75357 0.01458
vt 0.75189 0.02259
vt 0.76622 0.04880
vt 0.76342 0.03780
vt 0.76278 0.04600
vt 0.76752 0.03256
vt 0.76059 0.02792
vt 0.75742 0.05125
vt 0.75693 0.03847
vt 0.77288 0.03487
vt 0.77288 0.04975
vt 0.17674 0.25542
vt 0.17003 0.23625
vt 0.17674 0.23627
vt 0.17088 0.25336
vt 0.12888 0.13292
vt 0.12888 0.12458
vt 0.12469 0.12727
vt 0.80898 0.00125
vt 0.80059 0.00387
vt 0.80572 0.00503
vt 0.80898 0.00958
vt 0.43283 0.16958
vt 0.42947 0.17000
vt 0.43283 0.17458
vt 0.44626 0.00042
vt 0.45886 0.00042
vt 0.45520 0.00542
vt 0.79975 0.51298
vt 0.80395 0.52208
vt 0.80395 0.50958
vt 0.87112 0.02823
vt 0.87531 0.03125
vt 0.87531 0.02042
vt 0.26267 0.08375
vt 0.26779 0.08792
vt 0.27330 0.08375
vt 0.26071 0.08571
vt 0.03736 0.00042
vt 0.04996 0.00042
vt 0.04391 0.00542
vt 0.81738 0.28189
vt 0.81101 0.27613
vt 0.81738 0.27208
vt 0.80982 0.28292
vt 0.15974 0.69985
vt 0.18783 0.69097
vt 0.15260 0.69286
vt 0.14522 0.70042
vt 0.12845 0.69082
vt 0.12540 0.69695
vt 0.10789 0.68497
vt 0.10702 0.69177
vt 0.09337 0.67998
vt 0.08558 0.68082
vt 0.06650 0.66739
vt 0.06636 0.65781
vt 0.05561 0.64596
vt 0.05830 0.65933
vt 0.05332 0.65228
vt 0.16872 0.69989
vt 0.17844 0.69862
vt 0.19141 0.69629
vt 0.19970 0.69342
vt 0.21301 0.68908
vt 0.21926 0.68504
vt 0.05352 0.64458
vt 0.22309 0.68010
vt 0.22208 0.67562
vt 0.23670 0.67488
vt 0.23669 0.67310
vt 0.24053 0.67018
vt 0.23408 0.67092
vt 0.25211 0.65109
vt 0.24374 0.66805
vt 0.25286 0.65556
vt 0.26238 0.64458
vt 0.19805 0.69523
vt 0.46604 0.10708
vt 0.46871 0.10458
vt 0.48153 0.10684
vt 0.43115 0.10458
vt 0.11881 0.00375
vt 0.10846 0.01208
vt 0.11293 0.00439
vt 0.09866 0.00658
vt 0.10490 0.00375
vt 0.11846 0.01208
vt 0.78974 0.10503
vt 0.79309 0.11521
vt 0.78546 0.10830
vt 0.78212 0.09879
vt 0.78769 0.09708
vt 0.79555 0.09769
vt 0.79555 0.12625
vt 0.18682 0.26875
vt 0.17876 0.27208
vt 0.17003 0.26875
vt 0.27705 0.52292
vt 0.29349 0.53289
vt 0.29551 0.52551
vt 0.28064 0.53708
vt 0.27078 0.52337
vt 0.30017 0.52292
vt 0.79975 0.88374
vt 0.79555 0.88715
vt 0.79975 0.89208
vt 0.79765 0.87375
vt 0.19102 0.57292
vt 0.20193 0.57292
vt 0.19894 0.57625
vt 0.51033 0.36125
vt 0.51602 0.35826
vt 0.51274 0.35297
vt 0.52183 0.35292
vt 0.50504 0.35292
vt 0.94314 0.13012
vt 0.95088 0.13910
vt 0.94249 0.13712
vt 0.95088 0.12708
vt 0.95060 0.14375
vt 0.79303 0.37287
vt 0.77799 0.36003
vt 0.78189 0.35313
vt 0.77792 0.38407
vt 0.78674 0.34625
vt 0.78634 0.38446
vt 0.79303 0.39875
vt 0.78074 0.34775
vt 0.77961 0.35170
vt 0.33931 0.13908
vt 0.33600 0.14855
vt 0.34417 0.14412
vt 0.35587 0.13858
vt 0.32163 0.13542
vt 0.32124 0.14563
vt 0.36271 0.14881
vt 0.35532 0.14313
vt 0.36572 0.14083
vt 0.37238 0.13542
vt 0.32185 0.15339
vt 0.33167 0.15584
vt 0.32892 0.16292
vt 0.32032 0.15929
vt 0.07515 0.61042
vt 0.07515 0.59125
vt 0.07347 0.59454
vt 0.98615 0.54708
vt 0.98615 0.53208
vt 0.98027 0.53992
vt 0.98177 0.53457
vt 0.63962 0.85289
vt 0.64589 0.85034
vt 0.64270 0.86140
vt 0.63754 0.84326
vt 0.64694 0.84208
vt 0.63692 0.86615
vt 0.63254 0.89746
vt 0.62810 0.89473
vt 0.62759 0.88803
vt 0.63028 0.89826
vt 0.63943 0.91122
vt 0.62448 0.90701
vt 0.62347 0.89258
vt 0.63977 0.93200
vt 0.63949 0.94458
vt 0.62185 0.89543
vt 0.64694 0.92374
vt 0.63550 0.88625
vt 0.62666 0.87706
vt 0.63159 0.87338
vt 0.63375 0.85460
vt 0.62241 0.86773
vt 0.62632 0.85637
vt 0.62007 0.85519
vt 0.90431 0.19110
vt 0.90669 0.17859
vt 0.90722 0.19873
vt 0.90195 0.17762
vt 0.90422 0.19582
vt 0.89818 0.20042
vt 0.90181 0.17452
vt 0.90651 0.15326
vt 0.89798 0.14966
vt 0.90722 0.13875
vt 0.08699 0.49359
vt 0.09318 0.49792
vt 0.09566 0.48958
vt 0.10537 0.49481
vt 0.08270 0.49765
vt 0.08458 0.48958
vt 0.60242 0.00888
vt 0.60999 0.01875
vt 0.60999 0.00875
vt 0.60076 0.01365
vt 0.57913 0.25229
vt 0.57301 0.24897
vt 0.57692 0.23803
vt 0.58480 0.25376
vt 0.58480 0.22708
vt 0.57777 0.22965
vt 0.57137 0.25625
vt 0.05786 0.24046
vt 0.08356 0.24199
vt 0.06260 0.23397
vt 0.07936 0.23292
vt 0.03831 0.23292
vt 0.09583 0.23518
vt 0.11377 0.24446
vt 0.11372 0.23729
vt 0.03652 0.24459
vt 0.05965 0.24528
vt 0.04008 0.24888
vt 0.04075 0.25708
vt 0.99622 0.27458
vt 0.98866 0.27939
vt 0.99622 0.29375
vt 0.94584 0.31708
vt 0.93717 0.32542
vt 0.93661 0.31708
vt 0.56883 0.10375
vt 0.56297 0.09875
vt 0.57473 0.09875
vt 0.56096 0.09448
vt 0.54034 0.08866
vt 0.54897 0.09934
vt 0.54673 0.09958
vt 0.56554 0.08734
vt 0.56840 0.09650
vt 0.52420 0.09260
vt 0.52162 0.09739
vt 0.57053 0.08842
vt 0.51679 0.08375
vt 0.56944 0.08375
vt 0.88707 0.62458
vt 0.89127 0.62458
vt 0.89075 0.62958
vt 0.04110 0.29421
vt 0.04927 0.26930
vt 0.02513 0.28855
vt 0.06750 0.29625
vt 0.07108 0.27157
vt 0.02709 0.27634
vt 0.00882 0.26375
vt 0.01694 0.27566
vt 0.01375 0.29195
vt 0.04909 0.26486
vt 0.07459 0.26375
vt 0.08858 0.26762
vt 0.08548 0.27167
vt 0.49748 0.60717
vt 0.50168 0.61875
vt 0.50168 0.60542
vt 0.15827 0.77625
vt 0.15718 0.78531
vt 0.14941 0.78453
vt 0.15827 0.79375
vt 0.14232 0.78834
vt 0.15210 0.77908
vt 0.44409 0.17625
vt 0.43619 0.16542
vt 0.45082 0.16542
vt 0.45970 0.16838
vt 0.06807 0.50125
vt 0.06759 0.50708
vt 0.07437 0.50559
vt 0.07851 0.50125
vt 0.84341 0.80042
vt 0.83553 0.80419
vt 0.83206 0.82213
vt 0.84341 0.82542
vt 0.82830 0.80694
vt 0.28942 0.96208
vt 0.27482 0.96091
vt 0.29009 0.95208
vt 0.27414 0.95208
vt 0.81734 0.00208
vt 0.81921 0.00792
vt 0.83188 0.00401
vt 0.81150 0.00615
vt 0.81248 0.00250
vt 0.83141 0.00208
vt 0.83417 0.00374
vt 0.79639 0.50792
vt 0.79639 0.50042
vt 0.79219 0.50789
vt 0.06865 0.51832
vt 0.09791 0.51380
vt 0.09700 0.53140
vt 0.08788 0.53966
vt 0.07335 0.54470
vt 0.11498 0.52216
vt 0.08618 0.54962
vt 0.13648 0.51335
vt 0.12949 0.53840
vt 0.11788 0.53186
vt 0.14343 0.53942
vt 0.09936 0.55071
vt 0.16796 0.51509
vt 0.16726 0.53867
vt 0.09963 0.54023
vt 0.10338 0.55625
vt 0.05896 0.52521
vt 0.06146 0.54487
vt 0.04903 0.52846
vt 0.04915 0.52498
vt 0.04534 0.54277
vt 0.04336 0.52455
vt 0.17440 0.51896
vt 0.17590 0.52713
vt 0.05782 0.51938
vt 0.06099 0.50896
vt 0.05220 0.50934
vt 0.04358 0.51198
vt 0.04607 0.52161
vt 0.04303 0.50929
vt 0.03097 0.50875
vt 0.02477 0.50978
vt 0.07769 0.51369
vt 0.07506 0.50911
vt 0.09542 0.50878
vt 0.10366 0.51115
vt 0.11484 0.50875
vt 0.22544 0.22208
vt 0.21704 0.22397
vt 0.22544 0.22792
vt 0.14563 0.49610
vt 0.16721 0.48676
vt 0.14291 0.48626
vt 0.13462 0.49828
vt 0.18228 0.49338
vt 0.11561 0.48458
vt 0.11706 0.49273
vt 0.11531 0.49958
vt 0.09362 0.48458
vt 0.21071 0.48830
vt 0.22275 0.49481
vt 0.24811 0.49023
vt 0.74811 0.21354
vt 0.73788 0.21326
vt 0.74061 0.21687
vt 0.74814 0.20522
vt 0.71159 0.19708
vt 0.73807 0.22078
vt 0.72622 0.22532
vt 0.73542 0.23090
vt 0.76810 0.21777
vt 0.74525 0.21977
vt 0.74265 0.23208
vt 0.77036 0.21002
vt 0.74917 0.19708
vt 0.53618 0.40063
vt 0.53865 0.40265
vt 0.54852 0.39710
vt 0.54691 0.39966
vt 0.55793 0.39448
vt 0.51511 0.38208
vt 0.55080 0.40458
vt 0.55234 0.38208
vt 0.96851 0.20625
vt 0.95939 0.20875
vt 0.95760 0.20625
vt 0.93622 0.17330
vt 0.94630 0.18074
vt 0.93493 0.18497
vt 0.94752 0.15792
vt 0.94752 0.20708
vt 0.93686 0.20509
vt 0.89683 0.99758
vt 0.89543 0.98676
vt 0.91005 0.99033
vt 0.91463 0.99958
vt 0.88203 0.98345
vt 0.88927 0.97990
vt 0.89126 0.97542
vt 0.91747 0.98326
vt 0.92737 0.97542
vt 0.78380 0.85542
vt 0.77731 0.85708
vt 0.77372 0.85542
vt 0.20863 0.44542
vt 0.21717 0.45019
vt 0.22089 0.43375
vt 0.22765 0.44882
vt 0.21037 0.42387
vt 0.20367 0.43806
vt 0.20262 0.45307
vt 0.18374 0.43283
vt 0.20424 0.42658
vt 0.17590 0.44825
vt 0.17907 0.42621
vt 0.22545 0.42019
vt 0.24081 0.41792
vt 0.24670 0.45173
vt 0.24808 0.46066
vt 0.18684 0.41792
vt 0.22855 0.46757
vt 0.21381 0.46758
vt 0.23032 0.48542
vt 0.24408 0.48346
vt 0.17978 0.46444
vt 0.20808 0.46589
vt 0.24884 0.46989
vt 0.26658 0.47706
vt 0.88591 0.40897
vt 0.89463 0.42000
vt 0.88560 0.41304
vt 0.89020 0.41910
vt 0.89463 0.40708
vt 0.88203 0.42375
vt 0.45008 0.04458
vt 0.46140 0.04318
vt 0.43641 0.03844
vt 0.44403 0.04330
vt 0.47313 0.03792
vt 0.42611 0.03792
vt 0.47212 0.04286
vt 0.40428 0.10542
vt 0.40428 0.10125
vt 0.40008 0.10200
vt 0.71601 0.83716
vt 0.72396 0.83294
vt 0.71589 0.84432
vt 0.71527 0.83125
vt 0.71243 0.83891
vt 0.71367 0.81775
vt 0.72670 0.83301
vt 0.72546 0.79375
vt 0.72670 0.84995
vt 0.72104 0.86732
vt 0.71321 0.87331
vt 0.72539 0.87625
vt 0.74711 0.33961
vt 0.74660 0.32792
vt 0.76048 0.33363
vt 0.74385 0.30283
vt 0.75491 0.29875
vt 0.76113 0.37232
vt 0.74800 0.35266
vt 0.74303 0.32800
vt 0.74845 0.37640
vt 0.74877 0.38375
vt 0.74013 0.33215
vt 0.76113 0.31632
vt 0.62870 0.53792
vt 0.65163 0.52257
vt 0.63225 0.51948
vt 0.65137 0.50875
vt 0.65365 0.50881
vt 0.62947 0.52400
vt 0.62175 0.51669
vt 0.62607 0.50881
vt 0.69263 0.65208
vt 0.69899 0.66355
vt 0.68244 0.67081
vt 0.67762 0.67060
vt 0.68182 0.68674
vt 0.67676 0.69801
vt 0.68397 0.70286
vt 0.69066 0.67360
vt 0.69326 0.72711
vt 0.69448 0.71877
vt 0.67632 0.73700
vt 0.69532 0.70707
vt 0.69899 0.74625
vt 0.67380 0.68034
vt 0.69583 0.68152
vt 0.69844 0.69833
vt 0.26238 0.34946
vt 0.24443 0.34789
vt 0.24679 0.35020
vt 0.19084 0.35029
vt 0.21099 0.34916
vt 0.19180 0.34900
vt 0.22212 0.34881
vt 0.21646 0.33792
vt 0.24266 0.35348
vt 0.24664 0.33792
vt 0.22409 0.35792
vt 0.23499 0.35727
vt 0.25453 0.33849
vt 0.18509 0.33810
vt 0.19031 0.34916
vt 0.16664 0.34954
vt 0.16125 0.33817
vt 0.15239 0.34919
vt 0.15405 0.35340
vt 0.05344 0.29792
vt 0.05416 0.30183
vt 0.04684 0.30208
vt 0.01721 0.29792
vt 0.81234 0.39445
vt 0.80786 0.38154
vt 0.81234 0.37206
vt 0.80932 0.40514
vt 0.80815 0.35210
vt 0.81210 0.35076
vt 0.79982 0.34875
vt 0.79807 0.38811
vt 0.80270 0.39832
vt 0.79945 0.40603
vt 0.81198 0.42958
vt 0.79975 0.28292
vt 0.79975 0.25708
vt 0.79639 0.26515
vt 0.65956 0.71846
vt 0.67243 0.71093
vt 0.65964 0.70731
vt 0.67192 0.68427
vt 0.65962 0.68286
vt 0.64582 0.70720
vt 0.64358 0.68564
vt 0.65910 0.66722
vt 0.67380 0.64042
vt 0.67380 0.73683
vt 0.66055 0.73708
vt 0.61907 0.91198
vt 0.61335 0.92146
vt 0.62492 0.92428
vt 0.62510 0.92708
vt 0.61988 0.91182
vt 0.62510 0.90042
vt 0.19189 0.61064
vt 0.18952 0.62003
vt 0.17674 0.61916
vt 0.21285 0.60792
vt 0.18311 0.62292
vt 0.18088 0.60792
vt 0.89882 0.76625
vt 0.90364 0.77281
vt 0.90470 0.76625
vt 0.90217 0.77292
vt 0.07983 0.41969
vt 0.06333 0.41914
vt 0.06491 0.43023
vt 0.07941 0.41781
vt 0.04814 0.42013
vt 0.06748 0.40811
vt 0.05549 0.43536
vt 0.05676 0.43542
vt 0.05885 0.40225
vt 0.07154 0.39917
vt 0.08562 0.39786
vt 0.08287 0.39375
vt 0.05464 0.39755
vt 0.02062 0.39375
vt 0.01940 0.39822
vt 0.00798 0.39648
vt 0.09082 0.39888
vt 0.09671 0.39545
vt 0.10453 0.41178
vt 0.72166 0.18239
vt 0.71820 0.16625
vt 0.69571 0.17362
vt 0.71341 0.18542
vt 0.69416 0.18292
vt 0.68118 0.18054
vt 0.68436 0.17060
vt 0.67903 0.16977
vt 0.66688 0.16767
vt 0.66298 0.17679
vt 0.66278 0.17003
vt 0.65869 0.17902
vt 0.65281 0.16625
vt 0.87280 0.65697
vt 0.85969 0.66277
vt 0.86791 0.65542
vt 0.86943 0.67024
vt 0.85433 0.68863
vt 0.86179 0.69305
vt 0.85573 0.69739
vt 0.86649 0.71458
vt 0.87280 0.70724
vt 0.85436 0.67218
vt 0.85181 0.67566
vt 0.85191 0.67509
vt 0.85705 0.66473
vt 0.81085 0.59923
vt 0.80144 0.59951
vt 0.81588 0.59384
vt 0.80879 0.61427
vt 0.80059 0.61662
vt 0.82242 0.61455
vt 0.81364 0.61690
vt 0.81807 0.61709
vt 0.82242 0.62625
vt 0.80526 0.57637
vt 0.81710 0.57122
vt 0.80363 0.56079
vt 0.81295 0.56062
vt 0.80432 0.55625
vt 0.67700 0.63830
vt 0.66373 0.62708
vt 0.66586 0.63875
vt 0.67716 0.62708
vt 0.66429 0.63818
vt 0.65617 0.29375
vt 0.64861 0.29895
vt 0.65617 0.30708
vt 0.63938 0.77958
vt 0.63938 0.76625
vt 0.63770 0.77932
vt 0.16102 0.75458
vt 0.18194 0.74125
vt 0.15763 0.74125
vt 0.14068 0.75358
vt 0.13980 0.74148
vt 0.18514 0.74176
vt 0.30521 0.34725
vt 0.30521 0.36875
vt 0.30269 0.35701
vt 0.30444 0.34375
vt 0.34795 0.25401
vt 0.38784 0.25542
vt 0.36312 0.25020
vt 0.34131 0.24958
vt 0.40778 0.24958
vt 0.41184 0.25267
vt 0.78296 0.96792
vt 0.77876 0.97537
vt 0.78296 0.97708
vt 0.23048 0.99458
vt 0.24559 0.99458
vt 0.23204 0.99875
vt 0.39840 0.20708
vt 0.40260 0.20708
vt 0.40061 0.21375
vt 0.77863 0.17715
vt 0.76323 0.16642
vt 0.76929 0.19143
vt 0.77971 0.16542
vt 0.79098 0.17560
vt 0.80285 0.16542
vt 0.80563 0.18574
vt 0.78582 0.19375
vt 0.77692 0.18848
vt 0.75988 0.18949
vt 0.75576 0.19370
vt 0.75318 0.18251
vt 0.74601 0.19042
vt 0.75616 0.16933
vt 0.25711 0.79584
vt 0.26574 0.79292
vt 0.25483 0.79292
vt 0.26186 0.79875
vt 0.15911 0.47208
vt 0.15654 0.46615
vt 0.15911 0.46375
vt 0.15407 0.47109
vt 0.50599 0.98413
vt 0.49832 0.97910
vt 0.50924 0.97708
vt 0.50924 0.98542
vt 0.49919 0.98538
vt 0.86188 0.50292
vt 0.86188 0.49458
vt 0.85684 0.49674
vt 0.52337 0.02226
vt 0.52627 0.03375
vt 0.52559 0.02202
vt 0.52928 0.03285
vt 0.53039 0.02968
vt 0.51685 0.02433
vt 0.50672 0.02769
vt 0.53093 0.01958
vt 0.54030 0.02372
vt 0.50752 0.01958
vt 0.79807 0.53889
vt 0.80982 0.53292
vt 0.80982 0.54662
vt 0.80457 0.55038
vt 0.80982 0.55208
vt 0.80624 0.53293
vt 0.80982 0.98821
vt 0.81402 0.99708
vt 0.81402 0.98708
vt 0.85478 0.05969
vt 0.86776 0.06125
vt 0.86311 0.05125
vt 0.85348 0.05125
vt 0.51957 0.37292
vt 0.52356 0.37675
vt 0.52739 0.37292
vt 0.51763 0.37801
vt 0.53114 0.37972
vt 0.52070 0.38042
vt 0.53610 0.37345
vt 0.50449 0.74021
vt 0.50014 0.73979
vt 0.50312 0.73306
vt 0.49664 0.72861
vt 0.51092 0.74292
vt 0.51092 0.72792
vt 0.73405 0.79828
vt 0.75212 0.80355
vt 0.73219 0.81685
vt 0.74203 0.79380
vt 0.75476 0.81175
vt 0.75777 0.82033
vt 0.75074 0.79292
vt 0.75493 0.79811
vt 0.75306 0.83442
vt 0.75054 0.84559
vt 0.74072 0.85197
vt 0.73006 0.82732
vt 0.74333 0.86523
vt 0.74805 0.87125
vt 0.74427 0.87053
vt 0.75613 0.83235
vt 0.75631 0.85519
vt 0.75777 0.84258
vt 0.61083 0.83375
vt 0.59331 0.83716
vt 0.60595 0.85710
vt 0.58846 0.84916
vt 0.59847 0.86839
vt 0.61083 0.86875
vt 0.58312 0.85636
vt 0.86182 0.11921
vt 0.87867 0.12875
vt 0.86964 0.12153
vt 0.85852 0.10755
vt 0.86487 0.10483
vt 0.86813 0.10223
vt 0.87276 0.10399
vt 0.86905 0.09625
vt 0.87867 0.10356
vt 0.28971 0.92108
vt 0.28723 0.92895
vt 0.30076 0.92287
vt 0.30042 0.91505
vt 0.29316 0.93484
vt 0.30603 0.92419
vt 0.30688 0.91458
vt 0.28206 0.93542
vt 0.27834 0.92556
vt 0.28210 0.91458
vt 0.55105 0.20299
vt 0.53383 0.20590
vt 0.53081 0.21542
vt 0.55193 0.19101
vt 0.51516 0.21297
vt 0.52691 0.18458
vt 0.52823 0.19946
vt 0.51152 0.21006
vt 0.56795 0.20668
vt 0.57305 0.18458
vt 0.51092 0.20363
vt 0.39757 0.51292
vt 0.40299 0.52792
vt 0.40639 0.52075
vt 0.41604 0.51292
vt 0.87196 0.31458
vt 0.86860 0.29410
vt 0.86971 0.29465
vt 0.87196 0.26792
vt 0.76029 0.70147
vt 0.77036 0.68792
vt 0.77036 0.70208
vt 0.76062 0.68973
vt 0.61419 0.30033
vt 0.60949 0.30857
vt 0.60264 0.29958
vt 0.59992 0.30875
vt 0.61419 0.30573
vt 0.25483 0.65792
vt 0.26071 0.66875
vt 0.26071 0.65792
vt 0.23712 0.26168
vt 0.22642 0.26190
vt 0.23365 0.27042
vt 0.21201 0.26664
vt 0.21535 0.25792
vt 0.24139 0.25965
vt 0.23988 0.25792
vt 0.28254 0.56454
vt 0.28697 0.56292
vt 0.29038 0.56625
vt 0.29765 0.56292
vt 0.63898 0.19489
vt 0.66379 0.19649
vt 0.63917 0.19125
vt 0.63377 0.19334
vt 0.63091 0.19125
vt 0.62280 0.19162
vt 0.62269 0.20424
vt 0.63548 0.20103
vt 0.62425 0.20835
vt 0.63597 0.21208
vt 0.62175 0.20973
vt 0.67432 0.20247
vt 0.67516 0.20078
vt 0.67746 0.20307
vt 0.68656 0.20324
vt 0.68004 0.20437
vt 0.68976 0.20465
vt 0.23804 0.41708
vt 0.24159 0.41625
vt 0.24223 0.41708
vt 0.62387 0.96565
vt 0.59981 0.94987
vt 0.59084 0.96069
vt 0.58859 0.96842
vt 0.61541 0.97708
vt 0.60775 0.95141
vt 0.62478 0.95008
vt 0.62833 0.95706
vt 0.64056 0.95919
vt 0.65009 0.94703
vt 0.65402 0.95527
vt 0.58265 0.96174
vt 0.58600 0.95001
vt 0.59612 0.95084
vt 0.57486 0.95095
vt 0.57439 0.94897
vt 0.57220 0.94901
vt 0.66037 0.94542
vt 0.62995 0.94890
vt 0.56381 0.94542
vt 0.57051 0.94975
vt 0.57141 0.94996
vt 0.99874 0.57208
vt 0.99874 0.59042
vt 0.99118 0.58027
vt 0.43213 0.99875
vt 0.45393 0.99697
vt 0.43376 0.98755
vt 0.47397 0.98542
vt 0.42107 0.99502
vt 0.42527 0.98542
vt 0.21872 0.86192
vt 0.22156 0.87514
vt 0.22628 0.87830
vt 0.22066 0.87459
vt 0.22628 0.85458
vt 0.22368 0.87958
vt 0.56410 0.25542
vt 0.56390 0.25208
vt 0.55542 0.25208
vt 0.55921 0.25535
vt 0.56549 0.25493
vt 0.90806 0.67458
vt 0.90354 0.67625
vt 0.90302 0.67458
vt 0.43472 0.90620
vt 0.42997 0.90173
vt 0.42875 0.91208
vt 0.43887 0.90042
vt 0.43955 0.91090
vt 0.43318 0.90903
vt 0.42184 0.90807
vt 0.41856 0.90042
vt 0.70448 0.40564
vt 0.71075 0.40629
vt 0.70582 0.40911
vt 0.70746 0.40375
vt 0.69395 0.44108
vt 0.69457 0.45411
vt 0.70721 0.45574
vt 0.69803 0.47939
vt 0.70944 0.47549
vt 0.71075 0.48955
vt 0.69762 0.48163
vt 0.69939 0.50208
vt 0.70722 0.45053
vt 0.54702 0.33078
vt 0.53588 0.33909
vt 0.54702 0.34106
vt 0.53526 0.34375
vt 0.54108 0.33042
vt 0.93251 0.03625
vt 0.93620 0.03417
vt 0.94697 0.03506
vt 0.91213 0.03518
vt 0.95424 0.03292
vt 0.90722 0.03292
vt 0.99958 0.53042
vt 0.99586 0.51562
vt 0.99958 0.50792
vt 0.99034 0.52019
vt 0.85432 0.84708
vt 0.85432 0.83542
vt 0.85013 0.84141
vt 0.56225 0.46542
vt 0.56465 0.46625
vt 0.56129 0.46625
vt 0.19465 0.47045
vt 0.18682 0.46792
vt 0.19078 0.47375
vt 0.20865 0.46792
vt 0.99449 0.81887
vt 0.98916 0.82035
vt 0.99617 0.81597
vt 0.99874 0.80958
vt 0.99614 0.82125
vt 0.98447 0.80958
vt 0.80730 0.47708
vt 0.80431 0.48562
vt 0.79555 0.47708
vt 0.79683 0.49458
vt 0.57416 0.04602
vt 0.56465 0.04326
vt 0.57553 0.03732
vt 0.57557 0.04423
vt 0.57140 0.04818
vt 0.57000 0.05042
vt 0.57553 0.04877
vt 0.56812 0.03708
vt 0.83081 0.25708
vt 0.82578 0.25915
vt 0.83081 0.26125
vt 0.56151 0.12786
vt 0.56390 0.13365
vt 0.55559 0.13671
vt 0.56969 0.14345
vt 0.55290 0.12524
vt 0.56357 0.14442
vt 0.55869 0.15542
vt 0.56969 0.10917
vt 0.56026 0.10625
vt 0.96443 0.39090
vt 0.96350 0.37654
vt 0.97223 0.37881
vt 0.97506 0.38540
vt 0.97012 0.39183
vt 0.97943 0.39542
vt 0.95676 0.38036
vt 0.96924 0.36993
vt 0.97943 0.36792
vt 0.12686 0.03292
vt 0.13799 0.03189
vt 0.12431 0.02458
vt 0.14525 0.03091
vt 0.14819 0.02458
vt 0.11125 0.02474
vt 0.30587 0.03571
vt 0.30772 0.02708
vt 0.30772 0.04708
vt 0.29849 0.03822
vt 0.10957 0.25715
vt 0.11461 0.25958
vt 0.11461 0.25375
vt 0.68027 0.30526
vt 0.68472 0.30582
vt 0.68472 0.30006
vt 0.68241 0.29042
vt 0.67128 0.30218
vt 0.67462 0.30779
vt 0.68426 0.30875
vt 0.98111 0.91208
vt 0.98111 0.90708
vt 0.97523 0.90982
vt 0.19018 0.56792
vt 0.18730 0.57792
vt 0.17506 0.56792
vt 0.60436 0.75042
vt 0.61251 0.73875
vt 0.60411 0.73875
vt 0.61094 0.74915
vt 0.61419 0.39625
vt 0.60342 0.39651
vt 0.60373 0.40042
vt 0.57641 0.39625
vt 0.97523 0.10208
vt 0.97063 0.11670
vt 0.95844 0.11034
vt 0.97523 0.12208
vt 0.74097 0.23375
vt 0.73586 0.24542
vt 0.72922 0.23375
vt 0.98279 0.21902
vt 0.99622 0.21606
vt 0.99620 0.23043
vt 0.98450 0.23375
vt 0.99620 0.20708
vt 0.87258 0.16342
vt 0.86834 0.17369
vt 0.86032 0.16391
vt 0.87431 0.14720
vt 0.85928 0.14592
vt 0.87699 0.14042
vt 0.85719 0.14301
vt 0.87699 0.17895
vt 0.86153 0.18542
vt 0.85953 0.17658
vt 0.84257 0.17598
vt 0.84922 0.16725
vt 0.16967 0.51307
vt 0.18682 0.50125
vt 0.16706 0.50125
vt 0.17661 0.51625
vt 0.16583 0.50487
vt 0.61196 0.00708
vt 0.62615 0.02125
vt 0.63107 0.01979
vt 0.61746 0.01909
vt 0.61083 0.01377
vt 0.63130 0.00708
vt 0.63602 0.01647
vt 0.95565 0.35633
vt 0.95722 0.36061
vt 0.94900 0.35484
vt 0.94912 0.35946
vt 0.95152 0.37958
vt 0.96203 0.37119
vt 0.94523 0.35939
vt 0.94895 0.35407
vt 0.95039 0.34829
vt 0.94416 0.34292
vt 0.96264 0.34465
vt 0.96264 0.35459
vt 0.17655 0.77074
vt 0.19018 0.77069
vt 0.18830 0.77958
vt 0.18221 0.77828
vt 0.17518 0.77590
vt 0.18898 0.76292
vt 0.17506 0.76292
vt 0.99874 0.33375
vt 0.99874 0.32708
vt 0.99454 0.32896
vt 0.40679 0.55500
vt 0.40421 0.54753
vt 0.40253 0.55354
vt 0.41352 0.54625
vt 0.40667 0.55848
vt 0.39337 0.55219
vt 0.39540 0.54625
vt 0.39339 0.56230
vt 0.40119 0.56375
vt 0.54201 0.15136
vt 0.54788 0.14935
vt 0.54989 0.13939
vt 0.54872 0.13325
vt 0.54205 0.12958
vt 0.55038 0.16125
vt 0.52729 0.14681
vt 0.52558 0.12962
vt 0.50932 0.14547
vt 0.50252 0.12958
vt 0.54118 0.15923
vt 0.94500 0.46985
vt 0.94258 0.48333
vt 0.92401 0.47724
vt 0.92460 0.46768
vt 0.93336 0.46042
vt 0.92748 0.48898
vt 0.94500 0.50202
vt 0.93147 0.50292
vt 0.94069 0.46219
vt 0.47565 0.58149
vt 0.45634 0.57902
vt 0.45921 0.59091
vt 0.47565 0.55958
vt 0.46404 0.60458
vt 0.45725 0.56980
vt 0.48992 0.94292
vt 0.47422 0.95243
vt 0.46893 0.94292
vt 0.47402 0.95625
vt 0.47123 0.95396
vt 0.89631 0.57327
vt 0.89300 0.58012
vt 0.88959 0.57269
vt 0.89545 0.58375
vt 0.89631 0.55458
vt 0.86064 0.46679
vt 0.85545 0.47149
vt 0.86465 0.47576
vt 0.86009 0.48292
vt 0.85348 0.46542
vt 0.86524 0.46542
vt 0.43942 0.25739
vt 0.43736 0.27935
vt 0.44241 0.27540
vt 0.43949 0.28403
vt 0.44794 0.27686
vt 0.44468 0.26579
vt 0.44762 0.25785
vt 0.43732 0.24987
vt 0.42861 0.27840
vt 0.42755 0.28625
vt 0.42292 0.27871
vt 0.41984 0.28547
vt 0.41856 0.27742
vt 0.43384 0.24875
vt 0.42024 0.24875
vt 0.96073 0.28819
vt 0.94416 0.28010
vt 0.94946 0.28822
vt 0.96076 0.28176
vt 0.95473 0.27625
vt 0.95807 0.27764
vt 0.96264 0.27730
vt 0.96264 0.30440
vt 0.94809 0.29611
vt 0.94519 0.29369
vt 0.94508 0.30718
vt 0.95899 0.31375
vt 0.90468 0.03866
vt 0.90890 0.04820
vt 0.90431 0.04965
vt 0.90890 0.05710
vt 0.90442 0.05958
vt 0.90808 0.03719
vt 0.90057 0.03403
vt 0.89687 0.04050
vt 0.89127 0.04414
vt 0.89140 0.03208
vt 0.89812 0.04714
vt 0.67128 0.24792
vt 0.68179 0.25660
vt 0.68257 0.25325
vt 0.68553 0.24792
vt 0.67176 0.25601
vt 0.68724 0.25708
vt 0.33719 0.74875
vt 0.33039 0.73229
vt 0.34215 0.74437
vt 0.33894 0.73733
vt 0.34076 0.73316
vt 0.34215 0.71958
vt 0.94584 0.37292
vt 0.94416 0.37343
vt 0.94584 0.37875
vt 0.23646 0.74554
vt 0.23134 0.75104
vt 0.23180 0.74938
vt 0.23602 0.74687
vt 0.22712 0.74882
vt 0.23351 0.74304
vt 0.23887 0.74292
vt 0.23887 0.75125
vt 0.03065 0.38708
vt 0.02544 0.38875
vt 0.02393 0.38708
vt 0.02813 0.02202
vt 0.02813 0.00750
vt 0.01722 0.02208
vt 0.00882 0.00458
vt 0.55542 0.97958
vt 0.56410 0.96752
vt 0.56613 0.97536
vt 0.55809 0.96125
vt 0.57632 0.96125
vt 0.57809 0.97205
vt 0.57396 0.97626
vt 0.63956 0.65292
vt 0.63686 0.64869
vt 0.64022 0.65261
vt 0.64022 0.64125
vt 0.73779 0.53682
vt 0.74517 0.53542
vt 0.74517 0.55375
vt 0.73678 0.55291
vt 0.30940 0.09042
vt 0.30562 0.08570
vt 0.30269 0.08936
vt 0.30940 0.07458
vt 0.04484 0.02210
vt 0.03136 0.01287
vt 0.04347 0.01346
vt 0.03065 0.03058
vt 0.04576 0.03125
vt 0.04576 0.00708
vt 0.03548 0.00763
vt 0.60228 0.27292
vt 0.60076 0.26125
vt 0.61083 0.27195
vt 0.61083 0.26140
vt 0.28665 0.48045
vt 0.28002 0.47792
vt 0.28631 0.48958
vt 0.28716 0.48052
vt 0.28680 0.47861
vt 0.28757 0.47792
vt 0.73510 0.28458
vt 0.74853 0.28458
vt 0.74054 0.28875
vt 0.60631 0.01958
vt 0.60325 0.02292
vt 0.60747 0.02008
vt 0.59656 0.01958
vt 0.01302 0.54875
vt 0.01385 0.54651
vt 0.01318 0.54728
vt 0.01302 0.54542
vt 0.01217 0.54866
vt 0.82410 0.84208
vt 0.82242 0.84624
vt 0.82410 0.84708
vt 0.57993 0.13372
vt 0.57393 0.13519
vt 0.57393 0.14159
vt 0.58396 0.14292
vt 0.57221 0.13292
vt 0.58388 0.13292
vt 0.76459 0.91503
vt 0.75476 0.92101
vt 0.75505 0.90227
vt 0.76610 0.93292
vt 0.74978 0.93490
vt 0.74601 0.92478
vt 0.76116 0.95042
vt 0.77007 0.91011
vt 0.77456 0.94480
vt 0.75084 0.91089
vt 0.75502 0.90042
vt 0.75888 0.89244
vt 0.75577 0.89488
vt 0.75199 0.90421
vt 0.75665 0.89248
vt 0.75905 0.88771
vt 0.76614 0.88528
vt 0.77016 0.87375
vt 0.77456 0.90172
vt 0.04820 0.97458
vt 0.05143 0.97195
vt 0.04978 0.96922
vt 0.05332 0.96708
vt 0.04660 0.96708
vt 0.54702 0.48293
vt 0.55593 0.47805
vt 0.55579 0.48903
vt 0.55535 0.46625
vt 0.55275 0.49664
vt 0.56213 0.49958
vt 0.56213 0.46756
vt 0.78588 0.19798
vt 0.76707 0.20458
vt 0.78271 0.19709
vt 0.78717 0.19625
vt 0.75777 0.19625
vt 0.78799 0.19777
vt 0.27791 0.48774
vt 0.27363 0.51556
vt 0.28476 0.50354
vt 0.29584 0.52003
vt 0.27202 0.49251
vt 0.26931 0.50494
vt 0.25267 0.50866
vt 0.25231 0.48894
vt 0.26493 0.50953
vt 0.29483 0.50772
vt 0.30001 0.49019
vt 0.27330 0.47987
vt 0.26522 0.47875
vt 0.33249 0.50146
vt 0.35210 0.50083
vt 0.33809 0.49201
vt 0.35048 0.49229
vt 0.34927 0.52683
vt 0.37162 0.51317
vt 0.32709 0.52186
vt 0.32088 0.49427
vt 0.32168 0.48561
vt 0.36814 0.49933
vt 0.37993 0.50001
vt 0.37127 0.48728
vt 0.31604 0.51618
vt 0.31818 0.52792
vt 0.35793 0.48990
vt 0.35299 0.48623
vt 0.34990 0.48044
vt 0.34359 0.47875
vt 0.60243 0.77580
vt 0.61083 0.77292
vt 0.61083 0.78432
vt 0.61036 0.80042
vt 0.02164 0.54057
vt 0.04240 0.54190
vt 0.03278 0.54640
vt 0.01583 0.53388
vt 0.03493 0.55566
vt 0.01779 0.55192
vt 0.04132 0.52895
vt 0.04240 0.51708
vt 0.01513 0.55708
vt 0.01301 0.55598
vt 0.01602 0.54233
vt 0.00086 0.50463
vt 0.00546 0.50458
vt 0.00042 0.50639
vt 0.00546 0.51042
vt 0.50078 0.32734
vt 0.47364 0.32770
vt 0.50223 0.33282
vt 0.48701 0.31863
vt 0.52640 0.32959
vt 0.46486 0.31748
vt 0.46742 0.31026
vt 0.46371 0.30958
vt 0.51404 0.34208
vt 0.48158 0.33936
vt 0.46138 0.31248
vt 0.51497 0.32306
vt 0.49623 0.32153
vt 0.53173 0.31859
vt 0.53708 0.33152
vt 0.54044 0.31494
vt 0.55122 0.30958
vt 0.85432 0.95125
vt 0.85432 0.97292
vt 0.84746 0.95995
vt 0.84509 0.95189
vt 0.18156 0.39766
vt 0.17402 0.40221
vt 0.19880 0.40375
vt 0.21452 0.39375
vt 0.21586 0.39756
vt 0.16421 0.39445
vt 0.15155 0.39375
vt 0.21788 0.39619
vt 0.61058 0.17792
vt 0.59236 0.17542
vt 0.61167 0.17542
vt 0.49878 0.38078
vt 0.50259 0.37872
vt 0.48312 0.37315
vt 0.51132 0.38491
vt 0.51931 0.36208
vt 0.47770 0.36749
vt 0.51211 0.39132
vt 0.50258 0.38936
vt 0.50003 0.40422
vt 0.48975 0.41208
vt 0.46891 0.36766
vt 0.46390 0.36208
vt 0.10202 0.54458
vt 0.11293 0.54458
vt 0.10620 0.55125
vt 0.69899 0.56042
vt 0.69899 0.55292
vt 0.69647 0.55943
vt 0.79135 0.76581
vt 0.79926 0.78438
vt 0.79502 0.76800
vt 0.80906 0.79382
vt 0.79873 0.75607
vt 0.79611 0.75032
vt 0.80274 0.79953
vt 0.80701 0.80542
vt 0.81310 0.73638
vt 0.81318 0.80536
vt 0.80693 0.73612
vt 0.81318 0.73292
vt 0.79307 0.77465
vt 0.58984 0.58042
vt 0.58984 0.56708
vt 0.58648 0.57751
vt 0.76280 0.09875
vt 0.76700 0.09875
vt 0.76549 0.10125
vt 0.40069 0.22796
vt 0.40665 0.21629
vt 0.41184 0.23032
vt 0.40542 0.23949
vt 0.41184 0.20875
vt 0.40008 0.22443
vt 0.40062 0.22024
vt 0.40774 0.24625
vt 0.68892 0.75792
vt 0.68724 0.76238
vt 0.68892 0.76708
vt 0.96348 0.74792
vt 0.96348 0.71958
vt 0.95928 0.73233
vt 0.13056 0.30005
vt 0.13980 0.28458
vt 0.13628 0.29670
vt 0.13980 0.30958
vt 0.13733 0.29731
vt 0.13775 0.29369
vt 0.74667 0.40708
vt 0.74786 0.40875
vt 0.75105 0.40708
vt 0.74349 0.40836
vt 0.04230 0.17125
vt 0.05869 0.17076
vt 0.04870 0.16974
vt 0.06020 0.16688
vt 0.07836 0.15292
vt 0.08102 0.15668
vt 0.03246 0.16391
vt 0.02517 0.15548
vt 0.01301 0.15292
vt 0.85124 0.92755
vt 0.85830 0.95625
vt 0.84281 0.92685
vt 0.85852 0.92460
vt 0.84795 0.90003
vt 0.85423 0.89865
vt 0.85753 0.90238
vt 0.85852 0.89934
vt 0.85625 0.89625
vt 0.83991 0.90730
vt 0.83417 0.91221
vt 0.25934 0.06709
vt 0.24170 0.06708
vt 0.24358 0.07375
vt 0.26531 0.07009
vt 0.21804 0.06709
vt 0.26383 0.06731
vt 0.26826 0.06897
vt 0.21201 0.07102
vt 0.76616 0.00708
vt 0.76616 0.00611
vt 0.76532 0.00646
vt 0.76616 0.00542
vt 0.80681 0.65694
vt 0.80730 0.65631
vt 0.80647 0.65625
vt 0.80730 0.65792
vt 0.52015 0.84964
vt 0.52015 0.85125
vt 0.52099 0.84958
vt 0.71914 0.06708
vt 0.71746 0.06708
vt 0.71809 0.06625
vt 0.72502 0.77125
vt 0.72502 0.76042
vt 0.72250 0.76112
vt 0.20193 0.89542
vt 0.19971 0.89792
vt 0.19941 0.89542
vt 0.86272 0.51586
vt 0.86440 0.52458
vt 0.86440 0.51375
vt 0.01385 0.51792
vt 0.01805 0.51792
vt 0.01390 0.52042
vt 0.83995 0.45414
vt 0.83921 0.43708
vt 0.84593 0.45419
vt 0.84593 0.43719
vt 0.84243 0.45542
vt 0.93577 0.33875
vt 0.93310 0.32827
vt 0.93577 0.31958
vt 0.92905 0.32170
vt 0.53023 0.91458
vt 0.52771 0.92326
vt 0.53023 0.92458
vt 0.68644 0.82680
vt 0.69147 0.84116
vt 0.68052 0.85190
vt 0.68487 0.81969
vt 0.68910 0.82203
vt 0.69243 0.81361
vt 0.69188 0.80021
vt 0.70038 0.78958
vt 0.69446 0.82750
vt 0.70375 0.84569
vt 0.70749 0.85855
vt 0.70208 0.84989
vt 0.70482 0.86618
vt 0.69832 0.83502
vt 0.69494 0.83269
vt 0.71243 0.86489
vt 0.71091 0.87458
vt 0.68925 0.82551
vt 0.71243 0.82120
vt 0.78650 0.41880
vt 0.78631 0.42125
vt 0.79285 0.41259
vt 0.79303 0.40292
vt 0.78380 0.40292
vt 0.78444 0.42010
vt 0.44962 0.68875
vt 0.44962 0.68125
vt 0.44878 0.68446
vt 0.62483 0.93625
vt 0.61839 0.93208
vt 0.63098 0.93208
vt 0.38251 0.82625
vt 0.38591 0.82958
vt 0.39673 0.82625
vt 0.38077 0.82751
vt 0.83716 0.30074
vt 0.83650 0.29445
vt 0.83982 0.29850
vt 0.84677 0.30226
vt 0.83591 0.30227
vt 0.83200 0.30276
vt 0.83002 0.30875
vt 0.82494 0.29883
vt 0.84132 0.28234
vt 0.83540 0.28316
vt 0.83945 0.26770
vt 0.82831 0.26843
vt 0.84230 0.24255
vt 0.84677 0.24125
vt 0.99408 0.63625
vt 0.99286 0.63458
vt 0.99622 0.63458
vt 0.99622 0.49701
vt 0.99874 0.50125
vt 0.99874 0.49625
vt 0.91982 0.74792
vt 0.91562 0.76921
vt 0.91982 0.76933
vt 0.91587 0.77208
vt 0.21636 0.16527
vt 0.18988 0.18208
vt 0.21493 0.17381
vt 0.17254 0.16969
vt 0.17475 0.17353
vt 0.23633 0.17947
vt 0.23506 0.16614
vt 0.23971 0.16752
vt 0.23281 0.16208
vt 0.17850 0.16208
vt 0.72754 0.19049
vt 0.72997 0.17611
vt 0.73310 0.17831
vt 0.73510 0.16625
vt 0.73510 0.20042
vt 0.94584 0.77606
vt 0.94676 0.74956
vt 0.95161 0.75066
vt 0.95340 0.78875
vt 0.95340 0.74125
vt 0.22219 0.80724
vt 0.23643 0.80901
vt 0.24041 0.80454
vt 0.22586 0.81207
vt 0.23285 0.81225
vt 0.22841 0.79916
vt 0.24026 0.81217
vt 0.21476 0.81205
vt 0.22147 0.81657
vt 0.23300 0.81776
vt 0.23661 0.79491
vt 0.24559 0.81899
vt 0.24067 0.79831
vt 0.21827 0.80086
vt 0.20725 0.80547
vt 0.21058 0.81407
vt 0.23951 0.82042
vt 0.22539 0.79675
vt 0.24136 0.78708
vt 0.23961 0.79550
vt 0.20762 0.79491
vt 0.18010 0.78708
vt 0.54519 0.78037
vt 0.56384 0.77714
vt 0.54699 0.76711
vt 0.56465 0.76708
vt 0.52939 0.76708
vt 0.56424 0.78213
vt 0.56135 0.80542
vt 0.54128 0.80444
vt 0.34128 0.64458
vt 0.36978 0.64200
vt 0.34919 0.63730
vt 0.33123 0.63881
vt 0.36094 0.63690
vt 0.36887 0.63663
vt 0.33311 0.62625
vt 0.36873 0.63305
vt 0.39673 0.62625
vt 0.98531 0.38836
vt 0.99370 0.38688
vt 0.99370 0.40458
vt 0.99016 0.36958
vt 0.96512 0.21501
vt 0.97027 0.22270
vt 0.96248 0.21508
vt 0.95928 0.21971
vt 0.97400 0.23020
vt 0.97607 0.24458
vt 0.96991 0.21232
vt 0.96703 0.20958
vt 0.97607 0.21314
vt 0.97373 0.22080
vt 0.25147 0.76542
vt 0.25147 0.76042
vt 0.24979 0.76134
vt 0.17579 0.95458
vt 0.17801 0.96125
vt 0.18514 0.95458
vt 0.17456 0.95854
vt 0.17170 0.95638
vt 0.17263 0.95962
vt 0.81014 0.26625
vt 0.81402 0.26375
vt 0.80898 0.26375
vt 0.81320 0.26541
vt 0.10957 0.18042
vt 0.11821 0.18458
vt 0.12217 0.18042
vt 0.12117 0.18343
vt 0.78883 0.02542
vt 0.79357 0.03425
vt 0.79387 0.02542
vt 0.79157 0.03458
vt 0.31360 0.84375
vt 0.30500 0.84542
vt 0.30353 0.84375
vt 0.94857 0.43472
vt 0.94781 0.42777
vt 0.94416 0.43792
vt 0.95088 0.43718
vt 0.95088 0.42708
vt 0.72962 0.99311
vt 0.72754 0.99042
vt 0.73149 0.99193
vt 0.72756 0.99792
vt 0.73510 0.99042
vt 0.73136 0.99359
vt 0.82326 0.59125
vt 0.82158 0.59233
vt 0.82326 0.60125
vt 0.46173 0.60958
vt 0.45718 0.60792
vt 0.46306 0.60792
vt 0.64050 0.41326
vt 0.64442 0.41277
vt 0.64442 0.41958
vt 0.63950 0.42283
vt 0.63049 0.42396
vt 0.63014 0.41208
vt 0.63485 0.42625
vt 0.31250 0.19699
vt 0.32222 0.19252
vt 0.31466 0.20237
vt 0.30826 0.19909
vt 0.32326 0.19729
vt 0.32080 0.20375
vt 0.32134 0.18520
vt 0.32623 0.19986
vt 0.32444 0.18048
vt 0.31965 0.17365
vt 0.29940 0.20128
vt 0.29249 0.19380
vt 0.30764 0.16611
vt 0.28589 0.18516
vt 0.33067 0.18249
vt 0.33543 0.19475
vt 0.33485 0.17592
vt 0.33326 0.16542
vt 0.33543 0.16756
vt 0.87364 0.35334
vt 0.86400 0.34643
vt 0.87494 0.34763
vt 0.86601 0.33928
vt 0.85833 0.33296
vt 0.86634 0.35831
vt 0.86409 0.32791
vt 0.87317 0.36219
vt 0.86059 0.32809
vt 0.85858 0.32061
vt 0.85432 0.32786
vt 0.87504 0.33591
vt 0.87098 0.31871
vt 0.87027 0.34944
vt 0.87783 0.35748
vt 0.87783 0.31458
vt 0.87501 0.37125
vt 0.72334 0.31776
vt 0.72502 0.32208
vt 0.72502 0.31625
vt 0.87823 0.60947
vt 0.88119 0.59625
vt 0.86440 0.59959
vt 0.86682 0.60958
vt 0.86483 0.59625
vt 0.95928 0.75336
vt 0.95508 0.74948
vt 0.95668 0.75413
vt 0.95928 0.74125
vt 0.95622 0.75792
vt 0.19670 0.07877
vt 0.19320 0.08628
vt 0.21826 0.08290
vt 0.19708 0.09001
vt 0.19634 0.09717
vt 0.19421 0.09103
vt 0.21446 0.09875
vt 0.19453 0.09085
vt 0.19872 0.07603
vt 0.21466 0.07292
vt 0.19276 0.07472
vt 0.19073 0.07692
vt 0.18598 0.07292
vt 0.21872 0.07821
vt 0.54702 0.58131
vt 0.55206 0.59792
vt 0.55206 0.57708
vt 0.37465 0.96141
vt 0.37610 0.97104
vt 0.37074 0.96624
vt 0.38063 0.97375
vt 0.38581 0.97121
vt 0.38300 0.95009
vt 0.37171 0.93854
vt 0.37139 0.93250
vt 0.38414 0.91359
vt 0.37198 0.91583
vt 0.36566 0.92911
vt 0.38581 0.87822
vt 0.37207 0.88203
vt 0.37409 0.84875
vt 0.22901 0.39818
vt 0.23582 0.39433
vt 0.24559 0.40458
vt 0.21117 0.40151
vt 0.24073 0.39163
vt 0.24559 0.39125
vt 0.23329 0.39482
vt 0.90806 0.78958
vt 0.90806 0.77708
vt 0.90554 0.78056
vt 0.66060 0.61594
vt 0.65811 0.62148
vt 0.64947 0.60530
vt 0.65021 0.62851
vt 0.65999 0.62616
vt 0.66112 0.63806
vt 0.65187 0.64123
vt 0.66132 0.65292
vt 0.66173 0.58160
vt 0.64945 0.57399
vt 0.66205 0.54885
vt 0.65092 0.54125
vt 0.66205 0.63202
vt 0.95088 0.17272
vt 0.96430 0.17704
vt 0.95483 0.18383
vt 0.95216 0.15792
vt 0.96516 0.16098
vt 0.96516 0.19708
vt 0.40932 0.02208
vt 0.40764 0.02335
vt 0.40932 0.03042
vt 0.31159 0.37375
vt 0.30827 0.37317
vt 0.30772 0.36875
vt 0.31000 0.37458
vt 0.31528 0.36875
vt 0.40344 0.82205
vt 0.38140 0.81329
vt 0.40226 0.79324
vt 0.38254 0.79425
vt 0.38256 0.79071
vt 0.39695 0.79064
vt 0.39434 0.82313
vt 0.38985 0.82256
vt 0.38408 0.82062
vt 0.39342 0.82542
vt 0.38839 0.82418
vt 0.38514 0.78792
vt 0.40344 0.78863
vt 0.36734 0.79577
vt 0.21369 0.53458
vt 0.21956 0.52542
vt 0.21480 0.52744
vt 0.21956 0.53356
vt 0.58144 0.28532
vt 0.58312 0.28708
vt 0.58312 0.28125
vt 0.99370 0.53208
vt 0.99370 0.56121
vt 0.99043 0.55609
vt 0.99207 0.56625
vt 0.98531 0.55474
vt 0.34635 0.58042
vt 0.35139 0.58042
vt 0.34908 0.59042
vt 0.07285 0.27320
vt 0.08438 0.27292
vt 0.07886 0.27542
vt 0.07263 0.27882
vt 0.08438 0.28292
vt 0.26490 0.51955
vt 0.26969 0.52532
vt 0.26968 0.51970
vt 0.26994 0.51375
vt 0.26695 0.52681
vt 0.26994 0.53208
vt 0.13836 0.39767
vt 0.14072 0.40015
vt 0.14311 0.39646
vt 0.13758 0.39472
vt 0.13140 0.40005
vt 0.14626 0.39954
vt 0.13968 0.40677
vt 0.14663 0.40574
vt 0.14323 0.40067
vt 0.15239 0.41292
vt 0.13194 0.39380
vt 0.15239 0.38458
vt 0.47481 0.40125
vt 0.47481 0.39292
vt 0.47145 0.39407
vt 0.35642 0.33351
vt 0.35978 0.33875
vt 0.35978 0.33208
vt 0.68556 0.08625
vt 0.68556 0.07958
vt 0.68304 0.08180
vt 0.70991 0.06542
vt 0.70991 0.05792
vt 0.70571 0.06224
vt 0.94542 0.41792
vt 0.94500 0.41375
vt 0.95424 0.41375
vt 0.90554 0.38042
vt 0.91058 0.38042
vt 0.90640 0.38458
vt 0.58984 0.15542
vt 0.58548 0.14564
vt 0.58623 0.14159
vt 0.58984 0.13375
vt 0.57053 0.14527
vt 0.48992 0.90708
vt 0.48321 0.91375
vt 0.48992 0.91375
vt 0.30137 0.39354
vt 0.28087 0.38958
vt 0.30084 0.40240
vt 0.28805 0.40118
vt 0.31343 0.40542
vt 0.26574 0.39460
vt 0.30857 0.39154
vt 0.32116 0.38958
vt 0.59964 0.16561
vt 0.60775 0.17021
vt 0.59882 0.16809
vt 0.58665 0.16379
vt 0.61113 0.17247
vt 0.62341 0.17041
vt 0.61280 0.17431
vt 0.61692 0.17792
vt 0.60024 0.15941
vt 0.62762 0.15375
vt 0.56549 0.15375
vt 0.80810 0.88849
vt 0.81073 0.87270
vt 0.81655 0.88295
vt 0.80059 0.85478
vt 0.81835 0.89927
vt 0.82074 0.91292
vt 0.80714 0.85494
vt 0.82074 0.84208
vt 0.08081 0.73542
vt 0.07095 0.73292
vt 0.08354 0.73292
vt 0.21211 0.33042
vt 0.21698 0.33283
vt 0.21956 0.33042
vt 0.21201 0.33458
vt 0.74181 0.56458
vt 0.74181 0.55875
vt 0.73961 0.55934
vt 0.73510 0.56125
vt 0.24030 0.71208
vt 0.23804 0.71042
vt 0.24475 0.71042
vt 0.04156 0.74042
vt 0.05668 0.74042
vt 0.04935 0.74542
vt 0.10202 0.39673
vt 0.10744 0.40297
vt 0.10789 0.39458
vt 0.10542 0.40541
vt 0.10789 0.41208
vt 0.19353 0.33542
vt 0.19353 0.32708
vt 0.19086 0.33453
vt 0.19018 0.33279
vt 0.14716 0.12398
vt 0.13140 0.12356
vt 0.14725 0.13208
vt 0.15285 0.12625
vt 0.16498 0.12805
vt 0.16053 0.12220
vt 0.14144 0.11304
vt 0.14337 0.10875
vt 0.18262 0.10875
vt 0.16569 0.11292
vt 0.18227 0.11854
vt 0.30185 0.87707
vt 0.30353 0.87958
vt 0.30353 0.87125
vt 0.30772 0.57292
vt 0.30316 0.57542
vt 0.29513 0.57292
vt 0.72612 0.19542
vt 0.72418 0.19375
vt 0.72838 0.19375
vt 0.02747 0.87906
vt 0.01744 0.87708
vt 0.02412 0.88208
vt 0.01553 0.87795
vt 0.02813 0.87708
vt 0.36036 0.00708
vt 0.36695 0.01567
vt 0.36050 0.01625
vt 0.35390 0.00952
vt 0.37747 0.01121
vt 0.38245 0.00708
vt 0.71776 0.26549
vt 0.72922 0.26125
vt 0.71746 0.26176
vt 0.72922 0.26708
vt 0.01909 0.90411
vt 0.01364 0.90203
vt 0.01959 0.89925
vt 0.02169 0.91255
vt 0.01301 0.88894
vt 0.01635 0.92125
vt 0.02112 0.92082
vt 0.02393 0.91762
vt 0.01781 0.88774
vt 0.02393 0.88590
vt 0.01775 0.88125
vt 0.99958 0.90671
vt 0.99454 0.89842
vt 0.99958 0.88958
vt 0.99465 0.89212
vt 0.99713 0.90708
vt 0.61163 0.14438
vt 0.62571 0.15125
vt 0.63035 0.14166
vt 0.60454 0.14884
vt 0.64009 0.14435
vt 0.65785 0.13375
vt 0.61647 0.13807
vt 0.59572 0.13687
vt 0.60114 0.13375
vt 0.32211 0.23292
vt 0.31836 0.24375
vt 0.30605 0.23292
vt 0.33543 0.23449
vt 0.69046 0.03198
vt 0.68366 0.02542
vt 0.67212 0.03774
vt 0.70487 0.02542
vt 0.69937 0.03585
vt 0.69493 0.04042
vt 0.95004 0.92555
vt 0.94084 0.90458
vt 0.95004 0.90740
vt 0.94081 0.92120
vt 0.94518 0.92792
vt 0.91730 0.59376
vt 0.92149 0.59542
vt 0.92149 0.58458
vt 0.41280 0.57011
vt 0.42532 0.57028
vt 0.42382 0.58318
vt 0.41494 0.55382
vt 0.39169 0.58389
vt 0.45235 0.59253
vt 0.39530 0.59650
vt 0.45113 0.56508
vt 0.42684 0.55463
vt 0.45148 0.54959
vt 0.44935 0.53287
vt 0.43048 0.51125
vt 0.45329 0.53475
vt 0.42191 0.59639
vt 0.40559 0.60634
vt 0.39343 0.59880
vt 0.42643 0.60993
vt 0.40894 0.61806
vt 0.41885 0.62703
vt 0.43020 0.63866
vt 0.41851 0.64292
vt 0.45031 0.52827
vt 0.42019 0.55391
vt 0.45550 0.52881
vt 0.42719 0.60729
vt 0.44627 0.61522
vt 0.45550 0.63309
vt 0.44769 0.63506
vt 0.43049 0.61402
vt 0.08942 0.20376
vt 0.10505 0.21068
vt 0.11641 0.20375
vt 0.10958 0.20999
vt 0.11521 0.20860
vt 0.12087 0.20818
vt 0.14084 0.20376
vt 0.11114 0.21375
vt 0.14590 0.20823
vt 0.17842 0.20794
vt 0.77889 0.01789
vt 0.77539 0.02875
vt 0.78215 0.02575
vt 0.78417 0.01625
vt 0.75894 0.01625
vt 0.79051 0.02272
vt 0.75525 0.02151
vt 0.67045 0.56125
vt 0.67045 0.55375
vt 0.66373 0.56013
vt 0.14181 0.06125
vt 0.16160 0.05292
vt 0.11764 0.05292
vt 0.16247 0.05793
vt 0.12563 0.06054
vt 0.11461 0.05700
vt 0.60495 0.71458
vt 0.61671 0.71458
vt 0.61239 0.71604
vt 0.61492 0.71792
vt 0.26406 0.00042
vt 0.25562 0.00458
vt 0.24475 0.00042
vt 0.57273 0.77518
vt 0.57809 0.77439
vt 0.57702 0.77868
vt 0.57809 0.76625
vt 0.56969 0.77170
vt 0.57260 0.77722
vt 0.56983 0.77899
vt 0.57675 0.78042
vt 0.46390 0.93542
vt 0.45970 0.94224
vt 0.46368 0.94355
vt 0.46390 0.94792
vt 0.54155 0.89198
vt 0.53866 0.89695
vt 0.53872 0.89199
vt 0.53471 0.88872
vt 0.52966 0.89910
vt 0.52945 0.87206
vt 0.53603 0.86841
vt 0.52999 0.86395
vt 0.53879 0.90012
vt 0.53427 0.90622
vt 0.52939 0.91249
vt 0.53827 0.90987
vt 0.54637 0.88979
vt 0.55290 0.91131
vt 0.55290 0.95362
vt 0.54024 0.95129
vt 0.55194 0.89373
vt 0.54315 0.87461
vt 0.55037 0.85784
vt 0.53915 0.87835
vt 0.54036 0.97958
vt 0.55151 0.97914
vt 0.53980 0.88006
vt 0.54565 0.84742
vt 0.53513 0.84458
vt 0.53774 0.89515
vt 0.23300 0.95415
vt 0.22628 0.96318
vt 0.22857 0.94792
vt 0.23300 0.97458
vt 0.22692 0.12292
vt 0.22544 0.12125
vt 0.23887 0.12125
vt 0.97329 0.14029
vt 0.98196 0.14227
vt 0.98221 0.15458
vt 0.98531 0.14746
vt 0.97116 0.15375
vt 0.98531 0.12292
vt 0.97103 0.12478
vt 0.53673 0.18292
vt 0.53816 0.17431
vt 0.52546 0.17292
vt 0.52435 0.18231
vt 0.54282 0.17292
vt 0.85684 0.47792
vt 0.85258 0.48625
vt 0.85181 0.47792
vt 0.21532 0.99692
vt 0.21464 0.98650
vt 0.22339 0.99290
vt 0.20781 0.98749
vt 0.22628 0.99708
vt 0.22523 0.99256
vt 0.21757 0.93522
vt 0.22350 0.95355
vt 0.21259 0.96062
vt 0.22628 0.92144
vt 0.22531 0.90125
vt 0.94753 0.50208
vt 0.94668 0.49637
vt 0.94995 0.50172
vt 0.95172 0.48708
vt 0.95172 0.50145
vt 0.67586 0.10542
vt 0.64190 0.10042
vt 0.67884 0.10042
vt 0.98027 0.27989
vt 0.97523 0.27043
vt 0.98027 0.26708
vt 0.97818 0.28125
vt 0.92317 0.38625
vt 0.91394 0.38625
vt 0.91993 0.38960
vt 0.91681 0.39125
vt 0.60579 0.17875
vt 0.61419 0.17875
vt 0.60951 0.18208
vt 0.64274 0.69292
vt 0.64274 0.68458
vt 0.63938 0.68710
vt 0.01906 0.07292
vt 0.02573 0.06873
vt 0.01950 0.07027
vt 0.02792 0.05958
vt 0.00378 0.06728
vt 0.03233 0.07208
vt 0.00405 0.05958
vt 0.57305 0.15875
vt 0.56972 0.16708
vt 0.55961 0.15875
vt 0.56950 0.68458
vt 0.58069 0.67494
vt 0.58342 0.68149
vt 0.59656 0.67292
vt 0.56801 0.67292
vt 0.28255 0.08875
vt 0.27682 0.10570
vt 0.26506 0.09812
vt 0.26642 0.10958
vt 0.30605 0.09185
vt 0.30585 0.09990
vt 0.25651 0.08875
vt 0.06507 0.97792
vt 0.06266 0.98042
vt 0.05668 0.97792
vt 0.96516 0.74542
vt 0.96096 0.78214
vt 0.96516 0.79458
vt 0.37946 0.84250
vt 0.37406 0.84246
vt 0.37993 0.85708
vt 0.37993 0.83625
vt 0.11041 0.05625
vt 0.08302 0.05697
vt 0.08636 0.06052
vt 0.08246 0.06087
vt 0.06759 0.05625
vt 0.09225 0.06208
vt 0.10668 0.05974
vt 0.36114 0.54355
vt 0.35731 0.54120
vt 0.34360 0.54557
vt 0.36047 0.53708
vt 0.35799 0.54856
vt 0.33301 0.55628
vt 0.32327 0.55162
vt 0.38329 0.53738
vt 0.30570 0.55200
vt 0.30032 0.55519
vt 0.29858 0.56208
vt 0.26646 0.55440
vt 0.27464 0.54998
vt 0.26943 0.54912
vt 0.23703 0.54289
vt 0.24856 0.55279
vt 0.20613 0.53708
vt 0.31693 0.54705
vt 0.60321 0.57959
vt 0.62008 0.56791
vt 0.62091 0.60387
vt 0.60636 0.60097
vt 0.60498 0.55456
vt 0.62059 0.55023
vt 0.62091 0.50792
vt 0.61754 0.61487
vt 0.60702 0.62342
vt 0.61559 0.62216
vt 0.61908 0.62625
vt 0.60270 0.55721
vt 0.59740 0.54942
vt 0.31609 0.62502
vt 0.33296 0.59868
vt 0.28615 0.60046
vt 0.28023 0.62625
vt 0.33918 0.62323
vt 0.25472 0.60138
vt 0.24259 0.62510
vt 0.23574 0.60198
vt 0.37030 0.61936
vt 0.36908 0.60767
vt 0.37678 0.60486
vt 0.37237 0.59710
vt 0.38581 0.59989
vt 0.37963 0.61615
vt 0.21033 0.60156
vt 0.22794 0.62614
vt 0.23495 0.59304
vt 0.25796 0.59292
vt 0.26168 0.59999
vt 0.27649 0.59682
vt 0.30201 0.59955
vt 0.31175 0.59461
vt 0.34058 0.59292
vt 0.36223 0.59650
vt 0.17723 0.22903
vt 0.18776 0.22560
vt 0.18184 0.22012
vt 0.17443 0.21682
vt 0.17769 0.21022
vt 0.16538 0.20998
vt 0.16699 0.22354
vt 0.17025 0.22886
vt 0.15905 0.22066
vt 0.14652 0.21627
vt 0.18265 0.23042
vt 0.18801 0.22878
vt 0.20760 0.22508
vt 0.20178 0.21560
vt 0.18163 0.20792
vt 0.21279 0.20898
vt 0.22376 0.20792
vt 0.36986 0.47875
vt 0.36737 0.48208
vt 0.36314 0.47875
vt 0.36146 0.47383
vt 0.36217 0.46625
vt 0.37388 0.46625
vt 0.37406 0.47792
vt 0.85181 0.25375
vt 0.85181 0.23958
vt 0.84677 0.25239
vt 0.30614 0.97375
vt 0.29261 0.97125
vt 0.31696 0.97125
vt 0.47668 0.50751
vt 0.44883 0.51790
vt 0.46190 0.52806
vt 0.44855 0.50382
vt 0.44590 0.51408
vt 0.43944 0.51556
vt 0.47971 0.49292
vt 0.42510 0.50575
vt 0.43029 0.49292
vt 0.39452 0.50971
vt 0.39169 0.49891
vt 0.48842 0.49993
vt 0.48933 0.52847
vt 0.47977 0.54153
vt 0.48885 0.54217
vt 0.49580 0.52732
vt 0.47946 0.55733
vt 0.49319 0.55227
vt 0.49555 0.51486
vt 0.47967 0.50855
vt 0.46798 0.54728
vt 0.45863 0.55958
vt 0.51279 0.78685
vt 0.53425 0.79527
vt 0.50506 0.79956
vt 0.49244 0.79432
vt 0.50681 0.77750
vt 0.53441 0.78053
vt 0.52733 0.77595
vt 0.50678 0.76080
vt 0.51842 0.75695
vt 0.50938 0.82324
vt 0.54312 0.81877
vt 0.53031 0.82813
vt 0.56045 0.83216
vt 0.55764 0.85625
vt 0.53102 0.76379
vt 0.54432 0.75625
vt 0.55357 0.76467
vt 0.56045 0.76618
vt 0.26742 0.22375
vt 0.26742 0.20542
vt 0.26238 0.21230
vt 0.46054 0.49625
vt 0.44639 0.49875
vt 0.44626 0.49625
vt 0.97514 0.60125
vt 0.96432 0.59125
vt 0.97859 0.59125
vt 0.36650 0.19042
vt 0.37741 0.19042
vt 0.37590 0.19208
vt 0.81745 0.18314
vt 0.83230 0.17363
vt 0.82562 0.19429
vt 0.81355 0.19772
vt 0.82332 0.16203
vt 0.84845 0.20705
vt 0.82907 0.20259
vt 0.84637 0.15958
vt 0.81637 0.17329
vt 0.81150 0.18017
vt 0.81245 0.18628
vt 0.84845 0.16422
vt 0.83240 0.20875
vt 0.39892 0.61958
vt 0.40202 0.62458
vt 0.40596 0.61958
vt 0.39505 0.62409
vt 0.73812 0.06505
vt 0.75035 0.07292
vt 0.76000 0.06153
vt 0.76137 0.07044
vt 0.76812 0.06565
vt 0.76868 0.05208
vt 0.74058 0.05208
vt 0.73090 0.05309
vt 0.01081 0.04047
vt 0.01091 0.02730
vt 0.00546 0.03334
vt 0.01134 0.01542
vt 0.01134 0.05542
vt 0.63032 0.04875
vt 0.63407 0.03458
vt 0.60831 0.04826
vt 0.64777 0.04768
vt 0.61923 0.03458
vt 0.81486 0.85208
vt 0.81150 0.85445
vt 0.81486 0.86125
vt 0.30324 0.41095
vt 0.31869 0.41708
vt 0.29573 0.41624
vt 0.32029 0.40912
vt 0.32116 0.40875
vt 0.29696 0.40875
vt 0.28925 0.40929
vt 0.90386 0.32625
vt 0.90386 0.31125
vt 0.90134 0.31918
vt 0.51175 0.00208
vt 0.52099 0.00208
vt 0.51328 0.00375
vt 0.11933 0.14938
vt 0.10910 0.14232
vt 0.12052 0.13720
vt 0.12301 0.12617
vt 0.12301 0.15623
vt 0.11402 0.12851
vt 0.10666 0.13070
vt 0.10851 0.11708
vt 0.09446 0.13637
vt 0.10468 0.14612
vt 0.10292 0.16708
vt 0.09579 0.15578
vt 0.92480 0.64845
vt 0.91661 0.65940
vt 0.91290 0.64302
vt 0.92653 0.62625
vt 0.92653 0.66458
vt 0.89849 0.65031
vt 0.89715 0.63284
vt 0.40774 0.29792
vt 0.40407 0.29125
vt 0.40583 0.29733
vt 0.42754 0.29462
vt 0.43787 0.29125
vt 0.40097 0.29585
vt 0.39840 0.29182
vt 0.09390 0.28517
vt 0.08699 0.27537
vt 0.09111 0.27146
vt 0.08522 0.27976
vt 0.09474 0.27640
vt 0.10537 0.29767
vt 0.08789 0.28610
vt 0.10537 0.26958
vt 0.09977 0.30208
vt 0.08666 0.28456
vt 0.20445 0.04792
vt 0.18160 0.05858
vt 0.17575 0.06661
vt 0.19173 0.06727
vt 0.17985 0.07042
vt 0.18192 0.04841
vt 0.16751 0.06829
vt 0.17269 0.04792
vt 0.99706 0.54815
vt 0.99958 0.55542
vt 0.99958 0.54125
vt 0.78720 0.81042
vt 0.77876 0.80958
vt 0.78799 0.80958
vt 0.14652 0.36625
vt 0.14903 0.36625
vt 0.14774 0.36708
vt 0.66803 0.46614
vt 0.67740 0.46844
vt 0.67176 0.45708
vt 0.69228 0.45708
vt 0.65869 0.48125
vt 0.67773 0.47968
vt 0.68953 0.47349
vt 0.86444 0.63962
vt 0.85600 0.63619
vt 0.86510 0.62994
vt 0.85659 0.64527
vt 0.88371 0.66042
vt 0.86500 0.61590
vt 0.88371 0.61042
vt 0.87230 0.64167
vt 0.79051 0.16125
vt 0.81150 0.16125
vt 0.80283 0.16375
vt 0.08187 0.25963
vt 0.09223 0.26375
vt 0.08889 0.25288
vt 0.07095 0.24458
vt 0.11965 0.24458
vt 0.39757 0.09042
vt 0.42977 0.09981
vt 0.42905 0.09109
vt 0.44878 0.09042
vt 0.41274 0.10652
vt 0.42081 0.10958
vt 0.59633 0.15458
vt 0.59878 0.14792
vt 0.59068 0.14792
vt 0.60579 0.15253
vt 0.72502 0.08745
vt 0.72917 0.08405
vt 0.73258 0.09354
vt 0.73258 0.07708
vt 0.72974 0.10125
vt 0.64117 0.89385
vt 0.64945 0.87298
vt 0.64945 0.89530
vt 0.64610 0.91208
vt 0.63938 0.87527
vt 0.64586 0.86958
vt 0.80134 0.81881
vt 0.80756 0.81442
vt 0.81486 0.82650
vt 0.81465 0.83746
vt 0.80714 0.83792
vt 0.80860 0.81208
vt 0.78750 0.82980
vt 0.78044 0.81208
vt 0.18941 0.26868
vt 0.20947 0.26942
vt 0.18682 0.26708
vt 0.21033 0.26708
vt 0.19760 0.27292
vt 0.01741 0.13825
vt 0.02043 0.12619
vt 0.02528 0.13821
vt 0.01447 0.12812
vt 0.02926 0.13396
vt 0.03401 0.13051
vt 0.03152 0.13368
vt 0.02515 0.14302
vt 0.02225 0.14353
vt 0.02408 0.14427
vt 0.02393 0.14631
vt 0.02245 0.14796
vt 0.01964 0.14901
vt 0.01700 0.14382
vt 0.00630 0.11794
vt 0.02746 0.11178
vt 0.01556 0.14266
vt 0.02800 0.10921
vt 0.00967 0.10529
vt 0.01460 0.14835
vt 0.03285 0.10208
vt 0.03401 0.10519
vt 0.01849 0.14995
vt 0.01918 0.15029
vt 0.01942 0.15042
vt 0.29597 0.20292
vt 0.30604 0.20439
vt 0.29869 0.20708
vt 0.30688 0.20292
vt 0.95995 0.79708
vt 0.95695 0.80292
vt 0.96096 0.80061
vt 0.94836 0.79708
vt 0.25912 0.10292
vt 0.24979 0.10042
vt 0.26322 0.10042
vt 0.81654 0.35792
vt 0.81654 0.35292
vt 0.81402 0.35363
vt 0.76999 0.06958
vt 0.76868 0.06792
vt 0.77708 0.06792
vt 0.23112 0.02961
vt 0.23216 0.03125
vt 0.22095 0.02851
vt 0.23216 0.02625
vt 0.21285 0.03055
vt 0.16878 0.55208
vt 0.16572 0.55625
vt 0.17020 0.55532
vt 0.16415 0.55208
vt 0.17254 0.55278
vt 0.86440 0.46375
vt 0.86440 0.45625
vt 0.86174 0.46124
vt 0.85852 0.46275
vt 0.83268 0.73403
vt 0.84443 0.74541
vt 0.83209 0.74744
vt 0.84575 0.74047
vt 0.83183 0.71996
vt 0.84504 0.72731
vt 0.84593 0.71208
vt 0.82583 0.71764
vt 0.83307 0.75805
vt 0.83829 0.75921
vt 0.84399 0.75036
vt 0.84593 0.75788
vt 0.84129 0.76087
vt 0.81819 0.75301
vt 0.81973 0.76697
vt 0.83838 0.77042
vt 0.81738 0.73982
vt 0.00888 0.09082
vt 0.01699 0.09290
vt 0.00630 0.09616
vt 0.01889 0.08625
vt 0.00699 0.08778
vt 0.01534 0.10105
vt 0.01889 0.10208
vt 0.06171 0.98292
vt 0.07347 0.98292
vt 0.07109 0.98542
vt 0.83585 0.24625
vt 0.83547 0.25076
vt 0.83152 0.24952
vt 0.82709 0.25423
vt 0.82074 0.24625
vt 0.83129 0.25542
vt 0.42289 0.00485
vt 0.42960 0.00451
vt 0.41892 0.00208
vt 0.43451 0.00208
vt 0.42334 0.01042
vt 0.41772 0.00850
vt 0.69815 0.77958
vt 0.69394 0.79208
vt 0.68808 0.77958
vt 0.86125 0.00542
vt 0.84874 0.01274
vt 0.85959 0.01057
vt 0.84089 0.00542
vt 0.86170 0.01458
vt 0.86608 0.01259
vt 0.93923 0.13176
vt 0.91058 0.14587
vt 0.93785 0.14372
vt 0.92562 0.15080
vt 0.93595 0.12042
vt 0.91328 0.13537
vt 0.91619 0.12042
vt 0.94165 0.14504
vt 0.93949 0.15275
vt 0.91876 0.15292
vt 0.93610 0.52139
vt 0.93627 0.52791
vt 0.93102 0.52720
vt 0.93126 0.53409
vt 0.93275 0.51981
vt 0.93745 0.53546
vt 0.93211 0.54458
vt 0.92737 0.53196
vt 0.93745 0.51773
vt 0.93406 0.51311
vt 0.93207 0.51042
vt 0.47938 0.12674
vt 0.48723 0.13750
vt 0.47266 0.14792
vt 0.48589 0.12435
vt 0.46004 0.12780
vt 0.45802 0.14195
vt 0.47714 0.11792
vt 0.46308 0.11792
vt 0.49809 0.13993
vt 0.49467 0.14600
vt 0.50213 0.14376
vt 0.50504 0.14207
vt 0.93593 0.29107
vt 0.92317 0.28720
vt 0.93816 0.28065
vt 0.93094 0.30178
vt 0.94332 0.27625
vt 0.94332 0.29284
vt 0.93512 0.29404
vt 0.94313 0.29698
vt 0.93999 0.30345
vt 0.93210 0.30125
vt 0.93908 0.31462
vt 0.93142 0.30959
vt 0.92653 0.31875
vt 0.96180 0.36292
vt 0.96311 0.36583
vt 0.97439 0.36292
vt 0.97130 0.36708
vt 0.33306 0.06958
vt 0.33344 0.06589
vt 0.32452 0.06458
vt 0.33879 0.06535
vt 0.33414 0.06458
vt 0.07889 0.72752
vt 0.07415 0.72584
vt 0.07652 0.73208
vt 0.08690 0.72440
vt 0.07997 0.72431
vt 0.08560 0.72375
vt 0.06904 0.73062
vt 0.06423 0.72375
vt 0.57257 0.51958
vt 0.58816 0.51458
vt 0.56801 0.51458
vt 0.58791 0.51887
vt 0.17484 0.13067
vt 0.17506 0.12708
vt 0.17086 0.13138
vt 0.17506 0.13542
vt 0.93199 0.74852
vt 0.92215 0.75432
vt 0.92284 0.73801
vt 0.93241 0.72458
vt 0.92231 0.75840
vt 0.92643 0.76218
vt 0.91982 0.73426
vt 0.93241 0.77625
vt 0.42873 0.07792
vt 0.43562 0.08270
vt 0.44458 0.07792
vt 0.44131 0.08768
vt 0.42779 0.08958
vt 0.71515 0.58101
vt 0.71495 0.59208
vt 0.71998 0.59162
vt 0.71998 0.57708
vt 0.01042 0.47625
vt 0.00126 0.47042
vt 0.01050 0.47042
vt 0.36780 0.05042
vt 0.37401 0.05344
vt 0.38385 0.05172
vt 0.38124 0.06292
vt 0.38914 0.05614
vt 0.36674 0.05756
vt 0.34803 0.06208
vt 0.39421 0.05042
vt 0.25240 0.82445
vt 0.24053 0.82655
vt 0.24319 0.83042
vt 0.23216 0.82125
vt 0.26322 0.82812
vt 0.25853 0.82125
vt 0.23603 0.82733
vt 0.23987 0.82989
vt 0.89798 0.18672
vt 0.89811 0.18343
vt 0.90050 0.18208
vt 0.90050 0.19458
vt 0.95748 0.34204
vt 0.95584 0.32823
vt 0.94313 0.32819
vt 0.94322 0.34058
vt 0.97103 0.34375
vt 0.96925 0.32706
vt 0.95552 0.32585
vt 0.94881 0.32292
vt 0.96890 0.32292
vt 0.93913 0.33557
vt 0.94752 0.15625
vt 0.93171 0.16042
vt 0.92653 0.15625
vt 0.87890 0.80632
vt 0.88794 0.82036
vt 0.87699 0.81834
vt 0.89463 0.84208
vt 0.88850 0.79560
vt 0.89187 0.80885
vt 0.89463 0.78375
vt 0.99202 0.96125
vt 0.98561 0.97071
vt 0.99095 0.96974
vt 0.98027 0.98596
vt 0.99202 0.99292
vt 0.33528 0.01708
vt 0.34268 0.00685
vt 0.34217 0.00458
vt 0.32872 0.00458
vt 0.34551 0.01636
vt 0.35390 0.01183
vt 0.98244 0.42157
vt 0.98948 0.42445
vt 0.97991 0.42254
vt 0.98950 0.40958
vt 0.98024 0.41677
vt 0.97951 0.41543
vt 0.97943 0.43278
vt 0.98886 0.42973
vt 0.98950 0.44292
vt 0.33709 0.11520
vt 0.33207 0.11598
vt 0.34266 0.11792
vt 0.34383 0.11458
vt 0.33690 0.11458
vt 0.47720 0.18184
vt 0.47901 0.19208
vt 0.47565 0.18042
vt 0.47901 0.18042
vt 0.12097 0.43210
vt 0.11911 0.43292
vt 0.11377 0.43042
vt 0.12552 0.43042
vt 0.14190 0.22860
vt 0.13675 0.24578
vt 0.13860 0.22630
vt 0.12604 0.22731
vt 0.14108 0.22379
vt 0.11629 0.21042
vt 0.12899 0.25866
vt 0.14126 0.23703
vt 0.14990 0.22273
vt 0.14374 0.21921
vt 0.14236 0.23476
vt 0.12116 0.22480
vt 0.14112 0.24574
vt 0.14608 0.23774
vt 0.14180 0.24647
vt 0.15659 0.26125
vt 0.12026 0.23970
vt 0.12211 0.24815
vt 0.15659 0.23239
vt 0.07767 0.14375
vt 0.07767 0.13708
vt 0.07011 0.14230
vt 0.57809 0.31542
vt 0.58144 0.31542
vt 0.57995 0.31708
vt 0.28170 0.17183
vt 0.26881 0.16311
vt 0.27527 0.17159
vt 0.27677 0.17865
vt 0.28648 0.17734
vt 0.28271 0.18344
vt 0.27550 0.15758
vt 0.28635 0.16318
vt 0.25315 0.18542
vt 0.26240 0.16149
vt 0.25357 0.16869
vt 0.24307 0.15708
vt 0.29933 0.15708
vt 0.28657 0.16440
vt 0.92729 0.00458
vt 0.92737 0.00125
vt 0.91226 0.00125
vt 0.88035 0.08375
vt 0.87867 0.08381
vt 0.88035 0.10958
vt 0.79387 0.38000
vt 0.79555 0.38708
vt 0.79555 0.37958
vt 0.07767 0.16625
vt 0.07300 0.17114
vt 0.07095 0.16625
vt 0.07644 0.17292
vt 0.70907 0.10542
vt 0.71662 0.10542
vt 0.71340 0.10792
vt 0.14783 0.26853
vt 0.13242 0.26395
vt 0.13957 0.27562
vt 0.16674 0.26853
vt 0.16878 0.25935
vt 0.18850 0.25792
vt 0.13199 0.28875
vt 0.12395 0.25792
vt 0.11124 0.28779
vt 0.10537 0.26408
vt 0.62762 0.55792
vt 0.62762 0.54125
vt 0.62510 0.55394
vt 0.03401 0.68208
vt 0.02729 0.68535
vt 0.02944 0.68208
vt 0.03185 0.68542
vt 0.01446 0.66562
vt 0.01050 0.66290
vt 0.01539 0.66175
vt 0.01973 0.66625
vt 0.01973 0.65375
vt 0.81318 0.78868
vt 0.82074 0.79542
vt 0.82074 0.78792
vt 0.74685 0.18125
vt 0.75525 0.17458
vt 0.74937 0.17458
vt 0.75432 0.17901
vt 0.17344 0.67875
vt 0.15399 0.68749
vt 0.16570 0.69042
vt 0.17936 0.68881
vt 0.18766 0.68707
vt 0.15958 0.67875
vt 0.14987 0.68755
vt 0.93075 0.69048
vt 0.92334 0.69158
vt 0.93416 0.69283
vt 0.93315 0.68284
vt 0.94417 0.69014
vt 0.92602 0.69542
vt 0.91660 0.69342
vt 0.92995 0.69010
vt 0.92558 0.69119
vt 0.90302 0.68866
vt 0.90727 0.68943
vt 0.90505 0.68834
vt 0.90482 0.68764
vt 0.90553 0.68736
vt 0.90415 0.68835
vt 0.91252 0.69078
vt 0.92278 0.67708
vt 0.94752 0.67708
vt 0.81397 0.67205
vt 0.81989 0.66910
vt 0.81564 0.67673
vt 0.81228 0.66105
vt 0.81512 0.65619
vt 0.80479 0.64964
vt 0.81581 0.65079
vt 0.81688 0.63648
vt 0.82074 0.63625
vt 0.81503 0.68991
vt 0.80559 0.70271
vt 0.81508 0.70621
vt 0.81399 0.71125
vt 0.81645 0.69402
vt 0.82074 0.69376
vt 0.81589 0.68934
vt 0.81668 0.68363
vt 0.81923 0.70265
vt 0.81987 0.68585
vt 0.38166 0.59115
vt 0.36753 0.59303
vt 0.36707 0.57778
vt 0.39085 0.57800
vt 0.39085 0.59625
vt 0.37871 0.57106
vt 0.38882 0.56875
vt 0.35721 0.58162
vt 0.35258 0.58085
vt 0.35223 0.58960
vt 0.55511 0.81545
vt 0.56297 0.82113
vt 0.56297 0.81411
vt 0.55430 0.82375
vt 0.55374 0.81880
vt 0.55464 0.81054
vt 0.56065 0.80625
vt 0.17003 0.03875
vt 0.17758 0.03875
vt 0.17244 0.03958
vt 0.08774 0.50542
vt 0.08663 0.50708
vt 0.08522 0.50542
vt 0.16471 0.82125
vt 0.16499 0.82208
vt 0.16247 0.82208
vt 0.58916 0.02458
vt 0.59102 0.03042
vt 0.57389 0.02928
vt 0.61251 0.02458
vt 0.88107 0.17742
vt 0.87867 0.16479
vt 0.88371 0.16292
vt 0.88371 0.18042
vt 0.86416 0.41125
vt 0.86188 0.41542
vt 0.86764 0.41527
vt 0.86860 0.41125
vt 0.48516 0.76208
vt 0.47061 0.76276
vt 0.48725 0.76708
vt 0.48908 0.76208
vt 0.84687 0.82547
vt 0.85348 0.81375
vt 0.85348 0.82625
vt 0.84593 0.81615
vt 0.69899 0.21375
vt 0.71133 0.21625
vt 0.71575 0.21375
vt 0.71579 0.21479
vt 0.52855 0.08458
vt 0.52267 0.08127
vt 0.52855 0.07708
vt 0.52386 0.07800
vt 0.80059 0.50423
vt 0.80395 0.50458
vt 0.80395 0.49792
vt 0.16406 0.31958
vt 0.15743 0.31542
vt 0.16499 0.31542
vt 0.80806 0.45913
vt 0.82710 0.47082
vt 0.82019 0.47278
vt 0.82706 0.48365
vt 0.82992 0.46287
vt 0.81563 0.45427
vt 0.81153 0.45446
vt 0.80017 0.49708
vt 0.80482 0.46598
vt 0.80697 0.47000
vt 0.80385 0.46150
vt 0.83081 0.43792
vt 0.83081 0.47200
vt 0.79975 0.45991
vt 0.90302 0.38292
vt 0.89798 0.38292
vt 0.89882 0.39079
vt 0.89957 0.39542
vt 0.54804 0.98841
vt 0.54269 0.99761
vt 0.58543 0.99240
vt 0.52348 0.98686
vt 0.59295 0.98649
vt 0.62091 0.98625
vt 0.50588 0.98625
vt 0.50957 0.99875
vt 0.11125 0.04292
vt 0.07799 0.04292
vt 0.08792 0.04875
vt 0.06003 0.04443
vt 0.45298 0.65730
vt 0.46170 0.65433
vt 0.46006 0.67716
vt 0.46367 0.61617
vt 0.45333 0.69277
vt 0.46520 0.71128
vt 0.46824 0.62277
vt 0.47074 0.61317
vt 0.46588 0.73375
vt 0.47893 0.74638
vt 0.48405 0.76042
vt 0.47779 0.58654
vt 0.47635 0.60604
vt 0.48405 0.58625
vt 0.45626 0.71600
vt 0.58471 0.80309
vt 0.58212 0.79735
vt 0.57848 0.80545
vt 0.57725 0.79831
vt 0.58326 0.82405
vt 0.58900 0.83458
vt 0.58625 0.78630
vt 0.58900 0.76563
vt 0.58275 0.76542
vt 0.19270 0.86383
vt 0.19521 0.86875
vt 0.19521 0.86208
vt 0.41818 0.04078
vt 0.42956 0.05727
vt 0.42427 0.04042
vt 0.41779 0.06125
vt 0.43115 0.04837
vt 0.41066 0.04042
vt 0.40015 0.04567
vt 0.39846 0.06120
vt 0.39505 0.05328
vt 0.86692 0.77467
vt 0.87364 0.77708
vt 0.87364 0.77292
vt 0.93157 0.09458
vt 0.93829 0.09458
vt 0.93374 0.09625
vt 0.03988 0.99708
vt 0.03988 0.99042
vt 0.02897 0.99626
vt 0.29765 0.08208
vt 0.29526 0.08625
vt 0.28421 0.08208
vt 0.06087 0.17958
vt 0.06675 0.17958
vt 0.06233 0.18125
vt 0.67716 0.65625
vt 0.67716 0.64292
vt 0.67464 0.65522
vt 0.50710 0.08875
vt 0.50501 0.08125
vt 0.51221 0.08170
vt 0.49916 0.08340
vt 0.51763 0.08125
vt 0.90474 0.13875
vt 0.90050 0.13375
vt 0.90890 0.13375
vt 0.45635 0.42741
vt 0.44811 0.45247
vt 0.47673 0.44811
vt 0.43399 0.42726
vt 0.49176 0.43117
vt 0.51030 0.44897
vt 0.41786 0.45006
vt 0.41466 0.42849
vt 0.41203 0.44643
vt 0.40512 0.43699
vt 0.48014 0.42542
vt 0.50410 0.42542
vt 0.49208 0.45223
vt 0.48558 0.45292
vt 0.48032 0.45284
vt 0.45314 0.45276
vt 0.53442 0.42723
vt 0.90517 0.98588
vt 0.90386 0.97958
vt 0.91129 0.98625
vt 0.91730 0.97958
vt 0.81906 0.72548
vt 0.82091 0.72274
vt 0.82166 0.72341
vt 0.82089 0.72358
vt 0.82231 0.72293
vt 0.82494 0.73625
vt 0.82494 0.70958
vt 0.82086 0.72149
vt 0.00210 0.05286
vt 0.00294 0.05375
vt 0.00294 0.05042
vt 0.85013 0.54292
vt 0.84845 0.54042
vt 0.84845 0.54185
vt 0.98450 0.71907
vt 0.98447 0.71785
vt 0.98868 0.72277
vt 0.99034 0.73125
vt 0.99034 0.69958
vt 0.55290 0.57220
vt 0.56045 0.57452
vt 0.55943 0.57024
vt 0.55686 0.57625
vt 0.56045 0.55042
vt 0.29229 0.06509
vt 0.30271 0.05353
vt 0.30519 0.06518
vt 0.28170 0.04708
vt 0.28371 0.06960
vt 0.28641 0.07865
vt 0.30279 0.07840
vt 0.29117 0.08125
vt 0.29400 0.04708
vt 0.29977 0.04770
vt 0.30772 0.05073
vt 0.19142 0.16208
vt 0.19328 0.15908
vt 0.18262 0.15792
vt 0.19773 0.15792
vt 0.96348 0.90939
vt 0.95532 0.90322
vt 0.96037 0.90153
vt 0.95277 0.89042
vt 0.95748 0.90932
vt 0.96348 0.89122
vt 0.95241 0.91208
vt 0.95172 0.89776
vt 0.99958 0.73208
vt 0.99958 0.71958
vt 0.99622 0.72387
vt 0.87947 0.32511
vt 0.88464 0.32135
vt 0.88366 0.29881
vt 0.88226 0.33853
vt 0.88707 0.35042
vt 0.87783 0.29755
vt 0.88291 0.29443
vt 0.88707 0.29360
vt 0.88406 0.28542
vt 0.28998 0.75827
vt 0.29583 0.75271
vt 0.29381 0.75013
vt 0.30185 0.75263
vt 0.28308 0.74792
vt 0.30130 0.74792
vt 0.28431 0.75439
vt 0.29582 0.75517
vt 0.28254 0.75958
vt 0.56801 0.53549
vt 0.57389 0.54042
vt 0.56841 0.53806
vt 0.57389 0.53542
vt 0.96877 0.28955
vt 0.97004 0.29821
vt 0.96605 0.29340
vt 0.96264 0.29126
vt 0.96793 0.30458
vt 0.97187 0.30418
vt 0.96584 0.28801
vt 0.97187 0.28542
vt 0.33627 0.03458
vt 0.33530 0.03625
vt 0.33123 0.03458
vt 0.86860 0.47875
vt 0.87364 0.47875
vt 0.87191 0.48125
vt 0.68406 0.57917
vt 0.67972 0.57735
vt 0.68506 0.58347
vt 0.68724 0.58178
vt 0.68286 0.56792
vt 0.67984 0.57248
vt 0.67576 0.56792
vt 0.68016 0.58290
vt 0.67548 0.58542
vt 0.94817 0.68125
vt 0.94261 0.68552
vt 0.94836 0.68708
vt 0.94165 0.68125
vt 0.05248 0.15792
vt 0.04324 0.15792
vt 0.04579 0.16542
vt 0.05087 0.16388
vt 0.32788 0.16542
vt 0.32383 0.17042
vt 0.32415 0.16656
vt 0.31864 0.16542
vt 0.22040 0.31208
vt 0.21620 0.31341
vt 0.22040 0.31958
vt 0.03365 0.32493
vt 0.03904 0.33625
vt 0.02450 0.33082
vt 0.03904 0.32042
vt 0.02473 0.33429
vt 0.02225 0.32803
vt 0.99874 0.08125
vt 0.99874 0.06042
vt 0.99202 0.07317
vt 0.37111 0.83017
vt 0.37657 0.82292
vt 0.34848 0.82292
vt 0.35445 0.82960
vt 0.34536 0.83457
vt 0.34801 0.82921
vt 0.34667 0.84125
vt 0.36046 0.83267
vt 0.35635 0.82641
vt 0.34356 0.83724
vt 0.33123 0.83945
vt 0.35857 0.82522
vt 0.36693 0.83704
vt 0.39624 0.42155
vt 0.39463 0.42042
vt 0.39132 0.42208
vt 0.38581 0.42042
vt 0.40092 0.42087
vt 0.77708 0.98875
vt 0.77372 0.99356
vt 0.77708 0.99458
vt 0.84738 0.51197
vt 0.84439 0.51108
vt 0.84639 0.50542
vt 0.84415 0.51201
vt 0.84257 0.51472
vt 0.84761 0.51542
vt 0.84738 0.52208
vt 0.78799 0.84693
vt 0.78296 0.84700
vt 0.78309 0.83875
vt 0.78797 0.84216
vt 0.78772 0.84101
vt 0.78797 0.85208
vt 0.61587 0.39708
vt 0.62510 0.39708
vt 0.62259 0.40125
vt 0.61610 0.40096
vt 0.80604 0.50039
vt 0.80479 0.50523
vt 0.80898 0.49958
vt 0.80898 0.50792
vt 0.70823 0.31458
vt 0.71012 0.31792
vt 0.71243 0.31458
vt 0.71241 0.31589
vt 0.89127 0.55125
vt 0.89127 0.54375
vt 0.88875 0.54512
vt 0.46909 0.62625
vt 0.46893 0.62733
vt 0.47061 0.62714
vt 0.47061 0.63042
vt 0.38820 0.50875
vt 0.37993 0.50542
vt 0.39001 0.50542
vt 0.64363 0.16166
vt 0.63560 0.16875
vt 0.63746 0.15912
vt 0.63014 0.15592
vt 0.64777 0.17792
vt 0.64157 0.17704
vt 0.63872 0.14708
vt 0.64777 0.15080
vt 0.99236 0.43602
vt 0.99034 0.44344
vt 0.99874 0.43371
vt 0.99874 0.45042
vt 0.99631 0.42292
vt 0.96637 0.16042
vt 0.96891 0.16429
vt 0.97439 0.16042
vt 0.96599 0.16458
vt 0.21453 0.78708
vt 0.22222 0.79413
vt 0.23132 0.78708
vt 0.21854 0.79542
vt 0.22699 0.79345
vt 0.93745 0.34125
vt 0.92989 0.34966
vt 0.93137 0.34333
vt 0.93745 0.35208
vt 0.50420 0.12542
vt 0.51763 0.12542
vt 0.51033 0.12708
vt 0.40365 0.87292
vt 0.41100 0.87042
vt 0.40553 0.87086
vt 0.40344 0.87042
vt 0.24055 0.67792
vt 0.23321 0.68042
vt 0.23300 0.67792
vt 0.02214 0.42106
vt 0.02461 0.42529
vt 0.02983 0.42625
vt 0.03058 0.41625
vt 0.02250 0.42551
vt 0.03484 0.42136
vt 0.01805 0.41625
vt 0.64656 0.03542
vt 0.65281 0.02458
vt 0.63762 0.02458
vt 0.61587 0.02647
vt 0.78561 0.00792
vt 0.79021 0.00184
vt 0.78423 0.00425
vt 0.79132 0.00710
vt 0.79457 0.00633
vt 0.79639 0.00042
vt 0.78573 0.00261
vt 0.77876 0.00042
vt 0.00987 0.21384
vt 0.00476 0.21573
vt 0.01301 0.21625
vt 0.00462 0.21392
vt 0.01301 0.20958
vt 0.48105 0.56778
vt 0.48620 0.56387
vt 0.48411 0.56985
vt 0.48069 0.55958
vt 0.48908 0.56250
vt 0.48908 0.57542
vt 0.48160 0.57151
vt 0.32704 0.99542
vt 0.33459 0.99542
vt 0.33205 0.99910
vt 0.32952 0.99958
vt 0.39001 0.60792
vt 0.39001 0.59792
vt 0.38665 0.60058
vt 0.79387 0.36523
vt 0.79723 0.37125
vt 0.79723 0.36375
vt 0.02568 0.45792
vt 0.01973 0.45542
vt 0.02813 0.45542
vt 0.20445 0.78458
vt 0.21279 0.78888
vt 0.20484 0.79125
vt 0.21285 0.78458
vt 0.38413 0.72849
vt 0.38581 0.73542
vt 0.38581 0.72708
vt 0.74181 0.39375
vt 0.74769 0.39375
vt 0.74288 0.39542
vt 0.81150 0.48042
vt 0.81150 0.47458
vt 0.81066 0.47627
vt 0.15575 0.45708
vt 0.16079 0.45708
vt 0.15699 0.45875
vt 0.79112 0.03711
vt 0.77695 0.03375
vt 0.78321 0.04457
vt 0.77456 0.04590
vt 0.78959 0.04438
vt 0.79918 0.03375
vt 0.78806 0.06292
vt 0.78348 0.04946
vt 0.80059 0.05067
vt 0.77957 0.04659
vt 0.78852 0.04453
vt 0.91814 0.54292
vt 0.91071 0.54875
vt 0.90991 0.54292
vt 0.90890 0.54826
vt 0.11590 0.59618
vt 0.11891 0.60076
vt 0.11965 0.58713
vt 0.12729 0.59654
vt 0.12843 0.58625
vt 0.11183 0.59225
vt 0.11005 0.58625
vt 0.10746 0.58819
vt 0.10322 0.58861
vt 0.13391 0.59028
vt 0.13560 0.59838
vt 0.10034 0.58645
vt 0.12859 0.60375
vt 0.13159 0.60321
vt 0.66566 0.09777
vt 0.66083 0.08895
vt 0.65607 0.09445
vt 0.67105 0.09428
vt 0.67548 0.08692
vt 0.64212 0.08042
vt 0.63964 0.08242
vt 0.63073 0.08042
vt 0.62678 0.09474
vt 0.63914 0.08937
vt 0.63250 0.10125
vt 0.63787 0.10110
vt 0.45214 0.11710
vt 0.45550 0.13375
vt 0.45550 0.11542
vt 0.80982 0.45168
vt 0.80479 0.44715
vt 0.80982 0.44424
vt 0.80619 0.44375
vt 0.80766 0.45375
vt 0.37909 0.75708
vt 0.37687 0.74112
vt 0.37909 0.73625
vt 0.37406 0.73743
vt 0.40092 0.08542
vt 0.41183 0.08542
vt 0.40736 0.08690
vt 0.41184 0.08708
vt 0.72166 0.70292
vt 0.71946 0.70962
vt 0.71801 0.71042
vt 0.71159 0.70292
vt 0.78855 0.99257
vt 0.78044 0.98875
vt 0.78703 0.99464
vt 0.79176 0.99875
vt 0.80395 0.98875
vt 0.78563 0.99658
vt 0.93010 0.01208
vt 0.92233 0.00708
vt 0.93661 0.00708
vt 0.31192 0.30208
vt 0.33963 0.30208
vt 0.31963 0.30792
vt 0.90218 0.60875
vt 0.90218 0.59958
vt 0.89966 0.60199
vt 0.78631 0.96458
vt 0.78631 0.95125
vt 0.78296 0.95539
vt 0.69395 0.41604
vt 0.69815 0.40292
vt 0.69678 0.41602
vt 0.69815 0.42292
vt 0.95676 0.50465
vt 0.96910 0.49708
vt 0.95508 0.49708
vt 0.95340 0.50050
vt 0.96935 0.50625
vt 0.45130 0.14792
vt 0.44813 0.15292
vt 0.44039 0.14792
vt 0.40344 0.31292
vt 0.41184 0.31292
vt 0.40630 0.31542
vt 0.48069 0.34125
vt 0.48908 0.34125
vt 0.48439 0.34375
vt 0.57881 0.91510
vt 0.59152 0.91458
vt 0.58210 0.92042
vt 0.57305 0.91458
vt 0.94332 0.59375
vt 0.94332 0.58292
vt 0.94081 0.59280
vt 0.25735 0.64125
vt 0.25203 0.64375
vt 0.25063 0.64125
vt 0.46469 0.74308
vt 0.46893 0.75125
vt 0.46054 0.74782
vt 0.46893 0.74125
vt 0.46225 0.74355
vt 0.15501 0.05208
vt 0.14987 0.04958
vt 0.15743 0.04958
vt 0.79639 0.70313
vt 0.80059 0.70625
vt 0.80059 0.68542
vt 0.09026 0.73024
vt 0.09362 0.73398
vt 0.09131 0.73625
vt 0.09362 0.72708
vt 0.92737 0.99356
vt 0.93423 0.97875
vt 0.92776 0.97875
vt 0.93493 0.99542
vt 0.06805 0.48042
vt 0.06591 0.47625
vt 0.07482 0.47625
vt 0.07599 0.47871
vt 0.31131 0.66290
vt 0.30492 0.66341
vt 0.30677 0.66058
vt 0.30413 0.67125
vt 0.31192 0.65443
vt 0.30459 0.65292
vt 0.29009 0.65292
vt 0.31129 0.67004
vt 0.09813 0.50398
vt 0.13320 0.50875
vt 0.12264 0.50110
vt 0.16751 0.49875
vt 0.07935 0.49875
vt 0.08560 0.50276
vt 0.28086 0.77542
vt 0.28086 0.73792
vt 0.27498 0.74021
vt 0.97679 0.18460
vt 0.97202 0.19034
vt 0.96631 0.18643
vt 0.96599 0.17629
vt 0.97635 0.17791
vt 0.97943 0.15958
vt 0.97459 0.19033
vt 0.97894 0.18925
vt 0.97943 0.19542
vt 0.97141 0.19147
vt 0.96890 0.19124
vt 0.03371 0.51293
vt 0.01978 0.51694
vt 0.02946 0.52208
vt 0.03568 0.51292
vt 0.01805 0.51292
vt 0.41016 0.24458
vt 0.41250 0.24770
vt 0.41331 0.24629
vt 0.42527 0.24458
vt 0.41086 0.24792
vt 0.91826 0.32299
vt 0.92102 0.32153
vt 0.92100 0.32343
vt 0.92310 0.32476
vt 0.91310 0.32484
vt 0.92401 0.31708
vt 0.92401 0.32625
vt 0.30101 0.36042
vt 0.29681 0.36824
vt 0.30101 0.37042
vt 0.11388 0.06125
vt 0.10957 0.06042
vt 0.11713 0.06042
vt 0.31304 0.38875
vt 0.30772 0.38708
vt 0.31528 0.38708
vt 0.64106 0.21125
vt 0.64106 0.20458
vt 0.63938 0.20972
vt 0.97453 0.56284
vt 0.97523 0.57948
vt 0.96767 0.57674
vt 0.97523 0.54875
vt 0.97176 0.59042
vt 0.54512 0.81792
vt 0.54198 0.80958
vt 0.54870 0.80958
vt 0.79354 0.46738
vt 0.79462 0.46270
vt 0.80139 0.46562
vt 0.80563 0.47625
vt 0.79082 0.46100
vt 0.78717 0.44786
vt 0.79381 0.42767
vt 0.79826 0.44607
vt 0.80340 0.43945
vt 0.79638 0.45468
vt 0.80325 0.42746
vt 0.77708 0.45367
vt 0.80254 0.44658
vt 0.78365 0.42392
vt 0.80341 0.44365
vt 0.80563 0.41591
vt 0.80082 0.40792
vt 0.85013 0.97822
vt 0.85768 0.98208
vt 0.85768 0.97458
vt 0.79219 0.35579
vt 0.79807 0.35708
vt 0.79807 0.35042
vt 0.54870 0.81432
vt 0.55122 0.81958
vt 0.55122 0.81125
vt 0.58072 0.89392
vt 0.58153 0.90615
vt 0.58421 0.89884
vt 0.58816 0.90977
vt 0.58816 0.89247
vt 0.58060 0.91042
vt 0.58780 0.88875
vt 0.48069 0.28458
vt 0.48825 0.28458
vt 0.48141 0.29042
vt 0.91929 0.97719
vt 0.93325 0.96458
vt 0.91200 0.97318
vt 0.91655 0.97792
vt 0.90806 0.96458
vt 0.73258 0.78208
vt 0.72847 0.79125
vt 0.72082 0.78208
vt 0.62930 0.31458
vt 0.60579 0.31458
vt 0.61716 0.32511
vt 0.61443 0.33542
vt 0.08942 0.99375
vt 0.11377 0.99375
vt 0.11244 0.99792
vt 0.08522 0.48125
vt 0.08120 0.48195
vt 0.08196 0.48375
vt 0.05668 0.48125
vt 0.89005 0.11490
vt 0.92485 0.09042
vt 0.90740 0.12375
vt 0.88791 0.09042
vt 0.96746 0.85625
vt 0.95424 0.84125
vt 0.97355 0.84125
vt 0.70765 0.08792
vt 0.70151 0.08292
vt 0.71243 0.08292
vt 0.14109 0.04121
vt 0.15652 0.04539
vt 0.12915 0.04958
vt 0.12541 0.04747
vt 0.11713 0.03875
vt 0.15995 0.03875
vt 0.03065 0.94625
vt 0.03065 0.93875
vt 0.02897 0.94401
vt 0.50840 0.01125
vt 0.47901 0.01125
vt 0.48433 0.01542
vt 0.48054 0.01340
vt 0.31444 0.37958
vt 0.32620 0.37958
vt 0.32387 0.38125
vt 0.67115 0.48674
vt 0.66291 0.48955
vt 0.66762 0.49464
vt 0.66364 0.49542
vt 0.66081 0.49350
vt 0.67212 0.48375
vt 0.65785 0.48375
vt 0.28254 0.19125
vt 0.28119 0.18542
vt 0.27602 0.19090
vt 0.26826 0.18542
vt 0.34383 0.24292
vt 0.35139 0.24292
vt 0.34711 0.24875
vt 0.00594 0.27914
vt 0.00490 0.29717
vt 0.01055 0.29350
vt 0.01217 0.28127
vt 0.01217 0.29792
vt 0.00256 0.29008
vt 0.00042 0.28765
vt 0.00719 0.27625
vt 0.38833 0.15208
vt 0.38451 0.15458
vt 0.38161 0.15208
vt 0.47852 0.00042
vt 0.47503 0.00506
vt 0.47680 0.00708
vt 0.46725 0.00042
vt 0.48153 0.00285
vt 0.46831 0.00652
vt 0.68556 0.23034
vt 0.67789 0.23051
vt 0.67998 0.23279
vt 0.68332 0.22542
vt 0.68556 0.23542
vt 0.67406 0.23518
vt 0.67380 0.23150
vt 0.66944 0.44648
vt 0.66670 0.45292
vt 0.66518 0.44674
vt 0.65953 0.43632
vt 0.66562 0.43928
vt 0.67107 0.45086
vt 0.66288 0.44806
vt 0.66977 0.43823
vt 0.67637 0.45085
vt 0.69144 0.44365
vt 0.68946 0.42871
vt 0.67484 0.42397
vt 0.68106 0.41633
vt 0.68204 0.39688
vt 0.69144 0.39237
vt 0.68236 0.38141
vt 0.68600 0.37782
vt 0.67955 0.38881
vt 0.67718 0.38406
vt 0.67926 0.37114
vt 0.67974 0.36458
vt 0.01553 0.67420
vt 0.02477 0.66958
vt 0.02477 0.68625
vt 0.01681 0.67160
vt 0.50840 0.09292
vt 0.50358 0.09625
vt 0.50015 0.10125
vt 0.50000 0.09292
vt 0.15368 0.82625
vt 0.14987 0.82625
vt 0.15326 0.83042
vt 0.16415 0.82998
vt 0.22040 0.69125
vt 0.22040 0.68792
vt 0.21788 0.69090
vt 0.64526 0.14473
vt 0.64777 0.14875
vt 0.64777 0.14375
vt 0.96767 0.73875
vt 0.96767 0.73375
vt 0.96516 0.73616
vt 0.88436 0.60625
vt 0.88119 0.60375
vt 0.88455 0.60375
vt 0.99874 0.14958
vt 0.99377 0.16262
vt 0.99650 0.16134
vt 0.99874 0.16292
vt 0.99370 0.15930
vt 0.64439 0.58081
vt 0.64274 0.56244
vt 0.64845 0.56798
vt 0.64861 0.55529
vt 0.64298 0.55593
vt 0.64445 0.55208
vt 0.64861 0.58277
vt 0.64467 0.58542
vt 0.99370 0.31592
vt 0.99202 0.31751
vt 0.99370 0.32875
vt 0.99294 0.29708
vt 0.06134 0.84208
vt 0.09362 0.83792
vt 0.06078 0.83792
vt 0.03568 0.83998
vt 0.98783 0.17708
vt 0.98783 0.15208
vt 0.98195 0.17063
vt 0.30353 0.66542
vt 0.29739 0.67208
vt 0.28841 0.66542
vt 0.02012 0.31038
vt 0.01226 0.32168
vt 0.03206 0.31428
vt 0.01020 0.30890
vt 0.02020 0.32117
vt 0.01897 0.33279
vt 0.04240 0.30458
vt 0.00573 0.30458
vt 0.00595 0.32594
vt 0.00126 0.33625
vt 0.00687 0.31140
vt 0.68304 0.80625
vt 0.68304 0.82208
vt 0.67800 0.81814
vt 0.14819 0.66684
vt 0.13896 0.66375
vt 0.14024 0.66702
vt 0.14784 0.66375
vt 0.14393 0.66875
vt 0.44259 0.11238
vt 0.43730 0.11708
vt 0.43969 0.11208
vt 0.42611 0.11208
vt 0.44878 0.11295
vt 0.33375 0.15693
vt 0.33627 0.16042
vt 0.33627 0.15292
vt 0.43625 0.77375
vt 0.43871 0.77031
vt 0.43619 0.76981
vt 0.43871 0.76708
vt 0.30789 0.68875
vt 0.29900 0.68875
vt 0.30248 0.69375
vt 0.30940 0.69131
vt 0.29849 0.69198
vt 0.50222 0.23125
vt 0.49854 0.23468
vt 0.51259 0.23126
vt 0.50737 0.23708
vt 0.49832 0.23126
vt 0.17170 0.00042
vt 0.18514 0.00042
vt 0.17790 0.00458
vt 0.11965 0.23509
vt 0.10369 0.23125
vt 0.11743 0.23125
vt 0.11589 0.23625
vt 0.22499 0.84488
vt 0.21522 0.84617
vt 0.22395 0.84218
vt 0.20613 0.84125
vt 0.22880 0.84125
vt 0.22017 0.85042
vt 0.21473 0.84799
vt 0.95004 0.19550
vt 0.95635 0.21623
vt 0.95270 0.21919
vt 0.95676 0.19208
vt 0.95210 0.23958
vt 0.95676 0.23917
vt 0.73594 0.46875
vt 0.73090 0.44281
vt 0.73594 0.44125
vt 0.73203 0.46692
vt 0.19340 0.19301
vt 0.19723 0.19333
vt 0.19361 0.19191
vt 0.21453 0.18875
vt 0.18766 0.18875
vt 0.19089 0.19307
vt 0.19202 0.19375
vt 0.34971 0.82125
vt 0.35642 0.82125
vt 0.35221 0.82208
vt 0.58178 0.36964
vt 0.58631 0.37692
vt 0.57834 0.37149
vt 0.59395 0.36075
vt 0.60394 0.35875
vt 0.58358 0.39038
vt 0.56753 0.37619
vt 0.59131 0.35954
vt 0.58259 0.36545
vt 0.54182 0.37251
vt 0.61094 0.36247
vt 0.59816 0.38120
vt 0.61386 0.36550
vt 0.61755 0.36277
vt 0.58857 0.39542
vt 0.55320 0.37031
vt 0.54347 0.36464
vt 0.51931 0.35875
vt 0.65602 0.00937
vt 0.65113 0.00894
vt 0.65614 0.01002
vt 0.65670 0.00792
vt 0.65677 0.00931
vt 0.65882 0.00950
vt 0.66205 0.00792
vt 0.66052 0.01042
vt 0.05919 0.01375
vt 0.05909 0.01875
vt 0.05500 0.01375
vt 0.85643 0.08134
vt 0.86243 0.06542
vt 0.84899 0.07546
vt 0.83788 0.06542
vt 0.86309 0.06955
vt 0.86499 0.07277
vt 0.83884 0.07946
vt 0.83265 0.08069
vt 0.82954 0.07897
vt 0.82074 0.07825
vt 0.84195 0.08292
vt 0.86608 0.07267
vt 0.86541 0.06746
vt 0.76700 0.15875
vt 0.76955 0.16424
vt 0.77372 0.15875
vt 0.77056 0.16458
vt 0.49278 0.77064
vt 0.49321 0.76921
vt 0.49496 0.76875
vt 0.48992 0.77628
vt 0.49496 0.78208
vt 0.49158 0.77117
vt 0.02398 0.98083
vt 0.02393 0.98003
vt 0.02561 0.98125
vt 0.02561 0.97458
vt 0.95088 0.04208
vt 0.94516 0.04292
vt 0.94500 0.04208
vt 0.35587 0.71327
vt 0.35726 0.71542
vt 0.35726 0.70958
vt 0.35558 0.71493
vt 0.20024 0.01864
vt 0.19857 0.01836
vt 0.20025 0.01958
vt 0.20025 0.01708
vt 0.67884 0.39125
vt 0.67632 0.39575
vt 0.67884 0.39792
vt 0.98069 0.84542
vt 0.98146 0.84683
vt 0.98615 0.84542
vt 0.97943 0.84542
vt 0.98153 0.84792
vt 0.67626 0.96123
vt 0.68104 0.96208
vt 0.67678 0.95979
vt 0.68892 0.95958
vt 0.67045 0.95958
vt 0.57131 0.52542
vt 0.56633 0.52375
vt 0.57305 0.52375
vt 0.32788 0.81042
vt 0.33123 0.81042
vt 0.32936 0.81208
vt 0.57783 0.11753
vt 0.58724 0.12191
vt 0.58803 0.11092
vt 0.57874 0.10292
vt 0.61204 0.10616
vt 0.61123 0.12991
vt 0.59079 0.13125
vt 0.56717 0.12907
vt 0.57397 0.11363
vt 0.57178 0.10845
vt 0.61503 0.10292
vt 0.91105 0.81091
vt 0.91982 0.79589
vt 0.91370 0.81049
vt 0.91982 0.83125
vt 0.91191 0.82349
vt 0.91048 0.80627
vt 0.90974 0.80793
vt 0.91390 0.79754
vt 0.91418 0.79125
vt 0.10745 0.17862
vt 0.14736 0.17541
vt 0.14678 0.17375
vt 0.11454 0.17430
vt 0.08546 0.17462
vt 0.07682 0.17958
vt 0.07120 0.17407
vt 0.06423 0.17375
vt 0.93493 0.80750
vt 0.93812 0.80641
vt 0.93829 0.81375
vt 0.93829 0.80292
vt 0.05558 0.26043
vt 0.05906 0.26068
vt 0.05740 0.25919
vt 0.04576 0.25625
vt 0.07263 0.25625
vt 0.06859 0.26292
vt 0.71597 0.52861
vt 0.71934 0.52822
vt 0.72082 0.53090
vt 0.71411 0.49268
vt 0.71796 0.49581
vt 0.72082 0.46672
vt 0.72042 0.56542
vt 0.71805 0.46208
vt 0.71570 0.55185
vt 0.13665 0.77458
vt 0.12636 0.76875
vt 0.15025 0.76875
vt 0.14302 0.77425
vt 0.15743 0.77327
vt 0.46138 0.76864
vt 0.44957 0.79532
vt 0.44743 0.77747
vt 0.46138 0.78357
vt 0.45094 0.80308
vt 0.44386 0.76661
vt 0.44794 0.74942
vt 0.44319 0.78950
vt 0.45714 0.72958
vt 0.44883 0.73062
vt 0.43955 0.77726
vt 0.44093 0.77993
vt 0.44938 0.80293
vt 0.44958 0.80542
vt 0.27847 0.71551
vt 0.27802 0.70958
vt 0.27918 0.71255
vt 0.27409 0.72131
vt 0.27585 0.71005
vt 0.27316 0.71066
vt 0.27081 0.71216
vt 0.26878 0.71455
vt 0.26828 0.71558
vt 0.26646 0.71760
vt 0.26806 0.71431
vt 0.26754 0.71488
vt 0.26592 0.72254
vt 0.25671 0.72999
vt 0.26794 0.73860
vt 0.26009 0.74087
vt 0.26163 0.76497
vt 0.25121 0.73784
vt 0.24139 0.75188
vt 0.24655 0.74360
vt 0.27507 0.76315
vt 0.27918 0.77958
vt 0.27066 0.72949
vt 0.89631 0.17292
vt 0.89882 0.17292
vt 0.89798 0.17458
vt 0.12305 0.35525
vt 0.12579 0.35110
vt 0.13980 0.35174
vt 0.12713 0.35030
vt 0.12378 0.34875
vt 0.09296 0.36563
vt 0.10720 0.37248
vt 0.09498 0.37402
vt 0.10049 0.38111
vt 0.10767 0.38757
vt 0.09622 0.35356
vt 0.11724 0.38349
vt 0.12630 0.40514
vt 0.13980 0.41542
vt 0.09099 0.34986
vt 0.08618 0.35518
vt 0.08186 0.34941
vt 0.10510 0.35169
vt 0.10178 0.35489
vt 0.71381 0.54851
vt 0.71404 0.57759
vt 0.70991 0.57359
vt 0.71411 0.60792
vt 0.71059 0.53820
vt 0.71411 0.51542
vt 0.70993 0.60389
vt 0.33511 0.02082
vt 0.35311 0.02708
vt 0.35468 0.01875
vt 0.33214 0.02586
vt 0.36650 0.02355
vt 0.32704 0.02029
vt 0.34135 0.01875
vt 0.12885 0.29458
vt 0.12501 0.29151
vt 0.11629 0.29099
vt 0.12295 0.28958
vt 0.13140 0.28958
vt 0.27870 0.02952
vt 0.27952 0.02229
vt 0.27589 0.02520
vt 0.28086 0.02958
vt 0.28086 0.01958
vt 0.26994 0.02369
vt 0.04072 0.59958
vt 0.04072 0.61292
vt 0.03807 0.60491
vt 0.03317 0.60541
vt 0.03422 0.61012
vt 0.22139 0.12671
vt 0.19200 0.14138
vt 0.22138 0.13529
vt 0.19320 0.12426
vt 0.22068 0.14292
vt 0.17590 0.13232
vt 0.18026 0.12375
vt 0.23380 0.14254
vt 0.22696 0.12504
vt 0.23468 0.12375
vt 0.97859 0.43174
vt 0.97271 0.43231
vt 0.97825 0.42979
vt 0.97382 0.40875
vt 0.97627 0.44360
vt 0.97859 0.45042
vt 0.82045 0.03269
vt 0.82550 0.02646
vt 0.81843 0.02393
vt 0.82112 0.02067
vt 0.83451 0.03277
vt 0.83501 0.02890
vt 0.81703 0.02042
vt 0.80590 0.02042
vt 0.80696 0.03292
vt 0.80143 0.03237
vt 0.25147 0.49625
vt 0.24362 0.50208
vt 0.23971 0.49625
vt 0.47749 0.40300
vt 0.48237 0.42042
vt 0.47649 0.41545
vt 0.47804 0.39015
vt 0.48237 0.40208
vt 0.48017 0.37375
vt 0.99118 0.86807
vt 0.99706 0.87208
vt 0.99161 0.85625
vt 0.99695 0.88458
vt 0.99695 0.86218
vt 0.62930 0.74208
vt 0.62930 0.73542
vt 0.62762 0.73712
vt 0.80311 0.77602
vt 0.81966 0.77976
vt 0.83092 0.77775
vt 0.81672 0.78542
vt 0.80965 0.77208
vt 0.85432 0.77208
vt 0.79387 0.33499
vt 0.79911 0.33252
vt 0.80143 0.33792
vt 0.80143 0.33208
vt 0.02477 0.74071
vt 0.02729 0.74292
vt 0.02729 0.73542
vt 0.07596 0.49875
vt 0.07515 0.49458
vt 0.07935 0.49458
vt 0.99622 0.48261
vt 0.99874 0.48625
vt 0.99874 0.48125
vt 0.68136 0.28625
vt 0.68136 0.28208
vt 0.67968 0.28458
vt 0.19524 0.67708
vt 0.20340 0.67775
vt 0.20332 0.68042
vt 0.20613 0.67708
vt 0.18430 0.67963
vt 0.74265 0.34042
vt 0.74265 0.33542
vt 0.73846 0.33756
vt 0.46859 0.09367
vt 0.46831 0.08793
vt 0.48927 0.09393
vt 0.45692 0.09086
vt 0.46423 0.10375
vt 0.47474 0.10091
vt 0.46199 0.08408
vt 0.45318 0.08552
vt 0.45399 0.08208
vt 0.45130 0.08212
vt 0.47929 0.10148
vt 0.49916 0.09690
vt 0.49504 0.08822
vt 0.47815 0.08920
vt 0.47209 0.08212
vt 0.46945 0.08703
vt 0.49490 0.10273
vt 0.46717 0.08313
vt 0.22712 0.65458
vt 0.22208 0.65964
vt 0.22712 0.66542
vt 0.92933 0.10025
vt 0.93577 0.11533
vt 0.92698 0.10903
vt 0.93577 0.09708
vt 0.92947 0.11958
vt 0.92317 0.11156
vt 0.92697 0.10283
vt 0.38161 0.28139
vt 0.38329 0.28708
vt 0.38329 0.27958
vt 0.26565 0.24521
vt 0.26910 0.23848
vt 0.26910 0.24972
vt 0.26171 0.25135
vt 0.26154 0.24757
vt 0.26345 0.23625
vt 0.26819 0.24010
vt 0.26779 0.25449
vt 0.26340 0.25542
vt 0.68892 0.90317
vt 0.69607 0.91194
vt 0.69099 0.91164
vt 0.69779 0.94420
vt 0.69728 0.89697
vt 0.70040 0.93330
vt 0.70319 0.97292
vt 0.69794 0.88208
vt 0.70319 0.87292
vt 0.95251 0.04637
vt 0.95013 0.05226
vt 0.95134 0.04662
vt 0.95172 0.05708
vt 0.95760 0.05375
vt 0.95760 0.04042
vt 0.95262 0.04265
vt 0.95091 0.04525
vt 0.95004 0.04938
vt 0.95089 0.04593
vt 0.95055 0.05508
vt 0.65029 0.63958
vt 0.65029 0.63708
vt 0.64945 0.63785
vt 0.48069 0.57625
vt 0.48042 0.57792
vt 0.47985 0.57758
vt 0.47901 0.57625
vt 0.09362 0.19875
vt 0.09362 0.19708
vt 0.09278 0.19828
vt 0.58144 0.99774
vt 0.58312 0.99875
vt 0.58312 0.99708
vt 0.00000 1.00000
vt 0.00000 1.00000
vt 0.00000 1.00000
vt 0.00000 1.00000
vt 0.00000 1.00000
vt 0.00000 1.00000
vt 0.00000 1.00000
vt 0.00000 1.00000
vt 0.00000 1.00000
vt 0.00000 1.00000
vt 0.00000 1.00000
vt 0.00000 1.00000
vt 0.00000 1.00000
vt 0.00000 1.00000
vt 0.00000 1.00000
vt 0.00000 1.00000
vt 0.00000 1.00000
vt 0.00000 1.00000
vt 0.00000 1.00000
vt 0.00000 1.00000
vt 0.00000 1.00000
vt 0.00000 1.00000
vt 0.00000 1.00000
vt 0.00000 1.00000
vt 0.67931 0.45208
vt 0.67884 0.45260
vt 0.67968 0.45232
vt 0.67931 0.45292
vt 0.00000 1.00000
vt 0.00000 1.00000
vt 0.00000 1.00000
vt 0.00000 1.00000
vt 0.42024 0.28745
vt 0.41940 0.28708
vt 0.41940 0.28792
vt 0.00000 1.00000
vt 0.00000 1.00000
vt 0.00000 1.00000
vt 0.00000 1.00000
vt 0.00000 1.00000
vt 0.00000 1.00000
vt 0.00000 1.00000
vt 0.41184 0.67708
vt 0.41100 0.67708
vt 0.41168 0.67625
vt 0.81066 0.72125
vt 0.81066 0.72042
vt 0.80982 0.72096
vt 0.52393 0.85292
vt 0.52435 0.85375
vt 0.52351 0.85375
vt 0.79891 0.01792
vt 0.79174 0.02023
vt 0.79810 0.02542
vt 0.79135 0.01792
vt 0.49244 0.19875
vt 0.50084 0.19875
vt 0.49679 0.20208
vt 0.02580 0.63303
vt 0.02779 0.63375
vt 0.02897 0.63033
vt 0.02434 0.62903
vt 0.02309 0.62458
vt 0.02897 0.62468
vt 0.26994 0.64625
vt 0.26750 0.64126
vt 0.26406 0.64193
vt 0.26994 0.63958
vt 0.97691 0.25934
vt 0.97976 0.24315
vt 0.98838 0.26128
vt 0.98349 0.26641
vt 0.98866 0.27208
vt 0.98840 0.24409
vt 0.98866 0.24143
vt 0.98142 0.23958
vt 0.45130 0.96774
vt 0.45718 0.97542
vt 0.45718 0.96708
vt 0.65827 0.05456
vt 0.65461 0.04543
vt 0.65194 0.04705
vt 0.65148 0.04058
vt 0.64847 0.04893
vt 0.65692 0.03458
vt 0.66732 0.05204
vt 0.66468 0.05728
vt 0.66961 0.06292
vt 0.65053 0.05657
vt 0.64274 0.05675
vt 0.64650 0.06205
vt 0.66495 0.03458
vt 0.26406 0.33542
vt 0.26207 0.34292
vt 0.25483 0.33542
vt 0.98783 0.35117
vt 0.98279 0.35385
vt 0.98500 0.35390
vt 0.98399 0.34958
vt 0.98783 0.36792
vt 0.15383 0.13708
vt 0.14621 0.13772
vt 0.15518 0.14011
vt 0.16331 0.13873
vt 0.16034 0.14242
vt 0.14689 0.14458
vt 0.13728 0.13708
vt 0.84919 0.37069
vt 0.84257 0.35984
vt 0.85864 0.35076
vt 0.86188 0.35042
vt 0.85947 0.36664
vt 0.85530 0.37458
vt 0.86188 0.37421
vt 0.84727 0.66869
vt 0.84761 0.69857
vt 0.84166 0.68525
vt 0.84158 0.65944
vt 0.83477 0.65107
vt 0.84761 0.64042
vt 0.83458 0.68209
vt 0.82242 0.68309
vt 0.83859 0.69027
vt 0.84670 0.70375
vt 0.89463 0.35375
vt 0.87797 0.38376
vt 0.88558 0.35766
vt 0.88230 0.38312
vt 0.87371 0.39202
vt 0.86608 0.37393
vt 0.88402 0.39926
vt 0.89463 0.40125
vt 0.89310 0.37268
vt 0.61335 0.12042
vt 0.61920 0.12907
vt 0.62651 0.12042
vt 0.61391 0.12751
vt 0.62693 0.12416
vt 0.61638 0.12958
vt 0.62930 0.12279
vt 0.08695 0.39125
vt 0.08948 0.37869
vt 0.09194 0.39117
vt 0.08297 0.38941
vt 0.09194 0.36948
vt 0.08884 0.36606
vt 0.07839 0.37523
vt 0.08348 0.36584
vt 0.08540 0.36375
vt 0.07944 0.36965
vt 0.07767 0.37270
vt 0.63770 0.06292
vt 0.64694 0.06292
vt 0.64129 0.06375
vt 0.32773 0.33939
vt 0.33429 0.33874
vt 0.33031 0.33625
vt 0.33108 0.34542
vt 0.35642 0.33625
vt 0.32620 0.33652
vt 0.18178 0.25375
vt 0.18828 0.25708
vt 0.19353 0.25375
vt 0.18426 0.25642
vt 0.00462 0.01112
vt 0.00714 0.00375
vt 0.00714 0.01252
vt 0.00551 0.01458
vt 0.61330 0.18958
vt 0.58750 0.19037
vt 0.59662 0.20708
vt 0.62175 0.19701
vt 0.58565 0.20197
vt 0.57725 0.18958
vt 0.75668 0.48678
vt 0.77456 0.49165
vt 0.77044 0.51208
vt 0.77043 0.48657
vt 0.75155 0.45779
vt 0.77238 0.47452
vt 0.76734 0.44714
vt 0.74517 0.47139
vt 0.77456 0.43625
vt 0.22638 0.36827
vt 0.22796 0.36625
vt 0.22210 0.36875
vt 0.21620 0.36625
vt 0.13778 0.09333
vt 0.12933 0.09099
vt 0.13356 0.09923
vt 0.12033 0.09500
vt 0.13030 0.08958
vt 0.10453 0.09823
vt 0.14403 0.09500
vt 0.15071 0.08958
vt 0.13695 0.10375
vt 0.14477 0.10180
vt 0.79944 0.92338
vt 0.79891 0.91339
vt 0.80475 0.90289
vt 0.80486 0.89689
vt 0.81150 0.91345
vt 0.80212 0.88875
vt 0.81150 0.92542
vt 0.57473 0.03125
vt 0.58984 0.03125
vt 0.58076 0.03458
vt 0.07431 0.11125
vt 0.07072 0.12125
vt 0.05500 0.11125
vt 0.05511 0.11820
vt 0.07514 0.07373
vt 0.07254 0.06451
vt 0.05971 0.06613
vt 0.08830 0.06512
vt 0.06308 0.06372
vt 0.06570 0.07708
vt 0.09294 0.07094
vt 0.10118 0.06292
vt 0.05500 0.06675
vt 0.06181 0.06292
vt 0.70736 0.80835
vt 0.70235 0.80659
vt 0.70423 0.79542
vt 0.70253 0.79867
vt 0.70516 0.81805
vt 0.70907 0.82042
vt 0.70907 0.79729
vt 0.59820 0.48138
vt 0.60150 0.48226
vt 0.59773 0.48566
vt 0.59074 0.48253
vt 0.59473 0.49140
vt 0.58461 0.49670
vt 0.58553 0.50782
vt 0.59936 0.47906
vt 0.56879 0.50378
vt 0.57666 0.51375
vt 0.58123 0.46126
vt 0.59907 0.45047
vt 0.58488 0.48142
vt 0.57984 0.43761
vt 0.59878 0.43375
vt 0.60388 0.45645
vt 0.61044 0.45163
vt 0.61695 0.43413
vt 0.62762 0.44217
vt 0.57393 0.44389
vt 0.62232 0.46042
vt 0.57391 0.45758
vt 0.57496 0.48949
vt 0.60658 0.48066
vt 0.60144 0.49394
vt 0.61654 0.48094
vt 0.61124 0.49341
vt 0.61586 0.46928
vt 0.60852 0.47457
vt 0.61401 0.47603
vt 0.61799 0.47076
vt 0.61838 0.47372
vt 0.61976 0.47538
vt 0.58086 0.49573
vt 0.61528 0.49142
vt 0.62762 0.48926
vt 0.56858 0.46229
vt 0.56549 0.48035
vt 0.57046 0.43973
vt 0.56933 0.50205
vt 0.57438 0.44219
vt 0.83588 0.11232
vt 0.84799 0.10458
vt 0.83216 0.11979
vt 0.79555 0.10458
vt 0.84458 0.12125
vt 0.85348 0.10915
vt 0.92517 0.59305
vt 0.92219 0.61527
vt 0.93241 0.58894
vt 0.93241 0.61054
vt 0.92253 0.62125
vt 0.92501 0.57708
vt 0.91898 0.60318
vt 0.36760 0.10914
vt 0.35197 0.11423
vt 0.36701 0.11792
vt 0.35276 0.10792
vt 0.40092 0.10792
vt 0.33711 0.11221
vt 0.97691 0.45292
vt 0.96767 0.47387
vt 0.97691 0.49292
vt 0.36667 0.30245
vt 0.35861 0.31767
vt 0.35569 0.30405
vt 0.36249 0.29188
vt 0.35061 0.32346
vt 0.37406 0.28875
vt 0.36925 0.31753
vt 0.36497 0.33553
vt 0.34760 0.30023
vt 0.34299 0.31246
vt 0.37406 0.34042
vt 0.37252 0.31469
vt 0.89547 0.36772
vt 0.89624 0.35867
vt 0.90302 0.36132
vt 0.90302 0.38208
vt 0.89595 0.35542
vt 0.07241 0.55958
vt 0.07531 0.54958
vt 0.06622 0.54958
vt 0.05080 0.55277
vt 0.08102 0.55392
vt 0.96683 0.46865
vt 0.95004 0.48334
vt 0.96577 0.45958
vt 0.96683 0.49625
vt 0.86944 0.07622
vt 0.87460 0.07518
vt 0.87678 0.07769
vt 0.87783 0.07082
vt 0.87783 0.08958
vt 0.87659 0.06208
vt 0.84509 0.81006
vt 0.84929 0.81375
vt 0.84929 0.80625
vt 0.36986 0.81669
vt 0.37322 0.82125
vt 0.37322 0.81625
vt 0.92546 0.20625
vt 0.90806 0.20208
vt 0.92737 0.20208
vt 0.98699 0.51197
vt 0.99286 0.51292
vt 0.99286 0.50792
vt 0.68472 0.76542
vt 0.68472 0.80708
vt 0.67907 0.78204
vt 0.67694 0.79129
vt 0.67548 0.77661
vt 0.08354 0.47708
vt 0.12385 0.47708
vt 0.10551 0.48208
vt 0.57556 0.17810
vt 0.57161 0.18208
vt 0.57561 0.18175
vt 0.58668 0.18020
vt 0.59236 0.16708
vt 0.54954 0.16708
vt 0.17220 0.09949
vt 0.17377 0.08342
vt 0.15913 0.09290
vt 0.15953 0.10069
vt 0.16216 0.10375
vt 0.17652 0.09902
vt 0.18463 0.08726
vt 0.18934 0.07958
vt 0.15917 0.08485
vt 0.14646 0.08275
vt 0.15780 0.09926
vt 0.18298 0.10274
vt 0.14847 0.07958
vt 0.14484 0.08358
vt 0.64274 0.70292
vt 0.64274 0.69542
vt 0.63938 0.70245
vt 0.13672 0.22125
vt 0.13980 0.21602
vt 0.13980 0.22102
vt 0.13392 0.21458
vt 0.00147 0.30581
vt 0.00153 0.30530
vt 0.00412 0.30618
vt 0.00546 0.31042
vt 0.00546 0.29958
vt 0.00126 0.30655
vt 0.82662 0.73724
vt 0.82578 0.73625
vt 0.82578 0.73792
vt 0.16696 0.79625
vt 0.15995 0.79042
vt 0.16751 0.79042
vt 0.24836 0.09693
vt 0.23494 0.09125
vt 0.24172 0.09893
vt 0.24423 0.10292
vt 0.22961 0.10022
vt 0.25567 0.09125
vt 0.22880 0.09411
vt 0.56187 0.23390
vt 0.54639 0.23879
vt 0.55917 0.24462
vt 0.54240 0.24810
vt 0.56841 0.25010
vt 0.51332 0.24175
vt 0.56228 0.23693
vt 0.57893 0.22625
vt 0.52371 0.25208
vt 0.57063 0.22492
vt 0.54433 0.22292
vt 0.54386 0.23020
vt 0.52959 0.22292
vt 0.50756 0.24831
vt 0.14510 0.72721
vt 0.14394 0.72771
vt 0.14849 0.72792
vt 0.13980 0.72375
vt 0.15659 0.72375
vt 0.04114 0.96355
vt 0.04576 0.96061
vt 0.04576 0.96458
vt 0.04072 0.95875
vt 0.97019 0.00042
vt 0.96516 0.00123
vt 0.97019 0.00375
vt 0.86440 0.72042
vt 0.86440 0.71542
vt 0.85936 0.71622
vt 0.36868 0.63040
vt 0.36631 0.62422
vt 0.36508 0.62746
vt 0.35464 0.63292
vt 0.35390 0.62719
vt 0.35425 0.62292
vt 0.37149 0.62984
vt 0.37281 0.62866
vt 0.37322 0.62427
vt 0.36858 0.62292
vt 0.09278 0.80800
vt 0.09658 0.80375
vt 0.10150 0.81042
vt 0.11797 0.80375
vt 0.50756 0.40057
vt 0.51008 0.40292
vt 0.51008 0.39708
vt 0.37154 0.43209
vt 0.38693 0.43708
vt 0.38146 0.42375
vt 0.41100 0.42375
vt 0.37097 0.42516
vt 0.35306 0.43288
vt 0.19521 0.32852
vt 0.20510 0.32904
vt 0.19901 0.32292
vt 0.20690 0.32292
vt 0.19903 0.33033
vt 0.20037 0.33542
vt 0.20949 0.32504
vt 0.20876 0.33340
vt 0.55112 0.29125
vt 0.54870 0.28875
vt 0.55877 0.28875
vt 0.70487 0.63221
vt 0.71243 0.63375
vt 0.71243 0.62708
vt 0.29265 0.82523
vt 0.29308 0.82708
vt 0.29812 0.82574
vt 0.29855 0.82208
vt 0.30017 0.82696
vt 0.28673 0.82208
vt 0.37835 0.04391
vt 0.38222 0.03606
vt 0.37621 0.03813
vt 0.36986 0.04382
vt 0.37297 0.03725
vt 0.38941 0.04625
vt 0.41016 0.03292
vt 0.37673 0.03591
vt 0.38152 0.03292
vt 0.74097 0.57875
vt 0.73426 0.59081
vt 0.73755 0.57921
vt 0.74097 0.60625
vt 0.81066 0.55292
vt 0.80396 0.55458
vt 0.80227 0.55292
vt 0.67716 0.37625
vt 0.67465 0.37875
vt 0.67045 0.37625
vt 0.18682 0.93542
vt 0.18495 0.93708
vt 0.18178 0.93542
vt 0.04157 0.84208
vt 0.03374 0.84358
vt 0.03624 0.84564
vt 0.05248 0.84491
vt 0.03810 0.84792
vt 0.03317 0.84208
vt 0.97439 0.26208
vt 0.97187 0.26358
vt 0.97439 0.26625
vt 0.49229 0.05704
vt 0.50160 0.04969
vt 0.50613 0.05791
vt 0.51206 0.05648
vt 0.49133 0.04926
vt 0.51931 0.05266
vt 0.50330 0.03375
vt 0.51298 0.03697
vt 0.49509 0.03375
vt 0.49076 0.05733
vt 0.49339 0.05875
vt 0.86944 0.05958
vt 0.87364 0.05958
vt 0.87337 0.06208
vt 0.99958 0.04375
vt 0.99958 0.05708
vt 0.99454 0.04483
vt 0.99645 0.05675
vt 0.72334 0.19042
vt 0.72334 0.18625
vt 0.72082 0.18867
vt 0.65113 0.71546
vt 0.64259 0.72501
vt 0.63526 0.71009
vt 0.63541 0.71647
vt 0.63752 0.70458
vt 0.63400 0.70686
vt 0.64877 0.73168
vt 0.65113 0.74125
vt 0.63844 0.72731
vt 0.63350 0.72381
vt 0.39882 0.93550
vt 0.40567 0.93266
vt 0.39505 0.93042
vt 0.40027 0.93958
vt 0.39779 0.93621
vt 0.40680 0.93042
vt 0.28589 0.87781
vt 0.28053 0.88629
vt 0.28099 0.87904
vt 0.28589 0.89458
vt 0.27770 0.89187
vt 0.27750 0.87625
vt 0.27809 0.88454
vt 0.01469 0.63035
vt 0.01045 0.64599
vt 0.00042 0.63904
vt 0.01279 0.65147
vt 0.01469 0.65208
vt 0.00937 0.61542
vt 0.93073 0.09208
vt 0.92653 0.09507
vt 0.93073 0.09792
vt 0.42779 0.19599
vt 0.43283 0.19708
vt 0.43283 0.19542
vt 0.48657 0.04708
vt 0.48249 0.05042
vt 0.47733 0.04708
vt 0.52183 0.84707
vt 0.52528 0.83148
vt 0.52992 0.83627
vt 0.52356 0.84877
vt 0.53023 0.85458
vt 0.53023 0.83042
vt 0.77276 0.87984
vt 0.77360 0.88469
vt 0.77248 0.88622
vt 0.78128 0.87708
vt 0.77036 0.87933
vt 0.78128 0.90375
vt 0.83249 0.39170
vt 0.82400 0.41452
vt 0.82282 0.39141
vt 0.82704 0.37990
vt 0.82943 0.41109
vt 0.83249 0.41570
vt 0.83047 0.42479
vt 0.82814 0.43375
vt 0.81318 0.39258
vt 0.82642 0.36792
vt 0.81762 0.37538
vt 0.81424 0.41821
vt 0.10079 0.19349
vt 0.13221 0.19458
vt 0.12474 0.18902
vt 0.10511 0.18706
vt 0.13714 0.18375
vt 0.09266 0.18375
vt 0.08102 0.18577
vt 0.15575 0.18706
vt 0.12808 0.18474
vt 0.40176 0.78057
vt 0.41100 0.79708
vt 0.41100 0.78042
vt 0.16667 0.82292
vt 0.16622 0.82708
vt 0.16163 0.82292
vt 0.51847 0.09458
vt 0.51595 0.09553
vt 0.51847 0.10042
vt 0.29325 0.43978
vt 0.27582 0.43792
vt 0.29562 0.44375
vt 0.32620 0.43792
vt 0.77540 0.10458
vt 0.77540 0.07458
vt 0.77132 0.09590
vt 0.77036 0.10194
vt 0.80898 0.34042
vt 0.79343 0.34792
vt 0.78463 0.34042
vt 0.53862 0.10542
vt 0.55038 0.10542
vt 0.54416 0.10708
vt 0.45886 0.54315
vt 0.46138 0.54625
vt 0.46138 0.54125
vt 0.88718 0.88079
vt 0.88875 0.88758
vt 0.88798 0.88683
vt 0.88354 0.89304
vt 0.88549 0.90625
vt 0.88119 0.87953
vt 0.88875 0.84907
vt 0.88437 0.83792
vt 0.44725 0.91907
vt 0.45214 0.92792
vt 0.44710 0.91375
vt 0.45214 0.91393
vt 0.44751 0.92172
vt 0.11588 0.57958
vt 0.12133 0.57292
vt 0.11409 0.57763
vt 0.09530 0.57292
vt 0.07213 0.12421
vt 0.03233 0.12153
vt 0.07355 0.12941
vt 0.04396 0.11875
vt 0.07873 0.13542
vt 0.08861 0.13355
vt 0.09362 0.11875
vt 0.65197 0.72132
vt 0.65701 0.72458
vt 0.65346 0.72318
vt 0.65701 0.70875
vt 0.17699 0.38625
vt 0.19521 0.37958
vt 0.19236 0.38526
vt 0.17338 0.37958
vt 0.56196 0.69458
vt 0.55877 0.69292
vt 0.56633 0.69292
vt 0.85571 0.76036
vt 0.85166 0.75678
vt 0.85154 0.75177
vt 0.85312 0.76648
vt 0.85600 0.73042
vt 0.85600 0.76205
vt 0.84929 0.75814
vt 0.84941 0.77125
vt 0.86378 0.98826
vt 0.85851 0.98441
vt 0.86239 0.99033
vt 0.84681 0.98114
vt 0.86630 0.99135
vt 0.84606 0.97958
vt 0.86840 0.98794
vt 0.87615 0.99086
vt 0.86135 0.99375
vt 0.84593 0.98224
vt 0.86612 0.98264
vt 0.86288 0.98332
vt 0.86071 0.98056
vt 0.86702 0.97958
vt 0.30772 0.93058
vt 0.30017 0.93344
vt 0.30705 0.92708
vt 0.30772 0.94542
vt 0.25935 0.21664
vt 0.26154 0.23055
vt 0.25567 0.21441
vt 0.25818 0.25625
vt 0.26154 0.19958
vt 0.40428 0.91708
vt 0.40068 0.92208
vt 0.40015 0.92081
vt 0.39421 0.91708
vt 0.82759 0.01708
vt 0.82080 0.00958
vt 0.83317 0.00958
vt 0.80479 0.01471
vt 0.83501 0.01359
vt 0.22304 0.59042
vt 0.22942 0.59120
vt 0.22878 0.59245
vt 0.24139 0.59042
vt 0.22563 0.59458
vt 0.21872 0.59266
vt 0.94334 0.80652
vt 0.93997 0.80152
vt 0.94500 0.80418
vt 0.94463 0.80688
vt 0.94500 0.78626
vt 0.94431 0.79613
vt 0.94269 0.75625
vt 0.94106 0.80958
vt 0.16459 0.23742
vt 0.16283 0.25111
vt 0.15491 0.24698
vt 0.16047 0.23919
vt 0.16305 0.22625
vt 0.16595 0.24815
vt 0.16667 0.24341
vt 0.16667 0.25375
vt 0.16164 0.25133
vt 0.99370 0.14792
vt 0.99370 0.11292
vt 0.98866 0.13958
vt 0.88710 0.06174
vt 0.88145 0.06987
vt 0.88515 0.06923
vt 0.89272 0.07322
vt 0.89521 0.07010
vt 0.88677 0.07394
vt 0.88340 0.07458
vt 0.89466 0.05383
vt 0.86608 0.05208
vt 0.90302 0.05208
vt 0.00000 1.00000
vt 0.00000 1.00000
vt 0.00000 1.00000
vt 0.00000 1.00000
vt 0.00000 1.00000
vt 0.00000 1.00000
vt 0.00000 1.00000
vt 0.00000 1.00000
vt 0.00000 1.00000
vt 0.00000 1.00000
vt 0.16751 0.13208
vt 0.16835 0.13208
vt 0.16761 0.13292
vt 0.38245 0.25708
vt 0.38329 0.25699
vt 0.38329 0.25625
vt 0.00000 1.00000
vt 0.00000 1.00000
vt 0.00000 1.00000
vt 0.00000 1.00000
vt 0.00000 1.00000
vt 0.00000 1.00000
vt 0.00000 1.00000
vt 0.00000 1.00000
vt 0.00000 1.00000
vt 0.85936 0.27458
vt 0.85949 0.27389
vt 0.86020 0.27458
vt 0.85955 0.27375
vt 0.72764 0.04178
vt 0.72584 0.03743
vt 0.72159 0.04375
vt 0.71595 0.04135
vt 0.71075 0.03458
vt 0.71682 0.04317
vt 0.71119 0.04286
vt 0.74042 0.03458
vt 0.73899 0.03854
vt 0.75525 0.03560
vt 0.38917 0.89912
vt 0.38975 0.89342
vt 0.39253 0.89385
vt 0.39235 0.90208
vt 0.39235 0.88958
vt 0.77108 0.61708
vt 0.77070 0.61384
vt 0.76848 0.61208
vt 0.76616 0.61601
vt 0.77960 0.61208
vt 0.73304 0.73629
vt 0.73068 0.73528
vt 0.73426 0.74625
vt 0.73426 0.73208
vt 0.72418 0.74555
vt 0.10065 0.07183
vt 0.10537 0.07625
vt 0.09950 0.07510
vt 0.10537 0.06292
vt 0.90729 0.12627
vt 0.91394 0.12458
vt 0.89463 0.12458
vt 0.91093 0.12958
vt 0.91310 0.54968
vt 0.91562 0.55625
vt 0.91562 0.54792
vt 0.73904 0.44514
vt 0.75700 0.43500
vt 0.73767 0.43126
vt 0.75337 0.44828
vt 0.74013 0.45350
vt 0.75142 0.42478
vt 0.74212 0.41684
vt 0.76532 0.41307
vt 0.75030 0.41042
vt 0.71344 0.41042
vt 0.72186 0.42896
vt 0.71159 0.43065
vt 0.71967 0.44349
vt 0.71343 0.44774
vt 0.72470 0.46364
vt 0.72590 0.44428
vt 0.72882 0.46375
vt 0.18682 0.94875
vt 0.18051 0.95292
vt 0.17842 0.94875
vt 0.83182 0.60816
vt 0.83926 0.59707
vt 0.83562 0.61080
vt 0.82687 0.59925
vt 0.84291 0.61943
vt 0.85181 0.58792
vt 0.82662 0.60481
vt 0.85181 0.62625
vt 0.97583 0.99247
vt 0.97471 0.98792
vt 0.96991 0.98792
vt 0.96935 0.99213
vt 0.97691 0.98928
vt 0.97000 0.99375
vt 0.44360 0.49708
vt 0.44207 0.49292
vt 0.44626 0.49292
vt 0.11881 0.66958
vt 0.11881 0.66542
vt 0.11461 0.66694
vt 0.59464 0.92515
vt 0.59597 0.90291
vt 0.61104 0.91715
vt 0.61923 0.90013
vt 0.58316 0.86625
vt 0.60078 0.93024
vt 0.61453 0.93179
vt 0.61923 0.94040
vt 0.60556 0.87337
vt 0.61861 0.88711
vt 0.57535 0.92808
vt 0.60448 0.94093
vt 0.57840 0.94516
vt 0.57502 0.93423
vt 0.57006 0.94625
vt 0.57564 0.92251
vt 0.56300 0.92806
vt 0.55961 0.92659
vt 0.03680 0.35297
vt 0.04901 0.37775
vt 0.06259 0.36763
vt 0.04956 0.34656
vt 0.06512 0.35741
vt 0.08438 0.35744
vt 0.07230 0.37247
vt 0.07352 0.34575
vt 0.02057 0.37495
vt 0.00798 0.33708
vt 0.02908 0.34064
vt 0.05076 0.34286
vt 0.03687 0.39125
vt 0.06097 0.37069
vt 0.06484 0.38766
vt 0.05339 0.38245
vt 0.06107 0.33708
vt 0.50108 0.65449
vt 0.50420 0.62958
vt 0.49664 0.65417
vt 0.50420 0.66625
vt 0.04040 0.76367
vt 0.04576 0.75062
vt 0.04576 0.77361
vt 0.02990 0.74989
vt 0.04557 0.78042
vt 0.02860 0.72958
vt 0.03240 0.76965
vt 0.02393 0.75779
vt 0.04442 0.10023
vt 0.04788 0.09176
vt 0.03906 0.09978
vt 0.03437 0.09521
vt 0.02309 0.09042
vt 0.05251 0.10307
vt 0.03339 0.09761
vt 0.06369 0.10440
vt 0.07263 0.09042
vt 0.02867 0.09406
vt 0.06281 0.11042
vt 0.07116 0.10973
vt 0.08606 0.14958
vt 0.07347 0.14958
vt 0.08002 0.15208
vt 0.44207 0.09792
vt 0.43871 0.09903
vt 0.44207 0.10208
vt 0.56567 0.16875
vt 0.56624 0.17125
vt 0.56297 0.17058
vt 0.57221 0.16875
vt 0.75497 0.12458
vt 0.75691 0.12875
vt 0.75506 0.12571
vt 0.76196 0.12458
vt 0.75105 0.12664
vt 0.39538 0.37958
vt 0.39757 0.38261
vt 0.39337 0.38333
vt 0.39416 0.38702
vt 0.39757 0.38875
vt 0.68640 0.37375
vt 0.68640 0.35375
vt 0.68220 0.36144
vt 0.20433 0.11696
vt 0.21556 0.12208
vt 0.22286 0.11793
vt 0.19941 0.10750
vt 0.23678 0.11704
vt 0.22256 0.10401
vt 0.23810 0.10125
vt 0.20285 0.10125
vt 0.25147 0.12043
vt 0.30017 0.13947
vt 0.29735 0.14375
vt 0.29681 0.13803
vt 0.30017 0.13458
vt 0.19857 0.70542
vt 0.20949 0.70542
vt 0.20253 0.70683
vt 0.20863 0.71042
vt 0.93314 0.96208
vt 0.92737 0.95292
vt 0.93325 0.95292
vt 0.00630 0.15264
vt 0.01217 0.15142
vt 0.01217 0.17458
vt 0.01063 0.13625
vt 0.03753 0.07125
vt 0.03065 0.06792
vt 0.03988 0.06792
vt 0.24307 0.17733
vt 0.24979 0.17030
vt 0.24347 0.17904
vt 0.24402 0.16708
vt 0.24342 0.18134
vt 0.24499 0.18644
vt 0.24979 0.18682
vt 0.24549 0.18792
vt 0.24311 0.18377
vt 0.24490 0.18792
vt 0.24461 0.18792
vt 0.95118 0.06145
vt 0.94814 0.07125
vt 0.94057 0.06210
vt 0.95692 0.06076
vt 0.92821 0.05875
vt 0.95760 0.05875
vt 0.83261 0.02042
vt 0.81822 0.01875
vt 0.83501 0.01875
vt 0.76700 0.64875
vt 0.78547 0.67042
vt 0.78547 0.64984
vt 0.77194 0.66111
vt 0.00000 1.00000
vt 0.00000 1.00000
vt 0.00000 1.00000
vt 0.00000 1.00000
vt 0.78361 0.39644
vt 0.78380 0.39625
vt 0.78380 0.40125
vt 0.78128 0.40119
vt 0.30353 0.10792
vt 0.30437 0.10731
vt 0.30353 0.10708
vt 0.63938 0.97882
vt 0.63597 0.98755
vt 0.63727 0.97509
vt 0.63938 0.98958
vt 0.62594 0.97208
vt 0.63880 0.97208
vt 0.63075 0.98893
vt 0.75105 0.04875
vt 0.73732 0.04875
vt 0.73848 0.05042
vt 0.73510 0.04963
vt 0.76029 0.29463
vt 0.76868 0.30208
vt 0.76868 0.28542
vt 0.93997 0.54792
vt 0.93073 0.55417
vt 0.93997 0.55625
vt 0.03820 0.42569
vt 0.03988 0.43125
vt 0.03988 0.42042
vt 0.17300 0.83933
vt 0.16974 0.85848
vt 0.14398 0.84524
vt 0.18082 0.85370
vt 0.18094 0.84172
vt 0.15909 0.83362
vt 0.14148 0.83051
vt 0.18094 0.86042
vt 0.16942 0.82958
vt 0.33252 0.22724
vt 0.32954 0.23048
vt 0.32788 0.22543
vt 0.32823 0.23072
vt 0.33795 0.23208
vt 0.33795 0.20625
vt 0.33151 0.21706
vt 0.34755 0.09683
vt 0.34793 0.07711
vt 0.34383 0.09515
vt 0.34432 0.10113
vt 0.35390 0.07343
vt 0.35060 0.06857
vt 0.34830 0.06792
vt 0.35103 0.09859
vt 0.35390 0.10375
vt 0.79135 0.15937
vt 0.78212 0.15806
vt 0.78365 0.16260
vt 0.78238 0.16292
vt 0.79135 0.13625
vt 0.29905 0.22903
vt 0.30001 0.20889
vt 0.29338 0.21178
vt 0.27968 0.23417
vt 0.31216 0.21265
vt 0.27394 0.22932
vt 0.27752 0.21880
vt 0.28205 0.23679
vt 0.28246 0.24125
vt 0.32542 0.21655
vt 0.31942 0.20721
vt 0.31075 0.20623
vt 0.33094 0.20542
vt 0.33207 0.20623
vt 0.27505 0.22150
vt 0.26826 0.22146
vt 0.26943 0.20542
vt 0.71075 0.28542
vt 0.69840 0.28542
vt 0.70306 0.29292
vt 0.69563 0.28806
vt 0.49832 0.55042
vt 0.49832 0.53989
vt 0.49580 0.54061
vt 0.49645 0.53625
vt 0.95592 0.64855
vt 0.96683 0.67072
vt 0.95858 0.66808
vt 0.96311 0.68292
vt 0.95777 0.64042
vt 0.95774 0.67793
vt 0.96683 0.64176
vt 0.99018 0.25762
vt 0.98950 0.25128
vt 0.99953 0.25982
vt 0.99419 0.27060
vt 0.99958 0.27292
vt 0.99958 0.24625
vt 0.71579 0.80184
vt 0.71579 0.79292
vt 0.70991 0.79823
vt 0.71388 0.80875
vt 0.00630 0.83458
vt 0.00210 0.84528
vt 0.00630 0.84708
vt 0.90351 0.35505
vt 0.89446 0.33504
vt 0.90756 0.35544
vt 0.89211 0.33954
vt 0.91370 0.36976
vt 0.91898 0.37208
vt 0.89530 0.32875
vt 0.90812 0.33163
vt 0.91898 0.33038
vt 0.54746 0.27023
vt 0.55852 0.27407
vt 0.54885 0.26666
vt 0.53662 0.26831
vt 0.56245 0.25708
vt 0.53580 0.27262
vt 0.54329 0.26532
vt 0.57958 0.28751
vt 0.56276 0.29208
vt 0.57846 0.27322
vt 0.57481 0.26461
vt 0.58709 0.25943
vt 0.59136 0.26847
vt 0.59528 0.25708
vt 0.59908 0.26617
vt 0.53006 0.27079
vt 0.53551 0.26638
vt 0.52988 0.26641
vt 0.53131 0.26267
vt 0.52687 0.27935
vt 0.88217 0.75740
vt 0.88323 0.75786
vt 0.87951 0.76179
vt 0.89550 0.76480
vt 0.89330 0.77100
vt 0.88753 0.77583
vt 0.90386 0.78208
vt 0.89351 0.75461
vt 0.90386 0.73458
vt 0.88598 0.74578
vt 0.88214 0.75242
vt 0.54433 0.50234
vt 0.52782 0.48514
vt 0.54243 0.47278
vt 0.52805 0.49487
vt 0.52951 0.51367
vt 0.52291 0.47034
vt 0.54371 0.45032
vt 0.52488 0.48746
vt 0.50502 0.50459
vt 0.55726 0.45870
vt 0.52223 0.44806
vt 0.51983 0.49063
vt 0.56066 0.44841
vt 0.55040 0.50164
vt 0.52192 0.52869
vt 0.51621 0.45561
vt 0.50646 0.46121
vt 0.54078 0.44520
vt 0.55551 0.44042
vt 0.56717 0.44710
vt 0.56363 0.44387
vt 0.56135 0.50954
vt 0.55833 0.50457
vt 0.56530 0.50912
vt 0.55846 0.53530
vt 0.56481 0.52997
vt 0.56717 0.53542
vt 0.49870 0.49381
vt 0.50157 0.50426
vt 0.49832 0.48050
vt 0.52305 0.48885
vt 0.38413 0.30375
vt 0.37154 0.30375
vt 0.37453 0.30870
vt 0.37632 0.31458
vt 0.52956 0.25792
vt 0.51114 0.25292
vt 0.52708 0.25452
vt 0.50504 0.25637
vt 0.55122 0.25292
vt 0.54984 0.25534
vt 0.63686 0.77875
vt 0.63686 0.77208
vt 0.62930 0.77816
vt 0.58058 0.01542
vt 0.56632 0.00542
vt 0.57012 0.01359
vt 0.57018 0.01510
vt 0.58480 0.00542
vt 0.56643 0.01391
vt 0.56213 0.01086
vt 0.56962 0.01444
vt 0.97019 0.51625
vt 0.97439 0.51625
vt 0.97313 0.51792
vt 0.71579 0.14125
vt 0.71194 0.14625
vt 0.71159 0.14125
vt 0.15110 0.81333
vt 0.14736 0.81208
vt 0.15239 0.81208
vt 0.14885 0.81364
vt 0.15168 0.81375
vt 0.73006 0.85792
vt 0.73174 0.85792
vt 0.73017 0.86042
vt 0.85600 0.15270
vt 0.85852 0.16125
vt 0.85852 0.15208
vt 0.67045 0.84875
vt 0.66823 0.85024
vt 0.66121 0.84875
vt 0.66666 0.85042
vt 0.35978 0.33958
vt 0.35810 0.34187
vt 0.35978 0.34292
vt 0.46390 0.99792
vt 0.46054 0.99875
vt 0.46094 0.99792
vt 0.56633 0.79007
vt 0.56801 0.79625
vt 0.56801 0.78625
vt 0.95439 0.15141
vt 0.95340 0.12208
vt 0.96724 0.13982
vt 0.96935 0.12464
vt 0.96374 0.15693
vt 0.96663 0.15875
vt 0.96935 0.13741
vt 0.35726 0.71792
vt 0.35400 0.72125
vt 0.35390 0.71792
vt 0.14550 0.31364
vt 0.11211 0.30542
vt 0.13070 0.31313
vt 0.10957 0.30730
vt 0.14529 0.31708
vt 0.15071 0.30542
vt 0.39421 0.93062
vt 0.38749 0.95603
vt 0.39421 0.95958
vt 0.39242 0.91875
vt 0.88722 0.49489
vt 0.88666 0.50074
vt 0.89798 0.50125
vt 0.88468 0.49422
vt 0.89798 0.49080
vt 0.88371 0.48375
vt 0.53275 0.07708
vt 0.53693 0.08125
vt 0.53717 0.08001
vt 0.55038 0.07708
vt 0.99307 0.45042
vt 0.99193 0.45238
vt 0.98531 0.45148
vt 0.99555 0.45105
vt 0.99073 0.45760
vt 0.98810 0.45459
vt 0.99874 0.45280
vt 0.98716 0.45287
vt 0.98546 0.45748
vt 0.99874 0.46375
vt 0.98793 0.46176
vt 0.06255 0.03982
vt 0.06507 0.04292
vt 0.06507 0.03875
vt 0.14064 0.03875
vt 0.13467 0.03679
vt 0.14064 0.03625
vt 0.13224 0.03854
vt 0.73105 0.34467
vt 0.73269 0.34728
vt 0.73567 0.34331
vt 0.73762 0.35792
vt 0.73309 0.33730
vt 0.73762 0.33292
vt 0.73453 0.35539
vt 0.73006 0.34510
vt 0.37026 0.89791
vt 0.36734 0.89558
vt 0.37070 0.89473
vt 0.37057 0.88708
vt 0.37057 0.90125
vt 0.00000 1.00000
vt 0.00000 1.00000
vt 0.00000 1.00000
vt 0.00000 1.00000
vt 0.68376 0.09022
vt 0.69384 0.10051
vt 0.71246 0.08982
vt 0.71159 0.10198
vt 0.70218 0.10409
vt 0.71972 0.09425
vt 0.72418 0.08708
vt 0.68362 0.08708
vt 0.68497 0.09342
vt 0.68988 0.10111
vt 0.70163 0.10708
vt 0.67548 0.09630
vt 0.49906 0.82004
vt 0.49162 0.82831
vt 0.48894 0.82367
vt 0.49916 0.81571
vt 0.49916 0.83208
vt 0.48804 0.81673
vt 0.49733 0.80648
vt 0.48573 0.81515
vt 0.48800 0.80375
vt 0.84702 0.71228
vt 0.85019 0.72353
vt 0.84677 0.72698
vt 0.85348 0.73542
vt 0.85348 0.70958
vt 0.85717 0.88292
vt 0.83465 0.88840
vt 0.84970 0.88807
vt 0.86104 0.88575
vt 0.84108 0.89625
vt 0.83249 0.88292
vt 0.96108 0.88374
vt 0.96305 0.86284
vt 0.96683 0.88334
vt 0.96031 0.88792
vt 0.96683 0.85877
vt 0.95806 0.86136
vt 0.95343 0.85591
vt 0.95050 0.87706
vt 0.94704 0.88716
vt 0.94675 0.87985
vt 0.94584 0.85542
vt 0.76616 0.83458
vt 0.76200 0.84042
vt 0.75945 0.83458
vt 0.72670 0.43513
vt 0.73342 0.43927
vt 0.72680 0.42876
vt 0.73342 0.42875
vt 0.72705 0.43958
vt 0.71140 0.16375
vt 0.72250 0.15708
vt 0.70951 0.15708
vt 0.70319 0.16034
vt 0.24155 0.33236
vt 0.24334 0.32155
vt 0.22934 0.32376
vt 0.21821 0.32850
vt 0.20949 0.32097
vt 0.22660 0.32067
vt 0.25182 0.32097
vt 0.26322 0.32329
vt 0.26322 0.33458
vt 0.26162 0.31875
vt 0.28198 0.67947
vt 0.30162 0.68600
vt 0.30201 0.67300
vt 0.28298 0.67292
vt 0.31136 0.68438
vt 0.31737 0.67292
vt 0.32452 0.67589
vt 0.29342 0.68918
vt 0.28701 0.69199
vt 0.28968 0.69375
vt 0.27666 0.69024
vt 0.24359 0.30208
vt 0.24139 0.29875
vt 0.24979 0.29875
vt 0.62385 0.71712
vt 0.62927 0.73195
vt 0.62118 0.72598
vt 0.62985 0.71686
vt 0.61490 0.74958
vt 0.62405 0.68605
vt 0.62206 0.70219
vt 0.60854 0.69751
vt 0.63518 0.69413
vt 0.63430 0.67735
vt 0.60181 0.67562
vt 0.63518 0.65125
vt 0.59992 0.66539
vt 0.42695 0.80375
vt 0.42718 0.80708
vt 0.42828 0.80662
vt 0.43535 0.80375
vt 0.75327 0.57522
vt 0.75173 0.57647
vt 0.75912 0.57792
vt 0.75100 0.57458
vt 0.76196 0.57458
vt 0.74853 0.57647
vt 0.55961 0.07208
vt 0.57053 0.07208
vt 0.56707 0.07542
vt 0.47255 0.38714
vt 0.47072 0.38581
vt 0.46992 0.38358
vt 0.47481 0.37673
vt 0.47100 0.37458
vt 0.46977 0.38810
vt 0.47481 0.39125
vt 0.45970 0.89792
vt 0.46474 0.89792
vt 0.46169 0.89958
vt 0.50990 0.31767
vt 0.51529 0.30544
vt 0.50692 0.31006
vt 0.51712 0.31875
vt 0.52327 0.30375
vt 0.53191 0.31164
vt 0.49969 0.31316
vt 0.51039 0.30673
vt 0.49856 0.31856
vt 0.50977 0.30375
vt 0.48825 0.31502
vt 0.09722 0.08846
vt 0.10722 0.09375
vt 0.10290 0.07875
vt 0.09129 0.08431
vt 0.11670 0.08856
vt 0.11831 0.08431
vt 0.12552 0.07875
vt 0.07515 0.08261
vt 0.72313 0.36827
vt 0.72352 0.34740
vt 0.72761 0.34627
vt 0.72491 0.33046
vt 0.73141 0.32208
vt 0.71914 0.37053
vt 0.72392 0.38485
vt 0.73529 0.30625
vt 0.73150 0.36815
vt 0.73594 0.37723
vt 0.73531 0.38958
vt 0.72606 0.35971
vt 0.73173 0.34919
vt 0.73594 0.31972
vt 0.92146 0.45971
vt 0.91562 0.45375
vt 0.92767 0.46125
vt 0.93241 0.45375
vt 0.96767 0.78423
vt 0.97649 0.78935
vt 0.97303 0.79253
vt 0.97859 0.76458
vt 0.97246 0.79634
vt 0.97655 0.79792
vt 0.97859 0.78728
vt 0.89295 0.85922
vt 0.89882 0.85875
vt 0.89882 0.86208
vt 0.77708 0.12276
vt 0.78468 0.12474
vt 0.78522 0.13042
vt 0.77805 0.11749
vt 0.78799 0.11542
vt 0.78799 0.12700
vt 0.00546 0.79542
vt 0.00294 0.80518
vt 0.00546 0.80708
vt 0.72981 0.58700
vt 0.73396 0.61774
vt 0.71705 0.60778
vt 0.72219 0.59052
vt 0.72488 0.57120
vt 0.73594 0.56600
vt 0.72550 0.56125
vt 0.73594 0.63249
vt 0.72177 0.62289
vt 0.72780 0.63792
vt 0.71262 0.62369
vt 0.70813 0.61657
vt 0.70622 0.61572
vt 0.70319 0.61661
vt 0.72222 0.63171
vt 0.39522 0.19046
vt 0.39757 0.18792
vt 0.39337 0.18792
vt 0.39756 0.19208
vt 0.38077 0.62792
vt 0.38077 0.62292
vt 0.37490 0.62417
vt 0.28421 0.36875
vt 0.28135 0.37125
vt 0.27666 0.36875
vt 0.04828 0.74625
vt 0.05584 0.74625
vt 0.05073 0.74875
vt 0.73342 0.00292
vt 0.75861 0.00292
vt 0.73848 0.00625
vt 0.99705 0.40918
vt 0.99706 0.40375
vt 0.99454 0.40497
vt 0.99706 0.41875
vt 0.87867 0.48125
vt 0.88455 0.48125
vt 0.88162 0.48208
vt 0.53883 0.12208
vt 0.54019 0.12708
vt 0.54804 0.12208
vt 0.53442 0.12548
vt 0.54954 0.12418
vt 0.98568 0.61327
vt 0.99034 0.61042
vt 0.98358 0.61042
vt 0.98627 0.61542
vt 0.98027 0.61235
vt 0.41772 0.77208
vt 0.41268 0.77877
vt 0.41596 0.77685
vt 0.41772 0.78625
vt 0.28585 0.55042
vt 0.28338 0.54708
vt 0.29009 0.54708
vt 0.43193 0.45990
vt 0.42549 0.45542
vt 0.43154 0.46125
vt 0.42527 0.45784
vt 0.43451 0.45542
vt 0.74013 0.57292
vt 0.74013 0.56708
vt 0.73846 0.57175
vt 0.00546 0.17458
vt 0.00126 0.17019
vt 0.00431 0.16952
vt 0.00546 0.16875
vt 0.73258 0.40625
vt 0.72735 0.40625
vt 0.72981 0.40792
vt 0.72502 0.40785
vt 0.03568 0.11625
vt 0.03568 0.11208
vt 0.03065 0.11611
vt 0.42107 0.18458
vt 0.42695 0.18458
vt 0.42187 0.18625
vt 0.43199 0.01591
vt 0.42947 0.01664
vt 0.43199 0.01792
vt 0.42961 0.01542
vt 0.00000 1.00000
vt 0.00000 1.00000
vt 0.00000 1.00000
vt 0.00000 1.00000
vt 0.00000 1.00000
vt 0.00000 1.00000
vt 0.00000 1.00000
vt 0.00000 1.00000
vt 0.00000 1.00000
vt 0.98024 0.94887
vt 0.98034 0.95964
vt 0.97607 0.94463
vt 0.97853 0.94156
vt 0.97892 0.96299
vt 0.98195 0.97792
vt 0.98195 0.93958
vt 0.97761 0.97726
vt 0.33900 0.56288
vt 0.35317 0.56458
vt 0.34331 0.56091
vt 0.35390 0.55958
vt 0.32536 0.55958
vt 0.58648 0.33375
vt 0.56853 0.33375
vt 0.57605 0.33625
vt 0.55793 0.33478
vt 0.26994 0.36597
vt 0.27231 0.35712
vt 0.25744 0.36454
vt 0.28123 0.36625
vt 0.25387 0.35627
vt 0.28193 0.35717
vt 0.29587 0.35458
vt 0.29597 0.36293
vt 0.24391 0.35929
vt 0.24689 0.35458
vt 0.81318 0.24283
vt 0.81822 0.22208
vt 0.81463 0.22927
vt 0.81822 0.24542
vt 0.32956 0.10958
vt 0.30583 0.11625
vt 0.30521 0.11838
vt 0.32956 0.11958
vt 0.30550 0.10982
vt 0.89798 0.02093
vt 0.89574 0.01458
vt 0.89463 0.02414
vt 0.89798 0.03042
vt 0.41664 0.07581
vt 0.41721 0.08220
vt 0.42432 0.07728
vt 0.42873 0.06792
vt 0.44710 0.06988
vt 0.41507 0.08292
vt 0.40511 0.06924
vt 0.39673 0.06792
vt 0.90674 0.40497
vt 0.90958 0.40218
vt 0.90423 0.40122
vt 0.90622 0.39777
vt 0.89639 0.40278
vt 0.91310 0.38458
vt 0.90489 0.40753
vt 0.89778 0.41123
vt 0.89934 0.42238
vt 0.89547 0.42009
vt 0.89724 0.42713
vt 0.90735 0.42996
vt 0.91310 0.43792
vt 0.31572 0.02838
vt 0.30917 0.02708
vt 0.31012 0.02910
vt 0.31038 0.03108
vt 0.31180 0.03654
vt 0.32007 0.03708
vt 0.32294 0.02708
vt 0.32528 0.02859
vt 0.33711 0.02898
vt 0.32822 0.02761
vt 0.30856 0.03340
vt 0.22912 0.06463
vt 0.23001 0.06383
vt 0.22627 0.06229
vt 0.22658 0.06586
vt 0.22292 0.06208
vt 0.23356 0.06625
vt 0.23552 0.06208
vt 0.64814 0.07300
vt 0.63366 0.07209
vt 0.63120 0.07708
vt 0.62338 0.07184
vt 0.61251 0.06292
vt 0.65234 0.07544
vt 0.65124 0.06292
vt 0.66037 0.06387
vt 0.09278 0.14792
vt 0.09278 0.13292
vt 0.08774 0.14710
vt 0.08186 0.57458
vt 0.07599 0.58009
vt 0.08186 0.59792
vt 0.85852 0.72042
vt 0.85852 0.71208
vt 0.85348 0.71874
vt 0.25641 0.01181
vt 0.24313 0.00708
vt 0.26548 0.00708
vt 0.26442 0.01375
vt 0.26826 0.01050
vt 0.24698 0.01332
vt 0.23636 0.01196
vt 0.50236 0.00208
vt 0.48986 0.00681
vt 0.51008 0.00757
vt 0.48825 0.00208
vt 0.50233 0.00958
vt 0.57781 0.30708
vt 0.55626 0.30708
vt 0.56327 0.31208
vt 0.58396 0.31029
vt 0.74349 0.63875
vt 0.74349 0.62792
vt 0.73510 0.63789
vt 0.95020 0.46051
vt 0.95088 0.46633
vt 0.94668 0.45794
vt 0.94768 0.47208
vt 0.95088 0.44958
vt 0.77456 0.92654
vt 0.77802 0.91613
vt 0.77263 0.91868
vt 0.78380 0.91767
vt 0.76952 0.93292
vt 0.78285 0.91292
vt 0.78380 0.92904
vt 0.02656 0.85394
vt 0.03056 0.85835
vt 0.02477 0.86213
vt 0.03233 0.87130
vt 0.02911 0.87542
vt 0.02624 0.84774
vt 0.03233 0.84625
vt 0.68976 0.38373
vt 0.69166 0.36458
vt 0.69983 0.37759
vt 0.69340 0.38419
vt 0.69983 0.38708
vt 0.69729 0.37012
vt 0.69672 0.36460
vt 0.80059 0.00958
vt 0.77764 0.01458
vt 0.77408 0.00958
vt 0.77036 0.01368
vt 0.19857 0.91958
vt 0.19857 0.90042
vt 0.19270 0.91261
vt 0.97191 0.52152
vt 0.97493 0.52948
vt 0.96895 0.53532
vt 0.97943 0.51965
vt 0.96270 0.51542
vt 0.96096 0.52412
vt 0.97943 0.54542
vt 0.96642 0.54057
vt 0.08666 0.42958
vt 0.08186 0.41979
vt 0.09110 0.42852
vt 0.09110 0.41292
vt 0.83412 0.03654
vt 0.84286 0.04116
vt 0.84593 0.03542
vt 0.82966 0.04087
vt 0.82211 0.03762
vt 0.82514 0.04375
vt 0.80647 0.04026
vt 0.81097 0.03542
vt 0.80740 0.03574
vt 0.80745 0.04352
vt 0.33803 0.18969
vt 0.34467 0.18587
vt 0.34090 0.18508
vt 0.34467 0.17208
vt 0.34213 0.19191
vt 0.33811 0.19208
vt 0.33375 0.18189
vt 0.98363 0.40542
vt 0.98043 0.39632
vt 0.98358 0.39691
vt 0.98363 0.37792
vt 0.98171 0.40347
vt 0.97439 0.40452
vt 0.79135 0.01292
vt 0.80395 0.01292
vt 0.80009 0.01458
vt 0.50172 0.12475
vt 0.49653 0.12034
vt 0.49322 0.12554
vt 0.49668 0.12850
vt 0.49832 0.12958
vt 0.48798 0.11760
vt 0.49801 0.11666
vt 0.49356 0.11137
vt 0.47061 0.11125
vt 0.50420 0.11125
vt 0.03568 0.69453
vt 0.03182 0.69542
vt 0.01973 0.68792
vt 0.03517 0.68792
vt 0.87699 0.29367
vt 0.87196 0.29131
vt 0.87699 0.27792
vt 0.87428 0.29625
vt 0.32788 0.01625
vt 0.32788 0.00042
vt 0.32536 0.00130
vt 0.99539 0.78375
vt 0.99822 0.78986
vt 0.99538 0.79262
vt 0.99958 0.78663
vt 0.99958 0.79458
vt 0.03736 0.94875
vt 0.03242 0.94937
vt 0.03248 0.95019
vt 0.03512 0.95208
vt 0.02897 0.94875
vt 0.26401 0.36999
vt 0.26898 0.36792
vt 0.26143 0.36798
vt 0.27383 0.37208
vt 0.27582 0.36798
vt 0.25651 0.36888
vt 0.21815 0.54963
vt 0.22460 0.55843
vt 0.22258 0.54817
vt 0.22460 0.54792
vt 0.21704 0.55875
vt 0.46685 0.30389
vt 0.47026 0.30708
vt 0.46049 0.30875
vt 0.45646 0.30623
vt 0.45996 0.30318
vt 0.45550 0.30125
vt 0.47149 0.30125
vt 0.47313 0.30486
vt 0.34124 0.17375
vt 0.33967 0.17042
vt 0.33627 0.17359
vt 0.34299 0.17042
vt 0.33691 0.17168
vt 0.44207 0.06625
vt 0.44207 0.05792
vt 0.43783 0.06419
vt 0.43199 0.05939
vt 0.33879 0.17575
vt 0.34047 0.17875
vt 0.34047 0.17458
vt 0.79846 0.63139
vt 0.80224 0.63466
vt 0.79807 0.62792
vt 0.81738 0.62792
vt 0.79964 0.63792
vt 0.95088 0.99193
vt 0.95424 0.99292
vt 0.95424 0.99125
vt 0.74517 0.33958
vt 0.74517 0.33458
vt 0.74349 0.33488
vt 0.69228 0.76125
vt 0.69228 0.75625
vt 0.68976 0.75776
vt 0.96935 0.24375
vt 0.96935 0.23875
vt 0.96767 0.23927
vt 0.76784 0.64041
vt 0.76667 0.64126
vt 0.76616 0.64050
vt 0.76640 0.63708
vt 0.76784 0.64375
vt 0.76654 0.64363
vt 0.03233 0.14625
vt 0.03233 0.14042
vt 0.02981 0.14373
vt 0.23216 0.82375
vt 0.22628 0.82480
vt 0.23216 0.82708
vt 0.06507 0.39875
vt 0.06507 0.39458
vt 0.06087 0.39785
vt 0.38497 0.39625
vt 0.38161 0.39830
vt 0.38497 0.39958
vt 0.09428 0.08875
vt 0.07995 0.10024
vt 0.08926 0.09925
vt 0.07851 0.08875
vt 0.09530 0.10042
vt 0.13560 0.25332
vt 0.13812 0.25708
vt 0.13812 0.25042
vt 0.34719 0.20875
vt 0.34215 0.19789
vt 0.34696 0.19774
vt 0.34719 0.19458
vt 0.21788 0.51305
vt 0.21956 0.51625
vt 0.21956 0.50208
vt 0.44458 0.64125
vt 0.43484 0.63479
vt 0.43746 0.62861
vt 0.44458 0.62413
vt 0.43199 0.62292
vt 0.43974 0.01562
vt 0.44217 0.01292
vt 0.44340 0.01625
vt 0.42779 0.00875
vt 0.45886 0.00875
vt 0.41016 0.28542
vt 0.41378 0.28542
vt 0.41243 0.29042
vt 0.41626 0.28955
vt 0.41856 0.28613
vt 0.12972 0.11958
vt 0.12615 0.12270
vt 0.11545 0.11958
vt 0.12424 0.12375
vt 0.19901 0.21208
vt 0.20193 0.20958
vt 0.19977 0.21026
vt 0.19521 0.20958
vt 0.65067 0.91876
vt 0.65348 0.92088
vt 0.65533 0.90516
vt 0.65533 0.94375
vt 0.64945 0.93449
vt 0.65376 0.89792
vt 0.15802 0.62542
vt 0.16161 0.63458
vt 0.17325 0.62542
vt 0.15491 0.63359
vt 0.17338 0.63256
vt 0.50084 0.36375
vt 0.51343 0.36375
vt 0.50250 0.37042
vt 0.57557 0.38875
vt 0.56065 0.40114
vt 0.56627 0.38920
vt 0.56045 0.39217
vt 0.56068 0.38875
vt 0.57451 0.39684
vt 0.56236 0.40349
vt 0.56638 0.40458
vt 0.51164 0.53042
vt 0.50924 0.52625
vt 0.51511 0.52625
vt 0.83837 0.84164
vt 0.83837 0.85875
vt 0.82991 0.84294
vt 0.82494 0.83792
vt 0.82710 0.85814
vt 0.50840 0.66792
vt 0.50588 0.67284
vt 0.50840 0.67542
vt 0.38956 0.14458
vt 0.39528 0.15208
vt 0.40680 0.14458
vt 0.38329 0.14738
vt 0.59218 0.68958
vt 0.58144 0.68458
vt 0.59488 0.68458
vt 0.17003 0.44887
vt 0.17422 0.45208
vt 0.17015 0.44154
vt 0.17422 0.43875
vt 0.50251 0.22287
vt 0.50637 0.22120
vt 0.49205 0.21616
vt 0.48825 0.22578
vt 0.48841 0.21458
vt 0.50467 0.22708
vt 0.50924 0.22350
vt 0.50828 0.21458
vt 0.74265 0.58375
vt 0.74517 0.59458
vt 0.74517 0.57875
vt 0.17271 0.99208
vt 0.17926 0.99208
vt 0.17749 0.99456
vt 0.17254 0.99792
vt 0.36650 0.98577
vt 0.36902 0.98875
vt 0.36902 0.98042
vt 0.63686 0.17375
vt 0.62931 0.17560
vt 0.63122 0.18208
vt 0.62678 0.17375
vt 0.81822 0.66121
vt 0.81906 0.66125
vt 0.81906 0.65458
vt 0.76448 0.68082
vt 0.76113 0.67533
vt 0.76191 0.68458
vt 0.76448 0.67375
vt 0.12636 0.38208
vt 0.13224 0.38208
vt 0.13056 0.38458
vt 0.31108 0.10792
vt 0.31108 0.09208
vt 0.30940 0.10706
vt 0.01614 0.41042
vt 0.01889 0.40792
vt 0.01217 0.40792
vt 0.01835 0.40962
vt 0.15876 0.74042
vt 0.15407 0.73875
vt 0.16079 0.73875
vt 0.28673 0.94042
vt 0.28478 0.94375
vt 0.27918 0.94042
vt 0.22796 0.27208
vt 0.23887 0.27208
vt 0.23001 0.27625
vt 0.75624 0.71803
vt 0.77529 0.74665
vt 0.75959 0.74810
vt 0.77708 0.72243
vt 0.76631 0.71762
vt 0.73762 0.73756
vt 0.73910 0.71611
vt 0.77387 0.75313
vt 0.77708 0.75741
vt 0.73976 0.70875
vt 0.76881 0.76703
vt 0.77234 0.77382
vt 0.76211 0.77458
vt 0.37627 0.07375
vt 0.38698 0.06623
vt 0.36180 0.06363
vt 0.34887 0.06292
vt 0.35724 0.07107
vt 0.39247 0.06666
vt 0.39139 0.06971
vt 0.39137 0.06292
vt 0.39840 0.06643
vt 0.99917 0.03208
vt 0.99874 0.02625
vt 0.99958 0.02625
vt 0.59152 0.68208
vt 0.59740 0.68208
vt 0.59164 0.68292
vt 0.14903 0.00292
vt 0.16105 0.00587
vt 0.16250 0.00292
vt 0.16190 0.00708
vt 0.16919 0.00679
vt 0.01217 0.57542
vt 0.00882 0.56894
vt 0.01217 0.56797
vt 0.00919 0.56458
vt 0.18094 0.98936
vt 0.19857 0.97458
vt 0.18174 0.99958
vt 0.19797 0.98410
vt 0.19857 0.99949
vt 0.91898 0.61875
vt 0.91982 0.61708
vt 0.91898 0.61715
vt 0.62509 0.99042
vt 0.62510 0.99125
vt 0.61839 0.99125
vt 0.46633 0.11004
vt 0.46977 0.11508
vt 0.46390 0.11708
vt 0.46977 0.10875
vt 0.46922 0.11705
vt 0.68052 0.80292
vt 0.67716 0.80520
vt 0.68052 0.80625
vt 0.25343 0.96292
vt 0.25651 0.95208
vt 0.24907 0.95905
vt 0.24895 0.95208
vt 0.91550 0.47221
vt 0.92065 0.48444
vt 0.91058 0.47747
vt 0.91713 0.48625
vt 0.91328 0.47233
vt 0.92065 0.46875
vt 0.91180 0.48465
vt 0.29933 0.59042
vt 0.30688 0.59042
vt 0.30379 0.59292
vt 0.78507 0.79964
vt 0.78547 0.79375
vt 0.78296 0.79777
vt 0.78547 0.80458
vt 0.84625 0.99708
vt 0.85181 0.99125
vt 0.82746 0.99422
vt 0.82837 0.99125
vt 0.68380 0.04222
vt 0.69144 0.04792
vt 0.68434 0.04593
vt 0.69144 0.03625
vt 0.67045 0.04326
vt 0.46558 0.96458
vt 0.45970 0.97623
vt 0.46558 0.97875
vt 0.58564 0.60958
vt 0.58144 0.62131
vt 0.58564 0.62375
vt 0.47897 0.29875
vt 0.46549 0.29042
vt 0.47707 0.29459
vt 0.49076 0.29042
vt 0.46306 0.29386
vt 0.84267 0.48044
vt 0.84956 0.46554
vt 0.84917 0.48761
vt 0.84831 0.50171
vt 0.85936 0.51875
vt 0.84257 0.46491
vt 0.85873 0.50670
vt 0.85242 0.45295
vt 0.85936 0.45292
vt 0.79471 0.05958
vt 0.81150 0.05958
vt 0.80613 0.06125
vt 0.12133 0.01708
vt 0.12133 0.00375
vt 0.11965 0.00501
vt 0.22460 0.57875
vt 0.22040 0.58091
vt 0.22460 0.58208
vt 0.22045 0.57877
vt 0.91438 0.76959
vt 0.90302 0.75703
vt 0.91366 0.75879
vt 0.91562 0.73443
vt 0.91110 0.73208
vt 0.90586 0.76641
vt 0.91562 0.78875
vt 0.74628 0.99469
vt 0.75003 0.98273
vt 0.74357 0.98551
vt 0.75312 0.98861
vt 0.75967 0.96131
vt 0.73381 0.96316
vt 0.73838 0.95291
vt 0.76039 0.95208
vt 0.73359 0.98442
vt 0.77771 0.98235
vt 0.77602 0.95281
vt 0.71830 0.95208
vt 0.77792 0.98576
vt 0.76199 0.99708
vt 0.74889 0.99654
vt 0.32452 0.75958
vt 0.31922 0.76625
vt 0.31780 0.75958
vt 0.45936 0.96256
vt 0.45130 0.95958
vt 0.45234 0.96458
vt 0.46054 0.95958
vt 0.91142 0.20625
vt 0.91982 0.20625
vt 0.91457 0.20792
vt 0.47145 0.62357
vt 0.47397 0.62958
vt 0.47397 0.62292
vt 0.67380 0.40671
vt 0.67884 0.40875
vt 0.67884 0.40292
vt 0.20865 0.01208
vt 0.20865 0.00542
vt 0.20529 0.01072
vt 0.77120 0.08875
vt 0.76768 0.09042
vt 0.76532 0.08875
vt 0.96599 0.40042
vt 0.97859 0.40042
vt 0.97299 0.40208
vt 0.38917 0.97145
vt 0.39169 0.96997
vt 0.39158 0.97792
vt 0.39158 0.96625
vt 0.69910 0.00708
vt 0.69395 0.00125
vt 0.70991 0.00125
vt 0.07011 0.29544
vt 0.07263 0.29875
vt 0.07263 0.28875
vt 0.25917 0.51761
vt 0.25734 0.51501
vt 0.25876 0.52042
vt 0.26574 0.51292
vt 0.25399 0.51292
vt 0.30825 0.75500
vt 0.31192 0.75375
vt 0.30521 0.75375
vt 0.30818 0.75546
vt 0.30997 0.75792
vt 0.42515 0.77292
vt 0.41688 0.76875
vt 0.42695 0.76875
vt 0.58396 0.66042
vt 0.59320 0.66042
vt 0.58800 0.66875
vt 0.42779 0.36042
vt 0.42150 0.37042
vt 0.41869 0.36478
vt 0.41856 0.36042
vt 0.27118 0.57792
vt 0.26154 0.57458
vt 0.27750 0.57458
vt 0.97162 0.76375
vt 0.96935 0.76125
vt 0.97439 0.76125
vt 0.76196 0.75958
vt 0.76784 0.75958
vt 0.76445 0.76125
vt 0.75809 0.23495
vt 0.76603 0.22699
vt 0.75189 0.22042
vt 0.76952 0.23625
vt 0.76904 0.22042
vt 0.81732 0.44715
vt 0.81990 0.44708
vt 0.81726 0.44875
vt 0.81234 0.44708
vt 0.87305 0.71726
vt 0.87182 0.71419
vt 0.87531 0.71310
vt 0.87303 0.71866
vt 0.87699 0.71125
vt 0.86776 0.71630
vt 0.87699 0.72125
vt 0.87282 0.72032
vt 0.24648 0.65284
vt 0.23306 0.65047
vt 0.22882 0.65449
vt 0.22544 0.64957
vt 0.24380 0.65708
vt 0.24895 0.64875
vt 0.23035 0.64875
vt 0.29456 0.94375
vt 0.29177 0.94042
vt 0.29513 0.94042
vt 0.59486 0.22858
vt 0.62035 0.23701
vt 0.61579 0.21518
vt 0.63014 0.21845
vt 0.61875 0.21224
vt 0.58984 0.23691
vt 0.60622 0.25535
vt 0.61369 0.20941
vt 0.58396 0.20542
vt 0.61521 0.20542
vt 0.58579 0.25108
vt 0.60339 0.25792
vt 0.83593 0.37652
vt 0.82831 0.37384
vt 0.83903 0.37375
vt 0.86188 0.38326
vt 0.83644 0.39929
vt 0.85783 0.40252
vt 0.83041 0.37694
vt 0.84280 0.41936
vt 0.85924 0.41395
vt 0.86188 0.42458
vt 0.82830 0.37651
vt 0.16751 0.01875
vt 0.16208 0.01967
vt 0.16083 0.02245
vt 0.16445 0.02624
vt 0.16751 0.05208
vt 0.15992 0.03174
vt 0.15659 0.02243
vt 0.88371 0.62958
vt 0.87867 0.63197
vt 0.88371 0.63542
vt 0.44925 0.02958
vt 0.44458 0.02792
vt 0.44962 0.02792
vt 0.99874 0.31380
vt 0.99454 0.30814
vt 0.99614 0.31250
vt 0.99874 0.30625
vt 0.99742 0.31542
vt 0.82326 0.10458
vt 0.82555 0.10708
vt 0.83008 0.10458
vt 0.83165 0.10683
vt 0.63449 0.94542
vt 0.63014 0.94125
vt 0.63574 0.94404
vt 0.63686 0.94125
vt 0.22880 0.97368
vt 0.22387 0.97838
vt 0.22376 0.97582
vt 0.22880 0.97875
vt 0.22408 0.97125
vt 0.81590 0.37048
vt 0.82202 0.36598
vt 0.81570 0.36292
vt 0.81719 0.37208
vt 0.82242 0.36748
vt 0.82242 0.36357
vt 0.16071 0.66708
vt 0.16415 0.66652
vt 0.16310 0.66375
vt 0.15743 0.66375
usemtl commander
s 1
f 27/27 24/24 18/18
f 28/28 27/27 18/18
f 10/10 21/21 22/22
f 10/10 18/18 21/21
f 34/34 35/35 36/36
f 17/17 16/16 25/25
f 18/18 24/24 21/21
f 18/18 10/10 17/17
f 16/16 17/17 10/10
f 38/38 37/37 34/34
f 16/16 26/26 25/25
f 1/1 4/4 2/2
f 1/1 2/2 3/3
f 9/9 16/16 10/10
f 35/35 34/34 37/37
f 19/19 8/8 5/5
f 20/20 19/19 5/5
f 12/12 11/11 13/13
f 23/23 10/10 22/22
f 10/10 23/23 14/14
f 11/11 6/6 10/10
f 10/10 14/14 11/11
f 15/15 6/6 12/12
f 11/11 12/12 6/6
f 10/10 6/6 9/9
f 8/8 9/9 6/6
f 8/8 6/6 5/5
f 5/5 6/6 7/7
f 23/23 22/22 29/29
f 30/30 23/23 29/29
f 29/29 31/31 30/30
f 32/32 30/30 31/31
f 31/31 33/33 32/32
f 47/47 45/45 48/48
f 44/44 43/43 42/42
f 45/45 43/43 44/44
f 46/46 43/43 45/45
f 46/46 45/45 47/47
f 42/42 43/43 40/40
f 42/42 40/40 39/39
f 39/39 40/40 41/41
f 41/41 49/49 39/39
f 39/39 50/50 51/51
f 50/50 39/39 49/49
f 51/51 50/50 52/52
f 50/50 53/53 52/52
f 53/53 55/55 52/52
f 53/53 56/56 55/55
f 56/56 57/57 55/55
f 58/58 55/55 57/57
f 52/52 54/54 51/51
f 65/65 62/62 61/61
f 62/62 59/59 61/61
f 59/59 63/63 60/60
f 64/64 63/63 59/59
f 59/59 60/60 61/61
f 70/70 71/71 68/68
f 68/68 71/71 76/76
f 70/70 68/68 67/67
f 66/66 67/67 68/68
f 67/67 66/66 69/69
f 69/69 66/66 72/72
f 73/73 72/72 66/66
f 66/66 74/74 73/73
f 75/75 74/74 66/66
f 77/77 80/80 78/78
f 82/82 78/78 80/80
f 77/77 78/78 79/79
f 81/81 77/77 79/79
f 85/85 88/88 83/83
f 83/83 84/84 85/85
f 85/85 84/84 86/86
f 87/87 85/85 86/86
f 87/87 88/88 85/85
f 95/95 91/91 94/94
f 99/99 100/100 101/101
f 92/92 89/89 93/93
f 90/90 89/89 92/92
f 89/89 90/90 91/91
f 94/94 91/91 90/90
f 90/90 96/96 94/94
f 94/94 96/96 97/97
f 102/102 99/99 101/101
f 102/102 101/101 103/103
f 98/98 91/91 95/95
f 104/104 105/105 106/106
f 113/113 114/114 115/115
f 108/108 107/107 110/110
f 107/107 108/108 109/109
f 112/112 107/107 111/111
f 111/111 107/107 109/109
f 116/116 117/117 118/118
f 119/119 120/120 121/121
f 122/122 123/123 124/124
f 132/132 131/131 129/129
f 125/125 129/129 126/126
f 126/126 129/129 131/131
f 130/130 126/126 131/131
f 127/127 133/133 128/128
f 125/125 126/126 127/127
f 130/130 127/127 126/126
f 128/128 125/125 127/127
f 125/125 128/128 134/134
f 137/137 136/136 138/138
f 139/139 136/136 135/135
f 136/136 139/139 140/140
f 135/135 136/136 137/137
f 147/147 150/150 149/149
f 152/152 148/148 149/149
f 149/149 150/150 151/151
f 147/147 149/149 148/148
f 146/146 147/147 148/148
f 146/146 141/141 147/147
f 141/141 146/146 142/142
f 144/144 145/145 141/141
f 141/141 142/142 143/143
f 141/141 143/143 144/144
f 144/144 153/153 145/145
f 153/153 156/156 155/155
f 144/144 157/157 153/153
f 156/156 153/153 157/157
f 153/153 154/154 145/145
f 154/154 153/153 155/155
f 158/158 154/154 155/155
f 158/158 155/155 156/156
f 164/164 169/169 168/168
f 164/164 170/170 169/169
f 173/173 172/172 174/174
f 160/160 164/164 168/168
f 164/164 160/160 163/163
f 173/173 171/171 172/172
f 159/159 160/160 161/161
f 160/160 162/162 163/163
f 159/159 162/162 160/160
f 171/171 161/161 172/172
f 171/171 166/166 161/161
f 166/166 165/165 161/161
f 167/167 165/165 166/166
f 165/165 159/159 161/161
f 171/171 175/175 166/166
f 176/176 166/166 175/175
f 177/177 166/166 178/178
f 178/178 179/179 177/177
f 167/167 166/166 177/177
f 180/180 183/183 181/181
f 180/180 181/181 182/182
f 180/180 182/182 184/184
f 185/185 186/186 187/187
f 186/186 188/188 187/187
f 185/185 187/187 190/190
f 190/190 191/191 185/185
f 186/186 189/189 188/188
f 194/194 193/193 196/196
f 199/199 200/200 201/201
f 194/194 197/197 192/192
f 192/192 197/197 198/198
f 192/192 193/193 194/194
f 193/193 192/192 195/195
f 202/202 203/203 204/204
f 205/205 206/206 207/207
f 209/209 205/205 207/207
f 206/206 208/208 207/207
f 210/210 211/211 212/212
f 212/212 211/211 213/213
f 214/214 218/218 215/215
f 214/214 219/219 218/218
f 214/214 215/215 216/216
f 217/217 215/215 221/221
f 216/216 215/215 217/217
f 218/218 219/219 220/220
f 222/222 229/229 234/234
f 224/224 230/230 229/229
f 229/229 233/233 235/235
f 234/234 235/235 236/236
f 235/235 234/234 229/229
f 228/228 227/227 225/225
f 227/227 223/223 225/225
f 225/225 223/223 222/222
f 222/222 223/223 224/224
f 224/224 229/229 222/222
f 231/231 230/230 224/224
f 233/233 230/230 232/232
f 231/231 232/232 230/230
f 226/226 224/224 223/223
f 247/247 248/248 249/249
f 243/243 244/244 237/237
f 237/237 238/238 239/239
f 240/240 239/239 238/238
f 245/245 242/242 240/240
f 242/242 239/239 240/240
f 241/241 246/246 243/243
f 243/243 237/237 241/241
f 239/239 241/241 237/237
f 253/253 256/256 250/250
f 250/250 256/256 258/258
f 258/258 255/255 250/250
f 250/250 251/251 252/252
f 250/250 255/255 251/251
f 259/259 251/251 260/260
f 254/254 253/253 252/252
f 252/252 257/257 254/254
f 252/252 253/253 250/250
f 259/259 252/252 251/251
f 251/251 262/262 261/261
f 251/251 261/261 260/260
f 269/269 271/271 270/270
f 272/272 264/264 270/270
f 263/263 264/264 265/265
f 265/265 264/264 272/272
f 266/266 263/263 265/265
f 267/267 263/263 266/266
f 269/269 270/270 264/264
f 268/268 264/264 263/263
f 268/268 269/269 264/264
f 267/267 268/268 263/263
f 274/274 277/277 278/278
f 274/274 276/276 275/275
f 277/277 274/274 273/273
f 273/273 274/274 275/275
f 273/273 275/275 279/279
f 280/280 281/281 282/282
f 285/285 287/287 288/288
f 285/285 284/284 287/287
f 283/283 284/284 285/285
f 283/283 285/285 286/286
f 289/289 294/294 290/290
f 289/289 290/290 291/291
f 294/294 295/295 290/290
f 293/293 290/290 295/295
f 296/296 293/293 295/295
f 291/291 292/292 289/289
f 293/293 291/291 290/290
f 298/298 300/300 299/299
f 297/297 298/298 299/299
f 301/301 297/297 299/299
f 311/311 309/309 312/312
f 308/308 309/309 311/311
f 308/308 307/307 309/309
f 304/304 307/307 308/308
f 306/306 307/307 304/304
f 305/305 306/306 304/304
f 304/304 303/303 305/305
f 302/302 303/303 304/304
f 313/313 316/316 315/315
f 310/310 305/305 303/303
f 314/314 310/310 303/303
f 313/313 303/303 302/302
f 314/314 303/303 313/313
f 315/315 314/314 313/313
f 317/317 318/318 319/319
f 322/322 321/321 323/323
f 320/320 321/321 322/322
f 325/325 327/327 328/328
f 324/324 325/325 326/326
f 324/324 327/327 325/325
f 329/329 324/324 326/326
f 330/330 325/325 328/328
f 326/326 331/331 329/329
f 332/332 333/333 334/334
f 335/335 336/336 337/337
f 340/340 343/343 338/338
f 340/340 339/339 341/341
f 338/338 343/343 344/344
f 345/345 346/346 347/347
f 338/338 339/339 340/340
f 339/339 338/338 342/342
f 351/351 350/350 349/349
f 348/348 349/349 350/350
f 354/354 357/357 358/358
f 354/354 358/358 359/359
f 354/354 353/353 357/357
f 352/352 353/353 354/354
f 355/355 353/353 352/352
f 356/356 353/353 355/355
f 356/356 355/355 360/360
f 361/361 364/364 362/362
f 369/369 370/370 361/361
f 371/371 372/372 370/370
f 365/365 363/363 362/362
f 361/361 362/362 363/363
f 361/361 363/363 369/369
f 373/373 371/371 369/369
f 369/369 371/371 370/370
f 365/365 366/366 363/363
f 365/365 367/367 366/366
f 366/366 367/367 368/368
f 399/399 398/398 397/397
f 398/398 393/393 397/397
f 397/397 393/393 396/396
f 391/391 396/396 393/393
f 391/391 393/393 392/392
f 395/395 400/400 391/391
f 392/392 390/390 391/391
f 375/375 391/391 390/390
f 395/395 391/391 394/394
f 394/394 391/391 375/375
f 401/401 402/402 403/403
f 375/375 390/390 376/376
f 374/374 375/375 376/376
f 374/374 376/376 377/377
f 378/378 374/374 377/377
f 379/379 374/374 378/378
f 380/380 379/379 378/378
f 379/379 380/380 381/381
f 381/381 380/380 382/382
f 382/382 383/383 381/381
f 383/383 382/382 384/384
f 385/385 383/383 384/384
f 383/383 385/385 386/386
f 387/387 386/386 385/385
f 389/389 386/386 387/387
f 385/385 388/388 387/387
f 417/417 416/416 409/409
f 415/415 409/409 416/416
f 408/408 409/409 415/415
f 408/408 405/405 409/409
f 408/408 406/406 405/405
f 404/404 405/405 406/406
f 407/407 405/405 404/404
f 405/405 407/407 410/410
f 410/410 411/411 405/405
f 412/412 410/410 414/414
f 412/412 411/411 410/410
f 411/411 412/412 413/413
f 418/418 411/411 413/413
f 419/419 420/420 421/421
f 422/422 420/420 419/419
f 423/423 424/424 425/425
f 426/426 427/427 428/428
f 429/429 430/430 431/431
f 435/435 436/436 437/437
f 436/436 435/435 438/438
f 437/437 436/436 439/439
f 440/440 437/437 439/439
f 432/432 433/433 434/434
f 447/447 449/449 448/448
f 445/445 444/444 446/446
f 441/441 444/444 445/445
f 443/443 447/447 448/448
f 441/441 442/442 443/443
f 443/443 442/442 447/447
f 441/441 451/451 442/442
f 442/442 449/449 447/447
f 450/450 449/449 442/442
f 441/441 443/443 444/444
f 466/466 465/465 467/467
f 464/464 465/465 466/466
f 470/470 465/465 464/464
f 465/465 470/470 469/469
f 453/453 457/457 456/456
f 459/459 457/457 453/453
f 453/453 458/458 459/459
f 452/452 458/458 453/453
f 458/458 461/461 459/459
f 460/460 458/458 452/452
f 454/454 453/453 456/456
f 452/452 453/453 454/454
f 455/455 452/452 454/454
f 452/452 455/455 462/462
f 455/455 463/463 462/462
f 472/472 468/468 473/473
f 468/468 469/469 470/470
f 471/471 469/469 468/468
f 472/472 471/471 468/468
f 478/478 479/479 476/476
f 475/475 478/478 476/476
f 474/474 475/475 476/476
f 477/477 474/474 476/476
f 484/484 482/482 485/485
f 480/480 482/482 484/484
f 480/480 481/481 482/482
f 481/481 483/483 482/482
f 489/489 487/487 490/490
f 489/489 488/488 487/487
f 488/488 489/489 491/491
f 486/486 487/487 488/488
f 486/486 488/488 491/491
f 491/491 492/492 486/486
f 492/492 493/493 486/486
f 498/498 505/505 502/502
f 499/499 503/503 504/504
f 494/494 495/495 496/496
f 502/502 503/503 499/499
f 499/499 498/498 502/502
f 498/498 499/499 496/496
f 498/498 496/496 500/500
f 499/499 501/501 496/496
f 501/501 497/497 496/496
f 496/496 497/497 494/494
f 507/507 506/506 511/511
f 506/506 507/507 508/508
f 509/509 508/508 507/507
f 510/510 508/508 509/509
f 508/508 510/510 514/514
f 515/515 514/514 510/510
f 511/511 506/506 512/512
f 512/512 506/506 513/513
f 508/508 513/513 506/506
f 508/508 514/514 513/513
f 520/520 521/521 522/522
f 516/516 517/517 518/518
f 516/516 518/518 519/519
f 545/545 543/543 542/542
f 536/536 538/538 523/523
f 542/542 543/543 544/544
f 537/537 525/525 527/527
f 525/525 537/537 535/535
f 535/535 534/534 525/525
f 524/524 526/526 525/525
f 533/533 525/525 534/534
f 525/525 533/533 523/523
f 523/523 524/524 525/525
f 526/526 527/527 525/525
f 524/524 540/540 532/532
f 532/532 526/526 524/524
f 528/528 529/529 527/527
f 530/530 528/528 531/531
f 527/527 526/526 528/528
f 526/526 532/532 528/528
f 528/528 532/532 531/531
f 528/528 530/530 529/529
f 539/539 536/536 541/541
f 536/536 539/539 538/538
f 534/534 523/523 533/533
f 536/536 523/523 534/534
f 552/552 553/553 555/555
f 551/551 553/553 552/552
f 550/550 551/551 552/552
f 547/547 551/551 550/550
f 546/546 547/547 548/548
f 548/548 547/547 550/550
f 549/549 548/548 554/554
f 548/548 549/549 546/546
f 556/556 557/557 558/558
f 556/556 558/558 559/559
f 559/559 560/560 556/556
f 557/557 556/556 560/560
f 561/561 560/560 562/562
f 557/557 560/560 561/561
f 563/563 567/567 564/564
f 563/563 565/565 568/568
f 563/563 564/564 565/565
f 566/566 565/565 564/564
f 573/573 571/571 570/570
f 570/570 569/569 572/572
f 569/569 570/570 571/571
f 574/574 575/575 576/576
f 575/575 574/574 578/578
f 577/577 576/576 575/575
f 579/579 580/580 581/581
f 581/581 584/584 579/579
f 579/579 584/584 585/585
f 580/580 579/579 582/582
f 579/579 583/583 582/582
f 588/588 590/590 586/586
f 586/586 587/587 588/588
f 589/589 587/587 586/586
f 600/600 599/599 598/598
f 597/597 598/598 599/599
f 591/591 592/592 593/593
f 593/593 592/592 594/594
f 595/595 594/594 592/592
f 596/596 591/591 593/593
f 601/601 602/602 603/603
f 605/605 602/602 606/606
f 603/603 602/602 605/605
f 605/605 606/606 607/607
f 604/604 601/601 603/603
f 614/614 613/613 615/615
f 614/614 608/608 613/613
f 608/608 614/614 616/616
f 613/613 608/608 610/610
f 608/608 609/609 610/610
f 608/608 611/611 609/609
f 611/611 608/608 612/612
f 625/625 619/619 618/618
f 621/621 618/618 620/620
f 618/618 621/621 622/622
f 622/622 621/621 628/628
f 628/628 631/631 622/622
f 626/626 627/627 624/624
f 620/620 618/618 617/617
f 620/620 617/617 623/623
f 623/623 617/617 629/629
f 629/629 630/630 623/623
f 625/625 624/624 619/619
f 626/626 624/624 625/625
f 617/617 618/618 619/619
f 624/624 617/617 619/619
f 636/636 637/637 632/632
f 634/634 636/636 632/632
f 633/633 632/632 638/638
f 632/632 633/633 634/634
f 635/635 639/639 634/634
f 633/633 635/635 634/634
f 635/635 633/633 640/640
f 646/646 643/643 642/642
f 641/641 642/642 643/643
f 644/644 642/642 641/641
f 645/645 644/644 641/641
f 672/672 673/673 668/668
f 672/672 668/668 669/669
f 669/669 667/667 670/670
f 667/667 669/669 668/668
f 670/670 667/667 671/671
f 668/668 665/665 666/666
f 666/666 665/665 664/664
f 663/663 664/664 665/665
f 667/667 668/668 666/666
f 667/667 666/666 664/664
f 663/663 665/665 650/650
f 663/663 650/650 647/647
f 664/664 663/663 647/647
f 648/648 647/647 650/650
f 647/647 648/648 649/649
f 652/652 648/648 655/655
f 648/648 651/651 649/649
f 652/652 651/651 648/648
f 656/656 652/652 655/655
f 654/654 652/652 656/656
f 656/656 655/655 657/657
f 651/651 652/652 653/653
f 652/652 654/654 653/653
f 658/658 654/654 656/656
f 657/657 658/658 656/656
f 657/657 655/655 659/659
f 660/660 657/657 659/659
f 674/674 675/675 676/676
f 661/661 659/659 662/662
f 659/659 661/661 660/660
f 683/683 682/682 684/684
f 677/677 678/678 679/679
f 677/677 679/679 680/680
f 681/681 682/682 683/683
f 685/685 681/681 683/683
f 691/691 696/696 692/692
f 686/686 688/688 691/691
f 686/686 687/687 688/688
f 691/691 692/692 686/686
f 686/686 692/692 693/693
f 687/687 689/689 688/688
f 689/689 687/687 690/690
f 694/694 693/693 692/692
f 689/689 690/690 695/695
f 695/695 690/690 697/697
f 699/699 698/698 702/702
f 698/698 699/699 700/700
f 708/708 703/703 702/702
f 703/703 707/707 706/706
f 707/707 703/703 708/708
f 703/703 704/704 699/699
f 699/699 704/704 701/701
f 706/706 704/704 703/703
f 703/703 699/699 702/702
f 700/700 699/699 701/701
f 701/701 704/704 705/705
f 709/709 710/710 711/711
f 709/709 712/712 710/710
f 713/713 710/710 712/712
f 710/710 713/713 714/714
f 715/715 710/710 714/714
f 716/716 720/720 721/721
f 716/716 719/719 720/720
f 716/716 717/717 718/718
f 718/718 717/717 723/723
f 719/719 716/716 718/718
f 717/717 724/724 723/723
f 717/717 726/726 725/725
f 725/725 724/724 717/717
f 718/718 722/722 719/719
f 722/722 718/718 723/723
f 729/729 730/730 731/731
f 728/728 730/730 729/729
f 738/738 730/730 739/739
f 730/730 738/738 731/731
f 730/730 728/728 732/732
f 728/728 733/733 732/732
f 734/734 733/733 728/728
f 735/735 733/733 734/734
f 736/736 733/733 735/735
f 727/727 728/728 729/729
f 735/735 734/734 737/737
f 740/740 741/741 742/742
f 744/744 740/740 742/742
f 745/745 744/744 742/742
f 743/743 741/741 740/740
f 746/746 747/747 748/748
f 749/749 746/746 748/748
f 754/754 755/755 751/751
f 754/754 751/751 750/750
f 750/750 751/751 752/752
f 753/753 752/752 751/751
f 757/757 756/756 758/758
f 760/760 759/759 758/758
f 757/757 758/758 759/759
f 765/765 762/762 764/764
f 764/764 762/762 760/760
f 759/759 760/760 762/762
f 762/762 761/761 759/759
f 761/761 762/762 763/763
f 757/757 759/759 761/761
f 751/751 756/756 757/757
f 755/755 756/756 751/751
f 775/775 774/774 776/776
f 775/775 772/772 774/774
f 773/773 774/774 772/772
f 767/767 772/772 768/768
f 767/767 773/773 772/772
f 766/766 767/767 768/768
f 769/769 767/767 766/766
f 770/770 769/769 766/766
f 770/770 771/771 769/769
f 777/777 771/771 770/770
f 786/786 783/783 785/785
f 783/783 784/784 785/785
f 784/784 780/780 785/785
f 780/780 784/784 782/782
f 778/778 779/779 780/780
f 781/781 779/779 778/778
f 782/782 778/778 780/780
f 795/795 794/794 796/796
f 794/794 795/795 791/791
f 794/794 791/791 788/788
f 788/788 791/791 789/789
f 787/787 788/788 789/789
f 788/788 787/787 792/792
f 792/792 787/787 790/790
f 792/792 790/790 793/793
f 787/787 789/789 790/790
f 790/790 789/789 797/797
f 798/798 790/790 797/797
f 790/790 798/798 799/799
f 814/814 816/816 815/815
f 815/815 816/816 817/817
f 814/814 815/815 813/813
f 802/802 813/813 812/812
f 814/814 813/813 802/802
f 816/816 818/818 817/817
f 819/819 818/818 816/816
f 812/812 811/811 802/802
f 802/802 811/811 800/800
f 800/800 801/801 802/802
f 801/801 800/800 803/803
f 801/801 803/803 804/804
f 805/805 803/803 806/806
f 804/804 803/803 805/805
f 809/809 808/808 807/807
f 810/810 808/808 809/809
f 806/806 807/807 805/805
f 805/805 807/807 808/808
f 820/820 821/821 822/822
f 823/823 824/824 825/825
f 825/825 826/826 823/823
f 825/825 827/827 826/826
f 827/827 825/825 824/824
f 827/827 824/824 828/828
f 828/828 829/829 827/827
f 830/830 827/827 829/829
f 829/829 831/831 830/830
f 832/832 829/829 833/833
f 828/828 834/834 829/829
f 833/833 829/829 834/834
f 833/833 834/834 831/831
f 835/835 836/836 837/837
f 835/835 838/838 836/836
f 839/839 840/840 841/841
f 839/839 842/842 840/840
f 843/843 844/844 845/845
f 846/846 847/847 848/848
f 849/849 846/846 848/848
f 846/846 849/849 850/850
f 851/851 850/850 849/849
f 852/852 853/853 854/854
f 855/855 856/856 857/857
f 858/858 855/855 857/857
f 859/859 861/861 864/864
f 859/859 860/860 861/861
f 863/863 861/861 860/860
f 862/862 860/860 859/859
f 878/878 876/876 877/877
f 877/877 876/876 866/866
f 866/866 876/876 867/867
f 871/871 873/873 875/875
f 869/869 873/873 871/871
f 875/875 865/865 867/867
f 875/875 873/873 865/865
f 879/879 880/880 881/881
f 866/866 878/878 877/877
f 866/866 874/874 878/878
f 865/865 866/866 867/867
f 869/869 868/868 865/865
f 868/868 866/866 865/865
f 871/871 868/868 869/869
f 868/868 871/871 872/872
f 870/870 874/874 866/866
f 870/870 866/866 868/868
f 885/885 886/886 887/887
f 885/885 883/883 886/886
f 883/883 885/885 884/884
f 882/882 883/883 884/884
f 888/888 882/882 884/884
f 884/884 889/889 888/888
f 898/898 910/910 911/911
f 910/910 898/898 896/896
f 897/897 896/896 898/898
f 897/897 894/894 896/896
f 898/898 899/899 897/897
f 897/897 899/899 900/900
f 897/897 900/900 901/901
f 900/900 902/902 901/901
f 902/902 900/900 904/904
f 904/904 909/909 908/908
f 890/890 893/893 891/891
f 890/890 891/891 892/892
f 894/894 895/895 896/896
f 903/903 902/902 904/904
f 905/905 904/904 908/908
f 903/903 904/904 905/905
f 906/906 903/903 905/905
f 905/905 907/907 906/906
f 946/946 947/947 945/945
f 943/943 946/946 945/945
f 944/944 943/943 945/945
f 942/942 943/943 944/944
f 943/943 942/942 941/941
f 940/940 941/941 938/938
f 938/938 941/941 942/942
f 939/939 940/940 938/938
f 938/938 937/937 939/939
f 934/934 937/937 938/938
f 935/935 937/937 934/934
f 933/933 934/934 915/915
f 935/935 934/934 933/933
f 936/936 935/935 933/933
f 913/913 915/915 914/914
f 913/913 933/933 915/915
f 912/912 913/913 914/914
f 916/916 913/913 912/912
f 917/917 916/916 912/912
f 918/918 916/916 917/917
f 919/919 918/918 917/917
f 918/918 919/919 920/920
f 921/921 920/920 919/919
f 921/921 922/922 920/920
f 921/921 923/923 922/922
f 923/923 921/921 924/924
f 925/925 923/923 924/924
f 948/948 949/949 950/950
f 927/927 928/928 929/929
f 929/929 930/930 931/931
f 929/929 928/928 930/930
f 927/927 925/925 926/926
f 928/928 927/927 926/926
f 924/924 926/926 925/925
f 932/932 926/926 924/924
f 954/954 958/958 959/959
f 952/952 958/958 954/954
f 953/953 952/952 954/954
f 951/951 952/952 953/953
f 955/955 952/952 951/951
f 956/956 955/955 951/951
f 956/956 957/957 955/955
f 960/960 961/961 962/962
f 964/964 963/963 967/967
f 963/963 964/964 965/965
f 966/966 963/963 965/965
f 972/972 974/974 976/976
f 975/975 974/974 973/973
f 972/972 973/973 974/974
f 970/970 969/969 971/971
f 968/968 969/969 970/970
f 977/977 976/976 974/974
f 974/974 975/975 977/977
f 989/989 982/982 985/985
f 989/989 985/985 990/990
f 1027/1027 1048/1048 1023/1023
f 1050/1050 1048/1048 1049/1049
f 1049/1049 1048/1048 1027/1027
f 1021/1021 1023/1023 1022/1022
f 1023/1023 1021/1021 1027/1027
f 1006/1006 1008/1008 1007/1007
f 1004/1004 1006/1006 1007/1007
f 1004/1004 1007/1007 1009/1009
f 1005/1005 1006/1006 1004/1004
f 1004/1004 1003/1003 1005/1005
f 1002/1002 1004/1004 1009/1009
f 1003/1003 1004/1004 1002/1002
f 1017/1017 1018/1018 1026/1026
f 1014/1014 1018/1018 1017/1017
f 1014/1014 1019/1019 1018/1018
f 1005/1005 1014/1014 1017/1017
f 1011/1011 1014/1014 1005/1005
f 1011/1011 1005/1005 1012/1012
f 1010/1010 1011/1011 1012/1012
f 1019/1019 1021/1021 1020/1020
f 1022/1022 1020/1020 1021/1021
f 1020/1020 1018/1018 1019/1019
f 982/982 979/979 985/985
f 979/979 991/991 985/985
f 979/979 982/982 981/981
f 1051/1051 1050/1050 1049/1049
f 980/980 979/979 981/981
f 1051/1051 1049/1049 1052/1052
f 978/978 979/979 980/980
f 1053/1053 1051/1051 1052/1052
f 983/983 978/978 980/980
f 1051/1051 1054/1054 1061/1061
f 1054/1054 1051/1051 1053/1053
f 1054/1054 1053/1053 1055/1055
f 986/986 984/984 983/983
f 984/984 978/978 983/983
f 988/988 987/987 986/986
f 984/984 986/986 987/987
f 1055/1055 1056/1056 1054/1054
f 1056/1056 1055/1055 1057/1057
f 1057/1057 1058/1058 1056/1056
f 1059/1059 1057/1057 1060/1060
f 1059/1059 1058/1058 1057/1057
f 997/997 1003/1003 1002/1002
f 996/996 1003/1003 997/997
f 997/997 1002/1002 1000/1000
f 996/996 997/997 998/998
f 1001/1001 999/999 1000/1000
f 999/999 997/997 1000/1000
f 1030/1030 999/999 1001/1001
f 998/998 997/997 999/999
f 1030/1030 1028/1028 999/999
f 1028/1028 996/996 999/999
f 1015/1015 996/996 1028/1028
f 1029/1029 1028/1028 1030/1030
f 1028/1028 1029/1029 1025/1025
f 1015/1015 1013/1013 1012/1012
f 1025/1025 1015/1015 1028/1028
f 1012/1012 1013/1013 1010/1010
f 1016/1016 1013/1013 1015/1015
f 1024/1024 1016/1016 1015/1015
f 1024/1024 1015/1015 1025/1025
f 1031/1031 1016/1016 1024/1024
f 1032/1032 1016/1016 1031/1031
f 1032/1032 1031/1031 1045/1045
f 1032/1032 1033/1033 1016/1016
f 1033/1033 1032/1032 1034/1034
f 1033/1033 1034/1034 1035/1035
f 1036/1036 1035/1035 1034/1034
f 1036/1036 1037/1037 1035/1035
f 1040/1040 1037/1037 1039/1039
f 1038/1038 1037/1037 1036/1036
f 1038/1038 1039/1039 1037/1037
f 1041/1041 1037/1037 1040/1040
f 993/993 992/992 995/995
f 992/992 993/993 994/994
f 1041/1041 1042/1042 1037/1037
f 1043/1043 1042/1042 1041/1041
f 1043/1043 1044/1044 1042/1042
f 1043/1043 1046/1046 1044/1044
f 1047/1047 1046/1046 1043/1043
f 1062/1062 1065/1065 1063/1063
f 1067/1067 1068/1068 1069/1069
f 1063/1063 1066/1066 1064/1064
f 1062/1062 1063/1063 1064/1064
f 1072/1072 1074/1074 1070/1070
f 1071/1071 1070/1070 1073/1073
f 1070/1070 1071/1071 1072/1072
f 1075/1075 1072/1072 1071/1071
f 1075/1075 1076/1076 1072/1072
f 1077/1077 1078/1078 1079/1079
f 1080/1080 1081/1081 1082/1082
f 1086/1086 1083/1083 1080/1080
f 1087/1087 1083/1083 1086/1086
f 1083/1083 1081/1081 1080/1080
f 1088/1088 1082/1082 1084/1084
f 1090/1090 1091/1091 1092/1092
f 1084/1084 1089/1089 1088/1088
f 1081/1081 1084/1084 1082/1082
f 1084/1084 1081/1081 1085/1085
f 1106/1106 1107/1107 1097/1097
f 1103/1103 1106/1106 1097/1097
f 1108/1108 1097/1097 1107/1107
f 1109/1109 1097/1097 1108/1108
f 1094/1094 1097/1097 1099/1099
f 1101/1101 1094/1094 1099/1099
f 1101/1101 1095/1095 1094/1094
f 1110/1110 1095/1095 1101/1101
f 1110/1110 1098/1098 1095/1095
f 1103/1103 1097/1097 1096/1096
f 1105/1105 1103/1103 1104/1104
f 1103/1103 1096/1096 1104/1104
f 1102/1102 1104/1104 1096/1096
f 1096/1096 1097/1097 1094/1094
f 1093/1093 1096/1096 1094/1094
f 1102/1102 1096/1096 1093/1093
f 1093/1093 1094/1094 1095/1095
f 1095/1095 1098/1098 1093/1093
f 1100/1100 1102/1102 1093/1093
f 1098/1098 1100/1100 1093/1093
f 1100/1100 1098/1098 1112/1112
f 1111/1111 1098/1098 1110/1110
f 1112/1112 1098/1098 1111/1111
f 1112/1112 1111/1111 1114/1114
f 1114/1114 1113/1113 1112/1112
f 1114/1114 1115/1115 1113/1113
f 1115/1115 1114/1114 1116/1116
f 1115/1115 1116/1116 1117/1117
f 1113/1113 1100/1100 1112/1112
f 1118/1118 1123/1123 1119/1119
f 1124/1124 1123/1123 1118/1118
f 1122/1122 1125/1125 1124/1124
f 1118/1118 1119/1119 1120/1120
f 1122/1122 1124/1124 1118/1118
f 1122/1122 1118/1118 1120/1120
f 1126/1126 1119/1119 1127/1127
f 1121/1121 1119/1119 1126/1126
f 1120/1120 1119/1119 1121/1121
f 1127/1127 1121/1121 1126/1126
f 1121/1121 1127/1127 1128/1128
f 1121/1121 1128/1128 1129/1129
f 1121/1121 1129/1129 1130/1130
f 1133/1133 1134/1134 1137/1137
f 1134/1134 1133/1133 1132/1132
f 1131/1131 1132/1132 1133/1133
f 1135/1135 1132/1132 1131/1131
f 1133/1133 1137/1137 1136/1136
f 1131/1131 1133/1133 1136/1136
f 1138/1138 1140/1140 1144/1144
f 1138/1138 1139/1139 1140/1140
f 1140/1140 1145/1145 1144/1144
f 1145/1145 1140/1140 1146/1146
f 1139/1139 1141/1141 1140/1140
f 1139/1139 1142/1142 1141/1141
f 1141/1141 1143/1143 1140/1140
f 1149/1149 1150/1150 1147/1147
f 1152/1152 1151/1151 1153/1153
f 1150/1150 1151/1151 1152/1152
f 1150/1150 1149/1149 1151/1151
f 1147/1147 1148/1148 1149/1149
f 1148/1148 1147/1147 1154/1154
f 1148/1148 1154/1154 1155/1155
f 1156/1156 1148/1148 1155/1155
f 1157/1157 1158/1158 1159/1159
f 1158/1158 1160/1160 1159/1159
f 1165/1165 1167/1167 1164/1164
f 1164/1164 1162/1162 1165/1165
f 1164/1164 1163/1163 1162/1162
f 1161/1161 1162/1162 1163/1163
f 1163/1163 1166/1166 1161/1161
f 1168/1168 1161/1161 1166/1166
f 1173/1173 1175/1175 1178/1178
f 1179/1179 1178/1178 1175/1175
f 1179/1179 1182/1182 1178/1178
f 1183/1183 1178/1178 1182/1182
f 1180/1180 1186/1186 1184/1184
f 1180/1180 1184/1184 1181/1181
f 1181/1181 1184/1184 1171/1171
f 1169/1169 1170/1170 1171/1171
f 1170/1170 1169/1169 1172/1172
f 1186/1186 1185/1185 1184/1184
f 1169/1169 1184/1184 1185/1185
f 1169/1169 1171/1171 1184/1184
f 1169/1169 1175/1175 1173/1173
f 1181/1181 1170/1170 1180/1180
f 1172/1172 1180/1180 1170/1170
f 1176/1176 1172/1172 1174/1174
f 1173/1173 1172/1172 1169/1169
f 1172/1172 1173/1173 1174/1174
f 1177/1177 1176/1176 1174/1174
f 1225/1225 1226/1226 1227/1227
f 1222/1222 1224/1224 1223/1223
f 1225/1225 1224/1224 1226/1226
f 1234/1234 1227/1227 1224/1224
f 1224/1224 1227/1227 1226/1226
f 1223/1223 1224/1224 1225/1225
f 1236/1236 1234/1234 1237/1237
f 1227/1227 1234/1234 1236/1236
f 1233/1233 1246/1246 1232/1232
f 1232/1232 1228/1228 1233/1233
f 1228/1228 1232/1232 1231/1231
f 1228/1228 1231/1231 1230/1230
f 1218/1218 1230/1230 1235/1235
f 1230/1230 1218/1218 1228/1228
f 1229/1229 1228/1228 1192/1192
f 1218/1218 1192/1192 1228/1228
f 1194/1194 1218/1218 1219/1219
f 1192/1192 1218/1218 1194/1194
f 1194/1194 1187/1187 1192/1192
f 1189/1189 1192/1192 1187/1187
f 1187/1187 1188/1188 1189/1189
f 1190/1190 1189/1189 1188/1188
f 1190/1190 1188/1188 1191/1191
f 1221/1221 1219/1219 1222/1222
f 1219/1219 1221/1221 1220/1220
f 1222/1222 1223/1223 1221/1221
f 1219/1219 1220/1220 1194/1194
f 1236/1236 1237/1237 1238/1238
f 1237/1237 1239/1239 1238/1238
f 1238/1238 1239/1239 1240/1240
f 1240/1240 1239/1239 1241/1241
f 1241/1241 1242/1242 1240/1240
f 1242/1242 1241/1241 1243/1243
f 1244/1244 1242/1242 1243/1243
f 1244/1244 1243/1243 1245/1245
f 1190/1190 1191/1191 1193/1193
f 1195/1195 1190/1190 1193/1193
f 1195/1195 1193/1193 1196/1196
f 1196/1196 1197/1197 1195/1195
f 1198/1198 1195/1195 1197/1197
f 1198/1198 1197/1197 1199/1199
f 1198/1198 1199/1199 1200/1200
f 1203/1203 1201/1201 1202/1202
f 1206/1206 1205/1205 1203/1203
f 1205/1205 1206/1206 1207/1207
f 1201/1201 1199/1199 1202/1202
f 1199/1199 1201/1201 1200/1200
f 1201/1201 1203/1203 1204/1204
f 1203/1203 1205/1205 1204/1204
f 1215/1215 1214/1214 1216/1216
f 1210/1210 1214/1214 1213/1213
f 1214/1214 1215/1215 1213/1213
f 1213/1213 1215/1215 1217/1217
f 1208/1208 1207/1207 1206/1206
f 1206/1206 1209/1209 1208/1208
f 1210/1210 1208/1208 1209/1209
f 1208/1208 1210/1210 1211/1211
f 1213/1213 1212/1212 1210/1210
f 1212/1212 1211/1211 1210/1210
f 1247/1247 1248/1248 1249/1249
f 1250/1250 1251/1251 1252/1252
f 1253/1253 1254/1254 1255/1255
f 1264/1264 1265/1265 1266/1266
f 1265/1265 1267/1267 1266/1266
f 1266/1266 1267/1267 1268/1268
f 1269/1269 1266/1266 1268/1268
f 1269/1269 1268/1268 1270/1270
f 1271/1271 1269/1269 1270/1270
f 1272/1272 1269/1269 1271/1271
f 1262/1262 1263/1263 1257/1257
f 1256/1256 1262/1262 1257/1257
f 1256/1256 1257/1257 1258/1258
f 1256/1256 1258/1258 1259/1259
f 1260/1260 1256/1256 1259/1259
f 1260/1260 1261/1261 1256/1256
f 1273/1273 1274/1274 1275/1275
f 1278/1278 1280/1280 1276/1276
f 1276/1276 1277/1277 1278/1278
f 1279/1279 1278/1278 1277/1277
f 1281/1281 1282/1282 1283/1283
f 1291/1291 1290/1290 1289/1289
f 1289/1289 1290/1290 1285/1285
f 1291/1291 1289/1289 1284/1284
f 1289/1289 1285/1285 1284/1284
f 1284/1284 1285/1285 1286/1286
f 1287/1287 1286/1286 1285/1285
f 1288/1288 1286/1286 1287/1287
f 1286/1286 1288/1288 1292/1292
f 1293/1293 1294/1294 1295/1295
f 1297/1297 1295/1295 1294/1294
f 1299/1299 1301/1301 1300/1300
f 1302/1302 1303/1303 1304/1304
f 1298/1298 1299/1299 1300/1300
f 1296/1296 1294/1294 1293/1293
f 1305/1305 1306/1306 1307/1307
f 1310/1310 1309/1309 1306/1306
f 1306/1306 1305/1305 1311/1311
f 1305/1305 1312/1312 1311/1311
f 1311/1311 1312/1312 1313/1313
f 1312/1312 1305/1305 1314/1314
f 1308/1308 1306/1306 1309/1309
f 1306/1306 1308/1308 1307/1307
f 1320/1320 1315/1315 1319/1319
f 1316/1316 1322/1322 1321/1321
f 1316/1316 1321/1321 1318/1318
f 1316/1316 1318/1318 1317/1317
f 1315/1315 1316/1316 1317/1317
f 1315/1315 1317/1317 1319/1319
f 1323/1323 1324/1324 1325/1325
f 1335/1335 1332/1332 1336/1336
f 1332/1332 1335/1335 1330/1330
f 1330/1330 1331/1331 1332/1332
f 1330/1330 1333/1333 1331/1331
f 1334/1334 1333/1333 1330/1330
f 1326/1326 1327/1327 1328/1328
f 1326/1326 1329/1329 1327/1327
f 1338/1338 1340/1340 1339/1339
f 1344/1344 1346/1346 1347/1347
f 1344/1344 1345/1345 1346/1346
f 1337/1337 1338/1338 1339/1339
f 1340/1340 1338/1338 1341/1341
f 1342/1342 1338/1338 1337/1337
f 1342/1342 1343/1343 1338/1338
f 1351/1351 1353/1353 1354/1354
f 1351/1351 1352/1352 1353/1353
f 1348/1348 1349/1349 1350/1350
f 1355/1355 1356/1356 1357/1357
f 1357/1357 1356/1356 1359/1359
f 1358/1358 1355/1355 1357/1357
f 1380/1380 1379/1379 1369/1369
f 1381/1381 1382/1382 1379/1379
f 1381/1381 1379/1379 1380/1380
f 1376/1376 1372/1372 1377/1377
f 1375/1375 1372/1372 1376/1376
f 1368/1368 1369/1369 1370/1370
f 1369/1369 1368/1368 1371/1371
f 1379/1379 1370/1370 1369/1369
f 1374/1374 1372/1372 1375/1375
f 1373/1373 1372/1372 1374/1374
f 1371/1371 1372/1372 1373/1373
f 1371/1371 1368/1368 1372/1372
f 1369/1369 1371/1371 1385/1385
f 1378/1378 1371/1371 1373/1373
f 1361/1361 1363/1363 1362/1362
f 1383/1383 1367/1367 1381/1381
f 1360/1360 1364/1364 1367/1367
f 1360/1360 1367/1367 1383/1383
f 1360/1360 1362/1362 1364/1364
f 1381/1381 1367/1367 1382/1382
f 1366/1366 1365/1365 1361/1361
f 1361/1361 1365/1365 1363/1363
f 1360/1360 1361/1361 1362/1362
f 1384/1384 1360/1360 1383/1383
f 1386/1386 1387/1387 1388/1388
f 1387/1387 1386/1386 1389/1389
f 1387/1387 1390/1390 1388/1388
f 1391/1391 1394/1394 1392/1392
f 1391/1391 1392/1392 1393/1393
f 1391/1391 1393/1393 1395/1395
f 1400/1400 1401/1401 1402/1402
f 1399/1399 1401/1401 1400/1400
f 1397/1397 1399/1399 1400/1400
f 1403/1403 1397/1397 1405/1405
f 1396/1396 1397/1397 1398/1398
f 1403/1403 1398/1398 1397/1397
f 1397/1397 1396/1396 1399/1399
f 1403/1403 1404/1404 1398/1398
f 1398/1398 1404/1404 1396/1396
f 1404/1404 1403/1403 1405/1405
f 1412/1412 1407/1407 1410/1410
f 1410/1410 1407/1407 1406/1406
f 1406/1406 1407/1407 1408/1408
f 1407/1407 1409/1409 1408/1408
f 1408/1408 1409/1409 1411/1411
f 1413/1413 1412/1412 1410/1410
f 1417/1417 1415/1415 1414/1414
f 1420/1420 1421/1421 1419/1419
f 1418/1418 1420/1420 1415/1415
f 1415/1415 1417/1417 1418/1418
f 1415/1415 1419/1419 1416/1416
f 1420/1420 1419/1419 1415/1415
f 1414/1414 1415/1415 1416/1416
f 1422/1422 1423/1423 1424/1424
f 1425/1425 1426/1426 1427/1427
f 1428/1428 1425/1425 1427/1427
f 1426/1426 1425/1425 1429/1429
f 1437/1437 1438/1438 1439/1439
f 1434/1434 1435/1435 1436/1436
f 1430/1430 1431/1431 1432/1432
f 1431/1431 1433/1433 1432/1432
f 1440/1440 1443/1443 1441/1441
f 1440/1440 1441/1441 1442/1442
f 1450/1450 1448/1448 1449/1449
f 1448/1448 1446/1446 1449/1449
f 1446/1446 1448/1448 1444/1444
f 1445/1445 1444/1444 1451/1451
f 1444/1444 1445/1445 1446/1446
f 1445/1445 1447/1447 1446/1446
f 1451/1451 1452/1452 1445/1445
f 1455/1455 1456/1456 1453/1453
f 1459/1459 1458/1458 1461/1461
f 1458/1458 1459/1459 1460/1460
f 1462/1462 1458/1458 1460/1460
f 1453/1453 1454/1454 1455/1455
f 1457/1457 1454/1454 1453/1453
f 1467/1467 1466/1466 1465/1465
f 1463/1463 1465/1465 1466/1466
f 1463/1463 1464/1464 1465/1465
f 1464/1464 1463/1463 1469/1469
f 1464/1464 1467/1467 1465/1465
f 1464/1464 1468/1468 1467/1467
f 1493/1493 1495/1495 1494/1494
f 1482/1482 1481/1481 1487/1487
f 1490/1490 1493/1493 1491/1491
f 1493/1493 1494/1494 1491/1491
f 1481/1481 1480/1480 1479/1479
f 1482/1482 1480/1480 1481/1481
f 1490/1490 1491/1491 1492/1492
f 1479/1479 1477/1477 1475/1475
f 1477/1477 1474/1474 1475/1475
f 1479/1479 1480/1480 1478/1478
f 1479/1479 1478/1478 1477/1477
f 1496/1496 1497/1497 1498/1498
f 1474/1474 1470/1470 1475/1475
f 1473/1473 1470/1470 1474/1474
f 1473/1473 1474/1474 1476/1476
f 1470/1470 1471/1471 1472/1472
f 1473/1473 1471/1471 1470/1470
f 1476/1476 1477/1477 1478/1478
f 1476/1476 1478/1478 1483/1483
f 1480/1480 1488/1488 1478/1478
f 1484/1484 1476/1476 1483/1483
f 1484/1484 1483/1483 1485/1485
f 1488/1488 1485/1485 1483/1483
f 1489/1489 1485/1485 1488/1488
f 1473/1473 1476/1476 1484/1484
f 1486/1486 1473/1473 1484/1484
f 1485/1485 1489/1489 1486/1486
f 1502/1502 1503/1503 1500/1500
f 1502/1502 1500/1500 1499/1499
f 1499/1499 1500/1500 1501/1501
f 1504/1504 1499/1499 1501/1501
f 1505/1505 1504/1504 1501/1501
f 1506/1506 1504/1504 1505/1505
f 1507/1507 1508/1508 1509/1509
f 1514/1514 1515/1515 1516/1516
f 1525/1525 1524/1524 1515/1515
f 1515/1515 1524/1524 1516/1516
f 1513/1513 1515/1515 1514/1514
f 1513/1513 1514/1514 1512/1512
f 1531/1531 1532/1532 1533/1533
f 1511/1511 1513/1513 1512/1512
f 1510/1510 1511/1511 1512/1512
f 1533/1533 1534/1534 1531/1531
f 1510/1510 1523/1523 1511/1511
f 1518/1518 1524/1524 1525/1525
f 1529/1529 1527/1527 1528/1528
f 1527/1527 1529/1529 1530/1530
f 1527/1527 1526/1526 1528/1528
f 1517/1517 1512/1512 1526/1526
f 1510/1510 1512/1512 1517/1517
f 1517/1517 1518/1518 1510/1510
f 1517/1517 1526/1526 1527/1527
f 1519/1519 1518/1518 1517/1517
f 1520/1520 1519/1519 1517/1517
f 1521/1521 1517/1517 1522/1522
f 1517/1517 1521/1521 1520/1520
f 1544/1544 1540/1540 1541/1541
f 1541/1541 1539/1539 1543/1543
f 1540/1540 1539/1539 1541/1541
f 1536/1536 1543/1543 1539/1539
f 1542/1542 1539/1539 1540/1540
f 1537/1537 1536/1536 1539/1539
f 1535/1535 1538/1538 1536/1536
f 1542/1542 1535/1535 1539/1539
f 1535/1535 1536/1536 1537/1537
f 1545/1545 1549/1549 1548/1548
f 1546/1546 1545/1545 1548/1548
f 1545/1545 1546/1546 1547/1547
f 1547/1547 1550/1550 1545/1545
f 1547/1547 1551/1551 1550/1550
f 1552/1552 1551/1551 1547/1547
f 1551/1551 1552/1552 1553/1553
f 1561/1561 1564/1564 1562/1562
f 1557/1557 1556/1556 1558/1558
f 1561/1561 1562/1562 1563/1563
f 1556/1556 1557/1557 1554/1554
f 1556/1556 1559/1559 1558/1558
f 1554/1554 1555/1555 1556/1556
f 1554/1554 1560/1560 1555/1555
f 1567/1567 1569/1569 1565/1565
f 1565/1565 1566/1566 1567/1567
f 1566/1566 1565/1565 1568/1568
f 1575/1575 1576/1576 1571/1571
f 1570/1570 1575/1575 1571/1571
f 1570/1570 1572/1572 1573/1573
f 1570/1570 1571/1571 1572/1572
f 1570/1570 1573/1573 1574/1574
f 1578/1578 1581/1581 1579/1579
f 1577/1577 1578/1578 1579/1579
f 1580/1580 1577/1577 1579/1579
f 1577/1577 1582/1582 1578/1578
f 1583/1583 1584/1584 1585/1585
f 1588/1588 1587/1587 1589/1589
f 1586/1586 1587/1587 1588/1588
f 1593/1593 1592/1592 1595/1595
f 1591/1591 1593/1593 1594/1594
f 1591/1591 1592/1592 1593/1593
f 1586/1586 1590/1590 1587/1587
f 1592/1592 1596/1596 1595/1595
f 1602/1602 1603/1603 1604/1604
f 1597/1597 1598/1598 1599/1599
f 1605/1605 1604/1604 1603/1603
f 1601/1601 1597/1597 1599/1599
f 1600/1600 1599/1599 1598/1598
f 1606/1606 1607/1607 1608/1608
f 1609/1609 1610/1610 1611/1611
f 1612/1612 1610/1610 1609/1609
f 1616/1616 1617/1617 1618/1618
f 1613/1613 1614/1614 1615/1615
f 1623/1623 1621/1621 1622/1622
f 1620/1620 1622/1622 1621/1621
f 1626/1626 1622/1622 1620/1620
f 1625/1625 1620/1620 1624/1624
f 1624/1624 1620/1620 1619/1619
f 1619/1619 1620/1620 1621/1621
f 1627/1627 1628/1628 1629/1629
f 1630/1630 1631/1631 1632/1632
f 1638/1638 1635/1635 1639/1639
f 1634/1634 1633/1633 1636/1636
f 1636/1636 1633/1633 1637/1637
f 1633/1633 1634/1634 1635/1635
f 1633/1633 1635/1635 1638/1638
f 1640/1640 1641/1641 1642/1642
f 1640/1640 1642/1642 1643/1643
f 1642/1642 1641/1641 1644/1644
f 1645/1645 1646/1646 1647/1647
f 1647/1647 1646/1646 1649/1649
f 1651/1651 1652/1652 1653/1653
f 1648/1648 1645/1645 1647/1647
f 1650/1650 1645/1645 1648/1648
f 1654/1654 1655/1655 1656/1656
f 1657/1657 1654/1654 1656/1656
f 1656/1656 1658/1658 1659/1659
f 1656/1656 1655/1655 1658/1658
f 1660/1660 1661/1661 1662/1662
f 1663/1663 1664/1664 1665/1665
f 1667/1667 1663/1663 1668/1668
f 1667/1667 1664/1664 1663/1663
f 1666/1666 1665/1665 1664/1664
f 1669/1669 1671/1671 1672/1672
f 1669/1669 1670/1670 1671/1671
f 1669/1669 1673/1673 1670/1670
f 1683/1683 1679/1679 1686/1686
f 1687/1687 1688/1688 1689/1689
f 1685/1685 1676/1676 1683/1683
f 1676/1676 1679/1679 1683/1683
f 1676/1676 1675/1675 1679/1679
f 1674/1674 1675/1675 1676/1676
f 1679/1679 1682/1682 1686/1686
f 1682/1682 1679/1679 1681/1681
f 1679/1679 1680/1680 1681/1681
f 1684/1684 1682/1682 1681/1681
f 1675/1675 1680/1680 1679/1679
f 1677/1677 1675/1675 1674/1674
f 1677/1677 1674/1674 1678/1678
f 1675/1675 1684/1684 1680/1680
f 1690/1690 1691/1691 1692/1692
f 1691/1691 1690/1690 1693/1693
f 1698/1698 1696/1696 1695/1695
f 1696/1696 1697/1697 1694/1694
f 1694/1694 1695/1695 1696/1696
f 1707/1707 1704/1704 1705/1705
f 1705/1705 1704/1704 1702/1702
f 1702/1702 1704/1704 1700/1700
f 1700/1700 1699/1699 1702/1702
f 1699/1699 1700/1700 1701/1701
f 1699/1699 1701/1701 1703/1703
f 1706/1706 1703/1703 1708/1708
f 1703/1703 1706/1706 1699/1699
f 1706/1706 1708/1708 1709/1709
f 1710/1710 1706/1706 1709/1709
f 1719/1719 1714/1714 1718/1718
f 1718/1718 1714/1714 1716/1716
f 1714/1714 1715/1715 1716/1716
f 1715/1715 1717/1717 1720/1720
f 1717/1717 1715/1715 1714/1714
f 1721/1721 1723/1723 1724/1724
f 1721/1721 1722/1722 1723/1723
f 1711/1711 1712/1712 1713/1713
f 1728/1728 1725/1725 1727/1727
f 1738/1738 1737/1737 1736/1736
f 1735/1735 1736/1736 1737/1737
f 1725/1725 1726/1726 1727/1727
f 1730/1730 1731/1731 1725/1725
f 1734/1734 1729/1729 1728/1728
f 1729/1729 1725/1725 1728/1728
f 1730/1730 1725/1725 1729/1729
f 1732/1732 1731/1731 1730/1730
f 1730/1730 1733/1733 1732/1732
f 1739/1739 1740/1740 1741/1741
f 1742/1742 1739/1739 1741/1741
f 1746/1746 1747/1747 1748/1748
f 1743/1743 1744/1744 1745/1745
f 1749/1749 1750/1750 1751/1751
f 1756/1756 1754/1754 1757/1757
f 1752/1752 1753/1753 1754/1754
f 1756/1756 1752/1752 1754/1754
f 1753/1753 1752/1752 1755/1755
f 1758/1758 1759/1759 1760/1760
f 1759/1759 1761/1761 1760/1760
f 1762/1762 1763/1763 1764/1764
f 1771/1771 1772/1772 1773/1773
f 1766/1766 1765/1765 1768/1768
f 1765/1765 1766/1766 1767/1767
f 1774/1774 1773/1773 1772/1772
f 1769/1769 1767/1767 1766/1766
f 1769/1769 1770/1770 1767/1767
f 1775/1775 1776/1776 1777/1777
f 1780/1780 1776/1776 1775/1775
f 1781/1781 1780/1780 1775/1775
f 1778/1778 1779/1779 1777/1777
f 1778/1778 1777/1777 1776/1776
f 1788/1788 1789/1789 1790/1790
f 1791/1791 1788/1788 1790/1790
f 1784/1784 1786/1786 1782/1782
f 1783/1783 1782/1782 1785/1785
f 1782/1782 1783/1783 1784/1784
f 1783/1783 1785/1785 1787/1787
f 1792/1792 1793/1793 1794/1794
f 1795/1795 1792/1792 1794/1794
f 1796/1796 1797/1797 1798/1798
f 1802/1802 1801/1801 1800/1800
f 1801/1801 1802/1802 1805/1805
f 1805/1805 1802/1802 1806/1806
f 1799/1799 1803/1803 1800/1800
f 1799/1799 1800/1800 1801/1801
f 1803/1803 1799/1799 1804/1804
f 1807/1807 1808/1808 1809/1809
f 1812/1812 1809/1809 1808/1808
f 1814/1814 1815/1815 1816/1816
f 1813/1813 1809/1809 1812/1812
f 1809/1809 1811/1811 1810/1810
f 1810/1810 1807/1807 1809/1809
f 1819/1819 1820/1820 1817/1817
f 1817/1817 1818/1818 1819/1819
f 1821/1821 1819/1819 1818/1818
f 1831/1831 1832/1832 1825/1825
f 1824/1824 1833/1833 1831/1831
f 1834/1834 1835/1835 1836/1836
f 1825/1825 1824/1824 1831/1831
f 1822/1822 1823/1823 1824/1824
f 1822/1822 1824/1824 1825/1825
f 1826/1826 1822/1822 1825/1825
f 1827/1827 1822/1822 1826/1826
f 1827/1827 1826/1826 1828/1828
f 1829/1829 1822/1822 1827/1827
f 1828/1828 1830/1830 1827/1827
f 1841/1841 1839/1839 1838/1838
f 1837/1837 1840/1840 1838/1838
f 1846/1846 1845/1845 1844/1844
f 1837/1837 1838/1838 1839/1839
f 1839/1839 1841/1841 1842/1842
f 1843/1843 1844/1844 1845/1845
f 1853/1853 1854/1854 1855/1855
f 1849/1849 1851/1851 1847/1847
f 1847/1847 1848/1848 1849/1849
f 1850/1850 1849/1849 1848/1848
f 1848/1848 1852/1852 1850/1850
f 1861/1861 1862/1862 1863/1863
f 1857/1857 1856/1856 1860/1860
f 1856/1856 1857/1857 1858/1858
f 1859/1859 1856/1856 1858/1858
f 1865/1865 1868/1868 1867/1867
f 1865/1865 1867/1867 1866/1866
f 1880/1880 1879/1879 1878/1878
f 1877/1877 1878/1878 1879/1879
f 1864/1864 1865/1865 1866/1866
f 1869/1869 1864/1864 1866/1866
f 1871/1871 1872/1872 1873/1873
f 1866/1866 1870/1870 1869/1869
f 1874/1874 1872/1872 1871/1871
f 1872/1872 1874/1874 1876/1876
f 1874/1874 1875/1875 1876/1876
f 1882/1882 1885/1885 1883/1883
f 1886/1886 1882/1882 1884/1884
f 1881/1881 1882/1882 1883/1883
f 1882/1882 1881/1881 1884/1884
f 1890/1890 1898/1898 1891/1891
f 1890/1890 1889/1889 1899/1899
f 1891/1891 1887/1887 1890/1890
f 1889/1889 1900/1900 1899/1899
f 1887/1887 1889/1889 1890/1890
f 1894/1894 1893/1893 1888/1888
f 1887/1887 1888/1888 1889/1889
f 1888/1888 1887/1887 1892/1892
f 1888/1888 1893/1893 1889/1889
f 1897/1897 1894/1894 1895/1895
f 1895/1895 1888/1888 1896/1896
f 1895/1895 1894/1894 1888/1888
f 1906/1906 1901/1901 1905/1905
f 1907/1907 1908/1908 1902/1902
f 1901/1901 1902/1902 1903/1903
f 1902/1902 1901/1901 1907/1907
f 1903/1903 1904/1904 1901/1901
f 1904/1904 1905/1905 1901/1901
f 1909/1909 1910/1910 1911/1911
f 1912/1912 1911/1911 1913/1913
f 1916/1916 1912/1912 1914/1914
f 1914/1914 1913/1913 1915/1915
f 1914/1914 1912/1912 1913/1913
f 1917/1917 1916/1916 1914/1914
f 1909/1909 1911/1911 1912/1912
f 1922/1922 1923/1923 1919/1919
f 1918/1918 1921/1921 1924/1924
f 1918/1918 1920/1920 1921/1921
f 1918/1918 1919/1919 1920/1920
f 1918/1918 1922/1922 1919/1919
f 1928/1928 1929/1929 1926/1926
f 1925/1925 1928/1928 1926/1926
f 1936/1936 1935/1935 1933/1933
f 1931/1931 1925/1925 1927/1927
f 1925/1925 1926/1926 1927/1927
f 1934/1934 1933/1933 1935/1935
f 1932/1932 1933/1933 1934/1934
f 1930/1930 1929/1929 1928/1928
f 1939/1939 1942/1942 1937/1937
f 1937/1937 1938/1938 1939/1939
f 1938/1938 1940/1940 1941/1941
f 1940/1940 1938/1938 1937/1937
f 1944/1944 1945/1945 1946/1946
f 1942/1942 1939/1939 1943/1943
f 1947/1947 1948/1948 1949/1949
f 1948/1948 1950/1950 1949/1949
f 1962/1962 1964/1964 1965/1965
f 1962/1962 1961/1961 1964/1964
f 1953/1953 1963/1963 1960/1960
f 1951/1951 1961/1961 1962/1962
f 1961/1961 1951/1951 1960/1960
f 1960/1960 1951/1951 1953/1953
f 1955/1955 1959/1959 1952/1952
f 1956/1956 1955/1955 1954/1954
f 1957/1957 1958/1958 1956/1956
f 1951/1951 1952/1952 1953/1953
f 1954/1954 1952/1952 1951/1951
f 1952/1952 1954/1954 1955/1955
f 1957/1957 1956/1956 1954/1954
f 1970/1970 1966/1966 1968/1968
f 1966/1966 1967/1967 1968/1968
f 1966/1966 1969/1969 1967/1967
f 1969/1969 1966/1966 1971/1971
f 1971/1971 1966/1966 1972/1972
f 1972/1972 1973/1973 1971/1971
f 1974/1974 1975/1975 1976/1976
f 1980/1980 1979/1979 1978/1978
f 1977/1977 1978/1978 1979/1979
f 1981/1981 1982/1982 1983/1983
f 1984/1984 1985/1985 1986/1986
f 1984/1984 1986/1986 1987/1987
f 1993/1993 1996/1996 1995/1995
f 1994/1994 1993/1993 1995/1995
f 1989/1989 1993/1993 1994/1994
f 1988/1988 1993/1993 1989/1989
f 1988/1988 1989/1989 1990/1990
f 1991/1991 1988/1988 1990/1990
f 1991/1991 1990/1990 1992/1992
f 2002/2002 2003/2003 2000/2000
f 1998/1998 2000/2000 2003/2003
f 1997/1997 2000/2000 1998/1998
f 1997/1997 1998/1998 1999/1999
f 2001/2001 2000/2000 1997/1997
f 2004/2004 2005/2005 2006/2006
f 2005/2005 2004/2004 2008/2008
f 2007/2007 2004/2004 2006/2006
f 2009/2009 2010/2010 2011/2011
f 2012/2012 2013/2013 2014/2014
f 2017/2017 2019/2019 2015/2015
f 2021/2021 2022/2022 2023/2023
f 2022/2022 2017/2017 2018/2018
f 2017/2017 2022/2022 2021/2021
f 2022/2022 2024/2024 2023/2023
f 2015/2015 2019/2019 2020/2020
f 2018/2018 2017/2017 2016/2016
f 2015/2015 2016/2016 2017/2017
f 2030/2030 2027/2027 2028/2028
f 2031/2031 2032/2032 2033/2033
f 2028/2028 2027/2027 2026/2026
f 2025/2025 2026/2026 2027/2027
f 2026/2026 2025/2025 2029/2029
f 2035/2035 2034/2034 2037/2037
f 2034/2034 2035/2035 2036/2036
f 2036/2036 2035/2035 2038/2038
f 2039/2039 2034/2034 2036/2036
f 2041/2041 2043/2043 2042/2042
f 2040/2040 2041/2041 2042/2042
f 2043/2043 2041/2041 2044/2044
f 2041/2041 2045/2045 2044/2044
f 2041/2041 2046/2046 2045/2045
f 2049/2049 2048/2048 2051/2051
f 2052/2052 2053/2053 2054/2054
f 2047/2047 2048/2048 2049/2049
f 2050/2050 2048/2048 2047/2047
f 2055/2055 2061/2061 2060/2060
f 2067/2067 2062/2062 2060/2060
f 2061/2061 2055/2055 2063/2063
f 2060/2060 2061/2061 2067/2067
f 2058/2058 2064/2064 2059/2059
f 2057/2057 2058/2058 2059/2059
f 2064/2064 2065/2065 2059/2059
f 2056/2056 2060/2060 2062/2062
f 2055/2055 2056/2056 2057/2057
f 2055/2055 2060/2060 2056/2056
f 2058/2058 2057/2057 2056/2056
f 2064/2064 2066/2066 2065/2065
f 2066/2066 2064/2064 2069/2069
f 2062/2062 2067/2067 2068/2068
f 2072/2072 2071/2071 2074/2074
f 2071/2071 2070/2070 2073/2073
f 2070/2070 2071/2071 2072/2072
f 2090/2090 2079/2079 2091/2091
f 2081/2081 2079/2079 2090/2090
f 2086/2086 2087/2087 2076/2076
f 2076/2076 2087/2087 2088/2088
f 2092/2092 2085/2085 2082/2082
f 2087/2087 2089/2089 2088/2088
f 2077/2077 2088/2088 2091/2091
f 2085/2085 2086/2086 2076/2076
f 2076/2076 2088/2088 2077/2077
f 2075/2075 2076/2076 2077/2077
f 2075/2075 2082/2082 2076/2076
f 2085/2085 2076/2076 2082/2082
f 2077/2077 2091/2091 2079/2079
f 2077/2077 2079/2079 2078/2078
f 2075/2075 2077/2077 2078/2078
f 2093/2093 2085/2085 2092/2092
f 2081/2081 2080/2080 2079/2079
f 2080/2080 2078/2078 2079/2079
f 2083/2083 2075/2075 2078/2078
f 2084/2084 2075/2075 2083/2083
f 2094/2094 2096/2096 2097/2097
f 2094/2094 2095/2095 2096/2096
f 2095/2095 2094/2094 2098/2098
f 2094/2094 2099/2099 2098/2098
f 2113/2113 2114/2114 2104/2104
f 2104/2104 2114/2114 2115/2115
f 2101/2101 2105/2105 2104/2104
f 2105/2105 2101/2101 2106/2106
f 2104/2104 2105/2105 2113/2113
f 2104/2104 2102/2102 2101/2101
f 2100/2100 2101/2101 2102/2102
f 2103/2103 2101/2101 2100/2100
f 2109/2109 2103/2103 2100/2100
f 2102/2102 2109/2109 2100/2100
f 2111/2111 2110/2110 2102/2102
f 2110/2110 2109/2109 2102/2102
f 2116/2116 2117/2117 2118/2118
f 2107/2107 2112/2112 2106/2106
f 2101/2101 2107/2107 2106/2106
f 2103/2103 2107/2107 2101/2101
f 2108/2108 2107/2107 2103/2103
f 2120/2120 2124/2124 2122/2122
f 2126/2126 2127/2127 2128/2128
f 2127/2127 2129/2129 2128/2128
f 2122/2122 2121/2121 2120/2120
f 2119/2119 2120/2120 2121/2121
f 2127/2127 2130/2130 2129/2129
f 2123/2123 2121/2121 2122/2122
f 2125/2125 2121/2121 2123/2123
f 2136/2136 2133/2133 2134/2134
f 2131/2131 2133/2133 2136/2136
f 2137/2137 2131/2131 2136/2136
f 2134/2134 2132/2132 2135/2135
f 2134/2134 2133/2133 2132/2132
f 2131/2131 2132/2132 2133/2133
f 2147/2147 2148/2148 2149/2149
f 2156/2156 2157/2157 2158/2158
f 2145/2145 2146/2146 2139/2139
f 2144/2144 2143/2143 2140/2140
f 2153/2153 2151/2151 2150/2150
f 2140/2140 2143/2143 2142/2142
f 2140/2140 2142/2142 2141/2141
f 2155/2155 2154/2154 2151/2151
f 2151/2151 2154/2154 2152/2152
f 2150/2150 2151/2151 2152/2152
f 2162/2162 2163/2163 2164/2164
f 2138/2138 2145/2145 2139/2139
f 2138/2138 2139/2139 2140/2140
f 2141/2141 2138/2138 2140/2140
f 2164/2164 2163/2163 2165/2165
f 2159/2159 2160/2160 2161/2161
f 2166/2166 2170/2170 2167/2167
f 2166/2166 2167/2167 2168/2168
f 2171/2171 2172/2172 2173/2173
f 2169/2169 2168/2168 2167/2167
f 2171/2171 2173/2173 2175/2175
f 2172/2172 2174/2174 2173/2173
f 2179/2179 2177/2177 2176/2176
f 2176/2176 2177/2177 2178/2178
f 2180/2180 2176/2176 2178/2178
f 2179/2179 2176/2176 2181/2181
f 2200/2200 2205/2205 2187/2187
f 2185/2185 2187/2187 2186/2186
f 2202/2202 2203/2203 2200/2200
f 2203/2203 2202/2202 2204/2204
f 2188/2188 2202/2202 2201/2201
f 2202/2202 2206/2206 2204/2204
f 2200/2200 2201/2201 2202/2202
f 2187/2187 2201/2201 2200/2200
f 2187/2187 2188/2188 2201/2201
f 2185/2185 2188/2188 2187/2187
f 2192/2192 2191/2191 2183/2183
f 2186/2186 2182/2182 2185/2185
f 2182/2182 2184/2184 2185/2185
f 2185/2185 2189/2189 2188/2188
f 2193/2193 2191/2191 2192/2192
f 2183/2183 2190/2190 2184/2184
f 2183/2183 2191/2191 2190/2190
f 2182/2182 2183/2183 2184/2184
f 2193/2193 2195/2195 2196/2196
f 2194/2194 2195/2195 2193/2193
f 2194/2194 2193/2193 2192/2192
f 2194/2194 2197/2197 2195/2195
f 2198/2198 2199/2199 2188/2188
f 2189/2189 2199/2199 2198/2198
f 2189/2189 2198/2198 2188/2188
f 2207/2207 2208/2208 2209/2209
f 2207/2207 2209/2209 2210/2210
f 2211/2211 2208/2208 2207/2207
f 2244/2244 2236/2236 2246/2246
f 2236/2236 2237/2237 2246/2246
f 2237/2237 2236/2236 2231/2231
f 2230/2230 2231/2231 2236/2236
f 2237/2237 2231/2231 2239/2239
f 2231/2231 2245/2245 2239/2239
f 2247/2247 2248/2248 2249/2249
f 2230/2230 2236/2236 2244/2244
f 2228/2228 2238/2238 2231/2231
f 2252/2252 2251/2251 2250/2250
f 2250/2250 2251/2251 2247/2247
f 2250/2250 2247/2247 2249/2249
f 2234/2234 2238/2238 2227/2227
f 2254/2254 2251/2251 2252/2252
f 2253/2253 2252/2252 2250/2250
f 2232/2232 2230/2230 2244/2244
f 2229/2229 2230/2230 2232/2232
f 2231/2231 2230/2230 2228/2228
f 2214/2214 2216/2216 2217/2217
f 2240/2240 2229/2229 2232/2232
f 2232/2232 2241/2241 2240/2240
f 2242/2242 2241/2241 2243/2243
f 2228/2228 2230/2230 2229/2229
f 2226/2226 2228/2228 2229/2229
f 2228/2228 2227/2227 2238/2238
f 2226/2226 2227/2227 2228/2228
f 2226/2226 2233/2233 2227/2227
f 2242/2242 2240/2240 2241/2241
f 2227/2227 2233/2233 2234/2234
f 2213/2213 2222/2222 2221/2221
f 2222/2222 2225/2225 2221/2221
f 2213/2213 2221/2221 2216/2216
f 2223/2223 2222/2222 2213/2213
f 2213/2213 2216/2216 2214/2214
f 2212/2212 2213/2213 2214/2214
f 2213/2213 2224/2224 2223/2223
f 2233/2233 2235/2235 2234/2234
f 2220/2220 2212/2212 2219/2219
f 2218/2218 2212/2212 2215/2215
f 2212/2212 2218/2218 2219/2219
f 2215/2215 2212/2212 2214/2214
f 2257/2257 2258/2258 2259/2259
f 2262/2262 2268/2268 2265/2265
f 2268/2268 2262/2262 2267/2267
f 2262/2262 2265/2265 2263/2263
f 2255/2255 2256/2256 2257/2257
f 2260/2260 2256/2256 2255/2255
f 2257/2257 2256/2256 2258/2258
f 2262/2262 2266/2266 2267/2267
f 2261/2261 2266/2266 2262/2262
f 2261/2261 2262/2262 2264/2264
f 2261/2261 2256/2256 2260/2260
f 2262/2262 2263/2263 2264/2264
f 2264/2264 2256/2256 2261/2261
f 2272/2272 2271/2271 2270/2270
f 2277/2277 2278/2278 2279/2279
f 2276/2276 2271/2271 2272/2272
f 2280/2280 2281/2281 2282/2282
f 2269/2269 2270/2270 2271/2271
f 2274/2274 2275/2275 2273/2273
f 2269/2269 2273/2273 2270/2270
f 2269/2269 2274/2274 2273/2273
f 2296/2296 2307/2307 2294/2294
f 2294/2294 2295/2295 2296/2296
f 2289/2289 2295/2295 2294/2294
f 2297/2297 2298/2298 2295/2295
f 2297/2297 2295/2295 2285/2285
f 2294/2294 2308/2308 2306/2306
f 2303/2303 2294/2294 2306/2306
f 2304/2304 2303/2303 2318/2318
f 2308/2308 2294/2294 2307/2307
f 2294/2294 2303/2303 2291/2291
f 2285/2285 2295/2295 2289/2289
f 2290/2290 2289/2289 2294/2294
f 2290/2290 2283/2283 2289/2289
f 2292/2292 2303/2303 2304/2304
f 2303/2303 2292/2292 2291/2291
f 2290/2290 2294/2294 2291/2291
f 2290/2290 2291/2291 2286/2286
f 2305/2305 2292/2292 2304/2304
f 2291/2291 2292/2292 2286/2286
f 2292/2292 2293/2293 2286/2286
f 2290/2290 2286/2286 2283/2283
f 2287/2287 2286/2286 2293/2293
f 2311/2311 2292/2292 2305/2305
f 2292/2292 2311/2311 2293/2293
f 2302/2302 2297/2297 2285/2285
f 2302/2302 2285/2285 2309/2309
f 2310/2310 2302/2302 2309/2309
f 2312/2312 2310/2310 2309/2309
f 2285/2285 2289/2289 2283/2283
f 2283/2283 2284/2284 2285/2285
f 2288/2288 2309/2309 2285/2285
f 2288/2288 2285/2285 2284/2284
f 2284/2284 2283/2283 2286/2286
f 2299/2299 2288/2288 2284/2284
f 2300/2300 2288/2288 2299/2299
f 2301/2301 2300/2300 2299/2299
f 2314/2314 2315/2315 2301/2301
f 2316/2316 2315/2315 2314/2314
f 2284/2284 2286/2286 2287/2287
f 2299/2299 2284/2284 2287/2287
f 2313/2313 2299/2299 2287/2287
f 2314/2314 2299/2299 2313/2313
f 2314/2314 2301/2301 2299/2299
f 2317/2317 2315/2315 2316/2316
f 2323/2323 2321/2321 2322/2322
f 2324/2324 2319/2319 2325/2325
f 2319/2319 2324/2324 2320/2320
f 2320/2320 2322/2322 2321/2321
f 2319/2319 2320/2320 2321/2321
f 2334/2334 2335/2335 2336/2336
f 2326/2326 2327/2327 2328/2328
f 2336/2336 2337/2337 2334/2334
f 2338/2338 2339/2339 2340/2340
f 2331/2331 2333/2333 2330/2330
f 2328/2328 2330/2330 2326/2326
f 2331/2331 2330/2330 2328/2328
f 2329/2329 2332/2332 2327/2327
f 2329/2329 2327/2327 2326/2326
f 2346/2346 2344/2344 2343/2343
f 2355/2355 2356/2356 2357/2357
f 2341/2341 2342/2342 2343/2343
f 2342/2342 2347/2347 2343/2343
f 2348/2348 2347/2347 2342/2342
f 2341/2341 2349/2349 2342/2342
f 2350/2350 2342/2342 2349/2349
f 2351/2351 2342/2342 2350/2350
f 2352/2352 2350/2350 2349/2349
f 2352/2352 2351/2351 2350/2350
f 2351/2351 2353/2353 2342/2342
f 2355/2355 2358/2358 2359/2359
f 2357/2357 2358/2358 2355/2355
f 2354/2354 2351/2351 2352/2352
f 2341/2341 2343/2343 2344/2344
f 2344/2344 2345/2345 2341/2341
f 2360/2360 2361/2361 2362/2362
f 2364/2364 2360/2360 2362/2362
f 2360/2360 2363/2363 2361/2361
f 2363/2363 2365/2365 2361/2361
f 2363/2363 2366/2366 2365/2365
f 2366/2366 2363/2363 2367/2367
f 2369/2369 2366/2366 2367/2367
f 2367/2367 2368/2368 2369/2369
f 2372/2372 2371/2371 2368/2368
f 2371/2371 2372/2372 2373/2373
f 2368/2368 2370/2370 2369/2369
f 2371/2371 2370/2370 2368/2368
f 2370/2370 2371/2371 2374/2374
f 2373/2373 2374/2374 2371/2371
f 2375/2375 2374/2374 2373/2373
f 2376/2376 2377/2377 2378/2378
f 2379/2379 2380/2380 2381/2381
f 2381/2381 2382/2382 2379/2379
f 2387/2387 2383/2383 2386/2386
f 2383/2383 2385/2385 2386/2386
f 2383/2383 2384/2384 2385/2385
f 2386/2386 2385/2385 2391/2391
f 2391/2391 2385/2385 2389/2389
f 2389/2389 2388/2388 2391/2391
f 2388/2388 2389/2389 2390/2390
f 2390/2390 2389/2389 2393/2393
f 2392/2392 2390/2390 2393/2393
f 2394/2394 2388/2388 2392/2392
f 2392/2392 2388/2388 2390/2390
f 2395/2395 2394/2394 2392/2392
f 2395/2395 2396/2396 2394/2394
f 2399/2399 2400/2400 2401/2401
f 2398/2398 2400/2400 2399/2399
f 2399/2399 2401/2401 2397/2397
f 2397/2397 2398/2398 2399/2399
f 2404/2404 2398/2398 2397/2397
f 2404/2404 2397/2397 2405/2405
f 2402/2402 2404/2404 2405/2405
f 2402/2402 2403/2403 2404/2404
f 2406/2406 2403/2403 2407/2407
f 2406/2406 2404/2404 2403/2403
f 2408/2408 2406/2406 2407/2407
f 2416/2416 2417/2417 2415/2415
f 2414/2414 2416/2416 2415/2415
f 2414/2414 2415/2415 2412/2412
f 2412/2412 2413/2413 2414/2414
f 2410/2410 2413/2413 2412/2412
f 2410/2410 2412/2412 2411/2411
f 2409/2409 2410/2410 2411/2411
f 2418/2418 2410/2410 2409/2409
f 2418/2418 2409/2409 2419/2419
f 2420/2420 2418/2418 2419/2419
f 2426/2426 2428/2428 2427/2427
f 2427/2427 2423/2423 2426/2426
f 2422/2422 2423/2423 2424/2424
f 2422/2422 2424/2424 2425/2425
f 2423/2423 2419/2419 2426/2426
f 2422/2422 2419/2419 2423/2423
f 2419/2419 2422/2422 2421/2421
f 2421/2421 2420/2420 2419/2419
f 2433/2433 2434/2434 2431/2431
f 2433/2433 2431/2431 2432/2432
f 2429/2429 2435/2435 2430/2430
f 2430/2430 2432/2432 2431/2431
f 2429/2429 2430/2430 2431/2431
f 2429/2429 2436/2436 2435/2435
f 2436/2436 2429/2429 2437/2437
f 2442/2442 2443/2443 2444/2444
f 2438/2438 2440/2440 2442/2442
f 2442/2442 2440/2440 2443/2443
f 2438/2438 2439/2439 2440/2440
f 2440/2440 2439/2439 2441/2441
f 2446/2446 2445/2445 2451/2451
f 2452/2452 2451/2451 2445/2445
f 2445/2445 2446/2446 2447/2447
f 2448/2448 2445/2445 2447/2447
f 2452/2452 2453/2453 2451/2451
f 2449/2449 2448/2448 2447/2447
f 2449/2449 2450/2450 2448/2448
f 2462/2462 2454/2454 2461/2461
f 2461/2461 2454/2454 2456/2456
f 2454/2454 2455/2455 2456/2456
f 2457/2457 2455/2455 2454/2454
f 2455/2455 2457/2457 2460/2460
f 2458/2458 2457/2457 2454/2454
f 2458/2458 2454/2454 2459/2459
f 2463/2463 2464/2464 2465/2465
f 2475/2475 2474/2474 2467/2467
f 2473/2473 2467/2467 2474/2474
f 2473/2473 2474/2474 2472/2472
f 2466/2466 2467/2467 2468/2468
f 2468/2468 2473/2473 2472/2472
f 2468/2468 2472/2472 2466/2466
f 2469/2469 2467/2467 2466/2466
f 2467/2467 2469/2469 2470/2470
f 2470/2470 2469/2469 2471/2471
f 2476/2476 2469/2469 2477/2477
f 2471/2471 2469/2469 2476/2476
f 2494/2494 2493/2493 2490/2490
f 2490/2490 2493/2493 2492/2492
f 2492/2492 2491/2491 2490/2490
f 2481/2481 2480/2480 2479/2479
f 2479/2479 2490/2490 2491/2491
f 2478/2478 2489/2489 2479/2479
f 2478/2478 2479/2479 2480/2480
f 2489/2489 2490/2490 2479/2479
f 2498/2498 2499/2499 2500/2500
f 2480/2480 2481/2481 2482/2482
f 2495/2495 2496/2496 2497/2497
f 2483/2483 2480/2480 2482/2482
f 2484/2484 2485/2485 2483/2483
f 2484/2484 2483/2483 2482/2482
f 2486/2486 2484/2484 2482/2482
f 2482/2482 2481/2481 2487/2487
f 2482/2482 2487/2487 2488/2488
f 2486/2486 2482/2482 2488/2488
f 2505/2505 2504/2504 2506/2506
f 2501/2501 2504/2504 2505/2505
f 2503/2503 2504/2504 2501/2501
f 2501/2501 2508/2508 2507/2507
f 2508/2508 2501/2501 2509/2509
f 2508/2508 2509/2509 2510/2510
f 2501/2501 2502/2502 2503/2503
f 2502/2502 2501/2501 2507/2507
f 2512/2512 2514/2514 2513/2513
f 2511/2511 2512/2512 2513/2513
f 2515/2515 2517/2517 2516/2516
f 2514/2514 2515/2515 2516/2516
f 2514/2514 2512/2512 2515/2515
f 2534/2534 2535/2535 2536/2536
f 2536/2536 2535/2535 2537/2537
f 2537/2537 2535/2535 2538/2538
f 2515/2515 2518/2518 2517/2517
f 2519/2519 2517/2517 2518/2518
f 2527/2527 2525/2525 2528/2528
f 2525/2525 2527/2527 2526/2526
f 2539/2539 2541/2541 2540/2540
f 2537/2537 2539/2539 2540/2540
f 2539/2539 2537/2537 2538/2538
f 2541/2541 2545/2545 2540/2540
f 2526/2526 2523/2523 2525/2525
f 2520/2520 2522/2522 2523/2523
f 2541/2541 2539/2539 2542/2542
f 2539/2539 2543/2543 2542/2542
f 2543/2543 2539/2539 2546/2546
f 2541/2541 2548/2548 2545/2545
f 2548/2548 2552/2552 2545/2545
f 2548/2548 2541/2541 2549/2549
f 2544/2544 2541/2541 2542/2542
f 2529/2529 2525/2525 2524/2524
f 2523/2523 2524/2524 2525/2525
f 2524/2524 2523/2523 2522/2522
f 2550/2550 2548/2548 2549/2549
f 2547/2547 2541/2541 2544/2544
f 2531/2531 2532/2532 2533/2533
f 2520/2520 2521/2521 2522/2522
f 2550/2550 2549/2549 2551/2551
f 2553/2553 2554/2554 2555/2555
f 2530/2530 2524/2524 2522/2522
f 2556/2556 2554/2554 2553/2553
f 2547/2547 2544/2544 2551/2551
f 2564/2564 2563/2563 2562/2562
f 2557/2557 2558/2558 2559/2559
f 2558/2558 2557/2557 2560/2560
f 2561/2561 2562/2562 2563/2563
f 2570/2570 2567/2567 2571/2571
f 2565/2565 2566/2566 2567/2567
f 2566/2566 2565/2565 2568/2568
f 2569/2569 2568/2568 2565/2565
f 2565/2565 2567/2567 2570/2570
f 2565/2565 2572/2572 2569/2569
f 2576/2576 2577/2577 2578/2578
f 2573/2573 2574/2574 2575/2575
f 2583/2583 2591/2591 2590/2590
f 2588/2588 2584/2584 2587/2587
f 2581/2581 2585/2585 2584/2584
f 2584/2584 2585/2585 2587/2587
f 2581/2581 2584/2584 2579/2579
f 2580/2580 2579/2579 2586/2586
f 2579/2579 2580/2580 2581/2581
f 2586/2586 2583/2583 2580/2580
f 2583/2583 2582/2582 2580/2580
f 2583/2583 2589/2589 2582/2582
f 2580/2580 2582/2582 2581/2581
f 2583/2583 2590/2590 2589/2589
f 2592/2592 2593/2593 2594/2594
f 2595/2595 2594/2594 2593/2593
f 2597/2597 2596/2596 2599/2599
f 2598/2598 2597/2597 2601/2601
f 2596/2596 2597/2597 2598/2598
f 2603/2603 2604/2604 2605/2605
f 2596/2596 2600/2600 2602/2602
f 2600/2600 2596/2596 2598/2598
f 2606/2606 2607/2607 2608/2608
f 2613/2613 2612/2612 2611/2611
f 2610/2610 2611/2611 2612/2612
f 2607/2607 2609/2609 2608/2608
f 2617/2617 2616/2616 2615/2615
f 2614/2614 2615/2615 2616/2616
f 2619/2619 2624/2624 2625/2625
f 2624/2624 2619/2619 2623/2623
f 2623/2623 2619/2619 2618/2618
f 2618/2618 2619/2619 2620/2620
f 2620/2620 2619/2619 2621/2621
f 2622/2622 2619/2619 2626/2626
f 2619/2619 2622/2622 2621/2621
f 2634/2634 2635/2635 2636/2636
f 2631/2631 2628/2628 2630/2630
f 2629/2629 2628/2628 2632/2632
f 2627/2627 2628/2628 2629/2629
f 2627/2627 2630/2630 2628/2628
f 2633/2633 2630/2630 2627/2627
f 2644/2644 2652/2652 2650/2650
f 2650/2650 2652/2652 2653/2653
f 2646/2646 2645/2645 2647/2647
f 2645/2645 2644/2644 2650/2650
f 2644/2644 2645/2645 2646/2646
f 2644/2644 2646/2646 2643/2643
f 2648/2648 2646/2646 2647/2647
f 2643/2643 2640/2640 2642/2642
f 2640/2640 2641/2641 2642/2642
f 2648/2648 2642/2642 2646/2646
f 2648/2648 2649/2649 2642/2642
f 2649/2649 2643/2643 2642/2642
f 2651/2651 2643/2643 2649/2649
f 2652/2652 2644/2644 2654/2654
f 2644/2644 2655/2655 2654/2654
f 2637/2637 2638/2638 2639/2639
f 2656/2656 2657/2657 2658/2658
f 2657/2657 2659/2659 2658/2658
f 2660/2660 2657/2657 2656/2656
f 2656/2656 2661/2661 2660/2660
f 2666/2666 2664/2664 2663/2663
f 2662/2662 2663/2663 2664/2664
f 2664/2664 2666/2666 2667/2667
f 2665/2665 2662/2662 2664/2664
f 2670/2670 2671/2671 2668/2668
f 2671/2671 2670/2670 2672/2672
f 2668/2668 2669/2669 2670/2670
f 2677/2677 2678/2678 2679/2679
f 2673/2673 2674/2674 2675/2675
f 2676/2676 2674/2674 2673/2673
f 2680/2680 2686/2686 2681/2681
f 2680/2680 2681/2681 2682/2682
f 2686/2686 2680/2680 2687/2687
f 2680/2680 2683/2683 2687/2687
f 2680/2680 2682/2682 2683/2683
f 2684/2684 2683/2683 2682/2682
f 2684/2684 2682/2682 2685/2685
f 2688/2688 2689/2689 2690/2690
f 2693/2693 2692/2692 2695/2695
f 2691/2691 2692/2692 2693/2693
f 2694/2694 2691/2691 2693/2693
f 2698/2698 2697/2697 2699/2699
f 2696/2696 2698/2698 2700/2700
f 2696/2696 2697/2697 2698/2698
f 2701/2701 2696/2696 2700/2700
f 2703/2703 2702/2702 2705/2705
f 2706/2706 2702/2702 2704/2704
f 2702/2702 2703/2703 2704/2704
f 2708/2708 2712/2712 2713/2713
f 2711/2711 2712/2712 2708/2708
f 2711/2711 2708/2708 2707/2707
f 2707/2707 2708/2708 2709/2709
f 2709/2709 2710/2710 2707/2707
f 2714/2714 2717/2717 2715/2715
f 2714/2714 2715/2715 2716/2716
f 2720/2720 2721/2721 2722/2722
f 2714/2714 2718/2718 2719/2719
f 2714/2714 2716/2716 2718/2718
f 2723/2723 2725/2725 2726/2726
f 2729/2729 2727/2727 2724/2724
f 2724/2724 2730/2730 2729/2729
f 2723/2723 2724/2724 2725/2725
f 2725/2725 2724/2724 2727/2727
f 2728/2728 2723/2723 2726/2726
f 2731/2731 2723/2723 2728/2728
f 2747/2747 2750/2750 2748/2748
f 2748/2748 2750/2750 2752/2752
f 2747/2747 2748/2748 2749/2749
f 2732/2732 2736/2736 2733/2733
f 2738/2738 2736/2736 2737/2737
f 2739/2739 2736/2736 2738/2738
f 2737/2737 2740/2740 2738/2738
f 2745/2745 2743/2743 2746/2746
f 2745/2745 2744/2744 2743/2743
f 2744/2744 2742/2742 2743/2743
f 2751/2751 2750/2750 2747/2747
f 2735/2735 2734/2734 2741/2741
f 2743/2743 2742/2742 2741/2741
f 2735/2735 2741/2741 2742/2742
f 2735/2735 2732/2732 2734/2734
f 2732/2732 2733/2733 2734/2734
f 2736/2736 2732/2732 2737/2737
f 2755/2755 2754/2754 2756/2756
f 2753/2753 2754/2754 2755/2755
f 2754/2754 2760/2760 2761/2761
f 2760/2760 2754/2754 2753/2753
f 2761/2761 2760/2760 2762/2762
f 2761/2761 2762/2762 2763/2763
f 2755/2755 2756/2756 2757/2757
f 2765/2765 2764/2764 2759/2759
f 2756/2756 2758/2758 2757/2757
f 2758/2758 2756/2756 2759/2759
f 2764/2764 2758/2758 2759/2759
f 2767/2767 2769/2769 2768/2768
f 2766/2766 2767/2767 2768/2768
f 2770/2770 2766/2766 2768/2768
f 2770/2770 2771/2771 2766/2766
f 2772/2772 2774/2774 2780/2780
f 2772/2772 2780/2780 2778/2778
f 2774/2774 2775/2775 2776/2776
f 2773/2773 2775/2775 2774/2774
f 2772/2772 2773/2773 2774/2774
f 2777/2777 2773/2773 2772/2772
f 2781/2781 2782/2782 2783/2783
f 2782/2782 2781/2781 2784/2784
f 2778/2778 2773/2773 2777/2777
f 2778/2778 2779/2779 2773/2773
f 2785/2785 2786/2786 2787/2787
f 2788/2788 2789/2789 2790/2790
f 2791/2791 2792/2792 2793/2793
f 2797/2797 2794/2794 2796/2796
f 2794/2794 2795/2795 2796/2796
f 2798/2798 2799/2799 2800/2800
f 2801/2801 2802/2802 2803/2803
f 2803/2803 2804/2804 2801/2801
f 2808/2808 2810/2810 2811/2811
f 2808/2808 2809/2809 2810/2810
f 2812/2812 2813/2813 2814/2814
f 2814/2814 2815/2815 2812/2812
f 2805/2805 2806/2806 2807/2807
f 2820/2820 2821/2821 2822/2822
f 2816/2816 2817/2817 2818/2818
f 2819/2819 2817/2817 2816/2816
f 2823/2823 2824/2824 2825/2825
f 2823/2823 2825/2825 2826/2826
f 2827/2827 2830/2830 2828/2828
f 2827/2827 2828/2828 2829/2829
f 2833/2833 2834/2834 2835/2835
f 2832/2832 2834/2834 2833/2833
f 2831/2831 2832/2832 2833/2833
f 2831/2831 2836/2836 2832/2832
f 2837/2837 2838/2838 2839/2839
f 2838/2838 2841/2841 2839/2839
f 2837/2837 2839/2839 2840/2840
f 2838/2838 2842/2842 2841/2841
f 2854/2854 2855/2855 2856/2856
f 2855/2855 2854/2854 2857/2857
f 2857/2857 2858/2858 2855/2855
f 2852/2852 2851/2851 2853/2853
f 2844/2844 2851/2851 2852/2852
f 2844/2844 2849/2849 2851/2851
f 2843/2843 2849/2849 2844/2844
f 2846/2846 2843/2843 2845/2845
f 2843/2843 2844/2844 2845/2845
f 2846/2846 2847/2847 2843/2843
f 2847/2847 2846/2846 2848/2848
f 2850/2850 2847/2847 2848/2848
f 2870/2870 2872/2872 2871/2871
f 2862/2862 2867/2867 2860/2860
f 2859/2859 2860/2860 2861/2861
f 2859/2859 2862/2862 2860/2860
f 2863/2863 2859/2859 2861/2861
f 2865/2865 2859/2859 2864/2864
f 2864/2864 2859/2859 2863/2863
f 2866/2866 2865/2865 2864/2864
f 2859/2859 2870/2870 2871/2871
f 2869/2869 2870/2870 2859/2859
f 2859/2859 2871/2871 2862/2862
f 2868/2868 2859/2859 2865/2865
f 2868/2868 2869/2869 2859/2859
f 2894/2894 2891/2891 2895/2895
f 2891/2891 2894/2894 2893/2893
f 2886/2886 2891/2891 2893/2893
f 2888/2888 2891/2891 2886/2886
f 2886/2886 2887/2887 2888/2888
f 2889/2889 2888/2888 2887/2887
f 2888/2888 2889/2889 2890/2890
f 2889/2889 2892/2892 2890/2890
f 2892/2892 2896/2896 2890/2890
f 2882/2882 2880/2880 2881/2881
f 2880/2880 2885/2885 2877/2877
f 2880/2880 2874/2874 2881/2881
f 2877/2877 2874/2874 2880/2880
f 2874/2874 2877/2877 2875/2875
f 2873/2873 2875/2875 2876/2876
f 2873/2873 2874/2874 2875/2875
f 2874/2874 2873/2873 2883/2883
f 2883/2883 2873/2873 2879/2879
f 2873/2873 2876/2876 2878/2878
f 2884/2884 2879/2879 2878/2878
f 2879/2879 2873/2873 2878/2878
f 2905/2905 2903/2903 2900/2900
f 2902/2902 2900/2900 2903/2903
f 2897/2897 2900/2900 2898/2898
f 2898/2898 2900/2900 2902/2902
f 2898/2898 2908/2908 2906/2906
f 2906/2906 2908/2908 2909/2909
f 2901/2901 2900/2900 2897/2897
f 2897/2897 2898/2898 2899/2899
f 2898/2898 2906/2906 2899/2899
f 2907/2907 2899/2899 2906/2906
f 2901/2901 2897/2897 2904/2904
f 2899/2899 2910/2910 2897/2897
f 2904/2904 2897/2897 2912/2912
f 2912/2912 2897/2897 2910/2910
f 2911/2911 2910/2910 2899/2899
f 2929/2929 2927/2927 2928/2928
f 2925/2925 2928/2928 2927/2927
f 2920/2920 2925/2925 2927/2927
f 2913/2913 2899/2899 2907/2907
f 2925/2925 2920/2920 2919/2919
f 2919/2919 2920/2920 2921/2921
f 2914/2914 2899/2899 2913/2913
f 2915/2915 2899/2899 2914/2914
f 2921/2921 2920/2920 2922/2922
f 2921/2921 2923/2923 2924/2924
f 2923/2923 2921/2921 2922/2922
f 2914/2914 2916/2916 2915/2915
f 2917/2917 2915/2915 2916/2916
f 2917/2917 2916/2916 2918/2918
f 2923/2923 2926/2926 2924/2924
f 2960/2960 2959/2959 2949/2949
f 2949/2949 2959/2959 2958/2958
f 2949/2949 2958/2958 2950/2950
f 2985/2985 2956/2956 2983/2983
f 2957/2957 2952/2952 2958/2958
f 2957/2957 2955/2955 2952/2952
f 2956/2956 2955/2955 2957/2957
f 2985/2985 2986/2986 2956/2956
f 2958/2958 2952/2952 2950/2950
f 2989/2989 2990/2990 2991/2991
f 2992/2992 2990/2990 2989/2989
f 2951/2951 2952/2952 2953/2953
f 2956/2956 2953/2953 2955/2955
f 2955/2955 2953/2953 2954/2954
f 2953/2953 2956/2956 2986/2986
f 2954/2954 2953/2953 2952/2952
f 2948/2948 2949/2949 2950/2950
f 2975/2975 2963/2963 2974/2974
f 2974/2974 2963/2963 2967/2967
f 2988/2988 2984/2984 2987/2987
f 2983/2983 2987/2987 2984/2984
f 2984/2984 2981/2981 2983/2983
f 2982/2982 2985/2985 2983/2983
f 2942/2942 2944/2944 2945/2945
f 2945/2945 2944/2944 2946/2946
f 2983/2983 2981/2981 2982/2982
f 2982/2982 2981/2981 2980/2980
f 2980/2980 2981/2981 2964/2964
f 2942/2942 2943/2943 2944/2944
f 2979/2979 2978/2978 2965/2965
f 2965/2965 2961/2961 2977/2977
f 2961/2961 2965/2965 2962/2962
f 2947/2947 2945/2945 2946/2946
f 2978/2978 2962/2962 2965/2965
f 2964/2964 2962/2962 2980/2980
f 2939/2939 2940/2940 2941/2941
f 2961/2961 2962/2962 2963/2963
f 2964/2964 2963/2963 2962/2962
f 2966/2966 2963/2963 2964/2964
f 2969/2969 2967/2967 2968/2968
f 2967/2967 2963/2963 2966/2966
f 2968/2968 2967/2967 2966/2966
f 2930/2930 2931/2931 2932/2932
f 2931/2931 2930/2930 2933/2933
f 2970/2970 2969/2969 2968/2968
f 2933/2933 2934/2934 2931/2931
f 2972/2972 2969/2969 2970/2970
f 2966/2966 2971/2971 2968/2968
f 2971/2971 2966/2966 2976/2976
f 2970/2970 2968/2968 2971/2971
f 2973/2973 2970/2970 2971/2971
f 2931/2931 2934/2934 2935/2935
f 2936/2936 2935/2935 2934/2934
f 2937/2937 2935/2935 2936/2936
f 2972/2972 2970/2970 2973/2973
f 2937/2937 2936/2936 2938/2938
f 2999/2999 3000/3000 3001/3001
f 3001/3001 3000/3000 3002/3002
f 2993/2993 2994/2994 2995/2995
f 2996/2996 2993/2993 2995/2995
f 2993/2993 2996/2996 2997/2997
f 2998/2998 2994/2994 2993/2993
f 2999/2999 3004/3004 3000/3000
f 3004/3004 2999/2999 3005/3005
f 3003/3003 3001/3001 3002/3002
f 3006/3006 3008/3008 3009/3009
f 3010/3010 3011/3011 3012/3012
f 3010/3010 3013/3013 3011/3011
f 3006/3006 3007/3007 3008/3008
f 3017/3017 3018/3018 3019/3019
f 3014/3014 3015/3015 3016/3016
f 3023/3023 3026/3026 3022/3022
f 3027/3027 3026/3026 3023/3023
f 3023/3023 3022/3022 3021/3021
f 3020/3020 3021/3021 3022/3022
f 3021/3021 3020/3020 3025/3025
f 3024/3024 3025/3025 3020/3020
f 3020/3020 3022/3022 3024/3024
f 3034/3034 3035/3035 3036/3036
f 3028/3028 3029/3029 3030/3030
f 3028/3028 3031/3031 3029/3029
f 3029/3029 3033/3033 3032/3032
f 3030/3030 3029/3029 3032/3032
f 3037/3037 3041/3041 3042/3042
f 3037/3037 3038/3038 3039/3039
f 3038/3038 3037/3037 3040/3040
f 3037/3037 3039/3039 3041/3041
f 3043/3043 3044/3044 3045/3045
f 3045/3045 3046/3046 3043/3043
f 3048/3048 3047/3047 3050/3050
f 3047/3047 3048/3048 3049/3049
f 3055/3055 3054/3054 3056/3056
f 3053/3053 3054/3054 3055/3055
f 3054/3054 3053/3053 3052/3052
f 3051/3051 3052/3052 3053/3053
f 3058/3058 3051/3051 3057/3057
f 3057/3057 3051/3051 3053/3053
f 3059/3059 3060/3060 3061/3061
f 3062/3062 3060/3060 3059/3059
f 3096/3096 3100/3100 3101/3101
f 3096/3096 3098/3098 3100/3100
f 3098/3098 3097/3097 3099/3099
f 3096/3096 3097/3097 3098/3098
f 3094/3094 3097/3097 3096/3096
f 3089/3089 3092/3092 3091/3091
f 3090/3090 3089/3089 3091/3091
f 3095/3095 3094/3094 3096/3096
f 3093/3093 3094/3094 3095/3095
f 3090/3090 3071/3071 3089/3089
f 3073/3073 3089/3089 3071/3071
f 3071/3071 3072/3072 3073/3073
f 3074/3074 3073/3073 3072/3072
f 3083/3083 3074/3074 3076/3076
f 3083/3083 3076/3076 3080/3080
f 3074/3074 3072/3072 3075/3075
f 3076/3076 3074/3074 3075/3075
f 3077/3077 3080/3080 3076/3076
f 3076/3076 3075/3075 3077/3077
f 3075/3075 3078/3078 3077/3077
f 3078/3078 3075/3075 3079/3079
f 3084/3084 3079/3079 3082/3082
f 3081/3081 3079/3079 3075/3075
f 3081/3081 3082/3082 3079/3079
f 3108/3108 3106/3106 3105/3105
f 3108/3108 3109/3109 3106/3106
f 3085/3085 3084/3084 3082/3082
f 3086/3086 3084/3084 3085/3085
f 3087/3087 3086/3086 3085/3085
f 3087/3087 3085/3085 3088/3088
f 3103/3103 3105/3105 3106/3106
f 3063/3063 3064/3064 3065/3065
f 3107/3107 3114/3114 3105/3105
f 3066/3066 3065/3065 3064/3064
f 3067/3067 3068/3068 3069/3069
f 3100/3100 3102/3102 3101/3101
f 3103/3103 3104/3104 3105/3105
f 3110/3110 3104/3104 3103/3103
f 3070/3070 3069/3069 3068/3068
f 3105/3105 3104/3104 3107/3107
f 3103/3103 3111/3111 3110/3110
f 3111/3111 3113/3113 3112/3112
f 3113/3113 3111/3111 3116/3116
f 3113/3113 3115/3115 3112/3112
f 3116/3116 3117/3117 3113/3113
f 3112/3112 3110/3110 3111/3111
f 3118/3118 3117/3117 3116/3116
f 3131/3131 3130/3130 3132/3132
f 3131/3131 3123/3123 3130/3130
f 3127/3127 3130/3130 3123/3123
f 3123/3123 3122/3122 3127/3127
f 3123/3123 3120/3120 3122/3122
f 3119/3119 3120/3120 3121/3121
f 3125/3125 3124/3124 3119/3119
f 3124/3124 3125/3125 3126/3126
f 3128/3128 3126/3126 3129/3129
f 3128/3128 3124/3124 3126/3126
f 3120/3120 3119/3119 3122/3122
f 3122/3122 3119/3119 3124/3124
f 3133/3133 3134/3134 3135/3135
f 3136/3136 3137/3137 3138/3138
f 3143/3143 3144/3144 3145/3145
f 3139/3139 3140/3140 3141/3141
f 3141/3141 3142/3142 3139/3139
f 3146/3146 3147/3147 3148/3148
f 3149/3149 3150/3150 3151/3151
f 3152/3152 3153/3153 3154/3154
f 3155/3155 3156/3156 3157/3157
f 3158/3158 3159/3159 3160/3160
f 3163/3163 3165/3165 3161/3161
f 3161/3161 3166/3166 3162/3162
f 3163/3163 3162/3162 3164/3164
f 3161/3161 3162/3162 3163/3163
f 3167/3167 3168/3168 3169/3169
f 3180/3180 3179/3179 3178/3178
f 3177/3177 3178/3178 3179/3179
f 3170/3170 3171/3171 3172/3172
f 3171/3171 3173/3173 3174/3174
f 3173/3173 3171/3171 3170/3170
f 3170/3170 3172/3172 3175/3175
f 3176/3176 3175/3175 3172/3172
f 3181/3181 3182/3182 3183/3183
f 3184/3184 3187/3187 3185/3185
f 3184/3184 3185/3185 3186/3186
f 3188/3188 3189/3189 3190/3190
f 3191/3191 3190/3190 3189/3189
f 3195/3195 3196/3196 3197/3197
f 3192/3192 3193/3193 3194/3194
f 3200/3200 3199/3199 3201/3201
f 3198/3198 3199/3199 3200/3200
f 3205/3205 3202/3202 3204/3204
f 3202/3202 3203/3203 3204/3204
f 3213/3213 3210/3210 3212/3212
f 3210/3210 3209/3209 3206/3206
f 3212/3212 3210/3210 3206/3206
f 3206/3206 3207/3207 3208/3208
f 3207/3207 3206/3206 3209/3209
f 3211/3211 3207/3207 3209/3209
f 3214/3214 3215/3215 3216/3216
f 3217/3217 3218/3218 3219/3219
f 3220/3220 3221/3221 3222/3222
f 3221/3221 3223/3223 3222/3222
f 3224/3224 3225/3225 3226/3226
f 3230/3230 3232/3232 3233/3233
f 3230/3230 3231/3231 3232/3232
f 3227/3227 3228/3228 3229/3229
f 3237/3237 3235/3235 3242/3242
f 3235/3235 3238/3238 3239/3239
f 3240/3240 3243/3243 3238/3238
f 3236/3236 3235/3235 3237/3237
f 3234/3234 3235/3235 3236/3236
f 3235/3235 3234/3234 3238/3238
f 3234/3234 3240/3240 3238/3238
f 3241/3241 3240/3240 3234/3234
f 3244/3244 3234/3234 3236/3236
f 3241/3241 3234/3234 3244/3244
f 3244/3244 3245/3245 3246/3246
f 3244/3244 3236/3236 3245/3245
f 3250/3250 3251/3251 3249/3249
f 3247/3247 3248/3248 3249/3249
f 3248/3248 3250/3250 3249/3249
f 3254/3254 3257/3257 3258/3258
f 3254/3254 3256/3256 3257/3257
f 3256/3256 3254/3254 3253/3253
f 3252/3252 3253/3253 3254/3254
f 3252/3252 3255/3255 3253/3253
f 3267/3267 3266/3266 3264/3264
f 3264/3264 3266/3266 3263/3263
f 3264/3264 3263/3263 3265/3265
f 3265/3265 3263/3263 3260/3260
f 3263/3263 3262/3262 3260/3260
f 3261/3261 3260/3260 3262/3262
f 3265/3265 3260/3260 3259/3259
f 3259/3259 3260/3260 3261/3261
f 3268/3268 3269/3269 3270/3270
f 3272/3272 3268/3268 3274/3274
f 3268/3268 3272/3272 3269/3269
f 3268/3268 3270/3270 3271/3271
f 3273/3273 3272/3272 3274/3274
f 3278/3278 3277/3277 3276/3276
f 3275/3275 3276/3276 3277/3277
f 3294/3294 3293/3293 3295/3295
f 3294/3294 3292/3292 3293/3293
f 3290/3290 3292/3292 3291/3291
f 3292/3292 3290/3290 3293/3293
f 3281/3281 3282/3282 3288/3288
f 3280/3280 3282/3282 3281/3281
f 3289/3289 3290/3290 3291/3291
f 3279/3279 3280/3280 3281/3281
f 3279/3279 3283/3283 3280/3280
f 3284/3284 3283/3283 3279/3279
f 3285/3285 3284/3284 3279/3279
f 3286/3286 3285/3285 3279/3279
f 3286/3286 3287/3287 3285/3285
f 3298/3298 3304/3304 3305/3305
f 3296/3296 3297/3297 3298/3298
f 3304/3304 3298/3298 3297/3297
f 3301/3301 3297/3297 3296/3296
f 3296/3296 3298/3298 3299/3299
f 3296/3296 3302/3302 3301/3301
f 3305/3305 3304/3304 3306/3306
f 3305/3305 3306/3306 3307/3307
f 3305/3305 3307/3307 3308/3308
f 3303/3303 3302/3302 3296/3296
f 3303/3303 3296/3296 3300/3300
f 3299/3299 3300/3300 3296/3296
f 3315/3315 3319/3319 3318/3318
f 3318/3318 3319/3319 3317/3317
f 3321/3321 3315/3315 3318/3318
f 3314/3314 3315/3315 3310/3310
f 3310/3310 3309/3309 3314/3314
f 3309/3309 3322/3322 3314/3314
f 3322/3322 3324/3324 3325/3325
f 3318/3318 3317/3317 3316/3316
f 3316/3316 3317/3317 3313/3313
f 3309/3309 3310/3310 3311/3311
f 3309/3309 3324/3324 3322/3322
f 3309/3309 3311/3311 3312/3312
f 3320/3320 3309/3309 3312/3312
f 3316/3316 3313/3313 3311/3311
f 3313/3313 3312/3312 3311/3311
f 3312/3312 3313/3313 3323/3323
f 3326/3326 3330/3330 3329/3329
f 3338/3338 3339/3339 3340/3340
f 3335/3335 3326/3326 3334/3334
f 3333/3333 3326/3326 3328/3328
f 3333/3333 3334/3334 3326/3326
f 3327/3327 3326/3326 3329/3329
f 3326/3326 3327/3327 3328/3328
f 3328/3328 3327/3327 3331/3331
f 3336/3336 3331/3331 3327/3327
f 3327/3327 3337/3337 3336/3336
f 3328/3328 3331/3331 3332/3332
f 3342/3342 3344/3344 3343/3343
f 3341/3341 3342/3342 3343/3343
f 3345/3345 3346/3346 3347/3347
f 3347/3347 3346/3346 3348/3348
f 3347/3347 3348/3348 3349/3349
f 3347/3347 3349/3349 3345/3345
f 3350/3350 3351/3351 3352/3352
f 3353/3353 3350/3350 3352/3352
f 3354/3354 3356/3356 3357/3357
f 3354/3354 3355/3355 3356/3356
f 3358/3358 3355/3355 3354/3354
f 3372/3372 3373/3373 3370/3370
f 3369/3369 3365/3365 3364/3364
f 3363/3363 3364/3364 3365/3365
f 3363/3363 3359/3359 3364/3364
f 3359/3359 3363/3363 3360/3360
f 3370/3370 3371/3371 3372/3372
f 3361/3361 3360/3360 3366/3366
f 3359/3359 3361/3361 3362/3362
f 3359/3359 3360/3360 3361/3361
f 3366/3366 3360/3360 3367/3367
f 3368/3368 3366/3366 3367/3367
f 3377/3377 3378/3378 3379/3379
f 3378/3378 3377/3377 3380/3380
f 3379/3379 3378/3378 3381/3381
f 3374/3374 3375/3375 3376/3376
f 3395/3395 3392/3392 3396/3396
f 3392/3392 3395/3395 3393/3393
f 3391/3391 3392/3392 3393/3393
f 3383/3383 3392/3392 3391/3391
f 3394/3394 3391/3391 3393/3393
f 3385/3385 3382/3382 3384/3384
f 3398/3398 3397/3397 3400/3400
f 3397/3397 3398/3398 3399/3399
f 3401/3401 3402/3402 3403/3403
f 3401/3401 3403/3403 3404/3404
f 3385/3385 3390/3390 3389/3389
f 3383/3383 3391/3391 3384/3384
f 3386/3386 3383/3383 3385/3385
f 3382/3382 3383/3383 3384/3384
f 3385/3385 3383/3383 3382/3382
f 3387/3387 3386/3386 3385/3385
f 3387/3387 3385/3385 3388/3388
f 3388/3388 3385/3385 3389/3389
f 3405/3405 3407/3407 3408/3408
f 3405/3405 3406/3406 3407/3407
f 3407/3407 3406/3406 3409/3409
f 3414/3414 3415/3415 3413/3413
f 3413/3413 3410/3410 3414/3414
f 3413/3413 3411/3411 3410/3410
f 3410/3410 3411/3411 3412/3412
f 3416/3416 3410/3410 3412/3412
f 3417/3417 3416/3416 3412/3412
f 3418/3418 3416/3416 3417/3417
f 3419/3419 3420/3420 3421/3421
f 3423/3423 3426/3426 3424/3424
f 3422/3422 3425/3425 3423/3423
f 3422/3422 3423/3423 3424/3424
f 3427/3427 3428/3428 3429/3429
f 3430/3430 3431/3431 3432/3432
f 3432/3432 3433/3433 3430/3430
f 3437/3437 3436/3436 3435/3435
f 3434/3434 3435/3435 3436/3436
f 3438/3438 3439/3439 3440/3440
f 3441/3441 3442/3442 3443/3443
f 3444/3444 3445/3445 3446/3446
f 3447/3447 3446/3446 3445/3445
f 3448/3448 3449/3449 3450/3450
f 3448/3448 3451/3451 3449/3449
f 3452/3452 3453/3453 3454/3454
f 3452/3452 3455/3455 3453/3453
f 3456/3456 3457/3457 3458/3458
f 3459/3459 3460/3460 3461/3461
f 3461/3461 3462/3462 3459/3459
f 3462/3462 3461/3461 3463/3463
f 3463/3463 3464/3464 3462/3462
f 3465/3465 3462/3462 3464/3464
f 3464/3464 3467/3467 3466/3466
f 3468/3468 3466/3466 3467/3467
f 3464/3464 3466/3466 3465/3465
f 3469/3469 3470/3470 3471/3471
f 3471/3471 3472/3472 3469/3469
f 3473/3473 3474/3474 3475/3475
f 3475/3475 3476/3476 3473/3473
f 3477/3477 3473/3473 3476/3476
f 3478/3478 3473/3473 3477/3477
f 3477/3477 3479/3479 3478/3478
f 3480/3480 3481/3481 3482/3482
f 3483/3483 3482/3482 3481/3481
f 3484/3484 3482/3482 3483/3483
f 3482/3482 3484/3484 3485/3485
f 3484/3484 3486/3486 3485/3485
f 3490/3490 3491/3491 3492/3492
f 3493/3493 3490/3490 3492/3492
f 3487/3487 3488/3488 3489/3489
f 3494/3494 3498/3498 3495/3495
f 3494/3494 3495/3495 3496/3496
f 3496/3496 3497/3497 3494/3494
f 3505/3505 3506/3506 3507/3507
f 3501/3501 3500/3500 3504/3504
f 3502/3502 3503/3503 3500/3500
f 3502/3502 3500/3500 3499/3499
f 3499/3499 3500/3500 3501/3501
f 3520/3520 3518/3518 3512/3512
f 3510/3510 3515/3515 3512/3512
f 3522/3522 3525/3525 3523/3523
f 3521/3521 3522/3522 3523/3523
f 3524/3524 3522/3522 3521/3521
f 3517/3517 3512/3512 3518/3518
f 3513/3513 3512/3512 3517/3517
f 3512/3512 3508/3508 3510/3510
f 3508/3508 3512/3512 3513/3513
f 3509/3509 3511/3511 3510/3510
f 3508/3508 3509/3509 3510/3510
f 3516/3516 3509/3509 3508/3508
f 3514/3514 3511/3511 3509/3509
f 3519/3519 3514/3514 3509/3509
f 3526/3526 3527/3527 3528/3528
f 3529/3529 3528/3528 3527/3527
f 3529/3529 3527/3527 3530/3530
f 3533/3533 3530/3530 3532/3532
f 3530/3530 3533/3533 3528/3528
f 3531/3531 3532/3532 3530/3530
f 3530/3530 3527/3527 3531/3531
f 3539/3539 3538/3538 3534/3534
f 3537/3537 3534/3534 3538/3538
f 3537/3537 3535/3535 3534/3534
f 3534/3534 3535/3535 3536/3536
f 3536/3536 3535/3535 3540/3540
f 3541/3541 3536/3536 3540/3540
f 3542/3542 3543/3543 3544/3544
f 3545/3545 3546/3546 3547/3547
f 3548/3548 3549/3549 3550/3550
f 3554/3554 3555/3555 3556/3556
f 3557/3557 3558/3558 3559/3559
f 3551/3551 3552/3552 3553/3553
f 3561/3561 3563/3563 3562/3562
f 3564/3564 3563/3563 3561/3561
f 3560/3560 3561/3561 3562/3562
f 3567/3567 3570/3570 3565/3565
f 3565/3565 3566/3566 3567/3567
f 3565/3565 3570/3570 3575/3575
f 3567/3567 3576/3576 3570/3570
f 3570/3570 3576/3576 3578/3578
f 3571/3571 3567/3567 3566/3566
f 3568/3568 3566/3566 3565/3565
f 3567/3567 3577/3577 3576/3576
f 3571/3571 3572/3572 3567/3567
f 3565/3565 3569/3569 3568/3568
f 3566/3566 3573/3573 3571/3571
f 3572/3572 3571/3571 3574/3574
f 3584/3584 3587/3587 3585/3585
f 3584/3584 3585/3585 3586/3586
f 3579/3579 3583/3583 3580/3580
f 3579/3579 3580/3580 3581/3581
f 3582/3582 3581/3581 3580/3580
f 3588/3588 3589/3589 3590/3590
f 3595/3595 3594/3594 3591/3591
f 3592/3592 3591/3591 3594/3594
f 3591/3591 3592/3592 3593/3593
f 3606/3606 3607/3607 3608/3608
f 3608/3608 3609/3609 3606/3606
f 3597/3597 3596/3596 3599/3599
f 3600/3600 3599/3599 3596/3596
f 3596/3596 3597/3597 3598/3598
f 3601/3601 3598/3598 3597/3597
f 3603/3603 3602/3602 3604/3604
f 3603/3603 3598/3598 3602/3602
f 3602/3602 3598/3598 3601/3601
f 3605/3605 3604/3604 3602/3602
f 3610/3610 3611/3611 3612/3612
f 3614/3614 3615/3615 3616/3616
f 3610/3610 3612/3612 3613/3613
f 3633/3633 3631/3631 3630/3630
f 3630/3630 3631/3631 3632/3632
f 3624/3624 3625/3625 3626/3626
f 3624/3624 3623/3623 3625/3625
f 3619/3619 3623/3623 3624/3624
f 3623/3623 3619/3619 3618/3618
f 3627/3627 3628/3628 3629/3629
f 3621/3621 3617/3617 3620/3620
f 3622/3622 3621/3621 3620/3620
f 3617/3617 3618/3618 3619/3619
f 3617/3617 3619/3619 3620/3620
f 3638/3638 3635/3635 3634/3634
f 3634/3634 3635/3635 3636/3636
f 3636/3636 3635/3635 3637/3637
f 3639/3639 3640/3640 3641/3641
f 3639/3639 3642/3642 3643/3643
f 3642/3642 3639/3639 3641/3641
f 3641/3641 3644/3644 3642/3642
f 3645/3645 3646/3646 3640/3640
f 3640/3640 3639/3639 3645/3645
f 3654/3654 3647/3647 3649/3649
f 3651/3651 3647/3647 3652/3652
f 3648/3648 3647/3647 3651/3651
f 3653/3653 3648/3648 3651/3651
f 3647/3647 3648/3648 3649/3649
f 3648/3648 3650/3650 3649/3649
f 3657/3657 3656/3656 3658/3658
f 3660/3660 3661/3661 3662/3662
f 3659/3659 3655/3655 3657/3657
f 3655/3655 3656/3656 3657/3657
f 3663/3663 3667/3667 3666/3666
f 3665/3665 3664/3664 3668/3668
f 3669/3669 3665/3665 3668/3668
f 3663/3663 3664/3664 3665/3665
f 3663/3663 3666/3666 3664/3664
f 3695/3695 3703/3703 3702/3702
f 3701/3701 3695/3695 3702/3702
f 3694/3694 3695/3695 3701/3701
f 3695/3695 3704/3704 3703/3703
f 3685/3685 3684/3684 3682/3682
f 3680/3680 3670/3670 3676/3676
f 3675/3675 3676/3676 3670/3670
f 3675/3675 3679/3679 3676/3676
f 3688/3688 3684/3684 3685/3685
f 3685/3685 3698/3698 3688/3688
f 3672/3672 3675/3675 3670/3670
f 3695/3695 3694/3694 3686/3686
f 3683/3683 3694/3694 3705/3705
f 3694/3694 3683/3683 3686/3686
f 3686/3686 3684/3684 3687/3687
f 3683/3683 3684/3684 3686/3686
f 3684/3684 3683/3683 3682/3682
f 3681/3681 3682/3682 3683/3683
f 3707/3707 3708/3708 3709/3709
f 3684/3684 3688/3688 3689/3689
f 3697/3697 3692/3692 3696/3696
f 3696/3696 3693/3693 3699/3699
f 3699/3699 3693/3693 3706/3706
f 3677/3677 3674/3674 3678/3678
f 3696/3696 3699/3699 3700/3700
f 3690/3690 3685/3685 3682/3682
f 3685/3685 3690/3690 3691/3691
f 3670/3670 3671/3671 3672/3672
f 3692/3692 3690/3690 3693/3693
f 3673/3673 3674/3674 3677/3677
f 3696/3696 3692/3692 3693/3693
f 3692/3692 3691/3691 3690/3690
f 3671/3671 3674/3674 3673/3673
f 3671/3671 3673/3673 3672/3672
f 3713/3713 3712/3712 3711/3711
f 3714/3714 3715/3715 3716/3716
f 3717/3717 3714/3714 3716/3716
f 3710/3710 3711/3711 3712/3712
f 3724/3724 3726/3726 3725/3725
f 3727/3727 3725/3725 3726/3726
f 3724/3724 3725/3725 3721/3721
f 3722/3722 3720/3720 3719/3719
f 3722/3722 3719/3719 3723/3723
f 3722/3722 3723/3723 3728/3728
f 3722/3722 3731/3731 3720/3720
f 3720/3720 3721/3721 3718/3718
f 3718/3718 3719/3719 3720/3720
f 3721/3721 3720/3720 3724/3724
f 3722/3722 3728/3728 3729/3729
f 3731/3731 3722/3722 3732/3732
f 3730/3730 3722/3722 3729/3729
f 3756/3756 3755/3755 3744/3744
f 3755/3755 3743/3743 3744/3744
f 3743/3743 3742/3742 3744/3744
f 3742/3742 3743/3743 3734/3734
f 3757/3757 3743/3743 3755/3755
f 3751/3751 3749/3749 3743/3743
f 3749/3749 3734/3734 3743/3743
f 3734/3734 3749/3749 3750/3750
f 3736/3736 3745/3745 3741/3741
f 3737/3737 3739/3739 3738/3738
f 3745/3745 3736/3736 3738/3738
f 3738/3738 3736/3736 3733/3733
f 3737/3737 3738/3738 3733/3733
f 3737/3737 3733/3733 3735/3735
f 3742/3742 3734/3734 3741/3741
f 3736/3736 3741/3741 3734/3734
f 3736/3736 3734/3734 3733/3733
f 3733/3733 3734/3734 3735/3735
f 3739/3739 3737/3737 3740/3740
f 3740/3740 3737/3737 3746/3746
f 3748/3748 3740/3740 3746/3746
f 3746/3746 3737/3737 3747/3747
f 3746/3746 3747/3747 3752/3752
f 3747/3747 3753/3753 3752/3752
f 3754/3754 3752/3752 3753/3753
f 3758/3758 3759/3759 3760/3760
f 3761/3761 3762/3762 3763/3763
f 3762/3762 3764/3764 3763/3763
f 3768/3768 3770/3770 3771/3771
f 3769/3769 3768/3768 3771/3771
f 3768/3768 3769/3769 3770/3770
f 3765/3765 3766/3766 3767/3767
f 3790/3790 3792/3792 3795/3795
f 3792/3792 3796/3796 3795/3795
f 3792/3792 3790/3790 3789/3789
f 3791/3791 3793/3793 3792/3792
f 3791/3791 3792/3792 3789/3789
f 3790/3790 3784/3784 3789/3789
f 3782/3782 3789/3789 3784/3784
f 3789/3789 3782/3782 3791/3791
f 3791/3791 3794/3794 3793/3793
f 3783/3783 3782/3782 3784/3784
f 3778/3778 3782/3782 3783/3783
f 3778/3778 3777/3777 3782/3782
f 3784/3784 3775/3775 3783/3783
f 3775/3775 3788/3788 3783/3783
f 3774/3774 3788/3788 3775/3775
f 3772/3772 3774/3774 3775/3775
f 3778/3778 3774/3774 3777/3777
f 3777/3777 3774/3774 3773/3773
f 3772/3772 3775/3775 3779/3779
f 3772/3772 3773/3773 3774/3774
f 3772/3772 3776/3776 3773/3773
f 3797/3797 3798/3798 3799/3799
f 3772/3772 3780/3780 3776/3776
f 3780/3780 3772/3772 3781/3781
f 3781/3781 3772/3772 3786/3786
f 3781/3781 3786/3786 3787/3787
f 3785/3785 3780/3780 3781/3781
f 3807/3807 3808/3808 3800/3800
f 3800/3800 3802/3802 3807/3807
f 3800/3800 3808/3808 3806/3806
f 3800/3800 3801/3801 3802/3802
f 3801/3801 3803/3803 3802/3802
f 3801/3801 3804/3804 3803/3803
f 3801/3801 3806/3806 3805/3805
f 3804/3804 3801/3801 3805/3805
f 3825/3825 3823/3823 3824/3824
f 3820/3820 3824/3824 3823/3823
f 3821/3821 3820/3820 3823/3823
f 3820/3820 3821/3821 3815/3815
f 3825/3825 3824/3824 3822/3822
f 3819/3819 3822/3822 3824/3824
f 3819/3819 3817/3817 3822/3822
f 3817/3817 3819/3819 3818/3818
f 3818/3818 3811/3811 3817/3817
f 3815/3815 3816/3816 3820/3820
f 3815/3815 3809/3809 3816/3816
f 3809/3809 3815/3815 3813/3813
f 3810/3810 3817/3817 3811/3811
f 3830/3830 3817/3817 3810/3810
f 3809/3809 3810/3810 3811/3811
f 3810/3810 3809/3809 3812/3812
f 3812/3812 3809/3809 3813/3813
f 3812/3812 3813/3813 3814/3814
f 3814/3814 3826/3826 3812/3812
f 3826/3826 3827/3827 3812/3812
f 3828/3828 3826/3826 3829/3829
f 3814/3814 3829/3829 3826/3826
f 3828/3828 3827/3827 3826/3826
f 3831/3831 3832/3832 3833/3833
f 3831/3831 3834/3834 3832/3832
f 3842/3842 3843/3843 3840/3840
f 3843/3843 3842/3842 3844/3844
f 3835/3835 3836/3836 3837/3837
f 3836/3836 3835/3835 3838/3838
f 3840/3840 3839/3839 3842/3842
f 3839/3839 3840/3840 3841/3841
f 3845/3845 3846/3846 3847/3847
f 3847/3847 3846/3846 3850/3850
f 3852/3852 3853/3853 3854/3854
f 3848/3848 3846/3846 3845/3845
f 3850/3850 3846/3846 3851/3851
f 3845/3845 3847/3847 3849/3849
f 3861/3861 3862/3862 3863/3863
f 3860/3860 3856/3856 3858/3858
f 3858/3858 3856/3856 3855/3855
f 3855/3855 3856/3856 3857/3857
f 3855/3855 3857/3857 3859/3859
f 3864/3864 3865/3865 3866/3866
f 3865/3865 3867/3867 3866/3866
f 3868/3868 3869/3869 3870/3870
f 3872/3872 3874/3874 3873/3873
f 3871/3871 3872/3872 3873/3873
f 3875/3875 3873/3873 3874/3874
f 3875/3875 3876/3876 3873/3873
f 3883/3883 3881/3881 3880/3880
f 3880/3880 3881/3881 3882/3882
f 3877/3877 3878/3878 3879/3879
f 3887/3887 3885/3885 3884/3884
f 3884/3884 3885/3885 3886/3886
f 3884/3884 3886/3886 3888/3888
f 3889/3889 3890/3890 3891/3891
f 3889/3889 3891/3891 3892/3892
f 3893/3893 3894/3894 3895/3895
f 3904/3904 3905/3905 3903/3903
f 3896/3896 3899/3899 3897/3897
f 3896/3896 3902/3902 3903/3903
f 3902/3902 3896/3896 3898/3898
f 3902/3902 3904/3904 3903/3903
f 3896/3896 3897/3897 3898/3898
f 3899/3899 3896/3896 3900/3900
f 3900/3900 3901/3901 3899/3899
f 3899/3899 3901/3901 3906/3906
f 3915/3915 3916/3916 3917/3917
f 3912/3912 3913/3913 3914/3914
f 3908/3908 3911/3911 3909/3909
f 3907/3907 3908/3908 3909/3909
f 3907/3907 3910/3910 3908/3908
f 3918/3918 3922/3922 3919/3919
f 3923/3923 3924/3924 3925/3925
f 3918/3918 3919/3919 3920/3920
f 3920/3920 3921/3921 3918/3918
f 3926/3926 3927/3927 3928/3928
f 3926/3926 3929/3929 3927/3927
f 3931/3931 3933/3933 3932/3932
f 3930/3930 3931/3931 3932/3932
f 3931/3931 3930/3930 3936/3936
f 3932/3932 3933/3933 3934/3934
f 3934/3934 3935/3935 3932/3932
f 3935/3935 3936/3936 3930/3930
f 3937/3937 3936/3936 3935/3935
f 3973/3973 3974/3974 3972/3972
f 3971/3971 3973/3973 3972/3972
f 3972/3972 3970/3970 3971/3971
f 3968/3968 3976/3976 3971/3971
f 3968/3968 3971/3971 3970/3970
f 3977/3977 3971/3971 3976/3976
f 3976/3976 3968/3968 3978/3978
f 3969/3969 3968/3968 3970/3970
f 3965/3965 3967/3967 3968/3968
f 3965/3965 3968/3968 3969/3969
f 3967/3967 3965/3965 3966/3966
f 3966/3966 3965/3965 3946/3946
f 3946/3946 3951/3951 3966/3966
f 3965/3965 3963/3963 3946/3946
f 3952/3952 3951/3951 3945/3945
f 3951/3951 3946/3946 3945/3945
f 3946/3946 3963/3963 3962/3962
f 3963/3963 3975/3975 3964/3964
f 3962/3962 3963/3963 3964/3964
f 3945/3945 3946/3946 3947/3947
f 3947/3947 3946/3946 3961/3961
f 3961/3961 3946/3946 3962/3962
f 3953/3953 3952/3952 3948/3948
f 3948/3948 3952/3952 3945/3945
f 3948/3948 3945/3945 3947/3947
f 3959/3959 3960/3960 3956/3956
f 3956/3956 3958/3958 3959/3959
f 3938/3938 3939/3939 3940/3940
f 3950/3950 3948/3948 3949/3949
f 3949/3949 3948/3948 3947/3947
f 3955/3955 3953/3953 3954/3954
f 3961/3961 3949/3949 3947/3947
f 3954/3954 3953/3953 3948/3948
f 3957/3957 3956/3956 3954/3954
f 3941/3941 3940/3940 3939/3939
f 3940/3940 3941/3941 3942/3942
f 3957/3957 3958/3958 3956/3956
f 3954/3954 3956/3956 3955/3955
f 3942/3942 3941/3941 3943/3943
f 3941/3941 3944/3944 3943/3943
f 3987/3987 3981/3981 3982/3982
f 3981/3981 3980/3980 3982/3982
f 3979/3979 3980/3980 3981/3981
f 3980/3980 3979/3979 3983/3983
f 3993/3993 3990/3990 3992/3992
f 3981/3981 3987/3987 3989/3989
f 3990/3990 3989/3989 3992/3992
f 3981/3981 3989/3989 3990/3990
f 3981/3981 3990/3990 3991/3991
f 3981/3981 3991/3991 3994/3994
f 3979/3979 3988/3988 3986/3986
f 3985/3985 3979/3979 3986/3986
f 3984/3984 3979/3979 3985/3985
f 3979/3979 3984/3984 3983/3983
f 3996/3996 3995/3995 3998/3998
f 3995/3995 3996/3996 3997/3997
f 3999/3999 4002/4002 4000/4000
f 3999/3999 4000/4000 4001/4001
f 3999/3999 4001/4001 4003/4003
f 4003/4003 4001/4001 4004/4004
f 4005/4005 4006/4006 4007/4007
f 4005/4005 4008/4008 4006/4006
f 4009/4009 4013/4013 4010/4010
f 4011/4011 4010/4010 4012/4012
f 4009/4009 4010/4010 4011/4011
f 4021/4021 4022/4022 4023/4023
f 4014/4014 4017/4017 4015/4015
f 4017/4017 4014/4014 4019/4019
f 4014/4014 4015/4015 4016/4016
f 4016/4016 4015/4015 4018/4018
f 4018/4018 4015/4015 4020/4020
f 4032/4032 4033/4033 4029/4029
f 4028/4028 4032/4032 4029/4029
f 4026/4026 4028/4028 4029/4029
f 4028/4028 4026/4026 4025/4025
f 4038/4038 4037/4037 4040/4040
f 4036/4036 4037/4037 4038/4038
f 4024/4024 4025/4025 4026/4026
f 4024/4024 4027/4027 4025/4025
f 4036/4036 4038/4038 4039/4039
f 4031/4031 4030/4030 4024/4024
f 4030/4030 4027/4027 4024/4024
f 4031/4031 4034/4034 4030/4030
f 4031/4031 4035/4035 4034/4034
f 4030/4030 4034/4034 4035/4035
f 4041/4041 4042/4042 4043/4043
f 4044/4044 4045/4045 4041/4041
f 4049/4049 4050/4050 4051/4051
f 4042/4042 4046/4046 4043/4043
f 4044/4044 4041/4041 4043/4043
f 4047/4047 4045/4045 4044/4044
f 4050/4050 4049/4049 4052/4052
f 4043/4043 4046/4046 4048/4048
f 4044/4044 4043/4043 4048/4048
f 4053/4053 4054/4054 4055/4055
f 4054/4054 4056/4056 4055/4055
f 4054/4054 4053/4053 4057/4057
f 4056/4056 4054/4054 4057/4057
f 4064/4064 4065/4065 4066/4066
f 4068/4068 4066/4066 4065/4065
f 4058/4058 4059/4059 4060/4060
f 4058/4058 4061/4061 4059/4059
f 4059/4059 4061/4061 4062/4062
f 4061/4061 4063/4063 4062/4062
f 4064/4064 4066/4066 4067/4067
f 4069/4069 4070/4070 4071/4071
f 4072/4072 4069/4069 4071/4071
f 4077/4077 4078/4078 4079/4079
f 4073/4073 4074/4074 4075/4075
f 4075/4075 4074/4074 4076/4076
f 4083/4083 4084/4084 4085/4085
f 4083/4083 4087/4087 4084/4084
f 4085/4085 4086/4086 4083/4083
f 4080/4080 4081/4081 4082/4082
f 4088/4088 4092/4092 4093/4093
f 4092/4092 4088/4088 4090/4090
f 4089/4089 4088/4088 4091/4091
f 4088/4088 4089/4089 4090/4090
f 4094/4094 4097/4097 4095/4095
f 4094/4094 4095/4095 4096/4096
f 4099/4099 4101/4101 4102/4102
f 4101/4101 4099/4099 4098/4098
f 4103/4103 4098/4098 4100/4100
f 4098/4098 4099/4099 4100/4100
f 4100/4100 4104/4104 4103/4103
f 4099/4099 4106/4106 4100/4100
f 4104/4104 4105/4105 4103/4103
f 4107/4107 4108/4108 4109/4109
f 4111/4111 4115/4115 4112/4112
f 4116/4116 4115/4115 4111/4111
f 4112/4112 4113/4113 4110/4110
f 4110/4110 4111/4111 4112/4112
f 4117/4117 4116/4116 4111/4111
f 4118/4118 4116/4116 4117/4117
f 4114/4114 4119/4119 4113/4113
f 4114/4114 4113/4113 4112/4112
f 4119/4119 4114/4114 4120/4120
f 4122/4122 4124/4124 4123/4123
f 4121/4121 4122/4122 4123/4123
f 4126/4126 4125/4125 4128/4128
f 4125/4125 4126/4126 4127/4127
f 4133/4133 4134/4134 4135/4135
f 4130/4130 4129/4129 4132/4132
f 4136/4136 4134/4134 4133/4133
f 4129/4129 4130/4130 4131/4131
f 4139/4139 4141/4141 4137/4137
f 4138/4138 4140/4140 4139/4139
f 4137/4137 4138/4138 4139/4139
f 4142/4142 4140/4140 4138/4138
f 4144/4144 4143/4143 4146/4146
f 4143/4143 4144/4144 4145/4145
f 4145/4145 4148/4148 4147/4147
f 4147/4147 4143/4143 4145/4145
f 4153/4153 4154/4154 4155/4155
f 4150/4150 4152/4152 4151/4151
f 4149/4149 4150/4150 4151/4151
f 4156/4156 4157/4157 4158/4158
f 4159/4159 4160/4160 4161/4161
f 4162/4162 4163/4163 4164/4164
f 4162/4162 4164/4164 4166/4166
f 4165/4165 4163/4163 4162/4162
f 4167/4167 4168/4168 4169/4169
f 4174/4174 4172/4172 4175/4175
f 4171/4171 4177/4177 4176/4176
f 4172/4172 4171/4171 4176/4176
f 4170/4170 4172/4172 4174/4174
f 4170/4170 4171/4171 4172/4172
f 4174/4174 4173/4173 4170/4170
f 4178/4178 4179/4179 4180/4180
f 4173/4173 4171/4171 4170/4170
f 4182/4182 4186/4186 4185/4185
f 4185/4185 4183/4183 4182/4182
f 4181/4181 4182/4182 4183/4183
f 4184/4184 4182/4182 4181/4181
f 4195/4195 4199/4199 4198/4198
f 4196/4196 4195/4195 4198/4198
f 4194/4194 4189/4189 4192/4192
f 4195/4195 4196/4196 4197/4197
f 4202/4202 4197/4197 4196/4196
f 4200/4200 4196/4196 4198/4198
f 4187/4187 4188/4188 4189/4189
f 4200/4200 4198/4198 4201/4201
f 4200/4200 4201/4201 4203/4203
f 4189/4189 4191/4191 4192/4192
f 4189/4189 4188/4188 4190/4190
f 4189/4189 4190/4190 4191/4191
f 4204/4204 4203/4203 4201/4201
f 4206/4206 4203/4203 4204/4204
f 4204/4204 4201/4201 4205/4205
f 4204/4204 4205/4205 4207/4207
f 4193/4193 4191/4191 4190/4190
f 4208/4208 4214/4214 4215/4215
f 4208/4208 4209/4209 4210/4210
f 4211/4211 4209/4209 4208/4208
f 4208/4208 4210/4210 4214/4214
f 4210/4210 4209/4209 4212/4212
f 4213/4213 4212/4212 4209/4209
f 4219/4219 4220/4220 4221/4221
f 4216/4216 4217/4217 4218/4218
f 4225/4225 4226/4226 4224/4224
f 4222/4222 4223/4223 4224/4224
f 4223/4223 4225/4225 4224/4224
f 4239/4239 4240/4240 4237/4237
f 4237/4237 4236/4236 4239/4239
f 4233/4233 4236/4236 4237/4237
f 4232/4232 4236/4236 4233/4233
f 4232/4232 4233/4233 4234/4234
f 4235/4235 4232/4232 4234/4234
f 4230/4230 4235/4235 4234/4234
f 4231/4231 4230/4230 4229/4229
f 4238/4238 4235/4235 4230/4230
f 4231/4231 4238/4238 4230/4230
f 4227/4227 4229/4229 4230/4230
f 4227/4227 4228/4228 4229/4229
f 4243/4243 4244/4244 4246/4246
f 4242/4242 4245/4245 4244/4244
f 4243/4243 4242/4242 4244/4244
f 4241/4241 4242/4242 4243/4243
f 4247/4247 4242/4242 4241/4241
f 4247/4247 4249/4249 4242/4242
f 4241/4241 4248/4248 4247/4247
f 4248/4248 4241/4241 4250/4250
f 4266/4266 4267/4267 4268/4268
f 4266/4266 4269/4269 4267/4267
f 4258/4258 4257/4257 4260/4260
f 4253/4253 4257/4257 4258/4258
f 4259/4259 4253/4253 4258/4258
f 4253/4253 4252/4252 4257/4257
f 4251/4251 4252/4252 4253/4253
f 4254/4254 4252/4252 4251/4251
f 4261/4261 4262/4262 4263/4263
f 4261/4261 4264/4264 4262/4262
f 4255/4255 4254/4254 4251/4251
f 4263/4263 4265/4265 4261/4261
f 4255/4255 4256/4256 4254/4254
f 4272/4272 4271/4271 4273/4273
f 4270/4270 4271/4271 4272/4272
f 4277/4277 4274/4274 4276/4276
f 4274/4274 4275/4275 4276/4276
f 4279/4279 4281/4281 4280/4280
f 4278/4278 4279/4279 4280/4280
f 4284/4284 4283/4283 4285/4285
f 4282/4282 4283/4283 4284/4284
f 4296/4296 4297/4297 4289/4289
f 4290/4290 4288/4288 4289/4289
f 4288/4288 4290/4290 4291/4291
f 4291/4291 4290/4290 4292/4292
f 4293/4293 4288/4288 4291/4291
f 4287/4287 4296/4296 4289/4289
f 4288/4288 4287/4287 4289/4289
f 4295/4295 4287/4287 4286/4286
f 4286/4286 4287/4287 4288/4288
f 4286/4286 4288/4288 4293/4293
f 4294/4294 4291/4291 4292/4292
f 4294/4294 4293/4293 4291/4291
f 4301/4301 4298/4298 4302/4302
f 4299/4299 4298/4298 4301/4301
f 4302/4302 4303/4303 4301/4301
f 4298/4298 4299/4299 4300/4300
f 4299/4299 4304/4304 4300/4300
f 4305/4305 4300/4300 4304/4304
f 4306/4306 4307/4307 4308/4308
f 4306/4306 4308/4308 4310/4310
f 4311/4311 4306/4306 4310/4310
f 4307/4307 4309/4309 4308/4308
f 4312/4312 4313/4313 4314/4314
f 4312/4312 4314/4314 4316/4316
f 4315/4315 4314/4314 4313/4313
f 4320/4320 4322/4322 4318/4318
f 4318/4318 4317/4317 4320/4320
f 4317/4317 4318/4318 4319/4319
f 4321/4321 4317/4317 4319/4319
f 4322/4322 4320/4320 4323/4323
f 4328/4328 4329/4329 4330/4330
f 4326/4326 4321/4321 4325/4325
f 4327/4327 4321/4321 4326/4326
f 4319/4319 4324/4324 4321/4321
f 4321/4321 4324/4324 4325/4325
f 4333/4333 4334/4334 4331/4331
f 4331/4331 4332/4332 4333/4333
f 4333/4333 4336/4336 4334/4334
f 4331/4331 4335/4335 4332/4332
f 4337/4337 4338/4338 4339/4339
f 4345/4345 4346/4346 4341/4341
f 4345/4345 4341/4341 4344/4344
f 4342/4342 4341/4341 4346/4346
f 4340/4340 4341/4341 4342/4342
f 4341/4341 4340/4340 4343/4343
f 4341/4341 4343/4343 4344/4344
f 4350/4350 4351/4351 4352/4352
f 4348/4348 4351/4351 4350/4350
f 4347/4347 4349/4349 4353/4353
f 4348/4348 4350/4350 4349/4349
f 4347/4347 4348/4348 4349/4349
f 4347/4347 4353/4353 4354/4354
f 4362/4362 4361/4361 4363/4363
f 4357/4357 4361/4361 4362/4362
f 4358/4358 4356/4356 4355/4355
f 4355/4355 4356/4356 4357/4357
f 4360/4360 4358/4358 4355/4355
f 4357/4357 4364/4364 4355/4355
f 4357/4357 4359/4359 4361/4361
f 4359/4359 4357/4357 4356/4356
f 4372/4372 4367/4367 4373/4373
f 4367/4367 4372/4372 4365/4365
f 4366/4366 4365/4365 4369/4369
f 4365/4365 4366/4366 4367/4367
f 4370/4370 4368/4368 4366/4366
f 4368/4368 4367/4367 4366/4366
f 4374/4374 4370/4370 4371/4371
f 4371/4371 4370/4370 4366/4366
f 4371/4371 4366/4366 4369/4369
f 4377/4377 4378/4378 4375/4375
f 4380/4380 4381/4381 4382/4382
f 4375/4375 4376/4376 4377/4377
f 4379/4379 4377/4377 4376/4376
f 4385/4385 4384/4384 4387/4387
f 4383/4383 4384/4384 4385/4385
f 4386/4386 4383/4383 4385/4385
f 4400/4400 4392/4392 4403/4403
f 4388/4388 4391/4391 4389/4389
f 4392/4392 4400/4400 4391/4391
f 4391/4391 4388/4388 4392/4392
f 4393/4393 4392/4392 4388/4388
f 4398/4398 4392/4392 4393/4393
f 4388/4388 4389/4389 4390/4390
f 4394/4394 4393/4393 4388/4388
f 4401/4401 4390/4390 4402/4402
f 4390/4390 4401/4401 4399/4399
f 4390/4390 4399/4399 4397/4397
f 4390/4390 4397/4397 4395/4395
f 4395/4395 4388/4388 4390/4390
f 4396/4396 4394/4394 4388/4388
f 4388/4388 4395/4395 4396/4396
f 4412/4412 4413/4413 4410/4410
f 4409/4409 4410/4410 4411/4411
f 4409/4409 4412/4412 4410/4410
f 4406/4406 4408/4408 4404/4404
f 4404/4404 4405/4405 4406/4406
f 4405/4405 4404/4404 4407/4407
f 4415/4415 4417/4417 4416/4416
f 4414/4414 4415/4415 4416/4416
f 4418/4418 4414/4414 4419/4419
f 4418/4418 4415/4415 4414/4414
f 4423/4423 4420/4420 4422/4422
f 4420/4420 4421/4421 4422/4422
f 4430/4430 4431/4431 4429/4429
f 4435/4435 4436/4436 4437/4437
f 4427/4427 4430/4430 4429/4429
f 4427/4427 4425/4425 4432/4432
f 4427/4427 4429/4429 4426/4426
f 4426/4426 4425/4425 4427/4427
f 4424/4424 4425/4425 4426/4426
f 4428/4428 4424/4424 4426/4426
f 4428/4428 4433/4433 4424/4424
f 4434/4434 4433/4433 4428/4428
f 4440/4440 4441/4441 4438/4438
f 4438/4438 4439/4439 4440/4440
f 4443/4443 4445/4445 4444/4444
f 4447/4447 4448/4448 4449/4449
f 4442/4442 4444/4444 4446/4446
f 4442/4442 4443/4443 4444/4444
f 4465/4465 4472/4472 4478/4478
f 4465/4465 4471/4471 4472/4472
f 4466/4466 4471/4471 4465/4465
f 4470/4470 4453/4453 4460/4460
f 4456/4456 4465/4465 4451/4451
f 4465/4465 4456/4456 4466/4466
f 4453/4453 4466/4466 4456/4456
f 4454/4454 4453/4453 4456/4456
f 4453/4453 4455/4455 4457/4457
f 4458/4458 4460/4460 4453/4453
f 4458/4458 4461/4461 4464/4464
f 4457/4457 4458/4458 4453/4453
f 4458/4458 4457/4457 4461/4461
f 4451/4451 4459/4459 4456/4456
f 4450/4450 4459/4459 4451/4451
f 4462/4462 4459/4459 4450/4450
f 4459/4459 4462/4462 4467/4467
f 4450/4450 4451/4451 4452/4452
f 4454/4454 4456/4456 4459/4459
f 4453/4453 4454/4454 4455/4455
f 4468/4468 4469/4469 4467/4467
f 4455/4455 4454/4454 4463/4463
f 4467/4467 4462/4462 4452/4452
f 4468/4468 4467/4467 4452/4452
f 4470/4470 4473/4473 4474/4474
f 4476/4476 4470/4470 4474/4474
f 4470/4470 4460/4460 4473/4473
f 4475/4475 4474/4474 4473/4473
f 4474/4474 4477/4477 4476/4476
f 4480/4480 4482/4482 4481/4481
f 4479/4479 4480/4480 4481/4481
f 4483/4483 4484/4484 4485/4485
f 4494/4494 4495/4495 4492/4492
f 4492/4492 4493/4493 4494/4494
f 4494/4494 4496/4496 4495/4495
f 4487/4487 4486/4486 4490/4490
f 4486/4486 4487/4487 4488/4488
f 4489/4489 4486/4486 4488/4488
f 4489/4489 4488/4488 4491/4491
f 4498/4498 4504/4504 4503/4503
f 4505/4505 4504/4504 4498/4498
f 4507/4507 4505/4505 4498/4498
f 4501/4501 4498/4498 4503/4503
f 4498/4498 4501/4501 4499/4499
f 4497/4497 4498/4498 4499/4499
f 4499/4499 4501/4501 4502/4502
f 4499/4499 4500/4500 4497/4497
f 4506/4506 4500/4500 4499/4499
f 4512/4512 4513/4513 4508/4508
f 4514/4514 4512/4512 4510/4510
f 4510/4510 4512/4512 4508/4508
f 4511/4511 4514/4514 4510/4510
f 4514/4514 4511/4511 4515/4515
f 4511/4511 4510/4510 4509/4509
f 4508/4508 4509/4509 4510/4510
f 4519/4519 4516/4516 4522/4522
f 4517/4517 4516/4516 4519/4519
f 4521/4521 4518/4518 4520/4520
f 4516/4516 4517/4517 4518/4518
f 4518/4518 4517/4517 4520/4520
f 4523/4523 4524/4524 4525/4525
f 4526/4526 4527/4527 4528/4528
f 4529/4529 4530/4530 4531/4531
f 4553/4553 4554/4554 4555/4555
f 4550/4550 4552/4552 4551/4551
f 4549/4549 4550/4550 4551/4551
f 4547/4547 4550/4550 4549/4549
f 4549/4549 4548/4548 4547/4547
f 4548/4548 4542/4542 4547/4547
f 4534/4534 4536/4536 4535/4535
f 4537/4537 4535/4535 4536/4536
f 4543/4543 4547/4547 4542/4542
f 4545/4545 4539/4539 4546/4546
f 4539/4539 4545/4545 4540/4540
f 4539/4539 4544/4544 4543/4543
f 4541/4541 4543/4543 4542/4542
f 4533/4533 4541/4541 4542/4542
f 4543/4543 4541/4541 4539/4539
f 4533/4533 4540/4540 4541/4541
f 4540/4540 4533/4533 4539/4539
f 4532/4532 4539/4539 4533/4533
f 4532/4532 4533/4533 4534/4534
f 4532/4532 4534/4534 4535/4535
f 4538/4538 4532/4532 4535/4535
f 4565/4565 4564/4564 4563/4563
f 4563/4563 4564/4564 4561/4561
f 4563/4563 4561/4561 4562/4562
f 4562/4562 4561/4561 4560/4560
f 4559/4559 4560/4560 4561/4561
f 4560/4560 4559/4559 4557/4557
f 4557/4557 4559/4559 4558/4558
f 4556/4556 4557/4557 4558/4558
f 4566/4566 4567/4567 4568/4568
f 4569/4569 4568/4568 4567/4567
f 4579/4579 4580/4580 4591/4591
f 4574/4574 4580/4580 4579/4579
f 4574/4574 4579/4579 4575/4575
f 4589/4589 4588/4588 4590/4590
f 4581/4581 4572/4572 4575/4575
f 4572/4572 4574/4574 4575/4575
f 4577/4577 4573/4573 4571/4571
f 4572/4572 4573/4573 4574/4574
f 4574/4574 4573/4573 4577/4577
f 4571/4571 4573/4573 4572/4572
f 4592/4592 4594/4594 4596/4596
f 4570/4570 4571/4571 4572/4572
f 4588/4588 4582/4582 4585/4585
f 4596/4596 4597/4597 4592/4592
f 4598/4598 4592/4592 4597/4597
f 4592/4592 4593/4593 4594/4594
f 4576/4576 4587/4587 4586/4586
f 4595/4595 4594/4594 4593/4593
f 4598/4598 4597/4597 4599/4599
f 4603/4603 4601/4601 4600/4600
f 4586/4586 4585/4585 4576/4576
f 4582/4582 4576/4576 4585/4585
f 4600/4600 4601/4601 4602/4602
f 4576/4576 4571/4571 4570/4570
f 4571/4571 4576/4576 4578/4578
f 4578/4578 4576/4576 4582/4582
f 4578/4578 4582/4582 4583/4583
f 4582/4582 4588/4588 4589/4589
f 4578/4578 4583/4583 4584/4584
f 4606/4606 4613/4613 4612/4612
f 4613/4613 4615/4615 4614/4614
f 4614/4614 4615/4615 4616/4616
f 4614/4614 4612/4612 4613/4613
f 4604/4604 4606/4606 4612/4612
f 4604/4604 4605/4605 4606/4606
f 4605/4605 4607/4607 4606/4606
f 4621/4621 4619/4619 4618/4618
f 4617/4617 4618/4618 4619/4619
f 4605/4605 4608/4608 4607/4607
f 4605/4605 4609/4609 4608/4608
f 4610/4610 4608/4608 4609/4609
f 4620/4620 4618/4618 4617/4617
f 4611/4611 4610/4610 4609/4609
f 4622/4622 4623/4623 4624/4624
f 4633/4633 4629/4629 4632/4632
f 4630/4630 4641/4641 4628/4628
f 4640/4640 4642/4642 4643/4643
f 4640/4640 4632/4632 4628/4628
f 4629/4629 4628/4628 4632/4632
f 4640/4640 4628/4628 4642/4642
f 4629/4629 4626/4626 4628/4628
f 4625/4625 4628/4628 4626/4626
f 4630/4630 4628/4628 4625/4625
f 4651/4651 4648/4648 4650/4650
f 4647/4647 4650/4650 4648/4648
f 4649/4649 4644/4644 4648/4648
f 4627/4627 4626/4626 4631/4631
f 4625/4625 4626/4626 4627/4627
f 4644/4644 4645/4645 4646/4646
f 4627/4627 4631/4631 4634/4634
f 4648/4648 4644/4644 4647/4647
f 4646/4646 4647/4647 4644/4644
f 4634/4634 4635/4635 4627/4627
f 4636/4636 4634/4634 4631/4631
f 4636/4636 4637/4637 4634/4634
f 4637/4637 4635/4635 4634/4634
f 4638/4638 4637/4637 4636/4636
f 4638/4638 4639/4639 4637/4637
f 4654/4654 4653/4653 4655/4655
f 4659/4659 4653/4653 4658/4658
f 4652/4652 4653/4653 4654/4654
f 4652/4652 4654/4654 4656/4656
f 4652/4652 4658/4658 4653/4653
f 4657/4657 4652/4652 4656/4656
f 4663/4663 4660/4660 4665/4665
f 4661/4661 4660/4660 4663/4663
f 4660/4660 4661/4661 4662/4662
f 4661/4661 4664/4664 4662/4662
f 4666/4666 4667/4667 4668/4668
f 4674/4674 4669/4669 4671/4671
f 4682/4682 4687/4687 4686/4686
f 4678/4678 4673/4673 4670/4670
f 4688/4688 4686/4686 4687/4687
f 4669/4669 4670/4670 4671/4671
f 4671/4671 4670/4670 4672/4672
f 4672/4672 4670/4670 4673/4673
f 4681/4681 4680/4680 4679/4679
f 4680/4680 4677/4677 4679/4679
f 4675/4675 4679/4679 4677/4677
f 4675/4675 4669/4669 4674/4674
f 4687/4687 4682/4682 4690/4690
f 4676/4676 4675/4675 4677/4677
f 4669/4669 4675/4675 4676/4676
f 4686/4686 4683/4683 4682/4682
f 4682/4682 4683/4683 4684/4684
f 4690/4690 4682/4682 4685/4685
f 4682/4682 4684/4684 4685/4685
f 4684/4684 4689/4689 4685/4685
f 4693/4693 4684/4684 4683/4683
f 4691/4691 4685/4685 4689/4689
f 4685/4685 4691/4691 4692/4692
f 4695/4695 4694/4694 4697/4697
f 4694/4694 4695/4695 4696/4696
f 4695/4695 4697/4697 4698/4698
f 4699/4699 4695/4695 4698/4698
f 4701/4701 4702/4702 4700/4700
f 4695/4695 4700/4700 4696/4696
f 4700/4700 4695/4695 4701/4701
f 4715/4715 4711/4711 4716/4716
f 4715/4715 4714/4714 4711/4711
f 4710/4710 4705/4705 4711/4711
f 4713/4713 4704/4704 4708/4708
f 4703/4703 4704/4704 4705/4705
f 4712/4712 4718/4718 4717/4717
f 4703/4703 4705/4705 4710/4710
f 4704/4704 4703/4703 4706/4706
f 4718/4718 4719/4719 4717/4717
f 4707/4707 4704/4704 4706/4706
f 4707/4707 4708/4708 4704/4704
f 4708/4708 4707/4707 4709/4709
f 4709/4709 4707/4707 4720/4720
f 4712/4712 4711/4711 4714/4714
f 4712/4712 4710/4710 4711/4711
f 4712/4712 4717/4717 4710/4710
f 4726/4726 4727/4727 4725/4725
f 4725/4725 4722/4722 4726/4726
f 4728/4728 4725/4725 4727/4727
f 4722/4722 4721/4721 4726/4726
f 4721/4721 4722/4722 4723/4723
f 4723/4723 4722/4722 4724/4724
f 4730/4730 4729/4729 4733/4733
f 4729/4729 4730/4730 4731/4731
f 4733/4733 4729/4729 4734/4734
f 4730/4730 4732/4732 4731/4731
f 4732/4732 4735/4735 4731/4731
f 4736/4736 4737/4737 4738/4738
f 4737/4737 4736/4736 4739/4739
f 4740/4740 4741/4741 4742/4742
f 4741/4741 4740/4740 4743/4743
f 4744/4744 4745/4745 4746/4746
f 4747/4747 4748/4748 4749/4749
f 4754/4754 4755/4755 4756/4756
f 4751/4751 4755/4755 4754/4754
f 4753/4753 4751/4751 4754/4754
f 4750/4750 4763/4763 4764/4764
f 4761/4761 4763/4763 4750/4750
f 4752/4752 4751/4751 4753/4753
f 4750/4750 4751/4751 4752/4752
f 4759/4759 4761/4761 4750/4750
f 4758/4758 4759/4759 4750/4750
f 4757/4757 4758/4758 4750/4750
f 4760/4760 4758/4758 4757/4757
f 4757/4757 4750/4750 4752/4752
f 4760/4760 4765/4765 4758/4758
f 4765/4765 4766/4766 4758/4758
f 4762/4762 4760/4760 4757/4757
f 4778/4778 4779/4779 4780/4780
f 4779/4779 4778/4778 4775/4775
f 4776/4776 4775/4775 4778/4778
f 4770/4770 4775/4775 4776/4776
f 4777/4777 4770/4770 4776/4776
f 4769/4769 4779/4779 4775/4775
f 4770/4770 4769/4769 4775/4775
f 4767/4767 4769/4769 4770/4770
f 4767/4767 4768/4768 4769/4769
f 4781/4781 4779/4779 4769/4769
f 4771/4771 4769/4769 4768/4768
f 4769/4769 4771/4771 4772/4772
f 4781/4781 4782/4782 4779/4779
f 4767/4767 4774/4774 4768/4768
f 4774/4774 4771/4771 4768/4768
f 4773/4773 4772/4772 4771/4771
f 4790/4790 4791/4791 4792/4792
f 4788/4788 4786/4786 4785/4785
f 4789/4789 4785/4785 4784/4784
f 4783/4783 4784/4784 4785/4785
f 4786/4786 4783/4783 4785/4785
f 4783/4783 4786/4786 4787/4787
f 4794/4794 4793/4793 4796/4796
f 4793/4793 4794/4794 4795/4795
f 4806/4806 4807/4807 4805/4805
f 4809/4809 4807/4807 4808/4808
f 4808/4808 4807/4807 4806/4806
f 4806/4806 4810/4810 4808/4808
f 4798/4798 4806/4806 4805/4805
f 4804/4804 4798/4798 4805/4805
f 4804/4804 4799/4799 4798/4798
f 4797/4797 4798/4798 4799/4799
f 4797/4797 4799/4799 4800/4800
f 4797/4797 4800/4800 4802/4802
f 4812/4812 4814/4814 4813/4813
f 4800/4800 4803/4803 4802/4802
f 4811/4811 4812/4812 4813/4813
f 4811/4811 4815/4815 4812/4812
f 4815/4815 4811/4811 4816/4816
f 4801/4801 4800/4800 4799/4799
f 4817/4817 4818/4818 4819/4819
f 4820/4820 4821/4821 4822/4822
f 4823/4823 4824/4824 4825/4825
f 4826/4826 4827/4827 4828/4828
f 4826/4826 4828/4828 4829/4829
f 4833/4833 4830/4830 4832/4832
f 4833/4833 4832/4832 4834/4834
f 4835/4835 4836/4836 4831/4831
f 4830/4830 4831/4831 4832/4832
f 4830/4830 4835/4835 4831/4831
f 4837/4837 4839/4839 4840/4840
f 4837/4837 4838/4838 4839/4839
f 4843/4843 4844/4844 4845/4845
f 4839/4839 4838/4838 4842/4842
f 4838/4838 4837/4837 4841/4841
f 4851/4851 4853/4853 4854/4854
f 4850/4850 4848/4848 4855/4855
f 4846/4846 4847/4847 4848/4848
f 4851/4851 4850/4850 4853/4853
f 4850/4850 4851/4851 4852/4852
f 4848/4848 4850/4850 4852/4852
f 4848/4848 4852/4852 4849/4849
f 4849/4849 4846/4846 4848/4848
f 4856/4856 4857/4857 4858/4858
f 4866/4866 4867/4867 4869/4869
f 4861/4861 4865/4865 4866/4866
f 4861/4861 4863/4863 4865/4865
f 4870/4870 4871/4871 4872/4872
f 4868/4868 4867/4867 4865/4865
f 4865/4865 4867/4867 4866/4866
f 4861/4861 4860/4860 4862/4862
f 4862/4862 4863/4863 4861/4861
f 4864/4864 4863/4863 4862/4862
f 4859/4859 4860/4860 4861/4861
f 4876/4876 4877/4877 4878/4878
f 4878/4878 4879/4879 4876/4876
f 4873/4873 4874/4874 4875/4875
f 4880/4880 4881/4881 4882/4882
f 4890/4890 4891/4891 4892/4892
f 4892/4892 4893/4893 4890/4890
f 4886/4886 4883/4883 4885/4885
f 4883/4883 4884/4884 4885/4885
f 4885/4885 4884/4884 4887/4887
f 4894/4894 4895/4895 4896/4896
f 4889/4889 4888/4888 4883/4883
f 4883/4883 4888/4888 4884/4884
f 4902/4902 4901/4901 4904/4904
f 4901/4901 4902/4902 4903/4903
f 4897/4897 4898/4898 4899/4899
f 4900/4900 4899/4899 4898/4898
f 4914/4914 4910/4910 4913/4913
f 4911/4911 4910/4910 4914/4914
f 4934/4934 4933/4933 4935/4935
f 4912/4912 4913/4913 4910/4910
f 4932/4932 4933/4933 4934/4934
f 4912/4912 4910/4910 4909/4909
f 4931/4931 4929/4929 4928/4928
f 4928/4928 4929/4929 4930/4930
f 4909/4909 4910/4910 4908/4908
f 4907/4907 4911/4911 4916/4916
f 4905/4905 4906/4906 4907/4907
f 4906/4906 4908/4908 4907/4907
f 4906/4906 4909/4909 4908/4908
f 4908/4908 4911/4911 4907/4907
f 4921/4921 4920/4920 4922/4922
f 4915/4915 4907/4907 4916/4916
f 4907/4907 4915/4915 4918/4918
f 4917/4917 4915/4915 4916/4916
f 4905/4905 4919/4919 4925/4925
f 4919/4919 4905/4905 4918/4918
f 4919/4919 4915/4915 4920/4920
f 4915/4915 4922/4922 4920/4920
f 4920/4920 4921/4921 4919/4919
f 4919/4919 4926/4926 4925/4925
f 4918/4918 4915/4915 4919/4919
f 4926/4926 4919/4919 4927/4927
f 4923/4923 4921/4921 4922/4922
f 4924/4924 4921/4921 4923/4923
f 4951/4951 4950/4950 4949/4949
f 4948/4948 4946/4946 4949/4949
f 4947/4947 4946/4946 4948/4948
f 4948/4948 4949/4949 4950/4950
f 4943/4943 4946/4946 4947/4947
f 4946/4946 4943/4943 4942/4942
f 4942/4942 4944/4944 4945/4945
f 4942/4942 4943/4943 4944/4944
f 4937/4937 4952/4952 4945/4945
f 4945/4945 4952/4952 4942/4942
f 4936/4936 4937/4937 4938/4938
f 4940/4940 4937/4937 4936/4936
f 4953/4953 4954/4954 4952/4952
f 4953/4953 4952/4952 4937/4937
f 4936/4936 4938/4938 4939/4939
f 4945/4945 4938/4938 4937/4937
f 4941/4941 4940/4940 4936/4936
f 4955/4955 4956/4956 4957/4957
f 4958/4958 4956/4956 4955/4955
f 4959/4959 4960/4960 4961/4961
f 4962/4962 4959/4959 4961/4961
f 4963/4963 4964/4964 4965/4965
f 4972/4972 4973/4973 4974/4974
f 4966/4966 4970/4970 4967/4967
f 4968/4968 4967/4967 4969/4969
f 4966/4966 4967/4967 4968/4968
f 4971/4971 4966/4966 4968/4968
f 4984/4984 4982/4982 4981/4981
f 4979/4979 4981/4981 4982/4982
f 4983/4983 4981/4981 4980/4980
f 4980/4980 4979/4979 4986/4986
f 4979/4979 4980/4980 4981/4981
f 4987/4987 4980/4980 4986/4986
f 4985/4985 4983/4983 4980/4980
f 4975/4975 4976/4976 4977/4977
f 4977/4977 4976/4976 4978/4978
f 4991/4991 4989/4989 4988/4988
f 4995/4995 4989/4989 4991/4991
f 4996/4996 4997/4997 4998/4998
f 4998/4998 4997/4997 4999/4999
f 4996/4996 4998/4998 5001/5001
f 4993/4993 4994/4994 4992/4992
f 4993/4993 4992/4992 4989/4989
f 4988/4988 4989/4989 4990/4990
f 4990/4990 4989/4989 4992/4992
f 5000/5000 4999/4999 5002/5002
f 4998/4998 4999/4999 5000/5000
f 5003/5003 5008/5008 5004/5004
f 5007/5007 5005/5005 5006/5006
f 5004/5004 5006/5006 5005/5005
f 5003/5003 5004/5004 5005/5005
f 5011/5011 5018/5018 5015/5015
f 5009/5009 5011/5011 5015/5015
f 5009/5009 5012/5012 5010/5010
f 5009/5009 5010/5010 5011/5011
f 5009/5009 5015/5015 5016/5016
f 5013/5013 5014/5014 5010/5010
f 5017/5017 5011/5011 5010/5010
f 5012/5012 5013/5013 5010/5010
f 5019/5019 5020/5020 5021/5021
f 5020/5020 5023/5023 5022/5022
f 5021/5021 5020/5020 5022/5022
f 5028/5028 5029/5029 5026/5026
f 5027/5027 5028/5028 5026/5026
f 5024/5024 5025/5025 5026/5026
f 5025/5025 5027/5027 5026/5026
f 5024/5024 5026/5026 5029/5029
f 5029/5029 5028/5028 5030/5030
f 5031/5031 5032/5032 5033/5033
f 5037/5037 5034/5034 5036/5036
f 5034/5034 5035/5035 5036/5036
f 5038/5038 5036/5036 5035/5035
f 5035/5035 5034/5034 5038/5038
f 5039/5039 5043/5043 5042/5042
f 5044/5044 5039/5039 5041/5041
f 5039/5039 5040/5040 5041/5041
f 5039/5039 5042/5042 5040/5040
f 5045/5045 5049/5049 5050/5050
f 5045/5045 5047/5047 5049/5049
f 5045/5045 5046/5046 5047/5047
f 5046/5046 5045/5045 5048/5048
f 5053/5053 5058/5058 5057/5057
f 5059/5059 5053/5053 5054/5054
f 5053/5053 5057/5057 5056/5056
f 5051/5051 5053/5053 5056/5056
f 5053/5053 5052/5052 5054/5054
f 5051/5051 5052/5052 5053/5053
f 5052/5052 5051/5051 5055/5055
f 5060/5060 5061/5061 5062/5062
f 5068/5068 5063/5063 5065/5065
f 5068/5068 5065/5065 5069/5069
f 5063/5063 5064/5064 5065/5065
f 5065/5065 5064/5064 5067/5067
f 5064/5064 5063/5063 5066/5066
f 5070/5070 5071/5071 5072/5072
f 5073/5073 5076/5076 5074/5074
f 5080/5080 5079/5079 5078/5078
f 5073/5073 5074/5074 5075/5075
f 5077/5077 5078/5078 5079/5079
f 5081/5081 5082/5082 5083/5083
f 5087/5087 5084/5084 5088/5088
f 5084/5084 5087/5087 5085/5085
f 5085/5085 5087/5087 5089/5089
f 5089/5089 5087/5087 5090/5090
f 5084/5084 5085/5085 5086/5086
f 5095/5095 5091/5091 5096/5096
f 5091/5091 5095/5095 5092/5092
f 5091/5091 5092/5092 5093/5093
f 5093/5093 5092/5092 5097/5097
f 5097/5097 5098/5098 5093/5093
f 5098/5098 5097/5097 5105/5105
f 5091/5091 5093/5093 5094/5094
f 5116/5116 5117/5117 5115/5115
f 5116/5116 5115/5115 5107/5107
f 5107/5107 5115/5115 5114/5114
f 5107/5107 5114/5114 5109/5109
f 5134/5134 5130/5130 5133/5133
f 5132/5132 5133/5133 5130/5130
f 5130/5130 5131/5131 5132/5132
f 5122/5122 5123/5123 5124/5124
f 5107/5107 5109/5109 5108/5108
f 5125/5125 5122/5122 5124/5124
f 5098/5098 5105/5105 5102/5102
f 5101/5101 5098/5098 5102/5102
f 5099/5099 5098/5098 5100/5100
f 5100/5100 5098/5098 5101/5101
f 5093/5093 5098/5098 5099/5099
f 5100/5100 5103/5103 5099/5099
f 5100/5100 5104/5104 5103/5103
f 5135/5135 5132/5132 5131/5131
f 5112/5112 5108/5108 5113/5113
f 5135/5135 5134/5134 5132/5132
f 5106/5106 5107/5107 5108/5108
f 5110/5110 5106/5106 5108/5108
f 5110/5110 5108/5108 5111/5111
f 5127/5127 5124/5124 5128/5128
f 5118/5118 5106/5106 5110/5110
f 5106/5106 5118/5118 5119/5119
f 5126/5126 5124/5124 5127/5127
f 5112/5112 5111/5111 5108/5108
f 5112/5112 5120/5120 5111/5111
f 5111/5111 5120/5120 5121/5121
f 5125/5125 5124/5124 5126/5126
f 5129/5129 5125/5125 5126/5126
f 5136/5136 5139/5139 5137/5137
f 5140/5140 5139/5139 5136/5136
f 5136/5136 5137/5137 5138/5138
f 5142/5142 5138/5138 5141/5141
f 5137/5137 5141/5141 5138/5138
f 5146/5146 5147/5147 5143/5143
f 5143/5143 5145/5145 5146/5146
f 5143/5143 5144/5144 5145/5145
f 5148/5148 5145/5145 5144/5144
f 5148/5148 5149/5149 5145/5145
f 5150/5150 5148/5148 5151/5151
f 5150/5150 5149/5149 5148/5148
f 5155/5155 5153/5153 5152/5152
f 5155/5155 5156/5156 5153/5153
f 5157/5157 5156/5156 5155/5155
f 5159/5159 5158/5158 5153/5153
f 5152/5152 5153/5153 5154/5154
f 5154/5154 5153/5153 5158/5158
f 5154/5154 5158/5158 5160/5160
f 5161/5161 5162/5162 5163/5163
f 5161/5161 5163/5163 5164/5164
f 5170/5170 5161/5161 5164/5164
f 5166/5166 5162/5162 5165/5165
f 5161/5161 5165/5165 5162/5162
f 5170/5170 5165/5165 5161/5161
f 5172/5172 5164/5164 5163/5163
f 5174/5174 5173/5173 5175/5175
f 5173/5173 5164/5164 5172/5172
f 5164/5164 5173/5173 5174/5174
f 5173/5173 5176/5176 5175/5175
f 5177/5177 5176/5176 5173/5173
f 5168/5168 5169/5169 5171/5171
f 5169/5169 5168/5168 5167/5167
f 5168/5168 5162/5162 5167/5167
f 5167/5167 5162/5162 5166/5166
f 5181/5181 5182/5182 5179/5179
f 5181/5181 5179/5179 5178/5178
f 5178/5178 5179/5179 5180/5180
f 5180/5180 5183/5183 5184/5184
f 5183/5183 5180/5180 5179/5179
f 5193/5193 5195/5195 5191/5191
f 5193/5193 5191/5191 5192/5192
f 5188/5188 5191/5191 5189/5189
f 5194/5194 5192/5192 5188/5188
f 5192/5192 5191/5191 5188/5188
f 5200/5200 5201/5201 5202/5202
f 5189/5189 5185/5185 5188/5188
f 5188/5188 5185/5185 5187/5187
f 5186/5186 5185/5185 5190/5190
f 5185/5185 5186/5186 5187/5187
f 5203/5203 5201/5201 5200/5200
f 5204/5204 5201/5201 5203/5203
f 5204/5204 5205/5205 5201/5201
f 5199/5199 5198/5198 5196/5196
f 5197/5197 5196/5196 5198/5198
f 5197/5197 5195/5195 5196/5196
f 5198/5198 5195/5195 5197/5197
f 5196/5196 5195/5195 5193/5193
f 5208/5208 5207/5207 5209/5209
f 5206/5206 5210/5210 5207/5207
f 5210/5210 5206/5206 5211/5211
f 5206/5206 5207/5207 5208/5208
f 5212/5212 5218/5218 5217/5217
f 5212/5212 5217/5217 5213/5213
f 5212/5212 5213/5213 5214/5214
f 5214/5214 5213/5213 5215/5215
f 5214/5214 5215/5215 5216/5216
f 5219/5219 5220/5220 5221/5221
f 5237/5237 5238/5238 5239/5239
f 5236/5236 5238/5238 5237/5237
f 5236/5236 5240/5240 5238/5238
f 5233/5233 5232/5232 5230/5230
f 5231/5231 5230/5230 5232/5232
f 5229/5229 5230/5230 5231/5231
f 5230/5230 5229/5229 5226/5226
f 5226/5226 5229/5229 5227/5227
f 5234/5234 5235/5235 5236/5236
f 5237/5237 5234/5234 5236/5236
f 5229/5229 5228/5228 5227/5227
f 5223/5223 5227/5227 5228/5228
f 5225/5225 5227/5227 5223/5223
f 5222/5222 5225/5225 5223/5223
f 5222/5222 5223/5223 5224/5224
f 5222/5222 5224/5224 5226/5226
f 5241/5241 5244/5244 5242/5242
f 5241/5241 5242/5242 5243/5243
f 5245/5245 5241/5241 5243/5243
f 5247/5247 5251/5251 5249/5249
f 5256/5256 5255/5255 5254/5254
f 5252/5252 5254/5254 5255/5255
f 5251/5251 5247/5247 5252/5252
f 5258/5258 5259/5259 5260/5260
f 5252/5252 5247/5247 5254/5254
f 5260/5260 5259/5259 5263/5263
f 5261/5261 5258/5258 5260/5260
f 5247/5247 5249/5249 5248/5248
f 5253/5253 5257/5257 5247/5247
f 5246/5246 5247/5247 5248/5248
f 5246/5246 5253/5253 5247/5247
f 5250/5250 5246/5246 5248/5248
f 5261/5261 5260/5260 5262/5262
f 5253/5253 5246/5246 5250/5250
f 5275/5275 5273/5273 5270/5270
f 5266/5266 5270/5270 5273/5273
f 5268/5268 5270/5270 5266/5266
f 5275/5275 5270/5270 5274/5274
f 5274/5274 5270/5270 5271/5271
f 5272/5272 5274/5274 5271/5271
f 5264/5264 5265/5265 5266/5266
f 5267/5267 5266/5266 5265/5265
f 5267/5267 5268/5268 5266/5266
f 5265/5265 5269/5269 5268/5268
f 5270/5270 5269/5269 5271/5271
f 5268/5268 5269/5269 5270/5270
f 5269/5269 5272/5272 5271/5271
f 5276/5276 5277/5277 5278/5278
f 5277/5277 5279/5279 5278/5278
f 5280/5280 5281/5281 5282/5282
f 5283/5283 5284/5284 5285/5285
f 5284/5284 5283/5283 5286/5286
f 5287/5287 5288/5288 5289/5289
f 5291/5291 5293/5293 5292/5292
f 5290/5290 5291/5291 5292/5292
f 5294/5294 5295/5295 5296/5296
f 5306/5306 5307/5307 5308/5308
f 5297/5297 5298/5298 5299/5299
f 5300/5300 5301/5301 5302/5302
f 5303/5303 5304/5304 5305/5305
f 5309/5309 5310/5310 5311/5311
f 5312/5312 5313/5313 5314/5314
f 5333/5333 5334/5334 5336/5336
f 5330/5330 5334/5334 5333/5333
f 5329/5329 5331/5331 5330/5330
f 5329/5329 5328/5328 5335/5335
f 5326/5326 5328/5328 5329/5329
f 5362/5362 5361/5361 5363/5363
f 5315/5315 5328/5328 5326/5326
f 5360/5360 5361/5361 5362/5362
f 5338/5338 5339/5339 5337/5337
f 5320/5320 5339/5339 5338/5338
f 5339/5339 5340/5340 5337/5337
f 5328/5328 5315/5315 5337/5337
f 5317/5317 5338/5338 5337/5337
f 5317/5317 5337/5337 5315/5315
f 5315/5315 5316/5316 5317/5317
f 5320/5320 5338/5338 5317/5317
f 5330/5330 5333/5333 5332/5332
f 5330/5330 5325/5325 5329/5329
f 5325/5325 5330/5330 5332/5332
f 5325/5325 5326/5326 5329/5329
f 5322/5322 5326/5326 5325/5325
f 5332/5332 5324/5324 5325/5325
f 5324/5324 5322/5322 5325/5325
f 5322/5322 5324/5324 5323/5323
f 5327/5327 5326/5326 5322/5322
f 5315/5315 5326/5326 5327/5327
f 5322/5322 5315/5315 5327/5327
f 5315/5315 5322/5322 5318/5318
f 5318/5318 5322/5322 5323/5323
f 5316/5316 5315/5315 5318/5318
f 5351/5351 5349/5349 5316/5316
f 5321/5321 5320/5320 5319/5319
f 5319/5319 5320/5320 5317/5317
f 5319/5319 5317/5317 5316/5316
f 5365/5365 5368/5368 5366/5366
f 5321/5321 5341/5341 5320/5320
f 5321/5321 5342/5342 5341/5341
f 5343/5343 5342/5342 5321/5321
f 5354/5354 5343/5343 5321/5321
f 5348/5348 5354/5354 5321/5321
f 5364/5364 5365/5365 5366/5366
f 5355/5355 5348/5348 5321/5321
f 5316/5316 5344/5344 5319/5319
f 5367/5367 5364/5364 5366/5366
f 5348/5348 5355/5355 5356/5356
f 5344/5344 5316/5316 5345/5345
f 5344/5344 5345/5345 5346/5346
f 5345/5345 5347/5347 5346/5346
f 5348/5348 5346/5346 5347/5347
f 5345/5345 5316/5316 5349/5349
f 5350/5350 5345/5345 5349/5349
f 5357/5357 5359/5359 5350/5350
f 5359/5359 5357/5357 5358/5358
f 5357/5357 5350/5350 5353/5353
f 5350/5350 5352/5352 5353/5353
f 5350/5350 5349/5349 5352/5352
f 5357/5357 5353/5353 5358/5358
f 5372/5372 5373/5373 5374/5374
f 5369/5369 5370/5370 5371/5371
f 5372/5372 5374/5374 5375/5375
f 5376/5376 5377/5377 5378/5378
f 5379/5379 5381/5381 5382/5382
f 5379/5379 5380/5380 5381/5381
f 5387/5387 5386/5386 5384/5384
f 5384/5384 5386/5386 5385/5385
f 5383/5383 5384/5384 5385/5385
f 5383/5383 5385/5385 5388/5388
f 5389/5389 5385/5385 5390/5390
f 5388/5388 5385/5385 5389/5389
f 5392/5392 5394/5394 5393/5393
f 5395/5395 5396/5396 5397/5397
f 5391/5391 5392/5392 5393/5393
f 5398/5398 5399/5399 5400/5400
f 5402/5402 5401/5401 5404/5404
f 5403/5403 5405/5405 5401/5401
f 5401/5401 5402/5402 5403/5403
f 5408/5408 5407/5407 5411/5411
f 5407/5407 5406/5406 5409/5409
f 5406/5406 5407/5407 5408/5408
f 5410/5410 5406/5406 5408/5408
f 5412/5412 5413/5413 5414/5414
f 5413/5413 5415/5415 5414/5414
f 5416/5416 5417/5417 5418/5418
f 5419/5419 5420/5420 5421/5421
f 5427/5427 5428/5428 5429/5429
f 5425/5425 5422/5422 5426/5426
f 5422/5422 5423/5423 5424/5424
f 5422/5422 5425/5425 5423/5423
f 5430/5430 5431/5431 5432/5432
f 5436/5436 5435/5435 5434/5434
f 5433/5433 5434/5434 5435/5435
f 5437/5437 5433/5433 5435/5435
f 5438/5438 5433/5433 5437/5437
f 5439/5439 5440/5440 5441/5441
f 5442/5442 5443/5443 5444/5444
f 5446/5446 5442/5442 5444/5444
f 5445/5445 5444/5444 5443/5443
f 5447/5447 5448/5448 5449/5449
f 5450/5450 5451/5451 5452/5452
f 5453/5453 5454/5454 5455/5455
f 5456/5456 5457/5457 5458/5458
f 5459/5459 5460/5460 5461/5461
f 5463/5463 5465/5465 5464/5464
f 5462/5462 5463/5463 5464/5464
f 5466/5466 5463/5463 5462/5462
f 5467/5467 5468/5468 5469/5469
f 5469/5469 5468/5468 5470/5470
f 5471/5471 5472/5472 5473/5473
f 5474/5474 5472/5472 5471/5471
f 5475/5475 5476/5476 5477/5477
f 5478/5478 5477/5477 5476/5476
f 5477/5477 5479/5479 5475/5475
f 5481/5481 5485/5485 5484/5484
f 5481/5481 5484/5484 5482/5482
f 5481/5481 5486/5486 5485/5485
f 5483/5483 5486/5486 5481/5481
f 5480/5480 5481/5481 5482/5482
f 5480/5480 5482/5482 5483/5483
f 5492/5492 5491/5491 5494/5494
f 5490/5490 5494/5494 5491/5491
f 5487/5487 5490/5490 5488/5488
f 5490/5490 5491/5491 5488/5488
f 5487/5487 5488/5488 5489/5489
f 5488/5488 5492/5492 5489/5489
f 5493/5493 5489/5489 5492/5492
f 5494/5494 5493/5493 5492/5492
f 5516/5516 5519/5519 5515/5515
f 5515/5515 5511/5511 5516/5516
f 5509/5509 5510/5510 5497/5497
f 5497/5497 5510/5510 5511/5511
f 5513/5513 5511/5511 5515/5515
f 5497/5497 5511/5511 5513/5513
f 5509/5509 5497/5497 5498/5498
f 5495/5495 5496/5496 5497/5497
f 5496/5496 5498/5498 5497/5497
f 5499/5499 5498/5498 5496/5496
f 5521/5521 5522/5522 5523/5523
f 5499/5499 5495/5495 5501/5501
f 5523/5523 5522/5522 5524/5524
f 5501/5501 5500/5500 5499/5499
f 5500/5500 5512/5512 5502/5502
f 5502/5502 5512/5512 5520/5520
f 5500/5500 5498/5498 5499/5499
f 5498/5498 5500/5500 5502/5502
f 5504/5504 5509/5509 5498/5498
f 5503/5503 5504/5504 5498/5498
f 5503/5503 5498/5498 5502/5502
f 5508/5508 5503/5503 5502/5502
f 5508/5508 5517/5517 5503/5503
f 5518/5518 5517/5517 5508/5508
f 5507/5507 5509/5509 5504/5504
f 5506/5506 5507/5507 5504/5504
f 5505/5505 5504/5504 5503/5503
f 5504/5504 5505/5505 5506/5506
f 5506/5506 5505/5505 5514/5514
f 5536/5536 5537/5537 5533/5533
f 5532/5532 5536/5536 5533/5533
f 5533/5533 5530/5530 5532/5532
f 5530/5530 5531/5531 5532/5532
f 5532/5532 5531/5531 5534/5534
f 5529/5529 5527/5527 5526/5526
f 5531/5531 5535/5535 5534/5534
f 5535/5535 5531/5531 5538/5538
f 5525/5525 5526/5526 5527/5527
f 5528/5528 5525/5525 5527/5527
f 5541/5541 5546/5546 5543/5543
f 5539/5539 5543/5543 5544/5544
f 5539/5539 5540/5540 5541/5541
f 5541/5541 5543/5543 5539/5539
f 5541/5541 5545/5545 5546/5546
f 5542/5542 5545/5545 5541/5541
f 5542/5542 5541/5541 5540/5540
f 5551/5551 5549/5549 5554/5554
f 5547/5547 5548/5548 5549/5549
f 5552/5552 5548/5548 5553/5553
f 5547/5547 5549/5549 5550/5550
f 5550/5550 5549/5549 5551/5551
f 5549/5549 5555/5555 5554/5554
f 5548/5548 5552/5552 5549/5549
f 5555/5555 5552/5552 5556/5556
f 5549/5549 5552/5552 5555/5555
f 5558/5558 5557/5557 5560/5560
f 5557/5557 5558/5558 5559/5559
f 5569/5569 5567/5567 5568/5568
f 5570/5570 5571/5571 5572/5572
f 5567/5567 5562/5562 5568/5568
f 5563/5563 5562/5562 5567/5567
f 5571/5571 5573/5573 5572/5572
f 5561/5561 5562/5562 5563/5563
f 5564/5564 5565/5565 5562/5562
f 5564/5564 5562/5562 5561/5561
f 5566/5566 5564/5564 5561/5561
f 5578/5578 5579/5579 5580/5580
f 5576/5576 5579/5579 5578/5578
f 5574/5574 5575/5575 5576/5576
f 5577/5577 5575/5575 5574/5574
f 5575/5575 5577/5577 5581/5581
f 5575/5575 5581/5581 5582/5582
f 5576/5576 5578/5578 5574/5574
f 5584/5584 5583/5583 5581/5581
f 5582/5582 5581/5581 5583/5583
f 5585/5585 5586/5586 5587/5587
f 5585/5585 5589/5589 5586/5586
f 5589/5589 5585/5585 5590/5590
f 5585/5585 5587/5587 5588/5588
f 5591/5591 5594/5594 5592/5592
f 5591/5591 5592/5592 5593/5593
f 5600/5600 5603/5603 5602/5602
f 5599/5599 5600/5600 5602/5602
f 5599/5599 5604/5604 5597/5597
f 5599/5599 5596/5596 5600/5600
f 5601/5601 5600/5600 5596/5596
f 5596/5596 5599/5599 5597/5597
f 5612/5612 5611/5611 5614/5614
f 5612/5612 5614/5614 5615/5615
f 5617/5617 5612/5612 5615/5615
f 5595/5595 5596/5596 5597/5597
f 5612/5612 5609/5609 5611/5611
f 5608/5608 5611/5611 5609/5609
f 5598/5598 5596/5596 5595/5595
f 5607/5607 5616/5616 5610/5610
f 5607/5607 5608/5608 5609/5609
f 5598/5598 5595/5595 5605/5605
f 5608/5608 5607/5607 5610/5610
f 5612/5612 5613/5613 5609/5609
f 5606/5606 5598/5598 5605/5605
f 5619/5619 5622/5622 5620/5620
f 5627/5627 5628/5628 5629/5629
f 5618/5618 5619/5619 5620/5620
f 5624/5624 5625/5625 5626/5626
f 5627/5627 5630/5630 5628/5628
f 5618/5618 5620/5620 5621/5621
f 5623/5623 5619/5619 5618/5618
f 5638/5638 5631/5631 5633/5633
f 5632/5632 5637/5637 5633/5633
f 5631/5631 5632/5632 5633/5633
f 5632/5632 5631/5631 5634/5634
f 5636/5636 5632/5632 5635/5635
f 5632/5632 5634/5634 5635/5635
f 5639/5639 5642/5642 5640/5640
f 5639/5639 5643/5643 5642/5642
f 5639/5639 5641/5641 5645/5645
f 5640/5640 5644/5644 5645/5645
f 5639/5639 5640/5640 5641/5641
f 5642/5642 5644/5644 5640/5640
f 5647/5647 5650/5650 5648/5648
f 5651/5651 5652/5652 5653/5653
f 5646/5646 5647/5647 5648/5648
f 5649/5649 5646/5646 5648/5648
f 5659/5659 5664/5664 5658/5658
f 5654/5654 5655/5655 5656/5656
f 5654/5654 5656/5656 5657/5657
f 5654/5654 5658/5658 5655/5655
f 5658/5658 5654/5654 5659/5659
f 5664/5664 5659/5659 5660/5660
f 5660/5660 5659/5659 5661/5661
f 5662/5662 5660/5660 5661/5661
f 5661/5661 5663/5663 5662/5662
f 5669/5669 5667/5667 5666/5666
f 5665/5665 5666/5666 5667/5667
f 5667/5667 5668/5668 5665/5665
f 5670/5670 5671/5671 5672/5672
f 5675/5675 5676/5676 5673/5673
f 5673/5673 5674/5674 5675/5675
f 5675/5675 5674/5674 5677/5677
f 5678/5678 5677/5677 5674/5674
f 5682/5682 5683/5683 5684/5684
f 5679/5679 5680/5680 5681/5681
f 5690/5690 5693/5693 5691/5691
f 5685/5685 5689/5689 5686/5686
f 5690/5690 5691/5691 5692/5692
f 5685/5685 5686/5686 5687/5687
f 5687/5687 5686/5686 5688/5688
f 5700/5700 5698/5698 5701/5701
f 5696/5696 5698/5698 5700/5700
f 5694/5694 5695/5695 5696/5696
f 5697/5697 5696/5696 5695/5695
f 5697/5697 5698/5698 5696/5696
f 5699/5699 5698/5698 5697/5697
f 5705/5705 5720/5720 5706/5706
f 5704/5704 5705/5705 5706/5706
f 5703/5703 5705/5705 5704/5704
f 5704/5704 5708/5708 5709/5709
f 5704/5704 5706/5706 5708/5708
f 5718/5718 5717/5717 5716/5716
f 5709/5709 5716/5716 5711/5711
f 5711/5711 5716/5716 5717/5717
f 5711/5711 5704/5704 5709/5709
f 5710/5710 5705/5705 5703/5703
f 5702/5702 5703/5703 5704/5704
f 5711/5711 5702/5702 5704/5704
f 5712/5712 5702/5702 5711/5711
f 5703/5703 5707/5707 5710/5710
f 5702/5702 5707/5707 5703/5703
f 5713/5713 5707/5707 5702/5702
f 5712/5712 5713/5713 5702/5702
f 5712/5712 5714/5714 5713/5713
f 5715/5715 5714/5714 5712/5712
f 5707/5707 5713/5713 5719/5719
f 5721/5721 5722/5722 5723/5723
f 5724/5724 5722/5722 5721/5721
f 5730/5730 5726/5726 5729/5729
f 5729/5729 5726/5726 5725/5725
f 5725/5725 5726/5726 5727/5727
f 5725/5725 5727/5727 5728/5728
f 5731/5731 5725/5725 5728/5728
f 5731/5731 5728/5728 5733/5733
f 5728/5728 5727/5727 5732/5732
f 5736/5736 5735/5735 5739/5739
f 5734/5734 5735/5735 5736/5736
f 5737/5737 5735/5735 5734/5734
f 5738/5738 5737/5737 5734/5734
f 5744/5744 5745/5745 5742/5742
f 5741/5741 5744/5744 5742/5742
f 5747/5747 5752/5752 5748/5748
f 5747/5747 5748/5748 5749/5749
f 5740/5740 5741/5741 5742/5742
f 5751/5751 5749/5749 5750/5750
f 5750/5750 5749/5749 5748/5748
f 5740/5740 5743/5743 5741/5741
f 5740/5740 5746/5746 5743/5743
f 5754/5754 5758/5758 5755/5755
f 5753/5753 5755/5755 5756/5756
f 5754/5754 5753/5753 5757/5757
f 5753/5753 5754/5754 5755/5755
f 5754/5754 5757/5757 5760/5760
f 5757/5757 5753/5753 5761/5761
f 5758/5758 5759/5759 5755/5755
f 5762/5762 5763/5763 5764/5764
f 5765/5765 5762/5762 5764/5764
f 5762/5762 5766/5766 5763/5763
f 5774/5774 5775/5775 5776/5776
f 5773/5773 5769/5769 5770/5770
f 5769/5769 5768/5768 5770/5770
f 5767/5767 5768/5768 5769/5769
f 5767/5767 5772/5772 5771/5771
f 5767/5767 5771/5771 5768/5768
f 5777/5777 5778/5778 5779/5779
f 5779/5779 5780/5780 5777/5777
f 5777/5777 5781/5781 5778/5778
f 5782/5782 5783/5783 5784/5784
f 5788/5788 5785/5785 5787/5787
f 5785/5785 5786/5786 5787/5787
f 5789/5789 5790/5790 5791/5791
f 5800/5800 5798/5798 5799/5799
f 5799/5799 5794/5794 5793/5793
f 5799/5799 5798/5798 5794/5794
f 5792/5792 5793/5793 5794/5794
f 5792/5792 5796/5796 5793/5793
f 5797/5797 5792/5792 5795/5795
f 5795/5795 5794/5794 5798/5798
f 5794/5794 5795/5795 5792/5792
f 5800/5800 5801/5801 5798/5798
f 5802/5802 5797/5797 5795/5795
f 5804/5804 5803/5803 5806/5806
f 5803/5803 5804/5804 5805/5805
f 5807/5807 5808/5808 5809/5809
f 5810/5810 5811/5811 5812/5812
f 5810/5810 5812/5812 5813/5813
f 5810/5810 5813/5813 5815/5815
f 5811/5811 5810/5810 5814/5814
f 5814/5814 5816/5816 5811/5811
f 5821/5821 5822/5822 5823/5823
f 5821/5821 5823/5823 5824/5824
f 5817/5817 5818/5818 5819/5819
f 5817/5817 5819/5819 5820/5820
f 5825/5825 5827/5827 5828/5828
f 5825/5825 5826/5826 5827/5827
f 5828/5828 5827/5827 5826/5826
f 5839/5839 5842/5842 5840/5840
f 5841/5841 5842/5842 5839/5839
f 5830/5830 5841/5841 5839/5839
f 5838/5838 5839/5839 5840/5840
f 5830/5830 5839/5839 5838/5838
f 5830/5830 5838/5838 5831/5831
f 5829/5829 5830/5830 5831/5831
f 5843/5843 5844/5844 5845/5845
f 5832/5832 5829/5829 5831/5831
f 5829/5829 5833/5833 5830/5830
f 5845/5845 5846/5846 5843/5843
f 5832/5832 5833/5833 5829/5829
f 5837/5837 5836/5836 5835/5835
f 5835/5835 5836/5836 5833/5833
f 5832/5832 5834/5834 5833/5833
f 5835/5835 5833/5833 5834/5834
f 5847/5847 5848/5848 5849/5849
f 5850/5850 5851/5851 5852/5852
f 5853/5853 5854/5854 5855/5855
f 5859/5859 5856/5856 5853/5853
f 5858/5858 5856/5856 5859/5859
f 5856/5856 5854/5854 5853/5853
f 5857/5857 5858/5858 5859/5859
f 5857/5857 5859/5859 5860/5860
f 5860/5860 5859/5859 5862/5862
f 5860/5860 5861/5861 5857/5857
f 5870/5870 5880/5880 5879/5879
f 5870/5870 5879/5879 5878/5878
f 5869/5869 5870/5870 5878/5878
f 5869/5869 5868/5868 5870/5870
f 5865/5865 5868/5868 5869/5869
f 5868/5868 5865/5865 5864/5864
f 5871/5871 5865/5865 5869/5869
f 5865/5865 5871/5871 5872/5872
f 5877/5877 5872/5872 5871/5871
f 5872/5872 5876/5876 5865/5865
f 5863/5863 5864/5864 5865/5865
f 5866/5866 5873/5873 5867/5867
f 5867/5867 5868/5868 5864/5864
f 5867/5867 5864/5864 5866/5866
f 5866/5866 5864/5864 5863/5863
f 5874/5874 5873/5873 5866/5866
f 5875/5875 5873/5873 5874/5874
f 5885/5885 5891/5891 5887/5887
f 5883/5883 5885/5885 5887/5887
f 5883/5883 5887/5887 5892/5892
f 5892/5892 5893/5893 5883/5883
f 5881/5881 5882/5882 5883/5883
f 5883/5883 5884/5884 5885/5885
f 5884/5884 5883/5883 5882/5882
f 5882/5882 5886/5886 5884/5884
f 5884/5884 5886/5886 5888/5888
f 5888/5888 5886/5886 5889/5889
f 5884/5884 5888/5888 5890/5890
f 5901/5901 5902/5902 5898/5898
f 5895/5895 5901/5901 5898/5898
f 5898/5898 5896/5896 5895/5895
f 5896/5896 5898/5898 5897/5897
f 5897/5897 5894/5894 5896/5896
f 5894/5894 5897/5897 5899/5899
f 5894/5894 5895/5895 5896/5896
f 5894/5894 5899/5899 5900/5900
f 5894/5894 5900/5900 5903/5903
f 5906/5906 5905/5905 5907/5907
f 5904/5904 5905/5905 5906/5906
f 5904/5904 5906/5906 5908/5908
f 5909/5909 5910/5910 5911/5911
f 5912/5912 5913/5913 5914/5914
f 5915/5915 5916/5916 5917/5917
f 5917/5917 5916/5916 5918/5918
f 5919/5919 5920/5920 5921/5921
f 5922/5922 5923/5923 5924/5924
f 5935/5935 5933/5933 5932/5932
f 5932/5932 5933/5933 5934/5934
f 5930/5930 5928/5928 5927/5927
f 5929/5929 5925/5925 5931/5931
f 5925/5925 5926/5926 5927/5927
f 5928/5928 5925/5925 5927/5927
f 5926/5926 5925/5925 5929/5929
f 5942/5942 5936/5936 5941/5941
f 5941/5941 5939/5939 5943/5943
f 5936/5936 5939/5939 5941/5941
f 5936/5936 5938/5938 5939/5939
f 5936/5936 5937/5937 5938/5938
f 5938/5938 5937/5937 5940/5940
f 5944/5944 5940/5940 5937/5937
f 5944/5944 5945/5945 5940/5940
f 5953/5953 5952/5952 5955/5955
f 5948/5948 5952/5952 5953/5953
f 5946/5946 5948/5948 5951/5951
f 5948/5948 5954/5954 5951/5951
f 5956/5956 5954/5954 5948/5948
f 5948/5948 5947/5947 5952/5952
f 5950/5950 5947/5947 5949/5949
f 5946/5946 5947/5947 5948/5948
f 5947/5947 5946/5946 5949/5949
f 5961/5961 5959/5959 5962/5962
f 5957/5957 5959/5959 5961/5961
f 5957/5957 5958/5958 5959/5959
f 5960/5960 5958/5958 5957/5957
f 5963/5963 5964/5964 5965/5965
f 5967/5967 5971/5971 5972/5972
f 5969/5969 5971/5971 5967/5967
f 5966/5966 5968/5968 5970/5970
f 5966/5966 5967/5967 5968/5968
f 5967/5967 5966/5966 5969/5969
f 5978/5978 5974/5974 5973/5973
f 5973/5973 5974/5974 5975/5975
f 5975/5975 5976/5976 5977/5977
f 5974/5974 5976/5976 5975/5975
f 5979/5979 5980/5980 5981/5981
f 5982/5982 5983/5983 5984/5984
f 5985/5985 5987/5987 5988/5988
f 5985/5985 5986/5986 5987/5987
f 5989/5989 5990/5990 5991/5991
f 5992/5992 5993/5993 5994/5994
f 5995/5995 5997/5997 5999/5999
f 5995/5995 5996/5996 5997/5997
f 5998/5998 5996/5996 5995/5995
f 6003/6003 6004/6004 6005/6005
f 6000/6000 6001/6001 6002/6002
f 6007/6007 6006/6006 6009/6009
f 6006/6006 6007/6007 6008/6008
f 6013/6013 6014/6014 6015/6015
f 6010/6010 6011/6011 6012/6012
f 6016/6016 6017/6017 6018/6018
f 6032/6032 6035/6035 6034/6034
f 6019/6019 6020/6020 6021/6021
f 6032/6032 6034/6034 6033/6033
f 6043/6043 6044/6044 6042/6042
f 6028/6028 6032/6032 6033/6033
f 6027/6027 6028/6028 6030/6030
f 6030/6030 6041/6041 6027/6027
f 6029/6029 6041/6041 6045/6045
f 6031/6031 6032/6032 6028/6028
f 6031/6031 6028/6028 6023/6023
f 6023/6023 6028/6028 6027/6027
f 6029/6029 6024/6024 6027/6027
f 6027/6027 6024/6024 6023/6023
f 6027/6027 6041/6041 6029/6029
f 6044/6044 6031/6031 6023/6023
f 6042/6042 6044/6044 6023/6023
f 6022/6022 6023/6023 6024/6024
f 6023/6023 6022/6022 6025/6025
f 6042/6042 6023/6023 6025/6025
f 6043/6043 6042/6042 6025/6025
f 6046/6046 6022/6022 6047/6047
f 6026/6026 6025/6025 6022/6022
f 6036/6036 6022/6022 6046/6046
f 6026/6026 6022/6022 6036/6036
f 6036/6036 6037/6037 6026/6026
f 6037/6037 6036/6036 6038/6038
f 6036/6036 6046/6046 6048/6048
f 6048/6048 6049/6049 6036/6036
f 6038/6038 6039/6039 6037/6037
f 6040/6040 6037/6037 6039/6039
f 6050/6050 6052/6052 6053/6053
f 6050/6050 6051/6051 6052/6052
f 6054/6054 6051/6051 6050/6050
f 6055/6055 6056/6056 6057/6057
f 6058/6058 6059/6059 6060/6060
f 6064/6064 6072/6072 6073/6073
f 6064/6064 6071/6071 6072/6072
f 6079/6079 6078/6078 6077/6077
f 6081/6081 6082/6082 6083/6083
f 6070/6070 6075/6075 6074/6074
f 6070/6070 6074/6074 6061/6061
f 6070/6070 6061/6061 6063/6063
f 6076/6076 6077/6077 6078/6078
f 6076/6076 6080/6080 6077/6077
f 6066/6066 6068/6068 6069/6069
f 6084/6084 6085/6085 6086/6086
f 6061/6061 6062/6062 6063/6063
f 6066/6066 6067/6067 6068/6068
f 6064/6064 6063/6063 6062/6062
f 6065/6065 6066/6066 6063/6063
f 6066/6066 6065/6065 6067/6067
f 6064/6064 6062/6062 6071/6071
f 6065/6065 6063/6063 6064/6064
f 6089/6089 6088/6088 6091/6091
f 6087/6087 6089/6089 6090/6090
f 6087/6087 6088/6088 6089/6089
f 6101/6101 6098/6098 6093/6093
f 6098/6098 6097/6097 6093/6093
f 6096/6096 6097/6097 6099/6099
f 6096/6096 6093/6093 6097/6097
f 6100/6100 6095/6095 6096/6096
f 6092/6092 6093/6093 6094/6094
f 6095/6095 6093/6093 6096/6096
f 6094/6094 6093/6093 6095/6095
f 6102/6102 6103/6103 6104/6104
f 6104/6104 6106/6106 6102/6102
f 6109/6109 6108/6108 6110/6110
f 6107/6107 6108/6108 6109/6109
f 6104/6104 6103/6103 6105/6105
f 6111/6111 6112/6112 6113/6113
f 6123/6123 6124/6124 6125/6125
f 6120/6120 6121/6121 6122/6122
f 6116/6116 6115/6115 6119/6119
f 6114/6114 6116/6116 6118/6118
f 6114/6114 6115/6115 6116/6116
f 6119/6119 6115/6115 6117/6117
f 6114/6114 6117/6117 6115/6115
f 6129/6129 6130/6130 6131/6131
f 6131/6131 6130/6130 6132/6132
f 6126/6126 6127/6127 6128/6128
f 6136/6136 6139/6139 6137/6137
f 6133/6133 6134/6134 6135/6135
f 6136/6136 6137/6137 6138/6138
f 6140/6140 6141/6141 6142/6142
f 6141/6141 6143/6143 6142/6142
f 6144/6144 6147/6147 6145/6145
f 6144/6144 6145/6145 6146/6146
f 6145/6145 6148/6148 6146/6146
f 6149/6149 6150/6150 6151/6151
f 6153/6153 6154/6154 6155/6155
f 6150/6150 6152/6152 6151/6151
f 6156/6156 6157/6157 6158/6158
f 6159/6159 6160/6160 6161/6161
f 6159/6159 6162/6162 6160/6160
f 6161/6161 6160/6160 6163/6163
f 6160/6160 6162/6162 6163/6163
f 6164/6164 6165/6165 6166/6166
f 6178/6178 6175/6175 6179/6179
f 6168/6168 6174/6174 6175/6175
f 6168/6168 6175/6175 6177/6177
f 6180/6180 6181/6181 6182/6182
f 6168/6168 6173/6173 6174/6174
f 6167/6167 6173/6173 6168/6168
f 6167/6167 6168/6168 6169/6169
f 6167/6167 6176/6176 6173/6173
f 6176/6176 6167/6167 6169/6169
f 6177/6177 6175/6175 6178/6178
f 6177/6177 6178/6178 6172/6172
f 6169/6169 6168/6168 6170/6170
f 6169/6169 6170/6170 6171/6171
f 6172/6172 6171/6171 6170/6170
f 6186/6186 6187/6187 6188/6188
f 6183/6183 6184/6184 6185/6185
f 6198/6198 6197/6197 6199/6199
f 6189/6189 6190/6190 6191/6191
f 6192/6192 6190/6190 6189/6189
f 6190/6190 6192/6192 6193/6193
f 6194/6194 6197/6197 6198/6198
f 6191/6191 6197/6197 6194/6194
f 6189/6189 6194/6194 6195/6195
f 6189/6189 6191/6191 6194/6194
f 6196/6196 6192/6192 6189/6189
f 6202/6202 6201/6201 6203/6203
f 6205/6205 6206/6206 6207/6207
f 6201/6201 6200/6200 6204/6204
f 6200/6200 6201/6201 6202/6202
f 6209/6209 6211/6211 6213/6213
f 6211/6211 6209/6209 6208/6208
f 6212/6212 6213/6213 6214/6214
f 6213/6213 6212/6212 6209/6209
f 6209/6209 6212/6212 6210/6210
f 6208/6208 6209/6209 6210/6210
f 6215/6215 6216/6216 6217/6217
f 6222/6222 6225/6225 6223/6223
f 6230/6230 6229/6229 6231/6231
f 6228/6228 6232/6232 6229/6229
f 6228/6228 6229/6229 6230/6230
f 6218/6218 6219/6219 6220/6220
f 6224/6224 6221/6221 6223/6223
f 6226/6226 6222/6222 6221/6221
f 6221/6221 6222/6222 6223/6223
f 6222/6222 6226/6226 6227/6227
f 6236/6236 6237/6237 6235/6235
f 6233/6233 6234/6234 6235/6235
f 6234/6234 6236/6236 6235/6235
f 6233/6233 6238/6238 6234/6234
f 6242/6242 6243/6243 6244/6244
f 6239/6239 6240/6240 6241/6241
f 6245/6245 6246/6246 6247/6247
f 6248/6248 6249/6249 6250/6250
f 6256/6256 6257/6257 6258/6258
f 6254/6254 6252/6252 6251/6251
f 6254/6254 6251/6251 6255/6255
f 6251/6251 6252/6252 6253/6253
f 6259/6259 6260/6260 6261/6261
f 6261/6261 6260/6260 6262/6262
f 6263/6263 6260/6260 6259/6259
f 6266/6266 6265/6265 6268/6268
f 6265/6265 6264/6264 6267/6267
f 6264/6264 6265/6265 6266/6266
f 6265/6265 6267/6267 6269/6269
f 6269/6269 6270/6270 6265/6265
f 6271/6271 6272/6272 6273/6273
f 6274/6274 6271/6271 6275/6275
f 6271/6271 6274/6274 6272/6272
f 6277/6277 6272/6272 6274/6274
f 6276/6276 6273/6273 6272/6272
f 6278/6278 6272/6272 6277/6277
f 6279/6279 6276/6276 6272/6272
f 6272/6272 6278/6278 6279/6279
f 6292/6292 6298/6298 6296/6296
f 6288/6288 6280/6280 6289/6289
f 6284/6284 6280/6280 6288/6288
f 6300/6300 6301/6301 6302/6302
f 6295/6295 6290/6290 6292/6292
f 6290/6290 6291/6291 6292/6292
f 6291/6291 6297/6297 6292/6292
f 6296/6296 6295/6295 6292/6292
f 6286/6286 6280/6280 6282/6282
f 6282/6282 6287/6287 6286/6286
f 6291/6291 6290/6290 6293/6293
f 6280/6280 6284/6284 6281/6281
f 6280/6280 6281/6281 6282/6282
f 6283/6283 6282/6282 6281/6281
f 6293/6293 6294/6294 6291/6291
f 6291/6291 6294/6294 6299/6299
f 6285/6285 6282/6282 6283/6283
f 6338/6338 6337/6337 6339/6339
f 6336/6336 6337/6337 6338/6338
f 6335/6335 6337/6337 6336/6336
f 6335/6335 6336/6336 6311/6311
f 6309/6309 6335/6335 6311/6311
f 6339/6339 6340/6340 6338/6338
f 6336/6336 6338/6338 6311/6311
f 6329/6329 6334/6334 6333/6333
f 6342/6342 6346/6346 6345/6345
f 6331/6331 6319/6319 6332/6332
f 6322/6322 6319/6319 6331/6331
f 6333/6333 6328/6328 6329/6329
f 6329/6329 6328/6328 6327/6327
f 6344/6344 6342/6342 6345/6345
f 6319/6319 6322/6322 6303/6303
f 6343/6343 6342/6342 6344/6344
f 6341/6341 6342/6342 6343/6343
f 6326/6326 6327/6327 6328/6328
f 6327/6327 6326/6326 6324/6324
f 6330/6330 6324/6324 6325/6325
f 6324/6324 6321/6321 6325/6325
f 6318/6318 6324/6324 6326/6326
f 6324/6324 6318/6318 6323/6323
f 6321/6321 6324/6324 6323/6323
f 6309/6309 6308/6308 6307/6307
f 6307/6307 6304/6304 6303/6303
f 6307/6307 6308/6308 6304/6304
f 6310/6310 6308/6308 6309/6309
f 6308/6308 6310/6310 6304/6304
f 6304/6304 6310/6310 6306/6306
f 6318/6318 6319/6319 6305/6305
f 6303/6303 6304/6304 6305/6305
f 6305/6305 6319/6319 6303/6303
f 6305/6305 6304/6304 6306/6306
f 6306/6306 6313/6313 6305/6305
f 6310/6310 6309/6309 6311/6311
f 6306/6306 6314/6314 6313/6313
f 6310/6310 6311/6311 6312/6312
f 6351/6351 6348/6348 6347/6347
f 6347/6347 6348/6348 6349/6349
f 6349/6349 6350/6350 6347/6347
f 6306/6306 6312/6312 6314/6314
f 6323/6323 6318/6318 6321/6321
f 6318/6318 6305/6305 6315/6315
f 6317/6317 6321/6321 6318/6318
f 6317/6317 6318/6318 6315/6315
f 6313/6313 6315/6315 6305/6305
f 6317/6317 6320/6320 6321/6321
f 6313/6313 6316/6316 6315/6315
f 6315/6315 6316/6316 6317/6317
f 6316/6316 6320/6320 6317/6317
f 6354/6354 6356/6356 6352/6352
f 6352/6352 6353/6353 6354/6354
f 6354/6354 6353/6353 6355/6355
f 6375/6375 6381/6381 6382/6382
f 6381/6381 6375/6375 6378/6378
f 6378/6378 6375/6375 6377/6377
f 6378/6378 6383/6383 6381/6381
f 6363/6363 6358/6358 6366/6366
f 6363/6363 6366/6366 6372/6372
f 6377/6377 6375/6375 6374/6374
f 6362/6362 6358/6358 6363/6363
f 6358/6358 6362/6362 6361/6361
f 6358/6358 6360/6360 6366/6366
f 6360/6360 6358/6358 6357/6357
f 6357/6357 6358/6358 6359/6359
f 6360/6360 6357/6357 6367/6367
f 6367/6367 6357/6357 6368/6368
f 6358/6358 6361/6361 6359/6359
f 6359/6359 6364/6364 6365/6365
f 6359/6359 6361/6361 6364/6364
f 6373/6373 6374/6374 6375/6375
f 6373/6373 6376/6376 6374/6374
f 6373/6373 6379/6379 6376/6376
f 6379/6379 6373/6373 6380/6380
f 6369/6369 6367/6367 6368/6368
f 6370/6370 6371/6371 6369/6369
f 6369/6369 6368/6368 6370/6370
f 6384/6384 6387/6387 6385/6385
f 6401/6401 6388/6388 6408/6408
f 6390/6390 6388/6388 6387/6387
f 6385/6385 6387/6387 6388/6388
f 6384/6384 6385/6385 6386/6386
f 6401/6401 6389/6389 6388/6388
f 6401/6401 6391/6391 6389/6389
f 6391/6391 6401/6401 6400/6400
f 6400/6400 6393/6393 6391/6391
f 6392/6392 6391/6391 6393/6393
f 6389/6389 6385/6385 6388/6388
f 6389/6389 6391/6391 6386/6386
f 6386/6386 6391/6391 6392/6392
f 6386/6386 6392/6392 6394/6394
f 6394/6394 6395/6395 6386/6386
f 6395/6395 6394/6394 6396/6396
f 6399/6399 6394/6394 6392/6392
f 6394/6394 6399/6399 6398/6398
f 6397/6397 6394/6394 6398/6398
f 6386/6386 6402/6402 6384/6384
f 6395/6395 6402/6402 6386/6386
f 6394/6394 6397/6397 6396/6396
f 6403/6403 6398/6398 6399/6399
f 6403/6403 6399/6399 6404/6404
f 6403/6403 6404/6404 6405/6405
f 6406/6406 6407/6407 6403/6403
f 6405/6405 6406/6406 6403/6403
f 6409/6409 6410/6410 6411/6411
f 6412/6412 6413/6413 6414/6414
f 6415/6415 6417/6417 6418/6418
f 6415/6415 6416/6416 6417/6417
f 6420/6420 6421/6421 6422/6422
f 6415/6415 6419/6419 6416/6416
f 6425/6425 6427/6427 6428/6428
f 6427/6427 6425/6425 6426/6426
f 6426/6426 6425/6425 6424/6424
f 6423/6423 6424/6424 6425/6425
f 6429/6429 6430/6430 6431/6431
f 6432/6432 6433/6433 6434/6434
f 6435/6435 6436/6436 6437/6437
f 6438/6438 6439/6439 6440/6440
f 6438/6438 6441/6441 6439/6439
f 6442/6442 6443/6443 6444/6444
f 6444/6444 6443/6443 6445/6445
f 6447/6447 6450/6450 6448/6448
f 6446/6446 6447/6447 6448/6448
f 6446/6446 6448/6448 6449/6449
f 6451/6451 6452/6452 6453/6453
f 6451/6451 6453/6453 6455/6455
f 6456/6456 6452/6452 6451/6451
f 6457/6457 6452/6452 6456/6456
f 6453/6453 6452/6452 6454/6454
f 6465/6465 6466/6466 6467/6467
f 6465/6465 6464/6464 6466/6466
f 6470/6470 6469/6469 6467/6467
f 6469/6469 6465/6465 6467/6467
f 6465/6465 6458/6458 6464/6464
f 6460/6460 6464/6464 6458/6458
f 6460/6460 6459/6459 6461/6461
f 6458/6458 6459/6459 6460/6460
f 6462/6462 6461/6461 6459/6459
f 6462/6462 6463/6463 6461/6461
f 6468/6468 6463/6463 6462/6462
f 6463/6463 6468/6468 6471/6471
f 6474/6474 6477/6477 6476/6476
f 6472/6472 6474/6474 6476/6476
f 6474/6474 6478/6478 6477/6477
f 6472/6472 6473/6473 6474/6474
f 6475/6475 6473/6473 6472/6472
f 6479/6479 6482/6482 6485/6485
f 6481/6481 6482/6482 6479/6479
f 6484/6484 6482/6482 6483/6483
f 6479/6479 6480/6480 6481/6481
f 6483/6483 6482/6482 6481/6481
f 6480/6480 6479/6479 6486/6486
f 6486/6486 6489/6489 6488/6488
f 6487/6487 6486/6486 6488/6488
f 6486/6486 6487/6487 6480/6480
f 6493/6493 6494/6494 6495/6495
f 6490/6490 6491/6491 6492/6492
f 6495/6495 6496/6496 6493/6493
f 6503/6503 6502/6502 6505/6505
f 6499/6499 6502/6502 6503/6503
f 6502/6502 6498/6498 6504/6504
f 6505/6505 6502/6502 6504/6504
f 6498/6498 6502/6502 6499/6499
f 6497/6497 6498/6498 6499/6499
f 6499/6499 6507/6507 6500/6500
f 6500/6500 6497/6497 6499/6499
f 6501/6501 6497/6497 6500/6500
f 6506/6506 6500/6500 6507/6507
f 6501/6501 6500/6500 6506/6506
f 6515/6515 6512/6512 6514/6514
f 6512/6512 6513/6513 6514/6514
f 6511/6511 6508/6508 6510/6510
f 6508/6508 6509/6509 6510/6510
f 6518/6518 6517/6517 6520/6520
f 6516/6516 6517/6517 6518/6518
f 6521/6521 6522/6522 6523/6523
f 6517/6517 6516/6516 6519/6519
f 6524/6524 6525/6525 6526/6526
f 6527/6527 6528/6528 6529/6529
f 6530/6530 6531/6531 6532/6532
f 6531/6531 6535/6535 6532/6532
f 6533/6533 6530/6530 6532/6532
f 6534/6534 6531/6531 6530/6530
f 6547/6547 6548/6548 6549/6549
f 6542/6542 6537/6537 6541/6541
f 6540/6540 6541/6541 6537/6537
f 6543/6543 6541/6541 6540/6540
f 6545/6545 6539/6539 6546/6546
f 6536/6536 6539/6539 6545/6545
f 6536/6536 6538/6538 6539/6539
f 6536/6536 6537/6537 6538/6538
f 6540/6540 6537/6537 6536/6536
f 6544/6544 6543/6543 6540/6540
f 6556/6556 6552/6552 6554/6554
f 6557/6557 6552/6552 6556/6556
f 6552/6552 6553/6553 6554/6554
f 6552/6552 6551/6551 6553/6553
f 6550/6550 6551/6551 6552/6552
f 6550/6550 6552/6552 6557/6557
f 6555/6555 6551/6551 6550/6550
f 6558/6558 6559/6559 6560/6560
f 6561/6561 6562/6562 6563/6563
f 6564/6564 6565/6565 6566/6566
f 6568/6568 6565/6565 6564/6564
f 6564/6564 6566/6566 6567/6567
f 6565/6565 6568/6568 6569/6569
f 6581/6581 6578/6578 6584/6584
f 6576/6576 6577/6577 6578/6578
f 6579/6579 6578/6578 6581/6581
f 6579/6579 6576/6576 6578/6578
f 6575/6575 6574/6574 6583/6583
f 6575/6575 6571/6571 6574/6574
f 6576/6576 6575/6575 6583/6583
f 6571/6571 6573/6573 6572/6572
f 6570/6570 6571/6571 6572/6572
f 6571/6571 6570/6570 6574/6574
f 6582/6582 6575/6575 6576/6576
f 6576/6576 6579/6579 6580/6580
f 6580/6580 6582/6582 6576/6576
f 6585/6585 6586/6586 6587/6587
f 6587/6587 6586/6586 6589/6589
f 6586/6586 6585/6585 6588/6588
f 6587/6587 6591/6591 6585/6585
f 6592/6592 6585/6585 6591/6591
f 6590/6590 6589/6589 6586/6586
f 6589/6589 6590/6590 6593/6593
f 6593/6593 6594/6594 6589/6589
f 6598/6598 6600/6600 6599/6599
f 6597/6597 6598/6598 6599/6599
f 6596/6596 6598/6598 6597/6597
f 6595/6595 6596/6596 6597/6597
f 6603/6603 6596/6596 6595/6595
f 6603/6603 6604/6604 6596/6596
f 6604/6604 6606/6606 6596/6596
f 6604/6604 6603/6603 6605/6605
f 6601/6601 6599/6599 6600/6600
f 6602/6602 6599/6599 6601/6601
f 6611/6611 6608/6608 6607/6607
f 6607/6607 6608/6608 6609/6609
f 6608/6608 6610/6610 6609/6609
f 6621/6621 6620/6620 6619/6619
f 6619/6619 6620/6620 6617/6617
f 6617/6617 6629/6629 6628/6628
f 6618/6618 6617/6617 6628/6628
f 6616/6616 6618/6618 6626/6626
f 6622/6622 6623/6623 6621/6621
f 6625/6625 6623/6623 6624/6624
f 6624/6624 6623/6623 6622/6622
f 6630/6630 6625/6625 6624/6624
f 6622/6622 6621/6621 6619/6619
f 6631/6631 6630/6630 6624/6624
f 6630/6630 6631/6631 6632/6632
f 6632/6632 6631/6631 6633/6633
f 6619/6619 6617/6617 6614/6614
f 6615/6615 6614/6614 6617/6617
f 6612/6612 6614/6614 6615/6615
f 6612/6612 6613/6613 6614/6614
f 6633/6633 6634/6634 6632/6632
f 6633/6633 6635/6635 6634/6634
f 6633/6633 6636/6636 6635/6635
f 6639/6639 6636/6636 6633/6633
f 6637/6637 6630/6630 6632/6632
f 6630/6630 6637/6637 6638/6638
f 6618/6618 6615/6615 6617/6617
f 6618/6618 6616/6616 6615/6615
f 6612/6612 6615/6615 6616/6616
f 6616/6616 6626/6626 6627/6627
f 6642/6642 6641/6641 6643/6643
f 6640/6640 6641/6641 6642/6642
f 6640/6640 6642/6642 6644/6644
f 6642/6642 6645/6645 6644/6644
f 6646/6646 6647/6647 6648/6648
f 6651/6651 6657/6657 6649/6649
f 6657/6657 6651/6651 6660/6660
f 6655/6655 6652/6652 6654/6654
f 6653/6653 6654/6654 6652/6652
f 6650/6650 6652/6652 6651/6651
f 6653/6653 6652/6652 6650/6650
f 6649/6649 6650/6650 6651/6651
f 6656/6656 6658/6658 6650/6650
f 6656/6656 6650/6650 6649/6649
f 6656/6656 6659/6659 6658/6658
f 6662/6662 6661/6661 6664/6664
f 6661/6661 6662/6662 6663/6663
f 6665/6665 6661/6661 6663/6663
f 6665/6665 6663/6663 6667/6667
f 6666/6666 6662/6662 6664/6664
f 6667/6667 6668/6668 6665/6665
f 6672/6672 6676/6676 6670/6670
f 6672/6672 6670/6670 6669/6669
f 6675/6675 6671/6671 6670/6670
f 6669/6669 6670/6670 6671/6671
f 6673/6673 6669/6669 6671/6671
f 6673/6673 6674/6674 6669/6669
f 6674/6674 6673/6673 6677/6677
f 6679/6679 6681/6681 6680/6680
f 6682/6682 6679/6679 6678/6678
f 6678/6678 6679/6679 6680/6680
f 6678/6678 6680/6680 6683/6683
f 6678/6678 6684/6684 6682/6682
f 6687/6687 6688/6688 6685/6685
f 6685/6685 6686/6686 6687/6687
f 6689/6689 6686/6686 6685/6685
f 6689/6689 6691/6691 6686/6686
f 6690/6690 6689/6689 6685/6685
f 6696/6696 6695/6695 6692/6692
f 6693/6693 6692/6692 6695/6695
f 6692/6692 6693/6693 6694/6694
f 6697/6697 6694/6694 6693/6693
f 6699/6699 6694/6694 6698/6698
f 6698/6698 6694/6694 6697/6697
f 6700/6700 6701/6701 6702/6702
f 6713/6713 6712/6712 6708/6708
f 6706/6706 6708/6708 6712/6712
f 6716/6716 6715/6715 6719/6719
f 6714/6714 6715/6715 6716/6716
f 6709/6709 6707/6707 6706/6706
f 6706/6706 6707/6707 6708/6708
f 6717/6717 6714/6714 6716/6716
f 6717/6717 6718/6718 6714/6714
f 6706/6706 6710/6710 6709/6709
f 6703/6703 6704/6704 6705/6705
f 6710/6710 6706/6706 6711/6711
f 6726/6726 6722/6722 6727/6727
f 6722/6722 6726/6726 6720/6720
f 6728/6728 6729/6729 6730/6730
f 6720/6720 6721/6721 6722/6722
f 6720/6720 6723/6723 6721/6721
f 6724/6724 6721/6721 6723/6723
f 6724/6724 6725/6725 6721/6721
f 6739/6739 6742/6742 6740/6740
f 6744/6744 6745/6745 6746/6746
f 6736/6736 6734/6734 6735/6735
f 6743/6743 6745/6745 6744/6744
f 6743/6743 6744/6744 6731/6731
f 6731/6731 6744/6744 6735/6735
f 6731/6731 6735/6735 6734/6734
f 6732/6732 6731/6731 6734/6734
f 6748/6748 6732/6732 6751/6751
f 6752/6752 6748/6748 6751/6751
f 6749/6749 6748/6748 6750/6750
f 6741/6741 6743/6743 6737/6737
f 6737/6737 6740/6740 6741/6741
f 6737/6737 6739/6739 6740/6740
f 6737/6737 6743/6743 6731/6731
f 6733/6733 6737/6737 6731/6731
f 6738/6738 6739/6739 6737/6737
f 6737/6737 6733/6733 6738/6738
f 6731/6731 6732/6732 6733/6733
f 6747/6747 6738/6738 6733/6733
f 6733/6733 6732/6732 6748/6748
f 6748/6748 6747/6747 6733/6733
f 6749/6749 6747/6747 6748/6748
f 6753/6753 6754/6754 6755/6755
f 6756/6756 6754/6754 6753/6753
f 6758/6758 6757/6757 6760/6760
f 6757/6757 6758/6758 6759/6759
f 6772/6772 6769/6769 6768/6768
f 6763/6763 6764/6764 6761/6761
f 6761/6761 6762/6762 6763/6763
f 6762/6762 6761/6761 6765/6765
f 6767/6767 6768/6768 6769/6769
f 6768/6768 6767/6767 6770/6770
f 6762/6762 6765/6765 6766/6766
f 6770/6770 6767/6767 6771/6771
f 6782/6782 6781/6781 6783/6783
f 6780/6780 6781/6781 6782/6782
f 6773/6773 6774/6774 6775/6775
f 6774/6774 6773/6773 6778/6778
f 6776/6776 6775/6775 6777/6777
f 6775/6775 6776/6776 6773/6773
f 6779/6779 6774/6774 6778/6778
f 6790/6790 6791/6791 6788/6788
f 6787/6787 6784/6784 6786/6786
f 6784/6784 6785/6785 6786/6786
f 6788/6788 6789/6789 6790/6790
f 6800/6800 6799/6799 6798/6798
f 6801/6801 6799/6799 6800/6800
f 6793/6793 6798/6798 6799/6799
f 6792/6792 6798/6798 6793/6793
f 6792/6792 6793/6793 6794/6794
f 6795/6795 6792/6792 6794/6794
f 6796/6796 6794/6794 6797/6797
f 6796/6796 6795/6795 6794/6794
f 6804/6804 6803/6803 6805/6805
f 6807/6807 6804/6804 6805/6805
f 6811/6811 6812/6812 6813/6813
f 6802/6802 6803/6803 6804/6804
f 6806/6806 6802/6802 6804/6804
f 6806/6806 6809/6809 6802/6802
f 6809/6809 6806/6806 6810/6810
f 6808/6808 6807/6807 6805/6805
f 6814/6814 6815/6815 6816/6816
f 6819/6819 6821/6821 6817/6817
f 6818/6818 6817/6817 6820/6820
f 6817/6817 6818/6818 6819/6819
f 6827/6827 6828/6828 6824/6824
f 6823/6823 6827/6827 6824/6824
f 6839/6839 6837/6837 6840/6840
f 6838/6838 6837/6837 6839/6839
f 6825/6825 6822/6822 6824/6824
f 6836/6836 6837/6837 6838/6838
f 6847/6847 6848/6848 6849/6849
f 6841/6841 6838/6838 6839/6839
f 6841/6841 6842/6842 6838/6838
f 6843/6843 6845/6845 6846/6846
f 6844/6844 6845/6845 6843/6843
f 6833/6833 6834/6834 6835/6835
f 6822/6822 6823/6823 6824/6824
f 6838/6838 6842/6842 6843/6843
f 6826/6826 6823/6823 6822/6822
f 6843/6843 6842/6842 6844/6844
f 6829/6829 6830/6830 6831/6831
f 6829/6829 6832/6832 6830/6830
f 6850/6850 6857/6857 6856/6856
f 6851/6851 6850/6850 6856/6856
f 6850/6850 6851/6851 6852/6852
f 6852/6852 6851/6851 6853/6853
f 6854/6854 6851/6851 6855/6855
f 6854/6854 6853/6853 6851/6851
f 6854/6854 6855/6855 6858/6858
f 6872/6872 6870/6870 6871/6871
f 6860/6860 6862/6862 6861/6861
f 6864/6864 6866/6866 6867/6867
f 6859/6859 6866/6866 6864/6864
f 6859/6859 6864/6864 6865/6865
f 6870/6870 6869/6869 6871/6871
f 6868/6868 6869/6869 6870/6870
f 6859/6859 6860/6860 6861/6861
f 6863/6863 6859/6859 6861/6861
f 6860/6860 6859/6859 6865/6865
f 6875/6875 6878/6878 6877/6877
f 6876/6876 6874/6874 6873/6873
f 6873/6873 6874/6874 6875/6875
f 6877/6877 6873/6873 6875/6875
f 6881/6881 6880/6880 6884/6884
f 6880/6880 6879/6879 6882/6882
f 6879/6879 6880/6880 6881/6881
f 6882/6882 6879/6879 6883/6883
f 6885/6885 6886/6886 6887/6887
f 6888/6888 6889/6889 6890/6890
f 6891/6891 6892/6892 6893/6893
f 6894/6894 6895/6895 6896/6896
f 6898/6898 6897/6897 6900/6900
f 6901/6901 6902/6902 6903/6903
f 6897/6897 6898/6898 6899/6899
f 6904/6904 6902/6902 6901/6901
f 6905/6905 6909/6909 6908/6908
f 6905/6905 6906/6906 6907/6907
f 6905/6905 6908/6908 6906/6906
f 6907/6907 6910/6910 6905/6905
f 6914/6914 6915/6915 6916/6916
f 6911/6911 6912/6912 6913/6913
f 6917/6917 6920/6920 6918/6918
f 6917/6917 6918/6918 6919/6919
f 6923/6923 6924/6924 6925/6925
f 6921/6921 6918/6918 6922/6922
f 6918/6918 6921/6921 6919/6919
f 6935/6935 6934/6934 6933/6933
f 6935/6935 6936/6936 6934/6934
f 6933/6933 6934/6934 6926/6926
f 6930/6930 6927/6927 6932/6932
f 6926/6926 6927/6927 6928/6928
f 6926/6926 6928/6928 6933/6933
f 6929/6929 6927/6927 6930/6930
f 6929/6929 6930/6930 6931/6931
f 6928/6928 6927/6927 6929/6929
f 6937/6937 6938/6938 6939/6939
f 6940/6940 6941/6941 6942/6942
f 6944/6944 6946/6946 6947/6947
f 6943/6943 6949/6949 6946/6946
f 6943/6943 6944/6944 6945/6945
f 6944/6944 6943/6943 6946/6946
f 6948/6948 6944/6944 6947/6947
f 6948/6948 6945/6945 6944/6944
f 6943/6943 6950/6950 6949/6949
f 6951/6951 6952/6952 6953/6953
f 6956/6956 6957/6957 6953/6953
f 6959/6959 6961/6961 6960/6960
f 6958/6958 6959/6959 6960/6960
f 6955/6955 6956/6956 6953/6953
f 6952/6952 6954/6954 6953/6953
f 6955/6955 6953/6953 6954/6954
f 6967/6967 6968/6968 6965/6965
f 6962/6962 6963/6963 6964/6964
f 6965/6965 6966/6966 6967/6967
f 6977/6977 6981/6981 6979/6979
f 6979/6979 6980/6980 6971/6971
f 6972/6972 6976/6976 6977/6977
f 6976/6976 6972/6972 6974/6974
f 6972/6972 6977/6977 6979/6979
f 6972/6972 6979/6979 6971/6971
f 6970/6970 6972/6972 6971/6971
f 6969/6969 6970/6970 6971/6971
f 6973/6973 6974/6974 6972/6972
f 6973/6973 6972/6972 6969/6969
f 6975/6975 6974/6974 6973/6973
f 6973/6973 6983/6983 6984/6984
f 6973/6973 6969/6969 6978/6978
f 6986/6986 6987/6987 6985/6985
f 6985/6985 6988/6988 6989/6989
f 6987/6987 6988/6988 6985/6985
f 6982/6982 6973/6973 6978/6978
f 6983/6983 6973/6973 6982/6982
f 6985/6985 6983/6983 6982/6982
f 6982/6982 6986/6986 6985/6985
f 6990/6990 6991/6991 6992/6992
f 6991/6991 6990/6990 6993/6993
f 6995/6995 6996/6996 6997/6997
f 6990/6990 6994/6994 6993/6993
f 6998/6998 6999/6999 7000/7000
f 7001/7001 6999/6999 6998/6998
f 7002/7002 7004/7004 7005/7005
f 7003/7003 7002/7002 7006/7006
f 7002/7002 7003/7003 7004/7004
f 7008/7008 7012/7012 7009/7009
f 7013/7013 7012/7012 7008/7008
f 7009/7009 7012/7012 7014/7014
f 7011/7011 7010/7010 7009/7009
f 7007/7007 7009/7009 7010/7010
f 7007/7007 7008/7008 7009/7009
f 7016/7016 7017/7017 7018/7018
f 7016/7016 7018/7018 7019/7019
f 7015/7015 7013/7013 7008/7008
f 7026/7026 7027/7027 7024/7024
f 7020/7020 7021/7021 7022/7022
f 7021/7021 7023/7023 7022/7022
f 7024/7024 7025/7025 7026/7026
f 7024/7024 7028/7028 7025/7025
f 7029/7029 7033/7033 7030/7030
f 7032/7032 7029/7029 7031/7031
f 7029/7029 7030/7030 7031/7031
f 7030/7030 7034/7034 7031/7031
f 7037/7037 7039/7039 7040/7040
f 7036/7036 7039/7039 7037/7037
f 7035/7035 7036/7036 7037/7037
f 7035/7035 7037/7037 7038/7038
f 7041/7041 7042/7042 7043/7043
f 7054/7054 7055/7055 7053/7053
f 7051/7051 7054/7054 7053/7053
f 7045/7045 7047/7047 7046/7046
f 7044/7044 7045/7045 7046/7046
f 7044/7044 7046/7046 7048/7048
f 7049/7049 7048/7048 7046/7046
f 7048/7048 7051/7051 7053/7053
f 7051/7051 7048/7048 7049/7049
f 7056/7056 7049/7049 7046/7046
f 7049/7049 7056/7056 7057/7057
f 7049/7049 7050/7050 7051/7051
f 7052/7052 7051/7051 7050/7050
f 7059/7059 7060/7060 7061/7061
f 7050/7050 7058/7058 7052/7052
f 7061/7061 7063/7063 7062/7062
f 7062/7062 7059/7059 7061/7061
f 7064/7064 7065/7065 7066/7066
f 7071/7071 7072/7072 7073/7073
f 7067/7067 7068/7068 7069/7069
f 7068/7068 7067/7067 7070/7070
f 7074/7074 7076/7076 7077/7077
f 7074/7074 7075/7075 7076/7076
f 7075/7075 7079/7079 7078/7078
f 7075/7075 7078/7078 7076/7076
f 7087/7087 7086/7086 7080/7080
f 7086/7086 7085/7085 7080/7080
f 7080/7080 7082/7082 7088/7088
f 7080/7080 7081/7081 7082/7082
f 7080/7080 7083/7083 7081/7081
f 7084/7084 7083/7083 7080/7080
f 7084/7084 7080/7080 7085/7085
f 7084/7084 7089/7089 7083/7083
f 7089/7089 7084/7084 7090/7090
f 7084/7084 7091/7091 7090/7090
f 7092/7092 7093/7093 7094/7094
f 7095/7095 7100/7100 7099/7099
f 7096/7096 7098/7098 7097/7097
f 7095/7095 7096/7096 7097/7097
f 7095/7095 7097/7097 7100/7100
f 7098/7098 7095/7095 7099/7099
f 7095/7095 7098/7098 7096/7096
f 7101/7101 7102/7102 7103/7103
f 7114/7114 7116/7116 7115/7115
f 7115/7115 7104/7104 7114/7114
f 7109/7109 7114/7114 7104/7104
f 7106/7106 7109/7109 7104/7104
f 7104/7104 7105/7105 7106/7106
f 7105/7105 7104/7104 7107/7107
f 7105/7105 7107/7107 7110/7110
f 7110/7110 7111/7111 7105/7105
f 7108/7108 7106/7106 7105/7105
f 7111/7111 7112/7112 7105/7105
f 7113/7113 7112/7112 7111/7111
f 7119/7119 7118/7118 7120/7120
f 7117/7117 7118/7118 7119/7119
f 7121/7121 7122/7122 7123/7123
f 7124/7124 7125/7125 7126/7126
f 7127/7127 7125/7125 7124/7124
f 7128/7128 7124/7124 7126/7126
f 7129/7129 7130/7130 7131/7131
f 7129/7129 7131/7131 7132/7132
f 7147/7147 7145/7145 7146/7146
f 7145/7145 7140/7140 7146/7146
f 7140/7140 7137/7137 7146/7146
f 7137/7137 7140/7140 7135/7135
f 7135/7135 7140/7140 7142/7142
f 7138/7138 7137/7137 7136/7136
f 7134/7134 7139/7139 7143/7143
f 7135/7135 7136/7136 7137/7137
f 7134/7134 7136/7136 7135/7135
f 7133/7133 7134/7134 7135/7135
f 7141/7141 7135/7135 7142/7142
f 7133/7133 7135/7135 7141/7141
f 7139/7139 7134/7134 7133/7133
f 7144/7144 7133/7133 7141/7141
f 7148/7148 7149/7149 7150/7150
f 7151/7151 7154/7154 7152/7152
f 7151/7151 7152/7152 7153/7153
f 7156/7156 7158/7158 7159/7159
f 7156/7156 7157/7157 7158/7158
f 7153/7153 7155/7155 7151/7151
f 7164/7164 7167/7167 7166/7166
f 7164/7164 7166/7166 7165/7165
f 7161/7161 7164/7164 7165/7165
f 7164/7164 7161/7161 7160/7160
f 7174/7174 7164/7164 7160/7160
f 7160/7160 7161/7161 7162/7162
f 7163/7163 7160/7160 7162/7162
f 7163/7163 7162/7162 7168/7168
f 7169/7169 7168/7168 7173/7173
f 7163/7163 7168/7168 7169/7169
f 7163/7163 7169/7169 7170/7170
f 7170/7170 7171/7171 7163/7163
f 7171/7171 7172/7172 7163/7163
f 7175/7175 7176/7176 7177/7177
f 7178/7178 7180/7180 7182/7182
f 7178/7178 7179/7179 7180/7180
f 7179/7179 7181/7181 7180/7180
f 7184/7184 7183/7183 7187/7187
f 7187/7187 7183/7183 7189/7189
f 7183/7183 7184/7184 7185/7185
f 7185/7185 7184/7184 7188/7188
f 7185/7185 7186/7186 7183/7183
f 7185/7185 7190/7190 7186/7186
f 7193/7193 7192/7192 7194/7194
f 7191/7191 7192/7192 7193/7193
f 7198/7198 7199/7199 7200/7200
f 7195/7195 7196/7196 7197/7197
f 7207/7207 7208/7208 7209/7209
f 7203/7203 7202/7202 7205/7205
f 7204/7204 7202/7202 7201/7201
f 7201/7201 7202/7202 7203/7203
f 7204/7204 7201/7201 7206/7206
f 7220/7220 7210/7210 7219/7219
f 7214/7214 7219/7219 7210/7210
f 7214/7214 7210/7210 7213/7213
f 7212/7212 7214/7214 7213/7213
f 7212/7212 7218/7218 7214/7214
f 7212/7212 7213/7213 7210/7210
f 7210/7210 7217/7217 7215/7215
f 7210/7210 7211/7211 7212/7212
f 7212/7212 7221/7221 7218/7218
f 7211/7211 7210/7210 7215/7215
f 7216/7216 7211/7211 7215/7215
f 7222/7222 7223/7223 7224/7224
f 7231/7231 7227/7227 7230/7230
f 7231/7231 7226/7226 7232/7232
f 7226/7226 7231/7231 7230/7230
f 7227/7227 7226/7226 7230/7230
f 7225/7225 7226/7226 7227/7227
f 7225/7225 7228/7228 7226/7226
f 7229/7229 7228/7228 7225/7225
f 7238/7238 7235/7235 7234/7234
f 7239/7239 7235/7235 7238/7238
f 7233/7233 7234/7234 7235/7235
f 7236/7236 7233/7233 7235/7235
f 7237/7237 7233/7233 7236/7236
f 7240/7240 7241/7241 7242/7242
f 7243/7243 7244/7244 7245/7245
f 7245/7245 7246/7246 7243/7243
f 7247/7247 7246/7246 7245/7245
f 7246/7246 7247/7247 7248/7248
f 7249/7249 7246/7246 7248/7248
f 7250/7250 7252/7252 7254/7254
f 7251/7251 7253/7253 7252/7252
f 7250/7250 7251/7251 7252/7252
f 7255/7255 7256/7256 7257/7257
f 7260/7260 7263/7263 7255/7255
f 7258/7258 7255/7255 7257/7257
f 7255/7255 7258/7258 7260/7260
f 7259/7259 7260/7260 7258/7258
f 7260/7260 7259/7259 7261/7261
f 7259/7259 7258/7258 7262/7262
f 7306/7306 7307/7307 7304/7304
f 7304/7304 7305/7305 7306/7306
f 7305/7305 7304/7304 7303/7303
f 7303/7303 7304/7304 7300/7300
f 7306/7306 7305/7305 7308/7308
f 7300/7300 7299/7299 7291/7291
f 7291/7291 7299/7299 7298/7298
f 7277/7277 7275/7275 7274/7274
f 7274/7274 7275/7275 7276/7276
f 7280/7280 7281/7281 7277/7277
f 7280/7280 7277/7277 7274/7274
f 7278/7278 7276/7276 7275/7275
f 7287/7287 7302/7302 7309/7309
f 7310/7310 7287/7287 7309/7309
f 7315/7315 7316/7316 7317/7317
f 7287/7287 7310/7310 7311/7311
f 7301/7301 7289/7289 7286/7286
f 7285/7285 7286/7286 7287/7287
f 7287/7287 7286/7286 7288/7288
f 7288/7288 7286/7286 7289/7289
f 7290/7290 7288/7288 7289/7289
f 7288/7288 7290/7290 7291/7291
f 7288/7288 7291/7291 7292/7292
f 7269/7269 7272/7272 7273/7273
f 7279/7279 7276/7276 7278/7278
f 7312/7312 7302/7302 7313/7313
f 7309/7309 7302/7302 7312/7312
f 7314/7314 7313/7313 7302/7302
f 7287/7287 7288/7288 7302/7302
f 7302/7302 7288/7288 7294/7294
f 7291/7291 7303/7303 7300/7300
f 7290/7290 7303/7303 7291/7291
f 7290/7290 7305/7305 7303/7303
f 7282/7282 7283/7283 7284/7284
f 7265/7265 7268/7268 7270/7270
f 7266/7266 7265/7265 7267/7267
f 7270/7270 7271/7271 7265/7265
f 7264/7264 7268/7268 7265/7265
f 7264/7264 7265/7265 7266/7266
f 7266/7266 7272/7272 7269/7269
f 7266/7266 7269/7269 7264/7264
f 7297/7297 7294/7294 7296/7296
f 7294/7294 7288/7288 7293/7293
f 7293/7293 7288/7288 7292/7292
f 7298/7298 7295/7295 7291/7291
f 7295/7295 7292/7292 7291/7291
f 7294/7294 7293/7293 7296/7296
f 7321/7321 7318/7318 7322/7322
f 7323/7323 7319/7319 7324/7324
f 7324/7324 7319/7319 7325/7325
f 7325/7325 7319/7319 7326/7326
f 7321/7321 7319/7319 7318/7318
f 7318/7318 7319/7319 7320/7320
f 7320/7320 7319/7319 7323/7323
f 7328/7328 7330/7330 7329/7329
f 7327/7327 7328/7328 7329/7329
f 7332/7332 7333/7333 7334/7334
f 7329/7329 7331/7331 7327/7327
f 7332/7332 7334/7334 7335/7335
f 7341/7341 7340/7340 7344/7344
f 7341/7341 7344/7344 7346/7346
f 7336/7336 7337/7337 7338/7338
f 7339/7339 7337/7337 7336/7336
f 7340/7340 7341/7341 7338/7338
f 7340/7340 7338/7338 7337/7337
f 7344/7344 7340/7340 7342/7342
f 7342/7342 7340/7340 7351/7351
f 7346/7346 7344/7344 7343/7343
f 7342/7342 7343/7343 7344/7344
f 7345/7345 7343/7343 7342/7342
f 7345/7345 7342/7342 7347/7347
f 7348/7348 7347/7347 7342/7342
f 7347/7347 7348/7348 7349/7349
f 7349/7349 7350/7350 7347/7347
f 7353/7353 7356/7356 7357/7357
f 7357/7357 7358/7358 7353/7353
f 7358/7358 7359/7359 7353/7353
f 7358/7358 7360/7360 7359/7359
f 7362/7362 7364/7364 7365/7365
f 7352/7352 7356/7356 7353/7353
f 7361/7361 7359/7359 7360/7360
f 7362/7362 7363/7363 7364/7364
f 7361/7361 7354/7354 7359/7359
f 7366/7366 7367/7367 7368/7368
f 7352/7352 7353/7353 7354/7354
f 7355/7355 7352/7352 7354/7354
f 7374/7374 7380/7380 7373/7373
f 7369/7369 7372/7372 7381/7381
f 7378/7378 7375/7375 7369/7369
f 7369/7369 7371/7371 7372/7372
f 7371/7371 7373/7373 7372/7372
f 7369/7369 7370/7370 7371/7371
f 7373/7373 7371/7371 7374/7374
f 7377/7377 7375/7375 7379/7379
f 7377/7377 7376/7376 7375/7375
f 7370/7370 7369/7369 7375/7375
f 7370/7370 7375/7375 7376/7376
f 7387/7387 7389/7389 7388/7388
f 7386/7386 7387/7387 7388/7388
f 7386/7386 7384/7384 7387/7387
f 7382/7382 7383/7383 7384/7384
f 7389/7389 7387/7387 7390/7390
f 7382/7382 7390/7390 7383/7383
f 7386/7386 7385/7385 7384/7384
f 7382/7382 7384/7384 7385/7385
f 7391/7391 7385/7385 7393/7393
f 7393/7393 7392/7392 7391/7391
f 7391/7391 7389/7389 7390/7390
f 7391/7391 7390/7390 7382/7382
f 7389/7389 7391/7391 7392/7392
f 7394/7394 7395/7395 7396/7396
f 7397/7397 7398/7398 7399/7399
f 7403/7403 7401/7401 7400/7400
f 7400/7400 7401/7401 7402/7402
f 7402/7402 7401/7401 7404/7404
f 7400/7400 7405/7405 7403/7403
f 7407/7407 7409/7409 7408/7408
f 7406/7406 7407/7407 7408/7408
f 7407/7407 7406/7406 7410/7410
f 7411/7411 7412/7412 7413/7413
f 7419/7419 7414/7414 7417/7417
f 7415/7415 7414/7414 7418/7418
f 7417/7417 7414/7414 7416/7416
f 7414/7414 7415/7415 7416/7416
f 7422/7422 7427/7427 7428/7428
f 7429/7429 7421/7421 7426/7426
f 7421/7421 7427/7427 7422/7422
f 7423/7423 7424/7424 7425/7425
f 7424/7424 7423/7423 7420/7420
f 7421/7421 7420/7420 7423/7423
f 7423/7423 7426/7426 7421/7421
f 7420/7420 7421/7421 7422/7422
f 7434/7434 7431/7431 7435/7435
f 7431/7431 7434/7434 7433/7433
f 7437/7437 7436/7436 7430/7430
f 7432/7432 7431/7431 7433/7433
f 7430/7430 7431/7431 7432/7432
f 7430/7430 7436/7436 7431/7431
f 7440/7440 7439/7439 7444/7444
f 7445/7445 7446/7446 7447/7447
f 7442/7442 7443/7443 7439/7439
f 7439/7439 7441/7441 7442/7442
f 7438/7438 7439/7439 7440/7440
f 7438/7438 7441/7441 7439/7439
f 7448/7448 7449/7449 7450/7450
f 7450/7450 7452/7452 7448/7448
f 7453/7453 7454/7454 7455/7455
f 7451/7451 7449/7449 7448/7448
f 7457/7457 7456/7456 7459/7459
f 7462/7462 7461/7461 7464/7464
f 7456/7456 7457/7457 7458/7458
f 7461/7461 7462/7462 7463/7463
f 7460/7460 7456/7456 7458/7458
f 7465/7465 7466/7466 7467/7467
f 7465/7465 7467/7467 7468/7468
f 7469/7469 7470/7470 7471/7471
f 7472/7472 7473/7473 7474/7474
f 7478/7478 7479/7479 7480/7480
f 7480/7480 7481/7481 7478/7478
f 7481/7481 7482/7482 7483/7483
f 7482/7482 7481/7481 7480/7480
f 7486/7486 7487/7487 7488/7488
f 7480/7480 7479/7479 7485/7485
f 7475/7475 7476/7476 7477/7477
f 7487/7487 7486/7486 7489/7489
f 7481/7481 7483/7483 7484/7484
f 7490/7490 7491/7491 7492/7492
f 7493/7493 7490/7490 7492/7492
f 7496/7496 7497/7497 7494/7494
f 7494/7494 7495/7495 7496/7496
f 7498/7498 7499/7499 7500/7500
f 7501/7501 7498/7498 7500/7500
f 7502/7502 7498/7498 7501/7501
f 7503/7503 7504/7504 7505/7505
f 7506/7506 7504/7504 7503/7503
f 7507/7507 7508/7508 7509/7509
f 7510/7510 7508/7508 7507/7507
f 7511/7511 7509/7509 7508/7508
f 7508/7508 7510/7510 7511/7511
f 7511/7511 7510/7510 7512/7512
f 7513/7513 7514/7514 7515/7515
f 7513/7513 7515/7515 7516/7516
f 7528/7528 7529/7529 7527/7527
f 7517/7517 7525/7525 7520/7520
f 7526/7526 7525/7525 7517/7517
f 7525/7525 7526/7526 7527/7527
f 7526/7526 7528/7528 7527/7527
f 7522/7522 7539/7539 7538/7538
f 7522/7522 7538/7538 7521/7521
f 7518/7518 7521/7521 7523/7523
f 7521/7521 7520/7520 7522/7522
f 7520/7520 7521/7521 7518/7518
f 7517/7517 7520/7520 7518/7518
f 7523/7523 7524/7524 7518/7518
f 7533/7533 7534/7534 7535/7535
f 7537/7537 7531/7531 7533/7533
f 7543/7543 7544/7544 7545/7545
f 7545/7545 7546/7546 7543/7543
f 7547/7547 7546/7546 7545/7545
f 7533/7533 7532/7532 7534/7534
f 7517/7517 7518/7518 7519/7519
f 7519/7519 7526/7526 7517/7517
f 7519/7519 7530/7530 7526/7526
f 7530/7530 7519/7519 7531/7531
f 7540/7540 7541/7541 7542/7542
f 7532/7532 7531/7531 7519/7519
f 7531/7531 7532/7532 7533/7533
f 7530/7530 7531/7531 7536/7536
f 7536/7536 7531/7531 7537/7537
f 7548/7548 7549/7549 7550/7550
f 7551/7551 7550/7550 7549/7549
f 7552/7552 7553/7553 7554/7554
f 7561/7561 7562/7562 7563/7563
f 7561/7561 7563/7563 7564/7564
f 7558/7558 7556/7556 7559/7559
f 7558/7558 7557/7557 7556/7556
f 7555/7555 7560/7560 7556/7556
f 7555/7555 7556/7556 7557/7557
f 7566/7566 7570/7570 7567/7567
f 7571/7571 7570/7570 7566/7566
f 7568/7568 7565/7565 7567/7567
f 7565/7565 7566/7566 7567/7567
f 7569/7569 7565/7565 7568/7568
f 7573/7573 7576/7576 7575/7575
f 7575/7575 7574/7574 7573/7573
f 7572/7572 7573/7573 7574/7574
f 7577/7577 7573/7573 7572/7572
f 7578/7578 7579/7579 7580/7580
f 7579/7579 7578/7578 7581/7581
f 7579/7579 7582/7582 7580/7580
f 7591/7591 7588/7588 7590/7590
f 7588/7588 7587/7587 7590/7590
f 7587/7587 7588/7588 7589/7589
f 7583/7583 7584/7584 7585/7585
f 7586/7586 7584/7584 7583/7583
f 7592/7592 7593/7593 7594/7594
f 7593/7593 7592/7592 7595/7595
f 7596/7596 7593/7593 7595/7595
f 7592/7592 7594/7594 7597/7597
f 7598/7598 7599/7599 7600/7600
f 7604/7604 7603/7603 7602/7602
f 7601/7601 7602/7602 7603/7603
f 7605/7605 7606/7606 7607/7607
f 7609/7609 7610/7610 7611/7611
f 7605/7605 7608/7608 7606/7606
f 7617/7617 7614/7614 7618/7618
f 7612/7612 7614/7614 7617/7617
f 7616/7616 7614/7614 7613/7613
f 7612/7612 7613/7613 7614/7614
f 7615/7615 7613/7613 7612/7612
f 7622/7622 7619/7619 7621/7621
f 7623/7623 7624/7624 7625/7625
f 7619/7619 7620/7620 7621/7621
f 7626/7626 7628/7628 7629/7629
f 7627/7627 7630/7630 7628/7628
f 7626/7626 7627/7627 7628/7628
f 7631/7631 7630/7630 7627/7627
f 7632/7632 7633/7633 7634/7634
f 7635/7635 7636/7636 7637/7637
f 7639/7639 7644/7644 7645/7645
f 7639/7639 7641/7641 7644/7644
f 7641/7641 7639/7639 7638/7638
f 7638/7638 7639/7639 7640/7640
f 7639/7639 7643/7643 7640/7640
f 7643/7643 7642/7642 7640/7640
f 7642/7642 7638/7638 7640/7640
f 7649/7649 7646/7646 7648/7648
f 7646/7646 7649/7649 7653/7653
f 7646/7646 7647/7647 7648/7648
f 7646/7646 7650/7650 7647/7647
f 7650/7650 7646/7646 7651/7651
f 7646/7646 7652/7652 7651/7651
f 7660/7660 7661/7661 7662/7662
f 7657/7657 7655/7655 7654/7654
f 7661/7661 7660/7660 7663/7663
f 7656/7656 7655/7655 7658/7658
f 7654/7654 7655/7655 7656/7656
f 7656/7656 7658/7658 7659/7659
f 7656/7656 7659/7659 7654/7654
f 7664/7664 7665/7665 7666/7666
f 7670/7670 7668/7668 7673/7673
f 7669/7669 7668/7668 7670/7670
f 7667/7667 7668/7668 7669/7669
f 7674/7674 7671/7671 7669/7669
f 7667/7667 7669/7669 7671/7671
f 7672/7672 7667/7667 7671/7671
f 7678/7678 7677/7677 7676/7676
f 7675/7675 7676/7676 7677/7677
f 7680/7680 7684/7684 7688/7688
f 7679/7679 7684/7684 7680/7680
f 7681/7681 7682/7682 7683/7683
f 7682/7682 7681/7681 7680/7680
f 7679/7679 7680/7680 7681/7681
f 7679/7679 7681/7681 7685/7685
f 7685/7685 7681/7681 7686/7686
f 7685/7685 7686/7686 7687/7687
f 7696/7696 7695/7695 7697/7697
f 7690/7690 7689/7689 7693/7693
f 7689/7689 7690/7690 7691/7691
f 7695/7695 7690/7690 7693/7693
f 7690/7690 7695/7695 7696/7696
f 7698/7698 7699/7699 7700/7700
f 7689/7689 7691/7691 7692/7692
f 7692/7692 7691/7691 7694/7694
f 7707/7707 7704/7704 7709/7709
f 7707/7707 7705/7705 7704/7704
f 7710/7710 7709/7709 7704/7704
f 7701/7701 7702/7702 7703/7703
f 7704/7704 7705/7705 7706/7706
f 7706/7706 7705/7705 7708/7708
f 7722/7722 7723/7723 7724/7724
f 7722/7722 7724/7724 7725/7725
f 7717/7717 7718/7718 7716/7716
f 7717/7717 7716/7716 7715/7715
f 7713/7713 7712/7712 7715/7715
f 7713/7713 7715/7715 7716/7716
f 7711/7711 7712/7712 7713/7713
f 7711/7711 7713/7713 7714/7714
f 7719/7719 7714/7714 7713/7713
f 7720/7720 7714/7714 7719/7719
f 7720/7720 7719/7719 7721/7721
f 7728/7728 7727/7727 7729/7729
f 7726/7726 7731/7731 7727/7727
f 7726/7726 7727/7727 7728/7728
f 7730/7730 7726/7726 7728/7728
f 7732/7732 7733/7733 7734/7734
f 7735/7735 7737/7737 7740/7740
f 7735/7735 7736/7736 7737/7737
f 7735/7735 7738/7738 7736/7736
f 7738/7738 7739/7739 7736/7736
f 7741/7741 7740/7740 7737/7737
f 7742/7742 7735/7735 7743/7743
f 7735/7735 7742/7742 7738/7738
f 7744/7744 7745/7745 7746/7746
f 7745/7745 7744/7744 7747/7747
f 7748/7748 7749/7749 7750/7750
f 7753/7753 7754/7754 7751/7751
f 7751/7751 7752/7752 7753/7753
f 7755/7755 7756/7756 7757/7757
f 7761/7761 7762/7762 7763/7763
f 7758/7758 7759/7759 7760/7760
f 7764/7764 7765/7765 7766/7766
f 7767/7767 7768/7768 7769/7769
f 7767/7767 7770/7770 7768/7768
f 7771/7771 7772/7772 7773/7773
f 7774/7774 7777/7777 7775/7775
f 7774/7774 7775/7775 7776/7776
f 7799/7799 7792/7792 7790/7790
f 7791/7791 7790/7790 7792/7792
f 7786/7786 7789/7789 7788/7788
f 7786/7786 7788/7788 7787/7787
f 7788/7788 7790/7790 7791/7791
f 7788/7788 7789/7789 7790/7790
f 7785/7785 7786/7786 7787/7787
f 7784/7784 7786/7786 7785/7785
f 7783/7783 7784/7784 7785/7785
f 7782/7782 7784/7784 7783/7783
f 7781/7781 7782/7782 7783/7783
f 7781/7781 7780/7780 7782/7782
f 7781/7781 7778/7778 7780/7780
f 7778/7778 7779/7779 7780/7780
f 7793/7793 7779/7779 7778/7778
f 7794/7794 7779/7779 7793/7793
f 7795/7795 7779/7779 7794/7794
f 7795/7795 7796/7796 7779/7779
f 7796/7796 7795/7795 7810/7810
f 7797/7797 7798/7798 7779/7779
f 7811/7811 7814/7814 7812/7812
f 7801/7801 7779/7779 7800/7800
f 7798/7798 7800/7800 7779/7779
f 7802/7802 7801/7801 7800/7800
f 7801/7801 7802/7802 7803/7803
f 7811/7811 7812/7812 7813/7813
f 7803/7803 7805/7805 7801/7801
f 7804/7804 7805/7805 7803/7803
f 7803/7803 7802/7802 7804/7804
f 7810/7810 7797/7797 7796/7796
f 7797/7797 7779/7779 7796/7796
f 7804/7804 7806/7806 7805/7805
f 7804/7804 7807/7807 7806/7806
f 7807/7807 7808/7808 7806/7806
f 7808/7808 7809/7809 7806/7806
f 7819/7819 7817/7817 7818/7818
f 7818/7818 7817/7817 7816/7816
f 7815/7815 7816/7816 7817/7817
f 7816/7816 7815/7815 7820/7820
f 7828/7828 7829/7829 7830/7830
f 7821/7821 7825/7825 7826/7826
f 7821/7821 7822/7822 7823/7823
f 7823/7823 7822/7822 7827/7827
f 7825/7825 7821/7821 7824/7824
f 7823/7823 7824/7824 7821/7821
f 7831/7831 7835/7835 7834/7834
f 7834/7834 7832/7832 7831/7831
f 7831/7831 7832/7832 7833/7833
f 7836/7836 7833/7833 7832/7832
f 7837/7837 7838/7838 7839/7839
f 7840/7840 7838/7838 7837/7837
f 7841/7841 7842/7842 7843/7843
f 7847/7847 7846/7846 7845/7845
f 7844/7844 7845/7845 7846/7846
f 7844/7844 7846/7846 7848/7848
f 7853/7853 7851/7851 7850/7850
f 7849/7849 7852/7852 7850/7850
f 7849/7849 7850/7850 7851/7851
f 7864/7864 7867/7867 7868/7868
f 7876/7876 7875/7875 7873/7873
f 7864/7864 7868/7868 7873/7873
f 7867/7867 7864/7864 7863/7863
f 7873/7873 7875/7875 7874/7874
f 7864/7864 7873/7873 7874/7874
f 7863/7863 7864/7864 7865/7865
f 7865/7865 7866/7866 7863/7863
f 7866/7866 7865/7865 7870/7870
f 7865/7865 7864/7864 7869/7869
f 7877/7877 7878/7878 7879/7879
f 7871/7871 7870/7870 7869/7869
f 7870/7870 7871/7871 7866/7866
f 7866/7866 7871/7871 7872/7872
f 7856/7856 7861/7861 7858/7858
f 7854/7854 7856/7856 7858/7858
f 7856/7856 7855/7855 7862/7862
f 7854/7854 7855/7855 7856/7856
f 7857/7857 7855/7855 7854/7854
f 7859/7859 7857/7857 7854/7854
f 7859/7859 7854/7854 7860/7860
f 7889/7889 7904/7904 7884/7884
f 7886/7886 7889/7889 7884/7884
f 7885/7885 7887/7887 7888/7888
f 7887/7887 7885/7885 7884/7884
f 7884/7884 7885/7885 7886/7886
f 7905/7905 7907/7907 7906/7906
f 7905/7905 7906/7906 7904/7904
f 7903/7903 7904/7904 7889/7889
f 7905/7905 7904/7904 7903/7903
f 7903/7903 7889/7889 7901/7901
f 7902/7902 7905/7905 7903/7903
f 7902/7902 7903/7903 7901/7901
f 7896/7896 7905/7905 7902/7902
f 7901/7901 7892/7892 7902/7902
f 7890/7890 7892/7892 7901/7901
f 7890/7890 7891/7891 7892/7892
f 7891/7891 7890/7890 7893/7893
f 7891/7891 7896/7896 7892/7892
f 7882/7882 7881/7881 7883/7883
f 7880/7880 7881/7881 7882/7882
f 7893/7893 7899/7899 7891/7891
f 7894/7894 7890/7890 7901/7901
f 7895/7895 7893/7893 7894/7894
f 7893/7893 7890/7890 7894/7894
f 7897/7897 7895/7895 7894/7894
f 7898/7898 7895/7895 7897/7897
f 7897/7897 7894/7894 7900/7900
f 7910/7910 7913/7913 7912/7912
f 7908/7908 7910/7910 7912/7912
f 7908/7908 7909/7909 7910/7910
f 7908/7908 7911/7911 7909/7909
f 7914/7914 7909/7909 7911/7911
f 7915/7915 7909/7909 7914/7914
f 7915/7915 7914/7914 7916/7916
f 7915/7915 7916/7916 7917/7917
f 7918/7918 7922/7922 7919/7919
f 7918/7918 7919/7919 7920/7920
f 7923/7923 7922/7922 7918/7918
f 7921/7921 7920/7920 7919/7919
f 7925/7925 7924/7924 7927/7927
f 7924/7924 7925/7925 7926/7926
f 7934/7934 7929/7929 7928/7928
f 7930/7930 7933/7933 7932/7932
f 7930/7930 7932/7932 7931/7931
f 7928/7928 7929/7929 7930/7930
f 7930/7930 7931/7931 7928/7928
f 7940/7940 7941/7941 7942/7942
f 7936/7936 7941/7941 7940/7940
f 7940/7940 7938/7938 7936/7936
f 7937/7937 7936/7936 7938/7938
f 7935/7935 7936/7936 7937/7937
f 7939/7939 7935/7935 7937/7937
f 7943/7943 7935/7935 7939/7939
f 7935/7935 7943/7943 7944/7944
f 7945/7945 7944/7944 7943/7943
f 7945/7945 7946/7946 7944/7944
f 7950/7950 7951/7951 7952/7952
f 7947/7947 7948/7948 7949/7949
f 7953/7953 7954/7954 7955/7955
f 7960/7960 7964/7964 7966/7966
f 7961/7961 7964/7964 7960/7960
f 7956/7956 7961/7961 7960/7960
f 7957/7957 7956/7956 7960/7960
f 7956/7956 7957/7957 7958/7958
f 7958/7958 7957/7957 7959/7959
f 7962/7962 7959/7959 7957/7957
f 7963/7963 7959/7959 7962/7962
f 7965/7965 7962/7962 7957/7957
f 7967/7967 7968/7968 7969/7969
f 7981/7981 7974/7974 7982/7982
f 7974/7974 7981/7981 7980/7980
f 7974/7974 7980/7980 7979/7979
f 7979/7979 7971/7971 7974/7974
f 7971/7971 7973/7973 7974/7974
f 7979/7979 7976/7976 7971/7971
f 7976/7976 7975/7975 7971/7971
f 7971/7971 7975/7975 7972/7972
f 7970/7970 7973/7973 7971/7971
f 7970/7970 7971/7971 7972/7972
f 7970/7970 7972/7972 7978/7978
f 7977/7977 7975/7975 7976/7976
f 7983/7983 7984/7984 7985/7985
f 7988/7988 7989/7989 7990/7990
f 7989/7989 7988/7988 7987/7987
f 7986/7986 7988/7988 7991/7991
f 7986/7986 7987/7987 7988/7988
f 7996/7996 7998/7998 7999/7999
f 7996/7996 7997/7997 7998/7998
f 7994/7994 7995/7995 7992/7992
f 7992/7992 7993/7993 7994/7994
f 8005/8005 8006/8006 8007/8007
f 8003/8003 8000/8000 8002/8002
f 8000/8000 8001/8001 8002/8002
f 8008/8008 8007/8007 8006/8006
f 8001/8001 8004/8004 8002/8002
f 8016/8016 8017/8017 8018/8018
f 8012/8012 8009/8009 8013/8013
f 8010/8010 8009/8009 8012/8012
f 8009/8009 8010/8010 8011/8011
f 8014/8014 8009/8009 8011/8011
f 8015/8015 8014/8014 8011/8011
f 8056/8056 8057/8057 8058/8058
f 8031/8031 8041/8041 8032/8032
f 8032/8032 8041/8041 8042/8042
f 8029/8029 8031/8031 8032/8032
f 8026/8026 8031/8031 8029/8029
f 8029/8029 8028/8028 8026/8026
f 8028/8028 8029/8029 8027/8027
f 8028/8028 8024/8024 8026/8026
f 8020/8020 8026/8026 8024/8024
f 8021/8021 8028/8028 8027/8027
f 8022/8022 8033/8033 8030/8030
f 8054/8054 8053/8053 8055/8055
f 8021/8021 8020/8020 8024/8024
f 8021/8021 8027/8027 8022/8022
f 8054/8054 8051/8051 8053/8053
f 8053/8053 8051/8051 8052/8052
f 8019/8019 8020/8020 8021/8021
f 8019/8019 8021/8021 8022/8022
f 8025/8025 8022/8022 8030/8030
f 8023/8023 8022/8022 8025/8025
f 8044/8044 8052/8052 8051/8051
f 8051/8051 8019/8019 8044/8044
f 8019/8019 8022/8022 8023/8023
f 8019/8019 8043/8043 8044/8044
f 8043/8043 8019/8019 8035/8035
f 8035/8035 8019/8019 8023/8023
f 8034/8034 8025/8025 8030/8030
f 8045/8045 8044/8044 8043/8043
f 8043/8043 8046/8046 8045/8045
f 8048/8048 8045/8045 8046/8046
f 8046/8046 8043/8043 8047/8047
f 8038/8038 8035/8035 8037/8037
f 8035/8035 8023/8023 8036/8036
f 8036/8036 8037/8037 8035/8035
f 8037/8037 8036/8036 8039/8039
f 8037/8037 8039/8039 8040/8040
f 8046/8046 8049/8049 8048/8048
f 8049/8049 8046/8046 8050/8050
f 8069/8069 8070/8070 8068/8068
f 8063/8063 8069/8069 8068/8068
f 8063/8063 8068/8068 8060/8060
f 8088/8088 8091/8091 8089/8089
f 8088/8088 8086/8086 8090/8090
f 8088/8088 8089/8089 8086/8086
f 8085/8085 8087/8087 8086/8086
f 8084/8084 8085/8085 8086/8086
f 8059/8059 8063/8063 8060/8060
f 8084/8084 8086/8086 8089/8089
f 8059/8059 8060/8060 8061/8061
f 8062/8062 8059/8059 8061/8061
f 8062/8062 8061/8061 8064/8064
f 8065/8065 8066/8066 8062/8062
f 8062/8062 8064/8064 8065/8065
f 8074/8074 8079/8079 8082/8082
f 8074/8074 8071/8071 8079/8079
f 8076/8076 8080/8080 8071/8071
f 8081/8081 8080/8080 8076/8076
f 8067/8067 8065/8065 8064/8064
f 8082/8082 8083/8083 8074/8074
f 8071/8071 8073/8073 8076/8076
f 8072/8072 8071/8071 8074/8074
f 8071/8071 8072/8072 8073/8073
f 8075/8075 8072/8072 8074/8074
f 8075/8075 8076/8076 8072/8072
f 8078/8078 8081/8081 8076/8076
f 8076/8076 8077/8077 8078/8078
f 8077/8077 8076/8076 8075/8075
f 8092/8092 8093/8093 8094/8094
f 8097/8097 8099/8099 8100/8100
f 8099/8099 8097/8097 8096/8096
f 8095/8095 8096/8096 8097/8097
f 8095/8095 8098/8098 8096/8096
f 8104/8104 8108/8108 8109/8109
f 8108/8108 8104/8104 8103/8103
f 8101/8101 8103/8103 8104/8104
f 8101/8101 8102/8102 8103/8103
f 8106/8106 8107/8107 8102/8102
f 8106/8106 8102/8102 8105/8105
f 8101/8101 8105/8105 8102/8102
f 8110/8110 8111/8111 8112/8112
f 8127/8127 8135/8135 8136/8136
f 8129/8129 8131/8131 8132/8132
f 8129/8129 8135/8135 8127/8127
f 8130/8130 8131/8131 8129/8129
f 8116/8116 8129/8129 8127/8127
f 8129/8129 8116/8116 8130/8130
f 8116/8116 8127/8127 8126/8126
f 8125/8125 8116/8116 8126/8126
f 8115/8115 8116/8116 8124/8124
f 8125/8125 8124/8124 8116/8116
f 8116/8116 8114/8114 8130/8130
f 8115/8115 8114/8114 8116/8116
f 8119/8119 8134/8134 8113/8113
f 8113/8113 8114/8114 8115/8115
f 8118/8118 8119/8119 8113/8113
f 8117/8117 8115/8115 8124/8124
f 8117/8117 8113/8113 8115/8115
f 8117/8117 8118/8118 8113/8113
f 8121/8121 8118/8118 8117/8117
f 8118/8118 8120/8120 8119/8119
f 8121/8121 8120/8120 8118/8118
f 8119/8119 8133/8133 8134/8134
f 8122/8122 8133/8133 8119/8119
f 8128/8128 8120/8120 8121/8121
f 8122/8122 8119/8119 8120/8120
f 8123/8123 8122/8122 8120/8120
f 8137/8137 8138/8138 8139/8139
f 8140/8140 8139/8139 8138/8138
f 8138/8138 8137/8137 8141/8141
f 8140/8140 8142/8142 8139/8139
f 8146/8146 8145/8145 8148/8148
f 8143/8143 8144/8144 8145/8145
f 8145/8145 8144/8144 8147/8147
f 8144/8144 8149/8149 8147/8147
f 8146/8146 8143/8143 8145/8145
f 8150/8150 8151/8151 8152/8152
f 8163/8163 8162/8162 8164/8164
f 8155/8155 8162/8162 8163/8163
f 8161/8161 8162/8162 8155/8155
f 8155/8155 8159/8159 8161/8161
f 8155/8155 8154/8154 8159/8159
f 8153/8153 8154/8154 8155/8155
f 8153/8153 8156/8156 8154/8154
f 8156/8156 8153/8153 8157/8157
f 8160/8160 8159/8159 8158/8158
f 8159/8159 8156/8156 8158/8158
f 8158/8158 8156/8156 8157/8157
f 8167/8167 8169/8169 8176/8176
f 8168/8168 8169/8169 8167/8167
f 8172/8172 8168/8168 8166/8166
f 8166/8166 8175/8175 8172/8172
f 8167/8167 8166/8166 8168/8168
f 8165/8165 8166/8166 8167/8167
f 8165/8165 8167/8167 8170/8170
f 8170/8170 8171/8171 8165/8165
f 8173/8173 8171/8171 8170/8170
f 8174/8174 8173/8173 8170/8170
f 8180/8180 8178/8178 8181/8181
f 8179/8179 8178/8178 8180/8180
f 8184/8184 8183/8183 8179/8179
f 8183/8183 8182/8182 8179/8179
f 8177/8177 8178/8178 8179/8179
f 8177/8177 8179/8179 8182/8182
f 8193/8193 8197/8197 8195/8195
f 8190/8190 8193/8193 8195/8195
f 8191/8191 8193/8193 8190/8190
f 8194/8194 8193/8193 8191/8191
f 8196/8196 8194/8194 8191/8191
f 8190/8190 8189/8189 8191/8191
f 8199/8199 8196/8196 8192/8192
f 8196/8196 8199/8199 8200/8200
f 8192/8192 8191/8191 8189/8189
f 8192/8192 8196/8196 8191/8191
f 8198/8198 8189/8189 8190/8190
f 8187/8187 8189/8189 8198/8198
f 8186/8186 8199/8199 8192/8192
f 8186/8186 8189/8189 8187/8187
f 8185/8185 8187/8187 8188/8188
f 8185/8185 8186/8186 8187/8187
f 8219/8219 8216/8216 8218/8218
f 8216/8216 8217/8217 8218/8218
f 8216/8216 8214/8214 8217/8217
f 8214/8214 8216/8216 8215/8215
f 8206/8206 8214/8214 8215/8215
f 8204/8204 8205/8205 8206/8206
f 8205/8205 8214/8214 8206/8206
f 8208/8208 8214/8214 8205/8205
f 8205/8205 8207/8207 8208/8208
f 8211/8211 8209/8209 8207/8207
f 8211/8211 8212/8212 8209/8209
f 8202/8202 8208/8208 8207/8207
f 8202/8202 8207/8207 8209/8209
f 8210/8210 8208/8208 8202/8202
f 8201/8201 8202/8202 8203/8203
f 8201/8201 8210/8210 8202/8202
f 8213/8213 8210/8210 8201/8201
f 8220/8220 8222/8222 8223/8223
f 8220/8220 8221/8221 8222/8222
f 8228/8228 8229/8229 8226/8226
f 8226/8226 8225/8225 8228/8228
f 8228/8228 8225/8225 8230/8230
f 8225/8225 8231/8231 8230/8230
f 8224/8224 8225/8225 8226/8226
f 8225/8225 8224/8224 8227/8227
f 8235/8235 8236/8236 8237/8237
f 8225/8225 8232/8232 8231/8231
f 8233/8233 8231/8231 8232/8232
f 8234/8234 8227/8227 8224/8224
f 8253/8253 8254/8254 8249/8249
f 8250/8250 8252/8252 8251/8251
f 8253/8253 8249/8249 8251/8251
f 8249/8249 8250/8250 8251/8251
f 8247/8247 8238/8238 8248/8248
f 8238/8238 8247/8247 8239/8239
f 8238/8238 8239/8239 8240/8240
f 8240/8240 8239/8239 8241/8241
f 8242/8242 8243/8243 8240/8240
f 8244/8244 8243/8243 8242/8242
f 8240/8240 8241/8241 8242/8242
f 8241/8241 8245/8245 8242/8242
f 8241/8241 8246/8246 8245/8245
f 8260/8260 8255/8255 8257/8257
f 8257/8257 8256/8256 8259/8259
f 8255/8255 8256/8256 8257/8257
f 8255/8255 8258/8258 8256/8256
f 8278/8278 8280/8280 8279/8279
f 8280/8280 8269/8269 8279/8279
f 8269/8269 8278/8278 8279/8279
f 8267/8267 8269/8269 8271/8271
f 8266/8266 8269/8269 8267/8267
f 8261/8261 8262/8262 8263/8263
f 8293/8293 8292/8292 8294/8294
f 8295/8295 8294/8294 8296/8296
f 8293/8293 8294/8294 8295/8295
f 8267/8267 8271/8271 8272/8272
f 8262/8262 8261/8261 8264/8264
f 8291/8291 8292/8292 8289/8289
f 8289/8289 8292/8292 8293/8293
f 8269/8269 8277/8277 8278/8278
f 8277/8277 8269/8269 8273/8273
f 8270/8270 8273/8273 8269/8269
f 8274/8274 8273/8273 8270/8270
f 8275/8275 8274/8274 8270/8270
f 8281/8281 8275/8275 8270/8270
f 8276/8276 8274/8274 8275/8275
f 8266/8266 8270/8270 8269/8269
f 8265/8265 8268/8268 8266/8266
f 8268/8268 8270/8270 8266/8266
f 8281/8281 8270/8270 8268/8268
f 8284/8284 8285/8285 8286/8286
f 8282/8282 8275/8275 8281/8281
f 8283/8283 8282/8282 8281/8281
f 8289/8289 8290/8290 8291/8291
f 8265/8265 8266/8266 8267/8267
f 8289/8289 8286/8286 8290/8290
f 8286/8286 8289/8289 8288/8288
f 8284/8284 8286/8286 8287/8287
f 8288/8288 8287/8287 8286/8286
f 8297/8297 8298/8298 8299/8299
f 8300/8300 8298/8298 8297/8297
f 8298/8298 8300/8300 8306/8306
f 8309/8309 8298/8298 8306/8306
f 8307/8307 8308/8308 8306/8306
f 8301/8301 8306/8306 8300/8300
f 8306/8306 8301/8301 8307/8307
f 8301/8301 8300/8300 8302/8302
f 8303/8303 8301/8301 8302/8302
f 8304/8304 8302/8302 8305/8305
f 8304/8304 8303/8303 8302/8302
f 8321/8321 8323/8323 8322/8322
f 8320/8320 8321/8321 8322/8322
f 8319/8319 8321/8321 8320/8320
f 8312/8312 8319/8319 8320/8320
f 8311/8311 8319/8319 8312/8312
f 8310/8310 8311/8311 8312/8312
f 8315/8315 8310/8310 8312/8312
f 8313/8313 8310/8310 8315/8315
f 8310/8310 8313/8313 8311/8311
f 8314/8314 8311/8311 8313/8313
f 8317/8317 8315/8315 8318/8318
f 8316/8316 8313/8313 8315/8315
f 8316/8316 8315/8315 8317/8317
f 8327/8327 8325/8325 8324/8324
f 8324/8324 8325/8325 8326/8326
f 8328/8328 8326/8326 8325/8325
f 8332/8332 8333/8333 8334/8334
f 8329/8329 8330/8330 8331/8331
f 8341/8341 8342/8342 8343/8343
f 8343/8343 8344/8344 8341/8341
f 8336/8336 8335/8335 8340/8340
f 8335/8335 8336/8336 8337/8337
f 8338/8338 8335/8335 8337/8337
f 8337/8337 8339/8339 8338/8338
f 8346/8346 8350/8350 8349/8349
f 8347/8347 8346/8346 8349/8349
f 8345/8345 8346/8346 8347/8347
f 8347/8347 8348/8348 8345/8345
f 8351/8351 8352/8352 8353/8353
f 8354/8354 8355/8355 8356/8356
f 8357/8357 8358/8358 8359/8359
f 8372/8372 8370/8370 8371/8371
f 8371/8371 8370/8370 8369/8369
f 8362/8362 8369/8369 8370/8370
f 8361/8361 8369/8369 8362/8362
f 8369/8369 8361/8361 8373/8373
f 8360/8360 8361/8361 8362/8362
f 8363/8363 8361/8361 8360/8360
f 8367/8367 8360/8360 8368/8368
f 8360/8360 8367/8367 8364/8364
f 8363/8363 8360/8360 8364/8364
f 8365/8365 8363/8363 8364/8364
f 8365/8365 8364/8364 8366/8366
f 8374/8374 8375/8375 8376/8376
f 8377/8377 8375/8375 8374/8374
f 8379/8379 8378/8378 8381/8381
f 8378/8378 8379/8379 8380/8380
f 8382/8382 8386/8386 8383/8383
f 8382/8382 8383/8383 8384/8384
f 8385/8385 8382/8382 8384/8384
f 8387/8387 8388/8388 8389/8389
f 8396/8396 8395/8395 8399/8399
f 8395/8395 8396/8396 8391/8391
f 8395/8395 8391/8391 8390/8390
f 8390/8390 8391/8391 8392/8392
f 8392/8392 8393/8393 8394/8394
f 8397/8397 8392/8392 8394/8394
f 8393/8393 8392/8392 8391/8391
f 8397/8397 8394/8394 8398/8398
f 8403/8403 8402/8402 8404/8404
f 8406/8406 8407/8407 8408/8408
f 8400/8400 8402/8402 8403/8403
f 8400/8400 8401/8401 8402/8402
f 8405/8405 8401/8401 8400/8400
f 8416/8416 8414/8414 8413/8413
f 8409/8409 8410/8410 8411/8411
f 8412/8412 8409/8409 8411/8411
f 8414/8414 8416/8416 8418/8418
f 8417/8417 8415/8415 8414/8414
f 8413/8413 8414/8414 8415/8415
f 8419/8419 8415/8415 8417/8417
f 8424/8424 8422/8422 8425/8425
f 8422/8422 8424/8424 8420/8420
f 8421/8421 8423/8423 8422/8422
f 8420/8420 8421/8421 8422/8422
f 8439/8439 8440/8440 8438/8438
f 8439/8439 8438/8438 8435/8435
f 8436/8436 8435/8435 8438/8438
f 8434/8434 8436/8436 8437/8437
f 8434/8434 8435/8435 8436/8436
f 8428/8428 8434/8434 8437/8437
f 8426/8426 8427/8427 8428/8428
f 8434/8434 8431/8431 8441/8441
f 8431/8431 8434/8434 8428/8428
f 8431/8431 8428/8428 8430/8430
f 8430/8430 8428/8428 8427/8427
f 8429/8429 8427/8427 8426/8426
f 8432/8432 8427/8427 8429/8429
f 8432/8432 8433/8433 8427/8427
f 8434/8434 8442/8442 8435/8435
f 8443/8443 8442/8442 8434/8434
f 8453/8453 8454/8454 8451/8451
f 8448/8448 8447/8447 8450/8450
f 8458/8458 8457/8457 8459/8459
f 8456/8456 8457/8457 8458/8458
f 8453/8453 8456/8456 8455/8455
f 8456/8456 8453/8453 8457/8457
f 8451/8451 8452/8452 8453/8453
f 8455/8455 8454/8454 8453/8453
f 8444/8444 8445/8445 8446/8446
f 8448/8448 8449/8449 8446/8446
f 8446/8446 8445/8445 8447/8447
f 8448/8448 8446/8446 8447/8447
f 8465/8465 8463/8463 8462/8462
f 8466/8466 8463/8463 8465/8465
f 8460/8460 8462/8462 8463/8463
f 8460/8460 8461/8461 8462/8462
f 8461/8461 8464/8464 8462/8462
f 8461/8461 8467/8467 8464/8464
f 8468/8468 8467/8467 8461/8461
f 8469/8469 8468/8468 8461/8461
f 8477/8477 8476/8476 8480/8480
f 8474/8474 8476/8476 8477/8477
f 8476/8476 8474/8474 8471/8471
f 8471/8471 8474/8474 8472/8472
f 8470/8470 8471/8471 8472/8472
f 8475/8475 8471/8471 8473/8473
f 8470/8470 8473/8473 8471/8471
f 8478/8478 8473/8473 8470/8470
f 8478/8478 8479/8479 8473/8473
f 8484/8484 8481/8481 8483/8483
f 8481/8481 8482/8482 8483/8483
f 8486/8486 8488/8488 8487/8487
f 8485/8485 8486/8486 8487/8487
f 8489/8489 8490/8490 8491/8491
f 8490/8490 8489/8489 8492/8492
f 8493/8493 8494/8494 8495/8495
f 8498/8498 8499/8499 8500/8500
f 8494/8494 8493/8493 8497/8497
f 8496/8496 8495/8495 8494/8494
f 8502/8502 8505/8505 8504/8504
f 8502/8502 8504/8504 8503/8503
f 8501/8501 8502/8502 8503/8503
f 8506/8506 8501/8501 8503/8503
f 8507/8507 8501/8501 8506/8506
f 8510/8510 8509/8509 8511/8511
f 8508/8508 8509/8509 8510/8510
f 8526/8526 8525/8525 8527/8527
f 8525/8525 8526/8526 8524/8524
f 8523/8523 8525/8525 8524/8524
f 8513/8513 8523/8523 8524/8524
f 8512/8512 8513/8513 8514/8514
f 8527/8527 8528/8528 8526/8526
f 8529/8529 8530/8530 8531/8531
f 8512/8512 8523/8523 8513/8513
f 8519/8519 8520/8520 8521/8521
f 8515/8515 8512/8512 8514/8514
f 8514/8514 8516/8516 8515/8515
f 8517/8517 8515/8515 8516/8516
f 8518/8518 8515/8515 8517/8517
f 8518/8518 8522/8522 8520/8520
f 8519/8519 8518/8518 8520/8520
f 8518/8518 8519/8519 8515/8515
f 8547/8547 8551/8551 8548/8548
f 8548/8548 8546/8546 8547/8547
f 8552/8552 8548/8548 8551/8551
f 8552/8552 8553/8553 8548/8548
f 8548/8548 8553/8553 8546/8546
f 8547/8547 8546/8546 8544/8544
f 8544/8544 8546/8546 8543/8543
f 8534/8534 8544/8544 8543/8543
f 8535/8535 8534/8534 8543/8543
f 8545/8545 8544/8544 8534/8534
f 8554/8554 8555/8555 8556/8556
f 8533/8533 8532/8532 8537/8537
f 8532/8532 8533/8533 8534/8534
f 8535/8535 8532/8532 8534/8534
f 8532/8532 8535/8535 8536/8536
f 8539/8539 8550/8550 8538/8538
f 8539/8539 8540/8540 8541/8541
f 8532/8532 8539/8539 8538/8538
f 8532/8532 8540/8540 8539/8539
f 8538/8538 8537/8537 8532/8532
f 8541/8541 8550/8550 8539/8539
f 8542/8542 8541/8541 8540/8540
f 8542/8542 8549/8549 8541/8541
f 8559/8559 8558/8558 8560/8560
f 8557/8557 8558/8558 8559/8559
f 8561/8561 8559/8559 8562/8562
f 8559/8559 8561/8561 8557/8557
f 8563/8563 8565/8565 8567/8567
f 8564/8564 8563/8563 8566/8566
f 8563/8563 8564/8564 8565/8565
f 8569/8569 8570/8570 8571/8571
f 8572/8572 8569/8569 8571/8571
f 8574/8574 8575/8575 8576/8576
f 8566/8566 8568/8568 8564/8564
f 8573/8573 8570/8570 8569/8569
f 8583/8583 8578/8578 8584/8584
f 8578/8578 8583/8583 8579/8579
f 8577/8577 8578/8578 8579/8579
f 8577/8577 8579/8579 8582/8582
f 8581/8581 8582/8582 8579/8579
f 8581/8581 8577/8577 8582/8582
f 8581/8581 8580/8580 8577/8577
f 8580/8580 8578/8578 8577/8577
f 8595/8595 8594/8594 8596/8596
f 8592/8592 8594/8594 8595/8595
f 8590/8590 8591/8591 8592/8592
f 8594/8594 8592/8592 8593/8593
f 8591/8591 8593/8593 8592/8592
f 8587/8587 8589/8589 8585/8585
f 8597/8597 8589/8589 8587/8587
f 8591/8591 8589/8589 8597/8597
f 8589/8589 8591/8591 8590/8590
f 8585/8585 8586/8586 8587/8587
f 8588/8588 8586/8586 8585/8585
f 8600/8600 8599/8599 8601/8601
f 8598/8598 8599/8599 8600/8600
f 8599/8599 8598/8598 8602/8602
f 8605/8605 8604/8604 8607/8607
f 8603/8603 8604/8604 8605/8605
f 8603/8603 8606/8606 8604/8604
f 8608/8608 8604/8604 8606/8606
f 8609/8609 8612/8612 8610/8610
f 8613/8613 8614/8614 8615/8615
f 8609/8609 8610/8610 8611/8611
f 8616/8616 8617/8617 8618/8618
f 8619/8619 8621/8621 8622/8622
f 8619/8619 8620/8620 8621/8621
f 8628/8628 8626/8626 8624/8624
f 8624/8624 8626/8626 8625/8625
f 8623/8623 8624/8624 8625/8625
f 8629/8629 8630/8630 8631/8631
f 8632/8632 8631/8631 8630/8630
f 8624/8624 8623/8623 8627/8627
f 8633/8633 8634/8634 8635/8635
f 8635/8635 8636/8636 8633/8633
f 8639/8639 8638/8638 8637/8637
f 8634/8634 8640/8640 8635/8635
f 8633/8633 8637/8637 8634/8634
f 8634/8634 8637/8637 8638/8638
f 8641/8641 8642/8642 8643/8643
f 8651/8651 8648/8648 8652/8652
f 8651/8651 8644/8644 8648/8648
f 8644/8644 8646/8646 8648/8648
f 8644/8644 8645/8645 8646/8646
f 8647/8647 8646/8646 8645/8645
f 8646/8646 8647/8647 8649/8649
f 8649/8649 8650/8650 8646/8646
f 8654/8654 8660/8660 8655/8655
f 8653/8653 8654/8654 8655/8655
f 8653/8653 8659/8659 8654/8654
f 8653/8653 8655/8655 8656/8656
f 8657/8657 8653/8653 8656/8656
f 8658/8658 8657/8657 8656/8656
f 8655/8655 8660/8660 8661/8661
f 8662/8662 8663/8663 8664/8664
f 8662/8662 8664/8664 8667/8667
f 8665/8665 8664/8664 8663/8663
f 8664/8664 8665/8665 8666/8666
f 8670/8670 8671/8671 8668/8668
f 8668/8668 8669/8669 8670/8670
f 8672/8672 8673/8673 8674/8674
f 8680/8680 8681/8681 8675/8675
f 8682/8682 8683/8683 8684/8684
f 8675/8675 8676/8676 8677/8677
f 8678/8678 8675/8675 8677/8677
f 8678/8678 8679/8679 8675/8675
f 8679/8679 8680/8680 8675/8675
f 8689/8689 8688/8688 8691/8691
f 8688/8688 8689/8689 8690/8690
f 8685/8685 8686/8686 8687/8687
f 8693/8693 8695/8695 8694/8694
f 8692/8692 8693/8693 8694/8694
f 8696/8696 8699/8699 8697/8697
f 8696/8696 8697/8697 8698/8698
f 8700/8700 8701/8701 8702/8702
f 8703/8703 8705/8705 8706/8706
f 8703/8703 8707/8707 8704/8704
f 8703/8703 8704/8704 8705/8705
f 8717/8717 8716/8716 8718/8718
f 8709/8709 8716/8716 8717/8717
f 8717/8717 8718/8718 8719/8719
f 8709/8709 8715/8715 8716/8716
f 8708/8708 8709/8709 8710/8710
f 8709/8709 8708/8708 8715/8715
f 8708/8708 8710/8710 8711/8711
f 8712/8712 8711/8711 8710/8710
f 8713/8713 8712/8712 8714/8714
f 8712/8712 8713/8713 8711/8711
f 8720/8720 8721/8721 8722/8722
f 8722/8722 8724/8724 8720/8720
f 8721/8721 8720/8720 8723/8723
f 8725/8725 8729/8729 8728/8728
f 8726/8726 8725/8725 8728/8728
f 8725/8725 8727/8727 8730/8730
f 8725/8725 8726/8726 8727/8727
f 8730/8730 8727/8727 8731/8731
f 8741/8741 8742/8742 8740/8740
f 8740/8740 8739/8739 8741/8741
f 8740/8740 8732/8732 8739/8739
f 8739/8739 8732/8732 8734/8734
f 8732/8732 8740/8740 8742/8742
f 8743/8743 8732/8732 8742/8742
f 8735/8735 8736/8736 8738/8738
f 8736/8736 8735/8735 8733/8733
f 8734/8734 8733/8733 8735/8735
f 8732/8732 8733/8733 8734/8734
f 8736/8736 8733/8733 8737/8737
f 8749/8749 8744/8744 8750/8750
f 8749/8749 8745/8745 8744/8744
f 8744/8744 8745/8745 8746/8746
f 8744/8744 8746/8746 8747/8747
f 8744/8744 8747/8747 8748/8748
f 8751/8751 8752/8752 8753/8753
f 8755/8755 8759/8759 8756/8756
f 8759/8759 8755/8755 8760/8760
f 8754/8754 8757/8757 8755/8755
f 8757/8757 8754/8754 8758/8758
f 8754/8754 8755/8755 8756/8756
f 8761/8761 8756/8756 8759/8759
f 8761/8761 8762/8762 8756/8756
f 8763/8763 8764/8764 8765/8765
f 8763/8763 8768/8768 8764/8764
f 8763/8763 8766/8766 8767/8767
f 8763/8763 8765/8765 8766/8766
f 8773/8773 8768/8768 8763/8763
f 8773/8773 8763/8763 8769/8769
f 8769/8769 8767/8767 8770/8770
f 8769/8769 8763/8763 8767/8767
f 8770/8770 8771/8771 8769/8769
f 8772/8772 8771/8771 8770/8770
f 8771/8771 8773/8773 8769/8769
f 8780/8780 8779/8779 8775/8775
f 8781/8781 8779/8779 8780/8780
f 8774/8774 8775/8775 8776/8776
f 8779/8779 8776/8776 8775/8775
f 8778/8778 8782/8782 8774/8774
f 8774/8774 8776/8776 8777/8777
f 8778/8778 8774/8774 8777/8777
f 8785/8785 8787/8787 8783/8783
f 8792/8792 8793/8793 8790/8790
f 8783/8783 8784/8784 8785/8785
f 8786/8786 8784/8784 8783/8783
f 8786/8786 8788/8788 8784/8784
f 8791/8791 8790/8790 8793/8793
f 8789/8789 8790/8790 8791/8791
f 8789/8789 8792/8792 8790/8790
f 8797/8797 8795/8795 8794/8794
f 8794/8794 8795/8795 8796/8796
f 8796/8796 8798/8798 8794/8794
f 8801/8801 8800/8800 8802/8802
f 8799/8799 8800/8800 8801/8801
f 8804/8804 8799/8799 8801/8801
f 8799/8799 8803/8803 8800/8800
f 8819/8819 8805/8805 8818/8818
f 8812/8812 8818/8818 8805/8805
f 8805/8805 8810/8810 8811/8811
f 8815/8815 8814/8814 8813/8813
f 8814/8814 8815/8815 8816/8816
f 8817/8817 8816/8816 8815/8815
f 8808/8808 8813/8813 8814/8814
f 8813/8813 8808/8808 8806/8806
f 8808/8808 8807/8807 8806/8806
f 8807/8807 8808/8808 8809/8809
f 8807/8807 8809/8809 8810/8810
f 8805/8805 8806/8806 8807/8807
f 8805/8805 8807/8807 8810/8810
f 8805/8805 8811/8811 8812/8812
f 8811/8811 8810/8810 8809/8809
f 8821/8821 8829/8829 8822/8822
f 8822/8822 8829/8829 8828/8828
f 8825/8825 8823/8823 8826/8826
f 8821/8821 8823/8823 8824/8824
f 8824/8824 8823/8823 8825/8825
f 8820/8820 8821/8821 8822/8822
f 8823/8823 8821/8821 8820/8820
f 8830/8830 8827/8827 8828/8828
f 8827/8827 8830/8830 8831/8831
f 8822/8822 8827/8827 8820/8820
f 8827/8827 8822/8822 8828/8828
f 8836/8836 8834/8834 8835/8835
f 8835/8835 8834/8834 8833/8833
f 8833/8833 8832/8832 8837/8837
f 8832/8832 8833/8833 8834/8834
f 8832/8832 8838/8838 8837/8837
f 8838/8838 8832/8832 8839/8839
f 8840/8840 8839/8839 8842/8842
f 8840/8840 8838/8838 8839/8839
f 8838/8838 8840/8840 8841/8841
f 8843/8843 8847/8847 8844/8844
f 8843/8843 8844/8844 8845/8845
f 8846/8846 8845/8845 8848/8848
f 8843/8843 8845/8845 8846/8846
f 8853/8853 8850/8850 8854/8854
f 8852/8852 8850/8850 8853/8853
f 8849/8849 8850/8850 8851/8851
f 8851/8851 8850/8850 8852/8852
f 8855/8855 8856/8856 8857/8857
f 8858/8858 8860/8860 8862/8862
f 8858/8858 8859/8859 8860/8860
f 8858/8858 8861/8861 8859/8859
f 8858/8858 8862/8862 8863/8863
f 8858/8858 8863/8863 8864/8864
f 8864/8864 8865/8865 8858/8858
f 8866/8866 8867/8867 8868/8868
f 8871/8871 8870/8870 8872/8872
f 8869/8869 8870/8870 8871/8871
f 8873/8873 8875/8875 8879/8879
f 8873/8873 8874/8874 8875/8875
f 8874/8874 8877/8877 8878/8878
f 8876/8876 8877/8877 8874/8874
f 8873/8873 8876/8876 8874/8874
f 8880/8880 8881/8881 8882/8882
f 8883/8883 8882/8882 8881/8881
f 8888/8888 8889/8889 8890/8890
f 8888/8888 8891/8891 8889/8889
f 8887/8887 8884/8884 8886/8886
f 8884/8884 8885/8885 8886/8886
f 8896/8896 8895/8895 8892/8892
f 8895/8895 8893/8893 8892/8892
f 8892/8892 8893/8893 8894/8894
f 8893/8893 8897/8897 8894/8894
f 8893/8893 8898/8898 8897/8897
f 8900/8900 8902/8902 8901/8901
f 8909/8909 8910/8910 8911/8911
f 8899/8899 8900/8900 8901/8901
f 8903/8903 8904/8904 8905/8905
f 8905/8905 8906/8906 8903/8903
f 8906/8906 8907/8907 8903/8903
f 8906/8906 8908/8908 8907/8907
f 8912/8912 8915/8915 8913/8913
f 8912/8912 8913/8913 8914/8914
f 8919/8919 8920/8920 8918/8918
f 8916/8916 8917/8917 8918/8918
f 8917/8917 8919/8919 8918/8918
f 8921/8921 8922/8922 8923/8923
f 8924/8924 8928/8928 8925/8925
f 8924/8924 8925/8925 8926/8926
f 8927/8927 8924/8924 8926/8926
f 8924/8924 8927/8927 8929/8929
f 8939/8939 8931/8931 8935/8935
f 8934/8934 8935/8935 8931/8931
f 8931/8931 8933/8933 8934/8934
f 8933/8933 8936/8936 8934/8934
f 8938/8938 8936/8936 8933/8933
f 8951/8951 8950/8950 8952/8952
f 8949/8949 8950/8950 8951/8951
f 8949/8949 8951/8951 8953/8953
f 8943/8943 8940/8940 8932/8932
f 8942/8942 8941/8941 8940/8940
f 8941/8941 8937/8937 8940/8940
f 8937/8937 8932/8932 8940/8940
f 8945/8945 8941/8941 8944/8944
f 8946/8946 8941/8941 8945/8945
f 8945/8945 8947/8947 8946/8946
f 8942/8942 8944/8944 8941/8941
f 8948/8948 8941/8941 8946/8946
f 8930/8930 8933/8933 8931/8931
f 8939/8939 8932/8932 8931/8931
f 8930/8930 8931/8931 8932/8932
f 8930/8930 8932/8932 8937/8937
f 8956/8956 8959/8959 8958/8958
f 8954/8954 8957/8957 8955/8955
f 8955/8955 8957/8957 8960/8960
f 8954/8954 8955/8955 8956/8956
f 8954/8954 8956/8956 8958/8958
f 8961/8961 8963/8963 8964/8964
f 8963/8963 8962/8962 8965/8965
f 8961/8961 8962/8962 8963/8963
f 8966/8966 8961/8961 8964/8964
f 8973/8973 8971/8971 8974/8974
f 8972/8972 8973/8973 8975/8975
f 8971/8971 8973/8973 8972/8972
f 8972/8972 8968/8968 8971/8971
f 8967/8967 8971/8971 8968/8968
f 8971/8971 8967/8967 8978/8978
f 8971/8971 8978/8978 8979/8979
f 8970/8970 8969/8969 8968/8968
f 8969/8969 8970/8970 8976/8976
f 8967/8967 8968/8968 8969/8969
f 8977/8977 8976/8976 8970/8970
f 8992/8992 8970/8970 8993/8993
f 8986/8986 8992/8992 8993/8993
f 8992/8992 8977/8977 8970/8970
f 8986/8986 8987/8987 8992/8992
f 8977/8977 8969/8969 8976/8976
f 8980/8980 8987/8987 8986/8986
f 8980/8980 8986/8986 8984/8984
f 8980/8980 8981/8981 8982/8982
f 8980/8980 8984/8984 8981/8981
f 8984/8984 8985/8985 8981/8981
f 8982/8982 8988/8988 8980/8980
f 8983/8983 8982/8982 8981/8981
f 8996/8996 8997/8997 8995/8995
f 8981/8981 8989/8989 8983/8983
f 8985/8985 8989/8989 8981/8981
f 8994/8994 8989/8989 8991/8991
f 8995/8995 8991/8991 8996/8996
f 8991/8991 8995/8995 8994/8994
f 8989/8989 8985/8985 8990/8990
f 8990/8990 8991/8991 8989/8989
f 8998/8998 8999/8999 9000/9000
f 9001/9001 8998/8998 9000/9000
f 9006/9006 9010/9010 9007/9007
f 9007/9007 9010/9010 9011/9011
f 9004/9004 9006/9006 9007/9007
f 9003/9003 9006/9006 9004/9004
f 9008/9008 9003/9003 9005/9005
f 9012/9012 9004/9004 9007/9007
f 9002/9002 9003/9003 9004/9004
f 9005/9005 9003/9003 9002/9002
f 9008/9008 9005/9005 9009/9009
f 9013/9013 9014/9014 9015/9015
f 9015/9015 9014/9014 9016/9016
f 9033/9033 9032/9032 9031/9031
f 9030/9030 9031/9031 9032/9032
f 9030/9030 9021/9021 9031/9031
f 9021/9021 9030/9030 9028/9028
f 9019/9019 9025/9025 9021/9021
f 9017/9017 9021/9021 9028/9028
f 9021/9021 9017/9017 9019/9019
f 9017/9017 9028/9028 9029/9029
f 9017/9017 9018/9018 9019/9019
f 9020/9020 9022/9022 9018/9018
f 9022/9022 9020/9020 9023/9023
f 9034/9034 9035/9035 9036/9036
f 9026/9026 9025/9025 9019/9019
f 9020/9020 9018/9018 9017/9017
f 9034/9034 9036/9036 9037/9037
f 9022/9022 9023/9023 9024/9024
f 9027/9027 9022/9022 9024/9024
f 9043/9043 9044/9044 9039/9039
f 9038/9038 9043/9043 9039/9039
f 9038/9038 9039/9039 9040/9040
f 9046/9046 9047/9047 9048/9048
f 9041/9041 9038/9038 9040/9040
f 9041/9041 9040/9040 9042/9042
f 9041/9041 9042/9042 9045/9045
f 9056/9056 9058/9058 9057/9057
f 9055/9055 9056/9056 9057/9057
f 9056/9056 9055/9055 9049/9049
f 9052/9052 9049/9049 9055/9055
f 9050/9050 9049/9049 9052/9052
f 9049/9049 9050/9050 9051/9051
f 9050/9050 9054/9054 9051/9051
f 9053/9053 9050/9050 9052/9052
f 9051/9051 9054/9054 9059/9059
f 9054/9054 9060/9060 9059/9059
f 9061/9061 9062/9062 9063/9063
f 9064/9064 9065/9065 9066/9066
f 9078/9078 9077/9077 9075/9075
f 9072/9072 9075/9075 9077/9077
f 9075/9075 9072/9072 9071/9071
f 9079/9079 9068/9068 9067/9067
f 9067/9067 9068/9068 9069/9069
f 9070/9070 9069/9069 9068/9068
f 9072/9072 9067/9067 9071/9071
f 9069/9069 9071/9071 9067/9067
f 9070/9070 9068/9068 9073/9073
f 9070/9070 9073/9073 9074/9074
f 9074/9074 9076/9076 9070/9070
f 9080/9080 9081/9081 9082/9082
f 9083/9083 9084/9084 9085/9085
f 9088/9088 9093/9093 9089/9089
f 9089/9089 9086/9086 9088/9088
f 9091/9091 9087/9087 9086/9086
f 9086/9086 9087/9087 9088/9088
f 9087/9087 9091/9091 9092/9092
f 9090/9090 9088/9088 9087/9087
f 9094/9094 9095/9095 9096/9096
f 9097/9097 9098/9098 9099/9099
f 9103/9103 9102/9102 9104/9104
f 9103/9103 9100/9100 9102/9102
f 9102/9102 9105/9105 9104/9104
f 9109/9109 9107/9107 9106/9106
f 9106/9106 9107/9107 9108/9108
f 9100/9100 9101/9101 9102/9102
f 9111/9111 9115/9115 9114/9114
f 9111/9111 9114/9114 9113/9113
f 9116/9116 9112/9112 9117/9117
f 9118/9118 9116/9116 9117/9117
f 9111/9111 9113/9113 9112/9112
f 9110/9110 9111/9111 9112/9112
f 9116/9116 9110/9110 9112/9112
f 9122/9122 9120/9120 9119/9119
f 9119/9119 9120/9120 9121/9121
f 9119/9119 9121/9121 9122/9122
f 9121/9121 9123/9123 9122/9122
f 9123/9123 9121/9121 9128/9128
f 9128/9128 9121/9121 9129/9129
f 9124/9124 9125/9125 9122/9122
f 9124/9124 9126/9126 9125/9125
f 9127/9127 9126/9126 9124/9124
f 9123/9123 9124/9124 9122/9122
f 9132/9132 9134/9134 9137/9137
f 9131/9131 9134/9134 9132/9132
f 9130/9130 9131/9131 9132/9132
f 9132/9132 9133/9133 9130/9130
f 9130/9130 9133/9133 9135/9135
f 9136/9136 9135/9135 9133/9133
f 9138/9138 9139/9139 9140/9140
f 9141/9141 9140/9140 9139/9139
f 9142/9142 9143/9143 9144/9144
f 9145/9145 9143/9143 9142/9142
f 9146/9146 9147/9147 9148/9148
f 9149/9149 9150/9150 9151/9151
f 9152/9152 9153/9153 9154/9154
f 9155/9155 9156/9156 9157/9157
f 9161/9161 9162/9162 9163/9163
f 9158/9158 9159/9159 9160/9160
f 9168/9168 9164/9164 9166/9166
f 9164/9164 9165/9165 9166/9166
f 9167/9167 9166/9166 9165/9165
f 9170/9170 9172/9172 9171/9171
f 9169/9169 9170/9170 9171/9171
f 9173/9173 9174/9174 9175/9175
f 9187/9187 9186/9186 9188/9188
f 9191/9191 9192/9192 9188/9188
f 9188/9188 9186/9186 9191/9191
f 9194/9194 9190/9190 9184/9184
f 9181/9181 9184/9184 9180/9180
f 9185/9185 9186/9186 9187/9187
f 9187/9187 9189/9189 9185/9185
f 9189/9189 9187/9187 9190/9190
f 9194/9194 9189/9189 9190/9190
f 9193/9193 9184/9184 9190/9190
f 9184/9184 9193/9193 9180/9180
f 9176/9176 9179/9179 9180/9180
f 9176/9176 9178/9178 9179/9179
f 9182/9182 9183/9183 9181/9181
f 9179/9179 9182/9182 9181/9181
f 9179/9179 9181/9181 9180/9180
f 9176/9176 9177/9177 9178/9178
f 9199/9199 9200/9200 9195/9195
f 9195/9195 9196/9196 9197/9197
f 9195/9195 9197/9197 9198/9198
f 9198/9198 9199/9199 9195/9195
f 9201/9201 9202/9202 9203/9203
f 9204/9204 9205/9205 9206/9206
f 9207/9207 9208/9208 9209/9209
f 9207/9207 9210/9210 9208/9208
f 9217/9217 9216/9216 9215/9215
f 9218/9218 9216/9216 9217/9217
f 9212/9212 9216/9216 9218/9218
f 9212/9212 9211/9211 9216/9216
f 9211/9211 9212/9212 9213/9213
f 9215/9215 9214/9214 9217/9217
f 9213/9213 9215/9215 9216/9216
f 9225/9225 9226/9226 9227/9227
f 9215/9215 9211/9211 9214/9214
f 9213/9213 9214/9214 9211/9211
f 9220/9220 9218/9218 9222/9222
f 9212/9212 9218/9218 9220/9220
f 9219/9219 9213/9213 9212/9212
f 9219/9219 9212/9212 9220/9220
f 9221/9221 9220/9220 9222/9222
f 9219/9219 9220/9220 9221/9221
f 9221/9221 9222/9222 9223/9223
f 9224/9224 9221/9221 9223/9223
f 9228/9228 9229/9229 9230/9230
f 9233/9233 9232/9232 9234/9234
f 9231/9231 9232/9232 9233/9233
f 9241/9241 9240/9240 9242/9242
f 9240/9240 9241/9241 9237/9237
f 9236/9236 9240/9240 9237/9237
f 9237/9237 9243/9243 9235/9235
f 9235/9235 9236/9236 9237/9237
f 9235/9235 9238/9238 9236/9236
f 9236/9236 9238/9238 9239/9239
f 9238/9238 9235/9235 9244/9244
f 9246/9246 9248/9248 9247/9247
f 9245/9245 9246/9246 9247/9247
f 9245/9245 9247/9247 9249/9249
f 9253/9253 9250/9250 9252/9252
f 9250/9250 9251/9251 9252/9252
f 9254/9254 9252/9252 9251/9251
f 9275/9275 9276/9276 9269/9269
f 9269/9269 9270/9270 9262/9262
f 9258/9258 9262/9262 9263/9263
f 9255/9255 9262/9262 9258/9258
f 9256/9256 9255/9255 9258/9258
f 9259/9259 9258/9258 9264/9264
f 9256/9256 9258/9258 9259/9259
f 9266/9266 9259/9259 9264/9264
f 9257/9257 9256/9256 9261/9261
f 9266/9266 9264/9264 9271/9271
f 9268/9268 9275/9275 9269/9269
f 9269/9269 9262/9262 9268/9268
f 9268/9268 9262/9262 9255/9255
f 9260/9260 9257/9257 9265/9265
f 9265/9265 9272/9272 9260/9260
f 9273/9273 9272/9272 9265/9265
f 9257/9257 9260/9260 9255/9255
f 9255/9255 9256/9256 9257/9257
f 9267/9267 9265/9265 9257/9257
f 9274/9274 9273/9273 9265/9265
f 9293/9293 9292/9292 9290/9290
f 9279/9279 9278/9278 9280/9280
f 9294/9294 9295/9295 9296/9296
f 9277/9277 9278/9278 9279/9279
f 9289/9289 9290/9290 9292/9292
f 9277/9277 9282/9282 9278/9278
f 9277/9277 9283/9283 9282/9282
f 9284/9284 9283/9283 9277/9277
f 9289/9289 9292/9292 9287/9287
f 9286/9286 9290/9290 9289/9289
f 9294/9294 9297/9297 9295/9295
f 9288/9288 9287/9287 9291/9291
f 9277/9277 9279/9279 9281/9281
f 9285/9285 9287/9287 9288/9288
f 9289/9289 9287/9287 9286/9286
f 9285/9285 9286/9286 9287/9287
f 9303/9303 9301/9301 9302/9302
f 9301/9301 9299/9299 9302/9302
f 9306/9306 9307/9307 9304/9304
f 9305/9305 9306/9306 9304/9304
f 9301/9301 9300/9300 9299/9299
f 9298/9298 9299/9299 9300/9300
f 9300/9300 9304/9304 9298/9298
f 9300/9300 9305/9305 9304/9304
f 9308/9308 9309/9309 9310/9310
f 9317/9317 9318/9318 9319/9319
f 9318/9318 9317/9317 9320/9320
f 9315/9315 9316/9316 9314/9314
f 9314/9314 9311/9311 9315/9315
f 9312/9312 9311/9311 9314/9314
f 9311/9311 9312/9312 9313/9313
f 9322/9322 9324/9324 9323/9323
f 9321/9321 9322/9322 9323/9323
f 9325/9325 9326/9326 9327/9327
f 9325/9325 9328/9328 9326/9326
f 9329/9329 9330/9330 9331/9331
f 9337/9337 9338/9338 9339/9339
f 9338/9338 9341/9341 9339/9339
f 9332/9332 9333/9333 9334/9334
f 9334/9334 9335/9335 9332/9332
f 9342/9342 9339/9339 9341/9341
f 9332/9332 9335/9335 9336/9336
f 9337/9337 9340/9340 9338/9338
f 9343/9343 9344/9344 9345/9345
f 9346/9346 9347/9347 9348/9348
f 9352/9352 9353/9353 9354/9354
f 9353/9353 9352/9352 9355/9355
f 9354/9354 9349/9349 9352/9352
f 9349/9349 9350/9350 9351/9351
f 9351/9351 9352/9352 9349/9349
f 9362/9362 9356/9356 9359/9359
f 9358/9358 9359/9359 9356/9356
f 9365/9365 9366/9366 9367/9367
f 9368/9368 9367/9367 9369/9369
f 9362/9362 9366/9366 9365/9365
f 9362/9362 9359/9359 9366/9366
f 9362/9362 9357/9357 9356/9356
f 9356/9356 9357/9357 9358/9358
f 9361/9361 9358/9358 9360/9360
f 9357/9357 9360/9360 9358/9358
f 9361/9361 9360/9360 9363/9363
f 9365/9365 9367/9367 9368/9368
f 9364/9364 9362/9362 9365/9365
f 9370/9370 9362/9362 9364/9364
f 9362/9362 9370/9370 9371/9371
f 9372/9372 9370/9370 9364/9364
f 9374/9374 9372/9372 9373/9373
f 9372/9372 9364/9364 9373/9373
f 9379/9379 9378/9378 9376/9376
f 9381/9381 9378/9378 9379/9379
f 9375/9375 9382/9382 9380/9380
f 9376/9376 9375/9375 9380/9380
f 9375/9375 9376/9376 9377/9377
f 9389/9389 9391/9391 9382/9382
f 9389/9389 9382/9382 9388/9388
f 9389/9389 9388/9388 9386/9386
f 9378/9378 9377/9377 9376/9376
f 9386/9386 9388/9388 9378/9378
f 9386/9386 9378/9378 9381/9381
f 9383/9383 9379/9379 9385/9385
f 9381/9381 9379/9379 9383/9383
f 9384/9384 9381/9381 9383/9383
f 9383/9383 9385/9385 9384/9384
f 9386/9386 9381/9381 9387/9387
f 9387/9387 9390/9390 9386/9386
f 9392/9392 9393/9393 9394/9394
f 9395/9395 9396/9396 9397/9397
f 9395/9395 9397/9397 9398/9398
f 9399/9399 9397/9397 9396/9396
f 9400/9400 9401/9401 9402/9402
f 9404/9404 9400/9400 9402/9402
f 9401/9401 9400/9400 9403/9403
f 9434/9434 9435/9435 9433/9433
f 9433/9433 9431/9431 9434/9434
f 9408/9408 9409/9409 9407/9407
f 9409/9409 9408/9408 9410/9410
f 9413/9413 9407/9407 9414/9414
f 9405/9405 9407/9407 9413/9413
f 9405/9405 9406/9406 9407/9407
f 9408/9408 9406/9406 9412/9412
f 9406/9406 9408/9408 9407/9407
f 9413/9413 9415/9415 9405/9405
f 9427/9427 9426/9426 9422/9422
f 9425/9425 9422/9422 9426/9426
f 9416/9416 9405/9405 9415/9415
f 9422/9422 9423/9423 9424/9424
f 9425/9425 9423/9423 9422/9422
f 9407/9407 9418/9418 9414/9414
f 9407/9407 9409/9409 9411/9411
f 9416/9416 9415/9415 9417/9417
f 9428/9428 9427/9427 9422/9422
f 9431/9431 9433/9433 9430/9430
f 9419/9419 9420/9420 9421/9421
f 9431/9431 9429/9429 9432/9432
f 9429/9429 9431/9431 9430/9430
f 9429/9429 9427/9427 9428/9428
f 9427/9427 9429/9429 9430/9430
f 9443/9443 9444/9444 9445/9445
f 9438/9438 9437/9437 9440/9440
f 9436/9436 9437/9437 9438/9438
f 9437/9437 9436/9436 9442/9442
f 9440/9440 9441/9441 9438/9438
f 9436/9436 9438/9438 9439/9439
f 9455/9455 9457/9457 9456/9456
f 9454/9454 9455/9455 9456/9456
f 9454/9454 9448/9448 9455/9455
f 9448/9448 9454/9454 9446/9446
f 9447/9447 9449/9449 9448/9448
f 9446/9446 9447/9447 9448/9448
f 9451/9451 9450/9450 9458/9458
f 9449/9449 9447/9447 9450/9450
f 9450/9450 9451/9451 9449/9449
f 9452/9452 9449/9449 9451/9451
f 9453/9453 9452/9452 9451/9451
f 9463/9463 9460/9460 9462/9462
f 9459/9459 9460/9460 9461/9461
f 9460/9460 9464/9464 9461/9461
f 9462/9462 9460/9460 9459/9459
f 9465/9465 9466/9466 9467/9467
f 9470/9470 9472/9472 9468/9468
f 9468/9468 9469/9469 9470/9470
f 9469/9469 9468/9468 9471/9471
f 9478/9478 9484/9484 9485/9485
f 9484/9484 9478/9478 9477/9477
f 9475/9475 9477/9477 9478/9478
f 9477/9477 9475/9475 9476/9476
f 9479/9479 9473/9473 9482/9482
f 9476/9476 9475/9475 9474/9474
f 9473/9473 9474/9474 9475/9475
f 9479/9479 9474/9474 9473/9473
f 9474/9474 9479/9479 9480/9480
f 9480/9480 9479/9479 9483/9483
f 9483/9483 9479/9479 9482/9482
f 9486/9486 9484/9484 9477/9477
f 9480/9480 9481/9481 9474/9474
f 9487/9487 9490/9490 9488/9488
f 9491/9491 9492/9492 9493/9493
f 9487/9487 9488/9488 9489/9489
f 9497/9497 9496/9496 9495/9495
f 9494/9494 9495/9495 9496/9496
f 9494/9494 9496/9496 9498/9498
f 9502/9502 9504/9504 9505/9505
f 9499/9499 9500/9500 9501/9501
f 9506/9506 9504/9504 9503/9503
f 9502/9502 9503/9503 9504/9504
f 9511/9511 9512/9512 9508/9508
f 9507/9507 9511/9511 9508/9508
f 9507/9507 9508/9508 9509/9509
f 9507/9507 9509/9509 9510/9510
f 9519/9519 9522/9522 9520/9520
f 9514/9514 9520/9520 9521/9521
f 9520/9520 9514/9514 9519/9519
f 9515/9515 9514/9514 9518/9518
f 9514/9514 9517/9517 9519/9519
f 9513/9513 9517/9517 9514/9514
f 9525/9525 9526/9526 9527/9527
f 9513/9513 9514/9514 9515/9515
f 9513/9513 9515/9515 9516/9516
f 9513/9513 9516/9516 9523/9523
f 9516/9516 9524/9524 9523/9523
f 9531/9531 9532/9532 9533/9533
f 9528/9528 9529/9529 9530/9530
f 9534/9534 9535/9535 9536/9536
f 9537/9537 9538/9538 9539/9539
f 9540/9540 9541/9541 9542/9542
f 9548/9548 9549/9549 9550/9550
f 9546/9546 9543/9543 9545/9545
f 9543/9543 9547/9547 9544/9544
f 9543/9543 9544/9544 9545/9545
f 9552/9552 9556/9556 9554/9554
f 9551/9551 9552/9552 9553/9553
f 9554/9554 9553/9553 9552/9552
f 9557/9557 9551/9551 9555/9555
f 9555/9555 9551/9551 9553/9553
f 9555/9555 9558/9558 9557/9557
f 9567/9567 9562/9562 9569/9569
f 9567/9567 9559/9559 9562/9562
f 9562/9562 9559/9559 9561/9561
f 9563/9563 9561/9561 9560/9560
f 9564/9564 9559/9559 9567/9567
f 9559/9559 9560/9560 9561/9561
f 9564/9564 9560/9560 9559/9559
f 9564/9564 9567/9567 9568/9568
f 9565/9565 9564/9564 9566/9566
f 9565/9565 9563/9563 9564/9564
f 9560/9560 9564/9564 9563/9563
f 9570/9570 9573/9573 9571/9571
f 9576/9576 9571/9571 9573/9573
f 9570/9570 9571/9571 9572/9572
f 9574/9574 9575/9575 9570/9570
f 9572/9572 9574/9574 9570/9570
f 9577/9577 9576/9576 9573/9573
f 9578/9578 9579/9579 9580/9580
f 9581/9581 9582/9582 9583/9583
f 9584/9584 9582/9582 9581/9581
f 9589/9589 9590/9590 9591/9591
f 9588/9588 9585/9585 9587/9587
f 9585/9585 9586/9586 9587/9587
f 9598/9598 9596/9596 9595/9595
f 9595/9595 9596/9596 9597/9597
f 9602/9602 9601/9601 9603/9603
f 9600/9600 9601/9601 9602/9602
f 9599/9599 9596/9596 9598/9598
f 9592/9592 9593/9593 9594/9594
f 9604/9604 9605/9605 9606/9606
f 9604/9604 9606/9606 9607/9607
f 9607/9607 9606/9606 9608/9608
f 9611/9611 9609/9609 9613/9613
f 9610/9610 9607/9607 9609/9609
f 9609/9609 9611/9611 9610/9610
f 9614/9614 9612/9612 9608/9608
f 9608/9608 9609/9609 9607/9607
f 9608/9608 9612/9612 9609/9609
f 9609/9609 9612/9612 9613/9613
f 9615/9615 9616/9616 9617/9617
f 9618/9618 9619/9619 9620/9620
f 9621/9621 9622/9622 9623/9623
f 9624/9624 9625/9625 9626/9626
f 9625/9625 9624/9624 9628/9628
f 9626/9626 9625/9625 9627/9627
f 9629/9629 9630/9630 9631/9631
f 9633/9633 9630/9630 9629/9629
f 9631/9631 9632/9632 9629/9629
f 9635/9635 9636/9636 9637/9637
f 9635/9635 9638/9638 9636/9636
f 9634/9634 9633/9633 9629/9629
f 9650/9650 9651/9651 9652/9652
f 9651/9651 9650/9650 9654/9654
f 9649/9649 9648/9648 9647/9647
f 9651/9651 9653/9653 9652/9652
f 9647/9647 9648/9648 9641/9641
f 9643/9643 9647/9647 9641/9641
f 9640/9640 9643/9643 9641/9641
f 9639/9639 9640/9640 9641/9641
f 9641/9641 9642/9642 9639/9639
f 9639/9639 9644/9644 9640/9640
f 9645/9645 9642/9642 9646/9646
f 9642/9642 9645/9645 9639/9639
f 9639/9639 9645/9645 9644/9644
f 9656/9656 9655/9655 9658/9658
f 9662/9662 9655/9655 9661/9661
f 9655/9655 9656/9656 9657/9657
f 9655/9655 9657/9657 9661/9661
f 9662/9662 9661/9661 9663/9663
f 9659/9659 9660/9660 9657/9657
f 9659/9659 9657/9657 9656/9656
f 9664/9664 9665/9665 9666/9666
f 9665/9665 9664/9664 9667/9667
f 9668/9668 9671/9671 9669/9669
f 9668/9668 9672/9672 9671/9671
f 9668/9668 9669/9669 9670/9670
f 9674/9674 9675/9675 9676/9676
f 9677/9677 9675/9675 9674/9674
f 9677/9677 9674/9674 9678/9678
f 9673/9673 9672/9672 9668/9668
f 9679/9679 9680/9680 9681/9681
f 9707/9707 9708/9708 9709/9709
f 9706/9706 9710/9710 9698/9698
f 9702/9702 9700/9700 9701/9701
f 9698/9698 9701/9701 9700/9700
f 9699/9699 9698/9698 9700/9700
f 9707/9707 9687/9687 9708/9708
f 9706/9706 9707/9707 9710/9710
f 9707/9707 9706/9706 9687/9687
f 9687/9687 9706/9706 9684/9684
f 9687/9687 9684/9684 9683/9683
f 9689/9689 9687/9687 9683/9683
f 9695/9695 9684/9684 9706/9706
f 9682/9682 9683/9683 9684/9684
f 9698/9698 9695/9695 9706/9706
f 9698/9698 9696/9696 9695/9695
f 9698/9698 9699/9699 9696/9696
f 9695/9695 9688/9688 9684/9684
f 9688/9688 9695/9695 9696/9696
f 9686/9686 9682/9682 9684/9684
f 9684/9684 9688/9688 9686/9686
f 9688/9688 9696/9696 9697/9697
f 9690/9690 9689/9689 9683/9683
f 9690/9690 9691/9691 9689/9689
f 9714/9714 9715/9715 9713/9713
f 9711/9711 9712/9712 9713/9713
f 9713/9713 9712/9712 9714/9714
f 9712/9712 9718/9718 9714/9714
f 9683/9683 9685/9685 9704/9704
f 9682/9682 9685/9685 9683/9683
f 9693/9693 9703/9703 9692/9692
f 9692/9692 9694/9694 9691/9691
f 9692/9692 9705/9705 9694/9694
f 9690/9690 9692/9692 9691/9691
f 9690/9690 9693/9693 9692/9692
f 9717/9717 9713/9713 9716/9716
f 9716/9716 9713/9713 9715/9715
f 9716/9716 9719/9719 9717/9717
f 9719/9719 9720/9720 9717/9717
f 9728/9728 9729/9729 9730/9730
f 9721/9721 9722/9722 9723/9723
f 9725/9725 9727/9727 9722/9722
f 9725/9725 9722/9722 9721/9721
f 9723/9723 9724/9724 9721/9721
f 9726/9726 9724/9724 9723/9723
f 9731/9731 9734/9734 9732/9732
f 9731/9731 9732/9732 9733/9733
f 9737/9737 9738/9738 9739/9739
f 9739/9739 9738/9738 9740/9740
f 9731/9731 9733/9733 9735/9735
f 9736/9736 9735/9735 9733/9733
f 9741/9741 9742/9742 9743/9743
f 9753/9753 9755/9755 9754/9754
f 9752/9752 9753/9753 9754/9754
f 9744/9744 9745/9745 9746/9746
f 9749/9749 9746/9746 9751/9751
f 9750/9750 9749/9749 9751/9751
f 9744/9744 9747/9747 9745/9745
f 9747/9747 9744/9744 9748/9748
f 9744/9744 9746/9746 9749/9749
f 9750/9750 9744/9744 9749/9749
f 9776/9776 9770/9770 9777/9777
f 9776/9776 9771/9771 9770/9770
f 9771/9771 9767/9767 9770/9770
f 9769/9769 9770/9770 9767/9767
f 9782/9782 9783/9783 9784/9784
f 9760/9760 9761/9761 9759/9759
f 9768/9768 9769/9769 9767/9767
f 9765/9765 9764/9764 9767/9767
f 9772/9772 9769/9769 9768/9768
f 9768/9768 9767/9767 9764/9764
f 9764/9764 9756/9756 9768/9768
f 9764/9764 9781/9781 9756/9756
f 9756/9756 9757/9757 9758/9758
f 9758/9758 9757/9757 9759/9759
f 9765/9765 9760/9760 9764/9764
f 9764/9764 9760/9760 9757/9757
f 9759/9759 9757/9757 9760/9760
f 9766/9766 9760/9760 9765/9765
f 9774/9774 9762/9762 9779/9779
f 9762/9762 9780/9780 9779/9779
f 9763/9763 9780/9780 9762/9762
f 9774/9774 9772/9772 9773/9773
f 9762/9762 9774/9774 9773/9773
f 9775/9775 9762/9762 9773/9773
f 9785/9785 9783/9783 9782/9782
f 9761/9761 9762/9762 9759/9759
f 9762/9762 9761/9761 9763/9763
f 9773/9773 9772/9772 9768/9768
f 9773/9773 9768/9768 9778/9778
f 9786/9786 9787/9787 9788/9788
f 9789/9789 9794/9794 9790/9790
f 9790/9790 9792/9792 9791/9791
f 9795/9795 9794/9794 9789/9789
f 9789/9789 9790/9790 9791/9791
f 9789/9789 9791/9791 9793/9793
f 9796/9796 9798/9798 9799/9799
f 9796/9796 9797/9797 9798/9798
f 9800/9800 9797/9797 9796/9796
f 9801/9801 9802/9802 9803/9803
f 9805/9805 9804/9804 9807/9807
f 9804/9804 9806/9806 9808/9808
f 9815/9815 9816/9816 9817/9817
f 9808/9808 9806/9806 9809/9809
f 9812/9812 9805/9805 9807/9807
f 9805/9805 9812/9812 9811/9811
f 9810/9810 9811/9811 9812/9812
f 9804/9804 9805/9805 9806/9806
f 9818/9818 9817/9817 9816/9816
f 9818/9818 9819/9819 9817/9817
f 9813/9813 9811/9811 9810/9810
f 9810/9810 9814/9814 9813/9813
f 9823/9823 9824/9824 9825/9825
f 9824/9824 9823/9823 9826/9826
f 9820/9820 9821/9821 9822/9822
f 9831/9831 9832/9832 9833/9833
f 9827/9827 9828/9828 9829/9829
f 9828/9828 9830/9830 9829/9829
f 9834/9834 9835/9835 9836/9836
f 9839/9839 9838/9838 9840/9840
f 9844/9844 9845/9845 9846/9846
f 9839/9839 9843/9843 9841/9841
f 9839/9839 9841/9841 9837/9837
f 9837/9837 9838/9838 9839/9839
f 9837/9837 9842/9842 9838/9838
f 9850/9850 9849/9849 9848/9848
f 9847/9847 9851/9851 9848/9848
f 9847/9847 9848/9848 9849/9849
f 9857/9857 9853/9853 9856/9856
f 9853/9853 9852/9852 9856/9856
f 9854/9854 9853/9853 9855/9855
f 9858/9858 9852/9852 9854/9854
f 9852/9852 9853/9853 9854/9854
f 9859/9859 9860/9860 9861/9861
f 9862/9862 9863/9863 9864/9864
f 9868/9868 9866/9866 9865/9865
f 9865/9865 9866/9866 9867/9867
f 9877/9877 9876/9876 9879/9879
f 9876/9876 9877/9877 9878/9878
f 9880/9880 9876/9876 9878/9878
f 9869/9869 9874/9874 9875/9875
f 9869/9869 9871/9871 9874/9874
f 9880/9880 9878/9878 9881/9881
f 9869/9869 9870/9870 9871/9871
f 9880/9880 9883/9883 9876/9876
f 9891/9891 9890/9890 9892/9892
f 9882/9882 9878/9878 9893/9893
f 9881/9881 9878/9878 9882/9882
f 9882/9882 9893/9893 9884/9884
f 9871/9871 9870/9870 9872/9872
f 9870/9870 9873/9873 9872/9872
f 9887/9887 9890/9890 9891/9891
f 9882/9882 9884/9884 9881/9881
f 9885/9885 9886/9886 9881/9881
f 9881/9881 9884/9884 9885/9885
f 9885/9885 9888/9888 9887/9887
f 9885/9885 9887/9887 9886/9886
f 9889/9889 9887/9887 9888/9888
f 9889/9889 9890/9890 9887/9887
f 9898/9898 9900/9900 9899/9899
f 9903/9903 9904/9904 9902/9902
f 9898/9898 9899/9899 9895/9895
f 9894/9894 9898/9898 9895/9895
f 9894/9894 9905/9905 9898/9898
f 9894/9894 9906/9906 9905/9905
f 9901/9901 9897/9897 9896/9896
f 9897/9897 9901/9901 9902/9902
f 9903/9903 9902/9902 9901/9901
f 9894/9894 9895/9895 9896/9896
f 9896/9896 9897/9897 9894/9894
f 9922/9922 9913/9913 9921/9921
f 9923/9923 9921/9921 9914/9914
f 9915/9915 9920/9920 9917/9917
f 9916/9916 9915/9915 9917/9917
f 9916/9916 9917/9917 9918/9918
f 9908/9908 9916/9916 9918/9918
f 9917/9917 9919/9919 9918/9918
f 9911/9911 9915/9915 9908/9908
f 9908/9908 9915/9915 9916/9916
f 9927/9927 9930/9930 9929/9929
f 9914/9914 9921/9921 9913/9913
f 9914/9914 9913/9913 9912/9912
f 9924/9924 9914/9914 9925/9925
f 9914/9914 9924/9924 9923/9923
f 9925/9925 9926/9926 9924/9924
f 9913/9913 9910/9910 9912/9912
f 9912/9912 9910/9910 9909/9909
f 9910/9910 9907/9907 9909/9909
f 9926/9926 9927/9927 9928/9928
f 9927/9927 9926/9926 9925/9925
f 9908/9908 9907/9907 9911/9911
f 9907/9907 9908/9908 9909/9909
f 9927/9927 9929/9929 9928/9928
f 9934/9934 9933/9933 9935/9935
f 9934/9934 9935/9935 9936/9936
f 9936/9936 9937/9937 9934/9934
f 9939/9939 9937/9937 9936/9936
f 9939/9939 9936/9936 9940/9940
f 9934/9934 9931/9931 9933/9933
f 9937/9937 9931/9931 9934/9934
f 9931/9931 9937/9937 9938/9938
f 9932/9932 9935/9935 9933/9933
f 9943/9943 9946/9946 9944/9944
f 9932/9932 9944/9944 9945/9945
f 9943/9943 9944/9944 9932/9932
f 9943/9943 9932/9932 9942/9942
f 9941/9941 9932/9932 9931/9931
f 9942/9942 9932/9932 9941/9941
f 9931/9931 9932/9932 9933/9933
f 9943/9943 9947/9947 9946/9946
f 9948/9948 9949/9949 9950/9950
f 9955/9955 9956/9956 9957/9957
f 9953/9953 9954/9954 9951/9951
f 9951/9951 9952/9952 9953/9953
f 9958/9958 9959/9959 9960/9960
f 9970/9970 9968/9968 9969/9969
f 9970/9970 9969/9969 9971/9971
f 9977/9977 9981/9981 9982/9982
f 9977/9977 9974/9974 9981/9981
f 9966/9966 9962/9962 9965/9965
f 9968/9968 9965/9965 9964/9964
f 9964/9964 9965/9965 9962/9962
f 9968/9968 9964/9964 9969/9969
f 9978/9978 9975/9975 9977/9977
f 9961/9961 9962/9962 9963/9963
f 9974/9974 9977/9977 9975/9975
f 9974/9974 9973/9973 9963/9963
f 9973/9973 9975/9975 9976/9976
f 9973/9973 9974/9974 9975/9975
f 9961/9961 9963/9963 9973/9973
f 9976/9976 9979/9979 9973/9973
f 9980/9980 9973/9973 9979/9979
f 9980/9980 9979/9979 9972/9972
f 9964/9964 9962/9962 9961/9961
f 9967/9967 9964/9964 9961/9961
f 9972/9972 9967/9967 9961/9961
f 9994/9994 9995/9995 9996/9996
f 9993/9993 9995/9995 9994/9994
f 9993/9993 9994/9994 9992/9992
f 9992/9992 9984/9984 9993/9993
f 9985/9985 9992/9992 9986/9986
f 9985/9985 9984/9984 9992/9992
f 9983/9983 9984/9984 9985/9985
f 9983/9983 9985/9985 9986/9986
f 9983/9983 9986/9986 9987/9987
f 9987/9987 9989/9989 9983/9983
f 9986/9986 9990/9990 9987/9987
f 9998/9998 9999/9999 9997/9997
f 9990/9990 9991/9991 9987/9987
f 9998/9998 9997/9997 9991/9991
f 9991/9991 9997/9997 9987/9987
f 9998/9998 10000/10000 9999/9999
f 9984/9984 9983/9983 9988/9988
f 10001/10001 10002/10002 10003/10003
f 10004/10004 10005/10005 10006/10006
f 10007/10007 10008/10008 10009/10009
f 10010/10010 10011/10011 10012/10012
f 10013/10013 10022/10022 10021/10021
f 10013/10013 10023/10023 10022/10022
f 10013/10013 10021/10021 10017/10017
f 10016/10016 10013/10013 10015/10015
f 10014/10014 10013/10013 10017/10017
f 10029/10029 10027/10027 10026/10026
f 10026/10026 10027/10027 10028/10028
f 10013/10013 10014/10014 10015/10015
f 10020/10020 10014/10014 10017/10017
f 10024/10024 10014/10014 10020/10020
f 10015/10015 10018/10018 10019/10019
f 10018/10018 10025/10025 10019/10019
f 10014/10014 10018/10018 10015/10015
f 10035/10035 10036/10036 10032/10032
f 10035/10035 10032/10032 10034/10034
f 10032/10032 10036/10036 10030/10030
f 10032/10032 10031/10031 10033/10033
f 10032/10032 10033/10033 10034/10034
f 10030/10030 10036/10036 10037/10037
f 10030/10030 10031/10031 10032/10032
f 10045/10045 10044/10044 10047/10047
f 10043/10043 10044/10044 10045/10045
f 10040/10040 10042/10042 10038/10038
f 10038/10038 10039/10039 10040/10040
f 10043/10043 10046/10046 10044/10044
f 10041/10041 10040/10040 10039/10039
f 10048/10048 10049/10049 10050/10050
f 10055/10055 10052/10052 10054/10054
f 10058/10058 10059/10059 10060/10060
f 10051/10051 10054/10054 10052/10052
f 10056/10056 10051/10051 10053/10053
f 10061/10061 10062/10062 10063/10063
f 10056/10056 10053/10053 10057/10057
f 10051/10051 10052/10052 10053/10053
f 10068/10068 10065/10065 10064/10064
f 10064/10064 10065/10065 10066/10066
f 10065/10065 10067/10067 10066/10066
f 10069/10069 10067/10067 10065/10065
f 10065/10065 10070/10070 10069/10069
f 10069/10069 10070/10070 10071/10071
f 10072/10072 10071/10071 10070/10070
f 10072/10072 10070/10070 10073/10073
f 10073/10073 10074/10074 10072/10072
f 10072/10072 10074/10074 10075/10075
f 10077/10077 10076/10076 10080/10080
f 10076/10076 10077/10077 10078/10078
f 10077/10077 10081/10081 10078/10078
f 10082/10082 10078/10078 10081/10081
f 10079/10079 10076/10076 10078/10078
f 10088/10088 10085/10085 10084/10084
f 10083/10083 10084/10084 10085/10085
f 10084/10084 10089/10089 10088/10088
f 10083/10083 10086/10086 10084/10084
f 10087/10087 10084/10084 10086/10086
f 10093/10093 10096/10096 10099/10099
f 10090/10090 10091/10091 10092/10092
f 10096/10096 10093/10093 10090/10090
f 10091/10091 10090/10090 10093/10093
f 10094/10094 10095/10095 10090/10090
f 10095/10095 10094/10094 10097/10097
f 10095/10095 10098/10098 10096/10096
f 10095/10095 10096/10096 10090/10090
f 10104/10104 10103/10103 10102/10102
f 10100/10100 10102/10102 10103/10103
f 10100/10100 10101/10101 10102/10102
f 10106/10106 10101/10101 10105/10105
f 10107/10107 10106/10106 10105/10105
f 10101/10101 10100/10100 10105/10105
f 10108/10108 10109/10109 10110/10110
f 10114/10114 10115/10115 10116/10116
f 10111/10111 10112/10112 10113/10113
f 10123/10123 10118/10118 10122/10122
f 10123/10123 10120/10120 10118/10118
f 10119/10119 10118/10118 10120/10120
f 10117/10117 10118/10118 10119/10119
f 10118/10118 10121/10121 10122/10122
f 10121/10121 10118/10118 10117/10117
f 10126/10126 10129/10129 10130/10130
f 10124/10124 10125/10125 10126/10126
f 10125/10125 10124/10124 10127/10127
f 10128/10128 10127/10127 10124/10124
f 10125/10125 10129/10129 10126/10126
f 10131/10131 10126/10126 10130/10130
f 10132/10132 10133/10133 10134/10134
f 10139/10139 10137/10137 10136/10136
f 10137/10137 10138/10138 10135/10135
f 10135/10135 10136/10136 10137/10137
f 10140/10140 10141/10141 10142/10142
f 10141/10141 10140/10140 10144/10144
f 10147/10147 10146/10146 10149/10149
f 10141/10141 10143/10143 10142/10142
f 10145/10145 10141/10141 10144/10144
f 10146/10146 10147/10147 10148/10148
f 10150/10150 10151/10151 10152/10152
f 10154/10154 10150/10150 10152/10152
f 10151/10151 10153/10153 10152/10152
f 10155/10155 10159/10159 10156/10156
f 10156/10156 10159/10159 10160/10160
f 10155/10155 10156/10156 10157/10157
f 10158/10158 10155/10155 10157/10157
f 10169/10169 10170/10170 10171/10171
f 10171/10171 10170/10170 10172/10172
f 10173/10173 10170/10170 10169/10169
f 10161/10161 10162/10162 10163/10163
f 10166/10166 10163/10163 10162/10162
f 10161/10161 10163/10163 10164/10164
f 10161/10161 10164/10164 10165/10165
f 10161/10161 10165/10165 10167/10167
f 10161/10161 10167/10167 10168/10168
f 10192/10192 10191/10191 10188/10188
f 10192/10192 10194/10194 10191/10191
f 10188/10188 10191/10191 10189/10189
f 10189/10189 10175/10175 10188/10188
f 10175/10175 10177/10177 10188/10188
f 10177/10177 10175/10175 10174/10174
f 10194/10194 10195/10195 10191/10191
f 10191/10191 10195/10195 10189/10189
f 10179/10179 10178/10178 10175/10175
f 10180/10180 10178/10178 10179/10179
f 10182/10182 10190/10190 10174/10174
f 10175/10175 10178/10178 10176/10176
f 10174/10174 10175/10175 10176/10176
f 10181/10181 10182/10182 10176/10176
f 10176/10176 10182/10182 10174/10174
f 10184/10184 10185/10185 10182/10182
f 10178/10178 10181/10181 10176/10176
f 10183/10183 10182/10182 10181/10181
f 10183/10183 10184/10184 10182/10182
f 10196/10196 10193/10193 10186/10186
f 10190/10190 10187/10187 10193/10193
f 10187/10187 10186/10186 10193/10193
f 10182/10182 10187/10187 10190/10190
f 10182/10182 10186/10186 10187/10187
f 10185/10185 10186/10186 10182/10182
f 10197/10197 10196/10196 10186/10186
f 10186/10186 10198/10198 10197/10197
f 10202/10202 10200/10200 10199/10199
f 10199/10199 10200/10200 10201/10201
f 10203/10203 10206/10206 10204/10204
f 10203/10203 10204/10204 10205/10205
f 10207/10207 10208/10208 10209/10209
f 10210/10210 10211/10211 10212/10212
f 10213/10213 10214/10214 10215/10215
f 10216/10216 10217/10217 10218/10218
f 10216/10216 10218/10218 10219/10219
f 10217/10217 10220/10220 10218/10218
f 10222/10222 10221/10221 10224/10224
f 10221/10221 10222/10222 10223/10223
f 10225/10225 10221/10221 10223/10223
f 10226/10226 10227/10227 10228/10228
f 10229/10229 10226/10226 10228/10228
f 10242/10242 10239/10239 10241/10241
f 10244/10244 10243/10243 10238/10238
f 10244/10244 10238/10238 10245/10245
f 10237/10237 10236/10236 10234/10234
f 10234/10234 10236/10236 10235/10235
f 10233/10233 10230/10230 10234/10234
f 10234/10234 10235/10235 10233/10233
f 10238/10238 10243/10243 10232/10232
f 10246/10246 10232/10232 10243/10243
f 10231/10231 10230/10230 10233/10233
f 10230/10230 10231/10231 10232/10232
f 10232/10232 10231/10231 10238/10238
f 10238/10238 10231/10231 10239/10239
f 10240/10240 10239/10239 10231/10231
f 10241/10241 10239/10239 10240/10240
f 10247/10247 10250/10250 10248/10248
f 10254/10254 10255/10255 10256/10256
f 10247/10247 10251/10251 10250/10250
f 10257/10257 10258/10258 10259/10259
f 10247/10247 10248/10248 10249/10249
f 10249/10249 10248/10248 10252/10252
f 10253/10253 10252/10252 10248/10248
f 10259/10259 10258/10258 10260/10260
f 10262/10262 10260/10260 10258/10258
f 10261/10261 10259/10259 10260/10260
f 10268/10268 10263/10263 10265/10265
f 10263/10263 10264/10264 10265/10265
f 10264/10264 10266/10266 10265/10265
f 10267/10267 10264/10264 10263/10263
f 10267/10267 10263/10263 10268/10268
f 10269/10269 10270/10270 10271/10271
f 10272/10272 10275/10275 10273/10273
f 10274/10274 10273/10273 10276/10276
f 10272/10272 10273/10273 10274/10274
f 10274/10274 10276/10276 10277/10277
f 10278/10278 10279/10279 10280/10280
f 10279/10279 10278/10278 10282/10282
f 10282/10282 10284/10284 10283/10283
f 10280/10280 10285/10285 10278/10278
f 10280/10280 10279/10279 10281/10281
f 10282/10282 10283/10283 10279/10279
f 10280/10280 10286/10286 10285/10285
f 10281/10281 10279/10279 10287/10287
f 10294/10294 10291/10291 10293/10293
f 10291/10291 10289/10289 10293/10293
f 10290/10290 10289/10289 10291/10291
f 10291/10291 10295/10295 10290/10290
f 10288/10288 10289/10289 10290/10290
f 10288/10288 10290/10290 10292/10292
f 10296/10296 10288/10288 10292/10292
f 10292/10292 10297/10297 10296/10296
f 10297/10297 10292/10292 10298/10298
f 10307/10307 10309/10309 10308/10308
f 10307/10307 10310/10310 10309/10309
f 10307/10307 10301/10301 10300/10300
f 10303/10303 10299/10299 10301/10301
f 10306/10306 10305/10305 10303/10303
f 10303/10303 10305/10305 10299/10299
f 10299/10299 10300/10300 10301/10301
f 10299/10299 10302/10302 10300/10300
f 10307/10307 10308/10308 10301/10301
f 10303/10303 10301/10301 10304/10304
f 10317/10317 10316/10316 10318/10318
f 10319/10319 10317/10317 10318/10318
f 10317/10317 10319/10319 10320/10320
f 10321/10321 10320/10320 10319/10319
f 10320/10320 10321/10321 10322/10322
f 10321/10321 10323/10323 10322/10322
f 10311/10311 10313/10313 10316/10316
f 10315/10315 10316/10316 10313/10313
f 10311/10311 10316/10316 10317/10317
f 10311/10311 10312/10312 10313/10313
f 10314/10314 10312/10312 10311/10311
f 10327/10327 10326/10326 10325/10325
f 10324/10324 10325/10325 10326/10326
f 10332/10332 10330/10330 10329/10329
f 10328/10328 10331/10331 10329/10329
f 10328/10328 10329/10329 10330/10330
f 10338/10338 10337/10337 10336/10336
f 10334/10334 10340/10340 10339/10339
f 10336/10336 10337/10337 10333/10333
f 10335/10335 10336/10336 10333/10333
f 10333/10333 10334/10334 10335/10335
f 10334/10334 10339/10339 10335/10335
f 10345/10345 10346/10346 10347/10347
f 10347/10347 10348/10348 10345/10345
f 10342/10342 10341/10341 10344/10344
f 10341/10341 10342/10342 10343/10343
f 10353/10353 10349/10349 10354/10354
f 10353/10353 10350/10350 10349/10349
f 10349/10349 10350/10350 10351/10351
f 10351/10351 10352/10352 10349/10349
f 10351/10351 10355/10355 10352/10352
f 10349/10349 10356/10356 10354/10354
f 10357/10357 10358/10358 10359/10359
f 10358/10358 10357/10357 10361/10361
f 10362/10362 10363/10363 10364/10364
f 10362/10362 10364/10364 10365/10365
f 10366/10366 10367/10367 10368/10368
f 10358/10358 10360/10360 10359/10359
f 10372/10372 10371/10371 10370/10370
f 10371/10371 10372/10372 10373/10373
f 10369/10369 10374/10374 10370/10370
f 10375/10375 10374/10374 10369/10369
f 10373/10373 10376/10376 10371/10371
f 10369/10369 10370/10370 10371/10371
f 10377/10377 10379/10379 10381/10381
f 10377/10377 10378/10378 10379/10379
f 10384/10384 10378/10378 10383/10383
f 10384/10384 10379/10379 10378/10378
f 10380/10380 10383/10383 10378/10378
f 10377/10377 10381/10381 10382/10382
f 10380/10380 10378/10378 10377/10377
f 10387/10387 10388/10388 10385/10385
f 10385/10385 10386/10386 10387/10387
f 10390/10390 10395/10395 10391/10391
f 10398/10398 10392/10392 10391/10391
f 10389/10389 10391/10391 10392/10392
f 10389/10389 10390/10390 10391/10391
f 10390/10390 10393/10393 10394/10394
f 10393/10393 10390/10390 10389/10389
f 10395/10395 10397/10397 10396/10396
f 10395/10395 10396/10396 10391/10391
f 10408/10408 10407/10407 10406/10406
f 10410/10410 10412/10412 10411/10411
f 10413/10413 10411/10411 10412/10412
f 10403/10403 10405/10405 10404/10404
f 10399/10399 10400/10400 10401/10401
f 10409/10409 10410/10410 10411/10411
f 10406/10406 10407/10407 10403/10403
f 10402/10402 10403/10403 10404/10404
f 10406/10406 10403/10403 10402/10402
f 10416/10416 10417/10417 10414/10414
f 10418/10418 10419/10419 10415/10415
f 10414/10414 10415/10415 10416/10416
f 10414/10414 10418/10418 10415/10415
f 10420/10420 10421/10421 10422/10422
f 10423/10423 10421/10421 10420/10420
f 10425/10425 10423/10423 10424/10424
f 10424/10424 10423/10423 10420/10420
f 10427/10427 10428/10428 10426/10426
f 10421/10421 10427/10427 10426/10426
f 10422/10422 10421/10421 10426/10426
f 10431/10431 10432/10432 10429/10429
f 10429/10429 10430/10430 10431/10431
f 10433/10433 10430/10430 10429/10429
f 10434/10434 10435/10435 10436/10436
f 10436/10436 10437/10437 10434/10434
f 10438/10438 10439/10439 10440/10440
f 10441/10441 10438/10438 10440/10440
f 10456/10456 10457/10457 10443/10443
f 10456/10456 10455/10455 10457/10457
f 10461/10461 10462/10462 10463/10463
f 10447/10447 10445/10445 10453/10453
f 10458/10458 10448/10448 10459/10459
f 10445/10445 10448/10448 10458/10458
f 10443/10443 10448/10448 10445/10445
f 10443/10443 10445/10445 10444/10444
f 10442/10442 10443/10443 10444/10444
f 10449/10449 10443/10443 10442/10442
f 10455/10455 10456/10456 10454/10454
f 10454/10454 10449/10449 10455/10455
f 10449/10449 10454/10454 10443/10443
f 10452/10452 10442/10442 10450/10450
f 10460/10460 10452/10452 10450/10450
f 10444/10444 10446/10446 10442/10442
f 10450/10450 10442/10442 10446/10446
f 10450/10450 10446/10446 10451/10451
f 10444/10444 10445/10445 10447/10447
f 10464/10464 10465/10465 10466/10466
f 10476/10476 10475/10475 10468/10468
f 10468/10468 10475/10475 10469/10469
f 10467/10467 10469/10469 10470/10470
f 10467/10467 10468/10468 10469/10469
f 10473/10473 10468/10468 10467/10467
f 10471/10471 10467/10467 10470/10470
f 10472/10472 10471/10471 10470/10470
f 10476/10476 10478/10478 10477/10477
f 10475/10475 10476/10476 10477/10477
f 10473/10473 10467/10467 10474/10474
f 10481/10481 10482/10482 10483/10483
f 10479/10479 10467/10467 10471/10471
f 10479/10479 10480/10480 10467/10467
f 10484/10484 10485/10485 10486/10486
f 10487/10487 10488/10488 10489/10489
f 10490/10490 10491/10491 10492/10492
f 10494/10494 10495/10495 10496/10496
f 10490/10490 10493/10493 10491/10491
f 10500/10500 10501/10501 10497/10497
f 10501/10501 10500/10500 10502/10502
f 10499/10499 10498/10498 10503/10503
f 10497/10497 10499/10499 10500/10500
f 10497/10497 10498/10498 10499/10499
f 10503/10503 10504/10504 10505/10505
f 10504/10504 10503/10503 10498/10498
f 10505/10505 10504/10504 10506/10506
f 10507/10507 10508/10508 10509/10509
f 10511/10511 10510/10510 10513/10513
f 10510/10510 10511/10511 10512/10512
f 10514/10514 10515/10515 10516/10516
f 10514/10514 10516/10516 10517/10517
f 10515/10515 10518/10518 10516/10516
f 10522/10522 10523/10523 10524/10524
f 10525/10525 10523/10523 10522/10522
f 10519/10519 10520/10520 10521/10521
f 10528/10528 10529/10529 10526/10526
f 10526/10526 10527/10527 10528/10528
f 10526/10526 10529/10529 10530/10530
f 10531/10531 10532/10532 10527/10527
f 10531/10531 10527/10527 10526/10526
f 10534/10534 10539/10539 10538/10538
f 10537/10537 10536/10536 10535/10535
f 10535/10535 10534/10534 10538/10538
f 10535/10535 10536/10536 10533/10533
f 10533/10533 10534/10534 10535/10535
f 10536/10536 10541/10541 10540/10540
f 10536/10536 10534/10534 10541/10541
f 10534/10534 10548/10548 10539/10539
f 10548/10548 10534/10534 10536/10536
f 10536/10536 10540/10540 10533/10533
f 10550/10550 10549/10549 10536/10536
f 10546/10546 10544/10544 10543/10543
f 10546/10546 10543/10543 10548/10548
f 10546/10546 10548/10548 10536/10536
f 10544/10544 10545/10545 10542/10542
f 10542/10542 10543/10543 10544/10544
f 10544/10544 10546/10546 10547/10547
f 10547/10547 10546/10546 10545/10545
f 10549/10549 10546/10546 10536/10536
f 10566/10566 10565/10565 10564/10564
f 10569/10569 10565/10565 10567/10567
f 10566/10566 10567/10567 10565/10565
f 10567/10567 10553/10553 10569/10569
f 10555/10555 10552/10552 10554/10554
f 10551/10551 10554/10554 10552/10552
f 10551/10551 10552/10552 10553/10553
f 10568/10568 10562/10562 10565/10565
f 10564/10564 10565/10565 10562/10562
f 10562/10562 10560/10560 10564/10564
f 10560/10560 10562/10562 10561/10561
f 10560/10560 10567/10567 10566/10566
f 10560/10560 10561/10561 10551/10551
f 10560/10560 10553/10553 10567/10567
f 10560/10560 10551/10551 10553/10553
f 10563/10563 10561/10561 10562/10562
f 10557/10557 10558/10558 10559/10559
f 10558/10558 10557/10557 10556/10556
f 10556/10556 10557/10557 10555/10555
f 10554/10554 10556/10556 10555/10555
f 10571/10571 10579/10579 10577/10577
f 10571/10571 10577/10577 10572/10572
f 10570/10570 10571/10571 10572/10572
f 10578/10578 10577/10577 10579/10579
f 10578/10578 10572/10572 10577/10577
f 10575/10575 10573/10573 10572/10572
f 10573/10573 10575/10575 10576/10576
f 10570/10570 10572/10572 10573/10573
f 10573/10573 10574/10574 10570/10570
f 10582/10582 10585/10585 10580/10580
f 10585/10585 10582/10582 10586/10586
f 10581/10581 10580/10580 10583/10583
f 10580/10580 10581/10581 10582/10582
f 10584/10584 10583/10583 10580/10580
f 10587/10587 10588/10588 10589/10589
f 10590/10590 10591/10591 10592/10592
f 10593/10593 10594/10594 10595/10595
f 10599/10599 10597/10597 10596/10596
f 10603/10603 10600/10600 10602/10602
f 10600/10600 10601/10601 10602/10602
f 10596/10596 10597/10597 10598/10598
f 10606/10606 10607/10607 10604/10604
f 10604/10604 10605/10605 10606/10606
f 10608/10608 10610/10610 10611/10611
f 10608/10608 10609/10609 10610/10610
f 10617/10617 10619/10619 10618/10618
f 10612/10612 10615/10615 10613/10613
f 10616/10616 10617/10617 10618/10618
f 10612/10612 10613/10613 10614/10614
f 10623/10623 10622/10622 10621/10621
f 10620/10620 10621/10621 10622/10622
f 10624/10624 10625/10625 10626/10626
f 10627/10627 10628/10628 10629/10629
f 10640/10640 10630/10630 10638/10638
f 10638/10638 10643/10643 10640/10640
f 10640/10640 10636/10636 10630/10630
f 10630/10630 10636/10636 10635/10635
f 10643/10643 10636/10636 10640/10640
f 10637/10637 10632/10632 10633/10633
f 10638/10638 10632/10632 10639/10639
f 10632/10632 10638/10638 10630/10630
f 10630/10630 10631/10631 10632/10632
f 10631/10631 10630/10630 10634/10634
f 10631/10631 10633/10633 10632/10632
f 10634/10634 10642/10642 10631/10631
f 10633/10633 10631/10631 10642/10642
f 10635/10635 10634/10634 10630/10630
f 10641/10641 10634/10634 10635/10635
f 10644/10644 10645/10645 10646/10646
f 10644/10644 10646/10646 10647/10647
f 10654/10654 10649/10649 10651/10651
f 10649/10649 10654/10654 10655/10655
f 10648/10648 10651/10651 10649/10649
f 10648/10648 10649/10649 10650/10650
f 10652/10652 10648/10648 10650/10650
f 10656/10656 10657/10657 10658/10658
f 10653/10653 10652/10652 10650/10650
f 10658/10658 10657/10657 10659/10659
f 10673/10673 10672/10672 10671/10671
f 10667/10667 10671/10671 10672/10672
f 10663/10663 10671/10671 10667/10667
f 10663/10663 10667/10667 10666/10666
f 10661/10661 10663/10663 10666/10666
f 10663/10663 10661/10661 10660/10660
f 10670/10670 10668/10668 10669/10669
f 10660/10660 10661/10661 10662/10662
f 10668/10668 10665/10665 10669/10669
f 10674/10674 10664/10664 10668/10668
f 10664/10664 10662/10662 10665/10665
f 10668/10668 10664/10664 10665/10665
f 10664/10664 10660/10660 10662/10662
f 10678/10678 10682/10682 10683/10683
f 10681/10681 10682/10682 10678/10678
f 10676/10676 10681/10681 10678/10678
f 10675/10675 10676/10676 10677/10677
f 10679/10679 10675/10675 10677/10677
f 10677/10677 10676/10676 10678/10678
f 10680/10680 10675/10675 10679/10679
f 10684/10684 10685/10685 10686/10686
f 10695/10695 10694/10694 10693/10693
f 10693/10693 10694/10694 10690/10690
f 10687/10687 10688/10688 10689/10689
f 10690/10690 10692/10692 10693/10693
f 10687/10687 10690/10690 10688/10688
f 10688/10688 10691/10691 10689/10689
f 10687/10687 10692/10692 10690/10690
f 10696/10696 10697/10697 10698/10698
f 10699/10699 10700/10700 10701/10701
f 10702/10702 10703/10703 10704/10704
f 10705/10705 10706/10706 10707/10707
f 10708/10708 10709/10709 10710/10710
f 10711/10711 10712/10712 10713/10713
f 10718/10718 10714/10714 10716/10716
f 10714/10714 10717/10717 10715/10715
f 10714/10714 10715/10715 10716/10716
f 10719/10719 10720/10720 10721/10721
f 10729/10729 10731/10731 10730/10730
f 10741/10741 10740/10740 10742/10742
f 10739/10739 10740/10740 10741/10741
f 10728/10728 10729/10729 10730/10730
f 10728/10728 10725/10725 10729/10729
f 10723/10723 10725/10725 10728/10728
f 10723/10723 10722/10722 10725/10725
f 10722/10722 10723/10723 10724/10724
f 10733/10733 10726/10726 10738/10738
f 10727/10727 10724/10724 10734/10734
f 10726/10726 10724/10724 10727/10727
f 10724/10724 10736/10736 10735/10735
f 10734/10734 10724/10724 10735/10735
f 10724/10724 10737/10737 10736/10736
f 10726/10726 10722/10722 10724/10724
f 10732/10732 10722/10722 10726/10726
f 10733/10733 10732/10732 10726/10726
f 10744/10744 10750/10750 10747/10747
f 10744/10744 10743/10743 10750/10750
f 10747/10747 10746/10746 10744/10744
f 10746/10746 10747/10747 10745/10745
f 10743/10743 10744/10744 10745/10745
f 10743/10743 10745/10745 10748/10748
f 10747/10747 10748/10748 10745/10745
f 10747/10747 10749/10749 10748/10748
f 10751/10751 10752/10752 10753/10753
f 10754/10754 10755/10755 10756/10756
f 10760/10760 10757/10757 10759/10759
f 10757/10757 10758/10758 10759/10759
f 10759/10759 10758/10758 10761/10761
f 10764/10764 10766/10766 10762/10762
f 10763/10763 10762/10762 10765/10765
f 10762/10762 10763/10763 10764/10764
f 10770/10770 10767/10767 10771/10771
f 10773/10773 10774/10774 10772/10772
f 10769/10769 10771/10771 10767/10767
f 10769/10769 10772/10772 10771/10771
f 10768/10768 10775/10775 10776/10776
f 10768/10768 10770/10770 10775/10775
f 10770/10770 10768/10768 10767/10767
f 10767/10767 10768/10768 10769/10769
f 10773/10773 10772/10772 10769/10769
f 10776/10776 10777/10777 10768/10768
f 10778/10778 10779/10779 10780/10780
f 10778/10778 10781/10781 10779/10779
f 10785/10785 10784/10784 10783/10783
f 10785/10785 10783/10783 10789/10789
f 10787/10787 10784/10784 10785/10785
f 10782/10782 10783/10783 10784/10784
f 10782/10782 10786/10786 10783/10783
f 10786/10786 10782/10782 10788/10788
f 10798/10798 10795/10795 10799/10799
f 10793/10793 10795/10795 10798/10798
f 10800/10800 10801/10801 10799/10799
f 10795/10795 10800/10800 10799/10799
f 10790/10790 10791/10791 10792/10792
f 10793/10793 10794/10794 10795/10795
f 10793/10793 10796/10796 10794/10794
f 10797/10797 10794/10794 10796/10796
f 10808/10808 10810/10810 10802/10802
f 10802/10802 10806/10806 10808/10808
f 10806/10806 10802/10802 10804/10804
f 10809/10809 10803/10803 10802/10802
f 10802/10802 10803/10803 10804/10804
f 10811/10811 10812/10812 10813/10813
f 10812/10812 10811/10811 10814/10814
f 10803/10803 10805/10805 10804/10804
f 10807/10807 10804/10804 10805/10805
f 10815/10815 10821/10821 10822/10822
f 10815/10815 10818/10818 10821/10821
f 10818/10818 10815/10815 10817/10817
f 10815/10815 10816/10816 10817/10817
f 10816/10816 10819/10819 10817/10817
f 10819/10819 10816/10816 10820/10820
f 10823/10823 10824/10824 10825/10825
f 10826/10826 10827/10827 10828/10828
f 10837/10837 10831/10831 10836/10836
f 10831/10831 10832/10832 10829/10829
f 10831/10831 10830/10830 10836/10836
f 10829/10829 10830/10830 10831/10831
f 10833/10833 10830/10830 10829/10829
f 10834/10834 10830/10830 10833/10833
f 10834/10834 10833/10833 10835/10835
f 10841/10841 10839/10839 10838/10838
f 10838/10838 10839/10839 10840/10840
f 10845/10845 10842/10842 10844/10844
f 10842/10842 10843/10843 10844/10844
f 10847/10847 10849/10849 10848/10848
f 10846/10846 10847/10847 10848/10848
f 10850/10850 10851/10851 10852/10852
f 10856/10856 10854/10854 10853/10853
f 10853/10853 10854/10854 10855/10855
f 10857/10857 10858/10858 10855/10855
f 10854/10854 10857/10857 10855/10855
f 10859/10859 10860/10860 10861/10861
f 10866/10866 10867/10867 10864/10864
f 10865/10865 10864/10864 10867/10867
f 10865/10865 10867/10867 10866/10866
f 10865/10865 10869/10869 10870/10870
f 10866/10866 10872/10872 10871/10871
f 10868/10868 10865/10865 10866/10866
f 10866/10866 10871/10871 10868/10868
f 10868/10868 10869/10869 10865/10865
f 10868/10868 10874/10874 10869/10869
f 10862/10862 10864/10864 10865/10865
f 10862/10862 10863/10863 10864/10864
f 10870/10870 10869/10869 10873/10873
f 10869/10869 10862/10862 10873/10873
f 10874/10874 10862/10862 10869/10869
f 10878/10878 10877/10877 10876/10876
f 10875/10875 10876/10876 10877/10877
f 10879/10879 10876/10876 10875/10875
f 10880/10880 10881/10881 10882/10882
f 10883/10883 10884/10884 10885/10885
f 10883/10883 10886/10886 10884/10884
f 10886/10886 10883/10883 10888/10888
f 10887/10887 10886/10886 10888/10888
f 10889/10889 10887/10887 10888/10888
f 10890/10890 10895/10895 10891/10891
f 10892/10892 10893/10893 10890/10890
f 10893/10893 10892/10892 10894/10894
f 10890/10890 10891/10891 10892/10892
f 10896/10896 10897/10897 10898/10898
f 10899/10899 10896/10896 10898/10898
f 10902/10902 10901/10901 10903/10903
f 10900/10900 10901/10901 10902/10902
f 10905/10905 10907/10907 10906/10906
f 10904/10904 10905/10905 10906/10906
f 10911/10911 10912/10912 10913/10913
f 10912/10912 10914/10914 10913/10913
f 10908/10908 10909/10909 10910/10910
f 10915/10915 10916/10916 10917/10917
f 10918/10918 10924/10924 10925/10925
f 10920/10920 10924/10924 10918/10918
f 10919/10919 10918/10918 10922/10922
f 10918/10918 10919/10919 10920/10920
f 10922/10922 10923/10923 10919/10919
f 10920/10920 10921/10921 10924/10924
f 10921/10921 10920/10920 10919/10919
f 10926/10926 10927/10927 10928/10928
f 10926/10926 10928/10928 10930/10930
f 10929/10929 10928/10928 10927/10927
f 10931/10931 10932/10932 10933/10933
f 10931/10931 10934/10934 10932/10932
f 10937/10937 10936/10936 10939/10939
f 10935/10935 10936/10936 10937/10937
f 10935/10935 10938/10938 10936/10936
f 10944/10944 10945/10945 10946/10946
f 10940/10940 10941/10941 10942/10942
f 10940/10940 10943/10943 10941/10941
f 10947/10947 10948/10948 10949/10949
f 10949/10949 10950/10950 10947/10947
f 10951/10951 10952/10952 10953/10953
f 10954/10954 10958/10958 10955/10955
f 10956/10956 10957/10957 10954/10954
f 10954/10954 10955/10955 10956/10956
f 10957/10957 10956/10956 10959/10959
f 10960/10960 10958/10958 10954/10954
f 10964/10964 10961/10961 10963/10963
f 10961/10961 10962/10962 10963/10963
f 10967/10967 10971/10971 10972/10972
f 10965/10965 10968/10968 10966/10966
f 10966/10966 10971/10971 10967/10967
f 10965/10965 10966/10966 10967/10967
f 10973/10973 10974/10974 10975/10975
f 10974/10974 10973/10973 10976/10976
f 10973/10973 10975/10975 10977/10977
f 10968/10968 10969/10969 10966/10966
f 10969/10969 10970/10970 10966/10966
f 10979/10979 10982/10982 10983/10983
f 10979/10979 10983/10983 10980/10980
f 10978/10978 10979/10979 10980/10980
f 10980/10980 10984/10984 10978/10978
f 10978/10978 10981/10981 10979/10979
f 10981/10981 10982/10982 10979/10979
f 10985/10985 10987/10987 10988/10988
f 10985/10985 10986/10986 10987/10987
f 10989/10989 10990/10990 10991/10991
f 10992/10992 10993/10993 10994/10994
f 10995/10995 10996/10996 10997/10997
f 10998/10998 10999/10999 11000/11000
f 10999/10999 10998/10998 11001/11001
f 11008/11008 11009/11009 11010/11010
f 11005/11005 11006/11006 11007/11007
f 11002/11002 11003/11003 11004/11004
f 11011/11011 11012/11012 11013/11013
f 11025/11025 11026/11026 11027/11027
f 11021/11021 11024/11024 11023/11023
f 11020/11020 11021/11021 11023/11023
f 11020/11020 11018/11018 11021/11021
f 11022/11022 11018/11018 11020/11020
f 11027/11027 11026/11026 11028/11028
f 11014/11014 11015/11015 11016/11016
f 11018/11018 11014/11014 11016/11016
f 11016/11016 11015/11015 11017/11017
f 11014/11014 11018/11018 11019/11019
f 11022/11022 11019/11019 11018/11018
f 11034/11034 11031/11031 11035/11035
f 11035/11035 11036/11036 11034/11034
f 11036/11036 11035/11035 11040/11040
f 11037/11037 11034/11034 11036/11036
f 11032/11032 11031/11031 11030/11030
f 11029/11029 11030/11030 11031/11031
f 11032/11032 11039/11039 11038/11038
f 11038/11038 11033/11033 11032/11032
f 11041/11041 11042/11042 11032/11032
f 11033/11033 11031/11031 11032/11032
f 11030/11030 11041/11041 11032/11032
f 11029/11029 11031/11031 11034/11034
f 11045/11045 11048/11048 11049/11049
f 11049/11049 11048/11048 11050/11050
f 11051/11051 11052/11052 11050/11050
f 11049/11049 11050/11050 11052/11052
f 11053/11053 11052/11052 11051/11051
f 11053/11053 11054/11054 11052/11052
f 11046/11046 11047/11047 11044/11044
f 11046/11046 11044/11044 11043/11043
f 11043/11043 11044/11044 11045/11045
f 11045/11045 11044/11044 11048/11048
f 11058/11058 11062/11062 11059/11059
f 11058/11058 11059/11059 11060/11060
f 11060/11060 11059/11059 11061/11061
f 11055/11055 11056/11056 11057/11057
f 11063/11063 11066/11066 11064/11064
f 11069/11069 11068/11068 11070/11070
f 11067/11067 11068/11068 11069/11069
f 11063/11063 11064/11064 11065/11065
f 11071/11071 11073/11073 11074/11074
f 11071/11071 11072/11072 11073/11073
f 11078/11078 11075/11075 11077/11077
f 11077/11077 11076/11076 11080/11080
f 11076/11076 11075/11075 11079/11079
f 11075/11075 11076/11076 11077/11077
f 11081/11081 11082/11082 11083/11083
f 11084/11084 11085/11085 11086/11086
f 11087/11087 11088/11088 11089/11089
f 11090/11090 11091/11091 11092/11092
f 11093/11093 11094/11094 11095/11095
f 11095/11095 11096/11096 11093/11093
f 11099/11099 11100/11100 11097/11097
f 11097/11097 11098/11098 11099/11099
f 11098/11098 11097/11097 11101/11101
f 11102/11102 11103/11103 11104/11104
f 11105/11105 11106/11106 11107/11107
f 11108/11108 11109/11109 11110/11110
f 11115/11115 11116/11116 11117/11117
f 11118/11118 11119/11119 11120/11120
f 11111/11111 11112/11112 11113/11113
f 11111/11111 11113/11113 11114/11114
f 11121/11121 11123/11123 11125/11125
f 11121/11121 11124/11124 11122/11122
f 11121/11121 11122/11122 11123/11123
f 11126/11126 11127/11127 11128/11128
f 11129/11129 11130/11130 11131/11131
f 11135/11135 11133/11133 11132/11132
f 11132/11132 11133/11133 11134/11134
f 11140/11140 11141/11141 11142/11142
f 11143/11143 11140/11140 11142/11142
f 11137/11137 11136/11136 11139/11139
f 11136/11136 11137/11137 11138/11138
f 11146/11146 11148/11148 11144/11144
f 11146/11146 11149/11149 11148/11148
f 11147/11147 11144/11144 11151/11151
f 11144/11144 11147/11147 11145/11145
f 11144/11144 11145/11145 11146/11146
f 11150/11150 11149/11149 11146/11146
f 11158/11158 11159/11159 11160/11160
f 11152/11152 11154/11154 11156/11156
f 11157/11157 11152/11152 11156/11156
f 11155/11155 11154/11154 11153/11153
f 11152/11152 11153/11153 11154/11154
f 11169/11169 11167/11167 11168/11168
f 11165/11165 11161/11161 11164/11164
f 11161/11161 11163/11163 11164/11164
f 11161/11161 11168/11168 11167/11167
f 11164/11164 11166/11166 11165/11165
f 11170/11170 11167/11167 11169/11169
f 11163/11163 11162/11162 11171/11171
f 11161/11161 11167/11167 11162/11162
f 11161/11161 11162/11162 11163/11163
f 11174/11174 11175/11175 11172/11172
f 11172/11172 11173/11173 11174/11174
f 11172/11172 11176/11176 11173/11173
f 11180/11180 11179/11179 11178/11178
f 11178/11178 11177/11177 11181/11181
f 11177/11177 11178/11178 11179/11179
f 11183/11183 11185/11185 11184/11184
f 11187/11187 11185/11185 11183/11183
f 11184/11184 11188/11188 11186/11186
f 11184/11184 11186/11186 11182/11182
f 11182/11182 11183/11183 11184/11184
f 11189/11189 11190/11190 11191/11191
f 11192/11192 11193/11193 11194/11194
f 11195/11195 11196/11196 11197/11197
f 11198/11198 11199/11199 11200/11200
f 11201/11201 11203/11203 11204/11204
f 11201/11201 11202/11202 11203/11203
f 11202/11202 11205/11205 11203/11203
f 11206/11206 11207/11207 11208/11208
f 11209/11209 11213/11213 11210/11210
f 11220/11220 11214/11214 11213/11213
f 11209/11209 11220/11220 11213/11213
f 11218/11218 11213/11213 11214/11214
f 11209/11209 11210/11210 11211/11211
f 11211/11211 11212/11212 11209/11209
f 11215/11215 11214/11214 11222/11222
f 11214/11214 11215/11215 11216/11216
f 11215/11215 11217/11217 11216/11216
f 11217/11217 11215/11215 11219/11219
f 11215/11215 11224/11224 11219/11219
f 11225/11225 11224/11224 11215/11215
f 11221/11221 11216/11216 11223/11223
f 11216/11216 11221/11221 11218/11218
f 11218/11218 11214/11214 11216/11216
f 11226/11226 11227/11227 11228/11228
f 11229/11229 11230/11230 11231/11231
f 11232/11232 11233/11233 11234/11234
f 11241/11241 11235/11235 11239/11239
f 11237/11237 11236/11236 11238/11238
f 11236/11236 11240/11240 11238/11238
f 11242/11242 11243/11243 11244/11244
f 11235/11235 11237/11237 11239/11239
f 11235/11235 11236/11236 11237/11237
f 11250/11250 11251/11251 11252/11252
f 11247/11247 11246/11246 11249/11249
f 11245/11245 11246/11246 11247/11247
f 11245/11245 11247/11247 11248/11248
f 11253/11253 11254/11254 11255/11255
f 11255/11255 11254/11254 11256/11256
f 11256/11256 11253/11253 11255/11255
f 11257/11257 11258/11258 11259/11259
f 11261/11261 11263/11263 11262/11262
f 11260/11260 11261/11261 11262/11262
f 11268/11268 11269/11269 11270/11270
f 11264/11264 11265/11265 11266/11266
f 11267/11267 11265/11265 11264/11264
f 11271/11271 11272/11272 11273/11273
f 11274/11274 11277/11277 11278/11278
f 11277/11277 11274/11274 11276/11276
f 11274/11274 11279/11279 11275/11275
f 11280/11280 11281/11281 11282/11282
f 11274/11274 11275/11275 11276/11276
f 11287/11287 11288/11288 11289/11289
f 11283/11283 11284/11284 11285/11285
f 11285/11285 11284/11284 11286/11286
f 11290/11290 11291/11291 11292/11292
f 11295/11295 11291/11291 11290/11290
f 11291/11291 11293/11293 11292/11292
f 11291/11291 11294/11294 11293/11293
f 11295/11295 11296/11296 11291/11291
f 11300/11300 11299/11299 11298/11298
f 11297/11297 11298/11298 11299/11299
f 11301/11301 11302/11302 11303/11303
f 11309/11309 11304/11304 11310/11310
f 11305/11305 11304/11304 11309/11309
f 11307/11307 11304/11304 11306/11306
f 11304/11304 11305/11305 11306/11306
f 11306/11306 11305/11305 11308/11308
f 11307/11307 11311/11311 11304/11304
f 11315/11315 11316/11316 11317/11317
f 11315/11315 11317/11317 11319/11319
f 11318/11318 11316/11316 11315/11315
f 11318/11318 11320/11320 11316/11316
f 11312/11312 11313/11313 11314/11314
f 11334/11334 11330/11330 11329/11329
f 11333/11333 11329/11329 11328/11328
f 11328/11328 11329/11329 11330/11330
f 11336/11336 11335/11335 11337/11337
f 11330/11330 11331/11331 11328/11328
f 11328/11328 11331/11331 11332/11332
f 11350/11350 11349/11349 11352/11352
f 11328/11328 11332/11332 11335/11335
f 11328/11328 11335/11335 11336/11336
f 11349/11349 11350/11350 11351/11351
f 11337/11337 11335/11335 11338/11338
f 11338/11338 11335/11335 11339/11339
f 11340/11340 11338/11338 11339/11339
f 11345/11345 11343/11343 11341/11341
f 11343/11343 11345/11345 11346/11346
f 11323/11323 11326/11326 11325/11325
f 11343/11343 11347/11347 11344/11344
f 11344/11344 11347/11347 11348/11348
f 11338/11338 11340/11340 11341/11341
f 11341/11341 11342/11342 11338/11338
f 11341/11341 11343/11343 11342/11342
f 11342/11342 11343/11343 11344/11344
f 11324/11324 11322/11322 11321/11321
f 11321/11321 11322/11322 11323/11323
f 11321/11321 11323/11323 11325/11325
f 11323/11323 11327/11327 11326/11326
f 11353/11353 11354/11354 11355/11355
f 11355/11355 11354/11354 11356/11356
f 11357/11357 11358/11358 11359/11359
f 11359/11359 11360/11360 11357/11357
f 11361/11361 11362/11362 11363/11363
f 11364/11364 11365/11365 11366/11366
f 11367/11367 11368/11368 11369/11369
f 11370/11370 11371/11371 11372/11372
f 11373/11373 11374/11374 11375/11375
f 11374/11374 11373/11373 11377/11377
f 11375/11375 11376/11376 11373/11373
f 11384/11384 11385/11385 11378/11378
f 11380/11380 11379/11379 11381/11381
f 11378/11378 11380/11380 11384/11384
f 11378/11378 11379/11379 11380/11380
f 11379/11379 11382/11382 11381/11381
f 11382/11382 11383/11383 11381/11381
f 11386/11386 11387/11387 11388/11388
f 11386/11386 11389/11389 11387/11387
f 11393/11393 11390/11390 11392/11392
f 11390/11390 11391/11391 11392/11392
f 11394/11394 11395/11395 11396/11396
f 11397/11397 11398/11398 11399/11399
f 11409/11409 11405/11405 11408/11408
f 11410/11410 11408/11408 11401/11401
f 11400/11400 11403/11403 11401/11401
f 11411/11411 11412/11412 11413/11413
f 11405/11405 11401/11401 11408/11408
f 11401/11401 11405/11405 11404/11404
f 11402/11402 11401/11401 11404/11404
f 11400/11400 11401/11401 11402/11402
f 11407/11407 11400/11400 11406/11406
f 11402/11402 11406/11406 11400/11400
f 11414/11414 11416/11416 11418/11418
f 11414/11414 11415/11415 11416/11416
f 11415/11415 11414/11414 11417/11417
f 11421/11421 11420/11420 11422/11422
f 11423/11423 11420/11420 11419/11419
f 11419/11419 11420/11420 11421/11421
f 11428/11428 11430/11430 11429/11429
f 11424/11424 11425/11425 11426/11426
f 11427/11427 11428/11428 11429/11429
f 11431/11431 11433/11433 11434/11434
f 11431/11431 11432/11432 11433/11433
f 11435/11435 11433/11433 11432/11432
f 11438/11438 11437/11437 11439/11439
f 11436/11436 11437/11437 11438/11438
f 11440/11440 11437/11437 11436/11436
f 11441/11441 11442/11442 11443/11443
f 11444/11444 11445/11445 11446/11446
f 11445/11445 11444/11444 11447/11447
f 11449/11449 11451/11451 11450/11450
f 11450/11450 11452/11452 11448/11448
f 11454/11454 11451/11451 11449/11449
f 11453/11453 11454/11454 11449/11449
f 11453/11453 11449/11449 11448/11448
f 11448/11448 11449/11449 11450/11450
f 11462/11462 11461/11461 11464/11464
f 11461/11461 11462/11462 11463/11463
f 11456/11456 11460/11460 11459/11459
f 11456/11456 11459/11459 11457/11457
f 11455/11455 11456/11456 11457/11457
f 11458/11458 11456/11456 11455/11455
f 11467/11467 11466/11466 11468/11468
f 11469/11469 11467/11467 11468/11468
f 11470/11470 11467/11467 11469/11469
f 11470/11470 11471/11471 11467/11467
f 11465/11465 11466/11466 11467/11467
f 11472/11472 11473/11473 11474/11474
f 11491/11491 11484/11484 11492/11492
f 11490/11490 11484/11484 11491/11491
f 11484/11484 11490/11490 11481/11481
f 11480/11480 11484/11484 11481/11481
f 11480/11480 11481/11481 11477/11477
f 11480/11480 11477/11477 11476/11476
f 11475/11475 11483/11483 11482/11482
f 11475/11475 11476/11476 11477/11477
f 11478/11478 11475/11475 11482/11482
f 11475/11475 11478/11478 11476/11476
f 11476/11476 11478/11478 11479/11479
f 11476/11476 11489/11489 11480/11480
f 11486/11486 11489/11489 11476/11476
f 11485/11485 11486/11486 11476/11476
f 11485/11485 11476/11476 11479/11479
f 11487/11487 11486/11486 11485/11485
f 11487/11487 11485/11485 11488/11488
f 11493/11493 11497/11497 11496/11496
f 11496/11496 11494/11494 11493/11493
f 11493/11493 11494/11494 11495/11495
f 11496/11496 11498/11498 11499/11499
f 11497/11497 11498/11498 11496/11496
f 11498/11498 11497/11497 11495/11495
f 11498/11498 11495/11495 11500/11500
f 11501/11501 11502/11502 11503/11503
f 11517/11517 11518/11518 11519/11519
f 11519/11519 11518/11518 11520/11520
f 11505/11505 11509/11509 11515/11515
f 11505/11505 11515/11515 11516/11516
f 11521/11521 11522/11522 11523/11523
f 11509/11509 11505/11505 11508/11508
f 11521/11521 11524/11524 11526/11526
f 11521/11521 11523/11523 11524/11524
f 11508/11508 11505/11505 11504/11504
f 11525/11525 11524/11524 11523/11523
f 11504/11504 11505/11505 11506/11506
f 11507/11507 11506/11506 11505/11505
f 11514/11514 11506/11506 11510/11510
f 11507/11507 11510/11510 11506/11506
f 11510/11510 11507/11507 11511/11511
f 11507/11507 11512/11512 11511/11511
f 11513/11513 11512/11512 11507/11507
f 11527/11527 11528/11528 11529/11529
f 11529/11529 11528/11528 11530/11530
f 11531/11531 11532/11532 11533/11533
f 11538/11538 11541/11541 11539/11539
f 11534/11534 11535/11535 11536/11536
f 11535/11535 11534/11534 11537/11537
f 11538/11538 11539/11539 11540/11540
f 11542/11542 11543/11543 11544/11544
f 11549/11549 11547/11547 11546/11546
f 11545/11545 11546/11546 11547/11547
f 11548/11548 11546/11546 11545/11545
f 11554/11554 11550/11550 11552/11552
f 11551/11551 11553/11553 11552/11552
f 11550/11550 11551/11551 11552/11552
f 11555/11555 11556/11556 11557/11557
f 11558/11558 11559/11559 11560/11560
f 11564/11564 11565/11565 11571/11571
f 11563/11563 11565/11565 11564/11564
f 11563/11563 11566/11566 11565/11565
f 11563/11563 11567/11567 11566/11566
f 11562/11562 11567/11567 11563/11563
f 11564/11564 11561/11561 11563/11563
f 11561/11561 11562/11562 11563/11563
f 11561/11561 11568/11568 11562/11562
f 11568/11568 11561/11561 11569/11569
f 11568/11568 11567/11567 11562/11562
f 11569/11569 11570/11570 11568/11568
f 11573/11573 11575/11575 11574/11574
f 11576/11576 11574/11574 11575/11575
f 11572/11572 11573/11573 11574/11574
f 11572/11572 11578/11578 11577/11577
f 11577/11577 11573/11573 11572/11572
f 11579/11579 11573/11573 11577/11577
f 11580/11580 11573/11573 11579/11579
f 11587/11587 11588/11588 11586/11586
f 11586/11586 11585/11585 11587/11587
f 11581/11581 11585/11585 11586/11586
f 11581/11581 11582/11582 11583/11583
f 11581/11581 11584/11584 11585/11585
f 11584/11584 11581/11581 11583/11583
f 11589/11589 11590/11590 11591/11591
f 11589/11589 11592/11592 11590/11590
f 11593/11593 11595/11595 11596/11596
f 11593/11593 11594/11594 11595/11595
f 11594/11594 11597/11597 11595/11595
f 11594/11594 11598/11598 11597/11597
f 11604/11604 11602/11602 11606/11606
f 11604/11604 11603/11603 11602/11602
f 11602/11602 11600/11600 11599/11599
f 11603/11603 11600/11600 11602/11602
f 11599/11599 11601/11601 11605/11605
f 11599/11599 11600/11600 11601/11601
f 11607/11607 11599/11599 11605/11605
f 11612/11612 11611/11611 11610/11610
f 11610/11610 11611/11611 11608/11608
f 11608/11608 11609/11609 11610/11610
f 11621/11621 11619/11619 11622/11622
f 11613/11613 11619/11619 11621/11621
f 11618/11618 11619/11619 11613/11613
f 11615/11615 11623/11623 11618/11618
f 11613/11613 11615/11615 11618/11618
f 11623/11623 11615/11615 11624/11624
f 11620/11620 11624/11624 11615/11615
f 11614/11614 11620/11620 11615/11615
f 11613/11613 11614/11614 11615/11615
f 11614/11614 11613/11613 11616/11616
f 11617/11617 11614/11614 11616/11616
f 11617/11617 11625/11625 11614/11614
f 11626/11626 11625/11625 11617/11617
f 11643/11643 11647/11647 11648/11648
f 11641/11641 11647/11647 11643/11643
f 11645/11645 11642/11642 11643/11643
f 11642/11642 11645/11645 11646/11646
f 11642/11642 11641/11641 11643/11643
f 11644/11644 11642/11642 11646/11646
f 11640/11640 11642/11642 11644/11644
f 11640/11640 11641/11641 11642/11642
f 11640/11640 11639/11639 11641/11641
f 11639/11639 11649/11649 11641/11641
f 11649/11649 11639/11639 11630/11630
f 11636/11636 11630/11630 11639/11639
f 11635/11635 11630/11630 11636/11636
f 11635/11635 11636/11636 11638/11638
f 11635/11635 11634/11634 11630/11630
f 11630/11630 11634/11634 11633/11633
f 11633/11633 11634/11634 11637/11637
f 11634/11634 11638/11638 11637/11637
f 11650/11650 11651/11651 11652/11652
f 11630/11630 11628/11628 11627/11627
f 11627/11627 11628/11628 11629/11629
f 11628/11628 11630/11630 11631/11631
f 11633/11633 11632/11632 11630/11630
f 11630/11630 11632/11632 11631/11631
f 11664/11664 11666/11666 11665/11665
f 11664/11664 11665/11665 11662/11662
f 11662/11662 11659/11659 11664/11664
f 11661/11661 11659/11659 11662/11662
f 11659/11659 11661/11661 11660/11660
f 11653/11653 11654/11654 11655/11655
f 11655/11655 11654/11654 11656/11656
f 11657/11657 11654/11654 11653/11653
f 11657/11657 11653/11653 11670/11670
f 11670/11670 11653/11653 11671/11671
f 11663/11663 11670/11670 11671/11671
f 11658/11658 11659/11659 11660/11660
f 11658/11658 11663/11663 11659/11659
f 11667/11667 11670/11670 11663/11663
f 11667/11667 11663/11663 11658/11658
f 11668/11668 11667/11667 11658/11658
f 11669/11669 11667/11667 11668/11668
f 11672/11672 11673/11673 11674/11674
f 11674/11674 11675/11675 11678/11678
f 11675/11675 11674/11674 11673/11673
f 11676/11676 11672/11672 11674/11674
f 11676/11676 11677/11677 11672/11672
f 11680/11680 11683/11683 11681/11681
f 11680/11680 11679/11679 11682/11682
f 11679/11679 11680/11680 11681/11681
f 11679/11679 11681/11681 11685/11685
f 11682/11682 11679/11679 11684/11684
f 11688/11688 11687/11687 11689/11689
f 11686/11686 11687/11687 11688/11688
f 11690/11690 11689/11689 11687/11687
f 11686/11686 11690/11690 11687/11687
f 11696/11696 11692/11692 11695/11695
f 11694/11694 11695/11695 11692/11692
f 11691/11691 11692/11692 11693/11693
f 11694/11694 11692/11692 11691/11691
f 11697/11697 11699/11699 11700/11700
f 11697/11697 11698/11698 11699/11699
f 11698/11698 11701/11701 11699/11699
f 11710/11710 11704/11704 11709/11709
f 11709/11709 11704/11704 11706/11706
f 11704/11704 11703/11703 11706/11706
f 11702/11702 11703/11703 11704/11704
f 11702/11702 11705/11705 11703/11703
f 11702/11702 11704/11704 11710/11710
f 11711/11711 11710/11710 11709/11709
f 11705/11705 11707/11707 11703/11703
f 11708/11708 11707/11707 11705/11705
f 11713/11713 11715/11715 11714/11714
f 11716/11716 11712/11712 11717/11717
f 11713/11713 11712/11712 11716/11716
f 11712/11712 11713/11713 11714/11714
f 11722/11722 11723/11723 11719/11719
f 11719/11719 11718/11718 11722/11722
f 11718/11718 11719/11719 11720/11720
f 11720/11720 11726/11726 11718/11718
f 11723/11723 11721/11721 11719/11719
f 11721/11721 11720/11720 11719/11719
f 11721/11721 11724/11724 11720/11720
f 11726/11726 11720/11720 11725/11725
f 11724/11724 11725/11725 11720/11720
f 11725/11725 11727/11727 11726/11726
f 11728/11728 11729/11729 11730/11730
f 11739/11739 11738/11738 11741/11741
f 11737/11737 11738/11738 11739/11739
f 11740/11740 11738/11738 11737/11737
f 11734/11734 11736/11736 11735/11735
f 11734/11734 11735/11735 11731/11731
f 11735/11735 11732/11732 11731/11731
f 11731/11731 11732/11732 11733/11733
f 11742/11742 11743/11743 11744/11744
f 11750/11750 11749/11749 11747/11747
f 11745/11745 11746/11746 11747/11747
f 11748/11748 11747/11747 11746/11746
f 11745/11745 11747/11747 11749/11749
f 11745/11745 11748/11748 11746/11746
f 11751/11751 11752/11752 11753/11753
f 11752/11752 11754/11754 11753/11753
f 11755/11755 11756/11756 11757/11757
f 11761/11761 11762/11762 11763/11763
f 11764/11764 11765/11765 11766/11766
f 11758/11758 11759/11759 11760/11760
f 11768/11768 11770/11770 11769/11769
f 11767/11767 11768/11768 11769/11769
f 11771/11771 11767/11767 11769/11769
f 11772/11772 11773/11773 11774/11774
f 11783/11783 11782/11782 11784/11784
f 11778/11778 11782/11782 11781/11781
f 11781/11781 11782/11782 11783/11783
f 11778/11778 11781/11781 11776/11776
f 11778/11778 11775/11775 11779/11779
f 11775/11775 11778/11778 11776/11776
f 11780/11780 11779/11779 11775/11775
f 11793/11793 11794/11794 11795/11795
f 11792/11792 11789/11789 11790/11790
f 11790/11790 11789/11789 11788/11788
f 11775/11775 11776/11776 11777/11777
f 11780/11780 11777/11777 11785/11785
f 11775/11775 11777/11777 11780/11780
f 11791/11791 11785/11785 11786/11786
f 11787/11787 11788/11788 11789/11789
f 11777/11777 11788/11788 11787/11787
f 11786/11786 11785/11785 11777/11777
f 11787/11787 11786/11786 11777/11777
f 11798/11798 11800/11800 11801/11801
f 11798/11798 11797/11797 11800/11800
f 11796/11796 11797/11797 11798/11798
f 11797/11797 11796/11796 11799/11799
f 11802/11802 11796/11796 11798/11798
f 11803/11803 11804/11804 11805/11805
f 11812/11812 11806/11806 11811/11811
f 11806/11806 11807/11807 11808/11808
f 11806/11806 11810/11810 11811/11811
f 11806/11806 11809/11809 11810/11810
f 11809/11809 11806/11806 11808/11808
f 11809/11809 11813/11813 11814/11814
f 11809/11809 11808/11808 11813/11813
f 11818/11818 11820/11820 11821/11821
f 11816/11816 11820/11820 11818/11818
f 11817/11817 11816/11816 11818/11818
f 11815/11815 11816/11816 11817/11817
f 11815/11815 11819/11819 11816/11816
f 11815/11815 11822/11822 11819/11819
f 11823/11823 11819/11819 11822/11822
f 11824/11824 11829/11829 11828/11828
f 11829/11829 11824/11824 11830/11830
f 11831/11831 11824/11824 11833/11833
f 11824/11824 11831/11831 11830/11830
f 11832/11832 11833/11833 11826/11826
f 11835/11835 11836/11836 11837/11837
f 11824/11824 11825/11825 11826/11826
f 11825/11825 11832/11832 11826/11826
f 11824/11824 11828/11828 11827/11827
f 11827/11827 11825/11825 11824/11824
f 11834/11834 11825/11825 11827/11827
f 11838/11838 11840/11840 11841/11841
f 11838/11838 11839/11839 11840/11840
f 11842/11842 11843/11843 11844/11844
f 11845/11845 11846/11846 11847/11847
f 11848/11848 11849/11849 11850/11850
f 11849/11849 11851/11851 11850/11850
f 11852/11852 11850/11850 11851/11851
f 11850/11850 11852/11852 11848/11848
f 11853/11853 11848/11848 11852/11852
f 11853/11853 11852/11852 11854/11854
f 11854/11854 11855/11855 11853/11853
f 11856/11856 11857/11857 11858/11858
f 11859/11859 11856/11856 11858/11858
f 11860/11860 11861/11861 11862/11862
f 11860/11860 11862/11862 11863/11863
f 11864/11864 11865/11865 11866/11866
f 11864/11864 11866/11866 11867/11867
f 11868/11868 11867/11867 11866/11866
f 11869/11869 11870/11870 11871/11871
f 11872/11872 11873/11873 11874/11874
f 11875/11875 11874/11874 11873/11873
f 11880/11880 11881/11881 11882/11882
f 11876/11876 11877/11877 11878/11878
f 11878/11878 11879/11879 11876/11876
f 11883/11883 11884/11884 11885/11885
f 11885/11885 11886/11886 11883/11883
f 11887/11887 11888/11888 11889/11889
f 11890/11890 11891/11891 11892/11892
f 11893/11893 11894/11894 11895/11895
f 11896/11896 11897/11897 11898/11898
f 11900/11900 11899/11899 11902/11902
f 11899/11899 11900/11900 11901/11901
f 11903/11903 11904/11904 11905/11905
f 11908/11908 11911/11911 11909/11909
f 11909/11909 11906/11906 11908/11908
f 11906/11906 11907/11907 11908/11908
f 11910/11910 11909/11909 11911/11911
f 11912/11912 11913/11913 11914/11914
f 11915/11915 11913/11913 11912/11912
f 11922/11922 11917/11917 11923/11923
f 11917/11917 11922/11922 11921/11921
f 11916/11916 11917/11917 11918/11918
f 11918/11918 11917/11917 11921/11921
f 11918/11918 11919/11919 11916/11916
f 11918/11918 11920/11920 11919/11919
f 11924/11924 11925/11925 11926/11926
f 11930/11930 11929/11929 11928/11928
f 11927/11927 11928/11928 11929/11929
f 11927/11927 11932/11932 11928/11928
f 11939/11939 11932/11932 11933/11933
f 11934/11934 11933/11933 11927/11927
f 11932/11932 11927/11927 11933/11933
f 11935/11935 11933/11933 11934/11934
f 11936/11936 11931/11931 11937/11937
f 11936/11936 11937/11937 11938/11938
f 11927/11927 11929/11929 11931/11931
f 11936/11936 11927/11927 11931/11931
f 11940/11940 11941/11941 11942/11942
f 11943/11943 11946/11946 11944/11944
f 11943/11943 11944/11944 11945/11945
f 11944/11944 11947/11947 11945/11945
f 11950/11950 11952/11952 11951/11951
f 11950/11950 11951/11951 11948/11948
f 11953/11953 11952/11952 11950/11950
f 11948/11948 11949/11949 11950/11950
f 11950/11950 11949/11949 11953/11953
f 11954/11954 11953/11953 11949/11949
f 11958/11958 11955/11955 11957/11957
f 11955/11955 11956/11956 11957/11957
f 11960/11960 11955/11955 11959/11959
f 11961/11961 11960/11960 11959/11959
f 11959/11959 11955/11955 11958/11958
f 11975/11975 11979/11979 11978/11978
f 11975/11975 11980/11980 11979/11979
f 11975/11975 11978/11978 11976/11976
f 11975/11975 11976/11976 11973/11973
f 11964/11964 11971/11971 11970/11970
f 11976/11976 11977/11977 11973/11973
f 11973/11973 11972/11972 11975/11975
f 11968/11968 11964/11964 11970/11970
f 11968/11968 11970/11970 11969/11969
f 11962/11962 11963/11963 11964/11964
f 11966/11966 11968/11968 11969/11969
f 11972/11972 11973/11973 11974/11974
f 11966/11966 11964/11964 11968/11968
f 11972/11972 11980/11980 11975/11975
f 11964/11964 11965/11965 11962/11962
f 11965/11965 11964/11964 11966/11966
f 11967/11967 11965/11965 11966/11966
f 11983/11983 11985/11985 11987/11987
f 11983/11983 11982/11982 11985/11985
f 11981/11981 11982/11982 11983/11983
f 11984/11984 11986/11986 11982/11982
f 11981/11981 11984/11984 11982/11982
f 11997/11997 11994/11994 11998/11998
f 11995/11995 11994/11994 11997/11997
f 11989/11989 11994/11994 11993/11993
f 11993/11993 11994/11994 11995/11995
f 11993/11993 11995/11995 11996/11996
f 11991/11991 11989/11989 11988/11988
f 11990/11990 11989/11989 11992/11992
f 11988/11988 11989/11989 11990/11990
f 11992/11992 11989/11989 11993/11993
f 11999/11999 12000/12000 12001/12001
f 12005/12005 12006/12006 12003/12003
f 12002/12002 12003/12003 12004/12004
f 12005/12005 12003/12003 12002/12002
f 12007/12007 12002/12002 12004/12004
f 12008/12008 12009/12009 12010/12010
f 12012/12012 12013/12013 12014/12014
f 12008/12008 12011/12011 12009/12009
f 12015/12015 12012/12012 12014/12014
f 12016/12016 12018/12018 12019/12019
f 12017/12017 12020/12020 12018/12018
f 12016/12016 12017/12017 12018/12018
f 12021/12021 12020/12020 12017/12017
f 12022/12022 12023/12023 12024/12024
f 12022/12022 12025/12025 12023/12023
f 12029/12029 12025/12025 12022/12022
f 12026/12026 12025/12025 12029/12029
f 12026/12026 12027/12027 12025/12025
f 12026/12026 12028/12028 12027/12027
f 12028/12028 12030/12030 12027/12027
f 12034/12034 12033/12033 12032/12032
f 12031/12031 12032/12032 12033/12033
f 12035/12035 12041/12041 12042/12042
f 12041/12041 12043/12043 12044/12044
f 12041/12041 12037/12037 12043/12043
f 12035/12035 12037/12037 12041/12041
f 12035/12035 12036/12036 12037/12037
f 12035/12035 12039/12039 12036/12036
f 12037/12037 12036/12036 12038/12038
f 12040/12040 12037/12037 12038/12038
f 12048/12048 12046/12046 12050/12050
f 12046/12046 12048/12048 12047/12047
f 12045/12045 12046/12046 12047/12047
f 12049/12049 12045/12045 12047/12047
f 12049/12049 12051/12051 12045/12045
f 12052/12052 12053/12053 12054/12054
f 12055/12055 12056/12056 12057/12057
f 12058/12058 12057/12057 12056/12056
f 12067/12067 12064/12064 12061/12061
f 12061/12061 12068/12068 12067/12067
f 12061/12061 12063/12063 12068/12068
f 12060/12060 12063/12063 12061/12061
f 12059/12059 12060/12060 12061/12061
f 12059/12059 12061/12061 12064/12064
f 12059/12059 12062/12062 12060/12060
f 12059/12059 12065/12065 12062/12062
f 12065/12065 12066/12066 12062/12062
f 12084/12084 12082/12082 12085/12085
f 12084/12084 12081/12081 12082/12082
f 12084/12084 12098/12098 12109/12109
f 12082/12082 12081/12081 12080/12080
f 12102/12102 12101/12101 12110/12110
f 12101/12101 12111/12111 12110/12110
f 12069/12069 12073/12073 12070/12070
f 12073/12073 12069/12069 12074/12074
f 12092/12092 12094/12094 12096/12096
f 12093/12093 12094/12094 12092/12092
f 12078/12078 12080/12080 12079/12079
f 12079/12079 12076/12076 12078/12078
f 12079/12079 12080/12080 12081/12081
f 12098/12098 12115/12115 12113/12113
f 12098/12098 12088/12088 12109/12109
f 12100/12100 12101/12101 12102/12102
f 12100/12100 12099/12099 12101/12101
f 12078/12078 12099/12099 12100/12100
f 12083/12083 12099/12099 12078/12078
f 12099/12099 12083/12083 12091/12091
f 12076/12076 12077/12077 12078/12078
f 12107/12107 12105/12105 12106/12106
f 12103/12103 12105/12105 12104/12104
f 12106/12106 12108/12108 12107/12107
f 12072/12072 12071/12071 12070/12070
f 12069/12069 12070/12070 12071/12071
f 12106/12106 12105/12105 12103/12103
f 12103/12103 12104/12104 12091/12091
f 12069/12069 12071/12071 12075/12075
f 12096/12096 12103/12103 12092/12092
f 12076/12076 12083/12083 12077/12077
f 12091/12091 12104/12104 12099/12099
f 12091/12091 12083/12083 12079/12079
f 12092/12092 12103/12103 12091/12091
f 12090/12090 12092/12092 12091/12091
f 12090/12090 12091/12091 12087/12087
f 12079/12079 12083/12083 12076/12076
f 12079/12079 12087/12087 12091/12091
f 12086/12086 12087/12087 12088/12088
f 12089/12089 12087/12087 12086/12086
f 12112/12112 12098/12098 12113/12113
f 12086/12086 12088/12088 12098/12098
f 12097/12097 12086/12086 12098/12098
f 12112/12112 12097/12097 12098/12098
f 12095/12095 12086/12086 12097/12097
f 12112/12112 12095/12095 12097/12097
f 12090/12090 12093/12093 12092/12092
f 12089/12089 12090/12090 12087/12087
f 12095/12095 12089/12089 12086/12086
f 12089/12089 12095/12095 12116/12116
f 12095/12095 12112/12112 12114/12114
f 12095/12095 12114/12114 12116/12116
f 12089/12089 12116/12116 12114/12114
f 12122/12122 12121/12121 12118/12118
f 12118/12118 12121/12121 12119/12119
f 12124/12124 12127/12127 12126/12126
f 12117/12117 12118/12118 12119/12119
f 12125/12125 12124/12124 12126/12126
f 12124/12124 12123/12123 12129/12129
f 12123/12123 12124/12124 12125/12125
f 12128/12128 12123/12123 12125/12125
f 12119/12119 12120/12120 12117/12117
f 12133/12133 12135/12135 12131/12131
f 12131/12131 12130/12130 12133/12133
f 12130/12130 12131/12131 12132/12132
f 12132/12132 12134/12134 12130/12130
f 12136/12136 12137/12137 12138/12138
f 12147/12147 12143/12143 12148/12148
f 12141/12141 12143/12143 12147/12147
f 12141/12141 12140/12140 12143/12143
f 12142/12142 12141/12141 12147/12147
f 12145/12145 12149/12149 12146/12146
f 12145/12145 12146/12146 12140/12140
f 12149/12149 12145/12145 12150/12150
f 12139/12139 12145/12145 12140/12140
f 12139/12139 12140/12140 12141/12141
f 12142/12142 12139/12139 12141/12141
f 12144/12144 12139/12139 12142/12142
f 12155/12155 12153/12153 12152/12152
f 12151/12151 12152/12152 12153/12153
f 12154/12154 12151/12151 12153/12153
f 12160/12160 12157/12157 12156/12156
f 12156/12156 12157/12157 12158/12158
f 12156/12156 12158/12158 12159/12159
f 12161/12161 12162/12162 12163/12163
f 12162/12162 12161/12161 12164/12164
f 12174/12174 12175/12175 12176/12176
f 12171/12171 12172/12172 12173/12173
f 12167/12167 12169/12169 12165/12165
f 12165/12165 12166/12166 12167/12167
f 12165/12165 12168/12168 12166/12166
f 12170/12170 12168/12168 12165/12165
f 12177/12177 12178/12178 12179/12179
f 12180/12180 12181/12181 12182/12182
f 12185/12185 12186/12186 12187/12187
f 12188/12188 12189/12189 12190/12190
f 12183/12183 12184/12184 12185/12185
f 12186/12186 12185/12185 12184/12184
f 12191/12191 12196/12196 12192/12192
f 12191/12191 12192/12192 12193/12193
f 12194/12194 12191/12191 12193/12193
f 12194/12194 12195/12195 12191/12191
f 12203/12203 12202/12202 12208/12208
f 12204/12204 12198/12198 12203/12203
f 12198/12198 12202/12202 12203/12203
f 12197/12197 12198/12198 12199/12199
f 12200/12200 12197/12197 12199/12199
f 12197/12197 12202/12202 12198/12198
f 12197/12197 12200/12200 12201/12201
f 12205/12205 12199/12199 12198/12198
f 12205/12205 12206/12206 12199/12199
f 12199/12199 12207/12207 12200/12200
f 12209/12209 12206/12206 12205/12205
f 12210/12210 12206/12206 12209/12209
f 12211/12211 12212/12212 12213/12213
f 12214/12214 12215/12215 12216/12216
f 12215/12215 12214/12214 12217/12217
f 12218/12218 12221/12221 12223/12223
f 12221/12221 12218/12218 12220/12220
f 12218/12218 12219/12219 12220/12220
f 12224/12224 12225/12225 12226/12226
f 12219/12219 12222/12222 12220/12220
f 12227/12227 12228/12228 12229/12229
f 12232/12232 12231/12231 12234/12234
f 12231/12231 12236/12236 12234/12234
f 12230/12230 12231/12231 12232/12232
f 12230/12230 12232/12232 12233/12233
f 12235/12235 12231/12231 12230/12230
f 12250/12250 12245/12245 12242/12242
f 12247/12247 12249/12249 12248/12248
f 12237/12237 12247/12247 12248/12248
f 12237/12237 12246/12246 12247/12247
f 12240/12240 12238/12238 12242/12242
f 12237/12237 12238/12238 12239/12239
f 12240/12240 12239/12239 12238/12238
f 12239/12239 12243/12243 12237/12237
f 12239/12239 12240/12240 12241/12241
f 12244/12244 12246/12246 12237/12237
f 12243/12243 12244/12244 12237/12237
f 12245/12245 12240/12240 12242/12242
f 12251/12251 12253/12253 12254/12254
f 12251/12251 12252/12252 12253/12253
f 12255/12255 12254/12254 12253/12253
f 12256/12256 12257/12257 12258/12258
f 12259/12259 12257/12257 12256/12256
f 12260/12260 12261/12261 12262/12262
f 12263/12263 12264/12264 12265/12265
f 12268/12268 12271/12271 12270/12270
f 12269/12269 12268/12268 12270/12270
f 12266/12266 12268/12268 12269/12269
f 12274/12274 12267/12267 12273/12273
f 12275/12275 12267/12267 12274/12274
f 12266/12266 12267/12267 12268/12268
f 12267/12267 12266/12266 12272/12272
f 12273/12273 12267/12267 12272/12272
f 12280/12280 12281/12281 12282/12282
f 12276/12276 12277/12277 12278/12278
f 12278/12278 12277/12277 12279/12279
f 12284/12284 12286/12286 12285/12285
f 12283/12283 12284/12284 12285/12285
f 12287/12287 12283/12283 12285/12285
f 12288/12288 12283/12283 12287/12287
f 12293/12293 12289/12289 12294/12294
f 12289/12289 12290/12290 12291/12291
f 12290/12290 12289/12289 12293/12293
f 12290/12290 12292/12292 12291/12291
f 12295/12295 12290/12290 12296/12296
f 12295/12295 12292/12292 12290/12290
f 12297/12297 12298/12298 12299/12299
f 12300/12300 12301/12301 12302/12302
f 12304/12304 12307/12307 12305/12305
f 12303/12303 12304/12304 12305/12305
f 12305/12305 12306/12306 12303/12303
f 12303/12303 12306/12306 12308/12308
f 12313/12313 12312/12312 12311/12311
f 12311/12311 12312/12312 12309/12309
f 12310/12310 12316/12316 12311/12311
f 12310/12310 12317/12317 12316/12316
f 12318/12318 12319/12319 12320/12320
f 12319/12319 12318/12318 12321/12321
f 12315/12315 12310/12310 12314/12314
f 12309/12309 12310/12310 12311/12311
f 12314/12314 12310/12310 12309/12309
f 12322/12322 12323/12323 12324/12324
f 12328/12328 12329/12329 12330/12330
f 12325/12325 12326/12326 12327/12327
f 12331/12331 12336/12336 12332/12332
f 12337/12337 12338/12338 12339/12339
f 12334/12334 12333/12333 12335/12335
f 12331/12331 12332/12332 12333/12333
f 12334/12334 12331/12331 12333/12333
f 12343/12343 12342/12342 12341/12341
f 12343/12343 12341/12341 12345/12345
f 12340/12340 12341/12341 12342/12342
f 12346/12346 12345/12345 12341/12341
f 12341/12341 12340/12340 12344/12344
f 12340/12340 12350/12350 12349/12349
f 12351/12351 12352/12352 12353/12353
f 12344/12344 12340/12340 12349/12349
f 12346/12346 12341/12341 12348/12348
f 12347/12347 12345/12345 12346/12346
f 12348/12348 12341/12341 12344/12344
f 12358/12358 12359/12359 12360/12360
f 12356/12356 12355/12355 12357/12357
f 12354/12354 12355/12355 12356/12356
f 12366/12366 12365/12365 12363/12363
f 12361/12361 12363/12363 12365/12365
f 12363/12363 12362/12362 12364/12364
f 12361/12361 12362/12362 12363/12363
f 12376/12376 12373/12373 12372/12372
f 12371/12371 12372/12372 12373/12373
f 12374/12374 12372/12372 12371/12371
f 12373/12373 12375/12375 12371/12371
f 12369/12369 12370/12370 12362/12362
f 12361/12361 12367/12367 12362/12362
f 12368/12368 12369/12369 12362/12362
f 12368/12368 12362/12362 12367/12367
f 12378/12378 12380/12380 12381/12381
f 12382/12382 12378/12378 12383/12383
f 12378/12378 12382/12382 12379/12379
f 12377/12377 12380/12380 12378/12378
f 12377/12377 12378/12378 12379/12379
f 12386/12386 12389/12389 12384/12384
f 12384/12384 12385/12385 12386/12386
f 12388/12388 12387/12387 12385/12385
f 12387/12387 12386/12386 12385/12385
f 12390/12390 12391/12391 12392/12392
f 12393/12393 12394/12394 12395/12395
f 12396/12396 12397/12397 12398/12398
f 12400/12400 12404/12404 12401/12401
f 12399/12399 12400/12400 12401/12401
f 12403/12403 12402/12402 12401/12401
f 12401/12401 12402/12402 12399/12399
f 12409/12409 12405/12405 12407/12407
f 12405/12405 12406/12406 12407/12407
f 12405/12405 12408/12408 12406/12406
f 12410/12410 12406/12406 12408/12408
f 12412/12412 12418/12418 12422/12422
f 12418/12418 12412/12412 12417/12417
f 12416/12416 12417/12417 12412/12412
f 12416/12416 12412/12412 12415/12415
f 12413/12413 12412/12412 12419/12419
f 12412/12412 12422/12422 12419/12419
f 12411/12411 12412/12412 12413/12413
f 12412/12412 12411/12411 12415/12415
f 12411/12411 12413/12413 12414/12414
f 12419/12419 12414/12414 12413/12413
f 12414/12414 12419/12419 12420/12420
f 12420/12420 12419/12419 12421/12421
f 12432/12432 12433/12433 12434/12434
f 12425/12425 12427/12427 12431/12431
f 12430/12430 12427/12427 12424/12424
f 12424/12424 12427/12427 12425/12425
f 12423/12423 12425/12425 12426/12426
f 12423/12423 12424/12424 12425/12425
f 12428/12428 12423/12423 12426/12426
f 12428/12428 12429/12429 12423/12423
f 12438/12438 12439/12439 12440/12440
f 12435/12435 12436/12436 12437/12437
f 12441/12441 12442/12442 12443/12443
f 12444/12444 12441/12441 12443/12443
f 12445/12445 12446/12446 12447/12447
f 12448/12448 12445/12445 12447/12447
f 12449/12449 12450/12450 12451/12451
f 12452/12452 12453/12453 12454/12454
f 12455/12455 12456/12456 12457/12457
f 12458/12458 12461/12461 12463/12463
f 12460/12460 12462/12462 12461/12461
f 12458/12458 12460/12460 12461/12461
f 12458/12458 12459/12459 12460/12460
f 12464/12464 12458/12458 12463/12463
f 12465/12465 12464/12464 12463/12463
f 12467/12467 12469/12469 12468/12468
f 12466/12466 12467/12467 12468/12468
f 12470/12470 12467/12467 12466/12466
f 12471/12471 12472/12472 12473/12473
f 12474/12474 12473/12473 12472/12472
f 12480/12480 12481/12481 12475/12475
f 12475/12475 12479/12479 12480/12480
f 12479/12479 12475/12475 12477/12477
f 12476/12476 12475/12475 12478/12478
f 12475/12475 12476/12476 12477/12477
f 12482/12482 12483/12483 12484/12484
f 12482/12482 12485/12485 12483/12483
f 12486/12486 12487/12487 12488/12488
f 12486/12486 12489/12489 12487/12487
f 12490/12490 12491/12491 12492/12492
f 12499/12499 12496/12496 12500/12500
f 12496/12496 12493/12493 12498/12498
f 12494/12494 12496/12496 12499/12499
f 12493/12493 12494/12494 12495/12495
f 12494/12494 12493/12493 12496/12496
f 12493/12493 12495/12495 12497/12497
f 12509/12509 12504/12504 12510/12510
f 12504/12504 12502/12502 12506/12506
f 12511/12511 12512/12512 12501/12501
f 12501/12501 12513/12513 12502/12502
f 12513/12513 12501/12501 12512/12512
f 12503/12503 12502/12502 12504/12504
f 12509/12509 12503/12503 12504/12504
f 12501/12501 12502/12502 12503/12503
f 12507/12507 12511/12511 12501/12501
f 12511/12511 12507/12507 12514/12514
f 12501/12501 12503/12503 12505/12505
f 12505/12505 12508/12508 12507/12507
f 12505/12505 12507/12507 12501/12501
f 12515/12515 12516/12516 12517/12517
f 12516/12516 12515/12515 12518/12518
f 12522/12522 12521/12521 12520/12520
f 12519/12519 12520/12520 12521/12521
f 12521/12521 12523/12523 12519/12519
f 12524/12524 12525/12525 12526/12526
f 12525/12525 12527/12527 12526/12526
f 12528/12528 12530/12530 12532/12532
f 12531/12531 12529/12529 12528/12528
f 12528/12528 12529/12529 12530/12530
f 12537/12537 12538/12538 12533/12533
f 12535/12535 12537/12537 12533/12533
f 12534/12534 12536/12536 12535/12535
f 12533/12533 12534/12534 12535/12535
f 12540/12540 12545/12545 12543/12543
f 12540/12540 12543/12543 12544/12544
f 12540/12540 12544/12544 12541/12541
f 12539/12539 12540/12540 12541/12541
f 12546/12546 12540/12540 12539/12539
f 12539/12539 12541/12541 12542/12542
f 12563/12563 12568/12568 12566/12566
f 12559/12559 12563/12563 12566/12566
f 12563/12563 12559/12559 12562/12562
f 12561/12561 12564/12564 12562/12562
f 12559/12559 12561/12561 12562/12562
f 12566/12566 12567/12567 12559/12559
f 12549/12549 12551/12551 12550/12550
f 12559/12559 12560/12560 12561/12561
f 12556/12556 12557/12557 12558/12558
f 12561/12561 12565/12565 12564/12564
f 12555/12555 12548/12548 12554/12554
f 12552/12552 12554/12554 12548/12548
f 12552/12552 12548/12548 12547/12547
f 12547/12547 12548/12548 12549/12549
f 12552/12552 12547/12547 12553/12553
f 12547/12547 12549/12549 12550/12550
f 12579/12579 12580/12580 12581/12581
f 12569/12569 12570/12570 12571/12571
f 12582/12582 12583/12583 12584/12584
f 12572/12572 12573/12573 12571/12571
f 12574/12574 12572/12572 12571/12571
f 12575/12575 12570/12570 12569/12569
f 12569/12569 12573/12573 12575/12575
f 12576/12576 12575/12575 12573/12573
f 12577/12577 12572/12572 12578/12578
f 12574/12574 12578/12578 12572/12572
f 12573/12573 12572/12572 12576/12576
f 12594/12594 12595/12595 12596/12596
f 12595/12595 12597/12597 12596/12596
f 12585/12585 12586/12586 12587/12587
f 12587/12587 12586/12586 12588/12588
f 12588/12588 12589/12589 12587/12587
f 12590/12590 12591/12591 12592/12592
f 12586/12586 12585/12585 12593/12593
f 12602/12602 12599/12599 12605/12605
f 12602/12602 12601/12601 12599/12599
f 12606/12606 12605/12605 12599/12599
f 12600/12600 12601/12601 12603/12603
f 12600/12600 12599/12599 12601/12601
f 12601/12601 12604/12604 12603/12603
f 12598/12598 12599/12599 12600/12600
f 12607/12607 12605/12605 12606/12606
f 12610/12610 12611/12611 12608/12608
f 12608/12608 12609/12609 12610/12610
f 12612/12612 12610/12610 12609/12609
f 12613/12613 12617/12617 12614/12614
f 12613/12613 12614/12614 12615/12615
f 12615/12615 12616/12616 12613/12613
f 12621/12621 12619/12619 12618/12618
f 12618/12618 12619/12619 12620/12620
f 12620/12620 12619/12619 12622/12622
f 12623/12623 12624/12624 12625/12625
f 12624/12624 12623/12623 12626/12626
f 12628/12628 12627/12627 12630/12630
f 12627/12627 12628/12628 12629/12629
f 12631/12631 12632/12632 12633/12633
f 12640/12640 12641/12641 12642/12642
f 12641/12641 12640/12640 12639/12639
f 12640/12640 12636/12636 12639/12639
f 12635/12635 12639/12639 12636/12636
f 12637/12637 12635/12635 12634/12634
f 12634/12634 12635/12635 12636/12636
f 12651/12651 12652/12652 12653/12653
f 12642/12642 12643/12643 12640/12640
f 12644/12644 12640/12640 12643/12643
f 12644/12644 12643/12643 12645/12645
f 12645/12645 12646/12646 12644/12644
f 12646/12646 12649/12649 12644/12644
f 12645/12645 12647/12647 12646/12646
f 12637/12637 12634/12634 12638/12638
f 12650/12650 12646/12646 12648/12648
f 12646/12646 12650/12650 12649/12649
f 12648/12648 12646/12646 12647/12647
f 12658/12658 12659/12659 12661/12661
f 12659/12659 12658/12658 12655/12655
f 12655/12655 12658/12658 12656/12656
f 12654/12654 12655/12655 12656/12656
f 12654/12654 12657/12657 12655/12655
f 12657/12657 12654/12654 12660/12660
f 12662/12662 12666/12666 12663/12663
f 12662/12662 12663/12663 12664/12664
f 12662/12662 12664/12664 12665/12665
f 12667/12667 12662/12662 12665/12665
f 12668/12668 12669/12669 12670/12670
f 12671/12671 12672/12672 12673/12673
f 12681/12681 12679/12679 12680/12680
f 12679/12679 12681/12681 12685/12685
f 12686/12686 12679/12679 12685/12685
f 12676/12676 12680/12680 12679/12679
f 12676/12676 12675/12675 12677/12677
f 12674/12674 12676/12676 12679/12679
f 12679/12679 12684/12684 12674/12674
f 12674/12674 12675/12675 12676/12676
f 12686/12686 12687/12687 12679/12679
f 12688/12688 12687/12687 12686/12686
f 12690/12690 12689/12689 12684/12684
f 12689/12689 12690/12690 12691/12691
f 12674/12674 12684/12684 12689/12689
f 12677/12677 12682/12682 12683/12683
f 12675/12675 12678/12678 12677/12677
f 12677/12677 12678/12678 12682/12682
f 12709/12709 12710/12710 12711/12711
f 12700/12700 12704/12704 12693/12693
f 12699/12699 12696/12696 12697/12697
f 12705/12705 12698/12698 12694/12694
f 12706/12706 12705/12705 12707/12707
f 12698/12698 12705/12705 12706/12706
f 12698/12698 12697/12697 12694/12694
f 12694/12694 12697/12697 12696/12696
f 12695/12695 12694/12694 12696/12696
f 12694/12694 12695/12695 12692/12692
f 12712/12712 12709/12709 12711/12711
f 12696/12696 12699/12699 12695/12695
f 12708/12708 12703/12703 12699/12699
f 12701/12701 12700/12700 12692/12692
f 12703/12703 12702/12702 12692/12692
f 12693/12693 12692/12692 12700/12700
f 12692/12692 12693/12693 12694/12694
f 12703/12703 12708/12708 12702/12702
f 12692/12692 12702/12702 12701/12701
f 12713/12713 12714/12714 12715/12715
f 12714/12714 12713/12713 12716/12716
f 12715/12715 12717/12717 12713/12713
f 12719/12719 12713/12713 12717/12717
f 12720/12720 12713/12713 12719/12719
f 12716/12716 12718/12718 12714/12714
f 12722/12722 12728/12728 12729/12729
f 12722/12722 12726/12726 12728/12728
f 12721/12721 12722/12722 12723/12723
f 12722/12722 12724/12724 12723/12723
f 12724/12724 12722/12722 12725/12725
f 12733/12733 12734/12734 12735/12735
f 12731/12731 12732/12732 12728/12728
f 12728/12728 12726/12726 12731/12731
f 12726/12726 12722/12722 12721/12721
f 12723/12723 12724/12724 12727/12727
f 12727/12727 12724/12724 12730/12730
f 12739/12739 12740/12740 12741/12741
f 12736/12736 12737/12737 12738/12738
f 12739/12739 12742/12742 12740/12740
f 12748/12748 12749/12749 12750/12750
f 12749/12749 12752/12752 12751/12751
f 12751/12751 12750/12750 12749/12749
f 12743/12743 12745/12745 12747/12747
f 12744/12744 12743/12743 12746/12746
f 12743/12743 12744/12744 12745/12745
f 12753/12753 12754/12754 12755/12755
f 12760/12760 12764/12764 12762/12762
f 12758/12758 12760/12760 12761/12761
f 12760/12760 12762/12762 12761/12761
f 12758/12758 12763/12763 12759/12759
f 12763/12763 12758/12758 12761/12761
f 12758/12758 12759/12759 12756/12756
f 12756/12756 12757/12757 12758/12758
f 12767/12767 12768/12768 12765/12765
f 12765/12765 12766/12766 12767/12767
f 12769/12769 12770/12770 12771/12771
f 12771/12771 12770/12770 12772/12772
f 12773/12773 12774/12774 12775/12775
f 12776/12776 12777/12777 12778/12778
f 12777/12777 12776/12776 12779/12779
f 12780/12780 12781/12781 12782/12782
f 12783/12783 12786/12786 12784/12784
f 12783/12783 12784/12784 12785/12785
f 12785/12785 12784/12784 12787/12787
f 12789/12789 12787/12787 12784/12784
f 12791/12791 12787/12787 12788/12788
f 12788/12788 12787/12787 12789/12789
f 12789/12789 12790/12790 12788/12788
f 12790/12790 12792/12792 12788/12788
f 12788/12788 12792/12792 12793/12793
f 12799/12799 12797/12797 12794/12794
f 12797/12797 12795/12795 12794/12794
f 12796/12796 12795/12795 12798/12798
f 12794/12794 12795/12795 12796/12796
f 12800/12800 12801/12801 12802/12802
f 12803/12803 12804/12804 12805/12805
f 12803/12803 12806/12806 12804/12804
f 12814/12814 12811/12811 12813/12813
f 12811/12811 12812/12812 12813/12813
f 12815/12815 12816/12816 12817/12817
f 12807/12807 12808/12808 12809/12809
f 12810/12810 12808/12808 12807/12807
f 12823/12823 12818/12818 12820/12820
f 12827/12827 12826/12826 12828/12828
f 12818/12818 12819/12819 12820/12820
f 12825/12825 12826/12826 12827/12827
f 12819/12819 12822/12822 12820/12820
f 12818/12818 12821/12821 12819/12819
f 12822/12822 12819/12819 12824/12824
f 12824/12824 12819/12819 12821/12821
f 12829/12829 12830/12830 12831/12831
f 12832/12832 12833/12833 12834/12834
f 12835/12835 12836/12836 12837/12837
f 12843/12843 12840/12840 12844/12844
f 12838/12838 12840/12840 12843/12843
f 12838/12838 12839/12839 12840/12840
f 12841/12841 12839/12839 12838/12838
f 12841/12841 12845/12845 12839/12839
f 12846/12846 12842/12842 12838/12838
f 12842/12842 12841/12841 12838/12838
f 12847/12847 12851/12851 12848/12848
f 12847/12847 12848/12848 12849/12849
f 12849/12849 12848/12848 12850/12850
f 12849/12849 12853/12853 12847/12847
f 12852/12852 12847/12847 12853/12853
f 12859/12859 12855/12855 12858/12858
f 12855/12855 12859/12859 12860/12860
f 12855/12855 12854/12854 12858/12858
f 12854/12854 12855/12855 12856/12856
f 12854/12854 12857/12857 12861/12861
f 12857/12857 12854/12854 12856/12856
f 12857/12857 12862/12862 12861/12861
f 12866/12866 12865/12865 12864/12864
f 12863/12863 12864/12864 12865/12865
f 12867/12867 12864/12864 12863/12863
f 12880/12880 12877/12877 12881/12881
f 12880/12880 12878/12878 12877/12877
f 12872/12872 12877/12877 12878/12878
f 12877/12877 12872/12872 12868/12868
f 12869/12869 12868/12868 12872/12872
f 12872/12872 12878/12878 12879/12879
f 12868/12868 12869/12869 12870/12870
f 12868/12868 12875/12875 12876/12876
f 12870/12870 12871/12871 12868/12868
f 12868/12868 12871/12871 12875/12875
f 12871/12871 12870/12870 12873/12873
f 12873/12873 12870/12870 12874/12874
f 12874/12874 12882/12882 12873/12873
f 12870/12870 12884/12884 12874/12874
f 12882/12882 12883/12883 12873/12873
f 12885/12885 12886/12886 12887/12887
f 12888/12888 12887/12887 12886/12886
f 12889/12889 12890/12890 12891/12891
f 12890/12890 12892/12892 12891/12891
f 12897/12897 12899/12899 12894/12894
f 12893/12893 12897/12897 12894/12894
f 12893/12893 12894/12894 12895/12895
f 12894/12894 12896/12896 12895/12895
f 12896/12896 12898/12898 12895/12895
f 12903/12903 12902/12902 12904/12904
f 12903/12903 12900/12900 12902/12902
f 12900/12900 12901/12901 12902/12902
f 12902/12902 12901/12901 12905/12905
f 12906/12906 12908/12908 12909/12909
f 12906/12906 12907/12907 12908/12908
f 12914/12914 12916/12916 12919/12919
f 12913/12913 12916/12916 12914/12914
f 12913/12913 12914/12914 12915/12915
f 12914/12914 12919/12919 12920/12920
f 12920/12920 12919/12919 12921/12921
f 12910/12910 12911/12911 12912/12912
f 12917/12917 12913/12913 12915/12915
f 12915/12915 12918/12918 12917/12917
f 12936/12936 12935/12935 12934/12934
f 12934/12934 12935/12935 12933/12933
f 12978/12978 12979/12979 12977/12977
f 12931/12931 12934/12934 12933/12933
f 12932/12932 12931/12931 12933/12933
f 12926/12926 12931/12931 12932/12932
f 12926/12926 12929/12929 12931/12931
f 12923/12923 12929/12929 12926/12926
f 12926/12926 12924/12924 12923/12923
f 12922/12922 12923/12923 12924/12924
f 12977/12977 12976/12976 12978/12978
f 12976/12976 12977/12977 12974/12974
f 12974/12974 12975/12975 12976/12976
f 12923/12923 12930/12930 12929/12929
f 12925/12925 12922/12922 12924/12924
f 12966/12966 12975/12975 12974/12974
f 12928/12928 12924/12924 12926/12926
f 12943/12943 12951/12951 12950/12950
f 12927/12927 12922/12922 12925/12925
f 12966/12966 12974/12974 12953/12953
f 12943/12943 12950/12950 12949/12949
f 12938/12938 12937/12937 12925/12925
f 12939/12939 12937/12937 12938/12938
f 12952/12952 12951/12951 12943/12943
f 12945/12945 12943/12943 12949/12949
f 12943/12943 12945/12945 12944/12944
f 12944/12944 12945/12945 12946/12946
f 12940/12940 12939/12939 12938/12938
f 12942/12942 12943/12943 12944/12944
f 12941/12941 12927/12927 12937/12937
f 12925/12925 12937/12937 12927/12927
f 12953/12953 12955/12955 12966/12966
f 12953/12953 12954/12954 12955/12955
f 12957/12957 12956/12956 12953/12953
f 12962/12962 12965/12965 12972/12972
f 12987/12987 12984/12984 12986/12986
f 12984/12984 12985/12985 12986/12986
f 12959/12959 12965/12965 12962/12962
f 12971/12971 12973/12973 12965/12965
f 12971/12971 12965/12965 12959/12959
f 12954/12954 12953/12953 12956/12956
f 12960/12960 12958/12958 12954/12954
f 12964/12964 12958/12958 12960/12960
f 12959/12959 12962/12962 12955/12955
f 12954/12954 12958/12958 12955/12955
f 12955/12955 12958/12958 12959/12959
f 12963/12963 12959/12959 12958/12958
f 12958/12958 12968/12968 12963/12963
f 12959/12959 12963/12963 12970/12970
f 12969/12969 12968/12968 12958/12958
f 12946/12946 12948/12948 12947/12947
f 12944/12944 12946/12946 12947/12947
f 12961/12961 12956/12956 12957/12957
f 12961/12961 12957/12957 12967/12967
f 12964/12964 12983/12983 12956/12956
f 12961/12961 12964/12964 12956/12956
f 12980/12980 12961/12961 12981/12981
f 12980/12980 12964/12964 12961/12961
f 12982/12982 12964/12964 12980/12980
f 12982/12982 12958/12958 12964/12964
f 12982/12982 12969/12969 12958/12958
f 12991/12991 12989/12989 12988/12988
f 12988/12988 12989/12989 12990/12990
f 12994/12994 12995/12995 12996/12996
f 12992/12992 12988/12988 12990/12990
f 12993/12993 12988/12988 12992/12992
f 12998/12998 12997/12997 13001/13001
f 12997/12997 12998/12998 12999/12999
f 13000/13000 12997/12997 12999/12999
f 13002/13002 13000/13000 13004/13004
f 12999/12999 13004/13004 13000/13000
f 13005/13005 13006/13006 13007/13007
f 13002/13002 12999/12999 12998/12998
f 13002/13002 12998/12998 13003/13003
f 13008/13008 13009/13009 13010/13010
f 13016/13016 13017/13017 13018/13018
f 13011/13011 13015/13015 13014/13014
f 13012/13012 13011/13011 13014/13014
f 13011/13011 13012/13012 13013/13013
f 13019/13019 13020/13020 13021/13021
f 13022/13022 13023/13023 13024/13024
f 13024/13024 13023/13023 13025/13025
f 13026/13026 13027/13027 13028/13028
f 13029/13029 13030/13030 13031/13031
f 13032/13032 13033/13033 13034/13034
f 13037/13037 13036/13036 13038/13038
f 13037/13037 13038/13038 13041/13041
f 13035/13035 13036/13036 13037/13037
f 13039/13039 13035/13035 13037/13037
f 13039/13039 13037/13037 13040/13040
f 13042/13042 13043/13043 13044/13044
f 13048/13048 13047/13047 13046/13046
f 13045/13045 13046/13046 13047/13047
f 13045/13045 13047/13047 13049/13049
f 13049/13049 13050/13050 13045/13045
f 13055/13055 13060/13060 13058/13058
f 13051/13051 13052/13052 13053/13053
f 13054/13054 13052/13052 13051/13051
f 13059/13059 13060/13060 13055/13055
f 13056/13056 13055/13055 13058/13058
f 13055/13055 13056/13056 13057/13057
f 13061/13061 13062/13062 13063/13063
f 13064/13064 13063/13063 13062/13062
f 13070/13070 13069/13069 13073/13073
f 13072/13072 13066/13066 13070/13070
f 13065/13065 13066/13066 13067/13067
f 13066/13066 13069/13069 13070/13070
f 13065/13065 13068/13068 13066/13066
f 13073/13073 13074/13074 13075/13075
f 13069/13069 13074/13074 13073/13073
f 13066/13066 13071/13071 13069/13069
f 13071/13071 13066/13066 13068/13068
f 13076/13076 13077/13077 13078/13078
f 13079/13079 13080/13080 13081/13081
f 13079/13079 13082/13082 13080/13080
f 13086/13086 13084/13084 13089/13089
f 13090/13090 13084/13084 13083/13083
f 13086/13086 13085/13085 13084/13084
f 13083/13083 13084/13084 13085/13085
f 13085/13085 13087/13087 13083/13083
f 13087/13087 13085/13085 13088/13088
f 13092/13092 13094/13094 13093/13093
f 13091/13091 13092/13092 13093/13093
f 13095/13095 13092/13092 13091/13091
f 13096/13096 13097/13097 13098/13098
f 13096/13096 13098/13098 13099/13099
f 13106/13106 13102/13102 13105/13105
f 13108/13108 13100/13100 13111/13111
f 13102/13102 13107/13107 13100/13100
f 13100/13100 13101/13101 13102/13102
f 13108/13108 13101/13101 13100/13100
f 13102/13102 13101/13101 13103/13103
f 13109/13109 13101/13101 13108/13108
f 13103/13103 13101/13101 13104/13104
f 13109/13109 13110/13110 13101/13101
f 13102/13102 13103/13103 13105/13105
f 13115/13115 13117/13117 13118/13118
f 13120/13120 13118/13118 13117/13117
f 13112/13112 13113/13113 13114/13114
f 13112/13112 13114/13114 13115/13115
f 13116/13116 13113/13113 13112/13112
f 13117/13117 13115/13115 13114/13114
f 13119/13119 13117/13117 13114/13114
f 13119/13119 13120/13120 13117/13117
f 13121/13121 13125/13125 13122/13122
f 13121/13121 13122/13122 13123/13123
f 13124/13124 13123/13123 13122/13122
f 13127/13127 13126/13126 13131/13131
f 13126/13126 13127/13127 13128/13128
f 13126/13126 13128/13128 13129/13129
f 13130/13130 13129/13129 13128/13128
f 13136/13136 13133/13133 13137/13137
f 13134/13134 13133/13133 13136/13136
f 13138/13138 13136/13136 13137/13137
f 13143/13143 13144/13144 13145/13145
f 13132/13132 13134/13134 13135/13135
f 13132/13132 13133/13133 13134/13134
f 13135/13135 13139/13139 13132/13132
f 13140/13140 13139/13139 13135/13135
f 13140/13140 13141/13141 13139/13139
f 13139/13139 13142/13142 13138/13138
f 13141/13141 13142/13142 13139/13139
f 13147/13147 13146/13146 13150/13150
f 13146/13146 13147/13147 13148/13148
f 13148/13148 13147/13147 13149/13149
f 13151/13151 13152/13152 13153/13153
f 13153/13153 13154/13154 13151/13151
f 13160/13160 13159/13159 13157/13157
f 13158/13158 13157/13157 13159/13159
f 13157/13157 13158/13158 13155/13155
f 13155/13155 13156/13156 13157/13157
f 13156/13156 13155/13155 13161/13161
f 13164/13164 13161/13161 13162/13162
f 13155/13155 13162/13162 13161/13161
f 13163/13163 13162/13162 13155/13155
f 13165/13165 13167/13167 13168/13168
f 13173/13173 13165/13165 13175/13175
f 13172/13172 13165/13165 13173/13173
f 13166/13166 13165/13165 13172/13172
f 13165/13165 13166/13166 13167/13167
f 13174/13174 13172/13172 13173/13173
f 13169/13169 13167/13167 13166/13166
f 13169/13169 13171/13171 13170/13170
f 13176/13176 13177/13177 13178/13178
f 13169/13169 13170/13170 13167/13167
f 13190/13190 13189/13189 13191/13191
f 13186/13186 13189/13189 13184/13184
f 13188/13188 13189/13189 13190/13190
f 13189/13189 13188/13188 13184/13184
f 13179/13179 13186/13186 13185/13185
f 13184/13184 13185/13185 13186/13186
f 13187/13187 13185/13185 13184/13184
f 13187/13187 13184/13184 13188/13188
f 13182/13182 13179/13179 13185/13185
f 13187/13187 13182/13182 13185/13185
f 13179/13179 13180/13180 13181/13181
f 13182/13182 13180/13180 13179/13179
f 13180/13180 13183/13183 13181/13181
f 13192/13192 13193/13193 13194/13194
f 13194/13194 13195/13195 13192/13192
f 13200/13200 13196/13196 13198/13198
f 13196/13196 13197/13197 13198/13198
f 13199/13199 13197/13197 13196/13196
f 13197/13197 13199/13199 13201/13201
f 13202/13202 13203/13203 13204/13204
f 13207/13207 13209/13209 13208/13208
f 13206/13206 13210/13210 13207/13207
f 13210/13210 13206/13206 13205/13205
f 13208/13208 13205/13205 13207/13207
f 13205/13205 13206/13206 13207/13207
f 13211/13211 13205/13205 13208/13208
f 13211/13211 13210/13210 13205/13205
f 13212/13212 13213/13213 13214/13214
f 13221/13221 13225/13225 13223/13223
f 13215/13215 13216/13216 13217/13217
f 13216/13216 13215/13215 13218/13218
f 13218/13218 13220/13220 13219/13219
f 13224/13224 13222/13222 13216/13216
f 13218/13218 13219/13219 13216/13216
f 13217/13217 13216/13216 13222/13222
f 13221/13221 13215/13215 13217/13217
f 13221/13221 13223/13223 13215/13215
f 13228/13228 13227/13227 13230/13230
f 13228/13228 13230/13230 13231/13231
f 13231/13231 13232/13232 13228/13228
f 13228/13228 13229/13229 13226/13226
f 13226/13226 13227/13227 13228/13228
f 13228/13228 13233/13233 13229/13229
f 13246/13246 13242/13242 13245/13245
f 13245/13245 13242/13242 13234/13234
f 13248/13248 13249/13249 13250/13250
f 13250/13250 13249/13249 13251/13251
f 13238/13238 13237/13237 13241/13241
f 13236/13236 13238/13238 13247/13247
f 13234/13234 13235/13235 13236/13236
f 13238/13238 13236/13236 13237/13237
f 13235/13235 13237/13237 13236/13236
f 13240/13240 13234/13234 13242/13242
f 13239/13239 13234/13234 13240/13240
f 13235/13235 13234/13234 13239/13239
f 13240/13240 13243/13243 13244/13244
f 13240/13240 13242/13242 13243/13243
f 13258/13258 13257/13257 13253/13253
f 13256/13256 13253/13253 13257/13257
f 13253/13253 13256/13256 13254/13254
f 13252/13252 13255/13255 13253/13253
f 13252/13252 13253/13253 13254/13254
f 13259/13259 13260/13260 13261/13261
f 13262/13262 13263/13263 13264/13264
f 13264/13264 13263/13263 13267/13267
f 13262/13262 13265/13265 13263/13263
f 13265/13265 13266/13266 13263/13263
f 13268/13268 13269/13269 13270/13270
f 13281/13281 13284/13284 13282/13282
f 13282/13282 13273/13273 13281/13281
f 13282/13282 13284/13284 13283/13283
f 13273/13273 13282/13282 13283/13283
f 13281/13281 13279/13279 13285/13285
f 13273/13273 13279/13279 13281/13281
f 13279/13279 13278/13278 13280/13280
f 13273/13273 13278/13278 13279/13279
f 13278/13278 13273/13273 13272/13272
f 13271/13271 13272/13272 13273/13273
f 13271/13271 13273/13273 13274/13274
f 13275/13275 13271/13271 13274/13274
f 13276/13276 13271/13271 13275/13275
f 13275/13275 13277/13277 13276/13276
f 13286/13286 13287/13287 13288/13288
f 13286/13286 13289/13289 13287/13287
f 13293/13293 13294/13294 13295/13295
f 13296/13296 13297/13297 13298/13298
f 13290/13290 13291/13291 13292/13292
f 13299/13299 13300/13300 13301/13301
f 13306/13306 13307/13307 13308/13308
f 13302/13302 13303/13303 13304/13304
f 13302/13302 13304/13304 13305/13305
f 13309/13309 13312/13312 13310/13310
f 13311/13311 13310/13310 13313/13313
f 13309/13309 13310/13310 13311/13311
f 13316/13316 13318/13318 13314/13314
f 13315/13315 13314/13314 13317/13317
f 13314/13314 13315/13315 13316/13316
f 13320/13320 13322/13322 13321/13321
f 13319/13319 13320/13320 13321/13321
f 13323/13323 13324/13324 13325/13325
f 13326/13326 13330/13330 13327/13327
f 13331/13331 13332/13332 13333/13333
f 13326/13326 13327/13327 13328/13328
f 13327/13327 13329/13329 13328/13328
f 13336/13336 13335/13335 13337/13337
f 13338/13338 13339/13339 13340/13340
f 13340/13340 13339/13339 13341/13341
f 13334/13334 13335/13335 13336/13336
f 13342/13342 13343/13343 13344/13344
f 13348/13348 13349/13349 13350/13350
f 13348/13348 13351/13351 13349/13349
f 13345/13345 13346/13346 13347/13347
f 13352/13352 13353/13353 13354/13354
f 13355/13355 13353/13353 13352/13352
f 13354/13354 13356/13356 13352/13352
f 13356/13356 13355/13355 13352/13352
f 13357/13357 13358/13358 13359/13359
f 13360/13360 13358/13358 13357/13357
f 13368/13368 13365/13365 13366/13366
f 13362/13362 13366/13366 13365/13365
f 13363/13363 13362/13362 13365/13365
f 13361/13361 13362/13362 13363/13363
f 13364/13364 13361/13361 13363/13363
f 13367/13367 13361/13361 13364/13364
f 13371/13371 13370/13370 13372/13372
f 13369/13369 13370/13370 13371/13371
f 13371/13371 13373/13373 13369/13369
f 13376/13376 13375/13375 13377/13377
f 13374/13374 13375/13375 13376/13376
f 13388/13388 13389/13389 13390/13390
f 13388/13388 13391/13391 13389/13389
f 13379/13379 13382/13382 13380/13380
f 13382/13382 13386/13386 13380/13380
f 13387/13387 13386/13386 13382/13382
f 13378/13378 13379/13379 13380/13380
f 13379/13379 13378/13378 13381/13381
f 13383/13383 13379/13379 13381/13381
f 13381/13381 13384/13384 13383/13383
f 13384/13384 13381/13381 13385/13385
f 13392/13392 13394/13394 13395/13395
f 13392/13392 13393/13393 13394/13394
f 13393/13393 13392/13392 13396/13396
f 13397/13397 13398/13398 13399/13399
f 13400/13400 13397/13397 13399/13399
f 13406/13406 13407/13407 13408/13408
f 13401/13401 13407/13407 13406/13406
f 13402/13402 13401/13401 13406/13406
f 13401/13401 13402/13402 13403/13403
f 13404/13404 13401/13401 13403/13403
f 13404/13404 13403/13403 13405/13405
f 13419/13419 13417/13417 13418/13418
f 13419/13419 13420/13420 13417/13417
f 13417/13417 13416/13416 13418/13418
f 13416/13416 13417/13417 13415/13415
f 13421/13421 13420/13420 13419/13419
f 13413/13413 13416/13416 13415/13415
f 13415/13415 13409/13409 13413/13413
f 13413/13413 13409/13409 13411/13411
f 13409/13409 13410/13410 13411/13411
f 13411/13411 13410/13410 13412/13412
f 13413/13413 13411/13411 13414/13414
f 13430/13430 13429/13429 13427/13427
f 13426/13426 13427/13427 13422/13422
f 13429/13429 13431/13431 13428/13428
f 13429/13429 13428/13428 13427/13427
f 13422/13422 13427/13427 13428/13428
f 13425/13425 13422/13422 13424/13424
f 13422/13422 13423/13423 13424/13424
f 13425/13425 13426/13426 13422/13422
f 13432/13432 13426/13426 13425/13425
f 13437/13437 13436/13436 13435/13435
f 13433/13433 13434/13434 13435/13435
f 13435/13435 13436/13436 13433/13433
f 13433/13433 13438/13438 13434/13434
f 13439/13439 13434/13434 13438/13438
f 13441/13441 13444/13444 13443/13443
f 13443/13443 13442/13442 13441/13441
f 13440/13440 13441/13441 13442/13442
f 13448/13448 13449/13449 13450/13450
f 13440/13440 13442/13442 13445/13445
f 13445/13445 13446/13446 13440/13440
f 13445/13445 13447/13447 13446/13446
f 13451/13451 13452/13452 13453/13453
f 13454/13454 13455/13455 13456/13456
f 13461/13461 13460/13460 13459/13459
f 13459/13459 13460/13460 13457/13457
f 13457/13457 13458/13458 13459/13459
f 13458/13458 13457/13457 13462/13462
f 13458/13458 13462/13462 13463/13463
f 13464/13464 13465/13465 13466/13466
f 13468/13468 13466/13466 13465/13465
f 13467/13467 13465/13465 13464/13464
f 13469/13469 13470/13470 13471/13471
f 13473/13473 13474/13474 13475/13475
f 13471/13471 13472/13472 13469/13469
f 13478/13478 13480/13480 13476/13476
f 13476/13476 13477/13477 13478/13478
f 13479/13479 13478/13478 13477/13477
f 13481/13481 13483/13483 13485/13485
f 13481/13481 13482/13482 13483/13483
f 13484/13484 13482/13482 13481/13481
f 13485/13485 13487/13487 13481/13481
f 13486/13486 13482/13482 13484/13484
f 13490/13490 13491/13491 13492/13492
f 13490/13490 13489/13489 13491/13491
f 13488/13488 13489/13489 13490/13490
f 13493/13493 13489/13489 13488/13488
f 13493/13493 13494/13494 13489/13489
f 13503/13503 13505/13505 13504/13504
f 13496/13496 13501/13501 13500/13500
f 13502/13502 13503/13503 13504/13504
f 13497/13497 13496/13496 13500/13500
f 13495/13495 13496/13496 13497/13497
f 13498/13498 13495/13495 13497/13497
f 13499/13499 13498/13498 13497/13497
f 13506/13506 13507/13507 13508/13508
f 13511/13511 13515/13515 13516/13516
f 13510/13510 13515/13515 13511/13511
f 13513/13513 13511/13511 13514/13514
f 13509/13509 13510/13510 13511/13511
f 13509/13509 13512/13512 13510/13510
f 13511/13511 13513/13513 13509/13509
f 13520/13520 13519/13519 13518/13518
f 13517/13517 13518/13518 13519/13519
f 13521/13521 13522/13522 13523/13523
f 13524/13524 13522/13522 13521/13521
f 13521/13521 13525/13525 13524/13524
f 13524/13524 13525/13525 13526/13526
f 13525/13525 13528/13528 13527/13527
f 13527/13527 13528/13528 13529/13529
f 13526/13526 13527/13527 13530/13530
f 13527/13527 13526/13526 13525/13525
f 13534/13534 13533/13533 13532/13532
f 13535/13535 13532/13532 13531/13531
f 13531/13531 13532/13532 13533/13533
f 13536/13536 13531/13531 13537/13537
f 13536/13536 13535/13535 13531/13531
f 13540/13540 13539/13539 13541/13541
f 13538/13538 13539/13539 13540/13540
f 13542/13542 13539/13539 13538/13538
f 13538/13538 13543/13543 13542/13542
f 13544/13544 13545/13545 13546/13546
f 13554/13554 13555/13555 13552/13552
f 13553/13553 13554/13554 13552/13552
f 13548/13548 13552/13552 13549/13549
f 13553/13553 13552/13552 13548/13548
f 13556/13556 13554/13554 13553/13553
f 13547/13547 13548/13548 13549/13549
f 13547/13547 13550/13550 13551/13551
f 13549/13549 13550/13550 13547/13547
f 13559/13559 13560/13560 13557/13557
f 13557/13557 13558/13558 13559/13559
f 13565/13565 13566/13566 13567/13567
f 13561/13561 13562/13562 13563/13563
f 13564/13564 13562/13562 13561/13561
f 13571/13571 13569/13569 13568/13568
f 13568/13568 13569/13569 13570/13570
f 13569/13569 13572/13572 13570/13570
f 13575/13575 13574/13574 13577/13577
f 13575/13575 13576/13576 13573/13573
f 13573/13573 13574/13574 13575/13575
f 13580/13580 13583/13583 13578/13578
f 13578/13578 13579/13579 13580/13580
f 13578/13578 13581/13581 13579/13579
f 13581/13581 13582/13582 13579/13579
f 13585/13585 13584/13584 13588/13588
f 13584/13584 13585/13585 13586/13586
f 13587/13587 13586/13586 13585/13585
f 13591/13591 13592/13592 13589/13589
f 13593/13593 13589/13589 13592/13592
f 13589/13589 13590/13590 13591/13591
f 13589/13589 13595/13595 13590/13590
f 13596/13596 13590/13590 13595/13595
f 13593/13593 13592/13592 13594/13594
f 13599/13599 13598/13598 13601/13601
f 13597/13597 13598/13598 13599/13599
f 13597/13597 13600/13600 13598/13598
f 13602/13602 13603/13603 13604/13604
f 13604/13604 13603/13603 13605/13605
f 13606/13606 13607/13607 13608/13608
f 13611/13611 13610/13610 13612/13612
f 13609/13609 13610/13610 13611/13611
f 13610/13610 13609/13609 13613/13613
f 13614/13614 13615/13615 13616/13616
f 13617/13617 13618/13618 13619/13619
f 13623/13623 13624/13624 13625/13625
f 13620/13620 13621/13621 13622/13622
f 13628/13628 13627/13627 13631/13631
f 13626/13626 13627/13627 13628/13628
f 13630/13630 13627/13627 13626/13626
f 13626/13626 13628/13628 13629/13629
f 13635/13635 13636/13636 13637/13637
f 13632/13632 13633/13633 13634/13634
f 13638/13638 13639/13639 13640/13640
f 13641/13641 13642/13642 13643/13643
f 13645/13645 13644/13644 13647/13647
f 13644/13644 13645/13645 13646/13646
f 13644/13644 13646/13646 13648/13648
f 13649/13649 13650/13650 13651/13651
f 13656/13656 13657/13657 13658/13658
f 13653/13653 13655/13655 13654/13654
f 13652/13652 13653/13653 13654/13654
f 13660/13660 13663/13663 13661/13661
f 13659/13659 13660/13660 13661/13661
f 13661/13661 13662/13662 13659/13659
f 13665/13665 13667/13667 13668/13668
f 13669/13669 13670/13670 13671/13671
f 13664/13664 13667/13667 13665/13665
f 13672/13672 13671/13671 13670/13670
f 13664/13664 13665/13665 13666/13666
f 13672/13672 13670/13670 13673/13673
f 13678/13678 13679/13679 13680/13680
f 13680/13680 13681/13681 13678/13678
f 13674/13674 13675/13675 13676/13676
f 13677/13677 13676/13676 13675/13675
f 13685/13685 13682/13682 13686/13686
f 13682/13682 13685/13685 13683/13683
f 13682/13682 13683/13683 13684/13684
f 13687/13687 13682/13682 13684/13684
f 13693/13693 13694/13694 13695/13695
f 13688/13688 13691/13691 13689/13689
f 13688/13688 13689/13689 13690/13690
f 13692/13692 13690/13690 13689/13689
f 13701/13701 13697/13697 13696/13696
f 13696/13696 13697/13697 13698/13698
f 13701/13701 13702/13702 13697/13697
f 13704/13704 13705/13705 13706/13706
f 13701/13701 13703/13703 13702/13702
f 13700/13700 13698/13698 13699/13699
f 13697/13697 13699/13699 13698/13698
f 13707/13707 13708/13708 13709/13709
f 13709/13709 13708/13708 13711/13711
f 13710/13710 13707/13707 13709/13709
f 13712/13712 13713/13713 13714/13714
f 13715/13715 13716/13716 13717/13717
f 13718/13718 13716/13716 13715/13715
f 13719/13719 13720/13720 13721/13721
f 13722/13722 13723/13723 13724/13724
f 13725/13725 13724/13724 13723/13723
f 13726/13726 13727/13727 13728/13728
f 13727/13727 13726/13726 13731/13731
f 13731/13731 13732/13732 13727/13727
f 13733/13733 13727/13727 13732/13732
f 13728/13728 13730/13730 13729/13729
f 13726/13726 13728/13728 13729/13729
f 13734/13734 13735/13735 13736/13736
f 13737/13737 13739/13739 13740/13740
f 13737/13737 13738/13738 13739/13739
f 13741/13741 13742/13742 13743/13743
f 13744/13744 13745/13745 13746/13746
f 13748/13748 13749/13749 13750/13750
f 13747/13747 13745/13745 13744/13744
f 13751/13751 13752/13752 13753/13753
f 13755/13755 13756/13756 13757/13757
f 13752/13752 13751/13751 13754/13754
f 13758/13758 13759/13759 13760/13760
f 13761/13761 13762/13762 13763/13763
f 13761/13761 13764/13764 13762/13762
f 13765/13765 13766/13766 13767/13767
f 13768/13768 13769/13769 13770/13770
f 13774/13774 13779/13779 13780/13780
f 13774/13774 13780/13780 13783/13783
f 13776/13776 13779/13779 13774/13774
f 13777/13777 13774/13774 13778/13778
f 13775/13775 13774/13774 13777/13777
f 13774/13774 13775/13775 13776/13776
f 13781/13781 13776/13776 13775/13775
f 13775/13775 13782/13782 13781/13781
f 13771/13771 13772/13772 13773/13773
f 13782/13782 13784/13784 13781/13781
f 13785/13785 13786/13786 13784/13784
f 13782/13782 13785/13785 13784/13784
f 13787/13787 13788/13788 13789/13789
f 13787/13787 13792/13792 13788/13788
f 13792/13792 13794/13794 13788/13788
f 13793/13793 13792/13792 13787/13787
f 13792/13792 13795/13795 13794/13794
f 13787/13787 13789/13789 13790/13790
f 13787/13787 13790/13790 13791/13791
f 13796/13796 13797/13797 13798/13798
f 13799/13799 13800/13800 13801/13801
f 13805/13805 13806/13806 13803/13803
f 13803/13803 13802/13802 13805/13805
f 13802/13802 13803/13803 13804/13804
f 13807/13807 13808/13808 13809/13809
f 13810/13810 13809/13809 13808/13808
f 13815/13815 13813/13813 13814/13814
f 13813/13813 13812/13812 13814/13814
f 13811/13811 13812/13812 13813/13813
f 13816/13816 13817/13817 13818/13818
f 13819/13819 13820/13820 13821/13821
f 13827/13827 13828/13828 13829/13829
f 13822/13822 13825/13825 13823/13823
f 13822/13822 13823/13823 13824/13824
f 13823/13823 13826/13826 13824/13824
f 13832/13832 13831/13831 13833/13833
f 13830/13830 13831/13831 13832/13832
f 13840/13840 13836/13836 13837/13837
f 13838/13838 13834/13834 13836/13836
f 13834/13834 13835/13835 13836/13836
f 13835/13835 13837/13837 13836/13836
f 13839/13839 13835/13835 13834/13834
f 13844/13844 13846/13846 13847/13847
f 13844/13844 13845/13845 13846/13846
f 13841/13841 13842/13842 13843/13843
f 13849/13849 13851/13851 13850/13850
f 13848/13848 13849/13849 13850/13850
f 13852/13852 13853/13853 13854/13854
f 13852/13852 13856/13856 13855/13855
f 13855/13855 13853/13853 13852/13852
f 13857/13857 13858/13858 13859/13859
f 13860/13860 13861/13861 13862/13862
f 13863/13863 13864/13864 13865/13865
f 13863/13863 13867/13867 13864/13864
f 13865/13865 13866/13866 13863/13863
f 13869/13869 13875/13875 13876/13876
f 13869/13869 13873/13873 13875/13875
f 13868/13868 13869/13869 13870/13870
f 13869/13869 13868/13868 13873/13873
f 13874/13874 13872/13872 13870/13870
f 13870/13870 13872/13872 13871/13871
f 13871/13871 13868/13868 13870/13870
f 13877/13877 13878/13878 13879/13879
f 13883/13883 13884/13884 13885/13885
f 13886/13886 13884/13884 13883/13883
f 13880/13880 13881/13881 13882/13882
f 13888/13888 13887/13887 13892/13892
f 13887/13887 13888/13888 13889/13889
f 13892/13892 13887/13887 13893/13893
f 13888/13888 13890/13890 13889/13889
f 13888/13888 13891/13891 13890/13890
f 13904/13904 13901/13901 13898/13898
f 13898/13898 13901/13901 13900/13900
f 13905/13905 13899/13899 13900/13900
f 13898/13898 13900/13900 13899/13899
f 13895/13895 13899/13899 13902/13902
f 13904/13904 13898/13898 13903/13903
f 13903/13903 13898/13898 13895/13895
f 13895/13895 13898/13898 13899/13899
f 13897/13897 13907/13907 13906/13906
f 13895/13895 13906/13906 13903/13903
f 13906/13906 13895/13895 13897/13897
f 13908/13908 13907/13907 13897/13897
f 13897/13897 13895/13895 13894/13894
f 13894/13894 13895/13895 13896/13896
f 13912/13912 13915/13915 13913/13913
f 13912/13912 13913/13913 13914/13914
f 13916/13916 13917/13917 13918/13918
f 13909/13909 13910/13910 13911/13911
f 13922/13922 13923/13923 13924/13924
f 13925/13925 13926/13926 13927/13927
f 13919/13919 13920/13920 13921/13921
f 13928/13928 13929/13929 13930/13930
f 13931/13931 13932/13932 13933/13933
f 13935/13935 13934/13934 13937/13937
f 13934/13934 13935/13935 13936/13936
f 13938/13938 13939/13939 13940/13940
f 13941/13941 13942/13942 13943/13943
f 13946/13946 13945/13945 13948/13948
f 13944/13944 13945/13945 13946/13946
f 13946/13946 13947/13947 13944/13944
f 13952/13952 13949/13949 13951/13951
f 13950/13950 13949/13949 13953/13953
f 13949/13949 13950/13950 13951/13951
f 13954/13954 13955/13955 13956/13956
f 13957/13957 13958/13958 13959/13959
f 13960/13960 13962/13962 13963/13963
f 13960/13960 13961/13961 13962/13962
f 13964/13964 13965/13965 13966/13966
f 13970/13970 13971/13971 13972/13972
f 13967/13967 13968/13968 13969/13969
f 13973/13973 13974/13974 13975/13975
f 13975/13975 13974/13974 13977/13977
f 13976/13976 13974/13974 13973/13973
f 13978/13978 13979/13979 13980/13980
f 13980/13980 13981/13981 13978/13978
f 13983/13983 13986/13986 13984/13984
f 13982/13982 13983/13983 13984/13984
f 13984/13984 13985/13985 13982/13982
f 13985/13985 13984/13984 13988/13988
f 13989/13989 13985/13985 13988/13988
f 13985/13985 13987/13987 13982/13982
f 13992/13992 13991/13991 13993/13993
f 13991/13991 13995/13995 13996/13996
f 13990/13990 13991/13991 13992/13992
f 13990/13990 13995/13995 13991/13991
f 13994/13994 13990/13990 13992/13992
f 13997/13997 13998/13998 13999/13999
f 14030/14030 14031/14031 14032/14032
f 14000/14000 14001/14001 14002/14002
f 14000/14000 14005/14005 14001/14001
f 14006/14006 14005/14005 14010/14010
f 14021/14021 14019/14019 14020/14020
f 14020/14020 14019/14019 14017/14017
f 14016/14016 14017/14017 14019/14019
f 14015/14015 14012/14012 14014/14014
f 14016/14016 14015/14015 14017/14017
f 14016/14016 14012/14012 14015/14015
f 14012/14012 14016/14016 14018/14018
f 14001/14001 14005/14005 14006/14006
f 14007/14007 14004/14004 14009/14009
f 14004/14004 14007/14007 14002/14002
f 14003/14003 14004/14004 14002/14002
f 14001/14001 14003/14003 14002/14002
f 14012/14012 14013/14013 14014/14014
f 14012/14012 14022/14022 14013/14013
f 14006/14006 14010/14010 14011/14011
f 14005/14005 14000/14000 14008/14008
f 14028/14028 14027/14027 14026/14026
f 14026/14026 14027/14027 14023/14023
f 14000/14000 14002/14002 14008/14008
f 14023/14023 14025/14025 14026/14026
f 14029/14029 14026/14026 14025/14025
f 14029/14029 14028/14028 14026/14026
f 14023/14023 14024/14024 14025/14025
f 14033/14033 14034/14034 14035/14035
f 14046/14046 14048/14048 14047/14047
f 14038/14038 14040/14040 14036/14036
f 14041/14041 14042/14042 14043/14043
f 14036/14036 14039/14039 14037/14037
f 14036/14036 14037/14037 14038/14038
f 14042/14042 14044/14044 14043/14043
f 14045/14045 14046/14046 14047/14047
f 14049/14049 14050/14050 14051/14051
f 14049/14049 14051/14051 14053/14053
f 14050/14050 14049/14049 14052/14052
f 14058/14058 14055/14055 14057/14057
f 14055/14055 14054/14054 14057/14057
f 14054/14054 14055/14055 14056/14056
f 14055/14055 14059/14059 14056/14056
f 14062/14062 14063/14063 14060/14060
f 14060/14060 14061/14061 14062/14062
