mtllib gate.mtl
o gate
v -0.0356 0.0213 1.6628
v -0.1544 0.0274 1.7268
v -0.2008 0.0290 1.6142
v -0.2646 0.0267 1.6514
v -0.2531 0.0331 1.7286
v -0.3159 0.0370 1.7134
v -0.0547 0.0300 1.7390
v 0.0439 0.0197 1.7335
v 0.1105 0.0162 1.7307
v 0.1090 0.0153 1.6184
v 0.1924 0.0130 1.6049
v 0.2640 0.0129 1.7283
v -0.0241 0.0224 1.6279
v 0.2804 0.0090 1.7049
v 0.2624 0.0029 1.5467
v 0.1863 0.0103 1.5281
v 0.1951 0.0057 1.4374
v 0.2658 0.0011 1.3945
v 0.2441 0.0031 1.3291
v 0.0754 0.0045 1.3238
v 0.0729 0.0079 1.4533
v -0.0091 0.0088 1.4361
v -0.1364 0.0139 1.3225
v -0.2209 0.0188 1.4557
v -0.2693 0.0161 1.4149
v -0.3224 0.0248 1.5168
v -0.2136 0.0228 1.5564
v -0.3093 0.0232 1.3197
v 0.1091 0.0188 1.4654
v -0.1046 0.0354 1.6046
v -0.3277 0.0386 1.6314
v -0.0321 0.0187 1.4634
v -0.1780 0.0348 1.4682
v -0.1548 0.0370 1.7463
v 0.1718 0.0239 1.5979
v -0.2988 0.0503 1.7408
v -0.2048 0.0383 1.4836
v -0.1902 0.0391 1.6025
v -0.2542 0.0550 1.7500
v -0.2805 0.1896 1.7288
v -0.3167 0.1313 1.6954
v -0.2687 0.1158 1.7451
v -0.2988 0.0503 1.7408
v -0.3159 0.0370 1.7134
v -0.3108 0.1929 1.6692
v -0.3089 0.2287 1.7264
v 0.0294 0.8674 1.7282
v 0.1397 0.8026 1.7246
v 0.0749 0.9119 1.7271
v 0.2108 0.8878 1.7267
v 0.2342 0.7919 1.7254
v 0.0692 1.0031 1.7270
v 0.2902 0.8202 1.7237
v 0.1719 1.0051 1.7205
v 0.2768 0.9412 1.7283
v 0.2893 1.0289 1.7211
v 0.2714 0.8881 1.7194
v 0.1057 1.0611 1.7129
v 0.2434 1.0568 1.7124
v 0.0551 0.7596 1.7074
v 0.0269 1.0028 1.7158
v 0.0148 1.0920 1.7022
v 0.0072 0.8810 1.7161
v 0.1574 0.7558 1.7120
v 0.2539 0.7433 1.7102
v 0.2070 0.6794 1.7277
v 0.2629 0.7263 1.7154
v 0.1493 1.0980 1.7267
v 0.2771 1.1422 1.7205
v 0.2774 1.2007 1.7231
v 0.1324 1.1837 1.7244
v 0.1378 1.3120 1.7259
v 0.0266 1.1903 1.7213
v 0.2809 1.2743 1.7264
v 0.0598 1.1407 1.7271
v 0.0662 1.2822 1.7275
v 0.1326 1.3500 1.7166
v 0.1956 1.3530 1.7053
v 0.2627 1.3536 1.7026
v 0.1700 1.3852 1.7192
v 0.0511 1.4271 1.7242
v 0.1986 1.4703 1.7240
v 0.0956 1.5619 1.7248
v 0.2475 1.3802 1.7217
v 0.2122 1.6193 1.7120
v 0.2803 1.5663 1.7162
v 0.2936 1.6551 1.7103
v 0.3005 1.4578 1.7139
v 0.2235 1.7114 1.7235
v 0.3118 1.7461 1.7201
v 0.1524 1.8444 1.7259
v 0.0820 1.7648 1.7275
v 0.3049 1.8331 1.7191
v 0.0579 1.6866 1.7230
v 0.1458 1.6475 1.7240
v 0.2764 1.8724 1.7158
v 0.1405 1.6180 1.7122
v 0.0580 1.6070 1.7043
v 0.0800 1.8614 1.7075
v 0.1484 1.8795 1.7153
v 0.0562 1.9377 1.7247
v 0.1584 1.9127 1.7245
v 0.1158 2.0263 1.7220
v 0.1411 2.0176 1.7217
v 0.2927 1.9005 1.7245
v 0.2511 1.9955 1.7216
v 0.1065 2.0704 1.7237
v 0.1310 2.0323 1.7231
v 0.1632 2.1164 1.7192
v 0.2935 2.0334 1.7197
v 0.2915 2.1021 1.7122
v 0.0333 2.0202 1.7140
v 0.3060 2.0119 1.7063
v 0.0409 1.9088 1.7150
v 0.3050 1.3948 1.7061
v 0.1043 2.1146 1.7110
v 0.0332 1.7716 1.7121
v 0.0225 1.8826 1.7239
v 0.0043 1.9348 1.7064
v -0.0341 1.8663 1.7236
v 0.0036 1.7152 1.7251
v -0.0922 1.7652 1.7267
v -0.1597 1.6769 1.7234
v -0.2096 1.7309 1.7272
v -0.1921 1.7951 1.7224
v -0.1199 1.8955 1.7272
v -0.0575 1.9341 1.7137
v -0.1930 1.9087 1.7284
v -0.1501 1.9532 1.7170
v -0.0379 1.9826 1.7268
v 0.0102 2.0556 1.7271
v -0.0015 2.1116 1.7219
v -0.1605 2.0399 1.7301
v -0.1702 1.9841 1.7266
v -0.1651 2.1164 1.7224
v -0.0765 1.6687 1.7154
v -0.1352 1.6135 1.7320
v -0.2260 1.6311 1.7300
v -0.2243 1.5565 1.7315
v -0.1027 1.5208 1.7301
v -0.2058 1.4676 1.7290
v -0.0003 1.5472 1.7310
v -0.0380 1.6136 1.7316
v -0.0384 1.4748 1.7246
v -0.1960 1.4207 1.7228
v 0.0214 1.3872 1.7074
v 0.0156 1.3094 1.7085
v -0.0053 1.3291 1.7106
v -0.0054 1.1956 1.7074
v -0.0311 1.1282 1.7050
v -0.0531 1.4125 1.7021
v 0.0134 1.4608 1.7030
v -0.1099 1.4059 1.7081
v -0.1121 1.1233 1.7176
v 0.1494 0.7245 1.7242
v 0.0686 0.6144 1.7287
v 0.1633 0.5280 1.7269
v 0.0695 0.5060 1.7300
v 0.0616 0.6944 1.7264
v 0.2557 0.5643 1.7220
v 0.2571 0.4891 1.7267
v 0.1627 0.4375 1.7256
v 0.0994 0.4772 1.7242
v 0.0084 0.6149 1.7191
v -0.0118 0.5537 1.7177
v 0.0290 0.7022 1.7187
v -0.0375 0.8027 1.7062
v 0.0836 0.4340 1.7404
v 0.0947 0.3473 1.7384
v -0.0020 0.2736 1.7405
v 0.0687 0.2616 1.7405
v 0.0850 0.1473 1.7402
v -0.0370 0.1347 1.7343
v -0.0451 0.0348 1.7376
v 0.0855 0.0372 1.7416
v 0.1807 0.1258 1.7393
v 0.1911 0.0234 1.7407
v 0.2669 0.1250 1.7367
v 0.1160 0.2291 1.7362
v 0.1391 0.3815 1.7331
v 0.2380 0.2405 1.7374
v 0.2542 0.3691 1.7332
v 0.2414 0.1688 1.7333
v 0.1353 0.1697 1.7265
v 0.2640 0.0129 1.7283
v -0.0390 0.2772 1.7338
v -0.0171 0.3469 1.7386
v 0.0275 0.4308 1.7366
v -0.0853 0.1371 1.7470
v -0.0547 0.0300 1.7390
v -0.1548 0.0370 1.7463
v -0.2542 0.0550 1.7500
v -0.2687 0.1158 1.7451
v -0.1897 0.1599 1.7470
v 0.0439 0.0197 1.7335
v -0.2988 0.0503 1.7408
v -0.2805 0.1896 1.7288
v 0.2724 0.1675 1.7249
v -0.0873 0.2806 1.7481
v -0.0735 0.4364 1.7471
v -0.1657 0.2757 1.7455
v -0.2627 0.2218 1.7436
v -0.1083 0.2227 1.7486
v -0.2526 0.3711 1.7453
v -0.1323 0.4675 1.7456
v -0.2901 0.4165 1.7446
v -0.2931 0.2927 1.7431
v -0.2497 0.4638 1.7390
v -0.1375 0.1865 1.7368
v -0.0197 0.4350 1.7222
v -0.0688 0.1857 1.7237
v -0.1353 0.5164 1.7279
v 0.2222 0.4379 1.7144
v 0.2611 0.4394 1.7064
v -0.2091 0.5201 1.7207
v -0.2849 0.5250 1.7250
v -0.0081 0.4791 1.7099
v -0.0847 0.4925 1.7205
v 0.0518 1.5540 1.7087
v 0.0246 1.6794 1.7078
v -0.2191 0.1900 1.7325
v -0.0674 0.5464 1.7430
v -0.2054 0.5693 1.7424
v -0.0331 0.6274 1.7405
v -0.1791 0.6608 1.7455
v -0.1171 0.7607 1.7410
v -0.1856 0.7448 1.7447
v -0.0172 0.7152 1.7380
v -0.2735 0.7088 1.7436
v -0.2877 0.5786 1.7418
v -0.2766 0.7826 1.7357
v -0.1886 0.7991 1.7256
v -0.1123 0.7991 1.7255
v -0.2061 0.8558 1.7407
v -0.1094 0.8463 1.7412
v -0.0896 0.9300 1.7386
v -0.1533 0.9707 1.7372
v -0.1216 1.0949 1.7369
v -0.0585 1.0619 1.7339
v -0.0141 1.0072 1.7353
v -0.2379 1.0770 1.7439
v -0.2694 0.9565 1.7341
v -0.0346 0.8707 1.7289
v -0.2843 0.8552 1.7320
v -0.2717 1.0406 1.7338
v -0.2537 0.8134 1.7182
v 0.2747 0.2899 1.7190
v 0.2888 0.3569 1.7138
v 0.3002 1.3212 1.7039
v 0.1402 2.1342 1.7083
v -0.3089 0.2287 1.7264
v 0.3031 1.0509 1.6865
v 0.1155 2.1323 1.7147
v 0.0396 2.0972 1.6918
v 0.0637 2.1232 1.6995
v -0.2292 1.1387 1.7128
v 0.1105 0.0162 1.7307
v -0.0620 1.3400 1.7291
v -0.1302 1.2953 1.7333
v -0.0347 1.2403 1.7279
v -0.0629 1.1563 1.7286
v -0.2110 1.1716 1.7313
v -0.2338 1.2535 1.7334
v -0.3253 0.4696 1.3288
v -0.3265 0.4066 1.5100
v -0.3215 0.4857 1.4679
v -0.3279 0.3602 1.3264
v -0.3314 0.3285 1.4591
v -0.3282 0.2340 1.4167
v -0.3290 0.2382 1.3281
v -0.3210 0.3039 1.5498
v -0.3223 0.2319 1.5147
v -0.3021 0.5111 1.5784
v -0.3133 0.3711 1.5754
v -0.3106 0.3668 1.6610
v -0.3182 0.2933 1.6917
v -0.3207 0.2475 1.5856
v -0.3108 0.1929 1.6692
v -0.3089 0.2287 1.7264
v -0.3171 0.4173 1.6320
v -0.3092 0.4082 1.7298
v -0.2962 0.5098 1.7051
v -0.3008 0.3647 1.7328
v -0.2943 0.5083 1.6541
v -0.3103 0.5479 1.5683
v -0.3074 0.2043 1.5650
v -0.3085 0.2375 1.5528
v -0.3135 0.1929 1.4053
v -0.3058 0.1793 1.3471
v -0.3293 0.1517 1.4107
v -0.3239 0.1681 1.5957
v -0.3194 0.1321 1.4673
v -0.3264 0.0745 1.4814
v -0.3333 0.0893 1.3320
v -0.3277 0.0386 1.6314
v -0.3167 0.1313 1.6954
v -0.3224 0.0248 1.5168
v -0.3159 0.0370 1.7134
v -0.3235 0.0361 1.3725
v -0.3245 0.1163 1.3140
v -0.3120 0.0423 1.3049
v -0.3093 0.0232 1.3197
v -0.3110 0.5441 1.6856
v -0.3112 0.6807 1.6188
v -0.3062 0.6622 1.7316
v -0.3069 0.5779 1.5386
v -0.3074 0.6928 1.5652
v -0.3061 0.7630 1.5659
v -0.3064 0.7670 1.7024
v -0.3131 0.5827 1.4921
v -0.3169 0.6958 1.5023
v -0.3098 0.7913 1.5048
v -0.3127 0.7005 1.4468
v -0.3137 0.7741 1.3257
v -0.3139 0.6060 1.3559
v -0.3151 0.5560 1.3993
v -0.3097 0.6769 1.3392
v -0.3080 0.5065 1.4607
v -0.3102 0.5872 1.3170
v -0.2983 0.7233 1.7257
v -0.3037 0.5105 1.3399
v -0.2942 0.8184 1.6214
v -0.3073 0.7990 1.3294
v -0.2915 0.5331 1.5367
v -0.2865 0.8168 1.5643
v -0.3025 0.8557 1.6104
v -0.2851 0.8171 1.6946
v -0.2972 0.8705 1.5576
v -0.2961 0.8254 1.4655
v -0.3075 0.8706 1.4514
v -0.3058 0.9508 1.5235
v -0.3109 0.8747 1.3691
v -0.2877 0.8292 1.4252
v -0.3003 0.8644 1.6910
v -0.2843 0.8552 1.7320
v -0.2811 0.8295 1.3384
v -0.3061 0.9208 1.3177
v -0.2537 0.8134 1.7182
v -0.1926 0.3743 1.5504
v -0.1910 0.3718 1.5116
v -0.1895 0.4386 1.5473
v -0.1835 0.4282 1.4875
v -0.1822 0.4809 1.4971
v -0.1837 0.5239 1.5333
v -0.1807 0.5485 1.4964
v -0.1822 0.5621 1.5587
v -0.1866 0.3431 1.4801
v -0.1996 0.1898 1.4929
v -0.2016 0.1616 1.5667
v -0.2048 0.0383 1.4836
v -0.2136 0.0228 1.5564
v -0.1879 0.4349 1.5745
v -0.1821 0.4971 1.5772
v -0.1796 0.5360 1.5753
v -0.1799 0.5960 1.5603
v -0.1798 0.6042 1.5433
v -0.1810 0.5876 1.5341
v -0.1788 0.6124 1.5226
v -0.1805 0.3401 1.5971
v -0.1740 0.5662 1.5829
v -0.1736 0.5163 1.4789
v -0.1875 0.1593 1.5992
v -0.1902 0.0391 1.6025
v -0.1725 0.5716 1.4815
v -0.1643 0.4984 1.4692
v -0.1702 0.4446 1.4700
v -0.1678 0.5443 1.4730
v -0.1745 0.3136 1.4634
v -0.1874 0.1136 1.4700
v -0.1637 0.3807 1.4636
v -0.2209 0.0188 1.4557
v -0.1780 0.0348 1.4682
v 0.0770 0.5459 1.6002
v 0.1420 0.5157 1.5986
v 0.0649 0.5042 1.5998
v 0.0222 0.5827 1.6010
v 0.1436 0.5572 1.5975
v 0.0961 0.4801 1.6010
v 0.1462 0.4901 1.5995
v 0.0474 0.4640 1.6007
v -0.0041 0.4670 1.6011
v -0.0105 0.5068 1.6007
v 0.0168 0.4406 1.6007
v 0.0687 0.4033 1.6002
v 0.1138 0.4332 1.5983
v -0.0441 0.4621 1.6031
v -0.0517 0.4092 1.6037
v -0.0039 0.3646 1.6014
v -0.0718 0.3449 1.6034
v 0.1241 0.3769 1.6010
v -0.0071 0.3036 1.6028
v 0.0993 0.2239 1.6025
v 0.0871 0.3570 1.6029
v -0.0182 0.2085 1.6022
v 0.1058 0.0425 1.6029
v -0.0165 0.0536 1.6033
v -0.1875 0.1593 1.5992
v -0.1046 0.0354 1.6046
v -0.1902 0.0391 1.6025
v -0.0483 0.5176 1.5997
v -0.1805 0.3401 1.5971
v 0.0032 0.0306 1.6056
v 0.1556 0.1081 1.5966
v 0.1718 0.0239 1.5979
v 0.1557 0.3433 1.5930
v 0.1461 0.4475 1.5947
v 0.1588 0.3952 1.5894
v 0.1090 0.0153 1.6184
v -0.0241 0.0224 1.6279
v 0.1924 0.0130 1.6049
v -0.1212 0.3837 1.6023
v -0.0909 0.4127 1.6028
v -0.1456 0.4342 1.6009
v -0.0812 0.4854 1.6032
v -0.1288 0.4905 1.6007
v -0.1693 0.3931 1.5998
v -0.1510 0.5596 1.5997
v -0.1821 0.4971 1.5772
v -0.1879 0.4349 1.5745
v -0.1796 0.5360 1.5753
v -0.1740 0.5662 1.5829
v -0.0105 0.5068 1.6007
v 0.0485 0.5951 1.6006
v 0.0649 0.5042 1.5998
v -0.2849 0.5250 1.7250
v -0.2962 0.5098 1.7051
v -0.2497 0.4638 1.7390
v -0.2877 0.5786 1.7418
v -0.3110 0.5441 1.6856
v -0.3062 0.6622 1.7316
v -0.2735 0.7088 1.7436
v -0.2983 0.7233 1.7257
v -0.2766 0.7826 1.7357
v -0.3064 0.7670 1.7024
v -0.2851 0.8171 1.6946
v -0.3092 0.4082 1.7298
v -0.2901 0.4165 1.7446
v -0.3008 0.3647 1.7328
v -0.2526 0.3711 1.7453
v -0.2931 0.2927 1.7431
v -0.3089 0.2287 1.7264
v -0.2537 0.8134 1.7182
v -0.3182 0.2933 1.6917
v -0.0483 0.5176 1.5997
v -0.0460 0.5225 1.4636
v -0.0105 0.5068 1.6007
v -0.0956 0.5282 1.5443
v -0.1678 0.5443 1.4730
v -0.1450 0.5398 1.4602
v -0.1807 0.5485 1.4964
v -0.1510 0.5596 1.5997
v -0.1822 0.5621 1.5587
v -0.1740 0.5662 1.5829
v 0.0770 0.5459 1.6002
v 0.0738 0.5513 1.4590
v 0.1654 0.5591 1.5872
v 0.1664 0.5386 1.4964
v 0.1436 0.5572 1.5975
v 0.1715 0.5557 1.5482
v 0.1654 0.5591 1.5872
v 0.1590 0.5122 1.5924
v 0.1420 0.5157 1.5986
v 0.1436 0.5572 1.5975
v 0.1462 0.4901 1.5995
v 0.1671 0.4630 1.5841
v 0.1461 0.4475 1.5947
v 0.1690 0.3879 1.5771
v 0.1665 0.5199 1.5850
v 0.1588 0.3952 1.5894
v 0.1557 0.3433 1.5930
v 0.1737 0.3158 1.5676
v 0.1713 0.1950 1.5830
v 0.1556 0.1081 1.5966
v 0.1709 0.0691 1.5657
v 0.1711 0.4276 1.5545
v 0.1709 0.3492 1.5305
v 0.1708 0.4450 1.5459
v 0.1710 0.4952 1.5548
v 0.1689 0.4637 1.5117
v 0.1661 0.4885 1.4956
v 0.1664 0.5386 1.4964
v 0.1715 0.5557 1.5482
v 0.1725 0.5516 1.5669
v 0.1711 0.6243 1.5171
v 0.1703 0.5975 1.5124
v 0.1716 0.5957 1.5783
v 0.1673 0.1953 1.5081
v 0.1663 0.0181 1.4823
v 0.1687 0.6501 1.4998
v 0.1685 0.6230 1.4998
v 0.1664 0.6574 1.4896
v 0.1591 0.2806 1.4793
v 0.1574 0.3981 1.4762
v 0.1648 0.5036 1.4908
v 0.1581 0.1658 1.4823
v 0.1572 0.4560 1.4766
v 0.1863 0.0103 1.5281
v 0.1718 0.0239 1.5979
v 0.3212 1.3010 1.5223
v 0.3211 1.2175 1.5865
v 0.3191 1.1489 1.5353
v 0.3182 1.3348 1.6228
v 0.3191 1.2665 1.7014
v 0.3152 1.1818 1.6817
v 0.3093 1.2445 1.4790
v 0.2978 1.1853 1.4853
v 0.3003 1.1061 1.4847
v 0.3109 1.0516 1.6318
v 0.3070 1.3427 1.5349
v 0.3067 1.2068 1.4495
v 0.2997 1.3103 1.4742
v 0.3209 1.3888 1.5895
v 0.3170 1.3944 1.6555
v 0.3078 1.4217 1.5237
v 0.3174 1.3825 1.5101
v 0.3179 1.4469 1.4710
v 0.3229 1.5722 1.5575
v 0.3187 1.5006 1.4882
v 0.3116 1.4647 1.3344
v 0.3136 1.5605 1.3581
v 0.3101 1.5675 1.5067
v 0.2982 1.6028 1.4447
v 0.3006 1.6257 1.5195
v 0.2982 1.6112 1.3570
v 0.3173 1.4283 1.3241
v 0.2990 1.5496 1.3121
v 0.3159 1.0458 1.5657
v 0.3195 1.6639 1.4467
v 0.3102 1.6502 1.3171
v 0.3172 1.7240 1.3754
v 0.3108 1.7639 1.5224
v 0.3183 1.8012 1.4962
v 0.3187 1.7889 1.3581
v 0.3154 1.8097 1.3751
v 0.3168 1.8630 1.3326
v 0.3179 1.8730 1.4721
v 0.3083 1.7401 1.3258
v 0.3159 1.7047 1.5204
v 0.3189 1.8080 1.5614
v 0.3275 1.6852 1.5509
v 0.3292 1.7598 1.5967
v 0.3333 1.7403 1.6831
v 0.3170 1.6104 1.5936
v 0.3172 1.6571 1.6787
v 0.3204 1.7947 1.7113
v 0.3012 1.6570 1.5156
v 0.3200 1.5455 1.6234
v 0.2954 1.0512 1.5057
v 0.2959 1.0197 1.4553
v 0.3143 1.0185 1.4956
v 0.3136 1.8830 1.6178
v 0.3057 1.8810 1.6984
v 0.3155 1.9818 1.6831
v 0.3201 1.9404 1.6207
v 0.3191 2.0645 1.6797
v 0.3180 2.0453 1.5146
v 0.3155 2.1056 1.6829
v 0.3054 2.1022 1.4957
v 0.3191 2.1582 1.5669
v 0.3119 2.1127 1.4521
v 0.3170 2.1590 1.3319
v 0.3197 2.2214 1.4226
v 0.3124 2.1199 1.3132
v 0.3148 2.2305 1.5797
v 0.3166 2.2197 1.6849
v 0.3033 2.2376 1.3832
v 0.2999 2.2379 1.2887
v 0.2952 2.1494 1.2838
v 0.3022 2.0428 1.4640
v 0.2753 2.1020 1.4391
v 0.3080 2.0486 1.3785
v 0.3023 1.9670 1.3273
v 0.2770 2.0484 1.3170
v 0.2959 1.9176 1.4703
v 0.3073 1.9367 1.4421
v 0.2780 2.0897 1.3482
v 0.3133 1.9229 1.5538
v 0.3076 1.5319 1.5160
v 0.3012 1.9038 1.3960
v 0.2745 2.1153 1.2844
v 0.3056 1.8485 1.5375
v 0.3182 1.5829 1.6932
v 0.3177 1.5343 1.7018
v 0.3198 1.4514 1.6775
v 0.3075 1.0776 1.4566
v 0.2760 1.6063 1.3186
v 0.3147 1.0130 1.6689
v 0.3016 1.0637 1.3324
v 0.3087 1.1806 1.3307
v 0.3144 1.3464 1.4047
v 0.3115 1.3523 1.3143
v 0.2919 1.3157 1.3631
v 0.2772 1.3136 1.3155
v 0.3042 1.2783 1.3280
v 0.3031 1.0509 1.6865
v 0.3027 1.1256 1.6847
v 0.3072 1.0147 1.7068
v 0.3121 0.9255 1.7064
v 0.3131 0.8676 1.6189
v 0.3078 0.8897 1.6947
v 0.3068 0.7694 1.6915
v 0.3030 0.7559 1.6338
v 0.2926 0.7267 1.6669
v 0.2858 0.7369 1.5412
v 0.3104 0.7926 1.4894
v 0.2942 0.7072 1.5036
v 0.2739 0.7345 1.4829
v 0.2817 0.6979 1.4585
v 0.2980 0.6342 1.4916
v 0.2884 0.5479 1.4566
v 0.2848 0.6171 1.4233
v 0.2790 0.5702 1.3277
v 0.2833 0.4804 1.3900
v 0.2710 0.5071 1.3112
v 0.2545 0.4530 1.3328
v 0.2876 0.4595 1.4988
v 0.2990 0.4939 1.5345
v 0.2834 0.4457 1.3819
v 0.2669 0.6095 1.3291
v 0.2846 0.7010 1.3594
v 0.2648 0.6844 1.3111
v 0.2677 0.7361 1.3305
v 0.2873 0.7354 1.4109
v 0.2991 0.6727 1.6055
v 0.2896 0.6428 1.7030
v 0.3001 0.6080 1.6855
v 0.2522 0.4870 1.3052
v 0.2973 1.8836 1.5622
v 0.2986 0.5408 1.6024
v 0.3019 0.7718 1.3634
v 0.2857 0.7824 1.3119
v 0.3017 0.8784 1.3292
v 0.3114 0.9399 1.3946
v 0.3009 0.8875 1.4516
v 0.2973 0.9339 1.4582
v 0.2983 1.0004 1.3365
v 0.2852 0.3650 1.4827
v 0.2800 0.3597 1.3532
v 0.2747 0.3182 1.3377
v 0.2763 0.3239 1.4386
v 0.2822 0.2919 1.4702
v 0.2937 0.2875 1.5219
v 0.2917 0.3727 1.6283
v 0.2912 0.2852 1.6512
v 0.2931 0.2558 1.6912
v 0.2848 0.1751 1.6114
v 0.2885 0.1404 1.6813
v 0.2724 0.1675 1.7249
v 0.2669 0.1250 1.7367
v 0.2804 0.0090 1.7049
v 0.2640 0.0129 1.7283
v 0.2821 0.0138 1.6196
v 0.2888 0.3569 1.7138
v 0.2898 0.3983 1.6840
v 0.2611 0.4394 1.7064
v 0.2757 0.4342 1.6586
v 0.2934 0.4764 1.6870
v 0.2843 0.2145 1.5026
v 0.2792 0.1523 1.4837
v 0.2793 0.1653 1.3412
v 0.2797 0.0213 1.3334
v 0.2790 0.0162 1.5003
v 0.2865 0.1005 1.5267
v 0.2747 0.2899 1.7190
v 0.2799 0.2139 1.3210
v 0.3034 1.2865 1.3914
v 0.2614 0.3952 1.3230
v 0.2845 2.1081 1.3645
v 0.2709 2.1056 1.3312
v 0.2877 0.4400 1.5962
v 0.2884 0.5522 1.7063
v 0.3002 1.8950 1.5133
v 0.2901 0.7872 1.4565
v 0.3130 1.2058 1.3191
v 0.2084 2.1043 1.3118
v 0.2874 1.6405 1.3032
v 0.2973 1.9088 1.3383
v 0.3143 1.0185 1.4956
v 0.3147 1.0130 1.6689
v 0.3142 0.9179 1.4907
v 0.2959 1.0197 1.4553
v 0.3131 0.8676 1.6189
v 0.3104 0.7926 1.4894
v 0.3009 0.8875 1.4516
v 0.2901 0.7872 1.4565
v 0.2973 0.9339 1.4582
v 0.3114 0.9399 1.3946
v 0.2983 1.0004 1.3365
v 0.2861 1.0355 1.3581
v 0.3170 1.6104 1.5936
v 0.3200 1.5455 1.6234
v 0.3229 1.5722 1.5575
v 0.3006 1.6257 1.5195
v 0.3101 1.5675 1.5067
v 0.3275 1.6852 1.5509
v 0.3012 1.6570 1.5156
v 0.3076 1.5319 1.5160
v 0.3179 1.8730 1.4721
v 0.2959 1.9176 1.4703
v 0.3002 1.8950 1.5133
v 0.3012 1.9038 1.3960
v 0.2790 0.0162 1.5003
v 0.2865 0.1005 1.5267
v 0.2821 0.0138 1.6196
v 0.2986 0.5408 1.6024
v 0.2934 0.4764 1.6870
v 0.2877 0.4400 1.5962
v 0.2884 0.5522 1.7063
v 0.2494 0.0163 1.3085
v 0.0754 0.0045 1.3238
v 0.0443 0.0144 1.3096
v 0.2441 0.0031 1.3291
v -0.0584 0.0207 1.3060
v -0.1364 0.0139 1.3225
v -0.1738 0.0236 1.3080
v -0.3093 0.0232 1.3197
v -0.3120 0.0423 1.3049
v 0.2797 0.0213 1.3334
v 0.2658 0.0011 1.3945
v 0.2790 0.0162 1.5003
v 0.2624 0.0029 1.5467
v 0.2821 0.0138 1.6196
v 0.2804 0.0090 1.7049
v 0.2902 0.8202 1.7237
v 0.2629 0.7263 1.7154
v 0.3068 0.7694 1.6915
v 0.2926 0.7267 1.6669
v 0.3078 0.8897 1.6947
v 0.2896 0.6428 1.7030
v 0.2714 0.8881 1.7194
v 0.3121 0.9255 1.7064
v 0.2768 0.9412 1.7283
v 0.3072 1.0147 1.7068
v 0.2893 1.0289 1.7211
v 0.2070 0.6794 1.7277
v 0.2557 0.5643 1.7220
v 0.2884 0.5522 1.7063
v 0.2571 0.4891 1.7267
v 0.2934 0.4764 1.6870
v 0.2611 0.4394 1.7064
v 0.3001 0.6080 1.6855
v 0.3031 1.0509 1.6865
v 0.2434 1.0568 1.7124
v 0.0853 0.3136 1.4611
v 0.0973 0.4433 1.4604
v 0.0440 0.3837 1.4610
v -0.0681 0.3654 1.4632
v 0.0713 0.2108 1.4602
v 0.1388 0.2668 1.4617
v -0.0415 0.4052 1.4610
v -0.0129 0.4388 1.4616
v 0.0338 0.4192 1.4621
v 0.0641 0.4851 1.4599
v -0.0460 0.5225 1.4636
v -0.1253 0.4448 1.4625
v 0.0144 0.5176 1.4612
v -0.0056 0.5731 1.4609
v 0.0421 0.5712 1.4594
v 0.0738 0.5513 1.4590
v 0.0678 0.6057 1.4598
v 0.0929 0.6312 1.4586
v 0.0290 0.6776 1.4597
v 0.0627 0.6968 1.4594
v -0.0302 0.6374 1.4584
v 0.0209 0.6619 1.4592
v 0.1306 0.1321 1.4641
v 0.0069 0.1227 1.4638
v 0.1091 0.0188 1.4654
v -0.0321 0.0187 1.4634
v 0.1264 0.5145 1.4619
v 0.1290 0.4602 1.4624
v -0.1301 0.5064 1.4603
v -0.1523 0.4750 1.4621
v -0.1637 0.3807 1.4636
v -0.1450 0.5398 1.4602
v -0.0959 0.0748 1.4667
v 0.0321 0.2017 1.4643
v -0.1874 0.1136 1.4700
v -0.1780 0.0348 1.4682
v -0.1635 0.2059 1.4636
v -0.1745 0.3136 1.4634
v -0.1084 0.4148 1.4597
v -0.1124 0.3755 1.4603
v 0.0517 0.4337 1.4646
v 0.0596 0.7051 1.4603
v 0.1508 0.3494 1.4698
v -0.1540 0.4935 1.4642
v 0.1470 0.4323 1.4674
v 0.1663 0.0181 1.4823
v -0.1643 0.4984 1.4692
v -0.1702 0.4446 1.4700
v -0.1678 0.5443 1.4730
v 0.1581 0.1658 1.4823
v 0.1572 0.4560 1.4766
v 0.1574 0.3981 1.4762
v 0.1591 0.2806 1.4793
v 0.1664 0.5386 1.4964
v 0.1648 0.5036 1.4908
v 0.1863 0.0103 1.5281
v 0.1663 0.0181 1.4823
v 0.1091 0.0188 1.4654
v -0.2458 1.1850 1.3080
v -0.1094 1.1686 1.3098
v -0.1588 1.1286 1.3181
v -0.2634 1.1372 1.3243
v -0.0284 1.1253 1.3376
v -0.0117 1.1675 1.3250
v -0.0443 1.2646 1.3109
v -0.1673 1.2191 1.3113
v -0.1468 1.3182 1.3084
v -0.2449 1.3355 1.3095
v -0.0407 1.3683 1.3146
v -0.1479 1.4053 1.3138
v 0.0212 1.2868 1.3203
v -0.2556 1.3953 1.3173
v -0.0048 1.2344 1.3229
v 0.0197 1.3529 1.3314
v 0.0810 1.3237 1.3261
v -0.1054 1.0683 1.3077
v -0.2646 1.0930 1.3047
v -0.1438 0.9378 1.3108
v -0.1595 0.8475 1.3126
v -0.2612 0.9609 1.3083
v -0.2540 0.8626 1.3100
v -0.0852 0.8502 1.3144
v -0.0616 0.9738 1.3128
v -0.0165 1.0411 1.3074
v -0.3061 0.9208 1.3177
v -0.0391 0.9358 1.3240
v -0.0062 0.9844 1.3207
v -0.2473 0.8224 1.3235
v 0.0303 1.1853 1.3074
v 0.0729 1.2860 1.3066
v 0.1949 1.2811 1.3029
v 0.1104 1.1853 1.3048
v 0.2763 1.1581 1.3047
v 0.1486 1.0735 1.3021
v 0.2335 1.0551 1.3034
v 0.2833 1.0688 1.3051
v 0.0409 1.1064 1.3077
v 0.2897 1.2631 1.3079
v 0.1436 1.3254 1.3107
v 0.2772 1.3136 1.3155
v 0.2214 1.0242 1.3105
v -0.2846 1.1767 1.3211
v 0.1240 1.0303 1.3196
v 0.0360 1.0411 1.3307
v -0.2394 1.4271 1.3280
v 0.0341 1.4062 1.3123
v 0.0700 1.4729 1.3058
v 0.2146 1.3976 1.3031
v 0.2827 1.3489 1.3023
v 0.2285 1.4945 1.3034
v 0.1663 1.5821 1.3044
v 0.2796 1.5335 1.3034
v 0.2867 1.4654 1.3067
v 0.2063 1.6276 1.3142
v 0.2760 1.6063 1.3186
v 0.0791 1.5961 1.3135
v 0.0484 1.6376 1.3260
v 0.0779 1.5449 1.3204
v 0.0270 1.5026 1.3229
v -0.0172 1.6130 1.3096
v -0.0187 1.5156 1.3108
v -0.1037 1.5219 1.3094
v -0.2274 1.4602 1.3100
v -0.2301 1.5880 1.3089
v -0.0920 1.4570 1.3107
v -0.2209 1.6693 1.3126
v -0.2497 1.5479 1.3114
v -0.0607 1.6572 1.3169
v -0.0720 1.6964 1.3056
v -0.2362 1.7351 1.3055
v -0.1248 1.8179 1.3033
v -0.0306 1.7507 1.3039
v -0.2279 1.8375 1.3063
v -0.0568 1.8373 1.3058
v 0.0367 1.8670 1.3111
v -0.0433 1.8995 1.3072
v -0.2175 1.8997 1.3108
v 0.0112 1.7381 1.3128
v -0.0157 1.6751 1.3265
v 0.0855 1.7779 1.2921
v 0.1036 1.8750 1.3015
v 0.1811 1.7525 1.3020
v 0.2731 1.7362 1.3029
v 0.2656 1.8758 1.3038
v 0.2874 1.6405 1.3032
v 0.1834 1.6597 1.3011
v 0.2931 1.8250 1.3046
v 0.0862 1.6734 1.2960
v -0.1241 1.4179 1.3233
v 0.0541 1.9459 1.3293
v -0.0611 1.9356 1.3237
v 0.1288 1.9106 1.3111
v 0.2078 1.9072 1.3170
v 0.2616 1.9621 1.3051
v 0.1089 2.0603 1.3100
v 0.2084 2.1043 1.3118
v 0.0535 2.0596 1.3154
v 0.1020 2.1026 1.3148
v 0.2770 2.0484 1.3170
v -0.0102 1.9720 1.3064
v -0.0712 2.1039 1.3116
v -0.1585 2.1019 1.3115
v -0.1690 1.9957 1.3096
v 0.0132 2.1013 1.3163
v -0.1669 1.9424 1.3243
v 0.2990 1.5496 1.3121
v -0.1207 0.8163 1.3257
v -0.0132 1.4347 1.3388
v -0.0147 1.3971 1.3368
v -0.1353 0.7682 1.3072
v -0.2766 0.7532 1.3044
v -0.1449 0.6590 1.3085
v -0.0393 0.6639 1.3101
v -0.1007 0.5524 1.3087
v -0.1620 0.5496 1.3081
v -0.2863 0.6653 1.3114
v -0.0353 0.7182 1.3077
v -0.2939 0.5653 1.3071
v 0.0017 0.6596 1.3202
v -0.1209 0.5009 1.3239
v -0.0471 0.7842 1.3247
v -0.0386 0.8156 1.3366
v -0.2800 0.5112 1.3254
v -0.1357 0.4676 1.3106
v -0.0337 0.5818 1.3247
v -0.0521 0.5401 1.3231
v 0.0197 0.4999 1.3086
v -0.0479 0.4880 1.3339
v -0.0703 0.4356 1.3233
v 0.0331 0.4483 1.3183
v 0.1114 0.4556 1.3130
v 0.1489 0.5566 1.3034
v 0.0255 0.6600 1.3115
v 0.1253 0.6907 1.3063
v 0.1064 0.6551 1.3070
v 0.2648 0.6844 1.3111
v 0.2394 0.6051 1.3064
v 0.2522 0.4870 1.3052
v 0.1752 0.4843 1.3062
v 0.0978 0.4071 1.3091
v 0.2100 0.3920 1.3045
v 0.0900 0.2640 1.3101
v -0.0263 0.4042 1.3098
v -0.0551 0.2068 1.3068
v 0.0825 0.1751 1.3109
v 0.1755 0.1609 1.3085
v 0.1874 0.3089 1.3096
v 0.2552 0.2087 1.3079
v -0.0121 0.1328 1.3095
v 0.1654 0.0885 1.3035
v 0.0443 0.0144 1.3096
v -0.0584 0.0207 1.3060
v 0.2670 0.1212 1.3059
v 0.2572 0.0552 1.3036
v -0.0688 0.1533 1.3062
v -0.1703 0.1577 1.3052
v -0.1738 0.0236 1.3080
v -0.2997 0.0987 1.2998
v -0.2713 0.1484 1.3038
v 0.2494 0.0163 1.3085
v 0.2635 0.2895 1.3127
v -0.1039 0.2792 1.3140
v -0.3120 0.0423 1.3049
v -0.0693 0.1832 1.3159
v -0.1478 0.1924 1.3198
v 0.2470 0.1596 1.3151
v -0.0788 0.3542 1.3160
v -0.1690 0.2396 1.3068
v -0.1217 0.3578 1.3090
v -0.2929 0.3768 1.3048
v -0.2240 0.4772 1.3079
v -0.2999 0.2413 1.3053
v -0.2938 0.4735 1.3075
v 0.1763 0.7273 1.3174
v -0.2532 0.1870 1.3225
v 0.2710 0.5071 1.3112
v 0.0683 0.7360 1.3268
v -0.0103 0.7684 1.3298
v 0.1574 0.4486 1.3189
v 0.2747 0.3182 1.3377
v 0.2677 0.7361 1.3305
v 0.2614 0.3952 1.3230
v 0.2545 0.4530 1.3328
v 0.0049 1.0767 1.3275
v 0.3115 1.3523 1.3143
v 0.1820 0.7688 1.3023
v -0.3073 0.7990 1.3294
v -0.3245 0.1163 1.3140
v -0.3137 0.7741 1.3257
v -0.3102 0.5872 1.3170
v 0.2698 1.0320 1.3241
v 0.2577 0.7855 1.3052
v 0.0745 0.7775 1.3054
v 0.0186 0.8089 1.3053
v 0.2857 0.7824 1.3119
v 0.2973 1.9088 1.3383
v 0.3023 1.9670 1.3273
v -0.2893 1.1083 1.3201
v -0.2633 0.8229 1.3300
v 0.0495 2.1029 1.3361
v -0.2811 0.8295 1.3384
v -0.3279 0.3602 1.3264
v -0.3253 0.4696 1.3288
v 0.3173 1.4283 1.3241
v 0.2790 0.5702 1.3277
v -0.3058 0.1793 1.3471
v -0.3037 0.5105 1.3399
v -0.3290 0.2382 1.3281
v -0.2804 1.3091 1.3402
v 0.2669 0.6095 1.3291
v -0.3097 0.6769 1.3392
v 0.3116 1.4647 1.3344
v 0.1098 0.8680 1.3031
v 0.0107 0.8922 1.3039
v 0.0413 0.9767 1.3050
v 0.1916 0.9530 1.3043
v 0.1172 1.0018 1.3061
v 0.2693 0.8546 1.3075
v 0.2659 0.9894 1.3079
v 0.2889 0.9130 1.3184
v 0.2470 0.1596 1.3151
v 0.2793 0.1653 1.3412
v 0.2670 0.1212 1.3059
v 0.1755 0.1609 1.3085
v 0.2799 0.2139 1.3210
v 0.2552 0.2087 1.3079
v 0.2635 0.2895 1.3127
v 0.2747 0.3182 1.3377
v 0.2797 0.0213 1.3334
v 0.2572 0.0552 1.3036
v 0.2494 0.0163 1.3085
v -0.1540 0.2176 1.1503
v -0.1440 0.3761 1.1461
v -0.1203 0.2319 1.1382
v -0.1162 0.3432 1.1349
v -0.1249 0.3725 1.1356
v -0.1640 0.3703 1.1649
v -0.1110 0.2179 1.1441
v -0.0675 0.2160 1.1770
v -0.1314 0.2168 1.2145
v -0.1110 0.2179 1.1441
v -0.1540 0.2176 1.1503
v -0.1623 0.2188 1.1842
v -0.0559 0.2182 1.1517
v -0.0414 0.2153 1.1815
v -0.0733 0.2186 1.2125
v -0.1314 0.2168 1.2145
v -0.1535 0.3766 1.2053
v -0.1623 0.2188 1.1842
v -0.1323 0.3758 1.2163
v -0.1640 0.3703 1.1649
v -0.1540 0.2176 1.1503
v -0.1411 0.2162 1.0038
v -0.1032 0.2185 1.0872
v -0.1110 0.2179 1.1441
v -0.1008 0.2149 0.9828
v -0.1297 0.2251 1.0957
v -0.1444 0.2383 1.0729
v -0.1203 0.2319 1.1382
v -0.1176 0.2373 1.0808
v -0.0976 0.2486 1.1381
v -0.1085 0.2460 1.0829
v -0.1138 0.2937 1.0703
v -0.1175 0.2765 1.0788
v -0.1090 0.2752 1.0782
v -0.1252 0.2910 1.0688
v -0.1205 0.2664 1.0793
v -0.1260 0.3232 1.0729
v -0.1202 0.2543 1.0776
v -0.1085 0.2460 1.0829
v -0.1176 0.2373 1.0808
v -0.1122 0.3173 1.0632
v -0.1252 0.2910 1.0688
v -0.1081 0.3369 1.0942
v -0.1175 0.2765 1.0788
v -0.1260 0.3232 1.0729
v -0.1176 0.2373 1.0808
v -0.0976 0.2486 1.1381
v -0.0966 0.3536 1.1407
v -0.0972 0.3661 1.0971
v -0.1175 0.2765 1.0788
v -0.1176 0.2373 1.0808
v -0.1205 0.2664 1.0793
v -0.1202 0.2543 1.0776
v -0.1205 0.2664 1.0793
v -0.1176 0.2373 1.0808
v -0.1444 0.2383 1.0729
v -0.1495 0.3449 0.9943
v -0.1411 0.2162 1.0038
v -0.1487 0.3370 0.8789
v -0.1440 0.2222 0.8820
v -0.1448 0.3514 1.0687
v -0.1283 0.3609 1.0908
v -0.1297 0.2251 1.0957
v -0.1203 0.2319 1.1382
v -0.1162 0.3432 1.1349
v -0.1249 0.3725 1.1356
v -0.1314 0.2123 0.9454
v -0.1170 0.2009 0.8972
v -0.1138 0.2937 1.0703
v -0.1090 0.2752 1.0782
v -0.1082 0.3325 1.0866
v -0.0992 0.2368 1.0940
v -0.1110 0.3216 1.0745
v -0.1136 0.3440 1.0758
v -0.1081 0.3369 1.0942
v -0.1122 0.3173 1.0632
v -0.1085 0.2460 1.0829
v -0.1260 0.3232 1.0729
v -0.1082 0.3325 1.0866
v -0.1081 0.3369 1.0942
v -0.0922 1.1195 1.0985
v -0.0926 0.9464 1.0984
v 0.0693 0.9188 1.1009
v 0.0057 1.0917 1.1003
v 0.0742 1.2431 1.1009
v -0.0888 1.2890 1.0995
v -0.0688 1.3647 1.0993
v 0.0891 1.3495 1.1003
v -0.0917 1.4830 1.0979
v 0.0817 1.0408 1.0998
v 0.0789 1.5466 1.1013
v -0.0924 1.5575 1.0980
v 0.0470 1.6966 1.0995
v -0.0829 1.7166 1.0980
v -0.0744 0.7840 1.1013
v 0.0916 0.8106 1.0983
v 0.0821 0.6672 1.1005
v 0.0931 1.1202 1.0973
v -0.0766 0.6257 1.1004
v 0.0482 0.2093 1.0973
v 0.0928 0.3769 1.0987
v -0.0222 0.3103 1.0996
v -0.0841 0.5075 1.1002
v 0.0834 0.5041 1.0992
v -0.0972 0.3661 1.0971
v -0.0177 1.7652 1.1018
v 0.1015 1.8093 1.1000
v 0.0978 1.8942 1.1014
v -0.0121 1.9128 1.1028
v 0.1019 1.7242 1.0997
v 0.0975 1.6652 1.0974
v -0.1007 1.8884 1.0964
v -0.0992 0.2368 1.0940
v -0.0760 0.1177 1.0973
v 0.0684 0.1836 1.0964
v 0.0889 0.1164 1.0962
v -0.1081 0.3369 1.0942
v 0.1063 1.6730 1.0982
v 0.0999 0.2227 1.0921
v -0.0033 0.0740 1.0895
v 0.0827 0.0775 1.0897
v 0.0669 0.2186 1.0897
v -0.0780 1.9311 1.0904
v 0.0693 1.9378 1.0919
v 0.0978 0.8822 1.0932
v 0.1011 1.0372 1.0904
v -0.0965 0.0690 1.0770
v -0.1021 0.6908 1.0890
v -0.0957 0.8418 1.0944
v -0.0502 1.9414 1.0879
v 0.1012 1.3089 1.0864
v 0.1031 1.5021 1.0852
v -0.1034 0.1320 1.0824
v -0.1032 0.2185 1.0872
v -0.1026 0.5459 1.0842
v 0.0554 0.1888 1.0827
v 0.0669 0.2186 1.0897
v 0.0482 0.2093 1.0973
v -0.0033 0.0740 1.0895
v -0.0753 0.0531 1.0486
v 0.0019 0.0565 1.0408
v 0.0837 0.0555 1.0385
v 0.0827 0.0775 1.0897
v -0.0965 0.0690 1.0770
v 0.1013 0.0772 1.0569
v -0.0875 0.0646 0.9930
v -0.0071 0.0700 0.9875
v 0.0794 0.0802 0.9775
v -0.1074 0.0791 1.0282
v -0.0474 0.4080 1.1983
v -0.0718 0.3665 1.2170
v -0.0733 0.2186 1.2125
v -0.0414 0.2153 1.1815
v -0.0692 0.4137 1.2147
v -0.1314 0.2168 1.2145
v -0.1323 0.3758 1.2163
v -0.1032 0.3838 1.2073
v -0.0919 0.4140 1.2093
v -0.0414 0.2153 1.1815
v -0.0566 0.2989 1.1481
v -0.0434 0.4116 1.1715
v -0.0559 0.2182 1.1517
v -0.0604 0.4129 1.1478
v -0.0474 0.4080 1.1983
v -0.0992 0.2368 1.0940
v -0.0976 0.2486 1.1381
v -0.1110 0.2179 1.1441
v -0.1032 0.2185 1.0872
v -0.1085 0.2460 1.0829
v -0.0976 0.2486 1.1381
v -0.0966 0.3536 1.1407
v -0.0566 0.2989 1.1481
v -0.0604 0.4129 1.1478
v -0.0559 0.2182 1.1517
v -0.1110 0.2179 1.1441
v -0.1044 0.4138 1.1618
v -0.1044 0.4138 1.1618
v -0.0966 0.3536 1.1407
v -0.1052 0.3755 1.1564
v -0.1056 0.3643 1.0799
v -0.1073 0.3546 0.9958
v -0.1283 0.3609 1.0908
v -0.1448 0.3514 1.0687
v -0.1495 0.3449 0.9943
v -0.1118 0.3566 0.9732
v -0.1154 0.3636 0.9451
v -0.1282 0.3450 0.8773
v -0.1487 0.3370 0.8789
v -0.1157 0.3736 1.1023
v -0.1249 0.3725 1.1356
v -0.1052 0.3755 1.1564
v -0.1294 0.3724 1.1833
v -0.1032 0.3838 1.2073
v -0.1535 0.3766 1.2053
v -0.1640 0.3703 1.1649
v -0.1440 0.3761 1.1461
v -0.1323 0.3758 1.2163
v -0.0976 0.3506 0.9830
v -0.1323 0.3758 1.2163
v -0.0718 0.3665 1.2170
v -0.1032 0.3838 1.2073
v -0.1082 0.3325 1.0866
v -0.1260 0.3232 1.0729
v -0.1165 0.3386 1.0823
v -0.1165 0.3386 1.0823
v -0.1136 0.3440 1.0758
v -0.1250 0.3396 1.0706
v -0.1250 0.3396 1.0706
v -0.1082 0.3325 1.0866
v -0.1165 0.3386 1.0823
v -0.1260 0.3232 1.0729
v -0.1110 0.3216 1.0745
v -0.1165 0.3386 1.0823
v -0.1122 0.3173 1.0632
v -0.1165 0.3386 1.0823
v -0.1110 0.3216 1.0745
v -0.1136 0.3440 1.0758
v -0.1136 0.3440 1.0758
v -0.1082 0.3325 1.0866
v -0.1250 0.3396 1.0706
v 0.0456 0.4127 1.2008
v 0.0411 0.3068 1.1689
v 0.0418 0.2183 1.1811
v 0.0335 0.4116 1.1757
v 0.0596 0.2156 1.2075
v 0.0559 0.2166 1.1506
v 0.0538 0.3262 1.1505
v 0.0569 0.4123 1.1421
v -0.1044 0.4138 1.1618
v -0.0692 0.4137 1.2147
v -0.0604 0.4129 1.1478
v -0.0919 0.4140 1.2093
v -0.0434 0.4116 1.1715
v -0.0474 0.4080 1.1983
v -0.1044 0.4138 1.1618
v -0.1052 0.3755 1.1564
v -0.1032 0.3838 1.2073
v -0.0919 0.4140 1.2093
v -0.0972 0.3661 1.0971
v -0.1157 0.3736 1.1023
v -0.0966 0.3536 1.1407
v -0.1056 0.3643 1.0799
v -0.1052 0.3755 1.1564
v -0.1019 1.1915 1.0811
v -0.1029 1.0795 0.9987
v -0.1019 0.9968 1.0738
v -0.1024 0.9420 1.0000
v -0.1045 0.7026 1.0076
v -0.1020 0.8901 1.0765
v -0.1021 0.6908 1.0890
v -0.1026 0.5459 1.0842
v -0.1030 0.5819 0.9958
v -0.1036 0.4209 1.0021
v -0.1056 0.3643 1.0799
v -0.1073 0.3546 0.9958
v -0.0999 1.1414 0.9896
v -0.1031 1.3525 1.0041
v -0.1015 1.3178 1.0905
v -0.1015 1.4657 1.0816
v -0.1025 1.5837 0.9978
v -0.1032 1.6468 1.0758
v -0.1029 1.7609 0.9994
v -0.1015 1.7399 1.0893
v -0.1056 1.8881 0.9946
v -0.1007 1.8884 1.0964
v -0.0926 0.9464 1.0984
v -0.0957 0.8418 1.0944
v -0.0922 1.1195 1.0985
v -0.0959 1.3798 0.9867
v -0.0972 0.3661 1.0971
v -0.0958 0.9002 0.9869
v -0.0982 0.9673 0.9890
v -0.0947 1.0224 0.9869
v -0.0780 1.9311 1.0904
v -0.0928 0.6952 0.9869
v -0.0888 1.2890 1.0995
v -0.0949 1.5740 0.9852
v -0.0921 1.6396 0.9848
v -0.0917 1.7565 0.9835
v -0.0949 0.5402 0.9864
v -0.0659 1.9382 0.9880
v -0.0976 0.3506 0.9830
v -0.0865 0.4398 0.9857
v -0.0949 1.8848 0.9840
v 0.0554 0.1888 1.0827
v 0.0482 0.2093 1.0973
v 0.0684 0.1836 1.0964
v 0.0684 0.1836 1.0964
v 0.0832 0.2025 1.0801
v 0.0554 0.1888 1.0827
v 0.0856 0.2010 1.0749
v 0.0860 0.2297 1.0601
v 0.0597 0.2400 1.0823
v 0.0772 0.1792 1.0817
v 0.0554 0.1888 1.0827
v 0.0834 0.2494 1.0800
v 0.1013 0.0772 1.0569
v 0.0977 0.0942 0.9877
v 0.0976 0.2188 0.9819
v 0.0999 0.2227 1.0921
v 0.0889 0.1164 1.0962
v 0.0827 0.0775 1.0897
v 0.0837 0.0555 1.0385
v 0.0794 0.0802 0.9775
v 0.0856 0.2010 1.0749
v 0.0832 0.2025 1.0801
v 0.0834 0.2494 1.0800
v 0.0772 0.1792 1.0817
v 0.0669 0.2186 1.0897
v 0.0684 0.1836 1.0964
v 0.0860 0.2297 1.0601
v 0.0554 0.1888 1.0827
v 0.0832 0.2025 1.0801
v 0.0772 0.1792 1.0817
v 0.0832 0.2039 0.4310
v -0.0193 0.1948 0.3728
v 0.0814 0.2034 0.3237
v -0.0156 0.1928 0.2909
v 0.0808 0.2030 0.2355
v 0.0825 0.2055 0.5281
v 0.0758 0.2070 0.6578
v -0.0042 0.1982 0.5410
v 0.0267 0.1917 0.1593
v 0.0673 0.1988 0.1709
v -0.0308 0.1914 0.1551
v 0.0235 0.1908 0.0316
v -0.0280 0.1893 -0.0152
v -0.0239 0.1841 -0.0737
v 0.0555 0.1944 -0.1187
v -0.0429 0.1904 -0.2329
v -0.0037 0.1883 -0.3337
v 0.0613 0.1994 -0.2511
v 0.0512 0.1981 -0.4100
v 0.0360 0.1916 -0.5476
v -0.0486 0.1904 -0.4598
v -0.0043 0.1897 -0.6917
v 0.0313 0.1923 -0.7481
v -0.0756 0.1912 -0.9125
v 0.0713 0.2018 0.0365
v 0.0605 0.1971 0.0886
v 0.0578 0.2040 0.0989
v 0.0044 0.1853 -0.9128
v 0.0450 0.2046 0.0905
v -0.0643 0.1944 -0.5587
v -0.0726 0.1966 -0.6778
v -0.0746 0.1960 -0.7692
v 0.0239 0.1924 0.6292
v 0.0024 0.1969 0.6581
v 0.0320 0.2055 0.6929
v 0.0843 0.2103 0.8088
v 0.0087 0.2077 0.8874
v 0.0530 0.2118 0.9053
v 0.0877 0.2163 0.9292
v -0.0067 0.2063 0.7328
v 0.0493 0.2152 0.9318
v 0.0976 0.2188 0.9819
v 0.1146 0.2177 0.8267
v 0.0289 0.2194 0.9739
v 0.1060 0.2179 0.7536
v 0.0085 0.2053 0.9276
v -0.0962 0.2207 0.9791
v -0.1314 0.2123 0.9454
v -0.1411 0.2162 1.0038
v -0.1170 0.2009 0.8972
v -0.0391 0.2002 0.2453
v 0.1177 0.2284 1.0071
v 0.0999 0.2227 1.0921
v 0.1241 0.2312 1.1281
v 0.0969 0.2308 1.1380
v 0.1115 0.2262 1.1645
v 0.1516 0.2307 1.1473
v 0.1280 0.2318 1.1923
v 0.0891 0.2265 1.2189
v 0.1281 0.2329 1.2182
v 0.1554 0.2315 1.2000
v 0.1612 0.2291 1.1682
v 0.0363 0.1979 -0.8335
v 0.0074 0.1933 0.6937
v 0.0219 0.2175 0.9063
v -0.0467 0.1931 -0.0927
v 0.0753 0.2071 0.1037
v 0.0313 0.2009 -0.9106
v -0.0282 0.2052 0.4680
v -0.0478 0.2030 0.0391
v -0.0196 0.2156 0.6512
v -0.0661 0.2016 -0.4585
v -0.0621 0.2036 -0.3493
v -0.0474 0.2034 0.0842
v -0.0165 0.2168 0.7738
v -0.0155 0.2205 0.8697
v 0.0968 0.2132 1.1643
v 0.0596 0.2156 1.2075
v 0.0559 0.2166 1.1506
v 0.0418 0.2183 1.1811
v 0.0682 0.2083 -0.0880
v -0.0564 0.2042 -0.1410
v -0.0338 0.2102 0.3573
v 0.0597 0.2400 1.0823
v 0.0834 0.2494 1.0800
v 0.0669 0.2186 1.0897
v 0.0554 0.1888 1.0827
v 0.0818 0.3774 1.2183
v 0.0456 0.4127 1.2008
v 0.0891 0.2265 1.2189
v 0.0596 0.2156 1.2075
v 0.0764 0.4097 1.2181
v 0.1281 0.2329 1.2182
v 0.1378 0.3773 1.2149
v 0.1378 0.3773 1.2149
v 0.1281 0.2329 1.2182
v 0.1554 0.2315 1.2000
v 0.1571 0.3864 1.1875
v 0.1612 0.2291 1.1682
v 0.1579 0.3779 1.1589
v 0.1516 0.2307 1.1473
v 0.1143 0.3752 0.9997
v 0.1188 0.3306 1.0718
v 0.1241 0.2312 1.1281
v 0.1177 0.2284 1.0071
v 0.1109 0.3653 0.8836
v 0.1146 0.2177 0.8267
v 0.1077 0.3474 0.7448
v 0.1180 0.3781 1.1043
v 0.1086 0.3633 0.7653
v 0.1060 0.2179 0.7536
v 0.1144 0.3233 1.0965
v 0.1306 0.3823 1.1390
v 0.0969 0.2308 1.1380
v 0.0538 0.3262 1.1505
v 0.0947 0.3765 1.1415
v 0.0559 0.2166 1.1506
v 0.0569 0.4123 1.1421
v 0.1012 0.4000 1.1580
v 0.0928 0.3769 1.0987
v 0.0999 0.2227 1.0921
v 0.0969 0.2308 1.1380
v 0.0947 0.3765 1.1415
v 0.0569 0.4123 1.1421
v 0.0456 0.4127 1.2008
v 0.1035 0.4108 1.1939
v 0.0335 0.4116 1.1757
v 0.0764 0.4097 1.2181
v 0.1012 0.4000 1.1580
v 0.1571 0.3864 1.1875
v 0.1012 0.3835 1.1979
v 0.0818 0.3774 1.2183
v 0.1378 0.3773 1.2149
v 0.1012 0.3835 1.1979
v 0.0764 0.4097 1.2181
v 0.0818 0.3774 1.2183
v 0.1035 0.4108 1.1939
v 0.1158 0.3690 1.1855
v 0.0904 0.3807 1.1690
v 0.1012 0.3835 1.1979
v 0.0947 0.3765 1.1415
v 0.1571 0.3864 1.1875
v 0.1012 0.4000 1.1580
v 0.1012 0.3835 1.1979
v 0.0904 0.3807 1.1690
v 0.0947 0.3765 1.1415
v 0.1035 0.4108 1.1939
v 0.0947 0.3765 1.1415
v 0.1158 0.3690 1.1855
v 0.1306 0.3823 1.1390
v 0.0928 0.3769 1.0987
v 0.1571 0.3864 1.1875
v 0.0985 0.3848 1.0852
v 0.1579 0.3779 1.1589
v 0.1077 0.3474 0.7448
v 0.0939 0.2215 0.7383
v 0.0909 0.3643 0.7329
v 0.1060 0.2179 0.7536
v 0.1086 0.3633 0.7653
v 0.0758 0.2070 0.6578
v 0.0974 0.3751 0.8485
v 0.1109 0.3653 0.8836
v 0.1086 0.3633 0.7653
v 0.1020 0.3761 0.9399
v 0.1143 0.3752 0.9997
v 0.0810 0.3703 0.7478
v 0.0909 0.3643 0.7329
v 0.0802 0.3685 0.6344
v 0.0789 0.3832 0.9792
v 0.0898 0.3566 0.6222
v 0.0767 0.3626 0.4665
v 0.0882 0.3474 0.5131
v 0.0817 0.3545 0.3974
v 0.0997 0.3857 0.9983
v 0.0985 0.3848 1.0852
v 0.1180 0.3781 1.1043
v 0.1306 0.3823 1.1390
v 0.1011 1.0372 1.0904
v 0.0982 0.9717 0.9903
v 0.1004 1.1518 0.9946
v 0.1024 1.1455 1.0802
v 0.1030 0.9072 1.0823
v 0.0986 0.8298 0.9937
v 0.1013 0.7497 1.0827
v 0.1009 0.7184 0.9985
v 0.1021 0.6545 1.0878
v 0.0990 0.5900 0.9987
v 0.0987 0.5416 1.0881
v 0.0985 0.3848 1.0852
v 0.0997 0.3857 0.9983
v 0.1012 1.3089 1.0864
v 0.0995 1.3129 1.0010
v 0.1003 1.4637 0.9914
v 0.1031 1.5021 1.0852
v 0.0991 1.5508 0.9939
v 0.0990 1.6773 0.9870
v 0.0975 1.6652 1.0974
v 0.0978 0.8822 1.0932
v 0.0916 0.8106 1.0983
v 0.0931 1.1202 1.0973
v 0.0834 0.5041 1.0992
v 0.0928 0.3769 1.0987
v 0.0821 0.6672 1.1005
v -0.1034 0.1320 1.0824
v -0.1022 0.1138 0.9904
v -0.1074 0.0791 1.0282
v -0.1008 0.2149 0.9828
v -0.1032 0.2185 1.0872
v -0.0965 0.0690 1.0770
v -0.0875 0.0646 0.9930
v -0.0831 0.0884 0.9777
v -0.0414 0.2004 0.9809
v -0.0071 0.0700 0.9875
v -0.0831 0.0884 0.9777
v -0.1008 0.2149 0.9828
v 0.0794 0.0802 0.9775
v 0.0976 0.2188 0.9819
v 0.0289 0.2194 0.9739
v -0.0962 0.2207 0.9791
v -0.1411 0.2162 1.0038
v -0.0875 0.0646 0.9930
v 0.0977 0.0942 0.9877
v 0.0219 0.2175 0.9063
v 0.0291 0.2268 0.9336
v 0.0493 0.2152 0.9318
v 0.0752 0.2295 0.9458
v 0.0755 0.2333 0.9559
v 0.0132 0.2223 0.8867
v 0.0755 0.2333 0.9559
v 0.0753 0.2849 0.9147
v 0.0782 0.2685 0.9642
v 0.0756 0.2327 0.9008
v 0.0753 0.3094 0.9350
v 0.0756 0.2327 0.9008
v 0.0291 0.2268 0.9336
v 0.0446 0.2228 0.8877
v 0.0755 0.2333 0.9559
v 0.0132 0.2223 0.8867
v 0.0493 0.2152 0.9318
v 0.0752 0.2295 0.9458
v 0.0530 0.2118 0.9053
v 0.0756 0.2327 0.9008
v 0.0753 0.2849 0.9147
v 0.0753 0.3094 0.9350
v 0.0782 0.2685 0.9642
v 0.0755 0.2333 0.9559
v -0.1187 1.2087 -0.1793
v -0.1258 1.1346 -0.1058
v -0.1158 1.1612 -0.1150
v -0.1056 1.1455 -0.0806
v -0.1218 1.1070 -0.0491
v -0.1156 1.0903 -0.0174
v -0.1250 1.0446 0.0083
v -0.1175 1.0620 0.0100
v -0.1205 1.0331 0.0424
v -0.1259 0.9359 0.1443
v -0.1195 0.9751 0.1308
v -0.1155 0.9345 0.1825
v -0.1191 0.8845 0.2498
v -0.1276 0.8657 0.2463
v -0.1219 0.8454 0.2964
v -0.1254 0.8025 0.3378
v -0.1016 0.8231 0.3382
v -0.1129 0.7670 0.4087
v -0.1268 0.7456 0.4144
v -0.1267 0.6985 0.4751
v -0.1104 0.6921 0.5100
v -0.1194 0.6633 0.5426
v -0.1276 0.6348 0.5483
v -0.1078 0.6474 0.5705
v -0.1259 0.5968 0.6029
v -0.1176 0.5820 0.6493
v -0.1203 0.5329 0.7097
v -0.1254 0.4877 0.7455
v -0.1162 0.4693 0.7948
v -0.1259 0.4302 0.8261
v -0.1056 0.4001 0.9030
v -0.1154 0.3636 0.9451
v -0.1118 0.3566 0.9732
v -0.0735 1.1921 -0.1482
v -0.1218 1.2650 -0.2525
v -0.1050 1.3017 -0.2781
v -0.1239 1.3188 -0.3191
v -0.1120 1.3626 -0.3581
v -0.1265 1.3636 -0.3956
v -0.1190 1.3866 -0.3988
v -0.1257 1.4384 -0.4800
v -0.1070 1.4311 -0.4434
v -0.1186 1.4822 -0.5167
v -0.1246 1.5090 -0.5666
v -0.1034 1.5136 -0.5481
v -0.1198 1.5381 -0.5950
v -0.1265 1.5800 -0.6816
v -0.1186 1.5813 -0.6512
v -0.1180 1.6429 -0.7210
v -0.1242 1.6861 -0.7926
v -0.1145 1.6845 -0.7688
v -0.1156 1.7426 -0.8423
v -0.1252 1.7418 -0.8760
v -0.0979 1.7794 -0.8718
v -0.1045 1.7736 -0.9187
v -0.0977 1.7925 -0.9292
v -0.0951 1.6050 -0.6698
v -0.0679 1.8023 -0.9229
v -0.0211 1.1324 0.9827
v -0.0778 1.2504 0.9843
v 0.0150 1.1437 0.9819
v -0.0999 1.1414 0.9896
v 0.0717 1.1442 0.9790
v -0.0947 1.0224 0.9869
v -0.0147 0.9898 0.9806
v -0.0982 0.9673 0.9890
v -0.0108 0.9291 0.9842
v -0.0179 0.7905 0.9815
v -0.0958 0.9002 0.9869
v -0.0928 0.6952 0.9869
v -0.0142 0.6557 0.9832
v -0.0949 0.5402 0.9864
v 0.0224 0.6483 0.9819
v 0.0886 0.5160 0.9854
v 0.0264 0.3969 0.9836
v -0.0865 0.4398 0.9857
v 0.0881 0.6483 0.9821
v -0.0057 0.8017 0.9820
v 0.0798 0.8039 0.9838
v 0.0900 0.9913 0.9814
v 0.0789 0.3832 0.9792
v 0.0011 0.3705 0.9817
v -0.0976 0.3506 0.9830
v 0.0806 1.2070 0.9841
v -0.0066 1.3119 0.9814
v -0.0154 1.3288 0.9823
v -0.0959 1.3798 0.9867
v -0.0149 1.4615 0.9806
v -0.0949 1.5740 0.9852
v 0.0890 1.3123 0.9850
v 0.0745 1.4685 0.9830
v 0.0825 1.6690 0.9827
v -0.0082 1.6743 0.9809
v -0.0921 1.6396 0.9848
v -0.0917 1.7565 0.9835
v -0.0090 1.7442 0.9806
v -0.0039 1.8291 0.9836
v -0.0949 1.8848 0.9840
v -0.0659 1.9382 0.9880
v 0.0809 1.8987 0.9833
v 0.0936 1.8337 0.9819
v 0.0896 1.1310 0.9806
v 0.0620 1.9398 0.9926
v -0.0265 0.3552 0.9779
v 0.1004 1.1518 0.9946
v 0.0991 1.5508 0.9939
v 0.0990 1.6773 0.9870
v 0.1003 1.4637 0.9914
v 0.0986 0.8298 0.9937
v 0.0982 0.9717 0.9903
v 0.0995 1.3129 1.0010
v 0.0899 1.4538 0.9747
v 0.0076 0.4575 0.7892
v 0.0016 0.4024 0.8760
v 0.0066 0.3844 0.8809
v -0.0050 0.4466 0.8282
v -0.0009 0.4831 0.7727
v 0.0046 0.5198 0.7122
v -0.0133 0.7717 0.3972
v -0.0149 0.8537 0.2913
v -0.1016 0.8231 0.3382
v -0.1129 0.7670 0.4087
v -0.0221 0.7347 0.4412
v -0.1104 0.6921 0.5100
v -0.0234 0.7088 0.4830
v -0.0210 0.6703 0.5378
v -0.1078 0.6474 0.5705
v -0.0133 0.6273 0.5868
v -0.0936 0.6099 0.6234
v -0.0056 0.5836 0.6484
v -0.0212 0.5276 0.7240
v -0.0948 0.4862 0.7817
v -0.0151 0.4054 0.8824
v -0.1056 0.4001 0.9030
v -0.1118 0.3566 0.9732
v 0.0096 0.3690 0.9366
v -0.0521 0.8496 0.2938
v -0.0939 0.9653 0.1550
v -0.0132 0.9318 0.1851
v 0.0016 0.9692 0.1408
v -0.0140 0.9918 0.1093
v -0.0192 1.0396 0.0478
v -0.0785 1.0631 0.0202
v -0.0227 1.0850 -0.0152
v -0.0118 1.1255 -0.0606
v -0.1056 1.1455 -0.0806
v -0.0735 1.1921 -0.1482
v -0.0104 1.1636 -0.1174
v -0.0051 1.1883 -0.1435
v -0.0031 1.2263 -0.1977
v -0.0074 1.2770 -0.2631
v -0.1050 1.3017 -0.2781
v -0.0254 1.3069 -0.2948
v -0.1120 1.3626 -0.3581
v -0.0292 1.3370 -0.3304
v -0.0295 1.3759 -0.3794
v -0.1070 1.4311 -0.4434
v 0.0020 1.1316 -0.0744
v -0.0322 1.4152 -0.4216
v -0.0288 1.4485 -0.4662
v 0.0030 1.2993 -0.2851
v -0.1156 1.0903 -0.0174
v 0.0033 1.2531 -0.2434
v -0.1195 0.9751 0.1308
v -0.1175 1.0620 0.0100
v -0.1205 1.0331 0.0424
v -0.1176 0.5820 0.6493
v -0.1203 0.5329 0.7097
v -0.1162 0.4693 0.7948
v -0.1191 0.8845 0.2498
v -0.1155 0.9345 0.1825
v -0.0265 0.3552 0.9779
v -0.0976 0.3506 0.9830
v 0.0041 0.5530 0.6696
v -0.0022 0.8189 0.3258
v -0.1219 0.8454 0.2964
v 0.0023 0.5977 0.6180
v 0.0036 0.6185 0.5831
v 0.0003 0.7775 0.3762
v 0.0038 0.8918 0.2183
v 0.0063 0.9598 0.1257
v 0.0083 0.7495 0.3975
v -0.0117 0.7482 0.4336
v 0.0056 0.8356 0.2819
v 0.0627 0.3538 0.1036
v -0.0490 0.3469 -0.0762
v -0.0460 0.3491 0.0917
v -0.0306 0.3530 0.2959
v 0.0668 0.3567 0.2583
v 0.0408 0.3531 -0.0663
v -0.0227 0.3494 -0.1643
v 0.0817 0.3545 0.3974
v 0.0559 0.3462 -0.1283
v 0.0543 0.3496 -0.1946
v -0.0506 0.3475 -0.3949
v 0.0449 0.3493 -0.3434
v 0.0267 0.3487 -0.5048
v -0.0655 0.3444 -0.6523
v 0.0310 0.3482 -0.5923
v 0.0254 0.3484 -0.7044
v -0.0734 0.3455 -0.7910
v 0.0066 0.3490 -0.9127
v -0.0564 0.3480 -0.9140
v 0.0767 0.3626 0.4665
v -0.0162 0.3591 0.5410
v -0.0035 0.3650 0.6066
v 0.0802 0.3685 0.6344
v 0.0089 0.3685 0.7111
v 0.0810 0.3703 0.7478
v -0.0091 0.3673 0.6852
v 0.0974 0.3751 0.8485
v 0.0096 0.3690 0.9366
v 0.1020 0.3761 0.9399
v -0.0583 0.3400 -0.2196
v 0.0789 0.3832 0.9792
v 0.0011 0.3705 0.9817
v -0.0852 0.3388 -0.9119
v 0.0328 0.3412 -0.8407
v 0.0686 0.3426 0.0261
v -0.0265 0.3552 0.9779
v 0.0279 0.3390 -0.9097
v 0.0477 0.3368 -0.4797
v -0.0642 0.3381 -0.3602
v -0.0694 0.3360 -0.4549
v 0.0396 0.3379 -0.6625
v 0.0668 0.3567 0.2583
v 0.0781 0.3314 0.2274
v 0.0627 0.3538 0.1036
v 0.0817 0.3545 0.3974
v 0.0686 0.3426 0.0261
v 0.0084 0.6184 0.5361
v 0.0074 0.4280 0.6475
v 0.0035 0.4772 0.5719
v 0.0054 0.5386 0.4775
v 0.0032 0.6033 0.3993
v 0.0023 0.5977 0.6180
v 0.0041 0.5530 0.6696
v 0.0046 0.5198 0.7122
v 0.0076 0.4575 0.7892
v 0.0089 0.3685 0.7111
v 0.0066 0.3844 0.8809
v 0.0036 0.6185 0.5831
v 0.0096 0.3690 0.9366
v 0.0016 0.4024 0.8760
v -0.0000 0.3875 0.6658
v -0.0048 0.4176 0.6258
v -0.0064 0.4542 0.5728
v -0.0077 0.4907 0.5202
v -0.0041 0.5776 0.4124
v -0.0196 0.6025 0.3680
v -0.0037 0.5453 0.4544
v -0.0091 0.3673 0.6852
v 0.0881 0.6483 0.9821
v 0.1009 0.7184 0.9985
v 0.0990 0.5900 0.9987
v 0.0886 0.5160 0.9854
v 0.0986 0.8298 0.9937
v 0.0997 0.3857 0.9983
v 0.0884 0.7881 0.9767
v 0.0789 0.3832 0.9792
v 0.0798 0.8039 0.9838
v -0.1282 0.3450 0.8773
v -0.1195 0.2370 0.8713
v -0.1487 0.3370 0.8789
v -0.1440 0.2222 0.8820
v -0.1265 0.4833 0.5716
v -0.1163 0.4312 0.6061
v -0.1255 0.3930 0.6818
v -0.1169 0.4822 0.5429
v -0.1223 0.5369 0.4818
v -0.0896 0.3719 0.6825
v -0.1242 0.3468 0.7374
v -0.1097 0.3060 0.7674
v -0.1225 0.2860 0.8127
v -0.1038 0.2632 0.8203
v -0.0920 0.5068 0.5024
v -0.1119 0.5768 0.4151
v -0.1261 0.6194 0.3766
v -0.1119 0.6540 0.3167
v -0.1258 0.6883 0.2926
v -0.1231 0.7101 0.2474
v -0.1170 0.2009 0.8972
v -0.1066 1.5684 -0.9192
v -0.1014 1.5988 -0.9164
v -0.1129 1.6115 -0.9214
v -0.1189 1.5234 -0.9377
v -0.1177 1.3565 -0.9319
v -0.1058 1.3577 -0.9213
v -0.1182 1.2360 -0.9372
v -0.1050 1.2341 -0.9182
v -0.1068 1.1121 -0.9199
v -0.1180 1.0889 -0.9420
v -0.1083 0.9172 -0.9203
v -0.1168 0.9100 -0.9387
v -0.1161 0.7821 -0.9316
v -0.1198 1.6452 -0.9389
v -0.0979 0.7998 -0.9159
v -0.1120 0.7261 -0.9225
v -0.1170 0.7366 -1.0178
v -0.1174 0.9697 -1.0105
v -0.1162 0.5522 -0.9308
v -0.1188 1.3590 -1.0135
v -0.1183 1.5636 -1.0208
v -0.1150 0.4413 -1.0195
v -0.1167 1.1624 -1.0208
v -0.1165 0.3766 -0.9401
v -0.1146 0.2382 -1.0239
v -0.1169 0.1860 -0.9402
v -0.1174 0.0324 -0.9395
v -0.1100 0.0275 -1.0249
v -0.1166 1.6724 -0.9295
v -0.1181 1.6568 -1.0239
v -0.1207 1.8712 -1.0215
v -0.1192 1.7730 -0.9428
v -0.1208 1.8835 -0.9302
v -0.0924 1.9392 -1.0205
v -0.1083 0.9324 -1.0299
v -0.1056 0.8319 -1.0311
v -0.0969 1.9288 -0.9290
v -0.1281 1.6478 -0.9213
v -0.0633 1.9681 -0.9326
v -0.0608 1.9709 -1.0074
v -0.1257 1.4384 -0.4800
v -0.1250 1.2841 -0.4758
v -0.1265 1.3636 -0.3956
v -0.1263 1.3404 -0.5532
v -0.1246 1.5090 -0.5666
v -0.1252 1.4267 -0.6626
v -0.1245 1.4583 -0.7035
v -0.1258 1.4955 -0.7512
v -0.1265 1.5800 -0.6816
v -0.1249 1.5383 -0.8142
v -0.1265 1.6012 -0.8767
v -0.1242 1.6861 -0.7926
v -0.1252 1.7418 -0.8760
v -0.1239 1.3188 -0.3191
v -0.1237 1.2302 -0.4229
v -0.1257 1.1493 -0.3191
v -0.1264 1.1228 -0.2861
v -0.1258 1.1346 -0.1058
v -0.1254 1.2319 -0.2398
v -0.1249 1.0956 -0.2478
v -0.1254 1.0365 -0.1655
v -0.1259 0.9359 0.1443
v -0.1257 0.9739 -0.0789
v -0.1260 0.9253 -0.0052
v -0.1250 1.0446 0.0083
v -0.1240 0.8597 0.0583
v -0.1279 0.8023 0.1506
v -0.1276 0.8657 0.2463
v -0.1254 0.8025 0.3378
v -0.1231 0.7101 0.2474
v -0.1258 0.6883 0.2926
v -0.1261 0.6194 0.3766
v -0.1268 0.7456 0.4144
v -0.1267 0.6985 0.4751
v -0.1276 0.6348 0.5483
v -0.1223 0.5369 0.4818
v -0.1265 0.4833 0.5716
v -0.1259 0.5968 0.6029
v -0.1254 0.4877 0.7455
v -0.1255 0.3930 0.6818
v -0.1259 0.4302 0.8261
v -0.1242 0.3468 0.7374
v -0.1282 0.3450 0.8773
v -0.1225 0.2860 0.8127
v -0.1195 0.2370 0.8713
v -0.1154 0.3636 0.9451
v -0.1218 1.2650 -0.2525
v -0.1187 1.2087 -0.1793
v -0.1045 1.7736 -0.9187
v -0.1221 0.8915 0.0172
v -0.1186 0.9290 -0.0355
v -0.0991 1.0987 -0.2719
v -0.0326 1.0152 -0.1725
v -0.1001 0.9937 -0.1358
v -0.0159 0.9786 -0.1221
v -0.0954 0.8784 0.0166
v -0.0414 0.8374 0.0706
v -0.0054 0.9345 -0.0650
v -0.0056 0.9626 -0.1019
v -0.1155 0.7907 0.1291
v -0.0483 0.7407 0.1892
v -0.1145 0.7409 0.1936
v -0.0463 0.6966 0.2546
v -0.0070 0.7784 0.1455
v -0.0072 0.7415 0.1874
v -0.0364 1.0630 -0.2273
v -0.0438 1.0934 -0.2659
v -0.0401 1.1159 -0.2968
v -0.1155 1.1916 -0.3915
v -0.0282 1.1342 -0.3264
v -0.0050 1.1750 -0.3713
v -0.0031 1.2386 -0.4492
v -0.0936 1.2520 -0.4694
v -0.0053 1.2686 -0.4939
v -0.0420 1.3151 -0.5519
v -0.0960 1.3885 -0.6388
v -0.0456 1.3663 -0.6129
v -0.0474 1.3949 -0.6445
v -0.0519 1.4295 -0.6911
v -0.0459 1.4516 -0.7208
v -0.1139 1.5167 -0.7982
v -0.0047 1.4981 -0.7733
v -0.0302 1.6041 -0.9123
v -0.1151 1.5723 -0.8666
v -0.0045 1.4550 -0.7259
v -0.0141 1.3003 -0.5367
v -0.0111 0.8375 0.0626
v -0.1231 0.7101 0.2474
v -0.1119 0.6540 0.3167
v -0.0393 0.6559 0.3086
v -0.0338 0.6156 0.3526
v -0.1119 0.5768 0.4151
v -0.0041 0.5776 0.4124
v -0.0037 0.5453 0.4544
v -0.0920 0.5068 0.5024
v -0.0077 0.4907 0.5202
v -0.1163 0.4312 0.6061
v -0.0064 0.4542 0.5728
v -0.0048 0.4176 0.6258
v -0.0000 0.3875 0.6658
v -0.0237 0.3547 0.7056
v -0.0896 0.3719 0.6825
v -0.0233 0.3355 0.7279
v -0.0220 0.3083 0.7636
v -0.1097 0.3060 0.7674
v -0.0210 0.2607 0.8248
v -0.1038 0.2632 0.8203
v -0.0155 0.2205 0.8697
v -0.1170 0.2009 0.8972
v 0.0087 0.2077 0.8874
v 0.0035 0.8889 0.0066
v -0.1014 1.5988 -0.9164
v -0.1172 1.3580 -0.5913
v -0.1176 1.2855 -0.4990
v -0.1237 1.2302 -0.4229
v -0.1186 0.9290 -0.0355
v -0.1221 0.8915 0.0172
v -0.1240 0.8597 0.0583
v -0.1252 1.4267 -0.6626
v 0.0014 1.5331 -0.8110
v 0.0091 1.5770 -0.8593
v -0.0010 1.5985 -0.9118
v -0.1245 1.4583 -0.7035
v -0.1257 1.1493 -0.3191
v -0.1264 1.1228 -0.2861
v -0.1249 1.0956 -0.2478
v -0.1254 1.0365 -0.1655
v -0.1205 0.9985 -0.1262
v -0.1257 0.9739 -0.0789
v -0.1249 1.5383 -0.8142
v -0.1129 1.6115 -0.9214
v -0.1258 1.4955 -0.7512
v 0.0053 1.2621 -0.4709
v 0.0026 1.2142 -0.4101
v 0.0049 1.1733 -0.3508
v 0.0026 1.1326 -0.3003
v -0.0091 0.3673 0.6852
v -0.1263 1.3404 -0.5532
v -0.1265 1.6012 -0.8767
v 0.0157 1.3011 -0.4938
v -0.1279 0.8023 0.1506
v -0.1250 1.2841 -0.4758
v -0.1281 1.6478 -0.9213
v -0.1198 1.6452 -0.9389
v -0.0564 0.2042 -0.1410
v -0.0542 0.3316 -0.0180
v -0.0593 0.3146 -0.1725
v -0.0621 0.2036 -0.3493
v -0.0478 0.2030 0.0391
v -0.0474 0.2034 0.0842
v -0.0460 0.3491 0.0917
v -0.0420 0.3386 0.2559
v -0.0391 0.2002 0.2453
v -0.0338 0.2102 0.3573
v -0.0366 0.3362 0.3662
v -0.0347 0.3444 0.4734
v -0.0282 0.2052 0.4680
v -0.0196 0.2156 0.6512
v -0.0284 0.3253 0.6139
v -0.0165 0.2168 0.7738
v -0.0220 0.3083 0.7636
v -0.0169 0.2670 0.8078
v -0.0233 0.3355 0.7279
v -0.0155 0.2205 0.8697
v -0.0237 0.3547 0.7056
v -0.0583 0.3400 -0.2196
v -0.0642 0.3381 -0.3602
v -0.0694 0.3360 -0.4549
v -0.0661 0.2016 -0.4585
v -0.0733 0.2182 -0.6030
v -0.0764 0.3267 -0.6380
v -0.0726 0.1966 -0.6778
v -0.0746 0.1960 -0.7692
v -0.0880 0.3302 -0.8268
v -0.0845 0.2003 -0.9100
v -0.0903 0.3188 -0.9122
v -0.0252 0.3505 0.5802
v -0.0490 0.3469 -0.0762
v -0.0643 0.1944 -0.5587
v -0.0852 0.3388 -0.9119
v -0.0306 0.3530 0.2959
v -0.0655 0.3444 -0.6523
v -0.0734 0.3455 -0.7910
v -0.0210 0.2607 0.8248
v -0.0756 0.1912 -0.9125
v -0.0162 0.3591 0.5410
v -0.0091 0.3673 0.6852
v -0.0035 0.3650 0.6066
v 0.0530 0.2118 0.9053
v 0.0446 0.2228 0.8877
v 0.0219 0.2175 0.9063
v 0.0132 0.2223 0.8867
v 0.0756 0.2327 0.9008
v 0.0634 0.3196 -0.1695
v 0.0682 0.2083 -0.0880
v 0.0613 0.1994 -0.2511
v 0.0686 0.3426 0.0261
v 0.0713 0.2018 0.0365
v 0.0753 0.2071 0.1037
v 0.0781 0.3314 0.2274
v 0.0808 0.2030 0.2355
v 0.0814 0.2034 0.3237
v 0.0817 0.3545 0.3974
v 0.0897 0.2185 0.4581
v 0.0882 0.3474 0.5131
v 0.0898 0.3566 0.6222
v 0.0931 0.2177 0.5997
v 0.0939 0.2215 0.7383
v 0.0909 0.3643 0.7329
v 0.0612 0.2117 -0.3665
v 0.0584 0.3279 -0.3023
v 0.0541 0.2054 -0.5253
v 0.0477 0.3368 -0.4797
v 0.0484 0.2072 -0.6587
v 0.0396 0.3379 -0.6625
v 0.0392 0.2121 -0.8520
v 0.0348 0.2542 -0.8615
v 0.0328 0.3412 -0.8407
v 0.0332 0.2587 -0.8916
v 0.0378 0.2804 -0.9101
v 0.0279 0.3390 -0.9097
v 0.0243 0.2107 -0.8999
v 0.0543 0.3496 -0.1946
v 0.0559 0.3462 -0.1283
v 0.0832 0.2039 0.4310
v 0.0449 0.3493 -0.3434
v 0.0825 0.2055 0.5281
v 0.0512 0.1981 -0.4100
v 0.0313 0.2009 -0.9106
v 0.0313 0.1923 -0.7481
v 0.0363 0.1979 -0.8335
v 0.0360 0.1916 -0.5476
v 0.0758 0.2070 0.6578
v -0.1725 0.5716 1.4815
v -0.1678 0.5443 1.4730
v -0.1807 0.5485 1.4964
v -0.1788 0.6124 1.5226
v -0.1810 0.5876 1.5341
v -0.1791 0.6065 1.5301
v -0.1822 0.5621 1.5587
v -0.1760 0.6564 1.5289
v -0.1684 0.6876 1.4865
v -0.1744 0.6704 1.5170
v -0.1740 0.5662 1.5829
v -0.1799 0.5960 1.5603
v -0.1782 0.6084 1.5295
v -0.1767 0.6180 1.5043
v -0.1791 0.6065 1.5301
v -0.1798 0.6042 1.5433
v -0.1799 0.5960 1.5603
v -0.1788 0.6124 1.5226
v -0.1744 0.6704 1.5170
v -0.1767 0.6180 1.5043
v -0.1760 0.6564 1.5289
v -0.1791 0.6065 1.5301
v -0.1744 0.6704 1.5170
v -0.1645 0.6067 1.4744
v -0.1490 0.6029 1.4662
v -0.1584 0.6001 1.4734
v -0.1446 0.5975 1.4653
v -0.1691 0.5984 1.4793
v -0.1346 0.5931 1.4647
v -0.1761 0.5938 1.4922
v -0.1670 0.6021 1.4785
v -0.1691 0.5984 1.4793
v -0.1761 0.5938 1.4922
v -0.1645 0.6067 1.4744
v -0.1583 0.5965 1.4676
v -0.1538 0.6003 1.4660
v -0.1490 0.6029 1.4662
v -0.1612 0.5937 1.4700
v -0.1583 0.5965 1.4676
v -0.1645 0.6067 1.4744
v -0.1621 0.5928 1.4708
v -0.1490 0.6029 1.4662
v -0.1611 0.5937 1.4702
v -0.1612 0.5937 1.4700
v -0.1621 0.5928 1.4708
v -0.1581 0.5964 1.4685
v -0.1611 0.5937 1.4702
v -0.1645 0.6067 1.4744
v -0.1581 0.5964 1.4685
v -0.1538 0.6003 1.4660
v -0.1621 0.5928 1.4708
v -0.1581 0.5964 1.4685
v -0.1538 0.6003 1.4660
v -0.1583 0.5965 1.4676
v -0.1612 0.5937 1.4700
v -0.1538 0.6003 1.4660
v -0.1670 0.6021 1.4785
v -0.1584 0.6001 1.4734
v -0.1446 0.5975 1.4653
v -0.1761 0.5938 1.4922
v -0.1645 0.6067 1.4744
v -0.1463 0.5928 1.4646
v -0.1538 0.6003 1.4660
v -0.1482 0.5900 1.4649
v -0.1491 0.5886 1.4651
v -0.1500 0.5872 1.4653
v -0.1490 0.6029 1.4662
v -0.1350 0.5928 1.4634
v -0.1350 0.5928 1.4634
v -0.1346 0.5931 1.4647
v -0.1490 0.6029 1.4662
v -0.1285 0.5889 1.4641
v -0.1500 0.5872 1.4653
v -0.1490 0.5889 1.4652
v -0.1491 0.5886 1.4651
v -0.1482 0.5900 1.4649
v -0.1476 0.5913 1.4650
v -0.1463 0.5928 1.4646
v -0.1446 0.5975 1.4653
v -0.1463 0.5928 1.4646
v -0.1476 0.5913 1.4650
v -0.1350 0.5928 1.4634
v -0.1538 0.6003 1.4660
v -0.1490 0.5889 1.4652
v -0.1500 0.5872 1.4653
v -0.1300 0.5894 1.4631
v -0.1347 0.5930 1.4644
v -0.1346 0.5931 1.4647
v -0.1446 0.5975 1.4653
v -0.1347 0.5930 1.4644
v -0.1350 0.5928 1.4634
v -0.1346 0.5931 1.4647
v -0.1300 0.5894 1.4631
v -0.1207 0.5836 1.4633
v -0.1285 0.5889 1.4641
v -0.1133 0.5879 1.4623
v -0.1060 0.5735 1.4619
v -0.1350 0.5928 1.4634
v -0.1300 0.5894 1.4631
v -0.1207 0.5836 1.4633
v -0.1208 0.5832 1.4626
v -0.1060 0.5735 1.4619
v -0.1346 0.5931 1.4647
v -0.1285 0.5889 1.4641
v -0.1133 0.5879 1.4623
v -0.1350 0.5928 1.4634
v -0.1300 0.5894 1.4631
v -0.1208 0.5832 1.4626
v -0.1060 0.5735 1.4619
v -0.1089 0.6573 1.5997
v -0.1147 0.6533 1.5995
v -0.1065 0.6707 1.5999
v -0.0425 0.6222 1.6011
v -0.0434 0.6511 1.6013
v -0.0813 0.6763 1.6006
v -0.1148 0.6676 1.5995
v -0.1184 0.6666 1.5994
v -0.1207 0.6658 1.5992
v -0.1238 0.6650 1.5991
v -0.1256 0.6646 1.5991
v -0.1280 0.6639 1.5990
v -0.1259 0.6644 1.5991
v -0.1256 0.6646 1.5991
v -0.1280 0.6639 1.5990
v -0.1238 0.6650 1.5991
v -0.1174 0.6667 1.5993
v -0.1184 0.6666 1.5994
v -0.1207 0.6658 1.5992
v -0.1148 0.6676 1.5995
v -0.1131 0.6678 1.5994
v -0.1071 0.6693 1.5995
v -0.1131 0.6678 1.5994
v -0.1089 0.6573 1.5997
v -0.1259 0.6644 1.5991
v -0.1238 0.6650 1.5991
v -0.1147 0.6533 1.5995
v -0.1280 0.6639 1.5990
v -0.1207 0.6658 1.5992
v -0.1174 0.6667 1.5993
v -0.0813 0.6763 1.6006
v -0.0425 0.6222 1.6011
v -0.0434 0.6511 1.6013
v -0.1065 0.6707 1.5999
v -0.1148 0.6676 1.5995
v -0.2714 1.1324 1.6159
v -0.2722 1.1130 1.7050
v -0.2530 1.1364 1.6896
v -0.2845 1.1037 1.6453
v -0.2292 1.1387 1.7128
v -0.2379 1.0770 1.7439
v -0.2717 1.0406 1.7338
v -0.2861 1.0018 1.7208
v -0.2694 0.9565 1.7341
v -0.2923 0.9361 1.7002
v -0.2843 0.8552 1.7320
v -0.3003 0.8644 1.6910
v -0.2823 1.1645 1.6752
v -0.2688 1.2057 1.7245
v -0.2790 1.2512 1.7056
v -0.2638 1.2759 1.7195
v -0.2600 1.3059 1.6923
v -0.2752 1.3451 1.6268
v -0.1903 1.3126 1.7240
v -0.2324 1.9123 1.3973
v -0.2185 1.9482 1.3806
v -0.2325 1.9170 1.3462
v -0.2180 1.9297 1.3934
v -0.2116 2.1484 1.6433
v -0.2216 2.1463 1.5982
v -0.2236 2.1254 1.6139
v -0.2204 2.1120 1.4684
v -0.2224 2.1775 1.6043
v -0.2236 2.1949 1.3316
v -0.2205 2.1203 1.3535
v -0.2192 2.2334 1.6072
v -0.2212 2.1772 1.6536
v -0.2163 2.2339 1.7294
v -0.2104 2.1266 1.3087
v -0.2104 2.2371 1.4326
v -0.2052 2.2398 1.3261
v -0.2080 2.0987 1.5473
v -0.2042 2.1125 1.6768
v -0.2139 2.1398 1.7376
v -0.2487 1.6972 1.4050
v -0.2465 1.8263 1.3218
v -0.2499 1.7443 1.3219
v -0.2468 1.8166 1.4878
v -0.2483 1.6919 1.4670
v -0.2503 1.7878 1.5137
v -0.2445 1.6785 1.3378
v -0.2381 1.8646 1.3437
v -0.2324 1.9123 1.3973
v -0.2325 1.9170 1.3462
v -0.2398 1.9077 1.4953
v -0.2611 1.6498 1.4809
v -0.2619 1.6467 1.3783
v -0.2657 1.5565 1.3331
v -0.2653 1.5276 1.4888
v -0.2603 1.5557 1.5429
v -0.2533 1.6434 1.3244
v -0.2500 1.6674 1.5378
v -0.2567 1.6579 1.5743
v -0.2587 1.5762 1.7061
v -0.2673 1.5134 1.5755
v -0.2574 1.4730 1.7123
v -0.2656 1.4237 1.6116
v -0.2587 1.4320 1.6915
v -0.2605 1.3675 1.7071
v -0.2602 1.4552 1.5220
v -0.2752 1.3451 1.6268
v -0.2730 1.3920 1.5700
v -0.2710 1.3118 1.5760
v -0.2535 1.6116 1.6833
v -0.2512 1.6650 1.6962
v -0.2600 1.3059 1.6923
v -0.2818 1.2427 1.5701
v -0.2790 1.2512 1.7056
v -0.2823 1.1645 1.6752
v -0.2813 1.1681 1.5514
v -0.2904 1.2112 1.5171
v -0.2827 1.3086 1.5411
v -0.2825 1.3961 1.5149
v -0.2845 1.2448 1.4156
v -0.2740 1.3878 1.3612
v -0.2804 1.3091 1.3402
v -0.2846 1.1767 1.3211
v -0.2870 1.1672 1.4800
v -0.2795 1.1355 1.5004
v -0.2761 1.1353 1.4019
v -0.2543 1.5287 1.5281
v -0.2710 1.4618 1.4744
v -0.2577 1.5291 1.4091
v -0.2606 1.4754 1.3313
v -0.2637 1.4263 1.4680
v -0.2563 1.4278 1.3713
v -0.2246 1.8576 1.5403
v -0.2546 1.4316 1.5245
v -0.2284 1.9218 1.3973
v -0.2681 1.1438 1.5435
v -0.2714 1.1324 1.6159
v -0.2812 1.0784 1.5821
v -0.2845 1.1037 1.6453
v -0.2974 1.0103 1.6024
v -0.2861 1.0018 1.7208
v -0.2937 0.9723 1.6199
v -0.2923 0.9361 1.7002
v -0.3025 0.8557 1.6104
v -0.3003 0.8644 1.6910
v -0.2876 0.9740 1.5689
v -0.2972 0.8705 1.5576
v -0.2722 1.1130 1.7050
v -0.3058 0.9508 1.5235
v -0.3025 1.0065 1.4840
v -0.3045 1.0544 1.3815
v -0.3069 0.9323 1.4086
v -0.3109 0.8747 1.3691
v -0.3061 0.9208 1.3177
v -0.3005 1.0691 1.5363
v -0.2893 1.1083 1.3201
v -0.2378 1.6950 1.5897
v -0.2556 1.3953 1.3173
v -0.2127 1.9575 1.4867
v -0.2185 1.9482 1.3806
v -0.2276 2.0237 1.4326
v -0.2185 1.9928 1.3534
v -0.2019 2.1013 1.3352
v -0.2251 2.0066 1.5123
v -0.2147 2.0202 1.5449
v -0.2137 1.9982 1.6334
v -0.2040 1.9933 1.7100
v -0.1974 1.9516 1.6427
v -0.1986 1.9707 1.5451
v -0.2039 1.9285 1.5325
v -0.2227 1.9026 1.5955
v -0.2396 1.7973 1.5792
v -0.2171 1.8029 1.6816
v -0.2157 1.9051 1.6298
v -0.2135 1.9152 1.6951
v -0.2321 1.7261 1.7080
v -0.2377 1.7535 1.5925
v -0.2379 1.6840 1.6953
v -0.2299 1.7610 1.5517
v -0.2224 1.6938 1.5414
v -0.1916 1.9577 1.6989
v -0.2394 1.4271 1.3280
v -0.2634 1.1372 1.3243
v -0.2178 1.9182 1.3870
v -0.2163 2.2339 1.7294
v -0.2212 2.1772 1.6536
v -0.2139 2.1398 1.7376
v -0.2236 2.1254 1.6139
v -0.1684 0.6876 1.4865
v -0.1744 0.6704 1.5170
v -0.1788 0.6124 1.5226
v -0.1654 0.7535 1.5795
v -0.1687 0.7367 1.5639
v -0.1679 0.7399 1.5752
v -0.1654 0.7535 1.5795
v -0.1679 0.7399 1.5752
v -0.1687 0.7367 1.5639
v -0.1022 0.6227 1.6002
v -0.1052 0.6208 1.6002
v -0.1017 0.6227 1.6002
v -0.1014 0.6227 1.6002
v -0.1049 0.6180 1.6002
v -0.1017 0.6227 1.6002
v -0.1162 0.6227 1.5999
v -0.1049 0.6180 1.6002
v -0.1052 0.6208 1.6002
v -0.1022 0.6227 1.6002
v -0.1017 0.6227 1.6002
v -0.1017 0.6227 1.6002
v -0.1049 0.6180 1.6002
v -0.1022 0.6227 1.6002
v -0.1014 0.6227 1.6002
v -0.1017 0.6227 1.6002
v -0.1049 0.6180 1.6002
v -0.1162 0.6227 1.5999
v -0.1022 0.6227 1.6002
v 0.0222 0.5827 1.6010
v 0.0649 0.5042 1.5998
v 0.0485 0.5951 1.6006
v 0.0640 0.6110 1.5999
v -0.0105 0.5068 1.6007
v 0.0770 0.5459 1.6002
v 0.0222 0.5827 1.6010
v 0.0540 0.5958 1.6001
v 0.0628 0.6140 1.5997
v 0.0485 0.5951 1.6006
v 0.0866 0.6065 1.6001
v -0.0105 0.5068 1.6007
v 0.0222 0.5827 1.6010
v 0.0640 0.6110 1.5999
v 0.0540 0.5958 1.6001
v -0.0105 0.5068 1.6007
v 0.0640 0.6110 1.5999
v 0.0628 0.6140 1.5997
v 0.0866 0.6065 1.6001
v 0.0485 0.5951 1.6006
v 0.0540 0.5958 1.6001
v -0.0302 0.6374 1.4584
v 0.0209 0.6619 1.4592
v 0.0929 0.6312 1.4586
v 0.0738 0.5513 1.4590
v 0.0627 0.6968 1.4594
v 0.0532 0.7144 1.4596
v 0.0474 0.7252 1.4598
v -0.0056 0.5731 1.4609
v -0.0460 0.5225 1.4636
v 0.0596 0.7051 1.4603
v 0.0535 0.7151 1.4601
v 0.0298 0.6518 1.6008
v 0.0318 0.6472 1.6006
v 0.0315 0.6487 1.6009
v 0.0298 0.6518 1.6008
v 0.0213 0.6651 1.6011
v 0.0256 0.6459 1.6011
v 0.0190 0.6634 1.6011
v 0.0167 0.6676 1.6011
v 0.0187 0.6603 1.6012
v 0.0142 0.6702 1.6011
v 0.0068 0.6613 1.6010
v 0.0102 0.6690 1.6011
v 0.0093 0.6768 1.6012
v 0.0318 0.6472 1.6006
v 0.0433 0.6353 1.5997
v 0.0390 0.6446 1.6000
v 0.0463 0.6482 1.5999
v 0.0357 0.6528 1.6007
v 0.0315 0.6487 1.6009
v 0.0093 0.6768 1.6012
v 0.0102 0.6690 1.6011
v 0.0142 0.6701 1.6011
v 0.0167 0.6676 1.6011
v 0.0142 0.6701 1.6011
v 0.0142 0.6702 1.6011
v 0.0102 0.6690 1.6011
v 0.0187 0.6603 1.6012
v 0.0260 0.6533 1.6010
v 0.0256 0.6459 1.6011
v 0.0213 0.6651 1.6011
v 0.0315 0.6487 1.6009
v 0.0298 0.6518 1.6008
v 0.0068 0.6613 1.6010
v 0.0167 0.6676 1.6011
v 0.0142 0.6701 1.6011
v 0.0093 0.6768 1.6012
v 0.0433 0.6353 1.5997
v 0.0357 0.6528 1.6007
v 0.0463 0.6482 1.5999
v -0.0680 0.6977 1.6009
v -0.0554 0.7206 1.6014
v -0.0532 0.7138 1.6013
v -0.0331 0.7140 1.6013
v -0.0700 0.7123 1.6011
v -0.0808 0.7051 1.6008
v -0.0331 0.7140 1.6013
v -0.0605 0.7086 1.6009
v -0.0532 0.7138 1.6013
v -0.0831 0.7115 1.6008
v -0.0809 0.7073 1.6010
v -0.0816 0.7139 1.6011
v -0.1158 0.7405 1.5998
v -0.1090 0.7241 1.6005
v -0.1244 0.7448 1.5991
v -0.0532 0.7138 1.6013
v -0.0605 0.7086 1.6009
v -0.0680 0.6977 1.6009
v -0.0809 0.7073 1.6010
v -0.0700 0.7123 1.6011
v -0.0808 0.7051 1.6008
v -0.0831 0.7115 1.6008
v -0.1083 0.7304 1.6012
v -0.0820 0.7061 1.6011
v -0.0605 0.7086 1.6009
v -0.0554 0.7206 1.6014
v -0.0700 0.7123 1.6011
v -0.0331 0.7140 1.6013
v -0.0820 0.7061 1.6011
v -0.0791 0.7044 1.6011
v -0.0808 0.7051 1.6008
v -0.1083 0.7304 1.6012
v -0.1158 0.7405 1.5998
v -0.0816 0.7139 1.6011
v -0.1244 0.7448 1.5991
v -0.1090 0.7241 1.6005
v -0.0831 0.7115 1.6008
v -0.0809 0.7073 1.6010
v -0.0791 0.7044 1.6011
v -0.0820 0.7061 1.6011
v -0.1083 0.7304 1.6012
v -0.0816 0.7139 1.6011
v -0.0700 0.7123 1.6011
v -0.0700 0.7123 1.6011
v -0.0808 0.7051 1.6008
v -0.0791 0.7044 1.6011
v 0.1626 0.6294 1.5889
v 0.1700 0.6339 1.5767
v 0.1594 0.6277 1.5904
v 0.1520 0.6260 1.5953
v 0.1685 0.6230 1.4998
v 0.1716 0.5957 1.5783
v 0.1703 0.5975 1.5124
v 0.1715 0.5557 1.5482
v 0.1654 0.5591 1.5872
v 0.1711 0.6243 1.5171
v 0.1664 0.6574 1.4896
v 0.1687 0.6501 1.4998
v 0.1520 0.6260 1.5953
v 0.1700 0.6339 1.5767
v 0.1626 0.6294 1.5889
v 0.1520 0.6260 1.5953
v 0.1508 0.6428 1.5937
v 0.1373 0.6587 1.5979
v 0.1440 0.6546 1.5952
v 0.1626 0.6294 1.5889
v 0.1426 0.6544 1.5967
v 0.1612 0.6402 1.5903
v 0.1520 0.6260 1.5953
v 0.1373 0.6587 1.5979
v 0.1594 0.6277 1.5904
v 0.1508 0.6428 1.5937
v 0.1426 0.6544 1.5967
v 0.1440 0.6546 1.5952
v 0.1373 0.6587 1.5979
v 0.1594 0.6277 1.5904
v 0.1508 0.6428 1.5937
v 0.1626 0.6294 1.5889
v 0.1612 0.6402 1.5903
v 0.1508 0.6428 1.5937
v 0.1594 0.6277 1.5904
v 0.1426 0.6544 1.5967
v -0.1185 0.6145 1.4619
v -0.1179 0.6163 1.4618
v -0.1180 0.6165 1.4618
v -0.1180 0.6170 1.4618
v -0.1168 0.6145 1.4619
v -0.1175 0.6176 1.4617
v -0.1170 0.6118 1.4620
v -0.1171 0.6109 1.4620
v -0.1164 0.6120 1.4619
v -0.1165 0.6120 1.4619
v -0.1158 0.6122 1.4619
v -0.1153 0.6128 1.4618
v -0.1159 0.6127 1.4619
v -0.1171 0.6109 1.4620
v -0.1170 0.6118 1.4620
v -0.1246 0.6138 1.4623
v -0.1168 0.6145 1.4619
v -0.1179 0.6163 1.4618
v -0.1185 0.6145 1.4619
v -0.1159 0.6127 1.4619
v -0.1171 0.6109 1.4620
v -0.1079 0.6132 1.4613
v -0.1164 0.6120 1.4619
v -0.1153 0.6128 1.4618
v -0.1118 0.6149 1.4615
v -0.1111 0.6107 1.4616
v -0.1041 0.6101 1.4612
v -0.1185 0.6145 1.4619
v -0.1180 0.6165 1.4618
v -0.1172 0.6141 1.4619
v -0.1168 0.6145 1.4619
v -0.1177 0.6168 1.4618
v -0.1180 0.6170 1.4618
v -0.1182 0.6180 1.4618
v -0.1175 0.6176 1.4617
v -0.1176 0.6181 1.4617
v -0.1178 0.6190 1.4617
v -0.1175 0.6115 1.4620
v -0.1165 0.6120 1.4619
v -0.1171 0.6109 1.4620
v -0.1170 0.6118 1.4620
v -0.1158 0.6122 1.4619
v -0.1160 0.6130 1.4618
v -0.1159 0.6127 1.4619
v -0.1159 0.6126 1.4619
v -0.1153 0.6128 1.4618
v -0.1164 0.6120 1.4619
v -0.1175 0.6176 1.4617
v -0.1176 0.6183 1.4617
v -0.1170 0.6118 1.4620
v -0.1175 0.6115 1.4620
v -0.1246 0.6138 1.4623
v -0.1171 0.6109 1.4620
v -0.1118 0.6149 1.4615
v -0.1103 0.6118 1.4615
v -0.1111 0.6107 1.4616
v -0.1153 0.6128 1.4618
v -0.1158 0.6122 1.4619
v -0.1171 0.6109 1.4620
v -0.1079 0.6132 1.4613
v -0.1041 0.6101 1.4612
v -0.1176 0.6183 1.4617
v -0.1178 0.6190 1.4617
v -0.1182 0.6180 1.4618
v -0.1180 0.6170 1.4618
v -0.1175 0.6176 1.4617
v -0.0824 0.5253 1.4612
v -0.0893 0.5294 1.4611
v -0.0825 0.5250 1.4613
v -0.0788 0.5226 1.4615
v -0.0799 0.5225 1.4612
v -0.0755 0.5215 1.4611
v -0.0787 0.5249 1.4612
v -0.0755 0.5215 1.4611
v -0.0799 0.5225 1.4612
v -0.0792 0.5137 1.4612
v -0.0667 0.5146 1.4615
v -0.0824 0.5253 1.4612
v -0.0787 0.5249 1.4612
v -0.0893 0.5294 1.4611
v -0.0507 0.5311 1.4634
v -0.0825 0.5250 1.4613
v -0.0893 0.5294 1.4611
v -0.0787 0.5249 1.4612
v -0.0788 0.5226 1.4615
v -0.0761 0.5170 1.4617
v -0.0788 0.5226 1.4615
v -0.0755 0.5215 1.4611
v -0.0792 0.5137 1.4612
v -0.0824 0.5253 1.4612
v -0.0667 0.5146 1.4615
v -0.0507 0.5311 1.4634
v 0.0535 0.7151 1.4601
v 0.0474 0.7252 1.4598
v 0.0209 0.6619 1.4592
v 0.0596 0.7051 1.4603
v 0.0290 0.6776 1.4597
v 0.0596 0.7051 1.4603
v 0.0209 0.6619 1.4592
v 0.0735 0.7420 1.4593
v 0.0736 0.7420 1.4592
v 0.0743 0.7416 1.4593
v 0.0744 0.7416 1.4592
v 0.0751 0.7411 1.4593
v 0.0751 0.7411 1.4593
v 0.0764 0.7404 1.4593
v 0.0710 0.7435 1.4592
v 0.0710 0.7435 1.4592
v 0.0735 0.7420 1.4593
v 0.0724 0.7384 1.4593
v 0.0743 0.7416 1.4593
v 0.0751 0.7411 1.4593
v 0.0764 0.7404 1.4593
v 0.0568 0.7484 1.4592
v 0.0500 0.7391 1.4595
v 0.0170 0.5941 -0.3380
v 0.0054 0.5783 -0.3188
v -0.0108 0.5806 -0.3187
v 0.0054 0.5783 -0.3188
v 0.0585 0.5838 -0.1464
v -0.0446 0.5794 -0.2169
v 0.0612 0.5888 -0.2581
v 0.0547 0.5800 -0.0234
v -0.0398 0.5803 -0.0731
v -0.0633 0.5926 -0.1309
v -0.0600 0.5983 0.0095
v -0.0736 0.5906 -0.3176
v -0.0108 0.5806 -0.3187
v -0.0508 0.5887 0.1001
v 0.0377 0.5796 -0.3918
v 0.0529 0.5940 -0.3851
v -0.0197 0.5780 -0.3258
v 0.0666 0.5865 0.1462
v -0.0418 0.5874 0.1198
v -0.0300 0.5949 0.2619
v 0.0683 0.5981 0.2972
v -0.0196 0.6025 0.3680
v -0.0338 0.6156 0.3526
v 0.0032 0.6033 0.3993
v 0.0845 0.6142 0.4990
v 0.0084 0.6184 0.5361
v 0.0837 0.6188 0.5683
v 0.0036 0.6185 0.5831
v -0.0445 0.6020 0.2211
v -0.0124 0.6245 0.6531
v -0.0133 0.6273 0.5868
v 0.0872 0.6301 0.6781
v -0.0132 0.6362 0.7412
v 0.0077 0.6363 0.8530
v -0.0061 0.6456 0.9009
v 0.0866 0.6353 0.7798
v 0.0279 0.6468 0.9105
v 0.0224 0.6483 0.9819
v 0.0881 0.6483 0.9821
v 0.0790 0.6388 0.8897
v 0.0899 0.6479 0.8757
v -0.0142 0.6557 0.9832
v 0.0312 0.5782 -0.5144
v 0.0469 0.5909 -0.4842
v 0.0423 0.5855 -0.5507
v 0.0181 0.5782 -0.6704
v 0.0349 0.5914 -0.6786
v -0.0704 0.5781 -0.6278
v 0.0233 0.5788 -0.7694
v 0.0338 0.5934 -0.8300
v 0.0307 0.5887 -0.9110
v 0.0048 0.5740 -0.9146
v -0.0790 0.5778 -0.7256
v -0.0805 0.5755 -0.9070
v -0.0977 0.5732 -0.9157
v -0.0782 0.5762 -0.6594
v -0.0717 0.5779 -0.4384
v 0.0899 0.6479 0.8757
v 0.0790 0.6388 0.8897
v 0.0866 0.6353 0.7798
v 0.0539 0.6450 0.8675
v 0.0237 0.6425 0.8519
v 0.0591 0.6521 0.8923
v -0.0196 0.6025 0.3680
v -0.0041 0.5776 0.4124
v -0.0338 0.6156 0.3526
v 0.0539 0.6450 0.8675
v 0.0332 0.6534 0.8434
v 0.0201 0.6491 0.8563
v -0.0011 0.6662 0.8256
v 0.0651 0.6547 0.8595
v -0.0007 0.6555 0.8330
v -0.0004 0.6567 0.8653
v 0.0017 0.6644 0.9404
v 0.0242 0.6562 0.9086
v 0.0333 0.6614 0.9291
v 0.0733 0.6621 0.9146
v 0.0591 0.6521 0.8923
v 0.0746 0.6569 0.8984
v 0.0333 0.6614 0.9291
v 0.0017 0.6644 0.9404
v -0.0015 0.7069 0.9284
v -0.0011 0.6662 0.8256
v -0.0015 0.7069 0.9284
v -0.0004 0.6567 0.8653
v -0.0007 0.6555 0.8330
v -0.0025 0.7076 0.8406
v 0.0017 0.6644 0.9404
v -0.0220 0.7484 0.5800
v -0.0124 0.6245 0.6531
v -0.0197 0.7627 0.7202
v -0.0133 0.6273 0.5868
v -0.0132 0.6362 0.7412
v -0.0160 0.6530 0.8444
v -0.0171 0.7784 0.8809
v -0.0179 0.7905 0.9815
v -0.0142 0.6557 0.9832
v -0.0210 0.6703 0.5378
v -0.0205 0.7451 0.4875
v -0.0234 0.7088 0.4830
v -0.0221 0.7347 0.4412
v -0.0168 0.7595 0.5442
v -0.0142 0.7705 0.6534
v -0.0061 0.6456 0.9009
v -0.0077 0.7827 0.7866
v -0.0052 0.7925 0.8888
v -0.0057 0.8017 0.9820
v -0.0054 0.7545 0.4473
v 0.0083 0.7495 0.3975
v -0.0117 0.7482 0.4336
v 0.0722 0.7368 0.0853
v -0.0610 0.7339 0.0023
v -0.0440 0.7377 0.1672
v 0.0649 0.7400 0.1341
v -0.0516 0.7370 -0.0937
v 0.0537 0.7379 -0.0084
v 0.0438 0.7364 -0.1293
v -0.0597 0.7316 -0.2161
v 0.0522 0.7328 -0.2208
v 0.0452 0.7319 -0.3416
v -0.0566 0.7289 -0.3814
v 0.0317 0.7349 -0.4945
v -0.0791 0.7241 -0.5473
v 0.0268 0.7315 -0.6222
v -0.0753 0.7259 -0.6335
v 0.0170 0.7298 -0.7568
v -0.0906 0.7200 -0.8323
v -0.0990 0.7136 -0.9109
v -0.0072 0.7415 0.1874
v -0.0112 0.7249 -0.9162
v -0.0483 0.7407 0.1892
v 0.0054 0.7360 0.2172
v 0.0700 0.7394 0.2504
v 0.0234 0.7178 -0.9157
v 0.0076 0.7276 0.2564
v 0.0073 0.7361 0.3168
v 0.0684 0.7463 0.3280
v 0.0083 0.7495 0.3975
v 0.0854 0.7543 0.4161
v -0.0054 0.7545 0.4473
v 0.0814 0.7671 0.5515
v 0.0001 0.7730 0.6301
v 0.0873 0.7744 0.6940
v -0.0077 0.7827 0.7866
v 0.0818 0.7842 0.8012
v -0.0052 0.7925 0.8888
v -0.0057 0.8017 0.9820
v 0.0788 0.7942 0.9117
v 0.0798 0.8039 0.9838
v -0.0142 0.7705 0.6534
v -0.0168 0.7595 0.5442
v 0.0623 0.7286 -0.1252
v 0.0841 0.7392 0.3375
v 0.0795 0.7294 0.2139
v 0.0689 0.7289 0.0079
v -0.0844 0.7154 -0.4427
v -0.0693 0.7228 -0.1901
v -0.0826 0.7115 -0.3761
v -0.0940 0.7115 -0.6696
v 0.0736 0.7420 1.4592
v 0.0500 0.7391 1.4595
v 0.0724 0.7384 1.4593
v 0.0710 0.7435 1.4592
v 0.0568 0.7484 1.4592
v 0.0744 0.7416 1.4592
v 0.0751 0.7411 1.4593
v 0.0764 0.7404 1.4593
v 0.0391 0.7635 1.4590
v 0.0413 0.7630 1.4589
v 0.0394 0.7630 1.4590
v 0.0417 0.7633 1.4589
v 0.0390 0.7622 1.4590
v 0.0418 0.7628 1.4589
v 0.0427 0.7630 1.4589
v 0.0430 0.7632 1.4589
v 0.0430 0.7634 1.4589
v 0.0432 0.7632 1.4589
v 0.0302 0.7614 1.4591
v 0.0394 0.7630 1.4590
v 0.0390 0.7622 1.4590
v 0.0391 0.7635 1.4590
v 0.0390 0.7622 1.4590
v 0.0413 0.7630 1.4589
v 0.0391 0.7635 1.4590
v 0.0418 0.7628 1.4589
v 0.0430 0.7632 1.4589
v 0.0391 0.7635 1.4590
v 0.0302 0.7614 1.4591
v 0.0390 0.7622 1.4590
v 0.0394 0.7630 1.4590
v 0.0413 0.7630 1.4589
v 0.0417 0.7633 1.4589
v 0.0427 0.7630 1.4589
v 0.0432 0.7632 1.4589
v 0.0430 0.7634 1.4589
v 0.2833 1.0688 1.3051
v 0.3016 1.0637 1.3324
v 0.2698 1.0320 1.3241
v 0.2861 1.0355 1.3581
v 0.2959 1.0197 1.4553
v 0.3087 1.1806 1.3307
v 0.2763 1.1581 1.3047
v 0.3130 1.2058 1.3191
v 0.2983 1.0004 1.3365
v 0.2659 0.9894 1.3079
v 0.2889 0.9130 1.3184
v 0.3017 0.8784 1.3292
v 0.2693 0.8546 1.3075
v 0.2857 0.7824 1.3119
v 0.2897 1.2631 1.3079
v 0.3042 1.2783 1.3280
v 0.2772 1.3136 1.3155
v 0.0755 0.6041 0.0776
v 0.0689 0.7289 0.0079
v 0.0722 0.7368 0.0853
v 0.0684 0.5897 -0.0620
v 0.0646 0.5972 -0.1341
v 0.0623 0.7286 -0.1252
v 0.0804 0.6018 0.2054
v 0.0795 0.7294 0.2139
v 0.0612 0.5888 -0.2581
v 0.0610 0.6960 -0.2441
v 0.0841 0.7392 0.3375
v 0.0896 0.6461 0.5172
v 0.0846 0.6149 0.3167
v 0.0854 0.7543 0.4161
v 0.0890 0.7108 0.5176
v 0.0882 0.7530 0.5557
v 0.0532 0.7221 -0.3512
v 0.0529 0.5940 -0.3851
v 0.0460 0.7217 -0.4918
v 0.0469 0.5909 -0.4842
v 0.0423 0.5855 -0.5507
v 0.0384 0.7220 -0.6140
v 0.0353 0.6281 -0.6895
v 0.0349 0.5914 -0.6786
v 0.0341 0.6620 -0.7278
v 0.0338 0.5934 -0.8300
v 0.0324 0.7119 -0.8288
v 0.0339 0.7205 -0.7410
v 0.0340 0.6694 -0.6752
v 0.0234 0.7178 -0.9157
v 0.0307 0.5887 -0.9110
v 0.0913 0.7194 0.5559
v 0.0878 0.7020 0.6064
v 0.0873 0.7744 0.6940
v 0.0888 0.7744 0.8292
v 0.0872 0.6301 0.6781
v 0.0866 0.6353 0.7798
v 0.0899 0.6479 0.8757
v 0.0837 0.6188 0.5683
v 0.0881 0.6483 0.9821
v 0.0884 0.7881 0.9767
v 0.0845 0.6142 0.4990
v 0.0914 0.6458 0.5642
v 0.0924 0.6910 0.5834
v 0.0522 0.7328 -0.2208
v 0.0814 0.7671 0.5515
v 0.0818 0.7842 0.8012
v 0.0788 0.7942 0.9117
v 0.0798 0.8039 0.9838
v 0.0452 0.7319 -0.3416
v 0.0170 0.7298 -0.7568
v 0.0317 0.7349 -0.4945
v 0.0268 0.7315 -0.6222
v 0.0077 0.6363 0.8530
v 0.0201 0.6491 0.8563
v 0.0242 0.6562 0.9086
v 0.0077 0.6363 0.8530
v 0.0242 0.6562 0.9086
v 0.0279 0.6468 0.9105
v 0.0539 0.6450 0.8675
v 0.0201 0.6491 0.8563
v 0.0237 0.6425 0.8519
v 0.0077 0.6363 0.8530
v 0.0866 0.6353 0.7798
v 0.0332 0.6534 0.8434
v -0.0015 0.7069 0.9284
v -0.0025 0.7076 0.8406
v 0.0333 0.6614 0.9291
v -0.0011 0.6662 0.8256
v 0.0591 0.6521 0.8923
v 0.0279 0.6468 0.9105
v 0.0242 0.6562 0.9086
v 0.0790 0.6388 0.8897
v 0.0333 0.6614 0.9291
v 0.0332 0.6534 0.8434
v 0.0651 0.6547 0.8595
v 0.0733 0.6621 0.9146
v 0.0742 0.6841 0.8564
v 0.0733 0.6621 0.9146
v 0.0651 0.6547 0.8595
v 0.0742 0.6841 0.8564
v 0.0651 0.6547 0.8595
v 0.0746 0.6569 0.8984
v 0.0733 0.6621 0.9146
v 0.1063 0.6603 0.5299
v 0.1276 0.6853 0.5563
v 0.0914 0.6458 0.5642
v 0.1308 0.6857 0.5380
v 0.0896 0.6461 0.5172
v 0.0924 0.6910 0.5834
v 0.1308 0.6857 0.5380
v 0.0913 0.7194 0.5559
v 0.1276 0.6853 0.5563
v 0.0890 0.7108 0.5176
v 0.0924 0.6910 0.5834
v 0.0890 0.7108 0.5176
v 0.1063 0.6603 0.5299
v 0.0896 0.6461 0.5172
v 0.1308 0.6857 0.5380
v 0.0684 0.5897 -0.0620
v 0.0755 0.6041 0.0776
v 0.0666 0.5865 0.1462
v 0.0804 0.6018 0.2054
v 0.0683 0.5981 0.2972
v 0.0846 0.6149 0.3167
v 0.0845 0.6142 0.4990
v 0.0547 0.5800 -0.0234
v 0.0585 0.5838 -0.1464
v 0.0646 0.5972 -0.1341
v 0.0612 0.5888 -0.2581
v -0.0802 0.6908 -0.5633
v -0.0803 0.7091 -0.5334
v -0.0903 0.7045 -0.5653
v -0.0849 0.6640 -0.4764
v -0.0788 0.5863 -0.4411
v -0.0826 0.7115 -0.3761
v -0.0882 0.6624 -0.5546
v -0.0827 0.5900 -0.5361
v -0.0874 0.5918 -0.6829
v -0.0940 0.7115 -0.6696
v -0.1000 0.6931 -0.9010
v -0.0939 0.5852 -0.8263
v -0.0955 0.5967 -0.9053
v -0.0844 0.7154 -0.4427
v -0.0677 0.6422 -0.2160
v -0.0693 0.7228 -0.1901
v -0.0610 0.7339 0.0023
v -0.0600 0.5983 0.0095
v -0.0533 0.7006 0.1785
v -0.0633 0.5926 -0.1309
v -0.0736 0.5906 -0.3176
v -0.0508 0.5887 0.1001
v -0.0445 0.6020 0.2211
v -0.0393 0.6559 0.3086
v -0.0463 0.6966 0.2546
v -0.0338 0.6156 0.3526
v -0.0483 0.7407 0.1892
v -0.0440 0.7377 0.1672
v -0.0906 0.7200 -0.8323
v -0.0990 0.7136 -0.9109
v -0.0791 0.7241 -0.5473
v -0.0765 0.7026 -0.4581
v -0.0805 0.5755 -0.9070
v -0.0717 0.5779 -0.4384
v -0.0790 0.5778 -0.7256
v -0.0782 0.5762 -0.6594
v -0.0704 0.5781 -0.6278
v 0.0075 0.9559 0.0744
v 0.0071 0.7835 0.1828
v 0.0044 0.8309 0.0884
v 0.0035 0.8889 0.0066
v 0.0038 0.8918 0.2183
v 0.0063 0.9598 0.1257
v 0.0056 0.8356 0.2819
v 0.0073 0.7361 0.3168
v 0.0076 0.7276 0.2564
v 0.0057 0.9174 -0.0265
v 0.0104 0.9739 0.0024
v 0.0074 0.9765 0.0765
v 0.0003 0.7775 0.3762
v 0.0143 0.9732 -0.0763
v 0.0054 0.7360 0.2172
v 0.0083 0.7495 0.3975
v -0.0070 0.7784 0.1455
v -0.0072 0.7415 0.1874
v -0.0054 0.9345 -0.0650
v -0.0056 0.9626 -0.1019
v -0.0159 0.9786 -0.1221
v -0.0111 0.8375 0.0626
v -0.2587 1.5762 1.7061
v -0.2574 1.4730 1.7123
v -0.2464 1.5265 1.7152
v -0.2243 1.5565 1.7315
v -0.2260 1.6311 1.7300
v -0.2058 1.4676 1.7290
v -0.1960 1.4207 1.7228
v -0.2587 1.4320 1.6915
v -0.2605 1.3675 1.7071
v -0.1903 1.3126 1.7240
v -0.2600 1.3059 1.6923
v -0.1302 1.2953 1.7333
v -0.2338 1.2535 1.7334
v -0.2638 1.2759 1.7195
v -0.2688 1.2057 1.7245
v -0.2110 1.1716 1.7313
v -0.2292 1.1387 1.7128
v -0.1121 1.1233 1.7176
v -0.0629 1.1563 1.7286
v -0.0311 1.1282 1.7050
v -0.2512 1.6650 1.6962
v -0.2379 1.6840 1.6953
v -0.1597 1.6769 1.7234
v -0.2096 1.7309 1.7272
v -0.2321 1.7261 1.7080
v -0.1921 1.7951 1.7224
v -0.2171 1.8029 1.6816
v -0.2135 1.9152 1.6951
v -0.1930 1.9087 1.7284
v -0.1916 1.9577 1.6989
v -0.1501 1.9532 1.7170
v -0.2040 1.9933 1.7100
v -0.1702 1.9841 1.7266
v -0.1605 2.0399 1.7301
v -0.1651 2.1164 1.7224
v -0.2042 2.1125 1.6768
v -0.2465 1.8263 1.3218
v -0.2279 1.8375 1.3063
v -0.2362 1.7351 1.3055
v -0.2499 1.7443 1.3219
v -0.2445 1.6785 1.3378
v -0.2209 1.6693 1.3126
v -0.2381 1.8646 1.3437
v -0.2325 1.9170 1.3462
v -0.2175 1.8997 1.3108
v -0.2533 1.6434 1.3244
v -0.2021 1.9501 1.3459
v -0.2185 1.9482 1.3806
v -0.2185 1.9928 1.3534
v -0.1924 1.9853 1.3215
v -0.2019 2.1013 1.3352
v -0.1690 1.9957 1.3096
v -0.1585 2.1019 1.3115
v -0.2301 1.5880 1.3089
v -0.2497 1.5479 1.3114
v -0.2657 1.5565 1.3331
v -0.2606 1.4754 1.3313
v -0.2274 1.4602 1.3100
v -0.2394 1.4271 1.3280
v -0.1669 1.9424 1.3243
v -0.1479 1.4053 1.3138
v 0.0362 0.9064 1.7219
v 0.0323 0.9040 1.7215
v 0.0363 0.9064 1.7220
v 0.0401 0.9088 1.7224
v 0.0430 0.9101 1.7229
v 0.0421 0.9093 1.7229
v 0.0418 0.9098 1.7225
v 0.0438 0.9107 1.7229
v 0.0323 0.9040 1.7215
v 0.0381 0.9061 1.7230
v 0.0363 0.9064 1.7220
v 0.0418 0.9098 1.7225
v 0.0363 0.9064 1.7220
v 0.0421 0.9093 1.7229
v 0.0401 0.9088 1.7224
v 0.0323 0.9040 1.7215
v 0.0362 0.9064 1.7219
v 0.0381 0.9061 1.7230
v 0.0401 0.9088 1.7224
v 0.0418 0.9098 1.7225
v 0.0418 0.9098 1.7225
v 0.0438 0.9107 1.7229
v 0.0421 0.9093 1.7229
v 0.0363 0.9064 1.7220
v 0.0418 0.9098 1.7225
v 0.0421 0.9093 1.7229
v 0.0440 0.9111 1.7228
v 0.0430 0.9101 1.7229
v 0.0421 0.9093 1.7229
v 0.0438 0.9107 1.7229
v 0.0440 0.9111 1.7228
v 0.0421 0.9093 1.7229
v 0.0438 0.9107 1.7229
v 0.3118 1.7461 1.7201
v 0.3172 1.6571 1.6787
v 0.3333 1.7403 1.6831
v 0.2936 1.6551 1.7103
v 0.3204 1.7947 1.7113
v 0.3182 1.5829 1.6932
v 0.3049 1.8331 1.7191
v 0.3057 1.8810 1.6984
v 0.2803 1.5663 1.7162
v 0.3177 1.5343 1.7018
v 0.3005 1.4578 1.7139
v 0.3198 1.4514 1.6775
v 0.3050 1.3948 1.7061
v 0.3170 1.3944 1.6555
v 0.2913 1.3509 1.6695
v 0.3182 1.3348 1.6228
v 0.3191 1.2665 1.7014
v 0.3002 1.3212 1.7039
v 0.2809 1.2743 1.7264
v 0.2774 1.2007 1.7231
v 0.3152 1.1818 1.6817
v 0.2771 1.1422 1.7205
v 0.3027 1.1256 1.6847
v 0.3109 1.0516 1.6318
v 0.3031 1.0509 1.6865
v 0.2627 1.3536 1.7026
v 0.2764 1.8724 1.7158
v 0.2927 1.9005 1.7245
v 0.3155 1.9818 1.6831
v 0.3060 2.0119 1.7063
v 0.3191 2.0645 1.6797
v 0.2915 2.1021 1.7122
v 0.2935 2.0334 1.7197
v 0.3155 2.1056 1.6829
v 0.2891 2.1165 1.7271
v 0.2965 2.2052 1.7150
v 0.3166 2.2197 1.6849
v 0.2648 2.2526 1.7322
v 0.2513 2.1509 1.7481
v -0.2321 1.7920 1.6226
v -0.2321 1.7912 1.6231
v -0.2321 1.7918 1.6227
v -0.2321 1.7925 1.6222
v -0.2323 1.7929 1.6212
v -0.2322 1.7931 1.6218
v -0.2322 1.7932 1.6217
v -0.2322 1.7936 1.6214
v -0.2324 1.7943 1.6195
v -0.2322 1.7946 1.6207
v -0.2322 1.7939 1.6212
v -0.2322 1.7943 1.6208
v -0.2322 1.7947 1.6206
v -0.2323 1.7972 1.6188
v -0.2323 1.7950 1.6204
v -0.2325 1.7997 1.6169
v -0.2325 1.7997 1.6169
v -0.2323 1.7950 1.6204
v -0.2324 1.7943 1.6195
v -0.2323 1.7929 1.6212
v -0.2321 1.7912 1.6231
v -0.2321 1.7920 1.6226
v -0.2321 1.7925 1.6222
v -0.2322 1.7932 1.6217
v -0.2322 1.7931 1.6218
v -0.2322 1.7939 1.6212
v -0.2322 1.7936 1.6214
v -0.2324 1.7943 1.6195
v -0.2322 1.7946 1.6207
v -0.2322 1.7946 1.6207
v -0.2323 1.7972 1.6188
v -0.2324 1.7943 1.6195
v -0.2325 1.7997 1.6169
v -0.2322 1.7947 1.6206
v -0.2323 1.7950 1.6204
v -0.2322 1.7946 1.6207
v -0.2181 1.9093 1.4045
v -0.2180 1.9297 1.3934
v -0.2031 1.9443 1.3735
v -0.2284 1.9218 1.3973
v -0.2185 1.9482 1.3806
v -0.2284 1.9218 1.3973
v -0.2181 1.9093 1.4045
v -0.2178 1.9182 1.3870
v -0.2198 1.8993 1.3514
v -0.2324 1.9123 1.3973
v -0.2178 1.9182 1.3870
v -0.2180 1.9297 1.3934
v -0.2031 1.9443 1.3735
v -0.2018 1.9329 1.3577
v -0.2065 1.9124 1.3384
v -0.2198 1.8993 1.3514
v -0.1908 1.9336 1.3488
v -0.1781 1.9273 1.3396
v -0.1722 1.9324 1.3403
v -0.1815 1.9411 1.3464
v -0.1669 1.9403 1.3404
v -0.1894 1.9013 1.3265
v -0.1669 1.9403 1.3404
v -0.1722 1.9324 1.3403
v -0.1719 1.9343 1.3400
v -0.1781 1.9273 1.3396
v -0.1815 1.9411 1.3464
v -0.1894 1.9013 1.3265
v -0.1908 1.9336 1.3488
v -0.2065 1.9124 1.3384
v -0.2031 1.9443 1.3735
v -0.2198 1.8993 1.3514
v -0.2181 1.9093 1.4045
v 0.3168 1.8630 1.3326
v 0.3083 1.7401 1.3258
v 0.2931 1.8250 1.3046
v 0.2731 1.7362 1.3029
v 0.3102 1.6502 1.3171
v 0.2874 1.6405 1.3032
v 0.2656 1.8758 1.3038
v 0.2973 1.9088 1.3383
v 0.2078 1.9072 1.3170
v -0.0015 2.1116 1.7219
v -0.0612 2.1303 1.7459
v -0.1651 2.1164 1.7224
v 0.0399 2.1276 1.7398
v -0.1966 2.1471 1.7496
v -0.2139 2.1398 1.7376
v -0.2042 2.1125 1.6768
v 0.0637 2.1232 1.6995
v 0.1043 2.1146 1.7110
v 0.1223 2.1229 1.7357
v -0.1876 2.1448 1.6346
v -0.1657 2.1439 1.6972
v -0.1449 2.1450 1.6897
v -0.1228 2.1458 1.6144
v -0.1785 2.1403 1.5584
v -0.1391 2.1415 1.7101
v -0.1913 2.1362 1.5634
v -0.1603 2.1382 1.7138
v -0.1953 2.1326 1.6889
v -0.2040 2.1319 1.6690
v -0.2074 2.1277 1.5749
v -0.2034 2.1334 1.6069
v -0.2058 2.2111 1.6164
v -0.2123 2.1716 1.6521
v -0.2092 2.1743 1.6011
v -0.2084 2.1796 1.5715
v -0.2059 2.1925 1.6778
v -0.2035 2.1495 1.5617
v -0.2074 2.1277 1.5749
v -0.2034 2.1334 1.6069
v -0.2116 2.1484 1.6433
v -0.2063 2.1675 1.6894
v -0.2040 2.1319 1.6690
v -0.1953 2.1326 1.6889
v -0.2034 2.1334 1.6069
v -0.2216 2.1463 1.5982
v -0.2116 2.1484 1.6433
v -0.2040 2.1319 1.6690
v -0.1449 2.1450 1.6897
v -0.2063 2.1675 1.6894
v -0.2059 2.1925 1.6778
v -0.1953 2.1326 1.6889
v -0.1391 2.1415 1.7101
v -0.1603 2.1382 1.7138
v -0.1449 2.1450 1.6897
v -0.1953 2.1326 1.6889
v 0.1628 2.1470 1.7494
v 0.0704 2.2398 1.7489
v -0.0372 2.1424 1.7499
v 0.1849 2.2408 1.7472
v 0.2513 2.1509 1.7481
v -0.0786 2.2408 1.7474
v -0.1947 2.2501 1.7476
v -0.1966 2.1471 1.7496
v 0.2648 2.2526 1.7322
v -0.0612 2.1303 1.7459
v 0.2099 2.1232 1.7392
v 0.0399 2.1276 1.7398
v 0.1223 2.1229 1.7357
v 0.2891 2.1165 1.7271
v -0.2139 2.1398 1.7376
v -0.2163 2.2339 1.7294
v -0.1628 2.1733 1.6328
v -0.2058 2.2111 1.6164
v -0.1228 2.1458 1.6144
v -0.1449 2.1450 1.6897
v -0.2059 2.1925 1.6778
v -0.1785 2.1403 1.5584
v -0.2084 2.1796 1.5715
v 0.0440 2.3448 1.5607
v -0.0326 2.3317 1.5678
v -0.1009 2.2977 1.6597
v 0.0196 2.3464 1.5036
v -0.0430 2.3238 1.4598
v -0.0657 2.3171 1.5622
v -0.1598 2.2742 1.7028
v -0.1872 2.2556 1.5410
v -0.2104 2.2371 1.4326
v -0.1022 2.2934 1.3923
v -0.1590 2.2639 1.3336
v -0.2052 2.2398 1.3261
v -0.2192 2.2334 1.6072
v -0.2163 2.2339 1.7294
v -0.1947 2.2501 1.7476
v -0.0125 2.3309 1.4551
v 0.0979 2.3407 1.5174
v 0.1025 2.3345 1.5717
v 0.1786 2.3002 1.6471
v 0.1345 2.2666 1.7165
v -0.0482 2.2613 1.7296
v 0.2611 2.2689 1.6962
v 0.2648 2.2526 1.7322
v 0.1849 2.2408 1.7472
v 0.0704 2.2398 1.7489
v -0.0786 2.2408 1.7474
v -0.2212 2.1772 1.6536
v -0.2116 2.1484 1.6433
v -0.2236 2.1254 1.6139
v -0.2123 2.1716 1.6521
v -0.2092 2.1743 1.6011
v -0.2224 2.1775 1.6043
v -0.2216 2.1463 1.5982
v -0.2034 2.1334 1.6069
v -0.2092 2.1743 1.6011
v -0.2123 2.1716 1.6521
v -0.2224 2.1775 1.6043
v -0.2212 2.1772 1.6536
v -0.1913 2.1362 1.5634
v -0.1785 2.1403 1.5584
v -0.2035 2.1495 1.5617
v -0.2074 2.1277 1.5749
v -0.2084 2.1796 1.5715
v 0.0423 2.1165 1.2843
v 0.1020 2.1026 1.3148
v 0.0495 2.1029 1.3361
v 0.1603 2.1181 1.2854
v 0.2084 2.1043 1.3118
v 0.2745 2.1153 1.2844
v 0.2709 2.1056 1.3312
v 0.0132 2.1013 1.3163
v -0.0712 2.1039 1.3116
v 0.3124 2.1199 1.3132
v -0.0532 2.1207 1.2863
v -0.1353 2.1175 1.2856
v -0.1585 2.1019 1.3115
v 0.2845 2.1081 1.3645
v 0.3119 2.1127 1.4521
v 0.2753 2.1020 1.4391
v 0.3054 2.1022 1.4957
v -0.2104 2.1266 1.3087
v -0.2019 2.1013 1.3352
v 0.2780 2.0897 1.3482
v -0.2205 2.1203 1.3535
v -0.2204 2.1120 1.4684
v 0.0423 2.1165 1.2843
v -0.1243 2.2267 1.2829
v 0.0018 2.2334 1.2841
v 0.1542 2.2296 1.2843
v 0.1603 2.1181 1.2854
v -0.0532 2.1207 1.2863
v -0.1353 2.1175 1.2856
v -0.1722 2.1952 1.2853
v 0.2952 2.1494 1.2838
v 0.2745 2.1153 1.2844
v 0.2999 2.2379 1.2887
v -0.2104 2.1266 1.3087
v -0.2052 2.2398 1.3261
v -0.2236 2.1949 1.3316
v -0.1590 2.2639 1.3336
v -0.0974 2.1432 1.6996
v -0.0796 2.1433 1.6970
v -0.0851 2.1436 1.6937
v -0.0723 2.1441 1.6824
v -0.0748 2.1442 1.6829
v -0.0904 2.1422 1.7018
v -0.0748 2.1442 1.6829
v -0.0770 2.1436 1.6873
v -0.0851 2.1436 1.6937
v -0.0723 2.1441 1.6824
v -0.0904 2.1422 1.7018
v -0.0974 2.1432 1.6996
v -0.0796 2.1433 1.6970
v 0.1919 2.2935 1.3872
v 0.1362 2.3213 1.4438
v 0.2919 2.2472 1.5436
v 0.0979 2.3407 1.5174
v 0.1992 2.2951 1.6162
v 0.3033 2.2376 1.3832
v 0.3148 2.2305 1.5797
v 0.2611 2.2689 1.6962
v 0.2705 2.2600 1.3337
v 0.1786 2.3002 1.6471
v 0.1025 2.3345 1.5717
v 0.2999 2.2379 1.2887
v 0.3197 2.2214 1.4226
v 0.3166 2.2197 1.6849
v 0.2648 2.2526 1.7322
v -0.0125 2.3309 1.4551
v 0.0196 2.3464 1.5036
v 0.1811 2.2561 1.3174
v 0.0281 2.2817 1.3619
v -0.1022 2.2934 1.3923
v -0.1590 2.2639 1.3336
v 0.0018 2.2334 1.2841
v -0.1243 2.2267 1.2829
v 0.1542 2.2296 1.2843
v 0.1411 2.0176 1.7217
v 0.1334 2.0307 1.7083
v 0.1295 2.0097 1.7078
v 0.1084 2.0225 1.7082
v 0.1411 2.0176 1.7217
v 0.1295 2.0097 1.7078
v 0.1158 2.0263 1.7220
v 0.1084 2.0225 1.7082
v 0.1084 2.0225 1.7082
v 0.1310 2.0323 1.7231
v 0.1158 2.0263 1.7220
v 0.1334 2.0307 1.7083
v 0.1310 2.0323 1.7231
v 0.1334 2.0307 1.7083
v 0.1411 2.0176 1.7217
v 0.1155 2.1323 1.7147
v 0.1366 2.1260 1.7276
v 0.1223 2.1229 1.7357
v 0.2099 2.1232 1.7392
v 0.1043 2.1146 1.7110
v 0.1155 2.1323 1.7147
v 0.1402 2.1342 1.7083
v 0.1175 2.1435 1.6804
v 0.0958 2.1350 1.7109
v 0.1587 2.1370 1.7188
v 0.1366 2.1260 1.7276
v 0.1154 2.1417 1.7326
v 0.1327 2.1439 1.7313
v 0.1587 2.1370 1.7188
v 0.1366 2.1260 1.7276
v 0.1327 2.1439 1.7313
v 0.1155 2.1323 1.7147
v 0.1632 2.1164 1.7192
v 0.2915 2.1021 1.7122
v 0.2099 2.1232 1.7392
v 0.1366 2.1260 1.7276
v 0.2891 2.1165 1.7271
v 0.1402 2.1342 1.7083
v 0.1154 2.1417 1.7326
v 0.1175 2.1435 1.6804
v 0.1327 2.1439 1.7313
v 0.0958 2.1350 1.7109
v 0.1587 2.1370 1.7188
v -0.0163 1.1241 0.3471
v -0.0152 0.9866 0.4523
v -0.0173 1.1228 0.5025
v -0.0141 0.9813 0.3640
v -0.0138 0.9863 0.5807
v -0.0157 0.9855 0.2608
v -0.0152 1.0246 0.2623
v -0.0180 1.1132 0.2041
v -0.0162 1.0259 0.2361
v -0.0140 0.9918 0.1093
v -0.0173 0.9943 0.6694
v -0.0158 1.1304 0.6856
v -0.0175 1.1222 0.7924
v -0.0134 0.9857 0.7806
v -0.0133 0.9878 0.8682
v -0.0147 0.9898 0.9806
v -0.0170 1.1257 0.9723
v -0.0192 1.0396 0.0478
v -0.0153 1.1302 0.0604
v -0.0227 1.0850 -0.0152
v -0.0107 1.0043 0.2532
v -0.0118 1.1255 -0.0606
v -0.0130 1.1290 0.1792
v -0.0211 1.1324 0.9827
v -0.0062 1.1387 0.9303
v -0.0107 0.9853 0.6589
v -0.0033 1.0334 0.2445
v -0.0162 1.0259 0.2361
v -0.0107 1.0043 0.2532
v 0.0777 1.1371 0.4448
v 0.0381 1.1380 0.5220
v 0.0856 1.1327 0.5478
v -0.0062 1.1387 0.9303
v -0.0175 1.1222 0.7924
v -0.0170 1.1257 0.9723
v -0.0065 1.1402 0.7147
v -0.0158 1.1304 0.6856
v -0.0057 1.1392 0.6776
v -0.0081 1.1355 0.5154
v -0.0173 1.1228 0.5025
v -0.0055 1.1367 0.3872
v -0.0163 1.1241 0.3471
v -0.0027 1.1363 0.2371
v -0.0130 1.1290 0.1792
v 0.0642 1.1371 0.0253
v -0.0011 1.1346 0.1502
v 0.0728 1.1358 0.1618
v 0.0731 1.1377 0.3391
v 0.0777 1.1371 0.4448
v 0.0381 1.1380 0.5220
v 0.0514 1.1373 0.5291
v 0.0793 1.1379 0.6600
v 0.0784 1.1393 0.7736
v 0.0717 1.1442 0.9790
v 0.0150 1.1437 0.9819
v -0.0153 1.1302 0.0604
v 0.0020 1.1316 -0.0744
v 0.0703 1.1346 -0.1942
v 0.0070 1.1329 -0.1683
v 0.0026 1.1326 -0.3003
v 0.0680 1.1302 -0.3327
v 0.0606 1.1318 -0.4677
v -0.0357 1.1332 -0.4667
v 0.0486 1.1318 -0.5757
v -0.0540 1.1276 -0.6087
v 0.0331 1.1290 -0.7629
v -0.0282 1.1342 -0.3264
v -0.0493 1.1299 -0.6797
v -0.0542 1.1274 -0.8059
v 0.0299 1.1248 -0.9160
v -0.0584 1.1279 -0.9177
v 0.0856 1.1327 0.5478
v -0.0211 1.1324 0.9827
v -0.0118 1.1255 -0.0606
v -0.0673 1.1186 -0.8255
v -0.0613 1.1171 -0.6788
v 0.0554 1.1306 0.5245
v -0.0726 1.1067 -0.9135
v -0.1015 1.4657 1.0816
v -0.0917 1.4830 1.0979
v -0.0924 1.5575 1.0980
v -0.1032 1.6468 1.0758
v -0.1015 1.3178 1.0905
v -0.1015 1.7399 1.0893
v -0.0829 1.7166 1.0980
v -0.1007 1.8884 1.0964
v -0.0688 1.3647 1.0993
v -0.0888 1.2890 1.0995
v -0.1019 1.1915 1.0811
v -0.0207 1.4504 0.0322
v -0.0189 1.3124 0.1413
v -0.0208 1.4522 0.1977
v -0.0199 1.3068 0.0169
v -0.0254 1.4417 -0.1004
v -0.0219 1.3054 -0.0768
v -0.0240 1.3184 -0.1716
v -0.0273 1.4445 -0.2116
v -0.0254 1.3069 -0.2948
v -0.0309 1.4417 -0.3533
v -0.0140 1.3080 0.2272
v -0.0178 1.3172 0.3671
v -0.0147 1.4626 0.2930
v -0.0162 1.4553 0.3921
v -0.0179 1.3204 0.4858
v -0.0181 1.4376 0.5649
v -0.0166 1.3168 0.6139
v -0.0170 1.4554 0.5719
v -0.0159 1.3216 0.8209
v -0.0162 1.4556 0.7852
v -0.0173 1.4279 0.8367
v -0.0154 1.3288 0.9823
v -0.0149 1.4615 0.9806
v -0.0146 1.4613 0.8827
v -0.0292 1.3370 -0.3304
v -0.0295 1.3759 -0.3794
v -0.0322 1.4152 -0.4216
v -0.0288 1.4485 -0.4662
v -0.0114 1.4654 0.5078
v -0.0184 1.3022 -0.2015
v -0.0073 1.3075 0.5061
v -0.0076 1.3131 0.8332
v -0.0066 1.3119 0.9814
v -0.0087 1.3022 0.1555
v -0.0033 1.3101 0.6751
v -0.0063 1.3072 0.3568
v 0.0821 0.9764 -0.0472
v 0.0530 0.9730 0.0623
v 0.0104 0.9739 0.0024
v 0.0143 0.9732 -0.0763
v 0.0811 0.9758 -0.1551
v 0.0074 0.9765 0.0765
v -0.0159 0.9786 -0.1221
v 0.0636 0.9786 -0.2433
v -0.0227 0.9773 -0.2393
v -0.0045 0.9829 -0.3536
v 0.0654 0.9847 -0.3671
v 0.0549 0.9812 -0.4746
v -0.0200 0.9805 -0.4475
v 0.0561 0.9836 -0.5774
v 0.0032 0.9746 0.1105
v 0.0816 0.9775 0.1368
v 0.0742 0.9764 0.1889
v -0.0036 0.9788 0.2234
v 0.0759 0.9783 0.3078
v 0.0735 0.9795 0.4465
v -0.0141 0.9813 0.3640
v -0.0152 0.9866 0.4523
v 0.0767 0.9812 0.5655
v -0.0138 0.9863 0.5807
v 0.0801 0.9826 0.6673
v -0.0107 0.9853 0.6589
v -0.0134 0.9857 0.7806
v 0.0822 0.9844 0.7860
v 0.0433 0.9871 0.8190
v -0.0133 0.9878 0.8682
v 0.0862 0.9867 0.9493
v -0.0147 0.9898 0.9806
v 0.0826 0.9836 0.8735
v 0.0900 0.9913 0.9814
v -0.0074 0.9746 -0.5963
v -0.0432 0.9737 -0.5681
v -0.0323 0.9649 -0.6974
v 0.0377 0.9783 -0.7049
v -0.0055 0.9767 -0.7038
v -0.0464 0.9763 -0.7412
v -0.0650 0.9769 -0.8300
v 0.0436 0.9768 -0.8533
v -0.0646 0.9733 -0.9069
v 0.0382 0.9732 -0.9124
v 0.0779 0.9760 -0.2233
v 0.0867 0.9821 0.0812
v -0.0092 0.9790 0.1336
v -0.0291 0.9723 -0.3865
v -0.0418 0.9767 -0.3757
v -0.0442 0.9739 -0.4148
v -0.0354 0.9694 -0.4721
v -0.0384 0.9812 -0.2775
v -0.0611 0.9846 -0.7263
v -0.0535 0.9809 -0.5455
v -0.0312 0.9855 -0.1684
v 0.0876 0.9878 0.4869
v 0.0867 0.9868 0.3355
v 0.0874 0.9887 0.6118
v 0.0514 0.9889 -0.6784
v 0.0852 0.9869 0.1748
v 0.0896 0.9941 0.7238
v 0.0890 0.9914 0.8506
v 0.0862 1.1293 0.0467
v 0.0867 0.9821 0.0812
v 0.0850 1.1258 -0.1139
v 0.0866 1.1254 0.1845
v 0.0821 0.9764 -0.0472
v 0.0889 1.0260 0.1940
v 0.0811 0.9758 -0.1551
v 0.0839 1.0334 -0.1972
v 0.0888 1.0864 0.2062
v 0.0910 1.0881 0.2560
v 0.0884 1.1119 -0.2220
v 0.0779 0.9760 -0.2233
v 0.0852 0.9869 0.1748
v 0.0867 0.9868 0.3355
v 0.0880 1.1195 0.2753
v 0.0896 1.0696 0.3133
v 0.0902 1.0922 0.3436
v 0.0906 1.0257 0.2639
v 0.0876 1.1240 0.4334
v 0.0914 1.0634 0.3849
v 0.0876 0.9878 0.4869
v 0.0856 1.1327 0.5478
v 0.0874 0.9887 0.6118
v 0.0880 1.1276 0.6811
v 0.0895 1.1186 0.8005
v 0.0896 0.9941 0.7238
v 0.0890 0.9914 0.8506
v 0.0896 1.1310 0.9806
v 0.0862 0.9867 0.9493
v 0.0900 0.9913 0.9814
v 0.0910 1.0260 0.3369
v 0.0786 1.0785 -0.2236
v 0.0771 1.1174 -0.2529
v 0.0765 0.9889 -0.2756
v 0.0704 0.9922 -0.3689
v 0.0680 1.1302 -0.3327
v 0.0648 1.0000 -0.4688
v 0.0606 1.1318 -0.4677
v 0.0564 1.1150 -0.6202
v 0.0561 0.9836 -0.5774
v 0.0514 0.9889 -0.6784
v 0.0488 1.1164 -0.7451
v 0.0436 0.9768 -0.8533
v 0.0405 1.1176 -0.8592
v 0.0398 1.0762 -0.9118
v 0.0382 0.9732 -0.9124
v 0.0299 1.1248 -0.9160
v 0.0703 1.1346 -0.1942
v 0.0784 1.1393 0.7736
v 0.0717 1.1442 0.9790
v 0.0731 1.1377 0.3391
v 0.0777 1.1371 0.4448
v 0.0486 1.1318 -0.5757
v 0.0331 1.1290 -0.7629
v 0.0793 1.1379 0.6600
v 0.0728 1.1358 0.1618
v 0.0642 1.1371 0.0253
v 0.0816 1.3025 -0.1123
v -0.0184 1.3022 -0.2015
v 0.0790 1.3023 -0.2092
v -0.0219 1.3054 -0.0768
v -0.0199 1.3068 0.0169
v 0.0731 1.3032 0.0229
v 0.0030 1.2993 -0.2851
v 0.0824 1.3064 0.1131
v -0.0087 1.3022 0.1555
v 0.0072 1.3014 -0.4133
v 0.0729 1.3030 -0.3675
v 0.0700 1.3040 -0.5057
v 0.0157 1.3011 -0.4938
v 0.0655 1.3021 -0.5692
v -0.0141 1.3003 -0.5367
v -0.0398 1.3029 -0.6748
v 0.0608 1.3024 -0.6442
v -0.0508 1.3037 -0.7565
v 0.0395 1.3034 -0.8107
v -0.0469 1.2996 -0.9116
v 0.0301 1.2985 -0.9186
v -0.0647 1.3007 -0.9183
v -0.0140 1.3080 0.2272
v -0.0063 1.3072 0.3568
v 0.0799 1.3074 0.2378
v 0.0818 1.3065 0.3817
v -0.0073 1.3075 0.5061
v -0.0033 1.3101 0.6751
v 0.0751 1.3081 0.5466
v 0.0819 1.3086 0.7608
v -0.0076 1.3131 0.8332
v -0.0066 1.3119 0.9814
v 0.0770 1.3102 0.8989
v 0.0890 1.3123 0.9850
v -0.0623 1.3094 -0.8535
v -0.0254 1.3069 -0.2948
v 0.0896 1.3185 0.8237
v 0.0860 1.3112 -0.0168
v 0.0856 1.3154 0.0542
v 0.0825 1.4482 -0.1526
v 0.0860 1.3112 -0.0168
v 0.0824 1.3718 -0.2186
v 0.0816 1.3025 -0.1123
v 0.0790 1.3023 -0.2092
v 0.0850 1.4524 -0.0444
v 0.0856 1.3154 0.0542
v 0.0854 1.4533 0.0310
v 0.0833 1.4572 0.1529
v 0.0870 1.3792 0.2128
v 0.0862 1.4573 0.3122
v 0.0861 1.4638 0.4716
v 0.0882 1.3222 0.3372
v 0.0799 1.3074 0.2378
v 0.0818 1.3065 0.3817
v 0.0831 1.3497 -0.3242
v 0.0884 1.3174 0.5173
v 0.0824 1.3064 0.1131
v 0.0882 1.3867 -0.3270
v 0.0841 1.4060 -0.3593
v 0.0744 1.4528 -0.3795
v 0.0789 1.3607 -0.4040
v 0.0676 1.4512 -0.4902
v 0.0700 1.3040 -0.5057
v 0.0650 1.4491 -0.5647
v 0.0655 1.3021 -0.5692
v 0.0608 1.3024 -0.6442
v 0.0564 1.4412 -0.7178
v 0.0574 1.3153 -0.7099
v 0.0395 1.3034 -0.8107
v 0.0447 1.3164 -0.8479
v 0.0472 1.4514 -0.7315
v 0.0397 1.4503 -0.8578
v 0.0729 1.3030 -0.3675
v 0.0301 1.2985 -0.9186
v 0.0442 1.3144 -0.9165
v 0.0751 1.3081 0.5466
v 0.0899 1.3226 0.6638
v 0.0819 1.3086 0.7608
v 0.0896 1.3185 0.8237
v 0.0770 1.3102 0.8989
v 0.0893 1.4550 0.6451
v 0.0898 1.4548 0.8687
v 0.0899 1.4538 0.9747
v 0.0890 1.3123 0.9850
v 0.0418 1.3780 -0.9156
v 0.0883 1.4559 0.5313
v 0.0333 1.4511 -0.9151
v 0.0700 1.3040 -0.5057
v 0.0831 1.3497 -0.3242
v 0.0729 1.3030 -0.3675
v 0.0789 1.3607 -0.4040
v 0.1088 1.3706 -0.3645
v 0.1139 1.3802 -0.3404
v 0.1127 1.3854 -0.3670
v 0.0716 1.1179 0.5095
v 0.0720 1.1167 0.5397
v 0.0629 1.1227 0.5476
v 0.0554 1.1306 0.5245
v 0.0514 1.1373 0.5291
v 0.0727 1.0956 0.5432
v 0.0381 1.1380 0.5220
v 0.0523 1.1233 0.5180
v 0.0554 1.1306 0.5245
v 0.0856 1.1327 0.5478
v 0.0716 1.1179 0.5095
v 0.0714 1.1168 0.5251
v 0.0523 1.1233 0.5180
v 0.0720 1.1167 0.5397
v 0.0716 1.1179 0.5095
v 0.0629 1.1227 0.5476
v 0.0514 1.1373 0.5291
v 0.0381 1.1380 0.5220
v 0.0727 1.0956 0.5432
v -0.0010 1.4500 0.4233
v 0.0239 1.4502 0.4200
v -0.0022 1.4149 0.4107
v -0.0030 1.4277 0.3672
v 0.0009 1.4476 0.3595
v -0.0022 1.4149 0.4107
v -0.0010 1.4500 0.4233
v -0.0032 1.4026 0.3643
v -0.0140 0.9918 0.1093
v -0.0036 0.9788 0.2234
v -0.0157 0.9855 0.2608
v -0.0141 0.9813 0.3640
v -0.0092 0.9790 0.1336
v 0.0016 0.9692 0.1408
v 0.0019 0.9939 0.2117
v -0.0021 1.0045 0.2757
v 0.0126 0.9941 0.2921
v -0.0107 1.0043 0.2532
v -0.0152 1.0246 0.2623
v -0.0033 1.0334 0.2445
v -0.0016 1.0084 0.2187
v 0.0019 0.9939 0.2117
v 0.0393 0.9937 0.2908
v 0.0683 0.9925 0.2549
v 0.0667 0.9929 0.2862
v 0.0126 0.9941 0.2921
v 0.0284 0.9923 0.2198
v 0.0658 0.9913 0.2120
v 0.0692 0.9946 0.2062
v 0.0284 0.9923 0.2198
v -0.0021 1.0045 0.2757
v -0.0016 1.0084 0.2187
v 0.0126 0.9941 0.2921
v -0.0033 1.0334 0.2445
v 0.0019 0.9939 0.2117
v 0.0284 0.9923 0.2198
v -0.0016 1.0084 0.2187
v 0.0393 0.9937 0.2908
v 0.0284 0.9923 0.2198
v 0.0696 0.9966 0.2218
v 0.0126 0.9941 0.2921
v 0.0692 0.9946 0.2062
v 0.0711 1.0077 0.2787
v 0.0775 1.0333 0.2589
v 0.0711 1.0077 0.2787
v 0.0696 0.9966 0.2218
v 0.0692 0.9946 0.2062
v 0.0721 1.0134 0.2137
v 0.0696 0.9966 0.2218
v 0.0711 1.0077 0.2787
v 0.0771 1.0270 0.2466
v 0.0683 0.9925 0.2549
v 0.0775 1.0333 0.2589
v 0.0685 0.9950 0.2913
v 0.0667 0.9929 0.2862
v 0.0658 0.9913 0.2120
v 0.0683 0.9925 0.2549
v 0.0696 0.9966 0.2218
v 0.0775 1.0333 0.2589
v 0.0721 1.0134 0.2137
v 0.0739 1.0386 0.2718
v 0.0692 0.9946 0.2062
v 0.0393 0.9937 0.2908
v 0.0711 1.0077 0.2787
v 0.0667 0.9929 0.2862
v 0.0711 1.0077 0.2787
v 0.0685 0.9950 0.2913
v 0.0667 0.9929 0.2862
v -0.0021 1.0045 0.2757
v -0.0152 1.0246 0.2623
v -0.0033 1.0334 0.2445
v -0.0033 1.0334 0.2445
v -0.0152 1.0246 0.2623
v -0.0162 1.0259 0.2361
v 0.0683 0.9925 0.2549
v 0.0761 1.0308 0.2564
v 0.0739 1.0386 0.2718
v 0.0771 1.0270 0.2466
v 0.0775 1.0333 0.2589
v 0.1287 1.0587 0.2197
v 0.0906 1.0257 0.2639
v 0.0889 1.0260 0.1940
v 0.1309 1.0632 0.2348
v 0.0910 1.0881 0.2560
v 0.0906 1.0257 0.2639
v 0.1309 1.0632 0.2348
v 0.1155 1.0649 0.3634
v 0.0914 1.0634 0.3849
v 0.0910 1.0260 0.3369
v 0.1204 1.0648 0.3321
v 0.1204 1.0648 0.3321
v 0.0910 1.0260 0.3369
v 0.0896 1.0696 0.3133
v 0.0902 1.0922 0.3436
v 0.1155 1.0649 0.3634
v 0.1204 1.0648 0.3321
v 0.0914 1.0634 0.3849
v 0.0896 1.0696 0.3133
v 0.0888 1.0864 0.2062
v 0.1287 1.0587 0.2197
v 0.0889 1.0260 0.1940
v 0.1309 1.0632 0.2348
v 0.0888 1.0864 0.2062
v 0.0910 1.0881 0.2560
v 0.1287 1.0587 0.2197
v -0.0026 1.4221 0.3800
v -0.0022 1.4149 0.4107
v 0.0233 1.4500 0.3702
v -0.0030 1.4277 0.3672
v 0.0239 1.4502 0.4200
v -0.0032 1.4026 0.3643
v 0.0009 1.4476 0.3595
v 0.0647 1.6561 1.2171
v 0.0767 1.6353 1.2088
v 0.0924 1.6580 1.2092
v 0.0802 1.8016 1.2180
v 0.1386 1.7983 1.2189
v 0.1397 1.6579 1.2174
v 0.0417 1.8567 1.2019
v 0.0821 1.8545 1.2164
v 0.0458 1.7137 1.2033
v 0.0401 1.6309 1.1946
v 0.0715 1.6404 1.1688
v 0.0904 1.6378 1.1522
v 0.0631 1.6466 1.1913
v 0.0528 1.6319 1.1489
v 0.0570 1.6399 1.1732
v 0.0401 1.6309 1.1946
v 0.0767 1.6353 1.2088
v 0.1002 1.6387 1.1744
v 0.1005 1.8038 1.1479
v 0.1037 1.6930 1.1420
v 0.0785 1.8060 1.1471
v 0.0528 1.6319 1.1489
v 0.0429 1.7860 1.1627
v 0.0730 1.8545 1.1458
v 0.0307 1.8552 1.1685
v 0.0417 1.8567 1.2019
v 0.0429 1.7860 1.1627
v 0.0458 1.7137 1.2033
v 0.0401 1.6309 1.1946
v 0.0528 1.6319 1.1489
v 0.0307 1.8552 1.1685
v 0.1037 1.6930 1.1420
v 0.1019 1.7242 1.0997
v 0.1063 1.6730 1.0982
v 0.1039 1.6574 1.1532
v 0.1015 1.8093 1.1000
v 0.1005 1.8038 1.1479
v 0.0633 1.6763 1.1649
v 0.0570 1.6399 1.1732
v 0.0744 1.6605 1.1635
v 0.0715 1.6404 1.1688
v 0.0582 1.6902 1.1683
v 0.0885 1.6535 1.1668
v 0.0662 1.6910 1.1940
v 0.0631 1.6466 1.1913
v 0.0544 1.6947 1.1862
v 0.0634 1.7011 1.1921
v 0.0570 1.6399 1.1732
v 0.0582 1.6902 1.1683
v 0.0662 1.6910 1.1940
v 0.0740 1.6598 1.1913
v 0.0631 1.6466 1.1913
v 0.0772 1.6713 1.1795
v 0.0721 1.6821 1.1874
v 0.0582 1.6902 1.1683
v 0.0633 1.6763 1.1649
v 0.0744 1.6605 1.1635
v 0.0885 1.6535 1.1668
v 0.0544 1.6947 1.1862
v 0.0740 1.6598 1.1913
v 0.0662 1.6910 1.1940
v 0.0687 1.6983 1.1871
v 0.0634 1.7011 1.1921
v 0.1039 1.6574 1.1532
v 0.0924 1.6580 1.2092
v 0.1002 1.6387 1.1744
v 0.0767 1.6353 1.2088
v 0.0948 1.6956 0.5363
v 0.0054 1.6961 0.4604
v 0.0899 1.6981 0.4288
v -0.0075 1.7058 0.3573
v 0.0959 1.6867 0.6378
v 0.0027 1.6869 0.6431
v 0.0953 1.6820 0.7635
v 0.0016 1.6810 0.7720
v 0.1011 1.6813 0.8059
v 0.0008 1.6723 0.9085
v 0.0825 1.6690 0.9827
v -0.0082 1.6743 0.9809
v 0.0112 1.7017 0.2643
v 0.0885 1.7034 0.2628
v 0.0467 1.7078 0.0936
v 0.0047 1.7070 0.0603
v 0.0920 1.7080 0.1583
v 0.0829 1.7037 0.0592
v 0.0252 1.7164 0.0191
v 0.0807 1.7114 -0.0045
v 0.0789 1.7103 -0.1203
v 0.0233 1.7156 -0.1502
v 0.0892 1.7129 -0.1567
v 0.0754 1.7142 -0.2959
v 0.0108 1.7149 -0.3879
v 0.0751 1.7131 -0.3994
v 0.0707 1.7180 -0.5110
v -0.0205 1.7155 -0.4649
v -0.0180 1.7204 -0.6632
v 0.0707 1.7225 -0.6778
v 0.0585 1.7284 -0.8564
v -0.0151 1.7236 -0.8136
v -0.0095 1.7166 0.0164
v 0.0129 1.7273 -0.8385
v -0.0065 1.7091 -0.2794
v -0.0053 1.7069 -0.3762
v 0.0907 1.7218 0.0141
v 0.0084 1.7085 -0.1469
v 0.0070 1.7032 -0.0109
v 0.0990 1.6773 0.9870
v 0.1396 1.6904 0.9461
v 0.1421 1.6939 0.8228
v 0.1407 1.6791 0.9813
v 0.1428 1.6721 1.0732
v 0.1063 1.6730 1.0982
v 0.1039 1.6574 1.1532
v 0.1422 1.6620 1.1371
v 0.1397 1.6579 1.2174
v 0.1692 1.6588 1.1893
v 0.0924 1.6580 1.2092
v 0.0647 1.6561 1.2171
v 0.1057 1.6966 0.7349
v 0.1415 1.7020 0.7515
v 0.1649 1.6688 1.1485
v -0.0106 1.7140 0.0937
v 0.1575 1.6633 1.2110
v 0.0975 1.6652 1.0974
v -0.0063 1.7221 0.2614
v 0.0885 1.6535 1.1668
v 0.0715 1.6404 1.1688
v 0.0631 1.6466 1.1913
v 0.0772 1.6713 1.1795
v 0.0772 1.6713 1.1795
v 0.0631 1.6466 1.1913
v 0.0740 1.6598 1.1913
v 0.0904 1.6378 1.1522
v 0.1037 1.6930 1.1420
v 0.1039 1.6574 1.1532
v 0.0528 1.6319 1.1489
v 0.1002 1.6387 1.1744
v 0.1692 1.6588 1.1893
v 0.1635 1.8023 1.1988
v 0.1575 1.6633 1.2110
v 0.1386 1.7983 1.2189
v 0.1397 1.6579 1.2174
v 0.1665 1.8016 1.1567
v 0.1649 1.6688 1.1485
v 0.0721 1.6821 1.1874
v 0.0687 1.6983 1.1871
v 0.0544 1.6947 1.1862
v 0.0634 1.7011 1.1921
v 0.0838 1.8864 0.1685
v 0.0277 1.8872 0.2857
v 0.0865 1.8825 0.3291
v 0.0271 1.8843 0.4201
v 0.0890 1.8734 0.4862
v 0.0525 1.8936 0.1265
v 0.0682 1.8936 -0.0024
v -0.0004 1.8718 0.5020
v 0.0791 1.8607 0.6344
v 0.0089 1.8609 0.6154
v 0.0039 1.8479 0.7486
v 0.1027 1.8408 0.7760
v 0.0777 1.8450 0.8392
v 0.0030 1.8368 0.9070
v 0.0936 1.8337 0.9819
v -0.0039 1.8291 0.9836
v -0.0084 1.8866 0.0720
v -0.0072 1.8892 -0.0058
v 0.0589 1.8987 -0.1413
v -0.0037 1.8985 -0.1779
v -0.0177 1.9001 -0.3796
v 0.0707 1.8978 -0.3275
v 0.0563 1.9004 -0.4890
v -0.0010 1.9030 -0.6725
v 0.0672 1.8991 -0.5913
v 0.0669 1.8985 -0.6965
v 0.0534 1.9040 -0.7503
v -0.0154 1.9044 -0.9107
v 0.0562 1.9013 -0.9167
v -0.0304 1.8991 -0.8117
v -0.0336 1.9009 -0.9169
v -0.0316 1.8915 -0.6120
v 0.1063 1.8272 0.9441
v 0.1320 1.8340 0.8744
v 0.1343 1.8260 0.9502
v 0.1050 1.8171 1.0088
v 0.1419 1.8128 1.0636
v 0.1402 1.8304 0.7664
v 0.1318 1.8186 1.0926
v 0.0705 1.8963 -0.7847
v 0.1020 1.8486 0.6683
v 0.1014 1.8570 0.5518
v 0.0856 1.8867 -0.1749
v 0.1015 1.8093 1.1000
v 0.1005 1.8038 1.1479
v 0.1499 1.8079 1.1686
v 0.0976 1.7979 1.1716
v 0.0785 1.8060 1.1471
v 0.0783 1.8889 -0.5157
v 0.1052 1.8107 0.7199
v 0.1406 1.8119 0.7324
v 0.0902 1.8740 0.0681
v 0.1352 1.7933 1.1875
v 0.0968 1.7969 1.2007
v 0.1436 1.8041 1.1437
v 0.0969 1.8688 0.3759
v 0.0969 1.8708 0.2779
v 0.0687 1.8860 -0.9121
v 0.0828 1.8810 -0.3158
v 0.1421 1.6939 0.8228
v 0.1416 1.8027 0.9904
v 0.1396 1.6904 0.9461
v 0.1402 1.8304 0.7664
v 0.1406 1.8119 0.7324
v 0.1415 1.7020 0.7515
v 0.1417 1.7334 0.7207
v 0.1407 1.6791 0.9813
v 0.1428 1.6721 1.0732
v 0.1419 1.8128 1.0636
v 0.1410 1.7270 1.1459
v 0.1422 1.6620 1.1371
v 0.1436 1.8041 1.1437
v 0.1343 1.8260 0.9502
v 0.1320 1.8340 0.8744
v 0.1346 1.7702 0.7088
v 0.1649 1.6688 1.1485
v 0.1410 1.7270 1.1459
v 0.1665 1.8016 1.1567
v 0.1422 1.6620 1.1371
v 0.1436 1.8041 1.1437
v 0.0809 1.8987 0.9833
v 0.1020 1.8917 1.0125
v 0.0936 1.8337 0.9819
v 0.1050 1.8171 1.0088
v 0.0620 1.9398 0.9926
v 0.1015 1.8093 1.1000
v 0.0978 1.8942 1.1014
v 0.0693 1.9378 1.0919
v 0.0620 1.9398 0.9926
v -0.0659 1.9382 0.9880
v -0.0502 1.9414 1.0879
v 0.0693 1.9378 1.0919
v -0.0780 1.9311 1.0904
v 0.1635 1.8023 1.1988
v 0.1499 1.8079 1.1686
v 0.1275 1.8084 1.2027
v 0.1665 1.8016 1.1567
v 0.1436 1.8041 1.1437
v 0.1386 1.7983 1.2189
v 0.0968 1.7969 1.2007
v 0.0802 1.8016 1.2180
v 0.0976 1.7979 1.1716
v 0.0952 1.8535 1.1726
v 0.0968 1.7969 1.2007
v 0.0821 1.8545 1.2164
v 0.0802 1.8016 1.2180
v 0.0730 1.8545 1.1458
v 0.0785 1.8060 1.1471
v 0.0821 1.8545 1.2164
v 0.0730 1.8545 1.1458
v 0.0417 1.8567 1.2019
v 0.0952 1.8535 1.1726
v 0.0307 1.8552 1.1685
v 0.1352 1.7933 1.1875
v 0.0968 1.7969 1.2007
v 0.1275 1.8084 1.2027
v 0.1499 1.8079 1.1686
v 0.1499 1.8079 1.1686
v 0.1436 1.8041 1.1437
v 0.1318 1.8186 1.0926
v 0.0804 1.4665 0.6824
v 0.0898 1.4548 0.8687
v 0.0893 1.4550 0.6451
v 0.0883 1.4559 0.5313
v 0.0776 1.4677 0.5349
v 0.0861 1.4638 0.4716
v 0.0762 1.4684 0.8661
v 0.0745 1.4685 0.9830
v 0.0899 1.4538 0.9747
v 0.1003 1.4637 0.9914
v -0.0679 1.5161 -0.5611
v 0.0049 1.6036 -0.6753
v -0.0065 1.6354 -0.7054
v 0.0063 1.5529 -0.6154
v 0.0055 1.5025 -0.5523
v 0.0055 1.4561 -0.4915
v -0.1070 1.4311 -0.4434
v -0.0951 1.6050 -0.6698
v -0.1145 1.6845 -0.7688
v 0.0030 1.6893 -0.7808
v -0.1034 1.5136 -0.5481
v -0.0979 1.7794 -0.8718
v -0.0337 1.7399 -0.8287
v -0.0151 1.7236 -0.8136
v -0.0363 1.7807 -0.8805
v -0.0353 1.7979 -0.9140
v -0.0679 1.8023 -0.9229
v -0.1156 1.7426 -0.8423
v -0.0050 1.4658 0.5825
v -0.0162 1.4556 0.7852
v -0.0063 1.4660 0.7944
v -0.0170 1.4554 0.5719
v -0.0146 1.4613 0.8827
v -0.0114 1.4654 0.5078
v 0.0762 1.4684 0.8661
v -0.0149 1.4615 0.9806
v 0.0745 1.4685 0.9830
v 0.0804 1.4665 0.6824
v 0.0776 1.4677 0.5349
v 0.0861 1.4638 0.4716
v 0.0233 1.4580 0.3896
v 0.0718 1.4653 0.3695
v 0.0014 1.4655 0.3993
v 0.0233 1.4500 0.3702
v 0.0009 1.4476 0.3595
v -0.0124 1.4594 -0.0088
v -0.0254 1.4417 -0.1004
v -0.0207 1.4504 0.0322
v 0.0003 1.4638 0.1623
v -0.0208 1.4522 0.1977
v -0.0147 1.4626 0.2930
v -0.0273 1.4445 -0.2116
v -0.0078 1.4573 -0.0628
v -0.0151 1.4548 -0.2205
v -0.0309 1.4417 -0.3533
v -0.0192 1.4527 -0.4323
v -0.0288 1.4485 -0.4662
v 0.0711 1.4645 0.0430
v 0.0741 1.4649 0.1909
v -0.0078 1.4652 0.3502
v 0.0711 1.4592 -0.1279
v 0.0621 1.4591 -0.2624
v 0.0744 1.4528 -0.3795
v 0.0676 1.4512 -0.4902
v 0.0055 1.4561 -0.4915
v 0.0118 1.4558 -0.6815
v 0.0650 1.4491 -0.5647
v 0.0472 1.4514 -0.7315
v -0.0045 1.4550 -0.7259
v 0.0397 1.4503 -0.8578
v -0.0516 1.4511 -0.7888
v -0.0592 1.4512 -0.9095
v 0.0333 1.4511 -0.9151
v -0.0679 1.4514 -0.9171
v -0.0459 1.4516 -0.7208
v -0.0605 1.4377 -0.7828
v -0.1070 1.4311 -0.4434
v 0.0825 1.4482 -0.1526
v 0.0850 1.4524 -0.0444
v 0.0862 1.4573 0.3122
v -0.0162 1.4553 0.3921
v 0.0833 1.4572 0.1529
v 0.0854 1.4533 0.0310
v -0.0338 1.7992 -0.7421
v -0.0205 1.7858 -0.7162
v -0.0340 1.7895 -0.6870
v -0.0106 1.7140 0.0937
v -0.0063 1.7221 0.2614
v -0.0173 1.8636 0.1031
v -0.0181 1.7747 0.0058
v -0.0232 1.8729 -0.0311
v -0.0190 1.7383 -0.1134
v -0.0266 1.7629 -0.1871
v -0.0298 1.8716 -0.2151
v -0.0322 1.8795 -0.3631
v -0.0267 1.7325 -0.3604
v -0.0311 1.7316 -0.5005
v -0.0352 1.8782 -0.5434
v -0.0375 1.8798 -0.7077
v -0.0304 1.7322 -0.5970
v -0.0375 1.8865 -0.9155
v -0.0363 1.7807 -0.8805
v -0.0337 1.7399 -0.8287
v -0.0312 1.7850 -0.7112
v -0.0353 1.7979 -0.9140
v -0.0148 1.8054 0.2946
v -0.0075 1.7058 0.3573
v -0.0116 1.7145 0.4472
v -0.0168 1.8704 0.1767
v -0.0181 1.8717 0.3508
v -0.0154 1.8544 0.4607
v -0.0123 1.8450 0.6227
v -0.0080 1.7087 0.5090
v -0.0105 1.8284 0.7776
v -0.0095 1.6969 0.7331
v -0.0079 1.6913 0.8919
v -0.0090 1.7442 0.9806
v -0.0082 1.6743 0.9809
v -0.0074 1.8224 0.9696
v -0.0095 1.7166 0.0164
v -0.0090 1.8638 0.2984
v -0.0039 1.8291 0.9836
v -0.0123 1.7140 -0.1807
v 0.0008 1.6723 0.9085
v 0.0027 1.6869 0.6431
v 0.0016 1.6810 0.7720
v 0.0054 1.6961 0.4604
v -0.0084 1.8866 0.0720
v -0.0232 1.8729 -0.0311
v -0.0173 1.8636 0.1031
v -0.0168 1.8704 0.1767
v -0.0072 1.8892 -0.0058
v -0.0223 1.8893 -0.2094
v -0.0298 1.8716 -0.2151
v -0.0322 1.8795 -0.3631
v -0.0177 1.9001 -0.3796
v -0.0352 1.8782 -0.5434
v -0.0316 1.8915 -0.6120
v -0.0375 1.8798 -0.7077
v -0.0304 1.8991 -0.8117
v -0.0375 1.8865 -0.9155
v -0.0336 1.9009 -0.9169
v 0.0277 1.8872 0.2857
v -0.0090 1.8638 0.2984
v -0.0037 1.8985 -0.1779
v -0.0181 1.8717 0.3508
v 0.0271 1.8843 0.4201
v -0.0004 1.8718 0.5020
v -0.0154 1.8544 0.4607
v -0.0123 1.8450 0.6227
v 0.0089 1.8609 0.6154
v 0.0039 1.8479 0.7486
v -0.0105 1.8284 0.7776
v 0.0030 1.8368 0.9070
v -0.0074 1.8224 0.9696
v -0.0039 1.8291 0.9836
v 0.0882 1.7224 -0.2410
v 0.0902 1.8740 0.0681
v 0.0892 1.7129 -0.1567
v 0.0907 1.7218 0.0141
v 0.0856 1.8867 -0.1749
v 0.0828 1.8810 -0.3158
v 0.0856 1.7218 -0.4084
v 0.0783 1.8889 -0.5157
v 0.0827 1.7307 -0.5098
v 0.0788 1.7344 -0.7136
v 0.0969 1.8708 0.2779
v 0.0920 1.7080 0.1583
v 0.1005 1.7295 0.3100
v 0.0732 1.8783 -0.6311
v 0.0756 1.7938 -0.8304
v 0.0705 1.8963 -0.7847
v 0.0687 1.8860 -0.9121
v 0.0715 1.7290 -0.9214
v 0.0984 1.7212 0.3594
v 0.0969 1.8688 0.3759
v 0.1020 1.7112 0.5178
v 0.1014 1.8570 0.5518
v 0.1020 1.8486 0.6683
v 0.1028 1.6957 0.6497
v 0.1042 1.7388 0.7054
v 0.1057 1.6966 0.7349
v 0.1052 1.8107 0.7199
v 0.1027 1.8408 0.7760
v 0.0720 1.7313 -0.8333
v 0.0669 1.8985 -0.6965
v 0.0672 1.8991 -0.5913
v 0.0885 1.7034 0.2628
v 0.0899 1.6981 0.4288
v 0.0948 1.6956 0.5363
v 0.0829 1.7037 0.0592
v 0.0959 1.6867 0.6378
v 0.0953 1.6820 0.7635
v 0.0807 1.7114 -0.0045
v 0.0840 1.9020 -0.9321
v 0.0810 1.7164 -0.9445
v 0.0805 1.9022 -1.0217
v 0.0772 1.7011 -1.0228
v 0.0771 1.5269 -1.0222
v 0.0763 1.5296 -0.9212
v 0.0742 1.6709 -0.9244
v 0.0799 1.4006 -1.0192
v 0.0796 1.3970 -0.9212
v 0.0789 1.7103 -0.1203
v 0.1011 1.6813 0.8059
v 0.1417 1.7334 0.7207
v 0.1042 1.7388 0.7054
v 0.1346 1.7702 0.7088
v 0.1057 1.6966 0.7349
v 0.1415 1.7020 0.7515
v 0.1052 1.8107 0.7199
v 0.1406 1.8119 0.7324
v 0.0594 1.4505 0.4425
v 0.0698 1.4424 0.4370
v 0.0696 1.4495 0.4193
v 0.0666 1.4487 0.4744
v 0.0233 1.4500 0.3702
v 0.0239 1.4502 0.4200
v 0.0239 1.4502 0.4200
v 0.0233 1.4580 0.3896
v 0.0696 1.4495 0.4193
v -0.0010 1.4500 0.4233
v 0.0673 1.4499 0.4339
v 0.0594 1.4505 0.4425
v 0.0666 1.4487 0.4744
v 0.0009 1.4476 0.3595
v 0.0233 1.4500 0.3702
v 0.0696 1.4495 0.4193
v 0.0698 1.4424 0.4370
v 0.0673 1.4499 0.4339
v 0.0666 1.4487 0.4744
v 0.0233 1.4500 0.3702
v 0.0014 1.4655 0.3993
v 0.0009 1.4476 0.3595
v 0.0718 1.4653 0.3695
v -0.0324 0.2523 0.0881
v -0.0290 0.2266 0.1615
v -0.0311 0.2138 0.1282
v -0.0316 0.3303 0.0970
v -0.0337 0.2273 0.0661
v -0.0248 0.2062 0.1690
v -0.0293 0.2085 0.1099
v -0.0308 0.2068 0.0456
v -0.0248 0.2062 0.1690
v -0.0290 0.2266 0.1615
v 0.0019 0.2058 0.1732
v -0.0304 0.2361 0.1347
v -0.0324 0.2523 0.0881
v 0.0239 0.2072 0.1216
v 0.0019 0.2058 0.1732
v -0.0290 0.2266 0.1615
v -0.0337 0.2273 0.0661
v 0.0031 0.2036 0.0740
v -0.0308 0.2068 0.0456
v -0.0316 0.3303 0.0970
v 0.0239 0.2072 0.1216
v 0.0337 0.2102 0.1281
v 0.0172 0.2061 0.0985
v 0.0622 0.2149 0.1422
v 0.0450 0.2046 0.0905
v 0.0031 0.2036 0.0740
v -0.0293 0.2085 0.1099
v -0.0308 0.2068 0.0456
v 0.0019 0.2058 0.1732
v -0.0248 0.2062 0.1690
v 0.0578 0.2040 0.0989
v 0.0596 0.2132 0.0823
v 0.0461 0.2104 0.0610
v 0.0578 0.2171 0.0489
v 0.0605 0.1971 0.0886
v 0.0596 0.2132 0.0823
v 0.0450 0.2046 0.0905
v 0.0596 0.2645 0.0954
v 0.0596 0.2132 0.0823
v 0.0578 0.2040 0.0989
v 0.0614 0.2644 0.1402
v 0.0578 0.2171 0.0489
v 0.0622 0.2149 0.1422
v 0.0605 0.1971 0.0886
v 0.0673 0.1988 0.1709
v 0.0461 0.2104 0.0610
v 0.0578 0.2171 0.0489
v 0.0596 0.2645 0.0954
v 0.0337 0.2102 0.1281
v 0.0337 0.2102 0.1281
v 0.0031 0.2036 0.0740
v 0.0461 0.2104 0.0610
v 0.0239 0.2072 0.1216
v 0.0622 0.2149 0.1422
v 0.0596 0.2645 0.0954
v 0.0614 0.2644 0.1402
v 0.0596 0.2645 0.0954
v 0.0622 0.2149 0.1422
v 0.0337 0.2102 0.1281
v 0.0170 0.5941 -0.3380
v -0.0551 0.5930 -0.3677
v -0.0113 0.5927 -0.3228
v -0.0551 0.5937 -0.3393
v -0.0033 0.5937 -0.3066
v 0.0054 0.5783 -0.3188
v 0.0054 0.5783 -0.3188
v -0.0113 0.5927 -0.3228
v -0.0197 0.5780 -0.3258
v -0.0197 0.5780 -0.3258
v -0.0113 0.5927 -0.3228
v -0.0108 0.5806 -0.3187
v -0.0033 0.5937 -0.3066
v -0.0033 0.5937 -0.3066
v -0.0551 0.5937 -0.3393
v 0.0170 0.5941 -0.3380
v -0.0551 0.5930 -0.3677
v 0.0381 0.5958 -0.3472
v 0.0345 0.5950 -0.3374
v 0.0345 0.5950 -0.3374
v -0.0108 0.5806 -0.3187
v -0.0033 0.5937 -0.3066
v 0.0170 0.5941 -0.3380
v 0.0345 0.5950 -0.3374
v 0.0412 0.6066 -0.3447
v -0.0108 0.5806 -0.3187
v 0.0402 0.6678 -0.3432
v -0.0036 0.5920 -0.3744
v -0.0076 0.7144 -0.3743
v 0.0412 0.6066 -0.3447
v -0.0283 0.5943 -0.3941
v -0.0680 0.6559 -0.4316
v -0.0461 0.7157 -0.4113
v -0.0688 0.7055 -0.4265
v -0.0549 0.5961 -0.4122
v -0.0016 0.7188 -0.3645
v 0.0414 0.6172 -0.3342
v 0.0417 0.6085 -0.3264
v 0.0420 0.6173 -0.3205
v 0.0431 0.5988 -0.3039
v 0.0432 0.6088 -0.3037
v 0.0370 0.7148 -0.3693
v 0.0260 0.6061 -0.5929
v 0.0306 0.6011 -0.5018
v 0.0305 0.7170 -0.5005
v 0.0341 0.6037 -0.4363
v 0.0247 0.7124 -0.5888
v 0.0396 0.6379 -0.3733
v 0.0370 0.7148 -0.3693
v 0.0402 0.6678 -0.3432
v 0.0420 0.6173 -0.3205
v 0.0412 0.6066 -0.3447
v 0.0414 0.6172 -0.3342
v 0.0432 0.6088 -0.3037
v 0.0417 0.6085 -0.3264
v 0.0431 0.5988 -0.3039
v 0.0231 0.5961 -0.6157
v 0.0240 0.6747 -0.6321
v 0.0208 0.6151 -0.6667
v 0.0219 0.7107 -0.6425
v 0.0217 0.7050 -0.6478
v 0.0223 0.6667 -0.6712
v 0.0210 0.6750 -0.7253
v 0.0194 0.7073 -0.7583
v 0.0198 0.6504 -0.7657
v 0.0332 0.5962 -0.3961
v 0.0255 0.6473 -0.7167
v 0.0117 0.7150 -0.7067
v 0.0239 0.6392 -0.6925
v 0.0193 0.6014 -0.6867
v 0.0191 0.6020 -0.7103
v 0.0312 0.5948 -0.4690
v 0.0174 0.5972 -0.7354
v 0.0204 0.6161 -0.7683
v 0.0162 0.5937 -0.7614
v 0.0164 0.5964 -0.6501
v 0.0381 0.5958 -0.3472
v 0.0058 0.5928 -0.5786
v 0.0381 0.5958 -0.3472
v 0.0170 0.5941 -0.3380
v 0.0412 0.6066 -0.3447
v 0.0412 0.6066 -0.3447
v 0.0345 0.5950 -0.3374
v 0.0324 0.5946 -0.3625
v 0.0006 0.5924 -0.6300
v -0.0589 0.5927 -0.5874
v 0.0058 0.5928 -0.5786
v -0.0599 0.5929 -0.5645
v -0.0614 0.5931 -0.6528
v 0.0105 0.5925 -0.6835
v -0.0133 0.5928 -0.7264
v -0.0584 0.5929 -0.7284
v -0.0614 0.5908 -0.7619
v -0.0507 0.5910 -0.7723
v 0.0162 0.5937 -0.7614
v -0.0695 0.5939 -0.6660
v -0.0078 0.5918 -0.7739
v 0.0231 0.5961 -0.6157
v -0.0742 0.5958 -0.7360
v 0.0164 0.5964 -0.6501
v 0.0174 0.5972 -0.7354
v 0.0066 0.5969 -0.7171
v 0.0306 0.6011 -0.5018
v -0.0677 0.5991 -0.5425
v -0.0553 0.5925 -0.5086
v 0.0312 0.5948 -0.4690
v -0.0514 0.5941 -0.4409
v 0.0076 0.5933 -0.4081
v -0.0283 0.5943 -0.3941
v -0.0036 0.5920 -0.3744
v 0.0324 0.5946 -0.3625
v 0.0332 0.5962 -0.3961
v -0.0549 0.5961 -0.4122
v -0.0659 0.5960 -0.4640
v 0.0381 0.5958 -0.3472
v 0.0345 0.5950 -0.3374
v 0.0191 0.6020 -0.7103
v 0.0193 0.6014 -0.6867
v 0.0324 0.5946 -0.3625
v -0.0036 0.5920 -0.3744
v 0.0412 0.6066 -0.3447
v 0.0032 0.9746 0.1105
v 0.0016 0.9692 0.1408
v 0.0063 0.9598 0.1257
v -0.0132 0.9318 0.1851
v -0.0039 0.9532 0.1047
v 0.0032 0.9746 0.1105
v -0.0092 0.9790 0.1336
v 0.0016 0.9692 0.1408
v -0.0436 0.9810 0.1016
v -0.1014 0.9750 0.1163
v -0.0781 0.9682 0.1253
v -0.0304 0.9568 0.1334
v -0.0065 0.9506 0.0803
v -0.0107 0.9505 0.1318
v -0.0575 1.0040 0.0725
v -0.1002 1.0026 0.0748
v -0.1068 0.9842 0.0971
v -0.1078 0.9737 0.1123
v -0.1074 1.0011 0.0693
v -0.0039 0.9532 0.1047
v -0.0065 0.9506 0.0803
v -0.0107 0.9505 0.1318
v 0.0032 0.9746 0.1105
v 0.0063 0.9598 0.1257
v 0.0075 0.9559 0.0744
v -0.0039 0.9532 0.1047
v -0.0065 0.9506 0.0803
v -0.1115 0.9558 0.0246
v -0.1114 0.9568 0.0238
v -0.1115 0.9553 0.0247
v -0.1114 0.9563 0.0231
v -0.1114 0.9577 0.0243
v -0.1114 0.9596 0.0247
v -0.1114 0.9596 0.0269
v -0.1114 0.9587 0.0257
v -0.1114 0.9596 0.0270
v -0.1114 0.9596 0.0253
v -0.1114 0.9596 0.0254
v -0.1116 0.9503 0.0383
v -0.1115 0.9553 0.0247
v -0.1116 0.9506 0.0281
v -0.1114 0.9563 0.0231
v -0.1115 0.9558 0.0246
v -0.1114 0.9563 0.0231
v -0.1114 0.9596 0.0247
v -0.1113 0.9657 0.0176
v -0.1114 0.9596 0.0254
v -0.1114 0.9563 0.0236
v -0.1114 0.9568 0.0238
v -0.1115 0.9558 0.0246
v -0.1114 0.9563 0.0231
v -0.1114 0.9596 0.0270
v -0.1114 0.9596 0.0269
v -0.1114 0.9596 0.0269
v -0.1114 0.9587 0.0257
v -0.1114 0.9596 0.0254
v -0.1114 0.9577 0.0243
v -0.1116 0.9506 0.0281
v -0.1115 0.9558 0.0246
v -0.1116 0.9503 0.0383
v -0.1114 0.9563 0.0231
v -0.1114 0.9563 0.0236
v -0.1114 0.9563 0.0231
v -0.1113 0.9657 0.0176
v -0.1114 0.9568 0.0238
v -0.1114 0.9577 0.0243
v -0.1114 0.9596 0.0254
v -0.0735 0.6609 -0.5632
v -0.0738 0.6393 -0.6257
v -0.0774 0.6894 -0.6217
v -0.0707 0.6609 -0.4804
v -0.0676 0.6088 -0.5099
v -0.0697 0.6056 -0.5679
v -0.0717 0.6035 -0.6563
v -0.0760 0.6487 -0.7215
v -0.0776 0.6771 -0.6653
v -0.0799 0.6978 -0.7308
v -0.0659 0.5960 -0.4640
v -0.0680 0.6559 -0.4316
v -0.0780 0.6474 -0.7635
v -0.0809 0.7043 -0.7707
v -0.0742 0.5958 -0.7360
v -0.0677 0.5991 -0.5425
v -0.0765 0.7026 -0.4581
v -0.0756 0.7083 -0.6091
v -0.0770 0.7033 -0.6453
v -0.0782 0.7048 -0.7044
v -0.0692 0.5963 -0.6255
v -0.0549 0.5961 -0.4122
v -0.0695 0.5939 -0.6660
v -0.0688 0.7055 -0.4265
v -0.0802 0.6908 -0.5633
v -0.0755 0.7106 -0.7245
v -0.0614 0.5908 -0.7619
v -0.0553 0.5925 -0.5086
v -0.0599 0.5929 -0.5645
v -0.0589 0.5927 -0.5874
v -0.0614 0.5931 -0.6528
v -0.0507 0.5910 -0.7723
v -0.0735 0.6609 -0.5632
v -0.0882 0.6624 -0.5546
v -0.0849 0.6640 -0.4764
v -0.0707 0.6609 -0.4804
v -0.0707 0.6609 -0.4804
v -0.0849 0.6640 -0.4764
v -0.0765 0.7026 -0.4581
v -0.0844 0.7154 -0.4427
v -0.0695 0.7118 -0.6370
v -0.0705 0.7108 -0.6910
v 0.0111 0.7153 -0.6411
v 0.0117 0.7150 -0.7067
v -0.0549 0.7122 -0.7036
v -0.0112 0.7142 -0.7538
v -0.0755 0.7106 -0.7245
v -0.0476 0.7116 -0.7567
v -0.0490 0.7112 -0.7683
v -0.0529 0.7113 -0.7552
v 0.0247 0.7124 -0.5888
v 0.0229 0.7192 -0.5109
v -0.0714 0.7103 -0.5996
v -0.0803 0.7091 -0.5334
v -0.0016 0.7188 -0.3645
v -0.0461 0.7157 -0.4113
v -0.0809 0.7043 -0.7707
v 0.0194 0.7073 -0.7583
v 0.0305 0.7170 -0.5005
v 0.0370 0.7148 -0.3693
v -0.0782 0.7048 -0.7044
v 0.0219 0.7107 -0.6425
v -0.0765 0.7026 -0.4581
v -0.0688 0.7055 -0.4265
v 0.0217 0.7050 -0.6478
v -0.0735 0.6609 -0.5632
v -0.0802 0.6908 -0.5633
v -0.0882 0.6624 -0.5546
v -0.0903 0.7045 -0.5653
v -0.0770 0.7033 -0.6453
v -0.0695 0.7118 -0.6370
v -0.0756 0.7083 -0.6091
v -0.0705 0.7108 -0.6910
v -0.0782 0.7048 -0.7044
v -0.0714 0.7103 -0.5996
v -0.0802 0.6908 -0.5633
v -0.0803 0.7091 -0.5334
v -0.0717 0.2120 -0.9101
v -0.0725 0.2939 -0.8752
v -0.0671 0.2194 -0.8606
v -0.0754 0.2881 -0.9183
v -0.0703 0.2765 -0.8335
v -0.0676 0.2472 -0.8203
v -0.0658 0.2271 -0.8082
v -0.0737 0.3169 -0.9053
v -0.0751 0.2210 -0.9193
v -0.0735 0.2083 -0.9189
v -0.0641 0.2114 -0.8741
v -0.0683 0.3304 -0.9027
v -0.0733 0.3212 -0.8774
v -0.0662 0.2351 -0.8055
v -0.0656 0.2330 -0.7959
v -0.0656 0.2260 -0.8076
v -0.0671 0.2194 -0.8606
v -0.0608 0.2070 -0.7960
v -0.0657 0.2333 -0.7957
v -0.0652 0.2302 -0.7885
v -0.0657 0.2306 -0.7966
v -0.0641 0.2114 -0.8741
v -0.0703 0.2765 -0.8335
v -0.0100 0.2041 -0.8225
v -0.0422 0.2204 -0.8187
v 0.0227 0.2362 -0.8425
v 0.0203 0.2785 -0.8527
v -0.0676 0.2472 -0.8203
v -0.0658 0.2271 -0.8082
v -0.0656 0.2260 -0.8076
v -0.0608 0.2070 -0.7960
v 0.0296 0.2182 -0.8515
v -0.0658 0.2271 -0.8082
v -0.0657 0.2306 -0.7966
v -0.0662 0.2351 -0.8055
v -0.0671 0.2194 -0.8606
v -0.0656 0.2260 -0.8076
v -0.0657 0.2333 -0.7957
v -0.0652 0.2302 -0.7885
v 0.0243 0.2107 -0.8999
v -0.0641 0.2114 -0.8741
v -0.0100 0.2041 -0.8225
v -0.0608 0.2070 -0.7960
v 0.0296 0.2182 -0.8515
v 0.0157 0.1981 -0.9228
v -0.0340 0.1930 -0.9216
v -0.0735 0.2083 -0.9189
v 0.0313 0.2009 -0.9106
v 0.0392 0.2121 -0.8520
v 0.0227 0.2362 -0.8425
v 0.0418 1.3780 -0.9156
v 0.0783 1.3244 -0.9148
v 0.0766 1.3869 -0.9100
v 0.0442 1.3144 -0.9165
v -0.0023 0.9539 -0.9177
v 0.0382 0.9732 -0.9124
v -0.0646 0.9733 -0.9069
v 0.0167 1.6319 -0.9179
v 0.0123 1.7273 -0.9156
v 0.0092 1.6144 -0.9109
v 0.0621 0.8555 -0.9166
v -0.0023 0.9539 -0.9177
v -0.0087 0.9050 -0.9169
v -0.0112 0.7249 -0.9162
v 0.0234 0.7178 -0.9157
v -0.0979 0.7998 -0.9159
v -0.1083 0.9172 -0.9203
v -0.1120 0.7261 -0.9225
v -0.0701 0.9802 -0.9146
v 0.0382 0.9732 -0.9124
v -0.1068 1.1121 -0.9199
v -0.0726 1.1067 -0.9135
v 0.0787 0.7291 -0.9285
v 0.0619 0.6317 -0.9177
v 0.0307 0.5887 -0.9110
v 0.0641 0.5254 -0.9168
v 0.0048 0.5740 -0.9146
v -0.0977 0.5732 -0.9157
v 0.0645 0.4182 -0.9154
v -0.0564 0.3480 -0.9140
v 0.0066 0.3490 -0.9127
v 0.0279 0.3390 -0.9097
v 0.0378 0.2804 -0.9101
v -0.1093 0.4213 -0.9201
v -0.0852 0.3388 -0.9119
v -0.0584 1.1279 -0.9177
v -0.1050 1.2341 -0.9182
v -0.0647 1.3007 -0.9183
v 0.0713 1.2209 -0.9196
v 0.0301 1.2985 -0.9186
v 0.0299 1.1248 -0.9160
v -0.1058 1.3577 -0.9213
v 0.0398 1.0762 -0.9118
v 0.0442 1.3144 -0.9165
v -0.0686 1.3971 -0.9166
v -0.0679 1.4514 -0.9171
v -0.1066 1.5684 -0.9192
v 0.0132 1.5541 -0.9167
v 0.0333 1.4511 -0.9151
v 0.0763 1.5296 -0.9212
v -0.1014 1.5988 -0.9164
v 0.0075 1.5945 -0.9145
v 0.0742 1.6709 -0.9244
v 0.0715 1.7290 -0.9214
v 0.0796 1.3970 -0.9212
v 0.0418 1.3780 -0.9156
v -0.0010 1.5985 -0.9118
v -0.0302 1.6041 -0.9123
v -0.1108 0.2804 -0.9239
v -0.0990 0.7136 -0.9109
v -0.1000 0.6931 -0.9010
v -0.0903 0.3188 -0.9122
v -0.0845 0.2003 -0.9100
v -0.1084 0.1830 -0.9210
v -0.0756 0.1912 -0.9125
v 0.0594 0.0328 -0.9155
v -0.0953 0.0275 -0.9178
v 0.0044 0.1853 -0.9128
v 0.0648 0.1878 -0.9166
v 0.0313 0.2009 -0.9106
v 0.0766 1.3869 -0.9100
v -0.0450 0.2895 -0.8587
v -0.0735 0.2928 -0.8823
v 0.0187 0.2893 -0.8865
v -0.0754 0.2881 -0.9183
v -0.0725 0.2939 -0.8752
v 0.0203 0.2785 -0.8527
v -0.0703 0.2765 -0.8335
v 0.0215 0.2504 -0.8972
v 0.0223 0.2589 -0.8640
v 0.0187 0.2893 -0.8865
v 0.0203 0.2785 -0.8527
v 0.0199 0.2744 -0.9090
v 0.0243 0.2107 -0.8999
v 0.0227 0.2362 -0.8425
v 0.0234 0.2485 -0.9222
v 0.0157 0.1981 -0.9228
v 0.0332 0.2587 -0.8916
v 0.0215 0.2504 -0.8972
v 0.0243 0.2107 -0.8999
v 0.0234 0.2485 -0.9222
v 0.0199 0.2744 -0.9090
v -0.0829 0.2634 -0.9285
v 0.0157 0.1981 -0.9228
v -0.0357 0.1885 -0.9246
v -0.0950 0.1971 -0.9323
v -0.0977 0.2238 -0.9318
v 0.0187 0.2893 -0.8865
v -0.0971 0.2716 -0.9343
v -0.0754 0.2881 -0.9183
v 0.0348 0.2542 -0.8615
v 0.0227 0.2362 -0.8425
v 0.0223 0.2589 -0.8640
v 0.0332 0.2587 -0.8916
v 0.0392 0.2121 -0.8520
v 0.0332 0.2587 -0.8916
v 0.0223 0.2589 -0.8640
v 0.0215 0.2504 -0.8972
v -0.0735 0.2928 -0.8823
v -0.0733 0.3212 -0.8774
v -0.0737 0.3169 -0.9053
v -0.0754 0.2881 -0.9183
v -0.0725 0.2939 -0.8752
v -0.0683 0.3304 -0.9027
v -0.1093 0.4213 -0.9201
v -0.1162 0.5522 -0.9308
v -0.1165 0.3766 -0.9401
v -0.1108 0.2804 -0.9239
v -0.1169 0.1860 -0.9402
v -0.1084 0.1830 -0.9210
v -0.1174 0.0324 -0.9395
v -0.0953 0.0275 -0.9178
v -0.0977 0.5732 -0.9157
v -0.0955 0.5967 -0.9053
v -0.1120 0.7261 -0.9225
v -0.1000 0.6931 -0.9010
v -0.0805 0.5755 -0.9070
v 0.0239 0.6392 -0.6925
v 0.0340 0.6694 -0.6752
v 0.0353 0.6281 -0.6895
v 0.0223 0.6667 -0.6712
v 0.0210 0.6750 -0.7253
v 0.0340 0.6694 -0.6752
v 0.0223 0.6667 -0.6712
v 0.0341 0.6620 -0.7278
v 0.0341 0.6620 -0.7278
v 0.0255 0.6473 -0.7167
v 0.0353 0.6281 -0.6895
v 0.0210 0.6750 -0.7253
v 0.0239 0.6392 -0.6925
v -0.0112 0.7142 -0.7538
v -0.0780 0.6474 -0.7635
v -0.0237 0.6456 -0.7630
v -0.0529 0.7113 -0.7552
v -0.0507 0.5910 -0.7723
v -0.0078 0.5918 -0.7739
v 0.0204 0.6161 -0.7683
v 0.0198 0.6504 -0.7657
v 0.0194 0.7073 -0.7583
v -0.0809 0.7043 -0.7707
v 0.0162 0.5937 -0.7614
v -0.0112 0.7142 -0.7538
v -0.0490 0.7112 -0.7683
v -0.0529 0.7113 -0.7552
v -0.0735 0.2083 -0.9189
v -0.0847 0.2097 -0.9274
v -0.0751 0.2210 -0.9193
v -0.0977 0.2238 -0.9318
v -0.0950 0.1971 -0.9323
v -0.0829 0.2634 -0.9285
v -0.0754 0.2881 -0.9183
v -0.0971 0.2716 -0.9343
v -0.0340 0.1930 -0.9216
v -0.0357 0.1885 -0.9246
v 0.0157 0.1981 -0.9228
v -0.0210 0.0225 -0.9382
v -0.1100 0.0275 -1.0249
v -0.0106 0.0238 -1.0219
v -0.0953 0.0275 -0.9178
v 0.0799 0.0271 -0.9344
v 0.0765 0.0285 -1.0145
v -0.1174 0.0324 -0.9395
v 0.0594 0.0328 -0.9155
v 0.0598 0.0359 -1.0314
v -0.0752 0.0354 -1.0325
v -0.1022 0.2378 -0.9755
v -0.1022 0.2327 -0.9765
v -0.1022 0.2425 -0.9685
v -0.1021 0.2259 -0.9827
v -0.1021 0.2353 -0.9784
v -0.1023 0.2325 -0.9669
v -0.1022 0.2417 -0.9662
v -0.1022 0.2564 -0.9771
v -0.1022 0.2421 -0.9649
v -0.1019 0.2251 -0.9900
v -0.1023 0.2325 -0.9669
v -0.1021 0.2353 -0.9784
v -0.1022 0.2378 -0.9755
v -0.1022 0.2327 -0.9765
v -0.1019 0.2251 -0.9900
v -0.1022 0.2421 -0.9649
v -0.1022 0.2425 -0.9685
v -0.1022 0.2564 -0.9771
v -0.1021 0.2259 -0.9827
v 0.0545 1.1656 -1.0324
v 0.0552 0.9471 -1.0319
v -0.0931 1.0319 -1.0327
v -0.1015 1.2154 -1.0321
v -0.1083 0.9324 -1.0299
v 0.0090 1.3217 -1.0352
v 0.0501 1.3014 -1.0354
v -0.0691 1.4554 -1.0340
v -0.1070 1.4900 -1.0326
v 0.0118 1.3924 -1.0367
v -0.1056 0.8319 -1.0311
v -0.0260 0.6977 -1.0322
v -0.0864 0.5454 -1.0320
v -0.0950 0.6508 -1.0324
v 0.0507 0.7665 -1.0319
v 0.0711 0.6552 -1.0281
v 0.0699 0.4708 -1.0291
v -0.0202 0.3740 -1.0331
v -0.0925 0.3383 -1.0318
v -0.0757 0.2422 -1.0330
v 0.0525 0.1795 -1.0308
v 0.0598 0.0359 -1.0314
v -0.0752 0.0354 -1.0325
v 0.0614 0.3586 -1.0293
v 0.0560 1.6383 -1.0347
v 0.0577 1.5506 -1.0337
v 0.0600 1.4051 -1.0343
v -0.1072 1.5929 -1.0325
v 0.0554 1.8094 -1.0341
v -0.0991 1.7351 -1.0335
v -0.0982 1.8986 -1.0337
v -0.0370 1.9617 -1.0336
v 0.0328 1.9505 -1.0348
v 0.0719 0.8793 -1.0277
v -0.1146 0.2382 -1.0239
v -0.1100 0.0275 -1.0249
v 0.0805 1.9022 -1.0217
v -0.1150 0.4413 -1.0195
v 0.0778 0.1996 -1.0218
v 0.0749 0.9857 -1.0243
v 0.0743 1.1046 -1.0246
v 0.0748 1.1997 -1.0243
v 0.0771 1.3054 -1.0289
v 0.0747 0.3272 -1.0237
v -0.1167 1.1624 -1.0208
v 0.0772 1.7011 -1.0228
v 0.0771 1.5269 -1.0222
v -0.1170 0.7366 -1.0178
v 0.0799 1.4006 -1.0192
v 0.0765 0.0285 -1.0145
v 0.0631 0.8741 -1.2207
v 0.1012 0.9431 -1.2199
v -0.0097 0.9396 -1.2222
v -0.0455 0.9049 -1.2240
v -0.0268 0.8368 -1.2255
v 0.0621 0.7998 -1.2208
v -0.0279 0.7500 -1.2240
v 0.1267 0.8617 -1.2229
v 0.0508 0.7408 -1.2251
v 0.2317 0.7613 -1.2291
v -0.0764 0.8087 -1.2215
v -0.1310 0.7574 -1.2296
v -0.0857 0.8499 -1.2322
v -0.1312 0.7188 -1.2348
v -0.2450 0.7130 -1.2346
v -0.1547 0.8274 -1.2246
v -0.2160 0.8323 -1.2260
v -0.1507 0.6567 -1.2296
v -0.2121 0.6160 -1.2348
v -0.1161 0.5926 -1.2345
v -0.0775 0.6748 -1.2236
v -0.2674 0.7534 -1.2367
v -0.2647 0.8303 -1.2310
v -0.1092 0.8937 -1.2234
v -0.0950 0.9645 -1.2290
v -0.1779 0.9088 -1.2231
v -0.2457 0.9629 -1.2236
v -0.1459 0.9977 -1.2316
v -0.2066 0.8804 -1.2347
v -0.1578 0.5472 -1.2249
v -0.2503 0.5635 -1.2272
v -0.2463 0.4461 -1.2337
v -0.0686 0.4670 -1.2316
v -0.0491 0.5398 -1.2326
v -0.0068 0.4464 -1.2401
v 0.0252 0.5630 -1.2205
v 0.0401 0.4743 -1.2304
v 0.2383 0.5607 -1.2257
v 0.1479 0.4633 -1.2286
v 0.1178 0.5832 -1.2231
v 0.1774 0.6217 -1.2219
v 0.0549 0.6808 -1.2202
v -0.0072 0.6020 -1.2216
v 0.2464 0.4650 -1.2322
v 0.2283 0.6647 -1.2268
v -0.0432 0.6713 -1.2311
v -0.0618 0.5707 -1.2413
v -0.0357 0.7146 -1.2375
v 0.1339 0.7079 -1.2329
v 0.2479 0.7079 -1.2424
v 0.0458 0.4251 -1.2424
v 0.1399 0.4366 -1.2384
v 0.0964 0.9946 -1.2330
v 0.0177 0.3869 -1.2307
v -0.1368 0.4356 -1.2395
v -0.1131 0.3790 -1.2311
v 0.0118 0.3283 -1.2360
v -0.0989 0.3170 -1.2316
v -0.1794 0.3559 -1.2314
v -0.0159 0.2354 -1.2328
v -0.1185 0.2012 -1.2358
v -0.1951 0.2896 -1.2295
v -0.2019 0.1881 -1.2368
v -0.2593 0.1232 -1.2343
v -0.0865 0.1391 -1.2329
v -0.2009 0.0408 -1.2356
v -0.0720 0.0394 -1.2398
v 0.0292 0.2231 -1.2369
v 0.0638 0.2899 -1.2304
v 0.1168 0.3901 -1.2267
v 0.2505 0.2997 -1.2309
v 0.1309 0.1951 -1.2302
v 0.2267 0.1767 -1.2314
v 0.1598 0.1578 -1.2331
v 0.0577 0.1561 -1.2392
v -0.0272 0.1608 -1.2446
v 0.1529 0.1049 -1.2297
v -0.2456 0.2695 -1.2373
v 0.2363 0.4349 -1.2421
v 0.2252 0.1431 -1.2415
v 0.2367 0.0153 -1.2373
v 0.1470 0.0258 -1.2351
v 0.0402 0.0345 -1.2345
v 0.0120 0.1056 -1.2314
v -0.2246 0.3246 -1.2412
v -0.0061 0.0327 -1.2527
v -0.2376 0.3707 -1.2453
v -0.2351 0.4188 -1.2491
v 0.2568 0.0794 -1.2449
v -0.2532 0.1973 -1.2507
v -0.2403 0.9961 -1.2338
v -0.2457 1.0287 -1.2283
v -0.0516 1.0649 -1.2207
v -0.1281 1.1358 -1.2235
v -0.2435 1.1238 -1.2317
v -0.0224 1.1139 -1.2280
v 0.0234 1.0347 -1.2280
v 0.0067 1.1143 -1.2220
v 0.1294 1.1401 -1.2245
v 0.1010 1.0277 -1.2263
v 0.2410 1.1211 -1.2358
v 0.1681 1.0411 -1.2291
v -0.0422 0.9780 -1.2425
v 0.2057 1.0032 -1.2450
v -0.0490 1.1684 -1.2441
v 0.0174 1.1786 -1.2375
v 0.1257 1.1718 -1.2399
v -0.1123 1.1749 -1.2362
v -0.0762 1.2082 -1.2286
v -0.1470 1.2028 -1.2330
v -0.1656 1.3084 -1.2264
v -0.0230 1.3166 -1.2296
v -0.2571 1.1968 -1.2324
v -0.0172 1.2343 -1.2241
v 0.0330 1.3173 -1.2301
v 0.1125 1.2689 -1.2270
v 0.0989 1.1999 -1.2301
v 0.1398 1.2359 -1.2282
v 0.1512 1.2948 -1.2255
v 0.0544 1.3254 -1.2336
v -0.2740 1.2493 -1.2365
v -0.2661 1.3202 -1.2343
v -0.1166 1.3426 -1.2310
v 0.1559 1.3284 -1.2289
v -0.2439 1.3568 -1.2394
v -0.0326 1.3325 -1.2322
v -0.1108 1.4324 -1.2258
v -0.0192 1.3887 -1.2277
v -0.0119 1.4491 -1.2281
v -0.0894 1.5086 -1.2247
v -0.1839 1.4407 -1.2273
v -0.1629 1.5948 -1.2298
v -0.0114 1.5512 -1.2292
v -0.0995 1.5912 -1.2310
v -0.0155 1.6401 -1.2271
v -0.1075 1.6822 -1.2259
v -0.0227 1.7173 -1.2275
v -0.1920 1.7399 -1.2261
v -0.2484 1.6406 -1.2275
v -0.0816 1.7718 -1.2308
v -0.0204 1.7613 -1.2313
v -0.2543 1.7559 -1.2347
v -0.1752 1.3529 -1.2388
v -0.2297 1.5676 -1.2365
v -0.2557 1.3970 -1.2329
v -0.2636 1.4862 -1.2328
v -0.2067 1.5253 -1.2229
v 0.2264 1.3152 -1.2406
v 0.2515 1.2522 -1.2434
v 0.2286 1.1594 -1.2494
v 0.0334 1.3654 -1.2257
v 0.0979 1.3629 -1.2230
v 0.0315 1.4511 -1.2233
v 0.1376 1.5208 -1.2221
v 0.0363 1.5860 -1.2178
v 0.1318 1.4115 -1.2250
v 0.2380 1.4485 -1.2235
v 0.2418 1.3527 -1.2299
v 0.2297 1.5187 -1.2178
v -0.0317 1.7904 -1.2248
v -0.0344 1.8289 -1.2212
v -0.0950 1.9411 -1.2190
v -0.0220 1.9300 -1.2202
v 0.0324 1.8239 -1.2195
v 0.0376 1.9209 -1.2166
v 0.1194 1.8010 -1.2195
v 0.2182 1.8994 -1.2191
v 0.1918 1.9438 -1.2194
v 0.2332 1.8169 -1.2223
v -0.1708 1.9300 -1.2193
v -0.2080 1.8065 -1.2259
v -0.2518 1.9016 -1.2271
v 0.0331 1.7702 -1.2276
v 0.0958 1.7678 -1.2248
v 0.1978 1.7616 -1.2286
v 0.0336 1.7439 -1.2243
v 0.1716 1.7347 -1.2194
v 0.0987 1.6340 -1.2190
v 0.1573 1.6038 -1.2173
v 0.2359 1.6472 -1.2197
v 0.0354 1.6486 -1.2188
v 0.2556 1.7122 -1.2278
v 0.2390 1.5688 -1.2306
v 0.1073 1.5635 -1.2270
v 0.0123 1.9589 -1.2242
v 0.0896 1.9595 -1.2235
v -0.2450 1.7861 -1.2407
v 0.2596 1.9281 -1.2334
v -0.1696 1.7711 -1.2361
v 0.2636 1.2032 -1.2542
v 0.1662 0.8381 -1.2285
v 0.2183 0.8731 -1.2237
v 0.2087 0.9639 -1.2220
v -0.2486 0.8781 -1.2472
v 0.2608 0.0253 -1.2462
v 0.2370 0.9947 -1.2617
v 0.2378 1.7531 -1.2450
v 0.2625 1.7844 -1.2369
v 0.2776 0.8223 -1.2485
v 0.2622 0.8667 -1.2405
v 0.2343 0.9664 -1.2342
v 0.2598 1.8761 -1.2386
v -0.2425 1.1626 -1.2473
v 0.2598 1.5427 -1.2343
v -0.2766 1.8289 -1.2599
v 0.2513 1.9583 -1.2436
v 0.1832 1.9595 -1.2282
v 0.2501 1.0833 -1.2522
v 0.2676 1.1177 -1.2796
v -0.2450 0.7130 -1.2346
v -0.2676 0.6354 -1.2763
v -0.2372 0.6405 -1.2431
v -0.2121 0.6160 -1.2348
v -0.2663 0.7064 -1.2784
v -0.2674 0.7534 -1.2367
v -0.2754 0.5896 -1.2482
v -0.2503 0.5635 -1.2272
v -0.2755 0.4837 -1.2471
v -0.2463 0.4461 -1.2337
v -0.2679 0.4232 -1.2770
v -0.2351 0.4188 -1.2491
v -0.2748 0.2427 -1.2954
v -0.2456 0.2695 -1.2373
v -0.2709 0.3077 -1.2819
v -0.2532 0.1973 -1.2507
v -0.2763 0.1380 -1.2486
v -0.2246 0.3246 -1.2412
v -0.2376 0.3707 -1.2453
v -0.2803 0.3823 -1.2860
v -0.2593 0.1232 -1.2343
v -0.2776 0.0338 -1.2637
v -0.2589 0.0145 -1.2571
v -0.2009 0.0408 -1.2356
v -0.2781 0.0260 -1.5097
v -0.2655 0.0045 -1.5493
v -0.2826 0.0178 -1.4391
v -0.2827 0.0180 -1.7135
v -0.2571 0.0036 -1.4506
v -0.2679 0.0095 -1.3383
v -0.1055 0.0134 -1.2510
v -0.2009 0.0408 -1.2356
v -0.1707 0.0112 -1.2615
v -0.2589 0.0145 -1.2571
v -0.0720 0.0394 -1.2398
v -0.0547 0.0059 -1.3289
v -0.0470 0.0115 -1.5088
v -0.0156 0.0013 -1.5610
v -0.0080 0.0189 -1.5240
v -0.0156 0.0013 -1.5610
v -0.0612 0.0032 -1.4464
v -0.1649 0.0021 -1.4882
v -0.2286 0.0019 -1.6283
v -0.1198 0.0011 -1.7130
v -0.0058 0.0021 -1.6953
v 0.1134 0.0043 -1.7209
v 0.0535 0.0023 -1.5365
v 0.0911 0.0000 -1.4688
v -0.2655 0.0045 -1.5493
v -0.2571 0.0036 -1.4506
v -0.1152 0.0079 -1.3686
v -0.0387 0.0130 -1.7298
v 0.2529 0.0043 -1.6062
v 0.2586 0.0074 -1.6768
v 0.2600 0.0026 -1.4128
v 0.2720 0.0159 -1.5081
v 0.2174 0.0019 -1.2879
v 0.0389 0.0006 -1.4204
v 0.0495 0.0150 -1.4714
v -0.0036 0.0270 -1.4488
v 0.2741 0.0160 -1.7035
v 0.0781 0.0026 -1.2744
v 0.1307 0.0055 -1.2509
v 0.2367 0.0153 -1.2373
v 0.1470 0.0258 -1.2351
v 0.0358 0.0074 -1.3261
v 0.2662 0.0147 -1.2980
v -0.0080 0.0189 -1.5240
v 0.0808 0.0146 -1.7427
v -0.0061 0.0327 -1.2527
v 0.2777 0.0307 -1.6553
v 0.0415 0.0174 -1.5110
v 0.0402 0.0345 -1.2345
v 0.2796 0.0180 -1.4744
v -0.2499 0.0027 -1.7235
v -0.1707 0.0112 -1.2615
v -0.2679 0.0095 -1.3383
v -0.2589 0.0145 -1.2571
v -0.0547 0.0059 -1.3289
v -0.2827 0.0180 -1.7135
v -0.1055 0.0134 -1.2510
v 0.2778 0.0180 -1.3307
v 0.2608 0.0253 -1.2462
v 0.2322 0.0213 -1.7411
v -0.0720 0.0394 -1.2398
v 0.0389 0.0006 -1.4204
v -0.0547 0.0059 -1.3289
v -0.0612 0.0032 -1.4464
v -0.0036 0.0270 -1.4488
v -0.0473 0.0210 -1.4800
v -0.2830 0.8612 -1.3758
v -0.2735 0.8857 -1.3022
v -0.2809 0.9706 -1.3043
v -0.2768 0.9287 -1.2553
v -0.2670 0.9946 -1.2531
v -0.2824 0.9349 -1.6544
v -0.2777 0.8598 -1.5902
v -0.2787 0.9325 -1.6210
v -0.2719 0.8718 -1.6895
v -0.2637 0.9165 -1.7236
v -0.2632 0.9822 -1.7199
v -0.2741 0.9898 -1.6192
v -0.2789 1.0225 -1.7000
v -0.2779 0.8379 -1.7039
v -0.2757 0.7422 -1.3220
v -0.2636 0.6770 -1.4187
v -0.2663 0.7064 -1.2784
v -0.2731 0.7184 -1.4548
v -0.2674 0.7534 -1.2367
v -0.2783 0.8384 -1.2543
v -0.2786 0.8326 -1.4560
v -0.2822 0.9730 -1.4411
v -0.2829 0.8497 -1.5297
v -0.2776 0.9563 -1.6164
v -0.2741 0.7412 -1.5692
v -0.2820 0.7240 -1.6647
v -0.2757 0.7647 -1.7118
v -0.2570 0.7524 -1.5016
v -0.2755 0.4837 -1.2471
v -0.2748 0.4209 -1.3584
v -0.2679 0.4232 -1.2770
v -0.2796 0.4454 -1.4351
v -0.2781 0.4870 -1.4762
v -0.2784 0.5652 -1.3222
v -0.2805 0.6131 -1.4537
v -0.2754 0.5896 -1.2482
v -0.2772 0.6423 -1.3680
v -0.2835 0.4764 -1.5714
v -0.2804 0.5629 -1.5712
v -0.2824 0.4781 -1.7001
v -0.2832 0.6136 -1.7139
v -0.2785 0.7108 -1.5528
v -0.2862 0.6022 -1.5012
v -0.2676 0.6354 -1.2763
v -0.2647 0.4192 -1.6801
v -0.2629 0.4241 -1.5512
v -0.2593 0.4736 -1.7408
v -0.2453 0.4164 -1.7170
v -0.2706 0.9462 -1.6347
v -0.2816 0.3368 -1.3829
v -0.2670 0.2870 -1.4107
v -0.2709 0.3077 -1.2819
v -0.2803 0.3823 -1.2860
v -0.2748 0.2427 -1.2954
v -0.2827 0.1617 -1.3600
v -0.2763 0.1380 -1.2486
v -0.2776 0.0338 -1.2637
v -0.2826 0.0178 -1.4391
v -0.2854 0.1326 -1.4668
v -0.2781 0.0260 -1.5097
v -0.2756 0.1856 -1.4473
v -0.2781 0.1135 -1.5146
v -0.2783 0.1541 -1.5570
v -0.2821 0.1283 -1.6584
v -0.2827 0.0180 -1.7135
v -0.2815 0.2520 -1.5879
v -0.2800 0.3479 -1.4660
v -0.2835 0.3115 -1.7229
v -0.2786 0.1844 -1.7293
v -0.2800 0.2506 -1.7179
v -0.2769 0.3744 -1.7179
v -0.2773 0.3893 -1.5577
v -0.2671 0.3584 -1.4176
v -0.2672 0.4147 -1.4624
v -0.2727 0.1033 -1.7266
v -0.2583 0.1413 -1.7224
v -0.2812 1.1320 -1.6277
v -0.2824 1.1125 -1.4839
v -0.2805 1.1601 -1.5442
v -0.2797 1.0211 -1.5600
v -0.2769 1.1076 -1.7209
v -0.2801 1.2520 -1.5439
v -0.2855 1.3167 -1.7095
v -0.2819 1.1356 -1.6954
v -0.2744 0.9921 -1.4695
v -0.2745 1.3274 -1.5540
v -0.2734 1.2849 -1.5067
v -0.2663 1.3512 -1.4528
v -0.2723 1.4025 -1.5699
v -0.2699 1.3505 -1.6794
v -0.2669 1.4436 -1.6863
v -0.2663 1.3985 -1.4961
v -0.2655 1.4563 -1.4939
v -0.2730 1.1541 -1.4919
v -0.2807 1.2318 -1.7224
v -0.2757 1.4898 -1.6969
v -0.2749 1.5416 -1.5560
v -0.2656 1.5570 -1.4804
v -0.2666 1.5684 -1.6879
v -0.2721 1.5875 -1.5110
v -0.2671 1.5878 -1.5681
v -0.2717 1.6323 -1.6390
v -0.2748 1.6794 -1.6224
v -0.2710 1.7244 -1.5264
v -0.2636 1.6630 -1.4844
v -0.2572 1.7519 -1.4690
v -0.2693 1.0696 -1.4334
v -0.2723 1.1435 -1.4001
v -0.2799 1.0263 -1.3807
v -0.2788 1.1239 -1.2622
v -0.2754 1.1025 -1.2473
v -0.2539 1.6758 -1.7231
v -0.2596 1.7164 -1.6826
v -0.2581 1.7765 -1.5175
v -0.2662 1.7173 -1.6009
v -0.2661 1.7988 -1.5923
v -0.2719 1.7782 -1.6986
v -0.2561 1.8584 -1.6465
v -0.2616 1.8652 -1.7140
v -0.2582 1.9565 -1.6783
v -0.2548 1.8885 -1.5371
v -0.2556 1.9584 -1.5926
v -0.2504 1.9540 -1.5118
v -0.2453 1.9550 -1.3873
v -0.2518 1.8622 -1.5619
v -0.2761 1.8799 -1.4234
v -0.2739 1.7978 -1.4678
v -0.2766 1.8289 -1.2599
v -0.2751 1.9112 -1.3554
v -0.2694 1.9116 -1.2524
v -0.2658 1.7580 -1.2894
v -0.2499 1.9628 -1.7213
v -0.2853 1.1735 -1.4388
v -0.2786 1.2432 -1.4310
v -0.2783 1.1667 -1.3367
v -0.2798 1.3144 -1.2807
v -0.2809 1.3183 -1.4413
v -0.2740 1.2493 -1.2365
v -0.2766 1.3264 -1.2500
v -0.2721 1.3552 -1.2786
v -0.2727 1.3567 -1.3935
v -0.2773 1.4169 -1.3649
v -0.2756 1.4272 -1.2477
v -0.2781 1.4474 -1.3076
v -0.2775 1.3747 -1.4525
v -0.2764 1.4346 -1.4644
v -0.2812 1.5026 -1.4611
v -0.2794 1.5346 -1.3263
v -0.2756 1.4500 -1.3181
v -0.2794 1.4555 -1.3046
v -0.2725 1.5222 -1.2547
v -0.2662 1.5739 -1.2604
v -0.2700 1.5638 -1.4007
v -0.2757 1.6149 -1.4488
v -0.2791 1.6441 -1.3245
v -0.2768 1.6905 -1.4537
v -0.2772 1.7356 -1.3230
v -0.2717 1.6922 -1.2431
v -0.2664 1.7643 -1.4217
v -0.2693 1.1579 -1.2981
v -0.2571 1.1968 -1.2324
v -0.2543 1.7559 -1.2347
v -0.2585 1.3499 -1.7180
v -0.2643 1.0043 -1.4301
v -0.2525 1.9589 -1.2650
v -0.2450 1.7861 -1.2407
v -0.2670 0.9966 -1.3569
v -0.2430 1.4395 -1.7355
v -0.2300 1.6140 -1.7258
v -0.2424 1.5379 -1.7355
v -0.2477 1.9508 -1.3288
v -0.2425 1.1626 -1.2473
v -0.2199 1.5693 -1.7233
v -0.2504 1.9540 -1.5118
v -0.2453 1.9550 -1.3873
v -0.2387 1.9590 -1.4537
v -0.2425 1.9431 -1.3026
v -0.2488 1.9586 -1.3329
v -0.2477 1.9508 -1.3288
v -0.2453 1.9550 -1.3873
v 0.0781 0.7178 -1.0090
v 0.0791 0.5870 -0.9327
v 0.0790 0.5056 -1.0142
v 0.0787 0.7291 -0.9285
v 0.0782 0.9088 -1.0119
v 0.0804 0.3942 -0.9309
v 0.0801 0.2102 -0.9322
v 0.0799 0.3311 -1.0098
v 0.0805 0.8624 -0.9332
v 0.0818 1.0067 -0.9452
v 0.0778 0.1996 -1.0218
v 0.0799 0.0271 -0.9344
v 0.0765 0.0285 -1.0145
v 0.0749 0.9857 -1.0243
v 0.0743 1.1046 -1.0246
v 0.0801 1.1621 -0.9323
v 0.0748 1.1997 -1.0243
v 0.0815 1.3078 -0.9304
v 0.0771 1.3054 -1.0289
v 0.0719 0.8793 -1.0277
v 0.0711 0.6552 -1.0281
v 0.0747 0.3272 -1.0237
v 0.0699 0.4708 -1.0291
v 0.0648 0.1878 -0.9166
v 0.0641 0.5254 -0.9168
v 0.0645 0.4182 -0.9154
v 0.0619 0.6317 -0.9177
v 0.0594 0.0328 -0.9155
v 0.0378 0.2804 -0.9101
v 0.2363 0.4349 -1.2421
v 0.2505 0.2997 -1.2309
v 0.2791 0.3777 -1.2535
v 0.2623 0.2706 -1.2368
v 0.2267 0.1767 -1.2314
v 0.2764 0.1860 -1.2490
v 0.2252 0.1431 -1.2415
v 0.1598 0.1578 -1.2331
v 0.2651 0.4251 -1.2683
v 0.2776 0.4587 -1.2554
v 0.2464 0.4650 -1.2322
v 0.2687 0.5155 -1.2454
v 0.2383 0.5607 -1.2257
v 0.2770 0.5849 -1.2458
v 0.2283 0.6647 -1.2268
v 0.2721 0.6119 -1.2526
v 0.2694 0.6656 -1.2400
v 0.2479 0.7079 -1.2424
v 0.2667 0.1434 -1.2821
v 0.2800 0.3000 -1.2737
v 0.2798 0.3718 -1.3902
v 0.2800 0.3000 -1.2737
v 0.2795 0.3031 -1.4322
v 0.2764 0.1513 -1.3748
v 0.2764 0.1860 -1.2490
v 0.2785 0.1406 -1.4572
v 0.2791 0.3777 -1.2535
v 0.2761 0.2241 -1.4920
v 0.2754 0.3553 -1.4657
v 0.2794 0.1077 -1.3111
v 0.2796 0.0180 -1.4744
v 0.2778 0.0180 -1.3307
v 0.2680 0.4304 -1.3536
v 0.2685 0.2914 -1.4812
v 0.2762 0.2908 -1.5668
v 0.2813 0.2304 -1.5535
v 0.2752 0.2667 -1.6175
v 0.2712 0.4386 -1.6052
v 0.2801 0.3758 -1.5138
v 0.2791 0.2042 -1.6662
v 0.2782 0.1509 -1.5654
v 0.2753 0.3194 -1.7210
v 0.2794 0.4038 -1.6342
v 0.2746 0.4182 -1.7172
v 0.2714 0.1274 -1.7105
v 0.2724 0.2183 -1.7350
v 0.2692 0.1577 -1.4962
v 0.2796 0.0768 -1.7226
v 0.2777 0.0307 -1.6553
v 0.2720 0.0159 -1.5081
v 0.2741 0.0160 -1.7035
v 0.2667 0.1434 -1.2821
v 0.2651 0.4251 -1.2683
v 0.2773 0.4696 -1.3925
v 0.2562 0.4122 -1.4576
v 0.2726 0.4646 -1.4981
v 0.2777 0.4722 -1.5502
v 0.2669 0.5314 -1.4715
v 0.2766 0.6161 -1.4695
v 0.2788 0.5474 -1.6285
v 0.2760 0.5854 -1.5921
v 0.2733 0.5798 -1.7177
v 0.2791 0.6794 -1.4943
v 0.2787 0.6822 -1.6364
v 0.2678 0.4756 -1.7337
v 0.2772 0.6202 -1.7219
v 0.2726 0.6854 -1.7156
v 0.2662 0.0147 -1.2980
v 0.2608 0.0253 -1.2462
v 0.2568 0.0794 -1.2449
v 0.2776 0.4587 -1.2554
v 0.2782 0.5672 -1.3332
v 0.2772 0.5388 -1.4469
v 0.2755 0.6515 -1.3734
v 0.2795 0.6801 -1.3063
v 0.2721 0.6119 -1.2526
v 0.2694 0.6656 -1.2400
v 0.2770 0.5849 -1.2458
v 0.2687 0.5155 -1.2454
v 0.2571 0.4487 -1.7053
v 0.2252 0.1431 -1.2415
v -0.0000 0.0798 -1.4253
v -0.0036 0.0270 -1.4488
v -0.0537 0.0747 -1.4588
v -0.0421 0.0421 -1.4651
v -0.0473 0.0210 -1.4800
v 0.0266 0.0854 -1.4287
v -0.0333 0.0876 -1.4213
v -0.0774 0.0823 -1.4773
v 0.0334 0.0464 -1.4565
v 0.0495 0.0150 -1.4714
v 0.0752 0.0857 -1.4662
v -0.0141 0.0859 -1.4950
v 0.0364 0.0866 -1.4803
v -0.0000 0.0798 -1.4253
v -0.0774 0.0823 -1.4773
v -0.0751 0.0831 -1.5172
v -0.0497 0.0876 -1.5438
v -0.0251 0.0915 -1.5625
v 0.0416 0.0848 -1.5505
v 0.0725 0.0813 -1.5202
v 0.0752 0.0857 -1.4662
v 0.0266 0.0854 -1.4287
v -0.0333 0.0876 -1.4213
v -0.0473 0.0210 -1.4800
v -0.0436 0.0546 -1.5091
v -0.0421 0.0421 -1.4651
v -0.0470 0.0115 -1.5088
v -0.0612 0.0032 -1.4464
v -0.0537 0.0747 -1.4588
v -0.0156 0.0013 -1.5610
v -0.0497 0.0876 -1.5438
v -0.0436 0.0546 -1.5091
v 0.0027 0.0666 -1.5293
v -0.0251 0.0915 -1.5625
v 0.0416 0.0848 -1.5505
v 0.0482 0.0507 -1.5023
v -0.0751 0.0831 -1.5172
v -0.0537 0.0747 -1.4588
v -0.0774 0.0823 -1.4773
v 0.0415 0.0174 -1.5110
v 0.0027 0.0666 -1.5293
v -0.0080 0.0189 -1.5240
v 0.0482 0.0507 -1.5023
v -0.0436 0.0546 -1.5091
v -0.0470 0.0115 -1.5088
v -0.1542 0.0016 -1.7034
v -0.1549 0.0016 -1.7055
v -0.1529 0.0015 -1.6995
v -0.1553 0.0016 -1.7067
v -0.1553 0.0016 -1.7067
v -0.1543 0.0015 -1.7037
v -0.1529 0.0015 -1.6995
v -0.1549 0.0016 -1.7055
v -0.1553 0.0016 -1.7067
v -0.1529 0.0015 -1.6995
v -0.2583 0.1413 -1.7224
v -0.2821 0.1283 -1.6584
v -0.2786 0.1844 -1.7293
v -0.2453 0.4164 -1.7170
v -0.2769 0.3744 -1.7179
v -0.2647 0.4192 -1.6801
v -0.2549 0.3666 -1.7417
v -0.2835 0.3115 -1.7229
v -0.2148 0.1488 -1.7414
v -0.2583 0.1413 -1.7224
v -0.2786 0.1844 -1.7293
v -0.2466 0.2800 -1.7456
v -0.2727 0.1033 -1.7266
v -0.2529 0.0461 -1.7457
v -0.2800 0.2506 -1.7179
v -0.2827 0.0180 -1.7135
v -0.2499 0.0027 -1.7235
v -0.1108 0.0278 -1.7432
v -0.1198 0.0011 -1.7130
v -0.0387 0.0130 -1.7298
v -0.0287 1.0293 -1.7416
v -0.1706 1.0176 -1.7453
v -0.1406 1.1361 -1.7436
v -0.2416 1.1111 -1.7450
v -0.0207 1.1338 -1.7456
v -0.2484 1.0509 -1.7411
v 0.0290 1.0276 -1.7351
v -0.1019 0.9771 -1.7361
v -0.2455 0.9747 -1.7324
v 0.0411 1.1266 -1.7310
v 0.0742 1.0173 -1.7447
v 0.1490 1.1475 -1.7458
v 0.1633 1.1359 -1.7477
v 0.1618 1.0073 -1.7408
v 0.0928 1.1840 -1.7397
v 0.2279 1.3166 -1.7454
v 0.1548 1.3182 -1.7470
v 0.2399 1.2082 -1.7423
v 0.0383 1.2187 -1.7451
v 0.0439 1.3084 -1.7460
v 0.1018 0.9754 -1.7356
v -0.0090 0.9835 -1.7264
v 0.0292 0.9575 -1.7306
v 0.0465 0.8347 -1.7246
v 0.0017 0.8321 -1.7410
v -0.0958 0.8411 -1.7420
v -0.0015 0.7688 -1.7355
v -0.0633 0.7277 -1.7374
v -0.1677 0.7257 -1.7353
v -0.1550 0.8789 -1.7437
v -0.1820 0.9456 -1.7462
v 0.2355 1.0914 -1.7313
v 0.2397 1.0147 -1.7334
v 0.2048 0.9810 -1.7335
v 0.2241 0.9017 -1.7394
v 0.1049 0.8931 -1.7379
v 0.1701 0.8700 -1.7357
v 0.0369 0.7181 -1.7221
v -0.1229 0.6734 -1.7448
v -0.2306 0.7201 -1.7350
v -0.0192 0.6628 -1.7490
v -0.2388 0.8293 -1.7362
v -0.1618 0.8406 -1.7300
v -0.0145 0.5931 -1.7405
v -0.2319 0.5804 -1.7480
v -0.1370 0.5329 -1.7471
v -0.1734 0.4531 -1.7451
v -0.0430 0.4628 -1.7420
v -0.0198 0.5296 -1.7443
v -0.2532 0.6522 -1.7427
v -0.2593 0.4736 -1.7408
v 0.0498 0.6278 -1.7265
v 0.1248 0.7144 -1.7273
v 0.0683 0.7638 -1.7391
v 0.1278 0.7773 -1.7378
v 0.1876 0.7927 -1.7348
v 0.1682 0.8288 -1.7238
v -0.2211 1.1636 -1.7336
v -0.0124 1.2277 -1.7318
v -0.0116 1.3018 -1.7358
v -0.0571 1.2210 -1.7389
v -0.1561 1.3184 -1.7400
v -0.1563 1.1988 -1.7374
v -0.2481 1.2056 -1.7342
v -0.2565 1.3168 -1.7339
v -0.1396 1.3521 -1.7318
v 0.0209 1.1725 -1.7223
v -0.0659 1.1790 -1.7260
v 0.1897 0.7225 -1.7172
v 0.2438 0.8001 -1.7250
v -0.2585 1.3499 -1.7180
v -0.2430 1.4395 -1.7355
v -0.1245 1.4643 -1.7364
v -0.2424 1.5379 -1.7355
v -0.1231 1.5378 -1.7367
v -0.0039 1.5293 -1.7365
v -0.0113 1.4217 -1.7303
v -0.0748 1.3801 -1.7385
v 0.0507 1.4670 -1.7226
v 0.0262 1.3675 -1.7222
v -0.0565 1.3457 -1.7215
v 0.0963 1.4769 -1.7297
v 0.0586 1.5280 -1.7169
v -0.1027 1.5688 -1.7289
v -0.0056 1.5780 -1.7262
v 0.0253 1.5827 -1.7202
v 0.0304 1.7099 -1.7285
v -0.0143 1.6703 -1.7368
v -0.0969 1.6087 -1.7400
v -0.1995 1.6566 -1.7463
v -0.0980 1.7342 -1.7414
v -0.1776 1.7694 -1.7386
v -0.0138 1.7452 -1.7411
v -0.0880 1.7909 -1.7303
v -0.1447 1.7641 -1.7288
v -0.1211 1.8696 -1.7394
v -0.2439 1.8973 -1.7352
v -0.2422 1.7713 -1.7332
v -0.0845 1.8981 -1.7390
v -0.2196 1.7370 -1.7304
v -0.1814 1.9529 -1.7188
v -0.2233 1.9625 -1.7295
v -0.0317 1.8774 -1.7233
v -0.0080 1.9547 -1.7242
v 0.0254 1.8257 -1.7308
v 0.0238 1.7717 -1.7167
v 0.1052 1.3864 -1.7407
v 0.1821 1.4010 -1.7442
v 0.1529 1.5397 -1.7279
v 0.2400 1.4725 -1.7362
v 0.2577 1.3954 -1.7314
v 0.1581 1.3539 -1.7343
v 0.1130 1.5418 -1.7352
v 0.0950 1.7717 -1.7343
v 0.0766 1.8509 -1.7379
v 0.1576 1.8406 -1.7330
v 0.2174 1.8203 -1.7342
v 0.2044 1.9067 -1.7433
v 0.0126 1.9082 -1.7408
v 0.1297 1.9652 -1.7330
v 0.0401 1.9673 -1.7346
v 0.2512 1.9006 -1.7328
v 0.2173 1.9623 -1.7290
v 0.2382 1.7766 -1.7247
v 0.1471 1.7839 -1.7241
v 0.0935 1.7388 -1.7418
v 0.0638 1.5911 -1.7416
v 0.1848 1.6071 -1.7456
v 0.2312 1.7523 -1.7346
v 0.2603 1.6851 -1.7323
v 0.2524 1.6062 -1.7355
v -0.1431 1.5795 -1.7220
v -0.2199 1.5693 -1.7233
v -0.2300 1.6140 -1.7258
v -0.2499 1.9628 -1.7213
v 0.1030 1.9899 -1.7421
v 0.2133 1.9859 -1.7406
v 0.1111 2.0723 -1.7310
v 0.2133 2.0737 -1.7307
v -0.0352 1.9793 -1.7418
v -0.0604 2.0684 -1.7346
v -0.2308 2.0097 -1.7385
v -0.1537 1.9730 -1.7397
v -0.2218 2.0816 -1.7256
v 0.2652 2.0379 -1.7236
v 0.2301 1.3537 -1.7206
v 0.0351 0.5046 -1.7218
v 0.1008 0.5103 -1.7420
v 0.1070 0.6382 -1.7406
v 0.1943 0.4997 -1.7500
v 0.2373 0.5762 -1.7435
v 0.1844 0.6702 -1.7398
v 0.2640 0.6295 -1.7368
v 0.2523 0.7034 -1.7263
v 0.2678 0.4756 -1.7337
v 0.0971 0.4465 -1.7285
v 0.0043 0.4511 -1.7260
v 0.2273 0.4478 -1.7311
v 0.2513 1.5662 -1.7208
v 0.0700 0.4086 -1.7430
v -0.0520 0.4148 -1.7236
v -0.1611 0.4123 -1.7289
v -0.0056 0.3308 -1.7407
v 0.0675 0.2152 -1.7442
v 0.1757 0.3213 -1.7440
v 0.2047 0.4179 -1.7455
v 0.2518 0.3600 -1.7435
v 0.2509 0.4192 -1.7404
v 0.1596 0.2732 -1.7468
v 0.2411 0.1805 -1.7479
v 0.2556 0.2859 -1.7409
v 0.0753 0.1424 -1.7364
v 0.0030 0.2852 -1.7379
v -0.1217 0.3840 -1.7438
v -0.1019 0.2705 -1.7439
v -0.2466 0.2800 -1.7456
v -0.1390 0.1886 -1.7476
v -0.0511 0.1834 -1.7466
v -0.2549 0.3666 -1.7417
v -0.2148 0.1488 -1.7414
v -0.0734 0.1414 -1.7390
v -0.2529 0.0461 -1.7457
v -0.1108 0.0278 -1.7432
v 0.0285 0.1727 -1.7283
v 0.0042 0.0989 -1.7442
v 0.0917 0.0985 -1.7456
v 0.1850 0.0983 -1.7464
v 0.1798 0.1473 -1.7362
v 0.0808 0.0146 -1.7427
v -0.0032 0.0460 -1.7450
v 0.2322 0.0213 -1.7411
v 0.2467 0.1336 -1.7362
v -0.0404 0.0959 -1.7269
v -0.0387 0.0130 -1.7298
v -0.2453 0.4164 -1.7170
v 0.2724 0.2183 -1.7350
v 0.2796 0.0768 -1.7226
v -0.2539 1.6758 -1.7231
v -0.1611 1.1691 -1.7247
v 0.2291 0.8498 -1.7039
v -0.2401 0.8693 -1.7178
v 0.2753 0.3194 -1.7210
v 0.2467 1.1700 -1.7273
v 0.2084 1.5278 -1.7438
v 0.2492 0.7210 -1.6943
v -0.2678 2.0687 -1.7041
v 0.2788 1.9808 -1.7022
v 0.2682 1.1909 -1.7205
v 0.2682 2.0830 -1.7005
v -0.2730 1.9909 -1.7085
v 0.2733 0.5798 -1.7177
v 0.2679 1.5325 -1.7103
v 0.2592 1.3219 -1.7219
v 0.2726 0.6854 -1.7156
v 0.2708 0.7717 -1.6956
v 0.2679 1.2721 -1.7112
v 0.2741 0.0160 -1.7035
v 0.2772 0.6202 -1.7219
v 0.2714 0.1274 -1.7105
v -0.2666 1.5684 -1.6879
v -0.2477 2.0932 -1.6936
v 0.2620 1.9591 -1.6913
v -0.1543 0.0015 -1.7037
v -0.1553 0.0016 -1.7067
v -0.1542 0.0016 -1.7034
v -0.1529 0.0015 -1.6995
v 0.0495 0.0150 -1.4714
v 0.0334 0.0464 -1.4565
v 0.0482 0.0507 -1.5023
v 0.0415 0.0174 -1.5110
v 0.0725 0.0813 -1.5202
v 0.0752 0.0857 -1.4662
v 0.0416 0.0848 -1.5505
v -0.1772 0.7985 -1.2266
v -0.1776 0.7985 -1.2267
v -0.1772 0.7985 -1.2266
v -0.1769 0.7985 -1.2266
v -0.1769 0.7985 -1.2266
v -0.1766 0.7985 -1.2266
v -0.1776 0.7986 -1.2267
v -0.1778 0.7986 -1.2267
v -0.1768 0.7996 -1.2266
v -0.1779 0.7986 -1.2267
v -0.1773 0.8012 -1.2266
v -0.1775 0.8017 -1.2266
v -0.1778 0.7986 -1.2267
v -0.1776 0.7986 -1.2267
v -0.1776 0.7985 -1.2267
v -0.1778 0.7986 -1.2267
v -0.1779 0.7986 -1.2267
v -0.1775 0.8017 -1.2266
v -0.1768 0.7996 -1.2266
v -0.1776 0.7985 -1.2267
v -0.1772 0.7985 -1.2266
v -0.1778 0.7986 -1.2267
v -0.1769 0.7985 -1.2266
v -0.1766 0.7985 -1.2266
v -0.1773 0.8012 -1.2266
v -0.1776 0.8021 -1.2266
v -0.1775 0.8017 -1.2266
v -0.1776 0.8022 -1.2266
v -0.1777 0.8026 -1.2266
v -0.1786 0.8056 -1.2267
v -0.1780 0.8034 -1.2267
v -0.1799 0.7987 -1.2268
v -0.1790 0.7986 -1.2267
v -0.1777 0.8026 -1.2266
v -0.1778 0.8029 -1.2267
v -0.1786 0.8056 -1.2267
v -0.1799 0.7987 -1.2268
v -0.1780 0.8034 -1.2267
v -0.1773 0.8012 -1.2266
v -0.1776 0.8021 -1.2266
v -0.1799 0.7987 -1.2268
v -0.1773 0.8012 -1.2266
v -0.1790 0.7986 -1.2267
v -0.1778 0.7986 -1.2267
v -0.2403 0.9961 -1.2338
v -0.2670 0.9946 -1.2531
v -0.2457 0.9629 -1.2236
v -0.2768 0.9287 -1.2553
v -0.2486 0.8781 -1.2472
v -0.2457 1.0287 -1.2283
v -0.2754 1.1025 -1.2473
v -0.2435 1.1238 -1.2317
v -0.2788 1.1239 -1.2622
v -0.2425 1.1626 -1.2473
v -0.2735 0.8857 -1.3022
v -0.2783 0.8384 -1.2543
v -0.2647 0.8303 -1.2310
v -0.2674 0.7534 -1.2367
v -0.2693 1.1579 -1.2981
v -0.1777 0.8026 -1.2266
v -0.1776 0.8022 -1.2266
v -0.1777 0.8026 -1.2266
v -0.1776 0.8021 -1.2266
v -0.1778 0.8029 -1.2267
v -0.1780 0.8034 -1.2267
v -0.1799 0.7987 -1.2268
v -0.1775 0.8017 -1.2266
v -0.1790 0.7986 -1.2267
v -0.1799 0.7987 -1.2268
v -0.1775 0.8017 -1.2266
v -0.1778 0.7986 -1.2267
v -0.1786 0.8056 -1.2267
v -0.1777 0.8026 -1.2266
v -0.1799 0.7987 -1.2268
v 0.2643 0.7149 -1.5493
v 0.2574 0.7096 -1.4723
v 0.2791 0.6794 -1.4943
v 0.2787 0.6822 -1.6364
v 0.2657 0.7152 -1.6198
v 0.2492 0.7210 -1.6943
v 0.2726 0.6854 -1.7156
v 0.2523 0.7034 -1.7263
v 0.2766 0.6161 -1.4695
v 0.2565 0.6847 -1.3770
v 0.2755 0.6515 -1.3734
v 0.2700 0.7060 -1.3198
v 0.2795 0.6801 -1.3063
v 0.2694 0.6656 -1.2400
v 0.2479 0.7079 -1.2424
v 0.1897 0.7225 -1.7172
v 0.2492 0.7210 -1.6943
v 0.2523 0.7034 -1.7263
v 0.0398 1.0762 -0.9118
v 0.0801 1.1621 -0.9323
v 0.0713 1.2209 -0.9196
v 0.0706 0.9930 -0.9219
v 0.0382 0.9732 -0.9124
v 0.0621 0.8555 -0.9166
v 0.0805 0.8624 -0.9332
v 0.0787 0.7291 -0.9285
v 0.0815 1.3078 -0.9304
v 0.0442 1.3144 -0.9165
v 0.0818 1.0067 -0.9452
v 0.0783 1.3244 -0.9148
v 0.1168 1.3295 -0.9425
v 0.1131 1.3757 -0.9389
v 0.0766 1.3869 -0.9100
v 0.0796 1.3970 -0.9212
v 0.2718 1.4908 -1.3636
v 0.2696 1.3756 -1.2589
v 0.2709 1.4222 -1.4348
v 0.2651 1.3351 -1.3685
v 0.2657 1.3316 -1.2920
v 0.2684 1.4323 -1.2769
v 0.2722 1.5145 -1.2586
v 0.2638 1.5622 -1.3199
v 0.2745 1.5313 -1.3995
v 0.2628 1.4580 -1.4425
v 0.2624 1.5104 -1.4863
v 0.2488 1.3941 -1.4817
v 0.2713 1.4332 -1.5511
v 0.2710 1.5355 -1.5262
v 0.2679 1.5325 -1.7103
v 0.2724 1.3744 -1.5948
v 0.2716 1.3907 -1.6895
v 0.2625 1.5686 -1.5761
v 0.2496 1.3550 -1.5229
v 0.2413 1.3441 -1.4655
v 0.2526 1.3482 -1.5703
v 0.2577 1.3954 -1.7314
v 0.2733 1.3064 -1.4239
v 0.2733 1.2503 -1.2903
v 0.2727 1.1926 -1.3422
v 0.2722 1.2539 -1.4027
v 0.2748 1.1984 -1.4501
v 0.2723 1.2536 -1.4092
v 0.2633 1.2800 -1.4879
v 0.2665 1.2288 -1.4937
v 0.2636 1.2032 -1.2542
v 0.2678 1.1661 -1.4267
v 0.2729 1.3043 -1.5434
v 0.2710 1.2113 -1.6096
v 0.2652 1.3186 -1.6063
v 0.2679 1.2721 -1.7112
v 0.2682 1.1909 -1.7205
v 0.2592 1.3219 -1.7219
v 0.2728 1.1998 -1.5581
v 0.2590 1.5656 -1.6988
v 0.2678 1.5897 -1.6008
v 0.2606 1.6057 -1.4884
v 0.2712 1.6867 -1.5540
v 0.2699 1.6704 -1.6037
v 0.2677 1.7324 -1.6038
v 0.2718 1.5981 -1.6956
v 0.2673 1.7418 -1.7160
v 0.2580 1.7141 -1.4940
v 0.2512 1.5643 -1.4933
v 0.2627 1.5691 -1.4032
v 0.2701 1.5998 -1.3424
v 0.2562 1.5646 -1.2617
v 0.2726 1.6114 -1.4423
v 0.2725 1.6764 -1.2871
v 0.2750 1.6080 -1.2725
v 0.2717 1.6972 -1.2388
v 0.2721 1.6857 -1.2820
v 0.2741 1.6938 -1.2958
v 0.2724 1.7405 -1.3553
v 0.2720 1.7166 -1.4600
v 0.2602 1.7643 -1.4544
v 0.2459 1.7639 -1.5369
v 0.2553 1.7813 -1.7014
v 0.2576 1.7666 -1.5916
v 0.2533 1.7734 -1.6436
v 0.2611 1.7557 -1.2976
v 0.2736 1.8331 -1.6591
v 0.2644 1.8092 -1.5599
v 0.2727 1.9319 -1.5776
v 0.2643 1.8983 -1.4983
v 0.2690 1.9362 -1.7037
v 0.2703 1.8897 -1.7119
v 0.2763 1.9212 -1.4455
v 0.2603 1.6851 -1.7323
v 0.2598 1.5427 -1.2343
v 0.2502 1.1529 -1.2832
v 0.2684 1.7880 -1.4797
v 0.2731 1.7960 -1.3776
v 0.2750 1.9435 -1.3582
v 0.2708 1.8671 -1.2604
v 0.2688 1.9601 -1.2899
v 0.2625 1.7844 -1.2369
v 0.2596 1.9281 -1.2334
v 0.2592 1.7680 -1.3824
v 0.2580 1.9582 -1.4568
v 0.2515 1.2522 -1.2434
v 0.2488 1.3441 -1.6864
v 0.2524 1.6062 -1.7355
v 0.2513 1.5662 -1.7208
v 0.2598 1.8761 -1.2386
v 0.2578 1.9590 -1.6169
v 0.2620 1.9591 -1.6913
v 0.2380 1.4485 -1.2235
v 0.2513 1.9583 -1.2436
v 0.2638 1.9598 -1.3595
v 0.2542 1.1650 -1.3460
v 0.2390 1.5688 -1.2306
v 0.2745 1.1409 -1.3686
v 0.2754 1.1317 -1.4755
v 0.2767 1.0458 -1.3905
v 0.2676 1.1177 -1.2796
v 0.2665 1.0213 -1.4931
v 0.2605 1.0212 -1.3280
v 0.2589 0.9943 -1.3833
v 0.2530 1.1122 -1.5348
v 0.2501 1.0833 -1.2522
v 0.2370 0.9947 -1.2617
v 0.2521 0.9939 -1.3491
v 0.2702 0.9753 -1.4186
v 0.2797 0.9237 -1.3011
v 0.2748 0.8753 -1.4155
v 0.2776 0.8223 -1.2485
v 0.2799 0.7410 -1.4389
v 0.2797 0.7397 -1.3014
v 0.2752 0.8009 -1.4834
v 0.2700 0.7060 -1.3198
v 0.2499 0.9868 -1.4649
v 0.2730 0.9242 -1.5141
v 0.2505 1.0042 -1.5129
v 0.2629 0.8463 -1.4780
v 0.2694 0.8858 -1.5298
v 0.2751 0.7675 -1.5532
v 0.2698 0.8970 -1.6273
v 0.2708 0.7717 -1.6956
v 0.2657 0.7152 -1.6198
v 0.2643 0.7149 -1.5493
v 0.2574 0.7096 -1.4723
v 0.2631 0.8678 -1.6730
v 0.2702 0.9481 -1.6745
v 0.2608 0.9823 -1.6467
v 0.2575 0.9293 -1.7161
v 0.2508 0.9996 -1.5633
v 0.2467 0.9616 -1.6020
v 0.2681 1.0312 -1.6049
v 0.2564 1.0102 -1.7089
v 0.2626 1.1196 -1.7043
v 0.2684 1.1069 -1.5893
v 0.2541 1.1576 -1.6744
v 0.2599 1.1654 -1.6008
v 0.2420 1.1605 -1.5209
v 0.2565 0.6847 -1.3770
v 0.2479 0.7079 -1.2424
v 0.2492 0.7210 -1.6943
v 0.2433 0.9798 -1.7102
v 0.2343 0.9664 -1.2342
v 0.2622 0.8667 -1.2405
v 0.2418 1.3527 -1.2299
v 0.2390 1.9595 -1.4883
v 0.2403 1.9604 -1.5492
v 0.2410 1.1211 -1.2358
v 0.2286 1.1594 -1.2494
v 0.2264 1.3152 -1.2406
v 0.2512 1.9006 -1.7328
v 0.2556 1.7122 -1.2278
v 0.2378 1.7531 -1.2450
v 0.2301 1.3537 -1.7206
v 0.2173 1.9623 -1.7290
v 0.2359 1.6472 -1.2197
v 0.2725 1.6764 -1.2871
v 0.2583 1.6798 -1.3093
v 0.2721 1.6857 -1.2820
v -0.2455 0.9747 -1.7324
v -0.2637 0.9165 -1.7236
v -0.2632 0.9822 -1.7199
v -0.2484 1.0509 -1.7411
v -0.2769 1.1076 -1.7209
v -0.2416 1.1111 -1.7450
v -0.2662 1.1424 -1.7192
v -0.2789 1.0225 -1.7000
v -0.2819 1.1356 -1.6954
v -0.2807 1.2318 -1.7224
v -0.2481 1.2056 -1.7342
v -0.2565 1.3168 -1.7339
v -0.2855 1.3167 -1.7095
v -0.2585 1.3499 -1.7180
v -0.2211 1.1636 -1.7336
v -0.1820 0.9456 -1.7462
v -0.1550 0.8789 -1.7437
v -0.2401 0.8693 -1.7178
v -0.1618 0.8406 -1.7300
v -0.0958 0.8411 -1.7420
v -0.2719 0.8718 -1.6895
v -0.2388 0.8293 -1.7362
v -0.2779 0.8379 -1.7039
v -0.2757 0.7647 -1.7118
v -0.2306 0.7201 -1.7350
v -0.2640 0.7258 -1.7046
v -0.2706 0.6793 -1.7255
v -0.2532 0.6522 -1.7427
v -0.2832 0.6136 -1.7139
v -0.2319 0.5804 -1.7480
v -0.2593 0.4736 -1.7408
v -0.2820 0.7240 -1.6647
v 0.2571 0.4487 -1.7053
v 0.2746 0.4182 -1.7172
v 0.2509 0.4192 -1.7404
v 0.2273 0.4478 -1.7311
v 0.2518 0.3600 -1.7435
v 0.2753 0.3194 -1.7210
v 0.2678 0.4756 -1.7337
v 0.2712 0.4386 -1.6052
v -0.2614 0.9688 -1.6507
v -0.2623 0.9561 -1.6086
v -0.2706 0.9462 -1.6347
v -0.2586 0.9834 -1.6390
v -0.2579 0.9876 -1.6380
v -0.2570 0.9788 -1.6656
v -0.2655 0.9252 -1.6569
v -0.2631 0.9092 -1.6394
v -0.2640 0.9326 -1.6100
v -0.2648 0.8984 -1.5713
v -0.2776 0.9563 -1.6164
v -0.2623 0.9561 -1.6086
v -0.2640 0.9326 -1.6100
v -0.2787 0.9325 -1.6210
v -0.2570 0.9788 -1.6656
v -0.2566 0.9802 -1.6684
v -0.2565 0.9797 -1.6694
v -0.2564 0.9792 -1.6722
v -0.2564 0.9790 -1.6727
v -0.2562 0.9783 -1.6759
v -0.2614 0.9688 -1.6507
v -0.2655 0.9252 -1.6569
v -0.2598 0.9697 -1.6451
v -0.2631 0.9092 -1.6394
v -0.2623 0.9561 -1.6086
v -0.2648 0.8984 -1.5713
v -0.2579 0.9876 -1.6380
v -0.2570 0.9788 -1.6656
v -0.2570 0.9769 -1.6703
v -0.2565 0.9797 -1.6694
v -0.2564 0.9790 -1.6727
v -0.2562 0.9783 -1.6759
v -0.2614 0.9688 -1.6507
v -0.2598 0.9697 -1.6451
v -0.2586 0.9834 -1.6390
v -0.2566 0.9802 -1.6684
v -0.2570 0.9788 -1.6656
v -0.2586 0.9834 -1.6390
v -0.2706 0.9462 -1.6347
v -0.2824 0.9349 -1.6544
v -0.2787 0.9325 -1.6210
v -0.2640 0.9326 -1.6100
v -0.2741 0.9898 -1.6192
v -0.2623 0.9561 -1.6086
v -0.2776 0.9563 -1.6164
v -0.2706 0.9462 -1.6347
v 0.2397 1.0147 -1.7334
v 0.2564 1.0102 -1.7089
v 0.2433 0.9798 -1.7102
v 0.2626 1.1196 -1.7043
v 0.2355 1.0914 -1.7313
v 0.2280 1.1513 -1.7202
v 0.1633 1.1359 -1.7477
v 0.2048 0.9810 -1.7335
v 0.2241 0.9017 -1.7394
v 0.2575 0.9293 -1.7161
v 0.2631 0.8678 -1.6730
v 0.2291 0.8498 -1.7039
v 0.2438 0.8001 -1.7250
v 0.2708 0.7717 -1.6956
v 0.1682 0.8288 -1.7238
v 0.2541 1.1576 -1.6744
v 0.2608 0.9823 -1.6467
v -0.1074 1.0011 0.0693
v -0.1002 1.0026 0.0748
v -0.1078 0.9975 0.0726
v -0.1046 0.9920 0.0869
v -0.1014 0.9750 0.1163
v -0.1068 0.9842 0.0971
v -0.1078 0.9737 0.1123
v -0.1100 1.0117 0.0423
v -0.1077 1.0137 0.0490
v -0.1100 0.9895 0.0694
v -0.0781 0.9682 0.1253
v -0.0575 1.0040 0.0725
v -0.0013 0.9909 0.0807
v -0.0304 0.9568 0.1334
v -0.0427 1.0157 0.0545
v -0.0155 1.0021 0.0666
v -0.0021 0.9958 0.0718
v -0.0193 1.0147 0.0521
v -0.0107 0.9505 0.1318
v 0.0032 0.9746 0.1105
v -0.1074 1.0011 0.0693
v -0.1046 0.9920 0.0869
v -0.1068 0.9842 0.0971
v 0.0074 0.9765 0.0765
v -0.0013 0.9909 0.0807
v -0.0021 0.9958 0.0718
v 0.0032 0.9746 0.1105
v -0.0024 0.9831 0.0623
v -0.0193 1.0147 0.0521
v -0.1077 1.0137 0.0490
v -0.1100 0.9895 0.0694
v -0.1074 1.0011 0.0693
v -0.1100 1.0117 0.0423
v -0.1046 0.9920 0.0869
v -0.0024 0.9831 0.0623
v -0.0193 1.0147 0.0521
v -0.0065 0.9506 0.0803
v -0.0575 1.0040 0.0725
v -0.0427 1.0157 0.0545
v 0.0074 0.9765 0.0765
v 0.0075 0.9559 0.0744
v -0.0546 1.1124 -0.5138
v -0.0442 0.9739 -0.4148
v -0.0445 1.1254 -0.3996
v -0.0535 0.9809 -0.5455
v -0.0391 1.0202 -0.3730
v -0.0613 1.1171 -0.6788
v -0.0611 0.9846 -0.7263
v -0.0673 1.1186 -0.8255
v -0.0650 0.9769 -0.8300
v -0.0726 1.1067 -0.9135
v -0.0646 0.9733 -0.9069
v -0.0418 0.9767 -0.3757
v -0.0398 0.9921 -0.3299
v -0.0401 1.1159 -0.2968
v -0.0337 1.0215 -0.2421
v -0.0384 0.9812 -0.2775
v -0.0276 1.0040 -0.2240
v -0.0540 1.1276 -0.6087
v -0.0438 1.0934 -0.2659
v -0.0364 1.0630 -0.2273
v -0.0318 1.0162 -0.2179
v -0.0326 1.0152 -0.1725
v -0.0312 0.9855 -0.1684
v -0.0159 0.9786 -0.1221
v -0.0227 0.9773 -0.2393
v -0.0701 0.9802 -0.9146
v -0.0357 1.1332 -0.4667
v -0.0282 1.1342 -0.3264
v -0.0398 0.9921 -0.3299
v -0.0313 0.9925 -0.3803
v -0.0418 0.9767 -0.3757
v 0.0220 0.9967 -0.4431
v -0.0124 0.9958 -0.2649
v 0.0476 0.9952 -0.2736
v -0.0090 0.9970 -0.3744
v 0.0560 0.9911 -0.1937
v 0.0584 0.9931 -0.2348
v -0.0091 0.9945 -0.1846
v 0.0421 0.9913 -0.1709
v 0.0608 0.9900 -0.1241
v 0.0622 0.9917 -0.2020
v -0.0008 0.9979 -0.4115
v -0.0270 0.9939 -0.4647
v -0.0130 0.9961 -0.4260
v 0.0050 0.9954 -0.4605
v 0.0165 0.9961 -0.4670
v -0.0313 0.9925 -0.3803
v -0.0279 0.9955 -0.4112
v -0.0255 0.9911 -0.3237
v -0.0398 0.9921 -0.3299
v 0.0554 1.0017 -0.3595
v 0.0534 1.0015 -0.4163
v 0.0475 0.9971 -0.4460
v 0.0602 0.9999 -0.2933
v 0.0575 0.9957 -0.2497
v -0.0244 0.9962 -0.4690
v 0.0221 0.9961 -0.4707
v -0.0276 1.0040 -0.2240
v -0.0216 1.0511 -0.2523
v -0.0255 0.9911 -0.3237
v -0.0248 1.0459 -0.3075
v -0.0220 1.0167 -0.2466
v -0.0250 1.0513 -0.3297
v -0.0180 1.0192 -0.2014
v -0.0196 1.0455 -0.2300
v -0.0299 1.0150 -0.3431
v -0.0391 1.0202 -0.3730
v -0.0291 1.0402 -0.3967
v -0.0276 1.0573 -0.3474
v -0.0124 0.9958 -0.2649
v -0.0276 1.0040 -0.2240
v -0.0220 1.0167 -0.2466
v -0.0337 1.0215 -0.2421
v -0.0276 1.0040 -0.2240
v 0.0620 1.0412 -0.2381
v 0.0611 1.0643 -0.2575
v 0.0612 1.0046 -0.2698
v 0.0592 1.0450 -0.3009
v 0.0602 0.9999 -0.2933
v 0.0591 1.1007 -0.2931
v 0.0627 1.0012 -0.2322
v 0.0571 1.0712 -0.3167
v 0.0554 1.0017 -0.3595
v 0.0542 1.0527 -0.4139
v 0.0534 1.0015 -0.4163
v 0.0523 1.0248 -0.4408
v 0.0543 1.0701 -0.3923
v 0.0532 1.1160 -0.3472
v 0.0508 1.0043 -0.4503
v 0.0577 1.1138 -0.3007
v 0.0655 0.9976 -0.2143
v 0.0670 1.0330 -0.2015
v 0.0659 0.9972 -0.1935
v 0.0708 1.0469 -0.1958
v 0.0676 1.0446 -0.1820
v 0.0668 0.9935 -0.1662
v 0.0684 1.0461 -0.1488
v 0.0682 1.0644 -0.1710
v 0.0575 0.9957 -0.2497
v 0.0584 0.9931 -0.2348
v 0.0622 0.9917 -0.2020
v 0.0475 0.9971 -0.4460
v 0.0685 1.0475 -0.1493
v 0.0674 1.0575 -0.1713
v 0.0684 1.0461 -0.1488
v 0.0683 1.0435 -0.1455
v 0.0668 0.9935 -0.1662
v 0.0683 1.0003 -0.1295
v 0.0560 0.9911 -0.1937
v 0.0608 0.9900 -0.1241
v 0.0659 0.9972 -0.1935
v 0.0622 0.9917 -0.2020
v 0.0654 0.9847 -0.3671
v 0.0549 0.9812 -0.4746
v 0.0704 0.9922 -0.3689
v 0.0765 0.9889 -0.2756
v 0.0648 1.0000 -0.4688
v 0.0561 0.9836 -0.5774
v 0.0636 0.9786 -0.2433
v 0.0779 0.9760 -0.2233
v 0.0683 1.0003 -0.1295
v 0.0676 1.0446 -0.1820
v 0.0683 1.0435 -0.1455
v 0.0685 1.0475 -0.1493
v 0.0674 1.0575 -0.1713
v 0.0682 1.0644 -0.1710
v 0.0421 0.9913 -0.1709
v 0.0708 1.0469 -0.1958
v 0.0608 0.9900 -0.1241
v 0.0670 1.0330 -0.2015
v 0.0674 1.0575 -0.1713
v 0.0682 1.0644 -0.1710
v 0.0684 1.0461 -0.1488
v -0.0091 0.9945 -0.1846
v -0.0276 1.0040 -0.2240
v -0.0180 1.0192 -0.2014
v -0.0318 1.0162 -0.2179
v -0.0216 1.0511 -0.2523
v -0.0248 1.0459 -0.3075
v 0.0611 1.0643 -0.2575
v 0.0571 1.0712 -0.3167
v -0.0250 1.0513 -0.3297
v 0.0549 1.0754 -0.3535
v -0.0276 1.0573 -0.3474
v 0.0543 1.0701 -0.3923
v -0.0291 1.0402 -0.3967
v 0.0620 1.0412 -0.2381
v -0.0196 1.0455 -0.2300
v 0.0670 1.0330 -0.2015
v -0.0091 0.9945 -0.1846
v 0.0421 0.9913 -0.1709
v -0.0180 1.0192 -0.2014
v -0.0318 1.0162 -0.2179
v -0.0220 1.0167 -0.2466
v -0.0180 1.0192 -0.2014
v -0.0337 1.0215 -0.2421
v 0.0033 1.2531 -0.2434
v 0.0053 1.2004 -0.1823
v 0.0049 1.1733 -0.3508
v 0.0070 1.1329 -0.1683
v 0.0072 1.3014 -0.4133
v 0.0030 1.2993 -0.2851
v 0.0026 1.2142 -0.4101
v 0.0053 1.2621 -0.4709
v 0.0026 1.1326 -0.3003
v 0.0157 1.3011 -0.4938
v -0.0051 1.1883 -0.1435
v 0.0020 1.1316 -0.0744
v -0.0031 1.2263 -0.1977
v -0.0074 1.2770 -0.2631
v -0.0065 1.7091 -0.2794
v -0.0267 1.7325 -0.3604
v -0.0053 1.7069 -0.3762
v -0.0123 1.7140 -0.1807
v -0.0205 1.7155 -0.4649
v -0.0311 1.7316 -0.5005
v -0.0304 1.7322 -0.5970
v -0.0180 1.7204 -0.6632
v -0.0337 1.7399 -0.8287
v -0.0151 1.7236 -0.8136
v 0.0084 1.7085 -0.1469
v -0.0095 1.7166 0.0164
v 0.0070 1.7032 -0.0109
v 0.0252 1.7164 0.0191
v 0.0827 1.7307 -0.5098
v 0.0707 1.7180 -0.5110
v 0.0707 1.7225 -0.6778
v 0.0788 1.7344 -0.7136
v 0.0751 1.7131 -0.3994
v 0.0585 1.7284 -0.8564
v 0.0856 1.7218 -0.4084
v 0.0754 1.7142 -0.2959
v 0.0882 1.7224 -0.2410
v 0.0892 1.7129 -0.1567
v 0.0720 1.7313 -0.8333
v 0.0520 1.7338 -0.8874
v 0.0715 1.7290 -0.9214
v 0.0137 1.7328 -0.8897
v 0.0123 1.7273 -0.9156
v -0.0299 1.0150 -0.3431
v -0.0398 0.9921 -0.3299
v -0.0391 1.0202 -0.3730
v -0.0255 0.9911 -0.3237
v -0.0313 0.9925 -0.3803
v -0.0291 1.0402 -0.3967
v -0.0391 1.0202 -0.3730
v -0.0279 0.9955 -0.4112
v -0.0418 0.9767 -0.3757
v 0.0542 1.0527 -0.4139
v -0.0130 0.9961 -0.4260
v 0.0523 1.0248 -0.4408
v 0.0220 0.9967 -0.4431
v 0.0543 1.0701 -0.3923
v 0.0475 0.9971 -0.4460
v 0.0508 1.0043 -0.4503
v 0.0532 1.1160 -0.3472
v 0.0571 1.0712 -0.3167
v 0.0549 1.0754 -0.3535
v 0.0543 1.0701 -0.3923
v 0.0591 1.1007 -0.2931
v 0.0611 1.0643 -0.2575
v 0.0571 1.0712 -0.3167
v 0.0577 1.1138 -0.3007
v 0.0165 0.9961 -0.4670
v 0.0167 0.9959 -0.4674
v 0.0221 0.9961 -0.4707
v 0.0167 0.9959 -0.4674
v 0.0050 0.9954 -0.4605
v -0.0244 0.9962 -0.4690
v 0.0221 0.9961 -0.4707
v -0.0130 0.9961 -0.4260
v 0.0220 0.9967 -0.4431
v -0.0270 0.9939 -0.4647
v 0.0165 0.9961 -0.4670
v 0.1139 1.3802 -0.3404
v 0.0841 1.4060 -0.3593
v 0.0882 1.3867 -0.3270
v 0.1127 1.3854 -0.3670
v 0.0831 1.3497 -0.3242
v 0.0789 1.3607 -0.4040
v 0.0841 1.4060 -0.3593
v 0.1127 1.3854 -0.3670
v -0.0605 1.4377 -0.7828
v -0.0508 1.3037 -0.7565
v -0.0492 1.3151 -0.6712
v -0.0519 1.4295 -0.6911
v -0.0474 1.3949 -0.6445
v -0.0456 1.3663 -0.6129
v -0.0428 1.3102 -0.5962
v -0.0623 1.3094 -0.8535
v -0.0686 1.3971 -0.9166
v -0.0647 1.3007 -0.9183
v -0.0679 1.4514 -0.9171
v -0.0420 1.3151 -0.5519
v -0.0459 1.4516 -0.7208
v -0.0516 1.4511 -0.7888
v -0.0592 1.4512 -0.9095
v -0.0398 1.3029 -0.6748
v -0.0141 1.3003 -0.5367
v 0.0106 1.6566 -0.7550
v 0.0128 1.5707 -0.6679
v 0.0093 1.5112 -0.7562
v 0.0118 1.4558 -0.6815
v 0.0091 1.5770 -0.8593
v 0.0092 1.6144 -0.9109
v 0.0129 1.7273 -0.8385
v 0.0137 1.7328 -0.8897
v 0.0118 1.5143 -0.5880
v 0.0123 1.7273 -0.9156
v 0.0055 1.4561 -0.4915
v 0.0185 1.7418 -0.8480
v 0.0063 1.5529 -0.6154
v 0.0049 1.6036 -0.6753
v 0.0055 1.5025 -0.5523
v 0.0190 1.7434 -0.8980
v -0.0047 1.4981 -0.7733
v 0.0014 1.5331 -0.8110
v -0.0045 1.4550 -0.7259
v -0.0010 1.5985 -0.9118
v 0.0167 1.6319 -0.9179
v -0.0151 1.7236 -0.8136
v 0.0030 1.6893 -0.7808
v -0.0065 1.6354 -0.7054
v -0.0192 1.8149 -0.6167
v -0.0191 1.7996 -0.6304
v -0.0190 1.8080 -0.5870
v -0.0189 1.7897 -0.6353
v -0.0186 1.7849 -0.5862
v -0.0187 1.7978 -0.5658
v -0.0191 1.8423 -0.5402
v -0.0191 1.8338 -0.5637
v -0.0193 1.8403 -0.5737
v -0.0192 1.8382 -0.5671
v -0.0192 1.8363 -0.5648
v -0.0193 1.8410 -0.5662
v -0.0205 1.7858 -0.7162
v -0.0185 1.7686 -0.7389
v -0.0159 1.7406 -0.7092
v -0.0176 1.7413 -0.7087
v -0.0147 1.7401 -0.6915
v -0.0167 1.7431 -0.7196
v -0.0188 1.7811 -0.6326
v -0.0189 1.7897 -0.6353
v -0.0192 1.8149 -0.6167
v -0.0205 1.7858 -0.7162
v 0.0585 1.7284 -0.8564
v 0.0129 1.7273 -0.8385
v 0.0185 1.7418 -0.8480
v 0.0545 1.7431 -0.8522
v 0.0545 1.7431 -0.8522
v 0.0559 1.7448 -0.9001
v 0.0585 1.7284 -0.8564
v 0.0559 1.7448 -0.9001
v 0.0137 1.7328 -0.8897
v 0.0520 1.7338 -0.8874
v 0.0190 1.7434 -0.8980
v 0.0585 1.7284 -0.8564
v -0.0192 1.8363 -0.5648
v -0.0190 1.7967 -0.5758
v -0.0190 1.8080 -0.5870
v -0.0193 1.8403 -0.5737
v -0.0187 1.7978 -0.5658
v -0.0191 1.8423 -0.5402
v -0.0193 1.8382 -0.5671
v -0.0193 1.8410 -0.5662
v -0.0192 1.8149 -0.6167
v -0.0186 1.7849 -0.5862
v -0.0189 1.7897 -0.6353
v -0.0193 1.8382 -0.5671
v -0.0192 1.8382 -0.5671
v -0.0192 1.8363 -0.5648
v -0.0193 1.8410 -0.5662
v -0.0205 1.7858 -0.7162
v -0.0191 1.7996 -0.6304
v -0.0176 1.7413 -0.7087
v -0.0188 1.7811 -0.6326
v -0.0203 1.7866 -0.7300
v -0.0192 1.8149 -0.6167
v -0.0167 1.7431 -0.7196
v -0.0185 1.7686 -0.7389
v -0.0340 1.7895 -0.6870
v -0.0205 1.7858 -0.7162
v -0.0203 1.7866 -0.7300
v -0.0172 1.7456 -0.7028
v -0.0159 1.7406 -0.7092
v -0.0167 1.7431 -0.7196
v -0.0147 1.7401 -0.6915
v -0.0176 1.7413 -0.7087
v -0.0147 1.7401 -0.6915
v -0.0172 1.7456 -0.7028
v -0.0167 1.7431 -0.7196
v -0.0312 1.7850 -0.7112
v -0.0185 1.7686 -0.7389
v -0.0205 1.7858 -0.7162
v -0.0338 1.7992 -0.7421
v -0.0312 1.7850 -0.7112
v -0.0205 1.7858 -0.7162
v -0.0185 1.7686 -0.7389
v -0.0312 1.7850 -0.7112
v -0.0203 1.7866 -0.7300
v -0.0340 1.7895 -0.6870
v -0.0199 1.8324 -0.8618
v -0.0197 1.7671 -0.8942
v -0.0214 1.7829 -0.9078
v -0.0191 1.7717 -0.8321
v -0.0216 1.8404 -0.9195
v -0.0224 1.7996 -0.9250
v -0.0167 1.7436 -0.8239
v -0.0069 1.7483 -0.9039
v 0.0185 1.7418 -0.8480
v -0.0069 1.7483 -0.9039
v -0.0167 1.7436 -0.8239
v 0.0009 1.7421 -0.8242
v 0.0190 1.7434 -0.8980
v 0.0190 1.7434 -0.8980
v -0.0055 1.7459 -0.8552
v -0.0069 1.7483 -0.9039
v 0.0559 1.7448 -0.9001
v 0.0185 1.7418 -0.8480
v 0.0545 1.7431 -0.8522
v 0.0009 1.7421 -0.8242
v -0.0335 1.7660 -0.8912
v -0.0191 1.7717 -0.8321
v -0.0191 1.7717 -0.8321
v 0.0009 1.7421 -0.8242
v -0.0167 1.7436 -0.8239
v -0.0965 1.7634 -0.8963
v -0.0936 1.7665 -0.8890
v -0.1031 1.7418 -0.8927
v -0.1031 1.7418 -0.8927
v -0.0936 1.7665 -0.8890
v -0.0965 1.7634 -0.8963
v -0.0535 1.7801 -0.9112
v -0.0216 1.8404 -0.9195
v -0.0795 1.7844 -0.9299
v -0.0302 1.8780 -0.9299
v -0.1091 1.8600 -0.9695
v -0.0199 1.8324 -0.8618
v -0.0335 1.7660 -0.8912
v -0.0191 1.7717 -0.8321
v -0.1071 1.8423 -1.0033
v -0.1050 1.7656 -1.0048
v -0.1044 1.7552 -0.9507
v -0.0882 1.7747 -0.9277
v -0.0535 1.7801 -0.9112
v -0.0330 1.7847 -0.9244
v -0.0335 1.7660 -0.8912
v -0.0197 1.7671 -0.8942
v -0.0795 1.7844 -0.9299
v -0.0197 1.7671 -0.8942
v -0.0069 1.7483 -0.9039
v -0.0335 1.7660 -0.8912
v -0.0701 0.9802 -0.9146
v -0.0023 0.9539 -0.9177
v -0.0646 0.9733 -0.9069
v -0.1072 1.5929 -1.0325
v -0.1183 1.5636 -1.0208
v -0.1181 1.6568 -1.0239
v -0.1070 1.4900 -1.0326
v -0.1188 1.3590 -1.0135
v -0.1015 1.2154 -1.0321
v -0.1167 1.1624 -1.0208
v -0.0931 1.0319 -1.0327
v -0.0991 1.7351 -1.0335
v -0.1207 1.8712 -1.0215
v -0.0982 1.8986 -1.0337
v -0.0924 1.9392 -1.0205
v -0.0370 1.9617 -1.0336
v -0.0608 1.9709 -1.0074
v 0.0118 1.3924 -1.0367
v 0.0253 1.3195 -1.0660
v 0.0090 1.3217 -1.0352
v 0.0279 1.3909 -1.0667
v 0.0814 1.3175 -1.0666
v 0.0501 1.3014 -1.0354
v 0.0253 1.3195 -1.0660
v 0.0771 1.3054 -1.0289
v 0.0090 1.3217 -1.0352
v -0.0230 1.3166 -1.2296
v 0.0322 1.3144 -1.1888
v -0.0261 1.3161 -1.1786
v 0.0330 1.3173 -1.2301
v 0.0031 1.3188 -1.1695
v -0.0400 1.3231 -1.2076
v 0.0354 1.6486 -1.2188
v 0.0317 1.5263 -1.1885
v 0.0363 1.5860 -1.2178
v 0.0349 1.4301 -1.1968
v 0.0292 1.7217 -1.1838
v 0.0349 1.8284 -1.1928
v 0.0336 1.7439 -1.2243
v 0.0331 1.7702 -1.2276
v 0.0324 1.8239 -1.2195
v 0.0315 1.4511 -1.2233
v 0.0334 1.3654 -1.2257
v 0.0322 1.3144 -1.1888
v 0.0330 1.3173 -1.2301
v 0.0162 1.4496 -1.1742
v 0.0154 1.5399 -1.1742
v 0.0027 1.8246 -1.1692
v 0.0031 1.3188 -1.1695
v 0.0003 1.6823 -1.1687
v -0.0282 1.4979 -1.2199
v -0.0358 1.4470 -1.2118
v -0.0362 1.5846 -1.2125
v -0.0119 1.4491 -1.2281
v -0.0114 1.5512 -1.2292
v -0.0155 1.6401 -1.2271
v -0.0192 1.3887 -1.2277
v -0.0227 1.7173 -1.2275
v -0.0326 1.3325 -1.2322
v -0.0396 1.8215 -1.2040
v -0.0204 1.7613 -1.2313
v -0.0400 1.3231 -1.2076
v -0.0230 1.3166 -1.2296
v 0.1042 1.3226 -0.9856
v 0.0771 1.3054 -1.0289
v 0.0947 1.3174 -1.0162
v 0.0815 1.3078 -0.9304
v 0.1168 1.3295 -0.9425
v 0.0814 1.3175 -1.0666
v 0.0999 1.3388 -1.0460
v 0.1127 1.3396 -0.9805
v 0.1093 1.3831 -0.9948
v 0.1131 1.3757 -0.9389
v 0.1669 1.3217 -0.9926
v 0.1261 1.3131 -1.0174
v 0.1910 1.3240 -1.0423
v 0.1042 1.3226 -0.9856
v 0.0947 1.3174 -1.0162
v 0.1326 1.3467 -0.9667
v 0.1955 1.3485 -0.9661
v 0.1967 1.3150 -0.9874
v 0.1973 1.3095 -1.0225
v 0.1218 1.3747 -0.9842
v 0.1093 1.3831 -0.9948
v 0.1228 1.3501 -0.9905
v 0.1955 1.3485 -0.9661
v 0.1326 1.3467 -0.9667
v 0.1969 1.3905 -0.9953
v 0.1127 1.3396 -0.9805
v 0.1042 1.3226 -0.9856
v 0.0814 1.3175 -1.0666
v 0.1048 1.3722 -1.0436
v 0.0999 1.3388 -1.0460
v 0.0794 1.3896 -1.0689
v 0.0253 1.3195 -1.0660
v 0.0279 1.3909 -1.0667
v 0.1941 1.3589 -1.0530
v 0.1910 1.3240 -1.0423
v 0.1261 1.3131 -1.0174
v 0.0947 1.3174 -1.0162
v 0.1127 1.3396 -0.9805
v 0.1218 1.3747 -0.9842
v 0.1228 1.3501 -0.9905
v 0.1967 1.3862 -1.0285
v 0.1969 1.3905 -0.9953
v 0.1973 1.3095 -1.0225
v 0.1967 1.3150 -0.9874
v 0.1955 1.3485 -0.9661
v 0.1941 1.3589 -1.0530
v 0.1910 1.3240 -1.0423
v 0.1257 1.3600 -0.9949
v 0.1285 1.3488 -0.9910
v 0.1303 1.3421 -0.9984
v 0.1303 1.3421 -0.9984
v 0.1285 1.3488 -0.9910
v 0.1257 1.3600 -0.9949
v -0.0362 1.5846 -1.2125
v -0.0347 1.5965 -1.1864
v -0.0396 1.8215 -1.2040
v -0.0306 1.4605 -1.1829
v -0.0358 1.4470 -1.2118
v -0.0400 1.3231 -1.2076
v -0.0261 1.3161 -1.1786
v -0.0286 1.8294 -1.1811
v -0.0344 1.8289 -1.2212
v -0.0317 1.7904 -1.2248
v -0.0204 1.7613 -1.2313
v -0.0116 1.5833 -1.1720
v -0.0347 1.5965 -1.1864
v -0.0306 1.4605 -1.1829
v 0.0003 1.6823 -1.1687
v -0.0286 1.8294 -1.1811
v 0.0027 1.8246 -1.1692
v 0.0162 1.4496 -1.1742
v 0.0031 1.3188 -1.1695
v -0.0261 1.3161 -1.1786
v 0.0154 1.5399 -1.1742
v -0.2636 1.4862 -1.2328
v -0.2756 1.4272 -1.2477
v -0.2557 1.3970 -1.2329
v -0.2721 1.3552 -1.2786
v -0.2439 1.3568 -1.2394
v -0.2725 1.5222 -1.2547
v -0.2662 1.5739 -1.2604
v -0.2766 1.3264 -1.2500
v -0.2661 1.3202 -1.2343
v -0.2740 1.2493 -1.2365
v -0.2297 1.5676 -1.2365
v -0.2484 1.6406 -1.2275
v -0.2717 1.6922 -1.2431
v -0.2543 1.7559 -1.2347
v -0.2067 1.5253 -1.2229
v -0.1629 1.5948 -1.2298
v 0.1388 1.3817 -1.0284
v 0.1048 1.3722 -1.0436
v 0.1093 1.3831 -0.9948
v 0.1969 1.3905 -0.9953
v 0.1967 1.3862 -1.0285
v 0.1941 1.3589 -1.0530
v 0.0794 1.3896 -1.0689
v 0.0799 1.4006 -1.0192
v 0.0600 1.4051 -1.0343
v 0.0279 1.3909 -1.0667
v 0.0118 1.3924 -1.0367
v 0.0796 1.3970 -0.9212
v 0.1131 1.3757 -0.9389
v 0.2245 1.6710 -1.2350
v 0.2366 1.6829 -1.2379
v 0.2433 1.6777 -1.2394
v 0.2467 1.6893 -1.2407
v 0.2361 1.6839 -1.2378
v 0.2419 1.7019 -1.2403
v 0.2049 1.6808 -1.2363
v 0.2517 1.6694 -1.2447
v 0.2477 1.6600 -1.2419
v 0.2488 1.6531 -1.2428
v 0.2494 1.6492 -1.2433
v 0.2497 1.6474 -1.2435
v -0.0336 1.9009 -0.9169
v -0.0751 1.8829 -0.9239
v -0.0375 1.8865 -0.9155
v -0.0763 1.8465 -0.9231
v -0.0977 1.8912 -0.9205
v -0.0678 1.9534 -0.9223
v 0.0562 1.9013 -0.9167
v 0.0331 1.9679 -0.9300
v -0.0969 1.9288 -0.9290
v -0.1208 1.8835 -0.9302
v -0.1080 1.8388 -0.9199
v -0.0633 1.9681 -0.9326
v 0.0840 1.9020 -0.9321
v 0.0687 1.8860 -0.9121
v -0.1192 1.7730 -0.9428
v -0.1045 1.7736 -0.9187
v -0.1166 1.6724 -0.9295
v -0.1044 1.7552 -0.9507
v -0.1059 1.8016 -1.0072
v -0.1060 1.8536 -0.9326
v -0.1050 1.7656 -1.0048
v -0.1071 1.8423 -1.0033
v -0.1091 1.8600 -0.9695
v -0.1037 1.8860 -0.9404
v -0.1011 1.7458 -1.0180
v -0.0977 1.8912 -0.9205
v -0.1080 1.8388 -0.9199
v -0.1006 1.8197 -0.9291
v -0.0977 1.7925 -0.9292
v -0.0882 1.7747 -0.9277
v -0.0761 1.8669 -1.0190
v -0.0602 1.7574 -1.0184
v -0.0914 1.8272 -1.0187
v -0.0232 1.8190 -1.0197
v 0.0141 1.8213 -1.0198
v -0.0372 1.8842 -1.0199
v -0.0766 1.9257 -1.0184
v -0.1050 1.7656 -1.0048
v -0.1011 1.7458 -1.0180
v -0.1071 1.8423 -1.0033
v -0.0319 1.8640 -1.0199
v -0.0914 1.8272 -1.0187
v -0.0232 1.8190 -1.0197
v 0.0141 1.8213 -1.0198
v -0.0372 1.8842 -1.0199
v -0.0761 1.8669 -1.0190
v -0.0766 1.9257 -1.0184
v -0.0602 1.7574 -1.0184
v -0.0991 1.7933 -1.0181
v -0.1011 1.7458 -1.0180
v -0.1071 1.8423 -1.0033
v -0.1059 1.8016 -1.0072
v -0.0224 1.7996 -0.9250
v -0.0330 1.7847 -0.9244
v -0.0312 1.7909 -0.9297
v -0.0214 1.7829 -0.9078
v -0.0197 1.7671 -0.8942
v -0.0216 1.8404 -0.9195
v -0.0302 1.8780 -0.9299
v -0.0977 1.7925 -0.9292
v -0.0330 1.7847 -0.9244
v -0.0795 1.7844 -0.9299
v -0.0882 1.7747 -0.9277
v -0.0312 1.7909 -0.9297
v 0.0226 1.7642 -1.2340
v 0.0224 1.7642 -1.2343
v 0.0225 1.7643 -1.2342
v 0.0227 1.7643 -1.2340
v 0.0228 1.7643 -1.2339
v 0.0226 1.7646 -1.2344
v 0.0231 1.7644 -1.2336
v 0.0232 1.7644 -1.2335
v 0.0230 1.7644 -1.2337
v 0.0237 1.7646 -1.2330
v 0.0237 1.7645 -1.2331
v 0.0236 1.7645 -1.2331
v 0.0234 1.7645 -1.2333
v 0.0233 1.7644 -1.2334
v 0.0230 1.7644 -1.2337
v 0.0230 1.7643 -1.2337
v 0.0229 1.7643 -1.2338
v 0.0240 1.7647 -1.2327
v 0.0242 1.7647 -1.2325
v 0.0241 1.7647 -1.2327
v 0.0240 1.7646 -1.2328
v 0.0239 1.7646 -1.2328
v 0.0239 1.7646 -1.2328
v 0.0238 1.7646 -1.2329
v 0.0238 1.7646 -1.2330
v 0.0238 1.7646 -1.2329
v 0.0255 1.7651 -1.2313
v 0.0253 1.7650 -1.2316
v 0.0252 1.7650 -1.2316
v 0.0237 1.7645 -1.2330
v 0.0251 1.7650 -1.2317
v 0.0251 1.7650 -1.2317
v 0.0250 1.7649 -1.2318
v 0.0250 1.7649 -1.2319
v 0.0249 1.7649 -1.2319
v 0.0248 1.7649 -1.2320
v 0.0247 1.7649 -1.2321
v 0.0247 1.7648 -1.2321
v 0.0246 1.7648 -1.2322
v 0.0245 1.7648 -1.2323
v 0.0245 1.7648 -1.2323
v 0.0244 1.7648 -1.2323
v 0.0243 1.7647 -1.2324
v 0.0234 1.7645 -1.2333
v 0.0248 1.7649 -1.2320
v 0.0250 1.7649 -1.2318
v 0.0251 1.7650 -1.2317
v 0.0251 1.7650 -1.2317
v 0.0252 1.7650 -1.2316
v 0.0253 1.7650 -1.2316
v 0.0254 1.7650 -1.2314
v 0.0245 1.7648 -1.2323
v 0.0243 1.7647 -1.2324
v 0.0227 1.7643 -1.2340
v 0.0226 1.7642 -1.2340
v 0.0227 1.7643 -1.2340
v 0.0226 1.7646 -1.2344
v 0.0228 1.7643 -1.2339
v 0.0224 1.7642 -1.2343
v 0.0230 1.7643 -1.2337
v 0.0230 1.7644 -1.2337
v 0.0229 1.7643 -1.2337
v 0.0236 1.7645 -1.2331
v 0.0237 1.7645 -1.2330
v 0.0229 1.7643 -1.2338
v 0.0234 1.7645 -1.2333
v 0.0228 1.7643 -1.2338
v 0.0232 1.7644 -1.2335
v 0.0242 1.7647 -1.2326
v 0.0241 1.7647 -1.2327
v 0.0242 1.7647 -1.2325
v 0.0255 1.7651 -1.2313
v 0.0254 1.7650 -1.2314
v 0.0253 1.7650 -1.2316
v 0.0252 1.7650 -1.2316
v 0.0251 1.7650 -1.2317
v 0.0251 1.7650 -1.2317
v 0.0250 1.7649 -1.2318
v 0.0250 1.7649 -1.2318
v 0.0236 1.7645 -1.2331
v 0.0248 1.7649 -1.2320
v 0.0234 1.7645 -1.2333
v 0.0248 1.7649 -1.2320
v 0.0247 1.7648 -1.2321
v 0.0246 1.7648 -1.2322
v 0.0245 1.7648 -1.2322
v 0.0245 1.7648 -1.2323
v 0.0245 1.7648 -1.2323
v 0.0244 1.7648 -1.2324
v 0.0243 1.7647 -1.2324
v 0.0233 1.7644 -1.2334
v 0.0240 1.7646 -1.2328
v 0.0239 1.7646 -1.2328
v 0.0238 1.7646 -1.2329
v 0.0238 1.7646 -1.2330
v 0.0250 1.7649 -1.2318
v 0.0251 1.7650 -1.2317
v 0.0251 1.7650 -1.2317
v 0.0252 1.7650 -1.2316
v 0.0253 1.7650 -1.2316
v 0.0247 1.7649 -1.2321
v 0.0244 1.7648 -1.2323
v 0.0245 1.7648 -1.2323
v 0.0245 1.7648 -1.2323
v 0.0246 1.7648 -1.2322
v 0.0230 1.7644 -1.2337
v 0.0230 1.7644 -1.2337
v 0.0231 1.7644 -1.2336
v 0.0230 1.7644 -1.2337
v 0.0230 1.7643 -1.2337
v 0.0230 1.7644 -1.2337
v 0.0228 1.7643 -1.2339
v 0.0228 1.7643 -1.2339
v 0.0229 1.7643 -1.2338
v 0.0228 1.7643 -1.2339
v 0.0227 1.7643 -1.2340
v 0.0228 1.7643 -1.2339
v 0.0238 1.7646 -1.2329
v 0.0238 1.7646 -1.2329
v 0.0239 1.7646 -1.2328
v 0.0249 1.7649 -1.2319
v 0.0250 1.7649 -1.2319
v 0.0248 1.7649 -1.2320
v 0.0246 1.7648 -1.2322
v 0.0246 1.7648 -1.2322
v 0.0245 1.7648 -1.2322
v 0.0246 1.7648 -1.2322
v 0.0247 1.7648 -1.2321
v 0.0247 1.7648 -1.2321
v 0.0246 1.7648 -1.2322
v 0.0247 1.7648 -1.2321
v 0.0246 1.7648 -1.2322
v 0.0247 1.7648 -1.2321
v 0.0247 1.7649 -1.2321
v 0.0247 1.7648 -1.2321
v 0.0248 1.7649 -1.2320
v 0.0247 1.7648 -1.2321
v 0.0247 1.7649 -1.2321
v 0.2494 1.6492 -1.2433
v 0.2497 1.6474 -1.2435
v 0.2494 1.6494 -1.2434
v 0.2488 1.6531 -1.2428
v 0.2488 1.6544 -1.2430
v 0.2483 1.6663 -1.2422
v 0.2444 1.6888 -1.2404
v 0.2433 1.6777 -1.2394
v 0.2477 1.6600 -1.2419
v 0.2488 1.6544 -1.2430
v 0.2517 1.6694 -1.2447
v 0.2494 1.6494 -1.2434
v 0.2497 1.6474 -1.2435
v 0.2467 1.6893 -1.2407
v 0.2361 1.6839 -1.2378
v 0.2419 1.7019 -1.2403
v 0.2245 1.6710 -1.2350
v 0.2049 1.6808 -1.2363
v 0.2488 1.6531 -1.2428
v -0.2756 1.4500 -1.3181
v -0.2781 1.4474 -1.3076
v -0.2641 1.4493 -1.3117
v -0.2794 1.4555 -1.3046
v -0.2641 1.4493 -1.3117
v -0.2781 1.4474 -1.3076
v -0.2564 0.9792 -1.6722
v -0.2566 0.9802 -1.6684
v -0.2570 0.9769 -1.6703
v -0.2562 0.9783 -1.6759
v -0.2586 0.9834 -1.6390
v -0.2598 0.9697 -1.6451
v 0.2584 1.2651 -1.4086
v 0.2586 1.2517 -1.3973
v 0.2585 1.2377 -1.4270
v 0.2584 1.2651 -1.4086
v 0.2722 1.2539 -1.4027
v 0.2586 1.2517 -1.3973
v 0.2733 1.3064 -1.4239
v 0.2586 1.2517 -1.3973
v 0.2722 1.2539 -1.4027
v 0.2723 1.2536 -1.4092
v 0.2585 1.2377 -1.4270
v 0.2723 1.2536 -1.4092
v 0.2733 1.3064 -1.4239
v 0.2584 1.2651 -1.4086
v 0.2723 1.2536 -1.4092
v 0.2584 1.2651 -1.4086
v 0.2585 1.2377 -1.4270
v 0.2710 1.2113 -1.6096
v 0.2728 1.1998 -1.5581
v 0.2599 1.1654 -1.6008
v 0.2541 1.1576 -1.6744
v 0.2682 1.1909 -1.7205
v 0.2420 1.1605 -1.5209
v 0.2665 1.2288 -1.4937
v 0.2678 1.1661 -1.4267
v 0.2467 1.1700 -1.7273
v 0.2280 1.1513 -1.7202
v 0.2748 1.1984 -1.4501
v 0.1633 1.1359 -1.7477
v -0.2641 1.4493 -1.3117
v -0.2794 1.4555 -1.3046
v -0.2756 1.4500 -1.3181
v -0.2616 1.8652 -1.7140
v -0.2422 1.7713 -1.7332
v -0.2719 1.7782 -1.6986
v -0.2439 1.8973 -1.7352
v -0.2499 1.9628 -1.7213
v -0.2596 1.7164 -1.6826
v -0.2196 1.7370 -1.7304
v -0.2539 1.6758 -1.7231
v 0.2410 1.7582 -1.7288
v 0.2446 1.7563 -1.7284
v 0.2400 1.7594 -1.7288
v 0.2400 1.7594 -1.7288
v 0.2420 1.7608 -1.7283
v 0.2357 1.7613 -1.7293
v 0.2410 1.7582 -1.7288
v 0.2446 1.7563 -1.7284
v 0.2578 1.6985 -1.2598
v 0.2583 1.6798 -1.3093
v 0.2573 1.7125 -1.2774
v 0.2572 1.7158 -1.2858
v 0.2571 1.6435 -1.2641
v 0.2492 1.7188 -1.2568
v 0.2578 1.6985 -1.2598
v 0.2572 1.7158 -1.2858
v 0.2721 1.6857 -1.2820
v 0.2741 1.6938 -1.2958
v 0.2492 1.7188 -1.2568
v 0.2571 1.6435 -1.2641
v 0.2583 1.6798 -1.3093
v 0.2741 1.6938 -1.2958
v 0.2572 1.7158 -1.2858
v 0.2583 1.6798 -1.3093
v 0.2583 1.6798 -1.3093
v 0.2725 1.6764 -1.2871
v 0.2741 1.6938 -1.2958
v 0.2553 1.7813 -1.7014
v 0.2673 1.7418 -1.7160
v 0.2382 1.7766 -1.7247
v 0.2312 1.7523 -1.7346
v 0.2603 1.6851 -1.7323
v 0.2512 1.9006 -1.7328
v 0.2736 1.8331 -1.6591
v 0.2703 1.8897 -1.7119
v 0.2410 1.7582 -1.7288
v 0.2357 1.7613 -1.7293
v 0.2420 1.7608 -1.7283
v 0.2446 1.7563 -1.7284
v -0.1006 1.8197 -0.9291
v -0.1045 1.7736 -0.9187
v -0.0977 1.7925 -0.9292
v -0.1080 1.8388 -0.9199
v -0.0720 1.8210 -0.9251
v -0.0679 1.8023 -0.9229
v -0.0375 1.8865 -0.9155
v -0.0353 1.7979 -0.9140
v -0.0712 1.8420 -0.9339
v -0.0312 1.7909 -0.9297
v -0.0720 1.8210 -0.9251
v -0.0679 1.8023 -0.9229
v -0.1006 1.8197 -0.9291
v -0.1060 1.8536 -0.9326
v -0.0704 1.8930 -0.9342
v -0.0302 1.8780 -0.9299
v -0.0977 1.7925 -0.9292
v -0.0704 1.8930 -0.9342
v -0.0712 1.8420 -0.9339
v -0.0751 1.8829 -0.9239
v -0.0763 1.8465 -0.9231
v -0.1080 1.8388 -0.9199
v -0.0375 1.8865 -0.9155
v -0.0763 1.8465 -0.9231
v -0.0763 1.8465 -0.9231
v -0.1060 1.8536 -0.9326
v -0.1080 1.8388 -0.9199
v -0.0763 1.8465 -0.9231
v -0.0712 1.8420 -0.9339
v -0.1060 1.8536 -0.9326
v -0.1091 1.8600 -0.9695
v -0.0704 1.8930 -0.9342
v -0.1037 1.8860 -0.9404
v -0.0302 1.8780 -0.9299
v -0.0977 1.8912 -0.9205
v -0.1037 1.8860 -0.9404
v -0.0751 1.8829 -0.9239
v -0.0751 1.8829 -0.9239
v -0.1037 1.8860 -0.9404
v -0.0704 1.8930 -0.9342
v 0.0308 1.9684 -1.0236
v -0.0608 1.9709 -1.0074
v 0.0331 1.9679 -0.9300
v -0.0633 1.9681 -0.9326
v -0.0370 1.9617 -1.0336
v 0.0840 1.9020 -0.9321
v 0.0805 1.9022 -1.0217
v 0.0328 1.9505 -1.0348
v -0.1713 1.9584 -1.2363
v -0.1708 1.9300 -1.2193
v -0.0950 1.9411 -1.2190
v -0.2360 1.9559 -1.2389
v -0.2518 1.9016 -1.2271
v -0.0377 1.9592 -1.2428
v -0.0220 1.9300 -1.2202
v 0.0123 1.9589 -1.2242
v -0.2525 1.9589 -1.2650
v -0.2694 1.9116 -1.2524
v -0.2766 1.8289 -1.2599
v -0.2425 1.9431 -1.3026
v -0.2275 1.9595 -1.2712
v -0.2378 1.9505 -1.2745
v -0.2263 1.9548 -1.3515
v -0.2477 1.9508 -1.3288
v -0.2078 1.9421 -1.2478
v -0.1879 1.9524 -1.3385
v -0.2425 1.9431 -1.3026
v -0.1965 1.9523 -1.2853
v -0.2420 1.9409 -1.3151
v -0.2378 1.9432 -1.3420
v -0.2378 1.9505 -1.2745
v -0.2082 1.9504 -1.2645
v -0.1619 1.9514 -1.3458
v -0.2078 1.9421 -1.2478
v -0.2263 1.9548 -1.3515
v -0.2420 1.9409 -1.3151
v -0.2488 1.9586 -1.3329
v -0.2425 1.9431 -1.3026
v -0.1538 1.9504 -1.3503
v -0.1691 1.9515 -1.3456
v -0.1596 1.9508 -1.3448
v -0.1532 1.9504 -1.3439
v -0.1480 1.9501 -1.3436
v -0.1879 1.9524 -1.3385
v -0.2263 1.9548 -1.3515
v -0.1533 1.9507 -1.3440
v -0.1532 1.9504 -1.3439
v -0.1596 1.9508 -1.3448
v -0.1480 1.9501 -1.3436
v -0.1619 1.9514 -1.3458
v -0.1965 1.9523 -1.2853
v -0.1691 1.9515 -1.3456
v -0.2263 1.9548 -1.3515
v -0.2275 1.9595 -1.2712
v -0.1538 1.9504 -1.3503
v -0.1533 1.9507 -1.3440
v -0.1480 1.9501 -1.3436
v -0.2082 1.9504 -1.2645
v -0.2078 1.9421 -1.2478
v -0.1596 1.9508 -1.3448
v -0.1879 1.9524 -1.3385
v -0.1619 1.9514 -1.3458
v -0.1533 1.9507 -1.3440
v 0.0136 2.0560 -1.2033
v -0.0832 1.9709 -1.2029
v -0.0056 1.9667 -1.2028
v 0.1590 2.0316 -1.2019
v -0.2232 2.0762 -1.2045
v -0.1906 1.9681 -1.2016
v -0.2375 2.0053 -1.2023
v 0.1558 1.9691 -1.2040
v 0.2467 1.9823 -1.2034
v 0.2354 2.0797 -1.2069
v 0.1044 2.0789 -1.2071
v -0.0633 2.0809 -1.2091
v -0.2536 2.0834 -1.2214
v -0.2600 1.9612 -1.2335
v 0.2533 1.9625 -1.2177
v -0.2775 1.9951 -1.2407
v -0.2745 2.0624 -1.2498
v 0.2782 1.9656 -1.4621
v 0.2403 1.9604 -1.5492
v 0.2779 1.9665 -1.5165
v 0.2578 1.9590 -1.6169
v 0.2580 1.9582 -1.4568
v 0.2390 1.9595 -1.4883
v 0.2638 1.9598 -1.3595
v 0.2783 1.9672 -1.6311
v 0.2620 1.9591 -1.6913
v 0.2780 1.9776 -1.2412
v 0.2788 1.9808 -1.7022
v 0.2688 1.9601 -1.2899
v 0.0123 1.9589 -1.2242
v -0.0056 1.9667 -1.2028
v -0.0377 1.9592 -1.2428
v 0.0896 1.9595 -1.2235
v -0.1713 1.9584 -1.2363
v 0.1558 1.9691 -1.2040
v 0.1832 1.9595 -1.2282
v 0.2533 1.9625 -1.2177
v 0.2513 1.9583 -1.2436
v -0.0832 1.9709 -1.2029
v -0.1906 1.9681 -1.2016
v -0.2600 1.9612 -1.2335
v -0.2360 1.9559 -1.2389
v -0.2525 1.9589 -1.2650
v -0.2606 1.9604 -1.3161
v -0.2477 1.9508 -1.3288
v -0.0588 2.1840 -1.4614
v -0.1459 2.1420 -1.3624
v -0.0970 2.1638 -1.3694
v -0.2110 2.1092 -1.2614
v -0.2544 2.0874 -1.3260
v -0.2555 2.0855 -1.4344
v -0.1241 2.1534 -1.5449
v -0.1581 2.1365 -1.6288
v -0.2584 2.0842 -1.5840
v -0.2477 2.0932 -1.6936
v -0.2536 2.0834 -1.2214
v -0.0492 2.1816 -1.5311
v -0.2745 2.0624 -1.2498
v 0.0433 2.1843 -1.4096
v 0.0466 2.1824 -1.5357
v -0.2709 2.0678 -1.3718
v -0.2713 2.0664 -1.5768
v -0.2678 2.0687 -1.7041
v -0.0042 2.1222 -1.2813
v 0.1146 2.1199 -1.2757
v -0.2232 2.0762 -1.2045
v -0.0633 2.0809 -1.2091
v 0.1552 2.1412 -1.3335
v 0.2354 2.0797 -1.2069
v 0.2242 2.1036 -1.2590
v 0.1044 2.0789 -1.2071
v -0.2682 1.9652 -1.5021
v -0.2750 1.9930 -1.4045
v -0.2690 1.9719 -1.6204
v -0.2674 1.9644 -1.4431
v -0.2775 1.9951 -1.2407
v -0.2713 2.0664 -1.5768
v -0.2730 1.9909 -1.7085
v -0.2745 2.0624 -1.2498
v -0.2709 2.0678 -1.3718
v -0.2678 2.0687 -1.7041
v -0.2582 1.9565 -1.6783
v -0.2606 1.9604 -1.3161
v -0.2600 1.9612 -1.2335
v -0.2499 1.9628 -1.7213
v -0.2556 1.9584 -1.5926
v -0.2504 1.9540 -1.5118
v -0.2387 1.9590 -1.4537
v -0.0286 1.8294 -1.1811
v 0.0349 1.8284 -1.1928
v -0.0344 1.8289 -1.2212
v 0.0324 1.8239 -1.2195
v 0.0027 1.8246 -1.1692
v 0.2765 2.0667 -1.4770
v 0.2782 1.9656 -1.4621
v 0.2779 1.9665 -1.5165
v 0.2774 2.0700 -1.6875
v 0.2783 1.9672 -1.6311
v 0.2788 1.9808 -1.7022
v 0.2780 1.9776 -1.2412
v 0.2745 2.0652 -1.2359
v 0.2652 2.0379 -1.7236
v 0.2682 2.0830 -1.7005
v 0.2467 1.9823 -1.2034
v 0.2533 1.9625 -1.2177
v 0.2354 2.0797 -1.2069
v 0.0959 2.1654 -1.5593
v 0.1894 2.1232 -1.4917
v 0.1669 2.1348 -1.6280
v 0.0920 2.1697 -1.4109
v 0.1552 2.1412 -1.3335
v 0.2650 2.0837 -1.2628
v 0.2639 2.0851 -1.4421
v 0.2639 2.0849 -1.5874
v 0.2682 2.0830 -1.7005
v 0.2242 2.1036 -1.2590
v 0.0466 2.1824 -1.5357
v 0.0433 2.1843 -1.4096
v 0.1995 2.1097 -1.6829
v 0.2354 2.0797 -1.2069
v 0.2745 2.0652 -1.2359
v 0.2774 2.0700 -1.6875
v 0.2765 2.0667 -1.4770
v 0.0302 2.1265 -1.6492
v -0.0492 2.1816 -1.5311
v -0.1581 2.1365 -1.6288
v 0.1330 2.0993 -1.7010
v -0.0731 2.0870 -1.7197
v -0.2218 2.0816 -1.7256
v -0.2477 2.0932 -1.6936
v 0.0751 2.1020 -1.6898
v 0.2133 2.0737 -1.7307
v 0.1111 2.0723 -1.7310
v -0.0604 2.0684 -1.7346
v -0.2378 1.9432 -1.3420
v -0.2477 1.9508 -1.3288
v -0.2420 1.9409 -1.3151
v -0.2606 1.9604 -1.3161
v -0.2263 1.9548 -1.3515
v -0.2453 1.9550 -1.3873
v -0.2606 1.9604 -1.3161
v -0.2674 1.9644 -1.4431
v -0.2387 1.9590 -1.4537
v -0.2682 1.9652 -1.5021
v -0.2488 1.9586 -1.3329
v -0.2420 1.9409 -1.3151
v 0.0653 2.0768 -1.7054
v 0.0633 2.0928 -1.6844
v 0.0332 2.0680 -1.7140
v 0.0357 2.0960 -1.6743
v 0.0902 2.0910 -1.6830
v 0.0332 2.0680 -1.7140
v 0.0357 2.0960 -1.6743
v 0.0653 2.0768 -1.7054
v 0.0902 2.0910 -1.6830
vt 0.19363 0.07719
vt 0.17117 0.08746
vt 0.16391 0.06648
vt 0.15182 0.07263
vt 0.15314 0.08678
vt 0.14179 0.08351
vt 0.18927 0.09089
vt 0.20747 0.09083
vt 0.21973 0.09095
vt 0.22054 0.07055
vt 0.23591 0.06890
vt 0.24785 0.09195
vt 0.19612 0.07099
vt 0.25113 0.08783
vt 0.24932 0.05889
vt 0.23549 0.05494
vt 0.23772 0.03844
vt 0.25113 0.03125
vt 0.24781 0.01921
vt 0.21698 0.01651
vt 0.21521 0.03992
vt 0.20043 0.03607
vt 0.17824 0.01426
vt 0.16153 0.03762
vt 0.15311 0.02977
vt 0.14244 0.04776
vt 0.16190 0.05587
vt 0.14662 0.01215
vt 0.22161 0.04318
vt 0.18164 0.06566
vt 0.14022 0.06855
vt 0.19598 0.04114
vt 0.16916 0.04173
vt 0.17081 0.09141
vt 0.23168 0.06754
vt 0.14432 0.08936
vt 0.16397 0.04401
vt 0.16637 0.06415
vt 0.15225 0.09226
vt 0.70851 0.37277
vt 0.69964 0.36154
vt 0.69460 0.37399
vt 0.68320 0.36705
vt 0.68215 0.36049
vt 0.71187 0.36049
vt 0.71731 0.37204
vt 0.40450 0.83931
vt 0.38377 0.85033
vt 0.39667 0.83080
vt 0.37128 0.83405
vt 0.36623 0.85152
vt 0.39849 0.81409
vt 0.35605 0.84600
vt 0.37950 0.81267
vt 0.35948 0.82364
vt 0.35790 0.80731
vt 0.35995 0.83357
vt 0.39234 0.80276
vt 0.36669 0.80239
vt 0.39923 0.85922
vt 0.40661 0.81430
vt 0.40959 0.79770
vt 0.40924 0.83715
vt 0.38019 0.85919
vt 0.36215 0.86067
vt 0.37033 0.87327
vt 0.36018 0.86378
vt 0.38443 0.79525
vt 0.36112 0.78635
vt 0.36151 0.77559
vt 0.38809 0.77970
vt 0.38807 0.75615
vt 0.40761 0.77931
vt 0.36141 0.76204
vt 0.40104 0.78801
vt 0.40095 0.76223
vt 0.38935 0.74885
vt 0.37753 0.74774
vt 0.36521 0.74698
vt 0.38278 0.74178
vt 0.40479 0.73523
vt 0.37854 0.72599
vt 0.39818 0.71064
vt 0.36872 0.74155
vt 0.37768 0.69884
vt 0.36476 0.70776
vt 0.36325 0.69158
vt 0.35985 0.72713
vt 0.37657 0.68201
vt 0.36096 0.67494
vt 0.39060 0.65893
vt 0.40237 0.67373
vt 0.36306 0.65943
vt 0.40603 0.68778
vt 0.39003 0.69408
vt 0.36855 0.65258
vt 0.39079 0.69981
vt 0.40580 0.70243
vt 0.40407 0.65629
vt 0.39180 0.65241
vt 0.40889 0.64242
vt 0.39024 0.64614
vt 0.39887 0.62615
vt 0.39425 0.62746
vt 0.36586 0.64716
vt 0.37411 0.63034
vt 0.40097 0.61847
vt 0.39621 0.62496
vt 0.39135 0.60953
vt 0.36697 0.62295
vt 0.36804 0.61060
vt 0.41408 0.62761
vt 0.36393 0.62689
vt 0.41172 0.64799
vt 0.35808 0.73864
vt 0.40212 0.61034
vt 0.41155 0.67284
vt 0.41502 0.65307
vt 0.41873 0.64341
vt 0.42511 0.65639
vt 0.41705 0.68298
vt 0.43465 0.67501
vt 0.44589 0.69151
vt 0.45541 0.68232
vt 0.45289 0.67060
vt 0.44085 0.65201
vt 0.42993 0.64428
vt 0.45405 0.65030
vt 0.44670 0.64182
vt 0.42720 0.63512
vt 0.41959 0.62181
vt 0.42213 0.61218
vt 0.44944 0.62638
vt 0.45057 0.63632
vt 0.45101 0.61297
vt 0.43075 0.69232
vt 0.44109 0.70289
vt 0.45762 0.70029
vt 0.45680 0.71374
vt 0.43464 0.71920
vt 0.45273 0.72961
vt 0.41672 0.71373
vt 0.42380 0.70242
vt 0.42276 0.72679
vt 0.45046 0.73807
vt 0.41050 0.74287
vt 0.41103 0.75737
vt 0.41517 0.75386
vt 0.41412 0.77869
vt 0.41834 0.79138
vt 0.42436 0.73874
vt 0.41274 0.72946
vt 0.43461 0.74017
vt 0.43341 0.79307
vt 0.38141 0.86544
vt 0.39548 0.88638
vt 0.37724 0.90166
vt 0.39449 0.90627
vt 0.39745 0.87168
vt 0.36027 0.89413
vt 0.35933 0.90809
vt 0.37661 0.91874
vt 0.38894 0.91167
vt 0.40675 0.88676
vt 0.40999 0.89820
vt 0.40377 0.87030
vt 0.41661 0.85205
vt 0.39162 0.92025
vt 0.38896 0.93612
vt 0.40648 0.95020
vt 0.39334 0.95205
vt 0.38973 0.97305
vt 0.41231 0.97595
vt 0.41331 0.99438
vt 0.38913 0.99335
vt 0.37192 0.97663
vt 0.36965 0.99530
vt 0.35591 0.97649
vt 0.38436 0.95775
vt 0.38085 0.92947
vt 0.36183 0.95506
vt 0.35953 0.93143
vt 0.36079 0.96833
vt 0.38040 0.96856
vt 0.35604 0.99735
vt 0.41348 0.94975
vt 0.41001 0.93664
vt 0.40181 0.92114
vt 0.42145 0.97614
vt 0.41512 0.99531
vt 0.43347 0.99460
vt 0.45169 0.99177
vt 0.45462 0.98077
vt 0.44044 0.97242
vt 0.39682 0.99700
vt 0.46000 0.99274
vt 0.45734 0.96715
vt 0.35476 0.96836
vt 0.42272 0.94918
vt 0.42140 0.92103
vt 0.43694 0.95048
vt 0.45404 0.96081
vt 0.42634 0.95961
vt 0.45332 0.93390
vt 0.43208 0.91572
vt 0.46043 0.92590
vt 0.46013 0.94831
vt 0.45342 0.91698
vt 0.43116 0.96682
vt 0.41078 0.92009
vt 0.41841 0.96660
vt 0.43285 0.90620
vt 0.36512 0.91829
vt 0.35769 0.91785
vt 0.44640 0.90614
vt 0.46013 0.90577
vt 0.40887 0.91178
vt 0.42301 0.90988
vt 0.40660 0.71220
vt 0.41249 0.68958
vt 0.44610 0.96674
vt 0.42102 0.89926
vt 0.44605 0.89651
vt 0.41535 0.88464
vt 0.44211 0.87975
vt 0.43158 0.86112
vt 0.44405 0.86456
vt 0.41319 0.86877
vt 0.45973 0.87195
vt 0.46111 0.89562
vt 0.46110 0.85857
vt 0.44516 0.85401
vt 0.43080 0.85337
vt 0.44868 0.84330
vt 0.43096 0.84418
vt 0.42806 0.82883
vt 0.44004 0.82200
vt 0.43524 0.79927
vt 0.42354 0.80467
vt 0.41501 0.81416
vt 0.45633 0.80333
vt 0.46111 0.82555
vt 0.41734 0.83913
vt 0.46303 0.84405
vt 0.46240 0.81030
vt 0.45738 0.85199
vt 0.35447 0.94569
vt 0.35212 0.93313
vt 0.35795 0.75249
vt 0.39592 0.60621
vt 0.46303 0.96034
vt 0.35467 0.80376
vt 0.40053 0.60682
vt 0.41350 0.61367
vt 0.41006 0.60877
vt 0.45507 0.79071
vt 0.38443 0.99775
vt 0.42623 0.75268
vt 0.43852 0.76092
vt 0.42079 0.77050
vt 0.42550 0.78599
vt 0.45277 0.78388
vt 0.45734 0.76903
vt 0.25940 0.90530
vt 0.22600 0.91639
vt 0.23387 0.90203
vt 0.25961 0.92525
vt 0.23517 0.93075
vt 0.24274 0.94812
vt 0.25908 0.94750
vt 0.21829 0.93504
vt 0.22478 0.94814
vt 0.21330 0.89677
vt 0.21358 0.92260
vt 0.19775 0.92329
vt 0.19208 0.93678
vt 0.21145 0.94511
vt 0.19614 0.95509
vt 0.18564 0.94860
vt 0.20324 0.91412
vt 0.18524 0.91548
vt 0.18985 0.89688
vt 0.18440 0.92348
vt 0.19918 0.89713
vt 0.21492 0.88963
vt 0.21528 0.95319
vt 0.21752 0.94727
vt 0.24465 0.95627
vt 0.25558 0.95902
vt 0.24340 0.96432
vt 0.20953 0.96022
vt 0.23286 0.96717
vt 0.23000 0.97763
vt 0.25703 0.97601
vt 0.20243 0.98346
vt 0.19109 0.96627
vt 0.22330 0.98645
vt 0.18725 0.98327
vt 0.24944 0.98536
vt 0.26082 0.97133
vt 0.26195 0.98524
vt 0.25904 0.98875
vt 0.19337 0.89003
vt 0.20599 0.86524
vt 0.18514 0.86843
vt 0.22067 0.88433
vt 0.21596 0.86311
vt 0.21598 0.85012
vt 0.19069 0.84924
vt 0.22946 0.88343
vt 0.22772 0.86269
vt 0.22748 0.84514
vt 0.23798 0.86192
vt 0.26044 0.84875
vt 0.25457 0.87933
vt 0.24651 0.88835
vt 0.25777 0.86645
vt 0.23513 0.89741
vt 0.26170 0.88282
vt 0.18619 0.85722
vt 0.25748 0.89684
vt 0.20566 0.83955
vt 0.25980 0.84409
vt 0.22105 0.89273
vt 0.21621 0.83973
vt 0.20769 0.83254
vt 0.19202 0.83938
vt 0.21730 0.82992
vt 0.23454 0.83795
vt 0.23696 0.82914
vt 0.22306 0.81503
vt 0.25203 0.82743
vt 0.24227 0.83726
vt 0.19309 0.83048
vt 0.18521 0.83254
vt 0.25825 0.83682
vt 0.26195 0.81971
vt 0.18545 0.84219
vt 0.72237 0.38375
vt 0.72213 0.39095
vt 0.73411 0.38402
vt 0.73256 0.39523
vt 0.74214 0.39318
vt 0.74977 0.38617
vt 0.75448 0.39288
vt 0.75659 0.38128
vt 0.71710 0.39700
vt 0.68902 0.39537
vt 0.68349 0.38184
vt 0.66148 0.39793
vt 0.65816 0.38446
vt 0.73332 0.37899
vt 0.74467 0.37815
vt 0.75177 0.37830
vt 0.76275 0.38073
vt 0.76436 0.38381
vt 0.76139 0.38563
vt 0.76601 0.38758
vt 0.71600 0.37489
vt 0.75724 0.37652
vt 0.74878 0.39658
vt 0.68306 0.37528
vt 0.66117 0.37489
vt 0.75877 0.39584
vt 0.74565 0.39918
vt 0.73580 0.39908
vt 0.75390 0.39786
vt 0.71198 0.40116
vt 0.67544 0.40100
vt 0.72435 0.40161
vt 0.65690 0.40314
vt 0.66123 0.40369
vt 0.94198 0.63347
vt 0.93017 0.62771
vt 0.94434 0.62583
vt 0.95195 0.64041
vt 0.92973 0.63532
vt 0.93869 0.62132
vt 0.92949 0.62301
vt 0.94765 0.61854
vt 0.95706 0.61924
vt 0.95809 0.62654
vt 0.95332 0.61435
vt 0.94396 0.60736
vt 0.93558 0.61266
vt 0.96439 0.61847
vt 0.96596 0.60881
vt 0.95735 0.60051
vt 0.96981 0.59712
vt 0.93396 0.60232
vt 0.95813 0.58937
vt 0.93896 0.57450
vt 0.94077 0.59882
vt 0.96044 0.57205
vt 0.93835 0.54139
vt 0.96058 0.54377
vt 0.99147 0.56362
vt 0.97675 0.54076
vt 0.99234 0.54171
vt 0.96495 0.62866
vt 0.98966 0.59655
vt 0.95675 0.53997
vt 0.92902 0.55323
vt 0.92633 0.53786
vt 0.92813 0.59609
vt 0.92957 0.61518
vt 0.92728 0.60558
vt 0.93815 0.53567
vt 0.96198 0.53644
vt 0.92290 0.53510
vt 0.97870 0.60436
vt 0.97312 0.60957
vt 0.98316 0.61366
vt 0.97111 0.62285
vt 0.97983 0.62399
vt 0.98738 0.60611
vt 0.98359 0.63678
vt 0.99085 0.62546
vt 0.99234 0.61414
vt 0.99057 0.63262
vt 0.98876 0.63813
vt 0.81470 0.16157
vt 0.83454 0.16157
vt 0.82209 0.17327
vt 0.85218 0.79981
vt 0.85593 0.80315
vt 0.84467 0.81060
vt 0.85140 0.78960
vt 0.86134 0.79767
vt 0.85711 0.77496
vt 0.85180 0.76576
vt 0.85767 0.76371
vt 0.85450 0.75249
vt 0.86249 0.75589
vt 0.86195 0.74590
vt 0.85409 0.82226
vt 0.84961 0.82087
vt 0.85276 0.83023
vt 0.84355 0.82976
vt 0.85191 0.84352
vt 0.85741 0.85464
vt 0.85478 0.74482
vt 0.86249 0.84215
vt 0.53204 0.06903
vt 0.55723 0.07024
vt 0.53156 0.07615
vt 0.54265 0.06060
vt 0.55641 0.04773
vt 0.55861 0.05204
vt 0.55221 0.04510
vt 0.53258 0.04889
vt 0.54049 0.04365
vt 0.53580 0.04463
vt 0.53248 0.09353
vt 0.55861 0.09259
vt 0.53519 0.10970
vt 0.55243 0.10983
vt 0.53320 0.10578
vt 0.54238 0.11116
vt 0.50894 0.31578
vt 0.51755 0.31428
vt 0.51687 0.31098
vt 0.50926 0.31140
vt 0.52159 0.31158
vt 0.52656 0.31626
vt 0.52943 0.31202
vt 0.54035 0.31727
vt 0.51614 0.31620
vt 0.53900 0.31438
vt 0.54845 0.31332
vt 0.55357 0.31883
vt 0.57536 0.31573
vt 0.59097 0.31183
vt 0.59842 0.31778
vt 0.53315 0.32155
vt 0.54759 0.32565
vt 0.52999 0.32316
vt 0.52074 0.32172
vt 0.52669 0.32946
vt 0.52220 0.33253
vt 0.51299 0.33257
vt 0.50966 0.32314
vt 0.51033 0.31971
vt 0.49705 0.32902
vt 0.50203 0.32982
vt 0.50217 0.31774
vt 0.57572 0.32919
vt 0.60819 0.33272
vt 0.49231 0.33229
vt 0.49733 0.33223
vt 0.49098 0.33423
vt 0.56030 0.33493
vt 0.53884 0.33598
vt 0.51945 0.33349
vt 0.58122 0.33401
vt 0.52824 0.33618
vt 0.61001 0.32386
vt 0.60633 0.31140
vt 0.49953 0.73019
vt 0.51058 0.74615
vt 0.50049 0.75829
vt 0.51837 0.72490
vt 0.53222 0.73822
vt 0.52780 0.75363
vt 0.49079 0.74021
vt 0.49061 0.75137
vt 0.49037 0.76597
vt 0.51740 0.77714
vt 0.50219 0.72217
vt 0.48416 0.74690
vt 0.49009 0.72736
vt 0.51316 0.71445
vt 0.52540 0.71453
vt 0.50125 0.70751
vt 0.49774 0.71452
vt 0.49183 0.70197
vt 0.51015 0.68027
vt 0.49584 0.69238
vt 0.46697 0.69656
vt 0.47284 0.67934
vt 0.50028 0.68029
vt 0.48947 0.67247
vt 0.50364 0.66969
vt 0.47350 0.66942
vt 0.46453 0.70316
vt 0.46378 0.68054
vt 0.50518 0.77753
vt 0.49101 0.66058
vt 0.46688 0.66123
vt 0.47874 0.64851
vt 0.50640 0.64324
vt 0.50203 0.63593
vt 0.47644 0.63633
vt 0.47985 0.63268
vt 0.47262 0.62239
vt 0.49852 0.62226
vt 0.46968 0.64491
vt 0.50518 0.65413
vt 0.51455 0.63588
vt 0.51078 0.65836
vt 0.52044 0.64540
vt 0.53603 0.65039
vt 0.51737 0.67294
vt 0.53386 0.66589
vt 0.54204 0.64040
vt 0.50336 0.66336
vt 0.52178 0.68582
vt 0.49354 0.77634
vt 0.48387 0.78145
vt 0.49223 0.78339
vt 0.52600 0.62281
vt 0.54094 0.62409
vt 0.53910 0.60525
vt 0.52706 0.61217
vt 0.53936 0.58995
vt 0.50864 0.59161
vt 0.54040 0.58237
vt 0.50574 0.58067
vt 0.51970 0.57108
vt 0.49784 0.57787
vt 0.47635 0.56751
vt 0.49400 0.55733
vt 0.47232 0.57448
vt 0.52312 0.55792
vt 0.54238 0.56139
vt 0.48660 0.55326
vt 0.46911 0.55221
vt 0.46645 0.56847
vt 0.49882 0.59104
vt 0.49397 0.57912
vt 0.48293 0.59086
vt 0.47441 0.60654
vt 0.47019 0.59123
vt 0.49715 0.61418
vt 0.49206 0.60992
vt 0.47620 0.58233
vt 0.51396 0.61486
vt 0.50166 0.68707
vt 0.48460 0.61567
vt 0.46344 0.57525
vt 0.51062 0.62782
vt 0.53539 0.67994
vt 0.53625 0.68912
vt 0.53041 0.70421
vt 0.48464 0.77089
vt 0.46506 0.66968
vt 0.52436 0.78367
vt 0.46186 0.77253
vt 0.46218 0.75103
vt 0.47789 0.71953
vt 0.46143 0.71694
vt 0.46964 0.72573
vt 0.46032 0.72657
vt 0.46450 0.73417
vt 0.52720 0.77650
vt 0.52587 0.76330
vt 0.53118 0.78277
vt 0.53235 0.79860
vt 0.51769 0.81016
vt 0.53086 0.80517
vt 0.53203 0.82652
vt 0.52199 0.82980
vt 0.52830 0.83484
vt 0.50583 0.83539
vt 0.49581 0.82531
vt 0.49982 0.84161
vt 0.49526 0.83621
vt 0.49148 0.84320
vt 0.49783 0.85462
vt 0.49116 0.86987
vt 0.48522 0.85756
vt 0.46814 0.86587
vt 0.47924 0.88184
vt 0.46503 0.87711
vt 0.46817 0.88741
vt 0.49862 0.88560
vt 0.50509 0.87954
vt 0.47807 0.88806
vt 0.46812 0.85855
vt 0.47434 0.84229
vt 0.46504 0.84522
vt 0.46845 0.83600
vt 0.48302 0.83655
vt 0.51830 0.84665
vt 0.53743 0.84945
vt 0.53493 0.85664
vt 0.46291 0.88164
vt 0.51528 0.62198
vt 0.51908 0.87116
vt 0.47573 0.82850
vt 0.46615 0.82695
vt 0.46938 0.80984
vt 0.48080 0.79879
vt 0.49107 0.80795
vt 0.49229 0.79978
vt 0.47010 0.78834
vt 0.49580 0.90217
vt 0.47304 0.90314
vt 0.47030 0.91048
vt 0.48802 0.90952
vt 0.49368 0.91513
vt 0.50306 0.91580
vt 0.52158 0.90034
vt 0.52597 0.91571
vt 0.53314 0.92078
vt 0.51931 0.93540
vt 0.53185 0.94123
vt 0.54007 0.93642
vt 0.54238 0.94393
vt 0.53630 0.96445
vt 0.54135 0.96378
vt 0.52118 0.96375
vt 0.53678 0.90281
vt 0.53134 0.89561
vt 0.53650 0.88737
vt 0.52713 0.88863
vt 0.53085 0.87922
vt 0.49970 0.92881
vt 0.49656 0.94002
vt 0.47103 0.93817
vt 0.47011 0.96390
vt 0.49997 0.96427
vt 0.50458 0.94895
vt 0.53855 0.91457
vt 0.46732 0.92921
vt 0.47464 0.73117
vt 0.46720 0.89714
vt 0.47914 0.57829
vt 0.47219 0.57970
vt 0.51567 0.88917
vt 0.53994 0.86777
vt 0.50659 0.61941
vt 0.49107 0.82738
vt 0.46250 0.74621
vt 0.46123 0.57518
vt 0.46333 0.66384
vt 0.47528 0.61436
vt 0.99605 0.94178
vt 0.99775 0.97345
vt 0.97749 0.94246
vt 0.99561 0.93370
vt 0.97025 0.96658
vt 0.95443 0.94415
vt 0.97120 0.93545
vt 0.95266 0.93723
vt 0.97988 0.93554
vt 0.97991 0.92357
vt 0.99062 0.91224
vt 0.99775 0.91572
vt 0.91790 0.05365
vt 0.90487 0.05356
vt 0.91422 0.06267
vt 0.92667 0.06487
vt 0.91793 0.07163
vt 0.93372 0.05356
vt 0.93214 0.06306
vt 0.91142 0.07336
vt 0.02660 0.97479
vt 0.01849 0.97901
vt 0.01885 0.96985
vt 0.02660 0.99055
vt 0.84265 0.73222
vt 0.84737 0.74842
vt 0.86519 0.73222
vt 0.99324 0.38703
vt 0.97937 0.40128
vt 0.97430 0.38389
vt 0.99324 0.40639
vt 0.88816 0.12556
vt 0.86199 0.10733
vt 0.85554 0.10742
vt 0.88943 0.12117
vt 0.83854 0.09954
vt 0.82757 0.08992
vt 0.82007 0.08948
vt 0.79925 0.07606
vt 0.79666 0.07968
vt 0.89535 0.12548
vt 0.89998 0.11435
vt 0.91606 0.10312
vt 0.91926 0.09435
vt 0.93147 0.08772
vt 0.94184 0.07606
vt 0.74717 0.29528
vt 0.74664 0.31318
vt 0.73934 0.30358
vt 0.73625 0.31242
vt 0.74274 0.28187
vt 0.74113 0.32838
vt 0.75074 0.28289
vt 0.74393 0.27506
vt 0.75183 0.27308
vt 0.74660 0.25897
vt 0.75107 0.25687
vt 0.75699 0.32189
vt 0.74791 0.34286
vt 0.74122 0.34493
vt 0.74776 0.35662
vt 0.73790 0.35884
vt 0.74449 0.36589
vt 0.73718 0.33460
vt 0.74531 0.25146
vt 0.75699 0.24887
vt 0.63533 0.05959
vt 0.61170 0.05773
vt 0.62265 0.06734
vt 0.62620 0.08791
vt 0.65409 0.06197
vt 0.64378 0.04972
vt 0.61889 0.08310
vt 0.61272 0.07791
vt 0.61620 0.06931
vt 0.60418 0.06386
vt 0.59751 0.08412
vt 0.61181 0.09856
vt 0.59834 0.07301
vt 0.58822 0.07672
vt 0.58855 0.06795
vt 0.59217 0.06209
vt 0.58221 0.06322
vt 0.57753 0.05860
vt 0.56907 0.07041
vt 0.56554 0.06421
vt 0.57648 0.08131
vt 0.57196 0.07190
vt 0.66832 0.05090
vt 0.67030 0.07362
vt 0.68904 0.05463
vt 0.68936 0.08058
vt 0.59888 0.05264
vt 0.60856 0.05200
vt 0.60057 0.09956
vt 0.60636 0.10358
vt 0.62357 0.10552
vt 0.59450 0.10234
vt 0.67924 0.09243
vt 0.65585 0.06917
vt 0.67237 0.10936
vt 0.68671 0.10744
vt 0.65546 0.10510
vt 0.63585 0.10735
vt 0.61727 0.09539
vt 0.62443 0.09606
vt 0.61355 0.06606
vt 0.56402 0.06481
vt 0.62868 0.04750
vt 0.60298 0.10401
vt 0.61351 0.04845
vt 0.68918 0.04365
vt 0.60210 0.10612
vt 0.61192 0.10716
vt 0.59376 0.10716
vt 0.66222 0.04479
vt 0.60910 0.04600
vt 0.61973 0.04590
vt 0.64123 0.04485
vt 0.59352 0.04365
vt 0.60011 0.04383
vt 0.49279 0.50360
vt 0.48427 0.50810
vt 0.47385 0.50360
vt 0.23442 0.60379
vt 0.23264 0.57908
vt 0.22456 0.58754
vt 0.22531 0.60683
vt 0.22513 0.56379
vt 0.23309 0.56114
vt 0.25054 0.56806
vt 0.24125 0.58995
vt 0.25932 0.58714
vt 0.26154 0.60507
vt 0.26924 0.56845
vt 0.27513 0.58808
vt 0.25532 0.55609
vt 0.27236 0.60763
vt 0.24535 0.56032
vt 0.26762 0.55703
vt 0.26296 0.54560
vt 0.21365 0.57750
vt 0.21675 0.60632
vt 0.18987 0.58344
vt 0.17351 0.58570
vt 0.19320 0.60473
vt 0.17575 0.60281
vt 0.17454 0.57240
vt 0.19690 0.56880
vt 0.20946 0.56141
vt 0.18566 0.61263
vt 0.19002 0.56397
vt 0.19928 0.55831
vt 0.16794 0.60168
vt 0.23669 0.55297
vt 0.25534 0.54621
vt 0.25570 0.52394
vt 0.23750 0.53845
vt 0.23401 0.50803
vt 0.21759 0.53055
vt 0.21486 0.51490
vt 0.21794 0.50603
vt 0.22272 0.55026
vt 0.25322 0.50642
vt 0.26360 0.53379
vt 0.26245 0.50906
vt 0.20874 0.51680
vt 0.23239 0.61106
vt 0.20908 0.53499
vt 0.21027 0.55119
vt 0.27864 0.60507
vt 0.27759 0.55407
vt 0.28985 0.54840
vt 0.27751 0.52139
vt 0.26930 0.50857
vt 0.29535 0.51975
vt 0.31072 0.53205
vt 0.30301 0.51078
vt 0.29057 0.50871
vt 0.31976 0.52521
vt 0.31659 0.51202
vt 0.31255 0.54818
vt 0.31988 0.55452
vt 0.30321 0.54824
vt 0.29484 0.55714
vt 0.31464 0.56655
vt 0.29702 0.56592
vt 0.29738 0.58135
vt 0.28481 0.60315
vt 0.30805 0.60506
vt 0.28589 0.57855
vt 0.32296 0.60418
vt 0.30051 0.60822
vt 0.32253 0.57473
vt 0.32983 0.57736
vt 0.33484 0.60779
vt 0.35128 0.58845
vt 0.34016 0.57040
vt 0.35361 0.60754
vt 0.35567 0.57626
vt 0.36250 0.55936
vt 0.36714 0.57464
vt 0.36511 0.60639
vt 0.33826 0.56235
vt 0.32617 0.56650
vt 0.34664 0.54881
vt 0.36474 0.54681
vt 0.34311 0.53099
vt 0.34110 0.51382
vt 0.36675 0.51681
vt 0.32360 0.51027
vt 0.32610 0.52965
vt 0.35771 0.51116
vt 0.32793 0.54735
vt 0.27796 0.58364
vt 0.37766 0.55737
vt 0.37412 0.57832
vt 0.37208 0.54271
vt 0.37243 0.52787
vt 0.38363 0.51913
vt 0.39943 0.54852
vt 0.40893 0.53078
vt 0.39879 0.55894
vt 0.40706 0.55024
vt 0.39968 0.51710
vt 0.38211 0.56975
vt 0.40514 0.58251
vt 0.40348 0.59840
vt 0.38405 0.59881
vt 0.40558 0.56719
vt 0.37396 0.59774
vt 0.30629 0.50719
vt 0.16768 0.57834
vt 0.28197 0.56376
vt 0.27537 0.56356
vt 0.15829 0.58085
vt 0.15466 0.60618
vt 0.13849 0.58189
vt 0.14007 0.56273
vt 0.11945 0.57322
vt 0.11859 0.58434
vt 0.13877 0.60762
vt 0.14981 0.56266
vt 0.12079 0.60816
vt 0.13966 0.55481
vt 0.10948 0.57646
vt 0.16214 0.56472
vt 0.16818 0.56334
vt 0.11045 0.60585
vt 0.10293 0.57916
vt 0.12499 0.56074
vt 0.11715 0.56391
vt 0.11032 0.55013
vt 0.10750 0.56297
vt 0.09772 0.56677
vt 0.10068 0.54773
vt 0.10234 0.53299
vt 0.12147 0.52669
vt 0.13965 0.55007
vt 0.14584 0.53192
vt 0.13923 0.53515
vt 0.14560 0.50636
vt 0.13095 0.51045
vt 0.10963 0.50736
vt 0.10839 0.52131
vt 0.09316 0.53549
vt 0.09050 0.51501
vt 0.06686 0.53640
vt 0.09202 0.55834
vt 0.05587 0.56280
vt 0.05056 0.53756
vt 0.04823 0.52062
vt 0.07523 0.51846
vt 0.05685 0.50624
vt 0.04234 0.55464
vt 0.03508 0.52217
vt 0.02119 0.54380
vt 0.02183 0.56234
vt 0.04143 0.50390
vt 0.02947 0.50539
vt 0.04561 0.56519
vt 0.04548 0.58366
vt 0.02148 0.58301
vt 0.03360 0.60612
vt 0.04262 0.60175
vt 0.02236 0.50667
vt 0.07128 0.50466
vt 0.06888 0.57221
vt 0.02352 0.60784
vt 0.05132 0.56542
vt 0.05264 0.57997
vt 0.04789 0.50766
vt 0.08272 0.56794
vt 0.06152 0.58416
vt 0.08312 0.57597
vt 0.08577 0.60686
vt 0.10401 0.59515
vt 0.06181 0.60757
vt 0.10269 0.60736
vt 0.15339 0.52280
vt 0.05103 0.59979
vt 0.11340 0.50401
vt 0.15417 0.54294
vt 0.15979 0.55763
vt 0.10130 0.52421
vt 0.07756 0.50180
vt 0.15558 0.50579
vt 0.09141 0.50530
vt 0.10192 0.50631
vt 0.21663 0.55719
vt 0.26994 0.50293
vt 0.16162 0.52215
vt 0.16324 0.61266
vt 0.03658 0.61108
vt 0.15848 0.61374
vt 0.12431 0.61173
vt 0.21038 0.50754
vt 0.16532 0.50857
vt 0.16258 0.54162
vt 0.16788 0.55171
vt 0.16487 0.50337
vt 0.37349 0.51071
vt 0.38481 0.51069
vt 0.21962 0.61141
vt 0.16798 0.60502
vt 0.40756 0.56028
vt 0.16901 0.60864
vt 0.08273 0.61423
vt 0.10237 0.61392
vt 0.28401 0.50190
vt 0.12500 0.50198
vt 0.04929 0.61050
vt 0.11020 0.61108
vt 0.06063 0.61393
vt 0.25657 0.61350
vt 0.13198 0.50397
vt 0.14079 0.61431
vt 0.29093 0.50180
vt 0.17905 0.53588
vt 0.18260 0.55388
vt 0.19797 0.54916
vt 0.19506 0.52179
vt 0.20330 0.53574
vt 0.17786 0.50693
vt 0.20235 0.50858
vt 0.18867 0.50358
vt 0.08438 0.36541
vt 0.09213 0.36493
vt 0.08571 0.37338
vt 0.07169 0.36152
vt 0.09049 0.35544
vt 0.08529 0.35625
vt 0.08745 0.34152
vt 0.09243 0.33618
vt 0.09243 0.39129
vt 0.08510 0.38557
vt 0.08528 0.39289
vt 0.46664 0.62709
vt 0.46170 0.59811
vt 0.45970 0.62510
vt 0.45672 0.60470
vt 0.45771 0.59915
vt 0.46664 0.59872
vt 0.45879 0.62781
vt 0.89438 0.14138
vt 0.90654 0.13456
vt 0.90226 0.14806
vt 0.91031 0.14715
vt 0.91208 0.14065
vt 0.89205 0.14621
vt 0.88954 0.14033
vt 0.89570 0.13456
vt 0.72479 0.26238
vt 0.69387 0.25696
vt 0.72476 0.25419
vt 0.69389 0.26082
vt 0.69559 0.24887
vt 0.72543 0.24887
vt 0.36882 0.38527
vt 0.35360 0.37759
vt 0.34310 0.37886
vt 0.37286 0.37759
vt 0.35177 0.38326
vt 0.35560 0.38749
vt 0.34372 0.38223
vt 0.60460 0.39199
vt 0.61632 0.39199
vt 0.60584 0.39469
vt 0.54098 0.71944
vt 0.54024 0.71598
vt 0.54184 0.71580
vt 0.53877 0.71916
vt 0.53974 0.71411
vt 0.53930 0.72502
vt 0.53992 0.71191
vt 0.54238 0.71046
vt 0.54066 0.70882
vt 0.54238 0.72373
vt 0.39901 0.45855
vt 0.40444 0.44977
vt 0.40137 0.46117
vt 0.39953 0.45255
vt 0.40191 0.46850
vt 0.41344 0.46609
vt 0.41344 0.44645
vt 0.40553 0.44419
vt 0.78224 0.14266
vt 0.78945 0.14266
vt 0.78411 0.14356
vt 0.42786 0.31319
vt 0.42696 0.31098
vt 0.42696 0.31638
vt 0.67701 0.32484
vt 0.69868 0.33629
vt 0.67469 0.33784
vt 0.70018 0.35724
vt 0.67896 0.35959
vt 0.69793 0.32273
vt 0.69900 0.31752
vt 0.67389 0.32027
vt 0.67398 0.31228
vt 0.69453 0.30978
vt 0.70018 0.30918
vt 0.67434 0.34860
vt 0.67223 0.35773
vt 0.58685 0.44578
vt 0.58325 0.44406
vt 0.59421 0.44207
vt 0.57574 0.44059
vt 0.59217 0.44464
vt 0.59648 0.44443
vt 0.59503 0.44059
vt 0.59138 0.44689
vt 0.57764 0.44329
vt 0.93913 0.66652
vt 0.94004 0.66168
vt 0.93913 0.66022
vt 0.23521 0.25458
vt 0.26674 0.25448
vt 0.27160 0.22476
vt 0.24018 0.23658
vt 0.21249 0.22413
vt 0.20433 0.25414
vt 0.19053 0.25058
vt 0.19310 0.22166
vt 0.16903 0.25487
vt 0.24939 0.22261
vt 0.15730 0.22367
vt 0.15549 0.25507
vt 0.13004 0.22968
vt 0.12656 0.25350
vt 0.29629 0.25099
vt 0.29129 0.22057
vt 0.31739 0.22219
vt 0.23493 0.22057
vt 0.32511 0.25125
vt 0.40071 0.22791
vt 0.37021 0.21994
vt 0.38243 0.24093
vt 0.34663 0.25250
vt 0.34708 0.22180
vt 0.37238 0.25475
vt 0.11765 0.24161
vt 0.10951 0.21984
vt 0.09409 0.22063
vt 0.09090 0.24074
vt 0.12497 0.21967
vt 0.13570 0.22040
vt 0.09535 0.25695
vt 0.39592 0.25497
vt 0.41750 0.25051
vt 0.40543 0.22408
vt 0.41770 0.22029
vt 0.37773 0.25674
vt 0.13426 0.21880
vt 0.39828 0.21827
vt 0.42562 0.23722
vt 0.42490 0.22140
vt 0.39905 0.22429
vt 0.08737 0.25291
vt 0.08594 0.22587
vt 0.27825 0.21931
vt 0.25004 0.21866
vt 0.42696 0.25455
vt 0.31329 0.25642
vt 0.28578 0.25514
vt 0.08521 0.24783
vt 0.20050 0.21838
vt 0.16536 0.21827
vt 0.41530 0.25636
vt 0.39935 0.25626
vt 0.33965 0.25698
vt 0.48828 0.39289
vt 0.49459 0.39289
vt 0.49200 0.39649
vt 0.95467 0.99367
vt 0.96668 0.98384
vt 0.95249 0.98427
vt 0.93719 0.98568
vt 0.93867 0.99595
vt 0.97165 0.98881
vt 0.93372 0.99090
vt 0.96802 0.97345
vt 0.95295 0.97395
vt 0.93652 0.97345
vt 0.97340 0.97945
vt 0.00526 0.09529
vt 0.01304 0.09001
vt 0.04115 0.08967
vt 0.04193 0.09676
vt 0.00409 0.09064
vt 0.04144 0.07876
vt 0.01124 0.07876
vt 0.00978 0.08452
vt 0.00406 0.08660
vt 0.31515 0.98155
vt 0.30707 0.96624
vt 0.31060 0.94464
vt 0.30883 0.98143
vt 0.30523 0.94475
vt 0.31515 0.94498
vt 0.85209 0.00541
vt 0.84383 0.00315
vt 0.84265 0.00945
vt 0.85337 0.00893
vt 0.85437 0.00315
vt 0.13096 0.80906
vt 0.13135 0.82881
vt 0.13920 0.81849
vt 0.13859 0.83993
vt 0.13931 0.80333
vt 0.12849 0.80333
vt 0.13046 0.84023
vt 0.52705 0.54050
vt 0.52705 0.52880
vt 0.52525 0.53365
vt 0.76803 0.87550
vt 0.78370 0.87609
vt 0.76600 0.87981
vt 0.77023 0.88320
vt 0.78404 0.88426
vt 0.78782 0.87683
vt 0.79285 0.87724
vt 0.80568 0.88022
vt 0.80547 0.88430
vt 0.76366 0.87704
vt 0.75752 0.87879
vt 0.75370 0.87507
vt 0.74873 0.87967
vt 0.74415 0.87444
vt 0.74450 0.88399
vt 0.75203 0.88614
vt 0.75545 0.88221
vt 0.74256 0.88011
vt 0.78618 0.87444
vt 0.09243 0.64041
vt 0.10415 0.64041
vt 0.09767 0.64401
vt 0.07349 0.22007
vt 0.07078 0.21557
vt 0.07078 0.21981
vt 0.51353 0.52160
vt 0.51533 0.52160
vt 0.51484 0.52430
vt 0.21506 0.40549
vt 0.21957 0.40549
vt 0.21765 0.40639
vt 0.98332 0.78293
vt 0.98049 0.78162
vt 0.98332 0.77903
vt 0.97971 0.78353
vt 0.04914 0.86001
vt 0.04734 0.85644
vt 0.04734 0.86094
vt 0.46573 0.78533
vt 0.46573 0.78173
vt 0.46303 0.78623
vt 0.08521 0.71111
vt 0.09219 0.69043
vt 0.09060 0.67277
vt 0.08978 0.71118
vt 0.08596 0.67192
vt 0.09693 0.67266
vt 0.09595 0.69439
vt 0.09693 0.71152
vt 0.17676 0.31098
vt 0.18003 0.32268
vt 0.18541 0.31098
vt 0.17628 0.32037
vt 0.18711 0.31630
vt 0.18490 0.32097
vt 0.13661 0.78117
vt 0.12940 0.77993
vt 0.13064 0.78994
vt 0.13661 0.79073
vt 0.13319 0.63781
vt 0.13263 0.63411
vt 0.12472 0.63861
vt 0.13661 0.63727
vt 0.12218 0.63411
vt 0.93334 0.81420
vt 0.94827 0.83465
vt 0.93453 0.84972
vt 0.94801 0.85976
vt 0.94654 0.90358
vt 0.93400 0.86922
vt 0.93163 0.90572
vt 0.93242 0.93226
vt 0.94860 0.92570
vt 0.94746 0.95523
vt 0.93314 0.96554
vt 0.94848 0.96742
vt 0.94997 0.82335
vt 0.94738 0.78495
vt 0.93168 0.79123
vt 0.93337 0.76441
vt 0.94853 0.74310
vt 0.93451 0.73170
vt 0.94824 0.71121
vt 0.93215 0.71496
vt 0.94901 0.68861
vt 0.93091 0.68847
vt 0.92971 0.85891
vt 0.93048 0.87803
vt 0.92972 0.82732
vt 0.95080 0.78001
vt 0.92962 0.96520
vt 0.95068 0.86741
vt 0.95019 0.85514
vt 0.95085 0.84509
vt 0.93191 0.67977
vt 0.95090 0.90493
vt 0.92922 0.79642
vt 0.95120 0.74486
vt 0.95154 0.73305
vt 0.95176 0.71200
vt 0.95084 0.93333
vt 0.95019 0.67732
vt 0.95139 0.96805
vt 0.95176 0.95170
vt 0.95165 0.68861
vt 0.80433 0.44959
vt 0.80027 0.44599
vt 0.80658 0.44599
vt 0.72092 0.01125
vt 0.71551 0.01246
vt 0.72092 0.01485
vt 0.98074 0.48310
vt 0.97971 0.47714
vt 0.98693 0.47633
vt 0.98236 0.48740
vt 0.98693 0.48595
vt 0.98322 0.47300
vt 0.74536 0.41330
vt 0.75833 0.41577
vt 0.76060 0.43880
vt 0.74028 0.44059
vt 0.73805 0.42087
vt 0.73839 0.41348
vt 0.74890 0.40819
vt 0.76060 0.41168
vt 0.16546 0.80860
vt 0.16439 0.80844
vt 0.16084 0.81683
vt 0.16529 0.80387
vt 0.16005 0.80992
vt 0.16200 0.80333
vt 0.16529 0.81465
vt 0.53427 0.49820
vt 0.54058 0.49820
vt 0.53737 0.50180
vt 0.20471 0.32280
vt 0.21643 0.34089
vt 0.22424 0.32188
vt 0.23133 0.33938
vt 0.24038 0.32093
vt 0.18716 0.32403
vt 0.16397 0.32660
vt 0.18575 0.33992
vt 0.25508 0.33020
vt 0.25254 0.32270
vt 0.25641 0.34076
vt 0.27873 0.32957
vt 0.28783 0.33889
vt 0.29868 0.33764
vt 0.30654 0.32242
vt 0.32850 0.34020
vt 0.34715 0.33216
vt 0.33126 0.32032
vt 0.36111 0.32113
vt 0.38710 0.32321
vt 0.37114 0.33976
vt 0.41452 0.32984
vt 0.42494 0.32270
vt 0.45672 0.34182
vt 0.27758 0.32041
vt 0.26807 0.32273
vt 0.26582 0.32346
vt 0.45626 0.32662
vt 0.26752 0.32564
vt 0.38989 0.34212
vt 0.41237 0.34293
vt 0.42963 0.34268
vt 0.16962 0.33585
vt 0.16463 0.33984
vt 0.15824 0.33475
vt 0.13739 0.32696
vt 0.12464 0.34111
vt 0.12108 0.33366
vt 0.11634 0.32791
vt 0.15183 0.34210
vt 0.11635 0.33473
vt 0.10702 0.32689
vt 0.13381 0.32177
vt 0.10926 0.33878
vt 0.14675 0.32220
vt 0.11774 0.34178
vt 0.10980 0.36042
vt 0.11622 0.36604
vt 0.10632 0.36859
vt 0.12455 0.36295
vt 0.23990 0.34352
vt 0.10240 0.32349
vt 0.08864 0.32785
vt 0.08245 0.32424
vt 0.08118 0.32859
vt 0.07701 0.32656
vt 0.07925 0.32034
vt 0.07276 0.32423
vt 0.06927 0.33018
vt 0.06898 0.32445
vt 0.07138 0.32026
vt 0.07605 0.31908
vt 0.44103 0.32075
vt 0.15862 0.33925
vt 0.12114 0.33876
vt 0.30236 0.34199
vt 0.26506 0.31958
vt 0.45565 0.32074
vt 0.19920 0.34382
vt 0.27792 0.34372
vt 0.16600 0.34493
vt 0.37102 0.34368
vt 0.35050 0.34389
vt 0.26960 0.34405
vt 0.14471 0.34475
vt 0.12796 0.34575
vt 0.07695 0.32921
vt 0.07123 0.33447
vt 0.07916 0.33466
vt 0.07501 0.33682
vt 0.30072 0.31908
vt 0.31142 0.34449
vt 0.21934 0.34469
vt 0.69733 0.30828
vt 0.70108 0.30468
vt 0.69394 0.30490
vt 0.68756 0.30468
vt 0.96264 0.10353
vt 0.96979 0.09676
vt 0.93440 0.10277
vt 0.93282 0.09676
vt 0.96873 0.10299
vt 0.93506 0.11009
vt 0.96187 0.11386
vt 0.25473 0.00239
vt 0.25383 0.02905
vt 0.25982 0.02909
vt 0.26076 0.00046
vt 0.26574 0.02925
vt 0.26604 0.00177
vt 0.26991 0.02872
vt 0.29814 0.00045
vt 0.28540 0.00941
vt 0.27599 0.02823
vt 0.29813 0.02761
vt 0.31941 0.00119
vt 0.33113 0.02791
vt 0.34491 0.00321
vt 0.27895 0.00099
vt 0.34102 0.00046
vt 0.34456 0.02719
vt 0.28095 0.01096
vt 0.27214 0.00057
vt 0.44500 0.59877
vt 0.43598 0.58162
vt 0.44331 0.57205
vt 0.43720 0.60171
vt 0.43611 0.56571
vt 0.44500 0.56691
vt 0.94443 0.00888
vt 0.91569 0.00945
vt 0.91741 0.00045
vt 0.94454 0.00045
vt 0.05619 0.32372
vt 0.06718 0.32009
vt 0.06055 0.31098
vt 0.06406 0.32448
vt 0.06718 0.31324
vt 0.05455 0.31465
vt 0.35573 0.62061
vt 0.35573 0.63150
vt 0.35259 0.63591
vt 0.35122 0.62528
vt 0.81864 0.62091
vt 0.81289 0.61521
vt 0.81921 0.61521
vt 0.81351 0.62241
vt 0.60724 0.14989
vt 0.60510 0.15552
vt 0.60280 0.15026
vt 0.60911 0.15887
vt 0.60911 0.14176
vt 0.54618 0.84930
vt 0.55320 0.85352
vt 0.54751 0.85374
vt 0.54238 0.85340
vt 0.55320 0.84833
vt 0.92290 0.54345
vt 0.92290 0.55253
vt 0.91658 0.54569
vt 0.92006 0.53609
vt 0.91530 0.55581
vt 0.91765 0.53420
vt 0.91298 0.55084
vt 0.01678 0.36691
vt 0.03927 0.37318
vt 0.01536 0.36229
vt 0.03855 0.37669
vt 0.01217 0.36819
vt 0.05005 0.36229
vt 0.56235 0.34318
vt 0.56900 0.34030
vt 0.54677 0.33978
vt 0.57956 0.34303
vt 0.59087 0.34121
vt 0.54327 0.34504
vt 0.54053 0.34275
vt 0.52199 0.34430
vt 0.58674 0.34788
vt 0.51970 0.34164
vt 0.49042 0.34337
vt 0.49915 0.34051
vt 0.47746 0.34144
vt 0.59055 0.34454
vt 0.60682 0.34526
vt 0.61056 0.34145
vt 0.61722 0.33978
vt 0.06569 0.78843
vt 0.08431 0.77676
vt 0.08312 0.80948
vt 0.06731 0.80815
vt 0.06746 0.76482
vt 0.08400 0.75095
vt 0.06774 0.73618
vt 0.08337 0.73069
vt 0.06709 0.71886
vt 0.08366 0.70738
vt 0.06731 0.69836
vt 0.06828 0.66985
vt 0.08431 0.67026
vt 0.06585 0.83785
vt 0.08159 0.83876
vt 0.08305 0.86618
vt 0.06565 0.87298
vt 0.08241 0.88202
vt 0.08343 0.90504
vt 0.06306 0.90262
vt 0.06532 0.76026
vt 0.06417 0.74721
vt 0.06378 0.80352
vt 0.06400 0.69144
vt 0.06564 0.66832
vt 0.06267 0.72109
vt 0.84964 0.97525
vt 0.85395 0.99235
vt 0.86007 0.98493
vt 0.83549 0.99502
vt 0.83363 0.97534
vt 0.86145 0.97534
vt 0.86339 0.99241
vt 0.85914 0.99595
vt 0.89668 0.59512
vt 0.92110 0.59046
vt 0.91673 0.60419
vt 0.89328 0.60589
vt 0.92027 0.57436
vt 0.89503 0.56931
vt 0.89404 0.58190
vt 0.89225 0.60497
vt 0.89259 0.61341
vt 0.92110 0.60537
vt 0.91797 0.57086
vt 0.26977 0.81999
vt 0.26646 0.81557
vt 0.27006 0.81308
vt 0.26904 0.80712
vt 0.26734 0.80603
vt 0.27006 0.82403
vt 0.99682 0.20657
vt 0.98955 0.19667
vt 0.99013 0.20641
vt 0.99955 0.19667
vt 0.98422 0.19915
vt 0.82992 0.01665
vt 0.83524 0.00675
vt 0.83642 0.01634
vt 0.82552 0.00675
vt 0.84175 0.01383
vt 0.97524 0.26141
vt 0.98122 0.26254
vt 0.97430 0.25646
vt 0.97964 0.25428
vt 0.98968 0.25428
vt 0.99504 0.25675
vt 0.98911 0.26403
vt 0.98239 0.26418
vt 0.41849 0.39228
vt 0.39956 0.39014
vt 0.40393 0.39345
vt 0.39723 0.39597
vt 0.38841 0.39252
vt 0.38204 0.39410
vt 0.37336 0.38986
vt 0.37499 0.39295
vt 0.36713 0.39205
vt 0.34171 0.38853
vt 0.34790 0.39307
vt 0.33591 0.39290
vt 0.32064 0.39231
vt 0.31917 0.38873
vt 0.30958 0.39121
vt 0.29891 0.38901
vt 0.30076 0.39453
vt 0.28450 0.39147
vt 0.28159 0.38761
vt 0.26768 0.38639
vt 0.26160 0.39013
vt 0.25395 0.38770
vt 0.25028 0.38362
vt 0.24798 0.38918
vt 0.23805 0.38314
vt 0.22931 0.38576
vt 0.21510 0.38373
vt 0.20510 0.37989
vt 0.19553 0.38228
vt 0.18687 0.37849
vt 0.17170 0.38270
vt 0.16163 0.37987
vt 0.15645 0.38143
vt 0.41251 0.40099
vt 0.43525 0.39098
vt 0.44329 0.39435
vt 0.45076 0.38967
vt 0.46143 0.39178
vt 0.46657 0.38649
vt 0.46981 0.38956
vt 0.48697 0.38636
vt 0.48126 0.39137
vt 0.49716 0.38819
vt 0.50707 0.38562
vt 0.50526 0.39057
vt 0.51446 0.38639
vt 0.53120 0.38127
vt 0.52734 0.38556
vt 0.54418 0.38493
vt 0.55892 0.38149
vt 0.55563 0.38487
vt 0.57257 0.38326
vt 0.57689 0.37849
vt 0.58137 0.38583
vt 0.58723 0.37934
vt 0.59099 0.38106
vt 0.53294 0.38976
vt 0.59288 0.38665
vt 0.02933 0.81950
vt 0.03971 0.84082
vt 0.02280 0.82155
vt 0.04373 0.82105
vt 0.01249 0.82165
vt 0.04257 0.79946
vt 0.02790 0.79371
vt 0.04315 0.78945
vt 0.02709 0.78267
vt 0.02810 0.75746
vt 0.04256 0.77725
vt 0.04165 0.74000
vt 0.02719 0.73296
vt 0.04176 0.71181
vt 0.02049 0.73167
vt 0.00817 0.70771
vt 0.01934 0.68595
vt 0.04004 0.69357
vt 0.00847 0.73177
vt 0.02590 0.75951
vt 0.01027 0.76010
vt 0.00879 0.79417
vt 0.00969 0.68353
vt 0.02391 0.68110
vt 0.04192 0.67732
vt 0.01075 0.83305
vt 0.02678 0.85205
vt 0.02842 0.85510
vt 0.04317 0.86425
vt 0.02847 0.87917
vt 0.04320 0.89947
vt 0.00935 0.85221
vt 0.01218 0.88059
vt 0.01101 0.91694
vt 0.02755 0.91779
vt 0.04280 0.91135
vt 0.04292 0.93257
vt 0.02781 0.93046
vt 0.02703 0.94588
vt 0.04373 0.95582
vt 0.03853 0.96557
vt 0.01169 0.95864
vt 0.00926 0.94686
vt 0.00941 0.81922
vt 0.01521 0.96625
vt 0.02888 0.67812
vt 0.00641 0.82308
vt 0.00732 0.89552
vt 0.00792 0.91848
vt 0.00724 0.87972
vt 0.00637 0.76479
vt 0.00657 0.79064
vt 0.00586 0.85234
vt 0.01083 0.87794
vt 0.86515 0.82756
vt 0.86733 0.84605
vt 0.86504 0.84874
vt 0.86882 0.83435
vt 0.86774 0.82239
vt 0.86620 0.80969
vt 0.86967 0.73656
vt 0.87001 0.71223
vt 0.88632 0.72239
vt 0.88842 0.73871
vt 0.87138 0.74699
vt 0.88805 0.76152
vt 0.87169 0.75590
vt 0.87134 0.76803
vt 0.88765 0.77514
vt 0.86994 0.77982
vt 0.88512 0.78690
vt 0.86869 0.79348
vt 0.87166 0.81047
vt 0.88557 0.82323
vt 0.87069 0.84666
vt 0.88775 0.85017
vt 0.88908 0.86510
vt 0.86619 0.85855
vt 0.87699 0.71303
vt 0.88502 0.68031
vt 0.86975 0.68831
vt 0.86705 0.67777
vt 0.87000 0.67074
vt 0.87106 0.65660
vt 0.88227 0.65004
vt 0.87173 0.64250
vt 0.86974 0.63144
vt 0.88742 0.62636
vt 0.88135 0.61144
vt 0.86946 0.61902
vt 0.86846 0.61249
vt 0.86811 0.60043
vt 0.86899 0.58537
vt 0.88755 0.58052
vt 0.87248 0.57746
vt 0.88895 0.56222
vt 0.87325 0.56897
vt 0.87340 0.55758
vt 0.88813 0.54226
vt 0.86707 0.62875
vt 0.87395 0.54706
vt 0.87342 0.53690
vt 0.86710 0.57964
vt 0.88926 0.64162
vt 0.86688 0.59098
vt 0.88998 0.67574
vt 0.88973 0.64872
vt 0.89042 0.65654
vt 0.88981 0.79366
vt 0.89044 0.80774
vt 0.88975 0.82692
vt 0.88983 0.70289
vt 0.88931 0.68768
vt 0.87311 0.86630
vt 0.88647 0.86724
vt 0.86610 0.79995
vt 0.86740 0.72103
vt 0.89044 0.71392
vt 0.86677 0.78756
vt 0.86631 0.78018
vt 0.86679 0.73281
vt 0.86577 0.69748
vt 0.86539 0.67661
vt 0.86429 0.73874
vt 0.86918 0.74442
vt 0.86461 0.71286
vt 0.36020 0.15010
vt 0.39350 0.13076
vt 0.36295 0.13043
vt 0.32574 0.13215
vt 0.33206 0.15003
vt 0.39121 0.14703
vt 0.40938 0.13604
vt 0.30668 0.15198
vt 0.40244 0.15014
vt 0.41453 0.15017
vt 0.45152 0.13217
vt 0.44165 0.14923
vt 0.47112 0.14677
vt 0.49844 0.13071
vt 0.48702 0.14793
vt 0.50742 0.14751
vt 0.52370 0.13002
vt 0.54542 0.14520
vt 0.54599 0.13376
vt 0.29407 0.15065
vt 0.28109 0.13333
vt 0.26905 0.13531
vt 0.26350 0.15035
vt 0.24997 0.13698
vt 0.24288 0.14985
vt 0.25479 0.13385
vt 0.22447 0.15225
vt 0.20897 0.13576
vt 0.20781 0.15257
vt 0.41965 0.12961
vt 0.20063 0.14823
vt 0.20082 0.13392
vt 0.54578 0.12826
vt 0.53219 0.14983
vt 0.37434 0.15220
vt 0.20195 0.12826
vt 0.54479 0.14945
vt 0.46649 0.15109
vt 0.44525 0.12903
vt 0.46254 0.12842
vt 0.49974 0.15058
vt 0.30085 0.63411
vt 0.30650 0.63951
vt 0.32899 0.63411
vt 0.27547 0.63590
vt 0.34310 0.63650
vt 0.98111 0.27222
vt 0.96453 0.30886
vt 0.96368 0.29246
vt 0.96276 0.27204
vt 0.96397 0.25367
vt 0.98693 0.28652
vt 0.98578 0.29887
vt 0.98538 0.30867
vt 0.98432 0.32663
vt 0.96246 0.32456
vt 0.98326 0.34791
vt 0.98629 0.27916
vt 0.98693 0.35779
vt 0.98555 0.34522
vt 0.96009 0.31580
vt 0.96005 0.30670
vt 0.95985 0.29505
vt 0.95943 0.28347
vt 0.96107 0.25828
vt 0.95869 0.24887
vt 0.96056 0.26791
vt 0.95807 0.32075
vt 0.13502 0.71821
vt 0.13120 0.73091
vt 0.13140 0.70762
vt 0.13451 0.69420
vt 0.13213 0.75113
vt 0.13144 0.67057
vt 0.13578 0.74358
vt 0.13661 0.67012
vt 0.13661 0.74699
vt 0.99279 0.66866
vt 0.98386 0.65088
vt 0.99594 0.66598
vt 0.98767 0.64668
vt 0.99065 0.72091
vt 0.98531 0.71060
vt 0.98739 0.69527
vt 0.98707 0.72522
vt 0.98994 0.73987
vt 0.97971 0.69321
vt 0.98625 0.68221
vt 0.98208 0.67349
vt 0.98512 0.66468
vt 0.98059 0.66120
vt 0.98312 0.73418
vt 0.98889 0.75405
vt 0.99339 0.76390
vt 0.99159 0.77658
vt 0.99594 0.78344
vt 0.99513 0.79253
vt 0.98151 0.64311
vt 0.27994 0.66899
vt 0.28540 0.67031
vt 0.28781 0.66816
vt 0.27183 0.66483
vt 0.24152 0.66552
vt 0.24169 0.66841
vt 0.21967 0.66431
vt 0.21924 0.66850
vt 0.19711 0.66768
vt 0.19296 0.66314
vt 0.16175 0.66706
vt 0.16048 0.66336
vt 0.13724 0.66443
vt 0.29395 0.66484
vt 0.14042 0.66881
vt 0.12704 0.66598
vt 0.12916 0.64872
vt 0.17147 0.65047
vt 0.09548 0.66407
vt 0.24214 0.65073
vt 0.27929 0.64985
vt 0.07556 0.64776
vt 0.20647 0.64901
vt 0.06365 0.66200
vt 0.03871 0.64651
vt 0.02904 0.66157
vt 0.00118 0.66136
vt 0.00045 0.64581
vt 0.29894 0.66652
vt 0.29621 0.64938
vt 0.33512 0.65006
vt 0.31722 0.66422
vt 0.33725 0.66662
vt 0.34850 0.65019
vt 0.16474 0.64650
vt 0.14650 0.64581
vt 0.34655 0.66679
vt 0.29414 0.66839
vt 0.35594 0.66611
vt 0.35663 0.65256
vt 0.25352 0.74716
vt 0.22548 0.74703
vt 0.23944 0.76202
vt 0.23616 0.73332
vt 0.26685 0.73187
vt 0.25247 0.71399
vt 0.25844 0.70676
vt 0.26549 0.69833
vt 0.28040 0.71145
vt 0.27362 0.68716
vt 0.28541 0.67622
vt 0.30033 0.69196
vt 0.31093 0.67717
vt 0.23085 0.77564
vt 0.21539 0.75629
vt 0.20008 0.77464
vt 0.19507 0.78045
vt 0.19613 0.81321
vt 0.21460 0.78949
vt 0.18990 0.78723
vt 0.17868 0.80180
vt 0.15857 0.85738
vt 0.16679 0.81713
vt 0.15753 0.83021
vt 0.17912 0.83336
vt 0.14524 0.84133
vt 0.13426 0.85774
vt 0.14523 0.87547
vt 0.13323 0.89169
vt 0.11696 0.87476
vt 0.11273 0.88285
vt 0.09976 0.89769
vt 0.12245 0.90526
vt 0.11358 0.91600
vt 0.10160 0.92892
vt 0.08418 0.91630
vt 0.07396 0.93231
vt 0.09439 0.93861
vt 0.07380 0.96386
vt 0.05697 0.95180
vt 0.06293 0.97817
vt 0.04827 0.96162
vt 0.04719 0.98698
vt 0.03680 0.97494
vt 0.02755 0.98526
vt 0.05035 0.99955
vt 0.22074 0.78744
vt 0.21023 0.80047
vt 0.31738 0.66906
vt 0.15118 0.83401
vt 0.15812 0.82455
vt 0.38888 0.35599
vt 0.41251 0.36828
vt 0.42009 0.35564
vt 0.42386 0.37130
vt 0.45483 0.35616
vt 0.46728 0.36609
vt 0.43700 0.37311
vt 0.42857 0.37317
vt 0.48073 0.35215
vt 0.49510 0.36444
vt 0.49545 0.35212
vt 0.50949 0.36441
vt 0.48470 0.37227
vt 0.49485 0.37209
vt 0.39930 0.36761
vt 0.39039 0.36625
vt 0.38349 0.36699
vt 0.36153 0.35321
vt 0.37719 0.36931
vt 0.36621 0.37357
vt 0.34801 0.37391
vt 0.34373 0.35706
vt 0.33831 0.37337
vt 0.32491 0.36658
vt 0.30434 0.35658
vt 0.31051 0.36591
vt 0.30282 0.36557
vt 0.29233 0.36476
vt 0.28563 0.36589
vt 0.26732 0.35334
vt 0.27296 0.37355
vt 0.24133 0.36884
vt 0.25134 0.35303
vt 0.28455 0.37356
vt 0.32871 0.37181
vt 0.46621 0.37183
vt 0.50664 0.35006
vt 0.52297 0.35181
vt 0.52186 0.36544
vt 0.53280 0.36630
vt 0.54584 0.35129
vt 0.54590 0.37149
vt 0.55559 0.37129
vt 0.56642 0.35444
vt 0.57123 0.37012
vt 0.58978 0.34920
vt 0.58296 0.37002
vt 0.59475 0.36996
vt 0.60395 0.37059
vt 0.61327 0.36587
vt 0.60763 0.35367
vt 0.61866 0.36579
vt 0.62689 0.36579
vt 0.62723 0.34929
vt 0.64111 0.36554
vt 0.63972 0.35002
vt 0.65219 0.36622
vt 0.65780 0.34698
vt 0.65632 0.37064
vt 0.45246 0.37468
vt 0.24114 0.35563
vt 0.31451 0.35255
vt 0.33573 0.35241
vt 0.35274 0.35094
vt 0.44169 0.35164
vt 0.45340 0.35082
vt 0.46279 0.35029
vt 0.29670 0.35044
vt 0.26368 0.37485
vt 0.25188 0.37644
vt 0.24166 0.37433
vt 0.28735 0.35055
vt 0.37654 0.35057
vt 0.38419 0.35056
vt 0.39267 0.35066
vt 0.41105 0.35015
vt 0.42089 0.35150
vt 0.43042 0.34962
vt 0.26263 0.35095
vt 0.23913 0.35312
vt 0.27640 0.35025
vt 0.34231 0.37585
vt 0.35631 0.37538
vt 0.36939 0.37627
vt 0.38122 0.37565
vt 0.60909 0.36896
vt 0.32187 0.35004
vt 0.24678 0.34917
vt 0.33460 0.37939
vt 0.48243 0.34735
vt 0.33916 0.34955
vt 0.23542 0.34698
vt 0.23309 0.34969
vt 0.69369 0.13963
vt 0.71654 0.11653
vt 0.68836 0.11907
vt 0.65576 0.13896
vt 0.72650 0.14052
vt 0.73473 0.14060
vt 0.73661 0.11367
vt 0.76644 0.11621
vt 0.76406 0.14176
vt 0.78450 0.14031
vt 0.78654 0.11702
vt 0.80606 0.11598
vt 0.80466 0.14167
vt 0.83804 0.14035
vt 0.83156 0.11987
vt 0.86036 0.14058
vt 0.85880 0.12359
vt 0.86671 0.13142
vt 0.85240 0.11845
vt 0.87782 0.14023
vt 0.84843 0.11482
vt 0.67986 0.11422
vt 0.65426 0.11404
vt 0.63697 0.11410
vt 0.63587 0.13895
vt 0.60960 0.13536
vt 0.60359 0.11514
vt 0.59592 0.13909
vt 0.57928 0.13890
vt 0.56919 0.11380
vt 0.55361 0.13752
vt 0.55361 0.11556
vt 0.82556 0.11494
vt 0.70604 0.11323
vt 0.61761 0.14012
vt 0.55375 0.11170
vt 0.77388 0.11320
vt 0.60115 0.11119
vt 0.57590 0.11026
vt 0.86996 0.13238
vt 0.55320 0.13990
vt 0.81852 0.11224
vt 0.84480 0.11118
vt 0.83052 0.11026
vt 0.77337 0.24617
vt 0.77518 0.25068
vt 0.77934 0.24617
vt 0.78133 0.25046
vt 0.76871 0.24944
vt 0.90406 0.77357
vt 0.92476 0.75899
vt 0.92605 0.78865
vt 0.90025 0.73801
vt 0.92622 0.73639
vt 0.92539 0.72417
vt 0.90275 0.70146
vt 0.92643 0.70024
vt 0.92655 0.68423
vt 0.89887 0.67054
vt 0.92406 0.65975
vt 0.90042 0.64953
vt 0.89895 0.62970
vt 0.92449 0.63407
vt 0.92411 0.60891
vt 0.89778 0.60959
vt 0.92353 0.80956
vt 0.90225 0.79767
vt 0.92432 0.83841
vt 0.90017 0.82990
vt 0.92368 0.86263
vt 0.89954 0.86309
vt 0.92236 0.89773
vt 0.91454 0.89938
vt 0.89856 0.89545
vt 0.91366 0.90483
vt 0.90960 0.90822
vt 0.89865 0.90802
vt 0.92264 0.90621
vt 0.89828 0.77812
vt 0.89896 0.76609
vt 0.92687 0.66475
vt 0.89766 0.80517
vt 0.92713 0.64712
vt 0.92640 0.81754
vt 0.92426 0.90864
vt 0.92703 0.87904
vt 0.92519 0.89448
vt 0.92831 0.84265
vt 0.92831 0.62356
vt 0.97971 0.35599
vt 0.97664 0.36049
vt 0.97430 0.35599
vt 0.41854 0.12132
vt 0.41343 0.12196
vt 0.41686 0.12065
vt 0.40696 0.12042
vt 0.42498 0.11566
vt 0.43417 0.11951
vt 0.42839 0.11622
vt 0.40532 0.11566
vt 0.41223 0.11661
vt 0.21468 0.39331
vt 0.21145 0.39730
vt 0.21457 0.39291
vt 0.21658 0.39132
vt 0.21867 0.38839
vt 0.21399 0.39465
vt 0.21867 0.40459
vt 0.81199 0.92437
vt 0.81740 0.93124
vt 0.81740 0.92214
vt 0.81495 0.93384
vt 0.90216 0.54920
vt 0.90332 0.54583
vt 0.90377 0.54819
vt 0.90460 0.54507
vt 0.90387 0.55062
vt 0.90577 0.54320
vt 0.90577 0.55311
vt 0.05667 0.75423
vt 0.05726 0.75346
vt 0.05636 0.75023
vt 0.05636 0.75563
vt 0.18079 0.49010
vt 0.17989 0.49153
vt 0.18079 0.49280
vt 0.86599 0.87773
vt 0.86605 0.87679
vt 0.86339 0.87679
vt 0.86597 0.87804
vt 0.86610 0.87444
vt 0.00000 1.00000
vt 0.00000 1.00000
vt 0.00000 1.00000
vt 0.00000 1.00000
vt 0.64077 0.49494
vt 0.64337 0.49460
vt 0.64107 0.49589
vt 0.64152 0.49730
vt 0.64067 0.49460
vt 0.60821 0.00566
vt 0.60807 0.00405
vt 0.60730 0.00558
vt 0.60807 0.00675
vt 0.96044 0.50947
vt 0.95990 0.51298
vt 0.96063 0.51112
vt 0.96168 0.50810
vt 0.96168 0.51620
vt 0.95897 0.51204
vt 0.92508 0.53130
vt 0.92290 0.53229
vt 0.92492 0.53050
vt 0.92484 0.53010
vt 0.92476 0.52970
vt 0.92365 0.53330
vt 0.92741 0.53229
vt 0.09193 0.30918
vt 0.09198 0.30945
vt 0.08882 0.31008
vt 0.09333 0.30918
vt 0.00000 1.00000
vt 0.00000 1.00000
vt 0.00000 1.00000
vt 0.00000 1.00000
vt 0.00000 1.00000
vt 0.00000 1.00000
vt 0.99053 0.21860
vt 0.98937 0.21867
vt 0.98892 0.21847
vt 0.99036 0.22097
vt 0.99036 0.21647
vt 0.98830 0.21837
vt 0.98783 0.21829
vt 0.00000 1.00000
vt 0.00000 1.00000
vt 0.00000 1.00000
vt 0.89585 0.26593
vt 0.89353 0.26533
vt 0.89354 0.26598
vt 0.89353 0.26508
vt 0.89225 0.26593
vt 0.06818 0.17682
vt 0.07013 0.17679
vt 0.06739 0.17507
vt 0.06447 0.17687
vt 0.07169 0.17687
vt 0.16546 0.86419
vt 0.16634 0.86194
vt 0.16575 0.86190
vt 0.16637 0.85824
vt 0.16637 0.86544
vt 0.16634 0.86390
vt 0.80027 0.08797
vt 0.80206 0.09226
vt 0.80207 0.09101
vt 0.80207 0.08872
vt 0.80206 0.08506
vt 0.71663 0.81073
vt 0.71592 0.80963
vt 0.71605 0.81316
vt 0.73084 0.80963
vt 0.72850 0.81444
vt 0.72000 0.81593
vt 0.71484 0.81203
vt 0.71428 0.81159
vt 0.71393 0.81129
vt 0.71346 0.81093
vt 0.71317 0.81073
vt 0.71280 0.81044
vt 0.00000 1.00000
vt 0.00000 1.00000
vt 0.00000 1.00000
vt 0.00000 1.00000
vt 0.00000 1.00000
vt 0.00000 1.00000
vt 0.00000 1.00000
vt 0.00000 1.00000
vt 0.00000 1.00000
vt 0.08742 0.00676
vt 0.08653 0.00594
vt 0.08812 0.00441
vt 0.08463 0.00418
vt 0.08494 0.00448
vt 0.08746 0.00315
vt 0.08431 0.00389
vt 0.08539 0.00489
vt 0.08590 0.00535
vt 0.09123 0.01035
vt 0.10234 0.00389
vt 0.09979 0.00911
vt 0.08742 0.00707
vt 0.08626 0.00576
vt 0.15645 0.91392
vt 0.17150 0.90829
vt 0.17046 0.91452
vt 0.16066 0.90759
vt 0.17665 0.91516
vt 0.18165 0.90433
vt 0.17793 0.89630
vt 0.17582 0.88876
vt 0.18130 0.88121
vt 0.17454 0.87584
vt 0.18350 0.86184
vt 0.17496 0.86198
vt 0.16610 0.92121
vt 0.17478 0.92878
vt 0.17076 0.93683
vt 0.17441 0.94150
vt 0.17038 0.94800
vt 0.15825 0.95635
vt 0.18350 0.95403
vt 0.04914 0.62421
vt 0.05300 0.63141
vt 0.05906 0.62421
vt 0.04962 0.62866
vt 0.79409 0.94878
vt 0.79312 0.94033
vt 0.78938 0.94334
vt 0.78589 0.91638
vt 0.79893 0.94133
vt 0.80055 0.89025
vt 0.78676 0.89480
vt 0.80936 0.94155
vt 0.79918 0.95055
vt 0.81019 0.96440
vt 0.78751 0.88614
vt 0.80944 0.90884
vt 0.80959 0.88888
vt 0.78330 0.93122
vt 0.78565 0.95509
vt 0.79100 0.96625
vt 0.70915 0.90360
vt 0.73273 0.88872
vt 0.71796 0.88859
vt 0.73063 0.91880
vt 0.70807 0.91511
vt 0.72535 0.92318
vt 0.70607 0.89119
vt 0.73978 0.89282
vt 0.74832 0.90271
vt 0.74931 0.89342
vt 0.74673 0.92020
vt 0.69981 0.91728
vt 0.69970 0.89861
vt 0.68362 0.88988
vt 0.67755 0.91809
vt 0.68242 0.92822
vt 0.69956 0.88870
vt 0.70276 0.92785
vt 0.70079 0.93448
vt 0.68542 0.95811
vt 0.67455 0.93408
vt 0.66672 0.95886
vt 0.65807 0.94021
vt 0.65944 0.95492
vt 0.64776 0.95773
vt 0.66439 0.92402
vt 0.64359 0.94290
vt 0.65211 0.93247
vt 0.63756 0.93370
vt 0.69202 0.95413
vt 0.70164 0.95668
vt 0.63657 0.95520
vt 0.62495 0.93255
vt 0.62658 0.95729
vt 0.61083 0.95179
vt 0.61141 0.92928
vt 0.61912 0.92269
vt 0.63683 0.92713
vt 0.65244 0.92238
vt 0.62537 0.90419
vt 0.65135 0.89459
vt 0.63723 0.89066
vt 0.61339 0.88673
vt 0.61098 0.91583
vt 0.60490 0.91966
vt 0.60493 0.90121
vt 0.67754 0.92539
vt 0.66562 0.91521
vt 0.67813 0.90355
vt 0.66883 0.88913
vt 0.65898 0.91403
vt 0.65953 0.89593
vt 0.73828 0.92920
vt 0.66015 0.92442
vt 0.75048 0.90278
vt 0.60649 0.92790
vt 0.60463 0.94110
vt 0.59443 0.93510
vt 0.59917 0.94678
vt 0.58177 0.93942
vt 0.58100 0.96128
vt 0.57488 0.94276
vt 0.56872 0.95789
vt 0.55320 0.94168
vt 0.55533 0.95662
vt 0.57501 0.93318
vt 0.55572 0.93175
vt 0.60143 0.95788
vt 0.57019 0.92441
vt 0.58036 0.91704
vt 0.58875 0.89801
vt 0.56649 0.90332
vt 0.55582 0.89621
vt 0.56416 0.88661
vt 0.59209 0.92621
vt 0.59862 0.88640
vt 0.70834 0.93740
vt 0.65314 0.88614
vt 0.75698 0.91969
vt 0.75575 0.89984
vt 0.76961 0.90968
vt 0.76407 0.89486
vt 0.78433 0.89138
vt 0.76642 0.92428
vt 0.76881 0.93061
vt 0.76480 0.94688
vt 0.76377 0.96103
vt 0.75578 0.94867
vt 0.75934 0.93083
vt 0.75182 0.92846
vt 0.74596 0.93979
vt 0.72688 0.93620
vt 0.72780 0.95521
vt 0.74659 0.94611
vt 0.74818 0.95815
vt 0.71345 0.95921
vt 0.71892 0.93828
vt 0.70583 0.95666
vt 0.72052 0.93079
vt 0.70901 0.92880
vt 0.75685 0.95914
vt 0.65962 0.88731
vt 0.60547 0.88670
vt 0.75074 0.89959
vt 0.05005 0.02475
vt 0.03497 0.01569
vt 0.04957 0.00675
vt 0.02660 0.00675
vt 0.99684 0.87804
vt 0.99234 0.88336
vt 0.99684 0.89334
vt 0.76420 0.88164
vt 0.76420 0.88614
vt 0.76601 0.88417
vt 0.53968 0.15257
vt 0.53714 0.15437
vt 0.53517 0.15257
vt 0.00000 1.00000
vt 0.00000 1.00000
vt 0.00000 1.00000
vt 0.00000 1.00000
vt 0.00000 1.00000
vt 0.00000 1.00000
vt 0.05455 0.94104
vt 0.05185 0.94157
vt 0.05227 0.94206
vt 0.05194 0.94279
vt 0.05185 0.94284
vt 0.00000 1.00000
vt 0.00000 1.00000
vt 0.00000 1.00000
vt 0.00000 1.00000
vt 0.00000 1.00000
vt 0.47475 0.37527
vt 0.47205 0.37489
vt 0.47475 0.37669
vt 0.14112 0.76214
vt 0.14923 0.74752
vt 0.14621 0.76441
vt 0.14923 0.76733
vt 0.79125 0.30648
vt 0.80929 0.30648
vt 0.80269 0.31728
vt 0.15074 0.39699
vt 0.15435 0.39829
vt 0.14992 0.39771
vt 0.15645 0.39379
vt 0.13030 0.39379
vt 0.46789 0.43069
vt 0.47656 0.42724
vt 0.47323 0.42709
vt 0.45311 0.42724
vt 0.18878 0.14392
vt 0.18801 0.14387
vt 0.19138 0.14806
vt 0.19138 0.13996
vt 0.19161 0.14109
vt 0.39009 0.00675
vt 0.38428 0.01542
vt 0.38809 0.02925
vt 0.40330 0.02778
vt 0.37679 0.02213
vt 0.37380 0.01996
vt 0.37196 0.01863
vt 0.40128 0.01283
vt 0.41163 0.00675
vt 0.37535 0.02135
vt 0.37365 0.01999
vt 0.00000 1.00000
vt 0.00000 1.00000
vt 0.00000 1.00000
vt 0.16784 0.05682
vt 0.16821 0.05392
vt 0.16642 0.05715
vt 0.16764 0.05389
vt 0.16781 0.05303
vt 0.16720 0.05430
vt 0.16776 0.05236
vt 0.16546 0.05277
vt 0.16699 0.05206
vt 0.16784 0.05086
vt 0.16756 0.05770
vt 0.16784 0.06076
vt 0.16836 0.05891
vt 0.16997 0.05926
vt 0.16890 0.05736
vt 0.16770 0.05746
vt 0.31695 0.68092
vt 0.31695 0.67912
vt 0.31605 0.67925
vt 0.00000 1.00000
vt 0.00000 1.00000
vt 0.00000 1.00000
vt 0.00000 1.00000
vt 0.01413 0.15083
vt 0.01228 0.15059
vt 0.01128 0.15161
vt 0.01451 0.14983
vt 0.01097 0.15033
vt 0.01161 0.15019
vt 0.01566 0.15257
vt 0.01540 0.15022
vt 0.01606 0.15029
vt 0.01758 0.15020
vt 0.00766 0.15020
vt 0.01107 0.14914
vt 0.00916 0.14806
vt 0.05455 0.19919
vt 0.05095 0.20324
vt 0.05262 0.20307
vt 0.05455 0.20657
vt 0.05126 0.20003
vt 0.05173 0.19757
vt 0.78043 0.49550
vt 0.78043 0.49010
vt 0.77953 0.49168
vt 0.64241 0.81487
vt 0.64157 0.81534
vt 0.64249 0.81413
vt 0.65064 0.81471
vt 0.64765 0.81683
vt 0.65239 0.81534
vt 0.64788 0.86904
vt 0.64659 0.86800
vt 0.64427 0.86724
vt 0.64527 0.86440
vt 0.64673 0.86609
vt 0.64489 0.86454
vt 0.64590 0.86378
vt 0.64788 0.85824
vt 0.64500 0.86427
vt 0.67856 0.00765
vt 0.67966 0.01035
vt 0.67674 0.00860
vt 0.68395 0.00860
vt 0.00000 1.00000
vt 0.00000 1.00000
vt 0.00000 1.00000
vt 0.56809 0.38736
vt 0.57038 0.38674
vt 0.56229 0.38659
vt 0.57214 0.38713
vt 0.56746 0.38839
vt 0.56222 0.38713
vt 0.38516 0.17912
vt 0.38461 0.17957
vt 0.38526 0.17950
vt 0.39179 0.17687
vt 0.38583 0.17772
vt 0.38368 0.17687
vt 0.95627 0.47390
vt 0.95627 0.47120
vt 0.95537 0.47142
vt 0.54509 0.83642
vt 0.54599 0.83933
vt 0.54539 0.83568
vt 0.54599 0.83393
vt 0.34072 0.49589
vt 0.32759 0.50360
vt 0.33567 0.49460
vt 0.32561 0.49460
vt 0.32146 0.50046
vt 0.33884 0.49847
vt 0.34671 0.49858
vt 0.34448 0.49914
vt 0.36384 0.01215
vt 0.35843 0.01215
vt 0.36135 0.01125
vt 0.88954 0.60924
vt 0.88818 0.61223
vt 0.88954 0.61611
vt 0.88848 0.61484
vt 0.88683 0.60891
vt 0.77800 0.59704
vt 0.78200 0.59991
vt 0.78369 0.59631
vt 0.77683 0.59631
vt 0.78404 0.59837
vt 0.10505 0.99775
vt 0.10813 0.99741
vt 0.10790 0.99685
vt 0.10956 0.99775
vt 0.48999 0.12376
vt 0.48647 0.12376
vt 0.49008 0.12286
vt 0.86610 0.08691
vt 0.86773 0.08851
vt 0.86790 0.08506
vt 0.86790 0.09136
vt 0.00000 1.00000
vt 0.00000 1.00000
vt 0.00000 1.00000
vt 0.00000 1.00000
vt 0.00000 1.00000
vt 0.00000 1.00000
vt 0.00000 1.00000
vt 0.00000 1.00000
vt 0.00000 1.00000
vt 0.00000 1.00000
vt 0.00000 1.00000
vt 0.00000 1.00000
vt 0.00000 1.00000
vt 0.11317 0.62781
vt 0.11310 0.62871
vt 0.11136 0.62781
vt 0.60009 0.96580
vt 0.60016 0.96535
vt 0.60099 0.96564
vt 0.60016 0.96625
vt 0.99685 0.40189
vt 0.99841 0.40369
vt 0.99684 0.40223
vt 0.99697 0.40258
vt 0.99741 0.40351
vt 0.99807 0.40268
vt 0.99955 0.40351
vt 0.00000 1.00000
vt 0.00000 1.00000
vt 0.00000 1.00000
vt 0.00000 1.00000
vt 0.00000 1.00000
vt 0.00000 1.00000
vt 0.00000 1.00000
vt 0.00000 1.00000
vt 0.00000 1.00000
vt 0.00000 1.00000
vt 0.00000 1.00000
vt 0.00000 1.00000
vt 0.00000 1.00000
vt 0.00000 1.00000
vt 0.00000 1.00000
vt 0.00000 1.00000
vt 0.00000 1.00000
vt 0.00000 1.00000
vt 0.00000 1.00000
vt 0.00000 1.00000
vt 0.00000 1.00000
vt 0.00000 1.00000
vt 0.61188 0.21377
vt 0.61195 0.21430
vt 0.61362 0.21467
vt 0.61181 0.21467
vt 0.33408 0.92498
vt 0.33346 0.92534
vt 0.33322 0.92518
vt 0.33361 0.92429
vt 0.33348 0.92420
vt 0.33318 0.92394
vt 0.33379 0.92583
vt 0.33318 0.92664
vt 0.00000 1.00000
vt 0.00000 1.00000
vt 0.00000 1.00000
vt 0.00000 1.00000
vt 0.00000 1.00000
vt 0.00000 1.00000
vt 0.00000 1.00000
vt 0.00000 1.00000
vt 0.00000 1.00000
vt 0.00000 1.00000
vt 0.00000 1.00000
vt 0.00000 1.00000
vt 0.47003 0.38309
vt 0.46923 0.38282
vt 0.46928 0.38479
vt 0.47161 0.38471
vt 0.46878 0.38218
vt 0.46947 0.38231
vt 0.46754 0.38119
vt 0.47475 0.38119
vt 0.28184 0.74065
vt 0.28359 0.74122
vt 0.28106 0.74122
vt 0.28088 0.74032
vt 0.10811 0.38832
vt 0.10683 0.38842
vt 0.10737 0.38884
vt 0.10836 0.38749
vt 0.10595 0.38810
vt 0.10956 0.38958
vt 0.10836 0.39379
vt 0.10415 0.34031
vt 0.10595 0.34158
vt 0.10595 0.32898
vt 0.10234 0.33904
vt 0.31154 0.37628
vt 0.31244 0.38389
vt 0.31244 0.37309
vt 0.00000 1.00000
vt 0.00000 1.00000
vt 0.00000 1.00000
vt 0.00000 1.00000
vt 0.00000 1.00000
vt 0.00000 1.00000
vt 0.00000 1.00000
vt 0.00000 1.00000
vt 0.52994 0.11887
vt 0.52944 0.11927
vt 0.52971 0.12016
vt 0.52928 0.11939
vt 0.52912 0.11952
vt 0.52885 0.11972
vt 0.53278 0.11746
vt 0.53427 0.11972
vt 0.34220 0.21737
vt 0.33728 0.22007
vt 0.33499 0.21737
vt 0.82755 0.85271
vt 0.81886 0.82113
vt 0.83734 0.83453
vt 0.81751 0.84137
vt 0.82035 0.79886
vt 0.83736 0.80844
vt 0.84194 0.81905
vt 0.84265 0.79358
vt 0.84249 0.85297
vt 0.83055 0.85280
vt 0.84053 0.77710
vt 0.82122 0.86577
vt 0.81740 0.86446
vt 0.83219 0.85415
vt 0.81928 0.76800
vt 0.83901 0.77345
vt 0.83778 0.74758
vt 0.81996 0.74052
vt 0.83655 0.72823
vt 0.84021 0.73085
vt 0.83257 0.72240
vt 0.81829 0.70371
vt 0.83248 0.69740
vt 0.81886 0.69111
vt 0.83366 0.68890
vt 0.84090 0.75495
vt 0.83701 0.67626
vt 0.83716 0.68830
vt 0.81886 0.67106
vt 0.83765 0.66015
vt 0.83441 0.63975
vt 0.83753 0.63108
vt 0.81952 0.65260
vt 0.83143 0.62892
vt 0.83332 0.61607
vt 0.82128 0.61521
vt 0.82173 0.63216
vt 0.81884 0.63439
vt 0.84017 0.61619
vt 0.82169 0.88804
vt 0.81814 0.88247
vt 0.81909 0.89457
vt 0.82302 0.91642
vt 0.81908 0.91784
vt 0.83956 0.90929
vt 0.82163 0.93435
vt 0.81796 0.94519
vt 0.81850 0.95987
vt 0.82392 0.96073
vt 0.84067 0.92721
vt 0.83958 0.96000
vt 0.84265 0.96175
vt 0.84091 0.91515
vt 0.84102 0.87498
vt 0.20783 0.01485
vt 0.21154 0.01446
vt 0.19522 0.00225
vt 0.21167 0.00827
vt 0.21315 0.00225
vt 0.21506 0.01174
vt 0.73984 0.00495
vt 0.74977 0.00315
vt 0.73535 0.00315
vt 0.32955 0.72908
vt 0.33255 0.72413
vt 0.33527 0.72629
vt 0.33880 0.71962
vt 0.32693 0.72755
vt 0.33936 0.72195
vt 0.33950 0.72795
vt 0.33936 0.74212
vt 0.33475 0.73616
vt 0.33310 0.74011
vt 0.32532 0.73766
vt 0.32803 0.73326
vt 0.32507 0.73447
vt 0.29351 0.62781
vt 0.28945 0.63321
vt 0.28269 0.62781
vt 0.89315 0.87692
vt 0.87384 0.86904
vt 0.88565 0.87867
vt 0.89174 0.87894
vt 0.89037 0.86904
vt 0.87151 0.87711
vt 0.87919 0.95353
vt 0.85528 0.94176
vt 0.88008 0.92787
vt 0.85662 0.95378
vt 0.85635 0.92560
vt 0.85819 0.90661
vt 0.88097 0.89844
vt 0.88198 0.87999
vt 0.85698 0.88132
vt 0.86526 0.96220
vt 0.87977 0.97041
vt 0.87309 0.97169
vt 0.87843 0.97897
vt 0.88187 0.95991
vt 0.88262 0.93992
vt 0.85540 0.89642
vt 0.88365 0.91552
vt 0.88434 0.89685
vt 0.88503 0.87984
vt 0.88322 0.97768
vt 0.88503 0.98695
vt 0.88165 0.98022
vt 0.66910 0.96978
vt 0.65275 0.99371
vt 0.68283 0.99219
vt 0.67789 0.97163
vt 0.63544 0.99096
vt 0.65191 0.97224
vt 0.62988 0.97289
vt 0.61316 0.99132
vt 0.61334 0.97047
vt 0.59136 0.97061
vt 0.58315 0.98918
vt 0.56346 0.97160
vt 0.55281 0.99180
vt 0.54022 0.97130
vt 0.53721 0.99022
vt 0.51570 0.97182
vt 0.50096 0.99118
vt 0.48656 0.99205
vt 0.68687 0.98553
vt 0.48647 0.97552
vt 0.68682 0.99319
vt 0.69246 0.98341
vt 0.69911 0.97165
vt 0.48685 0.96895
vt 0.69970 0.98354
vt 0.71074 0.98387
vt 0.71330 0.97246
vt 0.72556 0.98406
vt 0.72945 0.96986
vt 0.73454 0.98691
vt 0.75406 0.97140
vt 0.76786 0.98699
vt 0.77997 0.97116
vt 0.79625 0.98940
vt 0.79944 0.97285
vt 0.81487 0.98956
vt 0.83184 0.99025
vt 0.81953 0.97411
vt 0.83273 0.97437
vt 0.77195 0.98990
vt 0.75204 0.98975
vt 0.63079 0.96918
vt 0.71500 0.96925
vt 0.69249 0.96895
vt 0.65499 0.96906
vt 0.57174 0.99436
vt 0.61772 0.99407
vt 0.58382 0.99505
vt 0.53042 0.99426
vt 0.00733 0.32538
vt 0.01217 0.32493
vt 0.00762 0.32448
vt 0.00784 0.32578
vt 0.01068 0.32718
vt 0.00717 0.32526
vt 0.00702 0.32514
vt 0.00676 0.32493
vt 0.00000 1.00000
vt 0.00000 1.00000
vt 0.00000 1.00000
vt 0.00000 1.00000
vt 0.00000 1.00000
vt 0.00000 1.00000
vt 0.00000 1.00000
vt 0.00000 1.00000
vt 0.00000 1.00000
vt 0.00000 1.00000
vt 0.00947 0.23177
vt 0.00766 0.23133
vt 0.00777 0.23087
vt 0.00771 0.23177
vt 0.00000 1.00000
vt 0.00000 1.00000
vt 0.00000 1.00000
vt 0.00000 1.00000
vt 0.00000 1.00000
vt 0.90036 0.70252
vt 0.90036 0.70072
vt 0.89946 0.70245
vt 0.00000 1.00000
vt 0.00000 1.00000
vt 0.00000 1.00000
vt 0.00000 1.00000
vt 0.00000 1.00000
vt 0.00000 1.00000
vt 0.90079 0.25320
vt 0.90109 0.25932
vt 0.90843 0.25538
vt 0.90796 0.26234
vt 0.91408 0.27948
vt 0.87981 0.25754
vt 0.88472 0.25037
vt 0.87492 0.25603
vt 0.91532 0.25962
vt 0.91579 0.25142
vt 0.93034 0.25311
vt 0.93710 0.25495
vt 0.94006 0.24707
vt 0.95356 0.24753
vt 0.86544 0.24955
vt 0.86178 0.25342
vt 0.85618 0.24707
vt 0.28468 0.21211
vt 0.29653 0.18859
vt 0.28239 0.18768
vt 0.31021 0.21377
vt 0.32329 0.21187
vt 0.32076 0.18770
vt 0.26145 0.21342
vt 0.25903 0.18996
vt 0.34591 0.21255
vt 0.34263 0.19289
vt 0.23645 0.18902
vt 0.20444 0.20745
vt 0.24111 0.21179
vt 0.22206 0.18680
vt 0.20390 0.19553
vt 0.19666 0.18803
vt 0.36197 0.18732
vt 0.36901 0.21070
vt 0.38759 0.18642
vt 0.38709 0.21059
vt 0.39926 0.21111
vt 0.40985 0.18549
vt 0.42423 0.20228
vt 0.42253 0.20913
vt 0.43097 0.19575
vt 0.45004 0.20764
vt 0.44897 0.18582
vt 0.43296 0.18489
vt 0.42136 0.19476
vt 0.46480 0.18404
vt 0.46483 0.20791
vt 0.19687 0.19424
vt 0.18781 0.19781
vt 0.17138 0.18511
vt 0.14684 0.18609
vt 0.17531 0.21154
vt 0.15682 0.21133
vt 0.13931 0.20971
vt 0.19532 0.21285
vt 0.11998 0.21040
vt 0.11996 0.18464
vt 0.20794 0.21329
vt 0.19599 0.20768
vt 0.19214 0.19962
vt 0.33821 0.18602
vt 0.19735 0.18513
vt 0.15187 0.18371
vt 0.13176 0.18241
vt 0.11858 0.18137
vt 0.36021 0.18500
vt 0.43588 0.18137
vt 0.38809 0.18282
vt 0.41135 0.18273
vt 0.39901 0.50630
vt 0.39700 0.50900
vt 0.38729 0.50630
vt 0.98193 0.11476
vt 0.98151 0.10306
vt 0.98422 0.10306
vt 0.15713 0.01125
vt 0.16264 0.00741
vt 0.16138 0.00636
vt 0.16366 0.00405
vt 0.14382 0.00405
vt 0.67042 0.86303
vt 0.65825 0.84743
vt 0.65780 0.86337
vt 0.66940 0.84743
vt 0.66468 0.86814
vt 0.40622 0.51583
vt 0.40893 0.52262
vt 0.40674 0.52340
vt 0.40893 0.51170
vt 0.89044 0.26238
vt 0.87421 0.26238
vt 0.87727 0.26881
vt 0.88775 0.27048
vt 0.18620 0.01215
vt 0.18620 0.00045
vt 0.18079 0.00962
vt 0.16005 0.35509
vt 0.15464 0.35761
vt 0.15815 0.36433
vt 0.16005 0.36679
vt 0.39283 0.31128
vt 0.39016 0.31908
vt 0.38556 0.30948
vt 0.39360 0.31840
vt 0.39360 0.30648
vt 0.38278 0.31754
vt 0.45762 0.58551
vt 0.45098 0.57749
vt 0.45421 0.58641
vt 0.45762 0.57561
vt 0.44680 0.58296
vt 0.10866 0.87174
vt 0.10206 0.86377
vt 0.09784 0.86592
vt 0.10866 0.86184
vt 0.69577 0.14518
vt 0.72165 0.14360
vt 0.73406 0.14843
vt 0.74519 0.14490
vt 0.76198 0.14815
vt 0.76581 0.14356
vt 0.79937 0.14591
vt 0.70270 0.14896
vt 0.68012 0.14638
vt 0.68252 0.14356
vt 0.65960 0.14387
vt 0.29179 0.90615
vt 0.29591 0.90133
vt 0.29474 0.90725
vt 0.28692 0.89126
vt 0.27221 0.88507
vt 0.29550 0.87285
vt 0.28686 0.90544
vt 0.27323 0.90230
vt 0.27408 0.92893
vt 0.29645 0.92612
vt 0.29392 0.96809
vt 0.27363 0.95488
vt 0.27580 0.96912
vt 0.29646 0.88496
vt 0.28187 0.84389
vt 0.29690 0.83892
vt 0.29830 0.80384
vt 0.27283 0.80299
vt 0.29142 0.77186
vt 0.27225 0.82856
vt 0.27256 0.86258
vt 0.27066 0.78647
vt 0.27271 0.76438
vt 0.28246 0.74823
vt 0.29032 0.75797
vt 0.27470 0.74032
vt 0.29892 0.76962
vt 0.29867 0.77369
vt 0.29892 0.95552
vt 0.29776 0.96985
vt 0.29875 0.90377
vt 0.29382 0.88786
vt 0.27079 0.96947
vt 0.27017 0.88455
vt 0.27092 0.93665
vt 0.27058 0.92474
vt 0.27006 0.91891
vt 0.48265 0.44409
vt 0.44808 0.45829
vt 0.46716 0.46145
vt 0.48548 0.46166
vt 0.45445 0.43802
vt 0.47547 0.43789
vt 0.43901 0.43955
vt 0.42316 0.45072
vt 0.43117 0.45862
vt 0.49346 0.46098
vt 0.49526 0.44923
vt 0.48455 0.44074
vt 0.41881 0.43789
vt 0.50690 0.45791
vt 0.43787 0.46166
vt 0.41253 0.43998
vt 0.45307 0.46384
vt 0.44296 0.46479
vt 0.50097 0.46370
vt 0.50945 0.46373
vt 0.51443 0.46476
vt 0.47167 0.46490
vt 0.77801 0.34484
vt 0.77415 0.32641
vt 0.77858 0.33538
vt 0.78480 0.33953
vt 0.78765 0.35279
vt 0.78363 0.32306
vt 0.78281 0.31433
vt 0.77053 0.31885
vt 0.76905 0.30687
vt 0.78044 0.29478
vt 0.76628 0.29569
vt 0.79096 0.28979
vt 0.77087 0.28521
vt 0.76587 0.29055
vt 0.76240 0.27819
vt 0.77145 0.26976
vt 0.76602 0.26432
vt 0.78591 0.25548
vt 0.79655 0.25870
vt 0.80027 0.25068
vt 0.78172 0.36068
vt 0.78435 0.36401
vt 0.79954 0.36163
vt 0.79199 0.37272
vt 0.78655 0.37178
vt 0.79362 0.38474
vt 0.78489 0.38667
vt 0.78861 0.40689
vt 0.79574 0.40529
vt 0.79191 0.41496
vt 0.80027 0.41579
vt 0.78930 0.42162
vt 0.79647 0.42161
vt 0.79588 0.43190
vt 0.79121 0.44509
vt 0.78046 0.44233
vt 0.96515 0.82285
vt 0.96945 0.82118
vt 0.96745 0.83972
vt 0.96340 0.83760
vt 0.95997 0.85096
vt 0.96706 0.85369
vt 0.96412 0.81573
vt 0.96575 0.80776
vt 0.97114 0.81134
vt 0.95952 0.85908
vt 0.96901 0.80158
vt 0.96304 0.80142
vt 0.96653 0.79494
vt 0.97251 0.79584
vt 0.96979 0.77937
vt 0.97631 0.79433
vt 0.97701 0.77903
vt 0.96533 0.87123
vt 0.96091 0.88002
vt 0.95500 0.87770
vt 0.95446 0.89587
vt 0.96309 0.90031
vt 0.95751 0.90744
vt 0.97563 0.80226
vt 0.97701 0.91764
vt 0.00000 1.00000
vt 0.00000 1.00000
vt 0.00000 1.00000
vt 0.00000 1.00000
vt 0.00000 1.00000
vt 0.00000 1.00000
vt 0.00000 1.00000
vt 0.00000 1.00000
vt 0.26646 0.96355
vt 0.26498 0.96445
vt 0.26532 0.96359
vt 0.26375 0.96355
vt 0.02750 0.15257
vt 0.02750 0.15437
vt 0.02840 0.15381
vt 0.44684 0.75923
vt 0.44680 0.76034
vt 0.44770 0.76070
vt 0.44684 0.76144
vt 0.44684 0.76193
vt 0.00000 1.00000
vt 0.00000 1.00000
vt 0.00000 1.00000
vt 0.46664 0.18047
vt 0.46484 0.18137
vt 0.46483 0.18047
vt 0.00000 1.00000
vt 0.00000 1.00000
vt 0.00000 1.00000
vt 0.00000 1.00000
vt 0.00000 1.00000
vt 0.00000 1.00000
vt 0.00000 1.00000
vt 0.51141 0.51671
vt 0.52774 0.50924
vt 0.51228 0.50873
vt 0.52841 0.51641
vt 0.50228 0.51471
vt 0.54115 0.51071
vt 0.49507 0.51828
vt 0.48524 0.51567
vt 0.54424 0.51853
vt 0.54975 0.51143
vt 0.56288 0.51487
vt 0.56406 0.50790
vt 0.57333 0.51343
vt 0.57367 0.50484
vt 0.58183 0.50829
vt 0.58286 0.49878
vt 0.59769 0.50741
vt 0.58904 0.51122
vt 0.59724 0.51505
vt 0.60930 0.51392
vt 0.61168 0.50439
vt 0.61887 0.51289
vt 0.62113 0.50540
vt 0.63326 0.49640
vt 0.63345 0.50477
vt 0.58257 0.51568
vt 0.48657 0.52250
vt 0.48024 0.52054
vt 0.46638 0.50774
vt 0.45939 0.51141
vt 0.45026 0.50318
vt 0.44086 0.50999
vt 0.45429 0.51408
vt 0.44189 0.50223
vt 0.43703 0.51194
vt 0.42031 0.50437
vt 0.41924 0.49640
vt 0.40893 0.50867
vt 0.42781 0.51856
vt 0.00000 1.00000
vt 0.00000 1.00000
vt 0.00000 1.00000
vt 0.00000 1.00000
vt 0.00000 1.00000
vt 0.00000 1.00000
vt 0.00000 1.00000
vt 0.00000 1.00000
vt 0.00000 1.00000
vt 0.00000 1.00000
vt 0.00000 1.00000
vt 0.00000 1.00000
vt 0.00000 1.00000
vt 0.00000 1.00000
vt 0.00000 1.00000
vt 0.00000 1.00000
vt 0.16366 0.67012
vt 0.16539 0.66922
vt 0.16546 0.67012
vt 0.00000 1.00000
vt 0.00000 1.00000
vt 0.00000 1.00000
vt 0.00000 1.00000
vt 0.00000 1.00000
vt 0.00000 1.00000
vt 0.00000 1.00000
vt 0.00000 1.00000
vt 0.00000 1.00000
vt 0.00000 1.00000
vt 0.50271 0.33528
vt 0.50316 0.33620
vt 0.50361 0.33536
vt 0.50361 0.33708
vt 0.00000 1.00000
vt 0.00000 1.00000
vt 0.00000 1.00000
vt 0.53877 0.40999
vt 0.54316 0.41184
vt 0.54869 0.40999
vt 0.54084 0.41326
vt 0.54744 0.41359
vt 0.78855 0.23996
vt 0.79216 0.23897
vt 0.78972 0.24210
vt 0.79216 0.24977
vt 0.87692 0.24245
vt 0.88033 0.24150
vt 0.87965 0.23913
vt 0.88470 0.23717
vt 0.88707 0.23999
vt 0.88917 0.24492
vt 0.88545 0.24707
vt 0.88970 0.23950
vt 0.89282 0.24014
vt 0.89352 0.23885
vt 0.89113 0.23770
vt 0.89405 0.23717
vt 0.89351 0.24593
vt 0.87151 0.01035
vt 0.87187 0.01208
vt 0.87196 0.01174
vt 0.87256 0.01339
vt 0.87436 0.01105
vt 0.87211 0.01924
vt 0.87578 0.01286
vt 0.87637 0.01814
vt 0.88070 0.01035
vt 0.88008 0.02025
vt 0.88864 0.01492
vt 0.65329 0.32907
vt 0.66122 0.35133
vt 0.66131 0.33478
vt 0.66921 0.35021
vt 0.66588 0.36799
vt 0.67133 0.36859
vt 0.66370 0.32406
vt 0.65408 0.31969
vt 0.67133 0.31548
vt 0.33069 0.98391
vt 0.32012 0.99065
vt 0.30040 0.98730
vt 0.33874 0.98756
vt 0.29514 0.99505
vt 0.29170 0.99270
vt 0.29234 0.97975
vt 0.34243 0.97975
vt 0.35014 0.98035
vt 0.35392 0.98499
vt 0.08866 0.19715
vt 0.08505 0.20888
vt 0.08102 0.20765
vt 0.07619 0.19395
vt 0.08645 0.18317
vt 0.08019 0.21146
vt 0.08904 0.18399
vt 0.08433 0.21197
vt 0.09092 0.20711
vt 0.09243 0.20336
vt 0.09243 0.18599
vt 0.09177 0.19193
vt 0.05726 0.92033
vt 0.06490 0.91388
vt 0.06403 0.92351
vt 0.06281 0.92908
vt 0.06120 0.90884
vt 0.06843 0.93114
vt 0.07259 0.92882
vt 0.07178 0.92270
vt 0.06919 0.91572
vt 0.06598 0.90684
vt 0.07251 0.91097
vt 0.07259 0.90717
vt 0.67042 0.03134
vt 0.67493 0.02925
vt 0.67493 0.03773
vt 0.67168 0.04275
vt 0.42786 0.16067
vt 0.43927 0.16484
vt 0.44229 0.16067
vt 0.43371 0.16877
vt 0.43147 0.15729
vt 0.42742 0.15797
vt 0.43049 0.15347
vt 0.42065 0.15347
vt 0.14134 0.99193
vt 0.12455 0.97480
vt 0.10471 0.99250
vt 0.14553 0.97478
vt 0.15756 0.99136
vt 0.09727 0.97441
vt 0.07603 0.97255
vt 0.07553 0.99142
vt 0.16040 0.97255
vt 0.10030 0.99479
vt 0.14997 0.99668
vt 0.11882 0.99582
vt 0.13391 0.99700
vt 0.16456 0.99865
vt 0.07166 0.99266
vt 0.07078 0.97538
vt 0.47440 0.32400
vt 0.47307 0.31278
vt 0.46966 0.33258
vt 0.48377 0.33160
vt 0.48377 0.31672
vt 0.45942 0.32337
vt 0.46354 0.31477
vt 0.94780 0.05803
vt 0.96170 0.05632
vt 0.97436 0.03877
vt 0.95232 0.06844
vt 0.96494 0.07591
vt 0.96822 0.05696
vt 0.98530 0.03026
vt 0.99310 0.05935
vt 0.99951 0.07897
vt 0.97772 0.08761
vt 0.98998 0.09772
vt 0.99955 0.09856
vt 0.99951 0.04680
vt 0.99747 0.02440
vt 0.99217 0.02137
vt 0.95927 0.07717
vt 0.93783 0.06571
vt 0.93717 0.05550
vt 0.92377 0.03988
vt 0.93209 0.02594
vt 0.96526 0.02412
vt 0.90897 0.02895
vt 0.90848 0.02170
vt 0.92306 0.01845
vt 0.94385 0.01845
vt 0.97093 0.01929
vt 0.02750 0.00315
vt 0.02193 0.00585
vt 0.01488 0.00315
vt 0.02654 0.00477
vt 0.09613 0.94914
vt 0.09513 0.95148
vt 0.10104 0.95275
vt 0.10415 0.94914
vt 0.50902 0.49910
vt 0.51859 0.49910
vt 0.50973 0.50180
vt 0.51894 0.50118
vt 0.50381 0.11938
vt 0.50271 0.11656
vt 0.50719 0.11926
vt 0.50488 0.12376
vt 0.51262 0.11656
vt 0.96493 0.19436
vt 0.96998 0.18289
vt 0.97462 0.19214
vt 0.96282 0.17290
vt 0.96737 0.16361
vt 0.96078 0.15214
vt 0.96959 0.15186
vt 0.97184 0.19919
vt 0.97199 0.21462
vt 0.96501 0.14448
vt 0.96617 0.21178
vt 0.96753 0.22671
vt 0.97343 0.23052
vt 0.97522 0.14840
vt 0.99033 0.14086
vt 0.98909 0.14812
vt 0.99865 0.14125
vt 0.97102 0.24074
vt 0.97758 0.23854
vt 0.97385 0.15051
vt 0.97875 0.24433
vt 0.99865 0.25158
vt 0.13086 0.15649
vt 0.16274 0.13850
vt 0.13991 0.13536
vt 0.11209 0.13379
vt 0.10936 0.15447
vt 0.14831 0.15712
vt 0.16315 0.15887
vt 0.17041 0.14524
vt 0.08521 0.14666
vt 0.08850 0.15331
vt 0.08560 0.13006
vt 0.17737 0.15817
vt 0.17957 0.13712
vt 0.18260 0.14572
vt 0.17291 0.13006
vt 0.67604 0.30378
vt 0.67764 0.30712
vt 0.67646 0.30656
vt 0.67604 0.31008
vt 0.67583 0.30960
vt 0.67721 0.30470
vt 0.64608 0.56703
vt 0.64657 0.56612
vt 0.64671 0.56399
vt 0.64628 0.56751
vt 0.64746 0.56212
vt 0.64628 0.56121
vt 0.64788 0.56454
vt 0.35513 0.06672
vt 0.35670 0.05150
vt 0.32114 0.05872
vt 0.35385 0.03622
vt 0.32665 0.03608
vt 0.33865 0.08244
vt 0.31289 0.05718
vt 0.30772 0.03317
vt 0.35009 0.08434
vt 0.32578 0.02925
vt 0.34638 0.02952
vt 0.35083 0.09496
vt 0.33070 0.07989
vt 0.29892 0.04375
vt 0.30131 0.02974
vt 0.37700 0.03332
vt 0.36673 0.02925
vt 0.36510 0.07733
vt 0.38231 0.05331
vt 0.39815 0.03450
vt 0.41361 0.03817
vt 0.39602 0.06409
vt 0.41524 0.05124
vt 0.37363 0.08080
vt 0.87904 0.00135
vt 0.88233 0.00256
vt 0.87872 0.00473
vt 0.88233 0.00765
vt 0.49008 0.50090
vt 0.48887 0.49730
vt 0.48458 0.50027
vt 0.48377 0.49730
vt 0.65690 0.85104
vt 0.65329 0.85610
vt 0.65356 0.85274
vt 0.65690 0.85644
vt 0.71551 0.06976
vt 0.71551 0.06616
vt 0.71190 0.06866
vt 0.77051 0.84895
vt 0.76870 0.85346
vt 0.76601 0.85131
vt 0.77051 0.86724
vt 0.76791 0.84563
vt 0.06782 0.25184
vt 0.07054 0.24760
vt 0.06357 0.24617
vt 0.06442 0.25377
vt 0.07439 0.24617
vt 0.07278 0.25114
vt 0.06999 0.25518
vt 0.07273 0.25318
vt 0.46531 0.53150
vt 0.46573 0.52688
vt 0.46213 0.52656
vt 0.46531 0.52250
vt 0.93467 0.52443
vt 0.91118 0.52250
vt 0.92624 0.52880
vt 0.93963 0.52670
vt 0.91173 0.52660
vt 0.94004 0.52250
vt 0.45336 0.17957
vt 0.44680 0.17147
vt 0.45562 0.17694
vt 0.44776 0.17911
vt 0.45762 0.17147
vt 0.12416 0.74254
vt 0.09867 0.76145
vt 0.12366 0.77082
vt 0.09784 0.74536
vt 0.09837 0.78482
vt 0.09879 0.72658
vt 0.10598 0.72692
vt 0.12242 0.71648
vt 0.10628 0.72216
vt 0.10022 0.69902
vt 0.09971 0.80096
vt 0.12473 0.80415
vt 0.12304 0.82359
vt 0.09791 0.82120
vt 0.09814 0.83715
vt 0.09832 0.85762
vt 0.12335 0.85634
vt 0.10914 0.68790
vt 0.12579 0.69036
vt 0.11762 0.67651
vt 0.10225 0.72522
vt 0.12513 0.66832
vt 0.12535 0.71198
vt 0.12457 0.85824
vt 0.12579 0.84872
vt 0.09803 0.79905
vt 0.00947 0.97399
vt 0.01307 0.97435
vt 0.01307 0.96895
vt 0.49369 0.01035
vt 0.48017 0.01935
vt 0.47475 0.01035
vt 0.86188 0.63992
vt 0.86490 0.61486
vt 0.86516 0.64745
vt 0.86067 0.60089
vt 0.86290 0.59553
vt 0.86036 0.59419
vt 0.85989 0.56471
vt 0.86266 0.56226
vt 0.85858 0.54148
vt 0.86133 0.53411
vt 0.85717 0.51431
vt 0.85901 0.50373
vt 0.84367 0.47631
vt 0.85638 0.49857
vt 0.84291 0.50110
vt 0.84389 0.53323
vt 0.84371 0.55243
vt 0.85144 0.56618
vt 0.84904 0.56756
vt 0.84468 0.59146
vt 0.84550 0.61204
vt 0.84789 0.64921
vt 0.85828 0.64941
vt 0.85850 0.48218
vt 0.85449 0.45786
vt 0.84125 0.43655
vt 0.85300 0.44087
vt 0.85301 0.41693
vt 0.84085 0.41143
vt 0.84142 0.38693
vt 0.85904 0.38655
vt 0.84299 0.36730
vt 0.86159 0.36070
vt 0.84472 0.33328
vt 0.85851 0.41201
vt 0.86029 0.34786
vt 0.86044 0.32496
vt 0.84436 0.30553
vt 0.86052 0.30468
vt 0.84282 0.57112
vt 0.86519 0.64929
vt 0.85736 0.46023
vt 0.86321 0.32132
vt 0.86352 0.34793
vt 0.84791 0.56636
vt 0.86519 0.30533
vt 0.14784 0.37194
vt 0.15108 0.37562
vt 0.16515 0.37566
vt 0.18206 0.37129
vt 0.11988 0.37277
vt 0.19964 0.37341
vt 0.19519 0.37755
vt 0.22768 0.37469
vt 0.12869 0.37939
vt 0.11443 0.37593
vt 0.09603 0.37129
vt 0.31733 0.12696
vt 0.29770 0.10121
vt 0.28722 0.12704
vt 0.32034 0.10037
vt 0.34148 0.12556
vt 0.33739 0.10026
vt 0.35461 0.10282
vt 0.36170 0.12626
vt 0.37705 0.10089
vt 0.38749 0.12600
vt 0.28207 0.10023
vt 0.25660 0.10177
vt 0.26985 0.12885
vt 0.25182 0.12734
vt 0.23500 0.10217
vt 0.22042 0.12377
vt 0.21171 0.10130
vt 0.21910 0.12706
vt 0.17407 0.10178
vt 0.18031 0.12669
vt 0.17100 0.12145
vt 0.14472 0.10280
vt 0.14477 0.12739
vt 0.16258 0.12757
vt 0.38352 0.10652
vt 0.39235 0.11383
vt 0.39997 0.12120
vt 0.40803 0.12750
vt 0.23076 0.12916
vt 0.36007 0.09965
vt 0.23132 0.09904
vt 0.17184 0.09960
vt 0.14488 0.09927
vt 0.29508 0.09856
vt 0.20059 0.09856
vt 0.25847 0.09894
vt 0.61972 0.17827
vt 0.63950 0.17219
vt 0.62834 0.16458
vt 0.61406 0.16578
vt 0.60016 0.17867
vt 0.64181 0.16353
vt 0.60555 0.16044
vt 0.58414 0.17593
vt 0.58435 0.15990
vt 0.56386 0.16401
vt 0.56185 0.17699
vt 0.54256 0.17566
vt 0.54701 0.16182
vt 0.52425 0.17627
vt 0.64803 0.16255
vt 0.65327 0.17712
vt 0.66277 0.17556
vt 0.66874 0.16067
vt 0.68468 0.17526
vt 0.71024 0.17408
vt 0.69458 0.15791
vt 0.71089 0.15717
vt 0.73224 0.17407
vt 0.73461 0.15678
vt 0.75108 0.17417
vt 0.74908 0.15695
vt 0.77157 0.15581
vt 0.77306 0.17398
vt 0.77897 0.16637
vt 0.78775 0.15535
vt 0.80326 0.17378
vt 0.80851 0.15443
vt 0.78925 0.17353
vt 0.80929 0.17430
vt 0.52061 0.16460
vt 0.52546 0.15792
vt 0.50283 0.16037
vt 0.50147 0.17339
vt 0.50155 0.16549
vt 0.49493 0.15773
vt 0.47881 0.15437
vt 0.47464 0.17454
vt 0.46490 0.15446
vt 0.46393 0.17356
vt 0.58783 0.17849
vt 0.64315 0.17865
vt 0.65223 0.15998
vt 0.55780 0.15924
vt 0.55974 0.15673
vt 0.55269 0.15648
vt 0.54258 0.15854
vt 0.57744 0.15697
vt 0.49755 0.15443
vt 0.52938 0.15544
vt 0.59712 0.15751
vt 0.71781 0.17693
vt 0.68987 0.17767
vt 0.74088 0.17629
vt 0.50625 0.17652
vt 0.66031 0.17856
vt 0.76161 0.17664
vt 0.78507 0.17556
vt 0.65336 0.20768
vt 0.65940 0.18052
vt 0.62433 0.20728
vt 0.67826 0.20682
vt 0.63617 0.17965
vt 0.67986 0.18847
vt 0.61667 0.17972
vt 0.60916 0.19044
vt 0.68216 0.19958
vt 0.69119 0.19985
vt 0.60494 0.20487
vt 0.60428 0.17979
vt 0.67635 0.18124
vt 0.70543 0.18099
vt 0.69475 0.20564
vt 0.70154 0.19634
vt 0.70710 0.20045
vt 0.69252 0.18831
vt 0.72347 0.20616
vt 0.71454 0.19504
vt 0.73287 0.18086
vt 0.74423 0.20751
vt 0.75554 0.18073
vt 0.76841 0.20626
vt 0.79007 0.20436
vt 0.77586 0.18148
vt 0.79887 0.18069
vt 0.82281 0.20620
vt 0.81678 0.17957
vt 0.82267 0.18035
vt 0.70578 0.18827
vt 0.60417 0.19872
vt 0.59907 0.20620
vt 0.59477 0.18224
vt 0.57769 0.18292
vt 0.58435 0.20860
vt 0.55942 0.18442
vt 0.55964 0.20898
vt 0.53174 0.20591
vt 0.53949 0.18140
vt 0.52101 0.18242
vt 0.50885 0.20621
vt 0.48899 0.18022
vt 0.48796 0.20643
vt 0.47830 0.19879
vt 0.47812 0.17957
vt 0.47746 0.20809
vt 0.60973 0.21027
vt 0.78521 0.20872
vt 0.82247 0.21030
vt 0.70635 0.20992
vt 0.72555 0.20918
vt 0.53979 0.20958
vt 0.50542 0.20981
vt 0.76461 0.20880
vt 0.67420 0.21007
vt 0.64950 0.21197
vt 0.21560 0.17700
vt 0.19879 0.15895
vt 0.19796 0.17710
vt 0.22146 0.15756
vt 0.23852 0.15736
vt 0.24015 0.17463
vt 0.18371 0.16343
vt 0.25664 0.17576
vt 0.26380 0.15857
vt 0.16042 0.16501
vt 0.16915 0.17693
vt 0.14398 0.17724
vt 0.14583 0.16707
vt 0.13241 0.17678
vt 0.13785 0.16180
vt 0.11257 0.15786
vt 0.11875 0.17636
vt 0.09765 0.15633
vt 0.08833 0.17342
vt 0.06945 0.15799
vt 0.06863 0.17234
vt 0.06808 0.15474
vt 0.27685 0.15721
vt 0.30047 0.15792
vt 0.27930 0.17460
vt 0.30548 0.17415
vt 0.32761 0.15690
vt 0.35836 0.15669
vt 0.33543 0.17198
vt 0.37441 0.17204
vt 0.38709 0.15498
vt 0.41406 0.15437
vt 0.39951 0.17035
vt 0.41524 0.17209
vt 0.07994 0.15437
vt 0.18178 0.15803
vt 0.38590 0.17350
vt 0.23306 0.17777
vt 0.24596 0.17768
vt 0.81240 0.45539
vt 0.83723 0.43067
vt 0.82631 0.46734
vt 0.83888 0.44802
vt 0.83896 0.46563
vt 0.81158 0.43576
vt 0.83643 0.41778
vt 0.81138 0.42206
vt 0.81061 0.39994
vt 0.82477 0.38902
vt 0.81053 0.37102
vt 0.80929 0.34207
vt 0.83507 0.36641
vt 0.83789 0.38450
vt 0.83827 0.35837
vt 0.83035 0.48651
vt 0.83610 0.33372
vt 0.83805 0.40711
vt 0.82358 0.48706
vt 0.81998 0.49293
vt 0.81130 0.49661
vt 0.82798 0.50133
vt 0.81119 0.51673
vt 0.83787 0.52009
vt 0.81128 0.53027
vt 0.83798 0.53164
vt 0.83763 0.54527
vt 0.81212 0.55812
vt 0.83504 0.55716
vt 0.83726 0.57575
vt 0.83428 0.58231
vt 0.80969 0.56068
vt 0.80974 0.58366
vt 0.83904 0.49436
vt 0.83751 0.59541
vt 0.83370 0.59475
vt 0.83904 0.32839
vt 0.83530 0.30709
vt 0.83818 0.28946
vt 0.83589 0.27803
vt 0.83853 0.26434
vt 0.81119 0.31037
vt 0.81125 0.26986
vt 0.81145 0.25069
vt 0.83705 0.24887
vt 0.82248 0.59409
vt 0.81083 0.33109
vt 0.80939 0.59390
vt 0.77773 0.37939
vt 0.76516 0.41155
vt 0.76240 0.40005
vt 0.77561 0.40066
vt 0.77503 0.40989
vt 0.77350 0.41449
vt 0.77773 0.41101
vt 0.85347 0.89064
vt 0.85068 0.88509
vt 0.84792 0.88459
vt 0.84817 0.88974
vt 0.84626 0.88967
vt 0.85347 0.88254
vt 0.46844 0.39739
vt 0.47079 0.40062
vt 0.47183 0.39902
vt 0.47926 0.39739
vt 0.47351 0.40369
vt 0.36460 0.50106
vt 0.36687 0.50432
vt 0.36194 0.50173
vt 0.36745 0.50037
vt 0.36105 0.50404
vt 0.36490 0.50696
vt 0.36745 0.50810
vt 0.36023 0.49820
vt 0.82651 0.08596
vt 0.82372 0.08146
vt 0.83273 0.08146
vt 0.81611 0.14762
vt 0.81740 0.14356
vt 0.80822 0.15044
vt 0.80568 0.14356
vt 0.81680 0.15257
vt 0.05816 0.01215
vt 0.07962 0.01497
vt 0.08658 0.01215
vt 0.10595 0.01248
vt 0.06279 0.01464
vt 0.06420 0.01755
vt 0.44680 0.52250
vt 0.45870 0.52562
vt 0.46213 0.52250
vt 0.45423 0.52653
vt 0.45635 0.53032
vt 0.45090 0.53150
vt 0.44733 0.52563
vt 0.31605 0.83393
vt 0.30072 0.82816
vt 0.30697 0.82222
vt 0.30115 0.82300
vt 0.30088 0.83314
vt 0.31413 0.82912
vt 0.31503 0.82203
vt 0.31605 0.82133
vt 0.34310 0.93384
vt 0.33188 0.93764
vt 0.34206 0.93997
vt 0.32958 0.93384
vt 0.33669 0.94374
vt 0.30072 0.05626
vt 0.30343 0.06076
vt 0.30343 0.05446
vt 0.16634 0.88014
vt 0.15318 0.88154
vt 0.15394 0.87355
vt 0.16637 0.88524
vt 0.15104 0.87354
vt 0.16455 0.87354
vt 0.75428 0.06526
vt 0.75337 0.07156
vt 0.74436 0.06526
vt 0.23219 0.36049
vt 0.22993 0.36409
vt 0.22858 0.36049
vt 0.25357 0.31218
vt 0.25137 0.30558
vt 0.24842 0.31160
vt 0.25383 0.30613
vt 0.25383 0.31548
vt 0.25285 0.31524
vt 0.41737 0.00205
vt 0.41434 0.00949
vt 0.41767 0.00417
vt 0.42155 0.01324
vt 0.42135 0.00402
vt 0.42135 0.01575
vt 0.41851 0.00135
vt 0.73535 0.47750
vt 0.73535 0.47030
vt 0.73264 0.47263
vt 0.12399 0.86364
vt 0.12399 0.86004
vt 0.12218 0.86040
vt 0.78945 0.31998
vt 0.78674 0.32452
vt 0.78945 0.32808
vt 0.36660 0.02745
vt 0.36294 0.02385
vt 0.36835 0.02385
vt 0.64337 0.32988
vt 0.64066 0.32311
vt 0.64337 0.32088
vt 0.63886 0.32435
vt 0.64083 0.32243
vt 0.97065 0.10873
vt 0.98061 0.10036
vt 0.98061 0.11386
vt 0.96979 0.10581
vt 0.09784 0.87714
vt 0.09272 0.88794
vt 0.08792 0.87714
vt 0.92656 0.07654
vt 0.93003 0.08146
vt 0.93463 0.07066
vt 0.92561 0.07066
vt 0.14563 0.69892
vt 0.13661 0.70233
vt 0.14563 0.70612
vt 0.01469 0.12736
vt 0.01442 0.13636
vt 0.02052 0.13407
vt 0.00857 0.13528
vt 0.02119 0.12736
vt 0.52615 0.71872
vt 0.53607 0.71872
vt 0.53203 0.72862
vt 0.97120 0.89408
vt 0.96528 0.88524
vt 0.97520 0.88524
vt 0.96813 0.89424
vt 0.37324 0.30666
vt 0.37048 0.31214
vt 0.38097 0.30715
vt 0.37481 0.30443
vt 0.37816 0.31638
vt 0.37015 0.30288
vt 0.37875 0.30288
vt 0.12788 0.92995
vt 0.12338 0.93120
vt 0.12662 0.93512
vt 0.15466 0.93190
vt 0.15444 0.94267
vt 0.12867 0.94374
vt 0.16456 0.92394
vt 0.16441 0.93184
vt 0.13833 0.92538
vt 0.12308 0.92394
vt 0.25875 0.04763
vt 0.25575 0.05176
vt 0.25927 0.04327
vt 0.26375 0.05091
vt 0.26143 0.04599
vt 0.26375 0.04082
vt 0.25594 0.04005
vt 0.25293 0.04785
vt 0.98602 0.44617
vt 0.98766 0.46653
vt 0.98991 0.44534
vt 0.99865 0.47660
vt 0.99770 0.44812
vt 0.98973 0.43639
vt 0.99865 0.43519
vt 0.99237 0.31908
vt 0.99862 0.30543
vt 0.98963 0.29277
vt 0.98982 0.27743
vt 0.99865 0.27678
vt 0.99865 0.31832
vt 0.00274 0.52813
vt 0.01110 0.53380
vt 0.01127 0.52434
vt 0.00045 0.52160
vt 0.01127 0.54950
vt 0.00187 0.54862
vt 0.80133 0.37491
vt 0.79576 0.37041
vt 0.80111 0.37125
vt 0.79807 0.36870
vt 0.80207 0.37759
vt 0.80207 0.36859
vt 0.77887 0.70162
vt 0.78753 0.70015
vt 0.77786 0.69933
vt 0.77683 0.70123
vt 0.78855 0.69622
vt 0.77863 0.69622
vt 0.98693 0.46760
vt 0.98133 0.47030
vt 0.97881 0.46760
vt 0.78335 0.27516
vt 0.78102 0.27366
vt 0.77826 0.27758
vt 0.78108 0.27844
vt 0.78486 0.27858
vt 0.78765 0.27721
vt 0.77683 0.27427
vt 0.78531 0.27258
vt 0.77902 0.27228
vt 0.77780 0.27383
vt 0.77697 0.27258
vt 0.17268 0.97615
vt 0.17268 0.98720
vt 0.16910 0.98011
vt 0.16727 0.98785
vt 0.26289 0.26369
vt 0.27744 0.27945
vt 0.28243 0.26364
vt 0.29631 0.28090
vt 0.24440 0.26441
vt 0.24428 0.28159
vt 0.22159 0.26566
vt 0.22087 0.28294
vt 0.21384 0.26496
vt 0.19607 0.28434
vt 0.18188 0.27000
vt 0.18301 0.28668
vt 0.31303 0.27657
vt 0.31256 0.26235
vt 0.34368 0.26830
vt 0.35004 0.27572
vt 0.33149 0.26063
vt 0.34954 0.26125
vt 0.35750 0.27163
vt 0.36122 0.26114
vt 0.38228 0.26027
vt 0.38827 0.27024
vt 0.38881 0.25804
vt 0.41423 0.25920
vt 0.43159 0.27015
vt 0.43302 0.25819
vt 0.45335 0.25784
vt 0.44592 0.27509
vt 0.48191 0.27256
vt 0.48366 0.25608
vt 0.51623 0.25644
vt 0.50921 0.27044
vt 0.35826 0.27801
vt 0.51348 0.26502
vt 0.41205 0.27456
vt 0.42959 0.27355
vt 0.35771 0.25854
vt 0.38783 0.27330
vt 0.36318 0.27545
vt 0.18099 0.26663
vt 0.18817 0.25855
vt 0.21054 0.25718
vt 0.18146 0.25889
vt 0.16472 0.25982
vt 0.16072 0.26687
vt 0.15036 0.26779
vt 0.15300 0.26059
vt 0.13841 0.26174
vt 0.14327 0.25608
vt 0.14029 0.27036
vt 0.13905 0.27554
vt 0.22690 0.26282
vt 0.22353 0.25633
vt 0.15094 0.25621
vt 0.34424 0.27925
vt 0.13925 0.25822
vt 0.16094 0.26904
vt 0.31389 0.28146
vt 0.60099 0.43177
vt 0.60112 0.42756
vt 0.60550 0.42619
vt 0.60550 0.43249
vt 0.14743 0.64131
vt 0.15374 0.64131
vt 0.15056 0.64311
vt 0.46024 0.64627
vt 0.45760 0.65752
vt 0.45732 0.65004
vt 0.46754 0.64491
vt 0.45672 0.64491
vt 0.50290 0.78533
vt 0.50278 0.81143
vt 0.49828 0.78646
vt 0.49663 0.81119
vt 0.49459 0.78579
vt 0.51082 0.81081
vt 0.51082 0.78667
vt 0.31335 0.81831
vt 0.31022 0.81773
vt 0.30979 0.82043
vt 0.30884 0.81831
vt 0.20798 0.29139
vt 0.22873 0.30275
vt 0.23712 0.29229
vt 0.25316 0.30397
vt 0.26567 0.29301
vt 0.20003 0.29679
vt 0.17676 0.29266
vt 0.26811 0.30949
vt 0.29263 0.29550
vt 0.28885 0.30833
vt 0.31315 0.30989
vt 0.31874 0.29187
vt 0.33006 0.29690
vt 0.34199 0.31105
vt 0.35614 0.29485
vt 0.35595 0.31278
vt 0.18960 0.30754
vt 0.17547 0.30655
vt 0.15138 0.29316
vt 0.14417 0.30434
vt 0.10737 0.30511
vt 0.11764 0.28934
vt 0.08813 0.29053
vt 0.05424 0.29946
vt 0.06962 0.28763
vt 0.05050 0.28672
vt 0.04059 0.28876
vt 0.01085 0.29992
vt 0.01039 0.28671
vt 0.02868 0.30368
vt 0.00947 0.30323
vt 0.06497 0.30599
vt 0.34946 0.29175
vt 0.33678 0.28682
vt 0.35058 0.28659
vt 0.36139 0.29175
vt 0.37120 0.28480
vt 0.31718 0.28466
vt 0.37651 0.28674
vt 0.03452 0.28500
vt 0.29912 0.29120
vt 0.27789 0.29041
vt 0.14555 0.28746
vt 0.37793 0.29250
vt 0.38665 0.29283
vt 0.39048 0.28379
vt 0.39106 0.29354
vt 0.38627 0.29686
vt 0.08350 0.28572
vt 0.30730 0.28996
vt 0.31020 0.28370
vt 0.18988 0.28795
vt 0.39453 0.28689
vt 0.39630 0.29412
vt 0.38567 0.28308
vt 0.24584 0.28977
vt 0.22803 0.28880
vt 0.01131 0.28308
vt 0.11993 0.28563
vt 0.13841 0.07284
vt 0.11496 0.04448
vt 0.13667 0.05041
vt 0.11412 0.08564
vt 0.11822 0.09147
vt 0.13828 0.08592
vt 0.13303 0.09209
vt 0.13809 0.04381
vt 0.13763 0.02700
vt 0.11167 0.03139
vt 0.12603 0.01485
vt 0.13828 0.01523
vt 0.11175 0.01670
vt 0.11138 0.05221
vt 0.11136 0.06612
vt 0.12640 0.09496
vt 0.79504 0.32858
vt 0.80022 0.33917
vt 0.79486 0.35299
vt 0.80027 0.32718
vt 0.80027 0.35329
vt 0.30480 0.06166
vt 0.30274 0.06723
vt 0.29214 0.06184
vt 0.28874 0.06703
vt 0.31335 0.06306
vt 0.28810 0.08416
vt 0.30403 0.08387
vt 0.31335 0.08172
vt 0.11018 0.96655
vt 0.13368 0.96715
vt 0.13060 0.94876
vt 0.10866 0.94824
vt 0.13571 0.94824
vt 0.68395 0.87411
vt 0.68933 0.87097
vt 0.68905 0.87865
vt 0.68787 0.86724
vt 0.69273 0.86753
vt 0.68522 0.88004
vt 0.69297 0.88335
vt 0.69273 0.88794
vt 0.33699 0.67822
vt 0.34719 0.67844
vt 0.33679 0.68369
vt 0.34761 0.68700
vt 0.33794 0.68812
vt 0.34761 0.67192
vt 0.33866 0.67244
vt 0.94623 0.66112
vt 0.94135 0.64851
vt 0.95176 0.65508
vt 0.94004 0.65499
vt 0.95058 0.64851
vt 0.47565 0.20072
vt 0.47565 0.20837
vt 0.47205 0.20327
vt 0.47375 0.19577
vt 0.16907 0.87534
vt 0.16727 0.87988
vt 0.16907 0.88974
vt 0.20564 0.63333
vt 0.23957 0.63090
vt 0.19887 0.63052
vt 0.17817 0.63051
vt 0.17878 0.63352
vt 0.16727 0.63177
vt 0.23907 0.63453
vt 0.26033 0.63501
vt 0.25888 0.63098
vt 0.26285 0.63051
vt 0.77564 0.09350
vt 0.74952 0.07971
vt 0.74153 0.08172
vt 0.76388 0.07966
vt 0.77868 0.08004
vt 0.79268 0.08029
vt 0.80207 0.10116
vt 0.74984 0.09809
vt 0.72654 0.10126
vt 0.72462 0.07966
vt 0.77767 0.10009
vt 0.70097 0.09789
vt 0.71185 0.08626
vt 0.71593 0.08288
vt 0.69978 0.08655
vt 0.69302 0.08619
vt 0.69116 0.09211
vt 0.70937 0.10118
vt 0.78806 0.55643
vt 0.78358 0.52010
vt 0.78611 0.51833
vt 0.78524 0.55844
vt 0.78384 0.50253
vt 0.78751 0.56989
vt 0.80055 0.50479
vt 0.78302 0.48492
vt 0.79932 0.48380
vt 0.80280 0.53778
vt 0.80348 0.56431
vt 0.80552 0.57563
vt 0.79475 0.59090
vt 0.80383 0.59412
vt 0.79052 0.58934
vt 0.79460 0.59467
vt 0.79152 0.59707
vt 0.79168 0.66357
vt 0.78890 0.68043
vt 0.78903 0.65625
vt 0.79245 0.63238
vt 0.78767 0.62619
vt 0.78856 0.60876
vt 0.78998 0.70065
vt 0.79287 0.67334
vt 0.79300 0.70213
vt 0.79053 0.72647
vt 0.79425 0.74069
vt 0.79265 0.74698
vt 0.80657 0.65341
vt 0.80577 0.62653
vt 0.78937 0.59834
vt 0.80803 0.68448
vt 0.80764 0.70902
vt 0.81100 0.73024
vt 0.81078 0.75044
vt 0.79932 0.75128
vt 0.80235 0.78576
vt 0.81109 0.76401
vt 0.80939 0.79452
vt 0.79979 0.79400
vt 0.80927 0.81757
vt 0.79176 0.80594
vt 0.79159 0.82796
vt 0.80869 0.82806
vt 0.79007 0.82943
vt 0.79209 0.79352
vt 0.78997 0.80480
vt 0.77773 0.74350
vt 0.81109 0.68888
vt 0.81041 0.66921
vt 0.80732 0.60437
vt 0.78682 0.59080
vt 0.80829 0.63335
vt 0.80998 0.65547
vt 0.74287 0.22663
vt 0.73823 0.22303
vt 0.73277 0.22527
vt 0.59035 0.21696
vt 0.55992 0.21969
vt 0.58976 0.24462
vt 0.60679 0.22752
vt 0.61423 0.24536
vt 0.62818 0.21993
vt 0.64178 0.22400
vt 0.64766 0.24382
vt 0.67459 0.24419
vt 0.67303 0.21712
vt 0.69850 0.21594
vt 0.70734 0.24265
vt 0.73720 0.24175
vt 0.71603 0.21533
vt 0.77502 0.24143
vt 0.76787 0.22219
vt 0.75817 0.21504
vt 0.73714 0.22421
vt 0.77411 0.22511
vt 0.55450 0.23537
vt 0.54240 0.21740
vt 0.52615 0.21966
vt 0.57644 0.24643
vt 0.54470 0.24797
vt 0.52462 0.24551
vt 0.49513 0.24485
vt 0.51485 0.21888
vt 0.46683 0.24291
vt 0.47401 0.21835
vt 0.44508 0.21844
vt 0.42934 0.22885
vt 0.42876 0.21597
vt 0.43189 0.24319
vt 0.60440 0.21679
vt 0.55427 0.24623
vt 0.42932 0.24456
vt 0.64017 0.21467
vt 0.44196 0.21467
vt 0.49032 0.21513
vt 0.46682 0.21499
vt 0.52360 0.21518
vt 0.18971 0.62388
vt 0.17049 0.61978
vt 0.19562 0.61945
vt 0.20931 0.62080
vt 0.17517 0.62415
vt 0.13712 0.62182
vt 0.13614 0.61823
vt 0.10847 0.61869
vt 0.10529 0.62343
vt 0.07482 0.61756
vt 0.06194 0.61979
vt 0.04414 0.61701
vt 0.02461 0.62044
vt 0.00530 0.61736
vt 0.00496 0.62000
vt 0.22971 0.62871
vt 0.23210 0.62105
vt 0.14300 0.62542
vt 0.24179 0.62142
vt 0.25480 0.62866
vt 0.27009 0.62391
vt 0.26243 0.61942
vt 0.29274 0.61884
vt 0.29135 0.62365
vt 0.31627 0.62154
vt 0.32177 0.61701
vt 0.34590 0.62025
vt 0.35765 0.61707
vt 0.36023 0.61854
vt 0.58568 0.29994
vt 0.52903 0.27340
vt 0.57039 0.30193
vt 0.53933 0.30087
vt 0.57315 0.27031
vt 0.59877 0.27089
vt 0.61609 0.29950
vt 0.63507 0.26879
vt 0.63450 0.29756
vt 0.67152 0.29623
vt 0.49090 0.27467
vt 0.51318 0.30385
vt 0.48550 0.30043
vt 0.65611 0.27029
vt 0.69256 0.28509
vt 0.68396 0.26658
vt 0.70716 0.26807
vt 0.70933 0.29657
vt 0.47654 0.30212
vt 0.47309 0.27532
vt 0.44773 0.30441
vt 0.44111 0.27799
vt 0.41995 0.27987
vt 0.42378 0.30762
vt 0.41353 0.29994
vt 0.40828 0.30771
vt 0.41067 0.28692
vt 0.40038 0.28156
vt 0.69330 0.29644
vt 0.66793 0.26627
vt 0.64886 0.26640
vt 0.49422 0.30542
vt 0.46403 0.30697
vt 0.44446 0.30765
vt 0.53125 0.30472
vt 0.42602 0.30960
vt 0.40319 0.31115
vt 0.54284 0.30331
vt 0.71166 0.26508
vt 0.71388 0.29882
vt 0.72797 0.26508
vt 0.72813 0.30162
vt 0.72799 0.33328
vt 0.70963 0.33279
vt 0.71004 0.30710
vt 0.72743 0.35623
vt 0.70962 0.35689
vt 0.56388 0.30263
vt 0.39540 0.31083
vt 0.01332 0.20819
vt 0.00496 0.20657
vt 0.01162 0.20070
vt 0.00662 0.21557
vt 0.01488 0.21512
vt 0.00703 0.19307
vt 0.01488 0.19330
vt 0.21582 0.63800
vt 0.21501 0.64061
vt 0.21816 0.64221
vt 0.21055 0.63501
vt 0.23039 0.64055
vt 0.22296 0.63501
vt 0.10171 0.19280
vt 0.09711 0.18912
vt 0.09635 0.19974
vt 0.10505 0.18937
vt 0.09883 0.20107
vt 0.10103 0.20086
vt 0.10505 0.20567
vt 0.09519 0.18227
vt 0.09423 0.18694
vt 0.18981 0.95748
vt 0.18632 0.95905
vt 0.18693 0.95725
vt 0.17899 0.95748
vt 0.45175 0.40565
vt 0.45582 0.41179
vt 0.45582 0.40369
vt 0.44229 0.40688
vt 0.03237 0.17555
vt 0.03717 0.18894
vt 0.03962 0.18288
vt 0.01758 0.17711
vt 0.03712 0.17155
vt 0.04103 0.19037
vt 0.04065 0.17958
vt 0.04103 0.16787
vt 0.23793 0.01305
vt 0.23490 0.01035
vt 0.24211 0.01035
vt 0.22063 0.72293
vt 0.22195 0.71307
vt 0.23048 0.72563
vt 0.22451 0.73402
vt 0.21992 0.72865
vt 0.22815 0.71087
vt 0.23399 0.71609
vt 0.23371 0.70882
vt 0.20784 0.70882
vt 0.22173 0.36224
vt 0.22306 0.36042
vt 0.21732 0.36332
vt 0.22597 0.35510
vt 0.21604 0.35801
vt 0.21258 0.36581
vt 0.21910 0.37219
vt 0.20694 0.37194
vt 0.23129 0.36687
vt 0.23028 0.37187
vt 0.21773 0.35567
vt 0.21465 0.35509
vt 0.21051 0.35750
vt 0.20834 0.35510
vt 0.62624 0.46490
vt 0.62263 0.46638
vt 0.62624 0.46850
vt 0.89742 0.53060
vt 0.89481 0.52104
vt 0.89782 0.51926
vt 0.90570 0.53042
vt 0.88864 0.52190
vt 0.90589 0.52113
vt 0.89593 0.51800
vt 0.91118 0.51800
vt 0.33809 0.78771
vt 0.34130 0.78713
vt 0.34130 0.79973
vt 0.32867 0.79660
vt 0.15841 0.31908
vt 0.15555 0.30738
vt 0.16456 0.30738
vt 0.15686 0.31731
vt 0.39991 0.43519
vt 0.41253 0.43519
vt 0.40683 0.44149
vt 0.18440 0.66922
vt 0.19702 0.66922
vt 0.19567 0.67552
vt 0.53301 0.37039
vt 0.51803 0.37039
vt 0.52909 0.37525
vt 0.52011 0.37553
vt 0.53169 0.37759
vt 0.53336 0.37574
vt 0.17989 0.97182
vt 0.18440 0.97255
vt 0.18440 0.96895
vt 0.34581 0.49256
vt 0.34885 0.49460
vt 0.34810 0.49190
vt 0.35212 0.49256
vt 0.89044 0.54352
vt 0.89430 0.53266
vt 0.89694 0.54600
vt 0.89946 0.53150
vt 0.89946 0.54950
vt 0.89754 0.54923
vt 0.55160 0.14356
vt 0.54869 0.13456
vt 0.55230 0.13456
vt 0.60476 0.40215
vt 0.60640 0.40504
vt 0.60460 0.40729
vt 0.60640 0.39559
vt 0.15161 0.91267
vt 0.14064 0.89964
vt 0.14186 0.92203
vt 0.15069 0.90150
vt 0.13490 0.90051
vt 0.12579 0.91255
vt 0.13210 0.92304
vt 0.12696 0.92161
vt 0.12902 0.90123
vt 0.14398 0.92283
vt 0.15274 0.90332
vt 0.15408 0.90165
vt 0.15526 0.90321
vt 0.15810 0.89964
vt 0.15825 0.90147
vt 0.15115 0.92254
vt 0.17145 0.74264
vt 0.17043 0.72605
vt 0.19161 0.72567
vt 0.17081 0.71413
vt 0.19089 0.74177
vt 0.17697 0.70256
vt 0.19105 0.70177
vt 0.18241 0.69706
vt 0.17316 0.69296
vt 0.17123 0.69738
vt 0.17316 0.69546
vt 0.17158 0.68992
vt 0.17155 0.69406
vt 0.16975 0.68998
vt 0.16964 0.74682
vt 0.18406 0.74970
vt 0.17319 0.75610
vt 0.19067 0.75155
vt 0.18963 0.75252
vt 0.18266 0.75682
vt 0.18427 0.76664
vt 0.19020 0.77259
vt 0.17984 0.77395
vt 0.16932 0.70683
vt 0.17923 0.76506
vt 0.19161 0.76337
vt 0.17767 0.76074
vt 0.17074 0.75979
vt 0.17091 0.76407
vt 0.16920 0.72009
vt 0.17008 0.76862
vt 0.17362 0.77453
vt 0.16946 0.77332
vt 0.16957 0.75319
vt 0.16920 0.69790
vt 0.16727 0.74048
vt 0.90624 0.27678
vt 0.90216 0.27498
vt 0.90757 0.27498
vt 0.78314 0.39739
vt 0.78314 0.39379
vt 0.77863 0.39632
vt 0.02876 0.38239
vt 0.03590 0.39412
vt 0.03821 0.38198
vt 0.04006 0.39457
vt 0.02393 0.39385
vt 0.01912 0.37995
vt 0.01102 0.38391
vt 0.01017 0.39244
vt 0.00402 0.39264
vt 0.00225 0.39052
vt 0.00489 0.37799
vt 0.02145 0.39523
vt 0.00237 0.38239
vt 0.03164 0.37823
vt 0.00864 0.39540
vt 0.02527 0.37905
vt 0.00965 0.37794
vt 0.01291 0.38010
vt 0.05251 0.37793
vt 0.04417 0.39626
vt 0.05054 0.39409
vt 0.05843 0.37801
vt 0.06295 0.39386
vt 0.06938 0.38295
vt 0.07167 0.38986
vt 0.07548 0.38534
vt 0.07790 0.37860
vt 0.07178 0.37817
vt 0.06817 0.39478
vt 0.05863 0.39649
vt 0.08074 0.37759
vt 0.08251 0.37835
vt 0.01426 0.37760
vt 0.01860 0.37759
vt 0.94702 0.67552
vt 0.94004 0.67282
vt 0.95086 0.67282
vt 0.62684 0.52610
vt 0.62624 0.52022
vt 0.62863 0.52268
vt 0.63165 0.50990
vt 0.63165 0.52596
vt 0.59107 0.58911
vt 0.58837 0.59372
vt 0.59107 0.59541
vt 0.82936 0.60516
vt 0.82046 0.59844
vt 0.82523 0.59811
vt 0.83436 0.59912
vt 0.83814 0.60934
vt 0.83814 0.59971
vt 0.82448 0.61071
vt 0.81730 0.60741
vt 0.81806 0.60193
vt 0.81908 0.59866
vt 0.81560 0.60748
vt 0.02129 0.67459
vt 0.01668 0.67372
vt 0.02660 0.67372
vt 0.02229 0.67912
vt 0.51533 0.80873
vt 0.51533 0.79883
vt 0.51250 0.80466
vt 0.51172 0.79995
vt 0.00000 1.00000
vt 0.00000 1.00000
vt 0.00000 1.00000
vt 0.00000 1.00000
vt 0.00000 1.00000
vt 0.00000 1.00000
vt 0.00000 1.00000
vt 0.00000 1.00000
vt 0.00000 1.00000
vt 0.00000 1.00000
vt 0.00000 1.00000
vt 0.78497 0.00225
vt 0.78506 0.00543
vt 0.78584 0.00436
vt 0.78497 0.00585
vt 0.78494 0.00550
vt 0.81380 0.87984
vt 0.81454 0.88034
vt 0.81380 0.88254
vt 0.81470 0.88026
vt 0.00000 1.00000
vt 0.00000 1.00000
vt 0.00000 1.00000
vt 0.00000 1.00000
vt 0.00000 1.00000
vt 0.00000 1.00000
vt 0.00000 1.00000
vt 0.00000 1.00000
vt 0.00000 1.00000
vt 0.00000 1.00000
vt 0.59017 0.33739
vt 0.59107 0.33854
vt 0.59104 0.33528
vt 0.59104 0.33888
vt 0.08792 0.67095
vt 0.08781 0.67102
vt 0.08521 0.67012
vt 0.08789 0.67083
vt 0.08784 0.67060
vt 0.08777 0.67012
vt 0.55140 0.01595
vt 0.53996 0.01197
vt 0.54073 0.02138
vt 0.56660 0.01593
vt 0.56120 0.00609
vt 0.55051 0.00557
vt 0.53431 0.00524
vt 0.52240 0.01388
vt 0.53274 0.01915
vt 0.52077 0.02314
vt 0.56966 0.00375
vt 0.57553 0.01502
vt 0.51470 0.01372
vt 0.51347 0.02442
vt 0.51965 0.00397
vt 0.55519 0.00438
vt 0.57060 0.02387
vt 0.54309 0.02492
vt 0.53644 0.02405
vt 0.52562 0.02442
vt 0.53999 0.00400
vt 0.57935 0.00363
vt 0.53245 0.00345
vt 0.57656 0.02430
vt 0.55153 0.02170
vt 0.52197 0.02565
vt 0.51443 0.00265
vt 0.56146 0.00225
vt 0.55117 0.00255
vt 0.54699 0.00230
vt 0.53506 0.00247
vt 0.51172 0.00225
vt 0.20514 0.80963
vt 0.20153 0.81116
vt 0.20164 0.82583
vt 0.20514 0.82518
vt 0.01849 0.51260
vt 0.01734 0.51530
vt 0.00956 0.51260
vt 0.00586 0.51413
vt 0.96406 0.13438
vt 0.97394 0.13427
vt 0.96439 0.11972
vt 0.97637 0.11927
vt 0.97621 0.13141
vt 0.98513 0.12313
vt 0.98019 0.13500
vt 0.98590 0.12972
vt 0.98801 0.12991
vt 0.98565 0.13069
vt 0.95475 0.11756
vt 0.94048 0.11834
vt 0.95724 0.13498
vt 0.94521 0.13700
vt 0.91389 0.12364
vt 0.92269 0.13147
vt 0.98873 0.13580
vt 0.98583 0.11742
vt 0.93854 0.11695
vt 0.91451 0.11656
vt 0.97647 0.13584
vt 0.96458 0.11759
vt 0.93137 0.13726
vt 0.92557 0.13591
vt 0.96563 0.11656
vt 0.30794 0.86274
vt 0.30961 0.85725
vt 0.31154 0.86270
vt 0.31154 0.85464
vt 0.21463 0.35106
vt 0.21321 0.34886
vt 0.20782 0.34961
vt 0.22346 0.34984
vt 0.22588 0.35170
vt 0.20607 0.34878
vt 0.19889 0.35239
vt 0.19342 0.34886
vt 0.80419 0.47491
vt 0.78936 0.46748
vt 0.80344 0.46564
vt 0.78990 0.47553
vt 0.79311 0.46000
vt 0.79875 0.45789
vt 0.80265 0.45590
vt 0.78469 0.47275
vt 0.80239 0.47654
vt 0.80478 0.47660
vt 0.80478 0.46819
vt 0.78224 0.47206
vt 0.78423 0.46756
vt 0.53787 0.88857
vt 0.53817 0.88669
vt 0.53964 0.88886
vt 0.54150 0.89896
vt 0.54328 0.88639
vt 0.53811 0.88665
vt 0.53862 0.88524
vt 0.53863 0.88680
vt 0.54328 0.90144
vt 0.39808 0.11116
vt 0.40808 0.09586
vt 0.40208 0.09936
vt 0.41526 0.10214
vt 0.41553 0.11050
vt 0.39768 0.10492
vt 0.39722 0.10044
vt 0.39720 0.10021
vt 0.39731 0.09586
vt 0.41704 0.09937
vt 0.56774 0.21174
vt 0.56550 0.21136
vt 0.56702 0.21017
vt 0.57755 0.21170
vt 0.56765 0.21197
vt 0.56526 0.21084
vt 0.56402 0.21170
vt 0.21697 0.06555
vt 0.21432 0.04853
vt 0.20338 0.05733
vt 0.19973 0.04725
vt 0.20776 0.06582
vt 0.22200 0.06443
vt 0.22317 0.05516
vt 0.22281 0.04725
vt 0.21915 0.06762
vt 0.20788 0.06796
vt 0.20495 0.06302
vt 0.31695 0.88401
vt 0.30995 0.89439
vt 0.30974 0.88254
vt 0.31695 0.89604
vt 0.95807 0.49534
vt 0.96258 0.50270
vt 0.96258 0.48380
vt 0.32879 0.68521
vt 0.32995 0.66793
vt 0.33061 0.68841
vt 0.31841 0.82693
vt 0.33015 0.80900
vt 0.33135 0.81789
vt 0.33190 0.85066
vt 0.32556 0.85197
vt 0.34773 0.83698
vt 0.34959 0.81561
vt 0.35040 0.85044
vt 0.34256 0.80414
vt 0.32268 0.80549
vt 0.34940 0.78016
vt 0.34303 0.78112
vt 0.31515 0.85000
vt 0.31874 0.86774
vt 0.32468 0.87548
vt 0.31859 0.88707
vt 0.32944 0.87820
vt 0.34820 0.87830
vt 0.31856 0.90656
vt 0.34075 0.91928
vt 0.32920 0.91915
vt 0.32529 0.92103
vt 0.32340 0.93173
vt 0.35046 0.90595
vt 0.34600 0.92096
vt 0.34061 0.77709
vt 0.34957 0.75797
vt 0.34247 0.74570
vt 0.31725 0.75965
vt 0.32512 0.74570
vt 0.32443 0.77729
vt 0.35024 0.73550
vt 0.32241 0.78612
vt 0.32259 0.74276
vt 0.34354 0.72820
vt 0.34365 0.71835
vt 0.35122 0.69725
vt 0.32924 0.69935
vt 0.32516 0.71799
vt 0.31759 0.70357
vt 0.35039 0.69170
vt 0.33048 0.69201
vt 0.31837 0.67794
vt 0.31910 0.66742
vt 0.31640 0.72759
vt 0.32329 0.73121
vt 0.33207 0.69122
vt 0.33740 0.69037
vt 0.35122 0.93145
vt 0.34790 0.85346
vt 0.34813 0.85759
vt 0.34687 0.92458
vt 0.34586 0.94579
vt 0.35057 0.94897
vt 0.34442 0.94755
vt 0.32071 0.97671
vt 0.34880 0.97705
vt 0.32997 0.94897
vt 0.31896 0.94881
vt 0.32508 0.94618
vt 0.31670 0.73036
vt 0.19113 0.05483
vt 0.19612 0.05963
vt 0.17899 0.05928
vt 0.19602 0.06616
vt 0.19604 0.05833
vt 0.17905 0.05262
vt 0.19602 0.04996
vt 0.01165 0.58793
vt 0.01287 0.58173
vt 0.00586 0.58310
vt 0.01041 0.57831
vt 0.00660 0.58801
vt 0.01825 0.59149
vt 0.01849 0.57992
vt 0.01000 0.59224
vt 0.01849 0.59631
vt 0.74076 0.24437
vt 0.73875 0.24707
vt 0.73174 0.24437
vt 0.96776 0.64851
vt 0.96224 0.64881
vt 0.96449 0.66803
vt 0.97723 0.65014
vt 0.97881 0.65965
vt 0.97693 0.67061
vt 0.97190 0.67097
vt 0.95717 0.64851
vt 0.96330 0.67102
vt 0.95933 0.66667
vt 0.96788 0.64100
vt 0.96342 0.64401
vt 0.96922 0.64314
vt 0.97340 0.63951
vt 0.95987 0.63951
vt 0.00857 0.15490
vt 0.01127 0.15977
vt 0.01127 0.15347
vt 0.13870 0.73646
vt 0.13966 0.74208
vt 0.14429 0.73939
vt 0.14472 0.73312
vt 0.13751 0.73717
vt 0.14472 0.74212
vt 0.05361 0.76230
vt 0.05037 0.73825
vt 0.05005 0.77066
vt 0.05375 0.78829
vt 0.05117 0.80581
vt 0.05508 0.80623
vt 0.05217 0.83411
vt 0.05816 0.83483
vt 0.05476 0.73423
vt 0.05643 0.72983
vt 0.05103 0.70612
vt 0.05591 0.71205
vt 0.05816 0.73371
vt 0.26195 0.93552
vt 0.26465 0.92844
vt 0.26465 0.93744
vt 0.26229 0.92845
vt 0.95485 0.91404
vt 0.96452 0.91636
vt 0.96528 0.91404
vt 0.95446 0.91764
vt 0.49609 0.32268
vt 0.49277 0.32085
vt 0.48647 0.32250
vt 0.49820 0.31998
vt 0.48805 0.31998
vt 0.84355 0.27818
vt 0.85554 0.26523
vt 0.85608 0.27552
vt 0.84394 0.27026
vt 0.86600 0.27016
vt 0.86610 0.27830
vt 0.86169 0.28375
vt 0.85544 0.28381
vt 0.84502 0.28398
vt 0.84515 0.26418
vt 0.86600 0.28343
vt 0.79576 0.84113
vt 0.80388 0.84113
vt 0.80366 0.84383
vt 0.80554 0.22124
vt 0.80735 0.22320
vt 0.80763 0.22002
vt 0.81099 0.22360
vt 0.80678 0.22637
vt 0.81525 0.21678
vt 0.81739 0.21197
vt 0.81830 0.21793
vt 0.79808 0.21853
vt 0.79768 0.21954
vt 0.79125 0.21197
vt 0.26228 0.77488
vt 0.24636 0.79137
vt 0.24663 0.77334
vt 0.26646 0.78831
vt 0.26256 0.75653
vt 0.24747 0.75751
vt 0.26247 0.79253
vt 0.26646 0.76013
vt 0.24391 0.76056
vt 0.24395 0.78511
vt 0.07633 0.18457
vt 0.07612 0.18362
vt 0.07541 0.18589
vt 0.07674 0.18202
vt 0.07665 0.18395
vt 0.07439 0.18429
vt 0.07495 0.18590
vt 0.07800 0.18767
vt 0.07474 0.18608
vt 0.07800 0.18137
vt 0.34198 0.09856
vt 0.34232 0.09630
vt 0.34169 0.09663
vt 0.34265 0.09683
vt 0.34491 0.09496
vt 0.34018 0.09821
vt 0.34037 0.09754
vt 0.33859 0.09496
vt 0.34426 0.09621
vt 0.77125 0.59222
vt 0.77141 0.63187
vt 0.74422 0.61649
vt 0.74265 0.58320
vt 0.74144 0.63454
vt 0.76289 0.56390
vt 0.77044 0.56756
vt 0.74856 0.53965
vt 0.74161 0.53338
vt 0.76341 0.55106
vt 0.74194 0.65278
vt 0.75656 0.67711
vt 0.74550 0.70479
vt 0.74393 0.68565
vt 0.77060 0.66461
vt 0.77439 0.68481
vt 0.77422 0.71828
vt 0.75771 0.73591
vt 0.74448 0.74239
vt 0.74756 0.75983
vt 0.77111 0.77118
vt 0.77247 0.79726
vt 0.74771 0.79737
vt 0.77270 0.73866
vt 0.77140 0.50643
vt 0.77176 0.52232
vt 0.77224 0.54873
vt 0.74152 0.51471
vt 0.77122 0.47540
vt 0.74295 0.48893
vt 0.74307 0.45926
vt 0.75427 0.44779
vt 0.76708 0.44982
vt 0.77456 0.64416
vt 0.74023 0.76057
vt 0.74119 0.79883
vt 0.77619 0.45853
vt 0.73981 0.72371
vt 0.77602 0.76753
vt 0.77527 0.62486
vt 0.77515 0.60328
vt 0.77527 0.58605
vt 0.77552 0.56686
vt 0.77535 0.74437
vt 0.73939 0.59281
vt 0.77582 0.49501
vt 0.77591 0.52661
vt 0.73895 0.67010
vt 0.77683 0.54950
vt 0.77683 0.79859
vt 0.58218 0.72350
vt 0.57509 0.71121
vt 0.59503 0.71147
vt 0.60185 0.71740
vt 0.59871 0.72990
vt 0.58266 0.73693
vt 0.59915 0.74562
vt 0.57068 0.72597
vt 0.58492 0.74759
vt 0.55206 0.74454
vt 0.60774 0.73495
vt 0.61786 0.74406
vt 0.60948 0.72733
vt 0.61802 0.75114
vt 0.63864 0.75180
vt 0.62210 0.73133
vt 0.63317 0.73038
vt 0.62183 0.76231
vt 0.63314 0.76936
vt 0.61595 0.77409
vt 0.60854 0.75951
vt 0.64263 0.74453
vt 0.64197 0.73074
vt 0.61354 0.71913
vt 0.61068 0.70636
vt 0.62597 0.71611
vt 0.63795 0.70601
vt 0.61970 0.69993
vt 0.63153 0.72143
vt 0.62375 0.78215
vt 0.64040 0.77867
vt 0.64043 0.79993
vt 0.60798 0.79723
vt 0.60398 0.78409
vt 0.59669 0.80140
vt 0.59020 0.78011
vt 0.58793 0.79629
vt 0.55163 0.78151
vt 0.56843 0.79873
vt 0.57336 0.77685
vt 0.56238 0.77010
vt 0.58436 0.75912
vt 0.59586 0.77297
vt 0.55053 0.79888
vt 0.55278 0.76265
vt 0.60225 0.76032
vt 0.60627 0.77833
vt 0.60073 0.75238
vt 0.56991 0.75407
vt 0.54906 0.75443
vt 0.58717 0.80543
vt 0.57002 0.80385
vt 0.57535 0.70144
vt 0.59246 0.81253
vt 0.62058 0.80284
vt 0.61640 0.81337
vt 0.59383 0.82320
vt 0.61410 0.82474
vt 0.62851 0.81726
vt 0.59932 0.83994
vt 0.61824 0.84574
vt 0.63168 0.82928
vt 0.63359 0.84765
vt 0.64427 0.85924
vt 0.61280 0.85724
vt 0.63410 0.87443
vt 0.61071 0.87540
vt 0.59110 0.84238
vt 0.58446 0.83035
vt 0.57442 0.81241
vt 0.55046 0.82925
vt 0.57258 0.84777
vt 0.55523 0.85146
vt 0.56748 0.85468
vt 0.58608 0.85462
vt 0.60165 0.85368
vt 0.56893 0.86426
vt 0.64101 0.83257
vt 0.55243 0.80460
vt 0.55552 0.85753
vt 0.55394 0.88074
vt 0.57022 0.87856
vt 0.58954 0.87666
vt 0.59433 0.86377
vt 0.63700 0.82267
vt 0.59858 0.87711
vt 0.63920 0.81428
vt 0.63861 0.80560
vt 0.54993 0.86917
vt 0.64321 0.84564
vt 0.63684 0.69985
vt 0.63772 0.69396
vt 0.60245 0.68772
vt 0.61623 0.67476
vt 0.63726 0.67683
vt 0.59698 0.67883
vt 0.58874 0.69352
vt 0.59154 0.67889
vt 0.56917 0.67454
vt 0.57443 0.69507
vt 0.54880 0.67788
vt 0.56197 0.69260
vt 0.60092 0.70385
vt 0.55473 0.69996
vt 0.60168 0.66851
vt 0.58957 0.66683
vt 0.56963 0.66812
vt 0.61333 0.66720
vt 0.60664 0.66090
vt 0.61964 0.66186
vt 0.62278 0.64254
vt 0.59674 0.64125
vt 0.63979 0.66250
vt 0.59579 0.65628
vt 0.58651 0.64119
vt 0.57202 0.65015
vt 0.57460 0.66273
vt 0.56708 0.65620
vt 0.56492 0.64551
vt 0.58253 0.63976
vt 0.64276 0.65294
vt 0.64109 0.64012
vt 0.61382 0.63626
vt 0.56391 0.63934
vt 0.63703 0.63344
vt 0.59843 0.63827
vt 0.61258 0.61982
vt 0.59584 0.62798
vt 0.59437 0.61693
vt 0.60853 0.60593
vt 0.62593 0.61815
vt 0.62188 0.59012
vt 0.59414 0.59822
vt 0.61028 0.59081
vt 0.59481 0.58190
vt 0.61173 0.57416
vt 0.59612 0.56771
vt 0.62727 0.56371
vt 0.63754 0.58181
vt 0.60700 0.55766
vt 0.59570 0.55963
vt 0.63875 0.56073
vt 0.62457 0.63422
vt 0.63411 0.59522
vt 0.63909 0.62606
vt 0.64051 0.60988
vt 0.63003 0.60273
vt 0.55087 0.64212
vt 0.54649 0.65361
vt 0.55075 0.67045
vt 0.58630 0.63229
vt 0.57448 0.63282
vt 0.58646 0.61658
vt 0.56682 0.60412
vt 0.58523 0.59189
vt 0.56814 0.62406
vt 0.54860 0.61753
vt 0.54811 0.63504
vt 0.55009 0.60478
vt 0.59775 0.55419
vt 0.59816 0.54712
vt 0.60919 0.52657
vt 0.59587 0.52865
vt 0.58583 0.54803
vt 0.58495 0.53029
vt 0.56979 0.55211
vt 0.55184 0.53395
vt 0.55675 0.52590
vt 0.54892 0.54891
vt 0.62309 0.52845
vt 0.63011 0.55093
vt 0.63802 0.53356
vt 0.58566 0.55798
vt 0.57406 0.55842
vt 0.55504 0.55941
vt 0.58555 0.56277
vt 0.56001 0.56471
vt 0.57372 0.58310
vt 0.56304 0.58869
vt 0.54851 0.58104
vt 0.58538 0.58037
vt 0.54458 0.56924
vt 0.54809 0.59551
vt 0.57218 0.59619
vt 0.58965 0.52326
vt 0.57548 0.52304
vt 0.63714 0.55507
vt 0.54396 0.52847
vt 0.62324 0.55772
vt 0.54413 0.66267
vt 0.56355 0.73045
vt 0.55394 0.72440
vt 0.55511 0.70813
vt 0.63953 0.72168
vt 0.54925 0.87896
vt 0.54813 0.70109
vt 0.54705 0.56099
vt 0.54300 0.55482
vt 0.54260 0.73395
vt 0.54546 0.72579
vt 0.55024 0.70759
vt 0.54334 0.53806
vt 0.63729 0.66929
vt 0.54399 0.60028
vt 0.64427 0.54750
vt 0.54514 0.52250
vt 0.55816 0.52254
vt 0.54617 0.68500
vt 0.53968 0.67949
vt 0.64067 0.40204
vt 0.62510 0.39971
vt 0.62865 0.40691
vt 0.62665 0.41300
vt 0.63634 0.39469
vt 0.64698 0.39708
vt 0.61747 0.40514
vt 0.61539 0.41215
vt 0.60028 0.41219
vt 0.59619 0.41997
vt 0.58840 0.41443
vt 0.59057 0.42191
vt 0.55660 0.42269
vt 0.56501 0.43237
vt 0.56861 0.42128
vt 0.55166 0.43397
vt 0.54014 0.43571
vt 0.57559 0.43058
vt 0.58254 0.42533
vt 0.58051 0.41460
vt 0.53939 0.44060
vt 0.52162 0.44207
vt 0.51970 0.44689
vt 0.52840 0.45590
vt 0.48342 0.41566
vt 0.47464 0.41536
vt 0.49386 0.42405
vt 0.45131 0.39469
vt 0.48893 0.42730
vt 0.50747 0.43762
vt 0.79153 0.06790
vt 0.77225 0.06687
vt 0.78005 0.06176
vt 0.76330 0.05716
vt 0.79655 0.07426
vt 0.80568 0.05716
vt 0.10054 0.34698
vt 0.10054 0.33528
vt 0.09513 0.34101
vt 0.48256 0.08249
vt 0.49192 0.06214
vt 0.51049 0.07063
vt 0.52090 0.09656
vt 0.50025 0.11093
vt 0.47956 0.10671
vt 0.45755 0.11030
vt 0.47013 0.07745
vt 0.46386 0.06485
vt 0.52835 0.08257
vt 0.52768 0.06463
vt 0.50247 0.04851
vt 0.48518 0.11362
vt 0.43307 0.08831
vt 0.43138 0.10105
vt 0.43348 0.05324
vt 0.42963 0.07039
vt 0.44238 0.03099
vt 0.47384 0.05654
vt 0.47187 0.06614
vt 0.48216 0.06294
vt 0.42822 0.10593
vt 0.46796 0.02979
vt 0.45855 0.02503
vt 0.43927 0.02137
vt 0.45576 0.02025
vt 0.47534 0.03946
vt 0.43304 0.03210
vt 0.48174 0.07499
vt 0.46326 0.11476
vt 0.48441 0.02626
vt 0.42606 0.09699
vt 0.47294 0.07278
vt 0.47587 0.02095
vt 0.42851 0.06423
vt 0.52395 0.11398
vt 0.51358 0.02961
vt 0.53066 0.04438
vt 0.52975 0.02958
vt 0.49177 0.04106
vt 0.53066 0.11252
vt 0.50169 0.02721
vt 0.43007 0.03806
vt 0.43427 0.02243
vt 0.43576 0.11374
vt 0.49624 0.02472
vt 0.38999 0.08428
vt 0.38999 0.10846
vt 0.37376 0.09416
vt 0.37944 0.08416
vt 0.37015 0.08760
vt 0.71217 0.56534
vt 0.72573 0.57000
vt 0.72482 0.58534
vt 0.73408 0.57818
vt 0.73413 0.59034
vt 0.66112 0.57808
vt 0.67281 0.56455
vt 0.66710 0.57771
vt 0.65465 0.56660
vt 0.64812 0.57458
vt 0.64862 0.58647
vt 0.66712 0.58835
vt 0.65226 0.59426
vt 0.65208 0.56034
vt 0.72232 0.54379
vt 0.70487 0.53164
vt 0.73043 0.53718
vt 0.69801 0.53909
vt 0.73805 0.54585
vt 0.73456 0.56141
vt 0.69750 0.55990
vt 0.69994 0.58542
vt 0.68394 0.56288
vt 0.66781 0.58212
vt 0.67700 0.54312
vt 0.65949 0.53974
vt 0.65075 0.54706
vt 0.68935 0.54521
vt 0.73676 0.49628
vt 0.71632 0.48446
vt 0.73144 0.48507
vt 0.70205 0.48903
vt 0.69434 0.49659
vt 0.72275 0.51108
vt 0.69842 0.51970
vt 0.73636 0.51569
vt 0.71420 0.52506
vt 0.67678 0.49488
vt 0.67681 0.51057
vt 0.65341 0.49508
vt 0.65058 0.51957
vt 0.68001 0.53744
vt 0.68962 0.51778
vt 0.73119 0.52421
vt 0.65683 0.48386
vt 0.68052 0.48478
vt 0.64497 0.49358
vt 0.64905 0.48242
vt 0.66411 0.58027
vt 0.71209 0.46905
vt 0.70681 0.45982
vt 0.73056 0.46360
vt 0.72973 0.47732
vt 0.72813 0.45169
vt 0.71627 0.43675
vt 0.73688 0.43261
vt 0.73424 0.41354
vt 0.70190 0.41036
vt 0.69669 0.43128
vt 0.68884 0.41178
vt 0.70008 0.44115
vt 0.68779 0.42779
vt 0.67989 0.43516
vt 0.66120 0.43028
vt 0.65118 0.40999
vt 0.67400 0.45300
vt 0.69622 0.47070
vt 0.64906 0.46370
vt 0.64803 0.44042
vt 0.65003 0.45256
vt 0.64990 0.47526
vt 0.67935 0.47804
vt 0.70531 0.47287
vt 0.69689 0.48310
vt 0.64847 0.42567
vt 0.64869 0.43315
vt 0.66528 0.61435
vt 0.69160 0.61113
vt 0.68057 0.61971
vt 0.67794 0.59432
vt 0.64821 0.60965
vt 0.68038 0.63652
vt 0.64966 0.64779
vt 0.65282 0.61484
vt 0.69470 0.58927
vt 0.67834 0.65038
vt 0.68726 0.64267
vt 0.69695 0.65496
vt 0.67541 0.66417
vt 0.65500 0.65479
vt 0.65401 0.67194
vt 0.68906 0.66355
vt 0.68936 0.67406
vt 0.69036 0.61884
vt 0.64751 0.63227
vt 0.65272 0.68038
vt 0.67813 0.68965
vt 0.69214 0.69234
vt 0.65401 0.69446
vt 0.68639 0.69797
vt 0.67586 0.69811
vt 0.66278 0.70633
vt 0.66613 0.71487
vt 0.68380 0.72283
vt 0.69150 0.71169
vt 0.69456 0.72773
vt 0.70121 0.60356
vt 0.70720 0.61700
vt 0.71104 0.59611
vt 0.73225 0.61372
vt 0.73504 0.60981
vt 0.64736 0.71503
vt 0.65508 0.72201
vt 0.68580 0.73254
vt 0.67011 0.72198
vt 0.67200 0.73680
vt 0.65241 0.73348
vt 0.66238 0.74805
vt 0.64997 0.74944
vt 0.65674 0.76594
vt 0.68259 0.75327
vt 0.67246 0.76606
vt 0.68720 0.76522
vt 0.70991 0.76577
vt 0.67796 0.74846
vt 0.70363 0.75100
vt 0.69532 0.73639
vt 0.73318 0.74155
vt 0.71598 0.75642
vt 0.73466 0.75651
vt 0.72791 0.72850
vt 0.64875 0.76733
vt 0.70010 0.62269
vt 0.70129 0.63522
vt 0.71852 0.62170
vt 0.72835 0.64829
vt 0.69933 0.64870
vt 0.73653 0.63667
vt 0.73390 0.65050
vt 0.72871 0.65571
vt 0.70783 0.65595
vt 0.71307 0.66683
vt 0.73430 0.66862
vt 0.72347 0.67222
vt 0.69727 0.65948
vt 0.69513 0.67015
vt 0.69596 0.68226
vt 0.72020 0.68774
vt 0.72155 0.67270
vt 0.72404 0.67368
vt 0.73311 0.68554
vt 0.73222 0.69483
vt 0.70682 0.69342
vt 0.69824 0.70286
vt 0.72082 0.70768
vt 0.69771 0.71638
vt 0.72153 0.72410
vt 0.73573 0.71586
vt 0.70349 0.72983
vt 0.72563 0.61996
vt 0.73784 0.62684
vt 0.73805 0.72739
vt 0.64755 0.65516
vt 0.70203 0.59183
vt 0.73249 0.76564
vt 0.73793 0.73283
vt 0.71524 0.59044
vt 0.64389 0.67148
vt 0.64499 0.70329
vt 0.64399 0.68922
vt 0.72069 0.76512
vt 0.73610 0.61984
vt 0.64337 0.69517
vt 0.00316 0.91584
vt 0.00316 0.89244
vt 0.00045 0.90483
vt 0.86339 0.76193
vt 0.86069 0.76805
vt 0.86220 0.76706
vt 0.86339 0.77813
vt 0.51660 0.47624
vt 0.54085 0.48954
vt 0.55508 0.47386
vt 0.51507 0.49125
vt 0.48191 0.47701
vt 0.57587 0.48853
vt 0.60925 0.48700
vt 0.58676 0.47345
vt 0.49086 0.49130
vt 0.46460 0.49005
vt 0.61055 0.47030
vt 0.64247 0.48524
vt 0.64164 0.47037
vt 0.46788 0.47518
vt 0.44629 0.47594
vt 0.43647 0.49348
vt 0.42904 0.47663
vt 0.41004 0.49482
vt 0.40983 0.47653
vt 0.48716 0.47366
vt 0.52781 0.47202
vt 0.58738 0.47067
vt 0.56126 0.47037
vt 0.61353 0.49083
vt 0.55216 0.49322
vt 0.57162 0.49278
vt 0.53290 0.49410
vt 0.64166 0.49045
vt 0.59688 0.49640
vt 0.97845 0.45974
vt 0.97536 0.48433
vt 0.96970 0.46970
vt 0.97255 0.48944
vt 0.97795 0.50693
vt 0.96828 0.50462
vt 0.97711 0.51325
vt 0.98963 0.51234
vt 0.97103 0.46043
vt 0.97180 0.45355
vt 0.97913 0.45374
vt 0.97618 0.44385
vt 0.98438 0.43704
vt 0.97729 0.43120
vt 0.98963 0.41877
vt 0.97832 0.42618
vt 0.98187 0.41678
vt 0.98733 0.40999
vt 0.96639 0.51440
vt 0.96528 0.48364
vt 0.90235 0.21232
vt 0.88909 0.23359
vt 0.88984 0.20455
vt 0.86181 0.21484
vt 0.86809 0.23799
vt 0.86000 0.19962
vt 0.90339 0.23735
vt 0.87550 0.19339
vt 0.89949 0.19846
vt 0.85352 0.22626
vt 0.83751 0.19620
vt 0.83712 0.22251
vt 0.91343 0.21892
vt 0.88783 0.19545
vt 0.88785 0.17984
vt 0.87675 0.18213
vt 0.88361 0.17056
vt 0.91495 0.17335
vt 0.90314 0.18963
vt 0.87230 0.16153
vt 0.86221 0.17980
vt 0.89348 0.15185
vt 0.90861 0.16788
vt 0.91154 0.15282
vt 0.85837 0.15314
vt 0.87507 0.14896
vt 0.86339 0.19248
vt 0.84902 0.15083
vt 0.84037 0.16302
vt 0.83721 0.18992
vt 0.83777 0.15416
vt 0.86007 0.23196
vt 0.91248 0.23466
vt 0.92103 0.21191
vt 0.91030 0.19997
vt 0.92006 0.19268
vt 0.92135 0.18322
vt 0.93219 0.19743
vt 0.94767 0.19760
vt 0.93481 0.16884
vt 0.94183 0.17535
vt 0.94050 0.15249
vt 0.95920 0.19295
vt 0.95941 0.16707
vt 0.92138 0.14981
vt 0.94791 0.15161
vt 0.95987 0.15258
vt 0.83634 0.22889
vt 0.83832 0.23844
vt 0.84828 0.23900
vt 0.91907 0.23704
vt 0.93901 0.22273
vt 0.93370 0.20205
vt 0.95443 0.21511
vt 0.95987 0.22736
vt 0.94746 0.23745
vt 0.95735 0.23969
vt 0.94245 0.23874
vt 0.92961 0.23901
vt 0.91796 0.15502
vt 0.86088 0.24257
vt 0.12833 0.12014
vt 0.13987 0.11967
vt 0.13233 0.10908
vt 0.13871 0.11166
vt 0.14382 0.11062
vt 0.12753 0.12513
vt 0.12669 0.11367
vt 0.13266 0.10396
vt 0.13693 0.12638
vt 0.14382 0.12961
vt 0.13058 0.13366
vt 0.02602 0.11275
vt 0.02030 0.10496
vt 0.03209 0.10117
vt 0.03742 0.11737
vt 0.03244 0.12281
vt 0.02559 0.12376
vt 0.01979 0.12368
vt 0.01138 0.11439
vt 0.01037 0.10656
vt 0.01623 0.09856
vt 0.02774 0.09868
vt 0.03742 0.10440
vt 0.99389 0.37361
vt 0.98970 0.36657
vt 0.99733 0.37017
vt 0.98836 0.37440
vt 0.99955 0.37849
vt 0.99955 0.36409
vt 0.97701 0.37531
vt 0.24907 0.81022
vt 0.24982 0.80133
vt 0.24045 0.80368
vt 0.24369 0.81233
vt 0.23219 0.80701
vt 0.23356 0.79613
vt 0.25526 0.80721
vt 0.25863 0.79613
vt 0.26014 0.80165
vt 0.99594 0.16691
vt 0.98512 0.17372
vt 0.99460 0.17643
vt 0.98966 0.16517
vt 0.98742 0.18283
vt 0.99594 0.18407
vt 0.00000 1.00000
vt 0.00000 1.00000
vt 0.00000 1.00000
vt 0.00000 1.00000
vt 0.00000 1.00000
vt 0.00000 1.00000
vt 0.00000 1.00000
vt 0.00000 1.00000
vt 0.00000 1.00000
vt 0.00000 1.00000
vt 0.54005 0.78173
vt 0.52885 0.77453
vt 0.54599 0.77453
vt 0.50611 0.52700
vt 0.49998 0.53449
vt 0.51082 0.53309
vt 0.49617 0.52968
vt 0.48960 0.53968
vt 0.45690 0.53963
vt 0.45889 0.54832
vt 0.46766 0.54794
vt 0.48109 0.53479
vt 0.45302 0.55300
vt 0.44145 0.55255
vt 0.47942 0.54435
vt 0.43994 0.56211
vt 0.43436 0.55805
vt 0.42207 0.53471
vt 0.41758 0.54086
vt 0.41073 0.52700
vt 0.20131 0.45652
vt 0.19959 0.48229
vt 0.22081 0.47637
vt 0.21688 0.49476
vt 0.21999 0.45507
vt 0.20595 0.49633
vt 0.20095 0.44586
vt 0.19172 0.46992
vt 0.19198 0.49626
vt 0.21907 0.44370
vt 0.19922 0.43737
vt 0.22286 0.42397
vt 0.22076 0.42136
vt 0.19743 0.42144
vt 0.22950 0.43410
vt 0.25241 0.40983
vt 0.25329 0.42255
vt 0.23352 0.40781
vt 0.23613 0.44358
vt 0.25193 0.44233
vt 0.19138 0.43237
vt 0.19267 0.45277
vt 0.18789 0.44573
vt 0.16532 0.44229
vt 0.16481 0.45105
vt 0.16661 0.46909
vt 0.15290 0.45141
vt 0.14521 0.46320
vt 0.14514 0.48294
vt 0.17370 0.47991
vt 0.18596 0.48477
vt 0.21267 0.40793
vt 0.19879 0.40720
vt 0.19264 0.41348
vt 0.17815 0.40969
vt 0.17631 0.43153
vt 0.17218 0.41955
vt 0.14305 0.44423
vt 0.13506 0.47466
vt 0.14421 0.49478
vt 0.13266 0.45547
vt 0.16465 0.49621
vt 0.16671 0.48168
vt 0.11971 0.45454
vt 0.11796 0.49539
vt 0.10877 0.47772
vt 0.09387 0.48478
vt 0.09546 0.46022
vt 0.10788 0.45581
vt 0.13148 0.49919
vt 0.09800 0.50090
vt 0.12608 0.44200
vt 0.14240 0.42762
vt 0.15196 0.43826
vt 0.15441 0.42724
vt 0.15739 0.41629
vt 0.16429 0.41981
vt 0.22661 0.49070
vt 0.23763 0.45297
vt 0.25114 0.45255
vt 0.23679 0.46117
vt 0.25469 0.47875
vt 0.23316 0.47905
vt 0.23436 0.49564
vt 0.25448 0.49699
vt 0.26101 0.47568
vt 0.22742 0.44734
vt 0.22894 0.46284
vt 0.14416 0.41529
vt 0.15892 0.40587
vt 0.26103 0.49748
vt 0.27737 0.49402
vt 0.28126 0.47252
vt 0.29507 0.49337
vt 0.29440 0.47196
vt 0.29241 0.45082
vt 0.27323 0.45235
vt 0.26614 0.46397
vt 0.28120 0.44090
vt 0.26333 0.44560
vt 0.25959 0.46051
vt 0.28284 0.43247
vt 0.29207 0.43935
vt 0.30012 0.46817
vt 0.30123 0.45067
vt 0.30190 0.44502
vt 0.32452 0.44333
vt 0.31774 0.45174
vt 0.30748 0.46681
vt 0.31678 0.48424
vt 0.32957 0.46596
vt 0.33641 0.47977
vt 0.33063 0.45137
vt 0.33962 0.46359
vt 0.33554 0.47375
vt 0.35358 0.46905
vt 0.35956 0.49039
vt 0.33738 0.49125
vt 0.35827 0.46259
vt 0.33107 0.48772
vt 0.36885 0.47876
vt 0.37136 0.48612
vt 0.35444 0.45325
vt 0.36777 0.44904
vt 0.34516 0.44350
vt 0.33558 0.44418
vt 0.26651 0.43098
vt 0.26889 0.41731
vt 0.29373 0.42194
vt 0.28142 0.40691
vt 0.26782 0.40368
vt 0.26018 0.42161
vt 0.29449 0.42917
vt 0.33530 0.43141
vt 0.34931 0.43432
vt 0.34715 0.42023
vt 0.34355 0.40991
vt 0.35854 0.41197
vt 0.35959 0.44503
vt 0.36918 0.42463
vt 0.36996 0.44036
vt 0.35736 0.40369
vt 0.36833 0.40930
vt 0.33572 0.40629
vt 0.33702 0.42205
vt 0.32923 0.43174
vt 0.30361 0.43739
vt 0.30593 0.41628
vt 0.33109 0.40759
vt 0.31928 0.40266
vt 0.30550 0.40432
vt 0.30220 0.47541
vt 0.30103 0.48914
vt 0.30918 0.49046
vt 0.37182 0.49129
vt 0.37388 0.42919
vt 0.37273 0.41028
vt 0.38820 0.42723
vt 0.38778 0.40962
vt 0.37324 0.45338
vt 0.38884 0.45704
vt 0.37985 0.48666
vt 0.37325 0.47374
vt 0.39239 0.48495
vt 0.38136 0.40073
vt 0.25997 0.40826
vt 0.10289 0.44487
vt 0.10408 0.43203
vt 0.12784 0.43090
vt 0.10219 0.41467
vt 0.11632 0.40659
vt 0.13371 0.41647
vt 0.12628 0.40178
vt 0.14003 0.40376
vt 0.09744 0.40081
vt 0.09187 0.43306
vt 0.09271 0.45085
vt 0.09201 0.40842
vt 0.29797 0.40436
vt 0.08410 0.43816
vt 0.08578 0.46170
vt 0.08543 0.48265
vt 0.06938 0.45280
vt 0.04741 0.43872
vt 0.06750 0.41802
vt 0.08585 0.41268
vt 0.07516 0.40366
vt 0.08631 0.40398
vt 0.05829 0.42122
vt 0.04073 0.40607
vt 0.06031 0.40315
vt 0.03353 0.43743
vt 0.06059 0.45123
vt 0.07926 0.47515
vt 0.05777 0.47127
vt 0.05944 0.49872
vt 0.04225 0.47826
vt 0.04132 0.46168
vt 0.07579 0.50038
vt 0.03468 0.49263
vt 0.03313 0.46573
vt 0.01530 0.50001
vt 0.01167 0.47307
vt 0.03926 0.44636
vt 0.02511 0.45088
vt 0.02501 0.43434
vt 0.02480 0.41672
vt 0.03420 0.41761
vt 0.00918 0.43652
vt 0.01526 0.45215
vt 0.01018 0.40793
vt 0.03156 0.40476
vt 0.02430 0.45966
vt 0.00894 0.45925
vt 0.08629 0.49887
vt 0.04776 0.39967
vt 0.02056 0.39825
vt 0.32041 0.49448
vt 0.22753 0.47985
vt 0.16896 0.40825
vt 0.17289 0.49625
vt 0.06690 0.39851
vt 0.22645 0.40583
vt 0.29095 0.41220
vt 0.14344 0.40353
vt 0.39095 0.49418
vt 0.37113 0.39739
vt 0.23021 0.40159
vt 0.38992 0.39887
vt 0.37722 0.49584
vt 0.11699 0.39827
vt 0.29218 0.40060
vt 0.25391 0.40312
vt 0.13706 0.39915
vt 0.15269 0.39932
vt 0.24496 0.40042
vt 0.00857 0.39739
vt 0.12475 0.39805
vt 0.03020 0.39796
vt 0.30459 0.49913
vt 0.39630 0.49151
vt 0.36629 0.39921
vt 0.00000 1.00000
vt 0.00000 1.00000
vt 0.00000 1.00000
vt 0.00000 1.00000
vt 0.08521 0.12121
vt 0.08063 0.11566
vt 0.07679 0.12389
vt 0.08188 0.12806
vt 0.06898 0.12585
vt 0.06976 0.11566
vt 0.07136 0.13366
vt 0.00000 1.00000
vt 0.00000 1.00000
vt 0.00000 1.00000
vt 0.00000 1.00000
vt 0.00000 1.00000
vt 0.00000 1.00000
vt 0.00000 1.00000
vt 0.00000 1.00000
vt 0.00000 1.00000
vt 0.00000 1.00000
vt 0.00000 1.00000
vt 0.00000 1.00000
vt 0.00000 1.00000
vt 0.00000 1.00000
vt 0.00000 1.00000
vt 0.00000 1.00000
vt 0.00000 1.00000
vt 0.00000 1.00000
vt 0.00000 1.00000
vt 0.00000 1.00000
vt 0.00000 1.00000
vt 0.00000 1.00000
vt 0.00000 1.00000
vt 0.00000 1.00000
vt 0.00000 1.00000
vt 0.00000 1.00000
vt 0.00000 1.00000
vt 0.00000 1.00000
vt 0.00000 1.00000
vt 0.00000 1.00000
vt 0.00000 1.00000
vt 0.00000 1.00000
vt 0.00000 1.00000
vt 0.00000 1.00000
vt 0.00000 1.00000
vt 0.92651 0.05176
vt 0.92651 0.04996
vt 0.92561 0.05122
vt 0.77683 0.37026
vt 0.77773 0.37039
vt 0.77773 0.36949
vt 0.01758 0.87894
vt 0.01849 0.87804
vt 0.01844 0.87894
vt 0.04677 0.90836
vt 0.05266 0.90789
vt 0.04554 0.90200
vt 0.05376 0.89525
vt 0.04933 0.88574
vt 0.04657 0.91457
vt 0.05302 0.92848
vt 0.04728 0.93274
vt 0.05587 0.93252
vt 0.04986 0.94014
vt 0.06087 0.88698
vt 0.05339 0.87800
vt 0.04817 0.87655
vt 0.04906 0.86184
vt 0.06087 0.93902
vt 0.00000 1.00000
vt 0.00000 1.00000
vt 0.00000 1.00000
vt 0.00000 1.00000
vt 0.00000 1.00000
vt 0.00000 1.00000
vt 0.00000 1.00000
vt 0.00000 1.00000
vt 0.56350 0.51981
vt 0.56312 0.51980
vt 0.56402 0.52070
vt 0.56402 0.51982
vt 0.73805 0.28218
vt 0.73895 0.28147
vt 0.73805 0.28038
vt 0.99042 0.84080
vt 0.99011 0.85518
vt 0.98336 0.85124
vt 0.98313 0.82472
vt 0.99003 0.82765
vt 0.99143 0.81372
vt 0.98357 0.80994
vt 0.98779 0.80783
vt 0.97160 0.85620
vt 0.98595 0.87308
vt 0.97888 0.87392
vt 0.98973 0.88364
vt 0.98449 0.88631
vt 0.98251 0.89874
vt 0.99143 0.89805
vt 0.15654 0.97165
vt 0.15374 0.95995
vt 0.16096 0.95995
vt 0.61234 0.03433
vt 0.59602 0.02723
vt 0.58547 0.03075
vt 0.62702 0.02707
vt 0.63112 0.03306
vt 0.65220 0.02683
vt 0.65059 0.02233
vt 0.67493 0.02115
vt 0.56944 0.02898
vt 0.56857 0.03645
vt 0.62413 0.02246
vt 0.56553 0.03057
vt 0.56609 0.02169
vt 0.55760 0.02115
vt 0.55413 0.02937
vt 0.55230 0.02720
vt 0.88833 0.42876
vt 0.87018 0.40796
vt 0.90113 0.41667
vt 0.88975 0.40059
vt 0.87548 0.39960
vt 0.87292 0.41808
vt 0.86961 0.43256
vt 0.88013 0.44160
vt 0.89464 0.43621
vt 0.90286 0.42312
vt 0.91068 0.43288
vt 0.91032 0.41145
vt 0.92318 0.41921
vt 0.91811 0.43748
vt 0.95133 0.43798
vt 0.93140 0.40897
vt 0.94830 0.41240
vt 0.92675 0.44415
vt 0.91794 0.40442
vt 0.90762 0.40252
vt 0.92672 0.40319
vt 0.95608 0.41336
vt 0.89957 0.39470
vt 0.87547 0.38464
vt 0.88479 0.37420
vt 0.89589 0.38525
vt 0.90466 0.37505
vt 0.89711 0.38516
vt 0.91150 0.39041
vt 0.91265 0.38094
vt 0.86885 0.37613
vt 0.90024 0.36883
vt 0.92189 0.39445
vt 0.93364 0.37754
vt 0.93342 0.39722
vt 0.95239 0.38821
vt 0.95377 0.37341
vt 0.95458 0.39729
vt 0.92430 0.37550
vt 0.94929 0.44424
vt 0.93114 0.44827
vt 0.91051 0.45061
vt 0.92217 0.46569
vt 0.93125 0.46298
vt 0.93095 0.47429
vt 0.94819 0.45045
vt 0.95127 0.47649
vt 0.91089 0.47042
vt 0.91164 0.44297
vt 0.89522 0.44332
vt 0.88406 0.44861
vt 0.86935 0.44188
vt 0.90186 0.45149
vt 0.87396 0.46185
vt 0.87174 0.45007
vt 0.86566 0.46491
vt 0.87306 0.46342
vt 0.87534 0.46502
vt 0.88530 0.47389
vt 0.90423 0.47041
vt 0.90306 0.47923
vt 0.91831 0.48005
vt 0.94843 0.48392
vt 0.92846 0.48085
vt 0.93800 0.48227
vt 0.87454 0.47668
vt 0.94053 0.49377
vt 0.92260 0.48871
vt 0.92504 0.51090
vt 0.91060 0.50457
vt 0.94761 0.51287
vt 0.94984 0.50457
vt 0.90034 0.50776
vt 0.95480 0.46627
vt 0.86491 0.43730
vt 0.87346 0.36611
vt 0.90723 0.48413
vt 0.88891 0.48495
vt 0.88473 0.51119
vt 0.86767 0.49714
vt 0.87243 0.51385
vt 0.86374 0.48231
vt 0.86233 0.50793
vt 0.89001 0.47944
vt 0.90213 0.51499
vt 0.86627 0.38499
vt 0.94874 0.40273
vt 0.95614 0.45185
vt 0.95356 0.44452
vt 0.86330 0.49864
vt 0.93166 0.51697
vt 0.94558 0.51736
vt 0.86193 0.42051
vt 0.86361 0.51367
vt 0.88489 0.51470
vt 0.88519 0.36833
vt 0.86295 0.44270
vt 0.88991 0.36332
vt 0.90916 0.36233
vt 0.89440 0.34628
vt 0.87390 0.35878
vt 0.91324 0.34245
vt 0.88290 0.34120
vt 0.89329 0.33622
vt 0.92107 0.35947
vt 0.86849 0.35205
vt 0.87025 0.33564
vt 0.88666 0.33585
vt 0.89981 0.33207
vt 0.87904 0.32139
vt 0.90047 0.31362
vt 0.86986 0.30259
vt 0.90562 0.28883
vt 0.88027 0.28766
vt 0.91373 0.30009
vt 0.88371 0.28110
vt 0.90867 0.33520
vt 0.91837 0.32338
vt 0.91752 0.33884
vt 0.91244 0.30874
vt 0.92179 0.31644
vt 0.92721 0.29449
vt 0.93988 0.31935
vt 0.95380 0.29658
vt 0.94020 0.28522
vt 0.92701 0.28440
vt 0.91255 0.28241
vt 0.94884 0.31442
vt 0.94805 0.32919
vt 0.94284 0.33560
vt 0.95627 0.32637
vt 0.92702 0.33828
vt 0.93439 0.33157
vt 0.93501 0.34466
vt 0.95441 0.34097
vt 0.95316 0.36127
vt 0.93182 0.35857
vt 0.94754 0.36846
vt 0.93377 0.36956
vt 0.91854 0.36893
vt 0.89473 0.27678
vt 0.86848 0.28051
vt 0.95448 0.28630
vt 0.95522 0.33622
vt 0.86493 0.33036
vt 0.86726 0.31122
vt 0.86344 0.40389
vt 0.90818 0.51664
vt 0.91891 0.51763
vt 0.86506 0.35955
vt 0.86600 0.36672
vt 0.86361 0.39668
vt 0.95489 0.50749
vt 0.86262 0.46750
vt 0.86414 0.47553
vt 0.95598 0.40448
vt 0.95627 0.52070
vt 0.85978 0.45588
vt 0.45099 0.25338
vt 0.44590 0.25158
vt 0.45221 0.25158
vt 0.81777 0.05381
vt 0.82826 0.04988
vt 0.81629 0.04992
vt 0.80373 0.05472
vt 0.79324 0.04855
vt 0.79274 0.05632
vt 0.78650 0.04993
vt 0.80894 0.04527
vt 0.78770 0.04455
vt 0.76949 0.04772
vt 0.77446 0.05409
vt 0.75364 0.05289
vt 0.75351 0.04581
vt 0.74707 0.05083
vt 0.78241 0.05879
vt 0.82349 0.06539
vt 0.83586 0.06959
vt 0.83719 0.05345
vt 0.84307 0.06754
vt 0.84366 0.07966
vt 0.83769 0.04580
vt 0.84442 0.05666
vt 0.84421 0.04748
vt 0.85701 0.05056
vt 0.86357 0.06058
vt 0.86436 0.05229
vt 0.87274 0.05620
vt 0.87644 0.06141
vt 0.88465 0.05539
vt 0.88858 0.06731
vt 0.90848 0.06591
vt 0.86628 0.04455
vt 0.05100 0.23849
vt 0.04570 0.24279
vt 0.05007 0.24710
vt 0.05614 0.24361
vt 0.04258 0.25507
vt 0.03315 0.25608
vt 0.05726 0.23447
vt 0.03291 0.23447
vt 0.03838 0.14853
vt 0.04373 0.15488
vt 0.03850 0.15385
vt 0.04175 0.14738
vt 0.04234 0.14682
vt 0.03708 0.14536
vt 0.03291 0.15485
vt 0.03406 0.15914
vt 0.04111 0.15847
vt 0.04373 0.16787
vt 0.01010 0.14694
vt 0.01037 0.14356
vt 0.00537 0.14356
vt 0.00496 0.14716
vt 0.00000 1.00000
vt 0.00000 1.00000
vt 0.00000 1.00000
vt 0.00000 1.00000
vt 0.00000 1.00000
vt 0.00000 1.00000
vt 0.99448 0.98150
vt 0.98816 0.98695
vt 0.99408 0.98052
vt 0.98389 0.98582
vt 0.98816 0.97615
vt 0.97520 0.97615
vt 0.99620 0.97757
vt 0.99766 0.98284
vt 0.99784 0.98377
vt 0.99819 0.98333
vt 0.99842 0.98392
vt 0.99865 0.98451
vt 0.63977 0.71332
vt 0.64060 0.71242
vt 0.64337 0.71332
vt 0.65509 0.77993
vt 0.65600 0.77944
vt 0.65509 0.77453
vt 0.98202 0.99139
vt 0.97791 0.98875
vt 0.97997 0.99483
vt 0.98283 0.99685
vt 0.99053 0.98875
vt 0.16005 0.71062
vt 0.15735 0.71270
vt 0.16005 0.71602
vt 0.57954 0.45347
vt 0.58078 0.45904
vt 0.58644 0.45664
vt 0.56013 0.46191
vt 0.56500 0.45413
vt 0.55371 0.45532
vt 0.55590 0.44239
vt 0.58570 0.44814
vt 0.60080 0.44906
vt 0.59604 0.45721
vt 0.60822 0.46296
vt 0.61107 0.45385
vt 0.62036 0.45245
vt 0.62624 0.45981
vt 0.61444 0.44239
vt 0.55320 0.46519
vt 0.58677 0.46760
vt 0.14860 0.34781
vt 0.14798 0.34939
vt 0.14770 0.34765
vt 0.14495 0.34867
vt 0.13871 0.34977
vt 0.14254 0.34839
vt 0.13911 0.34841
vt 0.15374 0.34608
vt 0.15302 0.34723
vt 0.14722 0.34609
vt 0.13689 0.35422
vt 0.14902 0.35725
vt 0.14705 0.36787
vt 0.13504 0.36324
vt 0.15318 0.35973
vt 0.15023 0.36503
vt 0.14893 0.36764
vt 0.15374 0.36405
vt 0.13481 0.36707
vt 0.14088 0.36949
vt 0.29621 0.76283
vt 0.29711 0.75899
vt 0.29621 0.75653
vt 0.50553 0.01424
vt 0.50878 0.01286
vt 0.50841 0.01096
vt 0.50992 0.01935
vt 0.50541 0.01080
vt 0.50992 0.00495
vt 0.06882 0.91882
vt 0.07479 0.91764
vt 0.07337 0.91943
vt 0.06808 0.91764
vt 0.07710 0.92034
vt 0.94608 0.26912
vt 0.95287 0.27138
vt 0.94178 0.26328
vt 0.95601 0.26328
vt 0.95627 0.26836
vt 0.94254 0.26903
vt 0.94004 0.26589
vt 0.76074 0.01709
vt 0.77876 0.04275
vt 0.78156 0.01479
vt 0.75495 0.04139
vt 0.78643 0.03421
vt 0.73073 0.01618
vt 0.72208 0.04067
vt 0.70405 0.01588
vt 0.70321 0.04208
vt 0.68802 0.01805
vt 0.68925 0.04275
vt 0.78589 0.04226
vt 0.79428 0.03936
vt 0.80023 0.01645
vt 0.81032 0.03389
vt 0.80381 0.04136
vt 0.81373 0.03723
vt 0.74351 0.01413
vt 0.80597 0.02045
vt 0.81298 0.02618
vt 0.81481 0.03484
vt 0.82303 0.03478
vt 0.82396 0.04018
vt 0.83273 0.04120
vt 0.81121 0.04235
vt 0.68756 0.04145
vt 0.76947 0.01215
vt 0.79499 0.01215
vt 0.21686 0.64401
vt 0.22678 0.64401
vt 0.22553 0.64761
vt 0.85427 0.71262
vt 0.84615 0.68040
vt 0.85726 0.68138
vt 0.84789 0.70038
vt 0.85798 0.66668
vt 0.85883 0.67417
vt 0.84594 0.66569
vt 0.85518 0.66265
vt 0.85815 0.65392
vt 0.85919 0.66814
vt 0.84977 0.70709
vt 0.84547 0.71707
vt 0.84766 0.70985
vt 0.85133 0.71597
vt 0.85351 0.71704
vt 0.84382 0.70168
vt 0.84478 0.70729
vt 0.84432 0.69126
vt 0.84175 0.69256
vt 0.85958 0.69703
vt 0.85978 0.70742
vt 0.85898 0.71290
vt 0.85978 0.68487
vt 0.85883 0.67692
vt 0.84600 0.71782
vt 0.85458 0.71767
vt 0.84298 0.67311
vt 0.86159 0.07160
vt 0.84896 0.08425
vt 0.85987 0.08191
vt 0.85496 0.07011
vt 0.86063 0.08612
vt 0.85601 0.06166
vt 0.86079 0.06734
vt 0.85339 0.08823
vt 0.85401 0.09402
vt 0.85761 0.09856
vt 0.86159 0.08954
vt 0.85064 0.07314
vt 0.85276 0.06583
vt 0.69567 0.07966
vt 0.69297 0.08047
vt 0.69567 0.08506
vt 0.41363 0.42360
vt 0.41721 0.42774
vt 0.41931 0.41686
vt 0.42507 0.42415
vt 0.42359 0.41597
vt 0.42376 0.43431
vt 0.41246 0.41633
vt 0.42802 0.42890
vt 0.43567 0.41617
vt 0.44566 0.42534
vt 0.44600 0.41601
vt 0.45050 0.42021
vt 0.44177 0.42854
vt 0.43368 0.43699
vt 0.45221 0.41646
vt 0.42520 0.43668
vt 0.40916 0.41580
vt 0.40692 0.42221
vt 0.40541 0.41572
vt 0.40579 0.42478
vt 0.40322 0.42430
vt 0.40046 0.41499
vt 0.39720 0.42452
vt 0.40120 0.42787
vt 0.41568 0.41507
vt 0.41297 0.41467
vt 0.40700 0.41449
vt 0.45147 0.41499
vt 0.99318 0.22370
vt 0.99775 0.22367
vt 0.99300 0.22390
vt 0.99222 0.22410
vt 0.99197 0.23409
vt 0.98614 0.23019
vt 0.99579 0.23807
vt 0.98422 0.23192
vt 0.99674 0.23614
vt 0.99775 0.23788
vt 0.64030 0.01117
vt 0.62065 0.00945
vt 0.63998 0.01308
vt 0.65704 0.01311
vt 0.62170 0.01395
vt 0.60189 0.00996
vt 0.66286 0.00945
vt 0.66682 0.01193
vt 0.70276 0.76747
vt 0.71479 0.77380
vt 0.71158 0.76733
vt 0.71260 0.76771
vt 0.71611 0.77101
vt 0.71731 0.77043
vt 0.70348 0.77715
vt 0.71648 0.77590
vt 0.70018 0.76771
vt 0.71440 0.77813
vt 0.85708 0.14255
vt 0.85528 0.14176
vt 0.85528 0.14716
vt 0.52254 0.49730
vt 0.53156 0.49730
vt 0.52735 0.50180
vt 0.53139 0.50028
vt 0.42303 0.57977
vt 0.42362 0.58994
vt 0.40712 0.58049
vt 0.40732 0.59144
vt 0.42332 0.59412
vt 0.40739 0.59822
vt 0.42346 0.59758
vt 0.40752 0.60541
vt 0.42426 0.60711
vt 0.40760 0.57499
vt 0.42319 0.57555
vt 0.40754 0.56806
vt 0.42315 0.56290
vt 0.41375 0.55941
vt 0.42426 0.56850
vt 0.53867 0.42978
vt 0.54418 0.42709
vt 0.53517 0.42709
vt 0.54350 0.42979
vt 0.04254 0.35812
vt 0.05720 0.35703
vt 0.03550 0.33486
vt 0.06661 0.34874
vt 0.01240 0.34677
vt 0.03140 0.36035
vt 0.02235 0.33438
vt 0.00823 0.33479
vt 0.04732 0.33438
vt 0.00045 0.33813
vt 0.06432 0.35977
vt 0.08070 0.35859
vt 0.05217 0.35969
vt 0.03703 0.36049
vt 0.09223 0.81982
vt 0.08702 0.80481
vt 0.09380 0.80228
vt 0.08966 0.83768
vt 0.09153 0.78596
vt 0.08805 0.77932
vt 0.08895 0.76179
vt 0.09291 0.74991
vt 0.08947 0.71962
vt 0.09423 0.72257
vt 0.09348 0.84405
vt 0.08764 0.87348
vt 0.09221 0.86877
vt 0.09423 0.87534
vt 0.15464 0.75145
vt 0.15124 0.75125
vt 0.15177 0.72083
vt 0.15452 0.71429
vt 0.15122 0.77162
vt 0.15092 0.68821
vt 0.15388 0.77000
vt 0.15126 0.79049
vt 0.15414 0.80051
vt 0.15294 0.81593
vt 0.15353 0.69246
vt 0.15031 0.68237
vt 0.15464 0.67642
vt 0.14292 0.68136
vt 0.14306 0.67652
vt 0.95176 0.85038
vt 0.95537 0.84591
vt 0.95537 0.85554
vt 0.95241 0.84473
vt 0.50947 0.41392
vt 0.51589 0.42053
vt 0.51007 0.41931
vt 0.51483 0.41201
vt 0.50631 0.41228
vt 0.53156 0.42024
vt 0.51844 0.41076
vt 0.53151 0.41316
vt 0.52529 0.40887
vt 0.53133 0.42529
vt 0.52992 0.40819
vt 0.53133 0.40903
vt 0.85167 0.86184
vt 0.85361 0.87174
vt 0.85776 0.86631
vt 0.86339 0.86184
vt 0.99469 0.11614
vt 0.98693 0.11026
vt 0.99865 0.11026
vt 0.99651 0.11836
vt 0.00000 1.00000
vt 0.00000 1.00000
vt 0.00000 1.00000
vt 0.60125 0.26485
vt 0.60372 0.26441
vt 0.60826 0.26778
vt 0.60009 0.26506
vt 0.60911 0.25968
vt 0.60194 0.26032
vt 0.60911 0.26723
vt 0.60130 0.26476
vt 0.99594 0.35551
vt 0.98873 0.36049
vt 0.99030 0.35341
vt 0.99594 0.35999
vt 0.99232 0.34788
vt 0.13390 0.00585
vt 0.14563 0.00585
vt 0.14238 0.01215
vt 0.90196 0.94765
vt 0.92652 0.95359
vt 0.92370 0.96903
vt 0.90275 0.96449
vt 0.90875 0.97329
vt 0.91378 0.97927
vt 0.92400 0.98277
vt 0.92620 0.93575
vt 0.91050 0.92354
vt 0.92831 0.92401
vt 0.90049 0.92304
vt 0.92278 0.99079
vt 0.89856 0.95904
vt 0.89896 0.94661
vt 0.89929 0.92457
vt 0.92658 0.96861
vt 0.92831 0.99415
vt 0.23260 0.68066
vt 0.21039 0.68168
vt 0.21505 0.70086
vt 0.19824 0.69917
vt 0.23697 0.70461
vt 0.24847 0.70589
vt 0.25246 0.68134
vt 0.26003 0.68696
vt 0.19278 0.67952
vt 0.26285 0.69095
vt 0.17268 0.67552
vt 0.25563 0.68038
vt 0.20118 0.67739
vt 0.21540 0.67781
vt 0.18653 0.67648
vt 0.26259 0.68635
vt 0.21569 0.70558
vt 0.22504 0.70508
vt 0.20409 0.70556
vt 0.24657 0.70882
vt 0.25159 0.70390
vt 0.24871 0.67552
vt 0.24005 0.67877
vt 0.22340 0.67597
vt 0.71347 0.07585
vt 0.71685 0.07763
vt 0.70877 0.07908
vt 0.71836 0.07906
vt 0.71015 0.08326
vt 0.70576 0.08235
vt 0.69838 0.07618
vt 0.70301 0.07608
vt 0.70431 0.07426
vt 0.70331 0.07507
vt 0.70303 0.07556
vt 0.70296 0.07464
vt 0.73264 0.07426
vt 0.70308 0.98695
vt 0.70410 0.99467
vt 0.70446 0.99459
vt 0.70547 0.99775
vt 0.70289 0.99305
vt 0.72018 0.99737
vt 0.72074 0.99575
vt 0.72633 0.99409
vt 0.70839 0.98695
vt 0.89585 0.93294
vt 0.88593 0.93294
vt 0.88768 0.93654
vt 0.89496 0.93625
vt 0.07710 0.14356
vt 0.07449 0.15257
vt 0.07349 0.14356
vt 0.01127 0.80374
vt 0.01758 0.79831
vt 0.01430 0.80464
vt 0.01496 0.79793
vt 0.01758 0.80963
vt 0.76265 0.30388
vt 0.75705 0.29847
vt 0.76009 0.29776
vt 0.76420 0.30285
vt 0.75624 0.30015
vt 0.76121 0.30828
vt 0.76320 0.30368
vt 0.76358 0.30409
vt 0.76420 0.29373
vt 0.75609 0.29575
vt 0.76180 0.28848
vt 0.00000 1.00000
vt 0.00000 1.00000
vt 0.00000 1.00000
vt 0.00000 1.00000
vt 0.17948 0.77708
vt 0.16324 0.77843
vt 0.18014 0.78533
vt 0.16447 0.78162
vt 0.18196 0.77633
vt 0.16005 0.77633
vt 0.18205 0.78453
vt 0.18440 0.77914
vt 0.16456 0.27318
vt 0.17096 0.27228
vt 0.17358 0.27318
vt 0.01084 0.62151
vt 0.01194 0.62331
vt 0.01398 0.62290
vt 0.00857 0.62290
vt 0.90397 0.24287
vt 0.90404 0.24617
vt 0.90487 0.24390
vt 0.90404 0.24077
vt 0.78043 0.55491
vt 0.78043 0.54860
vt 0.77863 0.55354
vt 0.83724 0.23987
vt 0.83094 0.24257
vt 0.83093 0.23987
vt 0.78404 0.72322
vt 0.78375 0.72951
vt 0.78133 0.72611
vt 0.78404 0.73402
vt 0.65063 0.31191
vt 0.65959 0.30147
vt 0.65589 0.30022
vt 0.66317 0.31278
vt 0.64518 0.30230
vt 0.65180 0.29838
vt 0.66862 0.31219
vt 0.66226 0.29838
vt 0.99053 0.63943
vt 0.99684 0.64941
vt 0.99684 0.63411
vt 0.99341 0.63455
vt 0.99160 0.64886
vt 0.73524 0.04974
vt 0.72687 0.05420
vt 0.73625 0.05473
vt 0.73582 0.04275
vt 0.72560 0.04954
vt 0.72661 0.04275
vt 0.72092 0.05268
vt 0.73378 0.06076
vt 0.72212 0.05948
vt 0.18350 0.89064
vt 0.19071 0.89064
vt 0.18860 0.89334
vt 0.70095 0.10756
vt 0.70289 0.10756
vt 0.69928 0.11206
vt 0.03562 0.22727
vt 0.03922 0.23177
vt 0.03729 0.23177
vt 0.63585 0.44773
vt 0.62400 0.45167
vt 0.63510 0.44183
vt 0.61722 0.44902
vt 0.62122 0.43295
vt 0.62950 0.46081
vt 0.63972 0.45202
vt 0.64157 0.46310
vt 0.62503 0.42709
vt 0.63899 0.42742
vt 0.64157 0.43720
vt 0.63749 0.44194
vt 0.34194 0.87075
vt 0.34301 0.87534
vt 0.34790 0.86994
vt 0.34941 0.87216
vt 0.33589 0.86994
vt 0.03897 0.00495
vt 0.03472 0.00315
vt 0.04103 0.00315
vt 0.02480 0.62871
vt 0.03832 0.62871
vt 0.02615 0.63051
vt 0.60546 0.25549
vt 0.59999 0.25831
vt 0.61695 0.25874
vt 0.58677 0.25446
vt 0.56275 0.25745
vt 0.53689 0.25121
vt 0.52708 0.25429
vt 0.50361 0.24797
vt 0.63137 0.25544
vt 0.65587 0.26148
vt 0.66109 0.25685
vt 0.66886 0.25797
vt 0.67469 0.24797
vt 0.67674 0.25464
vt 0.79125 0.76193
vt 0.77773 0.76913
vt 0.77790 0.76193
vt 0.79122 0.76895
vt 0.02660 0.85824
vt 0.01877 0.86331
vt 0.02532 0.86892
vt 0.01849 0.85824
vt 0.01931 0.87174
vt 0.11677 0.20708
vt 0.10875 0.21718
vt 0.10686 0.20643
vt 0.11677 0.21737
vt 0.10505 0.21176
vt 0.11253 0.20387
vt 0.97161 0.41411
vt 0.96581 0.39188
vt 0.97139 0.40271
vt 0.96733 0.37435
vt 0.96507 0.42745
vt 0.96700 0.44689
vt 0.97275 0.43147
vt 0.97340 0.43624
vt 0.97197 0.44603
vt 0.97231 0.37814
vt 0.97263 0.36253
vt 0.96574 0.35329
vt 0.97340 0.35376
vt 0.96190 0.37793
vt 0.96181 0.39436
vt 0.95957 0.44623
vt 0.95925 0.35412
vt 0.95897 0.42031
vt 0.08760 0.63579
vt 0.09704 0.63358
vt 0.07149 0.63373
vt 0.09667 0.63922
vt 0.07771 0.63951
vt 0.06121 0.63872
vt 0.10788 0.63804
vt 0.04689 0.63778
vt 0.11833 0.63662
vt 0.02750 0.63231
vt 0.03872 0.63865
vt 0.12004 0.63231
vt 0.12128 0.63768
vt 0.63317 0.31500
vt 0.63796 0.32430
vt 0.63458 0.32132
vt 0.63796 0.30468
vt 0.63134 0.30611
vt 0.63514 0.33168
vt 0.63008 0.32713
vt 0.62951 0.31379
vt 0.62173 0.31686
vt 0.62321 0.30566
vt 0.54171 0.81637
vt 0.54835 0.81003
vt 0.54959 0.82315
vt 0.54377 0.80439
vt 0.54959 0.80423
vt 0.53720 0.80806
vt 0.53336 0.81897
vt 0.53958 0.82185
vt 0.54529 0.82403
vt 0.20730 0.99021
vt 0.20504 0.98785
vt 0.20609 0.99437
vt 0.22024 0.99768
vt 0.20854 0.99681
vt 0.22137 0.98785
vt 0.20370 0.99625
vt 0.20063 0.99865
vt 0.17314 0.35629
vt 0.17725 0.36748
vt 0.17743 0.36113
vt 0.17024 0.36949
vt 0.16304 0.35459
vt 0.16096 0.36785
vt 0.19382 0.36786
vt 0.19432 0.36099
vt 0.18306 0.35459
vt 0.17728 0.35419
vt 0.45491 0.43069
vt 0.46213 0.43069
vt 0.45763 0.43339
vt 0.61343 0.37399
vt 0.61903 0.37686
vt 0.60613 0.38639
vt 0.61215 0.38929
vt 0.61903 0.38641
vt 0.60671 0.37556
vt 0.60460 0.38205
vt 0.34040 0.92934
vt 0.33769 0.93054
vt 0.33769 0.93294
vt 0.14022 0.89334
vt 0.14022 0.89094
vt 0.13751 0.88974
vt 0.53927 0.40743
vt 0.53713 0.40257
vt 0.49599 0.40570
vt 0.56198 0.40198
vt 0.56441 0.40745
vt 0.58708 0.40695
vt 0.58837 0.40099
vt 0.49458 0.40099
vt 0.49369 0.40846
vt 0.50015 0.41142
vt 0.50512 0.41449
vt 0.30547 0.75875
vt 0.31061 0.75615
vt 0.31064 0.78121
vt 0.30226 0.74062
vt 0.30742 0.71332
vt 0.30078 0.71443
vt 0.30123 0.78355
vt 0.30447 0.80754
vt 0.31061 0.80783
vt 0.30072 0.76693
vt 0.05782 0.16543
vt 0.06103 0.17626
vt 0.05644 0.18169
vt 0.06447 0.19014
vt 0.05574 0.18938
vt 0.06221 0.15894
vt 0.06270 0.14940
vt 0.06037 0.19633
vt 0.05686 0.19716
vt 0.05688 0.21017
vt 0.05472 0.14966
vt 0.05812 0.13625
vt 0.06447 0.12766
vt 0.06265 0.11566
vt 0.04876 0.15655
vt 0.04373 0.14240
vt 0.79366 0.86173
vt 0.79991 0.85846
vt 0.79206 0.85367
vt 0.78224 0.86644
vt 0.78713 0.87014
vt 0.79293 0.87354
vt 0.80662 0.85559
vt 0.79896 0.85026
vt 0.80328 0.84855
vt 0.81199 0.84783
vt 0.80969 0.84203
vt 0.78299 0.84203
vt 0.78241 0.84997
vt 0.99463 0.32524
vt 0.99404 0.32873
vt 0.99238 0.32872
vt 0.99314 0.33107
vt 0.99423 0.32884
vt 0.99530 0.33258
vt 0.99865 0.32448
vt 0.98999 0.32841
vt 0.98962 0.32634
vt 0.98863 0.32531
vt 0.98809 0.32474
vt 0.98783 0.32448
vt 0.27139 0.07677
vt 0.26795 0.06919
vt 0.27276 0.07441
vt 0.27240 0.06421
vt 0.26369 0.06773
vt 0.26019 0.07968
vt 0.28352 0.08784
vt 0.27190 0.09406
vt 0.25873 0.07289
vt 0.26090 0.06366
vt 0.26871 0.05895
vt 0.25834 0.08245
vt 0.28720 0.09233
vt 0.28717 0.08694
vt 0.27292 0.04625
vt 0.27712 0.04972
vt 0.28720 0.03285
vt 0.90036 0.04798
vt 0.88964 0.03970
vt 0.90339 0.02996
vt 0.89022 0.04627
vt 0.89024 0.03225
vt 0.89646 0.02886
vt 0.90193 0.02402
vt 0.88774 0.04996
vt 0.90577 0.02295
vt 0.90573 0.03271
vt 0.90439 0.03618
vt 0.90456 0.04118
vt 0.90577 0.04467
vt 0.88917 0.09487
vt 0.87811 0.07786
vt 0.88218 0.09120
vt 0.89082 0.08197
vt 0.89637 0.07786
vt 0.89675 0.09265
vt 0.89623 0.10306
vt 0.87233 0.08442
vt 0.87060 0.08036
vt 0.88061 0.09583
vt 0.80463 0.23864
vt 0.81722 0.24061
vt 0.80878 0.23139
vt 0.80335 0.22727
vt 0.80298 0.24207
vt 0.81039 0.24429
vt 0.80349 0.25248
vt 0.82119 0.22727
vt 0.82230 0.23683
vt 0.82822 0.23054
vt 0.81830 0.24537
vt 0.82296 0.23953
vt 0.63421 0.34572
vt 0.63155 0.34780
vt 0.63309 0.34788
vt 0.62998 0.34440
vt 0.62624 0.34338
vt 0.64145 0.34338
vt 0.64878 0.34429
vt 0.71821 0.06436
vt 0.71682 0.05114
vt 0.71666 0.06065
vt 0.71461 0.06236
vt 0.71821 0.05086
vt 0.00000 1.00000
vt 0.00000 1.00000
vt 0.00000 1.00000
vt 0.00000 1.00000
vt 0.00000 1.00000
vt 0.00000 1.00000
vt 0.00000 1.00000
vt 0.00000 1.00000
vt 0.00000 1.00000
vt 0.00000 1.00000
vt 0.00000 1.00000
vt 0.00000 1.00000
vt 0.00000 1.00000
vt 0.00000 1.00000
vt 0.00000 1.00000
vt 0.00000 1.00000
vt 0.00000 1.00000
vt 0.00000 1.00000
vt 0.00000 1.00000
vt 0.00000 1.00000
vt 0.00000 1.00000
vt 0.00000 1.00000
vt 0.00000 1.00000
vt 0.00000 1.00000
vt 0.00000 1.00000
vt 0.00000 1.00000
vt 0.00000 1.00000
vt 0.00000 1.00000
vt 0.00000 1.00000
vt 0.00000 1.00000
vt 0.00000 1.00000
vt 0.00000 1.00000
vt 0.00000 1.00000
vt 0.00000 1.00000
vt 0.00000 1.00000
vt 0.00000 1.00000
vt 0.00000 1.00000
vt 0.00000 1.00000
vt 0.00000 1.00000
vt 0.00000 1.00000
vt 0.00000 1.00000
vt 0.00000 1.00000
vt 0.00000 1.00000
vt 0.00000 1.00000
vt 0.00000 1.00000
vt 0.00000 1.00000
vt 0.00000 1.00000
vt 0.00000 1.00000
vt 0.00000 1.00000
vt 0.00000 1.00000
vt 0.00000 1.00000
vt 0.00000 1.00000
vt 0.00000 1.00000
vt 0.00000 1.00000
vt 0.00000 1.00000
vt 0.00000 1.00000
vt 0.00000 1.00000
vt 0.00000 1.00000
vt 0.00000 1.00000
vt 0.00000 1.00000
vt 0.00000 1.00000
vt 0.00000 1.00000
vt 0.00000 1.00000
vt 0.00000 1.00000
vt 0.00000 1.00000
vt 0.00000 1.00000
vt 0.00000 1.00000
vt 0.00000 1.00000
vt 0.00000 1.00000
vt 0.00000 1.00000
vt 0.00000 1.00000
vt 0.00000 1.00000
vt 0.00000 1.00000
vt 0.00000 1.00000
vt 0.00000 1.00000
vt 0.00000 1.00000
vt 0.00000 1.00000
vt 0.00000 1.00000
vt 0.00000 1.00000
vt 0.00000 1.00000
vt 0.00000 1.00000
vt 0.00000 1.00000
vt 0.00000 1.00000
vt 0.00000 1.00000
vt 0.00000 1.00000
vt 0.00000 1.00000
vt 0.00000 1.00000
vt 0.00000 1.00000
vt 0.00000 1.00000
vt 0.00000 1.00000
vt 0.00000 1.00000
vt 0.00000 1.00000
vt 0.00000 1.00000
vt 0.00000 1.00000
vt 0.00000 1.00000
vt 0.00000 1.00000
vt 0.00000 1.00000
vt 0.00000 1.00000
vt 0.00000 1.00000
vt 0.00000 1.00000
vt 0.00000 1.00000
vt 0.00000 1.00000
vt 0.00000 1.00000
vt 0.00000 1.00000
vt 0.00000 1.00000
vt 0.00000 1.00000
vt 0.00000 1.00000
vt 0.00000 1.00000
vt 0.00000 1.00000
vt 0.00000 1.00000
vt 0.00000 1.00000
vt 0.00000 1.00000
vt 0.00000 1.00000
vt 0.00000 1.00000
vt 0.00000 1.00000
vt 0.00000 1.00000
vt 0.00000 1.00000
vt 0.00000 1.00000
vt 0.00000 1.00000
vt 0.00000 1.00000
vt 0.00000 1.00000
vt 0.00000 1.00000
vt 0.00000 1.00000
vt 0.00000 1.00000
vt 0.00000 1.00000
vt 0.00000 1.00000
vt 0.00000 1.00000
vt 0.00000 1.00000
vt 0.00000 1.00000
vt 0.00000 1.00000
vt 0.00000 1.00000
vt 0.00000 1.00000
vt 0.00000 1.00000
vt 0.00000 1.00000
vt 0.00000 1.00000
vt 0.00000 1.00000
vt 0.00000 1.00000
vt 0.00000 1.00000
vt 0.00000 1.00000
vt 0.00000 1.00000
vt 0.00000 1.00000
vt 0.00000 1.00000
vt 0.00000 1.00000
vt 0.39423 0.08173
vt 0.39840 0.08044
vt 0.39667 0.08166
vt 0.39325 0.08239
vt 0.39217 0.08264
vt 0.39437 0.08075
vt 0.39126 0.08297
vt 0.39089 0.08309
vt 0.39828 0.08001
vt 0.39838 0.08233
vt 0.40081 0.07966
vt 0.39732 0.08549
vt 0.40081 0.08776
vt 0.39196 0.08280
vt 0.81380 0.90414
vt 0.81380 0.90144
vt 0.81109 0.90327
vt 0.97340 0.75653
vt 0.97701 0.75653
vt 0.97442 0.75833
vt 0.78087 0.67670
vt 0.78041 0.67608
vt 0.78130 0.67624
vt 0.78133 0.67732
vt 0.77773 0.67102
vt 0.78133 0.67139
vt 0.45221 0.56214
vt 0.45582 0.56301
vt 0.45582 0.55671
vt 0.50052 0.02565
vt 0.49814 0.02295
vt 0.49729 0.02555
vt 0.50902 0.02295
vt 0.99775 0.50990
vt 0.99442 0.50916
vt 0.99414 0.50799
vt 0.99775 0.50360
vt 0.84716 0.79703
vt 0.84716 0.78623
vt 0.84445 0.79494
vt 0.73905 0.45410
vt 0.73715 0.45050
vt 0.74346 0.45050
vt 0.01348 0.24121
vt 0.01780 0.23251
vt 0.02263 0.24170
vt 0.02095 0.25516
vt 0.01217 0.26178
vt 0.02864 0.22787
vt 0.01665 0.21961
vt 0.03111 0.21017
vt 0.01727 0.26455
vt 0.02248 0.26476
vt 0.02381 0.21257
vt 0.03111 0.27498
vt 0.82462 0.64401
vt 0.82462 0.64041
vt 0.82191 0.64252
vt 0.42206 0.04656
vt 0.41534 0.06358
vt 0.42426 0.06296
vt 0.41724 0.04021
vt 0.42109 0.02835
vt 0.42426 0.07473
vt 0.41253 0.07000
vt 0.41676 0.08146
vt 0.00000 1.00000
vt 0.00000 1.00000
vt 0.00000 1.00000
vt 0.76815 0.44256
vt 0.76842 0.44329
vt 0.76691 0.44242
vt 0.76853 0.44239
vt 0.76961 0.44242
vt 0.97944 0.17291
vt 0.97069 0.16846
vt 0.97596 0.17523
vt 0.97435 0.17568
vt 0.97971 0.16247
vt 0.97971 0.17687
vt 0.18455 0.99546
vt 0.17982 0.99874
vt 0.18006 0.99243
vt 0.17742 0.99379
vt 0.18530 0.99955
vt 0.18530 0.98515
vt 0.17538 0.98911
vt 0.08169 0.64491
vt 0.07710 0.64131
vt 0.08521 0.64131
vt 0.43057 0.37669
vt 0.42696 0.38078
vt 0.43057 0.38209
vt 0.76125 0.35367
vt 0.76117 0.34570
vt 0.76654 0.35228
vt 0.76871 0.34783
vt 0.76411 0.33528
vt 0.76871 0.37489
vt 0.75338 0.36369
vt 0.76307 0.37417
vt 0.03093 0.02205
vt 0.02931 0.02202
vt 0.03082 0.02115
vt 0.03201 0.02202
vt 0.57894 0.04499
vt 0.58476 0.03825
vt 0.58100 0.04030
vt 0.57926 0.04918
vt 0.57354 0.04413
vt 0.57353 0.04053
vt 0.56402 0.05446
vt 0.56751 0.03825
vt 0.16675 0.79656
vt 0.17448 0.78713
vt 0.16661 0.79255
vt 0.16743 0.78907
vt 0.16116 0.79231
vt 0.16005 0.79863
vt 0.16677 0.80603
vt 0.17448 0.80328
vt 0.16179 0.78727
vt 0.80929 0.46580
vt 0.80929 0.45590
vt 0.80675 0.46381
vt 0.80658 0.45674
vt 0.59378 0.63861
vt 0.59378 0.62241
vt 0.59107 0.63284
vt 0.13751 0.96648
vt 0.14382 0.96805
vt 0.14382 0.96445
vt 0.12759 0.76782
vt 0.13030 0.76913
vt 0.13030 0.76193
vt 0.36655 0.30288
vt 0.36139 0.31352
vt 0.36023 0.30718
vt 0.36655 0.31998
vt 0.78681 0.11026
vt 0.78404 0.10666
vt 0.79035 0.10666
vt 0.97069 0.53600
vt 0.97069 0.52970
vt 0.96709 0.53562
vt 0.63971 0.37183
vt 0.62286 0.37378
vt 0.63958 0.38929
vt 0.62173 0.38792
vt 0.62768 0.36859
vt 0.65509 0.38908
vt 0.65475 0.37204
vt 0.64152 0.36859
vt 0.86245 0.03410
vt 0.86401 0.02815
vt 0.85024 0.02597
vt 0.87383 0.03720
vt 0.87967 0.02830
vt 0.83875 0.02853
vt 0.83767 0.02115
vt 0.83003 0.02417
vt 0.87813 0.04095
vt 0.88338 0.03298
vt 0.89315 0.02115
vt 0.03556 0.31589
vt 0.02959 0.31188
vt 0.03026 0.31444
vt 0.04463 0.31193
vt 0.04074 0.31638
vt 0.02299 0.31193
vt 0.09932 0.67211
vt 0.10979 0.67867
vt 0.10908 0.66946
vt 0.10761 0.67964
vt 0.10264 0.68092
vt 0.11427 0.67549
vt 0.11358 0.66976
vt 0.09603 0.66832
vt 0.11677 0.66832
vt 0.09934 0.67961
vt 0.14744 0.28128
vt 0.14292 0.27948
vt 0.14923 0.27948
vt 0.82579 0.96535
vt 0.82851 0.96681
vt 0.82674 0.96678
vt 0.82556 0.96685
vt 0.82462 0.96680
vt 0.83179 0.96895
vt 0.83904 0.96680
vt 0.00000 1.00000
vt 0.00000 1.00000
vt 0.00000 1.00000
vt 0.00000 1.00000
vt 0.90759 0.99608
vt 0.89592 0.98999
vt 0.90752 0.99476
vt 0.90839 0.98425
vt 0.89315 0.98425
vt 0.90848 0.99757
vt 0.90729 0.99767
vt 0.90722 0.99865
vt 0.89189 0.98797
vt 0.88864 0.98827
vt 0.63289 0.87853
vt 0.63886 0.87804
vt 0.63335 0.87894
vt 0.63165 0.87804
vt 0.07878 0.27663
vt 0.09638 0.26089
vt 0.08222 0.26016
vt 0.05219 0.27225
vt 0.12196 0.28012
vt 0.11595 0.26033
vt 0.12398 0.26734
vt 0.05271 0.26071
vt 0.03607 0.26325
vt 0.03825 0.28123
vt 0.06222 0.28097
vt 0.09283 0.28128
vt 0.12844 0.28127
vt 0.12990 0.25878
vt 0.03472 0.25878
vt 0.13368 0.26500
vt 0.13481 0.27739
vt 0.04008 0.20953
vt 0.05684 0.21428
vt 0.04777 0.21585
vt 0.06441 0.22457
vt 0.04179 0.20588
vt 0.04845 0.20693
vt 0.02728 0.19553
vt 0.06380 0.22932
vt 0.07439 0.23383
vt 0.00794 0.18494
vt 0.07284 0.23897
vt 0.01714 0.18779
vt 0.03243 0.14173
vt 0.03067 0.13675
vt 0.04010 0.13570
vt 0.02472 0.15356
vt 0.05204 0.11440
vt 0.01488 0.16164
vt 0.01622 0.16840
vt 0.00766 0.17815
vt 0.01193 0.18040
vt 0.03795 0.12458
vt 0.04832 0.10793
vt 0.06012 0.10036
vt 0.05894 0.10479
vt 0.06461 0.10425
vt 0.07362 0.10717
vt 0.07439 0.11082
vt 0.06603 0.07951
vt 0.08201 0.06044
vt 0.07255 0.06255
vt 0.09343 0.04111
vt 0.10335 0.05192
vt 0.10543 0.07155
vt 0.08010 0.09366
vt 0.08819 0.10837
vt 0.10816 0.09864
vt 0.10724 0.11872
vt 0.10161 0.03283
vt 0.06521 0.09222
vt 0.10766 0.03740
vt 0.04717 0.07079
vt 0.04765 0.09387
vt 0.10880 0.05982
vt 0.11204 0.09703
vt 0.11317 0.12016
vt 0.05585 0.04494
vt 0.03420 0.04379
vt 0.09602 0.02925
vt 0.06674 0.02994
vt 0.02672 0.05493
vt 0.01217 0.02925
vt 0.01417 0.03970
vt 0.03612 0.02925
vt 0.68902 0.79973
vt 0.70684 0.79451
vt 0.66744 0.79851
vt 0.69980 0.79990
vt 0.73673 0.79403
vt 0.67534 0.78123
vt 0.65134 0.79505
vt 0.73502 0.78176
vt 0.71274 0.78083
vt 0.65210 0.78083
vt 0.65684 0.80187
vt 0.72297 0.80110
vt 0.73805 0.80100
vt 0.64878 0.80160
vt 0.67247 0.80202
vt 0.68718 0.80353
vt 0.69791 0.80513
vt 0.98560 0.91188
vt 0.97340 0.90931
vt 0.98693 0.90414
vt 0.97400 0.90414
vt 0.97948 0.91404
vt 0.97233 0.72179
vt 0.95389 0.72459
vt 0.95401 0.71467
vt 0.97272 0.68342
vt 0.95402 0.69380
vt 0.95642 0.68082
vt 0.95630 0.76485
vt 0.97231 0.76572
vt 0.96694 0.67642
vt 0.97520 0.68061
vt 0.95730 0.77377
vt 0.95356 0.77107
vt 0.97520 0.77453
vt 0.72092 0.83485
vt 0.69968 0.84174
vt 0.72171 0.85368
vt 0.70049 0.81706
vt 0.68165 0.81809
vt 0.65762 0.82779
vt 0.68318 0.84805
vt 0.70379 0.86465
vt 0.71938 0.87814
vt 0.66206 0.82076
vt 0.72353 0.82467
vt 0.70608 0.80963
vt 0.72513 0.86558
vt 0.65170 0.81786
vt 0.65149 0.82738
vt 0.71574 0.87894
vt 0.68558 0.85524
vt 0.74202 0.83890
vt 0.73533 0.81165
vt 0.76324 0.81135
vt 0.73632 0.85981
vt 0.76575 0.83586
vt 0.78584 0.81743
vt 0.78484 0.80963
vt 0.74241 0.85091
vt 0.73070 0.87530
vt 0.74431 0.86224
vt 0.76721 0.84061
vt 0.65903 0.87786
vt 0.65582 0.87689
vt 0.65441 0.87984
vt 0.65239 0.87534
vt 0.66141 0.87534
vt 0.96430 0.52279
vt 0.97754 0.52611
vt 0.95378 0.52700
vt 0.95190 0.52160
vt 0.94274 0.52694
vt 0.97444 0.52386
vt 0.97791 0.52160
vt 0.03261 0.32471
vt 0.03741 0.32603
vt 0.02931 0.33044
vt 0.03832 0.33168
vt 0.03832 0.32088
vt 0.55320 0.89604
vt 0.54418 0.89604
vt 0.55068 0.90222
vt 0.54553 0.90684
usemtl gate
s 1
f 36/36 6/6 5/5
f 5/5 39/39 36/36
f 4/4 2/2 5/5
f 5/5 6/6 4/4
f 34/34 39/39 5/5
f 34/34 5/5 2/2
f 2/2 4/4 3/3
f 1/1 2/2 3/3
f 31/31 4/4 6/6
f 4/4 31/31 26/26
f 27/27 4/4 26/26
f 27/27 3/3 4/4
f 30/30 3/3 38/38
f 27/27 38/38 3/3
f 7/7 34/34 2/2
f 7/7 2/2 1/1
f 8/8 7/7 1/1
f 30/30 1/1 3/3
f 13/13 1/1 30/30
f 1/1 9/9 8/8
f 9/9 1/1 10/10
f 10/10 1/1 13/13
f 12/12 9/9 11/11
f 11/11 9/9 10/10
f 14/14 12/12 11/11
f 14/14 11/11 15/15
f 11/11 35/35 16/16
f 16/16 15/15 11/11
f 27/27 26/26 24/24
f 24/24 26/26 25/25
f 33/33 37/37 24/24
f 21/21 29/29 32/32
f 16/16 29/29 17/17
f 17/17 15/15 16/16
f 15/15 17/17 18/18
f 25/25 26/26 28/28
f 23/23 25/25 28/28
f 23/23 24/24 25/25
f 22/22 33/33 24/24
f 22/22 24/24 23/23
f 22/22 32/32 33/33
f 23/23 20/20 22/22
f 22/22 21/21 32/32
f 20/20 21/21 22/22
f 17/17 21/21 20/20
f 21/21 17/17 29/29
f 17/17 20/20 19/19
f 19/19 18/18 17/17
f 43/43 41/41 44/44
f 41/41 43/43 42/42
f 40/40 41/41 42/42
f 40/40 45/45 41/41
f 46/46 45/45 40/40
f 193/193 196/196 192/192
f 194/194 197/197 193/193
f 251/251 197/197 202/202
f 191/191 189/189 192/192
f 189/189 193/193 192/192
f 194/194 193/193 189/189
f 190/190 189/189 191/191
f 221/221 197/197 194/194
f 197/197 221/221 202/202
f 209/209 202/202 221/221
f 202/202 209/209 203/203
f 209/209 221/221 194/194
f 211/211 209/209 194/194
f 211/211 194/194 189/189
f 203/203 209/209 211/211
f 207/207 251/251 202/202
f 202/202 203/203 201/201
f 201/201 207/207 202/202
f 204/204 207/207 201/201
f 201/201 203/203 199/199
f 199/199 200/200 201/201
f 174/174 189/189 190/190
f 189/189 174/174 173/173
f 190/190 195/195 174/174
f 173/173 174/174 172/172
f 189/189 173/173 211/211
f 186/186 203/203 211/211
f 173/173 186/186 211/211
f 186/186 173/173 170/170
f 199/199 203/203 186/186
f 200/200 199/199 187/187
f 187/187 199/199 186/186
f 205/205 206/206 204/204
f 200/200 204/204 201/201
f 204/204 200/200 205/205
f 200/200 187/187 210/210
f 210/210 187/187 188/188
f 215/215 216/216 208/208
f 208/208 206/206 205/205
f 218/218 205/205 200/200
f 215/215 208/208 212/212
f 212/212 208/208 205/205
f 212/212 205/205 218/218
f 210/210 218/218 200/200
f 217/217 218/218 210/210
f 175/175 174/174 195/195
f 175/175 195/195 257/257
f 172/172 174/174 175/175
f 172/172 170/170 173/173
f 170/170 172/172 171/171
f 257/257 177/177 175/175
f 185/185 177/177 257/257
f 176/176 175/175 177/177
f 172/172 175/175 176/176
f 184/184 172/172 176/176
f 179/179 172/172 184/184
f 183/183 184/184 176/176
f 176/176 177/177 178/178
f 178/178 177/177 185/185
f 183/183 176/176 178/178
f 183/183 178/178 198/198
f 171/171 172/172 179/179
f 169/169 170/170 171/171
f 170/170 168/168 186/186
f 168/168 170/170 169/169
f 180/180 171/171 179/179
f 171/171 180/180 169/169
f 180/180 179/179 181/181
f 186/186 168/168 187/187
f 181/181 184/184 183/183
f 184/184 181/181 179/179
f 198/198 181/181 183/183
f 181/181 198/198 247/247
f 180/180 181/181 182/182
f 248/248 181/181 247/247
f 181/181 248/248 182/182
f 188/188 187/187 168/168
f 162/162 169/169 180/180
f 168/168 169/169 162/162
f 162/162 180/180 182/182
f 162/162 182/182 213/213
f 248/248 214/214 182/182
f 214/214 213/213 182/182
f 210/210 163/163 217/217
f 210/210 188/188 163/163
f 163/163 188/188 168/168
f 165/165 163/163 158/158
f 163/163 165/165 217/217
f 162/162 163/163 168/168
f 157/157 163/163 162/162
f 163/163 157/157 158/158
f 161/161 162/162 213/213
f 162/162 161/161 157/157
f 161/161 213/213 214/214
f 223/223 216/216 215/215
f 230/230 216/216 223/223
f 223/223 215/215 212/212
f 212/212 222/222 223/223
f 225/225 230/230 223/223
f 225/225 223/223 224/224
f 224/224 223/223 222/222
f 229/229 230/230 225/225
f 227/227 229/229 225/225
f 226/226 227/227 225/225
f 231/231 229/229 227/227
f 232/232 231/231 227/227
f 246/246 231/231 232/232
f 232/232 227/227 226/226
f 234/234 244/244 246/246
f 246/246 232/232 234/234
f 233/233 232/232 226/226
f 233/233 234/234 232/232
f 235/235 234/234 233/233
f 222/222 212/212 218/218
f 164/164 165/165 158/158
f 156/156 164/164 158/158
f 224/224 222/222 165/165
f 164/164 224/224 165/165
f 159/159 164/164 156/156
f 165/165 222/222 218/218
f 165/165 218/218 217/217
f 166/166 224/224 164/164
f 164/164 159/159 166/166
f 224/224 226/226 225/225
f 226/226 224/224 228/228
f 228/228 224/224 166/166
f 167/167 243/243 233/233
f 233/233 243/243 235/235
f 166/166 159/159 60/60
f 167/167 233/233 226/226
f 228/228 167/167 226/226
f 167/167 228/228 166/166
f 60/60 167/167 166/166
f 167/167 63/63 243/243
f 60/60 63/63 167/167
f 47/47 63/63 60/60
f 156/156 158/158 157/157
f 156/156 157/157 66/66
f 160/160 157/157 161/161
f 66/66 157/157 160/160
f 159/159 156/156 155/155
f 155/155 156/156 66/66
f 60/60 159/159 155/155
f 60/60 155/155 64/64
f 64/64 51/51 48/48
f 47/47 60/60 48/48
f 48/48 60/60 64/64
f 47/47 48/48 49/49
f 66/66 64/64 155/155
f 65/65 64/64 66/66
f 65/65 66/66 67/67
f 51/51 64/64 65/65
f 51/51 65/65 53/53
f 67/67 53/53 65/65
f 50/50 48/48 51/51
f 50/50 49/49 48/48
f 50/50 51/51 53/53
f 57/57 50/50 53/53
f 234/234 242/242 244/244
f 241/241 242/242 237/237
f 245/245 242/242 241/241
f 237/237 242/242 234/234
f 236/236 234/234 235/235
f 237/237 234/234 236/236
f 238/238 241/241 237/237
f 238/238 237/237 236/236
f 243/243 236/236 235/235
f 236/236 243/243 240/240
f 63/63 240/240 243/243
f 236/236 240/240 239/239
f 238/238 236/236 239/239
f 239/239 154/154 238/238
f 239/239 62/62 154/154
f 62/62 239/239 240/240
f 238/238 256/256 241/241
f 256/256 238/238 154/154
f 262/262 259/259 263/263
f 262/262 261/261 259/259
f 150/150 154/154 62/62
f 149/149 261/261 150/150
f 260/260 259/259 261/261
f 149/149 260/260 261/261
f 149/149 148/148 260/260
f 258/258 145/145 259/259
f 153/153 145/145 258/258
f 144/144 145/145 153/153
f 140/140 141/141 145/145
f 140/140 145/145 144/144
f 258/258 259/259 260/260
f 144/144 153/153 151/151
f 148/148 258/258 260/260
f 148/148 153/153 258/258
f 151/151 153/153 148/148
f 148/148 146/146 151/151
f 152/152 151/151 146/146
f 144/144 151/151 152/152
f 50/50 52/52 49/49
f 55/55 50/50 57/57
f 54/54 50/50 55/55
f 59/59 54/54 56/56
f 56/56 54/54 55/55
f 240/240 63/63 61/61
f 62/62 240/240 61/61
f 62/62 61/61 58/58
f 49/49 63/63 47/47
f 63/63 49/49 61/61
f 61/61 49/49 52/52
f 52/52 58/58 61/61
f 52/52 54/54 58/58
f 54/54 52/52 50/50
f 58/58 54/54 59/59
f 59/59 68/68 58/58
f 69/69 59/59 252/252
f 150/150 62/62 149/149
f 62/62 73/73 149/149
f 73/73 62/62 75/75
f 58/58 75/75 62/62
f 71/71 73/73 75/75
f 68/68 75/75 58/58
f 68/68 71/71 75/75
f 70/70 71/71 68/68
f 147/147 149/149 73/73
f 147/147 148/148 149/149
f 76/76 147/147 73/73
f 76/76 73/73 72/72
f 71/71 72/72 73/73
f 70/70 72/72 71/71
f 69/69 68/68 59/59
f 70/70 68/68 69/69
f 72/72 70/70 74/74
f 79/79 74/74 249/249
f 76/76 77/77 147/147
f 72/72 77/77 76/76
f 146/146 147/147 77/77
f 146/146 148/148 147/147
f 81/81 146/146 77/77
f 152/152 146/146 81/81
f 144/144 152/152 219/219
f 83/83 152/152 81/81
f 77/77 80/80 81/81
f 77/77 78/78 80/80
f 78/78 77/77 72/72
f 78/78 84/84 80/80
f 82/82 81/81 80/80
f 84/84 82/82 80/80
f 79/79 72/72 74/74
f 72/72 79/79 78/78
f 84/84 78/78 79/79
f 115/115 84/84 79/79
f 88/88 84/84 115/115
f 88/88 82/82 84/84
f 139/139 137/137 138/138
f 140/140 139/139 141/141
f 140/140 137/137 139/139
f 142/142 140/140 144/144
f 143/143 137/137 140/140
f 142/142 143/143 140/140
f 142/142 144/144 219/219
f 219/219 152/152 83/83
f 219/219 143/143 142/142
f 143/143 219/219 98/98
f 98/98 219/219 83/83
f 137/137 123/123 138/138
f 123/123 137/137 136/136
f 136/136 137/137 143/143
f 124/124 123/123 122/122
f 122/122 125/125 124/124
f 122/122 123/123 121/121
f 98/98 136/136 143/143
f 121/121 123/123 136/136
f 121/121 136/136 220/220
f 97/97 94/94 98/98
f 117/117 220/220 94/94
f 220/220 117/117 121/121
f 92/92 117/117 94/94
f 126/126 125/125 120/120
f 120/120 125/125 122/122
f 125/125 126/126 128/128
f 126/126 129/129 128/128
f 129/129 126/126 127/127
f 127/127 126/126 120/120
f 120/120 122/122 121/121
f 120/120 121/121 118/118
f 117/117 118/118 121/121
f 118/118 117/117 99/99
f 92/92 99/99 117/117
f 127/127 120/120 119/119
f 118/118 119/119 120/120
f 99/99 114/114 118/118
f 101/101 99/99 100/100
f 119/119 118/118 114/114
f 101/101 119/119 114/114
f 99/99 101/101 114/114
f 136/136 98/98 220/220
f 220/220 98/98 94/94
f 97/97 98/98 83/83
f 81/81 82/82 83/83
f 83/83 82/82 85/85
f 97/97 83/83 85/85
f 94/94 97/97 95/95
f 95/95 97/97 85/85
f 89/89 95/95 85/85
f 85/85 82/82 86/86
f 88/88 86/86 82/82
f 86/86 87/87 85/85
f 87/87 89/89 85/85
f 89/89 87/87 90/90
f 89/89 94/94 95/95
f 89/89 92/92 94/94
f 89/89 91/91 92/92
f 90/90 91/91 89/89
f 93/93 91/91 90/90
f 91/91 99/99 92/92
f 100/100 99/99 91/91
f 102/102 101/101 100/100
f 96/96 91/91 93/93
f 96/96 100/100 91/91
f 96/96 102/102 100/100
f 102/102 105/105 104/104
f 105/105 102/102 96/96
f 130/130 134/134 129/129
f 130/130 129/129 127/127
f 133/133 134/134 130/130
f 119/119 130/130 127/127
f 133/133 132/132 135/135
f 132/132 133/133 130/130
f 132/132 130/130 131/131
f 119/119 131/131 130/130
f 112/112 131/131 119/119
f 101/101 112/112 119/119
f 107/107 112/112 101/101
f 254/254 131/131 112/112
f 254/254 132/132 131/131
f 107/107 254/254 112/112
f 254/254 255/255 132/132
f 107/107 116/116 254/254
f 255/255 254/254 116/116
f 102/102 103/103 101/101
f 103/103 102/102 104/104
f 103/103 107/107 101/101
f 108/108 107/107 103/103
f 104/104 106/106 108/108
f 104/104 105/105 106/106
f 113/113 106/106 105/105
f 110/110 106/106 113/113
f 109/109 116/116 107/107
f 116/116 250/250 253/253
f 116/116 109/109 250/250
f 108/108 109/109 107/107
f 106/106 109/109 108/108
f 110/110 109/109 106/106
f 110/110 111/111 109/109
f 296/296 295/295 298/298
f 295/295 296/296 291/291
f 278/278 291/291 296/296
f 293/293 295/295 291/291
f 297/297 295/295 293/293
f 293/293 291/291 292/292
f 278/278 286/286 291/291
f 278/278 277/277 286/286
f 287/287 272/272 286/286
f 276/276 278/278 279/279
f 276/276 277/277 278/278
f 275/275 276/276 283/283
f 271/271 276/276 275/275
f 276/276 271/271 277/277
f 271/271 272/272 287/287
f 287/287 277/277 271/271
f 277/277 287/287 286/286
f 275/275 283/283 281/281
f 275/275 281/281 280/280
f 274/274 275/275 280/280
f 271/271 275/275 274/274
f 265/265 268/268 271/271
f 265/265 271/271 274/274
f 281/281 282/282 280/280
f 284/284 280/280 282/282
f 274/274 280/280 273/273
f 273/273 280/280 284/284
f 273/273 265/265 274/274
f 266/266 265/265 273/273
f 266/266 273/273 324/324
f 288/288 291/291 286/286
f 292/292 291/291 288/288
f 272/272 288/288 286/286
f 288/288 272/272 269/269
f 269/269 272/272 271/271
f 269/269 271/271 268/268
f 318/318 266/266 324/324
f 302/302 297/297 299/299
f 294/294 299/299 297/297
f 294/294 297/297 293/293
f 301/301 302/302 299/299
f 301/301 299/299 294/294
f 293/293 292/292 290/290
f 294/294 293/293 290/290
f 290/290 300/300 294/294
f 300/300 290/290 289/289
f 270/270 289/289 288/288
f 270/270 288/288 269/269
f 288/288 290/290 292/292
f 289/289 290/290 288/288
f 269/269 268/268 267/267
f 267/267 268/268 265/265
f 267/267 270/270 269/269
f 264/264 267/267 265/265
f 264/264 265/265 266/266
f 318/318 264/264 266/266
f 321/321 264/264 318/318
f 300/300 301/301 294/294
f 282/282 303/303 284/284
f 284/284 303/303 285/285
f 284/284 285/285 273/273
f 285/285 324/324 273/273
f 306/306 324/324 285/285
f 318/318 324/324 310/310
f 310/310 324/324 306/306
f 304/304 303/303 305/305
f 285/285 303/303 304/304
f 304/304 306/306 285/285
f 306/306 304/304 307/307
f 307/307 310/310 306/306
f 304/304 305/305 320/320
f 309/309 304/304 320/320
f 308/308 304/304 309/309
f 307/307 304/304 308/308
f 327/327 322/322 309/309
f 334/334 327/327 335/335
f 327/327 326/326 322/322
f 326/326 327/327 334/334
f 335/335 327/327 338/338
f 309/309 322/322 308/308
f 325/325 308/308 322/322
f 325/325 322/322 326/326
f 328/328 325/325 326/326
f 313/313 310/310 311/311
f 311/311 310/310 307/307
f 308/308 311/311 307/307
f 312/312 311/311 308/308
f 312/312 313/313 311/311
f 330/330 329/329 328/328
f 325/325 312/312 308/308
f 329/329 312/312 325/325
f 328/328 329/329 325/325
f 318/318 310/310 316/316
f 316/316 310/310 315/315
f 316/316 321/321 318/318
f 321/321 316/316 319/319
f 319/319 316/316 315/315
f 313/313 315/315 310/310
f 314/314 313/313 312/312
f 317/317 315/315 313/313
f 314/314 317/317 313/313
f 317/317 319/319 315/315
f 333/333 312/312 329/329
f 333/333 323/323 312/312
f 336/336 323/323 333/333
f 323/323 314/314 312/312
f 330/330 333/333 329/329
f 333/333 330/330 332/332
f 336/336 333/333 332/332
f 336/336 332/332 337/337
f 331/331 330/330 328/328
f 331/331 332/332 330/330
f 350/350 351/351 371/371
f 349/349 351/351 350/350
f 351/351 362/362 363/363
f 362/362 351/351 349/349
f 349/349 359/359 362/362
f 339/339 349/349 348/348
f 339/339 359/359 349/349
f 352/352 359/359 339/339
f 339/339 341/341 352/352
f 339/339 340/340 341/341
f 353/353 352/352 341/341
f 341/341 344/344 353/353
f 343/343 344/344 341/341
f 369/369 350/350 372/372
f 349/349 350/350 348/348
f 348/348 350/350 369/369
f 368/368 348/348 369/369
f 347/347 339/339 348/348
f 340/340 339/339 347/347
f 347/347 348/348 368/368
f 368/368 342/342 347/347
f 342/342 368/368 370/370
f 347/347 342/342 340/340
f 341/341 340/340 342/342
f 343/343 341/341 342/342
f 343/343 345/345 344/344
f 343/343 361/361 345/345
f 370/370 366/366 342/342
f 366/366 365/365 342/342
f 342/342 365/365 343/343
f 361/361 343/343 365/365
f 344/344 354/354 353/353
f 354/354 344/344 346/346
f 354/354 355/355 360/360
f 354/354 346/346 355/355
f 344/344 345/345 346/346
f 361/361 364/364 345/345
f 364/364 361/361 367/367
f 365/365 367/367 361/361
f 346/346 356/356 355/355
f 356/356 346/346 357/357
f 357/357 358/358 356/356
f 397/397 398/398 399/399
f 391/391 397/397 389/389
f 389/389 397/397 401/401
f 416/416 389/389 401/401
f 409/409 398/398 396/396
f 397/397 396/396 398/398
f 409/409 396/396 402/402
f 394/394 397/397 391/391
f 396/396 397/397 394/394
f 389/389 388/388 391/391
f 389/389 411/411 412/412
f 389/389 416/416 411/411
f 387/387 384/384 388/388
f 401/401 419/419 416/416
f 411/411 416/416 413/413
f 389/389 412/412 387/387
f 388/388 389/389 387/387
f 411/411 413/413 412/412
f 384/384 387/387 383/383
f 416/416 419/419 413/413
f 418/418 413/413 419/419
f 418/418 417/417 413/413
f 387/387 412/412 386/386
f 414/414 412/412 413/413
f 412/412 414/414 386/386
f 414/414 413/413 415/415
f 413/413 417/417 415/415
f 414/414 415/415 400/400
f 386/386 414/414 400/400
f 383/383 387/387 381/381
f 381/381 387/387 386/386
f 382/382 386/386 400/400
f 386/386 382/382 381/381
f 408/408 409/409 402/402
f 395/395 402/402 396/396
f 408/408 402/402 395/395
f 392/392 395/395 396/396
f 392/392 396/396 394/394
f 395/395 392/392 403/403
f 404/404 408/408 395/395
f 410/410 408/408 404/404
f 404/404 395/395 403/403
f 392/392 394/394 391/391
f 405/405 403/403 392/392
f 393/393 390/390 392/392
f 388/388 392/392 391/391
f 388/388 393/393 392/392
f 405/405 392/392 390/390
f 393/393 388/388 384/384
f 393/393 384/384 390/390
f 407/407 405/405 390/390
f 390/390 384/384 385/385
f 380/380 384/384 383/383
f 380/380 385/385 384/384
f 385/385 407/407 390/390
f 406/406 407/407 385/385
f 383/383 381/381 380/380
f 381/381 375/375 380/380
f 381/381 382/382 375/375
f 378/378 385/385 380/380
f 378/378 380/380 375/375
f 379/379 385/385 378/378
f 385/385 379/379 406/406
f 379/379 378/378 374/374
f 420/420 417/417 418/418
f 417/417 420/420 421/421
f 400/400 415/415 417/417
f 422/422 423/423 424/424
f 373/373 375/375 376/376
f 378/378 375/375 374/374
f 373/373 374/374 375/375
f 377/377 374/374 373/373
f 438/438 441/441 440/440
f 438/438 443/443 441/441
f 439/439 438/438 440/440
f 437/437 436/436 438/438
f 437/437 438/438 439/439
f 427/427 436/436 437/437
f 427/427 426/426 436/436
f 425/425 426/426 427/427
f 428/428 426/426 425/425
f 426/426 428/428 429/429
f 430/430 429/429 428/428
f 431/431 432/432 430/430
f 431/431 430/430 428/428
f 433/433 432/432 431/431
f 433/433 434/434 432/432
f 435/435 434/434 433/433
f 435/435 433/433 442/442
f 444/444 445/445 446/446
f 452/452 450/450 451/451
f 451/451 453/453 452/452
f 447/447 450/450 448/448
f 450/450 447/447 451/451
f 447/447 448/448 445/445
f 444/444 451/451 447/447
f 449/449 445/445 448/448
f 445/445 444/444 447/447
f 446/446 445/445 454/454
f 455/455 454/454 445/445
f 458/458 454/454 456/456
f 456/456 457/457 459/459
f 454/454 455/455 456/456
f 457/457 456/456 455/455
f 498/498 473/473 474/474
f 488/488 474/474 487/487
f 472/472 474/474 473/473
f 487/487 474/474 472/472
f 474/474 488/488 497/497
f 497/497 498/498 474/474
f 472/472 473/473 470/470
f 487/487 472/472 471/471
f 471/471 472/472 470/470
f 476/476 487/487 471/471
f 471/471 470/470 467/467
f 469/469 467/467 470/470
f 471/471 467/467 476/476
f 466/466 467/467 469/469
f 467/467 466/466 465/465
f 476/476 475/475 479/479
f 475/475 476/476 467/467
f 465/465 466/466 464/464
f 464/464 462/462 461/461
f 461/461 465/465 464/464
f 468/468 465/465 461/461
f 465/465 475/475 467/467
f 478/478 480/480 479/479
f 478/478 465/465 468/468
f 478/478 468/468 483/483
f 475/475 465/465 477/477
f 478/478 477/477 465/465
f 479/479 475/475 477/477
f 478/478 479/479 477/477
f 495/495 488/488 487/487
f 492/492 495/495 487/487
f 476/476 492/492 487/487
f 476/476 493/493 492/492
f 493/493 476/476 479/479
f 496/496 493/493 480/480
f 480/480 493/493 479/479
f 480/480 494/494 496/496
f 461/461 460/460 468/468
f 460/460 461/461 462/462
f 460/460 462/462 463/463
f 482/482 478/478 483/483
f 481/481 480/480 478/478
f 481/481 494/494 480/480
f 468/468 460/460 483/483
f 483/483 460/460 486/486
f 481/481 478/478 482/482
f 485/485 484/484 489/489
f 485/485 489/489 490/490
f 484/484 482/482 483/483
f 484/484 483/483 486/486
f 482/482 484/484 485/485
f 490/490 489/489 491/491
f 650/650 649/649 651/651
f 647/647 650/650 652/652
f 647/647 649/649 650/650
f 648/648 649/649 647/647
f 646/646 645/645 647/647
f 663/663 647/647 652/652
f 702/702 703/703 704/704
f 663/663 646/646 647/647
f 659/659 646/646 663/663
f 658/658 646/646 659/659
f 645/645 648/648 647/647
f 664/664 648/648 645/645
f 642/642 645/645 646/646
f 644/644 664/664 645/645
f 653/653 664/664 644/644
f 645/645 642/642 644/644
f 644/644 643/643 653/653
f 644/644 642/642 643/643
f 642/642 646/646 658/658
f 643/643 654/654 653/653
f 637/637 643/643 642/642
f 655/655 653/653 654/654
f 656/656 655/655 654/654
f 656/656 654/654 643/643
f 670/670 656/656 643/643
f 670/670 643/643 637/637
f 616/616 670/670 637/637
f 657/657 655/655 656/656
f 670/670 657/657 656/656
f 705/705 706/706 707/707
f 617/617 629/629 670/670
f 617/617 670/670 616/616
f 659/659 663/663 662/662
f 658/658 641/641 642/642
f 637/637 641/641 640/640
f 637/637 642/642 641/641
f 610/610 617/617 616/616
f 662/662 661/661 659/659
f 661/661 660/660 659/659
f 660/660 658/658 659/659
f 641/641 658/658 660/660
f 641/641 660/660 665/665
f 639/639 640/640 641/641
f 639/639 637/637 640/640
f 639/639 641/641 665/665
f 638/638 637/637 639/639
f 639/639 667/667 638/638
f 618/618 637/637 638/638
f 618/618 616/616 637/637
f 667/667 618/618 638/638
f 615/615 618/618 667/667
f 613/613 610/610 616/616
f 613/613 616/616 618/618
f 613/613 618/618 615/615
f 613/613 615/615 614/614
f 614/614 615/615 627/627
f 705/705 708/708 706/706
f 629/629 626/626 671/671
f 624/624 626/626 629/629
f 610/610 609/609 617/617
f 609/609 629/629 617/617
f 610/610 608/608 609/609
f 624/624 629/629 609/609
f 624/624 625/625 626/626
f 603/603 625/625 624/624
f 602/602 603/603 604/604
f 606/606 603/603 624/624
f 604/604 603/603 606/606
f 602/602 601/601 603/603
f 599/599 600/600 601/601
f 599/599 601/601 602/602
f 599/599 602/602 605/605
f 606/606 624/624 609/609
f 606/606 609/609 608/608
f 605/605 602/602 604/604
f 607/607 604/604 606/606
f 607/607 606/606 608/608
f 605/605 604/604 673/673
f 673/673 604/604 607/607
f 683/683 680/680 682/682
f 684/684 683/683 685/685
f 612/612 610/610 613/613
f 611/611 610/610 612/612
f 613/613 614/614 612/612
f 611/611 608/608 610/610
f 611/611 612/612 619/619
f 620/620 611/611 619/619
f 620/620 619/619 621/621
f 623/623 607/607 608/608
f 611/611 623/623 608/608
f 623/623 611/611 620/620
f 623/623 673/673 607/607
f 630/630 673/673 623/623
f 622/622 623/623 620/620
f 622/622 630/630 623/623
f 620/620 621/621 622/622
f 631/631 630/630 622/622
f 634/634 673/673 630/630
f 633/633 634/634 630/630
f 632/632 633/633 630/630
f 631/631 632/632 630/630
f 599/599 598/598 600/600
f 587/587 597/597 598/598
f 587/587 598/598 599/599
f 679/679 682/682 680/680
f 595/595 597/597 587/587
f 508/508 595/595 587/587
f 527/527 508/508 587/587
f 501/501 508/508 527/527
f 688/688 689/689 681/681
f 507/507 548/548 549/549
f 684/684 680/680 683/683
f 684/684 686/686 680/680
f 678/678 679/679 680/680
f 681/681 680/680 686/686
f 680/680 681/681 678/678
f 550/550 527/527 587/587
f 549/549 548/548 550/550
f 501/501 527/527 507/507
f 507/507 527/527 548/548
f 550/550 548/548 527/527
f 585/585 507/507 549/549
f 633/633 635/635 634/634
f 681/681 686/686 687/687
f 636/636 633/633 632/632
f 588/588 585/585 549/549
f 588/588 510/510 585/585
f 688/688 681/681 687/687
f 508/508 596/596 595/595
f 504/504 508/508 500/500
f 503/503 504/504 500/500
f 502/502 503/503 500/500
f 506/506 507/507 510/510
f 594/594 592/592 666/666
f 594/594 593/593 592/592
f 510/510 507/507 585/585
f 589/589 510/510 588/588
f 510/510 505/505 506/506
f 511/511 505/505 666/666
f 508/508 501/501 500/500
f 499/499 500/500 501/501
f 499/499 502/502 500/500
f 507/507 506/506 501/501
f 666/666 510/510 589/589
f 505/505 501/501 506/506
f 499/499 501/501 505/505
f 505/505 511/511 499/499
f 499/499 511/511 509/509
f 666/666 505/505 510/510
f 674/674 666/666 589/589
f 594/594 666/666 674/674
f 592/592 593/593 591/591
f 511/511 590/590 509/509
f 512/512 509/509 514/514
f 518/518 514/514 516/516
f 590/590 511/511 592/592
f 511/511 666/666 592/592
f 592/592 591/591 590/590
f 502/502 509/509 512/512
f 502/502 512/512 513/513
f 499/499 509/509 502/502
f 509/509 590/590 515/515
f 509/509 515/515 514/514
f 512/512 517/517 513/513
f 513/513 517/517 547/547
f 516/516 514/514 515/515
f 514/514 517/517 512/512
f 514/514 578/578 517/517
f 578/578 514/514 518/518
f 590/590 516/516 515/515
f 525/525 516/516 590/590
f 518/518 516/516 519/519
f 591/591 525/525 590/590
f 519/519 516/516 525/525
f 520/520 518/518 519/519
f 547/547 584/584 513/513
f 547/547 583/583 584/584
f 547/547 582/582 583/583
f 544/544 582/582 547/547
f 543/543 544/544 547/547
f 542/542 544/544 543/543
f 690/690 691/691 692/692
f 692/692 697/697 694/694
f 578/578 518/518 521/521
f 694/694 693/693 692/692
f 523/523 521/521 522/522
f 693/693 690/690 692/692
f 695/695 690/690 693/693
f 540/540 542/542 543/543
f 696/696 695/695 693/693
f 538/538 540/540 546/546
f 528/528 546/546 523/523
f 538/538 546/546 528/528
f 586/586 524/524 520/520
f 522/522 520/520 524/524
f 586/586 520/520 526/526
f 522/522 524/524 523/523
f 529/529 524/524 586/586
f 529/529 586/586 676/676
f 520/520 521/521 518/518
f 521/521 520/520 522/522
f 526/526 520/520 519/519
f 524/524 528/528 523/523
f 528/528 524/524 529/529
f 529/529 530/530 528/528
f 541/541 545/545 542/542
f 541/541 539/539 545/545
f 551/551 545/545 539/539
f 551/551 552/552 545/545
f 551/551 553/553 552/552
f 554/554 553/553 551/551
f 577/577 554/554 551/551
f 577/577 551/551 628/628
f 540/540 541/541 542/542
f 540/540 539/539 541/541
f 538/538 539/539 540/540
f 539/539 538/538 531/531
f 539/539 531/531 581/581
f 581/581 531/531 532/532
f 531/531 538/538 528/528
f 530/530 531/531 528/528
f 532/532 531/531 530/530
f 628/628 551/551 539/539
f 581/581 628/628 539/539
f 672/672 628/628 581/581
f 536/536 672/672 581/581
f 577/577 628/628 672/672
f 536/536 581/581 532/532
f 574/574 577/577 672/672
f 698/698 699/699 700/700
f 701/701 699/699 698/698
f 575/575 574/574 579/579
f 533/533 532/532 530/530
f 537/537 530/530 529/529
f 537/537 533/533 530/530
f 534/534 532/532 533/533
f 535/535 533/533 537/537
f 532/532 534/534 536/536
f 534/534 535/535 536/536
f 535/535 534/534 533/533
f 535/535 579/579 536/536
f 579/579 535/535 677/677
f 556/556 554/554 577/577
f 554/554 555/555 553/553
f 555/555 554/554 556/556
f 556/556 557/557 555/555
f 558/558 557/557 556/556
f 559/559 557/557 558/558
f 556/556 577/577 574/574
f 569/569 556/556 574/574
f 569/569 558/558 556/556
f 569/569 574/574 575/575
f 579/579 569/569 575/575
f 569/569 579/579 572/572
f 571/571 569/569 572/572
f 560/560 559/559 558/558
f 570/570 558/558 569/569
f 570/570 569/569 571/571
f 561/561 560/560 563/563
f 576/576 573/573 675/675
f 571/571 573/573 576/576
f 668/668 570/570 576/576
f 668/668 576/576 669/669
f 572/572 579/579 677/677
f 573/573 571/571 572/572
f 571/571 576/576 570/570
f 557/557 564/564 565/565
f 559/559 564/564 557/557
f 562/562 564/564 559/559
f 560/560 561/561 559/559
f 562/562 559/559 561/561
f 566/566 562/562 561/561
f 566/566 561/561 567/567
f 568/568 563/563 580/580
f 563/563 568/568 561/561
f 561/561 568/568 567/567
f 722/722 723/723 721/721
f 720/720 722/722 721/721
f 719/719 720/720 721/721
f 713/713 714/714 715/715
f 714/714 713/713 710/710
f 709/709 710/710 711/711
f 710/710 709/709 712/712
f 719/719 718/718 720/720
f 712/712 718/718 719/719
f 718/718 712/712 709/709
f 715/715 716/716 717/717
f 715/715 714/714 716/716
f 711/711 710/710 713/713
f 738/738 740/740 739/739
f 737/737 738/738 739/739
f 729/729 735/735 736/736
f 737/737 736/736 738/738
f 729/729 736/736 737/737
f 729/729 737/737 741/741
f 725/725 735/735 729/729
f 727/727 725/725 729/729
f 724/724 725/725 726/726
f 728/728 730/730 724/724
f 726/726 725/725 727/727
f 728/728 724/724 726/726
f 730/730 728/728 731/731
f 731/731 732/732 730/730
f 731/731 733/733 732/732
f 734/734 732/732 733/733
f 742/742 743/743 734/734
f 742/742 734/734 733/733
f 776/776 778/778 779/779
f 780/780 778/778 776/776
f 776/776 779/779 769/769
f 767/767 776/776 769/769
f 780/780 781/781 778/778
f 776/776 777/777 780/780
f 777/777 776/776 767/767
f 780/780 777/777 747/747
f 747/747 781/781 780/780
f 781/781 783/783 774/774
f 783/783 781/781 747/747
f 782/782 783/783 747/747
f 782/782 747/747 750/750
f 774/774 755/755 773/773
f 791/791 774/774 773/773
f 791/791 773/773 790/790
f 773/773 787/787 790/790
f 772/772 787/787 773/773
f 773/773 755/755 772/772
f 755/755 750/750 751/751
f 754/754 772/772 755/755
f 751/751 754/754 755/755
f 767/767 769/769 768/768
f 748/748 767/767 766/766
f 767/767 768/768 766/766
f 766/766 768/768 789/789
f 793/793 766/766 789/789
f 777/777 767/767 748/748
f 749/749 766/766 793/793
f 796/796 786/786 749/749
f 796/796 749/749 793/793
f 749/749 786/786 744/744
f 795/795 786/786 796/796
f 746/746 784/784 752/752
f 771/771 744/744 786/786
f 771/771 786/786 788/788
f 795/795 788/788 786/786
f 751/751 746/746 752/752
f 794/794 788/788 795/795
f 753/753 754/754 751/751
f 751/751 752/752 753/753
f 752/752 784/784 753/753
f 754/754 753/753 756/756
f 788/788 770/770 771/771
f 794/794 770/770 788/788
f 798/798 770/770 794/794
f 748/748 747/747 777/777
f 744/744 747/747 748/748
f 750/750 747/747 746/746
f 746/746 747/747 744/744
f 755/755 774/774 782/782
f 783/783 782/782 774/774
f 750/750 746/746 751/751
f 755/755 782/782 750/750
f 749/749 748/748 766/766
f 744/744 748/748 749/749
f 784/784 746/746 745/745
f 744/744 745/745 746/746
f 745/745 744/744 771/771
f 745/745 753/753 784/784
f 771/771 753/753 745/745
f 753/753 771/771 770/770
f 790/790 787/787 792/792
f 787/787 775/775 792/792
f 756/756 757/757 754/754
f 797/797 770/770 798/798
f 759/759 770/770 797/797
f 775/775 787/787 772/772
f 754/754 775/775 772/772
f 757/757 758/758 764/764
f 757/757 756/756 758/758
f 753/753 758/758 756/756
f 760/760 764/764 758/758
f 759/759 760/760 758/758
f 760/760 759/759 761/761
f 763/763 762/762 761/761
f 785/785 762/762 763/763
f 764/764 760/760 765/765
f 760/760 762/762 765/765
f 762/762 760/760 761/761
f 753/753 759/759 758/758
f 759/759 753/753 770/770
f 799/799 800/800 801/801
f 975/975 1009/1009 1011/1011
f 962/962 991/991 1009/1009
f 962/962 1009/1009 978/978
f 978/978 1009/1009 975/975
f 958/958 968/968 967/967
f 967/967 968/968 965/965
f 965/965 968/968 971/971
f 970/970 932/932 946/946
f 973/973 1005/1005 1006/1006
f 976/976 1006/1006 1010/1010
f 976/976 1010/1010 926/926
f 976/976 926/926 974/974
f 974/974 926/926 927/927
f 923/923 927/927 926/926
f 931/931 932/932 923/923
f 923/923 932/932 927/927
f 917/917 923/923 918/918
f 933/933 932/932 931/931
f 932/932 933/933 946/946
f 930/930 933/933 931/931
f 930/930 931/931 929/929
f 950/950 983/983 964/964
f 985/985 983/983 944/944
f 985/985 982/982 986/986
f 982/982 985/985 944/944
f 966/966 991/991 961/961
f 962/962 961/961 991/991
f 960/960 966/966 961/961
f 959/959 960/960 961/961
f 959/959 955/955 960/960
f 962/962 959/959 961/961
f 968/968 962/962 978/978
f 962/962 968/968 959/959
f 971/971 978/978 975/975
f 968/968 978/978 971/971
f 968/968 958/958 959/959
f 1005/1005 975/975 1011/1011
f 973/973 971/971 975/975
f 971/971 973/973 972/972
f 965/965 971/971 970/970
f 967/967 952/952 958/958
f 954/954 955/955 952/952
f 967/967 948/948 952/952
f 947/947 948/948 967/967
f 952/952 955/955 958/958
f 958/958 955/955 959/959
f 947/947 967/967 965/965
f 947/947 945/945 948/948
f 945/945 947/947 946/946
f 946/946 947/947 965/965
f 973/973 975/975 1005/1005
f 972/972 973/973 974/974
f 976/976 973/973 1006/1006
f 974/974 973/973 976/976
f 970/970 971/971 972/972
f 927/927 970/970 972/972
f 927/927 972/972 974/974
f 965/965 970/970 946/946
f 943/943 945/945 946/946
f 932/932 970/970 927/927
f 933/933 943/943 946/946
f 952/952 953/953 954/954
f 954/954 953/953 963/963
f 952/952 949/949 953/953
f 949/949 952/952 948/948
f 963/963 953/953 957/957
f 956/956 953/953 949/949
f 949/949 951/951 969/969
f 956/956 957/957 953/953
f 949/949 948/948 945/945
f 950/950 949/949 945/945
f 951/951 949/949 950/950
f 944/944 950/950 945/945
f 943/943 944/944 945/945
f 964/964 951/951 950/950
f 944/944 983/983 950/950
f 934/934 943/943 933/933
f 930/930 934/934 933/933
f 934/934 930/930 935/935
f 934/934 982/982 944/944
f 934/934 944/944 943/943
f 942/942 934/934 935/935
f 986/986 982/982 941/941
f 942/942 982/982 934/934
f 982/982 942/942 941/941
f 921/921 1010/1010 993/993
f 926/926 1010/1010 921/921
f 919/919 921/921 993/993
f 919/919 993/993 1014/1014
f 992/992 919/919 1014/1014
f 992/992 914/914 919/919
f 926/926 921/921 918/918
f 923/923 926/926 918/918
f 915/915 919/919 914/914
f 929/929 923/923 917/917
f 929/929 931/931 923/923
f 928/928 929/929 917/917
f 916/916 922/922 917/917
f 922/922 928/928 917/917
f 936/936 928/928 922/922
f 922/922 916/916 920/920
f 928/928 930/930 929/929
f 930/930 928/928 936/936
f 981/981 980/980 922/922
f 980/980 936/936 922/922
f 914/914 992/992 990/990
f 914/914 990/990 831/831
f 913/913 914/914 831/831
f 1002/1002 990/990 1004/1004
f 831/831 990/990 1002/1002
f 824/824 831/831 1002/1002
f 1004/1004 824/824 1002/1002
f 823/823 822/822 824/824
f 913/913 831/831 910/910
f 822/822 831/831 824/824
f 821/821 822/822 823/823
f 910/910 924/924 913/913
f 822/822 910/910 831/831
f 822/822 825/825 910/910
f 825/825 822/822 821/821
f 981/981 922/922 924/924
f 924/924 920/920 913/913
f 924/924 922/922 920/920
f 925/925 924/924 910/910
f 925/925 910/910 825/825
f 925/925 981/981 924/924
f 925/925 997/997 981/981
f 925/925 825/825 829/829
f 829/829 997/997 925/925
f 997/997 829/829 1017/1017
f 996/996 980/980 981/981
f 981/981 997/997 996/996
f 916/916 917/917 915/915
f 915/915 918/918 919/919
f 915/915 917/917 918/918
f 919/919 918/918 921/921
f 915/915 914/914 913/913
f 913/913 916/916 915/915
f 920/920 916/916 913/913
f 1008/1008 940/940 1013/1013
f 939/939 1013/1013 940/940
f 940/940 1008/1008 979/979
f 980/980 937/937 936/936
f 977/977 937/937 980/980
f 937/937 938/938 936/936
f 977/977 939/939 937/937
f 984/984 939/939 977/977
f 996/996 977/977 980/980
f 989/989 977/977 996/996
f 984/984 989/989 995/995
f 989/989 984/984 977/977
f 998/998 984/984 995/995
f 935/935 930/930 936/936
f 935/935 936/936 938/938
f 935/935 941/941 942/942
f 940/940 979/979 941/941
f 935/935 940/940 941/941
f 937/937 935/935 938/938
f 935/935 939/939 940/940
f 939/939 935/935 937/937
f 1017/1017 996/996 997/997
f 996/996 1016/1016 989/989
f 1016/1016 996/996 1017/1017
f 1016/1016 995/995 989/989
f 1021/1021 995/995 1016/1016
f 1021/1021 998/998 995/995
f 1001/1001 820/820 828/828
f 806/806 819/819 804/804
f 828/828 824/824 1004/1004
f 829/829 825/825 826/826
f 1017/1017 829/829 830/830
f 827/827 829/829 826/826
f 829/829 827/827 830/830
f 806/806 827/827 819/819
f 806/806 987/987 827/827
f 804/804 805/805 802/802
f 804/804 820/820 805/805
f 811/811 845/845 1012/1012
f 802/802 803/803 804/804
f 803/803 802/802 809/809
f 803/803 806/806 804/804
f 807/807 806/806 803/803
f 808/808 807/807 803/803
f 816/816 807/807 808/808
f 816/816 808/808 814/814
f 811/811 1012/1012 815/815
f 848/848 813/813 815/815
f 892/892 812/812 813/813
f 892/892 912/912 812/812
f 912/912 817/817 812/812
f 813/813 866/866 892/892
f 868/868 892/892 866/866
f 892/892 911/911 912/912
f 868/868 911/911 892/892
f 868/868 864/864 911/911
f 830/830 827/827 847/847
f 847/847 1018/1018 830/830
f 827/827 987/987 847/847
f 840/840 847/847 987/987
f 847/847 1020/1020 1018/1018
f 1020/1020 847/847 846/846
f 837/837 847/847 840/840
f 847/847 837/837 846/846
f 844/844 1020/1020 846/846
f 994/994 1022/1022 844/844
f 844/844 846/846 837/837
f 839/839 994/994 838/838
f 806/806 840/840 987/987
f 840/840 806/806 832/832
f 807/807 832/832 806/806
f 832/832 807/807 816/816
f 814/814 832/832 816/816
f 832/832 814/814 833/833
f 818/818 833/833 814/814
f 817/817 814/814 812/812
f 817/817 818/818 814/814
f 912/912 849/849 817/817
f 849/849 912/912 911/911
f 849/849 911/911 862/862
f 849/849 862/862 850/850
f 842/842 833/833 818/818
f 849/849 842/842 817/817
f 817/817 842/842 818/818
f 988/988 843/843 852/852
f 1007/1007 856/856 1015/1015
f 909/909 1015/1015 856/856
f 862/862 860/860 861/861
f 862/862 911/911 864/864
f 863/863 862/862 864/864
f 862/862 863/863 860/860
f 861/861 850/850 862/862
f 859/859 861/861 860/860
f 882/882 863/863 871/871
f 882/882 860/860 863/863
f 872/872 882/882 871/871
f 875/875 882/882 872/872
f 881/881 860/860 882/882
f 891/891 860/860 881/881
f 881/881 882/882 875/875
f 893/893 884/884 878/878
f 879/879 908/908 894/894
f 894/894 878/878 879/879
f 893/893 878/878 894/894
f 861/861 859/859 854/854
f 857/857 859/859 860/860
f 857/857 860/860 891/891
f 858/858 909/909 855/855
f 897/897 896/896 895/895
f 999/999 896/896 897/897
f 908/908 906/906 894/894
f 903/903 894/894 906/906
f 903/903 893/893 894/894
f 1003/1003 900/900 907/907
f 900/900 893/893 903/903
f 900/900 895/895 893/893
f 901/901 900/900 1003/1003
f 898/898 895/895 900/900
f 901/901 898/898 900/900
f 1000/1000 999/999 897/897
f 902/902 1000/1000 897/897
f 826/826 825/825 821/821
f 823/823 824/824 828/828
f 821/821 823/823 820/820
f 820/820 823/823 828/828
f 819/819 821/821 820/820
f 805/805 820/820 1001/1001
f 819/819 826/826 821/821
f 819/819 820/820 804/804
f 827/827 826/826 819/819
f 802/802 805/805 845/845
f 802/802 845/845 811/811
f 802/802 811/811 809/809
f 809/809 808/808 803/803
f 808/808 809/809 810/810
f 809/809 811/811 810/810
f 808/808 810/810 812/812
f 812/812 810/810 813/813
f 813/813 811/811 815/815
f 811/811 813/813 810/810
f 814/814 808/808 812/812
f 1017/1017 830/830 1018/1018
f 1016/1016 1017/1017 1018/1018
f 1019/1019 1016/1016 1018/1018
f 1019/1019 1018/1018 1020/1020
f 1021/1021 1016/1016 1019/1019
f 1023/1023 1021/1021 1019/1019
f 1022/1022 1023/1023 1019/1019
f 1020/1020 1022/1022 1019/1019
f 844/844 1022/1022 1020/1020
f 994/994 844/844 838/838
f 838/838 844/844 837/837
f 837/837 840/840 835/835
f 836/836 838/838 837/837
f 836/836 837/837 835/835
f 838/838 836/836 839/839
f 835/835 840/840 832/832
f 835/835 832/832 834/834
f 833/833 834/834 832/832
f 850/850 842/842 849/849
f 834/834 836/836 835/835
f 841/841 836/836 834/834
f 834/834 833/833 842/842
f 843/843 841/841 842/842
f 850/850 851/851 842/842
f 842/842 841/841 834/834
f 842/842 851/851 852/852
f 853/853 851/851 850/850
f 852/852 843/843 842/842
f 988/988 852/852 856/856
f 851/851 856/856 852/852
f 856/856 851/851 853/853
f 988/988 856/856 1007/1007
f 867/867 866/866 870/870
f 866/866 865/865 868/868
f 865/865 866/866 867/867
f 864/864 868/868 865/865
f 869/869 871/871 863/863
f 872/872 871/871 869/869
f 867/867 863/863 865/865
f 865/865 863/863 864/864
f 869/869 863/863 867/867
f 854/854 850/850 861/861
f 853/853 850/850 854/854
f 853/853 855/855 856/856
f 909/909 856/856 855/855
f 857/857 854/854 859/859
f 889/889 857/857 891/891
f 854/854 855/855 853/853
f 857/857 855/855 854/854
f 855/855 857/857 858/858
f 888/888 857/857 889/889
f 857/857 888/888 858/858
f 885/885 888/888 889/889
f 873/873 872/872 869/869
f 874/874 872/872 873/873
f 874/874 875/875 872/872
f 881/881 875/875 878/878
f 883/883 891/891 881/881
f 883/883 881/881 878/878
f 885/885 889/889 883/883
f 883/883 889/889 891/891
f 886/886 888/888 885/885
f 874/874 876/876 880/880
f 879/879 880/880 908/908
f 877/877 874/874 880/880
f 877/877 880/880 879/879
f 876/876 874/874 873/873
f 877/877 875/875 874/874
f 878/878 875/875 877/877
f 879/879 878/878 877/877
f 903/903 906/906 905/905
f 900/900 903/903 904/904
f 907/907 900/900 904/904
f 904/904 903/903 905/905
f 884/884 883/883 878/878
f 895/895 896/896 884/884
f 886/886 885/885 884/884
f 884/884 885/885 883/883
f 887/887 886/886 884/884
f 887/887 884/884 896/896
f 890/890 886/886 887/887
f 895/895 884/884 893/893
f 898/898 897/897 895/895
f 899/899 898/898 901/901
f 902/902 897/897 899/899
f 898/898 899/899 897/897
f 1026/1026 1032/1032 1033/1033
f 1026/1026 1025/1025 1032/1032
f 1024/1024 1025/1025 1026/1026
f 1024/1024 1028/1028 1025/1025
f 1028/1028 1024/1024 1029/1029
f 1028/1028 1030/1030 1031/1031
f 1033/1033 1032/1032 1034/1034
f 1024/1024 1026/1026 1027/1027
f 1030/1030 1028/1028 1029/1029
f 1045/1045 1043/1043 1046/1046
f 1035/1035 1036/1036 1037/1037
f 1042/1042 1049/1049 1043/1043
f 1044/1044 1043/1043 1045/1045
f 1042/1042 1043/1043 1044/1044
f 1035/1035 1037/1037 1041/1041
f 1036/1036 1035/1035 1040/1040
f 1038/1038 1037/1037 1036/1036
f 1049/1049 1042/1042 1048/1048
f 1048/1048 1042/1042 1047/1047
f 1047/1047 1042/1042 1044/1044
f 1039/1039 1038/1038 1036/1036
f 1050/1050 1051/1051 1052/1052
f 1054/1054 1055/1055 1052/1052
f 1052/1052 1051/1051 1054/1054
f 1053/1053 1051/1051 1050/1050
f 1060/1060 1058/1058 1062/1062
f 1060/1060 1056/1056 1058/1058
f 1061/1061 1056/1056 1060/1060
f 1056/1056 1057/1057 1058/1058
f 1057/1057 1056/1056 1059/1059
f 1073/1073 1072/1072 1074/1074
f 1073/1073 1068/1068 1072/1072
f 1068/1068 1067/1067 1070/1070
f 1063/1063 1064/1064 1065/1065
f 1066/1066 1067/1067 1068/1068
f 1072/1072 1068/1068 1070/1070
f 1069/1069 1067/1067 1066/1066
f 1066/1066 1071/1071 1069/1069
f 1071/1071 1066/1066 1075/1075
f 1077/1077 1080/1080 1078/1078
f 1087/1087 1088/1088 1089/1089
f 1084/1084 1085/1085 1086/1086
f 1076/1076 1077/1077 1078/1078
f 1079/1079 1077/1077 1076/1076
f 1077/1077 1081/1081 1080/1080
f 1077/1077 1082/1082 1081/1081
f 1083/1083 1082/1082 1077/1077
f 1098/1098 1096/1096 1097/1097
f 1099/1099 1096/1096 1098/1098
f 1096/1096 1090/1090 1097/1097
f 1095/1095 1090/1090 1096/1096
f 1096/1096 1099/1099 1100/1100
f 1094/1094 1102/1102 1101/1101
f 1090/1090 1091/1091 1092/1092
f 1093/1093 1094/1094 1092/1092
f 1094/1094 1101/1101 1092/1092
f 1091/1091 1090/1090 1095/1095
f 1093/1093 1092/1092 1091/1091
f 1112/1112 1113/1113 1114/1114
f 1103/1103 1105/1105 1107/1107
f 1103/1103 1104/1104 1105/1105
f 1106/1106 1104/1104 1111/1111
f 1105/1105 1104/1104 1106/1106
f 1108/1108 1107/1107 1105/1105
f 1109/1109 1105/1105 1106/1106
f 1110/1110 1103/1103 1107/1107
f 1149/1149 1148/1148 1150/1150
f 1148/1148 1149/1149 1134/1134
f 1150/1150 1148/1148 1154/1154
f 1148/1148 1167/1167 1161/1161
f 1154/1154 1148/1148 1161/1161
f 1167/1167 1148/1148 1168/1168
f 1150/1150 1154/1154 1155/1155
f 1148/1148 1147/1147 1168/1168
f 1134/1134 1147/1147 1148/1148
f 1134/1134 1136/1136 1147/1147
f 1135/1135 1137/1137 1136/1136
f 1136/1136 1137/1137 1139/1139
f 1137/1137 1135/1135 1138/1138
f 1138/1138 1133/1133 1137/1137
f 1136/1136 1151/1151 1147/1147
f 1139/1139 1151/1151 1136/1136
f 1137/1137 1169/1169 1139/1139
f 1149/1149 1150/1150 1153/1153
f 1170/1170 1171/1171 1172/1172
f 1156/1156 1135/1135 1134/1134
f 1149/1149 1153/1153 1156/1156
f 1153/1153 1135/1135 1156/1156
f 1134/1134 1135/1135 1136/1136
f 1129/1129 1133/1133 1131/1131
f 1133/1133 1162/1162 1137/1137
f 1162/1162 1169/1169 1137/1137
f 1129/1129 1117/1117 1116/1116
f 1117/1117 1129/1129 1130/1130
f 1129/1129 1162/1162 1133/1133
f 1129/1129 1163/1163 1162/1162
f 1116/1116 1163/1163 1129/1129
f 1131/1131 1133/1133 1138/1138
f 1130/1130 1129/1129 1131/1131
f 1118/1118 1117/1117 1124/1124
f 1115/1115 1117/1117 1118/1118
f 1115/1115 1116/1116 1117/1117
f 1120/1120 1115/1115 1119/1119
f 1119/1119 1115/1115 1118/1118
f 1122/1122 1121/1121 1119/1119
f 1119/1119 1121/1121 1120/1120
f 1117/1117 1130/1130 1159/1159
f 1159/1159 1160/1160 1117/1117
f 1132/1132 1119/1119 1118/1118
f 1117/1117 1160/1160 1124/1124
f 1132/1132 1124/1124 1160/1160
f 1132/1132 1118/1118 1124/1124
f 1132/1132 1165/1165 1119/1119
f 1119/1119 1165/1165 1122/1122
f 1121/1121 1122/1122 1123/1123
f 1125/1125 1123/1123 1122/1122
f 1125/1125 1126/1126 1123/1123
f 1127/1127 1126/1126 1125/1125
f 1127/1127 1128/1128 1126/1126
f 1145/1145 1127/1127 1125/1125
f 1125/1125 1122/1122 1166/1166
f 1166/1166 1122/1122 1165/1165
f 1145/1145 1125/1125 1166/1166
f 1140/1140 1128/1128 1127/1127
f 1144/1144 1127/1127 1145/1145
f 1152/1152 1144/1144 1145/1145
f 1141/1141 1127/1127 1144/1144
f 1127/1127 1141/1141 1140/1140
f 1140/1140 1146/1146 1128/1128
f 1143/1143 1157/1157 1146/1146
f 1142/1142 1140/1140 1141/1141
f 1146/1146 1140/1140 1143/1143
f 1157/1157 1143/1143 1164/1164
f 1142/1142 1143/1143 1140/1140
f 1158/1158 1164/1164 1143/1143
f 1158/1158 1143/1143 1142/1142
f 1174/1174 1173/1173 1178/1178
f 1180/1180 1178/1178 1183/1183
f 1174/1174 1178/1178 1180/1180
f 1180/1180 1175/1175 1174/1174
f 1173/1173 1174/1174 1175/1175
f 1175/1175 1180/1180 1181/1181
f 1176/1176 1173/1173 1175/1175
f 1181/1181 1176/1176 1175/1175
f 1182/1182 1176/1176 1181/1181
f 1176/1176 1177/1177 1173/1173
f 1177/1177 1176/1176 1179/1179
f 1184/1184 1186/1186 1187/1187
f 1185/1185 1190/1190 1189/1189
f 1188/1188 1191/1191 1185/1185
f 1185/1185 1189/1189 1186/1186
f 1184/1184 1185/1185 1186/1186
f 1188/1188 1185/1185 1184/1184
f 1191/1191 1188/1188 1192/1192
f 1197/1197 1195/1195 1194/1194
f 1194/1194 1193/1193 1196/1196
f 1193/1193 1194/1194 1195/1195
f 1193/1193 1195/1195 1198/1198
f 1199/1199 1200/1200 1201/1201
f 1199/1199 1201/1201 1202/1202
f 1203/1203 1200/1200 1199/1199
f 1204/1204 1208/1208 1209/1209
f 1204/1204 1206/1206 1208/1208
f 1204/1204 1205/1205 1206/1206
f 1205/1205 1207/1207 1206/1206
f 1211/1211 1212/1212 1213/1213
f 1205/1205 1210/1210 1207/1207
f 1233/1233 1234/1234 1235/1235
f 1227/1227 1226/1226 1228/1228
f 1227/1227 1228/1228 1231/1231
f 1226/1226 1229/1229 1228/1228
f 1230/1230 1229/1229 1226/1226
f 1227/1227 1225/1225 1226/1226
f 1225/1225 1224/1224 1226/1226
f 1224/1224 1230/1230 1226/1226
f 1225/1225 1223/1223 1224/1224
f 1216/1216 1224/1224 1223/1223
f 1223/1223 1214/1214 1216/1216
f 1214/1214 1215/1215 1216/1216
f 1215/1215 1217/1217 1216/1216
f 1215/1215 1218/1218 1217/1217
f 1219/1219 1218/1218 1215/1215
f 1232/1232 1219/1219 1215/1215
f 1218/1218 1219/1219 1220/1220
f 1221/1221 1218/1218 1220/1220
f 1221/1221 1222/1222 1218/1218
f 1236/1236 1237/1237 1238/1238
f 1242/1242 1243/1243 1244/1244
f 1239/1239 1240/1240 1241/1241
f 1245/1245 1246/1246 1247/1247
f 1249/1249 1250/1250 1251/1251
f 1245/1245 1248/1248 1246/1246
f 1252/1252 1253/1253 1254/1254
f 1255/1255 1256/1256 1257/1257
f 1256/1256 1255/1255 1258/1258
f 1261/1261 1256/1256 1258/1258
f 1262/1262 1261/1261 1258/1258
f 1256/1256 1260/1260 1257/1257
f 1255/1255 1257/1257 1259/1259
f 1260/1260 1256/1256 1261/1261
f 1269/1269 1271/1271 1272/1272
f 1269/1269 1270/1270 1271/1271
f 1266/1266 1264/1264 1263/1263
f 1263/1263 1264/1264 1265/1265
f 1265/1265 1264/1264 1267/1267
f 1267/1267 1264/1264 1268/1268
f 1274/1274 1277/1277 1275/1275
f 1273/1273 1274/1274 1275/1275
f 1276/1276 1274/1274 1273/1273
f 1285/1285 1288/1288 1304/1304
f 1289/1289 1288/1288 1287/1287
f 1288/1288 1285/1285 1287/1287
f 1287/1287 1316/1316 1289/1289
f 1317/1317 1316/1316 1287/1287
f 1314/1314 1317/1317 1287/1287
f 1282/1282 1285/1285 1284/1284
f 1285/1285 1286/1286 1287/1287
f 1314/1314 1287/1287 1286/1286
f 1285/1285 1282/1282 1286/1286
f 1309/1309 1286/1286 1282/1282
f 1309/1309 1314/1314 1286/1286
f 1301/1301 1283/1283 1284/1284
f 1283/1283 1282/1282 1284/1284
f 1305/1305 1309/1309 1282/1282
f 1281/1281 1282/1282 1283/1283
f 1305/1305 1282/1282 1281/1281
f 1278/1278 1280/1280 1302/1302
f 1300/1300 1283/1283 1301/1301
f 1302/1302 1280/1280 1300/1300
f 1281/1281 1283/1283 1280/1280
f 1300/1300 1280/1280 1283/1283
f 1305/1305 1281/1281 1306/1306
f 1279/1279 1281/1281 1280/1280
f 1307/1307 1306/1306 1281/1281
f 1307/1307 1281/1281 1279/1279
f 1278/1278 1279/1279 1280/1280
f 1290/1290 1279/1279 1278/1278
f 1290/1290 1307/1307 1279/1279
f 1310/1310 1278/1278 1302/1302
f 1290/1290 1278/1278 1291/1291
f 1291/1291 1278/1278 1292/1292
f 1303/1303 1290/1290 1291/1291
f 1291/1291 1292/1292 1293/1293
f 1294/1294 1291/1291 1293/1293
f 1294/1294 1293/1293 1295/1295
f 1296/1296 1295/1295 1297/1297
f 1297/1297 1298/1298 1296/1296
f 1298/1298 1297/1297 1299/1299
f 1298/1298 1299/1299 1308/1308
f 1308/1308 1315/1315 1298/1298
f 1294/1294 1303/1303 1291/1291
f 1303/1303 1294/1294 1311/1311
f 1312/1312 1311/1311 1294/1294
f 1312/1312 1294/1294 1296/1296
f 1295/1295 1296/1296 1294/1294
f 1312/1312 1296/1296 1313/1313
f 1313/1313 1296/1296 1298/1298
f 1318/1318 1313/1313 1298/1298
f 1315/1315 1318/1318 1298/1298
f 1319/1319 1320/1320 1321/1321
f 1322/1322 1323/1323 1324/1324
f 1329/1329 1328/1328 1327/1327
f 1327/1327 1328/1328 1325/1325
f 1330/1330 1327/1327 1326/1326
f 1325/1325 1326/1326 1327/1327
f 1335/1335 1336/1336 1331/1331
f 1331/1331 1334/1334 1335/1335
f 1331/1331 1332/1332 1333/1333
f 1331/1331 1333/1333 1334/1334
f 1331/1331 1337/1337 1332/1332
f 1332/1332 1337/1337 1338/1338
f 1346/1346 1347/1347 1348/1348
f 1342/1342 1340/1340 1339/1339
f 1340/1340 1344/1344 1343/1343
f 1341/1341 1340/1340 1343/1343
f 1339/1339 1340/1340 1341/1341
f 1345/1345 1339/1339 1341/1341
f 1425/1425 1407/1407 1426/1426
f 1404/1404 1407/1407 1425/1425
f 1404/1404 1406/1406 1407/1407
f 1427/1427 1426/1426 1428/1428
f 1426/1426 1427/1427 1425/1425
f 1403/1403 1425/1425 1427/1427
f 1425/1425 1403/1403 1404/1404
f 1406/1406 1408/1408 1407/1407
f 1408/1408 1406/1406 1409/1409
f 1405/1405 1406/1406 1404/1404
f 1406/1406 1405/1405 1410/1410
f 1410/1410 1409/1409 1406/1406
f 1405/1405 1404/1404 1402/1402
f 1404/1404 1403/1403 1402/1402
f 1401/1401 1402/1402 1403/1403
f 1402/1402 1401/1401 1400/1400
f 1396/1396 1395/1395 1397/1397
f 1394/1394 1395/1395 1396/1396
f 1394/1394 1396/1396 1398/1398
f 1385/1385 1394/1394 1398/1398
f 1392/1392 1394/1394 1389/1389
f 1413/1413 1394/1394 1385/1385
f 1389/1389 1394/1394 1413/1413
f 1387/1387 1389/1389 1386/1386
f 1392/1392 1395/1395 1394/1394
f 1390/1390 1392/1392 1389/1389
f 1387/1387 1390/1390 1389/1389
f 1400/1400 1401/1401 1390/1390
f 1400/1400 1390/1390 1391/1391
f 1391/1391 1390/1390 1387/1387
f 1424/1424 1423/1423 1385/1385
f 1385/1385 1423/1423 1388/1388
f 1383/1383 1385/1385 1388/1388
f 1412/1412 1388/1388 1419/1419
f 1423/1423 1419/1419 1388/1388
f 1413/1413 1385/1385 1386/1386
f 1384/1384 1386/1386 1385/1385
f 1386/1386 1384/1384 1387/1387
f 1384/1384 1391/1391 1387/1387
f 1383/1383 1384/1384 1385/1385
f 1391/1391 1384/1384 1393/1393
f 1383/1383 1355/1355 1384/1384
f 1355/1355 1393/1393 1384/1384
f 1383/1383 1388/1388 1412/1412
f 1383/1383 1412/1412 1382/1382
f 1412/1412 1419/1419 1382/1382
f 1381/1381 1382/1382 1356/1356
f 1356/1356 1382/1382 1419/1419
f 1382/1382 1355/1355 1383/1383
f 1355/1355 1382/1382 1381/1381
f 1356/1356 1419/1419 1417/1417
f 1356/1356 1355/1355 1381/1381
f 1354/1354 1355/1355 1356/1356
f 1350/1350 1356/1356 1417/1417
f 1350/1350 1354/1354 1356/1356
f 1350/1350 1417/1417 1431/1431
f 1349/1349 1354/1354 1350/1350
f 1349/1349 1350/1350 1351/1351
f 1351/1351 1350/1350 1352/1352
f 1399/1399 1350/1350 1431/1431
f 1350/1350 1399/1399 1352/1352
f 1353/1353 1351/1351 1352/1352
f 1359/1359 1352/1352 1399/1399
f 1353/1353 1352/1352 1357/1357
f 1358/1358 1353/1353 1357/1357
f 1357/1357 1352/1352 1359/1359
f 1415/1415 1353/1353 1358/1358
f 1422/1422 1359/1359 1399/1399
f 1422/1422 1361/1361 1359/1359
f 1359/1359 1360/1360 1357/1357
f 1360/1360 1359/1359 1361/1361
f 1357/1357 1377/1377 1375/1375
f 1360/1360 1377/1377 1357/1357
f 1375/1375 1358/1358 1357/1357
f 1358/1358 1374/1374 1415/1415
f 1361/1361 1422/1422 1418/1418
f 1360/1360 1374/1374 1377/1377
f 1374/1374 1360/1360 1373/1373
f 1373/1373 1415/1415 1374/1374
f 1361/1361 1418/1418 1414/1414
f 1362/1362 1361/1361 1414/1414
f 1360/1360 1361/1361 1362/1362
f 1418/1418 1430/1430 1414/1414
f 1363/1363 1360/1360 1362/1362
f 1360/1360 1363/1363 1373/1373
f 1363/1363 1429/1429 1373/1373
f 1364/1364 1362/1362 1414/1414
f 1363/1363 1362/1362 1364/1364
f 1366/1366 1429/1429 1363/1363
f 1430/1430 1364/1364 1414/1414
f 1365/1365 1363/1363 1364/1364
f 1366/1366 1363/1363 1365/1365
f 1430/1430 1421/1421 1364/1364
f 1365/1365 1364/1364 1369/1369
f 1369/1369 1364/1364 1421/1421
f 1369/1369 1421/1421 1420/1420
f 1367/1367 1366/1366 1365/1365
f 1369/1369 1368/1368 1365/1365
f 1365/1365 1368/1368 1367/1367
f 1378/1378 1369/1369 1420/1420
f 1378/1378 1370/1370 1369/1369
f 1369/1369 1370/1370 1368/1368
f 1370/1370 1378/1378 1379/1379
f 1371/1371 1368/1368 1370/1370
f 1370/1370 1379/1379 1380/1380
f 1371/1371 1370/1370 1372/1372
f 1370/1370 1380/1380 1372/1372
f 1376/1376 1371/1371 1372/1372
f 1411/1411 1371/1371 1376/1376
f 1411/1411 1376/1376 1416/1416
f 1432/1432 1434/1434 1435/1435
f 1432/1432 1433/1433 1434/1434
f 1438/1438 1437/1437 1439/1439
f 1436/1436 1437/1437 1438/1438
f 1441/1441 1436/1436 1438/1438
f 1442/1442 1436/1436 1441/1441
f 1440/1440 1437/1437 1436/1436
f 1443/1443 1444/1444 1445/1445
f 1445/1445 1446/1446 1443/1443
f 1447/1447 1446/1446 1445/1445
f 1448/1448 1447/1447 1449/1449
f 1452/1452 1451/1451 1460/1460
f 1448/1448 1446/1446 1447/1447
f 1448/1448 1449/1449 1452/1452
f 1460/1460 1461/1461 1452/1452
f 1448/1448 1452/1452 1461/1461
f 1457/1457 1461/1461 1460/1460
f 1457/1457 1460/1460 1451/1451
f 1450/1450 1451/1451 1452/1452
f 1450/1450 1452/1452 1453/1453
f 1453/1453 1455/1455 1454/1454
f 1450/1450 1457/1457 1451/1451
f 1454/1454 1450/1450 1453/1453
f 1456/1456 1455/1455 1459/1459
f 1455/1455 1456/1456 1454/1454
f 1454/1454 1456/1456 1458/1458
f 1462/1462 1465/1465 1463/1463
f 1462/1462 1463/1463 1464/1464
f 1464/1464 1463/1463 1466/1466
f 1466/1466 1467/1467 1464/1464
f 1468/1468 1469/1469 1470/1470
f 1468/1468 1470/1470 1471/1471
f 1482/1482 1483/1483 1484/1484
f 1485/1485 1483/1483 1482/1482
f 1474/1474 1473/1473 1476/1476
f 1478/1478 1479/1479 1480/1480
f 1478/1478 1480/1480 1481/1481
f 1472/1472 1474/1474 1477/1477
f 1473/1473 1472/1472 1475/1475
f 1472/1472 1473/1473 1474/1474
f 1486/1486 1487/1487 1488/1488
f 1488/1488 1490/1490 1486/1486
f 1489/1489 1487/1487 1486/1486
f 1495/1495 1492/1492 1491/1491
f 1491/1491 1493/1493 1494/1494
f 1491/1491 1492/1492 1493/1493
f 1498/1498 1499/1499 1496/1496
f 1498/1498 1501/1501 1499/1499
f 1496/1496 1497/1497 1498/1498
f 1498/1498 1497/1497 1500/1500
f 1502/1502 1498/1498 1500/1500
f 1524/1524 1523/1523 1525/1525
f 1512/1512 1513/1513 1510/1510
f 1522/1522 1523/1523 1513/1513
f 1513/1513 1523/1523 1524/1524
f 1517/1517 1522/1522 1513/1513
f 1512/1512 1517/1517 1513/1513
f 1506/1506 1508/1508 1504/1504
f 1504/1504 1503/1503 1506/1506
f 1503/1503 1504/1504 1505/1505
f 1509/1509 1512/1512 1510/1510
f 1509/1509 1510/1510 1511/1511
f 1509/1509 1511/1511 1514/1514
f 1511/1511 1515/1515 1514/1514
f 1505/1505 1507/1507 1503/1503
f 1516/1516 1514/1514 1515/1515
f 1519/1519 1516/1516 1518/1518
f 1519/1519 1518/1518 1520/1520
f 1516/1516 1515/1515 1518/1518
f 1520/1520 1521/1521 1519/1519
f 1537/1537 1549/1549 1550/1550
f 1549/1549 1537/1537 1536/1536
f 1535/1535 1536/1536 1537/1537
f 1535/1535 1537/1537 1538/1538
f 1536/1536 1551/1551 1549/1549
f 1536/1536 1535/1535 1534/1534
f 1534/1534 1551/1551 1536/1536
f 1533/1533 1532/1532 1534/1534
f 1535/1535 1533/1533 1534/1534
f 1534/1534 1547/1547 1551/1551
f 1532/1532 1547/1547 1534/1534
f 1531/1531 1532/1532 1533/1533
f 1532/1532 1546/1546 1547/1547
f 1546/1546 1532/1532 1530/1530
f 1531/1531 1530/1530 1532/1532
f 1527/1527 1530/1530 1531/1531
f 1526/1526 1546/1546 1530/1530
f 1526/1526 1530/1530 1527/1527
f 1526/1526 1527/1527 1528/1528
f 1548/1548 1526/1526 1529/1529
f 1529/1529 1526/1526 1528/1528
f 1539/1539 1548/1548 1529/1529
f 1528/1528 1539/1539 1529/1529
f 1539/1539 1528/1528 1540/1540
f 1541/1541 1539/1539 1540/1540
f 1541/1541 1542/1542 1539/1539
f 1543/1543 1542/1542 1541/1541
f 1544/1544 1545/1545 1542/1542
f 1544/1544 1542/1542 1543/1543
f 1557/1557 1552/1552 1554/1554
f 1553/1553 1558/1558 1554/1554
f 1552/1552 1553/1553 1554/1554
f 1552/1552 1555/1555 1553/1553
f 1555/1555 1552/1552 1556/1556
f 1559/1559 1558/1558 1553/1553
f 1555/1555 1559/1559 1553/1553
f 1560/1560 1562/1562 1563/1563
f 1568/1568 1567/1567 1563/1563
f 1566/1566 1563/1563 1567/1567
f 1561/1561 1569/1569 1562/1562
f 1560/1560 1561/1561 1562/1562
f 1560/1560 1563/1563 1566/1566
f 1561/1561 1560/1560 1564/1564
f 1560/1560 1565/1565 1564/1564
f 1560/1560 1566/1566 1565/1565
f 1565/1565 1570/1570 1564/1564
f 1571/1571 1576/1576 1572/1572
f 1575/1575 1574/1574 1572/1572
f 1572/1572 1574/1574 1573/1573
f 1571/1571 1572/1572 1573/1573
f 1583/1583 1586/1586 1584/1584
f 1582/1582 1583/1583 1584/1584
f 1582/1582 1585/1585 1583/1583
f 1577/1577 1578/1578 1579/1579
f 1577/1577 1580/1580 1578/1578
f 1579/1579 1578/1578 1581/1581
f 1587/1587 1588/1588 1589/1589
f 1589/1589 1588/1588 1590/1590
f 1594/1594 1593/1593 1588/1588
f 1591/1591 1588/1588 1592/1592
f 1592/1592 1588/1588 1593/1593
f 1590/1590 1588/1588 1591/1591
f 1627/1627 1625/1625 1626/1626
f 1625/1625 1624/1624 1626/1626
f 1623/1623 1624/1624 1625/1625
f 1622/1622 1624/1624 1623/1623
f 1622/1622 1623/1623 1621/1621
f 1619/1619 1622/1622 1621/1621
f 1619/1619 1621/1621 1620/1620
f 1618/1618 1619/1619 1620/1620
f 1614/1614 1617/1617 1616/1616
f 1617/1617 1619/1619 1618/1618
f 1616/1616 1617/1617 1618/1618
f 1615/1615 1616/1616 1618/1618
f 1614/1614 1616/1616 1615/1615
f 1612/1612 1614/1614 1615/1615
f 1614/1614 1612/1612 1613/1613
f 1610/1610 1613/1613 1612/1612
f 1611/1611 1610/1610 1612/1612
f 1608/1608 1610/1610 1609/1609
f 1609/1609 1610/1610 1611/1611
f 1607/1607 1608/1608 1609/1609
f 1604/1604 1608/1608 1607/1607
f 1604/1604 1607/1607 1606/1606
f 1605/1605 1604/1604 1606/1606
f 1603/1603 1604/1604 1605/1605
f 1601/1601 1604/1604 1603/1603
f 1602/1602 1601/1601 1603/1603
f 1600/1600 1601/1601 1602/1602
f 1599/1599 1601/1601 1600/1600
f 1599/1599 1596/1596 1601/1601
f 1598/1598 1599/1599 1600/1600
f 1596/1596 1599/1599 1598/1598
f 1596/1596 1598/1598 1597/1597
f 1597/1597 1598/1598 1628/1628
f 1595/1595 1596/1596 1597/1597
f 1628/1628 1595/1595 1597/1597
f 1628/1628 1629/1629 1595/1595
f 1630/1630 1629/1629 1628/1628
f 1631/1631 1629/1629 1630/1630
f 1630/1630 1632/1632 1631/1631
f 1631/1631 1632/1632 1633/1633
f 1634/1634 1633/1633 1632/1632
f 1632/1632 1636/1636 1634/1634
f 1635/1635 1633/1633 1634/1634
f 1635/1635 1634/1634 1636/1636
f 1637/1637 1635/1635 1636/1636
f 1637/1637 1636/1636 1639/1639
f 1638/1638 1635/1635 1637/1637
f 1639/1639 1640/1640 1638/1638
f 1639/1639 1638/1638 1637/1637
f 1640/1640 1641/1641 1638/1638
f 1651/1651 1642/1642 1639/1639
f 1639/1639 1642/1642 1640/1640
f 1642/1642 1641/1641 1640/1640
f 1643/1643 1642/1642 1651/1651
f 1642/1642 1643/1643 1641/1641
f 1651/1651 1645/1645 1643/1643
f 1641/1641 1643/1643 1644/1644
f 1644/1644 1643/1643 1645/1645
f 1646/1646 1644/1644 1645/1645
f 1646/1646 1647/1647 1644/1644
f 1647/1647 1646/1646 1648/1648
f 1648/1648 1649/1649 1647/1647
f 1650/1650 1649/1649 1648/1648
f 1652/1652 1650/1650 1648/1648
f 1676/1676 1698/1698 1677/1677
f 1676/1676 1677/1677 1670/1670
f 1670/1670 1669/1669 1676/1676
f 1669/1669 1670/1670 1666/1666
f 1675/1675 1676/1676 1669/1669
f 1675/1675 1669/1669 1668/1668
f 1669/1669 1666/1666 1668/1668
f 1667/1667 1666/1666 1665/1665
f 1665/1665 1666/1666 1664/1664
f 1665/1665 1664/1664 1662/1662
f 1664/1664 1663/1663 1662/1662
f 1660/1660 1662/1662 1663/1663
f 1661/1661 1662/1662 1660/1660
f 1672/1672 1662/1662 1661/1661
f 1666/1666 1667/1667 1668/1668
f 1671/1671 1668/1668 1667/1667
f 1673/1673 1672/1672 1661/1661
f 1659/1659 1661/1661 1660/1660
f 1659/1659 1660/1660 1658/1658
f 1659/1659 1658/1658 1653/1653
f 1653/1653 1658/1658 1656/1656
f 1654/1654 1656/1656 1681/1681
f 1654/1654 1653/1653 1656/1656
f 1653/1653 1654/1654 1655/1655
f 1654/1654 1679/1679 1678/1678
f 1679/1679 1654/1654 1680/1680
f 1680/1680 1654/1654 1681/1681
f 1680/1680 1681/1681 1682/1682
f 1674/1674 1673/1673 1661/1661
f 1674/1674 1703/1703 1673/1673
f 1661/1661 1659/1659 1674/1674
f 1704/1704 1703/1703 1674/1674
f 1696/1696 1704/1704 1674/1674
f 1699/1699 1704/1704 1696/1696
f 1705/1705 1699/1699 1684/1684
f 1655/1655 1654/1654 1657/1657
f 1678/1678 1657/1657 1654/1654
f 1678/1678 1696/1696 1657/1657
f 1699/1699 1696/1696 1678/1678
f 1684/1684 1699/1699 1678/1678
f 1678/1678 1679/1679 1684/1684
f 1706/1706 1705/1705 1684/1684
f 1702/1702 1705/1705 1706/1706
f 1682/1682 1681/1681 1683/1683
f 1687/1687 1683/1683 1688/1688
f 1682/1682 1683/1683 1685/1685
f 1685/1685 1700/1700 1702/1702
f 1686/1686 1685/1685 1683/1683
f 1700/1700 1685/1685 1686/1686
f 1686/1686 1683/1683 1687/1687
f 1701/1701 1700/1700 1686/1686
f 1687/1687 1688/1688 1689/1689
f 1690/1690 1687/1687 1689/1689
f 1691/1691 1690/1690 1689/1689
f 1694/1694 1693/1693 1697/1697
f 1692/1692 1691/1691 1689/1689
f 1691/1691 1692/1692 1693/1693
f 1694/1694 1691/1691 1693/1693
f 1695/1695 1691/1691 1694/1694
f 1766/1766 1729/1729 1767/1767
f 1730/1730 1729/1729 1766/1766
f 1727/1727 1729/1729 1730/1730
f 1708/1708 1727/1727 1730/1730
f 1727/1727 1728/1728 1729/1729
f 1763/1763 1728/1728 1726/1726
f 1726/1726 1762/1762 1763/1763
f 1726/1726 1728/1728 1727/1727
f 1726/1726 1727/1727 1710/1710
f 1725/1725 1726/1726 1710/1710
f 1708/1708 1710/1710 1727/1727
f 1707/1707 1708/1708 1709/1709
f 1707/1707 1710/1710 1708/1708
f 1710/1710 1707/1707 1711/1711
f 1725/1725 1710/1710 1711/1711
f 1712/1712 1711/1711 1707/1707
f 1723/1723 1762/1762 1726/1726
f 1712/1712 1725/1725 1711/1711
f 1723/1723 1761/1761 1762/1762
f 1725/1725 1723/1723 1726/1726
f 1723/1723 1725/1725 1724/1724
f 1768/1768 1725/1725 1712/1712
f 1724/1724 1725/1725 1768/1768
f 1771/1771 1724/1724 1768/1768
f 1723/1723 1721/1721 1761/1761
f 1724/1724 1722/1722 1723/1723
f 1771/1771 1722/1722 1724/1724
f 1723/1723 1722/1722 1721/1721
f 1722/1722 1771/1771 1772/1772
f 1720/1720 1721/1721 1722/1722
f 1720/1720 1718/1718 1721/1721
f 1718/1718 1720/1720 1719/1719
f 1717/1717 1718/1718 1719/1719
f 1717/1717 1716/1716 1718/1718
f 1713/1713 1716/1716 1717/1717
f 1713/1713 1717/1717 1777/1777
f 1713/1713 1715/1715 1716/1716
f 1713/1713 1714/1714 1715/1715
f 1714/1714 1713/1713 1769/1769
f 1713/1713 1777/1777 1776/1776
f 1776/1776 1773/1773 1713/1713
f 1769/1769 1713/1713 1773/1773
f 1778/1778 1769/1769 1773/1773
f 1731/1731 1715/1715 1714/1714
f 1715/1715 1764/1764 1770/1770
f 1732/1732 1764/1764 1715/1715
f 1774/1774 1714/1714 1778/1778
f 1778/1778 1714/1714 1769/1769
f 1731/1731 1732/1732 1715/1715
f 1733/1733 1731/1731 1714/1714
f 1733/1733 1714/1714 1774/1774
f 1732/1732 1765/1765 1764/1764
f 1731/1731 1733/1733 1732/1732
f 1775/1775 1733/1733 1774/1774
f 1734/1734 1732/1732 1733/1733
f 1758/1758 1765/1765 1732/1732
f 1735/1735 1732/1732 1734/1734
f 1737/1737 1758/1758 1732/1732
f 1737/1737 1732/1732 1736/1736
f 1736/1736 1732/1732 1735/1735
f 1758/1758 1737/1737 1760/1760
f 1759/1759 1760/1760 1737/1737
f 1756/1756 1759/1759 1737/1737
f 1738/1738 1737/1737 1736/1736
f 1739/1739 1737/1737 1738/1738
f 1740/1740 1756/1756 1737/1737
f 1740/1740 1737/1737 1739/1739
f 1740/1740 1739/1739 1741/1741
f 1752/1752 1742/1742 1739/1739
f 1739/1739 1742/1742 1741/1741
f 1743/1743 1741/1741 1742/1742
f 1744/1744 1741/1741 1743/1743
f 1743/1743 1742/1742 1752/1752
f 1745/1745 1741/1741 1744/1744
f 1745/1745 1746/1746 1741/1741
f 1747/1747 1746/1746 1745/1745
f 1755/1755 1745/1745 1757/1757
f 1755/1755 1747/1747 1745/1745
f 1747/1747 1748/1748 1746/1746
f 1749/1749 1748/1748 1747/1747
f 1749/1749 1750/1750 1748/1748
f 1750/1750 1751/1751 1748/1748
f 1753/1753 1751/1751 1750/1750
f 1754/1754 1751/1751 1753/1753
f 1806/1806 1814/1814 1810/1810
f 1809/1809 1806/1806 1810/1810
f 1807/1807 1806/1806 1809/1809
f 1806/1806 1805/1805 1802/1802
f 1805/1805 1806/1806 1807/1807
f 1803/1803 1802/1802 1805/1805
f 1801/1801 1802/1802 1803/1803
f 1802/1802 1801/1801 1804/1804
f 1800/1800 1798/1798 1799/1799
f 1800/1800 1804/1804 1801/1801
f 1798/1798 1800/1800 1801/1801
f 1782/1782 1799/1799 1798/1798
f 1786/1786 1782/1782 1798/1798
f 1783/1783 1782/1782 1786/1786
f 1820/1820 1823/1823 1821/1821
f 1820/1820 1821/1821 1822/1822
f 1822/1822 1821/1821 1824/1824
f 1785/1785 1780/1780 1784/1784
f 1784/1784 1813/1813 1787/1787
f 1808/1808 1780/1780 1785/1785
f 1784/1784 1787/1787 1785/1785
f 1788/1788 1785/1785 1787/1787
f 1789/1789 1808/1808 1785/1785
f 1789/1789 1785/1785 1788/1788
f 1817/1817 1808/1808 1789/1789
f 1790/1790 1789/1789 1788/1788
f 1789/1789 1818/1818 1817/1817
f 1789/1789 1790/1790 1791/1791
f 1791/1791 1790/1790 1816/1816
f 1781/1781 1782/1782 1783/1783
f 1779/1779 1781/1781 1783/1783
f 1779/1779 1780/1780 1781/1781
f 1813/1813 1784/1784 1779/1779
f 1780/1780 1779/1779 1784/1784
f 1792/1792 1818/1818 1789/1789
f 1819/1819 1793/1793 1816/1816
f 1792/1792 1789/1789 1791/1791
f 1793/1793 1791/1791 1816/1816
f 1793/1793 1792/1792 1791/1791
f 1794/1794 1792/1792 1793/1793
f 1795/1795 1792/1792 1794/1794
f 1794/1794 1793/1793 1819/1819
f 1796/1796 1797/1797 1795/1795
f 1797/1797 1811/1811 1795/1795
f 1796/1796 1795/1795 1794/1794
f 1796/1796 1794/1794 1812/1812
f 1812/1812 1794/1794 1819/1819
f 1796/1796 1812/1812 1815/1815
f 1838/1838 1837/1837 1835/1835
f 1834/1834 1835/1835 1837/1837
f 1834/1834 1833/1833 1835/1835
f 1833/1833 1834/1834 1826/1826
f 1834/1834 1846/1846 1839/1839
f 1826/1826 1834/1834 1839/1839
f 1832/1832 1833/1833 1826/1826
f 1840/1840 1826/1826 1839/1839
f 1827/1827 1826/1826 1840/1840
f 1827/1827 1840/1840 1841/1841
f 1825/1825 1826/1826 1827/1827
f 1841/1841 1842/1842 1827/1827
f 1831/1831 1832/1832 1826/1826
f 1826/1826 1830/1830 1831/1831
f 1830/1830 1826/1826 1825/1825
f 1830/1830 1825/1825 1836/1836
f 1828/1828 1825/1825 1827/1827
f 1828/1828 1827/1827 1842/1842
f 1845/1845 1828/1828 1842/1842
f 1829/1829 1825/1825 1828/1828
f 1843/1843 1828/1828 1845/1845
f 1844/1844 1829/1829 1843/1843
f 1843/1843 1829/1829 1828/1828
f 1850/1850 1852/1852 1854/1854
f 1849/1849 1852/1852 1850/1850
f 1847/1847 1849/1849 1850/1850
f 1847/1847 1848/1848 1849/1849
f 1847/1847 1851/1851 1848/1848
f 1851/1851 1847/1847 1853/1853
f 1853/1853 1855/1855 1851/1851
f 1857/1857 1876/1876 1859/1859
f 1869/1869 1876/1876 1857/1857
f 1858/1858 1857/1857 1859/1859
f 1856/1856 1857/1857 1858/1858
f 1868/1868 1869/1869 1857/1857
f 1867/1867 1869/1869 1868/1868
f 1867/1867 1868/1868 1866/1866
f 1866/1866 1865/1865 1867/1867
f 1865/1865 1866/1866 1862/1862
f 1865/1865 1862/1862 1861/1861
f 1860/1860 1861/1861 1862/1862
f 1863/1863 1861/1861 1860/1860
f 1863/1863 1860/1860 1864/1864
f 1870/1870 1861/1861 1863/1863
f 1870/1870 1863/1863 1864/1864
f 1871/1871 1864/1864 1872/1872
f 1864/1864 1871/1871 1870/1870
f 1873/1873 1871/1871 1872/1872
f 1874/1874 1873/1873 1872/1872
f 1875/1875 1873/1873 1874/1874
f 1959/1959 1960/1960 1961/1961
f 1960/1960 1959/1959 1958/1958
f 1962/1962 1957/1957 1959/1959
f 1958/1958 1959/1959 1957/1957
f 1957/1957 1956/1956 1958/1958
f 1955/1955 1956/1956 1957/1957
f 1953/1953 1956/1956 1955/1955
f 1953/1953 1955/1955 1954/1954
f 1952/1952 1953/1953 1951/1951
f 1951/1951 1953/1953 1954/1954
f 1948/1948 1952/1952 1951/1951
f 1948/1948 1951/1951 1950/1950
f 1948/1948 1950/1950 1949/1949
f 1947/1947 1948/1948 1945/1945
f 1945/1945 1948/1948 1949/1949
f 1945/1945 1946/1946 1947/1947
f 1946/1946 1945/1945 1943/1943
f 1943/1943 1945/1945 1944/1944
f 1943/1943 1944/1944 1938/1938
f 1942/1942 1943/1943 1938/1938
f 1966/1966 1942/1942 1940/1940
f 1940/1940 1942/1942 1938/1938
f 1967/1967 1966/1966 1940/1940
f 1939/1939 1967/1967 1940/1940
f 1901/1901 1903/1903 1902/1902
f 1903/1903 1901/1901 1904/1904
f 1901/1901 1902/1902 1900/1900
f 1898/1898 1901/1901 1900/1900
f 1898/1898 1900/1900 1895/1895
f 1892/1892 1893/1893 1895/1895
f 1893/1893 1898/1898 1895/1895
f 1893/1893 1892/1892 1889/1889
f 1889/1889 1892/1892 1891/1891
f 1891/1891 1887/1887 1889/1889
f 1888/1888 1889/1889 1887/1887
f 1888/1888 1893/1893 1889/1889
f 1894/1894 1912/1912 1893/1893
f 1912/1912 1894/1894 1911/1911
f 1894/1894 1893/1893 1888/1888
f 1938/1938 1939/1939 1940/1940
f 1939/1939 1938/1938 1941/1941
f 1937/1937 1939/1939 1941/1941
f 1937/1937 1941/1941 1934/1934
f 1936/1936 1937/1937 1934/1934
f 1936/1936 1934/1934 1933/1933
f 1933/1933 1934/1934 1935/1935
f 1932/1932 1933/1933 1935/1935
f 1935/1935 1934/1934 1964/1964
f 1963/1963 1935/1935 1964/1964
f 1935/1935 1930/1930 1932/1932
f 1930/1930 1935/1935 1963/1963
f 1931/1931 1932/1932 1930/1930
f 1931/1931 1930/1930 1918/1918
f 1919/1919 1918/1918 1930/1930
f 1917/1917 1918/1918 1919/1919
f 1920/1920 1918/1918 1917/1917
f 1920/1920 1917/1917 1921/1921
f 1920/1920 1921/1921 1922/1922
f 1923/1923 1922/1922 1921/1921
f 1923/1923 1921/1921 1924/1924
f 1924/1924 1921/1921 1925/1925
f 1926/1926 1924/1924 1925/1925
f 1927/1927 1925/1925 1928/1928
f 1927/1927 1926/1926 1925/1925
f 1914/1914 1927/1927 1928/1928
f 1929/1929 1914/1914 1928/1928
f 1887/1887 1886/1886 1888/1888
f 1888/1888 1886/1886 1894/1894
f 1886/1886 1887/1887 1885/1885
f 1894/1894 1886/1886 1899/1899
f 1911/1911 1894/1894 1899/1899
f 1885/1885 1883/1883 1886/1886
f 1883/1883 1896/1896 1886/1886
f 1884/1884 1883/1883 1885/1885
f 1896/1896 1899/1899 1886/1886
f 1882/1882 1883/1883 1884/1884
f 1883/1883 1882/1882 1881/1881
f 1896/1896 1883/1883 1881/1881
f 1877/1877 1881/1881 1882/1882
f 1880/1880 1881/1881 1877/1877
f 1881/1881 1880/1880 1896/1896
f 1897/1897 1896/1896 1880/1880
f 1879/1879 1880/1880 1877/1877
f 1877/1877 1878/1878 1879/1879
f 1890/1890 1880/1880 1879/1879
f 1897/1897 1880/1880 1890/1890
f 1905/1905 1890/1890 1914/1914
f 1905/1905 1897/1897 1890/1890
f 1897/1897 1905/1905 1906/1906
f 1965/1965 1914/1914 1929/1929
f 1965/1965 1905/1905 1914/1914
f 1907/1907 1906/1906 1905/1905
f 1907/1907 1905/1905 1908/1908
f 1907/1907 1908/1908 1909/1909
f 1910/1910 1909/1909 1913/1913
f 1910/1910 1907/1907 1909/1909
f 1910/1910 1913/1913 1915/1915
f 1910/1910 1915/1915 1916/1916
f 2026/2026 2025/2025 2024/2024
f 2024/2024 2025/2025 2023/2023
f 2022/2022 2024/2024 2023/2023
f 2022/2022 2023/2023 2021/2021
f 2022/2022 2021/2021 2020/2020
f 2021/2021 2018/2018 2020/2020
f 2020/2020 2018/2018 2019/2019
f 2017/2017 2019/2019 2018/2018
f 2053/2053 2017/2017 2016/2016
f 2013/2013 2017/2017 2018/2018
f 2016/2016 2017/2017 2013/2013
f 2015/2015 2013/2013 2014/2014
f 2016/2016 2013/2013 2015/2015
f 2013/2013 2012/2012 2014/2014
f 2012/2012 2013/2013 2011/2011
f 2011/2011 2008/2008 2010/2010
f 2010/2010 2012/2012 2011/2011
f 2009/2009 2010/2010 2008/2008
f 2007/2007 2009/2009 2008/2008
f 2007/2007 2008/2008 2005/2005
f 2006/2006 2007/2007 2005/2005
f 2004/2004 1979/1979 2005/2005
f 2006/2006 2005/2005 1979/1979
f 1979/1979 2004/2004 1978/1978
f 1979/1979 1978/1978 1977/1977
f 1978/1978 2004/2004 2057/2057
f 1977/1977 1978/1978 1976/1976
f 1981/1981 1977/1977 1980/1980
f 1976/1976 1973/1973 1977/1977
f 1976/1976 1978/1978 2057/2057
f 1976/1976 1972/1972 1973/1973
f 2034/2034 1976/1976 2057/2057
f 1972/1972 1976/1976 2034/2034
f 1973/1973 1980/1980 1977/1977
f 2003/2003 1980/1980 1973/1973
f 2033/2033 1972/1972 2034/2034
f 1972/1972 1971/1971 1973/1973
f 2027/2027 2003/2003 1973/1973
f 2033/2033 2032/2032 1972/1972
f 1972/1972 2032/2032 1970/1970
f 1972/1972 1970/1970 1971/1971
f 1974/1974 1973/1973 1971/1971
f 1973/1973 1974/1974 2027/2027
f 1974/1974 1971/1971 1975/1975
f 2045/2045 1970/1970 2032/2032
f 1970/1970 2045/2045 2044/2044
f 2044/2044 2045/2045 2043/2043
f 1971/1971 1970/1970 1969/1969
f 2043/2043 1970/1970 2044/2044
f 2043/2043 1968/1968 1970/1970
f 1968/1968 1969/1969 1970/1970
f 1969/1969 1968/1968 1982/1982
f 1968/1968 2043/2043 2042/2042
f 1982/1982 1968/1968 1983/1983
f 1968/1968 2042/2042 2041/2041
f 1984/1984 1983/1983 1968/1968
f 2040/2040 1968/1968 2041/2041
f 1984/1984 1985/1985 1986/1986
f 1985/1985 1968/1968 2040/2040
f 1968/1968 1985/1985 1984/1984
f 1986/1986 1985/1985 1987/1987
f 1985/1985 2040/2040 2031/2031
f 1986/1986 2051/2051 2052/2052
f 2051/2051 1986/1986 1987/1987
f 2050/2050 2051/2051 1987/1987
f 1987/1987 1988/1988 2050/2050
f 1985/1985 2031/2031 1989/1989
f 1988/1988 1985/1985 1989/1989
f 2058/2058 2030/2030 2031/2031
f 2031/2031 2030/2030 1989/1989
f 1987/1987 1985/1985 1988/1988
f 2049/2049 2050/2050 1988/1988
f 1990/1990 1988/1988 1989/1989
f 1990/1990 1989/1989 1991/1991
f 1990/1990 1991/1991 2002/2002
f 1990/1990 2049/2049 1988/1988
f 1990/1990 2056/2056 2049/2049
f 2054/2054 2030/2030 2058/2058
f 2056/2056 1990/1990 2002/2002
f 2029/2029 1989/1989 2030/2030
f 2029/2029 2030/2030 2054/2054
f 1992/1992 1989/1989 2029/2029
f 1991/1991 1989/1989 1992/1992
f 1993/1993 1991/1991 1992/1992
f 1993/1993 1992/1992 1994/1994
f 2029/2029 2054/2054 2035/2035
f 2035/2035 1992/1992 2029/2029
f 1994/1994 1992/1992 1995/1995
f 2039/2039 1992/1992 2035/2035
f 1992/1992 1996/1996 1995/1995
f 1996/1996 1992/1992 1997/1997
f 2039/2039 1997/1997 1992/1992
f 1997/1997 2039/2039 2048/2048
f 1998/1998 1996/1996 1997/1997
f 2001/2001 1996/1996 1998/1998
f 2048/2048 2046/2046 1997/1997
f 1999/1999 1998/1998 1997/1997
f 1998/1998 1999/1999 2036/2036
f 2046/2046 2000/2000 1997/1997
f 2055/2055 2000/2000 2046/2046
f 2055/2055 2047/2047 2000/2000
f 1999/1999 1997/1997 2000/2000
f 2036/2036 1999/1999 2037/2037
f 2037/2037 1999/1999 2038/2038
f 2028/2028 2000/2000 2047/2047
f 1999/1999 2000/2000 2028/2028
f 2060/2060 2047/2047 2059/2059
f 2059/2059 2047/2047 2055/2055
f 2080/2080 2078/2078 2076/2076
f 2078/2078 2080/2080 2100/2100
f 2078/2078 2077/2077 2076/2076
f 2077/2077 2078/2078 2100/2100
f 2074/2074 2076/2076 2075/2075
f 2077/2077 2075/2075 2076/2076
f 2075/2075 2077/2077 2079/2079
f 2103/2103 2093/2093 2081/2081
f 2081/2081 2075/2075 2079/2079
f 2075/2075 2081/2081 2093/2093
f 2093/2093 2104/2104 2102/2102
f 2104/2104 2093/2093 2103/2103
f 2072/2072 2074/2074 2075/2075
f 2074/2074 2072/2072 2073/2073
f 2072/2072 2075/2075 2093/2093
f 2070/2070 2073/2073 2072/2072
f 2071/2071 2070/2070 2072/2072
f 2069/2069 2070/2070 2071/2071
f 2097/2097 2071/2071 2072/2072
f 2102/2102 2072/2072 2093/2093
f 2102/2102 2097/2097 2072/2072
f 2097/2097 2068/2068 2071/2071
f 2068/2068 2069/2069 2071/2071
f 2067/2067 2068/2068 2097/2097
f 2068/2068 2066/2066 2069/2069
f 2067/2067 2066/2066 2068/2068
f 2062/2062 2065/2065 2066/2066
f 2062/2062 2066/2066 2067/2067
f 2094/2094 2062/2062 2067/2067
f 2061/2061 2065/2065 2062/2062
f 2061/2061 2062/2062 2063/2063
f 2094/2094 2063/2063 2062/2062
f 2094/2094 2082/2082 2063/2063
f 2063/2063 2064/2064 2061/2061
f 2082/2082 2064/2064 2063/2063
f 2083/2083 2064/2064 2082/2082
f 2084/2084 2064/2064 2083/2083
f 2085/2085 2064/2064 2084/2084
f 2086/2086 2085/2085 2084/2084
f 2095/2095 2085/2085 2086/2086
f 2086/2086 2084/2084 2087/2087
f 2088/2088 2095/2095 2086/2086
f 2087/2087 2088/2088 2086/2086
f 2087/2087 2084/2084 2098/2098
f 2101/2101 2089/2089 2091/2091
f 2087/2087 2089/2089 2088/2088
f 2089/2089 2087/2087 2090/2090
f 2091/2091 2089/2089 2090/2090
f 2092/2092 2091/2091 2090/2090
f 2098/2098 2099/2099 2087/2087
f 2090/2090 2087/2087 2099/2099
f 2096/2096 2090/2090 2099/2099
f 2090/2090 2096/2096 2092/2092
f 2105/2105 2106/2106 2107/2107
f 2108/2108 2107/2107 2106/2106
f 2105/2105 2109/2109 2106/2106
f 2123/2123 2124/2124 2149/2149
f 2124/2124 2122/2122 2125/2125
f 2123/2123 2149/2149 2143/2143
f 2122/2122 2124/2124 2123/2123
f 2120/2120 2122/2122 2123/2123
f 2121/2121 2122/2122 2120/2120
f 2120/2120 2123/2123 2143/2143
f 2141/2141 2120/2120 2143/2143
f 2118/2118 2120/2120 2141/2141
f 2121/2121 2120/2120 2119/2119
f 2119/2119 2120/2120 2118/2118
f 2119/2119 2118/2118 2116/2116
f 2116/2116 2118/2118 2117/2117
f 2116/2116 2117/2117 2115/2115
f 2113/2113 2116/2116 2115/2115
f 2113/2113 2115/2115 2114/2114
f 2113/2113 2114/2114 2111/2111
f 2110/2110 2113/2113 2111/2111
f 2140/2140 2113/2113 2110/2110
f 2110/2110 2111/2111 2112/2112
f 2139/2139 2140/2140 2110/2110
f 2126/2126 2110/2110 2112/2112
f 2127/2127 2110/2110 2126/2126
f 2127/2127 2139/2139 2110/2110
f 2142/2142 2139/2139 2127/2127
f 2126/2126 2112/2112 2144/2144
f 2127/2127 2126/2126 2128/2128
f 2129/2129 2142/2142 2127/2127
f 2128/2128 2144/2144 2148/2148
f 2128/2128 2126/2126 2144/2144
f 2129/2129 2127/2127 2128/2128
f 2130/2130 2128/2128 2148/2148
f 2148/2148 2146/2146 2130/2130
f 2129/2129 2128/2128 2130/2130
f 2131/2131 2129/2129 2130/2130
f 2132/2132 2130/2130 2146/2146
f 2147/2147 2132/2132 2146/2146
f 2145/2145 2132/2132 2147/2147
f 2132/2132 2131/2131 2130/2130
f 2133/2133 2131/2131 2132/2132
f 2134/2134 2131/2131 2133/2133
f 2136/2136 2138/2138 2145/2145
f 2138/2138 2136/2136 2135/2135
f 2134/2134 2133/2133 2135/2135
f 2136/2136 2134/2134 2135/2135
f 2134/2134 2136/2136 2137/2137
f 2150/2150 2151/2151 2152/2152
f 2154/2154 2156/2156 2155/2155
f 2156/2156 2160/2160 2155/2155
f 2160/2160 2161/2161 2155/2155
f 2153/2153 2154/2154 2155/2155
f 2166/2166 2165/2165 2164/2164
f 2165/2165 2162/2162 2164/2164
f 2165/2165 2167/2167 2162/2162
f 2167/2167 2163/2163 2162/2162
f 2162/2162 2163/2163 2164/2164
f 2155/2155 2157/2157 2153/2153
f 2168/2168 2163/2163 2167/2167
f 2158/2158 2157/2157 2159/2159
f 2153/2153 2157/2157 2158/2158
f 2169/2169 2170/2170 2171/2171
f 2170/2170 2169/2169 2172/2172
f 2177/2177 2175/2175 2179/2179
f 2173/2173 2175/2175 2177/2177
f 2173/2173 2174/2174 2175/2175
f 2175/2175 2174/2174 2176/2176
f 2174/2174 2178/2178 2176/2176
f 2180/2180 2181/2181 2182/2182
f 2181/2181 2180/2180 2183/2183
f 2187/2187 2189/2189 2190/2190
f 2187/2187 2188/2188 2189/2189
f 2189/2189 2188/2188 2191/2191
f 2184/2184 2185/2185 2186/2186
f 2197/2197 2196/2196 2200/2200
f 2192/2192 2193/2193 2194/2194
f 2196/2196 2197/2197 2198/2198
f 2195/2195 2193/2193 2192/2192
f 2203/2203 2204/2204 2201/2201
f 2201/2201 2202/2202 2203/2203
f 2197/2197 2199/2199 2198/2198
f 2205/2205 2207/2207 2208/2208
f 2205/2205 2206/2206 2207/2207
f 2206/2206 2205/2205 2210/2210
f 2209/2209 2207/2207 2206/2206
f 2216/2216 2212/2212 2211/2211
f 2214/2214 2212/2212 2215/2215
f 2214/2214 2213/2213 2212/2212
f 2211/2211 2212/2212 2213/2213
f 2218/2218 2219/2219 2220/2220
f 2218/2218 2221/2221 2219/2219
f 2211/2211 2217/2217 2216/2216
f 2222/2222 2223/2223 2224/2224
f 2233/2233 2234/2234 2232/2232
f 2225/2225 2224/2224 2223/2223
f 2232/2232 2230/2230 2233/2233
f 2223/2223 2226/2226 2225/2225
f 2226/2226 2227/2227 2225/2225
f 2228/2228 2229/2229 2230/2230
f 2232/2232 2228/2228 2230/2230
f 2231/2231 2229/2229 2228/2228
f 2238/2238 2239/2239 2240/2240
f 2238/2238 2241/2241 2239/2239
f 2239/2239 2242/2242 2240/2240
f 2235/2235 2236/2236 2237/2237
f 2248/2248 2252/2252 2253/2253
f 2253/2253 2249/2249 2248/2248
f 2248/2248 2249/2249 2250/2250
f 2247/2247 2245/2245 2244/2244
f 2243/2243 2244/2244 2245/2245
f 2249/2249 2251/2251 2250/2250
f 2246/2246 2243/2243 2245/2245
f 2254/2254 2255/2255 2256/2256
f 2254/2254 2256/2256 2257/2257
f 2258/2258 2254/2254 2257/2257
f 2267/2267 2266/2266 2260/2260
f 2268/2268 2260/2260 2269/2269
f 2267/2267 2260/2260 2268/2268
f 2269/2269 2260/2260 2270/2270
f 2261/2261 2263/2263 2262/2262
f 2263/2263 2261/2261 2264/2264
f 2265/2265 2260/2260 2266/2266
f 2261/2261 2260/2260 2265/2265
f 2259/2259 2260/2260 2261/2261
f 2262/2262 2259/2259 2261/2261
f 2284/2284 2282/2282 2287/2287
f 2285/2285 2283/2283 2286/2286
f 2282/2282 2283/2283 2285/2285
f 2283/2283 2282/2282 2284/2284
f 2271/2271 2272/2272 2273/2273
f 2271/2271 2274/2274 2272/2272
f 2291/2291 2289/2289 2290/2290
f 2275/2275 2276/2276 2277/2277
f 2275/2275 2278/2278 2276/2276
f 2282/2282 2288/2288 2287/2287
f 2288/2288 2282/2282 2281/2281
f 2278/2278 2275/2275 2279/2279
f 2281/2281 2292/2292 2293/2293
f 2280/2280 2281/2281 2282/2282
f 2292/2292 2281/2281 2280/2280
f 2280/2280 2282/2282 2289/2289
f 2290/2290 2289/2289 2282/2282
f 2289/2289 2292/2292 2280/2280
f 2303/2303 2305/2305 2304/2304
f 2303/2303 2304/2304 2302/2302
f 2301/2301 2303/2303 2302/2302
f 2300/2300 2301/2301 2302/2302
f 2301/2301 2300/2300 2295/2295
f 2295/2295 2300/2300 2299/2299
f 2298/2298 2296/2296 2295/2295
f 2298/2298 2295/2295 2299/2299
f 2296/2296 2298/2298 2306/2306
f 2298/2298 2307/2307 2306/2306
f 2294/2294 2297/2297 2295/2295
f 2294/2294 2295/2295 2296/2296
f 2306/2306 2294/2294 2296/2296
f 2308/2308 2306/2306 2307/2307
f 2308/2308 2307/2307 2309/2309
f 2310/2310 2309/2309 2312/2312
f 2310/2310 2308/2308 2309/2309
f 2310/2310 2311/2311 2308/2308
f 2399/2399 2396/2396 2398/2398
f 2396/2396 2397/2397 2395/2395
f 2394/2394 2395/2395 2393/2393
f 2394/2394 2396/2396 2395/2395
f 2392/2392 2394/2394 2393/2393
f 2400/2400 2391/2391 2393/2393
f 2392/2392 2393/2393 2391/2391
f 2390/2390 2392/2392 2391/2391
f 2390/2390 2391/2391 2389/2389
f 2367/2367 2388/2388 2389/2389
f 2388/2388 2367/2367 2368/2368
f 2368/2368 2367/2367 2365/2365
f 2366/2366 2365/2365 2367/2367
f 2365/2365 2366/2366 2359/2359
f 2404/2404 2405/2405 2401/2401
f 2401/2401 2403/2403 2404/2404
f 2403/2403 2401/2401 2402/2402
f 2398/2398 2402/2402 2401/2401
f 2377/2377 2403/2403 2407/2407
f 2407/2407 2403/2403 2402/2402
f 2406/2406 2405/2405 2404/2404
f 2406/2406 2404/2404 2403/2403
f 2408/2408 2406/2406 2403/2403
f 2398/2398 2396/2396 2394/2394
f 2401/2401 2399/2399 2398/2398
f 2398/2398 2394/2394 2392/2392
f 2390/2390 2398/2398 2392/2392
f 2398/2398 2390/2390 2407/2407
f 2398/2398 2407/2407 2402/2402
f 2403/2403 2377/2377 2408/2408
f 2390/2390 2389/2389 2388/2388
f 2388/2388 2407/2407 2390/2390
f 2377/2377 2407/2407 2388/2388
f 2365/2365 2369/2369 2368/2368
f 2368/2368 2369/2369 2388/2388
f 2388/2388 2369/2369 2377/2377
f 2377/2377 2369/2369 2376/2376
f 2370/2370 2369/2369 2365/2365
f 2408/2408 2377/2377 2378/2378
f 2378/2378 2377/2377 2376/2376
f 2375/2375 2378/2378 2376/2376
f 2372/2372 2376/2376 2369/2369
f 2375/2375 2376/2376 2372/2372
f 2375/2375 2372/2372 2374/2374
f 2378/2378 2435/2435 2408/2408
f 2435/2435 2378/2378 2375/2375
f 2359/2359 2364/2364 2357/2357
f 2359/2359 2357/2357 2355/2355
f 2361/2361 2365/2365 2359/2359
f 2360/2360 2361/2361 2359/2359
f 2370/2370 2365/2365 2361/2361
f 2360/2360 2370/2370 2361/2361
f 2370/2370 2360/2360 2371/2371
f 2355/2355 2357/2357 2356/2356
f 2354/2354 2355/2355 2356/2356
f 2355/2355 2360/2360 2359/2359
f 2386/2386 2360/2360 2355/2355
f 2386/2386 2371/2371 2360/2360
f 2386/2386 2355/2355 2358/2358
f 2358/2358 2355/2355 2353/2353
f 2371/2371 2369/2369 2370/2370
f 2372/2372 2369/2369 2371/2371
f 2373/2373 2371/2371 2383/2383
f 2383/2383 2371/2371 2386/2386
f 2380/2380 2358/2358 2347/2347
f 2384/2384 2373/2373 2383/2383
f 2382/2382 2383/2383 2380/2380
f 2373/2373 2372/2372 2371/2371
f 2373/2373 2374/2374 2372/2372
f 2410/2410 2374/2374 2373/2373
f 2383/2383 2382/2382 2384/2384
f 2380/2380 2381/2381 2382/2382
f 2386/2386 2380/2380 2383/2383
f 2358/2358 2380/2380 2386/2386
f 2434/2434 2373/2373 2384/2384
f 2434/2434 2410/2410 2373/2373
f 2434/2434 2384/2384 2382/2382
f 2355/2355 2354/2354 2353/2353
f 2353/2353 2354/2354 2352/2352
f 2348/2348 2353/2353 2352/2352
f 2352/2352 2363/2363 2362/2362
f 2351/2351 2362/2362 2363/2363
f 2409/2409 2363/2363 2430/2430
f 2351/2351 2363/2363 2409/2409
f 2430/2430 2429/2429 2409/2409
f 2429/2429 2430/2430 2428/2428
f 2425/2425 2424/2424 2428/2428
f 2428/2428 2424/2424 2429/2429
f 2379/2379 2353/2353 2348/2348
f 2358/2358 2353/2353 2379/2379
f 2352/2352 2351/2351 2348/2348
f 2351/2351 2352/2352 2362/2362
f 2347/2347 2358/2358 2379/2379
f 2348/2348 2347/2347 2379/2379
f 2344/2344 2347/2347 2348/2348
f 2351/2351 2350/2350 2348/2348
f 2350/2350 2351/2351 2409/2409
f 2432/2432 2350/2350 2409/2409
f 2344/2344 2348/2348 2350/2350
f 2344/2344 2350/2350 2337/2337
f 2337/2337 2350/2350 2432/2432
f 2381/2381 2380/2380 2347/2347
f 2347/2347 2346/2346 2381/2381
f 2344/2344 2346/2346 2347/2347
f 2345/2345 2346/2346 2344/2344
f 2346/2346 2382/2382 2381/2381
f 2345/2345 2349/2349 2346/2346
f 2333/2333 2344/2344 2337/2337
f 2333/2333 2345/2345 2344/2344
f 2339/2339 2345/2345 2333/2333
f 2339/2339 2349/2349 2345/2345
f 2335/2335 2339/2339 2333/2333
f 2432/2432 2409/2409 2431/2431
f 2429/2429 2431/2431 2409/2409
f 2424/2424 2431/2431 2429/2429
f 2431/2431 2337/2337 2432/2432
f 2431/2431 2338/2338 2337/2337
f 2431/2431 2424/2424 2385/2385
f 2385/2385 2424/2424 2423/2423
f 2385/2385 2338/2338 2431/2431
f 2385/2385 2336/2336 2338/2338
f 2333/2333 2337/2337 2336/2336
f 2336/2336 2337/2337 2338/2338
f 2334/2334 2333/2333 2336/2336
f 2333/2333 2334/2334 2335/2335
f 2426/2426 2425/2425 2427/2427
f 2423/2423 2425/2425 2426/2426
f 2423/2423 2424/2424 2425/2425
f 2423/2423 2426/2426 2420/2420
f 2422/2422 2423/2423 2420/2420
f 2423/2423 2422/2422 2385/2385
f 2343/2343 2336/2336 2385/2385
f 2341/2341 2336/2336 2343/2343
f 2385/2385 2422/2422 2343/2343
f 2341/2341 2343/2343 2387/2387
f 2387/2387 2343/2343 2411/2411
f 2340/2340 2336/2336 2341/2341
f 2387/2387 2436/2436 2341/2341
f 2313/2313 2316/2316 2314/2314
f 2340/2340 2334/2334 2336/2336
f 2342/2342 2340/2340 2341/2341
f 2313/2313 2314/2314 2315/2315
f 2420/2420 2427/2427 2433/2433
f 2420/2420 2433/2433 2419/2419
f 2419/2419 2331/2331 2418/2418
f 2331/2331 2332/2332 2319/2319
f 2437/2437 2438/2438 2439/2439
f 2440/2440 2439/2439 2438/2438
f 2324/2324 2325/2325 2326/2326
f 2426/2426 2427/2427 2420/2420
f 2421/2421 2420/2420 2418/2418
f 2421/2421 2422/2422 2420/2420
f 2421/2421 2411/2411 2422/2422
f 2411/2411 2343/2343 2422/2422
f 2412/2412 2411/2411 2413/2413
f 2412/2412 2387/2387 2411/2411
f 2418/2418 2420/2420 2419/2419
f 2417/2417 2418/2418 2330/2330
f 2330/2330 2418/2418 2331/2331
f 2330/2330 2331/2331 2319/2319
f 2317/2317 2318/2318 2319/2319
f 2321/2321 2325/2325 2324/2324
f 2421/2421 2418/2418 2417/2417
f 2417/2417 2411/2411 2421/2421
f 2416/2416 2411/2411 2417/2417
f 2320/2320 2416/2416 2417/2417
f 2330/2330 2319/2319 2320/2320
f 2417/2417 2330/2330 2320/2320
f 2413/2413 2411/2411 2416/2416
f 2413/2413 2416/2416 2320/2320
f 2414/2414 2412/2412 2413/2413
f 2415/2415 2413/2413 2320/2320
f 2414/2414 2413/2413 2415/2415
f 2318/2318 2320/2320 2319/2319
f 2320/2320 2318/2318 2321/2321
f 2322/2322 2320/2320 2321/2321
f 2322/2322 2321/2321 2324/2324
f 2322/2322 2324/2324 2328/2328
f 2322/2322 2323/2323 2320/2320
f 2329/2329 2322/2322 2328/2328
f 2327/2327 2323/2323 2322/2322
f 2441/2441 2442/2442 2443/2443
f 2444/2444 2445/2445 2446/2446
f 2447/2447 2448/2448 2449/2449
f 2456/2456 2457/2457 2458/2458
f 2458/2458 2459/2459 2456/2456
f 2458/2458 2457/2457 2460/2460
f 2450/2450 2451/2451 2452/2452
f 2453/2453 2452/2452 2454/2454
f 2453/2453 2455/2455 2452/2452
f 2466/2466 2467/2467 2468/2468
f 2461/2461 2462/2462 2463/2463
f 2461/2461 2464/2464 2462/2462
f 2465/2465 2461/2461 2463/2463
f 2469/2469 2470/2470 2471/2471
f 2472/2472 2469/2469 2471/2471
f 2473/2473 2474/2474 2475/2475
f 2478/2478 2480/2480 2476/2476
f 2476/2476 2477/2477 2478/2478
f 2479/2479 2477/2477 2476/2476
f 2483/2483 2484/2484 2481/2481
f 2481/2481 2482/2482 2483/2483
f 2485/2485 2488/2488 2486/2486
f 2485/2485 2487/2487 2489/2489
f 2485/2485 2486/2486 2487/2487
f 2498/2498 2497/2497 2493/2493
f 2490/2490 2493/2493 2497/2497
f 2492/2492 2493/2493 2490/2490
f 2494/2494 2491/2491 2495/2495
f 2496/2496 2495/2495 2491/2491
f 2494/2494 2495/2495 2499/2499
f 2495/2495 2500/2500 2499/2499
f 2495/2495 2496/2496 2500/2500
f 2490/2490 2491/2491 2492/2492
f 2494/2494 2492/2492 2491/2491
f 2506/2506 2515/2515 2514/2514
f 2517/2517 2516/2516 2515/2515
f 2514/2514 2515/2515 2516/2516
f 2504/2504 2506/2506 2514/2514
f 2501/2501 2502/2502 2503/2503
f 2516/2516 2519/2519 2514/2514
f 2518/2518 2519/2519 2516/2516
f 2517/2517 2518/2518 2516/2516
f 2511/2511 2510/2510 2512/2512
f 2511/2511 2509/2509 2510/2510
f 2512/2512 2513/2513 2511/2511
f 2507/2507 2509/2509 2506/2506
f 2506/2506 2505/2505 2507/2507
f 2508/2508 2510/2510 2509/2509
f 2507/2507 2508/2508 2509/2509
f 2505/2505 2508/2508 2507/2507
f 2504/2504 2505/2505 2506/2506
f 2520/2520 2521/2521 2522/2522
f 2537/2537 2529/2529 2531/2531
f 2538/2538 2537/2537 2531/2531
f 2538/2538 2539/2539 2537/2537
f 2528/2528 2531/2531 2529/2529
f 2528/2528 2532/2532 2531/2531
f 2533/2533 2530/2530 2527/2527
f 2536/2536 2535/2535 2533/2533
f 2527/2527 2528/2528 2529/2529
f 2528/2528 2527/2527 2530/2530
f 2534/2534 2533/2533 2535/2535
f 2523/2523 2524/2524 2525/2525
f 2533/2533 2534/2534 2530/2530
f 2528/2528 2530/2530 2532/2532
f 2525/2525 2524/2524 2526/2526
f 2541/2541 2543/2543 2542/2542
f 2540/2540 2541/2541 2542/2542
f 2544/2544 2541/2541 2540/2540
f 2545/2545 2544/2544 2540/2540
f 2546/2546 2547/2547 2548/2548
f 2564/2564 2565/2565 2566/2566
f 2563/2563 2560/2560 2561/2561
f 2549/2549 2550/2550 2551/2551
f 2555/2555 2556/2556 2557/2557
f 2565/2565 2564/2564 2567/2567
f 2562/2562 2563/2563 2561/2561
f 2558/2558 2561/2561 2560/2560
f 2560/2560 2557/2557 2558/2558
f 2558/2558 2556/2556 2559/2559
f 2556/2556 2558/2558 2557/2557
f 2552/2552 2549/2549 2551/2551
f 2553/2553 2549/2549 2552/2552
f 2554/2554 2553/2553 2552/2552
f 2577/2577 2578/2578 2579/2579
f 2582/2582 2578/2578 2577/2577
f 2580/2580 2577/2577 2579/2579
f 2581/2581 2577/2577 2580/2580
f 2568/2568 2569/2569 2570/2570
f 2571/2571 2572/2572 2573/2573
f 2575/2575 2574/2574 2571/2571
f 2576/2576 2575/2575 2571/2571
f 2571/2571 2574/2574 2572/2572
f 2583/2583 2584/2584 2585/2585
f 2588/2588 2587/2587 2589/2589
f 2586/2586 2587/2587 2588/2588
f 2591/2591 2594/2594 2593/2593
f 2590/2590 2591/2591 2592/2592
f 2593/2593 2592/2592 2591/2591
f 2591/2591 2590/2590 2595/2595
f 2595/2595 2596/2596 2597/2597
f 2590/2590 2596/2596 2595/2595
f 2602/2602 2601/2601 2605/2605
f 2601/2601 2602/2602 2603/2603
f 2598/2598 2599/2599 2600/2600
f 2603/2603 2602/2602 2604/2604
f 2606/2606 2607/2607 2608/2608
f 2609/2609 2606/2606 2608/2608
f 2607/2607 2610/2610 2608/2608
f 2613/2613 2612/2612 2614/2614
f 2611/2611 2612/2612 2613/2613
f 2615/2615 2616/2616 2617/2617
f 2618/2618 2619/2619 2620/2620
f 2621/2621 2619/2619 2618/2618
f 2635/2635 2636/2636 2637/2637
f 2638/2638 2639/2639 2640/2640
f 2622/2622 2623/2623 2624/2624
f 2624/2624 2623/2623 2625/2625
f 2623/2623 2626/2626 2625/2625
f 2626/2626 2627/2627 2625/2625
f 2628/2628 2629/2629 2630/2630
f 2631/2631 2628/2628 2630/2630
f 2630/2630 2632/2632 2631/2631
f 2633/2633 2626/2626 2634/2634
f 2630/2630 2633/2633 2634/2634
f 2640/2640 2641/2641 2638/2638
f 2642/2642 2643/2643 2644/2644
f 2643/2643 2645/2645 2644/2644
f 2642/2642 2647/2647 2643/2643
f 2643/2643 2646/2646 2645/2645
f 2643/2643 2647/2647 2648/2648
f 2673/2673 2672/2672 2674/2674
f 2671/2671 2672/2672 2673/2673
f 2649/2649 2650/2650 2651/2651
f 2651/2651 2650/2650 2652/2652
f 2652/2652 2650/2650 2653/2653
f 2654/2654 2653/2653 2650/2650
f 2653/2653 2654/2654 2655/2655
f 2653/2653 2655/2655 2656/2656
f 2656/2656 2655/2655 2657/2657
f 2657/2657 2655/2655 2658/2658
f 2682/2682 2677/2677 2676/2676
f 2659/2659 2660/2660 2661/2661
f 2662/2662 2660/2660 2659/2659
f 2660/2660 2663/2663 2661/2661
f 2651/2651 2664/2664 2665/2665
f 2680/2680 2679/2679 2677/2677
f 2663/2663 2666/2666 2667/2667
f 2677/2677 2679/2679 2678/2678
f 2668/2668 2665/2665 2663/2663
f 2666/2666 2665/2665 2664/2664
f 2667/2667 2666/2666 2664/2664
f 2652/2652 2667/2667 2664/2664
f 2666/2666 2663/2663 2665/2665
f 2651/2651 2665/2665 2649/2649
f 2651/2651 2652/2652 2664/2664
f 2652/2652 2653/2653 2656/2656
f 2654/2654 2656/2656 2669/2669
f 2669/2669 2656/2656 2657/2657
f 2670/2670 2669/2669 2657/2657
f 2657/2657 2658/2658 2670/2670
f 2678/2678 2675/2675 2677/2677
f 2675/2675 2676/2676 2677/2677
f 2675/2675 2681/2681 2676/2676
f 2676/2676 2681/2681 2682/2682
f 2683/2683 2684/2684 2685/2685
f 2686/2686 2687/2687 2685/2685
f 2685/2685 2687/2687 2683/2683
f 2688/2688 2689/2689 2690/2690
f 2688/2688 2690/2690 2691/2691
f 2699/2699 2697/2697 2696/2696
f 2695/2695 2696/2696 2697/2697
f 2699/2699 2696/2696 2700/2700
f 2700/2700 2701/2701 2699/2699
f 2697/2697 2698/2698 2695/2695
f 2692/2692 2693/2693 2691/2691
f 2692/2692 2691/2691 2694/2694
f 2698/2698 2702/2702 2695/2695
f 2703/2703 2704/2704 2705/2705
f 2706/2706 2703/2703 2705/2705
f 2710/2710 2711/2711 2708/2708
f 2708/2708 2707/2707 2710/2710
f 2712/2712 2710/2710 2707/2707
f 2707/2707 2708/2708 2709/2709
f 2713/2713 2712/2712 2707/2707
f 2709/2709 2713/2713 2707/2707
f 2714/2714 2715/2715 2716/2716
f 2714/2714 2716/2716 2717/2717
f 2718/2718 2719/2719 2720/2720
f 2735/2735 2731/2731 2736/2736
f 2731/2731 2730/2730 2732/2732
f 2721/2721 2722/2722 2723/2723
f 2722/2722 2724/2724 2723/2723
f 2731/2731 2732/2732 2733/2733
f 2724/2724 2725/2725 2723/2723
f 2725/2725 2724/2724 2726/2726
f 2727/2727 2725/2725 2726/2726
f 2733/2733 2734/2734 2731/2731
f 2735/2735 2729/2729 2731/2731
f 2729/2729 2730/2730 2731/2731
f 2721/2721 2728/2728 2722/2722
f 2771/2771 2774/2774 2778/2778
f 2775/2775 2773/2773 2776/2776
f 2773/2773 2775/2775 2774/2774
f 2771/2771 2773/2773 2774/2774
f 2777/2777 2775/2775 2776/2776
f 2771/2771 2770/2770 2773/2773
f 2799/2799 2797/2797 2795/2795
f 2796/2796 2795/2795 2797/2797
f 2794/2794 2795/2795 2796/2796
f 2796/2796 2797/2797 2798/2798
f 2769/2769 2768/2768 2770/2770
f 2772/2772 2770/2770 2768/2768
f 2768/2768 2769/2769 2766/2766
f 2771/2771 2769/2769 2770/2770
f 2763/2763 2766/2766 2764/2764
f 2763/2763 2768/2768 2766/2766
f 2767/2767 2764/2764 2766/2766
f 2762/2762 2763/2763 2764/2764
f 2762/2762 2761/2761 2763/2763
f 2800/2800 2801/2801 2802/2802
f 2760/2760 2761/2761 2762/2762
f 2757/2757 2761/2761 2760/2760
f 2756/2756 2758/2758 2759/2759
f 2758/2758 2757/2757 2760/2760
f 2757/2757 2758/2758 2756/2756
f 2759/2759 2765/2765 2756/2756
f 2744/2744 2754/2754 2750/2750
f 2750/2750 2754/2754 2755/2755
f 2754/2754 2756/2756 2755/2755
f 2765/2765 2755/2755 2756/2756
f 2755/2755 2765/2765 2750/2750
f 2754/2754 2757/2757 2756/2756
f 2745/2745 2750/2750 2747/2747
f 2750/2750 2745/2745 2744/2744
f 2742/2742 2744/2744 2745/2745
f 2740/2740 2741/2741 2742/2742
f 2746/2746 2745/2745 2747/2747
f 2745/2745 2746/2746 2742/2742
f 2744/2744 2742/2742 2741/2741
f 2741/2741 2740/2740 2743/2743
f 2748/2748 2742/2742 2746/2746
f 2740/2740 2742/2742 2749/2749
f 2751/2751 2743/2743 2740/2740
f 2743/2743 2751/2751 2752/2752
f 2753/2753 2749/2749 2742/2742
f 2748/2748 2753/2753 2742/2742
f 2737/2737 2738/2738 2739/2739
f 2753/2753 2748/2748 2793/2793
f 2779/2779 2753/2753 2793/2793
f 2740/2740 2753/2753 2751/2751
f 2779/2779 2751/2751 2753/2753
f 2779/2779 2752/2752 2751/2751
f 2752/2752 2779/2779 2780/2780
f 2779/2779 2793/2793 2784/2784
f 2784/2784 2782/2782 2779/2779
f 2780/2780 2779/2779 2781/2781
f 2782/2782 2781/2781 2779/2779
f 2783/2783 2781/2781 2782/2782
f 2784/2784 2785/2785 2782/2782
f 2792/2792 2785/2785 2784/2784
f 2785/2785 2792/2792 2789/2789
f 2783/2783 2782/2782 2785/2785
f 2785/2785 2789/2789 2788/2788
f 2786/2786 2783/2783 2785/2785
f 2788/2788 2790/2790 2791/2791
f 2788/2788 2789/2789 2790/2790
f 2786/2786 2785/2785 2787/2787
f 2785/2785 2788/2788 2787/2787
f 2812/2812 2811/2811 2810/2810
f 2811/2811 2812/2812 2813/2813
f 2810/2810 2805/2805 2809/2809
f 2810/2810 2811/2811 2805/2805
f 2805/2805 2808/2808 2809/2809
f 2805/2805 2806/2806 2808/2808
f 2813/2813 2814/2814 2811/2811
f 2815/2815 2814/2814 2813/2813
f 2814/2814 2807/2807 2803/2803
f 2807/2807 2814/2814 2815/2815
f 2803/2803 2804/2804 2805/2805
f 2807/2807 2804/2804 2803/2803
f 2806/2806 2805/2805 2804/2804
f 2816/2816 2817/2817 2818/2818
f 2819/2819 2821/2821 2822/2822
f 2821/2821 2820/2820 2824/2824
f 2819/2819 2820/2820 2821/2821
f 2819/2819 2823/2823 2820/2820
f 2830/2830 2833/2833 2832/2832
f 2832/2832 2842/2842 2831/2831
f 2842/2842 2832/2832 2843/2843
f 2830/2830 2840/2840 2833/2833
f 2831/2831 2830/2830 2832/2832
f 2842/2842 2841/2841 2831/2831
f 2829/2829 2840/2840 2830/2830
f 2826/2826 2829/2829 2827/2827
f 2827/2827 2830/2830 2831/2831
f 2841/2841 2827/2827 2831/2831
f 2827/2827 2829/2829 2830/2830
f 2839/2839 2827/2827 2841/2841
f 2825/2825 2826/2826 2827/2827
f 2828/2828 2826/2826 2825/2825
f 2836/2836 2834/2834 2835/2835
f 2839/2839 2825/2825 2827/2827
f 2838/2838 2825/2825 2839/2839
f 2834/2834 2828/2828 2825/2825
f 2834/2834 2825/2825 2835/2835
f 2838/2838 2835/2835 2825/2825
f 2844/2844 2835/2835 2838/2838
f 2835/2835 2837/2837 2836/2836
f 2835/2835 2846/2846 2837/2837
f 2844/2844 2846/2846 2835/2835
f 2844/2844 2845/2845 2846/2846
f 2882/2882 2883/2883 2884/2884
f 2884/2884 2883/2883 2885/2885
f 2884/2884 2881/2881 2882/2882
f 2881/2881 2880/2880 2882/2882
f 2878/2878 2880/2880 2879/2879
f 2879/2879 2880/2880 2881/2881
f 2878/2878 2886/2886 2880/2880
f 2877/2877 2878/2878 2879/2879
f 2878/2878 2887/2887 2886/2886
f 2878/2878 2876/2876 2887/2887
f 2877/2877 2876/2876 2878/2878
f 2875/2875 2876/2876 2877/2877
f 2874/2874 2876/2876 2875/2875
f 2873/2873 2874/2874 2875/2875
f 2873/2873 2872/2872 2874/2874
f 2873/2873 2875/2875 2889/2889
f 2872/2872 2869/2869 2871/2871
f 2869/2869 2872/2872 2873/2873
f 2889/2889 2869/2869 2873/2873
f 2890/2890 2869/2869 2889/2889
f 2869/2869 2868/2868 2871/2871
f 2865/2865 2849/2849 2867/2867
f 2850/2850 2868/2868 2869/2869
f 2868/2868 2850/2850 2865/2865
f 2890/2890 2850/2850 2869/2869
f 2847/2847 2850/2850 2890/2890
f 2850/2850 2849/2849 2865/2865
f 2847/2847 2849/2849 2850/2850
f 2891/2891 2852/2852 2847/2847
f 2847/2847 2848/2848 2849/2849
f 2852/2852 2851/2851 2847/2847
f 2893/2893 2848/2848 2851/2851
f 2888/2888 2852/2852 2891/2891
f 2853/2853 2852/2852 2888/2888
f 2847/2847 2851/2851 2848/2848
f 2853/2853 2851/2851 2852/2852
f 2854/2854 2893/2893 2851/2851
f 2851/2851 2853/2853 2854/2854
f 2854/2854 2853/2853 2855/2855
f 2855/2855 2853/2853 2888/2888
f 2857/2857 2893/2893 2854/2854
f 2894/2894 2893/2893 2857/2857
f 2856/2856 2857/2857 2854/2854
f 2856/2856 2854/2854 2855/2855
f 2857/2857 2856/2856 2858/2858
f 2857/2857 2892/2892 2894/2894
f 2859/2859 2892/2892 2857/2857
f 2858/2858 2859/2859 2857/2857
f 2860/2860 2859/2859 2858/2858
f 2861/2861 2859/2859 2860/2860
f 2895/2895 2859/2859 2861/2861
f 2862/2862 2861/2861 2860/2860
f 2863/2863 2895/2895 2861/2861
f 2862/2862 2864/2864 2863/2863
f 2864/2864 2862/2862 2866/2866
f 2863/2863 2861/2861 2862/2862
f 2866/2866 2862/2862 2870/2870
f 2896/2896 2897/2897 2898/2898
f 2901/2901 2896/2896 2898/2898
f 2901/2901 2898/2898 2902/2902
f 2903/2903 2902/2902 2898/2898
f 2899/2899 2900/2900 2897/2897
f 2897/2897 2896/2896 2899/2899
f 2914/2914 2915/2915 2916/2916
f 2915/2915 2914/2914 2917/2917
f 2904/2904 2905/2905 2906/2906
f 2906/2906 2907/2907 2908/2908
f 2909/2909 2908/2908 2907/2907
f 2910/2910 2905/2905 2911/2911
f 2909/2909 2907/2907 2911/2911
f 2907/2907 2912/2912 2911/2911
f 2913/2913 2910/2910 2911/2911
f 2913/2913 2911/2911 2912/2912
f 2923/2923 2924/2924 2925/2925
f 2918/2918 2919/2919 2920/2920
f 2918/2918 2921/2921 2919/2919
f 2922/2922 2919/2919 2921/2921
f 2926/2926 2927/2927 2928/2928
f 2928/2928 2927/2927 2929/2929
f 2929/2929 2930/2930 2928/2928
f 2931/2931 2928/2928 2930/2930
f 2943/2943 2945/2945 2944/2944
f 2934/2934 2940/2940 2941/2941
f 2933/2933 2935/2935 2934/2934
f 2932/2932 2933/2933 2934/2934
f 2943/2943 2944/2944 2942/2942
f 2943/2943 2942/2942 2940/2940
f 2941/2941 2940/2940 2942/2942
f 2940/2940 2934/2934 2935/2935
f 2933/2933 2936/2936 2935/2935
f 2948/2948 2947/2947 2946/2946
f 2932/2932 2937/2937 2933/2933
f 2938/2938 2937/2937 2932/2932
f 2947/2947 2939/2939 2946/2946
f 2937/2937 2938/2938 2939/2939
f 2946/2946 2939/2939 2938/2938
f 2996/2996 2997/2997 2989/2989
f 2983/2983 2988/2988 2986/2986
f 2989/2989 2988/2988 2983/2983
f 2983/2983 2996/2996 2989/2989
f 2995/2995 2996/2996 2983/2983
f 2985/2985 2983/2983 2986/2986
f 2983/2983 2982/2982 2995/2995
f 2981/2981 2983/2983 2984/2984
f 2984/2984 2983/2983 2985/2985
f 2982/2982 2983/2983 2981/2981
f 2981/2981 2984/2984 2987/2987
f 2990/2990 2991/2991 2987/2987
f 2960/2960 2991/2991 2990/2990
f 2992/2992 2981/2981 2987/2987
f 2992/2992 2987/2987 2991/2991
f 2980/2980 2981/2981 2992/2992
f 2964/2964 2982/2982 2981/2981
f 2994/2994 2982/2982 2964/2964
f 2981/2981 2980/2980 2964/2964
f 2980/2980 2963/2963 2964/2964
f 2964/2964 2963/2963 2962/2962
f 2964/2964 2962/2962 2994/2994
f 2962/2962 2963/2963 2960/2960
f 2961/2961 2960/2960 2990/2990
f 2959/2959 2960/2960 2961/2961
f 2955/2955 2959/2959 2961/2961
f 2956/2956 2959/2959 2955/2955
f 2959/2959 2962/2962 2960/2960
f 2954/2954 2957/2957 2958/2958
f 2957/2957 2954/2954 2953/2953
f 2952/2952 2953/2953 2950/2950
f 2965/2965 2958/2958 2957/2957
f 2965/2965 2957/2957 2966/2966
f 2955/2955 2951/2951 2956/2956
f 2949/2949 2951/2951 2955/2955
f 2950/2950 2949/2949 2952/2952
f 2949/2949 2950/2950 2951/2951
f 2954/2954 2950/2950 2953/2953
f 2993/2993 2954/2954 2958/2958
f 2965/2965 2993/2993 2958/2958
f 2965/2965 2998/2998 2993/2993
f 2967/2967 2966/2966 2968/2968
f 2965/2965 2966/2966 2967/2967
f 2998/2998 2965/2965 2967/2967
f 2967/2967 3000/3000 2998/2998
f 2971/2971 2969/2969 2972/2972
f 2969/2969 2967/2967 2968/2968
f 2970/2970 2967/2967 2969/2969
f 2970/2970 3000/3000 2967/2967
f 3001/3001 3000/3000 2970/2970
f 2971/2971 2970/2970 2969/2969
f 2977/2977 2970/2970 2971/2971
f 2976/2976 2970/2970 2977/2977
f 3001/3001 2970/2970 2976/2976
f 2973/2973 2971/2971 2972/2972
f 2974/2974 2973/2973 2972/2972
f 2975/2975 2973/2973 2974/2974
f 2978/2978 2974/2974 2979/2979
f 2977/2977 2973/2973 2976/2976
f 2974/2974 2978/2978 2975/2975
f 2976/2976 2973/2973 2975/2975
f 2999/2999 3001/3001 2976/2976
f 2975/2975 2999/2999 2976/2976
f 2999/2999 2975/2975 2978/2978
f 3005/3005 3006/3006 3007/3007
f 3002/3002 3003/3003 3004/3004
f 3010/3010 3009/3009 3011/3011
f 3008/3008 3009/3009 3010/3010
f 3012/3012 3010/3010 3011/3011
f 3017/3017 3013/3013 3015/3015
f 3014/3014 3013/3013 3016/3016
f 3013/3013 3014/3014 3015/3015
f 3018/3018 3019/3019 3020/3020
f 3021/3021 3019/3019 3018/3018
f 3022/3022 3024/3024 3025/3025
f 3022/3022 3023/3023 3024/3024
f 3026/3026 3027/3027 3028/3028
f 3031/3031 3032/3032 3029/3029
f 3029/3029 3030/3030 3031/3031
f 3034/3034 3038/3038 3035/3035
f 3033/3033 3035/3035 3037/3037
f 3033/3033 3034/3034 3035/3035
f 3033/3033 3036/3036 3034/3034
f 3040/3040 3043/3043 3041/3041
f 3039/3039 3040/3040 3041/3041
f 3045/3045 3044/3044 3047/3047
f 3044/3044 3045/3045 3046/3046
f 3039/3039 3042/3042 3040/3040
f 3053/3053 3054/3054 3052/3052
f 3051/3051 3053/3053 3052/3052
f 3050/3050 3051/3051 3052/3052
f 3050/3050 3049/3049 3051/3051
f 3048/3048 3050/3050 3055/3055
f 3055/3055 3056/3056 3048/3048
f 3048/3048 3049/3049 3050/3050
f 3057/3057 3048/3048 3056/3056
f 3058/3058 3057/3057 3056/3056
f 3081/3081 3084/3084 3082/3082
f 3082/3082 3077/3077 3081/3081
f 3077/3077 3082/3082 3083/3083
f 3080/3080 3081/3081 3077/3077
f 3080/3080 3077/3077 3076/3076
f 3079/3079 3078/3078 3073/3073
f 3083/3083 3085/3085 3077/3077
f 3086/3086 3077/3077 3085/3085
f 3076/3076 3077/3077 3075/3075
f 3075/3075 3077/3077 3086/3086
f 3073/3073 3076/3076 3075/3075
f 3076/3076 3073/3073 3078/3078
f 3073/3073 3075/3075 3074/3074
f 3064/3064 3073/3073 3074/3074
f 3092/3092 3079/3079 3063/3063
f 3064/3064 3063/3063 3073/3073
f 3063/3063 3079/3079 3073/3073
f 3062/3062 3063/3063 3064/3064
f 3062/3062 3064/3064 3072/3072
f 3092/3092 3063/3063 3066/3066
f 3095/3095 3092/3092 3066/3066
f 3095/3095 3066/3066 3067/3067
f 3095/3095 3067/3067 3094/3094
f 3065/3065 3066/3066 3063/3063
f 3067/3067 3066/3066 3065/3065
f 3060/3060 3090/3090 3072/3072
f 3065/3065 3063/3063 3062/3062
f 3089/3089 3060/3060 3072/3072
f 3059/3059 3060/3060 3061/3061
f 3061/3061 3060/3060 3089/3089
f 3068/3068 3061/3061 3089/3089
f 3068/3068 3065/3065 3061/3061
f 3067/3067 3093/3093 3094/3094
f 3070/3070 3093/3093 3067/3067
f 3091/3091 3093/3093 3070/3070
f 3091/3091 3070/3070 3071/3071
f 3068/3068 3067/3067 3065/3065
f 3069/3069 3067/3067 3068/3068
f 3070/3070 3067/3067 3069/3069
f 3071/3071 3070/3070 3069/3069
f 3088/3088 3069/3069 3087/3087
f 3087/3087 3069/3069 3068/3068
f 3103/3103 3108/3108 3111/3111
f 3102/3102 3108/3108 3103/3103
f 3097/3097 3103/3103 3104/3104
f 3102/3102 3103/3103 3097/3097
f 3097/3097 3104/3104 3110/3110
f 3100/3100 3102/3102 3097/3097
f 3113/3113 3097/3097 3110/3110
f 3112/3112 3097/3097 3113/3113
f 3100/3100 3097/3097 3096/3096
f 3098/3098 3097/3097 3112/3112
f 3096/3096 3097/3097 3098/3098
f 3100/3100 3096/3096 3101/3101
f 3098/3098 3112/3112 3117/3117
f 3099/3099 3096/3096 3098/3098
f 3099/3099 3098/3098 3117/3117
f 3105/3105 3096/3096 3099/3099
f 3106/3106 3096/3096 3105/3105
f 3114/3114 3105/3105 3099/3099
f 3105/3105 3109/3109 3106/3106
f 3114/3114 3109/3109 3105/3105
f 3109/3109 3114/3114 3115/3115
f 3106/3106 3107/3107 3096/3096
f 3116/3116 3109/3109 3115/3115
f 3133/3133 3132/3132 3134/3134
f 3130/3130 3132/3132 3133/3133
f 3130/3130 3131/3131 3132/3132
f 3133/3133 3134/3134 3135/3135
f 3133/3133 3135/3135 3136/3136
f 3136/3136 3135/3135 3137/3137
f 3130/3130 3127/3127 3131/3131
f 3127/3127 3130/3130 3129/3129
f 3129/3129 3124/3124 3127/3127
f 3124/3124 3126/3126 3127/3127
f 3123/3123 3119/3119 3124/3124
f 3126/3126 3128/3128 3127/3127
f 3125/3125 3126/3126 3124/3124
f 3124/3124 3119/3119 3125/3125
f 3119/3119 3123/3123 3120/3120
f 3123/3123 3121/3121 3120/3120
f 3121/3121 3118/3118 3120/3120
f 3118/3118 3119/3119 3120/3120
f 3122/3122 3118/3118 3121/3121
f 3138/3138 3118/3118 3122/3122
f 3138/3138 3122/3122 3139/3139
f 3140/3140 3139/3139 3122/3122
f 3139/3139 3141/3141 3142/3142
f 3141/3141 3139/3139 3140/3140
f 3143/3143 3142/3142 3141/3141
f 3144/3144 3142/3142 3143/3143
f 3145/3145 3144/3144 3143/3143
f 3143/3143 3146/3146 3145/3145
f 3145/3145 3146/3146 3147/3147
f 3146/3146 3148/3148 3147/3147
f 3147/3147 3148/3148 3149/3149
f 3149/3149 3148/3148 3150/3150
f 3151/3151 3149/3149 3150/3150
f 3152/3152 3153/3153 3149/3149
f 3152/3152 3149/3149 3151/3151
f 3175/3175 3176/3176 3174/3174
f 3178/3178 3176/3176 3175/3175
f 3172/3172 3175/3175 3174/3174
f 3173/3173 3172/3172 3174/3174
f 3163/3163 3172/3172 3173/3173
f 3171/3171 3172/3172 3163/3163
f 3163/3163 3158/3158 3159/3159
f 3159/3159 3158/3158 3156/3156
f 3156/3156 3158/3158 3157/3157
f 3154/3154 3156/3156 3157/3157
f 3154/3154 3160/3160 3155/3155
f 3161/3161 3155/3155 3160/3160
f 3155/3155 3161/3161 3162/3162
f 3162/3162 3161/3161 3164/3164
f 3162/3162 3164/3164 3177/3177
f 3165/3165 3164/3164 3161/3161
f 3177/3177 3167/3167 3169/3169
f 3166/3166 3164/3164 3165/3165
f 3167/3167 3164/3164 3166/3166
f 3164/3164 3167/3167 3177/3177
f 3167/3167 3166/3166 3168/3168
f 3169/3169 3167/3167 3168/3168
f 3170/3170 3169/3169 3168/3168
f 3159/3159 3171/3171 3163/3163
f 3154/3154 3155/3155 3156/3156
f 3187/3187 3188/3188 3189/3189
f 3179/3179 3180/3180 3181/3181
f 3181/3181 3182/3182 3179/3179
f 3188/3188 3190/3190 3189/3189
f 3191/3191 3192/3192 3193/3193
f 3183/3183 3182/3182 3184/3184
f 3182/3182 3183/3183 3185/3185
f 3186/3186 3185/3185 3183/3183
f 3194/3194 3195/3195 3196/3196
f 3195/3195 3197/3197 3196/3196
f 3198/3198 3196/3196 3197/3197
f 3202/3202 3203/3203 3204/3204
f 3199/3199 3200/3200 3201/3201
f 3205/3205 3206/3206 3207/3207
f 3206/3206 3205/3205 3208/3208
f 3209/3209 3210/3210 3211/3211
f 3234/3234 3233/3233 3236/3236
f 3232/3232 3234/3234 3235/3235
f 3232/3232 3233/3233 3234/3234
f 3232/3232 3231/3231 3233/3233
f 3228/3228 3230/3230 3231/3231
f 3228/3228 3231/3231 3232/3232
f 3229/3229 3230/3230 3228/3228
f 3229/3229 3226/3226 3237/3237
f 3226/3226 3224/3224 3237/3237
f 3228/3228 3226/3226 3229/3229
f 3227/3227 3226/3226 3228/3228
f 3226/3226 3227/3227 3225/3225
f 3224/3224 3223/3223 3222/3222
f 3225/3225 3223/3223 3224/3224
f 3225/3225 3224/3224 3226/3226
f 3223/3223 3221/3221 3222/3222
f 3221/3221 3220/3220 3222/3222
f 3217/3217 3220/3220 3221/3221
f 3215/3215 3220/3220 3217/3217
f 3213/3213 3212/3212 3215/3215
f 3213/3213 3215/3215 3217/3217
f 3212/3212 3213/3213 3214/3214
f 3212/3212 3214/3214 3216/3216
f 3216/3216 3218/3218 3212/3212
f 3218/3218 3219/3219 3238/3238
f 3216/3216 3219/3219 3218/3218
f 3239/3239 3238/3238 3219/3219
f 3240/3240 3239/3239 3219/3219
f 3241/3241 3239/3239 3240/3240
f 3244/3244 3241/3241 3243/3243
f 3245/3245 3247/3247 3246/3246
f 3250/3250 3246/3246 3247/3247
f 3249/3249 3250/3250 3247/3247
f 3248/3248 3249/3249 3247/3247
f 3242/3242 3241/3241 3240/3240
f 3242/3242 3243/3243 3241/3241
f 3242/3242 3245/3245 3243/3243
f 3245/3245 3246/3246 3243/3243
f 3248/3248 3247/3247 3245/3245
f 3251/3251 3252/3252 3253/3253
f 3253/3253 3254/3254 3251/3251
f 3252/3252 3255/3255 3253/3253
f 3253/3253 3256/3256 3254/3254
f 3257/3257 3254/3254 3256/3256
f 3256/3256 3253/3253 3255/3255
f 3256/3256 3258/3258 3257/3257
f 3255/3255 3259/3259 3256/3256
f 3260/3260 3261/3261 3262/3262
f 3260/3260 3262/3262 3263/3263
f 3264/3264 3260/3260 3265/3265
f 3265/3265 3266/3266 3264/3264
f 3261/3261 3256/3256 3259/3259
f 3259/3259 3262/3262 3261/3261
f 3263/3263 3262/3262 3259/3259
f 3259/3259 3265/3265 3263/3263
f 3267/3267 3268/3268 3269/3269
f 3270/3270 3271/3271 3272/3272
f 3272/3272 3273/3273 3270/3270
f 3270/3270 3273/3273 3274/3274
f 3275/3275 3276/3276 3277/3277
f 3270/3270 3274/3274 3277/3277
f 3277/3277 3278/3278 3270/3270
f 3276/3276 3279/3279 3277/3277
f 3277/3277 3279/3279 3278/3278
f 3280/3280 3281/3281 3282/3282
f 3283/3283 3282/3282 3281/3281
f 3284/3284 3285/3285 3286/3286
f 3288/3288 3287/3287 3290/3290
f 3288/3288 3290/3290 3291/3291
f 3287/3287 3288/3288 3289/3289
f 3292/3292 3293/3293 3294/3294
f 3296/3296 3297/3297 3298/3298
f 3294/3294 3293/3293 3295/3295
f 3297/3297 3302/3302 3301/3301
f 3297/3297 3301/3301 3300/3300
f 3301/3301 3304/3304 3300/3300
f 3304/3304 3301/3301 3308/3308
f 3297/3297 3299/3299 3298/3298
f 3300/3300 3299/3299 3297/3297
f 3300/3300 3303/3303 3299/3299
f 3300/3300 3304/3304 3303/3303
f 3304/3304 3305/3305 3303/3303
f 3303/3303 3305/3305 3306/3306
f 3306/3306 3305/3305 3307/3307
f 3317/3317 3318/3318 3319/3319
f 3318/3318 3317/3317 3316/3316
f 3316/3316 3317/3317 3315/3315
f 3315/3315 3314/3314 3316/3316
f 3314/3314 3315/3315 3313/3313
f 3314/3314 3313/3313 3312/3312
f 3311/3311 3312/3312 3313/3313
f 3311/3311 3310/3310 3312/3312
f 3309/3309 3310/3310 3311/3311
f 3309/3309 3311/3311 3313/3313
f 3321/3321 3324/3324 3323/3323
f 3321/3321 3323/3323 3322/3322
f 3320/3320 3321/3321 3322/3322
f 3327/3327 3326/3326 3328/3328
f 3322/3322 3326/3326 3320/3320
f 3320/3320 3326/3326 3327/3327
f 3323/3323 3324/3324 3325/3325
f 3334/3334 3335/3335 3331/3331
f 3334/3334 3331/3331 3333/3333
f 3333/3333 3331/3331 3330/3330
f 3329/3329 3330/3330 3331/3331
f 3332/3332 3330/3330 3329/3329
f 3336/3336 3332/3332 3329/3329
f 3337/3337 3332/3332 3336/3336
f 3337/3337 3338/3338 3332/3332
f 3347/3347 3346/3346 3340/3340
f 3340/3340 3339/3339 3347/3347
f 3340/3340 3346/3346 3344/3344
f 3341/3341 3340/3340 3344/3344
f 3339/3339 3348/3348 3347/3347
f 3350/3350 3348/3348 3339/3339
f 3349/3349 3350/3350 3339/3339
f 3339/3339 3340/3340 3341/3341
f 3349/3349 3339/3339 3345/3345
f 3345/3345 3339/3339 3343/3343
f 3343/3343 3339/3339 3342/3342
f 3342/3342 3339/3339 3341/3341
f 3362/3362 3361/3361 3360/3360
f 3363/3363 3365/3365 3366/3366
f 3359/3359 3355/3355 3360/3360
f 3361/3361 3359/3359 3360/3360
f 3355/3355 3359/3359 3352/3352
f 3363/3363 3364/3364 3365/3365
f 3357/3357 3353/3353 3358/3358
f 3352/3352 3351/3351 3355/3355
f 3351/3351 3352/3352 3353/3353
f 3353/3353 3357/3357 3356/3356
f 3351/3351 3353/3353 3354/3354
f 3356/3356 3354/3354 3353/3353
f 3373/3373 3372/3372 3374/3374
f 3371/3371 3372/3372 3373/3373
f 3368/3368 3367/3367 3370/3370
f 3367/3367 3368/3368 3369/3369
f 3382/3382 3381/3381 3389/3389
f 3380/3380 3382/3382 3377/3377
f 3389/3389 3381/3381 3390/3390
f 3381/3381 3382/3382 3380/3380
f 3386/3386 3377/3377 3384/3384
f 3377/3377 3386/3386 3375/3375
f 3386/3386 3387/3387 3375/3375
f 3384/3384 3377/3377 3382/3382
f 3380/3380 3377/3377 3376/3376
f 3375/3375 3376/3376 3377/3377
f 3378/3378 3376/3376 3375/3375
f 3385/3385 3375/3375 3387/3387
f 3379/3379 3385/3385 3388/3388
f 3385/3385 3379/3379 3375/3375
f 3378/3378 3375/3375 3379/3379
f 3378/3378 3379/3379 3383/3383
f 3391/3391 3394/3394 3395/3395
f 3392/3392 3397/3397 3396/3396
f 3391/3391 3393/3393 3394/3394
f 3391/3391 3392/3392 3393/3393
f 3396/3396 3393/3393 3392/3392
f 3391/3391 3395/3395 3392/3392
f 3404/3404 3411/3411 3412/3412
f 3404/3404 3410/3410 3411/3411
f 3423/3423 3418/3418 3412/3412
f 3418/3418 3404/3404 3412/3412
f 3400/3400 3404/3404 3418/3418
f 3404/3404 3405/3405 3410/3410
f 3403/3403 3404/3404 3400/3400
f 3403/3403 3405/3405 3404/3404
f 3406/3406 3410/3410 3405/3405
f 3406/3406 3405/3405 3403/3403
f 3409/3409 3406/3406 3408/3408
f 3408/3408 3406/3406 3407/3407
f 3422/3422 3418/3418 3423/3423
f 3417/3417 3418/3418 3422/3422
f 3403/3403 3400/3400 3399/3399
f 3398/3398 3399/3399 3400/3400
f 3398/3398 3418/3418 3417/3417
f 3418/3418 3398/3398 3400/3400
f 3402/3402 3406/3406 3403/3403
f 3401/3401 3399/3399 3398/3398
f 3402/3402 3403/3403 3399/3399
f 3402/3402 3399/3399 3401/3401
f 3414/3414 3401/3401 3398/3398
f 3407/3407 3406/3406 3402/3402
f 3413/3413 3407/3407 3402/3402
f 3413/3413 3402/3402 3401/3401
f 3417/3417 3422/3422 3421/3421
f 3420/3420 3417/3417 3421/3421
f 3419/3419 3417/3417 3420/3420
f 3416/3416 3398/3398 3417/3417
f 3398/3398 3416/3416 3415/3415
f 3416/3416 3417/3417 3419/3419
f 3414/3414 3398/3398 3415/3415
f 3424/3424 3425/3425 3426/3426
f 3425/3425 3424/3424 3427/3427
f 3434/3434 3433/3433 3435/3435
f 3431/3431 3428/3428 3430/3430
f 3428/3428 3429/3429 3430/3430
f 3432/3432 3433/3433 3434/3434
f 3438/3438 3439/3439 3436/3436
f 3440/3440 3438/3438 3437/3437
f 3436/3436 3437/3437 3438/3438
f 3459/3459 3462/3462 3461/3461
f 3459/3459 3461/3461 3458/3458
f 3441/3441 3442/3442 3443/3443
f 3455/3455 3457/3457 3456/3456
f 3454/3454 3455/3455 3456/3456
f 3455/3455 3454/3454 3450/3450
f 3447/3447 3460/3460 3445/3445
f 3450/3450 3454/3454 3447/3447
f 3453/3453 3458/3458 3452/3452
f 3452/3452 3449/3449 3453/3453
f 3449/3449 3452/3452 3451/3451
f 3449/3449 3441/3441 3448/3448
f 3441/3441 3443/3443 3448/3448
f 3441/3441 3449/3449 3451/3451
f 3458/3458 3453/3453 3459/3459
f 3446/3446 3447/3447 3445/3445
f 3450/3450 3447/3447 3446/3446
f 3444/3444 3445/3445 3442/3442
f 3444/3444 3442/3442 3441/3441
f 3446/3446 3445/3445 3444/3444
f 3464/3464 3475/3475 3477/3477
f 3470/3470 3474/3474 3476/3476
f 3469/3469 3474/3474 3470/3470
f 3469/3469 3464/3464 3468/3468
f 3464/3464 3469/3469 3470/3470
f 3470/3470 3476/3476 3475/3475
f 3464/3464 3470/3470 3475/3475
f 3464/3464 3463/3463 3468/3468
f 3463/3463 3464/3464 3465/3465
f 3463/3463 3465/3465 3466/3466
f 3463/3463 3466/3466 3467/3467
f 3471/3471 3472/3472 3467/3467
f 3471/3471 3467/3467 3466/3466
f 3471/3471 3466/3466 3473/3473
f 3479/3479 3478/3478 3483/3483
f 3478/3478 3479/3479 3480/3480
f 3482/3482 3480/3480 3481/3481
f 3481/3481 3480/3480 3479/3479
f 3489/3489 3486/3486 3488/3488
f 3485/3485 3488/3488 3486/3486
f 3490/3490 3488/3488 3485/3485
f 3484/3484 3485/3485 3486/3486
f 3485/3485 3484/3484 3487/3487
f 3490/3490 3485/3485 3487/3487
f 3509/3509 3510/3510 3506/3506
f 3509/3509 3511/3511 3510/3510
f 3509/3509 3512/3512 3511/3511
f 3494/3494 3506/3506 3507/3507
f 3492/3492 3506/3506 3494/3494
f 3506/3506 3491/3491 3509/3509
f 3494/3494 3500/3500 3495/3495
f 3494/3494 3501/3501 3500/3500
f 3504/3504 3498/3498 3505/3505
f 3497/3497 3498/3498 3504/3504
f 3495/3495 3500/3500 3498/3498
f 3497/3497 3495/3495 3498/3498
f 3493/3493 3494/3494 3495/3495
f 3493/3493 3495/3495 3497/3497
f 3506/3506 3492/3492 3491/3491
f 3493/3493 3492/3492 3494/3494
f 3491/3491 3492/3492 3493/3493
f 3509/3509 3491/3491 3508/3508
f 3508/3508 3512/3512 3509/3509
f 3512/3512 3508/3508 3514/3514
f 3499/3499 3508/3508 3491/3491
f 3508/3508 3499/3499 3502/3502
f 3503/3503 3493/3493 3497/3497
f 3496/3496 3493/3493 3503/3503
f 3491/3491 3493/3493 3496/3496
f 3499/3499 3491/3491 3496/3496
f 3502/3502 3499/3499 3496/3496
f 3513/3513 3511/3511 3512/3512
f 3508/3508 3502/3502 3514/3514
f 3518/3518 3517/3517 3516/3516
f 3515/3515 3516/3516 3517/3517
f 3522/3522 3521/3521 3520/3520
f 3519/3519 3520/3520 3521/3521
f 3523/3523 3524/3524 3525/3525
f 3524/3524 3523/3523 3526/3526
f 3527/3527 3528/3528 3529/3529
f 3530/3530 3532/3532 3534/3534
f 3530/3530 3531/3531 3532/3532
f 3531/3531 3533/3533 3532/3532
f 3541/3541 3535/3535 3538/3538
f 3542/3542 3535/3535 3541/3541
f 3536/3536 3540/3540 3539/3539
f 3538/3538 3535/3535 3537/3537
f 3535/3535 3536/3536 3537/3537
f 3537/3537 3536/3536 3539/3539
f 3545/3545 3544/3544 3546/3546
f 3543/3543 3544/3544 3545/3545
f 3552/3552 3547/3547 3550/3550
f 3547/3547 3549/3549 3550/3550
f 3547/3547 3548/3548 3549/3549
f 3549/3549 3548/3548 3551/3551
f 3554/3554 3553/3553 3556/3556
f 3555/3555 3554/3554 3557/3557
f 3553/3553 3554/3554 3555/3555
f 3581/3581 3574/3574 3573/3573
f 3582/3582 3574/3574 3581/3581
f 3570/3570 3573/3573 3574/3574
f 3568/3568 3571/3571 3570/3570
f 3570/3570 3572/3572 3573/3573
f 3570/3570 3571/3571 3572/3572
f 3568/3568 3583/3583 3571/3571
f 3583/3583 3568/3568 3562/3562
f 3568/3568 3570/3570 3569/3569
f 3568/3568 3560/3560 3562/3562
f 3560/3560 3568/3568 3569/3569
f 3559/3559 3562/3562 3560/3560
f 3558/3558 3559/3559 3560/3560
f 3561/3561 3559/3559 3558/3558
f 3578/3578 3563/3563 3564/3564
f 3563/3563 3578/3578 3567/3567
f 3567/3567 3578/3578 3566/3566
f 3561/3561 3558/3558 3563/3563
f 3558/3558 3564/3564 3563/3563
f 3584/3584 3585/3585 3586/3586
f 3565/3565 3566/3566 3564/3564
f 3566/3566 3565/3565 3567/3567
f 3565/3565 3564/3564 3558/3558
f 3580/3580 3565/3565 3558/3558
f 3575/3575 3567/3567 3565/3565
f 3575/3575 3565/3565 3576/3576
f 3576/3576 3565/3565 3580/3580
f 3576/3576 3577/3577 3575/3575
f 3579/3579 3577/3577 3576/3576
f 3590/3590 3630/3630 3612/3612
f 3590/3590 3591/3591 3592/3592
f 3611/3611 3590/3590 3612/3612
f 3610/3610 3590/3590 3611/3611
f 3593/3593 3591/3591 3590/3590
f 3593/3593 3594/3594 3591/3591
f 3609/3609 3595/3595 3593/3593
f 3609/3609 3593/3593 3610/3610
f 3593/3593 3590/3590 3610/3610
f 3593/3593 3595/3595 3594/3594
f 3596/3596 3594/3594 3595/3595
f 3594/3594 3596/3596 3597/3597
f 3608/3608 3595/3595 3609/3609
f 3607/3607 3595/3595 3608/3608
f 3629/3629 3608/3608 3609/3609
f 3629/3629 3634/3634 3608/3608
f 3595/3595 3607/3607 3596/3596
f 3587/3587 3588/3588 3589/3589
f 3598/3598 3596/3596 3607/3607
f 3598/3598 3597/3597 3596/3596
f 3598/3598 3599/3599 3597/3597
f 3598/3598 3607/3607 3606/3606
f 3605/3605 3598/3598 3606/3606
f 3600/3600 3598/3598 3605/3605
f 3600/3600 3599/3599 3598/3598
f 3601/3601 3599/3599 3600/3600
f 3604/3604 3600/3600 3605/3605
f 3601/3601 3600/3600 3603/3603
f 3613/3613 3601/3601 3603/3603
f 3613/3613 3603/3603 3602/3602
f 3603/3603 3600/3600 3604/3604
f 3602/3602 3603/3603 3604/3604
f 3614/3614 3613/3613 3602/3602
f 3631/3631 3613/3613 3614/3614
f 3615/3615 3614/3614 3602/3602
f 3614/3614 3615/3615 3616/3616
f 3615/3615 3617/3617 3616/3616
f 3618/3618 3617/3617 3615/3615
f 3617/3617 3620/3620 3624/3624
f 3619/3619 3620/3620 3617/3617
f 3619/3619 3617/3617 3618/3618
f 3620/3620 3621/3621 3622/3622
f 3621/3621 3620/3620 3619/3619
f 3633/3633 3622/3622 3625/3625
f 3626/3626 3633/3633 3625/3625
f 3626/3626 3625/3625 3623/3623
f 3622/3622 3623/3623 3625/3625
f 3623/3623 3622/3622 3621/3621
f 3633/3633 3626/3626 3632/3632
f 3628/3628 3632/3632 3626/3626
f 3627/3627 3626/3626 3623/3623
f 3635/3635 3632/3632 3628/3628
f 3627/3627 3628/3628 3626/3626
f 3640/3640 3646/3646 3645/3645
f 3640/3640 3637/3637 3636/3636
f 3645/3645 3644/3644 3640/3640
f 3644/3644 3637/3637 3640/3640
f 3636/3636 3637/3637 3638/3638
f 3638/3638 3639/3639 3636/3636
f 3641/3641 3639/3639 3638/3638
f 3638/3638 3642/3642 3641/3641
f 3642/3642 3643/3643 3641/3641
f 3678/3678 3679/3679 3668/3668
f 3678/3678 3668/3668 3665/3665
f 3669/3669 3667/3667 3668/3668
f 3667/3667 3669/3669 3670/3670
f 3665/3665 3668/3668 3667/3667
f 3665/3665 3681/3681 3678/3678
f 3681/3681 3665/3665 3663/3663
f 3677/3677 3681/3681 3663/3663
f 3666/3666 3665/3665 3667/3667
f 3665/3665 3664/3664 3663/3663
f 3664/3664 3665/3665 3666/3666
f 3662/3662 3663/3663 3664/3664
f 3677/3677 3663/3663 3661/3661
f 3662/3662 3661/3661 3663/3663
f 3658/3658 3677/3677 3661/3661
f 3658/3658 3682/3682 3677/3677
f 3662/3662 3660/3660 3661/3661
f 3660/3660 3658/3658 3661/3661
f 3657/3657 3682/3682 3658/3658
f 3649/3649 3657/3657 3658/3658
f 3649/3649 3658/3658 3659/3659
f 3648/3648 3657/3657 3649/3649
f 3670/3670 3666/3666 3667/3667
f 3675/3675 3662/3662 3664/3664
f 3659/3659 3658/3658 3660/3660
f 3660/3660 3662/3662 3675/3675
f 3648/3648 3680/3680 3657/3657
f 3647/3647 3648/3648 3649/3649
f 3650/3650 3680/3680 3648/3648
f 3650/3650 3648/3648 3647/3647
f 3650/3650 3651/3651 3652/3652
f 3651/3651 3650/3650 3647/3647
f 3676/3676 3652/3652 3653/3653
f 3655/3655 3676/3676 3653/3653
f 3652/3652 3651/3651 3653/3653
f 3651/3651 3654/3654 3653/3653
f 3654/3654 3655/3655 3653/3653
f 3656/3656 3655/3655 3654/3654
f 3656/3656 3671/3671 3655/3655
f 3672/3672 3671/3671 3656/3656
f 3673/3673 3672/3672 3656/3656
f 3673/3673 3656/3656 3674/3674
f 3714/3714 3713/3713 3716/3716
f 3712/3712 3713/3713 3714/3714
f 3744/3744 3713/3713 3715/3715
f 3711/3711 3713/3713 3712/3712
f 3711/3711 3715/3715 3713/3713
f 3711/3711 3712/3712 3709/3709
f 3710/3710 3711/3711 3709/3709
f 3710/3710 3715/3715 3711/3711
f 3744/3744 3715/3715 3710/3710
f 3743/3743 3744/3744 3710/3710
f 3707/3707 3710/3710 3709/3709
f 3707/3707 3743/3743 3710/3710
f 3707/3707 3709/3709 3708/3708
f 3740/3740 3743/3743 3707/3707
f 3708/3708 3706/3706 3707/3707
f 3705/3705 3707/3707 3706/3706
f 3707/3707 3705/3705 3740/3740
f 3740/3740 3705/3705 3738/3738
f 3704/3704 3705/3705 3706/3706
f 3738/3738 3705/3705 3702/3702
f 3705/3705 3704/3704 3702/3702
f 3703/3703 3702/3702 3704/3704
f 3702/3702 3703/3703 3701/3701
f 3739/3739 3738/3738 3702/3702
f 3700/3700 3701/3701 3703/3703
f 3699/3699 3701/3701 3700/3700
f 3701/3701 3739/3739 3702/3702
f 3699/3699 3739/3739 3701/3701
f 3739/3739 3699/3699 3742/3742
f 3697/3697 3700/3700 3729/3729
f 3699/3699 3700/3700 3697/3697
f 3684/3684 3697/3697 3688/3688
f 3699/3699 3697/3697 3698/3698
f 3742/3742 3699/3699 3698/3698
f 3728/3728 3742/3742 3698/3698
f 3698/3698 3697/3697 3684/3684
f 3685/3685 3684/3684 3688/3688
f 3684/3684 3728/3728 3698/3698
f 3683/3683 3684/3684 3685/3685
f 3683/3683 3728/3728 3684/3684
f 3683/3683 3685/3685 3686/3686
f 3687/3687 3683/3683 3686/3686
f 3687/3687 3686/3686 3689/3689
f 3737/3737 3691/3691 3689/3689
f 3690/3690 3689/3689 3691/3691
f 3692/3692 3690/3690 3691/3691
f 3687/3687 3689/3689 3690/3690
f 3727/3727 3687/3687 3690/3690
f 3731/3731 3691/3691 3734/3734
f 3730/3730 3691/3691 3731/3731
f 3732/3732 3730/3730 3731/3731
f 3692/3692 3691/3691 3730/3730
f 3693/3693 3692/3692 3694/3694
f 3690/3690 3692/3692 3693/3693
f 3733/3733 3730/3730 3732/3732
f 3695/3695 3730/3730 3733/3733
f 3730/3730 3695/3695 3692/3692
f 3733/3733 3732/3732 3736/3736
f 3736/3736 3718/3718 3733/3733
f 3694/3694 3692/3692 3695/3695
f 3733/3733 3718/3718 3695/3695
f 3695/3695 3718/3718 3717/3717
f 3735/3735 3718/3718 3736/3736
f 3719/3719 3718/3718 3735/3735
f 3695/3695 3696/3696 3694/3694
f 3696/3696 3695/3695 3717/3717
f 3719/3719 3717/3717 3718/3718
f 3720/3720 3717/3717 3721/3721
f 3717/3717 3720/3720 3696/3696
f 3696/3696 3720/3720 3741/3741
f 3721/3721 3717/3717 3719/3719
f 3722/3722 3719/3719 3735/3735
f 3721/3721 3719/3719 3722/3722
f 3723/3723 3722/3722 3735/3735
f 3720/3720 3722/3722 3723/3723
f 3720/3720 3721/3721 3722/3722
f 3720/3720 3723/3723 3724/3724
f 3741/3741 3720/3720 3724/3724
f 3725/3725 3724/3724 3723/3723
f 3724/3724 3725/3725 3726/3726
f 3774/3774 3773/3773 3772/3772
f 3772/3772 3773/3773 3771/3771
f 3769/3769 3772/3772 3771/3771
f 3769/3769 3794/3794 3772/3772
f 3793/3793 3794/3794 3769/3769
f 3769/3769 3771/3771 3770/3770
f 3767/3767 3768/3768 3770/3770
f 3769/3769 3770/3770 3768/3768
f 3766/3766 3767/3767 3765/3765
f 3768/3768 3767/3767 3766/3766
f 3768/3768 3793/3793 3769/3769
f 3799/3799 3793/3793 3768/3768
f 3766/3766 3799/3799 3768/3768
f 3763/3763 3766/3766 3765/3765
f 3758/3758 3764/3764 3765/3765
f 3763/3763 3765/3765 3764/3764
f 3796/3796 3766/3766 3763/3763
f 3764/3764 3758/3758 3775/3775
f 3760/3760 3775/3775 3758/3758
f 3762/3762 3760/3760 3758/3758
f 3762/3762 3758/3758 3750/3750
f 3761/3761 3763/3763 3764/3764
f 3759/3759 3763/3763 3761/3761
f 3796/3796 3763/3763 3795/3795
f 3759/3759 3761/3761 3760/3760
f 3759/3759 3795/3795 3763/3763
f 3795/3795 3759/3759 3748/3748
f 3762/3762 3754/3754 3760/3760
f 3754/3754 3759/3759 3760/3760
f 3800/3800 3795/3795 3748/3748
f 3754/3754 3748/3748 3759/3759
f 3748/3748 3754/3754 3753/3753
f 3750/3750 3758/3758 3757/3757
f 3751/3751 3747/3747 3749/3749
f 3746/3746 3750/3750 3757/3757
f 3747/3747 3746/3746 3749/3749
f 3752/3752 3747/3747 3751/3751
f 3752/3752 3751/3751 3756/3756
f 3778/3778 3777/3777 3756/3756
f 3748/3748 3753/3753 3750/3750
f 3748/3748 3750/3750 3746/3746
f 3745/3745 3748/3748 3746/3746
f 3745/3745 3746/3746 3747/3747
f 3745/3745 3800/3800 3748/3748
f 3745/3745 3801/3801 3800/3800
f 3747/3747 3801/3801 3745/3745
f 3792/3792 3801/3801 3747/3747
f 3755/3755 3747/3747 3752/3752
f 3755/3755 3752/3752 3776/3776
f 3755/3755 3792/3792 3747/3747
f 3776/3776 3752/3752 3756/3756
f 3776/3776 3756/3756 3777/3777
f 3777/3777 3792/3792 3755/3755
f 3776/3776 3777/3777 3755/3755
f 3777/3777 3778/3778 3779/3779
f 3780/3780 3777/3777 3779/3779
f 3781/3781 3780/3780 3779/3779
f 3780/3780 3781/3781 3782/3782
f 3783/3783 3782/3782 3781/3781
f 3783/3783 3784/3784 3785/3785
f 3781/3781 3784/3784 3783/3783
f 3786/3786 3783/3783 3785/3785
f 3786/3786 3785/3785 3787/3787
f 3789/3789 3787/3787 3790/3790
f 3787/3787 3789/3789 3788/3788
f 3791/3791 3788/3788 3789/3789
f 3788/3788 3786/3786 3787/3787
f 3792/3792 3777/3777 3780/3780
f 3782/3782 3783/3783 3797/3797
f 3783/3783 3798/3798 3797/3797
f 3786/3786 3798/3798 3783/3783
f 3788/3788 3798/3798 3786/3786
f 3791/3791 3798/3798 3788/3788
f 3834/3834 3838/3838 3835/3835
f 3833/3833 3834/3834 3835/3835
f 3831/3831 3833/3833 3832/3832
f 3833/3833 3831/3831 3834/3834
f 3831/3831 3832/3832 3829/3829
f 3830/3830 3831/3831 3829/3829
f 3828/3828 3825/3825 3827/3827
f 3827/3827 3829/3829 3828/3828
f 3830/3830 3829/3829 3827/3827
f 3826/3826 3827/3827 3825/3825
f 3826/3826 3825/3825 3809/3809
f 3824/3824 3809/3809 3825/3825
f 3809/3809 3824/3824 3810/3810
f 3806/3806 3809/3809 3810/3810
f 3840/3840 3809/3809 3807/3807
f 3809/3809 3806/3806 3807/3807
f 3840/3840 3807/3807 3839/3839
f 3802/3802 3807/3807 3806/3806
f 3802/3802 3806/3806 3805/3805
f 3802/3802 3805/3805 3803/3803
f 3802/3802 3839/3839 3807/3807
f 3803/3803 3837/3837 3808/3808
f 3802/3802 3803/3803 3804/3804
f 3804/3804 3803/3803 3808/3808
f 3804/3804 3808/3808 3811/3811
f 3811/3811 3812/3812 3804/3804
f 3811/3811 3813/3813 3812/3812
f 3813/3813 3811/3811 3814/3814
f 3813/3813 3814/3814 3815/3815
f 3814/3814 3816/3816 3815/3815
f 3815/3815 3816/3816 3817/3817
f 3815/3815 3817/3817 3818/3818
f 3818/3818 3817/3817 3819/3819
f 3820/3820 3818/3818 3819/3819
f 3821/3821 3820/3820 3819/3819
f 3821/3821 3836/3836 3823/3823
f 3836/3836 3821/3821 3819/3819
f 3820/3820 3821/3821 3822/3822
f 3823/3823 3822/3822 3821/3821
f 3880/3880 3881/3881 3879/3879
f 3884/3884 3885/3885 3880/3880
f 3883/3883 3884/3884 3880/3880
f 3880/3880 3878/3878 3883/3883
f 3877/3877 3878/3878 3879/3879
f 3879/3879 3878/3878 3880/3880
f 3882/3882 3883/3883 3878/3878
f 3878/3878 3877/3877 3857/3857
f 3882/3882 3878/3878 3857/3857
f 3887/3887 3882/3882 3857/3857
f 3857/3857 3877/3877 3855/3855
f 3852/3852 3857/3857 3853/3853
f 3852/3852 3887/3887 3857/3857
f 3854/3854 3853/3853 3855/3855
f 3853/3853 3857/3857 3855/3855
f 3850/3850 3853/3853 3854/3854
f 3850/3850 3854/3854 3858/3858
f 3851/3851 3852/3852 3850/3850
f 3850/3850 3852/3852 3853/3853
f 3849/3849 3851/3851 3850/3850
f 3847/3847 3850/3850 3858/3858
f 3847/3847 3849/3849 3850/3850
f 3848/3848 3849/3849 3847/3847
f 3846/3846 3847/3847 3842/3842
f 3846/3846 3848/3848 3847/3847
f 3843/3843 3844/3844 3845/3845
f 3843/3843 3842/3842 3844/3844
f 3841/3841 3842/3842 3843/3843
f 3841/3841 3846/3846 3842/3842
f 3856/3856 3843/3843 3845/3845
f 3856/3856 3841/3841 3843/3843
f 3856/3856 3845/3845 3874/3874
f 3889/3889 3890/3890 3891/3891
f 3892/3892 3890/3890 3889/3889
f 3893/3893 3894/3894 3890/3890
f 3892/3892 3893/3893 3890/3890
f 3893/3893 3892/3892 3895/3895
f 3895/3895 3894/3894 3893/3893
f 3865/3865 3867/3867 3868/3868
f 3866/3866 3865/3865 3864/3864
f 3867/3867 3865/3865 3866/3866
f 3869/3869 3867/3867 3870/3870
f 3868/3868 3867/3867 3869/3869
f 3869/3869 3870/3870 3871/3871
f 3871/3871 3868/3868 3869/3869
f 3875/3875 3871/3871 3870/3870
f 3876/3876 3871/3871 3875/3875
f 3873/3873 3871/3871 3886/3886
f 3888/3888 3873/3873 3886/3886
f 3861/3861 3841/3841 3860/3860
f 3859/3859 3841/3841 3856/3856
f 3860/3860 3841/3841 3859/3859
f 3861/3861 3860/3860 3862/3862
f 3863/3863 3862/3862 3864/3864
f 3862/3862 3863/3863 3861/3861
f 3863/3863 3864/3864 3865/3865
f 3872/3872 3865/3865 3868/3868
f 3868/3868 3871/3871 3873/3873
f 3873/3873 3872/3872 3868/3868
f 3886/3886 3871/3871 3876/3876
f 3896/3896 3901/3901 3897/3897
f 3896/3896 3897/3897 3898/3898
f 3896/3896 3898/3898 3899/3899
f 3898/3898 3900/3900 3899/3899
f 3902/3902 3903/3903 3904/3904
f 3905/3905 3902/3902 3904/3904
f 3904/3904 3903/3903 3906/3906
f 3914/3914 3907/3907 3909/3909
f 3907/3907 3914/3914 3910/3910
f 3909/3909 3908/3908 3911/3911
f 3907/3907 3908/3908 3909/3909
f 3907/3907 3910/3910 3908/3908
f 3912/3912 3911/3911 3908/3908
f 3908/3908 3913/3913 3912/3912
f 3915/3915 3916/3916 3917/3917
f 3919/3919 3921/3921 3920/3920
f 3920/3920 3922/3922 3918/3918
f 3918/3918 3919/3919 3920/3920
f 3924/3924 3926/3926 3925/3925
f 3923/3923 3924/3924 3925/3925
f 3927/3927 3924/3924 3923/3923
f 3923/3923 3928/3928 3927/3927
f 3929/3929 3930/3930 3931/3931
f 3932/3932 3930/3930 3929/3929
f 3932/3932 3933/3933 3930/3930
f 3932/3932 3929/3929 3934/3934
f 3934/3934 3929/3929 3935/3935
f 3936/3936 3940/3940 3937/3937
f 3936/3936 3937/3937 3938/3938
f 3937/3937 3939/3939 3938/3938
f 3941/3941 3936/3936 3938/3938
f 3941/3941 3938/3938 3942/3942
f 3943/3943 3941/3941 3942/3942
f 3945/3945 3944/3944 3947/3947
f 3944/3944 3945/3945 3946/3946
f 3949/3949 3950/3950 3951/3951
f 3945/3945 3948/3948 3946/3946
f 3955/3955 3953/3953 3952/3952
f 3952/3952 3953/3953 3954/3954
f 3961/3961 3962/3962 3963/3963
f 3952/3952 3954/3954 3957/3957
f 3958/3958 3959/3959 3960/3960
f 3953/3953 3956/3956 3954/3954
f 3968/3968 3966/3966 3969/3969
f 3966/3966 3968/3968 3964/3964
f 3964/3964 3965/3965 3966/3966
f 3965/3965 3964/3964 3967/3967
f 3970/3970 3971/3971 3972/3972
f 3971/3971 3975/3975 3973/3973
f 3972/3972 3971/3971 3973/3973
f 3974/3974 3976/3976 3970/3970
f 3974/3974 3970/3970 3972/3972
f 3980/3980 3981/3981 3982/3982
f 3977/3977 3978/3978 3979/3979
f 3983/3983 3984/3984 3985/3985
f 3986/3986 3987/3987 3988/3988
f 3989/3989 3992/3992 3990/3990
f 3990/3990 3993/3993 3991/3991
f 3989/3989 3990/3990 3991/3991
f 3992/3992 3993/3993 3990/3990
f 3994/3994 3995/3995 3996/3996
f 3998/3998 3999/3999 4000/4000
f 3997/3997 3995/3995 3994/3994
f 4001/4001 4002/4002 4003/4003
f 4003/4003 4004/4004 4001/4001
f 4005/4005 4006/4006 4007/4007
f 4009/4009 4008/4008 4011/4011
f 4008/4008 4009/4009 4010/4010
f 4012/4012 4008/4008 4010/4010
f 4017/4017 4016/4016 4019/4019
f 4016/4016 4017/4017 4018/4018
f 4013/4013 4014/4014 4015/4015
f 4020/4020 4025/4025 4021/4021
f 4020/4020 4022/4022 4023/4023
f 4020/4020 4021/4021 4022/4022
f 4025/4025 4020/4020 4023/4023
f 4021/4021 4024/4024 4022/4022
f 4022/4022 4026/4026 4023/4023
f 4027/4027 4036/4036 4028/4028
f 4036/4036 4027/4027 4035/4035
f 4027/4027 4028/4028 4029/4029
f 4033/4033 4035/4035 4027/4027
f 4033/4033 4027/4027 4030/4030
f 4031/4031 4027/4027 4032/4032
f 4030/4030 4027/4027 4031/4031
f 4034/4034 4033/4033 4030/4030
f 4040/4040 4041/4041 4042/4042
f 4040/4040 4037/4037 4041/4041
f 4039/4039 4042/4042 4041/4041
f 4042/4042 4039/4039 4043/4043
f 4038/4038 4043/4043 4039/4039
f 4038/4038 4037/4037 4040/4040
f 4044/4044 4043/4043 4038/4038
f 4037/4037 4038/4038 4039/4039
f 4053/4053 4056/4056 4055/4055
f 4053/4053 4055/4055 4054/4054
f 4060/4060 4061/4061 4058/4058
f 4052/4052 4053/4053 4054/4054
f 4047/4047 4048/4048 4049/4049
f 4047/4047 4046/4046 4048/4048
f 4045/4045 4046/4046 4047/4047
f 4058/4058 4059/4059 4060/4060
f 4062/4062 4058/4058 4063/4063
f 4059/4059 4058/4058 4062/4062
f 4057/4057 4053/4053 4052/4052
f 4050/4050 4047/4047 4049/4049
f 4051/4051 4050/4050 4049/4049
f 4064/4064 4065/4065 4066/4066
f 4064/4064 4068/4068 4065/4065
f 4067/4067 4066/4066 4065/4065
f 4069/4069 4066/4066 4067/4067
f 4070/4070 4071/4071 4072/4072
f 4072/4072 4071/4071 4074/4074
f 4072/4072 4074/4074 4075/4075
f 4076/4076 4077/4077 4078/4078
f 4070/4070 4072/4072 4073/4073
f 4079/4079 4081/4081 4082/4082
f 4081/4081 4080/4080 4085/4085
f 4083/4083 4084/4084 4079/4079
f 4080/4080 4079/4079 4086/4086
f 4087/4087 4080/4080 4086/4086
f 4079/4079 4080/4080 4081/4081
f 4080/4080 4087/4087 4088/4088
f 4082/4082 4083/4083 4079/4079
f 4088/4088 4087/4087 4089/4089
f 4092/4092 4091/4091 4093/4093
f 4090/4090 4091/4091 4092/4092
f 4142/4142 4149/4149 4141/4141
f 4141/4141 4144/4144 4143/4143
f 4139/4139 4141/4141 4143/4143
f 4141/4141 4139/4139 4140/4140
f 4141/4141 4140/4140 4142/4142
f 4147/4147 4142/4142 4140/4140
f 4139/4139 4137/4137 4140/4140
f 4139/4139 4138/4138 4137/4137
f 4138/4138 4150/4150 4133/4133
f 4138/4138 4133/4133 4137/4137
f 4137/4137 4133/4133 4136/4136
f 4105/4105 4103/4103 4104/4104
f 4102/4102 4104/4104 4103/4103
f 4102/4102 4103/4103 4101/4101
f 4102/4102 4133/4133 4104/4104
f 4100/4100 4102/4102 4101/4101
f 4100/4100 4101/4101 4099/4099
f 4134/4134 4136/4136 4133/4133
f 4102/4102 4134/4134 4133/4133
f 4134/4134 4102/4102 4135/4135
f 4098/4098 4100/4100 4099/4099
f 4102/4102 4145/4145 4135/4135
f 4146/4146 4135/4135 4145/4145
f 4095/4095 4098/4098 4099/4099
f 4094/4094 4098/4098 4095/4095
f 4094/4094 4095/4095 4096/4096
f 4096/4096 4095/4095 4097/4097
f 4106/4106 4096/4096 4097/4097
f 4107/4107 4096/4096 4106/4106
f 4106/4106 4097/4097 4151/4151
f 4148/4148 4106/4106 4151/4151
f 4110/4110 4108/4108 4111/4111
f 4109/4109 4106/4106 4148/4148
f 4106/4106 4108/4108 4107/4107
f 4108/4108 4106/4106 4109/4109
f 4108/4108 4110/4110 4107/4107
f 4126/4126 4109/4109 4148/4148
f 4112/4112 4108/4108 4109/4109
f 4112/4112 4109/4109 4126/4126
f 4113/4113 4108/4108 4112/4112
f 4108/4108 4113/4113 4111/4111
f 4115/4115 4112/4112 4132/4132
f 4115/4115 4132/4132 4131/4131
f 4114/4114 4113/4113 4112/4112
f 4114/4114 4112/4112 4115/4115
f 4114/4114 4115/4115 4116/4116
f 4116/4116 4130/4130 4114/4114
f 4131/4131 4128/4128 4115/4115
f 4118/4118 4115/4115 4128/4128
f 4117/4117 4115/4115 4118/4118
f 4117/4117 4116/4116 4115/4115
f 4129/4129 4118/4118 4128/4128
f 4119/4119 4117/4117 4118/4118
f 4129/4129 4121/4121 4118/4118
f 4120/4120 4118/4118 4121/4121
f 4119/4119 4118/4118 4120/4120
f 4120/4120 4121/4121 4122/4122
f 4123/4123 4120/4120 4122/4122
f 4124/4124 4123/4123 4122/4122
f 4125/4125 4124/4124 4122/4122
f 4124/4124 4125/4125 4127/4127
f 4152/4152 4153/4153 4154/4154
f 4155/4155 4152/4152 4154/4154
f 4156/4156 4157/4157 4158/4158
f 4161/4161 4163/4163 4159/4159
f 4160/4160 4159/4159 4162/4162
f 4159/4159 4160/4160 4161/4161
f 4169/4169 4164/4164 4170/4170
f 4167/4167 4168/4168 4166/4166
f 4164/4164 4165/4165 4166/4166
f 4165/4165 4167/4167 4166/4166
f 4165/4165 4164/4164 4169/4169
f 4174/4174 4173/4173 4172/4172
f 4171/4171 4172/4172 4173/4173
f 4228/4228 4227/4227 4221/4221
f 4222/4222 4221/4221 4219/4219
f 4219/4219 4221/4221 4220/4220
f 4220/4220 4221/4221 4227/4227
f 4213/4213 4219/4219 4220/4220
f 4213/4213 4229/4229 4211/4211
f 4218/4218 4219/4219 4213/4213
f 4213/4213 4210/4210 4218/4218
f 4211/4211 4210/4210 4213/4213
f 4209/4209 4210/4210 4211/4211
f 4189/4189 4188/4188 4190/4190
f 4185/4185 4188/4188 4187/4187
f 4189/4189 4210/4210 4207/4207
f 4209/4209 4207/4207 4210/4210
f 4187/4187 4188/4188 4189/4189
f 4187/4187 4189/4189 4207/4207
f 4208/4208 4207/4207 4209/4209
f 4186/4186 4187/4187 4207/4207
f 4186/4186 4207/4207 4208/4208
f 4186/4186 4185/4185 4187/4187
f 4183/4183 4185/4185 4186/4186
f 4215/4215 4183/4183 4186/4186
f 4212/4212 4186/4186 4208/4208
f 4212/4212 4224/4224 4186/4186
f 4224/4224 4212/4212 4225/4225
f 4183/4183 4184/4184 4185/4185
f 4216/4216 4183/4183 4215/4215
f 4183/4183 4182/4182 4184/4184
f 4216/4216 4179/4179 4183/4183
f 4179/4179 4182/4182 4183/4183
f 4179/4179 4216/4216 4230/4230
f 4179/4179 4178/4178 4182/4182
f 4177/4177 4178/4178 4179/4179
f 4230/4230 4177/4177 4179/4179
f 4177/4177 4230/4230 4231/4231
f 4177/4177 4176/4176 4178/4178
f 4175/4175 4176/4176 4177/4177
f 4177/4177 4231/4231 4175/4175
f 4180/4180 4176/4176 4175/4175
f 4231/4231 4226/4226 4175/4175
f 4180/4180 4191/4191 4176/4176
f 4181/4181 4191/4191 4180/4180
f 4181/4181 4180/4180 4175/4175
f 4181/4181 4192/4192 4191/4191
f 4226/4226 4181/4181 4175/4175
f 4192/4192 4193/4193 4194/4194
f 4193/4193 4192/4192 4181/4181
f 4217/4217 4181/4181 4226/4226
f 4217/4217 4193/4193 4181/4181
f 4193/4193 4195/4195 4194/4194
f 4195/4195 4193/4193 4196/4196
f 4217/4217 4196/4196 4193/4193
f 4196/4196 4217/4217 4233/4233
f 4197/4197 4195/4195 4196/4196
f 4197/4197 4196/4196 4223/4223
f 4196/4196 4233/4233 4223/4223
f 4198/4198 4206/4206 4195/4195
f 4199/4199 4197/4197 4223/4223
f 4197/4197 4198/4198 4195/4195
f 4198/4198 4197/4197 4199/4199
f 4199/4199 4200/4200 4198/4198
f 4201/4201 4198/4198 4200/4200
f 4204/4204 4206/4206 4198/4198
f 4214/4214 4201/4201 4200/4200
f 4204/4204 4198/4198 4202/4202
f 4201/4201 4202/4202 4198/4198
f 4205/4205 4204/4204 4202/4202
f 4202/4202 4201/4201 4203/4203
f 4203/4203 4201/4201 4214/4214
f 4203/4203 4214/4214 4232/4232
f 4203/4203 4205/4205 4202/4202
f 4251/4251 4250/4250 4253/4253
f 4250/4250 4251/4251 4252/4252
f 4252/4252 4251/4251 4254/4254
f 4242/4242 4244/4244 4245/4245
f 4243/4243 4244/4244 4242/4242
f 4246/4246 4244/4244 4243/4243
f 4243/4243 4242/4242 4235/4235
f 4243/4243 4235/4235 4247/4247
f 4235/4235 4242/4242 4241/4241
f 4235/4235 4241/4241 4236/4236
f 4234/4234 4235/4235 4236/4236
f 4237/4237 4235/4235 4234/4234
f 4248/4248 4247/4247 4235/4235
f 4238/4238 4234/4234 4239/4239
f 4238/4238 4239/4239 4240/4240
f 4249/4249 4238/4238 4240/4240
f 4237/4237 4234/4234 4238/4238
f 4237/4237 4248/4248 4235/4235
f 4267/4267 4265/4265 4264/4264
f 4263/4263 4265/4265 4266/4266
f 4261/4261 4260/4260 4256/4256
f 4256/4256 4260/4260 4258/4258
f 4256/4256 4262/4262 4261/4261
f 4263/4263 4264/4264 4265/4265
f 4256/4256 4258/4258 4257/4257
f 4255/4255 4256/4256 4257/4257
f 4259/4259 4262/4262 4256/4256
f 4259/4259 4256/4256 4255/4255
f 4273/4273 4274/4274 4275/4275
f 4270/4270 4274/4274 4273/4273
f 4268/4268 4270/4270 4273/4273
f 4268/4268 4269/4269 4270/4270
f 4271/4271 4269/4269 4268/4268
f 4271/4271 4272/4272 4269/4269
f 4280/4280 4278/4278 4279/4279
f 4276/4276 4277/4277 4278/4278
f 4278/4278 4277/4277 4279/4279
f 4281/4281 4276/4276 4282/4282
f 4276/4276 4281/4281 4277/4277
f 4283/4283 4284/4284 4285/4285
f 4286/4286 4284/4284 4283/4283
f 4285/4285 4284/4284 4287/4287
f 4288/4288 4289/4289 4290/4290
f 4288/4288 4290/4290 4291/4291
f 4292/4292 4293/4293 4294/4294
f 4302/4302 4304/4304 4303/4303
f 4296/4296 4302/4302 4303/4303
f 4301/4301 4302/4302 4296/4296
f 4295/4295 4296/4296 4297/4297
f 4296/4296 4295/4295 4301/4301
f 4298/4298 4295/4295 4297/4297
f 4299/4299 4295/4295 4298/4298
f 4300/4300 4299/4299 4298/4298
f 4329/4329 4330/4330 4331/4331
f 4330/4330 4329/4329 4327/4327
f 4325/4325 4327/4327 4329/4329
f 4324/4324 4327/4327 4325/4325
f 4323/4323 4324/4324 4325/4325
f 4326/4326 4324/4324 4323/4323
f 4323/4323 4325/4325 4332/4332
f 4329/4329 4332/4332 4325/4325
f 4328/4328 4323/4323 4333/4333
f 4333/4333 4323/4323 4332/4332
f 4328/4328 4326/4326 4323/4323
f 4337/4337 4375/4375 4328/4328
f 4328/4328 4335/4335 4337/4337
f 4335/4335 4328/4328 4334/4334
f 4333/4333 4334/4334 4328/4328
f 4335/4335 4339/4339 4337/4337
f 4374/4374 4336/4336 4334/4334
f 4354/4354 4375/4375 4337/4337
f 4335/4335 4336/4336 4338/4338
f 4345/4345 4375/4375 4354/4354
f 4353/4353 4336/4336 4374/4374
f 4343/4343 4345/4345 4353/4353
f 4353/4353 4374/4374 4376/4376
f 4354/4354 4337/4337 4336/4336
f 4336/4336 4345/4345 4354/4354
f 4345/4345 4336/4336 4353/4353
f 4334/4334 4336/4336 4335/4335
f 4343/4343 4344/4344 4345/4345
f 4343/4343 4342/4342 4344/4344
f 4352/4352 4353/4353 4376/4376
f 4340/4340 4342/4342 4343/4343
f 4352/4352 4376/4376 4377/4377
f 4347/4347 4340/4340 4355/4355
f 4373/4373 4352/4352 4377/4377
f 4355/4355 4340/4340 4352/4352
f 4355/4355 4352/4352 4373/4373
f 4340/4340 4341/4341 4342/4342
f 4347/4347 4341/4341 4340/4340
f 4372/4372 4355/4355 4373/4373
f 4347/4347 4346/4346 4341/4341
f 4346/4346 4347/4347 4348/4348
f 4348/4348 4347/4347 4355/4355
f 4372/4372 4356/4356 4355/4355
f 4356/4356 4348/4348 4355/4355
f 4357/4357 4356/4356 4372/4372
f 4352/4352 4343/4343 4353/4353
f 4340/4340 4343/4343 4352/4352
f 4348/4348 4349/4349 4346/4346
f 4350/4350 4349/4349 4348/4348
f 4351/4351 4349/4349 4350/4350
f 4350/4350 4348/4348 4356/4356
f 4350/4350 4359/4359 4351/4351
f 4358/4358 4359/4359 4350/4350
f 4359/4359 4358/4358 4360/4360
f 4357/4357 4350/4350 4356/4356
f 4359/4359 4371/4371 4351/4351
f 4350/4350 4357/4357 4358/4358
f 4315/4315 4311/4311 4305/4305
f 4311/4311 4310/4310 4305/4305
f 4309/4309 4305/4305 4310/4310
f 4361/4361 4360/4360 4358/4358
f 4362/4362 4360/4360 4361/4361
f 4309/4309 4308/4308 4305/4305
f 4312/4312 4315/4315 4305/4305
f 4312/4312 4305/4305 4307/4307
f 4306/4306 4305/4305 4308/4308
f 4305/4305 4306/4306 4307/4307
f 4365/4365 4369/4369 4363/4363
f 4363/4363 4360/4360 4362/4362
f 4368/4368 4370/4370 4366/4366
f 4364/4364 4365/4365 4363/4363
f 4364/4364 4363/4363 4362/4362
f 4366/4366 4365/4365 4364/4364
f 4367/4367 4366/4366 4364/4364
f 4313/4313 4312/4312 4307/4307
f 4313/4313 4307/4307 4314/4314
f 4322/4322 4313/4313 4316/4316
f 4318/4318 4313/4313 4314/4314
f 4313/4313 4318/4318 4317/4317
f 4316/4316 4313/4313 4317/4317
f 4319/4319 4316/4316 4317/4317
f 4368/4368 4366/4366 4367/4367
f 4316/4316 4320/4320 4321/4321
f 4320/4320 4316/4316 4319/4319
f 4412/4412 4410/4410 4418/4418
f 4413/4413 4411/4411 4416/4416
f 4411/4411 4410/4410 4412/4412
f 4408/4408 4411/4411 4413/4413
f 4410/4410 4411/4411 4408/4408
f 4410/4410 4408/4408 4409/4409
f 4409/4409 4418/4418 4410/4410
f 4420/4420 4418/4418 4409/4409
f 4409/4409 4419/4419 4420/4420
f 4408/4408 4407/4407 4409/4409
f 4406/4406 4407/4407 4408/4408
f 4409/4409 4407/4407 4419/4419
f 4419/4419 4407/4407 4421/4421
f 4407/4407 4406/4406 4402/4402
f 4421/4421 4407/4407 4402/4402
f 4421/4421 4402/4402 4401/4401
f 4402/4402 4406/4406 4405/4405
f 4400/4400 4402/4402 4404/4404
f 4404/4404 4402/4402 4405/4405
f 4400/4400 4401/4401 4402/4402
f 4382/4382 4401/4401 4400/4400
f 4415/4415 4400/4400 4404/4404
f 4403/4403 4400/4400 4415/4415
f 4383/4383 4382/4382 4400/4400
f 4381/4381 4382/4382 4383/4383
f 4414/4414 4381/4381 4384/4384
f 4384/4384 4381/4381 4383/4383
f 4414/4414 4384/4384 4386/4386
f 4383/4383 4400/4400 4403/4403
f 4385/4385 4384/4384 4383/4383
f 4417/4417 4414/4414 4386/4386
f 4385/4385 4386/4386 4384/4384
f 4385/4385 4387/4387 4386/4386
f 4388/4388 4387/4387 4385/4385
f 4386/4386 4387/4387 4417/4417
f 4390/4390 4417/4417 4387/4387
f 4390/4390 4387/4387 4389/4389
f 4389/4389 4387/4387 4388/4388
f 4390/4390 4389/4389 4391/4391
f 4391/4391 4389/4389 4392/4392
f 4380/4380 4394/4394 4391/4391
f 4380/4380 4391/4391 4392/4392
f 4398/4398 4394/4394 4380/4380
f 4397/4397 4394/4394 4398/4398
f 4393/4393 4380/4380 4392/4392
f 4397/4397 4398/4398 4378/4378
f 4378/4378 4379/4379 4380/4380
f 4378/4378 4380/4380 4393/4393
f 4397/4397 4378/4378 4396/4396
f 4393/4393 4395/4395 4378/4378
f 4395/4395 4396/4396 4378/4378
f 4396/4396 4395/4395 4399/4399
f 4450/4450 4448/4448 4449/4449
f 4448/4448 4447/4447 4449/4449
f 4446/4446 4447/4447 4448/4448
f 4444/4444 4447/4447 4446/4446
f 4444/4444 4446/4446 4445/4445
f 4442/4442 4444/4444 4445/4445
f 4443/4443 4444/4444 4442/4442
f 4440/4440 4442/4442 4441/4441
f 4440/4440 4443/4443 4442/4442
f 4437/4437 4440/4440 4441/4441
f 4437/4437 4438/4438 4440/4440
f 4437/4437 4425/4425 4438/4438
f 4422/4422 4424/4424 4425/4425
f 4422/4422 4425/4425 4437/4437
f 4422/4422 4423/4423 4424/4424
f 4426/4426 4423/4423 4422/4422
f 4426/4426 4427/4427 4423/4423
f 4427/4427 4428/4428 4423/4423
f 4439/4439 4427/4427 4426/4426
f 4430/4430 4427/4427 4439/4439
f 4429/4429 4428/4428 4427/4427
f 4430/4430 4429/4429 4427/4427
f 4431/4431 4429/4429 4430/4430
f 4431/4431 4430/4430 4432/4432
f 4433/4433 4431/4431 4432/4432
f 4434/4434 4433/4433 4432/4432
f 4435/4435 4433/4433 4434/4434
f 4436/4436 4435/4435 4434/4434
f 4476/4476 4487/4487 4474/4474
f 4475/4475 4476/4476 4474/4474
f 4476/4476 4499/4499 4487/4487
f 4473/4473 4478/4478 4477/4477
f 4486/4486 4474/4474 4487/4487
f 4473/4473 4475/4475 4474/4474
f 4486/4486 4484/4484 4474/4474
f 4471/4471 4473/4473 4474/4474
f 4477/4477 4475/4475 4473/4473
f 4472/4472 4473/4473 4471/4471
f 4471/4471 4474/4474 4484/4484
f 4469/4469 4484/4484 4483/4483
f 4482/4482 4469/4469 4483/4483
f 4463/4463 4469/4469 4482/4482
f 4484/4484 4469/4469 4471/4471
f 4470/4470 4472/4472 4471/4471
f 4469/4469 4470/4470 4471/4471
f 4462/4462 4463/4463 4482/4482
f 4461/4461 4463/4463 4462/4462
f 4461/4461 4469/4469 4463/4463
f 4470/4470 4469/4469 4461/4461
f 4462/4462 4485/4485 4454/4454
f 4488/4488 4454/4454 4485/4485
f 4454/4454 4461/4461 4462/4462
f 4452/4452 4461/4461 4454/4454
f 4452/4452 4454/4454 4453/4453
f 4454/4454 4488/4488 4498/4498
f 4451/4451 4452/4452 4453/4453
f 4455/4455 4452/4452 4451/4451
f 4456/4456 4455/4455 4451/4451
f 4457/4457 4456/4456 4451/4451
f 4458/4458 4457/4457 4459/4459
f 4458/4458 4456/4456 4457/4457
f 4458/4458 4459/4459 4460/4460
f 4464/4464 4458/4458 4460/4460
f 4464/4464 4481/4481 4458/4458
f 4481/4481 4464/4464 4480/4480
f 4480/4480 4464/4464 4466/4466
f 4479/4479 4465/4465 4460/4460
f 4465/4465 4464/4464 4460/4460
f 4466/4466 4464/4464 4465/4465
f 4467/4467 4466/4466 4465/4465
f 4468/4468 4465/4465 4479/4479
f 4496/4496 4494/4494 4497/4497
f 4493/4493 4494/4494 4496/4496
f 4493/4493 4490/4490 4494/4494
f 4490/4490 4495/4495 4494/4494
f 4492/4492 4490/4490 4493/4493
f 4490/4490 4468/4468 4495/4495
f 4491/4491 4490/4490 4492/4492
f 4489/4489 4490/4490 4491/4491
f 4467/4467 4465/4465 4468/4468
f 4489/4489 4468/4468 4490/4490
f 4489/4489 4467/4467 4468/4468
f 4500/4500 4503/4503 4501/4501
f 4504/4504 4503/4503 4500/4500
f 4500/4500 4501/4501 4502/4502
f 4501/4501 4505/4505 4502/4502
f 4502/4502 4505/4505 4506/4506
f 4507/4507 4508/4508 4509/4509
f 4510/4510 4508/4508 4507/4507
f 4512/4512 4507/4507 4511/4511
f 4511/4511 4507/4507 4509/4509
f 4525/4525 4524/4524 4523/4523
f 4522/4522 4523/4523 4524/4524
f 4519/4519 4518/4518 4517/4517
f 4517/4517 4518/4518 4513/4513
f 4513/4513 4515/4515 4517/4517
f 4513/4513 4516/4516 4514/4514
f 4513/4513 4514/4514 4515/4515
f 4520/4520 4514/4514 4516/4516
f 4514/4514 4521/4521 4515/4515
f 4526/4526 4527/4527 4528/4528
f 4529/4529 4527/4527 4526/4526
f 4532/4532 4531/4531 4535/4535
f 4530/4530 4531/4531 4532/4532
f 4536/4536 4532/4532 4535/4535
f 4538/4538 4539/4539 4540/4540
f 4530/4530 4533/4533 4531/4531
f 4534/4534 4532/4532 4536/4536
f 4530/4530 4532/4532 4534/4534
f 4536/4536 4537/4537 4534/4534
f 4544/4544 4545/4545 4541/4541
f 4541/4541 4543/4543 4544/4544
f 4541/4541 4542/4542 4543/4543
f 4546/4546 4547/4547 4543/4543
f 4549/4549 4541/4541 4545/4545
f 4546/4546 4543/4543 4542/4542
f 4541/4541 4549/4549 4542/4542
f 4546/4546 4548/4548 4547/4547
f 4556/4556 4559/4559 4558/4558
f 4550/4550 4556/4556 4558/4558
f 4552/4552 4556/4556 4550/4550
f 4553/4553 4552/4552 4551/4551
f 4550/4550 4551/4551 4552/4552
f 4553/4553 4554/4554 4552/4552
f 4560/4560 4554/4554 4553/4553
f 4555/4555 4556/4556 4552/4552
f 4554/4554 4555/4555 4552/4552
f 4561/4561 4555/4555 4554/4554
f 4555/4555 4561/4561 4562/4562
f 4564/4564 4565/4565 4566/4566
f 4556/4556 4555/4555 4557/4557
f 4562/4562 4561/4561 4563/4563
f 4570/4570 4569/4569 4572/4572
f 4568/4568 4573/4573 4569/4569
f 4569/4569 4573/4573 4574/4574
f 4567/4567 4568/4568 4569/4569
f 4569/4569 4570/4570 4567/4567
f 4568/4568 4567/4567 4571/4571
f 4579/4579 4582/4582 4580/4580
f 4586/4586 4587/4587 4588/4588
f 4583/4583 4584/4584 4585/4585
f 4579/4579 4580/4580 4581/4581
f 4578/4578 4575/4575 4577/4577
f 4575/4575 4576/4576 4577/4577
f 4593/4593 4591/4591 4592/4592
f 4590/4590 4592/4592 4591/4591
f 4589/4589 4590/4590 4591/4591
f 4595/4595 4596/4596 4597/4597
f 4589/4589 4591/4591 4594/4594
f 4598/4598 4599/4599 4600/4600
f 4599/4599 4601/4601 4600/4600
f 4602/4602 4603/4603 4604/4604
f 4603/4603 4605/4605 4604/4604
f 4606/4606 4602/4602 4604/4604
f 4602/4602 4606/4606 4607/4607
f 4608/4608 4609/4609 4610/4610
f 4611/4611 4614/4614 4612/4612
f 4611/4611 4612/4612 4613/4613
f 4615/4615 4616/4616 4617/4617
f 4616/4616 4615/4615 4618/4618
f 4627/4627 4629/4629 4628/4628
f 4627/4627 4628/4628 4626/4626
f 4615/4615 4627/4627 4626/4626
f 4625/4625 4615/4615 4626/4626
f 4618/4618 4615/4615 4625/4625
f 4616/4616 4619/4619 4617/4617
f 4623/4623 4620/4620 4619/4619
f 4620/4620 4617/4617 4619/4619
f 4617/4617 4620/4620 4621/4621
f 4621/4621 4620/4620 4622/4622
f 4617/4617 4624/4624 4615/4615
f 4621/4621 4624/4624 4617/4617
f 4630/4630 4615/4615 4624/4624
f 4667/4667 4668/4668 4669/4669
f 4640/4640 4641/4641 4636/4636
f 4644/4644 4642/4642 4643/4643
f 4641/4641 4642/4642 4639/4639
f 4641/4641 4643/4643 4642/4642
f 4639/4639 4636/4636 4641/4641
f 4638/4638 4636/4636 4639/4639
f 4637/4637 4636/4636 4638/4638
f 4654/4654 4665/4665 4640/4640
f 4634/4634 4660/4660 4654/4654
f 4636/4636 4634/4634 4654/4654
f 4633/4633 4636/4636 4637/4637
f 4636/4636 4633/4633 4634/4634
f 4636/4636 4654/4654 4640/4640
f 4666/4666 4660/4660 4632/4632
f 4660/4660 4634/4634 4632/4632
f 4645/4645 4632/4632 4631/4631
f 4664/4664 4645/4645 4647/4647
f 4632/4632 4634/4634 4633/4633
f 4631/4631 4632/4632 4633/4633
f 4631/4631 4633/4633 4635/4635
f 4635/4635 4645/4645 4631/4631
f 4646/4646 4647/4647 4645/4645
f 4646/4646 4635/4635 4648/4648
f 4646/4646 4645/4645 4635/4635
f 4646/4646 4648/4648 4649/4649
f 4658/4658 4664/4664 4647/4647
f 4658/4658 4657/4657 4659/4659
f 4657/4657 4658/4658 4647/4647
f 4647/4647 4650/4650 4657/4657
f 4659/4659 4657/4657 4655/4655
f 4647/4647 4646/4646 4650/4650
f 4659/4659 4653/4653 4661/4661
f 4659/4659 4655/4655 4653/4653
f 4651/4651 4653/4653 4655/4655
f 4662/4662 4663/4663 4661/4661
f 4662/4662 4661/4661 4653/4653
f 4652/4652 4653/4653 4651/4651
f 4650/4650 4649/4649 4651/4651
f 4649/4649 4652/4652 4651/4651
f 4650/4650 4646/4646 4649/4649
f 4648/4648 4656/4656 4649/4649
f 4670/4670 4671/4671 4672/4672
f 4704/4704 4703/4703 4699/4699
f 4697/4697 4695/4695 4701/4701
f 4696/4696 4697/4697 4698/4698
f 4697/4697 4696/4696 4695/4695
f 4695/4695 4702/4702 4701/4701
f 4694/4694 4695/4695 4696/4696
f 4693/4693 4695/4695 4694/4694
f 4707/4707 4708/4708 4709/4709
f 4703/4703 4700/4700 4699/4699
f 4698/4698 4699/4699 4696/4696
f 4696/4696 4699/4699 4700/4700
f 4700/4700 4694/4694 4696/4696
f 4677/4677 4674/4674 4673/4673
f 4695/4695 4693/4693 4702/4702
f 4693/4693 4694/4694 4675/4675
f 4675/4675 4692/4692 4693/4693
f 4692/4692 4675/4675 4676/4676
f 4674/4674 4676/4676 4675/4675
f 4673/4673 4674/4674 4675/4675
f 4678/4678 4673/4673 4688/4688
f 4691/4691 4686/4686 4675/4675
f 4675/4675 4686/4686 4673/4673
f 4688/4688 4673/4673 4686/4686
f 4684/4684 4677/4677 4680/4680
f 4678/4678 4677/4677 4673/4673
f 4677/4677 4678/4678 4679/4679
f 4680/4680 4679/4679 4681/4681
f 4680/4680 4681/4681 4687/4687
f 4679/4679 4682/4682 4681/4681
f 4683/4683 4682/4682 4679/4679
f 4682/4682 4683/4683 4685/4685
f 4680/4680 4677/4677 4679/4679
f 4683/4683 4679/4679 4689/4689
f 4684/4684 4680/4680 4687/4687
f 4690/4690 4679/4679 4678/4678
f 4690/4690 4678/4678 4705/4705
f 4678/4678 4688/4688 4706/4706
f 4705/4705 4678/4678 4706/4706
f 4690/4690 4689/4689 4679/4679
f 4705/4705 4689/4689 4690/4690
f 4711/4711 4713/4713 4712/4712
f 4715/4715 4716/4716 4717/4717
f 4710/4710 4711/4711 4712/4712
f 4714/4714 4710/4710 4712/4712
f 4721/4721 4723/4723 4722/4722
f 4727/4727 4718/4718 4726/4726
f 4718/4718 4727/4727 4719/4719
f 4718/4718 4719/4719 4720/4720
f 4720/4720 4721/4721 4718/4718
f 4718/4718 4721/4721 4722/4722
f 4728/4728 4726/4726 4725/4725
f 4725/4725 4726/4726 4718/4718
f 4724/4724 4725/4725 4718/4718
f 4724/4724 4718/4718 4722/4722
f 4729/4729 4730/4730 4731/4731
f 4733/4733 4734/4734 4735/4735
f 4731/4731 4732/4732 4729/4729
f 4734/4734 4736/4736 4735/4735
f 4748/4748 4749/4749 4750/4750
f 4748/4748 4752/4752 4749/4749
f 4749/4749 4751/4751 4750/4750
f 4737/4737 4738/4738 4739/4739
f 4740/4740 4739/4739 4738/4738
f 4741/4741 4740/4740 4738/4738
f 4740/4740 4741/4741 4742/4742
f 4743/4743 4744/4744 4745/4745
f 4744/4744 4743/4743 4746/4746
f 4743/4743 4747/4747 4746/4746
f 4746/4746 4741/4741 4744/4744
f 4742/4742 4741/4741 4746/4746
f 4746/4746 4747/4747 4742/4742
f 4753/4753 4754/4754 4755/4755
f 4755/4755 4754/4754 4756/4756
f 4767/4767 4768/4768 4769/4769
f 4767/4767 4770/4770 4768/4768
f 4757/4757 4758/4758 4759/4759
f 4760/4760 4757/4757 4759/4759
f 4761/4761 4762/4762 4763/4763
f 4761/4761 4764/4764 4762/4762
f 4765/4765 4762/4762 4764/4764
f 4765/4765 4763/4763 4762/4762
f 4764/4764 4766/4766 4765/4765
f 4771/4771 4772/4772 4773/4773
f 4771/4771 4773/4773 4774/4774
f 4775/4775 4774/4774 4773/4773
f 4773/4773 4776/4776 4775/4775
f 4788/4788 4798/4798 4787/4787
f 4788/4788 4787/4787 4780/4780
f 4788/4788 4793/4793 4800/4800
f 4793/4793 4788/4788 4780/4780
f 4787/4787 4804/4804 4781/4781
f 4807/4807 4797/4797 4806/4806
f 4804/4804 4792/4792 4781/4781
f 4782/4782 4805/4805 4806/4806
f 4792/4792 4805/4805 4782/4782
f 4782/4782 4797/4797 4783/4783
f 4797/4797 4782/4782 4806/4806
f 4783/4783 4797/4797 4807/4807
f 4799/4799 4783/4783 4807/4807
f 4781/4781 4792/4792 4782/4782
f 4777/4777 4780/4780 4781/4781
f 4777/4777 4781/4781 4782/4782
f 4781/4781 4780/4780 4787/4787
f 4778/4778 4777/4777 4782/4782
f 4777/4777 4778/4778 4779/4779
f 4777/4777 4794/4794 4801/4801
f 4794/4794 4777/4777 4779/4779
f 4783/4783 4778/4778 4782/4782
f 4785/4785 4779/4779 4778/4778
f 4779/4779 4795/4795 4794/4794
f 4778/4778 4784/4784 4785/4785
f 4784/4784 4786/4786 4785/4785
f 4791/4791 4789/4789 4784/4784
f 4784/4784 4778/4778 4783/4783
f 4799/4799 4791/4791 4783/4783
f 4791/4791 4784/4784 4783/4783
f 4803/4803 4789/4789 4791/4791
f 4789/4789 4803/4803 4808/4808
f 4786/4786 4779/4779 4785/4785
f 4796/4796 4779/4779 4786/4786
f 4789/4789 4786/4786 4784/4784
f 4779/4779 4796/4796 4795/4795
f 4789/4789 4790/4790 4786/4786
f 4786/4786 4802/4802 4796/4796
f 4802/4802 4786/4786 4790/4790
f 4815/4815 4814/4814 4816/4816
f 4813/4813 4814/4814 4815/4815
f 4809/4809 4811/4811 4812/4812
f 4809/4809 4810/4810 4811/4811
f 4839/4839 4832/4832 4840/4840
f 4832/4832 4839/4839 4830/4830
f 4831/4831 4832/4832 4830/4830
f 4836/4836 4831/4831 4835/4835
f 4828/4828 4835/4835 4831/4831
f 4828/4828 4830/4830 4829/4829
f 4828/4828 4831/4831 4830/4830
f 4827/4827 4835/4835 4828/4828
f 4817/4817 4827/4827 4828/4828
f 4819/4819 4827/4827 4817/4817
f 4827/4827 4819/4819 4838/4838
f 4829/4829 4817/4817 4828/4828
f 4818/4818 4837/4837 4821/4821
f 4821/4821 4837/4837 4823/4823
f 4834/4834 4841/4841 4820/4820
f 4822/4822 4821/4821 4823/4823
f 4822/4822 4823/4823 4824/4824
f 4823/4823 4833/4833 4826/4826
f 4823/4823 4826/4826 4824/4824
f 4825/4825 4822/4822 4824/4824
f 4825/4825 4824/4824 4826/4826
f 4817/4817 4818/4818 4819/4819
f 4821/4821 4820/4820 4818/4818
f 4819/4819 4818/4818 4820/4820
f 4819/4819 4820/4820 4838/4838
f 4820/4820 4821/4821 4822/4822
f 4820/4820 4822/4822 4834/4834
f 4842/4842 4843/4843 4844/4844
f 4845/4845 4844/4844 4843/4843
f 4852/4852 4851/4851 4853/4853
f 4851/4851 4852/4852 4848/4848
f 4846/4846 4847/4847 4848/4848
f 4848/4848 4847/4847 4851/4851
f 4846/4846 4849/4849 4847/4847
f 4846/4846 4850/4850 4849/4849
f 4871/4871 4875/4875 4870/4870
f 4854/4854 4864/4864 4863/4863
f 4862/4862 4854/4854 4863/4863
f 4864/4864 4854/4854 4856/4856
f 4868/4868 4873/4873 4874/4874
f 4868/4868 4874/4874 4869/4869
f 4870/4870 4867/4867 4869/4869
f 4868/4868 4867/4867 4872/4872
f 4867/4867 4868/4868 4869/4869
f 4873/4873 4868/4868 4872/4872
f 4871/4871 4870/4870 4869/4869
f 4860/4860 4856/4856 4859/4859
f 4859/4859 4856/4856 4858/4858
f 4858/4858 4856/4856 4855/4855
f 4854/4854 4855/4855 4856/4856
f 4857/4857 4855/4855 4854/4854
f 4862/4862 4857/4857 4854/4854
f 4857/4857 4861/4861 4855/4855
f 4855/4855 4865/4865 4866/4866
f 4865/4865 4855/4855 4861/4861
f 4878/4878 4877/4877 4884/4884
f 4885/4885 4877/4877 4879/4879
f 4892/4892 4891/4891 4887/4887
f 4887/4887 4891/4891 4888/4888
f 4887/4887 4886/4886 4890/4890
f 4886/4886 4887/4887 4888/4888
f 4888/4888 4889/4889 4886/4886
f 4884/4884 4883/4883 4878/4878
f 4878/4878 4883/4883 4882/4882
f 4878/4878 4882/4882 4881/4881
f 4876/4876 4877/4877 4878/4878
f 4878/4878 4881/4881 4876/4876
f 4876/4876 4879/4879 4877/4877
f 4880/4880 4879/4879 4876/4876
f 4895/4895 4894/4894 4896/4896
f 4898/4898 4894/4894 4893/4893
f 4894/4894 4898/4898 4899/4899
f 4900/4900 4894/4894 4899/4899
f 4893/4893 4894/4894 4895/4895
f 4893/4893 4895/4895 4897/4897
f 4901/4901 4897/4897 4902/4902
f 4893/4893 4897/4897 4901/4901
f 4903/4903 4902/4902 4897/4897
f 4969/4969 4967/4967 4970/4970
f 4967/4967 4969/4969 4968/4968
f 4969/4969 4971/4971 4968/4968
f 4971/4971 4969/4969 4972/4972
f 4968/4968 4966/4966 4967/4967
f 4972/4972 4973/4973 4971/4971
f 4962/4962 4966/4966 4965/4965
f 4936/4936 4973/4973 4972/4972
f 4938/4938 4962/4962 4965/4965
f 4933/4933 4937/4937 4938/4938
f 4933/4933 4931/4931 4937/4937
f 4932/4932 4931/4931 4933/4933
f 4932/4932 4933/4933 4934/4934
f 4932/4932 4934/4934 4935/4935
f 4929/4929 4931/4931 4932/4932
f 4930/4930 4931/4931 4929/4929
f 4929/4929 4928/4928 4930/4930
f 4928/4928 4929/4929 4927/4927
f 4927/4927 4918/4918 4928/4928
f 4963/4963 4917/4917 4921/4921
f 4919/4919 4921/4921 4917/4917
f 4914/4914 4917/4917 4918/4918
f 4919/4919 4916/4916 4920/4920
f 4917/4917 4916/4916 4919/4919
f 4914/4914 4916/4916 4917/4917
f 4914/4914 4915/4915 4916/4916
f 4915/4915 4914/4914 4923/4923
f 4966/4966 4962/4962 4967/4967
f 4937/4937 4962/4962 4938/4938
f 4936/4936 4932/4932 4935/4935
f 4921/4921 4964/4964 4963/4963
f 4926/4926 4918/4918 4927/4927
f 4914/4914 4918/4918 4926/4926
f 4915/4915 4920/4920 4916/4916
f 4922/4922 4924/4924 4920/4920
f 4924/4924 4922/4922 4925/4925
f 4908/4908 4909/4909 4910/4910
f 4915/4915 4922/4922 4920/4920
f 4925/4925 4939/4939 4924/4924
f 4939/4939 4940/4940 4924/4924
f 4940/4940 4939/4939 4941/4941
f 4939/4939 4942/4942 4941/4941
f 4944/4944 4942/4942 4939/4939
f 4941/4941 4942/4942 4943/4943
f 4941/4941 4945/4945 4940/4940
f 4948/4948 4945/4945 4941/4941
f 4904/4904 4907/4907 4905/4905
f 4942/4942 4944/4944 4946/4946
f 4947/4947 4943/4943 4942/4942
f 4904/4904 4905/4905 4906/4906
f 4945/4945 4949/4949 4950/4950
f 4949/4949 4945/4945 4948/4948
f 4951/4951 4949/4949 4952/4952
f 4951/4951 4950/4950 4949/4949
f 4954/4954 4950/4950 4951/4951
f 4955/4955 4961/4961 4954/4954
f 4955/4955 4954/4954 4951/4951
f 4960/4960 4961/4961 4955/4955
f 4958/4958 4959/4959 4974/4974
f 4953/4953 4952/4952 4958/4958
f 4958/4958 4952/4952 4959/4959
f 4951/4951 4952/4952 4953/4953
f 4911/4911 4955/4955 4951/4951
f 4911/4911 4960/4960 4955/4955
f 4911/4911 4951/4951 4953/4953
f 4956/4956 4911/4911 4953/4953
f 4911/4911 4912/4912 4913/4913
f 4956/4956 4912/4912 4911/4911
f 4912/4912 4956/4956 4957/4957
f 4975/4975 4980/4980 4981/4981
f 4977/4977 4976/4976 4978/4978
f 4975/4975 4976/4976 4977/4977
f 4977/4977 4980/4980 4975/4975
f 4979/4979 4975/4975 4981/4981
f 4979/4979 4976/4976 4975/4975
f 4985/4985 4983/4983 4988/4988
f 4987/4987 4989/4989 4990/4990
f 4991/4991 4992/4992 4993/4993
f 4982/4982 4986/4986 4987/4987
f 4989/4989 4987/4987 4986/4986
f 4984/4984 4983/4983 4985/4985
f 4982/4982 4983/4983 4984/4984
f 4982/4982 4984/4984 4986/4986
f 4994/4994 4995/4995 4996/4996
f 4999/4999 4996/4996 5000/5000
f 4998/4998 4997/4997 4996/4996
f 4996/4996 4997/4997 4994/4994
f 4996/4996 4999/4999 4998/4998
f 4996/4996 5001/5001 5002/5002
f 5001/5001 4996/4996 4995/4995
f 5001/5001 5003/5003 5002/5002
f 5005/5005 5004/5004 5008/5008
f 5004/5004 5005/5005 5006/5006
f 5006/5006 5007/5007 5004/5004
f 5009/5009 5010/5010 5011/5011
f 5016/5016 5013/5013 5012/5012
f 5012/5012 5013/5013 5014/5014
f 5014/5014 5015/5015 5012/5012
f 5017/5017 5014/5014 5013/5013
f 5026/5026 5027/5027 5019/5019
f 5030/5030 5027/5027 5026/5026
f 5025/5025 5023/5023 5024/5024
f 5023/5023 5022/5022 5024/5024
f 5021/5021 5022/5022 5023/5023
f 5021/5021 5020/5020 5022/5022
f 5020/5020 5021/5021 5018/5018
f 5018/5018 5019/5019 5020/5020
f 5018/5018 5026/5026 5019/5019
f 5027/5027 5028/5028 5019/5019
f 5028/5028 5027/5027 5029/5029
f 5031/5031 5032/5032 5033/5033
f 5031/5031 5034/5034 5032/5032
f 5035/5035 5036/5036 5037/5037
f 5036/5036 5035/5035 5038/5038
f 5040/5040 5043/5043 5041/5041
f 5039/5039 5040/5040 5041/5041
f 5039/5039 5042/5042 5040/5040
f 5045/5045 5048/5048 5046/5046
f 5045/5045 5047/5047 5053/5053
f 5044/5044 5045/5045 5046/5046
f 5050/5050 5049/5049 5054/5054
f 5046/5046 5050/5050 5051/5051
f 5046/5046 5052/5052 5044/5044
f 5052/5052 5046/5046 5051/5051
f 5046/5046 5048/5048 5049/5049
f 5046/5046 5049/5049 5050/5050
f 5047/5047 5045/5045 5044/5044
f 5055/5055 5056/5056 5057/5057
f 5058/5058 5059/5059 5060/5060
f 5061/5061 5060/5060 5059/5059
f 5063/5063 5060/5060 5061/5061
f 5059/5059 5062/5062 5061/5061
f 5067/5067 5062/5062 5066/5066
f 5067/5067 5066/5066 5068/5068
f 5062/5062 5059/5059 5058/5058
f 5062/5062 5058/5058 5066/5066
f 5064/5064 5060/5060 5063/5063
f 5064/5064 5063/5063 5065/5065
f 5072/5072 5075/5075 5070/5070
f 5069/5069 5072/5072 5070/5070
f 5069/5069 5070/5070 5071/5071
f 5076/5076 5072/5072 5069/5069
f 5069/5069 5073/5073 5076/5076
f 5071/5071 5073/5073 5069/5069
f 5073/5073 5071/5071 5074/5074
f 5078/5078 5071/5071 5070/5070
f 5071/5071 5078/5078 5077/5077
f 5077/5077 5074/5074 5071/5071
f 5081/5081 5084/5084 5085/5085
f 5085/5085 5084/5084 5087/5087
f 5081/5081 5080/5080 5084/5084
f 5079/5079 5080/5080 5081/5081
f 5080/5080 5079/5079 5082/5082
f 5082/5082 5079/5079 5083/5083
f 5082/5082 5083/5083 5088/5088
f 5086/5086 5085/5085 5087/5087
f 5085/5085 5086/5086 5081/5081
f 5094/5094 5089/5089 5091/5091
f 5094/5094 5091/5091 5095/5095
f 5092/5092 5090/5090 5089/5089
f 5089/5089 5090/5090 5091/5091
f 5092/5092 5093/5093 5090/5090
f 5092/5092 5097/5097 5093/5093
f 5096/5096 5094/5094 5095/5095
f 5132/5132 5120/5120 5133/5133
f 5117/5117 5120/5120 5132/5132
f 5136/5136 5147/5147 5119/5119
f 5136/5136 5119/5119 5118/5118
f 5121/5121 5136/5136 5118/5118
f 5119/5119 5120/5120 5118/5118
f 5118/5118 5120/5120 5117/5117
f 5132/5132 5116/5116 5117/5117
f 5116/5116 5132/5132 5135/5135
f 5110/5110 5116/5116 5135/5135
f 5115/5115 5117/5117 5116/5116
f 5115/5115 5118/5118 5117/5117
f 5118/5118 5115/5115 5121/5121
f 5141/5141 5136/5136 5121/5121
f 5114/5114 5115/5115 5110/5110
f 5114/5114 5121/5121 5115/5115
f 5114/5114 5141/5141 5121/5121
f 5115/5115 5116/5116 5110/5110
f 5110/5110 5135/5135 5111/5111
f 5145/5145 5111/5111 5135/5135
f 5108/5108 5111/5111 5145/5145
f 5110/5110 5113/5113 5114/5114
f 5113/5113 5110/5110 5109/5109
f 5109/5109 5110/5110 5111/5111
f 5109/5109 5111/5111 5108/5108
f 5112/5112 5131/5131 5113/5113
f 5113/5113 5109/5109 5112/5112
f 5137/5137 5131/5131 5099/5099
f 5112/5112 5109/5109 5108/5108
f 5099/5099 5112/5112 5108/5108
f 5112/5112 5099/5099 5131/5131
f 5100/5100 5099/5099 5102/5102
f 5102/5102 5099/5099 5108/5108
f 5100/5100 5102/5102 5142/5142
f 5098/5098 5099/5099 5100/5100
f 5098/5098 5100/5100 5101/5101
f 5105/5105 5101/5101 5106/5106
f 5103/5103 5104/5104 5098/5098
f 5101/5101 5103/5103 5098/5098
f 5103/5103 5101/5101 5105/5105
f 5099/5099 5138/5138 5137/5137
f 5138/5138 5099/5099 5098/5098
f 5138/5138 5098/5098 5139/5139
f 5139/5139 5098/5098 5104/5104
f 5140/5140 5139/5139 5104/5104
f 5122/5122 5125/5125 5127/5127
f 5122/5122 5106/5106 5125/5125
f 5122/5122 5105/5105 5106/5106
f 5105/5105 5107/5107 5103/5103
f 5105/5105 5124/5124 5107/5107
f 5123/5123 5124/5124 5105/5105
f 5144/5144 5146/5146 5124/5124
f 5144/5144 5124/5124 5123/5123
f 5123/5123 5105/5105 5122/5122
f 5122/5122 5144/5144 5123/5123
f 5143/5143 5144/5144 5122/5122
f 5126/5126 5122/5122 5127/5127
f 5126/5126 5143/5143 5122/5122
f 5134/5134 5143/5143 5126/5126
f 5126/5126 5127/5127 5128/5128
f 5129/5129 5126/5126 5128/5128
f 5126/5126 5130/5130 5134/5134
f 5130/5130 5126/5126 5129/5129
f 5212/5212 5213/5213 5214/5214
f 5225/5225 5210/5210 5209/5209
f 5212/5212 5211/5211 5213/5213
f 5208/5208 5211/5211 5212/5212
f 5210/5210 5211/5211 5208/5208
f 5210/5210 5225/5225 5237/5237
f 5211/5211 5210/5210 5237/5237
f 5224/5224 5231/5231 5230/5230
f 5219/5219 5216/5216 5222/5222
f 5223/5223 5214/5214 5233/5233
f 5212/5212 5214/5214 5223/5223
f 5223/5223 5233/5233 5231/5231
f 5231/5231 5233/5233 5230/5230
f 5223/5223 5208/5208 5212/5212
f 5223/5223 5231/5231 5222/5222
f 5223/5223 5207/5207 5208/5208
f 5215/5215 5207/5207 5223/5223
f 5215/5215 5223/5223 5222/5222
f 5216/5216 5215/5215 5222/5222
f 5219/5219 5220/5220 5218/5218
f 5221/5221 5220/5220 5219/5219
f 5229/5229 5224/5224 5230/5230
f 5224/5224 5222/5222 5231/5231
f 5222/5222 5224/5224 5221/5221
f 5228/5228 5224/5224 5229/5229
f 5227/5227 5224/5224 5228/5228
f 5236/5236 5228/5228 5342/5342
f 5227/5227 5228/5228 5236/5236
f 5227/5227 5221/5221 5224/5224
f 5219/5219 5222/5222 5221/5221
f 5208/5208 5209/5209 5210/5210
f 5209/5209 5208/5208 5205/5205
f 5205/5205 5208/5208 5207/5207
f 5203/5203 5206/5206 5205/5205
f 5232/5232 5225/5225 5209/5209
f 5234/5234 5232/5232 5206/5206
f 5205/5205 5232/5232 5209/5209
f 5232/5232 5205/5205 5206/5206
f 5205/5205 5204/5204 5203/5203
f 5202/5202 5206/5206 5203/5203
f 5180/5180 5179/5179 5202/5202
f 5179/5179 5177/5177 5178/5178
f 5180/5180 5177/5177 5179/5179
f 5202/5202 5235/5235 5234/5234
f 5206/5206 5202/5202 5234/5234
f 5202/5202 5179/5179 5235/5235
f 5180/5180 5202/5202 5182/5182
f 5217/5217 5201/5201 5216/5216
f 5205/5205 5207/5207 5204/5204
f 5204/5204 5207/5207 5215/5215
f 5201/5201 5204/5204 5216/5216
f 5203/5203 5204/5204 5201/5201
f 5216/5216 5204/5204 5215/5215
f 5201/5201 5202/5202 5203/5203
f 5201/5201 5182/5182 5202/5202
f 5182/5182 5181/5181 5180/5180
f 5201/5201 5198/5198 5182/5182
f 5198/5198 5201/5201 5217/5217
f 5184/5184 5182/5182 5198/5198
f 5183/5183 5182/5182 5184/5184
f 5219/5219 5218/5218 5216/5216
f 5218/5218 5217/5217 5216/5216
f 5226/5226 5217/5217 5218/5218
f 5198/5198 5217/5217 5199/5199
f 5186/5186 5184/5184 5199/5199
f 5185/5185 5186/5186 5191/5191
f 5199/5199 5184/5184 5198/5198
f 5226/5226 5199/5199 5217/5217
f 5226/5226 5186/5186 5199/5199
f 5226/5226 5191/5191 5186/5186
f 5159/5159 5154/5154 5158/5158
f 5177/5177 5166/5166 5178/5178
f 5167/5167 5166/5166 5177/5177
f 5165/5165 5166/5166 5167/5167
f 5180/5180 5181/5181 5177/5177
f 5194/5194 5177/5177 5181/5181
f 5177/5177 5194/5194 5167/5167
f 5162/5162 5166/5166 5165/5165
f 5165/5165 5161/5161 5162/5162
f 5168/5168 5165/5165 5167/5167
f 5168/5168 5161/5161 5165/5165
f 5164/5164 5169/5169 5162/5162
f 5162/5162 5163/5163 5164/5164
f 5169/5169 5164/5164 5170/5170
f 5161/5161 5159/5159 5162/5162
f 5163/5163 5162/5162 5159/5159
f 5161/5161 5154/5154 5159/5159
f 5172/5172 5174/5174 5173/5173
f 5160/5160 5159/5159 5158/5158
f 5172/5172 5173/5173 5171/5171
f 5171/5171 5173/5173 5176/5176
f 5176/5176 5170/5170 5164/5164
f 5176/5176 5341/5341 5170/5170
f 5176/5176 5164/5164 5163/5163
f 5176/5176 5174/5174 5341/5341
f 5174/5174 5176/5176 5173/5173
f 5159/5159 5160/5160 5163/5163
f 5176/5176 5163/5163 5160/5160
f 5171/5171 5176/5176 5160/5160
f 5190/5190 5194/5194 5181/5181
f 5193/5193 5167/5167 5194/5194
f 5193/5193 5168/5168 5167/5167
f 5193/5193 5194/5194 5190/5190
f 5183/5183 5181/5181 5182/5182
f 5190/5190 5181/5181 5183/5183
f 5189/5189 5190/5190 5187/5187
f 5189/5189 5193/5193 5190/5190
f 5161/5161 5195/5195 5154/5154
f 5195/5195 5193/5193 5189/5189
f 5195/5195 5168/5168 5193/5193
f 5168/5168 5195/5195 5161/5161
f 5196/5196 5195/5195 5189/5189
f 5196/5196 5156/5156 5195/5195
f 5183/5183 5187/5187 5190/5190
f 5184/5184 5185/5185 5183/5183
f 5183/5183 5185/5185 5187/5187
f 5185/5185 5184/5184 5186/5186
f 5185/5185 5192/5192 5188/5188
f 5188/5188 5189/5189 5187/5187
f 5196/5196 5189/5189 5188/5188
f 5187/5187 5185/5185 5188/5188
f 5197/5197 5188/5188 5192/5192
f 5197/5197 5156/5156 5196/5196
f 5156/5156 5197/5197 5157/5157
f 5197/5197 5196/5196 5188/5188
f 5148/5148 5153/5153 5155/5155
f 5151/5151 5148/5148 5150/5150
f 5155/5155 5149/5149 5148/5148
f 5148/5148 5149/5149 5150/5150
f 5160/5160 5158/5158 5152/5152
f 5152/5152 5158/5158 5154/5154
f 5160/5160 5151/5151 5171/5171
f 5151/5151 5160/5160 5152/5152
f 5171/5171 5151/5151 5172/5172
f 5250/5250 5172/5172 5151/5151
f 5150/5150 5250/5250 5151/5151
f 5195/5195 5156/5156 5154/5154
f 5154/5154 5153/5153 5152/5152
f 5153/5153 5154/5154 5156/5156
f 5156/5156 5155/5155 5153/5153
f 5157/5157 5155/5155 5156/5156
f 5148/5148 5152/5152 5153/5153
f 5148/5148 5151/5151 5152/5152
f 5155/5155 5200/5200 5149/5149
f 5338/5338 5155/5155 5157/5157
f 5339/5339 5338/5338 5157/5157
f 5339/5339 5157/5157 5346/5346
f 5197/5197 5346/5346 5157/5157
f 5339/5339 5155/5155 5338/5338
f 5339/5339 5346/5346 5347/5347
f 5340/5340 5200/5200 5155/5155
f 5340/5340 5155/5155 5339/5339
f 5348/5348 5340/5340 5339/5339
f 5348/5348 5339/5339 5347/5347
f 5174/5174 5172/5172 5175/5175
f 5240/5240 5239/5239 5175/5175
f 5250/5250 5240/5240 5175/5175
f 5174/5174 5175/5175 5238/5238
f 5175/5175 5239/5239 5238/5238
f 5175/5175 5172/5172 5250/5250
f 5241/5241 5239/5239 5240/5240
f 5242/5242 5239/5239 5241/5241
f 5255/5255 5260/5260 5350/5350
f 5255/5255 5242/5242 5241/5241
f 5241/5241 5252/5252 5255/5255
f 5150/5150 5200/5200 5250/5250
f 5244/5244 5240/5240 5250/5250
f 5243/5243 5240/5240 5244/5244
f 5245/5245 5243/5243 5244/5244
f 5250/5250 5200/5200 5244/5244
f 5244/5244 5200/5200 5247/5247
f 5243/5243 5241/5241 5240/5240
f 5241/5241 5243/5243 5252/5252
f 5245/5245 5252/5252 5243/5243
f 5246/5246 5245/5245 5244/5244
f 5254/5254 5245/5245 5246/5246
f 5253/5253 5245/5245 5254/5254
f 5258/5258 5268/5268 5260/5260
f 5257/5257 5260/5260 5255/5255
f 5258/5258 5260/5260 5257/5257
f 5268/5268 5258/5258 5269/5269
f 5272/5272 5269/5269 5258/5258
f 5290/5290 5272/5272 5258/5258
f 5270/5270 5290/5290 5258/5258
f 5256/5256 5257/5257 5255/5255
f 5256/5256 5258/5258 5257/5257
f 5259/5259 5256/5256 5261/5261
f 5259/5259 5258/5258 5256/5256
f 5270/5270 5258/5258 5259/5259
f 5270/5270 5259/5259 5273/5273
f 5274/5274 5270/5270 5273/5273
f 5256/5256 5253/5253 5261/5261
f 5253/5253 5264/5264 5261/5261
f 5259/5259 5261/5261 5262/5262
f 5267/5267 5262/5262 5263/5263
f 5298/5298 5262/5262 5267/5267
f 5299/5299 5298/5298 5267/5267
f 5246/5246 5244/5244 5247/5247
f 5150/5150 5149/5149 5200/5200
f 5251/5251 5200/5200 5340/5340
f 5348/5348 5251/5251 5340/5340
f 5343/5343 5248/5248 5249/5249
f 5247/5247 5248/5248 5246/5246
f 5248/5248 5247/5247 5249/5249
f 5264/5264 5253/5253 5254/5254
f 5297/5297 5296/5296 5265/5265
f 5261/5261 5264/5264 5263/5263
f 5261/5261 5263/5263 5262/5262
f 5266/5266 5267/5267 5263/5263
f 5271/5271 5267/5267 5266/5266
f 5271/5271 5299/5299 5267/5267
f 5264/5264 5265/5265 5263/5263
f 5265/5265 5266/5266 5263/5263
f 5295/5295 5265/5265 5296/5296
f 5265/5265 5295/5295 5266/5266
f 5295/5295 5271/5271 5266/5266
f 5305/5305 5271/5271 5295/5295
f 5277/5277 5274/5274 5276/5276
f 5294/5294 5293/5293 5278/5278
f 5285/5285 5279/5279 5283/5283
f 5279/5279 5285/5285 5286/5286
f 5282/5282 5283/5283 5281/5281
f 5272/5272 5278/5278 5292/5292
f 5278/5278 5293/5293 5292/5292
f 5290/5290 5278/5278 5272/5272
f 5274/5274 5278/5278 5290/5290
f 5278/5278 5279/5279 5294/5294
f 5274/5274 5290/5290 5270/5270
f 5277/5277 5278/5278 5274/5274
f 5275/5275 5274/5274 5273/5273
f 5274/5274 5275/5275 5276/5276
f 5279/5279 5278/5278 5277/5277
f 5277/5277 5281/5281 5279/5279
f 5277/5277 5276/5276 5280/5280
f 5281/5281 5277/5277 5280/5280
f 5286/5286 5291/5291 5279/5279
f 5281/5281 5280/5280 5282/5282
f 5281/5281 5283/5283 5279/5279
f 5284/5284 5283/5283 5282/5282
f 5298/5298 5299/5299 5300/5300
f 5301/5301 5300/5300 5299/5299
f 5302/5302 5300/5300 5301/5301
f 5302/5302 5301/5301 5331/5331
f 5302/5302 5331/5331 5326/5326
f 5303/5303 5299/5299 5271/5271
f 5304/5304 5303/5303 5271/5271
f 5303/5303 5301/5301 5299/5299
f 5301/5301 5303/5303 5304/5304
f 5304/5304 5271/5271 5305/5305
f 5304/5304 5351/5351 5306/5306
f 5301/5301 5304/5304 5306/5306
f 5330/5330 5331/5331 5301/5301
f 5302/5302 5326/5326 5325/5325
f 5330/5330 5326/5326 5331/5331
f 5306/5306 5330/5330 5301/5301
f 5327/5327 5326/5326 5330/5330
f 5330/5330 5306/5306 5351/5351
f 5325/5325 5328/5328 5302/5302
f 5326/5326 5324/5324 5325/5325
f 5324/5324 5326/5326 5327/5327
f 5285/5285 5289/5289 5286/5286
f 5285/5285 5334/5334 5289/5289
f 5285/5285 5336/5336 5334/5334
f 5285/5285 5283/5283 5287/5287
f 5287/5287 5336/5336 5285/5285
f 5284/5284 5287/5287 5283/5283
f 5328/5328 5325/5325 5323/5323
f 5323/5323 5325/5325 5324/5324
f 5323/5323 5324/5324 5321/5321
f 5321/5321 5320/5320 5323/5323
f 5313/5313 5320/5320 5321/5321
f 5322/5322 5321/5321 5324/5324
f 5329/5329 5324/5324 5327/5327
f 5288/5288 5287/5287 5284/5284
f 5307/5307 5287/5287 5288/5288
f 5344/5344 5324/5324 5329/5329
f 5324/5324 5344/5344 5322/5322
f 5344/5344 5316/5316 5322/5322
f 5255/5255 5350/5350 5242/5242
f 5252/5252 5256/5256 5255/5255
f 5251/5251 5247/5247 5200/5200
f 5253/5253 5252/5252 5245/5245
f 5256/5256 5252/5252 5253/5253
f 5264/5264 5254/5254 5265/5265
f 5247/5247 5251/5251 5249/5249
f 5251/5251 5348/5348 5343/5343
f 5343/5343 5249/5249 5251/5251
f 5248/5248 5343/5343 5355/5355
f 5297/5297 5246/5246 5248/5248
f 5254/5254 5246/5246 5297/5297
f 5297/5297 5265/5265 5254/5254
f 5296/5296 5297/5297 5337/5337
f 5356/5356 5248/5248 5355/5355
f 5318/5318 5317/5317 5319/5319
f 5287/5287 5317/5317 5318/5318
f 5317/5317 5287/5287 5309/5309
f 5309/5309 5287/5287 5308/5308
f 5309/5309 5308/5308 5310/5310
f 5318/5318 5352/5352 5334/5334
f 5352/5352 5318/5318 5319/5319
f 5318/5318 5334/5334 5336/5336
f 5287/5287 5318/5318 5336/5336
f 5287/5287 5307/5307 5308/5308
f 5310/5310 5308/5308 5311/5311
f 5313/5313 5312/5312 5311/5311
f 5320/5320 5313/5313 5311/5311
f 5321/5321 5316/5316 5313/5313
f 5316/5316 5321/5321 5322/5322
f 5314/5314 5313/5313 5316/5316
f 5316/5316 5344/5344 5345/5345
f 5316/5316 5345/5345 5349/5349
f 5310/5310 5311/5311 5312/5312
f 5312/5312 5332/5332 5310/5310
f 5312/5312 5333/5333 5332/5332
f 5333/5333 5312/5312 5315/5315
f 5314/5314 5312/5312 5313/5313
f 5315/5315 5312/5312 5314/5314
f 5354/5354 5333/5333 5315/5315
f 5349/5349 5314/5314 5316/5316
f 5315/5315 5314/5314 5335/5335
f 5353/5353 5354/5354 5315/5315
f 5353/5353 5315/5315 5335/5335
f 5335/5335 5314/5314 5349/5349
f 5379/5379 5378/5378 5386/5386
f 5378/5378 5377/5377 5373/5373
f 5379/5379 5377/5377 5378/5378
f 5377/5377 5379/5379 5380/5380
f 5372/5372 5369/5369 5373/5373
f 5372/5372 5373/5373 5377/5377
f 5383/5383 5386/5386 5378/5378
f 5385/5385 5386/5386 5383/5383
f 5382/5382 5385/5385 5383/5383
f 5381/5381 5382/5382 5383/5383
f 5381/5381 5384/5384 5382/5382
f 5370/5370 5369/5369 5372/5372
f 5369/5369 5370/5370 5371/5371
f 5371/5371 5370/5370 5374/5374
f 5375/5375 5371/5371 5374/5374
f 5376/5376 5371/5371 5375/5375
f 5376/5376 5375/5375 5368/5368
f 5366/5366 5364/5364 5365/5365
f 5367/5367 5376/5376 5368/5368
f 5366/5366 5367/5367 5368/5368
f 5367/5367 5366/5366 5365/5365
f 5364/5364 5363/5363 5365/5365
f 5360/5360 5363/5363 5364/5364
f 5359/5359 5363/5363 5360/5360
f 5357/5357 5358/5358 5359/5359
f 5361/5361 5358/5358 5357/5357
f 5359/5359 5358/5358 5363/5363
f 5359/5359 5360/5360 5357/5357
f 5362/5362 5361/5361 5357/5357
f 5389/5389 5388/5388 5390/5390
f 5387/5387 5388/5388 5389/5389
f 5391/5391 5388/5388 5387/5387
f 5392/5392 5391/5391 5387/5387
f 5437/5437 5432/5432 5435/5435
f 5426/5426 5441/5441 5435/5435
f 5422/5422 5426/5426 5435/5435
f 5426/5426 5418/5418 5429/5429
f 5418/5418 5426/5426 5422/5422
f 5419/5419 5429/5429 5418/5418
f 5429/5429 5419/5419 5421/5421
f 5413/5413 5419/5419 5418/5418
f 5421/5421 5419/5419 5420/5420
f 5413/5413 5420/5420 5419/5419
f 5420/5420 5413/5413 5423/5423
f 5420/5420 5423/5423 5439/5439
f 5433/5433 5432/5432 5434/5434
f 5406/5406 5432/5432 5433/5433
f 5398/5398 5406/5406 5405/5405
f 5432/5432 5406/5406 5407/5407
f 5407/5407 5406/5406 5398/5398
f 5435/5435 5432/5432 5407/5407
f 5397/5397 5435/5435 5407/5407
f 5398/5398 5397/5397 5407/5407
f 5442/5442 5444/5444 5445/5445
f 5445/5445 5444/5444 5446/5446
f 5396/5396 5397/5397 5398/5398
f 5405/5405 5399/5399 5398/5398
f 5405/5405 5431/5431 5399/5399
f 5431/5431 5405/5405 5436/5436
f 5396/5396 5398/5398 5399/5399
f 5400/5400 5396/5396 5399/5399
f 5401/5401 5396/5396 5400/5400
f 5393/5393 5394/5394 5395/5395
f 5400/5400 5399/5399 5431/5431
f 5401/5401 5400/5400 5408/5408
f 5442/5442 5443/5443 5444/5444
f 5435/5435 5414/5414 5422/5422
f 5415/5415 5414/5414 5416/5416
f 5414/5414 5415/5415 5404/5404
f 5428/5428 5404/5404 5415/5415
f 5403/5403 5404/5404 5428/5428
f 5422/5422 5414/5414 5418/5418
f 5418/5418 5414/5414 5413/5413
f 5413/5413 5414/5414 5404/5404
f 5413/5413 5404/5404 5411/5411
f 5411/5411 5423/5423 5413/5413
f 5438/5438 5423/5423 5411/5411
f 5430/5430 5438/5438 5411/5411
f 5430/5430 5411/5411 5412/5412
f 5412/5412 5411/5411 5409/5409
f 5403/5403 5424/5424 5396/5396
f 5403/5403 5428/5428 5424/5424
f 5402/5402 5403/5403 5396/5396
f 5402/5402 5396/5396 5401/5401
f 5402/5402 5404/5404 5403/5403
f 5409/5409 5404/5404 5402/5402
f 5401/5401 5408/5408 5425/5425
f 5402/5402 5401/5401 5425/5425
f 5440/5440 5402/5402 5425/5425
f 5411/5411 5404/5404 5409/5409
f 5409/5409 5402/5402 5410/5410
f 5417/5417 5410/5410 5402/5402
f 5417/5417 5402/5402 5440/5440
f 5427/5427 5412/5412 5409/5409
f 5427/5427 5409/5409 5410/5410
f 5417/5417 5427/5427 5410/5410
f 5503/5503 5502/5502 5501/5501
f 5501/5501 5502/5502 5500/5500
f 5501/5501 5504/5504 5503/5503
f 5505/5505 5504/5504 5501/5501
f 5504/5504 5505/5505 5506/5506
f 5506/5506 5505/5505 5508/5508
f 5507/5507 5505/5505 5501/5501
f 5507/5507 5501/5501 5497/5497
f 5507/5507 5508/5508 5505/5505
f 5507/5507 5509/5509 5508/5508
f 5512/5512 5509/5509 5507/5507
f 5511/5511 5506/5506 5508/5508
f 5510/5510 5508/5508 5509/5509
f 5510/5510 5511/5511 5508/5508
f 5521/5521 5511/5511 5510/5510
f 5522/5522 5521/5521 5510/5510
f 5512/5512 5510/5510 5509/5509
f 5510/5510 5512/5512 5515/5515
f 5515/5515 5512/5512 5516/5516
f 5482/5482 5480/5480 5475/5475
f 5483/5483 5482/5482 5490/5490
f 5463/5463 5465/5465 5461/5461
f 5466/5466 5461/5461 5465/5465
f 5498/5498 5497/5497 5500/5500
f 5496/5496 5498/5498 5499/5499
f 5496/5496 5497/5497 5498/5498
f 5497/5497 5501/5501 5500/5500
f 5519/5519 5507/5507 5497/5497
f 5496/5496 5519/5519 5497/5497
f 5513/5513 5507/5507 5519/5519
f 5476/5476 5496/5496 5499/5499
f 5476/5476 5499/5499 5477/5477
f 5475/5475 5476/5476 5477/5477
f 5478/5478 5476/5476 5475/5475
f 5476/5476 5519/5519 5496/5496
f 5520/5520 5519/5519 5476/5476
f 5513/5513 5519/5519 5520/5520
f 5520/5520 5476/5476 5478/5478
f 5513/5513 5512/5512 5507/5507
f 5514/5514 5512/5512 5513/5513
f 5512/5512 5514/5514 5516/5516
f 5517/5517 5513/5513 5518/5518
f 5517/5517 5514/5514 5513/5513
f 5518/5518 5513/5513 5520/5520
f 5518/5518 5520/5520 5492/5492
f 5520/5520 5478/5478 5479/5479
f 5492/5492 5520/5520 5479/5479
f 5491/5491 5518/5518 5492/5492
f 5492/5492 5484/5484 5491/5491
f 5491/5491 5517/5517 5518/5518
f 5486/5486 5494/5494 5491/5491
f 5479/5479 5475/5475 5480/5480
f 5475/5475 5479/5479 5478/5478
f 5481/5481 5479/5479 5480/5480
f 5482/5482 5483/5483 5480/5480
f 5483/5483 5490/5490 5463/5463
f 5481/5481 5480/5480 5483/5483
f 5481/5481 5483/5483 5462/5462
f 5464/5464 5481/5481 5462/5462
f 5464/5464 5489/5489 5481/5481
f 5484/5484 5492/5492 5479/5479
f 5481/5481 5484/5484 5479/5479
f 5485/5485 5484/5484 5481/5481
f 5486/5486 5491/5491 5484/5484
f 5486/5486 5484/5484 5485/5485
f 5485/5485 5481/5481 5489/5489
f 5488/5488 5489/5489 5464/5464
f 5488/5488 5485/5485 5489/5489
f 5485/5485 5487/5487 5486/5486
f 5487/5487 5485/5485 5488/5488
f 5472/5472 5487/5487 5488/5488
f 5494/5494 5486/5486 5493/5493
f 5493/5493 5486/5486 5487/5487
f 5462/5462 5483/5483 5463/5463
f 5461/5461 5462/5462 5463/5463
f 5447/5447 5461/5461 5466/5466
f 5464/5464 5461/5461 5447/5447
f 5464/5464 5462/5462 5461/5461
f 5467/5467 5464/5464 5447/5447
f 5447/5447 5466/5466 5448/5448
f 5450/5450 5449/5449 5448/5448
f 5447/5447 5448/5448 5449/5449
f 5468/5468 5447/5447 5449/5449
f 5468/5468 5467/5467 5447/5447
f 5474/5474 5488/5488 5464/5464
f 5471/5471 5488/5488 5474/5474
f 5474/5474 5464/5464 5467/5467
f 5469/5469 5474/5474 5467/5467
f 5469/5469 5471/5471 5474/5474
f 5469/5469 5467/5467 5468/5468
f 5470/5470 5469/5469 5468/5468
f 5453/5453 5471/5471 5469/5469
f 5453/5453 5469/5469 5454/5454
f 5454/5454 5469/5469 5470/5470
f 5472/5472 5488/5488 5471/5471
f 5453/5453 5472/5472 5471/5471
f 5472/5472 5453/5453 5473/5473
f 5460/5460 5473/5473 5453/5453
f 5452/5452 5453/5453 5454/5454
f 5455/5455 5453/5453 5452/5452
f 5460/5460 5453/5453 5455/5455
f 5456/5456 5455/5455 5452/5452
f 5456/5456 5452/5452 5457/5457
f 5557/5557 5555/5555 5451/5451
f 5449/5449 5613/5613 5468/5468
f 5555/5555 5557/5557 5556/5556
f 5554/5554 5555/5555 5556/5556
f 5449/5449 5450/5450 5451/5451
f 5449/5449 5451/5451 5613/5613
f 5451/5451 5555/5555 5613/5613
f 5610/5610 5468/5468 5613/5613
f 5613/5613 5555/5555 5610/5610
f 5553/5553 5610/5610 5555/5555
f 5553/5553 5555/5555 5554/5554
f 5584/5584 5582/5582 5581/5581
f 5582/5582 5584/5584 5585/5585
f 5580/5580 5581/5581 5582/5582
f 5579/5579 5581/5581 5580/5580
f 5606/5606 5607/5607 5581/5581
f 5584/5584 5581/5581 5607/5607
f 5554/5554 5556/5556 5606/5606
f 5581/5581 5554/5554 5606/5606
f 5579/5579 5554/5554 5581/5581
f 5607/5607 5606/5606 5618/5618
f 5531/5531 5468/5468 5610/5610
f 5553/5553 5531/5531 5610/5610
f 5524/5524 5531/5531 5553/5553
f 5458/5458 5468/5468 5531/5531
f 5526/5526 5458/5458 5531/5531
f 5458/5458 5470/5470 5468/5468
f 5526/5526 5531/5531 5524/5524
f 5458/5458 5495/5495 5470/5470
f 5524/5524 5553/5553 5540/5540
f 5540/5540 5554/5554 5579/5579
f 5540/5540 5553/5553 5554/5554
f 5533/5533 5579/5579 5580/5580
f 5579/5579 5533/5533 5540/5540
f 5526/5526 5524/5524 5523/5523
f 5525/5525 5524/5524 5540/5540
f 5523/5523 5524/5524 5525/5525
f 5540/5540 5528/5528 5525/5525
f 5533/5533 5528/5528 5540/5540
f 5528/5528 5523/5523 5525/5525
f 5529/5529 5523/5523 5528/5528
f 5586/5586 5582/5582 5585/5585
f 5588/5588 5586/5586 5589/5589
f 5590/5590 5589/5589 5596/5596
f 5589/5589 5590/5590 5588/5588
f 5595/5595 5588/5588 5590/5590
f 5595/5595 5594/5594 5588/5588
f 5582/5582 5583/5583 5580/5580
f 5587/5587 5582/5582 5586/5586
f 5587/5587 5583/5583 5582/5582
f 5534/5534 5583/5583 5587/5587
f 5587/5587 5586/5586 5588/5588
f 5588/5588 5591/5591 5587/5587
f 5592/5592 5591/5591 5588/5588
f 5533/5533 5583/5583 5534/5534
f 5533/5533 5580/5580 5583/5583
f 5587/5587 5591/5591 5534/5534
f 5534/5534 5532/5532 5533/5533
f 5538/5538 5591/5591 5592/5592
f 5591/5591 5538/5538 5534/5534
f 5538/5538 5592/5592 5539/5539
f 5532/5532 5528/5528 5533/5533
f 5534/5534 5535/5535 5532/5532
f 5535/5535 5534/5534 5538/5538
f 5535/5535 5538/5538 5539/5539
f 5535/5535 5536/5536 5532/5532
f 5537/5537 5535/5535 5539/5539
f 5458/5458 5457/5457 5452/5452
f 5457/5457 5458/5458 5459/5459
f 5526/5526 5459/5459 5458/5458
f 5459/5459 5526/5526 5523/5523
f 5459/5459 5523/5523 5527/5527
f 5527/5527 5523/5523 5530/5530
f 5530/5530 5523/5523 5529/5529
f 5541/5541 5530/5530 5529/5529
f 5529/5529 5528/5528 5532/5532
f 5536/5536 5529/5529 5532/5532
f 5609/5609 5536/5536 5537/5537
f 5609/5609 5529/5529 5536/5536
f 5537/5537 5536/5536 5535/5535
f 5614/5614 5609/5609 5537/5537
f 5596/5596 5589/5589 5594/5594
f 5595/5595 5596/5596 5594/5594
f 5593/5593 5588/5588 5594/5594
f 5592/5592 5588/5588 5593/5593
f 5594/5594 5589/5589 5597/5597
f 5594/5594 5597/5597 5598/5598
f 5599/5599 5594/5594 5598/5598
f 5593/5593 5594/5594 5599/5599
f 5544/5544 5593/5593 5599/5599
f 5601/5601 5599/5599 5598/5598
f 5600/5600 5599/5599 5601/5601
f 5544/5544 5599/5599 5600/5600
f 5601/5601 5598/5598 5604/5604
f 5601/5601 5604/5604 5603/5603
f 5603/5603 5604/5604 5608/5608
f 5603/5603 5608/5608 5577/5577
f 5612/5612 5577/5577 5608/5608
f 5574/5574 5573/5573 5577/5577
f 5601/5601 5603/5603 5602/5602
f 5602/5602 5600/5600 5601/5601
f 5605/5605 5603/5603 5577/5577
f 5605/5605 5602/5602 5603/5603
f 5552/5552 5602/5602 5605/5605
f 5573/5573 5552/5552 5605/5605
f 5539/5539 5592/5592 5593/5593
f 5593/5593 5544/5544 5539/5539
f 5544/5544 5543/5543 5539/5539
f 5546/5546 5543/5543 5544/5544
f 5551/5551 5544/5544 5600/5600
f 5551/5551 5546/5546 5544/5544
f 5547/5547 5543/5543 5546/5546
f 5537/5537 5539/5539 5542/5542
f 5542/5542 5539/5539 5543/5543
f 5545/5545 5542/5542 5543/5543
f 5545/5545 5543/5543 5547/5547
f 5545/5545 5547/5547 5548/5548
f 5614/5614 5537/5537 5542/5542
f 5614/5614 5542/5542 5616/5616
f 5616/5616 5542/5542 5545/5545
f 5619/5619 5545/5545 5615/5615
f 5551/5551 5600/5600 5602/5602
f 5550/5550 5546/5546 5551/5551
f 5552/5552 5551/5551 5602/5602
f 5552/5552 5550/5550 5551/5551
f 5549/5549 5547/5547 5546/5546
f 5549/5549 5546/5546 5550/5550
f 5560/5560 5550/5550 5552/5552
f 5573/5573 5560/5560 5552/5552
f 5549/5549 5550/5550 5561/5561
f 5561/5561 5550/5550 5560/5560
f 5548/5548 5547/5547 5549/5549
f 5545/5545 5548/5548 5615/5615
f 5558/5558 5548/5548 5549/5549
f 5558/5558 5615/5615 5548/5548
f 5562/5562 5561/5561 5560/5560
f 5563/5563 5561/5561 5562/5562
f 5564/5564 5563/5563 5562/5562
f 5561/5561 5559/5559 5549/5549
f 5558/5558 5549/5549 5559/5559
f 5559/5559 5561/5561 5563/5563
f 5574/5574 5577/5577 5612/5612
f 5575/5575 5574/5574 5576/5576
f 5611/5611 5575/5575 5576/5576
f 5572/5572 5574/5574 5575/5575
f 5617/5617 5575/5575 5611/5611
f 5623/5623 5624/5624 5625/5625
f 5573/5573 5605/5605 5577/5577
f 5573/5573 5574/5574 5572/5572
f 5617/5617 5570/5570 5575/5575
f 5626/5626 5625/5625 5624/5624
f 5571/5571 5573/5573 5572/5572
f 5570/5570 5572/5572 5575/5575
f 5620/5620 5621/5621 5622/5622
f 5560/5560 5573/5573 5571/5571
f 5571/5571 5572/5572 5567/5567
f 5562/5562 5560/5560 5571/5571
f 5567/5567 5572/5572 5570/5570
f 5567/5567 5570/5570 5569/5569
f 5568/5568 5567/5567 5569/5569
f 5564/5564 5562/5562 5571/5571
f 5565/5565 5563/5563 5564/5564
f 5567/5567 5564/5564 5571/5571
f 5566/5566 5564/5564 5567/5567
f 5564/5564 5566/5566 5565/5565
f 5566/5566 5567/5567 5568/5568
f 5566/5566 5578/5578 5565/5565
f 5638/5638 5650/5650 5654/5654
f 5650/5650 5638/5638 5633/5633
f 5633/5633 5655/5655 5650/5650
f 5637/5637 5638/5638 5639/5639
f 5637/5637 5633/5633 5638/5638
f 5633/5633 5637/5637 5634/5634
f 5632/5632 5655/5655 5633/5633
f 5632/5632 5633/5633 5634/5634
f 5632/5632 5652/5652 5655/5655
f 5629/5629 5632/5632 5634/5634
f 5632/5632 5651/5651 5652/5652
f 5628/5628 5651/5651 5632/5632
f 5628/5628 5632/5632 5629/5629
f 5637/5637 5648/5648 5634/5634
f 5629/5629 5634/5634 5648/5648
f 5629/5629 5648/5648 5649/5649
f 5653/5653 5651/5651 5628/5628
f 5630/5630 5653/5653 5628/5628
f 5627/5627 5628/5628 5629/5629
f 5630/5630 5628/5628 5627/5627
f 5646/5646 5627/5627 5647/5647
f 5647/5647 5629/5629 5649/5649
f 5629/5629 5647/5647 5627/5627
f 5646/5646 5631/5631 5627/5627
f 5631/5631 5630/5630 5627/5627
f 5631/5631 5635/5635 5630/5630
f 5631/5631 5636/5636 5635/5635
f 5640/5640 5631/5631 5646/5646
f 5640/5640 5636/5636 5631/5631
f 5641/5641 5636/5636 5640/5640
f 5636/5636 5641/5641 5642/5642
f 5643/5643 5642/5642 5641/5641
f 5644/5644 5642/5642 5643/5643
f 5644/5644 5643/5643 5645/5645
f 5660/5660 5659/5659 5657/5657
f 5659/5659 5660/5660 5661/5661
f 5662/5662 5660/5660 5663/5663
f 5660/5660 5662/5662 5661/5661
f 5661/5661 5662/5662 5674/5674
f 5656/5656 5657/5657 5658/5658
f 5675/5675 5659/5659 5661/5661
f 5658/5658 5659/5659 5675/5675
f 5658/5658 5657/5657 5659/5659
f 5668/5668 5666/5666 5667/5667
f 5664/5664 5656/5656 5658/5658
f 5666/5666 5656/5656 5665/5665
f 5665/5665 5656/5656 5664/5664
f 5667/5667 5666/5666 5665/5665
f 5669/5669 5668/5668 5667/5667
f 5669/5669 5670/5670 5668/5668
f 5671/5671 5670/5670 5669/5669
f 5672/5672 5670/5670 5671/5671
f 5673/5673 5670/5670 5672/5672
f 5723/5723 5685/5685 5724/5724
f 5685/5685 5723/5723 5687/5687
f 5725/5725 5707/5707 5736/5736
f 5685/5685 5725/5725 5724/5724
f 5685/5685 5707/5707 5725/5725
f 5687/5687 5686/5686 5685/5685
f 5681/5681 5686/5686 5705/5705
f 5685/5685 5679/5679 5707/5707
f 5681/5681 5679/5679 5685/5685
f 5679/5679 5680/5680 5707/5707
f 5677/5677 5680/5680 5679/5679
f 5678/5678 5677/5677 5679/5679
f 5678/5678 5679/5679 5681/5681
f 5681/5681 5685/5685 5686/5686
f 5702/5702 5683/5683 5681/5681
f 5683/5683 5678/5678 5681/5681
f 5689/5689 5678/5678 5683/5683
f 5702/5702 5691/5691 5683/5683
f 5681/5681 5705/5705 5704/5704
f 5703/5703 5681/5681 5704/5704
f 5702/5702 5681/5681 5696/5696
f 5696/5696 5681/5681 5703/5703
f 5700/5700 5696/5696 5703/5703
f 5691/5691 5702/5702 5696/5696
f 5695/5695 5691/5691 5696/5696
f 5692/5692 5691/5691 5695/5695
f 5703/5703 5704/5704 5706/5706
f 5700/5700 5695/5695 5696/5696
f 5701/5701 5695/5695 5700/5700
f 5727/5727 5734/5734 5726/5726
f 5727/5727 5731/5731 5733/5733
f 5730/5730 5731/5731 5727/5727
f 5730/5730 5732/5732 5731/5731
f 5676/5676 5682/5682 5677/5677
f 5676/5676 5677/5677 5678/5678
f 5676/5676 5678/5678 5684/5684
f 5684/5684 5678/5678 5689/5689
f 5682/5682 5688/5688 5708/5708
f 5676/5676 5688/5688 5682/5682
f 5726/5726 5708/5708 5709/5709
f 5709/5709 5708/5708 5688/5688
f 5710/5710 5688/5688 5676/5676
f 5709/5709 5688/5688 5710/5710
f 5710/5710 5676/5676 5684/5684
f 5709/5709 5710/5710 5711/5711
f 5683/5683 5690/5690 5689/5689
f 5690/5690 5683/5683 5691/5691
f 5684/5684 5689/5689 5690/5690
f 5694/5694 5684/5684 5690/5690
f 5692/5692 5690/5690 5691/5691
f 5690/5690 5693/5693 5694/5694
f 5693/5693 5690/5690 5692/5692
f 5698/5698 5693/5693 5692/5692
f 5710/5710 5684/5684 5694/5694
f 5693/5693 5710/5710 5694/5694
f 5693/5693 5711/5711 5710/5710
f 5711/5711 5693/5693 5712/5712
f 5697/5697 5695/5695 5701/5701
f 5695/5695 5697/5697 5692/5692
f 5697/5697 5698/5698 5692/5692
f 5698/5698 5697/5697 5699/5699
f 5699/5699 5693/5693 5698/5698
f 5735/5735 5693/5693 5699/5699
f 5709/5709 5727/5727 5726/5726
f 5728/5728 5727/5727 5709/5709
f 5727/5727 5733/5733 5734/5734
f 5709/5709 5711/5711 5713/5713
f 5728/5728 5709/5709 5713/5713
f 5728/5728 5714/5714 5727/5727
f 5729/5729 5727/5727 5714/5714
f 5730/5730 5727/5727 5729/5729
f 5712/5712 5714/5714 5711/5711
f 5714/5714 5713/5713 5711/5711
f 5715/5715 5714/5714 5712/5712
f 5693/5693 5715/5715 5712/5712
f 5714/5714 5728/5728 5713/5713
f 5716/5716 5714/5714 5715/5715
f 5714/5714 5716/5716 5718/5718
f 5719/5719 5718/5718 5716/5716
f 5720/5720 5715/5715 5693/5693
f 5716/5716 5715/5715 5717/5717
f 5715/5715 5720/5720 5717/5717
f 5719/5719 5716/5716 5717/5717
f 5721/5721 5719/5719 5717/5717
f 5722/5722 5719/5719 5721/5721
f 5737/5737 5738/5738 5739/5739
f 5737/5737 5739/5739 5743/5743
f 5738/5738 5741/5741 5740/5740
f 5739/5739 5738/5738 5740/5740
f 5739/5739 5744/5744 5743/5743
f 5738/5738 5737/5737 5742/5742
f 5746/5746 5738/5738 5745/5745
f 5745/5745 5738/5738 5742/5742
f 5747/5747 5745/5745 5742/5742
f 5750/5750 5751/5751 5748/5748
f 5759/5759 5751/5751 5750/5750
f 5751/5751 5752/5752 5748/5748
f 5752/5752 5753/5753 5748/5748
f 5748/5748 5753/5753 5754/5754
f 5749/5749 5758/5758 5750/5750
f 5749/5749 5757/5757 5758/5758
f 5748/5748 5749/5749 5750/5750
f 5755/5755 5749/5749 5748/5748
f 5756/5756 5749/5749 5755/5755
f 5756/5756 5757/5757 5749/5749
f 5755/5755 5748/5748 5754/5754
f 5766/5766 5763/5763 5764/5764
f 5761/5761 5765/5765 5762/5762
f 5763/5763 5760/5760 5764/5764
f 5763/5763 5761/5761 5760/5760
f 5760/5760 5761/5761 5762/5762
f 5773/5773 5774/5774 5768/5768
f 5775/5775 5774/5774 5773/5773
f 5768/5768 5767/5767 5773/5773
f 5767/5767 5768/5768 5769/5769
f 5767/5767 5769/5769 5770/5770
f 5771/5771 5769/5769 5772/5772
f 5769/5769 5771/5771 5770/5770
f 5778/5778 5780/5780 5781/5781
f 5778/5778 5777/5777 5780/5780
f 5776/5776 5777/5777 5778/5778
f 5777/5777 5776/5776 5779/5779
f 5782/5782 5783/5783 5784/5784
f 5783/5783 5782/5782 5785/5785
f 5786/5786 5787/5787 5788/5788
f 5789/5789 5790/5790 5791/5791
f 5805/5805 5808/5808 5807/5807
f 5805/5805 5807/5807 5804/5804
f 5809/5809 5808/5808 5805/5805
f 5810/5810 5808/5808 5809/5809
f 5792/5792 5793/5793 5794/5794
f 5800/5800 5805/5805 5804/5804
f 5801/5801 5800/5800 5804/5804
f 5800/5800 5801/5801 5802/5802
f 5803/5803 5802/5802 5806/5806
f 5803/5803 5800/5800 5802/5802
f 5811/5811 5810/5810 5809/5809
f 5803/5803 5806/5806 5799/5799
f 5796/5796 5798/5798 5799/5799
f 5803/5803 5799/5799 5798/5798
f 5795/5795 5798/5798 5796/5796
f 5795/5795 5796/5796 5797/5797
f 5994/5994 5993/5993 5992/5992
f 5992/5992 5993/5993 5991/5991
f 5988/5988 5992/5992 5991/5991
f 5987/5987 5988/5988 5991/5991
f 6005/6005 5994/5994 6004/6004
f 6005/6005 6004/6004 6001/6001
f 5996/5996 6001/6001 6004/6004
f 5992/5992 5996/5996 6004/6004
f 5995/5995 5996/5996 5992/5992
f 5989/5989 5992/5992 5988/5988
f 6004/6004 5994/5994 5992/5992
f 5995/5995 5992/5992 5989/5989
f 5986/5986 5989/5989 5988/5988
f 5984/5984 5989/5989 5986/5986
f 6000/6000 6005/6005 6001/6001
f 5996/5996 6000/6000 6001/6001
f 5996/5996 5997/5997 6000/6000
f 5983/5983 5996/5996 5995/5995
f 5997/5997 5996/5996 5983/5983
f 5983/5983 5998/5998 5997/5997
f 5975/5975 5983/5983 5995/5995
f 5983/5983 5975/5975 5981/5981
f 5995/5995 5989/5989 5984/5984
f 5980/5980 5981/5981 5975/5975
f 6000/6000 5998/5998 6002/6002
f 5998/5998 6000/6000 5997/5997
f 6003/6003 6002/6002 5998/5998
f 5999/5999 5998/5998 5983/5983
f 5981/5981 5999/5999 5983/5983
f 6003/6003 5998/5998 5999/5999
f 5981/5981 6003/6003 5999/5999
f 6028/6028 6002/6002 6008/6008
f 6003/6003 6008/6008 6002/6002
f 6003/6003 6030/6030 6008/6008
f 6007/6007 6003/6003 5981/5981
f 6007/6007 6030/6030 6003/6003
f 5986/5986 5988/5988 5987/5987
f 5986/5986 5987/5987 5985/5985
f 5985/5985 5987/5987 5990/5990
f 5985/5985 5990/5990 6006/6006
f 5985/5985 6006/6006 5973/5973
f 5862/5862 5973/5973 6006/6006
f 5858/5858 5973/5973 5862/5862
f 5985/5985 5984/5984 5986/5986
f 5974/5974 5984/5984 5985/5985
f 5972/5972 5985/5985 5973/5973
f 5858/5858 5972/5972 5973/5973
f 5859/5859 5972/5972 5858/5858
f 5972/5972 5974/5974 5985/5985
f 5971/5971 5974/5974 5972/5972
f 5859/5859 5968/5968 5972/5972
f 5968/5968 5971/5971 5972/5972
f 5858/5858 5862/5862 5856/5856
f 5857/5857 5858/5858 5856/5856
f 5850/5850 5856/5856 5861/5861
f 5859/5859 5858/5858 5857/5857
f 5860/5860 5859/5859 5857/5857
f 5860/5860 5857/5857 5855/5855
f 5958/5958 5968/5968 5859/5859
f 5860/5860 5958/5958 5859/5859
f 5860/5860 5863/5863 5958/5958
f 5863/5863 5860/5860 5855/5855
f 5856/5856 5855/5855 5857/5857
f 5850/5850 5855/5855 5856/5856
f 5852/5852 5855/5855 5850/5850
f 5995/5995 5984/5984 5975/5975
f 5975/5975 5984/5984 5974/5974
f 5971/5971 5975/5975 5974/5974
f 5976/5976 5975/5975 5971/5971
f 5976/5976 5980/5980 5975/5975
f 5968/5968 5967/5967 5971/5971
f 5967/5967 5968/5968 5958/5958
f 5971/5971 5977/5977 5976/5976
f 5967/5967 5977/5977 5971/5971
f 5977/5977 5967/5967 5969/5969
f 5961/5961 5969/5969 5967/5967
f 5969/5969 5979/5979 5977/5977
f 5982/5982 5981/5981 5980/5980
f 5982/5982 5980/5980 5976/5976
f 5982/5982 6007/6007 5981/5981
f 5982/5982 6013/6013 6007/6007
f 6013/6013 5976/5976 5978/5978
f 5976/5976 6013/6013 5982/5982
f 5977/5977 5978/5978 5976/5976
f 5979/5979 5978/5978 5977/5977
f 5960/5960 5959/5959 5863/5863
f 5958/5958 5959/5959 5967/5967
f 5863/5863 5959/5959 5958/5958
f 5961/5961 5967/5967 5959/5959
f 5961/5961 5959/5959 5960/5960
f 5863/5863 5855/5855 5852/5852
f 5849/5849 5863/5863 5852/5852
f 5864/5864 5960/5960 5863/5863
f 5962/5962 5961/5961 5960/5960
f 5864/5864 5963/5963 5960/5960
f 5864/5864 5880/5880 5963/5963
f 5966/5966 5969/5969 5961/5961
f 5962/5962 5966/5966 5961/5961
f 6022/6022 5966/5966 5962/5962
f 5963/5963 5962/5962 5960/5960
f 5964/5964 6022/6022 5962/5962
f 6022/6022 5964/5964 6029/6029
f 5962/5962 5963/5963 5964/5964
f 5963/5963 5965/5965 5964/5964
f 5964/5964 6025/6025 6029/6029
f 6025/6025 5964/5964 5965/5965
f 5861/5861 5851/5851 5850/5850
f 5840/5840 5850/5850 5851/5851
f 5853/5853 5840/5840 5851/5851
f 5854/5854 5840/5840 5853/5853
f 5854/5854 5853/5853 6012/6012
f 5839/5839 5850/5850 5840/5840
f 5837/5837 5840/5840 5854/5854
f 5837/5837 5839/5839 5840/5840
f 5839/5839 5852/5852 5850/5850
f 5839/5839 5849/5849 5852/5852
f 5838/5838 5849/5849 5839/5839
f 5838/5838 5839/5839 5837/5837
f 5819/5819 5841/5841 5842/5842
f 5836/5836 5838/5838 5837/5837
f 5819/5819 5837/5837 5841/5841
f 5819/5819 5836/5836 5837/5837
f 5836/5836 5819/5819 5834/5834
f 5836/5836 5835/5835 5838/5838
f 5865/5865 5849/5849 5838/5838
f 5865/5865 5838/5838 5835/5835
f 5864/5864 5863/5863 5849/5849
f 5865/5865 5864/5864 5849/5849
f 5866/5866 5864/5864 5865/5865
f 5866/5866 5865/5865 5868/5868
f 5835/5835 5868/5868 5865/5865
f 5836/5836 5834/5834 5835/5835
f 5847/5847 5868/5868 5835/5835
f 5847/5847 5848/5848 5868/5868
f 5832/5832 5835/5835 5834/5834
f 5835/5835 5832/5832 5847/5847
f 5867/5867 5880/5880 5864/5864
f 5963/5963 5880/5880 5965/5965
f 5881/5881 5880/5880 5867/5867
f 6016/6016 5880/5880 5881/5881
f 5867/5867 5864/5864 5866/5866
f 5866/5866 5868/5868 5867/5867
f 6026/6026 6016/6016 5881/5881
f 6011/6011 5867/5867 5868/5868
f 5846/5846 5868/5868 5848/5848
f 6011/6011 5881/5881 5867/5867
f 5847/5847 5846/5846 5848/5848
f 5846/5846 5847/5847 5832/5832
f 5845/5845 5846/5846 5832/5832
f 5819/5819 5842/5842 5820/5820
f 5813/5813 5820/5820 5817/5817
f 5813/5813 5817/5817 5815/5815
f 5813/5813 5819/5819 5820/5820
f 5812/5812 5819/5819 5813/5813
f 5812/5812 5813/5813 5814/5814
f 5814/5814 5813/5813 5815/5815
f 5814/5814 5815/5815 5869/5869
f 5814/5814 5869/5869 6010/6010
f 6010/6010 5879/5879 5814/5814
f 5874/5874 5879/5879 6010/6010
f 5812/5812 5814/5814 5816/5816
f 5816/5816 5814/5814 5879/5879
f 5874/5874 5869/5869 5875/5875
f 5874/5874 6010/6010 5869/5869
f 5873/5873 5874/5874 5875/5875
f 5873/5873 5875/5875 5876/5876
f 5874/5874 5872/5872 5879/5879
f 5872/5872 5874/5874 5873/5873
f 5871/5871 5872/5872 5873/5873
f 5883/5883 5877/5877 5882/5882
f 5882/5882 5873/5873 5876/5876
f 5873/5873 5882/5882 5877/5877
f 5877/5877 5871/5871 5873/5873
f 5884/5884 5877/5877 5883/5883
f 5892/5892 5877/5877 5889/5889
f 5871/5871 5877/5877 5892/5892
f 5889/5889 5877/5877 5884/5884
f 5833/5833 5819/5819 5812/5812
f 5834/5834 5819/5819 5833/5833
f 5818/5818 5833/5833 5812/5812
f 5832/5832 5833/5833 5818/5818
f 5832/5832 5834/5834 5833/5833
f 5832/5832 5818/5818 5822/5822
f 5816/5816 5818/5818 5812/5812
f 5821/5821 5818/5818 5816/5816
f 5878/5878 5816/5816 5879/5879
f 5821/5821 5816/5816 5878/5878
f 5818/5818 5821/5821 5822/5822
f 5826/5826 5821/5821 5878/5878
f 5825/5825 5832/5832 5822/5822
f 5845/5845 5832/5832 5825/5825
f 5824/5824 5825/5825 5822/5822
f 5825/5825 5844/5844 5845/5845
f 5825/5825 5843/5843 5844/5844
f 5843/5843 5825/5825 5824/5824
f 5823/5823 5822/5822 5821/5821
f 5824/5824 5822/5822 5823/5823
f 5821/5821 5826/5826 5823/5823
f 5829/5829 5824/5824 5823/5823
f 6014/6014 5824/5824 5829/5829
f 6014/6014 5829/5829 6019/6019
f 5872/5872 5870/5870 5879/5879
f 5870/5870 5872/5872 5871/5871
f 5870/5870 5878/5878 5879/5879
f 5831/5831 5870/5870 5871/5871
f 5830/5830 5878/5878 5870/5870
f 5878/5878 5830/5830 5826/5826
f 5831/5831 5830/5830 5870/5870
f 5828/5828 5830/5830 5831/5831
f 5830/5830 5828/5828 5826/5826
f 5889/5889 5888/5888 5892/5892
f 5891/5891 5871/5871 5892/5892
f 5884/5884 5888/5888 5889/5889
f 5888/5888 5891/5891 5892/5892
f 5890/5890 5891/5891 5888/5888
f 5891/5891 5831/5831 5871/5871
f 5891/5891 5893/5893 5918/5918
f 5893/5893 5891/5891 5890/5890
f 5918/5918 5923/5923 5891/5891
f 5923/5923 5957/5957 5827/5827
f 5923/5923 5919/5919 5957/5957
f 5827/5827 5957/5957 6024/6024
f 5957/5957 5919/5919 5922/5922
f 5891/5891 5923/5923 5831/5831
f 5923/5923 5827/5827 5828/5828
f 5919/5919 5923/5923 5918/5918
f 5919/5919 5918/5918 5893/5893
f 5922/5922 5919/5919 5921/5921
f 5827/5827 5826/5826 5828/5828
f 5823/5823 5826/5826 5827/5827
f 5823/5823 5827/5827 5829/5829
f 5831/5831 5923/5923 5828/5828
f 5829/5829 6027/6027 6019/6019
f 6027/6027 5829/5829 6024/6024
f 5827/5827 6024/6024 5829/5829
f 6023/6023 5922/5922 5921/5921
f 5884/5884 5883/5883 5885/5885
f 5885/5885 6031/6031 5944/5944
f 5944/5944 5886/5886 5885/5885
f 5886/5886 5884/5884 5885/5885
f 5884/5884 5886/5886 5887/5887
f 5886/5886 5944/5944 5943/5943
f 5886/5886 5943/5943 5895/5895
f 5943/5943 5944/5944 5945/5945
f 5900/5900 5895/5895 5943/5943
f 5895/5895 5887/5887 5886/5886
f 6009/6009 5901/5901 5945/5945
f 5911/5911 5901/5901 6009/6009
f 5903/5903 5901/5901 5911/5911
f 5903/5903 5902/5902 5901/5901
f 5903/5903 5911/5911 5909/5909
f 5901/5901 5943/5943 5945/5945
f 5900/5900 5943/5943 5901/5901
f 5901/5901 5899/5899 5900/5900
f 5899/5899 5901/5901 5902/5902
f 5903/5903 5906/5906 5902/5902
f 5906/5906 5903/5903 5907/5907
f 5905/5905 5902/5902 5906/5906
f 5902/5902 5905/5905 5904/5904
f 5904/5904 5905/5905 5917/5917
f 5894/5894 5896/5896 5897/5897
f 5894/5894 5887/5887 5896/5896
f 5894/5894 5893/5893 5890/5890
f 5938/5938 5894/5894 5897/5897
f 5894/5894 5938/5938 5924/5924
f 5894/5894 5924/5924 5893/5893
f 5898/5898 5904/5904 5917/5917
f 5917/5917 5925/5925 5898/5898
f 5887/5887 5894/5894 5890/5890
f 5896/5896 5895/5895 5900/5900
f 5896/5896 5887/5887 5895/5895
f 5887/5887 5890/5890 5888/5888
f 5920/5920 5893/5893 5924/5924
f 5887/5887 5888/5888 5884/5884
f 5899/5899 5896/5896 5900/5900
f 5898/5898 5896/5896 5899/5899
f 5898/5898 5897/5897 5896/5896
f 5898/5898 5938/5938 5897/5897
f 5924/5924 5938/5938 5939/5939
f 5920/5920 5921/5921 5919/5919
f 5920/5920 5919/5919 5893/5893
f 6015/6015 5921/5921 5920/5920
f 5920/5920 5924/5924 5939/5939
f 5939/5939 5970/5970 5920/5920
f 5970/5970 6015/6015 5920/5920
f 5942/5942 5970/5970 5939/5939
f 5902/5902 5904/5904 5899/5899
f 5899/5899 5904/5904 5898/5898
f 5937/5937 5938/5938 5898/5898
f 5937/5937 5939/5939 5938/5938
f 5898/5898 5925/5925 5937/5937
f 5936/5936 5937/5937 5925/5925
f 5940/5940 5937/5937 5936/5936
f 5941/5941 5942/5942 5939/5939
f 5940/5940 5939/5939 5937/5937
f 5940/5940 5941/5941 5939/5939
f 5936/5936 5935/5935 5940/5940
f 5970/5970 5921/5921 6015/6015
f 5921/5921 5970/5970 6023/6023
f 5903/5903 5909/5909 5908/5908
f 5907/5907 5903/5903 5908/5908
f 5912/5912 5908/5908 5913/5913
f 5912/5912 5907/5907 5908/5908
f 5908/5908 5946/5946 5913/5913
f 5946/5946 6021/6021 5953/5953
f 5953/5953 5913/5913 5946/5946
f 5953/5953 6021/6021 6017/6017
f 5954/5954 5913/5913 5953/5953
f 5953/5953 6017/6017 5955/5955
f 5954/5954 5912/5912 5913/5913
f 5905/5905 5906/5906 5907/5907
f 5914/5914 5905/5905 5910/5910
f 5910/5910 5905/5905 5907/5907
f 5910/5910 5907/5907 5912/5912
f 5951/5951 5912/5912 5954/5954
f 5915/5915 5914/5914 5910/5910
f 5915/5915 5910/5910 5912/5912
f 5915/5915 5912/5912 5951/5951
f 5916/5916 5917/5917 5905/5905
f 5916/5916 5905/5905 5914/5914
f 5916/5916 5925/5925 5917/5917
f 5930/5930 5916/5916 5914/5914
f 5930/5930 5914/5914 5915/5915
f 5932/5932 5930/5930 5915/5915
f 5930/5930 5926/5926 5916/5916
f 5951/5951 5954/5954 5953/5953
f 5952/5952 5951/5951 5953/5953
f 5932/5932 5915/5915 5951/5951
f 5951/5951 5947/5947 5932/5932
f 5949/5949 5951/5951 5952/5952
f 5947/5947 5951/5951 5949/5949
f 6032/6032 5955/5955 6017/6017
f 5953/5953 5955/5955 5952/5952
f 5934/5934 6018/6018 6033/6033
f 5926/5926 5925/5925 5916/5916
f 5925/5925 5926/5926 5927/5927
f 5928/5928 5925/5925 5927/5927
f 5928/5928 5936/5936 5925/5925
f 5929/5929 5926/5926 5930/5930
f 5929/5929 5927/5927 5926/5926
f 5936/5936 5928/5928 5935/5935
f 5933/5933 5935/5935 5928/5928
f 5928/5928 5927/5927 5929/5929
f 5933/5933 5928/5928 5929/5929
f 5930/5930 5931/5931 5929/5929
f 5931/5931 5930/5930 5932/5932
f 5947/5947 5931/5931 5932/5932
f 5948/5948 5931/5931 5947/5947
f 5934/5934 5933/5933 5929/5929
f 5934/5934 5929/5929 5931/5931
f 5934/5934 5931/5931 5948/5948
f 5948/5948 6018/6018 5934/5934
f 5956/5956 6018/6018 5948/5948
f 5947/5947 5949/5949 5948/5948
f 5948/5948 5949/5949 5950/5950
f 5948/5948 5950/5950 5956/5956
f 5956/5956 5950/5950 6020/6020
f 6034/6034 6035/6035 6036/6036
f 6037/6037 6034/6034 6036/6036
f 6038/6038 6039/6039 6040/6040
f 6040/6040 6041/6041 6038/6038
f 6042/6042 6040/6040 6039/6039
f 6042/6042 6039/6039 6043/6043
f 6042/6042 6044/6044 6040/6040
f 6045/6045 6046/6046 6047/6047
f 6047/6047 6048/6048 6045/6045
f 6049/6049 6045/6045 6048/6048
f 6050/6050 6049/6049 6048/6048
f 6051/6051 6047/6047 6046/6046
f 6052/6052 6053/6053 6051/6051
f 6052/6052 6054/6054 6053/6053
f 6047/6047 6051/6051 6053/6053
f 6053/6053 6048/6048 6047/6047
f 6053/6053 6050/6050 6048/6048
f 6055/6055 6053/6053 6054/6054
f 6055/6055 6054/6054 6056/6056
f 6057/6057 6058/6058 6059/6059
f 6057/6057 6060/6060 6058/6058
f 6061/6061 6060/6060 6057/6057
f 6057/6057 6062/6062 6061/6061
f 6063/6063 6064/6064 6065/6065
f 6063/6063 6066/6066 6064/6064
f 6065/6065 6067/6067 6063/6063
f 6063/6063 6067/6067 6068/6068
f 6063/6063 6069/6069 6066/6066
f 6070/6070 6069/6069 6071/6071
f 6070/6070 6071/6071 6072/6072
f 6073/6073 6074/6074 6075/6075
f 6080/6080 6081/6081 6082/6082
f 6076/6076 6077/6077 6069/6069
f 6083/6083 6084/6084 6085/6085
f 6076/6076 6070/6070 6078/6078
f 6078/6078 6079/6079 6076/6076
f 6076/6076 6079/6079 6075/6075
f 6086/6086 6087/6087 6088/6088
f 6101/6101 6100/6100 6102/6102
f 6093/6093 6100/6100 6101/6101
f 6099/6099 6100/6100 6093/6093
f 6092/6092 6099/6099 6093/6093
f 6090/6090 6092/6092 6091/6091
f 6092/6092 6093/6093 6091/6091
f 6095/6095 6094/6094 6096/6096
f 6090/6090 6094/6094 6095/6095
f 6089/6089 6090/6090 6091/6091
f 6089/6089 6094/6094 6090/6090
f 6103/6103 6097/6097 6098/6098
f 6095/6095 6096/6096 6097/6097
f 6098/6098 6097/6097 6096/6096
f 6104/6104 6105/6105 6106/6106
f 6105/6105 6104/6104 6107/6107
f 6108/6108 6104/6104 6106/6106
f 6106/6106 6109/6109 6108/6108
f 6112/6112 6113/6113 6114/6114
f 6110/6110 6105/6105 6111/6111
f 6106/6106 6105/6105 6110/6110
f 6116/6116 6117/6117 6118/6118
f 6115/6115 6112/6112 6114/6114
f 6130/6130 6132/6132 6131/6131
f 6132/6132 6130/6130 6133/6133
f 6129/6129 6130/6130 6131/6131
f 6128/6128 6130/6130 6129/6129
f 6128/6128 6129/6129 6127/6127
f 6120/6120 6128/6128 6127/6127
f 6121/6121 6120/6120 6127/6127
f 6119/6119 6120/6120 6121/6121
f 6122/6122 6119/6119 6121/6121
f 6122/6122 6123/6123 6119/6119
f 6124/6124 6123/6123 6122/6122
f 6125/6125 6124/6124 6122/6122
f 6124/6124 6125/6125 6126/6126
f 6134/6134 6135/6135 6136/6136
f 6142/6142 6144/6144 6143/6143
f 6140/6140 6142/6142 6143/6143
f 6147/6147 6140/6140 6143/6143
f 6140/6140 6137/6137 6141/6141
f 6140/6140 6141/6141 6142/6142
f 6138/6138 6140/6140 6147/6147
f 6138/6138 6137/6137 6140/6140
f 6137/6137 6138/6138 6139/6139
f 6145/6145 6139/6139 6138/6138
f 6145/6145 6146/6146 6139/6139
f 6148/6148 6146/6146 6145/6145
f 6149/6149 6148/6148 6145/6145
f 6150/6150 6148/6148 6149/6149
f 6150/6150 6151/6151 6148/6148
f 6150/6150 6152/6152 6151/6151
f 6266/6266 6294/6294 6268/6268
f 6294/6294 6266/6266 6264/6264
f 6264/6264 6262/6262 6298/6298
f 6262/6262 6297/6297 6298/6298
f 6265/6265 6264/6264 6266/6266
f 6263/6263 6264/6264 6265/6265
f 6265/6265 6268/6268 6293/6293
f 6265/6265 6266/6266 6268/6268
f 6265/6265 6293/6293 6279/6279
f 6263/6263 6265/6265 6267/6267
f 6262/6262 6264/6264 6263/6263
f 6261/6261 6262/6262 6263/6263
f 6261/6261 6263/6263 6269/6269
f 6279/6279 6267/6267 6265/6265
f 6278/6278 6267/6267 6279/6279
f 6267/6267 6278/6278 6274/6274
f 6272/6272 6263/6263 6267/6267
f 6272/6272 6270/6270 6263/6263
f 6273/6273 6272/6272 6267/6267
f 6273/6273 6267/6267 6274/6274
f 6270/6270 6272/6272 6273/6273
f 6269/6269 6263/6263 6270/6270
f 6273/6273 6284/6284 6270/6270
f 6278/6278 6277/6277 6274/6274
f 6276/6276 6274/6274 6277/6277
f 6275/6275 6274/6274 6276/6276
f 6276/6276 6277/6277 6295/6295
f 6275/6275 6276/6276 6280/6280
f 6275/6275 6273/6273 6274/6274
f 6285/6285 6273/6273 6275/6275
f 6284/6284 6273/6273 6285/6285
f 6282/6282 6285/6285 6275/6275
f 6281/6281 6282/6282 6275/6275
f 6281/6281 6275/6275 6280/6280
f 6283/6283 6281/6281 6280/6280
f 6299/6299 6154/6154 6245/6245
f 6245/6245 6159/6159 6227/6227
f 6249/6249 6208/6208 6310/6310
f 6306/6306 6310/6310 6208/6208
f 6262/6262 6259/6259 6297/6297
f 6262/6262 6260/6260 6259/6259
f 6255/6255 6259/6259 6260/6260
f 6228/6228 6302/6302 6253/6253
f 6228/6228 6303/6303 6302/6302
f 6303/6303 6228/6228 6183/6183
f 6255/6255 6258/6258 6259/6259
f 6256/6256 6261/6261 6269/6269
f 6254/6254 6256/6256 6269/6269
f 6261/6261 6260/6260 6262/6262
f 6256/6256 6255/6255 6260/6260
f 6252/6252 6255/6255 6256/6256
f 6253/6253 6258/6258 6255/6255
f 6252/6252 6253/6253 6255/6255
f 6260/6260 6261/6261 6256/6256
f 6252/6252 6256/6256 6254/6254
f 6251/6251 6252/6252 6254/6254
f 6250/6250 6228/6228 6253/6253
f 6248/6248 6228/6228 6250/6250
f 6177/6177 6228/6228 6248/6248
f 6253/6253 6252/6252 6250/6250
f 6184/6184 6248/6248 6250/6250
f 6248/6248 6184/6184 6177/6177
f 6251/6251 6184/6184 6250/6250
f 6250/6250 6252/6252 6251/6251
f 6251/6251 6292/6292 6184/6184
f 6183/6183 6228/6228 6177/6177
f 6176/6176 6183/6183 6177/6177
f 6179/6179 6177/6177 6184/6184
f 6179/6179 6178/6178 6177/6177
f 6179/6179 6180/6180 6178/6178
f 6181/6181 6180/6180 6179/6179
f 6238/6238 6183/6183 6176/6176
f 6175/6175 6176/6176 6177/6177
f 6175/6175 6177/6177 6178/6178
f 6157/6157 6304/6304 6238/6238
f 6157/6157 6299/6299 6304/6304
f 6157/6157 6238/6238 6176/6176
f 6157/6157 6176/6176 6175/6175
f 6156/6156 6157/6157 6175/6175
f 6154/6154 6299/6299 6157/6157
f 6158/6158 6245/6245 6154/6154
f 6153/6153 6159/6159 6158/6158
f 6154/6154 6157/6157 6156/6156
f 6155/6155 6154/6154 6156/6156
f 6158/6158 6154/6154 6153/6153
f 6153/6153 6154/6154 6155/6155
f 6153/6153 6155/6155 6162/6162
f 6175/6175 6180/6180 6181/6181
f 6172/6172 6156/6156 6175/6175
f 6155/6155 6156/6156 6172/6172
f 6155/6155 6172/6172 6164/6164
f 6164/6164 6162/6162 6155/6155
f 6271/6271 6254/6254 6269/6269
f 6270/6270 6271/6271 6269/6269
f 6271/6271 6270/6270 6284/6284
f 6257/6257 6254/6254 6271/6271
f 6284/6284 6257/6257 6271/6271
f 6286/6286 6257/6257 6284/6284
f 6289/6289 6257/6257 6286/6286
f 6251/6251 6254/6254 6257/6257
f 6292/6292 6251/6251 6257/6257
f 6292/6292 6257/6257 6289/6289
f 6282/6282 6286/6286 6285/6285
f 6286/6286 6284/6284 6285/6285
f 6296/6296 6282/6282 6281/6281
f 6282/6282 6287/6287 6286/6286
f 6296/6296 6281/6281 6283/6283
f 6288/6288 6286/6286 6287/6287
f 6291/6291 6292/6292 6289/6289
f 6290/6290 6291/6291 6289/6289
f 6288/6288 6289/6289 6286/6286
f 6290/6290 6289/6289 6288/6288
f 6171/6171 6164/6164 6172/6172
f 6308/6308 6174/6174 6239/6239
f 6181/6181 6179/6179 6182/6182
f 6175/6175 6181/6181 6172/6172
f 6185/6185 6181/6181 6182/6182
f 6181/6181 6171/6171 6172/6172
f 6171/6171 6181/6181 6185/6185
f 6186/6186 6182/6182 6191/6191
f 6185/6185 6182/6182 6186/6186
f 6185/6185 6186/6186 6187/6187
f 6187/6187 6171/6171 6185/6185
f 6171/6171 6187/6187 6173/6173
f 6165/6165 6164/6164 6171/6171
f 6163/6163 6164/6164 6165/6165
f 6165/6165 6171/6171 6173/6173
f 6168/6168 6165/6165 6173/6173
f 6188/6188 6186/6186 6189/6189
f 6188/6188 6187/6187 6186/6186
f 6190/6190 6187/6187 6188/6188
f 6239/6239 6173/6173 6187/6187
f 6168/6168 6173/6173 6239/6239
f 6169/6169 6168/6168 6239/6239
f 6190/6190 6239/6239 6187/6187
f 6190/6190 6308/6308 6239/6239
f 6174/6174 6169/6169 6239/6239
f 6169/6169 6167/6167 6168/6168
f 6167/6167 6169/6169 6174/6174
f 6159/6159 6245/6245 6158/6158
f 6160/6160 6159/6159 6153/6153
f 6204/6204 6249/6249 6227/6227
f 6159/6159 6204/6204 6227/6227
f 6160/6160 6204/6204 6159/6159
f 6207/6207 6249/6249 6204/6204
f 6204/6204 6203/6203 6207/6207
f 6208/6208 6249/6249 6207/6207
f 6207/6207 6206/6206 6208/6208
f 6206/6206 6207/6207 6203/6203
f 6209/6209 6208/6208 6206/6206
f 6311/6311 6312/6312 6313/6313
f 6208/6208 6209/6209 6210/6210
f 6218/6218 6306/6306 6208/6208
f 6306/6306 6218/6218 6307/6307
f 6234/6234 6307/6307 6218/6218
f 6211/6211 6208/6208 6210/6210
f 6208/6208 6211/6211 6218/6218
f 6161/6161 6160/6160 6153/6153
f 6202/6202 6160/6160 6161/6161
f 6203/6203 6204/6204 6160/6160
f 6203/6203 6160/6160 6202/6202
f 6206/6206 6203/6203 6205/6205
f 6205/6205 6210/6210 6206/6206
f 6161/6161 6153/6153 6162/6162
f 6163/6163 6162/6162 6164/6164
f 6163/6163 6161/6161 6162/6162
f 6202/6202 6161/6161 6163/6163
f 6201/6201 6202/6202 6163/6163
f 6166/6166 6163/6163 6165/6165
f 6201/6201 6163/6163 6166/6166
f 6170/6170 6201/6201 6166/6166
f 6203/6203 6202/6202 6205/6205
f 6194/6194 6202/6202 6201/6201
f 6205/6205 6202/6202 6194/6194
f 6194/6194 6201/6201 6170/6170
f 6200/6200 6194/6194 6195/6195
f 6194/6194 6212/6212 6205/6205
f 6212/6212 6194/6194 6200/6200
f 6211/6211 6210/6210 6205/6205
f 6230/6230 6234/6234 6218/6218
f 6218/6218 6211/6211 6236/6236
f 6230/6230 6218/6218 6236/6236
f 6212/6212 6211/6211 6205/6205
f 6211/6211 6212/6212 6213/6213
f 6213/6213 6236/6236 6211/6211
f 6213/6213 6230/6230 6236/6236
f 6229/6229 6230/6230 6213/6213
f 6197/6197 6200/6200 6195/6195
f 6197/6197 6214/6214 6200/6200
f 6212/6212 6200/6200 6213/6213
f 6214/6214 6229/6229 6213/6213
f 6214/6214 6213/6213 6200/6200
f 6167/6167 6165/6165 6168/6168
f 6165/6165 6167/6167 6166/6166
f 6167/6167 6170/6170 6166/6166
f 6193/6193 6194/6194 6170/6170
f 6193/6193 6195/6195 6194/6194
f 6170/6170 6167/6167 6192/6192
f 6193/6193 6170/6170 6192/6192
f 6198/6198 6193/6193 6192/6192
f 6198/6198 6196/6196 6193/6193
f 6192/6192 6167/6167 6241/6241
f 6240/6240 6192/6192 6241/6241
f 6240/6240 6198/6198 6192/6192
f 6226/6226 6198/6198 6240/6240
f 6196/6196 6195/6195 6193/6193
f 6216/6216 6214/6214 6197/6197
f 6197/6197 6195/6195 6196/6196
f 6199/6199 6198/6198 6226/6226
f 6197/6197 6196/6196 6198/6198
f 6197/6197 6198/6198 6199/6199
f 6220/6220 6214/6214 6216/6216
f 6217/6217 6216/6216 6197/6197
f 6217/6217 6197/6197 6215/6215
f 6215/6215 6197/6197 6199/6199
f 6242/6242 6234/6234 6232/6232
f 6232/6232 6235/6235 6242/6242
f 6233/6233 6235/6235 6232/6232
f 6233/6233 6246/6246 6235/6235
f 6232/6232 6234/6234 6230/6230
f 6231/6231 6233/6233 6232/6232
f 6232/6232 6230/6230 6231/6231
f 6225/6225 6230/6230 6229/6229
f 6225/6225 6231/6231 6230/6230
f 6231/6231 6247/6247 6233/6233
f 6231/6231 6237/6237 6247/6247
f 6237/6237 6231/6231 6225/6225
f 6225/6225 6229/6229 6214/6214
f 6225/6225 6214/6214 6222/6222
f 6222/6222 6237/6237 6225/6225
f 6220/6220 6222/6222 6214/6214
f 6221/6221 6222/6222 6220/6220
f 6237/6237 6222/6222 6300/6300
f 6301/6301 6300/6300 6222/6222
f 6221/6221 6301/6301 6222/6222
f 6219/6219 6220/6220 6216/6216
f 6219/6219 6216/6216 6217/6217
f 6219/6219 6221/6221 6220/6220
f 6219/6219 6217/6217 6215/6215
f 6243/6243 6301/6301 6221/6221
f 6219/6219 6223/6223 6221/6221
f 6223/6223 6243/6243 6221/6221
f 6223/6223 6219/6219 6224/6224
f 6244/6244 6243/6243 6223/6223
f 6223/6223 6309/6309 6244/6244
f 6224/6224 6305/6305 6223/6223
f 6305/6305 6309/6309 6223/6223
f 6342/6342 6343/6343 6344/6344
f 6341/6341 6343/6343 6342/6342
f 6340/6340 6341/6341 6342/6342
f 6340/6340 6342/6342 6345/6345
f 6339/6339 6340/6340 6345/6345
f 6337/6337 6339/6339 6345/6345
f 6337/6337 6338/6338 6339/6339
f 6335/6335 6337/6337 6336/6336
f 6335/6335 6336/6336 6334/6334
f 6335/6335 6334/6334 6331/6331
f 6314/6314 6315/6315 6316/6316
f 6331/6331 6334/6334 6315/6315
f 6340/6340 6338/6338 6341/6341
f 6339/6339 6338/6338 6340/6340
f 6335/6335 6338/6338 6337/6337
f 6315/6315 6330/6330 6331/6331
f 6329/6329 6315/6315 6314/6314
f 6315/6315 6329/6329 6330/6330
f 6332/6332 6331/6331 6330/6330
f 6333/6333 6332/6332 6330/6330
f 6316/6316 6321/6321 6318/6318
f 6316/6316 6318/6318 6317/6317
f 6317/6317 6318/6318 6319/6319
f 6318/6318 6322/6322 6320/6320
f 6320/6320 6319/6319 6318/6318
f 6317/6317 6314/6314 6316/6316
f 6319/6319 6320/6320 6328/6328
f 6324/6324 6320/6320 6323/6323
f 6328/6328 6320/6320 6324/6324
f 6322/6322 6323/6323 6320/6320
f 6324/6324 6323/6323 6325/6325
f 6325/6325 6323/6323 6326/6326
f 6327/6327 6325/6325 6326/6326
f 6352/6352 6353/6353 6346/6346
f 6351/6351 6350/6350 6347/6347
f 6348/6348 6347/6347 6350/6350
f 6346/6346 6347/6347 6348/6348
f 6346/6346 6348/6348 6349/6349
f 6352/6352 6346/6346 6349/6349
f 6361/6361 6362/6362 6363/6363
f 6362/6362 6355/6355 6363/6363
f 6361/6361 6356/6356 6362/6362
f 6360/6360 6356/6356 6361/6361
f 6364/6364 6366/6366 6367/6367
f 6364/6364 6365/6365 6366/6366
f 6354/6354 6356/6356 6360/6360
f 6355/6355 6357/6357 6358/6358
f 6354/6354 6355/6355 6356/6356
f 6355/6355 6354/6354 6357/6357
f 6357/6357 6359/6359 6358/6358
f 6379/6379 6378/6378 6377/6377
f 6377/6377 6376/6376 6375/6375
f 6376/6376 6377/6377 6378/6378
f 6374/6374 6375/6375 6376/6376
f 6376/6376 6378/6378 6380/6380
f 6386/6386 6387/6387 6388/6388
f 6380/6380 6381/6381 6376/6376
f 6376/6376 6381/6381 6382/6382
f 6389/6389 6390/6390 6391/6391
f 6381/6381 6383/6383 6382/6382
f 6368/6368 6369/6369 6370/6370
f 6369/6369 6371/6371 6370/6370
f 6384/6384 6382/6382 6383/6383
f 6371/6371 6372/6372 6370/6370
f 6384/6384 6385/6385 6382/6382
f 6373/6373 6372/6372 6371/6371
f 6392/6392 6394/6394 6395/6395
f 6392/6392 6393/6393 6394/6394
f 6392/6392 6396/6396 6393/6393
f 6397/6397 6398/6398 6399/6399
f 6413/6413 6412/6412 6410/6410
f 6408/6408 6411/6411 6414/6414
f 6410/6410 6412/6412 6411/6411
f 6408/6408 6410/6410 6411/6411
f 6410/6410 6408/6408 6409/6409
f 6402/6402 6408/6408 6407/6407
f 6408/6408 6402/6402 6409/6409
f 6400/6400 6402/6402 6407/6407
f 6404/6404 6403/6403 6400/6400
f 6406/6406 6405/6405 6404/6404
f 6401/6401 6416/6416 6402/6402
f 6400/6400 6401/6401 6402/6402
f 6401/6401 6400/6400 6403/6403
f 6403/6403 6404/6404 6405/6405
f 6403/6403 6405/6405 6415/6415
f 6422/6422 6421/6421 6423/6423
f 6437/6437 6438/6438 6439/6439
f 6418/6418 6427/6427 6421/6421
f 6422/6422 6420/6420 6421/6421
f 6421/6421 6420/6420 6418/6418
f 6427/6427 6428/6428 6429/6429
f 6429/6429 6430/6430 6427/6427
f 6429/6429 6435/6435 6430/6430
f 6436/6436 6435/6435 6429/6429
f 6419/6419 6420/6420 6426/6426
f 6420/6420 6419/6419 6418/6418
f 6431/6431 6429/6429 6428/6428
f 6429/6429 6431/6431 6432/6432
f 6429/6429 6432/6432 6433/6433
f 6417/6417 6418/6418 6419/6419
f 6426/6426 6424/6424 6419/6419
f 6419/6419 6424/6424 6417/6417
f 6434/6434 6433/6433 6432/6432
f 6425/6425 6417/6417 6424/6424
f 6418/6418 6428/6428 6427/6427
f 6434/6434 6432/6432 6431/6431
f 6443/6443 6441/6441 6440/6440
f 6440/6440 6441/6441 6442/6442
f 6440/6440 6442/6442 6444/6444
f 6442/6442 6445/6445 6444/6444
f 6450/6450 6448/6448 6447/6447
f 6449/6449 6447/6447 6446/6446
f 6446/6446 6447/6447 6448/6448
f 6453/6453 6456/6456 6451/6451
f 6456/6456 6453/6453 6457/6457
f 6451/6451 6452/6452 6453/6453
f 6453/6453 6452/6452 6454/6454
f 6455/6455 6454/6454 6452/6452
f 6480/6480 6481/6481 6479/6479
f 6478/6478 6480/6480 6479/6479
f 6478/6478 6474/6474 6480/6480
f 6474/6474 6482/6482 6480/6480
f 6482/6482 6474/6474 6473/6473
f 6478/6478 6479/6479 6477/6477
f 6472/6472 6473/6473 6474/6474
f 6473/6473 6472/6472 6470/6470
f 6471/6471 6470/6470 6472/6472
f 6472/6472 6478/6478 6477/6477
f 6472/6472 6477/6477 6476/6476
f 6471/6471 6472/6472 6476/6476
f 6469/6469 6473/6473 6470/6470
f 6486/6486 6487/6487 6488/6488
f 6469/6469 6462/6462 6459/6459
f 6462/6462 6470/6470 6460/6460
f 6470/6470 6471/6471 6460/6460
f 6460/6460 6459/6459 6462/6462
f 6458/6458 6459/6459 6460/6460
f 6459/6459 6458/6458 6461/6461
f 6464/6464 6461/6461 6463/6463
f 6463/6463 6461/6461 6458/6458
f 6465/6465 6464/6464 6463/6463
f 6466/6466 6464/6464 6465/6465
f 6467/6467 6468/6468 6466/6466
f 6467/6467 6466/6466 6465/6465
f 6460/6460 6471/6471 6485/6485
f 6460/6460 6485/6485 6484/6484
f 6484/6484 6458/6458 6460/6460
f 6484/6484 6475/6475 6458/6458
f 6475/6475 6463/6463 6458/6458
f 6468/6468 6467/6467 6483/6483
f 6495/6495 6490/6490 6515/6515
f 6493/6493 6490/6490 6495/6495
f 6493/6493 6491/6491 6490/6490
f 6506/6506 6490/6490 6492/6492
f 6495/6495 6496/6496 6493/6493
f 6494/6494 6491/6491 6493/6493
f 6497/6497 6493/6493 6496/6496
f 6494/6494 6493/6493 6498/6498
f 6494/6494 6512/6512 6491/6491
f 6504/6504 6507/6507 6506/6506
f 6489/6489 6490/6490 6491/6491
f 6490/6490 6489/6489 6492/6492
f 6492/6492 6504/6504 6506/6506
f 6501/6501 6504/6504 6492/6492
f 6499/6499 6501/6501 6492/6492
f 6492/6492 6489/6489 6499/6499
f 6511/6511 6491/6491 6512/6512
f 6508/6508 6491/6491 6511/6511
f 6508/6508 6489/6489 6491/6491
f 6509/6509 6489/6489 6508/6508
f 6504/6504 6501/6501 6505/6505
f 6499/6499 6500/6500 6501/6501
f 6489/6489 6500/6500 6499/6499
f 6510/6510 6489/6489 6509/6509
f 6489/6489 6502/6502 6500/6500
f 6502/6502 6503/6503 6500/6500
f 6503/6503 6513/6513 6500/6500
f 6503/6503 6514/6514 6513/6513
f 6519/6519 6528/6528 6527/6527
f 6529/6529 6530/6530 6531/6531
f 6519/6519 6527/6527 6517/6517
f 6516/6516 6519/6519 6517/6517
f 6516/6516 6521/6521 6519/6519
f 6521/6521 6516/6516 6522/6522
f 6516/6516 6517/6517 6518/6518
f 6520/6520 6517/6517 6523/6523
f 6517/6517 6520/6520 6518/6518
f 6524/6524 6520/6520 6523/6523
f 6525/6525 6520/6520 6524/6524
f 6526/6526 6520/6520 6525/6525
f 6565/6565 6564/6564 6567/6567
f 6564/6564 6566/6566 6567/6567
f 6564/6564 6568/6568 6566/6566
f 6568/6568 6569/6569 6566/6566
f 6558/6558 6550/6550 6548/6548
f 6538/6538 6558/6558 6548/6548
f 6558/6558 6538/6538 6557/6557
f 6538/6538 6556/6556 6557/6557
f 6536/6536 6556/6556 6534/6534
f 6534/6534 6556/6556 6538/6538
f 6550/6550 6549/6549 6548/6548
f 6532/6532 6538/6538 6548/6548
f 6534/6534 6538/6538 6532/6532
f 6565/6565 6563/6563 6564/6564
f 6562/6562 6563/6563 6560/6560
f 6562/6562 6564/6564 6563/6563
f 6554/6554 6552/6552 6553/6553
f 6560/6560 6561/6561 6562/6562
f 6554/6554 6555/6555 6552/6552
f 6553/6553 6552/6552 6550/6550
f 6552/6552 6551/6551 6550/6550
f 6549/6549 6550/6550 6551/6551
f 6537/6537 6535/6535 6533/6533
f 6549/6549 6532/6532 6548/6548
f 6532/6532 6533/6533 6534/6534
f 6533/6533 6535/6535 6534/6534
f 6539/6539 6544/6544 6541/6541
f 6540/6540 6541/6541 6542/6542
f 6539/6539 6541/6541 6540/6540
f 6545/6545 6544/6544 6539/6539
f 6534/6534 6535/6535 6536/6536
f 6539/6539 6536/6536 6535/6535
f 6536/6536 6539/6539 6540/6540
f 6547/6547 6535/6535 6537/6537
f 6535/6535 6547/6547 6539/6539
f 6541/6541 6543/6543 6542/6542
f 6542/6542 6546/6546 6559/6559
f 6543/6543 6546/6546 6542/6542
f 6573/6573 6577/6577 6576/6576
f 6573/6573 6576/6576 6570/6570
f 6572/6572 6573/6573 6570/6570
f 6570/6570 6571/6571 6572/6572
f 6574/6574 6572/6572 6571/6571
f 6574/6574 6571/6571 6575/6575
f 6586/6586 6584/6584 6578/6578
f 6579/6579 6578/6578 6584/6584
f 6578/6578 6579/6579 6580/6580
f 6579/6579 6584/6584 6585/6585
f 6584/6584 6587/6587 6585/6585
f 6579/6579 6581/6581 6580/6580
f 6582/6582 6581/6581 6579/6579
f 6579/6579 6583/6583 6582/6582
f 6588/6588 6589/6589 6590/6590
f 6591/6591 6592/6592 6593/6593
f 6592/6592 6594/6594 6593/6593
f 6607/6607 6606/6606 6608/6608
f 6605/6605 6606/6606 6607/6607
f 6605/6605 6607/6607 6609/6609
f 6595/6595 6604/6604 6605/6605
f 6595/6595 6596/6596 6597/6597
f 6605/6605 6604/6604 6606/6606
f 6604/6604 6595/6595 6597/6597
f 6597/6597 6596/6596 6598/6598
f 6600/6600 6599/6599 6601/6601
f 6601/6601 6602/6602 6600/6600
f 6602/6602 6601/6601 6603/6603
f 6598/6598 6596/6596 6599/6599
f 6599/6599 6600/6600 6598/6598
f 6611/6611 6610/6610 6613/6613
f 6610/6610 6611/6611 6612/6612
f 6617/6617 6624/6624 6625/6625
f 6615/6615 6624/6624 6617/6617
f 6616/6616 6617/6617 6622/6622
f 6616/6616 6615/6615 6617/6617
f 6626/6626 6624/6624 6615/6615
f 6614/6614 6615/6615 6616/6616
f 6614/6614 6626/6626 6615/6615
f 6627/6627 6626/6626 6614/6614
f 6618/6618 6616/6616 6620/6620
f 6618/6618 6614/6614 6616/6616
f 6619/6619 6614/6614 6618/6618
f 6618/6618 6620/6620 6621/6621
f 6618/6618 6621/6621 6623/6623
f 6641/6641 6639/6639 6640/6640
f 6640/6640 6639/6639 6638/6638
f 6638/6638 6639/6639 6631/6631
f 6628/6628 6638/6638 6631/6631
f 6629/6629 6628/6628 6631/6631
f 6628/6628 6629/6629 6630/6630
f 6630/6630 6629/6629 6632/6632
f 6629/6629 6633/6633 6632/6632
f 6634/6634 6632/6632 6633/6633
f 6634/6634 6635/6635 6632/6632
f 6634/6634 6636/6636 6635/6635
f 6635/6635 6636/6636 6637/6637
f 6651/6651 6649/6649 6650/6650
f 6648/6648 6650/6650 6649/6649
f 6648/6648 6649/6649 6646/6646
f 6646/6646 6642/6642 6648/6648
f 6642/6642 6646/6646 6643/6643
f 6642/6642 6643/6643 6644/6644
f 6645/6645 6642/6642 6644/6644
f 6645/6645 6644/6644 6647/6647
f 6652/6652 6645/6645 6647/6647
f 6652/6652 6647/6647 6653/6653
f 6653/6653 6654/6654 6652/6652
f 6656/6656 6654/6654 6655/6655
f 6655/6655 6654/6654 6653/6653
f 6657/6657 6660/6660 6658/6658
f 6657/6657 6658/6658 6659/6659
f 6661/6661 6663/6663 6665/6665
f 6661/6661 6662/6662 6663/6663
f 6664/6664 6662/6662 6661/6661
f 6662/6662 6666/6666 6670/6670
f 6667/6667 6662/6662 6664/6664
f 6666/6666 6662/6662 6667/6667
f 6668/6668 6667/6667 6669/6669
f 6666/6666 6667/6667 6668/6668
f 6668/6668 6669/6669 6671/6671
f 6672/6672 6668/6668 6671/6671
f 6673/6673 6674/6674 6675/6675
f 6676/6676 6673/6673 6675/6675
f 6677/6677 6678/6678 6679/6679
f 6677/6677 6679/6679 6680/6680
f 6686/6686 6688/6688 6690/6690
f 6688/6688 6685/6685 6689/6689
f 6688/6688 6686/6686 6685/6685
f 6685/6685 6684/6684 6691/6691
f 6684/6684 6685/6685 6686/6686
f 6681/6681 6682/6682 6683/6683
f 6686/6686 6687/6687 6684/6684
f 6692/6692 6694/6694 6696/6696
f 6692/6692 6693/6693 6694/6694
f 6693/6693 6692/6692 6695/6695
f 6697/6697 6698/6698 6699/6699
f 6706/6706 6711/6711 6705/6705
f 6706/6706 6716/6716 6711/6711
f 6716/6716 6706/6706 6715/6715
f 6702/6702 6706/6706 6705/6705
f 6702/6702 6705/6705 6704/6704
f 6701/6701 6715/6715 6702/6702
f 6700/6700 6701/6701 6702/6702
f 6702/6702 6715/6715 6706/6706
f 6707/6707 6701/6701 6700/6700
f 6709/6709 6707/6707 6708/6708
f 6700/6700 6708/6708 6707/6707
f 6700/6700 6702/6702 6703/6703
f 6703/6703 6702/6702 6704/6704
f 6700/6700 6712/6712 6713/6713
f 6712/6712 6700/6700 6703/6703
f 6714/6714 6700/6700 6713/6713
f 6708/6708 6700/6700 6710/6710
f 6725/6725 6731/6731 6727/6727
f 6725/6725 6729/6729 6731/6731
f 6725/6725 6727/6727 6720/6720
f 6718/6718 6725/6725 6720/6720
f 6725/6725 6718/6718 6729/6729
f 6719/6719 6718/6718 6720/6720
f 6729/6729 6718/6718 6730/6730
f 6730/6730 6718/6718 6717/6717
f 6730/6730 6717/6717 6740/6740
f 6735/6735 6733/6733 6720/6720
f 6719/6719 6720/6720 6733/6733
f 6719/6719 6733/6733 6734/6734
f 6717/6717 6718/6718 6719/6719
f 6721/6721 6719/6719 6734/6734
f 6717/6717 6719/6719 6721/6721
f 6739/6739 6740/6740 6717/6717
f 6723/6723 6738/6738 6739/6739
f 6723/6723 6739/6739 6717/6717
f 6722/6722 6717/6717 6721/6721
f 6723/6723 6717/6717 6722/6722
f 6724/6724 6723/6723 6722/6722
f 6728/6728 6723/6723 6724/6724
f 6724/6724 6732/6732 6728/6728
f 6721/6721 6736/6736 6722/6722
f 6736/6736 6737/6737 6722/6722
f 6726/6726 6724/6724 6722/6722
f 6756/6756 6755/6755 6757/6757
f 6743/6743 6746/6746 6747/6747
f 6748/6748 6743/6743 6747/6747
f 6749/6749 6743/6743 6748/6748
f 6748/6748 6751/6751 6750/6750
f 6749/6749 6748/6748 6750/6750
f 6751/6751 6748/6748 6747/6747
f 6759/6759 6761/6761 6760/6760
f 6759/6759 6760/6760 6756/6756
f 6741/6741 6742/6742 6743/6743
f 6749/6749 6750/6750 6752/6752
f 6744/6744 6745/6745 6743/6743
f 6743/6743 6742/6742 6744/6744
f 6743/6743 6745/6745 6746/6746
f 6760/6760 6762/6762 6754/6754
f 6744/6744 6742/6742 6753/6753
f 6760/6760 6754/6754 6756/6756
f 6754/6754 6755/6755 6756/6756
f 6755/6755 6754/6754 6758/6758
f 6763/6763 6764/6764 6765/6765
f 6763/6763 6765/6765 6766/6766
f 6770/6770 6771/6771 6772/6772
f 6771/6771 6770/6770 6773/6773
f 6767/6767 6768/6768 6769/6769
f 6774/6774 6770/6770 6772/6772
f 6776/6776 6775/6775 6779/6779
f 6780/6780 6779/6779 6775/6775
f 6775/6775 6776/6776 6777/6777
f 6784/6784 6776/6776 6779/6779
f 6778/6778 6781/6781 6775/6775
f 6782/6782 6781/6781 6778/6778
f 6778/6778 6775/6775 6777/6777
f 6784/6784 6783/6783 6776/6776
f 6776/6776 6783/6783 6777/6777
f 6785/6785 6783/6783 6784/6784
f 6786/6786 6787/6787 6788/6788
f 6787/6787 6786/6786 6789/6789
f 6792/6792 6791/6791 6793/6793
f 6791/6791 6795/6795 6793/6793
f 6790/6790 6791/6791 6792/6792
f 6794/6794 6792/6792 6796/6796
f 6794/6794 6796/6796 6797/6797
f 6794/6794 6790/6790 6792/6792
f 6798/6798 6799/6799 6800/6800
f 6804/6804 6802/6802 6801/6801
f 6801/6801 6802/6802 6803/6803
f 6805/6805 6806/6806 6807/6807
f 6807/6807 6808/6808 6805/6805
f 6809/6809 6810/6810 6811/6811
f 6812/6812 6813/6813 6814/6814
f 6818/6818 6817/6817 6816/6816
f 6815/6815 6816/6816 6817/6817
f 6827/6827 6829/6829 6830/6830
f 6825/6825 6820/6820 6822/6822
f 6826/6826 6820/6820 6825/6825
f 6827/6827 6828/6828 6829/6829
f 6828/6828 6827/6827 6831/6831
f 6820/6820 6819/6819 6822/6822
f 6819/6819 6820/6820 6821/6821
f 6824/6824 6823/6823 6821/6821
f 6821/6821 6823/6823 6819/6819
f 6841/6841 6842/6842 6843/6843
f 6840/6840 6833/6833 6838/6838
f 6839/6839 6833/6833 6840/6840
f 6836/6836 6838/6838 6833/6833
f 6835/6835 6836/6836 6833/6833
f 6837/6837 6836/6836 6835/6835
f 6832/6832 6835/6835 6833/6833
f 6832/6832 6833/6833 6834/6834
f 6833/6833 6839/6839 6834/6834
f 6844/6844 6845/6845 6846/6846
f 6847/6847 6848/6848 6849/6849
f 6850/6850 6856/6856 6855/6855
f 6856/6856 6857/6857 6855/6855
f 6852/6852 6859/6859 6860/6860
f 6861/6861 6852/6852 6860/6860
f 6850/6850 6851/6851 6852/6852
f 6859/6859 6852/6852 6858/6858
f 6854/6854 6858/6858 6852/6852
f 6852/6852 6853/6853 6854/6854
f 6853/6853 6852/6852 6851/6851
f 6850/6850 6855/6855 6851/6851
f 6867/6867 6868/6868 6869/6869
f 6862/6862 6863/6863 6864/6864
f 6862/6862 6866/6866 6863/6863
f 6864/6864 6863/6863 6865/6865
f 6870/6870 6871/6871 6872/6872
f 6878/6878 6880/6880 6879/6879
f 6879/6879 6877/6877 6878/6878
f 6876/6876 6878/6878 6877/6877
f 6876/6876 6877/6877 6874/6874
f 6874/6874 6873/6873 6876/6876
f 6873/6873 6874/6874 6875/6875
f 6873/6873 6875/6875 6881/6881
f 6881/6881 6875/6875 6882/6882
f 6883/6883 6881/6881 6882/6882
f 6884/6884 6883/6883 6882/6882
f 6885/6885 6883/6883 6884/6884
f 6886/6886 6885/6885 6884/6884
f 6887/6887 6888/6888 6889/6889
f 6893/6893 6892/6892 6895/6895
f 6891/6891 6892/6892 6893/6893
f 6892/6892 6891/6891 6894/6894
f 6890/6890 6888/6888 6887/6887
f 6897/6897 6900/6900 6898/6898
f 6896/6896 6897/6897 6898/6898
f 6901/6901 6896/6896 6898/6898
f 6897/6897 6896/6896 6899/6899
f 6918/6918 6913/6913 6915/6915
f 6912/6912 6913/6913 6914/6914
f 6915/6915 6913/6913 6905/6905
f 6903/6903 6915/6915 6905/6905
f 6915/6915 6903/6903 6916/6916
f 6906/6906 6916/6916 6903/6903
f 6919/6919 6916/6916 6906/6906
f 6905/6905 6913/6913 6912/6912
f 6905/6905 6912/6912 6911/6911
f 6904/6904 6905/6905 6911/6911
f 6905/6905 6904/6904 6903/6903
f 6906/6906 6903/6903 6902/6902
f 6902/6902 6903/6903 6904/6904
f 6917/6917 6919/6919 6906/6906
f 6902/6902 6907/6907 6906/6906
f 6908/6908 6907/6907 6902/6902
f 6909/6909 6907/6907 6908/6908
f 6917/6917 6906/6906 6907/6907
f 6910/6910 6907/6907 6909/6909
f 6932/6932 6931/6931 6928/6928
f 6921/6921 6928/6928 6931/6931
f 6926/6926 6928/6928 6921/6921
f 6921/6921 6923/6923 6926/6926
f 6920/6920 6923/6923 6921/6921
f 6920/6920 6921/6921 6922/6922
f 6924/6924 6920/6920 6922/6922
f 6925/6925 6924/6924 6922/6922
f 6923/6923 6920/6920 6924/6924
f 6927/6927 6922/6922 6929/6929
f 6927/6927 6925/6925 6922/6922
f 6929/6929 6930/6930 6927/6927
f 6933/6933 6937/6937 6936/6936
f 6936/6936 6934/6934 6933/6933
f 6940/6940 6937/6937 6933/6933
f 6933/6933 6934/6934 6935/6935
f 6935/6935 6934/6934 6938/6938
f 6939/6939 6935/6935 6938/6938
f 6941/6941 6937/6937 6940/6940
f 6937/6937 6941/6941 6942/6942
f 6944/6944 6946/6946 6947/6947
f 6943/6943 6948/6948 6946/6946
f 6943/6943 6946/6946 6944/6944
f 6948/6948 6943/6943 6949/6949
f 6949/6949 6943/6943 6950/6950
f 6943/6943 6944/6944 6945/6945
f 6950/6950 6943/6943 6951/6951
f 6951/6951 6943/6943 6945/6945
f 6959/6959 6956/6956 6958/6958
f 6952/6952 6958/6958 6956/6956
f 6954/6954 6953/6953 6958/6958
f 6952/6952 6953/6953 6954/6954
f 6955/6955 6952/6952 6956/6956
f 6957/6957 6953/6953 6952/6952
f 6957/6957 6952/6952 6955/6955
f 6962/6962 6968/6968 6969/6969
f 6966/6966 6967/6967 6962/6962
f 6967/6967 6968/6968 6962/6962
f 6966/6966 6962/6962 6961/6961
f 6960/6960 6961/6961 6962/6962
f 6960/6960 6964/6964 6963/6963
f 6963/6963 6964/6964 6965/6965
f 6961/6961 6960/6960 6963/6963
f 6970/6970 6971/6971 6972/6972
f 6974/6974 6977/6977 6976/6976
f 6975/6975 6974/6974 6976/6976
f 6975/6975 6978/6978 6973/6973
f 6978/6978 6975/6975 6979/6979
f 6973/6973 6974/6974 6975/6975
f 6980/6980 6981/6981 6982/6982
f 6983/6983 6984/6984 6985/6985
f 6990/6990 6989/6989 6986/6986
f 6992/6992 6989/6989 6991/6991
f 6989/6989 6990/6990 6991/6991
f 6986/6986 6989/6989 6987/6987
f 6986/6986 6987/6987 6988/6988
f 6988/6988 6987/6987 6993/6993
f 6996/6996 6988/6988 6995/6995
f 6995/6995 6988/6988 6994/6994
f 6988/6988 6993/6993 6994/6994
f 7004/7004 6999/6999 7005/7005
f 6997/6997 6998/6998 6999/6999
f 7000/7000 6998/6998 6997/6997
f 7001/7001 6998/6998 7000/7000
f 7003/7003 6999/6999 7004/7004
f 6999/6999 7003/7003 6997/6997
f 7006/7006 6997/6997 7003/7003
f 7000/7000 6997/6997 7006/7006
f 7002/7002 7001/7001 7000/7000
f 7017/7017 7007/7007 7021/7021
f 7022/7022 7017/7017 7021/7021
f 7018/7018 7020/7020 7019/7019
f 7014/7014 7016/7016 7015/7015
f 7011/7011 7014/7014 7015/7015
f 7009/7009 7010/7010 7011/7011
f 7010/7010 7009/7009 7008/7008
f 7011/7011 7010/7010 7014/7014
f 7007/7007 7008/7008 7009/7009
f 7012/7012 7008/7008 7007/7007
f 7013/7013 7012/7012 7007/7007
f 7013/7013 7007/7007 7017/7017
f 7013/7013 7017/7017 7018/7018
f 7013/7013 7018/7018 7019/7019
f 7030/7030 7034/7034 7025/7025
f 7025/7025 7034/7034 7035/7035
f 7026/7026 7023/7023 7025/7025
f 7031/7031 7032/7032 7033/7033
f 7031/7031 7029/7029 7032/7032
f 7029/7029 7025/7025 7024/7024
f 7030/7030 7025/7025 7029/7029
f 7031/7031 7030/7030 7029/7029
f 7023/7023 7024/7024 7025/7025
f 7028/7028 7024/7024 7023/7023
f 7023/7023 7026/7026 7027/7027
f 7023/7023 7027/7027 7028/7028
f 7042/7042 7037/7037 7036/7036
f 7036/7036 7037/7037 7038/7038
f 7042/7042 7040/7040 7037/7037
f 7040/7040 7039/7039 7037/7037
f 7041/7041 7039/7039 7040/7040
f 7043/7043 7046/7046 7045/7045
f 7045/7045 7044/7044 7043/7043
f 7047/7047 7046/7046 7043/7043
f 7038/7038 7039/7039 7043/7043
f 7044/7044 7038/7038 7043/7043
f 7039/7039 7038/7038 7037/7037
f 7063/7063 7062/7062 7064/7064
f 7058/7058 7062/7062 7063/7063
f 7062/7062 7058/7058 7057/7057
f 7057/7057 7058/7058 7052/7052
f 7051/7051 7050/7050 7049/7049
f 7048/7048 7049/7049 7050/7050
f 7052/7052 7056/7056 7057/7057
f 7053/7053 7056/7056 7052/7052
f 7059/7059 7056/7056 7053/7053
f 7048/7048 7052/7052 7049/7049
f 7053/7053 7052/7052 7048/7048
f 7060/7060 7054/7054 7061/7061
f 7054/7054 7053/7053 7048/7048
f 7059/7059 7053/7053 7055/7055
f 7053/7053 7054/7054 7055/7055
f 7060/7060 7055/7055 7054/7054
f 7065/7065 7076/7076 7077/7077
f 7068/7068 7066/7066 7065/7065
f 7072/7072 7066/7066 7068/7068
f 7065/7065 7075/7075 7076/7076
f 7075/7075 7065/7065 7067/7067
f 7065/7065 7066/7066 7067/7067
f 7069/7069 7067/7067 7066/7066
f 7067/7067 7073/7073 7074/7074
f 7071/7071 7073/7073 7067/7067
f 7067/7067 7069/7069 7070/7070
f 7067/7067 7070/7070 7071/7071
f 7086/7086 7085/7085 7079/7079
f 7079/7079 7085/7085 7080/7080
f 7085/7085 7087/7087 7080/7080
f 7078/7078 7081/7081 7079/7079
f 7078/7078 7079/7079 7080/7080
f 7078/7078 7084/7084 7083/7083
f 7082/7082 7081/7081 7078/7078
f 7082/7082 7078/7078 7083/7083
f 7096/7096 7099/7099 7097/7097
f 7095/7095 7096/7096 7097/7097
f 7090/7090 7096/7096 7095/7095
f 7089/7089 7096/7096 7090/7090
f 7096/7096 7098/7098 7099/7099
f 7098/7098 7096/7096 7089/7089
f 7088/7088 7089/7089 7090/7090
f 7089/7089 7088/7088 7093/7093
f 7088/7088 7094/7094 7093/7093
f 7094/7094 7088/7088 7092/7092
f 7088/7088 7090/7090 7091/7091
f 7088/7088 7091/7091 7092/7092
f 7104/7104 7101/7101 7103/7103
f 7107/7107 7109/7109 7110/7110
f 7107/7107 7108/7108 7109/7109
f 7107/7107 7111/7111 7108/7108
f 7103/7103 7101/7101 7100/7100
f 7100/7100 7101/7101 7102/7102
f 7102/7102 7105/7105 7100/7100
f 7106/7106 7105/7105 7102/7102
f 7112/7112 7113/7113 7114/7114
f 7115/7115 7112/7112 7114/7114
f 7116/7116 7115/7115 7117/7117
f 7117/7117 7115/7115 7114/7114
f 7114/7114 7113/7113 7117/7117
f 7118/7118 7119/7119 7120/7120
f 7121/7121 7122/7122 7117/7117
f 7122/7122 7123/7123 7117/7117
f 7117/7117 7123/7123 7124/7124
f 7124/7124 7125/7125 7117/7117
f 7117/7117 7125/7125 7118/7118
f 7126/7126 7117/7117 7118/7118
f 7127/7127 7117/7117 7126/7126
f 7127/7127 7128/7128 7117/7117
f 7128/7128 7116/7116 7117/7117
f 7129/7129 7130/7130 7131/7131
f 7131/7131 7132/7132 7129/7129
f 7133/7133 7129/7129 7132/7132
f 7133/7133 7132/7132 7134/7134
f 7134/7134 7135/7135 7133/7133
f 7136/7136 7137/7137 7135/7135
f 7138/7138 7139/7139 7117/7117
f 7136/7136 7121/7121 7137/7137
f 7117/7117 7139/7139 7140/7140
f 7141/7141 7121/7121 7136/7136
f 7117/7117 7140/7140 7142/7142
f 7143/7143 7117/7117 7142/7142
f 7141/7141 7122/7122 7121/7121
f 7117/7117 7143/7143 7144/7144
f 7117/7117 7144/7144 7145/7145
f 7141/7141 7123/7123 7122/7122
f 7117/7117 7145/7145 7146/7146
f 7117/7117 7146/7146 7147/7147
f 7147/7147 7148/7148 7117/7117
f 7148/7148 7149/7149 7117/7117
f 7117/7117 7149/7149 7150/7150
f 7150/7150 7151/7151 7117/7117
f 7117/7117 7151/7151 7152/7152
f 7117/7117 7152/7152 7153/7153
f 7117/7117 7153/7153 7154/7154
f 7154/7154 7130/7130 7117/7117
f 7155/7155 7119/7119 7125/7125
f 7118/7118 7125/7125 7119/7119
f 7130/7130 7129/7129 7117/7117
f 7117/7117 7129/7129 7133/7133
f 7133/7133 7137/7137 7117/7117
f 7137/7137 7121/7121 7117/7117
f 7156/7156 7147/7147 7146/7146
f 7157/7157 7156/7156 7145/7145
f 7144/7144 7157/7157 7145/7145
f 7158/7158 7159/7159 7142/7142
f 7142/7142 7140/7140 7158/7158
f 7160/7160 7139/7139 7161/7161
f 7139/7139 7162/7162 7161/7161
f 7162/7162 7139/7139 7138/7138
f 7148/7148 7147/7147 7156/7156
f 7152/7152 7163/7163 7153/7153
f 7154/7154 7153/7153 7164/7164
f 7164/7164 7130/7130 7154/7154
f 7165/7165 7166/7166 7167/7167
f 7168/7168 7165/7165 7169/7169
f 7168/7168 7166/7166 7165/7165
f 7168/7168 7170/7170 7166/7166
f 7171/7171 7172/7172 7173/7173
f 7168/7168 7174/7174 7175/7175
f 7173/7173 7176/7176 7171/7171
f 7168/7168 7177/7177 7174/7174
f 7173/7173 7178/7178 7176/7176
f 7178/7178 7169/7169 7176/7176
f 7179/7179 7177/7177 7168/7168
f 7169/7169 7165/7165 7167/7167
f 7172/7172 7179/7179 7168/7168
f 7173/7173 7172/7172 7168/7168
f 7168/7168 7178/7178 7173/7173
f 7168/7168 7169/7169 7178/7178
f 7180/7180 7181/7181 7182/7182
f 7183/7183 7168/7168 7184/7184
f 7168/7168 7185/7185 7184/7184
f 7185/7185 7168/7168 7186/7186
f 7168/7168 7187/7187 7186/7186
f 7168/7168 7188/7188 7187/7187
f 7189/7189 7188/7188 7168/7168
f 7189/7189 7168/7168 7190/7190
f 7175/7175 7174/7174 7191/7191
f 7192/7192 7190/7190 7168/7168
f 7193/7193 7191/7191 7174/7174
f 7168/7168 7194/7194 7192/7192
f 7174/7174 7177/7177 7193/7193
f 7195/7195 7194/7194 7168/7168
f 7196/7196 7195/7195 7168/7168
f 7197/7197 7196/7196 7168/7168
f 7168/7168 7198/7198 7197/7197
f 7168/7168 7199/7199 7198/7198
f 7199/7199 7168/7168 7200/7200
f 7200/7200 7168/7168 7201/7201
f 7202/7202 7193/7193 7177/7177
f 7168/7168 7180/7180 7201/7201
f 7181/7181 7180/7180 7168/7168
f 7168/7168 7203/7203 7181/7181
f 7168/7168 7204/7204 7203/7203
f 7205/7205 7204/7204 7168/7168
f 7168/7168 7206/7206 7205/7205
f 7175/7175 7206/7206 7168/7168
f 7207/7207 7189/7189 7190/7190
f 7207/7207 7188/7188 7189/7189
f 7207/7207 7208/7208 7188/7188
f 7188/7188 7208/7208 7209/7209
f 7186/7186 7187/7187 7210/7210
f 7210/7210 7211/7211 7186/7186
f 7212/7212 7192/7192 7194/7194
f 7213/7213 7200/7200 7201/7201
f 7199/7199 7200/7200 7213/7213
f 7198/7198 7199/7199 7214/7214
f 7197/7197 7198/7198 7214/7214
f 7215/7215 7197/7197 7214/7214
f 7216/7216 7197/7197 7215/7215
f 7182/7182 7201/7201 7180/7180
f 7217/7217 7218/7218 7219/7219
f 7220/7220 7221/7221 7222/7222
f 7223/7223 7224/7224 7225/7225
f 7226/7226 7227/7227 7228/7228
f 7229/7229 7230/7230 7231/7231
f 7232/7232 7233/7233 7234/7234
f 7235/7235 7236/7236 7237/7237
f 7238/7238 7239/7239 7240/7240
f 7241/7241 7242/7242 7243/7243
f 7244/7244 7245/7245 7246/7246
f 7247/7247 7248/7248 7249/7249
f 7264/7264 7267/7267 7266/7266
f 7257/7257 7264/7264 7266/7266
f 7257/7257 7256/7256 7264/7264
f 7250/7250 7251/7251 7252/7252
f 7252/7252 7253/7253 7250/7250
f 7253/7253 7252/7252 7254/7254
f 7260/7260 7261/7261 7262/7262
f 7261/7261 7260/7260 7259/7259
f 7258/7258 7268/7268 7259/7259
f 7255/7255 7258/7258 7259/7259
f 7257/7257 7258/7258 7255/7255
f 7255/7255 7259/7259 7260/7260
f 7255/7255 7256/7256 7257/7257
f 7256/7256 7255/7255 7263/7263
f 7263/7263 7255/7255 7260/7260
f 7256/7256 7265/7265 7264/7264
f 7263/7263 7265/7265 7256/7256
f 7269/7269 7270/7270 7271/7271
f 7272/7272 7273/7273 7274/7274
f 7280/7280 7277/7277 7279/7279
f 7279/7279 7277/7277 7276/7276
f 7275/7275 7276/7276 7277/7277
f 7275/7275 7277/7277 7278/7278
f 7284/7284 7285/7285 7286/7286
f 7285/7285 7284/7284 7287/7287
f 7281/7281 7282/7282 7283/7283
f 7288/7288 7289/7289 7290/7290
f 7290/7290 7291/7291 7288/7288
f 7295/7295 7296/7296 7297/7297
f 7292/7292 7293/7293 7294/7294
f 7309/7309 7306/7306 7307/7307
f 7304/7304 7305/7305 7303/7303
f 7305/7305 7304/7304 7308/7308
f 7299/7299 7303/7303 7300/7300
f 7298/7298 7299/7299 7300/7300
f 7298/7298 7300/7300 7301/7301
f 7302/7302 7298/7298 7301/7301
f 7306/7306 7301/7301 7307/7307
f 7301/7301 7306/7306 7302/7302
f 7299/7299 7304/7304 7303/7303
f 7310/7310 7311/7311 7312/7312
f 7320/7320 7318/7318 7319/7319
f 7314/7314 7319/7319 7318/7318
f 7314/7314 7318/7318 7315/7315
f 7313/7313 7314/7314 7315/7315
f 7314/7314 7313/7313 7316/7316
f 7316/7316 7313/7313 7317/7317
f 7324/7324 7325/7325 7326/7326
f 7324/7324 7328/7328 7325/7325
f 7324/7324 7326/7326 7327/7327
f 7321/7321 7322/7322 7323/7323
f 7330/7330 7329/7329 7333/7333
f 7329/7329 7330/7330 7331/7331
f 7331/7331 7330/7330 7332/7332
f 7331/7331 7332/7332 7334/7334
f 7334/7334 7329/7329 7331/7331
f 7337/7337 7340/7340 7335/7335
f 7340/7340 7337/7337 7341/7341
f 7335/7335 7336/7336 7337/7337
f 7337/7337 7336/7336 7338/7338
f 7336/7336 7335/7335 7339/7339
f 7345/7345 7346/7346 7347/7347
f 7342/7342 7343/7343 7344/7344
f 7351/7351 7349/7349 7352/7352
f 7348/7348 7349/7349 7350/7350
f 7350/7350 7349/7349 7351/7351
f 7348/7348 7353/7353 7354/7354
f 7348/7348 7350/7350 7353/7353
f 7355/7355 7354/7354 7353/7353
f 7356/7356 7357/7357 7358/7358
f 7359/7359 7356/7356 7358/7358
f 7360/7360 7361/7361 7362/7362
f 7361/7361 7360/7360 7363/7363
f 7366/7366 7365/7365 7367/7367
f 7360/7360 7364/7364 7363/7363
f 7364/7364 7366/7366 7363/7363
f 7364/7364 7365/7365 7366/7366
f 7371/7371 7369/7369 7376/7376
f 7370/7370 7369/7369 7371/7371
f 7368/7368 7369/7369 7370/7370
f 7372/7372 7368/7368 7370/7370
f 7368/7368 7372/7372 7373/7373
f 7378/7378 7380/7380 7379/7379
f 7374/7374 7369/7369 7368/7368
f 7377/7377 7378/7378 7379/7379
f 7375/7375 7369/7369 7374/7374
f 7381/7381 7382/7382 7383/7383
f 7384/7384 7385/7385 7386/7386
f 7387/7387 7388/7388 7389/7389
f 7390/7390 7393/7393 7391/7391
f 7394/7394 7395/7395 7396/7396
f 7397/7397 7398/7398 7399/7399
f 7390/7390 7391/7391 7392/7392
f 7402/7402 7401/7401 7403/7403
f 7400/7400 7401/7401 7402/7402
f 7405/7405 7400/7400 7402/7402
f 7406/7406 7400/7400 7405/7405
f 7401/7401 7400/7400 7404/7404
f 7404/7404 7400/7400 7407/7407
f 7407/7407 7400/7400 7406/7406
f 7417/7417 7418/7418 7412/7412
f 7412/7412 7411/7411 7416/7416
f 7416/7416 7417/7417 7412/7412
f 7412/7412 7409/7409 7411/7411
f 7408/7408 7411/7411 7409/7409
f 7408/7408 7409/7409 7410/7410
f 7413/7413 7410/7410 7414/7414
f 7413/7413 7408/7408 7410/7410
f 7415/7415 7413/7413 7414/7414
f 7424/7424 7421/7421 7420/7420
f 7419/7419 7420/7420 7421/7421
f 7419/7419 7422/7422 7420/7420
f 7419/7419 7423/7423 7422/7422
f 7433/7433 7431/7431 7430/7430
f 7430/7430 7431/7431 7427/7427
f 7426/7426 7430/7430 7427/7427
f 7425/7425 7426/7426 7427/7427
f 7425/7425 7428/7428 7426/7426
f 7428/7428 7425/7425 7429/7429
f 7435/7435 7436/7436 7437/7437
f 7429/7429 7425/7425 7434/7434
f 7427/7427 7432/7432 7425/7425
f 7438/7438 7439/7439 7440/7440
f 7440/7440 7441/7441 7438/7438
f 7441/7441 7442/7442 7438/7438
f 7439/7439 7444/7444 7443/7443
f 7443/7443 7440/7440 7439/7439
f 7453/7453 7457/7457 7458/7458
f 7453/7453 7450/7450 7457/7457
f 7452/7452 7451/7451 7450/7450
f 7449/7449 7450/7450 7451/7451
f 7454/7454 7449/7449 7451/7451
f 7462/7462 7459/7459 7461/7461
f 7454/7454 7455/7455 7449/7449
f 7445/7445 7446/7446 7447/7447
f 7446/7446 7445/7445 7448/7448
f 7455/7455 7454/7454 7456/7456
f 7459/7459 7460/7460 7461/7461
f 7452/7452 7450/7450 7453/7453
f 7478/7478 7476/7476 7469/7469
f 7469/7469 7476/7476 7468/7468
f 7475/7475 7478/7478 7469/7469
f 7478/7478 7475/7475 7479/7479
f 7467/7467 7475/7475 7469/7469
f 7468/7468 7467/7467 7469/7469
f 7464/7464 7467/7467 7468/7468
f 7463/7463 7467/7467 7464/7464
f 7474/7474 7467/7467 7463/7463
f 7463/7463 7464/7464 7465/7465
f 7463/7463 7465/7465 7466/7466
f 7473/7473 7474/7474 7463/7463
f 7466/7466 7465/7465 7470/7470
f 7473/7473 7463/7463 7466/7466
f 7477/7477 7471/7471 7470/7470
f 7471/7471 7466/7466 7470/7470
f 7472/7472 7466/7466 7471/7471
f 7473/7473 7466/7466 7472/7472
f 7505/7505 7504/7504 7503/7503
f 7503/7503 7496/7496 7502/7502
f 7503/7503 7504/7504 7496/7496
f 7502/7502 7496/7496 7501/7501
f 7501/7501 7496/7496 7493/7493
f 7493/7493 7496/7496 7494/7494
f 7505/7505 7503/7503 7506/7506
f 7497/7497 7493/7493 7495/7495
f 7492/7492 7493/7493 7494/7494
f 7495/7495 7493/7493 7492/7492
f 7498/7498 7497/7497 7495/7495
f 7499/7499 7497/7497 7498/7498
f 7499/7499 7498/7498 7500/7500
f 7499/7499 7500/7500 7489/7489
f 7489/7489 7500/7500 7491/7491
f 7506/7506 7507/7507 7505/7505
f 7489/7489 7491/7491 7486/7486
f 7486/7486 7480/7480 7489/7489
f 7480/7480 7486/7486 7484/7484
f 7484/7484 7481/7481 7480/7480
f 7480/7480 7481/7481 7482/7482
f 7481/7481 7484/7484 7485/7485
f 7481/7481 7483/7483 7482/7482
f 7482/7482 7483/7483 7487/7487
f 7487/7487 7483/7483 7488/7488
f 7487/7487 7488/7488 7490/7490
f 7512/7512 7520/7520 7518/7518
f 7511/7511 7518/7518 7528/7528
f 7511/7511 7528/7528 7529/7529
f 7512/7512 7518/7518 7511/7511
f 7526/7526 7511/7511 7529/7529
f 7533/7533 7526/7526 7529/7529
f 7526/7526 7533/7533 7527/7527
f 7531/7531 7527/7527 7533/7533
f 7531/7531 7530/7530 7527/7527
f 7532/7532 7530/7530 7531/7531
f 7512/7512 7523/7523 7520/7520
f 7513/7513 7523/7523 7512/7512
f 7509/7509 7513/7513 7512/7512
f 7513/7513 7524/7524 7523/7523
f 7524/7524 7513/7513 7516/7516
f 7515/7515 7513/7513 7514/7514
f 7513/7513 7515/7515 7516/7516
f 7511/7511 7509/7509 7512/7512
f 7509/7509 7511/7511 7510/7510
f 7526/7526 7510/7510 7511/7511
f 7508/7508 7509/7509 7510/7510
f 7521/7521 7510/7510 7526/7526
f 7521/7521 7526/7526 7527/7527
f 7508/7508 7510/7510 7521/7521
f 7514/7514 7513/7513 7509/7509
f 7508/7508 7514/7514 7509/7509
f 7519/7519 7514/7514 7508/7508
f 7521/7521 7519/7519 7508/7508
f 7522/7522 7519/7519 7521/7521
f 7516/7516 7517/7517 7524/7524
f 7517/7517 7525/7525 7524/7524
f 7516/7516 7515/7515 7517/7517
f 7515/7515 7514/7514 7519/7519
f 7530/7530 7521/7521 7527/7527
f 7538/7538 7545/7545 7546/7546
f 7538/7538 7537/7537 7545/7545
f 7537/7537 7538/7538 7535/7535
f 7541/7541 7535/7535 7538/7538
f 7542/7542 7535/7535 7541/7541
f 7535/7535 7534/7534 7537/7537
f 7534/7534 7549/7549 7550/7550
f 7539/7539 7535/7535 7542/7542
f 7548/7548 7549/7549 7534/7534
f 7534/7534 7535/7535 7536/7536
f 7536/7536 7535/7535 7539/7539
f 7548/7548 7534/7534 7536/7536
f 7536/7536 7544/7544 7548/7548
f 7536/7536 7539/7539 7540/7540
f 7536/7536 7540/7540 7544/7544
f 7547/7547 7544/7544 7540/7540
f 7543/7543 7540/7540 7539/7539
f 7552/7552 7551/7551 7555/7555
f 7551/7551 7552/7552 7553/7553
f 7554/7554 7553/7553 7552/7552
f 7562/7562 7566/7566 7567/7567
f 7563/7563 7566/7566 7562/7562
f 7563/7563 7568/7568 7566/7566
f 7556/7556 7562/7562 7557/7557
f 7556/7556 7557/7557 7558/7558
f 7556/7556 7558/7558 7559/7559
f 7556/7556 7563/7563 7562/7562
f 7559/7559 7558/7558 7560/7560
f 7559/7559 7560/7560 7561/7561
f 7564/7564 7559/7559 7561/7561
f 7565/7565 7559/7559 7564/7564
f 7574/7574 7582/7582 7583/7583
f 7574/7574 7578/7578 7582/7582
f 7572/7572 7579/7579 7580/7580
f 7579/7579 7586/7586 7587/7587
f 7588/7588 7591/7591 7592/7592
f 7590/7590 7591/7591 7588/7588
f 7590/7590 7588/7588 7586/7586
f 7591/7591 7590/7590 7596/7596
f 7586/7586 7588/7588 7587/7587
f 7593/7593 7590/7590 7586/7586
f 7590/7590 7595/7595 7596/7596
f 7593/7593 7595/7595 7590/7590
f 7586/7586 7579/7579 7569/7569
f 7595/7595 7593/7593 7589/7589
f 7572/7572 7580/7580 7573/7573
f 7585/7585 7574/7574 7583/7583
f 7574/7574 7573/7573 7578/7578
f 7575/7575 7574/7574 7585/7585
f 7570/7570 7573/7573 7574/7574
f 7569/7569 7579/7579 7572/7572
f 7570/7570 7572/7572 7573/7573
f 7570/7570 7569/7569 7572/7572
f 7569/7569 7570/7570 7571/7571
f 7576/7576 7575/7575 7585/7585
f 7575/7575 7570/7570 7574/7574
f 7576/7576 7570/7570 7575/7575
f 7577/7577 7570/7570 7576/7576
f 7584/7584 7576/7576 7585/7585
f 7577/7577 7576/7576 7584/7584
f 7586/7586 7589/7589 7593/7593
f 7571/7571 7586/7586 7569/7569
f 7589/7589 7586/7586 7581/7581
f 7577/7577 7571/7571 7570/7570
f 7581/7581 7586/7586 7571/7571
f 7594/7594 7595/7595 7589/7589
f 7581/7581 7571/7571 7577/7577
f 7589/7589 7581/7581 7594/7594
f 7594/7594 7581/7581 7577/7577
f 7597/7597 7598/7598 7599/7599
f 7597/7597 7601/7601 7598/7598
f 7600/7600 7599/7599 7598/7598
f 7607/7607 7608/7608 7603/7603
f 7603/7603 7602/7602 7607/7607
f 7602/7602 7603/7603 7604/7604
f 7602/7602 7604/7604 7605/7605
f 7605/7605 7604/7604 7606/7606
f 7612/7612 7610/7610 7613/7613
f 7610/7610 7612/7612 7611/7611
f 7609/7609 7610/7610 7611/7611
f 7609/7609 7613/7613 7610/7610
f 7614/7614 7615/7615 7616/7616
f 7616/7616 7615/7615 7617/7617
