mtllib inf_walk_a.mtl
o inf_walk_a
v -0.1642 0.0582 0.6306
v -0.1376 0.0931 0.6706
v -0.1509 0.0726 0.6281
v -0.1574 0.0713 0.7101
v -0.1244 0.1136 0.7086
v -0.1457 0.0903 0.5746
v -0.1533 0.0676 0.5477
v -0.1688 0.0467 0.5971
v -0.1127 0.1296 0.5609
v -0.1370 0.1019 0.5099
v -0.0989 0.1405 0.5795
v -0.1132 0.1088 0.6062
v -0.1170 0.0904 0.6351
v -0.1455 0.0674 0.7367
v -0.1630 0.0317 0.6725
v -0.1622 0.0177 0.6206
v -0.0790 0.1339 0.5713
v -0.1127 0.1296 0.5609
v -0.0989 0.1405 0.5795
v -0.1103 0.0091 0.4519
v -0.0434 0.0138 0.4639
v -0.1216 0.0102 0.5038
v -0.0691 0.0109 0.4345
v -0.0581 0.0148 0.5131
v -0.0698 0.0264 0.6562
v -0.1622 0.0177 0.6206
v -0.0670 0.0198 0.6197
v -0.1630 0.0317 0.6725
v -0.0684 0.0429 0.6939
v -0.0959 0.0674 0.7399
v -0.1455 0.0674 0.7367
v -0.1577 0.0171 0.5898
v -0.1386 0.0232 0.5425
v -0.0753 0.0269 0.5528
v -0.0618 0.0330 0.5200
v -0.1286 0.0278 0.5086
v -0.0618 0.0330 0.5200
v -0.1216 0.0102 0.5038
v -0.0581 0.0148 0.5131
v -0.1286 0.0278 0.5086
v -0.0947 0.1041 0.7074
v -0.0786 0.0675 0.7137
v -0.0707 0.0721 0.6670
v -0.0684 0.0429 0.6939
v -0.0569 0.0619 0.6356
v -0.0666 0.0837 0.6302
v -0.0959 0.0674 0.7399
v -0.0647 0.0928 0.6194
v -0.0620 0.0535 0.5712
v -0.1244 0.1136 0.7086
v -0.1455 0.0674 0.7367
v -0.0552 0.0457 0.5123
v -0.0441 0.1147 0.5478
v -0.0620 0.0535 0.5712
v -0.0374 0.1075 0.4860
v -0.0647 0.0928 0.6194
v -0.0439 0.0424 0.4875
v -0.0427 0.0445 0.4528
v -0.0394 0.0844 0.4380
v -0.0434 0.0138 0.4639
v -0.0581 0.0148 0.5131
v -0.0298 0.1156 0.4622
v -0.0350 0.1462 0.5151
v -0.0618 0.0330 0.5200
v -0.0753 0.0269 0.5528
v -0.0670 0.0198 0.6197
v -0.0569 0.0619 0.6356
v -0.0698 0.0264 0.6562
v -0.0684 0.0429 0.6939
v -0.0479 0.1417 0.5237
v -0.0479 0.1474 0.5333
v -0.0576 0.1625 0.5430
v -0.0619 0.1472 0.5525
v -0.0479 0.1474 0.5333
v -0.0619 0.1472 0.5525
v -0.0599 0.1454 0.5329
v -0.1376 0.0931 0.6706
v -0.0947 0.1041 0.7074
v -0.0707 0.0721 0.6670
v -0.1244 0.1136 0.7086
v -0.0666 0.0837 0.6302
v -0.1170 0.0904 0.6351
v -0.1345 0.1869 0.4134
v -0.1296 0.1536 0.4307
v -0.1394 0.1670 0.4507
v -0.1598 0.2678 0.4101
v -0.1425 0.2716 0.3739
v -0.1651 0.3533 0.3576
v -0.1469 0.3076 0.3581
v -0.1386 0.2815 0.3594
v -0.1290 0.2217 0.3732
v -0.1533 0.3401 0.3361
v -0.1142 0.1584 0.4024
v -0.1273 0.2280 0.3817
v -0.1660 0.3641 0.3318
v -0.1483 0.3162 0.3448
v -0.1080 0.1348 0.4211
v -0.1332 0.1141 0.4712
v -0.0991 0.1201 0.4090
v -0.1165 0.2066 0.3833
v -0.1225 0.0871 0.4490
v -0.1414 0.1112 0.4955
v -0.1177 0.0501 0.4528
v -0.0809 0.0830 0.4113
v -0.0826 0.0704 0.4141
v -0.1087 0.0361 0.4482
v -0.1372 0.0497 0.4955
v -0.1286 0.0278 0.5086
v -0.1386 0.0232 0.5425
v -0.1533 0.0676 0.5477
v -0.1577 0.0171 0.5898
v -0.1688 0.0467 0.5971
v -0.1622 0.0177 0.6206
v -0.1103 0.0091 0.4519
v -0.1216 0.0102 0.5038
v -0.1370 0.1019 0.5099
v -0.1126 0.1954 0.3932
v -0.1058 0.1976 0.3786
v -0.1839 0.3644 0.3726
v -0.1292 0.1320 0.5405
v -0.1127 0.1296 0.5609
v -0.1651 0.3533 0.3576
v -0.1659 0.3587 0.3797
v -0.1839 0.3644 0.3726
v -0.0647 0.0928 0.6194
v -0.0790 0.1339 0.5713
v -0.0989 0.1405 0.5795
v -0.0441 0.1147 0.5478
v -0.0619 0.1472 0.5525
v -0.0883 0.1549 0.5501
v -0.1132 0.1088 0.6062
v -0.1170 0.0904 0.6351
v -0.0666 0.0837 0.6302
v -0.0576 0.1625 0.5430
v -0.1127 0.1296 0.5609
v -0.1292 0.1320 0.5405
v -0.1223 0.1440 0.5191
v -0.1292 0.1320 0.5405
v -0.0922 0.1453 0.5336
v -0.0883 0.1549 0.5501
v -0.0576 0.1625 0.5430
v -0.0643 0.1625 0.5310
v -0.1414 0.1112 0.4955
v -0.1295 0.1215 0.4939
v -0.1332 0.1141 0.4712
v -0.0350 0.1462 0.5151
v -0.0612 0.1648 0.5093
v -0.0805 0.1459 0.5368
v -0.0631 0.1351 0.5367
v -0.0745 0.1355 0.5190
v -0.0710 0.1457 0.5428
v -0.0857 0.1384 0.5230
v -0.0631 0.1351 0.5367
v -0.0752 0.1293 0.5240
v -0.0745 0.1355 0.5190
v -0.0745 0.1355 0.5190
v -0.0736 0.1535 0.5177
v -0.0857 0.1384 0.5230
v -0.0852 0.1523 0.5244
v -0.0644 0.1474 0.5206
v -0.0599 0.1454 0.5329
v -0.0745 0.1355 0.5190
v -0.0752 0.1293 0.5240
v -0.0631 0.1351 0.5367
v -0.0644 0.1474 0.5206
v -0.0479 0.1417 0.5237
v -0.0599 0.1454 0.5329
v -0.0441 0.1147 0.5478
v -0.0619 0.1472 0.5525
v -0.0374 0.1075 0.4860
v -0.0644 0.1474 0.5206
v -0.0879 0.2308 0.5122
v -0.1285 0.3290 0.4690
v -0.1240 0.2189 0.5009
v -0.1228 0.4087 0.4459
v -0.0907 0.1904 0.5268
v -0.1189 0.1776 0.5129
v -0.1508 0.3795 0.4308
v -0.1370 0.4346 0.4373
v -0.0987 0.4446 0.4442
v -0.0818 0.3501 0.4686
v -0.0895 0.4303 0.4383
v -0.0645 0.2148 0.5149
v -0.0578 0.3169 0.4644
v -0.0637 0.1967 0.5158
v -0.0668 0.1774 0.5262
v -0.1105 0.1718 0.5311
v -0.0643 0.1625 0.5310
v -0.0922 0.1453 0.5336
v -0.0555 0.1858 0.5186
v -0.1178 0.1594 0.5220
v -0.1223 0.1440 0.5191
v -0.0644 0.1474 0.5206
v -0.0479 0.1474 0.5333
v -0.0646 0.1534 0.5409
v -0.0586 0.1490 0.5140
v -0.0805 0.1459 0.5368
v -0.0796 0.1430 0.5239
v -0.0857 0.1384 0.5230
v -0.0479 0.1417 0.5237
v -0.0485 0.1390 0.5164
v -0.0710 0.1457 0.5428
v -0.0805 0.1459 0.5368
v -0.0646 0.1534 0.5409
v -0.0646 0.1534 0.5409
v -0.0599 0.1454 0.5329
v -0.0710 0.1457 0.5428
v -0.0631 0.1351 0.5367
v -0.0479 0.1474 0.5333
v -0.0758 0.1540 0.5235
v -0.0796 0.1430 0.5239
v -0.0852 0.1523 0.5244
v -0.0644 0.1474 0.5206
v -0.0857 0.1384 0.5230
v -0.0736 0.1535 0.5177
v -0.0644 0.1474 0.5206
v -0.0758 0.1540 0.5235
v -0.0852 0.1523 0.5244
v -0.0586 0.1490 0.5140
v -0.0681 0.1538 0.4921
v -0.0612 0.1648 0.5093
v -0.0659 0.1729 0.4876
v -0.0662 0.1902 0.4853
v -0.0620 0.1852 0.5100
v -0.0680 0.1401 0.5026
v -0.0587 0.1359 0.5226
v -0.0668 0.1774 0.5262
v -0.0643 0.1625 0.5310
v -0.0641 0.1877 0.4814
v -0.0644 0.1474 0.5206
v -0.1590 0.3014 0.4336
v -0.1598 0.2678 0.4101
v -0.1476 0.2202 0.4662
v -0.1659 0.3587 0.3797
v -0.1394 0.1670 0.4507
v -0.1341 0.1677 0.4988
v -0.1651 0.3533 0.3576
v -0.1508 0.3795 0.4308
v -0.1240 0.2189 0.5009
v -0.1285 0.3290 0.4690
v -0.1189 0.1776 0.5129
v -0.1703 0.3756 0.3885
v -0.1581 0.4181 0.4152
v -0.1370 0.4346 0.4373
v -0.1643 0.3873 0.3766
v -0.1237 0.1489 0.5032
v -0.1178 0.1594 0.5220
v -0.1105 0.1718 0.5311
v -0.1223 0.1440 0.5191
v -0.1346 0.1368 0.4835
v -0.1295 0.1215 0.4939
v -0.1332 0.1141 0.4712
v -0.1296 0.1536 0.4307
v -0.1283 0.1583 0.4721
v -0.1839 0.3644 0.3726
v -0.1795 0.3863 0.3582
v -0.1687 0.4044 0.3622
v -0.1483 0.4155 0.4024
v -0.1605 0.4521 0.3781
v -0.1547 0.4590 0.4151
v -0.1527 0.4828 0.4184
v -0.1541 0.4763 0.3878
v -0.1462 0.5054 0.4015
v -0.1379 0.5219 0.4153
v -0.1181 0.5379 0.4494
v -0.0593 0.2432 0.3470
v -0.0697 0.1340 0.3944
v -0.0765 0.2108 0.3567
v -0.0423 0.1623 0.3880
v -0.0548 0.1374 0.3974
v -0.0867 0.3490 0.2991
v -0.0599 0.3769 0.2941
v -0.0855 0.3986 0.2739
v -0.0821 0.4180 0.2642
v -0.1154 0.3585 0.2914
v -0.1330 0.3875 0.2772
v -0.0991 0.1201 0.4090
v -0.0809 0.0830 0.4113
v -0.0494 0.0851 0.4186
v -0.0826 0.0704 0.4141
v -0.0767 0.0413 0.4303
v -0.1087 0.0361 0.4482
v -0.0691 0.0109 0.4345
v -0.1103 0.0091 0.4519
v -0.0201 0.2605 0.3991
v -0.0237 0.1999 0.4363
v -0.0370 0.1830 0.3831
v -0.0243 0.1771 0.4264
v -0.0423 0.1623 0.3880
v -0.0425 0.2364 0.3615
v -0.0253 0.3197 0.3584
v -0.0213 0.3874 0.3668
v -0.0344 0.3780 0.3219
v -0.0248 0.4240 0.3284
v -0.0367 0.4268 0.3002
v -0.0192 0.4224 0.3766
v -0.0548 0.1374 0.3974
v -0.0262 0.1602 0.4519
v -0.0377 0.1204 0.4508
v -0.0494 0.0851 0.4186
v -0.0394 0.0844 0.4380
v -0.0298 0.1156 0.4622
v -0.0302 0.4643 0.3831
v -0.0767 0.0413 0.4303
v -0.0392 0.1591 0.4904
v -0.0350 0.1462 0.5151
v -0.0320 0.4347 0.3282
v -0.0427 0.0445 0.4528
v -0.0691 0.0109 0.4345
v -0.0434 0.0138 0.4639
v -0.0570 0.1756 0.5119
v -0.1303 0.1641 0.3826
v -0.1204 0.1473 0.4001
v -0.1167 0.1348 0.3934
v -0.1048 0.1224 0.4058
v -0.1167 0.1348 0.3934
v -0.1048 0.1224 0.4058
v -0.1140 0.1189 0.4026
v -0.0587 0.1359 0.5226
v -0.0479 0.1417 0.5237
v -0.0485 0.1390 0.5164
v -0.0680 0.1401 0.5026
v -0.0539 0.1658 0.5003
v -0.0681 0.1538 0.4921
v -0.0547 0.1608 0.5089
v -0.0659 0.1729 0.4876
v -0.0481 0.1800 0.4925
v -0.0641 0.1877 0.4814
v -0.0489 0.1509 0.5091
v -0.0479 0.1417 0.5237
v -0.0587 0.1359 0.5226
v -0.0644 0.1474 0.5206
v -0.0547 0.1608 0.5089
v -0.0489 0.1509 0.5091
v -0.0586 0.1490 0.5140
v -0.0612 0.1648 0.5093
v -0.0485 0.1390 0.5164
v -0.0539 0.1658 0.5003
v -0.0570 0.1756 0.5119
v -0.0481 0.1800 0.4925
v -0.0578 0.3169 0.4644
v -0.0645 0.2148 0.5149
v -0.0284 0.2613 0.4423
v -0.0281 0.3354 0.4151
v -0.0531 0.3983 0.4302
v -0.0249 0.3793 0.3846
v -0.0237 0.1999 0.4363
v -0.0201 0.2605 0.3991
v -0.0213 0.3874 0.3668
v -0.0505 0.4201 0.4164
v -0.0895 0.4303 0.4383
v -0.0818 0.3501 0.4686
v -0.0879 0.2308 0.5122
v -0.0506 0.1890 0.4678
v -0.0637 0.1967 0.5158
v -0.0243 0.1771 0.4264
v -0.0334 0.1789 0.4897
v -0.0262 0.1602 0.4519
v -0.0392 0.1591 0.4904
v -0.0570 0.1756 0.5119
v -0.0377 0.1204 0.4508
v -0.0555 0.1858 0.5186
v -0.0668 0.1774 0.5262
v -0.1204 0.1473 0.4001
v -0.1233 0.1643 0.3872
v -0.1298 0.1481 0.3978
v -0.1140 0.1189 0.4026
v -0.1276 0.1736 0.3891
v -0.1058 0.1976 0.3786
v -0.1165 0.2066 0.3833
v -0.1048 0.1224 0.4058
v -0.1165 0.2066 0.3833
v -0.1290 0.2217 0.3732
v -0.1276 0.1736 0.3891
v -0.1303 0.1641 0.3826
v -0.1298 0.1481 0.3978
v -0.1273 0.2280 0.3817
v -0.1425 0.2716 0.3739
v -0.1167 0.1348 0.3934
v -0.1298 0.1481 0.3978
v -0.1303 0.1641 0.3826
v -0.1140 0.1189 0.4026
v -0.0867 0.3490 0.2991
v -0.1057 0.2734 0.3376
v -0.1412 0.3460 0.3200
v -0.1323 0.2916 0.3538
v -0.0765 0.2108 0.3567
v -0.1058 0.1976 0.3786
v -0.1533 0.3401 0.3361
v -0.1386 0.2815 0.3594
v -0.1142 0.1584 0.4024
v -0.0697 0.1340 0.3944
v -0.1154 0.3585 0.2914
v -0.1451 0.3765 0.2997
v -0.1330 0.3875 0.2772
v -0.1080 0.1348 0.4211
v -0.1754 0.4154 0.3078
v -0.1188 0.4260 0.2701
v -0.1635 0.4315 0.2861
v -0.1283 0.4495 0.2632
v -0.0821 0.4180 0.2642
v -0.0778 0.4581 0.2690
v -0.0855 0.3986 0.2739
v -0.1642 0.4521 0.2824
v -0.1739 0.4811 0.2920
v -0.0651 0.4407 0.2690
v -0.0615 0.4764 0.2576
v -0.0936 0.4782 0.2566
v -0.1660 0.3641 0.3318
v -0.0991 0.1201 0.4090
v -0.1290 0.2217 0.3732
v -0.1303 0.1641 0.3826
v -0.1233 0.1643 0.3872
v -0.1483 0.3162 0.3448
v -0.1204 0.1473 0.4001
v -0.1303 0.1641 0.3826
v -0.1233 0.1643 0.3872
v -0.0612 0.1648 0.5093
v -0.0350 0.1462 0.5151
v -0.0570 0.1756 0.5119
v -0.1010 0.1907 0.4023
v -0.1126 0.1954 0.3932
v -0.1075 0.2187 0.4044
v -0.1033 0.1833 0.4002
v -0.1103 0.2163 0.3823
v -0.1165 0.2066 0.3833
v -0.0481 0.1800 0.4925
v -0.0570 0.1756 0.5119
v -0.0620 0.1852 0.5100
v -0.0668 0.1774 0.5262
v -0.0662 0.1902 0.4853
v -0.0641 0.1877 0.4814
v -0.1010 0.1907 0.4023
v -0.1060 0.2076 0.3853
v -0.0995 0.1899 0.3908
v -0.1103 0.2163 0.3823
v -0.1075 0.2187 0.4044
v -0.1033 0.1833 0.4002
v -0.0995 0.1899 0.3908
v -0.1058 0.1976 0.3786
v -0.1126 0.1954 0.3932
v -0.1033 0.1833 0.4002
v -0.0995 0.1899 0.3908
v -0.1165 0.2066 0.3833
v -0.1058 0.1976 0.3786
v -0.0995 0.1899 0.3908
v -0.0935 0.2098 0.3737
v -0.0974 0.2117 0.3756
v -0.1103 0.2163 0.3823
v -0.0914 0.2088 0.3729
v -0.0900 0.2082 0.3724
v -0.0886 0.2076 0.3719
v -0.0872 0.2069 0.3713
v -0.1165 0.2066 0.3833
v -0.0935 0.2098 0.3737
v -0.0914 0.2088 0.3729
v -0.0928 0.2096 0.3738
v -0.0909 0.2087 0.3729
v -0.0900 0.2082 0.3724
v -0.0899 0.2082 0.3725
v -0.0886 0.2076 0.3719
v -0.0885 0.2076 0.3719
v -0.0872 0.2069 0.3713
v -0.1060 0.2076 0.3853
v -0.0928 0.2096 0.3738
v -0.0995 0.1899 0.3908
v -0.0909 0.2087 0.3729
v -0.0899 0.2082 0.3725
v -0.0885 0.2076 0.3719
v -0.0872 0.2069 0.3713
v -0.0974 0.2117 0.3756
v -0.1103 0.2163 0.3823
v -0.0935 0.2098 0.3737
v -0.0928 0.2096 0.3738
v -0.0974 0.2117 0.3756
v -0.0501 0.5048 0.2793
v -0.0936 0.4782 0.2566
v -0.0696 0.5066 0.2703
v -0.0941 0.5098 0.2533
v -0.0615 0.4764 0.2576
v -0.0344 0.3780 0.3219
v -0.0821 0.4180 0.2642
v -0.0367 0.4268 0.3002
v -0.0487 0.4461 0.2828
v -0.0339 0.4605 0.2915
v -0.0651 0.4407 0.2690
v -0.0474 0.4646 0.2742
v -0.0599 0.3769 0.2941
v -0.0425 0.2364 0.3615
v -0.0593 0.2432 0.3470
v -0.0370 0.1830 0.3831
v -0.0423 0.1623 0.3880
v -0.0277 0.4917 0.2939
v -0.0206 0.4494 0.3157
v -0.0110 0.4823 0.3257
v -0.1404 0.4294 0.4113
v -0.1370 0.4346 0.4373
v -0.1255 0.4446 0.4276
v -0.1581 0.4181 0.4152
v -0.1483 0.4155 0.4024
v -0.1643 0.3873 0.3766
v -0.0987 0.4446 0.4442
v -0.0706 0.4585 0.4418
v -0.1181 0.5379 0.4494
v -0.1527 0.4828 0.4184
v -0.1547 0.4590 0.4151
v -0.1289 0.4657 0.4193
v -0.1404 0.4294 0.4113
v -0.1483 0.4155 0.4024
v -0.0839 0.5193 0.4363
v -0.0980 0.5600 0.4557
v -0.0648 0.5455 0.4436
v -0.0706 0.4585 0.4418
v -0.0691 0.5029 0.4425
v -0.1348 0.5815 0.4392
v -0.1671 0.5307 0.4065
v -0.1255 0.4446 0.4276
v -0.1379 0.5219 0.4153
v -0.1761 0.4926 0.3959
v -0.1462 0.5054 0.4015
v -0.1541 0.4763 0.3878
v -0.1821 0.4481 0.3732
v -0.1605 0.4521 0.3781
v -0.1687 0.4044 0.3622
v -0.1795 0.3863 0.3582
v -0.1739 0.6291 0.3608
v -0.1723 0.6419 0.3678
v -0.1934 0.6614 0.2870
v -0.1695 0.6110 0.3789
v -0.1384 0.6286 0.4139
v -0.1502 0.6750 0.3494
v -0.1914 0.6844 0.2623
v -0.1710 0.7048 0.2818
v -0.2025 0.7118 0.1942
v -0.1442 0.7380 0.3246
v -0.1948 0.7609 0.1884
v -0.1192 0.6607 0.3910
v -0.1631 0.7941 0.2763
v -0.1859 0.8147 0.2386
v -0.1694 0.8260 0.2537
v -0.1925 0.6781 0.2422
v -0.1942 0.8198 0.2222
v -0.1890 0.8268 0.2231
v -0.1937 0.7402 0.1239
v -0.2054 0.7820 0.1800
v -0.1489 0.5645 0.3938
v -0.1348 0.5815 0.4392
v -0.1680 0.5825 0.3734
v -0.1780 0.5711 0.3232
v -0.1715 0.6060 0.3358
v -0.1671 0.5307 0.4065
v -0.1760 0.5185 0.3756
v -0.1761 0.4926 0.3959
v -0.1914 0.4576 0.3645
v -0.1693 0.5327 0.3234
v -0.1662 0.5684 0.3454
v -0.1821 0.4481 0.3732
v -0.1951 0.4259 0.3487
v -0.1795 0.3863 0.3582
v -0.1892 0.7602 0.1480
v -0.1950 0.7657 0.1079
v -0.1648 0.5412 0.2794
v -0.1861 0.8251 0.2402
v -0.1200 0.7753 0.3174
v -0.0950 0.6088 0.4374
v -0.1790 0.5279 0.3085
v -0.1838 0.5195 0.3544
v -0.1334 0.7994 0.2856
v -0.1132 0.8269 0.2894
v -0.1451 0.8242 0.2634
v -0.1686 0.4742 0.3194
v -0.1780 0.4481 0.3368
v -0.1739 0.4934 0.3516
v -0.1914 0.4576 0.3645
v -0.1760 0.5185 0.3756
v -0.1951 0.4259 0.3487
v -0.1665 0.4523 0.3253
v -0.1635 0.4315 0.2861
v -0.1754 0.4154 0.3078
v -0.1660 0.3641 0.3318
v -0.1795 0.3863 0.3582
v -0.1839 0.3644 0.3726
v -0.1645 0.4573 0.3033
v -0.1642 0.4521 0.2824
v -0.1739 0.4811 0.2920
v -0.1841 0.4944 0.3210
v -0.1838 0.5195 0.3544
v -0.1704 0.5132 0.3121
v -0.1665 0.4523 0.3253
v -0.1780 0.4481 0.3368
v -0.1658 0.4735 0.3286
v -0.1648 0.4801 0.3389
v -0.1308 0.4884 0.3320
v -0.1407 0.4344 0.3383
v -0.1685 0.4624 0.3430
v -0.1565 0.4290 0.3345
v -0.1782 0.4380 0.3442
v -0.1164 0.4677 0.3427
v -0.1537 0.4943 0.3238
v -0.1675 0.4944 0.3266
v -0.1690 0.4328 0.3297
v -0.1782 0.4380 0.3442
v -0.1565 0.4290 0.3345
v -0.1658 0.4735 0.3286
v -0.1685 0.4624 0.3430
v -0.1665 0.4523 0.3253
v -0.1690 0.4328 0.3297
v -0.1648 0.4801 0.3389
v -0.1675 0.4944 0.3266
v -0.1686 0.4742 0.3194
v -0.1782 0.4380 0.3442
v -0.1686 0.4742 0.3194
v -0.1658 0.4735 0.3286
v -0.1780 0.4481 0.3368
v -0.1686 0.4742 0.3194
v -0.1665 0.4523 0.3253
v -0.1164 0.4677 0.3427
v -0.1308 0.4884 0.3320
v -0.1407 0.4344 0.3383
v -0.1565 0.4290 0.3345
v -0.1690 0.4328 0.3297
v -0.1537 0.4943 0.3238
v -0.1675 0.4944 0.3266
v -0.0311 0.4769 0.4220
v -0.0472 0.4421 0.4339
v -0.0302 0.4643 0.3831
v -0.0078 0.4915 0.3716
v -0.0320 0.4347 0.3282
v -0.0206 0.4494 0.3157
v -0.0367 0.4268 0.3002
v -0.0110 0.4823 0.3257
v -0.0360 0.5276 0.4208
v -0.0192 0.4224 0.3766
v -0.0505 0.4201 0.4164
v -0.0213 0.3874 0.3668
v -0.0648 0.5455 0.4436
v -0.0691 0.5029 0.4425
v -0.0706 0.4585 0.4418
v -0.0895 0.4303 0.4383
v -0.0987 0.4446 0.4442
v -0.1228 0.4087 0.4459
v -0.0071 0.5383 0.3631
v -0.0288 0.5340 0.3859
v -0.0313 0.4972 0.3331
v -0.0041 0.5229 0.3390
v -0.0216 0.5606 0.4066
v -0.0546 0.5482 0.4262
v -0.0277 0.4917 0.2939
v -0.0448 0.4829 0.3018
v -0.0533 0.4726 0.2878
v -0.0474 0.4646 0.2742
v -0.0585 0.5869 0.4412
v -0.0980 0.5600 0.4557
v -0.0523 0.4579 0.2908
v -0.0533 0.4726 0.2878
v -0.0448 0.4829 0.3018
v -0.0649 0.4558 0.2811
v -0.0487 0.4461 0.2828
v -0.0601 0.4501 0.2723
v -0.0339 0.4605 0.2915
v -0.0110 0.4823 0.3257
v -0.0313 0.4972 0.3331
v -0.0285 0.5182 0.3874
v -0.1119 0.4782 0.2849
v -0.1054 0.4621 0.2808
v -0.1444 0.4829 0.2961
v -0.0778 0.4581 0.2690
v -0.1739 0.4811 0.2920
v -0.1704 0.5132 0.3121
v -0.1283 0.4495 0.2632
v -0.0889 0.4769 0.2680
v -0.0949 0.4791 0.2728
v -0.0909 0.4727 0.2788
v -0.1101 0.4909 0.2829
v -0.1118 0.4907 0.2880
v -0.1221 0.4981 0.2840
v -0.1105 0.4901 0.2783
v -0.0832 0.4767 0.2663
v -0.0649 0.4558 0.2811
v -0.0916 0.4846 0.2663
v -0.0609 0.4714 0.2667
v -0.0601 0.4501 0.2723
v -0.0909 0.4727 0.2788
v -0.1105 0.4901 0.2783
v -0.1035 0.4797 0.2867
v -0.1101 0.4909 0.2829
v -0.0882 0.4530 0.2819
v -0.0649 0.4558 0.2811
v -0.0659 0.4606 0.2884
v -0.0704 0.4951 0.2805
v -0.0535 0.4868 0.2930
v -0.0949 0.4791 0.2728
v -0.0882 0.4530 0.2819
v -0.0511 0.4961 0.2851
v -0.0392 0.4984 0.2941
v -0.0916 0.4846 0.2663
v -0.1035 0.4797 0.2867
v -0.0949 0.4791 0.2728
v -0.0882 0.4530 0.2819
v -0.1101 0.4909 0.2829
v -0.0533 0.4726 0.2878
v -0.0659 0.4606 0.2884
v -0.0535 0.4868 0.2930
v -0.0470 0.4831 0.2844
v -0.0392 0.4984 0.2941
v -0.0649 0.4558 0.2811
v -0.0882 0.4530 0.2819
v -0.1204 0.4861 0.2752
v -0.1601 0.5149 0.2912
v -0.1351 0.5356 0.2808
v -0.1207 0.5064 0.2778
v -0.0941 0.5098 0.2533
v -0.0936 0.4782 0.2566
v -0.1444 0.4829 0.2961
v -0.1704 0.5132 0.3121
v -0.1648 0.5412 0.2794
v -0.1790 0.5279 0.3085
v -0.1838 0.5195 0.3544
v -0.1119 0.4782 0.2849
v -0.0778 0.4581 0.2690
v -0.1118 0.4907 0.2880
v -0.1221 0.4981 0.2840
v -0.1105 0.4901 0.2783
v -0.0909 0.4727 0.2788
v -0.0609 0.4714 0.2667
v -0.0511 0.4961 0.2851
v -0.0704 0.4951 0.2805
v -0.0916 0.4846 0.2663
v -0.0473 0.4861 0.2826
v -0.0392 0.4984 0.2941
v -0.0832 0.4767 0.2663
v -0.0474 0.4646 0.2742
v -0.0601 0.4501 0.2723
v -0.0487 0.4461 0.2828
v -0.0609 0.4714 0.2667
v -0.0609 0.4714 0.2667
v -0.0470 0.4831 0.2844
v -0.0473 0.4861 0.2826
v -0.0392 0.4984 0.2941
v -0.0533 0.4726 0.2878
v -0.0474 0.4646 0.2742
v -0.0533 0.4726 0.2878
v -0.0609 0.4714 0.2667
v -0.1595 0.5898 0.3464
v -0.1636 0.5999 0.3468
v -0.1665 0.5977 0.3557
v -0.1600 0.5842 0.3598
v -0.1665 0.5898 0.3704
v -0.1648 0.5985 0.3414
v -0.1715 0.6060 0.3358
v -0.1589 0.6054 0.3533
v -0.1695 0.6110 0.3789
v -0.1644 0.6053 0.3722
v -0.1740 0.6993 0.1504
v -0.2025 0.7118 0.1942
v -0.1937 0.7402 0.1239
v -0.1796 0.6760 0.2315
v -0.1925 0.6781 0.2422
v -0.1934 0.6614 0.2870
v -0.1831 0.7641 0.0869
v -0.1950 0.7657 0.1079
v -0.1698 0.6447 0.2827
v -0.1750 0.6254 0.2679
v -0.1861 0.7975 0.0763
v -0.1965 0.7965 0.1211
v -0.1845 0.8103 0.0787
v -0.2176 0.8346 0.1032
v -0.1489 0.7901 0.0557
v -0.1326 0.8318 0.0272
v -0.2002 0.8130 0.1846
v -0.2054 0.7820 0.1800
v -0.1942 0.8198 0.2222
v -0.1948 0.7609 0.1884
v -0.1892 0.7602 0.1480
v -0.1685 0.8316 0.0406
v -0.1747 0.6396 0.2305
v -0.1675 0.6317 0.3175
v -0.1715 0.6060 0.3358
v -0.1739 0.6291 0.3608
v -0.1545 0.6149 0.3712
v -0.1695 0.6110 0.3789
v -0.2005 0.8496 0.0609
v -0.2177 0.8628 0.1021
v -0.2122 0.8620 0.0595
v -0.1951 0.8386 0.0433
v -0.2212 0.8766 0.0827
v -0.2200 0.8717 0.0692
v -0.1999 0.8472 0.0401
v -0.1868 0.8444 0.0195
v -0.1605 0.8298 0.0015
v -0.1780 0.8430 0.0067
v -0.1738 0.8426 -0.0019
v -0.1277 0.8308 -0.0222
v -0.2242 0.8675 0.0973
v -0.1638 0.5883 0.3161
v -0.1780 0.5711 0.3232
v -0.1648 0.5412 0.2794
v -0.1211 0.5661 0.2276
v -0.1423 0.6137 0.2540
v -0.1086 0.6298 0.1897
v -0.1029 0.6066 0.1731
v -0.0893 0.6427 0.1315
v -0.0895 0.5918 0.1682
v -0.1017 0.7426 0.0855
v -0.0845 0.7386 0.0532
v -0.1090 0.5302 0.2224
v -0.1028 0.7841 0.0531
v -0.0845 0.7386 0.0532
v -0.1017 0.7426 0.0855
v -0.0922 0.7944 0.0195
v -0.1007 0.8301 0.0182
v -0.1006 0.8424 -0.0010
v -0.1644 0.6053 0.3722
v -0.1576 0.5930 0.3745
v -0.1665 0.5898 0.3704
v -0.1545 0.6149 0.3712
v -0.1695 0.6110 0.3789
v -0.1600 0.5842 0.3598
v -0.1623 0.6042 0.3394
v -0.1636 0.5999 0.3468
v -0.1589 0.6054 0.3533
v -0.1545 0.6149 0.3712
v -0.1576 0.5930 0.3745
v -0.1675 0.6317 0.3175
v -0.1715 0.6060 0.3358
v -0.1648 0.5985 0.3414
v -0.1576 0.5930 0.3745
v -0.1589 0.6054 0.3533
v -0.1581 0.5951 0.3520
v -0.1600 0.5842 0.3598
v -0.1595 0.5898 0.3464
v -0.1648 0.5985 0.3414
v -0.1623 0.6042 0.3394
v -0.0901 0.7985 0.3080
v -0.1200 0.7753 0.3174
v -0.0914 0.7481 0.3341
v -0.1132 0.8269 0.2894
v -0.0625 0.6798 0.3778
v -0.0994 0.8305 0.2856
v -0.0950 0.6088 0.4374
v -0.0585 0.5869 0.4412
v -0.0980 0.5600 0.4557
v -0.1348 0.5815 0.4392
v -0.1384 0.6286 0.4139
v -0.1192 0.6607 0.3910
v -0.0526 0.8225 0.2664
v -0.0771 0.8345 0.2739
v -0.0934 0.8387 0.2796
v -0.1045 0.8423 0.2765
v -0.0985 0.8514 0.2665
v -0.0729 0.8459 0.2702
v -0.1073 0.8534 0.2688
v -0.0538 0.8423 0.2672
v -0.0530 0.8445 0.2612
v -0.0538 0.8423 0.2672
v -0.0450 0.8564 0.2461
v -0.0530 0.8445 0.2612
v -0.0546 0.5482 0.4262
v -0.0360 0.5276 0.4208
v -0.0285 0.5182 0.3874
v -0.0078 0.4915 0.3716
v -0.0110 0.4823 0.3257
v -0.0648 0.5455 0.4436
v -0.0980 0.5600 0.4557
v -0.0546 0.5482 0.4262
v -0.0285 0.5182 0.3874
v -0.0288 0.5340 0.3859
v -0.0313 0.4972 0.3331
v -0.0249 0.6654 0.3506
v -0.0112 0.6161 0.3265
v -0.0016 0.6760 0.2648
v -0.0241 0.6415 0.3572
v -0.0073 0.5747 0.3464
v -0.0393 0.6192 0.3983
v -0.0386 0.5835 0.4022
v -0.0585 0.5869 0.4412
v -0.0187 0.5581 0.3649
v -0.0078 0.5419 0.3288
v -0.0084 0.5996 0.2778
v -0.0042 0.6312 0.2473
v 0.0029 0.6665 0.2319
v 0.0122 0.6992 0.2088
v 0.0240 0.7205 0.1357
v 0.0214 0.7363 0.1350
v 0.0216 0.7100 0.1287
v -0.0071 0.5383 0.3631
v -0.0216 0.5606 0.4066
v -0.0041 0.5229 0.3390
v -0.0060 0.7083 0.2155
v 0.0010 0.7312 0.1685
v -0.0239 0.7058 0.3091
v -0.0045 0.7573 0.2179
v -0.0024 0.7819 0.1749
v 0.0045 0.7576 0.1550
v -0.0128 0.7445 0.2668
v -0.0103 0.6829 0.1368
v -0.0011 0.6881 0.1679
v 0.0016 0.7179 0.0934
v -0.0503 0.5384 0.2669
v -0.0772 0.5258 0.2428
v -0.0378 0.5640 0.2396
v -0.0959 0.5191 0.2271
v -0.0254 0.5395 0.2985
v -0.0631 0.6160 0.1518
v -0.0078 0.5419 0.3288
v -0.0941 0.5098 0.2533
v -0.0353 0.6612 0.1575
v -0.0679 0.6669 0.1032
v -0.0451 0.7454 0.0571
v -0.0042 0.6312 0.2473
v -0.0084 0.5996 0.2778
v -0.0631 0.7388 0.0504
v -0.0686 0.7958 0.0141
v -0.0041 0.5229 0.3390
v -0.0103 0.6829 0.1368
v -0.0696 0.5066 0.2703
v -0.0274 0.5161 0.2818
v -0.0277 0.4917 0.2939
v -0.0501 0.5048 0.2793
v -0.0598 0.5175 0.2524
v -0.1665 0.5977 0.3557
v -0.1644 0.6053 0.3722
v -0.1665 0.5898 0.3704
v -0.1589 0.6054 0.3533
v -0.1581 0.5951 0.3520
v -0.1589 0.6054 0.3533
v -0.1665 0.5977 0.3557
v -0.0276 0.7546 0.2723
v -0.0680 0.7705 0.3104
v -0.0437 0.7031 0.3403
v -0.0128 0.7445 0.2668
v -0.0239 0.7058 0.3091
v -0.0249 0.6654 0.3506
v -0.0625 0.6798 0.3778
v -0.0914 0.7481 0.3341
v -0.0901 0.7985 0.3080
v -0.0329 0.7776 0.2674
v -0.0241 0.6415 0.3572
v -0.0393 0.6192 0.3983
v -0.0585 0.5869 0.4412
v -0.0604 0.8059 0.2815
v -0.0495 0.8060 0.2688
v -0.0526 0.8225 0.2664
v -0.0045 0.7573 0.2179
v -0.0181 0.7697 0.2128
v -0.0113 0.7829 0.1897
v -0.0024 0.7819 0.1749
v -0.0680 0.7705 0.3104
v -0.0378 0.7526 0.2766
v -0.0329 0.7776 0.2674
v -0.0276 0.7546 0.2723
v -0.0317 0.7618 0.2481
v -0.0378 0.7526 0.2766
v -0.0181 0.7697 0.2128
v -0.1665 0.5977 0.3557
v -0.1636 0.5999 0.3468
v -0.1581 0.5951 0.3520
v -0.1623 0.6042 0.3394
v -0.1028 0.7841 0.0531
v -0.1017 0.7426 0.0855
v -0.1220 0.7322 0.1095
v -0.1086 0.6298 0.1897
v -0.1427 0.6575 0.1926
v -0.1423 0.6137 0.2540
v -0.1747 0.6396 0.2305
v -0.1740 0.6993 0.1504
v -0.1489 0.7901 0.0557
v -0.1831 0.7641 0.0869
v -0.1007 0.8301 0.0182
v -0.1638 0.5883 0.3161
v -0.1326 0.8318 0.0272
v -0.1163 0.8541 -0.0078
v -0.1006 0.8424 -0.0010
v -0.0962 0.8580 -0.0188
v -0.0686 0.7958 0.0141
v -0.0652 0.8571 -0.0226
v -0.0858 0.8610 -0.0260
v -0.0288 0.8121 0.0014
v -0.0466 0.8618 -0.0353
v -0.0451 0.7454 0.0571
v -0.1304 0.8502 0.0081
v -0.1292 0.8646 -0.0063
v -0.0922 0.7944 0.0195
v -0.0631 0.7388 0.0504
v -0.0845 0.7386 0.0532
v -0.0679 0.6669 0.1032
v -0.0893 0.6427 0.1315
v -0.0895 0.5918 0.1682
v -0.1354 0.8628 0.0030
v -0.1476 0.8440 0.0124
v -0.1685 0.8316 0.0406
v -0.1861 0.7975 0.0763
v -0.0046 0.7768 0.0372
v -0.0030 0.7383 0.0593
v -0.0103 0.6829 0.1368
v -0.0353 0.6612 0.1575
v -0.0631 0.6160 0.1518
v -0.0959 0.5191 0.2271
v -0.1090 0.5302 0.2224
v -0.1351 0.5356 0.2808
v -0.0941 0.5098 0.2533
v -0.1307 0.8721 -0.0050
v -0.1383 0.8766 -0.0027
v -0.1648 0.5412 0.2794
v -0.0538 0.8423 0.2672
v -0.0694 0.8456 0.2906
v -0.0565 0.8510 0.2706
v -0.0499 0.8698 0.2454
v -0.0687 0.8265 0.3079
v -0.0581 0.8160 0.2896
v -0.0753 0.8649 0.2804
v -0.0526 0.8225 0.2664
v -0.0502 0.8673 0.2447
v -0.0450 0.8564 0.2461
v -0.0604 0.8059 0.2815
v -0.0687 0.8265 0.3079
v -0.0604 0.8059 0.2815
v -0.0510 0.8201 0.3008
v -0.0495 0.8060 0.2688
v -0.0712 0.8347 0.3116
v -0.1132 0.8269 0.2894
v -0.1694 0.8260 0.2537
v -0.1880 0.8312 0.2525
v -0.1861 0.8251 0.2402
v -0.2109 0.8258 0.2276
v -0.1942 0.8198 0.2222
v -0.1442 0.8322 0.2763
v -0.1451 0.8242 0.2634
v -0.2002 0.8130 0.1846
v -0.1088 0.8320 0.2979
v -0.2133 0.8216 0.1732
v -0.2034 0.8156 0.1312
v -0.1965 0.7965 0.1211
v -0.2176 0.8346 0.1032
v -0.0378 0.7526 0.2766
v -0.0680 0.7705 0.3104
v -0.0276 0.7546 0.2723
v -0.2052 0.8820 0.0815
v -0.2105 0.8864 0.1000
v -0.2131 0.8769 0.0969
v -0.2044 0.9076 0.1043
v -0.1995 0.9131 0.0945
v -0.1987 0.9325 0.1046
v -0.2064 0.8783 0.0782
v -0.1994 0.9132 0.0846
v -0.2020 0.9053 0.1193
v -0.1980 0.9264 0.1205
v -0.2053 0.8810 0.1232
v -0.2177 0.8628 0.1021
v -0.2191 0.8589 0.1254
v -0.2291 0.7654 0.1144
v -0.2389 0.7656 0.0936
v -0.2164 0.8794 0.1431
v -0.2030 0.9225 0.1395
v -0.2450 0.7664 0.1378
v -0.2355 0.8586 0.1382
v -0.2389 0.7656 0.0936
v -0.2450 0.7664 0.1378
v -0.2683 0.7700 0.0965
v -0.2711 0.7707 0.1260
v -0.2291 0.7654 0.1144
v -0.2030 0.9225 0.1395
v -0.2357 0.9356 0.1466
v -0.2372 0.8803 0.1481
v -0.2164 0.8794 0.1431
v -0.1974 0.9515 0.1407
v -0.2292 0.9730 0.1450
v -0.1921 0.9764 0.1411
v -0.2280 1.0035 0.1392
v -0.2355 0.8586 0.1382
v -0.1956 0.9942 0.1314
v -0.2022 0.9994 0.1306
v -0.2625 0.8805 0.1346
v -0.2514 0.9447 0.1359
v -0.2412 0.9772 0.1340
v -0.2504 0.8639 0.1330
v -0.2450 0.7664 0.1378
v -0.2711 0.7707 0.1260
v -0.2156 1.0107 0.1219
v -0.1679 0.8472 0.2086
v -0.1737 0.8075 0.2401
v -0.1644 0.8204 0.2300
v -0.1890 0.8268 0.2231
v -0.1666 0.8056 0.2427
v -0.1535 0.8104 0.2367
v -0.1487 0.8244 0.2223
v -0.1400 0.8154 0.2270
v -0.1519 0.8402 0.2096
v -0.1859 0.8147 0.2386
v -0.1679 0.8472 0.2086
v -0.1860 0.8307 0.2126
v -0.1890 0.8268 0.2231
v -0.1742 0.8399 0.2083
v -0.2556 0.9306 0.1106
v -0.2625 0.8805 0.1346
v -0.2514 0.9447 0.1359
v -0.2478 0.9653 0.1086
v -0.2412 0.9772 0.1340
v -0.2416 1.0041 0.1097
v -0.2564 0.8828 0.0949
v -0.2595 0.8685 0.1136
v -0.2363 0.9984 0.1263
v -0.2280 1.0035 0.1392
v -0.2504 0.8639 0.1330
v -0.2711 0.7707 0.1260
v -0.2683 0.7700 0.0965
v -0.2433 0.9173 0.0935
v -0.2431 0.8921 0.0881
v -0.2564 0.8828 0.0949
v -0.2556 0.9306 0.1106
v -0.2478 0.9653 0.1086
v -0.2229 0.9550 0.0973
v -0.2435 0.8624 0.0937
v -0.2353 0.9821 0.0970
v -0.2416 1.0041 0.1097
v -0.1969 1.0065 0.0958
v -0.2058 1.0281 0.1101
v -0.2192 0.9225 0.0942
v -0.2242 0.8675 0.0973
v -0.2389 0.7656 0.0936
v -0.2683 0.7700 0.0965
v -0.2149 0.8848 0.0948
v -0.2595 0.8685 0.1136
v -0.2177 0.8628 0.1021
v -0.0385 0.8154 0.2398
v -0.0480 0.7973 0.2607
v -0.0354 0.7898 0.2600
v -0.0255 0.7793 0.2317
v -0.0192 0.7944 0.2108
v -0.0306 0.7783 0.2535
v -0.0242 0.8061 0.2083
v -0.0436 0.8174 0.2510
v -0.0610 0.8115 0.2680
v -0.0609 0.8244 0.2595
v -0.0289 0.8129 0.2597
v -0.0480 0.7973 0.2607
v -0.0499 0.8155 0.2626
v -0.0354 0.7898 0.2600
v -0.0610 0.8115 0.2680
v -0.0200 0.8271 0.2493
v -0.1569 0.8247 0.2508
v -0.1861 0.8251 0.2402
v -0.1551 0.8323 0.2518
v -0.1404 0.8334 0.2585
v -0.1666 0.8056 0.2427
v -0.1737 0.8075 0.2401
v -0.1859 0.8147 0.2386
v -0.1572 0.8378 0.2478
v -0.1623 0.8430 0.2396
v -0.1535 0.8104 0.2367
v -0.1666 0.8056 0.2427
v -0.1569 0.8247 0.2508
v -0.0235 0.8020 0.2213
v -0.0301 0.8119 0.2545
v -0.0436 0.8174 0.2510
v -0.0289 0.8129 0.2597
v -0.0499 0.8155 0.2626
v -0.0560 0.8209 0.2585
v -0.0385 0.8154 0.2398
v -0.0242 0.8061 0.2083
v -0.0192 0.7944 0.2108
v -0.0136 0.7924 0.2152
v -0.0609 0.8244 0.2595
v -0.0610 0.8115 0.2680
v 0.0046 0.7789 0.2557
v -0.0329 0.7776 0.2674
v -0.0317 0.7618 0.2481
v -0.0317 0.7618 0.2481
v -0.0329 0.7776 0.2674
v -0.0378 0.7526 0.2766
v 0.0291 0.7738 0.2513
v -0.0210 0.7765 0.2476
v -0.0354 0.7898 0.2600
v -0.0306 0.7783 0.2535
v -0.0181 0.7697 0.2128
v -0.0080 0.7777 0.2123
v -0.0317 0.7618 0.2481
v -0.0210 0.7765 0.2476
v -0.0113 0.7829 0.1897
v 0.0046 0.7789 0.2557
v -0.0317 0.7618 0.2481
v -0.0210 0.7765 0.2476
v -0.0024 0.7819 0.1749
v -0.0080 0.7777 0.2123
v -0.0113 0.7829 0.1897
v -0.0050 0.8126 0.1989
v -0.0200 0.8271 0.2493
v -0.0235 0.8020 0.2213
v -0.0086 0.8048 0.1892
v 0.0058 0.8377 0.1964
v -0.0274 0.8150 0.2413
v -0.0301 0.8119 0.2545
v -0.0289 0.8129 0.2597
v -0.0084 0.8389 0.2245
v 0.0278 0.7793 0.1704
v -0.0134 0.8623 0.2201
v 0.0187 0.7788 0.1744
v -0.0136 0.7924 0.2152
v -0.0080 0.7777 0.2123
v -0.0210 0.7765 0.2476
v -0.0024 0.7819 0.1749
v -0.0136 0.7924 0.2152
v -0.0255 0.7793 0.2317
v -0.0210 0.7765 0.2476
v -0.0192 0.7944 0.2108
v -0.0306 0.7783 0.2535
v 0.0175 0.8593 0.2647
v 0.0221 0.9189 0.2730
v -0.0245 0.8511 0.2701
v 0.0193 0.9622 0.2798
v -0.0274 0.9627 0.2820
v 0.0173 1.0025 0.2837
v -0.0239 1.0365 0.2866
v 0.0079 1.0407 0.2858
v -0.0453 0.8634 0.2655
v -0.0495 0.8060 0.2688
v -0.0329 0.7776 0.2674
v 0.0151 0.8371 0.2550
v 0.0046 0.7789 0.2557
v 0.0307 0.8173 0.2577
v 0.0358 0.7919 0.2566
v 0.0291 0.7738 0.2513
v 0.0329 0.8470 0.2687
v 0.0534 0.8044 0.2590
v 0.0568 0.7906 0.2475
v 0.0918 0.7953 0.2475
v 0.1087 0.7875 0.2350
v 0.1597 0.7965 0.2145
v 0.1329 0.7891 0.2206
v -0.0210 0.7765 0.2476
v 0.0207 0.8400 0.2454
v 0.0307 0.8173 0.2577
v 0.0358 0.7919 0.2566
v 0.0291 0.7738 0.2513
v 0.0603 0.7976 0.2362
v 0.0654 0.8002 0.2458
v 0.0709 0.8017 0.2443
v 0.0788 0.8011 0.2402
v 0.0542 0.8038 0.2480
v 0.0912 0.7930 0.2305
v 0.0424 0.8093 0.2455
v 0.0912 0.7930 0.2305
v 0.0568 0.7906 0.2475
v 0.0603 0.7976 0.2362
v 0.1087 0.7875 0.2350
v 0.1329 0.7891 0.2206
v 0.1641 0.8008 0.1991
v 0.0424 0.8093 0.2455
v 0.0307 0.8173 0.2577
v 0.0207 0.8400 0.2454
v 0.2114 0.8200 0.1214
v 0.2000 0.8283 0.1241
v 0.2058 0.8326 0.1017
v 0.2042 0.8124 0.1605
v 0.2168 0.8308 0.0941
v 0.2120 0.8385 0.0820
v 0.2003 0.8310 0.1440
v 0.1996 0.8085 0.1849
v 0.1641 0.8008 0.1991
v 0.1842 0.8157 0.1749
v 0.1943 0.8205 0.1643
v 0.1754 0.8018 0.2069
v 0.1597 0.7965 0.2145
v 0.1329 0.7891 0.2206
v -0.0012 0.8346 0.2430
v 0.0291 0.7738 0.2513
v -0.0200 0.8271 0.2493
v -0.0354 0.7898 0.2600
v 0.0207 0.8400 0.2454
v -0.0084 0.8389 0.2245
v -0.0012 0.8346 0.2430
v -0.0200 0.8271 0.2493
v -0.0132 0.9249 0.2705
v 0.0188 0.8613 0.2552
v -0.0179 0.8862 0.2642
v 0.0143 0.9133 0.2636
v 0.0083 0.9583 0.2735
v -0.0172 0.9626 0.2753
v 0.0211 0.9357 0.2659
v -0.0313 0.8936 0.2648
v -0.0278 0.8847 0.2637
v -0.0267 0.9258 0.2688
v 0.0229 0.8864 0.2636
v 0.0291 0.8528 0.2606
v 0.0142 0.9777 0.2699
v -0.0166 0.8819 0.2620
v -0.0190 0.8505 0.2605
v -0.0274 0.9549 0.2709
v -0.0340 0.9775 0.2705
v -0.0216 0.8681 0.2636
v -0.0289 0.8624 0.2624
v -0.0055 0.8396 0.2494
v 0.0207 0.8400 0.2454
v -0.0244 0.8541 0.2623
v -0.0390 0.8628 0.2605
v -0.0310 0.8390 0.2503
v -0.0338 0.8486 0.2556
v -0.0012 0.8346 0.2430
v 0.0503 0.8115 0.2520
v 0.0424 0.8093 0.2455
v 0.0542 0.8038 0.2480
v 0.0654 0.8002 0.2458
v 0.0686 0.9135 0.2428
v 0.1335 0.8961 0.2156
v 0.0357 0.8784 0.2608
v 0.1074 0.9167 0.2252
v 0.0491 0.9564 0.2471
v 0.1324 0.8497 0.2177
v 0.0503 0.8115 0.2520
v 0.0709 0.8017 0.2443
v 0.0694 0.9616 0.2402
v 0.1056 0.9299 0.2253
v 0.0788 0.8011 0.2402
v 0.1344 0.9173 0.2168
v 0.0211 0.9357 0.2659
v 0.0906 0.9503 0.2322
v 0.0338 0.9828 0.2573
v 0.0244 0.9825 0.2634
v 0.0083 0.9583 0.2735
v 0.0142 0.9777 0.2699
v 0.1425 0.8790 0.2098
v 0.1201 0.9329 0.2152
v 0.0233 0.9916 0.2652
v 0.0128 0.9937 0.2706
v 0.0291 0.8528 0.2606
v 0.0534 0.9973 0.2483
v 0.0654 0.8002 0.2458
v 0.0229 0.8864 0.2636
v 0.0912 0.7930 0.2305
v 0.1328 0.8230 0.2159
v 0.1641 0.8008 0.1991
v 0.1621 0.8467 0.1849
v 0.1773 0.8366 0.1793
v 0.1343 0.8463 0.2079
v 0.1842 0.8157 0.1749
v 0.1026 0.9182 0.2336
v 0.1218 0.8531 0.1954
v 0.1621 0.8467 0.1849
v 0.1343 0.8463 0.2079
v 0.1203 0.9170 0.2290
v 0.1060 0.9423 0.2343
v 0.0988 0.9298 0.2414
v 0.1199 0.9550 0.2242
v 0.1199 0.9550 0.2242
v 0.1203 0.9170 0.2290
v 0.1454 0.9689 0.2098
v 0.1651 0.9271 0.2134
v 0.1669 0.9829 0.1987
v 0.1096 0.8820 0.2372
v 0.0973 0.9088 0.2395
v 0.0221 0.9189 0.2730
v 0.0329 0.8470 0.2687
v 0.0534 0.8044 0.2590
v 0.0337 0.9860 0.2630
v 0.1029 0.8101 0.2382
v 0.0918 0.7953 0.2475
v 0.0193 0.9622 0.2798
v 0.0173 1.0025 0.2837
v 0.1804 0.9026 0.1971
v 0.1060 0.9423 0.2343
v 0.0902 0.9624 0.2418
v 0.1927 0.9417 0.1885
v 0.1597 0.7965 0.2145
v 0.1139 0.9240 0.2507
v 0.0444 1.0091 0.2785
v 0.1222 0.9281 0.2441
v 0.1824 0.9838 0.1838
v 0.0788 0.9804 0.2495
v 0.1754 0.8018 0.2069
v 0.0586 0.9985 0.2548
v 0.1996 0.8085 0.1849
v 0.0578 1.0073 0.2631
v 0.1811 1.0044 0.1823
v 0.0153 0.7368 0.0831
v 0.0186 0.7203 0.1128
v 0.0016 0.7179 0.0934
v -0.0030 0.7383 0.0593
v 0.0216 0.7100 0.1287
v -0.0103 0.6829 0.1368
v -0.0011 0.6881 0.1679
v 0.0029 0.6665 0.2319
v 0.0156 0.7657 0.0681
v 0.0088 0.7820 0.0537
v -0.0046 0.7768 0.0372
v 0.0195 0.7701 0.0428
v -0.0046 0.7768 0.0372
v 0.0064 0.7651 0.0120
v 0.0088 0.7820 0.0537
v 0.0222 0.7389 0.0120
v 0.0075 0.7476 -0.0348
v 0.0136 0.7334 -0.0154
v 0.0126 0.7180 0.0559
v 0.0153 0.7368 0.0831
v 0.0156 0.7340 0.0281
v 0.0077 0.7092 0.0875
v 0.0156 0.7657 0.0681
v 0.0174 0.7767 0.0447
v 0.0157 0.7872 0.0367
v 0.0186 0.7203 0.1128
v 0.0264 0.6972 0.1275
v 0.0041 0.6810 0.0750
v -0.0100 0.7020 0.0313
v 0.0216 0.7100 0.1287
v 0.0258 0.6488 0.0773
v 0.0501 0.7569 0.1669
v 0.0214 0.7363 0.1350
v 0.1093 0.3535 -0.2413
v 0.0718 0.3864 -0.2089
v 0.0731 0.3291 -0.2653
v 0.0831 0.2787 -0.3174
v 0.1104 0.3817 -0.2057
v 0.0412 0.3090 -0.3043
v 0.0504 0.2337 -0.3672
v 0.0759 0.3950 -0.2054
v 0.0455 0.4090 -0.2113
v 0.0190 0.4331 -0.1858
v 0.0586 0.4143 -0.1890
v 0.0731 0.4025 -0.1607
v 0.0409 0.4198 -0.1626
v 0.0407 0.8541 0.1557
v 0.0637 0.8757 0.1674
v 0.0409 0.8713 0.1643
v 0.0345 0.8436 0.1467
v 0.0512 0.8221 0.1277
v 0.1362 0.7188 0.1340
v 0.1104 0.6720 0.0680
v 0.1449 0.6166 0.0600
v 0.1100 0.7438 0.1167
v 0.1166 0.7747 0.1381
v 0.1529 0.7588 0.1584
v 0.1192 0.8238 0.1763
v 0.1051 0.8378 0.1703
v 0.0833 0.5487 -0.0134
v 0.1093 0.5086 -0.0206
v 0.0533 0.4971 -0.0735
v 0.0469 0.5337 -0.0491
v 0.0747 0.7904 0.1293
v 0.0283 0.8035 0.0937
v 0.0668 0.7406 0.0948
v 0.0758 0.4540 -0.0992
v 0.0877 0.4252 -0.1123
v 0.0414 0.4711 -0.1128
v 0.0745 0.4175 -0.1362
v 0.0315 0.4637 -0.1473
v 0.0178 0.4441 -0.1614
v 0.0173 0.5257 -0.1064
v 0.0697 0.8893 0.1749
v 0.1056 0.8530 0.1842
v 0.0778 0.7125 0.0849
v 0.0893 0.6509 0.0497
v 0.0182 0.5765 -0.0209
v 0.0488 0.5827 0.0119
v 0.0258 0.6488 0.0773
v 0.0770 0.7314 0.0995
v 0.0799 0.8839 0.1784
v 0.0684 0.8957 0.1754
v 0.0823 0.6981 0.0847
v 0.0437 0.6575 0.0903
v 0.0436 0.7008 0.1274
v 0.0126 0.4979 -0.1613
v 0.0222 0.5057 -0.1522
v 0.0608 0.8962 0.1748
v 0.0562 0.8966 0.1741
v 0.0102 0.5369 -0.1713
v 0.0436 0.7008 0.1274
v 0.0264 0.6972 0.1275
v 0.0258 0.6488 0.0773
v 0.0501 0.7569 0.1669
v 0.0485 0.8888 0.2162
v -0.0134 0.8623 0.2201
v 0.0353 0.8530 0.2060
v 0.0058 0.8377 0.1964
v 0.0759 0.8202 0.1738
v -0.0264 0.8823 0.2239
v 0.1052 0.8663 0.2068
v 0.0501 0.7569 0.1669
v 0.1000 0.8299 0.1769
v 0.0309 0.8993 0.2291
v -0.0101 0.8940 0.2285
v 0.0051 0.9009 0.2279
v -0.0451 0.8922 0.2446
v 0.0784 0.8996 0.2179
v 0.0278 0.7793 0.1704
v -0.0534 0.9191 0.2510
v -0.0410 0.9400 0.2527
v -0.0159 0.8454 0.2222
v -0.0084 0.8389 0.2245
v 0.1218 0.8531 0.1954
v 0.1192 0.8238 0.1763
v 0.1621 0.8467 0.1849
v 0.1773 0.8366 0.1793
v 0.1529 0.7588 0.1584
v 0.1842 0.8157 0.1749
v 0.0974 0.8695 0.2144
v -0.0172 0.9626 0.2753
v 0.0142 0.9777 0.2699
v 0.0491 0.9564 0.2471
v 0.0338 0.9828 0.2573
v 0.0128 0.9937 0.2706
v 0.0534 0.9973 0.2483
v 0.0318 1.0185 0.2635
v 0.0153 1.0109 0.2691
v -0.0340 0.9775 0.2705
v 0.0709 0.9074 0.2159
v 0.0906 0.9503 0.2322
v 0.0694 0.9616 0.2402
v 0.1201 0.9329 0.2152
v 0.1344 0.9173 0.2168
v 0.1335 0.8961 0.2156
v 0.0214 0.7363 0.1350
v 0.0045 0.7576 0.1550
v 0.0187 0.7788 0.1744
v -0.0024 0.7819 0.1749
v -0.0086 0.8048 0.1892
v -0.0050 0.8126 0.1989
v 0.1335 0.8961 0.2156
v 0.0709 0.9074 0.2159
v 0.0987 0.8852 0.2103
v 0.1168 0.8808 0.1948
v 0.1308 0.8702 0.1924
v 0.1425 0.8790 0.2098
v 0.0254 0.8189 0.1120
v 0.0229 0.8114 0.0971
v 0.0283 0.8035 0.0937
v 0.0145 0.8074 0.0801
v 0.0201 0.8163 0.1020
v 0.0027 0.8286 0.1056
v 0.0064 0.8267 0.1066
v -0.0030 0.8336 0.1062
v 0.0512 0.8221 0.1277
v 0.0312 0.8276 0.1268
v 0.0193 0.8284 0.1221
v 0.0075 0.8381 0.1323
v 0.0126 0.8300 0.1202
v 0.0200 0.8253 0.1174
v 0.0206 0.8231 0.1139
v 0.0047 0.8307 0.1142
v 0.0149 0.8376 0.1346
v 0.0031 0.8301 0.1107
v 0.0345 0.8436 0.1467
v 0.0220 0.7876 0.0747
v 0.0375 0.7801 0.0833
v 0.0394 0.7715 0.0747
v 0.0108 0.7879 0.0634
v 0.0088 0.7820 0.0537
v 0.0668 0.7406 0.0948
v 0.0493 0.7528 0.0783
v 0.0436 0.7650 0.0772
v 0.0468 0.7438 0.0678
v 0.0244 0.7859 0.0711
v 0.0047 0.8313 0.1141
v 0.0206 0.8231 0.1139
v 0.0200 0.8255 0.1174
v 0.0200 0.8253 0.1174
v 0.0201 0.8163 0.1020
v 0.0040 0.8289 0.1055
v 0.0064 0.8267 0.1066
v -0.0030 0.8336 0.1062
v 0.0040 0.8289 0.1055
v 0.0027 0.8286 0.1056
v -0.0030 0.8336 0.1062
v 0.0201 0.8163 0.1020
v 0.0394 0.7715 0.0747
v 0.0201 0.8163 0.1020
v 0.0254 0.8189 0.1120
v 0.0145 0.8074 0.0801
v 0.0493 0.7528 0.0783
v 0.0692 0.7700 0.1329
v 0.0027 0.8286 0.1056
v 0.0244 0.7859 0.0711
v 0.0707 0.7520 0.1193
v 0.0700 0.7384 0.1063
v 0.0668 0.7406 0.0948
v 0.0468 0.7438 0.0678
v 0.0716 0.7907 0.1418
v 0.0345 0.8436 0.1467
v 0.0193 0.8284 0.1221
v 0.0732 0.8057 0.1532
v 0.0407 0.8541 0.1557
v 0.0679 0.8267 0.1706
v 0.0184 0.8316 0.1265
v 0.0149 0.8376 0.1346
v 0.0126 0.8300 0.1202
v 0.0047 0.8313 0.1141
v 0.0075 0.8381 0.1323
v 0.0031 0.8301 0.1107
v 0.0108 0.7879 0.0634
v 0.0177 0.7771 0.0662
v 0.0088 0.7820 0.0537
v 0.0174 0.7767 0.0447
v 0.0770 0.7314 0.0995
v 0.0191 0.8289 0.1224
v 0.0751 0.7667 0.1425
v 0.0200 0.8255 0.1174
v 0.0206 0.8231 0.1139
v 0.0193 0.8284 0.1221
v 0.0200 0.8253 0.1174
v 0.0200 0.8255 0.1174
v 0.0770 0.7314 0.0995
v 0.0751 0.7667 0.1425
v 0.0436 0.7008 0.1274
v 0.0501 0.7569 0.1669
v 0.0759 0.8202 0.1738
v 0.0823 0.6981 0.0847
v 0.0437 0.6575 0.0903
v 0.0893 0.6509 0.0497
v 0.0488 0.5827 0.0119
v 0.0792 0.7903 0.1415
v 0.0751 0.7667 0.1425
v 0.0707 0.7520 0.1193
v 0.0759 0.8202 0.1738
v 0.0781 0.8217 0.1686
v 0.1000 0.8299 0.1769
v 0.1104 0.6720 0.0680
v 0.0778 0.7125 0.0849
v 0.0823 0.6981 0.0847
v 0.0778 0.7125 0.0849
v 0.0770 0.7314 0.0995
v 0.0823 0.6981 0.0847
v 0.1093 0.5086 -0.0206
v 0.1520 0.5342 -0.0014
v 0.1449 0.6166 0.0600
v 0.1341 0.5142 -0.0170
v 0.1191 0.4620 -0.0674
v 0.0877 0.4252 -0.1123
v 0.1094 0.4268 -0.1155
v 0.1074 0.4097 -0.1345
v 0.1716 0.5955 0.0292
v 0.1679 0.6517 0.0747
v 0.1569 0.6763 0.1006
v 0.1362 0.7188 0.1340
v 0.1466 0.7130 0.1323
v 0.1529 0.7588 0.1584
v 0.0745 0.4175 -0.1362
v 0.1345 0.3995 -0.1806
v 0.1838 0.5079 -0.1187
v 0.1773 0.5461 -0.0319
v 0.1756 0.5240 -0.0660
v 0.1520 0.5342 -0.0014
v 0.1716 0.5955 0.0292
v 0.1708 0.4877 -0.1474
v 0.1868 0.5038 -0.1559
v 0.1719 0.4640 -0.1735
v 0.1786 0.4747 -0.1759
v 0.1585 0.4892 -0.1255
v 0.1794 0.6543 0.0222
v 0.1679 0.6517 0.0747
v 0.1751 0.6838 0.0559
v 0.1569 0.6763 0.1006
v 0.1685 0.7022 0.0893
v 0.1466 0.7130 0.1323
v 0.1703 0.7568 0.1477
v 0.1529 0.7588 0.1584
v 0.1842 0.8157 0.1749
v 0.2076 0.7716 0.1160
v 0.1943 0.8205 0.1643
v 0.2042 0.7065 0.0818
v 0.2316 0.7551 0.0590
v 0.1541 0.5004 -0.1004
v 0.1442 0.4777 -0.0700
v 0.1508 0.5232 -0.0436
v 0.1341 0.5142 -0.0170
v 0.1191 0.4620 -0.0674
v 0.1094 0.4268 -0.1155
v 0.1426 0.4547 -0.1123
v 0.1390 0.4322 -0.1701
v 0.1511 0.4517 -0.1661
v 0.1632 0.4469 -0.2050
v 0.1382 0.4227 -0.1882
v 0.1345 0.3995 -0.1806
v 0.1074 0.4097 -0.1345
v 0.1132 0.4301 -0.1337
v 0.1540 0.4101 -0.2345
v 0.1338 0.3888 -0.2173
v 0.1336 0.3714 -0.2495
v 0.1546 0.4166 -0.2610
v 0.1382 0.3534 -0.3109
v 0.1120 0.2795 -0.3572
v 0.1402 0.4802 -0.1427
v 0.1505 0.4895 -0.1626
v 0.1585 0.4892 -0.1255
v 0.1402 0.4802 -0.1427
v 0.1442 0.4777 -0.0700
v 0.1436 0.4732 -0.1840
v 0.1708 0.4877 -0.1474
v 0.2024 0.6548 0.0181
v 0.2020 0.6900 0.0593
v 0.1794 0.6543 0.0222
v 0.1751 0.6838 0.0559
v 0.1685 0.7022 0.0893
v 0.2042 0.7065 0.0818
v 0.1703 0.7568 0.1477
v 0.1757 0.6465 -0.0022
v 0.1895 0.6305 -0.0156
v 0.1709 0.6243 -0.0220
v 0.1676 0.5937 -0.0432
v 0.1628 0.5809 -0.0678
v 0.1915 0.5898 -0.1322
v 0.1993 0.6150 -0.0673
v 0.1779 0.5831 -0.1436
v 0.1918 0.5997 -0.1624
v 0.0456 0.8605 0.1591
v 0.0637 0.8757 0.1674
v 0.1056 0.8530 0.1842
v 0.0679 0.8267 0.1706
v 0.0407 0.8541 0.1557
v 0.0799 0.8839 0.1784
v 0.1000 0.8299 0.1769
v 0.0671 0.8854 0.1743
v 0.0684 0.8957 0.1754
v 0.0625 0.8959 0.1747
v 0.0409 0.8713 0.1643
v 0.0781 0.8217 0.1686
v 0.0732 0.8057 0.1532
v 0.0792 0.7903 0.1415
v 0.0716 0.7907 0.1418
v 0.0692 0.7700 0.1329
v 0.0608 0.8962 0.1748
v 0.0592 0.8961 0.1745
v 0.0557 0.8969 0.1747
v 0.0528 0.8971 0.1744
v 0.0478 0.8978 0.1744
v 0.0509 0.8944 0.1737
v 0.0562 0.8966 0.1741
v 0.0707 0.7520 0.1193
v 0.0625 0.8959 0.1747
v 0.0697 0.8893 0.1749
v 0.0592 0.8961 0.1745
v 0.0562 0.8966 0.1741
v 0.0562 0.8966 0.1741
v 0.0528 0.8971 0.1744
v 0.0592 0.8961 0.1745
v 0.2294 0.8429 0.0814
v 0.2135 0.8160 0.1513
v 0.2114 0.8200 0.1214
v 0.2168 0.8308 0.0941
v 0.2042 0.8124 0.1605
v 0.1996 0.8085 0.1849
v 0.2120 0.8385 0.0820
v 0.2257 0.8515 0.0454
v 0.2031 0.8053 0.0980
v 0.2284 0.8043 0.0536
v 0.2120 0.8385 0.0820
v 0.2316 0.7551 0.0590
v 0.2076 0.7716 0.1160
v 0.2158 0.8530 0.0357
v 0.2251 0.8410 0.0101
v 0.1943 0.8205 0.1643
v 0.2000 0.8283 0.1241
v 0.2058 0.8326 0.1017
v 0.2159 0.8558 0.0680
v 0.2038 0.8660 0.0164
v 0.2003 0.8310 0.1440
v -0.1950 0.9964 0.2753
v -0.2149 0.9706 0.2675
v -0.1676 0.9982 0.2838
v -0.2284 0.9120 0.2582
v -0.2894 0.8911 0.2314
v -0.2705 0.8675 0.2401
v -0.1771 1.0140 0.2864
v -0.1572 1.0050 0.2817
v -0.2226 0.9930 0.2812
v -0.1320 0.9805 0.3145
v -0.1414 0.9731 0.3111
v -0.1091 0.9654 0.3418
v -0.2396 0.8640 0.2073
v -0.1721 0.9741 0.2528
v -0.2003 0.9231 0.2457
v -0.1640 0.9880 0.2702
v -0.2481 0.8622 0.2305
v -0.2284 0.9120 0.2582
v -0.1676 0.9982 0.2838
v -0.2705 0.8675 0.2401
v -0.0695 0.9820 0.2374
v -0.1087 0.9655 0.2287
v -0.0546 0.9562 0.2490
v -0.1237 0.9485 0.2401
v -0.0876 0.9191 0.2499
v -0.1452 0.9018 0.2434
v -0.2028 0.8830 0.2144
v -0.1883 0.9283 0.2097
v -0.0695 0.8966 0.2803
v -0.1088 0.8320 0.2979
v -0.0712 0.8347 0.3116
v -0.1996 0.8575 0.2369
v -0.1442 0.8322 0.2763
v -0.1880 0.8312 0.2525
v -0.2109 0.8258 0.2276
v -0.0470 0.9898 0.2598
v -0.0642 1.0425 0.2388
v -0.0310 1.0287 0.2510
v -0.0759 1.0455 0.2354
v -0.0274 0.9627 0.2820
v -0.0477 0.9292 0.2588
v -0.0453 0.8634 0.2655
v -0.1085 0.9862 0.2428
v -0.1098 1.0479 0.2170
v -0.1733 1.0006 0.2069
v -0.1419 1.0588 0.1958
v -0.1476 0.9761 0.2343
v -0.1300 0.9662 0.2354
v -0.0385 1.0438 0.2783
v -0.0239 1.0365 0.2866
v -0.1270 0.9857 0.2204
v -0.1318 0.9516 0.2216
v -0.1173 0.9769 0.2265
v -0.1449 0.9941 0.2088
v -0.1575 0.9832 0.1985
v -0.1087 0.9655 0.2287
v -0.1883 0.9283 0.2097
v -0.1237 0.9485 0.2401
v -0.1520 0.9942 0.2052
v -0.1535 0.9984 0.2015
v -0.1575 0.9832 0.1985
v -0.1865 0.9964 0.1609
v -0.2048 0.9529 0.1706
v -0.1883 0.9283 0.2097
v -0.1449 0.9941 0.2088
v -0.1512 0.9879 0.2084
v -0.1861 0.8251 0.2402
v -0.1890 0.8268 0.2231
v -0.1915 0.8456 0.2201
v -0.1860 0.8307 0.2126
v -0.1942 0.8198 0.2222
v -0.1789 0.8470 0.2199
v -0.1623 0.8430 0.2396
v -0.1861 0.8251 0.2402
v -0.1551 0.8323 0.2518
v -0.1915 0.8456 0.2201
v -0.1888 0.8554 0.2208
v -0.1774 0.8544 0.2245
v -0.1572 0.8378 0.2478
v -0.1569 0.8247 0.2508
v -0.1404 0.8334 0.2585
v -0.1623 0.8430 0.2396
v -0.0963 0.8441 0.2812
v -0.0994 0.8305 0.2856
v -0.1045 0.8423 0.2765
v -0.1073 0.8534 0.2688
v -0.0809 0.8380 0.2873
v -0.0994 0.8305 0.2856
v -0.0809 0.8380 0.2873
v -0.1132 0.8269 0.2894
v -0.1569 0.8247 0.2508
v -0.1487 0.8244 0.2223
v -0.1535 0.8104 0.2367
v -0.1623 0.8430 0.2396
v -0.1519 0.8402 0.2096
v -0.1400 0.8154 0.2270
v -0.1254 0.8545 0.2600
v -0.1073 0.8534 0.2688
v -0.0985 0.8514 0.2665
v -0.1104 0.8555 0.2685
v -0.0963 0.8441 0.2812
v -0.0729 0.8459 0.2702
v -0.0753 0.8649 0.2804
v -0.0985 0.8514 0.2665
v -0.0941 0.8647 0.2719
v -0.1104 0.8555 0.2685
v -0.0530 0.8445 0.2612
v -0.1254 0.8545 0.2600
v -0.0565 0.8510 0.2706
v -0.0888 0.8471 0.2836
v -0.0694 0.8456 0.2906
v -0.0809 0.8380 0.2873
v -0.0753 0.8649 0.2804
v -0.0963 0.8441 0.2812
v -0.0941 0.8647 0.2719
v -0.1104 0.8555 0.2685
v -0.0687 0.8265 0.3079
v -0.1132 0.8269 0.2894
v -0.0934 0.8387 0.2796
v -0.0888 0.8471 0.2836
v -0.0729 0.8459 0.2702
v -0.0963 0.8441 0.2812
v -0.2736 0.9275 0.1692
v -0.2894 0.8911 0.2314
v -0.3006 0.9507 0.1700
v -0.2616 0.9066 0.1794
v -0.2527 0.8812 0.1901
v -0.3039 0.9199 0.2201
v -0.2396 0.8640 0.2073
v -0.2705 0.8675 0.2401
v -0.3156 0.9412 0.1982
v -0.3331 0.9796 0.1826
v -0.3054 0.9805 0.1494
v -0.2481 0.8622 0.2305
v -0.3241 0.9898 0.1734
v -0.1995 0.9131 0.0945
v -0.1932 0.9033 0.1212
v -0.1917 0.9177 0.1130
v -0.1993 0.8823 0.1099
v -0.2052 0.9073 0.0773
v -0.2064 0.8783 0.0782
v -0.2043 0.8677 0.1011
v -0.1996 0.8655 0.1088
v -0.2063 0.8735 0.0718
v -0.2067 0.9124 0.0640
v -0.1987 0.9325 0.1046
v -0.1994 0.9132 0.0846
v -0.1980 0.9264 0.1205
v -0.2088 0.9143 0.0886
v -0.2212 0.8766 0.0827
v -0.2149 0.8848 0.0948
v -0.2242 0.8675 0.0973
v -0.2149 0.9091 0.1011
v -0.2084 0.9268 0.1018
v -0.2023 0.9429 0.0902
v -0.2091 0.9406 0.1014
v -0.2037 0.9531 0.1059
v -0.2025 0.9584 0.1030
v -0.1939 0.9805 0.0894
v -0.1997 0.9650 0.1049
v -0.1963 0.9759 0.1079
v -0.1945 0.9881 0.1037
v -0.1939 1.0015 0.1034
v -0.1919 0.9931 0.1082
v -0.1947 0.9879 0.1108
v -0.1947 0.9836 0.1225
v -0.1929 0.9930 0.1184
v -0.1956 0.9942 0.1314
v -0.1904 0.9994 0.1172
v -0.1869 1.0234 0.1701
v -0.1865 0.9964 0.1609
v -0.1695 0.9993 0.1893
v -0.1921 0.9764 0.1411
v -0.1927 1.0236 0.1412
v -0.1974 0.9515 0.1407
v -0.2048 0.9529 0.1706
v -0.1948 0.9183 0.1777
v -0.2030 0.9225 0.1395
v -0.1883 0.9283 0.2097
v -0.2015 0.8604 0.1535
v -0.2020 0.9053 0.1193
v -0.1993 0.8823 0.1099
v -0.1996 0.8655 0.1088
v -0.1926 0.8493 0.1319
v -0.2133 0.8216 0.1732
v -0.2034 0.8156 0.1312
v -0.2176 0.8346 0.1032
v -0.2109 0.8258 0.2276
v -0.2028 0.8830 0.2144
v -0.1918 0.9938 0.1117
v -0.1996 0.8575 0.2369
v -0.2177 0.8628 0.1021
v -0.2176 0.8346 0.1032
v -0.1926 0.8493 0.1319
v -0.1996 0.8655 0.1088
v -0.2131 0.8769 0.0969
v -0.2084 0.9268 0.1018
v -0.2229 0.9550 0.0973
v -0.2091 0.9406 0.1014
v -0.1997 0.9650 0.1049
v -0.2050 0.9839 0.1015
v -0.2353 0.9821 0.0970
v -0.1969 1.0065 0.0958
v -0.2192 0.9225 0.0942
v -0.1963 0.9759 0.1079
v -0.1945 0.9881 0.1037
v -0.1971 0.9957 0.1031
v -0.2149 0.9091 0.1011
v -0.2433 0.9173 0.0935
v -0.2308 0.8934 0.0901
v -0.2431 0.8921 0.0881
v -0.2149 0.8848 0.0948
v -0.2278 0.8852 0.0878
v -0.1918 0.9938 0.1117
v -0.1997 0.9650 0.1049
v -0.2037 0.9531 0.1059
v -0.2091 0.9406 0.1014
v -0.2043 0.8677 0.1011
v -0.2064 0.8783 0.0782
v -0.2131 0.8769 0.0969
v -0.1996 0.8655 0.1088
v -0.3056 0.9924 0.0280
v -0.3149 0.9192 0.0612
v -0.2817 0.9787 0.0691
v -0.3322 0.9463 0.0148
v -0.3378 0.9049 0.0202
v -0.2800 0.9197 0.0886
v -0.2567 0.9827 0.0870
v -0.2591 0.9981 0.0861
v -0.2972 0.8648 0.0672
v -0.2989 1.0079 0.0504
v -0.2827 1.0102 0.0775
v -0.2722 0.9966 0.0821
v -0.3357 0.9416 -0.0347
v -0.3077 0.9913 -0.0180
v -0.3136 0.8508 0.0090
v -0.2572 0.8773 0.0873
v -0.2218 0.8813 0.0733
v -0.2244 0.8767 0.0727
v -0.2200 0.8717 0.0692
v -0.2325 0.8808 0.0765
v -0.2572 0.8773 0.0873
v -0.2431 0.8921 0.0881
v -0.2267 0.8335 0.0510
v -0.2122 0.8620 0.0595
v -0.1999 0.8472 0.0401
v -0.2689 0.8341 0.0510
v -0.2972 0.8648 0.0672
v -0.2149 0.8848 0.0948
v -0.2278 0.8852 0.0878
v -0.2212 0.8766 0.0827
v -0.2502 1.0549 0.0991
v -0.2662 0.9848 0.1029
v -0.2435 1.0261 0.0955
v -0.2567 0.9827 0.0870
v -0.2025 1.0129 0.0891
v -0.1939 0.9805 0.0894
v -0.2023 0.9429 0.0902
v -0.2088 0.9143 0.0886
v -0.2308 0.8934 0.0901
v -0.2431 0.8921 0.0881
v -0.2278 0.8852 0.0878
v -0.2800 0.9197 0.0886
v -0.2572 0.8773 0.0873
v -0.2341 1.0280 0.1004
v -0.1997 1.0440 0.0955
v -0.2212 0.8766 0.0827
v -0.2733 0.9664 0.0979
v -0.1994 1.0617 0.0885
v -0.2414 1.0589 0.1012
v -0.2322 1.0744 0.1087
v -0.2422 1.0920 0.1039
v -0.1896 1.0652 0.0879
v -0.2414 1.0589 0.1012
v -0.2510 1.0344 0.0864
v -0.2341 1.0280 0.1004
v -0.2502 1.0549 0.0991
v -0.1774 0.8544 0.2245
v -0.1679 0.8472 0.2086
v -0.1519 0.8402 0.2096
v -0.1623 0.8430 0.2396
v -0.1789 0.8470 0.2199
v -0.1842 0.8524 0.2139
v -0.1826 0.8530 0.2040
v -0.1888 0.8554 0.2208
v -0.1742 0.8399 0.2083
v -0.1679 0.8472 0.2086
v -0.1774 0.8544 0.2245
v -0.1789 0.8470 0.2199
v -0.1742 0.8399 0.2083
v -0.1742 0.8399 0.2083
v -0.1842 0.8524 0.2139
v -0.1929 0.8370 0.2158
v -0.1860 0.8307 0.2126
v -0.1915 0.8456 0.2201
v -0.1888 0.8554 0.2208
v -0.1742 0.8399 0.2083
v -0.1826 0.8530 0.2040
v -0.1842 0.8524 0.2139
v -0.1860 0.8307 0.2126
v -0.1929 0.8370 0.2158
v -0.1915 0.8456 0.2201
v -0.1932 0.9033 0.1212
v -0.1993 0.8823 0.1099
v -0.2020 0.9053 0.1193
v -0.1980 0.9264 0.1205
v -0.2052 0.8820 0.0815
v -0.2064 0.8783 0.0782
v -0.2054 0.8954 0.0790
v -0.1994 0.9132 0.0846
v -0.2052 0.9073 0.0773
v -0.2218 0.8813 0.0733
v -0.2244 0.8767 0.0727
v -0.2233 0.9085 0.0764
v -0.2052 0.9073 0.0773
v -0.2233 0.9085 0.0764
v -0.2067 0.9124 0.0640
v -0.0809 0.8380 0.2873
v -0.0963 0.8441 0.2812
v -0.0934 0.8387 0.2796
v -0.0771 0.8345 0.2739
v -0.0888 0.8471 0.2836
v -0.0809 0.8380 0.2873
v -0.0729 0.8459 0.2702
v -0.0729 0.8459 0.2702
v -0.0809 0.8380 0.2873
v -0.0771 0.8345 0.2739
v -0.0695 0.8966 0.2803
v -0.0510 0.8201 0.3008
v -0.0453 0.8634 0.2655
v -0.0712 0.8347 0.3116
v -0.0477 0.9292 0.2588
v -0.0546 0.9562 0.2490
v -0.0495 0.8060 0.2688
v -0.0499 0.8698 0.2454
v -0.0530 0.8445 0.2612
v -0.0450 0.8564 0.2461
v -0.0565 0.8510 0.2706
v -0.0341 0.8646 0.2514
v -0.0185 0.8826 0.2480
v -0.0234 0.8692 0.2583
v -0.0289 0.8624 0.2624
v -0.0216 0.8681 0.2636
v -0.0166 0.8819 0.2620
v -0.0390 0.8628 0.2605
v -0.0341 0.8646 0.2514
v -0.0390 0.8628 0.2605
v -0.0338 0.8486 0.2556
v -0.0310 0.8390 0.2503
v -0.0395 0.8703 0.2461
v -0.0302 0.8819 0.2464
v -0.0341 0.8646 0.2514
v -0.0185 0.8826 0.2480
v -0.0499 0.8698 0.2454
v -0.0502 0.8673 0.2447
v -0.0310 0.8390 0.2503
v -0.0502 0.8736 0.2472
v -0.0499 0.8698 0.2454
v -0.0450 0.8564 0.2461
v -0.0502 0.8736 0.2472
v -0.0502 0.8736 0.2472
v -0.0450 0.8564 0.2461
v -0.0502 0.8673 0.2447
v -0.0426 0.9154 0.2507
v -0.0546 0.9252 0.2460
v -0.0380 0.9153 0.2564
v -0.0451 0.8922 0.2446
v -0.0410 0.9400 0.2527
v -0.0274 0.9549 0.2709
v -0.0267 0.9258 0.2688
v -0.0340 0.9775 0.2705
v -0.0313 0.8936 0.2648
v -0.0409 0.8814 0.2487
v -0.0278 0.8847 0.2637
v -0.0534 0.9191 0.2510
v -0.0244 0.8876 0.2523
v -0.0302 0.8819 0.2464
v -0.0409 0.8814 0.2487
v -0.0185 0.8826 0.2480
v -0.0502 0.8673 0.2447
v -0.0278 0.8847 0.2637
v -0.0179 0.8862 0.2642
v -0.0502 0.8673 0.2447
v -0.0302 0.8819 0.2464
v -0.0502 0.8736 0.2472
v -0.0395 0.8703 0.2461
v -0.0264 0.8823 0.2239
v -0.0409 0.8814 0.2487
v -0.0159 0.8454 0.2222
v -0.0310 0.8390 0.2503
v -0.0451 0.8922 0.2446
v -0.0395 0.8703 0.2461
v -0.0409 0.8814 0.2487
v -0.0502 0.8673 0.2447
v -0.0179 0.8862 0.2642
v -0.0166 0.8819 0.2620
v -0.0185 0.8826 0.2480
v -0.0244 0.8876 0.2523
v -0.0084 0.8389 0.2245
v -0.0159 0.8454 0.2222
v -0.0055 0.8396 0.2494
v -0.0012 0.8346 0.2430
v -0.0310 0.8390 0.2503
v -0.0244 0.8331 0.2381
v -0.0281 0.8293 0.2438
v -0.0194 0.8322 0.2329
v -0.0244 0.8331 0.2381
v -0.0194 0.8322 0.2329
v -0.0281 0.8293 0.2438
v 0.0987 0.8852 0.2103
v 0.0784 0.8996 0.2179
v 0.0974 0.8695 0.2144
v 0.1052 0.8663 0.2068
v 0.1168 0.8808 0.1948
v 0.1218 0.8531 0.1954
v 0.1308 0.8702 0.1924
v 0.0709 0.9074 0.2159
v 0.0309 0.8993 0.2291
v 0.0051 0.9009 0.2279
v 0.1051 0.8378 0.1703
v 0.1000 0.8299 0.1769
v 0.1056 0.8530 0.1842
v 0.1192 0.8238 0.1763
v 0.1000 0.8299 0.1769
v 0.1051 0.8378 0.1703
v 0.0562 0.8966 0.1741
v 0.0478 0.8978 0.1744
v 0.0509 0.8944 0.1737
v 0.0478 0.8978 0.1744
v 0.0562 0.8966 0.1741
v 0.0557 0.8969 0.1747
v 0.0608 0.8962 0.1748
v 0.0625 0.8959 0.1747
v 0.0671 0.8854 0.1743
v 0.0697 0.8893 0.1749
v 0.0637 0.8757 0.1674
v 0.0697 0.8893 0.1749
v 0.0671 0.8854 0.1743
v 0.1324 0.8497 0.2177
v 0.1425 0.8790 0.2098
v 0.1343 0.8463 0.2079
v 0.1328 0.8230 0.2159
v 0.1308 0.8702 0.1924
v 0.1218 0.8531 0.1954
v 0.2077 0.9570 0.0584
v 0.2091 0.9488 0.0686
v 0.2124 0.9532 0.0645
v 0.2112 0.9110 0.1001
v 0.2086 0.8983 0.1251
v 0.2163 0.8617 0.1179
v 0.2222 0.8865 0.0629
v 0.2131 0.9349 0.0524
v 0.2091 0.9488 0.0686
v 0.2050 0.9087 0.1406
v 0.1943 0.8920 0.1701
v 0.1996 0.8085 0.1849
v 0.1981 0.9226 0.1517
v 0.1804 0.9026 0.1971
v 0.2135 0.8160 0.1513
v 0.2294 0.8429 0.0814
v 0.1922 0.9265 0.1686
v 0.2204 0.8686 0.0336
v 0.2257 0.8515 0.0454
v 0.1927 0.9417 0.1885
v 0.2120 0.9133 0.0423
v 0.2129 0.9022 0.0334
v 0.2124 0.9532 0.0645
v 0.2251 0.8891 0.1543
v 0.2105 0.8964 0.1690
v 0.2213 0.8832 0.1156
v 0.2332 0.8900 0.1078
v 0.2263 0.8895 0.0856
v 0.2384 0.8962 0.0864
v 0.2306 0.9148 0.1675
v 0.2317 0.9165 0.1833
v 0.2445 0.9191 0.1401
v 0.2237 0.9446 0.2190
v 0.1949 0.9671 0.2260
v 0.2060 0.9322 0.1921
v 0.2317 0.9165 0.1833
v 0.1871 0.9915 0.2445
v 0.2131 0.9894 0.2553
v 0.1761 1.0118 0.2611
v 0.2105 0.8964 0.1690
v 0.1927 0.9417 0.1885
v 0.2004 1.0264 0.2723
v 0.1770 1.0402 0.2755
v 0.1922 0.9265 0.1686
v 0.1856 1.1004 0.2818
v 0.2050 0.9087 0.1406
v 0.2086 0.8983 0.1251
v 0.2213 0.8832 0.1156
v 0.1981 0.9226 0.1517
v 0.2112 0.9110 0.1001
v 0.2213 0.8832 0.1156
v 0.2146 0.9343 0.0884
v 0.2263 0.8895 0.0856
v 0.2332 0.9295 0.0861
v 0.2146 0.9343 0.0884
v 0.2075 0.9569 0.0886
v 0.2384 0.8962 0.0864
v 0.2263 0.8895 0.0856
v 0.2118 0.9639 0.0836
v 0.2040 0.9707 0.0821
v 0.2416 0.9320 0.0906
v -0.1749 1.0621 0.2890
v -0.2561 1.0152 0.2301
v -0.2133 1.0103 0.2625
v -0.1771 1.0140 0.2864
v -0.1330 1.0232 0.3182
v -0.1168 1.0726 0.3283
v -0.1950 0.9964 0.2753
v -0.1273 1.0884 0.3192
v -0.2373 0.9871 0.2499
v -0.3039 0.9199 0.2201
v -0.2149 0.9706 0.2675
v -0.2894 0.8911 0.2314
v -0.3196 0.9590 0.2015
v -0.3331 0.9796 0.1826
v -0.1502 1.0931 0.2954
v -0.1487 1.1000 0.2990
v -0.1038 1.1104 0.3248
v -0.1291 1.1238 0.3110
v -0.1134 1.1299 0.3199
v -0.1040 1.1202 0.3268
v -0.1793 1.1299 0.2490
v -0.1081 1.1021 0.3288
v -0.1165 1.0351 0.3224
v -0.1889 1.0575 0.2633
v -0.3156 0.9412 0.1982
v -0.2226 0.9930 0.2812
v -0.1291 1.1238 0.3110
v -0.1134 1.1299 0.3199
v -0.1264 1.1283 0.3173
v -0.1826 1.0433 0.2349
v -0.1721 0.9741 0.2528
v -0.2194 0.9218 0.2091
v -0.1544 0.9847 0.2679
v -0.2260 1.0203 0.2020
v -0.2736 0.9275 0.1692
v -0.2616 0.9066 0.1794
v -0.2593 1.0078 0.1805
v -0.2969 0.9857 0.1518
v -0.2396 0.8640 0.2073
v -0.2527 0.8812 0.1901
v -0.3054 0.9805 0.1494
v -0.1336 0.9708 0.2777
v -0.1383 1.0099 0.2710
v -0.1063 1.0283 0.2870
v -0.1110 1.0811 0.2789
v -0.0940 1.0833 0.2919
v -0.1362 0.9906 0.2814
v -0.1181 0.9683 0.2903
v -0.1122 0.9753 0.3171
v -0.2581 1.0212 0.2098
v -0.2213 1.0412 0.2461
v -0.2179 1.0376 0.2181
v -0.1889 1.0575 0.2633
v -0.2593 1.0078 0.1805
v -0.2969 0.9857 0.1518
v -0.3241 0.9898 0.1734
v -0.3054 0.9805 0.1494
v -0.1826 1.0433 0.2349
v -0.1511 1.0689 0.2592
v -0.1502 1.0931 0.2954
v -0.1404 1.1021 0.2936
v -0.2260 1.0203 0.2020
v -0.1749 1.0621 0.2890
v -0.3331 0.9796 0.1826
v -0.2561 1.0152 0.2301
v -0.1950 0.9964 0.2753
v -0.2133 1.0103 0.2625
v -0.2226 0.9930 0.2812
v -0.2373 0.9871 0.2499
v -0.1414 0.9731 0.3111
v -0.1336 0.9708 0.2777
v -0.1100 0.9546 0.3020
v -0.1544 0.9847 0.2679
v -0.1640 0.9880 0.2702
v -0.1091 0.9654 0.3418
v -0.0820 0.9569 0.3565
v -0.1676 0.9982 0.2838
v -0.1721 0.9741 0.2528
v -0.1535 0.9984 0.2015
v -0.1449 0.9941 0.2088
v -0.1506 0.9998 0.2056
v -0.1402 0.9920 0.2144
v -0.1695 0.9993 0.1893
v -0.1865 0.9964 0.1609
v -0.1270 0.9857 0.2204
v -0.1476 0.9761 0.2343
v -0.1270 0.9857 0.2204
v -0.1300 0.9662 0.2354
v -0.1173 0.9769 0.2265
v -0.1087 0.9655 0.2287
v -0.1402 0.9920 0.2144
v -0.1512 0.9879 0.2084
v -0.1695 0.9993 0.1893
v -0.1733 1.0006 0.2069
v -0.1869 1.0234 0.1701
v -0.1795 1.0286 0.1296
v -0.1869 1.0234 0.1701
v -0.1703 1.0287 0.1743
v -0.1927 1.0236 0.1412
v -0.1733 1.0006 0.2069
v -0.1721 1.0264 0.1363
v -0.1753 1.0336 0.1253
v -0.1927 1.0236 0.1412
v -0.1978 1.0529 0.1416
v -0.2065 1.0154 0.1305
v -0.1761 1.0543 0.1445
v -0.1904 0.9994 0.1172
v -0.2008 1.0722 0.1495
v -0.2067 1.0441 0.1236
v -0.1978 1.0529 0.1416
v -0.2018 1.0977 0.1602
v -0.2065 1.0154 0.1305
v -0.2058 1.0281 0.1101
v -0.1648 1.0963 0.1760
v -0.1656 1.0627 0.1653
v -0.1562 1.0575 0.1779
v -0.1608 1.0422 0.1560
v -0.1337 1.0809 0.1991
v -0.1471 1.1170 0.1899
v -0.1677 1.1476 0.1828
v -0.1419 1.0588 0.1958
v -0.1703 1.0287 0.1743
v -0.1503 1.1592 0.1882
v -0.1371 1.1440 0.2076
v -0.1381 1.1817 0.2157
v -0.1430 1.1880 0.2024
v -0.1575 1.1637 0.1856
v -0.1556 1.2111 0.1786
v -0.1447 1.1096 0.2073
v -0.1344 1.1279 0.2240
v -0.1301 1.0671 0.2305
v -0.1296 1.1384 0.2438
v -0.1733 1.0006 0.2069
v -0.1721 1.0264 0.1363
v -0.1618 1.0461 0.1470
v -0.1753 1.0336 0.1253
v -0.1684 1.0481 0.1458
v -0.1681 1.0437 0.1393
v -0.1783 1.1016 0.1385
v -0.1761 1.0543 0.1445
v -0.1656 1.0627 0.1653
v -0.1735 1.1158 0.1478
v -0.1719 1.0400 0.1520
v -0.1804 1.0380 0.1372
v -0.1782 1.0435 0.1232
v -0.1596 1.1080 0.1573
v -0.1608 1.0422 0.1560
v -0.1804 1.0380 0.1372
v -0.1795 1.0286 0.1296
v -0.1753 1.0336 0.1253
v -0.1927 1.0236 0.1412
v -0.1761 1.0543 0.1445
v -0.1681 1.0437 0.1393
v -0.1684 1.0481 0.1458
v -0.1719 1.0400 0.1520
v -0.1681 1.0437 0.1393
v -0.1804 1.0380 0.1372
v -0.2156 1.0107 0.1219
v -0.2058 1.0281 0.1101
v -0.2416 1.0041 0.1097
v -0.2363 0.9984 0.1263
v -0.2065 1.0154 0.1305
v -0.2280 1.0035 0.1392
v -0.2065 1.0154 0.1305
v -0.2156 1.0107 0.1219
v -0.2022 0.9994 0.1306
v -0.1947 0.9836 0.1225
v -0.2008 0.9908 0.1240
v -0.1956 0.9942 0.1314
v -0.2022 0.9994 0.1306
v -0.1953 0.9913 0.1180
v -0.1945 0.9986 0.1160
v -0.2008 0.9908 0.1240
v -0.1947 0.9836 0.1225
v -0.1947 0.9879 0.1108
v -0.1936 0.9936 0.1157
v -0.1947 0.9879 0.1108
v -0.1904 0.9994 0.1172
v -0.1936 0.9936 0.1157
v -0.1918 0.9938 0.1117
v -0.1945 0.9881 0.1037
v -0.1904 0.9994 0.1172
v -0.2065 1.0154 0.1305
v -0.2022 0.9994 0.1306
v -0.2008 0.9908 0.1240
v -0.2008 0.9908 0.1240
v -0.1945 0.9986 0.1160
v -0.1904 0.9994 0.1172
v -0.1761 1.0543 0.1445
v -0.1837 1.0423 0.1272
v -0.1894 1.0512 0.1358
v -0.1978 1.0529 0.1416
v -0.1782 1.0435 0.1232
v -0.1847 1.0413 0.1228
v -0.2040 1.1216 0.1697
v -0.2060 1.1251 0.1630
v -0.1966 1.1314 0.1687
v -0.1944 1.1287 0.1753
v -0.2019 1.1326 0.1479
v -0.2360 1.1217 0.1148
v -0.2075 1.1200 0.1655
v -0.2139 1.1406 0.0652
v -0.1970 1.1432 0.1351
v -0.1938 1.1465 0.1075
v -0.2471 1.1361 0.0434
v -0.2094 1.1630 0.0699
v -0.1906 1.1351 0.1722
v -0.2133 1.0968 0.2328
v -0.1868 1.1679 0.1095
v -0.2322 1.1517 0.0372
v -0.1873 1.1633 0.1130
v -0.1912 1.1520 0.1203
v -0.1843 1.1724 0.1312
v -0.1845 1.1730 0.1178
v -0.1826 1.1735 0.1226
v -0.2522 1.0832 0.1800
v -0.2392 1.0653 0.2405
v -0.2145 1.0672 0.2798
v -0.2277 1.0621 0.2723
v -0.2059 1.0988 0.2981
v -0.1855 1.1169 0.2830
v -0.2624 1.1023 0.1131
v -0.2753 1.1311 0.0752
v -0.1857 1.1212 0.3052
v -0.1793 1.1299 0.2490
v -0.1767 1.1442 0.1926
v -0.1614 1.1673 0.2499
v -0.1693 1.1791 0.2291
v -0.1651 1.1801 0.2370
v -0.1551 1.1812 0.2495
v -0.1494 1.1717 0.2576
v -0.1494 1.1665 0.2608
v -0.1421 1.1586 0.2662
v -0.1533 1.1584 0.2527
v -0.1963 1.2030 0.0660
v -0.2038 1.1898 0.0347
v -0.1994 1.2114 0.0439
v -0.1429 1.1483 0.2777
v -0.2508 1.1538 0.0185
v -0.2305 1.1874 0.0162
v -0.2040 1.1216 0.1697
v -0.2133 1.0968 0.2328
v -0.2075 1.1200 0.1655
v -0.1906 1.1351 0.1722
v -0.1767 1.1442 0.1926
v -0.1944 1.1287 0.1753
v -0.1957 1.1287 0.1667
v -0.1502 1.0931 0.2954
v -0.1793 1.1299 0.2490
v -0.1404 1.1021 0.2936
v -0.1429 1.1483 0.2777
v -0.1383 1.1399 0.2922
v -0.1295 1.1222 0.3002
v -0.1147 1.1298 0.3099
v -0.1285 1.1371 0.3020
v -0.1195 1.1418 0.3131
v -0.1104 1.1468 0.3155
v -0.0993 1.1538 0.3188
v -0.0986 1.1684 0.2902
v -0.1207 1.1489 0.2753
v -0.0858 1.1652 0.3292
v -0.0757 1.1898 0.3322
v -0.0810 1.1682 0.3327
v -0.0557 1.2035 0.3479
v -0.1106 1.1448 0.3170
v -0.1473 1.0933 0.3606
v -0.1439 1.1088 0.3708
v -0.1857 1.1212 0.3052
v -0.1808 1.1537 0.3198
v -0.1363 1.1296 0.3824
v -0.1274 1.1062 0.3839
v -0.1999 1.1366 0.3115
v -0.2059 1.0988 0.2981
v -0.2250 1.0781 0.2896
v -0.2145 1.0672 0.2798
v -0.2277 1.0621 0.2723
v -0.0868 1.0825 0.3473
v -0.0809 1.1014 0.3706
v -0.1080 1.0928 0.3695
v -0.0666 1.1011 0.3611
v -0.1148 1.0652 0.3542
v -0.0871 1.0654 0.3392
v -0.0948 1.1103 0.3800
v -0.1274 1.1062 0.3839
v -0.1439 1.1088 0.3708
v -0.1363 1.1296 0.3824
v -0.0949 1.1298 0.3933
v -0.0821 1.1504 0.4034
v -0.0646 1.1400 0.3877
v -0.0730 1.1039 0.3926
v -0.0600 1.1560 0.3944
v -0.1473 1.0933 0.3606
v -0.0949 1.1298 0.3933
v -0.0872 1.1035 0.3887
v -0.0730 1.1039 0.3926
v -0.2813 1.1554 0.2190
v -0.2924 1.1998 0.2039
v -0.3138 1.1567 0.1752
v -0.3127 1.1799 0.1621
v -0.3221 1.1650 0.1421
v -0.3177 1.1360 0.1281
v -0.2566 1.2048 0.2218
v -0.2236 1.1760 0.2763
v -0.2603 1.1134 0.2255
v -0.2250 1.0781 0.2896
v -0.1999 1.1366 0.3115
v -0.2392 1.0653 0.2405
v -0.2277 1.0621 0.2723
v -0.2665 1.0847 0.1780
v -0.3062 1.1465 0.1709
v -0.3346 1.1728 0.1381
v -0.3219 1.2159 0.1552
v -0.3397 1.1660 0.1006
v -0.3276 1.2128 0.1331
v -0.3358 1.2003 0.1157
v -0.3337 1.2185 0.1111
v -0.3235 1.2436 0.1229
v -0.3437 1.2235 0.0964
v -0.3496 1.2001 0.0665
v -0.3352 1.1638 0.0674
v -0.3328 1.1448 0.0773
v -0.3124 1.2073 0.1601
v -0.3053 1.2038 0.1813
v -0.2875 1.2047 0.1888
v -0.2977 1.1180 0.0958
v -0.1618 1.0461 0.1470
v -0.1719 1.0400 0.1520
v -0.1684 1.0481 0.1458
v -0.1608 1.0422 0.1560
v -0.1887 1.0810 0.1558
v -0.2040 1.1216 0.1697
v -0.2018 1.0977 0.1602
v -0.2008 1.0722 0.1495
v -0.1978 1.0529 0.1416
v -0.1824 1.1159 0.1681
v -0.1906 1.1351 0.1722
v -0.1712 1.1556 0.1756
v -0.1894 1.0512 0.1358
v -0.2075 1.1200 0.1655
v -0.1909 1.1996 0.1854
v -0.1895 1.1826 0.1829
v -0.1892 1.1926 0.1784
v -0.1896 1.2075 0.1993
v -0.1905 1.1897 0.1786
v -0.1825 1.1147 0.1111
v -0.1831 1.1157 0.1367
v -0.1827 1.1050 0.1248
v -0.1831 1.0658 0.1284
v -0.1824 1.1159 0.1681
v -0.1831 1.0698 0.1157
v -0.1830 1.0469 0.1178
v -0.1790 1.0572 0.1043
v -0.1840 1.0442 0.1213
v -0.1795 1.1314 0.1249
v -0.1847 1.0413 0.1228
v -0.1770 1.1340 0.1078
v -0.1817 1.0685 0.0952
v -0.1837 1.0423 0.1272
v -0.1788 1.1431 0.1029
v -0.1803 1.1393 0.1249
v -0.1765 1.1678 0.1315
v -0.1731 1.1197 0.1018
v -0.1753 1.1520 0.1427
v -0.1768 1.1246 0.1368
v -0.1722 1.1563 0.1537
v -0.1736 1.1446 0.1635
v -0.1712 1.1556 0.1756
v -0.1887 1.0810 0.1558
v -0.1894 1.0512 0.1358
v -0.1723 1.1570 0.1462
v -0.1686 1.1681 0.1508
v -0.1825 1.1683 0.1433
v -0.1839 1.1724 0.1507
v -0.1836 1.1884 0.1352
v -0.1845 1.1757 0.1550
v -0.1867 1.1806 0.1697
v -0.1881 1.1755 0.1757
v -0.2019 1.2141 0.1447
v -0.1864 1.1762 0.1727
v -0.1869 1.1573 0.1686
v -0.1577 1.1679 0.0572
v -0.1731 1.1197 0.1018
v -0.1772 1.1629 0.1047
v -0.1770 1.1340 0.1078
v -0.1534 1.0933 0.0438
v -0.1796 1.1747 0.1141
v -0.1631 1.2045 0.0693
v -0.1780 1.2308 0.0988
v -0.1513 1.1423 0.0443
v -0.1711 1.1052 0.1098
v -0.1504 1.0648 0.0377
v -0.1743 1.0603 0.1160
v -0.1783 1.1016 0.1385
v -0.1782 1.0435 0.1232
v -0.1757 1.2369 0.0718
v -0.1612 1.1872 0.0460
v -0.1584 1.2107 0.0273
v -0.1426 1.1793 0.0130
v -0.1381 1.1934 -0.0024
v -0.1419 1.1670 0.0269
v -0.1768 1.0500 0.1089
v -0.1311 1.1774 0.0177
v -0.1742 1.2188 0.0579
v -0.1728 1.2312 0.0583
v -0.1649 1.2270 0.0318
v -0.1271 1.1722 0.0170
v -0.1825 1.1147 0.1111
v -0.1806 1.2263 0.0532
v -0.1953 0.9913 0.1180
v -0.1929 0.9930 0.1184
v -0.1945 0.9986 0.1160
v -0.1953 0.9913 0.1180
v -0.1919 0.9931 0.1082
v -0.1929 0.9930 0.1184
v -0.1918 0.9938 0.1117
v -0.1971 0.9957 0.1031
v -0.1919 0.9931 0.1082
v -0.1919 0.9931 0.1082
v -0.1953 0.9913 0.1180
v -0.1936 0.9936 0.1157
v -0.1918 0.9938 0.1117
v -0.1929 0.9930 0.1184
v -0.1936 0.9936 0.1157
v -0.1945 0.9986 0.1160
v -0.1918 0.9938 0.1117
v -0.1936 0.9936 0.1157
v -0.1929 0.9930 0.1184
v -0.2067 1.0441 0.1236
v -0.2018 1.0977 0.1602
v -0.1923 1.1249 0.1303
v -0.1957 1.1287 0.1667
v -0.1937 1.0426 0.1080
v -0.1881 1.0954 0.1028
v -0.1896 1.0652 0.0879
v -0.1938 1.1465 0.1075
v -0.1970 1.1432 0.1351
v -0.2019 1.1326 0.1479
v -0.2058 1.0281 0.1101
v -0.1945 0.9986 0.1160
v -0.1936 0.9936 0.1157
v -0.1904 0.9994 0.1172
v -0.1838 1.0597 0.0968
v -0.1817 1.0685 0.0952
v -0.1790 1.0572 0.1043
v -0.1888 1.0590 0.0879
v -0.1768 1.0500 0.1089
v -0.1854 1.0432 0.0992
v -0.1743 1.0603 0.1160
v -0.1896 1.0652 0.0879
v -0.1881 1.0954 0.1028
v -0.1819 1.0510 0.0822
v -0.1769 1.0503 0.0878
v -0.1825 1.1147 0.1111
v -0.1896 1.0652 0.0879
v -0.1888 1.0590 0.0879
v -0.1994 1.0617 0.0885
v -0.1840 1.0442 0.1213
v -0.1743 1.0603 0.1160
v -0.1830 1.0469 0.1178
v -0.1790 1.0572 0.1043
v -0.1782 1.0435 0.1232
v -0.1847 1.0413 0.1228
v 0.2038 1.3413 0.5793
v 0.2074 1.3640 0.6143
v 0.2016 1.3479 0.5949
v 0.2208 1.3837 0.6245
v 0.1762 1.3278 0.5558
v 0.2093 1.3873 0.6302
v 0.1120 1.1402 0.5038
v 0.0942 1.1237 0.4878
v 0.0911 1.0943 0.4778
v 0.0813 1.0969 0.4757
v 0.0665 1.0525 0.4564
v 0.0591 1.0627 0.4560
v 0.0268 1.0175 0.4281
v 0.0367 1.0124 0.4282
v -0.0015 0.9940 0.4107
v 0.0095 0.9876 0.4087
v -0.0211 0.9701 0.3932
v -0.0256 0.9802 0.3946
v -0.0468 0.9577 0.3753
v -0.0659 0.9684 0.3683
v -0.0820 0.9569 0.3565
v -0.1091 0.9654 0.3418
v 0.1271 1.1837 0.5170
v 0.1352 1.1728 0.5192
v 0.1436 1.2091 0.5299
v 0.1582 1.2201 0.5362
v 0.1533 1.2424 0.5355
v 0.1762 1.2692 0.5524
v 0.1698 1.2831 0.5488
v 0.1962 1.3125 0.5624
v 0.2186 1.3287 0.5776
v 0.2296 1.3201 0.5504
v 0.1962 1.3125 0.5624
v 0.2143 1.3067 0.5348
v 0.2186 1.3287 0.5776
v -0.1181 0.9683 0.2903
v -0.1100 0.9546 0.3020
v -0.1336 0.9708 0.2777
v -0.0664 0.9583 0.3304
v -0.0663 0.9643 0.3267
v -0.0251 0.9700 0.3521
v -0.0820 0.9569 0.3565
v -0.0468 0.9577 0.3753
v 0.0045 0.9855 0.3658
v -0.0211 0.9701 0.3932
v 0.0095 0.9876 0.4087
v 0.0977 1.0860 0.4398
v 0.0665 1.0525 0.4564
v 0.0789 1.0645 0.4210
v 0.0367 1.0124 0.4282
v 0.0575 1.0307 0.4053
v 0.0911 1.0943 0.4778
v 0.1104 1.1144 0.4759
v 0.1109 1.1082 0.4538
v 0.0417 1.0155 0.3909
v 0.0253 1.0022 0.3789
v 0.1120 1.1402 0.5038
v 0.1352 1.1728 0.5192
v 0.1382 1.1619 0.4795
v 0.1472 1.1823 0.4850
v 0.1639 1.2063 0.4959
v 0.1784 1.2365 0.5047
v 0.1582 1.2201 0.5362
v 0.2017 1.2805 0.5230
v 0.1762 1.2692 0.5524
v 0.2143 1.3067 0.5348
v 0.1138 1.1403 0.4573
v 0.1962 1.3125 0.5624
v -0.0553 0.9727 0.3435
v -0.1122 0.9753 0.3171
v -0.0659 0.9684 0.3683
v -0.1091 0.9654 0.3418
v -0.1320 0.9805 0.3145
v -0.1362 0.9906 0.2814
v -0.0080 0.9916 0.3708
v -0.0256 0.9802 0.3946
v -0.0015 0.9940 0.4107
v -0.1572 1.0050 0.2817
v -0.1383 1.0099 0.2710
v -0.1256 1.0107 0.2969
v -0.1572 1.0050 0.2817
v -0.1383 1.0099 0.2710
v -0.1063 1.0283 0.2870
v -0.1771 1.0140 0.2864
v -0.1330 1.0232 0.3182
v -0.1165 1.0351 0.3224
v -0.0951 1.0723 0.3065
v -0.1165 1.0351 0.3224
v -0.1063 1.0283 0.2870
v -0.1256 1.0107 0.2969
v -0.0940 1.0833 0.2919
v -0.1168 1.0726 0.3283
v -0.1147 1.1298 0.3099
v -0.0822 1.1135 0.3115
v -0.0930 1.1066 0.3078
v -0.1106 1.1448 0.3170
v -0.1017 1.1001 0.3028
v -0.1195 1.1418 0.3131
v -0.1295 1.1222 0.3002
v -0.1038 1.0945 0.2987
v -0.0962 1.0936 0.3030
v -0.0993 1.1538 0.3188
v -0.0711 1.1101 0.3142
v -0.1031 1.0848 0.2982
v -0.0957 1.0981 0.3066
v -0.0657 1.1070 0.3277
v -0.0940 1.0833 0.2919
v -0.1110 1.0811 0.2789
v -0.1404 1.1021 0.2936
v -0.1511 1.0689 0.2592
v -0.1826 1.0433 0.2349
v 0.0253 1.0022 0.3789
v -0.0080 0.9916 0.3708
v 0.0441 1.0395 0.4037
v 0.0045 0.9855 0.3658
v -0.0251 0.9700 0.3521
v -0.0553 0.9727 0.3435
v 0.0417 1.0155 0.3909
v 0.0575 1.0307 0.4053
v 0.0789 1.0645 0.4210
v 0.0566 1.0579 0.4172
v 0.0948 1.1061 0.4415
v 0.0977 1.0860 0.4398
v -0.0663 0.9643 0.3267
v -0.1122 0.9753 0.3171
v 0.0992 1.1247 0.4547
v -0.1181 0.9683 0.2903
v -0.1356 1.1005 0.3210
v -0.1273 1.0884 0.3192
v -0.1468 1.0912 0.3402
v -0.1168 1.0726 0.3283
v -0.1148 1.0652 0.3542
v -0.0951 1.0723 0.3065
v -0.1473 1.0933 0.3606
v -0.1857 1.1212 0.3052
v -0.1855 1.1169 0.2830
v -0.1487 1.1000 0.2990
v -0.1793 1.1299 0.2490
v -0.0871 1.0654 0.3392
v -0.0484 1.0534 0.2801
v -0.0340 1.0512 0.2589
v -0.0385 1.0438 0.2783
v -0.0467 1.0608 0.2708
v -0.0310 1.0287 0.2510
v -0.0501 1.0973 0.2798
v -0.0470 0.9898 0.2598
v -0.0025 1.0332 0.3172
v -0.0239 1.0365 0.2866
v -0.0054 1.0376 0.2957
v 0.0079 1.0407 0.2858
v 0.0119 1.0322 0.3110
v 0.0204 1.0368 0.3372
v -0.0386 1.0436 0.3006
v -0.0385 1.0438 0.2783
v -0.0484 1.0534 0.2801
v 0.0120 1.1151 0.3323
v -0.0322 1.0781 0.3059
v 0.0123 1.0709 0.3304
v -0.0139 1.1241 0.3175
v -0.0025 1.0332 0.3172
v -0.0386 1.0436 0.3006
v 0.0204 1.0368 0.3372
v -0.0501 1.0973 0.2798
v -0.0484 1.0534 0.2801
v -0.0430 1.1201 0.3165
v -0.0539 1.0971 0.3021
v 0.0176 1.1353 0.3539
v 0.0152 1.1293 0.3005
v 0.0108 1.1175 0.3116
v 0.0120 1.1151 0.3323
v 0.0182 1.1632 0.3151
v 0.0272 1.1596 0.3611
v 0.0127 1.1077 0.2992
v 0.0119 1.1024 0.3078
v 0.0115 1.0891 0.2961
v 0.0189 1.1029 0.3491
v 0.0123 1.0709 0.3304
v 0.0204 1.0368 0.3372
v -0.0605 0.9320 0.2402
v -0.0534 0.9191 0.2510
v -0.0546 0.9252 0.2460
v -0.0560 0.9202 0.2493
v -0.0410 0.9400 0.2527
v -0.0426 0.9154 0.2507
v -0.0560 0.9202 0.2493
v -0.0546 0.9252 0.2460
v -0.0605 0.9320 0.2402
v -0.0534 0.9191 0.2510
v -0.1575 0.9832 0.1985
v -0.1512 0.9879 0.2084
v -0.1695 0.9993 0.1893
v -0.1512 0.9879 0.2084
v -0.1575 0.9832 0.1985
v -0.1449 0.9941 0.2088
v -0.1575 0.9832 0.1985
v -0.1506 0.9998 0.2056
v -0.1520 0.9942 0.2052
v -0.1512 0.9879 0.2084
v -0.1695 0.9993 0.1893
v -0.1402 0.9920 0.2144
v -0.0663 1.2026 0.2806
v -0.0727 1.1529 0.2700
v -0.0559 1.1645 0.2824
v -0.0473 1.1969 0.3022
v -0.0653 1.2667 0.2976
v -0.0854 1.2845 0.2864
v -0.0499 1.1451 0.2927
v -0.0194 1.1387 0.3083
v -0.0259 1.2261 0.3232
v -0.0431 1.2833 0.3054
v -0.0264 1.2586 0.3270
v -0.0370 1.2998 0.3139
v -0.0442 1.1270 0.2966
v -0.0501 1.0973 0.2798
v -0.0883 1.1018 0.2535
v -0.0913 1.1222 0.2532
v -0.0467 1.0608 0.2708
v -0.1029 1.0722 0.2403
v -0.1044 1.0962 0.2382
v -0.0873 1.1407 0.2581
v -0.1140 1.1660 0.2555
v 0.0028 1.2075 0.3298
v -0.1135 1.2211 0.2851
v -0.1045 1.3006 0.2885
v -0.1336 1.2560 0.2729
v -0.1359 1.3139 0.2703
v -0.1341 1.2103 0.2598
v -0.1270 1.1830 0.2504
v -0.1437 1.1995 0.2480
v -0.1457 1.1925 0.2444
v -0.0759 1.0455 0.2354
v -0.1301 1.0671 0.2305
v -0.1165 1.0953 0.2430
v -0.1296 1.1384 0.2438
v -0.0642 1.0425 0.2388
v -0.1098 1.0479 0.2170
v -0.1419 1.0588 0.1958
v -0.0340 1.0512 0.2589
v -0.0310 1.0287 0.2510
v -0.0621 1.3089 0.3007
v -0.0794 1.2644 0.3078
v -0.0370 1.2998 0.3139
v -0.0482 1.3284 0.3093
v -0.0201 1.3157 0.3199
v -0.0264 1.2586 0.3270
v -0.0330 1.3518 0.3182
v -0.0854 1.2845 0.2864
v -0.0895 1.3033 0.2866
v -0.0673 1.3178 0.2992
v -0.1045 1.3006 0.2885
v -0.0499 1.1451 0.2927
v -0.0428 1.1555 0.2812
v -0.0507 1.1574 0.2757
v -0.0727 1.1529 0.2700
v -0.0474 1.1659 0.2847
v -0.0559 1.1645 0.2824
v -0.0507 1.1574 0.2757
v -0.0727 1.1529 0.2700
v -0.0428 1.1555 0.2812
v -0.0621 1.3089 0.3007
v -0.0458 1.3177 0.2979
v -0.0673 1.3178 0.2992
v -0.2502 1.0549 0.0991
v -0.2764 1.0669 0.0856
v -0.2967 1.0226 0.0844
v -0.2662 0.9848 0.1029
v -0.3099 0.9842 0.0869
v -0.2609 1.0986 0.0926
v -0.2733 0.9664 0.0979
v -0.2737 1.1043 0.0819
v -0.2542 1.1060 0.1022
v -0.2422 1.0920 0.1039
v -0.2733 0.9664 0.0979
v -0.3099 0.9842 0.0869
v -0.2967 0.9737 0.0807
v -0.2579 1.0133 0.0872
v -0.2660 0.9995 0.0867
v -0.2651 1.0130 0.0828
v -0.2722 0.9966 0.0821
v -0.2967 0.9737 0.0807
v -0.2978 1.0114 0.0771
v -0.2567 0.9827 0.0870
v -0.2591 0.9981 0.0861
v -0.2484 1.0117 0.0867
v -0.2393 1.0224 0.0874
v -0.2525 1.0283 0.0872
v -0.2510 1.0344 0.0864
v -0.2827 1.0102 0.0775
v -0.2770 1.0210 0.0743
v -0.2733 0.9664 0.0979
v -0.3099 0.9842 0.0869
v -0.2764 1.0669 0.0856
v -0.2737 1.1043 0.0819
v -0.2734 1.0770 0.0729
v -0.2691 1.0939 0.0692
v -0.2967 1.0226 0.0844
v -0.2785 1.1079 0.0656
v -0.2770 1.0210 0.0743
v -0.2978 1.0114 0.0771
v -0.3099 0.9842 0.0869
v -0.2579 1.0133 0.0872
v -0.2555 1.0197 0.0825
v -0.2525 1.0283 0.0872
v -0.2594 1.0131 0.0799
v -0.2447 1.0389 0.0862
v -0.2651 1.0130 0.0828
v -0.2722 0.9966 0.0821
v -0.2652 1.0078 0.0787
v -0.2594 1.0131 0.0799
v -0.2651 1.0130 0.0828
v -0.2594 1.0131 0.0799
v -0.2579 1.0133 0.0872
v -0.2555 1.0197 0.0825
v -0.2383 1.0200 0.0841
v -0.2447 1.0389 0.0862
v -0.2507 1.0092 0.0818
v -0.2250 1.0387 0.0859
v -0.2343 1.0441 0.0877
v -0.2594 1.0131 0.0799
v -0.2652 1.0078 0.0787
v -0.2296 1.0214 0.0865
v -0.2387 1.0490 0.0911
v -0.2722 0.9966 0.0821
v -0.2591 0.9981 0.0861
v -0.2253 1.0245 0.0831
v -0.2383 1.0200 0.0841
v -0.2507 1.0092 0.0818
v -0.2484 1.0117 0.0867
v -0.2591 0.9981 0.0861
v -0.2393 1.0224 0.0874
v -0.2296 1.0214 0.0865
v -0.1939 1.0015 0.1034
v -0.1969 1.0065 0.0958
v -0.1892 1.0110 0.0990
v -0.1922 1.0151 0.0948
v -0.1971 0.9957 0.1031
v -0.2050 0.9839 0.1015
v -0.1919 0.9931 0.1082
v -0.1884 1.0094 0.1054
v -0.1898 1.0157 0.0948
v -0.1939 0.9805 0.0894
v -0.1939 1.0015 0.1034
v -0.1889 1.0061 0.1049
v -0.1884 1.0094 0.1054
v -0.2025 1.0129 0.0891
v -0.2058 1.0281 0.1101
v -0.1997 1.0440 0.0955
v -0.1969 1.0065 0.0958
v -0.1939 0.9805 0.0894
v -0.1937 1.0426 0.1080
v -0.1896 1.0652 0.0879
v -0.1939 0.9805 0.0894
v -0.1892 1.0110 0.0990
v -0.1898 1.0157 0.0948
v -0.1889 1.0061 0.1049
v -0.1884 1.0094 0.1054
v -0.1898 1.0157 0.0948
v -0.1922 1.0151 0.0948
v -0.1939 0.9805 0.0894
v -0.1969 1.0065 0.0958
v -0.2525 1.0283 0.0872
v -0.2447 1.0389 0.0862
v -0.2510 1.0344 0.0864
v -0.2261 1.0534 0.0787
v -0.2770 1.0210 0.0743
v -0.2623 1.0671 0.0822
v -0.2354 1.0259 0.0753
v -0.2464 1.0141 0.0725
v -0.2340 1.0802 0.0786
v -0.2660 1.0040 0.0664
v -0.2450 1.0829 0.0843
v -0.2539 1.0034 0.0716
v -0.2422 1.0920 0.1039
v -0.2456 1.0516 0.0897
v -0.2359 1.0515 0.0901
v -0.2313 1.0680 0.0898
v -0.2216 1.0726 0.0895
v -0.2359 1.0441 0.0883
v -0.2502 1.0549 0.0991
v -0.2402 1.0719 0.0973
v -0.2257 1.0799 0.0900
v -0.2453 1.0909 0.0877
v -0.2609 1.0986 0.0926
v -0.2477 1.0376 0.0890
v -0.2341 1.0280 0.1004
v -0.2510 1.0344 0.0864
v -0.2341 1.0280 0.1004
v -0.2477 1.0376 0.0890
v -0.2447 1.0389 0.0862
v -0.2477 1.0376 0.0890
v -0.2510 1.0344 0.0864
v -0.2447 1.0389 0.0862
v -0.2414 1.0589 0.1012
v -0.2387 1.0490 0.0911
v -0.2456 1.0516 0.0897
v -0.2343 1.0441 0.0877
v -0.2502 1.0549 0.0991
v -0.2359 1.0515 0.0901
v -0.2359 1.0441 0.0883
v -0.2387 1.0490 0.0911
v -0.2414 1.0589 0.1012
v -0.2216 1.0726 0.0895
v -0.2447 1.0389 0.0862
v -0.2402 1.0719 0.0973
v -0.2402 1.0719 0.0973
v -0.2422 1.0920 0.1039
v -0.2450 1.0829 0.0843
v -0.2414 1.0589 0.1012
v -0.2216 1.0726 0.0895
v -0.2101 1.0650 0.0822
v -0.2313 1.0680 0.0898
v -0.2111 1.0747 0.0830
v -0.2257 1.0799 0.0900
v -0.2402 1.0719 0.0973
v -0.2456 1.0516 0.0897
v -0.2343 1.0441 0.0877
v -0.2359 1.0441 0.0883
v -0.2236 1.0307 0.0865
v -0.2250 1.0387 0.0859
v -0.2447 1.0389 0.0862
v -0.2393 1.0224 0.0874
v -0.2296 1.0214 0.0865
v -0.2510 1.0344 0.0864
v -0.2435 1.0261 0.0955
v -0.2393 1.0224 0.0874
v -0.2502 1.0549 0.0991
v -0.2341 1.0280 0.1004
v -0.2393 1.0224 0.0874
v -0.2341 1.0280 0.1004
v -0.2447 1.0389 0.0862
v -0.2236 1.0307 0.0865
v -0.2253 1.0245 0.0831
v -0.2296 1.0214 0.0865
v -0.2253 1.0245 0.0831
v -0.2236 1.0307 0.0865
v -0.2250 1.0387 0.0859
v -0.2247 1.0823 0.0800
v -0.2257 1.0799 0.0900
v -0.2313 1.0680 0.0898
v -0.2247 1.0823 0.0800
v -0.2278 1.0867 0.0806
v -0.2257 1.0799 0.0900
v -0.2278 1.0867 0.0806
v -0.2269 1.0890 0.0811
v -0.2257 1.0799 0.0900
v -0.2250 1.0875 0.0793
v -0.2278 1.0867 0.0806
v -0.2246 1.0866 0.0781
v -0.2269 1.0890 0.0811
v -0.2176 1.0804 0.0793
v -0.2246 1.0866 0.0781
v -0.2269 1.0890 0.0811
v -0.2101 1.0650 0.0822
v -0.2176 1.0804 0.0793
v -0.2313 1.0680 0.0898
v -0.2247 1.0823 0.0800
v -0.2080 1.0694 0.0781
v -0.2070 1.0752 0.0781
v -0.2269 1.0890 0.0811
v -0.1768 1.0643 0.0455
v -0.1727 1.0662 0.0376
v -0.1749 1.0721 0.0396
v -0.1608 1.0671 0.0194
v -0.1899 1.0674 0.0717
v -0.1714 1.0814 0.0356
v -0.1983 1.0813 0.0836
v -0.1994 1.0617 0.0885
v -0.1425 1.0735 -0.0064
v -0.1379 1.0811 -0.0148
v -0.2322 1.0744 0.1087
v -0.1880 1.0646 0.0655
v -0.1660 1.0983 -0.0040
v -0.1456 1.1014 -0.0317
v -0.1563 1.1063 -0.0185
v -0.1549 1.1092 -0.0238
v -0.2187 1.1022 0.0765
v -0.2422 1.0920 0.1039
v -0.2542 1.1060 0.1022
v -0.1847 1.0614 0.0778
v -0.1243 1.0875 -0.0258
v -0.1230 1.0908 -0.0481
v -0.1249 1.1003 -0.0730
v -0.1151 1.0598 -0.0351
v -0.1209 1.0658 -0.0210
v -0.1888 1.0590 0.0879
v -0.1819 1.0510 0.0822
v -0.1558 1.1177 -0.0134
v -0.2246 1.0866 0.0781
v -0.2248 1.0875 0.0808
v -0.2269 1.0890 0.0811
v -0.2179 1.0804 0.0843
v -0.2111 1.0747 0.0830
v -0.2257 1.0799 0.0900
v -0.2070 1.0752 0.0781
v -0.2176 1.0804 0.0793
v -0.2250 1.0875 0.0793
v -0.2080 1.0694 0.0781
v -0.2101 1.0650 0.0822
v -0.1699 1.0603 0.0589
v -0.1769 1.0503 0.0878
v -0.1504 1.0648 0.0377
v -0.1819 1.0510 0.0822
v -0.1656 1.0619 0.0482
v -0.1615 1.0614 0.0380
v -0.1768 1.0500 0.1089
v -0.1854 1.0432 0.0992
v -0.1769 1.0503 0.0878
v -0.1838 1.0597 0.0968
v -0.1854 1.0432 0.0992
v 0.1138 1.1403 0.4573
v 0.0942 1.1237 0.4878
v 0.1334 1.1776 0.4802
v 0.1271 1.1837 0.5170
v 0.1630 1.2320 0.4994
v 0.1533 1.2424 0.5355
v 0.1865 1.2783 0.5147
v 0.1698 1.2831 0.5488
v 0.0992 1.1247 0.4547
v 0.0813 1.0969 0.4757
v 0.0591 1.0627 0.4560
v 0.0566 1.0579 0.4172
v 0.0268 1.0175 0.4281
v 0.0441 1.0395 0.4037
v -0.0015 0.9940 0.4107
v -0.0080 0.9916 0.3708
v 0.1918 1.3176 0.5283
v 0.1762 1.3278 0.5558
v 0.1978 1.3183 0.5232
v 0.0087 1.0626 0.3084
v 0.0079 1.0407 0.2858
v 0.0119 1.0322 0.3110
v 0.0099 1.0704 0.2955
v 0.0187 1.0244 0.2983
v 0.0197 1.0197 0.3267
v 0.0204 1.0368 0.3372
v 0.0204 1.0347 0.2799
v -0.0022 1.0740 0.3004
v -0.0022 1.0740 0.3004
v -0.0033 1.0612 0.3018
v -0.0043 1.0682 0.2982
v 0.0010 1.0661 0.3052
v -0.0035 1.0628 0.2967
v -0.0054 1.0376 0.2957
v 0.0119 1.0322 0.3110
v 0.0087 1.0626 0.3084
v 0.0233 0.9916 0.2652
v 0.0444 1.0091 0.2785
v 0.0453 1.0086 0.2637
v 0.0173 1.0025 0.2837
v 0.0128 0.9937 0.2706
v 0.0534 0.9973 0.2483
v 0.0453 1.0086 0.2637
v 0.0444 1.0091 0.2785
v 0.0318 1.0185 0.2635
v 0.0534 0.9973 0.2483
v 0.0153 1.0109 0.2691
v 0.0298 1.0154 0.2725
v 0.0173 1.0025 0.2837
v 0.0318 1.0185 0.2635
v 0.0444 1.0091 0.2785
v 0.0754 1.0404 0.2553
v 0.1008 1.0245 0.2458
v 0.1033 1.0364 0.2393
v 0.0578 1.0073 0.2631
v 0.0298 1.0154 0.2725
v 0.0785 0.9855 0.2614
v 0.1401 0.9643 0.2415
v 0.1101 0.9473 0.2583
v 0.1429 1.0162 0.2258
v 0.1665 0.9832 0.2212
v 0.1926 1.0088 0.1919
v 0.1625 1.0339 0.1999
v 0.1364 1.0282 0.2221
v 0.1265 1.0421 0.2256
v 0.1247 1.0282 0.2308
v 0.0413 1.0382 0.2744
v 0.0204 1.0347 0.2799
v 0.0079 1.0407 0.2858
v 0.0173 1.0025 0.2837
v 0.1464 1.0222 0.2317
v 0.1008 1.0245 0.2458
v 0.1429 1.0162 0.2258
v 0.1089 1.0287 0.2466
v 0.1241 1.0335 0.2362
v 0.1033 1.0364 0.2393
v 0.1089 1.0287 0.2466
v 0.1008 1.0245 0.2458
v -0.0022 1.0740 0.3004
v -0.0043 1.0682 0.2982
v 0.0071 1.0729 0.2935
v -0.0035 1.0628 0.2967
v 0.0079 1.0407 0.2858
v 0.0031 1.0886 0.2987
v -0.0054 1.0376 0.2957
v 0.0074 1.0883 0.2934
v -0.0027 1.0984 0.2976
v 0.0153 1.0109 0.2691
v 0.0173 1.0025 0.2837
v 0.0128 0.9937 0.2706
v 0.0010 1.0661 0.3052
v -0.0035 1.0628 0.2967
v -0.0033 1.0612 0.3018
v 0.0028 1.2075 0.3298
v -0.0194 1.1387 0.3083
v 0.0182 1.1632 0.3151
v 0.0152 1.1293 0.3005
v -0.0036 1.1214 0.3027
v -0.0013 1.1055 0.2996
v 0.0127 1.1077 0.2992
v 0.0362 1.1782 0.3168
v 0.0319 1.2138 0.3301
v 0.0467 1.1750 0.3340
v 0.0700 1.2217 0.3355
v 0.0480 1.2652 0.3337
v 0.0641 1.1743 0.3316
v 0.0265 1.2606 0.3329
v 0.0836 1.1774 0.3114
v 0.1375 1.2245 0.3285
v 0.1372 1.2665 0.3302
v 0.1504 1.2091 0.3372
v 0.1385 1.1979 0.3374
v 0.1205 1.1733 0.3021
v 0.0074 1.0883 0.2934
v -0.0027 1.0984 0.2976
v 0.0115 1.0891 0.2961
v 0.0890 1.2693 0.3332
v 0.0071 1.0729 0.2935
v 0.0099 1.0704 0.2955
v 0.0079 1.0407 0.2858
v -0.0259 1.2261 0.3232
v -0.0264 1.2586 0.3270
v -0.0201 1.3157 0.3199
v 0.0890 1.2693 0.3332
v 0.0428 1.2732 0.3391
v 0.0700 1.2217 0.3355
v 0.0298 1.0154 0.2725
v 0.0444 1.0091 0.2785
v 0.0578 1.0073 0.2631
v 0.0678 1.0147 0.3151
v 0.0862 1.0341 0.2603
v 0.1240 1.0091 0.2936
v 0.1089 1.0287 0.2466
v 0.1464 1.0222 0.2317
v 0.1776 1.0122 0.2498
v 0.0187 1.0244 0.2983
v 0.0197 1.0197 0.3267
v 0.1761 1.0118 0.2611
v 0.1351 1.0106 0.2950
v 0.0622 1.0191 0.3354
v 0.0832 1.0172 0.3289
v 0.1871 0.9915 0.2445
v 0.0765 1.1193 0.3557
v 0.0176 1.1353 0.3539
v 0.0189 1.1029 0.3491
v 0.0723 1.0815 0.3454
v 0.0622 1.0191 0.3354
v 0.0204 1.0368 0.3372
v 0.0399 1.1494 0.3552
v 0.0654 1.1518 0.3549
v 0.0197 1.0197 0.3267
v 0.0824 1.1586 0.3644
v 0.0499 1.1668 0.3658
v 0.0287 1.1494 0.3633
v 0.0272 1.1596 0.3611
v 0.0862 1.0341 0.2603
v 0.0187 1.0244 0.2983
v 0.0413 1.0382 0.2744
v 0.0754 1.0404 0.2553
v 0.0204 1.0347 0.2799
v 0.0881 1.0447 0.2575
v 0.0723 1.0815 0.3454
v 0.0832 1.0172 0.3289
v 0.1044 1.1039 0.3416
v 0.1345 1.0326 0.3106
v 0.0811 1.1251 0.3447
v 0.1234 1.1624 0.3457
v 0.0949 1.1565 0.3513
v 0.1410 1.1342 0.3314
v 0.1327 1.0562 0.3144
v 0.1351 1.0106 0.2950
v 0.0727 1.0393 0.3324
v 0.0622 1.0191 0.3354
v 0.0678 1.0147 0.3151
v 0.0785 0.9855 0.2614
v 0.0788 0.9804 0.2495
v 0.0914 0.9553 0.2517
v 0.0902 0.9624 0.2418
v 0.1060 0.9423 0.2343
v 0.0586 0.9985 0.2548
v 0.1101 0.9473 0.2583
v 0.0578 1.0073 0.2631
v 0.1225 1.0496 0.2416
v 0.1265 1.0421 0.2256
v 0.1242 1.0491 0.2384
v 0.1251 1.0499 0.2381
v 0.1106 1.0487 0.2480
v 0.1033 1.0364 0.2393
v 0.1042 1.0454 0.2510
v 0.0881 1.0447 0.2575
v 0.0754 1.0404 0.2553
v 0.1252 1.0488 0.2380
v 0.1312 1.0501 0.2362
v 0.1330 1.0468 0.2281
v 0.1497 1.0468 0.2223
v 0.1625 1.0339 0.1999
v 0.1628 1.0441 0.2177
v 0.1389 1.0474 0.2295
v 0.1252 1.0488 0.2380
v 0.1258 1.0475 0.2374
v 0.1255 1.0474 0.2374
v 0.1260 1.0476 0.2375
v 0.1241 1.0444 0.2389
v 0.1242 1.0491 0.2384
v 0.1260 1.0476 0.2375
v 0.1283 1.0443 0.2355
v 0.1247 1.0282 0.2308
v 0.1033 1.0364 0.2393
v 0.1241 1.0335 0.2362
v 0.1364 1.0282 0.2221
v 0.1497 1.0468 0.2223
v 0.1628 1.0441 0.2177
v 0.1389 1.0474 0.2295
v 0.1283 1.0443 0.2355
v 0.1312 1.0501 0.2362
v 0.1241 1.0444 0.2389
v 0.1145 1.0445 0.2467
v 0.1260 1.0476 0.2375
v 0.1252 1.0488 0.2380
v 0.1225 1.0496 0.2416
v 0.1106 1.0487 0.2480
v 0.1042 1.0454 0.2510
v 0.0862 1.0341 0.2603
v 0.0881 1.0447 0.2575
v 0.1145 1.0445 0.2467
v 0.1241 1.0335 0.2362
v 0.1089 1.0287 0.2466
v 0.0862 1.0341 0.2603
v 0.1225 1.0496 0.2416
v 0.1252 1.0488 0.2380
v 0.1241 1.0444 0.2389
v 0.1060 0.9423 0.2343
v 0.0973 0.9088 0.2395
v 0.0988 0.9298 0.2414
v 0.0973 0.9088 0.2395
v 0.1139 0.9240 0.2507
v 0.0988 0.9298 0.2414
v 0.1222 0.9281 0.2441
v 0.0988 0.9298 0.2414
v 0.1139 0.9240 0.2507
v 0.0849 0.9814 0.2365
v 0.0804 0.9845 0.2403
v 0.0863 0.9851 0.2369
v 0.0853 0.9896 0.2385
v 0.0856 0.9911 0.2387
v 0.0728 0.9783 0.2417
v 0.0828 0.9775 0.2362
v 0.0851 0.9891 0.2384
v 0.0853 0.9896 0.2385
v 0.0853 0.9897 0.2385
v 0.0856 0.9911 0.2387
v 0.0851 0.9891 0.2384
v 0.0804 0.9845 0.2403
v 0.0838 0.9834 0.2375
v 0.0853 0.9897 0.2385
v 0.0856 0.9911 0.2387
v 0.0828 0.9775 0.2362
v 0.0728 0.9783 0.2417
v 0.0849 0.9814 0.2365
v 0.0863 0.9851 0.2369
v 0.0853 0.9896 0.2385
v 0.0878 0.9989 0.2380
v 0.0880 0.9981 0.2379
v 0.0877 0.9991 0.2381
v 0.0875 0.9999 0.2382
v 0.0872 1.0006 0.2386
v 0.0875 0.9999 0.2382
v 0.0866 1.0029 0.2388
v 0.0902 1.0040 0.2368
v 0.0878 0.9989 0.2380
v 0.0880 0.9981 0.2379
v 0.0846 1.0083 0.2408
v 0.0866 1.0024 0.2391
v 0.0872 1.0006 0.2386
v 0.0846 1.0083 0.2408
v 0.0866 1.0024 0.2391
v 0.0902 1.0040 0.2368
v 0.0872 1.0006 0.2386
v 0.0877 0.9991 0.2381
v 0.0880 0.9981 0.2379
v 0.1454 0.9689 0.2098
v 0.1665 0.9832 0.2212
v 0.1445 0.9723 0.2181
v 0.1290 0.9686 0.2246
v 0.1669 0.9829 0.1987
v 0.1401 0.9643 0.2415
v 0.1833 1.0014 0.1943
v 0.1926 1.0088 0.1919
v 0.1811 1.0044 0.1823
v 0.1199 0.9550 0.2242
v 0.1060 0.9423 0.2343
v 0.1101 0.9473 0.2583
v 0.2881 1.0644 0.2943
v 0.2365 1.0501 0.2809
v 0.2806 1.0738 0.2445
v 0.2662 1.0566 0.3057
v 0.2165 1.0508 0.3134
v 0.1529 1.0735 0.3885
v 0.1195 1.0798 0.4191
v 0.1754 1.0695 0.3472
v 0.1265 1.0826 0.4323
v 0.0977 1.0860 0.4398
v 0.1695 1.1256 0.4151
v 0.2010 1.0934 0.3793
v 0.1957 1.1239 0.4025
v 0.2311 1.0839 0.3524
v 0.1715 1.1865 0.4191
v 0.1109 1.1082 0.4538
v 0.1552 1.1348 0.4387
v 0.1924 1.0680 0.3514
v 0.2568 1.0788 0.3407
v 0.2544 1.1208 0.3688
v 0.2662 1.0566 0.3057
v 0.2848 1.0923 0.3230
v 0.2684 1.0962 0.3321
v 0.2881 1.0644 0.2943
v 0.2607 1.1266 0.3385
v 0.2185 1.1490 0.3908
v 0.2030 1.1472 0.3912
v 0.1901 1.1791 0.3981
v 0.2977 1.1162 0.3294
v 0.3033 1.0914 0.2744
v 0.2770 1.1399 0.3448
v 0.2555 1.1662 0.3458
v 0.1138 1.1403 0.4573
v 0.1172 1.1631 0.4636
v 0.0992 1.1247 0.4547
v 0.2165 1.0508 0.3134
v 0.2072 1.1639 0.2440
v 0.1897 1.1766 0.2428
v 0.1912 1.1715 0.2076
v 0.2122 1.1611 0.2073
v 0.2278 1.1668 0.1763
v 0.2451 1.1463 0.1835
v 0.2265 1.1969 0.1622
v 0.2429 1.2495 0.1255
v 0.2212 1.2285 0.1554
v 0.2145 1.2639 0.1467
v 0.2085 1.2446 0.1701
v 0.1995 1.2577 0.1724
v 0.2236 1.2794 0.1208
v 0.2010 1.1777 0.2748
v 0.1959 1.1770 0.2661
v 0.2018 1.1615 0.2621
v 0.2027 1.1653 0.2729
v 0.2107 1.1448 0.2505
v 0.2072 1.1639 0.2440
v 0.1984 1.1788 0.2432
v 0.2187 1.1012 0.2264
v 0.2122 1.1611 0.2073
v 0.1898 1.1865 0.2514
v 0.2451 1.1463 0.1835
v 0.2018 1.1615 0.2621
v 0.1926 1.1547 0.2672
v 0.1964 1.1744 0.2625
v 0.2045 1.1390 0.2572
v 0.2107 1.1448 0.2505
v 0.2187 1.1012 0.2264
v 0.1880 1.1372 0.2649
v 0.1961 1.1067 0.2686
v 0.2098 1.0992 0.2646
v 0.2365 1.0501 0.2809
v 0.1856 1.1004 0.2818
v 0.1754 1.0695 0.3472
v 0.2165 1.0508 0.3134
v 0.1482 1.1092 0.3203
v 0.1449 1.1188 0.3268
v 0.1271 1.1436 0.3444
v 0.0790 1.1400 0.4079
v 0.0724 1.1689 0.3968
v 0.1195 1.0798 0.4191
v 0.0948 1.1061 0.4415
v 0.0977 1.0860 0.4398
v 0.2806 1.0738 0.2445
v 0.2451 1.1463 0.1835
v 0.1482 1.1165 0.3208
v 0.1450 1.1355 0.3264
v 0.1449 1.1188 0.3268
v 0.1386 1.0896 0.3156
v 0.1461 1.1360 0.3259
v 0.1529 1.1466 0.3276
v 0.1681 1.1291 0.3162
v 0.1410 1.1342 0.3314
v 0.1467 1.1403 0.3337
v 0.1482 1.1092 0.3203
v 0.1649 1.0963 0.3044
v 0.1362 1.0407 0.3083
v 0.1327 1.0562 0.3144
v 0.1856 1.1004 0.2818
v 0.1770 1.0402 0.2755
v 0.1761 1.0118 0.2611
v 0.1351 1.0106 0.2950
v 0.1345 1.0326 0.3106
v 0.1735 1.1795 0.2608
v 0.1829 1.1690 0.2630
v 0.1787 1.1787 0.2546
v 0.1815 1.1764 0.2820
v 0.1764 1.1527 0.2393
v 0.1880 1.1372 0.2649
v 0.1695 1.0926 0.2412
v 0.1715 1.1731 0.2411
v 0.1961 1.1067 0.2686
v 0.1832 1.0349 0.2575
v 0.1628 1.0441 0.2177
v 0.1709 1.0256 0.2345
v 0.1776 1.0122 0.2498
v 0.1713 1.1699 0.2310
v 0.1843 1.1579 0.2675
v 0.1690 1.1784 0.2489
v 0.1701 1.1834 0.2242
v 0.2240 0.9739 0.2383
v 0.2045 1.0261 0.2527
v 0.2131 0.9894 0.2553
v 0.2004 1.0264 0.2723
v 0.1989 1.0579 0.2608
v 0.1961 1.1067 0.2686
v 0.1856 1.1004 0.2818
v 0.2237 0.9446 0.2190
v 0.2269 0.9428 0.2037
v 0.2317 0.9165 0.1833
v 0.2045 1.0261 0.2527
v 0.1975 0.9861 0.2274
v 0.1871 0.9915 0.2445
v 0.1949 0.9671 0.2260
v 0.2050 0.9582 0.1986
v 0.2060 0.9322 0.1921
v 0.1776 1.0122 0.2498
v 0.1832 1.0349 0.2575
v 0.1989 1.0579 0.2608
v 0.1961 1.1067 0.2686
v 0.1074 0.9167 0.2252
v 0.0686 0.9135 0.2428
v 0.1026 0.9182 0.2336
v 0.1203 0.9170 0.2290
v 0.0988 0.9298 0.2414
v 0.1222 0.9281 0.2441
v 0.1252 1.0488 0.2380
v 0.1255 1.0474 0.2374
v 0.1258 1.0475 0.2374
v 0.1258 1.0475 0.2374
v 0.1260 1.0476 0.2375
v 0.1265 1.0421 0.2256
v 0.1251 1.0499 0.2381
v 0.1252 1.0488 0.2380
v 0.1241 1.0444 0.2389
v 0.1251 1.0499 0.2381
v 0.1242 1.0491 0.2384
v 0.1252 1.0488 0.2380
v 0.1258 1.0475 0.2374
v 0.1242 1.0491 0.2384
v 0.1252 1.0488 0.2380
v 0.1242 1.0491 0.2384
v 0.1258 1.0475 0.2374
v 0.1260 1.0476 0.2375
v 0.2269 0.9428 0.2037
v 0.2050 0.9582 0.1986
v 0.2240 0.9739 0.2383
v 0.1975 0.9861 0.2274
v 0.2217 0.9433 0.1921
v 0.2045 1.0261 0.2527
v 0.2317 0.9165 0.1833
v 0.2217 0.9433 0.1921
v 0.2083 0.9812 0.1989
v 0.2050 0.9582 0.1986
v 0.2018 1.0880 0.1275
v 0.2076 1.1562 0.1580
v 0.1965 1.0628 0.1467
v 0.2080 1.1483 0.1136
v 0.2060 1.0550 0.1360
v 0.2097 1.0983 0.1099
v 0.2005 1.0937 0.1630
v 0.2015 1.1625 0.1684
v 0.2053 1.1728 0.1200
v 0.2265 1.1969 0.1622
v 0.1986 1.0573 0.1622
v 0.2103 1.0291 0.1609
v 0.2079 1.0169 0.1290
v 0.2129 1.0489 0.1181
v 0.2098 1.0104 0.1052
v 0.2412 0.9605 0.1275
v 0.2130 1.0302 0.0965
v 0.2383 0.9683 0.1012
v 0.2391 0.9389 0.0950
v 0.2445 0.9191 0.1401
v 0.2457 0.9542 0.1556
v 0.2347 0.9599 0.1697
v 0.2217 0.9433 0.1921
v 0.2083 0.9812 0.1989
v 0.1926 1.0088 0.1919
v 0.2317 0.9165 0.1833
v 0.2245 0.9919 0.1376
v 0.2245 0.9919 0.1376
v 0.1909 1.0207 0.1535
v 0.1926 1.0088 0.1919
v 0.2079 1.0169 0.1290
v 0.1625 1.0339 0.1999
v 0.2083 0.9812 0.1989
v 0.1937 0.9856 0.1908
v 0.2050 0.9582 0.1986
v 0.2060 0.9322 0.1921
v 0.1927 0.9417 0.1885
v 0.1824 0.9838 0.1838
v 0.1811 1.0044 0.1823
v 0.1833 1.0014 0.1943
v 0.1926 1.0088 0.1919
v 0.2314 0.9450 0.0960
v 0.2300 0.9504 0.0936
v 0.2305 0.9625 0.1007
v 0.2309 0.9573 0.0938
v 0.2303 0.9342 0.0985
v 0.2319 0.9264 0.1185
v 0.2332 0.8900 0.1078
v 0.2306 0.9148 0.1675
v 0.2384 0.8962 0.0864
v 0.2251 0.8891 0.1543
v 0.2391 0.9389 0.0950
v 0.2445 0.9191 0.1401
v 0.2319 0.9264 0.1185
v 0.2306 0.9148 0.1675
v 0.2314 0.9450 0.0960
v 0.2317 0.9514 0.0960
v 0.2391 0.9389 0.0950
v 0.2314 0.9450 0.0960
v 0.2091 0.9488 0.0686
v 0.2146 0.9343 0.0884
v 0.2112 0.9110 0.1001
v 0.2213 0.8832 0.1156
v 0.2709 0.9502 0.0858
v 0.2383 0.9683 0.1012
v 0.2391 0.9389 0.0950
v 0.2542 0.9955 0.0982
v 0.2416 0.9320 0.0906
v 0.2130 1.0302 0.0965
v 0.2098 1.0104 0.1052
v 0.2287 1.0303 0.1013
v 0.2005 1.0587 0.1051
v 0.2767 0.9305 0.0687
v 0.2384 0.8962 0.0864
v 0.2303 0.9342 0.0985
v 0.2317 0.9514 0.0960
v 0.2509 0.9017 0.0492
v 0.2000 0.9891 0.0709
v 0.1962 0.9924 0.0719
v 0.1967 0.9942 0.0730
v 0.2075 0.9569 0.0886
v 0.2053 0.9653 0.0956
v 0.2053 0.9562 0.0956
v 0.2091 0.9488 0.0686
v 0.2077 0.9570 0.0584
v 0.2073 0.9598 0.0609
v 0.2040 0.9707 0.0821
v 0.2146 0.9343 0.0884
v 0.2056 0.9717 0.0719
v 0.2032 0.9786 0.0685
v 0.1998 0.9849 0.0741
v 0.2000 0.9891 0.0709
v 0.2030 0.9896 0.0845
v 0.1967 0.9942 0.0730
v 0.1981 0.9908 0.0749
v 0.1968 0.9957 0.0757
v 0.1964 0.9916 0.0773
v 0.2097 0.9509 0.0956
v 0.2051 0.9577 0.0999
v 0.2050 0.9688 0.0625
v 0.2036 0.9617 0.0546
v 0.2057 0.9578 0.0553
v 0.2037 0.9583 0.0511
v 0.2016 0.9676 0.0549
v 0.2018 0.9710 0.0576
v 0.2053 0.9562 0.0956
v 0.2037 0.9776 0.0892
v 0.2051 0.9577 0.0999
v 0.2314 0.9450 0.0960
v 0.2305 0.9625 0.1007
v 0.2317 0.9514 0.0960
v 0.2309 0.9573 0.0938
v 0.2300 0.9504 0.0936
v 0.2303 0.9342 0.0985
v 0.2317 0.9514 0.0960
v 0.2309 0.9573 0.0938
v 0.2051 0.9577 0.0999
v 0.2075 0.9569 0.0886
v 0.2097 0.9509 0.0956
v 0.2146 0.9343 0.0884
v 0.2053 0.9653 0.0956
v 0.1364 1.0282 0.2221
v 0.1709 1.0256 0.2345
v 0.1464 1.0222 0.2317
v 0.1776 1.0122 0.2498
v 0.1628 1.0441 0.2177
v 0.1429 1.0162 0.2258
v 0.1364 1.0282 0.2221
v 0.1464 1.0222 0.2317
v 0.1945 1.0957 0.1864
v 0.1895 1.1260 0.2080
v 0.1695 1.0926 0.2412
v 0.1764 1.1527 0.2393
v 0.2009 1.1661 0.1890
v 0.1912 1.1715 0.2076
v 0.1628 1.0441 0.2177
v 0.1856 1.0422 0.1587
v 0.1625 1.0339 0.1999
v 0.1909 1.0207 0.1535
v 0.1946 1.1267 0.1696
v 0.2015 1.1625 0.1684
v 0.1869 1.0663 0.1653
v 0.1713 1.1699 0.2310
v 0.1743 1.1746 0.2314
v 0.2079 1.0169 0.1290
v 0.2103 1.0291 0.1609
v 0.1909 1.0207 0.1535
v 0.1943 1.0277 0.1636
v 0.1909 1.0207 0.1535
v 0.1943 1.0277 0.1636
v 0.1856 1.0422 0.1587
v 0.2005 1.0937 0.1630
v 0.1869 1.0663 0.1653
v 0.1986 1.0573 0.1622
v 0.1946 1.1267 0.1696
v 0.2015 1.1625 0.1684
v 0.1856 1.0422 0.1587
v 0.1943 1.0277 0.1636
v 0.2103 1.0291 0.1609
v 0.2051 0.9577 0.0999
v 0.2036 0.9719 0.0890
v 0.2053 0.9653 0.0956
v 0.2036 0.9719 0.0890
v 0.2118 0.9639 0.0836
v 0.2040 0.9707 0.0821
v 0.2037 0.9776 0.0892
v 0.2118 0.9639 0.0836
v 0.2036 0.9719 0.0890
v 0.2112 0.9721 0.0803
v 0.2078 0.9803 0.0816
v 0.2051 0.9577 0.0999
v 0.2037 0.9776 0.0892
v 0.2053 0.9562 0.0956
v 0.2053 0.9653 0.0956
v 0.2036 0.9719 0.0890
v 0.2040 0.9707 0.0821
v 0.2053 0.9653 0.0956
v 0.2040 0.9707 0.0821
v 0.2078 0.9803 0.0816
v 0.2037 0.9776 0.0892
v 0.2053 0.9653 0.0956
v 0.2714 0.9344 0.0027
v 0.2546 0.9000 0.0320
v 0.2606 0.9076 0.0047
v 0.2466 0.8930 0.0131
v 0.2478 0.9015 -0.0118
v 0.2332 0.8918 -0.0278
v 0.2485 0.9109 -0.0297
v 0.2710 0.9220 0.0239
v 0.2767 0.9305 0.0687
v 0.2835 0.9558 0.0511
v 0.2543 0.9296 -0.0184
v 0.2719 0.9462 0.0179
v 0.2567 0.9400 -0.0120
v 0.2509 0.9017 0.0492
v 0.2709 0.9502 0.0858
v 0.2737 0.9835 0.0753
v 0.2542 0.9955 0.0982
v 0.1910 1.0924 0.1077
v 0.1844 1.0618 0.0929
v 0.1837 1.1359 0.0791
v 0.1959 1.1502 0.1109
v 0.1720 1.0543 0.0662
v 0.1610 1.0684 0.0397
v 0.1630 1.1360 0.0385
v 0.1607 1.1582 0.0221
v 0.1903 1.1871 0.0916
v 0.1720 1.1863 0.0474
v 0.2053 1.1728 0.1200
v 0.2129 1.2089 0.1288
v 0.2265 1.1969 0.1622
v 0.2212 1.2285 0.1554
v 0.1711 1.0405 0.0580
v 0.1629 1.0445 0.0447
v 0.1564 1.0367 0.0282
v 0.1502 1.0363 0.0171
v 0.1714 1.0361 0.0565
v 0.1773 1.0389 0.0681
v 0.1875 1.0622 0.1212
v 0.1790 1.0517 0.0757
v 0.1761 1.0469 0.0684
v 0.1808 1.0422 0.0752
v 0.1816 1.0438 0.0750
v 0.1828 1.0481 0.0804
v 0.1844 1.0430 0.0813
v 0.1859 1.0519 0.0973
v 0.1952 1.2124 0.1164
v 0.1950 1.2288 0.1359
v 0.2085 1.2446 0.1701
v 0.1995 1.2577 0.1724
v 0.1870 1.0521 0.0883
v 0.2525 1.0019 0.0613
v 0.2296 1.0188 0.0534
v 0.2081 1.0514 0.0737
v 0.2331 1.0084 0.0464
v 0.2165 1.0210 0.0409
v 0.2415 1.0026 0.0382
v 0.2344 0.9986 0.0182
v 0.2226 1.0111 0.0256
v 0.2213 1.0103 0.0228
v 0.2290 0.9999 0.0122
v 0.2222 1.0073 0.0184
v 0.2173 1.0094 0.0146
v 0.2211 1.0070 0.0150
v 0.2110 1.0172 0.0149
v 0.2176 1.0136 0.0227
v 0.2235 1.0041 0.0086
v 0.2287 1.0303 0.1013
v 0.2005 1.0587 0.1051
v 0.2310 0.9986 0.0093
v 0.2542 0.9955 0.0982
v 0.2737 0.9835 0.0753
v 0.2697 0.9702 0.0354
v 0.2835 0.9558 0.0511
v 0.2491 1.0031 0.0378
v 0.1844 1.0618 0.0929
v 0.1934 1.0621 0.0537
v 0.1875 1.0622 0.1212
v 0.2060 1.0550 0.1360
v 0.2005 1.0587 0.1051
v 0.2129 1.0489 0.1181
v 0.2130 1.0302 0.0965
v 0.2060 1.0550 0.1360
v 0.2310 0.9986 0.0093
v 0.2344 0.9986 0.0182
v 0.2352 0.9997 0.0134
v 0.2222 1.0073 0.0184
v 0.2212 1.0094 0.0151
v 0.2173 1.0094 0.0146
v 0.1910 1.0924 0.1077
v 0.2018 1.0880 0.1275
v 0.1964 1.0739 0.1106
v 0.1875 1.0622 0.1212
v 0.2060 1.0550 0.1360
v 0.1816 1.0438 0.0750
v 0.1761 1.0469 0.0684
v 0.1823 1.0431 0.0732
v 0.1844 1.0430 0.0813
v 0.1761 1.0400 0.0630
v 0.1870 1.0521 0.0883
v 0.1721 1.0579 0.0569
v 0.1711 1.0405 0.0580
v 0.1828 1.0481 0.0804
v 0.1859 1.0519 0.0973
v 0.1720 1.0543 0.0662
v 0.0129 0.6314 -0.0700
v 0.0116 0.5798 -0.0632
v 0.0119 0.6481 0.0256
v 0.0283 0.6262 -0.1221
v 0.0192 0.5902 -0.1377
v 0.0173 0.5257 -0.1064
v 0.0142 0.5422 -0.1463
v 0.0222 0.5057 -0.1522
v 0.0102 0.5369 -0.1713
v 0.0414 0.4711 -0.1128
v 0.0044 0.6509 -0.0544
v 0.0235 0.6968 -0.0949
v 0.0145 0.6904 -0.0334
v 0.0302 0.7069 -0.0679
v 0.0127 0.7023 -0.0368
v 0.0228 0.7228 -0.0746
v 0.0019 0.7228 -0.0305
v -0.0046 0.7051 -0.0080
v 0.0174 0.6766 0.0139
v 0.0105 0.7029 -0.0210
v 0.0320 0.6511 -0.1324
v 0.0182 0.5765 -0.0209
v 0.0307 0.6663 -0.1128
v 0.0155 0.6744 -0.0299
v 0.0315 0.4637 -0.1473
v 0.0532 0.7128 -0.1148
v 0.0258 0.6488 0.0773
v 0.0208 0.6664 0.0503
v 0.0155 0.6744 -0.0299
v 0.0119 0.6481 0.0256
v 0.0174 0.6766 0.0139
v 0.0208 0.6664 0.0503
v 0.1390 0.4322 -0.1701
v 0.1094 0.4268 -0.1155
v 0.1132 0.4301 -0.1337
v 0.1330 0.5244 -0.1361
v 0.1205 0.4987 -0.1679
v 0.1317 0.5179 -0.1478
v 0.1251 0.5037 -0.1713
v 0.1345 0.5334 -0.1375
v 0.1389 0.4869 -0.1743
v 0.1251 0.5037 -0.1713
v 0.1205 0.4987 -0.1679
v 0.1316 0.4834 -0.1724
v 0.1336 0.3714 -0.2495
v 0.0831 0.2787 -0.3174
v 0.1120 0.2795 -0.3572
v 0.0901 0.2483 -0.3726
v 0.1093 0.3535 -0.2413
v 0.1104 0.3817 -0.2057
v 0.1338 0.3888 -0.2173
v 0.0863 0.2262 -0.4194
v 0.0504 0.2337 -0.3672
v 0.1345 0.3995 -0.1806
v 0.0731 0.4025 -0.1607
v 0.0745 0.4175 -0.1362
v 0.0490 0.2325 -0.3928
v 0.0274 0.2429 -0.3843
v 0.0754 0.5637 -0.1671
v 0.0756 0.5935 -0.1425
v 0.0605 0.5960 -0.1563
v 0.0655 0.6080 -0.1556
v 0.0864 0.5523 -0.1670
v 0.0838 0.5864 -0.1488
v 0.0916 0.5642 -0.1543
v 0.1202 0.5453 -0.1402
v 0.1035 0.5603 -0.1455
v 0.0970 0.5839 -0.1369
v 0.0977 0.5388 -0.1666
v 0.1330 0.5244 -0.1361
v 0.1205 0.4987 -0.1679
v 0.1043 0.4658 -0.2029
v 0.1316 0.4834 -0.1724
v 0.1244 0.4557 -0.2001
v 0.1344 0.4692 -0.1819
v 0.0721 0.5319 -0.1948
v 0.0606 0.5707 -0.1692
v 0.0990 0.5824 -0.1361
v 0.0997 0.5823 -0.1354
v 0.0586 0.5599 -0.1766
v 0.1345 0.5334 -0.1375
v 0.0568 0.6073 -0.1559
v 0.0568 0.5946 -0.1628
v 0.0485 0.5996 -0.1610
v 0.0777 0.5138 -0.2018
v 0.0713 0.5121 -0.2093
v 0.0968 0.4606 -0.2355
v 0.1351 0.4824 -0.1675
v 0.1147 0.4472 -0.2174
v 0.0999 0.5744 -0.1401
v 0.1419 0.4655 -0.1607
v 0.1331 0.4762 -0.1540
v 0.1048 0.5790 -0.1321
v 0.1112 0.5815 -0.1239
v 0.1100 0.5757 -0.1288
v 0.1079 0.4363 -0.2330
v 0.1315 0.4333 -0.2168
v 0.0568 0.5946 -0.1628
v 0.0609 0.5733 -0.1749
v 0.0605 0.5960 -0.1563
v 0.1251 0.4437 -0.2203
v 0.1244 0.4557 -0.2001
v 0.1147 0.4472 -0.2174
v 0.0839 0.4965 -0.2120
v 0.0653 0.5077 -0.2176
v 0.0716 0.5108 -0.2102
v 0.0777 0.5138 -0.2018
v 0.0713 0.5121 -0.2093
v 0.0976 0.5045 -0.1878
v 0.0968 0.4606 -0.2355
v 0.1260 0.4609 -0.2054
v 0.1142 0.4382 -0.2381
v 0.0668 0.5129 -0.2101
v 0.0638 0.5059 -0.2191
v 0.0635 0.5038 -0.2231
v 0.1276 0.4467 -0.2249
v 0.0600 0.5006 -0.2284
v 0.0568 0.5946 -0.1628
v 0.0650 0.5859 -0.1677
v 0.0609 0.5733 -0.1749
v 0.0864 0.5523 -0.1670
v 0.1059 0.5480 -0.1530
v 0.0977 0.5388 -0.1666
v 0.1035 0.5603 -0.1455
v 0.1202 0.5453 -0.1402
v 0.0999 0.5744 -0.1401
v 0.0754 0.5637 -0.1671
v 0.1251 0.5037 -0.1713
v 0.0976 0.5045 -0.1878
v 0.0777 0.5138 -0.2018
v 0.0721 0.5319 -0.1948
v 0.1389 0.4869 -0.1743
v 0.1260 0.4609 -0.2054
v 0.1345 0.5334 -0.1375
v 0.1317 0.5179 -0.1478
v 0.0838 0.5864 -0.1488
v 0.0970 0.5839 -0.1369
v 0.0997 0.5823 -0.1354
v 0.1112 0.5815 -0.1239
v 0.1100 0.5757 -0.1288
v 0.0655 0.6080 -0.1556
v 0.0556 0.5568 -0.1849
v 0.0533 0.5632 -0.1847
v 0.0598 0.5987 -0.1692
v 0.0577 0.6080 -0.1606
v 0.0756 0.5935 -0.1425
v 0.0968 0.4606 -0.2355
v 0.0713 0.5121 -0.2093
v 0.0839 0.4965 -0.2120
v 0.1436 0.4732 -0.1840
v 0.1402 0.4802 -0.1427
v 0.1419 0.4655 -0.1607
v 0.1511 0.4517 -0.1661
v 0.1437 0.4466 -0.1722
v 0.1419 0.4655 -0.1607
v 0.1402 0.4802 -0.1427
v 0.1677 0.4768 -0.1725
v 0.1373 0.4608 -0.2130
v 0.1483 0.4932 -0.1778
v 0.1710 0.4990 -0.1423
v 0.1648 0.4629 -0.2011
v 0.1554 0.4539 -0.2165
v 0.1396 0.4575 -0.2188
v 0.1389 0.4520 -0.2280
v 0.1331 0.4762 -0.1540
v 0.1483 0.4932 -0.1778
v 0.1351 0.4824 -0.1675
v 0.1389 0.4869 -0.1743
v 0.1316 0.4834 -0.1724
v 0.1451 0.4941 -0.1493
v 0.1260 0.4609 -0.2054
v 0.1373 0.4608 -0.2130
v 0.1710 0.4990 -0.1423
v 0.1451 0.4941 -0.1493
v 0.1804 0.5074 -0.1755
v 0.1710 0.4990 -0.1423
v 0.1660 0.5070 -0.1855
v 0.1784 0.5079 -0.1482
v 0.1660 0.5070 -0.1855
v 0.1742 0.4808 -0.1756
v 0.1804 0.5074 -0.1755
v 0.1677 0.4768 -0.1725
v 0.1804 0.5074 -0.1755
v 0.1742 0.4808 -0.1756
v 0.1648 0.4629 -0.2011
v 0.1784 0.5079 -0.1482
v 0.1710 0.4990 -0.1423
v 0.1779 0.5831 -0.1436
v 0.1628 0.5809 -0.0678
v 0.1666 0.5541 -0.1183
v 0.1868 0.5038 -0.1559
v 0.1838 0.5079 -0.1187
v 0.1773 0.5461 -0.0319
v 0.1676 0.5937 -0.0432
v 0.1678 0.6135 -0.0232
v 0.1794 0.6543 0.0222
v 0.1757 0.6465 -0.0022
v 0.1709 0.6243 -0.0220
v 0.1918 0.5997 -0.1624
v 0.1857 0.4966 -0.1805
v 0.1786 0.4747 -0.1759
v 0.1848 0.5578 -0.1850
v 0.1868 0.5933 -0.1758
v 0.0754 0.5963 -0.2063
v 0.0650 0.5763 -0.1969
v 0.0239 0.5702 -0.1856
v 0.0384 0.5640 -0.1894
v 0.0150 0.5281 -0.1795
v 0.1040 0.5919 -0.2241
v 0.0452 0.5977 -0.1884
v 0.0759 0.6122 -0.1964
v 0.0248 0.5093 -0.2527
v 0.0134 0.4622 -0.2134
v 0.0208 0.5041 -0.2010
v 0.0165 0.4778 -0.2415
v 0.0198 0.4716 -0.2776
v 0.0178 0.4441 -0.1614
v 0.0190 0.4331 -0.1858
v 0.0126 0.4979 -0.1613
v 0.0249 0.5475 -0.2145
v 0.0264 0.4412 -0.2403
v 0.0102 0.5369 -0.1713
v 0.0334 0.5185 -0.2292
v 0.0495 0.5313 -0.2557
v 0.0398 0.4764 -0.3200
v 0.0455 0.4090 -0.2113
v 0.1437 0.4466 -0.1722
v 0.1560 0.4500 -0.2003
v 0.1344 0.4327 -0.2024
v 0.1511 0.4517 -0.1661
v 0.1391 0.4454 -0.2178
v 0.1315 0.4333 -0.2168
v 0.1560 0.4500 -0.2003
v 0.1511 0.4517 -0.1661
v 0.1632 0.4469 -0.2050
v 0.1248 0.3243 -0.3845
v 0.1504 0.4443 -0.2937
v 0.1382 0.3534 -0.3109
v 0.1546 0.4166 -0.2610
v 0.1590 0.4599 -0.2584
v 0.1257 0.3867 -0.3858
v 0.1640 0.4373 -0.2440
v 0.1120 0.2795 -0.3572
v 0.1133 0.2966 -0.3988
v 0.0927 0.2357 -0.4348
v 0.0971 0.2907 -0.4570
v 0.0899 0.2716 -0.4700
v 0.0820 0.2021 -0.4562
v 0.0905 0.2373 -0.4917
v 0.0880 0.2416 -0.5296
v 0.0863 0.2262 -0.4194
v 0.1581 0.4503 -0.2372
v 0.1632 0.4469 -0.2050
v 0.1746 0.4727 -0.2140
v 0.1719 0.4640 -0.1735
v 0.1786 0.4747 -0.1759
v 0.1465 0.4418 -0.2151
v 0.1382 0.4227 -0.1882
v 0.1425 0.4216 -0.2324
v 0.1465 0.4418 -0.2151
v 0.1425 0.4216 -0.2324
v 0.1391 0.4454 -0.2178
v 0.1560 0.4500 -0.2003
v 0.1436 0.4732 -0.1840
v 0.1560 0.4500 -0.2003
v 0.1719 0.4640 -0.1735
v 0.1363 0.4511 -0.2136
v 0.1708 0.4877 -0.1474
v 0.1465 0.4418 -0.2151
v 0.1505 0.4895 -0.1626
v 0.1632 0.4469 -0.2050
v 0.1363 0.4511 -0.2136
v 0.1581 0.4503 -0.2372
v 0.1465 0.4418 -0.2151
v 0.1436 0.4732 -0.1840
v 0.1344 0.4692 -0.1819
v 0.1363 0.4511 -0.2136
v 0.1244 0.4557 -0.2001
v 0.1419 0.4655 -0.1607
v 0.1857 0.4966 -0.1805
v 0.1742 0.4808 -0.1756
v 0.1660 0.5070 -0.1855
v 0.1786 0.4747 -0.1759
v 0.1786 0.4747 -0.1759
v 0.1648 0.4629 -0.2011
v 0.1742 0.4808 -0.1756
v 0.1746 0.4727 -0.2140
v 0.1648 0.4629 -0.2011
v 0.1786 0.4747 -0.1759
v 0.1437 0.4466 -0.1722
v 0.1660 0.5070 -0.1855
v 0.1419 0.4655 -0.1607
v 0.1667 0.4786 -0.2065
v 0.1554 0.4539 -0.2165
v 0.1344 0.4327 -0.2024
v 0.1331 0.4762 -0.1540
v 0.1451 0.4941 -0.1493
v 0.1389 0.4520 -0.2280
v 0.1315 0.4333 -0.2168
v 0.1530 0.5299 -0.2215
v 0.1646 0.5108 -0.1991
v 0.1455 0.5370 -0.2081
v 0.1660 0.5070 -0.1855
v 0.1425 0.5417 -0.2227
v 0.1513 0.5306 -0.2244
v 0.1857 0.4966 -0.1805
v 0.1588 0.5054 -0.2156
v 0.1566 0.4975 -0.2099
v 0.1530 0.5299 -0.2215
v 0.1513 0.5306 -0.2244
v 0.1588 0.5054 -0.2156
v 0.1717 0.5132 -0.1955
v 0.1646 0.5108 -0.1991
v 0.1504 0.4443 -0.2937
v 0.1257 0.3867 -0.3858
v 0.1338 0.4530 -0.3251
v 0.1440 0.4805 -0.2841
v 0.1590 0.4599 -0.2584
v 0.1538 0.4901 -0.2558
v 0.1746 0.4727 -0.2140
v 0.1337 0.5208 -0.2717
v 0.1494 0.5078 -0.2483
v 0.1588 0.5054 -0.2156
v 0.1076 0.4985 -0.3157
v 0.0891 0.3936 -0.4175
v 0.1537 0.5337 -0.2384
v 0.1133 0.2966 -0.3988
v 0.0959 0.3504 -0.4275
v 0.0971 0.2907 -0.4570
v 0.0796 0.3568 -0.4501
v 0.0692 0.3068 -0.4975
v 0.0899 0.2716 -0.4700
v 0.0905 0.2373 -0.4917
v 0.1248 0.3243 -0.3845
v 0.1717 0.5132 -0.1955
v 0.1554 0.5405 -0.2270
v 0.0880 0.2416 -0.5296
v 0.0730 0.2539 -0.5540
v 0.0994 0.1517 -0.5244
v 0.1011 0.1644 -0.4994
v 0.1127 0.0922 -0.4982
v 0.1080 0.0965 -0.5310
v 0.0932 0.1699 -0.5528
v 0.0846 0.2256 -0.5689
v 0.0778 0.2255 -0.5827
v 0.0635 0.2470 -0.5893
v 0.1011 0.4694 -0.3389
v 0.1600 0.5300 -0.1979
v 0.1343 0.5751 -0.2225
v 0.1717 0.5132 -0.1955
v 0.1857 0.4966 -0.1805
v 0.1646 0.5108 -0.1991
v 0.1848 0.5578 -0.1850
v 0.1600 0.5300 -0.1979
v 0.1574 0.5810 -0.2003
v 0.1343 0.5751 -0.2225
v 0.1168 0.6009 -0.2121
v 0.0957 0.5721 -0.2476
v 0.1554 0.5405 -0.2270
v 0.1107 0.5493 -0.2471
v 0.0685 0.5524 -0.2545
v 0.1566 0.4975 -0.2099
v 0.1660 0.5070 -0.1855
v 0.1667 0.4786 -0.2065
v 0.1513 0.5306 -0.2244
v 0.1455 0.5370 -0.2081
v 0.1425 0.5417 -0.2227
v 0.1530 0.5299 -0.2215
v 0.1566 0.4975 -0.2099
v 0.1588 0.5054 -0.2156
v 0.1746 0.4727 -0.2140
v 0.1667 0.4786 -0.2065
v 0.1648 0.4629 -0.2011
v 0.1391 0.4454 -0.2178
v 0.1276 0.4467 -0.2249
v 0.1251 0.4437 -0.2203
v 0.1389 0.4520 -0.2280
v 0.1315 0.4333 -0.2168
v 0.1147 0.4472 -0.2174
v 0.1244 0.4557 -0.2001
v 0.1276 0.4467 -0.2249
v 0.1260 0.4609 -0.2054
v 0.1251 0.4437 -0.2203
v 0.1640 0.4373 -0.2440
v 0.1581 0.4503 -0.2372
v 0.1425 0.4216 -0.2324
v 0.1391 0.4454 -0.2178
v 0.1363 0.4511 -0.2136
v 0.1546 0.4166 -0.2610
v 0.1425 0.4216 -0.2324
v 0.1382 0.4227 -0.1882
v 0.1540 0.4101 -0.2345
v 0.1546 0.4166 -0.2610
v 0.1239 0.4346 -0.2344
v 0.1341 0.4338 -0.2278
v 0.1285 0.4263 -0.2368
v 0.1357 0.4320 -0.2338
v 0.1285 0.4263 -0.2368
v 0.1341 0.4338 -0.2278
v 0.1373 0.4608 -0.2130
v 0.1363 0.4511 -0.2136
v 0.1260 0.4609 -0.2054
v 0.1244 0.4557 -0.2001
v 0.1389 0.4520 -0.2280
v 0.1391 0.4454 -0.2178
v 0.0635 0.5038 -0.2231
v 0.0713 0.5121 -0.2093
v 0.0653 0.5077 -0.2176
v 0.0668 0.5129 -0.2101
v 0.0600 0.5006 -0.2284
v 0.0839 0.4965 -0.2120
v 0.0653 0.5077 -0.2176
v 0.0638 0.5059 -0.2191
v 0.0600 0.5006 -0.2284
v 0.0398 0.4764 -0.3200
v 0.0248 0.5093 -0.2527
v 0.0531 0.5074 -0.2970
v 0.0734 0.5001 -0.3227
v 0.0799 0.5281 -0.2948
v 0.0490 0.5254 -0.2834
v 0.0768 0.4764 -0.3384
v 0.0442 0.3851 -0.4300
v 0.0153 0.4341 -0.3460
v 0.0233 0.3483 -0.4576
v 0.0254 0.3129 -0.5077
v 0.0092 0.3133 -0.4905
v 0.0232 0.4686 -0.3020
v 0.0198 0.4716 -0.2776
v 0.0495 0.5313 -0.2557
v 0.0334 0.5185 -0.2292
v 0.0221 0.3095 -0.5173
v 0.0941 0.5361 -0.2765
v 0.0685 0.5524 -0.2545
v 0.0571 0.5589 -0.2481
v 0.0249 0.5475 -0.2145
v 0.0957 0.5721 -0.2476
v 0.0508 0.5587 -0.2060
v 0.0650 0.5763 -0.1969
v 0.0384 0.5640 -0.1894
v 0.1040 0.5919 -0.2241
v 0.0150 0.5281 -0.1795
v 0.0208 0.5041 -0.2010
v 0.0847 0.5503 -0.2705
v 0.1168 0.6009 -0.2121
v 0.0754 0.5963 -0.2063
v 0.1667 0.4786 -0.2065
v 0.1554 0.4539 -0.2165
v 0.1648 0.4629 -0.2011
v -0.0006 0.0358 -0.4435
v 0.0222 0.0000 -0.4460
v 0.0280 0.0222 -0.4186
v -0.0042 0.0193 -0.4773
v 0.0640 0.0197 -0.4229
v 0.0756 0.0061 -0.4511
v 0.0211 0.1644 -0.5481
v 0.1080 0.0965 -0.5310
v 0.0212 0.1393 -0.5402
v 0.0932 0.1699 -0.5528
v 0.0047 0.1049 -0.5341
v 0.1010 0.0524 -0.5105
v -0.0089 0.0503 -0.5078
v 0.0592 0.1736 -0.5549
v 0.0778 0.2255 -0.5827
v 0.0297 0.2456 -0.5887
v 0.0635 0.2470 -0.5893
v 0.0086 0.2334 -0.5803
v 0.0033 0.2087 -0.5684
v -0.0042 0.0193 -0.4773
v 0.0931 0.0291 -0.4862
v 0.0756 0.0061 -0.4511
v 0.0222 0.0000 -0.4460
v 0.1127 0.0922 -0.4982
v 0.0817 0.0338 -0.4349
v 0.0931 0.0291 -0.4862
v 0.0756 0.0061 -0.4511
v 0.1010 0.0524 -0.5105
v 0.1080 0.0965 -0.5310
v 0.0640 0.0197 -0.4229
v 0.0858 0.0201 -0.4710
v 0.0862 0.0203 -0.4705
v 0.0863 0.0206 -0.4700
v 0.0871 0.0213 -0.4687
v 0.0877 0.0216 -0.4679
v 0.0878 0.0219 -0.4674
v 0.0878 0.0218 -0.4676
v 0.0876 0.0217 -0.4678
v 0.0871 0.0213 -0.4687
v 0.0876 0.0215 -0.4682
v 0.0863 0.0206 -0.4700
v 0.0872 0.0210 -0.4691
v 0.0858 0.0201 -0.4710
v 0.0880 0.0220 -0.4673
v 0.0880 0.0221 -0.4671
v 0.0880 0.0220 -0.4673
v 0.0879 0.0219 -0.4675
v 0.0871 0.0213 -0.4687
v 0.0878 0.0218 -0.4676
v 0.0876 0.0217 -0.4678
v 0.0880 0.0221 -0.4671
v 0.0878 0.0219 -0.4674
v 0.0880 0.0220 -0.4673
v 0.0879 0.0219 -0.4675
v 0.0874 0.0215 -0.4682
v 0.0878 0.0218 -0.4676
v 0.0871 0.0213 -0.4687
v 0.0878 0.0218 -0.4676
v 0.0874 0.0215 -0.4682
v 0.0877 0.0216 -0.4679
v 0.0872 0.0210 -0.4691
v 0.0871 0.0213 -0.4687
v 0.0876 0.0215 -0.4682
v 0.0858 0.0201 -0.4710
v 0.0872 0.0210 -0.4691
v 0.0871 0.0213 -0.4687
v 0.0871 0.0213 -0.4687
v 0.0862 0.0203 -0.4705
v 0.0858 0.0201 -0.4710
v 0.0180 0.1827 -0.4463
v 0.0100 0.1531 -0.4736
v 0.0145 0.1453 -0.4522
v 0.0178 0.1173 -0.4572
v 0.0115 0.1162 -0.4689
v -0.0094 0.2258 -0.4702
v 0.0152 0.2025 -0.4350
v -0.0083 0.2545 -0.4658
v 0.0118 0.1527 -0.5117
v -0.0051 0.2277 -0.5137
v 0.0028 0.2537 -0.5479
v 0.0040 0.2272 -0.5544
v 0.0211 0.1644 -0.5481
v 0.0212 0.1393 -0.5402
v -0.0021 0.2874 -0.4752
v 0.0033 0.2087 -0.5684
v 0.0086 0.2334 -0.5803
v -0.0085 0.2392 -0.4273
v 0.0044 0.2173 -0.4110
v -0.0015 0.2762 -0.4430
v -0.0094 0.2836 -0.4206
v 0.0122 0.2492 -0.4123
v 0.0125 0.2469 -0.3891
v 0.0188 0.2213 -0.4024
v -0.0088 0.0866 -0.4946
v 0.0047 0.1049 -0.5341
v -0.0089 0.0503 -0.5078
v -0.0099 0.0480 -0.4847
v -0.0042 0.0193 -0.4773
v -0.0006 0.0358 -0.4435
v 0.0043 0.1018 -0.4765
v 0.0184 0.0680 -0.4438
v 0.0293 0.0511 -0.4168
v 0.0280 0.0222 -0.4186
v 0.0389 0.1723 -0.4429
v 0.0152 0.2025 -0.4350
v 0.0180 0.1827 -0.4463
v 0.0152 0.2025 -0.4350
v 0.0389 0.1723 -0.4429
v 0.0242 0.1862 -0.4282
v 0.0631 0.0943 -0.4580
v 0.0184 0.0680 -0.4438
v 0.0699 0.0493 -0.4264
v 0.0043 0.1018 -0.4765
v 0.0926 0.0892 -0.4677
v 0.0293 0.0511 -0.4168
v 0.0640 0.0197 -0.4229
v 0.0280 0.0222 -0.4186
v 0.0817 0.0338 -0.4349
v 0.1127 0.0922 -0.4982
v 0.0115 0.1162 -0.4689
v 0.0631 0.0943 -0.4580
v 0.0528 0.1205 -0.4376
v 0.0043 0.1018 -0.4765
v 0.0178 0.1173 -0.4572
v 0.0145 0.1453 -0.4522
v 0.0551 0.1533 -0.4395
v 0.0362 0.1621 -0.4354
v 0.0180 0.1827 -0.4463
v 0.0951 0.0971 -0.4599
v 0.0631 0.0943 -0.4580
v 0.0926 0.0892 -0.4677
v 0.0528 0.1205 -0.4376
v 0.0793 0.1335 -0.4473
v 0.0551 0.1533 -0.4395
v 0.1127 0.0922 -0.4982
v 0.1011 0.1644 -0.4994
v 0.0723 0.1473 -0.4490
v 0.0838 0.1741 -0.4543
v 0.0880 0.2416 -0.5296
v 0.0820 0.2021 -0.4562
v 0.0670 0.1873 -0.4309
v 0.0578 0.2102 -0.4204
v 0.0362 0.1621 -0.4354
v 0.0381 0.1628 -0.4462
v 0.0503 0.1691 -0.4435
v 0.0613 0.1613 -0.4507
v 0.0389 0.1723 -0.4429
v 0.0581 0.1805 -0.4519
v 0.0365 0.1803 -0.4525
v 0.0180 0.1827 -0.4463
v 0.0362 0.1621 -0.4354
v 0.0389 0.1723 -0.4429
v 0.0503 0.1691 -0.4435
v 0.0362 0.1621 -0.4354
v 0.0534 0.1732 -0.4382
v 0.0503 0.1691 -0.4435
v 0.0365 0.1803 -0.4525
v 0.0381 0.1628 -0.4462
v 0.0245 0.1698 -0.4544
v 0.0214 0.1866 -0.4510
v 0.0365 0.1803 -0.4525
v 0.0534 0.1732 -0.4382
v 0.0389 0.1723 -0.4429
v 0.0365 0.1803 -0.4525
v 0.0389 0.1723 -0.4429
v 0.0381 0.1628 -0.4462
v 0.0670 0.1873 -0.4309
v 0.0389 0.1723 -0.4429
v 0.0534 0.1732 -0.4382
v 0.0242 0.1862 -0.4282
v 0.0838 0.1741 -0.4543
v 0.0362 0.1621 -0.4354
v 0.0356 0.1912 -0.4272
v 0.0269 0.1923 -0.4309
v 0.0242 0.1862 -0.4282
v 0.0356 0.1912 -0.4272
v 0.0365 0.1803 -0.4525
v 0.0503 0.1691 -0.4435
v 0.0534 0.1732 -0.4382
v 0.0294 0.2056 -0.4405
v 0.0214 0.1866 -0.4510
v 0.0445 0.1832 -0.4406
v 0.0245 0.1698 -0.4544
v 0.0381 0.1628 -0.4462
v 0.0364 0.2008 -0.4249
v 0.0613 0.1613 -0.4507
v 0.0581 0.1805 -0.4519
v 0.0627 0.1948 -0.4381
v 0.0471 0.1999 -0.4258
v 0.0742 0.2171 -0.4409
v 0.0350 0.1841 -0.4413
v 0.0445 0.1832 -0.4406
v 0.0370 0.1839 -0.4474
v 0.0581 0.1805 -0.4519
v 0.0309 0.1866 -0.4479
v 0.0356 0.1912 -0.4272
v 0.0269 0.1923 -0.4309
v 0.0214 0.1866 -0.4510
v 0.0365 0.1803 -0.4525
v 0.0627 0.1948 -0.4381
v 0.0188 0.2213 -0.4024
v 0.0578 0.2102 -0.4204
v 0.0442 0.2224 -0.3931
v 0.0863 0.2262 -0.4194
v 0.0820 0.2021 -0.4562
v 0.0490 0.2325 -0.3928
v 0.0125 0.2469 -0.3891
v 0.0274 0.2429 -0.3843
v 0.0420 0.1953 -0.4163
v 0.0670 0.1873 -0.4309
v 0.0420 0.1953 -0.4163
v 0.0044 0.2173 -0.4110
v 0.0267 0.1967 -0.4305
v 0.0152 0.2025 -0.4350
v 0.0356 0.1912 -0.4272
v 0.0670 0.1873 -0.4309
v 0.0188 0.2213 -0.4024
v 0.0242 0.1862 -0.4282
v 0.0267 0.1967 -0.4305
v 0.0152 0.2025 -0.4350
v 0.0078 0.3646 -0.3078
v 0.0126 0.2884 -0.3683
v 0.0412 0.3090 -0.3043
v 0.0258 0.3967 -0.2534
v 0.0504 0.2337 -0.3672
v 0.0718 0.3864 -0.2089
v 0.0274 0.2429 -0.3843
v 0.0455 0.4090 -0.2113
v -0.0019 0.3153 -0.3866
v 0.0042 0.2860 -0.4037
v 0.0228 0.2641 -0.3887
v 0.0101 0.4414 -0.2724
v 0.0264 0.4412 -0.2403
v 0.0039 0.4123 -0.3194
v 0.0018 0.3665 -0.3811
v 0.0029 0.3213 -0.4283
v 0.0198 0.4716 -0.2776
v -0.0094 0.2836 -0.4206
v 0.0125 0.2469 -0.3891
v 0.0294 0.2056 -0.4405
v 0.0267 0.1967 -0.4305
v 0.0269 0.1923 -0.4309
v 0.0242 0.1862 -0.4282
v 0.0214 0.1866 -0.4510
v 0.0364 0.2008 -0.4249
v 0.0267 0.1967 -0.4305
v 0.0294 0.2056 -0.4405
v 0.0471 0.1999 -0.4258
v 0.0356 0.1912 -0.4272
v 0.0364 0.2008 -0.4249
v 0.0267 0.1967 -0.4305
v 0.0356 0.1912 -0.4272
v 0.0742 0.2171 -0.4409
v 0.0647 0.1966 -0.4396
v 0.0627 0.1948 -0.4381
v 0.0701 0.1989 -0.4540
v 0.0471 0.1999 -0.4258
v 0.0627 0.1948 -0.4381
v 0.0664 0.2112 -0.4366
v 0.0742 0.2171 -0.4409
v 0.0742 0.2171 -0.4409
v 0.0664 0.2112 -0.4366
v 0.0701 0.1989 -0.4540
v 0.0627 0.1948 -0.4381
v 0.0077 0.1931 -0.4759
v 0.0081 0.1919 -0.4759
v 0.0079 0.1925 -0.4758
v 0.0075 0.1939 -0.4759
v 0.0073 0.1943 -0.4760
v 0.0074 0.1940 -0.4761
v 0.0074 0.1939 -0.4761
v 0.0080 0.1921 -0.4765
v 0.0077 0.1931 -0.4765
v 0.0096 0.1870 -0.4772
v 0.0081 0.1919 -0.4759
v 0.0080 0.1921 -0.4765
v 0.0086 0.1900 -0.4776
v 0.0077 0.1931 -0.4759
v 0.0079 0.1925 -0.4758
v 0.0081 0.1919 -0.4759
v 0.0086 0.1900 -0.4776
v 0.0077 0.1931 -0.4765
v 0.0077 0.1931 -0.4759
v 0.0080 0.1921 -0.4765
v 0.0073 0.1943 -0.4760
v 0.0075 0.1939 -0.4759
v 0.0074 0.1939 -0.4761
v 0.0086 0.1900 -0.4776
v 0.0081 0.1919 -0.4759
v 0.0096 0.1870 -0.4772
v 0.0080 0.1921 -0.4765
v 0.0079 0.1925 -0.4758
v 0.0086 0.1900 -0.4776
v 0.0247 0.2939 -0.5041
v 0.0263 0.2813 -0.4873
v 0.0294 0.2961 -0.4806
v 0.0323 0.3184 -0.4923
v 0.0332 0.3081 -0.4697
v 0.0426 0.2883 -0.4641
v 0.0167 0.2830 -0.5019
v 0.0221 0.2898 -0.5183
v 0.0332 0.3081 -0.4697
v 0.0263 0.2813 -0.4873
v 0.0256 0.2915 -0.4897
v 0.0193 0.2872 -0.4983
v 0.0167 0.2830 -0.5019
v 0.0426 0.2883 -0.4641
v 0.0230 0.3161 -0.4806
v 0.0295 0.3159 -0.4771
v 0.0233 0.3483 -0.4576
v 0.0029 0.3213 -0.4283
v 0.0018 0.3665 -0.3811
v 0.0153 0.4341 -0.3460
v 0.0039 0.4123 -0.3194
v 0.0101 0.4414 -0.2724
v 0.0232 0.4686 -0.3020
v 0.0198 0.4716 -0.2776
v 0.0092 0.3133 -0.4905
v -0.0094 0.2836 -0.4206
v -0.0021 0.2874 -0.4752
v 0.0221 0.3095 -0.5173
v 0.0028 0.2537 -0.5479
v 0.0297 0.2456 -0.5887
v 0.0040 0.2272 -0.5544
v 0.0086 0.2334 -0.5803
v 0.0941 0.5361 -0.2765
v 0.1178 0.5456 -0.2535
v 0.1293 0.5249 -0.2528
v 0.1537 0.5337 -0.2384
v 0.1494 0.5078 -0.2483
v 0.0847 0.5503 -0.2705
v 0.1554 0.5405 -0.2270
v 0.1107 0.5493 -0.2471
v 0.0685 0.5524 -0.2545
v 0.1337 0.5208 -0.2717
v 0.0799 0.5281 -0.2948
v 0.1116 0.4973 -0.2986
v 0.1440 0.4805 -0.2841
v 0.1076 0.4985 -0.3157
v 0.0796 0.3568 -0.4501
v 0.0254 0.3129 -0.5077
v 0.0442 0.3851 -0.4300
v 0.0891 0.3936 -0.4175
v 0.0768 0.4764 -0.3384
v 0.1011 0.4694 -0.3389
v 0.0452 0.3089 -0.5106
v 0.0734 0.5001 -0.3227
v 0.0692 0.3068 -0.4975
v 0.0613 0.3038 -0.5116
v 0.0730 0.2539 -0.5540
v 0.0447 0.2791 -0.5499
v 0.0221 0.3095 -0.5173
v 0.0297 0.2456 -0.5887
v 0.0635 0.2470 -0.5893
v 0.0247 0.3029 -0.5107
v 0.0221 0.2898 -0.5183
v 0.0247 0.2939 -0.5041
v 0.0193 0.2872 -0.4983
v 0.0167 0.2830 -0.5019
v 0.0256 0.2915 -0.4897
v 0.0341 0.3001 -0.5043
v 0.0236 0.3154 -0.4871
v 0.0290 0.3096 -0.4983
v 0.0230 0.3161 -0.4806
v 0.0092 0.2913 -0.4848
v 0.0152 0.3027 -0.4947
v 0.0119 0.3034 -0.4855
v 0.0121 0.2837 -0.4894
v 0.0341 0.3001 -0.5043
v 0.0152 0.3027 -0.4947
v 0.0290 0.3096 -0.4983
v 0.0152 0.3027 -0.4947
v 0.0341 0.3001 -0.5043
v 0.0156 0.3011 -0.4876
v 0.0119 0.3034 -0.4855
v 0.0119 0.3034 -0.4855
v 0.0156 0.3011 -0.4876
v 0.0178 0.2975 -0.4893
v 0.0092 0.2913 -0.4848
v 0.0121 0.2837 -0.4894
v 0.0341 0.3001 -0.5043
v 0.0152 0.3027 -0.4947
v 0.0121 0.2837 -0.4894
v 0.0178 0.2975 -0.4893
v 0.0452 0.3089 -0.5106
v 0.0247 0.3029 -0.5107
v 0.0341 0.3001 -0.5043
v 0.0586 0.2976 -0.5047
v 0.0178 0.2975 -0.4893
v 0.0152 0.3027 -0.4947
v 0.0749 0.2925 -0.4773
v 0.0748 0.2883 -0.4809
v 0.0718 0.2974 -0.4814
v 0.0765 0.2899 -0.4753
v 0.0753 0.2953 -0.4754
v 0.0709 0.2982 -0.4813
v 0.0707 0.2991 -0.4828
v 0.0753 0.2953 -0.4754
v 0.0709 0.2982 -0.4813
v 0.0718 0.2974 -0.4814
v 0.0765 0.2899 -0.4753
v 0.0753 0.2953 -0.4754
v 0.0707 0.2991 -0.4828
v 0.0748 0.2883 -0.4809
v 0.1239 0.4346 -0.2344
v 0.1285 0.4263 -0.2368
v 0.1357 0.4320 -0.2338
v 0.1341 0.4338 -0.2278
v 0.1276 0.4467 -0.2249
v 0.1315 0.4333 -0.2168
v 0.1142 0.4382 -0.2381
v 0.1389 0.4520 -0.2280
v 0.1079 0.4363 -0.2330
v 0.1079 0.4363 -0.2330
v 0.0968 0.4606 -0.2355
v 0.1142 0.4382 -0.2381
v 0.1048 0.5377 -0.2528
v 0.0967 0.5431 -0.2436
v 0.1068 0.5431 -0.2419
v 0.1050 0.5260 -0.2699
v 0.0835 0.5423 -0.2504
v 0.0878 0.5308 -0.2669
v 0.0972 0.5659 -0.2399
v 0.0940 0.5638 -0.2411
v 0.0837 0.5410 -0.2596
v 0.0835 0.5423 -0.2504
v 0.0878 0.5308 -0.2669
v 0.1050 0.5260 -0.2699
v 0.0837 0.5410 -0.2596
v 0.0878 0.5308 -0.2669
v 0.0889 0.5423 -0.2629
v 0.1048 0.5377 -0.2528
v 0.0986 0.5408 -0.2450
v 0.0889 0.5423 -0.2629
v 0.1050 0.5260 -0.2699
v 0.1068 0.5431 -0.2419
v 0.0837 0.5410 -0.2596
v 0.0967 0.5431 -0.2436
v 0.0835 0.5423 -0.2504
v 0.0323 0.3184 -0.4923
v 0.0271 0.3195 -0.4849
v 0.0290 0.3096 -0.4983
v 0.0236 0.3154 -0.4871
v 0.0230 0.3161 -0.4806
v 0.0233 0.3169 -0.4736
v 0.0592 0.3081 -0.4952
v 0.0452 0.3089 -0.5106
v 0.0254 0.3129 -0.5077
v 0.0152 0.3027 -0.4947
v 0.0332 0.3081 -0.4697
v 0.0295 0.3159 -0.4771
v 0.0323 0.3184 -0.4923
v 0.0271 0.3195 -0.4849
v 0.0233 0.3169 -0.4736
v 0.0613 0.3038 -0.5116
v 0.0221 0.3095 -0.5173
v 0.0247 0.3029 -0.5107
v 0.0254 0.3129 -0.5077
v 0.0247 0.3029 -0.5107
v 0.0221 0.3095 -0.5173
v 0.0152 0.3027 -0.4947
v 0.0295 0.3159 -0.4771
v 0.0230 0.3161 -0.4806
v 0.0233 0.3169 -0.4736
v 0.0452 0.3089 -0.5106
v 0.0577 0.3043 -0.5023
v 0.0592 0.3081 -0.4952
v 0.0697 0.3018 -0.4837
v 0.0586 0.2976 -0.5047
v 0.0694 0.3009 -0.4839
v 0.0577 0.3043 -0.5023
v 0.0707 0.2991 -0.4828
v 0.0697 0.3018 -0.4837
v 0.0709 0.2982 -0.4813
v 0.0694 0.3009 -0.4839
v 0.0686 0.3016 -0.4838
v 0.0707 0.2991 -0.4828
v 0.0718 0.2974 -0.4814
v 0.0709 0.2982 -0.4813
v 0.0749 0.2925 -0.4773
v 0.0577 0.3043 -0.5023
v 0.0697 0.3018 -0.4837
v 0.0709 0.2982 -0.4813
v 0.0686 0.3016 -0.4838
v 0.0323 0.3184 -0.4923
v 0.0592 0.3081 -0.4952
v 0.0586 0.2976 -0.5047
v 0.0341 0.3001 -0.5043
v 0.0247 0.2939 -0.5041
v 0.0694 0.3009 -0.4839
v 0.0697 0.3018 -0.4837
v 0.0686 0.3016 -0.4838
v 0.0694 0.3009 -0.4839
v 0.0697 0.3018 -0.4837
v 0.0174 0.6766 0.0139
v -0.0100 0.7020 0.0313
v -0.0046 0.7051 -0.0080
v 0.0041 0.6810 0.0750
v 0.0208 0.6664 0.0503
v 0.0258 0.6488 0.0773
v 0.0105 0.7029 -0.0210
v 0.0127 0.7023 -0.0368
v 0.0222 0.7389 0.0120
v -0.0046 0.7051 -0.0080
v 0.0005 0.7256 0.0242
v 0.0156 0.7340 0.0281
v -0.0100 0.7020 0.0313
v 0.0136 0.7334 -0.0154
v 0.0019 0.7228 -0.0305
v 0.0208 0.7513 -0.0425
v 0.0126 0.7180 0.0559
v 0.0077 0.7092 0.0875
v 0.0032 0.8288 0.0062
v -0.0034 0.8076 0.0188
v -0.0288 0.8121 0.0014
v -0.0052 0.7924 0.0293
v 0.0071 0.8002 0.0286
v 0.0090 0.8501 -0.0140
v 0.0068 0.8059 0.0231
v -0.0466 0.8618 -0.0353
v -0.0046 0.7768 0.0372
v 0.0174 0.8697 -0.0473
v 0.0092 0.8136 0.0228
v 0.0137 0.8218 0.0218
v 0.0132 0.8134 0.0253
v 0.0140 0.8343 0.0155
v 0.0159 0.8235 0.0233
v 0.0326 0.7988 -0.0353
v 0.0272 0.7854 -0.0069
v 0.0389 0.8107 -0.0198
v 0.0507 0.8158 -0.0378
v 0.0559 0.8174 -0.0782
v 0.0116 0.7706 -0.0426
v 0.0079 0.7741 0.0057
v 0.0607 0.8271 -0.0263
v 0.0100 0.7795 0.0159
v 0.0075 0.7476 -0.0348
v 0.0064 0.7651 0.0120
v 0.0089 0.7923 0.0181
v 0.0072 0.7889 0.0295
v 0.0032 0.8288 0.0062
v 0.0015 0.8039 -0.0042
v -0.0034 0.8076 0.0188
v 0.0074 0.8324 -0.0158
v 0.0090 0.8501 -0.0140
v 0.0225 0.8549 -0.0468
v 0.0023 0.7906 0.0025
v 0.0174 0.8697 -0.0473
v -0.0009 0.7978 0.0273
v -0.0052 0.7924 0.0293
v -0.0046 0.7768 0.0372
v 0.0064 0.7651 0.0120
v 0.0079 0.7741 0.0057
v 0.0072 0.7889 0.0295
v 0.0100 0.7795 0.0159
v 0.0063 0.7901 0.0237
v 0.0079 0.7741 0.0057
v 0.0069 0.7947 0.0185
v 0.0067 0.7963 0.0234
v 0.0068 0.8059 0.0231
v 0.0157 0.7872 0.0367
v 0.0088 0.7820 0.0537
v 0.0195 0.7701 0.0428
v 0.0089 0.7923 0.0181
v 0.0072 0.7889 0.0295
v 0.0063 0.7901 0.0237
v 0.0089 0.7923 0.0181
v 0.0063 0.7901 0.0237
v 0.0067 0.7963 0.0234
v 0.0068 0.8059 0.0231
v 0.0137 0.7959 0.0269
v 0.0132 0.8134 0.0253
v 0.0092 0.8136 0.0228
v 0.0159 0.8235 0.0233
v 0.0140 0.8343 0.0155
v 0.0069 0.7947 0.0185
v 0.0089 0.7923 0.0181
v 0.0079 0.7741 0.0057
v 0.0199 0.7495 0.0011
v 0.0256 0.7472 -0.0084
v 0.0279 0.7434 0.0038
v 0.0302 0.7416 0.0176
v 0.0266 0.7470 -0.0185
v 0.0199 0.7495 0.0011
v 0.0302 0.7416 0.0176
v 0.0234 0.7444 0.0096
v 0.0174 0.7767 0.0447
v 0.0177 0.7771 0.0662
v 0.0249 0.7894 0.0478
v 0.0229 0.7850 0.0616
v 0.0244 0.7859 0.0711
v 0.0157 0.7872 0.0367
v 0.0318 0.7852 0.0582
v 0.0249 0.7894 0.0478
v 0.0229 0.7850 0.0616
v 0.0088 0.7820 0.0537
v 0.0282 0.7801 0.0513
v 0.0229 0.7850 0.0616
v 0.0244 0.7859 0.0711
v 0.0220 0.7876 0.0747
v 0.0157 0.7872 0.0367
v 0.0304 0.7777 0.0598
v 0.0333 0.7802 0.0545
v 0.0304 0.7777 0.0598
v 0.0333 0.7802 0.0545
v 0.0318 0.7852 0.0582
v 0.0229 0.7850 0.0616
v 0.0318 0.7852 0.0582
v 0.0282 0.7801 0.0513
v 0.0249 0.7894 0.0478
v 0.0157 0.7872 0.0367
v 0.0333 0.7802 0.0545
v 0.0234 0.7444 0.0096
v 0.0279 0.7434 0.0038
v 0.0263 0.7474 -0.0068
v 0.0199 0.7495 0.0011
v 0.0302 0.7416 0.0176
v 0.0270 0.7460 -0.0167
v 0.0266 0.7470 -0.0185
v 0.0439 0.5896 -0.1618
v 0.0346 0.5730 -0.1723
v 0.0598 0.5987 -0.1692
v 0.0316 0.5831 -0.1585
v 0.0485 0.5996 -0.1610
v 0.0329 0.5950 -0.1487
v 0.0381 0.5858 -0.1577
v 0.0299 0.5840 -0.1446
v 0.0287 0.5807 -0.1440
v 0.0285 0.5825 -0.1353
v 0.0479 0.5881 -0.1850
v 0.0471 0.5826 -0.1868
v 0.0788 0.6040 -0.1944
v 0.0658 0.6035 -0.1689
v 0.0545 0.5878 -0.1908
v 0.0577 0.6080 -0.1606
v 0.0907 0.6085 -0.1805
v 0.0773 0.5933 -0.1985
v 0.0407 0.6285 -0.1574
v 0.0192 0.5902 -0.1377
v 0.0414 0.6263 -0.1345
v 0.0316 0.5831 -0.1585
v 0.0142 0.5422 -0.1463
v 0.0283 0.6262 -0.1221
v 0.0320 0.6511 -0.1324
v 0.0577 0.6080 -0.1606
v 0.0720 0.5797 -0.1881
v 0.0469 0.5725 -0.1822
v 0.0346 0.5730 -0.1723
v 0.0485 0.5996 -0.1610
v 0.0764 0.5794 -0.1883
v 0.0658 0.6035 -0.1689
v 0.0927 0.5841 -0.1869
v 0.0907 0.6085 -0.1805
v 0.0533 0.5632 -0.1847
v 0.0591 0.5641 -0.1891
v 0.0525 0.5565 -0.1898
v 0.0450 0.5519 -0.1913
v 0.0827 0.5758 -0.2035
v 0.0381 0.5858 -0.1577
v 0.0316 0.5831 -0.1585
v 0.0287 0.5807 -0.1440
v 0.0329 0.5950 -0.1487
v 0.0285 0.5825 -0.1353
v 0.0913 0.5863 -0.2046
v 0.0568 0.6073 -0.1559
v 0.0655 0.6080 -0.1556
v 0.0577 0.6080 -0.1606
v 0.0485 0.5996 -0.1610
v 0.0230 0.7349 -0.0369
v 0.0270 0.7460 -0.0167
v 0.0251 0.7529 -0.0279
v 0.0215 0.7350 -0.0127
v 0.0256 0.7472 -0.0084
v 0.0434 0.7705 -0.0705
v 0.0359 0.7452 -0.0532
v 0.0294 0.7735 -0.0684
v 0.0208 0.7513 -0.0425
v 0.0116 0.7706 -0.0426
v 0.0075 0.7476 -0.0348
v 0.0136 0.7334 -0.0154
v 0.0530 0.8007 -0.0823
v 0.0559 0.8174 -0.0782
v 0.1021 0.8063 -0.0928
v 0.0359 0.7452 -0.0532
v 0.0019 0.7228 -0.0305
v 0.0208 0.7513 -0.0425
v 0.0359 0.7452 -0.0532
v 0.0655 0.7365 -0.1069
v 0.0228 0.7228 -0.0746
v 0.0019 0.7228 -0.0305
v 0.0532 0.7128 -0.1148
v 0.0434 0.7705 -0.0705
v 0.0748 0.7471 -0.1152
v 0.0683 0.6672 -0.1486
v 0.1016 0.6374 -0.1654
v 0.0696 0.6503 -0.1505
v 0.1127 0.6622 -0.1609
v 0.0838 0.7030 -0.1377
v 0.0307 0.6663 -0.1128
v 0.0235 0.6968 -0.0949
v 0.0532 0.7128 -0.1148
v 0.0655 0.7365 -0.1069
v 0.0947 0.7432 -0.1122
v 0.0481 0.6611 -0.1270
v 0.0320 0.6511 -0.1324
v 0.0639 0.6442 -0.1676
v 0.0407 0.6285 -0.1574
v 0.0881 0.6204 -0.1788
v 0.0430 0.5965 -0.1687
v 0.1078 0.6292 -0.1816
v 0.0926 0.5935 -0.1903
v 0.1323 0.6104 -0.1832
v 0.1310 0.5817 -0.1840
v 0.1868 0.5933 -0.1758
v 0.1703 0.5729 -0.1852
v 0.1848 0.5578 -0.1850
v 0.0947 0.7432 -0.1122
v 0.0655 0.7365 -0.1069
v 0.0748 0.7471 -0.1152
v 0.1016 0.6374 -0.1654
v 0.1371 0.6196 -0.1668
v 0.1078 0.6292 -0.1816
v 0.0639 0.6442 -0.1676
v 0.0696 0.6503 -0.1505
v 0.0481 0.6611 -0.1270
v 0.1323 0.6104 -0.1832
v 0.1868 0.5933 -0.1758
v 0.1573 0.6209 -0.1576
v 0.1918 0.5997 -0.1624
v 0.1933 0.6033 -0.1259
v 0.1127 0.6622 -0.1609
v 0.0407 0.6285 -0.1574
v 0.0430 0.5965 -0.1687
v 0.0381 0.5858 -0.1577
v 0.0316 0.5831 -0.1585
v 0.0407 0.6285 -0.1574
v 0.0381 0.5858 -0.1577
v 0.0430 0.5965 -0.1687
v 0.0439 0.5896 -0.1618
v 0.0381 0.5858 -0.1577
v 0.0279 0.7434 0.0038
v 0.0256 0.7472 -0.0084
v 0.0263 0.7474 -0.0068
v 0.0263 0.7474 -0.0068
v 0.0256 0.7472 -0.0084
v 0.0270 0.7460 -0.0167
v 0.0266 0.7470 -0.0185
v 0.0215 0.7350 -0.0127
v 0.0202 0.7398 -0.0321
v 0.0251 0.7529 -0.0279
v 0.0270 0.7460 -0.0167
v 0.0256 0.7472 -0.0084
v 0.0389 0.8107 -0.0198
v 0.0089 0.7923 0.0181
v 0.0023 0.7906 0.0025
v 0.0023 0.7906 0.0025
v 0.0089 0.7923 0.0181
v 0.0079 0.7741 0.0057
v 0.0215 0.7350 -0.0127
v 0.0230 0.7349 -0.0369
v 0.0202 0.7398 -0.0321
v 0.0251 0.7529 -0.0279
v 0.0202 0.7398 -0.0321
v 0.0230 0.7349 -0.0369
v 0.1173 0.7915 -0.0732
v 0.1185 0.7787 -0.0645
v 0.0885 0.7826 -0.0692
v 0.0530 0.8007 -0.0823
v 0.0507 0.7782 -0.0634
v 0.1438 0.7789 -0.0717
v 0.1021 0.8063 -0.0928
v 0.1513 0.8087 -0.0786
v 0.1447 0.7666 -0.0665
v 0.0434 0.7705 -0.0705
v 0.0430 0.5965 -0.1687
v 0.0239 0.5702 -0.1856
v 0.0316 0.5831 -0.1585
v 0.0452 0.5977 -0.1884
v 0.0142 0.5422 -0.1463
v 0.0102 0.5369 -0.1713
v 0.0759 0.6122 -0.1964
v 0.0881 0.6204 -0.1788
v 0.0439 0.5896 -0.1618
v 0.0586 0.5599 -0.1766
v 0.0449 0.5527 -0.1787
v 0.0556 0.5568 -0.1849
v 0.0525 0.5565 -0.1898
v 0.0754 0.5637 -0.1671
v 0.0591 0.5641 -0.1891
v 0.0444 0.5575 -0.1880
v 0.0444 0.5575 -0.1880
v 0.0417 0.5468 -0.1877
v 0.0450 0.5519 -0.1913
v 0.0449 0.5527 -0.1787
v 0.0444 0.5575 -0.1880
v 0.0450 0.5519 -0.1913
v 0.0525 0.5565 -0.1898
v 0.0586 0.5599 -0.1766
v 0.0609 0.5733 -0.1749
v 0.0533 0.5632 -0.1847
v 0.0606 0.5707 -0.1692
v 0.0605 0.5960 -0.1563
v 0.0449 0.5527 -0.1787
v 0.0450 0.5519 -0.1913
v 0.0417 0.5468 -0.1877
v 0.0550 0.5658 -0.1846
v 0.0545 0.5878 -0.1908
v 0.0533 0.5632 -0.1847
v 0.0720 0.5797 -0.1881
v 0.0556 0.5568 -0.1849
v 0.0773 0.5933 -0.1985
v 0.0469 0.5725 -0.1822
v 0.0471 0.5826 -0.1868
v 0.0346 0.5730 -0.1723
v 0.0591 0.5641 -0.1891
v 0.0598 0.5987 -0.1692
v 0.0650 0.5859 -0.1677
v 0.0568 0.5946 -0.1628
v 0.0485 0.5996 -0.1610
v 0.1925 0.6943 -0.0066
v 0.1818 0.7059 -0.0568
v 0.1898 0.7166 -0.0136
v 0.1954 0.7039 0.0443
v 0.2020 0.6900 0.0593
v 0.2042 0.7065 0.0818
v 0.2098 0.6620 -0.0230
v 0.1913 0.6904 -0.0843
v 0.1716 0.7169 -0.0892
v 0.1633 0.7320 -0.1153
v 0.1948 0.6611 -0.1039
v 0.1921 0.6621 -0.0857
v 0.2024 0.6266 -0.0723
v 0.1976 0.6174 -0.1098
v 0.1915 0.5898 -0.1322
v 0.1933 0.6033 -0.1259
v 0.1918 0.5997 -0.1624
v 0.2024 0.6548 0.0181
v 0.1993 0.6150 -0.0673
v 0.2108 0.7395 -0.0253
v 0.1783 0.7601 -0.0682
v 0.1658 0.7513 -0.1006
v 0.2091 0.7518 -0.0222
v 0.2293 0.7823 0.0453
v 0.2316 0.7551 0.0590
v 0.2284 0.8043 0.0536
v 0.2074 0.7751 0.0048
v 0.2069 0.7341 0.0192
v 0.1940 0.7625 -0.0138
v 0.1787 0.7904 -0.0550
v 0.1952 0.7871 -0.0418
v 0.1805 0.8045 -0.0714
v 0.1770 0.7575 -0.0342
v 0.1667 0.7683 -0.0593
v 0.2215 0.7963 0.0036
v 0.1783 0.7601 -0.0682
v 0.1447 0.7666 -0.0665
v 0.1667 0.7683 -0.0593
v 0.1294 0.7726 -0.0959
v 0.1185 0.7787 -0.0645
v 0.0885 0.7826 -0.0692
v 0.0885 0.7730 -0.1004
v 0.1658 0.7513 -0.1006
v 0.0507 0.7782 -0.0634
v 0.1770 0.7575 -0.0342
v 0.2091 0.7518 -0.0222
v 0.1940 0.7625 -0.0138
v 0.2074 0.7751 0.0048
v 0.1217 0.7326 -0.1205
v 0.1628 0.6949 -0.1172
v 0.1240 0.6676 -0.1517
v 0.1127 0.6622 -0.1609
v 0.1933 0.6033 -0.1259
v 0.1948 0.6611 -0.1039
v 0.1976 0.6174 -0.1098
v 0.1633 0.7320 -0.1153
v 0.1294 0.7726 -0.0959
v 0.1658 0.7513 -0.1006
v 0.0885 0.7730 -0.1004
v 0.0838 0.7030 -0.1377
v 0.0947 0.7432 -0.1122
v 0.0748 0.7471 -0.1152
v 0.0434 0.7705 -0.0705
v 0.0507 0.7782 -0.0634
v 0.0990 0.8030 -0.0784
v 0.1023 0.8009 -0.0730
v 0.1263 0.8045 -0.0655
v 0.1314 0.8074 -0.0730
v 0.0857 0.7995 -0.0693
v 0.1018 0.7963 -0.0671
v 0.0935 0.7926 -0.0625
v 0.1246 0.7949 -0.0601
v 0.1139 0.8157 -0.0814
v 0.1254 0.8057 -0.0567
v 0.1431 0.8159 -0.0527
v 0.1410 0.8106 -0.0721
v 0.1787 0.7904 -0.0550
v 0.1438 0.7789 -0.0717
v 0.1541 0.8081 -0.0529
v 0.1173 0.7915 -0.0732
v 0.1667 0.7683 -0.0593
v 0.1447 0.7666 -0.0665
v 0.0788 0.6040 -0.1944
v 0.0926 0.5935 -0.1903
v 0.0907 0.6085 -0.1805
v 0.0764 0.5794 -0.1883
v 0.0913 0.5863 -0.2046
v 0.0720 0.5797 -0.1881
v 0.0913 0.5863 -0.2046
v 0.0764 0.5794 -0.1883
v 0.0827 0.5758 -0.2035
v 0.1848 0.5578 -0.1850
v 0.1574 0.5810 -0.2003
v 0.1703 0.5729 -0.1852
v 0.1168 0.6009 -0.2121
v 0.0754 0.5963 -0.2063
v 0.1310 0.5817 -0.1840
v 0.0926 0.5935 -0.1903
v 0.0773 0.5933 -0.1985
v 0.0720 0.5797 -0.1881
v 0.0759 0.6122 -0.1964
v 0.0926 0.5935 -0.1903
v 0.0788 0.6040 -0.1944
v 0.0881 0.6204 -0.1788
v 0.0754 0.5963 -0.2063
v 0.0773 0.5933 -0.1985
v 0.1068 0.5431 -0.2419
v 0.0940 0.5638 -0.2411
v 0.0986 0.5408 -0.2450
v 0.0972 0.5659 -0.2399
v 0.0967 0.5431 -0.2436
v 0.0907 0.6085 -0.1805
v 0.1073 0.5870 -0.1800
v 0.1125 0.5856 -0.1787
v 0.1175 0.5878 -0.1767
v 0.1007 0.5860 -0.1829
v 0.0720 0.5797 -0.1881
v 0.1196 0.5814 -0.1796
v 0.1042 0.5841 -0.1835
v 0.0927 0.5841 -0.1869
v 0.0720 0.5797 -0.1881
v 0.0913 0.5863 -0.2046
v 0.1007 0.5860 -0.1829
v 0.1042 0.5841 -0.1835
v 0.1007 0.5860 -0.1829
v 0.1036 0.5863 -0.1815
v 0.1073 0.5870 -0.1800
v 0.1059 0.5877 -0.1809
v 0.0971 0.5865 -0.1839
v 0.0907 0.6085 -0.1805
v 0.1175 0.5878 -0.1767
v 0.0927 0.5841 -0.1869
v 0.1160 0.5858 -0.1780
v 0.1181 0.5835 -0.1778
v 0.1125 0.5856 -0.1787
v 0.1175 0.5878 -0.1767
v 0.1196 0.5814 -0.1796
v 0.1181 0.5835 -0.1778
v 0.1146 0.5800 -0.1848
v 0.1196 0.5814 -0.1796
v 0.1334 0.5729 -0.1866
v 0.1181 0.5835 -0.1778
v 0.1217 0.5802 -0.1792
v 0.1181 0.5835 -0.1778
v 0.1217 0.5802 -0.1792
v 0.1197 0.5814 -0.1791
v 0.1125 0.5856 -0.1787
v 0.1196 0.5814 -0.1796
v 0.1217 0.5802 -0.1792
v 0.1146 0.5800 -0.1848
v 0.1334 0.5729 -0.1866
v 0.1181 0.5835 -0.1778
v 0.0720 0.5797 -0.1881
v 0.0907 0.6085 -0.1805
v 0.0926 0.5935 -0.1903
v -0.2325 0.8808 0.0765
v -0.2233 0.9085 0.0764
v -0.2212 0.8766 0.0827
v -0.2233 0.9085 0.0764
v -0.2218 0.8813 0.0733
v -0.2212 0.8766 0.0827
v -0.1929 0.8617 0.0453
v -0.1808 0.8927 0.0309
v -0.1862 0.8782 0.0327
v -0.1987 0.9048 0.0554
v -0.2063 0.8735 0.0718
v -0.2067 0.9124 0.0640
v -0.1765 0.9001 0.0280
v -0.1561 0.8848 0.0021
v -0.1615 0.8799 0.0036
v -0.1855 0.8519 0.0275
v -0.2063 0.8735 0.0718
v -0.2004 0.8629 0.0468
v -0.2200 0.8717 0.0692
v -0.1929 0.8617 0.0453
v -0.1855 0.8519 0.0275
v -0.2064 0.8783 0.0782
v -0.2212 0.8766 0.0827
v -0.1726 0.9089 0.0242
v -0.1701 0.8997 0.0210
v -0.1751 0.9040 0.0262
v -0.1687 0.9162 0.0211
v -0.1779 0.8988 0.0284
v -0.1808 0.8927 0.0309
v -0.1862 0.8782 0.0327
v -0.2212 0.8766 0.0827
v -0.2244 0.8767 0.0727
v -0.2064 0.8783 0.0782
v -0.2168 0.8951 0.0705
v -0.2244 0.8767 0.0727
v -0.2212 0.8766 0.0827
v -0.2004 0.8629 0.0468
v -0.1862 0.8782 0.0327
v -0.1987 0.9048 0.0554
v -0.1765 0.9001 0.0280
v -0.1701 0.8997 0.0210
v -0.1742 0.9038 0.0263
v -0.2200 0.8717 0.0692
v -0.1615 0.8799 0.0036
v -0.1855 0.8519 0.0275
v -0.1720 0.9087 0.0242
v -0.1687 0.9162 0.0211
v -0.2168 0.8951 0.0705
v -0.2067 0.9124 0.0640
v -0.2218 0.8813 0.0733
v -0.1609 0.8812 0.0041
v -0.1561 0.8848 0.0021
v -0.2212 0.8766 0.0827
v -0.2244 0.8767 0.0727
v -0.2168 0.8951 0.0705
v -0.2325 0.8808 0.0765
v -0.2233 0.9085 0.0764
v -0.2067 0.9124 0.0640
v -0.2660 1.0040 0.0664
v -0.2674 1.0014 0.0626
v -0.2722 1.0034 0.0592
v -0.2793 1.0179 0.0656
v -0.2770 1.0210 0.0743
v -0.2569 1.0032 0.0671
v -0.2539 1.0034 0.0716
v -0.2354 1.0259 0.0753
v -0.2721 1.0185 0.0544
v -0.2464 1.0141 0.0725
v -0.2569 1.0032 0.0671
v -0.2722 1.0034 0.0592
v -0.2261 1.0534 0.0787
v -0.2674 1.0014 0.0626
v -0.2817 1.0424 0.0516
v -0.2371 1.0862 0.0671
v -0.2616 1.0881 0.0516
v -0.2539 1.0034 0.0716
v -0.2604 0.8244 0.0008
v -0.3136 0.8508 0.0090
v -0.2826 0.8396 -0.0460
v -0.2689 0.8341 0.0510
v -0.2212 0.8177 -0.0026
v -0.2972 0.8648 0.0672
v -0.2267 0.8335 0.0510
v -0.3275 0.8852 -0.0387
v -0.3378 0.9049 0.0202
v -0.3357 0.9416 -0.0347
v -0.3166 0.9129 -0.0731
v -0.1367 0.9420 -0.0163
v -0.1362 0.9350 -0.0197
v -0.1330 0.9604 -0.0157
v -0.1447 0.9142 -0.0120
v -0.1295 0.9360 -0.0295
v -0.1273 0.9450 -0.0233
v -0.1325 0.9441 -0.0172
v -0.1382 0.8850 -0.0344
v -0.1588 0.8652 -0.0081
v -0.1744 0.8319 -0.0143
v -0.1738 0.8426 -0.0019
v -0.1780 0.8430 0.0067
v -0.1551 0.8521 -0.0584
v -0.1389 0.8924 -0.0715
v -0.1222 0.9861 -0.0408
v -0.1246 0.9747 -0.0298
v -0.1192 0.9825 -0.0200
v -0.1868 0.8444 0.0195
v -0.2267 0.8335 0.0510
v -0.1999 0.8472 0.0401
v -0.2212 0.8177 -0.0026
v -0.1908 0.8275 -0.0540
v 0.1094 0.8746 -0.0766
v 0.1494 0.8858 -0.0651
v 0.1231 0.8767 -0.0593
v 0.1585 0.8840 -0.0411
v 0.0854 0.8629 -0.0750
v 0.0617 0.8617 -0.0877
v 0.1678 0.8825 -0.0537
v 0.1710 0.8888 -0.0314
v 0.2079 0.8843 -0.0435
v 0.1725 0.8748 -0.1092
v 0.1818 0.8911 -0.0178
v 0.2332 0.8918 -0.0278
v 0.1886 0.8966 -0.0072
v 0.2466 0.8930 0.0131
v 0.2056 0.9018 0.0184
v 0.2129 0.9022 0.0334
v 0.2546 0.9000 0.0320
v 0.1351 0.8861 -0.0825
v 0.1197 0.8842 -0.1395
v 0.1587 0.8800 -0.1438
v 0.0693 0.8693 -0.0652
v -0.0045 0.8432 -0.0669
v 0.0060 0.8498 -0.0775
v 0.1162 0.8922 -0.1558
v 0.2202 0.9125 0.0485
v 0.2509 0.9017 0.0492
v 0.2332 0.9295 0.0861
v 0.2416 0.9320 0.0906
v -0.0732 0.8388 -0.0489
v -0.0541 0.8395 -0.0425
v -0.0927 0.8358 -0.0260
v -0.1277 0.8308 -0.0222
v -0.1235 0.8328 -0.0079
v -0.1605 0.8298 0.0015
v -0.1476 0.8440 0.0124
v -0.1685 0.8316 0.0406
v -0.1951 0.8386 0.0433
v -0.2005 0.8496 0.0609
v 0.1000 0.9162 -0.0875
v 0.1003 0.9027 -0.1226
v -0.2794 1.0661 0.0660
v -0.2999 1.0262 0.0617
v -0.2867 1.0435 0.0637
v -0.2872 1.0224 0.0549
v -0.2989 1.0079 0.0504
v -0.3113 1.0102 0.0497
v -0.2817 1.0424 0.0516
v -0.2616 1.0881 0.0516
v -0.2691 1.0939 0.0692
v -0.3176 0.9991 -0.0193
v -0.3056 0.9924 0.0280
v -0.3130 0.9989 0.0306
v -0.3077 0.9913 -0.0180
v -0.2822 0.9919 -0.0695
v -0.3113 1.0102 0.0497
v -0.2989 1.0079 0.0504
v -0.2822 0.9919 -0.0695
v -0.2740 1.0005 -0.0863
v -0.2616 0.9944 -0.0889
v -0.2525 1.0059 -0.0969
v -0.3176 0.9991 -0.0193
v -0.2872 1.0224 0.0549
v -0.2827 1.0102 0.0775
v -0.2793 1.0179 0.0656
v -0.2989 1.0079 0.0504
v -0.2770 1.0210 0.0743
v -0.2811 1.0425 0.0660
v -0.2817 1.0424 0.0516
v -0.2811 1.0425 0.0660
v -0.2793 1.0179 0.0656
v -0.2721 1.0185 0.0544
v -0.2722 1.0034 0.0592
v -0.2817 1.0424 0.0516
v -0.1742 0.9038 0.0263
v -0.1751 0.9040 0.0262
v -0.1765 0.9001 0.0280
v -0.1726 0.9089 0.0242
v -0.1720 0.9087 0.0242
v -0.1687 0.9162 0.0211
v -0.1779 0.8988 0.0284
v -0.1808 0.8927 0.0309
v -0.0962 0.8580 -0.0188
v -0.1235 0.8328 -0.0079
v -0.0927 0.8358 -0.0260
v -0.1163 0.8541 -0.0078
v -0.0858 0.8610 -0.0260
v -0.0541 0.8395 -0.0425
v -0.0466 0.8618 -0.0353
v -0.0104 0.8506 -0.0558
v -0.1292 0.8646 -0.0063
v -0.1532 0.8492 0.0071
v -0.1307 0.8721 -0.0050
v -0.1506 0.8860 0.0033
v -0.1456 0.8948 0.0002
v -0.1539 0.9004 0.0009
v -0.1596 0.8756 0.0027
v -0.1561 0.8848 0.0021
v -0.1609 0.8812 0.0041
v -0.1615 0.8799 0.0036
v 0.0174 0.8697 -0.0473
v -0.0045 0.8432 -0.0669
v 0.0150 0.8671 -0.0596
v 0.0441 0.8746 -0.0565
v 0.0693 0.8693 -0.0652
v -0.1235 0.8328 -0.0079
v -0.1532 0.8492 0.0071
v -0.1476 0.8440 0.0124
v -0.2844 1.0459 -0.0126
v -0.3113 1.0102 0.0497
v -0.2894 1.0578 0.0410
v -0.2728 1.0612 -0.0282
v -0.2837 1.0723 0.0607
v -0.3176 0.9991 -0.0193
v -0.3130 0.9989 0.0306
v -0.2999 1.0262 0.0617
v -0.2794 1.0661 0.0660
v -0.2691 1.0939 0.0692
v -0.2826 0.8396 -0.0460
v -0.2275 0.8620 -0.0962
v -0.1908 0.8275 -0.0540
v -0.2755 0.8575 -0.0772
v -0.2212 0.8177 -0.0026
v -0.2604 0.8244 0.0008
v -0.1801 0.8688 -0.0975
v -0.1551 0.8521 -0.0584
v -0.1389 0.8924 -0.0715
v -0.2662 0.8958 -0.1064
v -0.2755 0.8575 -0.0772
v -0.3166 0.9129 -0.0731
v -0.3275 0.8852 -0.0387
v -0.2826 0.8396 -0.0460
v -0.2275 0.8620 -0.0962
v -0.2768 0.9418 -0.1036
v -0.2144 0.9038 -0.1165
v -0.2307 0.9611 -0.1140
v -0.2599 0.9631 -0.1080
v -0.1801 0.8688 -0.0975
v -0.2318 0.9623 -0.1306
v -0.2307 0.9611 -0.1140
v -0.2599 0.9631 -0.1080
v -0.2525 1.0059 -0.0969
v -0.2466 1.0515 -0.0744
v -0.2319 1.0591 -0.0900
v -0.2740 1.0005 -0.0863
v -0.2023 1.0486 -0.1122
v -0.2156 1.0047 -0.1316
v -0.2599 0.9631 -0.1080
v -0.2318 0.9623 -0.1306
v -0.2616 0.9944 -0.0889
v -0.2768 0.9418 -0.1036
v -0.3166 0.9129 -0.0731
v -0.3357 0.9416 -0.0347
v -0.2822 0.9919 -0.0695
v -0.3176 0.9991 -0.0193
v -0.2844 1.0459 -0.0126
v -0.2728 1.0612 -0.0282
v -0.2576 1.0706 -0.0479
v -0.3077 0.9913 -0.0180
v -0.2135 1.0697 -0.0891
v -0.1905 1.0958 -0.1061
v -0.1965 1.0968 -0.0949
v -0.2107 1.0921 -0.0762
v -0.1920 1.0384 -0.1216
v -0.2178 1.0696 -0.0876
v -0.2300 1.0661 -0.0867
v -0.2247 1.0715 -0.0656
v -0.2015 1.0890 -0.0689
v -0.2179 1.0677 -0.0707
v -0.2078 1.0706 -0.0766
v -0.2061 1.0935 -0.0542
v -0.2182 1.0938 -0.0454
v -0.2178 1.0696 -0.0876
v -0.2135 1.0697 -0.0891
v -0.1222 0.9861 -0.0408
v -0.1286 1.0437 -0.0781
v -0.1178 1.0328 -0.0443
v -0.1192 0.9825 -0.0200
v -0.1230 1.0908 -0.0481
v -0.1151 1.0598 -0.0351
v -0.1203 1.0166 -0.0187
v -0.1208 1.0006 -0.0096
v -0.1139 1.0480 -0.0017
v -0.1083 1.0758 -0.0121
v -0.1069 1.0690 0.0026
v -0.1210 1.0824 -0.0721
v -0.1249 1.1003 -0.0730
v -0.1344 1.0318 -0.0805
v -0.1456 0.9857 -0.0809
v -0.1401 0.9236 -0.0783
v -0.1389 0.8924 -0.0715
v -0.1742 0.9156 -0.1098
v -0.1041 1.0425 -0.0312
v -0.1763 0.9783 -0.1025
v -0.1801 0.8688 -0.0975
v -0.1480 1.0488 -0.0928
v -0.1373 1.0499 -0.0737
v -0.1324 1.0870 -0.0710
v -0.1401 1.0830 -0.0848
v -0.1576 1.1104 -0.0842
v -0.1750 1.1049 -0.0990
v -0.1858 1.1118 -0.1036
v -0.1111 1.0794 0.0007
v -0.1688 1.0748 -0.1004
v -0.1693 1.0589 -0.0922
v -0.1751 1.0712 -0.1035
v -0.1840 1.0451 -0.1029
v -0.1480 1.0488 -0.0928
v -0.1959 1.0225 -0.1091
v -0.1763 0.9783 -0.1025
v -0.2190 0.9860 -0.1118
v -0.1742 0.9156 -0.1098
v -0.2144 0.9038 -0.1165
v -0.1801 0.8688 -0.0975
v -0.1688 1.0748 -0.1004
v -0.1401 1.0830 -0.0848
v -0.1750 1.1049 -0.0990
v -0.2307 0.9611 -0.1140
v -0.1751 1.0712 -0.1035
v -0.1827 1.0639 -0.0953
v -0.1905 1.0958 -0.1061
v -0.1858 1.1118 -0.1036
v -0.2110 1.1012 -0.1227
v -0.2235 1.0830 -0.1395
v -0.1751 1.0712 -0.1035
v -0.1920 1.0384 -0.1216
v -0.1905 1.0958 -0.1061
v -0.2156 1.0047 -0.1316
v -0.1959 1.0225 -0.1091
v -0.2190 0.9860 -0.1118
v -0.1920 1.0384 -0.1216
v -0.1840 1.0451 -0.1029
v -0.1751 1.0712 -0.1035
v -0.2163 0.9919 -0.1289
v -0.2307 0.9611 -0.1140
v -0.2318 0.9623 -0.1306
v -0.2823 1.0403 -0.1295
v -0.2730 1.0250 -0.1235
v -0.2592 1.0391 -0.1104
v -0.2455 1.0603 -0.0958
v -0.3010 0.9996 -0.1372
v -0.2948 0.9913 -0.1400
v -0.2366 1.0497 -0.1035
v -0.2319 1.0591 -0.0900
v -0.2948 0.9913 -0.1400
v -0.3010 0.9996 -0.1372
v -0.2984 0.9974 -0.1768
v -0.2905 0.9923 -0.1618
v -0.2923 1.0240 -0.1773
v -0.2823 1.0403 -0.1295
v -0.2847 1.0383 -0.1722
v -0.2984 0.9974 -0.1768
v -0.3010 0.9996 -0.1372
v -0.2902 1.0528 -0.1749
v -0.2397 1.0823 -0.1306
v -0.2455 1.0603 -0.0958
v -0.2131 1.1035 -0.0880
v -0.2235 1.0830 -0.1395
v -0.2366 1.0497 -0.1035
v -0.2730 1.0250 -0.1235
v -0.2455 1.0693 -0.1566
v -0.2847 1.0383 -0.1722
v -0.2178 1.0696 -0.0876
v -0.2725 1.0543 -0.1736
v -0.2106 1.0916 -0.1003
v -0.2107 1.0921 -0.0762
v -0.2179 1.0677 -0.0707
v -0.1965 1.0968 -0.0949
v -0.1905 1.0958 -0.1061
v -0.2816 1.0198 -0.1768
v -0.2905 0.9923 -0.1618
v -0.2984 0.9974 -0.1768
v -0.2948 0.9913 -0.1400
v -0.2366 1.0497 -0.1035
v -0.2178 1.0696 -0.0876
v -0.2300 1.0661 -0.0867
v -0.2319 1.0591 -0.0900
v -0.2366 1.0497 -0.1035
v -0.2300 1.0661 -0.0867
v -0.2816 1.0198 -0.1768
v -0.2984 0.9974 -0.1768
v -0.2923 1.0240 -0.1773
v -0.2847 1.0383 -0.1722
v -0.2734 1.0770 0.0729
v -0.2450 1.0829 0.0843
v -0.2623 1.0671 0.0822
v -0.2519 1.0931 0.0778
v -0.2691 1.0939 0.0692
v -0.2770 1.0210 0.0743
v -0.2453 1.0909 0.0877
v -0.2402 1.0719 0.0973
v -0.2453 1.0909 0.0877
v -0.2519 1.0931 0.0778
v -0.2340 1.0802 0.0786
v -0.2422 1.0920 0.1039
v -0.2609 1.0986 0.0926
v -0.2371 1.0862 0.0671
v -0.2691 1.0939 0.0692
v -0.2616 1.0881 0.0516
v -0.2261 1.0534 0.0787
v -0.1768 1.0643 0.0455
v -0.1656 1.0619 0.0482
v -0.1615 1.0614 0.0380
v -0.1699 1.0603 0.0589
v -0.1880 1.0646 0.0655
v -0.1727 1.0662 0.0376
v -0.1608 1.0671 0.0194
v -0.1819 1.0510 0.0822
v -0.1516 1.0556 0.0286
v -0.1523 1.0509 0.0240
v -0.1608 1.0671 0.0194
v -0.1516 1.0556 0.0286
v -0.2837 1.0723 0.0607
v -0.2691 1.0939 0.0692
v -0.2950 1.0723 0.0609
v -0.2785 1.1079 0.0656
v -0.2894 1.0578 0.0410
v -0.2728 1.0612 -0.0282
v -0.2890 1.0679 0.0212
v -0.2827 1.0742 -0.0296
v -0.2908 1.0786 0.0038
v -0.2894 1.0578 0.0410
v -0.2950 1.0723 0.0609
v -0.2576 1.0706 -0.0479
v -0.2610 1.0929 -0.0414
v -0.2188 1.1131 -0.0481
v -0.2415 1.1029 -0.0313
v -0.2450 1.1108 -0.0019
v -0.2131 1.1035 -0.0880
v -0.1858 1.1118 -0.1036
v -0.2110 1.1012 -0.1227
v -0.2397 1.0823 -0.1306
v -0.2235 1.0830 -0.1395
v -0.2455 1.0693 -0.1566
v -0.2902 1.0528 -0.1749
v -0.2771 1.0780 0.0103
v -0.2649 1.0762 -0.0230
v -0.2576 1.0706 -0.0479
v -0.2455 1.0603 -0.0958
v -0.2806 1.0868 0.0236
v -0.2785 1.1079 0.0656
v -0.2444 1.1132 0.0641
v -0.2890 1.0679 0.0212
v -0.2950 1.0723 0.0609
v -0.2737 1.1043 0.0819
v -0.2542 1.1060 0.1022
v -0.1576 1.1104 -0.0842
v -0.1652 1.1095 -0.0348
v -0.2725 1.0543 -0.1736
v -0.1660 1.0983 -0.0040
v -0.2187 1.1022 0.0765
v -0.1249 1.1003 -0.0730
v -0.1456 1.1014 -0.0317
v -0.2908 1.0786 0.0038
v -0.2455 1.0603 -0.0958
v -0.2466 1.0515 -0.0744
v -0.2576 1.0706 -0.0479
v -0.2455 1.0603 -0.0958
v -0.2319 1.0591 -0.0900
v -0.2466 1.0515 -0.0744
v -0.1524 1.0584 -0.0631
v -0.1653 1.0444 -0.0698
v -0.1696 1.0934 -0.0647
v -0.1473 1.0849 -0.0574
v -0.1423 1.0569 -0.0602
v -0.1960 1.0646 -0.0839
v -0.1935 1.0845 -0.0795
v -0.1881 1.0519 -0.0797
v -0.1723 1.0404 -0.0740
v -0.1474 1.0461 -0.0586
v -0.1509 1.0342 -0.0621
v -0.1383 1.0374 -0.0543
v -0.1381 1.0495 -0.0491
v -0.1938 1.0561 -0.0892
v -0.1964 1.0794 -0.0794
v -0.1653 1.0444 -0.0698
v -0.1693 1.0589 -0.0922
v -0.1727 1.0468 -0.0730
v -0.1881 1.0519 -0.0797
v -0.1522 1.0542 -0.0824
v -0.1827 1.0639 -0.0953
v -0.1938 1.0561 -0.0892
v -0.1496 1.0457 -0.0772
v -0.1509 1.0342 -0.0621
v -0.1688 1.0748 -0.1004
v -0.1447 1.0370 -0.0713
v -0.1727 1.0468 -0.0730
v -0.1723 1.0404 -0.0740
v -0.1653 1.0444 -0.0698
v -0.1881 1.0519 -0.0797
v -0.2725 1.0543 -0.1736
v -0.2847 1.0383 -0.1722
v -0.2902 1.0528 -0.1749
v -0.1950 1.0780 -0.0827
v -0.1747 1.0865 -0.0931
v -0.1880 1.0937 -0.0775
v -0.1751 1.0712 -0.1035
v -0.1935 1.0845 -0.0795
v -0.1812 1.0995 -0.0785
v -0.1964 1.0794 -0.0794
v -0.1855 1.0985 -0.0727
v -0.1827 1.0639 -0.0953
v -0.1938 1.0561 -0.0892
v -0.1840 1.0451 -0.1029
v -0.1960 1.0646 -0.0839
v -0.1837 1.1005 -0.0677
v -0.1852 1.0989 -0.0610
v -0.1383 0.8766 -0.0027
v -0.1596 0.8756 0.0027
v -0.1615 0.8799 0.0036
v -0.1561 0.8848 0.0021
v -0.1456 0.8948 0.0002
v -0.1307 0.8721 -0.0050
v -0.1539 0.9004 0.0009
v -0.1532 0.8492 0.0071
v -0.1354 0.8628 0.0030
v -0.1476 0.8440 0.0124
v -0.1304 0.8502 0.0081
v -0.1273 0.9450 -0.0233
v -0.1295 0.9360 -0.0295
v -0.1286 0.9585 -0.0174
v -0.1330 0.9604 -0.0157
v -0.1367 0.9420 -0.0163
v -0.1325 0.9441 -0.0172
v -0.1192 0.9825 -0.0200
v -0.1468 0.9628 -0.0097
v -0.1407 0.9909 -0.0053
v -0.1593 0.9808 0.0080
v -0.1422 0.9943 -0.0031
v -0.0664 1.0059 -0.0378
v -0.0408 0.9272 -0.0581
v -0.0945 0.8699 -0.0380
v -0.0732 0.8388 -0.0489
v -0.1145 0.8369 -0.0314
v 0.0060 0.8498 -0.0775
v -0.1447 0.9142 -0.0120
v -0.1433 0.8736 -0.0080
v -0.1277 0.8308 -0.0222
v -0.1588 0.8652 -0.0081
v -0.1738 0.8426 -0.0019
v -0.1208 1.0006 -0.0096
v -0.1139 1.0480 -0.0017
v -0.0577 1.0826 -0.0084
v -0.0900 1.0840 0.0002
v -0.1069 1.0690 0.0026
v -0.1068 1.0777 0.0043
v -0.1193 1.0635 0.0056
v 0.0067 0.7963 0.0234
v 0.0068 0.8059 0.0231
v -0.0009 0.7978 0.0273
v 0.0058 0.7903 0.0323
v -0.0034 0.8076 0.0188
v 0.0071 0.8002 0.0286
v -0.0009 0.7978 0.0273
v -0.0052 0.7924 0.0293
v -0.0009 0.7978 0.0273
v 0.0071 0.8002 0.0286
v 0.0058 0.7903 0.0323
v 0.0067 0.7963 0.0234
v 0.0058 0.7903 0.0323
v 0.0071 0.8002 0.0286
v 0.0174 0.8697 -0.0473
v 0.0150 0.8671 -0.0596
v 0.0199 0.8764 -0.0468
v -0.0104 0.8506 -0.0558
v 0.0272 0.8695 -0.0654
v 0.0392 0.8803 -0.0577
v 0.0132 0.8134 0.0253
v 0.0137 0.7959 0.0269
v 0.0071 0.8002 0.0286
v 0.0089 0.7923 0.0181
v 0.0067 0.7963 0.0234
v 0.0137 0.7959 0.0269
v 0.0071 0.8002 0.0286
v -0.1481 0.9834 -0.0062
v -0.1468 0.9628 -0.0097
v -0.1346 0.9656 -0.0245
v -0.1593 0.9808 0.0080
v -0.1246 0.9747 -0.0298
v -0.1384 0.9921 -0.0167
v -0.1422 0.9943 -0.0031
v -0.1422 0.9943 -0.0031
v -0.1384 0.9921 -0.0167
v -0.1429 0.9926 -0.0115
v -0.1436 0.9914 -0.0150
v -0.1455 0.9932 -0.0155
v -0.1277 0.9875 -0.0178
v -0.1407 0.9909 -0.0053
v -0.1384 0.9921 -0.0167
v -0.1192 0.9825 -0.0200
v -0.1436 0.9914 -0.0150
v -0.1422 0.9943 -0.0031
v -0.1455 0.9932 -0.0155
v -0.1246 0.9747 -0.0298
v -0.1346 0.9656 -0.0245
v -0.1330 0.9604 -0.0157
v -0.1246 0.9747 -0.0298
v -0.1468 0.9628 -0.0097
v -0.1362 0.9350 -0.0197
v -0.1325 0.9441 -0.0172
v -0.1330 0.9604 -0.0157
v 0.0666 0.9334 -0.0714
v 0.0755 1.0399 -0.0236
v 0.1145 0.9875 -0.0395
v 0.0006 1.0220 -0.0402
v 0.0328 1.0858 -0.0112
v 0.0575 1.0870 -0.0079
v -0.0183 1.0889 -0.0142
v 0.1133 0.9665 -0.0505
v 0.1141 0.9482 -0.0593
v 0.1214 0.9338 -0.0637
v 0.1185 0.9179 -0.0690
v 0.0969 1.0777 0.0014
v 0.1233 1.0050 -0.0248
v 0.0617 0.8617 -0.0877
v -0.0664 1.0059 -0.0378
v -0.0577 1.0826 -0.0084
v -0.0408 0.9272 -0.0581
v 0.0060 0.8498 -0.0775
v 0.1265 0.8901 -0.0698
v 0.1094 0.8746 -0.0766
v 0.1494 0.8858 -0.0651
v 0.1318 0.9029 -0.0656
v 0.0814 1.0893 -0.0027
v 0.1385 1.0400 0.0048
v 0.1280 1.0764 0.0151
v 0.1445 0.8896 -0.0665
v 0.1013 1.0997 -0.0028
v 0.1502 1.0363 0.0171
v 0.1610 1.0684 0.0397
v 0.0846 1.1302 0.0033
v -0.1193 1.0635 0.0056
v -0.1516 1.0556 0.0286
v -0.1504 1.0648 0.0377
v -0.1068 1.0777 0.0043
v -0.1403 1.0519 0.0171
v -0.1473 1.0493 0.0202
v -0.1343 1.0475 0.0100
v -0.1523 1.0509 0.0240
v -0.1615 1.0614 0.0380
v -0.1534 1.0933 0.0438
v -0.1343 1.0475 0.0100
v -0.1193 1.0635 0.0056
v -0.1351 1.0513 0.0008
v -0.1479 1.0690 0.0044
v -0.1457 1.0545 0.0138
v -0.1355 1.0626 0.0001
v -0.1523 1.0509 0.0240
v -0.1608 1.0671 0.0194
v -0.1473 1.0493 0.0202
v -0.1425 1.0735 -0.0064
v -0.1351 1.0513 0.0008
v -0.1343 1.0475 0.0100
v -0.1384 1.0674 0.0020
v -0.1403 1.0519 0.0171
v -0.1423 1.0569 -0.0602
v -0.1474 1.0461 -0.0586
v -0.1378 1.0442 -0.0605
v -0.1387 1.0587 -0.0714
v -0.1493 1.0582 -0.0723
v -0.1423 1.0569 -0.0602
v -0.1387 1.0587 -0.0714
v -0.1524 1.0584 -0.0631
v -0.1474 1.0461 -0.0586
v -0.1493 1.0582 -0.0723
v -0.1378 1.0442 -0.0605
v -0.1524 1.0584 -0.0631
v -0.1426 1.0856 -0.0732
v -0.1693 1.0589 -0.0922
v -0.1522 1.0542 -0.0824
v -0.1747 1.0865 -0.0931
v -0.1688 1.0978 -0.0805
v -0.1751 1.0712 -0.1035
v -0.1812 1.0995 -0.0785
v -0.1493 1.0582 -0.0723
v -0.1387 1.0587 -0.0714
v -0.1378 1.0442 -0.0605
v -0.1496 1.0457 -0.0772
v -0.1447 1.0370 -0.0713
v -0.1384 1.0485 -0.0344
v -0.1384 1.0483 -0.0343
v -0.1383 1.0484 -0.0343
v -0.1384 1.0488 -0.0344
v -0.1384 1.0485 -0.0344
v -0.1384 1.0485 -0.0344
v -0.1384 1.0483 -0.0343
v -0.1383 1.0484 -0.0343
v -0.1384 1.0487 -0.0344
v -0.1384 1.0488 -0.0344
v -0.1383 1.0490 -0.0345
v -0.1385 1.0489 -0.0345
v -0.1385 1.0494 -0.0346
v -0.1384 1.0497 -0.0347
v -0.1382 1.0499 -0.0347
v -0.1386 1.0498 -0.0347
v -0.1388 1.0516 -0.0351
v -0.1386 1.0549 -0.0360
v -0.1382 1.0499 -0.0347
v -0.1388 1.0516 -0.0351
v -0.1384 1.0485 -0.0344
v -0.1383 1.0490 -0.0345
v -0.1384 1.0487 -0.0344
v -0.1385 1.0489 -0.0345
v -0.1384 1.0497 -0.0347
v -0.1385 1.0494 -0.0346
v -0.1385 1.0489 -0.0345
v -0.1382 1.0499 -0.0347
v -0.1386 1.0498 -0.0347
v -0.1382 1.0499 -0.0347
v -0.1383 1.0527 -0.0372
v -0.1386 1.0498 -0.0347
v -0.1381 1.0495 -0.0491
v -0.1384 1.0622 -0.0381
v -0.1386 1.0561 -0.0386
v -0.1387 1.0719 -0.0500
v -0.1386 1.0549 -0.0360
v -0.1388 1.0516 -0.0351
v -0.1423 1.0569 -0.0602
v -0.1383 1.0527 -0.0372
v -0.1386 1.0498 -0.0347
v -0.1473 1.0849 -0.0574
v -0.1474 1.0461 -0.0586
v -0.1379 1.0587 -0.0386
v -0.1378 1.0780 -0.0604
v -0.1381 1.0495 -0.0491
v -0.1387 1.0587 -0.0714
v -0.1378 1.0442 -0.0605
v -0.1383 1.0374 -0.0543
v -0.1426 1.0856 -0.0732
v -0.1387 1.0719 -0.0500
v -0.1384 1.0622 -0.0381
v -0.1386 1.0561 -0.0386
v -0.1383 1.0527 -0.0372
v -0.1386 1.0549 -0.0360
v -0.1382 1.0499 -0.0347
v -0.1688 1.0978 -0.0805
v -0.1638 1.0948 -0.0661
v -0.1766 1.0982 -0.0625
v -0.1812 1.0995 -0.0785
v -0.1426 1.0856 -0.0732
v -0.1473 1.0849 -0.0574
v -0.1378 1.0780 -0.0604
v -0.1387 1.0719 -0.0500
v -0.1821 1.0984 -0.0693
v -0.1837 1.1005 -0.0677
v -0.1817 1.0954 -0.0631
v -0.1696 1.0934 -0.0647
v -0.1509 1.0342 -0.0621
v -0.1378 1.0442 -0.0605
v -0.1447 1.0370 -0.0713
v -0.1383 1.0374 -0.0543
v -0.1068 1.0777 0.0043
v -0.1221 1.0938 0.0055
v -0.1111 1.0794 0.0007
v -0.1310 1.0952 0.0030
v -0.1272 1.0605 0.0057
v -0.1193 1.0635 0.0056
v -0.1247 1.0702 0.0052
v -0.1384 1.0674 0.0020
v -0.1351 1.0513 0.0008
v -0.1069 1.0690 0.0026
v -0.1351 1.0513 0.0008
v -0.1384 1.0674 0.0020
v -0.1355 1.0626 0.0001
v -0.1210 1.0824 -0.0721
v -0.1373 1.0499 -0.0737
v -0.1324 1.0870 -0.0710
v -0.1249 1.1003 -0.0730
v -0.1286 1.0437 -0.0781
v -0.1344 1.0318 -0.0805
v -0.1576 1.1104 -0.0842
v -0.1209 1.0658 -0.0210
v -0.1083 1.0758 -0.0121
v -0.1151 1.0598 -0.0351
v 0.0844 0.8119 -0.0657
v 0.0884 0.8348 -0.0787
v 0.0989 0.8135 -0.0715
v 0.1332 0.8401 -0.0770
v 0.1223 0.8196 -0.0644
v 0.1344 0.8238 -0.0635
v 0.1460 0.8434 -0.0700
v 0.1593 0.8192 -0.0667
v 0.1776 0.8292 -0.0665
v 0.1805 0.8045 -0.0714
v 0.1541 0.8081 -0.0529
v 0.1787 0.7904 -0.0550
v 0.0724 0.8245 -0.0553
v 0.0507 0.8158 -0.0378
v 0.0693 0.8693 -0.0652
v 0.0854 0.8629 -0.0750
v 0.0678 0.8323 -0.0482
v 0.0225 0.8549 -0.0468
v 0.0441 0.8746 -0.0565
v 0.0174 0.8697 -0.0473
v 0.0392 0.8803 -0.0577
v 0.0199 0.8764 -0.0468
v 0.0476 0.8180 -0.0229
v 0.0015 0.8039 -0.0042
v 0.0389 0.8107 -0.0198
v 0.0023 0.7906 0.0025
v 0.1335 0.8197 -0.0534
v 0.0525 0.8190 -0.0261
v 0.0476 0.8180 -0.0229
v 0.0678 0.8323 -0.0482
v 0.0472 0.8166 -0.0156
v 0.0476 0.8180 -0.0229
v 0.0607 0.8271 -0.0263
v 0.0389 0.8107 -0.0198
v 0.0507 0.8158 -0.0378
v 0.0695 0.8122 -0.0339
v 0.0607 0.8271 -0.0263
v 0.0757 0.8172 -0.0443
v 0.0811 0.8285 -0.0570
v 0.0635 0.8087 -0.0199
v 0.0472 0.8166 -0.0156
v 0.0678 0.8323 -0.0482
v 0.0635 0.8087 -0.0199
v 0.0389 0.8107 -0.0198
v 0.0472 0.8166 -0.0156
v 0.1021 0.8063 -0.0928
v 0.0989 0.8135 -0.0715
v 0.1139 0.8157 -0.0814
v 0.0559 0.8174 -0.0782
v 0.1513 0.8087 -0.0786
v 0.1593 0.8192 -0.0667
v 0.1389 0.8223 -0.0674
v 0.0844 0.8119 -0.0657
v 0.0507 0.8158 -0.0378
v 0.1209 0.8375 -0.0566
v 0.1218 0.8359 -0.0562
v 0.1206 0.8377 -0.0565
v 0.1226 0.8351 -0.0562
v 0.1194 0.8394 -0.0569
v 0.1181 0.8412 -0.0572
v 0.1195 0.8393 -0.0569
v 0.1255 0.8311 -0.0555
v 0.1335 0.8197 -0.0534
v 0.1186 0.8225 -0.0613
v 0.1239 0.8367 -0.0550
v 0.1226 0.8351 -0.0562
v 0.1209 0.8375 -0.0566
v 0.1195 0.8393 -0.0569
v 0.1181 0.8412 -0.0572
v 0.1246 0.7949 -0.0601
v 0.1390 0.8044 -0.0514
v 0.1562 0.8122 -0.0456
v 0.1591 0.8199 -0.0395
v 0.1003 0.8096 -0.0613
v 0.0935 0.7926 -0.0625
v 0.0879 0.8070 -0.0592
v 0.0857 0.7995 -0.0693
v 0.1226 0.8351 -0.0562
v 0.1223 0.8196 -0.0644
v 0.1218 0.8359 -0.0562
v 0.1255 0.8311 -0.0555
v 0.1186 0.8225 -0.0613
v 0.1003 0.8096 -0.0613
v 0.1254 0.8057 -0.0567
v 0.1018 0.7963 -0.0671
v 0.1246 0.7949 -0.0601
v 0.1390 0.8044 -0.0514
v 0.1431 0.8159 -0.0527
v 0.1562 0.8122 -0.0456
v 0.0879 0.8070 -0.0592
v 0.0724 0.8245 -0.0553
v 0.0525 0.8190 -0.0261
v 0.0635 0.8087 -0.0199
v 0.0695 0.8122 -0.0339
v 0.0757 0.8172 -0.0443
v 0.0389 0.8107 -0.0198
v 0.0811 0.8285 -0.0570
v 0.0507 0.8158 -0.0378
v 0.0476 0.8180 -0.0229
v 0.0389 0.8107 -0.0198
v 0.0525 0.8190 -0.0261
v 0.0607 0.8271 -0.0263
v 0.0678 0.8323 -0.0482
v 0.1591 0.8199 -0.0395
v 0.1431 0.8159 -0.0527
v 0.1619 0.8188 -0.0420
v 0.1734 0.8182 -0.0307
v 0.1794 0.8173 -0.0434
v 0.1708 0.8230 -0.0603
v 0.1593 0.8192 -0.0667
v 0.1344 0.8238 -0.0635
v 0.1335 0.8197 -0.0534
v 0.1619 0.8188 -0.0420
v 0.1431 0.8159 -0.0527
v 0.1389 0.8223 -0.0674
v 0.1344 0.8238 -0.0635
v 0.1410 0.8106 -0.0721
v 0.1431 0.8159 -0.0527
v 0.1477 0.8607 -0.0476
v 0.1880 0.8733 -0.0091
v 0.1832 0.8508 -0.0265
v 0.1585 0.8840 -0.0411
v 0.1231 0.8767 -0.0593
v 0.1155 0.8412 -0.0696
v 0.1271 0.8354 -0.0639
v 0.1548 0.8285 -0.0483
v 0.1844 0.8243 -0.0217
v 0.0854 0.8629 -0.0750
v 0.0884 0.8348 -0.0787
v 0.1710 0.8888 -0.0314
v 0.2204 0.8686 0.0336
v 0.1818 0.8911 -0.0178
v 0.1886 0.8966 -0.0072
v 0.2056 0.9018 0.0184
v 0.2038 0.8660 0.0164
v 0.2158 0.8530 0.0357
v 0.2257 0.8515 0.0454
v 0.2129 0.9022 0.0334
v 0.2251 0.8410 0.0101
v 0.2063 0.8060 -0.0239
v 0.2215 0.7963 0.0036
v 0.1952 0.7871 -0.0418
v 0.1805 0.8045 -0.0714
v 0.1776 0.8292 -0.0665
v 0.2284 0.8043 0.0536
v 0.1389 0.9131 -0.0492
v 0.1479 0.9258 -0.0307
v 0.1539 0.9121 -0.0298
v 0.1539 0.8922 -0.0400
v 0.1426 0.9307 -0.0359
v 0.1487 0.9338 -0.0242
v 0.1496 0.9337 -0.0230
v 0.1506 0.9335 -0.0216
v 0.1480 0.9336 -0.0251
v 0.1365 0.8901 -0.0502
v 0.1266 0.8874 -0.0581
v 0.1199 0.9026 -0.0619
v 0.1265 0.8901 -0.0698
v 0.1496 0.9337 -0.0230
v 0.1487 0.9338 -0.0242
v 0.1495 0.9335 -0.0231
v 0.1480 0.9336 -0.0251
v 0.1506 0.9335 -0.0216
v 0.1009 0.9734 -0.0675
v 0.1133 0.9665 -0.0505
v 0.1145 0.9875 -0.0395
v 0.0976 0.9885 -0.0678
v 0.1141 0.9482 -0.0593
v 0.0893 0.9666 -0.0875
v 0.1000 0.9162 -0.0875
v 0.1183 1.0221 -0.0383
v 0.0955 1.0098 -0.0643
v 0.1015 1.0385 -0.0474
v 0.1358 1.0472 -0.0148
v 0.1233 1.0050 -0.0248
v 0.0889 1.0173 -0.0802
v 0.1214 0.9338 -0.0637
v 0.1185 0.9179 -0.0690
v 0.1318 0.9029 -0.0656
v 0.1351 0.8861 -0.0825
v 0.1445 0.8896 -0.0665
v 0.1494 0.8858 -0.0651
v 0.1389 0.9131 -0.0492
v 0.1510 0.8937 -0.0487
v 0.1426 0.9307 -0.0359
v 0.1539 0.9121 -0.0298
v 0.1480 0.9336 -0.0251
v 0.1495 0.9335 -0.0231
v 0.1506 0.9335 -0.0216
v 0.1539 0.8922 -0.0400
v 0.1385 1.0400 0.0048
v 0.1038 1.0472 -0.0858
v 0.1589 1.0545 0.0170
v 0.1502 1.0363 0.0171
v 0.1564 1.0367 0.0282
v 0.1629 1.0445 0.0447
v 0.1721 1.0579 0.0569
v 0.1714 1.0361 0.0565
v 0.1711 1.0405 0.0580
v 0.0991 0.8016 -0.0705
v 0.0879 0.8070 -0.0592
v 0.0857 0.7995 -0.0693
v 0.0990 0.8030 -0.0784
v 0.1018 0.7963 -0.0671
v 0.0879 0.8070 -0.0592
v 0.0991 0.8016 -0.0705
v 0.1023 0.8009 -0.0730
v 0.0989 0.8135 -0.0715
v 0.0991 0.8016 -0.0705
v 0.0990 0.8030 -0.0784
v 0.1139 0.8157 -0.0814
v 0.1263 0.8045 -0.0655
v 0.0991 0.8016 -0.0705
v 0.0989 0.8135 -0.0715
v 0.1223 0.8196 -0.0644
v 0.1263 0.8045 -0.0655
v 0.1023 0.8009 -0.0730
v 0.0991 0.8016 -0.0705
v 0.1173 0.7915 -0.0732
v 0.1513 0.8087 -0.0786
v 0.1541 0.8081 -0.0529
v 0.1593 0.8192 -0.0667
v 0.0441 0.8746 -0.0565
v 0.0272 0.8695 -0.0654
v 0.0150 0.8671 -0.0596
v 0.0441 0.8746 -0.0565
v 0.0392 0.8803 -0.0577
v 0.0272 0.8695 -0.0654
v 0.0811 0.8285 -0.0570
v 0.0678 0.8323 -0.0482
v 0.0724 0.8245 -0.0553
v 0.1254 0.8057 -0.0567
v 0.1223 0.8196 -0.0644
v 0.1186 0.8225 -0.0613
v 0.1263 0.8045 -0.0655
v 0.1255 0.8311 -0.0555
v 0.1186 0.8225 -0.0613
v 0.1223 0.8196 -0.0644
v 0.1344 0.8238 -0.0635
v 0.1619 0.8188 -0.0420
v 0.1389 0.8223 -0.0674
v 0.1389 0.8223 -0.0674
v 0.1410 0.8106 -0.0721
v 0.1344 0.8238 -0.0635
v 0.1431 0.8159 -0.0527
v 0.1645 0.8124 -0.0517
v 0.1708 0.8230 -0.0603
v 0.1794 0.8173 -0.0434
v 0.1562 0.8122 -0.0456
v 0.1593 0.8192 -0.0667
v 0.1389 0.8223 -0.0674
v 0.1591 0.8199 -0.0395
v 0.1734 0.8182 -0.0307
v 0.1218 0.8359 -0.0562
v 0.1239 0.8367 -0.0550
v 0.1206 0.8377 -0.0565
v 0.1194 0.8394 -0.0569
v 0.1181 0.8412 -0.0572
v 0.1223 0.8196 -0.0644
v 0.1335 0.8197 -0.0534
v 0.2063 0.8060 -0.0239
v 0.1776 0.8292 -0.0665
v 0.1875 0.8241 -0.0473
v 0.1844 0.8243 -0.0217
v 0.1460 0.8434 -0.0700
v 0.1548 0.8285 -0.0483
v 0.1271 0.8354 -0.0639
v 0.1155 0.8412 -0.0696
v 0.1332 0.8401 -0.0770
v 0.0884 0.8348 -0.0787
v 0.1389 0.8223 -0.0674
v 0.1314 0.8074 -0.0730
v 0.1410 0.8106 -0.0721
v 0.1139 0.8157 -0.0814
v 0.1955 0.8908 -0.1072
v 0.1725 0.8748 -0.1092
v 0.1587 0.8800 -0.1438
v 0.2032 0.8894 -0.0997
v 0.2079 0.8843 -0.0435
v 0.2332 0.8918 -0.0278
v 0.2349 0.9083 -0.0511
v 0.1781 0.9121 -0.1413
v 0.1570 0.9007 -0.1655
v 0.1162 0.8922 -0.1558
v 0.1336 0.9114 -0.1668
v 0.0893 0.9666 -0.0875
v 0.0894 0.9507 -0.1077
v 0.0939 0.9222 -0.1031
v 0.1000 0.9162 -0.0875
v 0.1003 0.9027 -0.1226
v 0.1022 0.9316 -0.1327
v 0.1051 1.0224 -0.1074
v 0.1126 0.9197 -0.1456
v 0.1162 0.8922 -0.1558
v 0.0976 0.9885 -0.0678
v 0.1012 1.0118 -0.0781
v 0.0955 1.0098 -0.0643
v 0.1336 0.9114 -0.1668
v 0.0889 1.0173 -0.0802
v 0.1012 1.0118 -0.0781
v 0.0955 1.0098 -0.0643
v 0.1232 1.0206 -0.1059
v 0.1168 0.9676 -0.1283
v 0.1051 1.0224 -0.1074
v 0.1377 1.0142 -0.1065
v 0.1273 1.0296 -0.1057
v 0.1022 0.9316 -0.1327
v 0.1126 0.9197 -0.1456
v 0.1531 0.9168 -0.1469
v 0.1060 1.0289 -0.0931
v 0.1312 1.0420 -0.1020
v 0.1591 1.0157 -0.1090
v 0.1038 1.0472 -0.0858
v 0.0889 1.0173 -0.0802
v 0.1055 1.0162 -0.0877
v 0.1812 0.9883 -0.1034
v 0.1265 0.8901 -0.0698
v 0.1318 0.9029 -0.0656
v 0.1199 0.9026 -0.0619
v 0.1389 0.9131 -0.0492
v 0.1510 0.8937 -0.0487
v 0.1265 0.8901 -0.0698
v 0.1365 0.8901 -0.0502
v 0.1539 0.8922 -0.0400
v 0.1266 0.8874 -0.0581
v 0.1445 0.8896 -0.0665
v 0.2054 0.9223 -0.0976
v 0.2114 0.9723 -0.0530
v 0.2346 0.9351 -0.0493
v 0.1839 0.9540 -0.0931
v 0.1781 0.9121 -0.1413
v 0.1406 0.9564 -0.1251
v 0.2378 0.9375 -0.0386
v 0.2435 0.9587 -0.0150
v 0.2376 0.9830 -0.0051
v 0.2543 0.9296 -0.0184
v 0.2532 0.9536 -0.0013
v 0.2697 0.9702 0.0354
v 0.2491 1.0031 0.0378
v 0.2567 0.9400 -0.0120
v 0.2661 0.9592 0.0279
v 0.2714 0.9344 0.0027
v 0.2719 0.9462 0.0179
v 0.2835 0.9558 0.0511
v 0.2485 0.9109 -0.0297
v 0.1531 0.9168 -0.1469
v 0.1168 0.9676 -0.1283
v 0.1570 0.9007 -0.1655
v 0.1336 0.9114 -0.1668
v 0.1812 0.9883 -0.1034
v 0.1273 1.0296 -0.1057
v 0.1126 0.9197 -0.1456
v 0.2257 0.8515 0.0454
v 0.2120 0.8385 0.0820
v 0.2159 0.8558 0.0680
v 0.2257 0.8515 0.0454
v 0.2159 0.8558 0.0680
v 0.2158 0.8530 0.0357
v 0.1968 0.9957 0.0757
v 0.1967 0.9942 0.0730
v 0.1964 0.9916 0.0773
v 0.2012 0.9898 0.0768
v 0.2030 0.9896 0.0845
v 0.2077 0.9570 0.0584
v 0.2124 0.9532 0.0645
v 0.2050 0.9688 0.0625
v 0.2057 0.9578 0.0553
v 0.2016 0.9676 0.0549
v 0.2018 0.9710 0.0576
v 0.2037 0.9583 0.0511
v 0.2112 0.9721 0.0803
v 0.2118 0.9639 0.0836
v 0.2332 0.9295 0.0861
v 0.2131 0.9349 0.0524
v 0.2202 0.9125 0.0485
v 0.2120 0.9133 0.0423
v 0.2129 0.9022 0.0334
v 0.2056 0.9717 0.0719
v 0.2032 0.9786 0.0685
v 0.2078 0.9803 0.0816
v 0.2000 0.9891 0.0709
v 0.1962 0.9924 0.0719
v 0.1997 0.9673 0.0507
v 0.2001 0.9629 0.0496
v 0.2012 0.9671 0.0540
v 0.2001 0.9621 0.0494
v 0.2007 0.9630 0.0500
v 0.2000 0.9625 0.0495
v 0.2000 0.9631 0.0496
v 0.2009 0.9607 0.0495
v 0.2000 0.9620 0.0492
v 0.2001 0.9625 0.0494
v 0.2001 0.9621 0.0494
v 0.2009 0.9607 0.0495
v 0.2007 0.9630 0.0500
v 0.2007 0.9630 0.0500
v 0.1997 0.9673 0.0507
v 0.2000 0.9631 0.0496
v 0.2000 0.9625 0.0495
v 0.2001 0.9629 0.0496
v 0.2001 0.9625 0.0494
v 0.2007 0.9630 0.0500
v 0.2000 0.9631 0.0496
v 0.2000 0.9620 0.0492
v 0.2001 0.9621 0.0494
v 0.2007 0.9630 0.0500
v 0.2001 0.9629 0.0496
v 0.1997 0.9673 0.0507
v 0.2001 0.9629 0.0496
v 0.2000 0.9631 0.0496
v 0.2012 0.9671 0.0540
v 0.1997 0.9673 0.0507
v 0.2007 0.9630 0.0500
v 0.2009 0.9607 0.0495
v 0.2000 0.9620 0.0492
v 0.2054 0.9223 -0.0976
v 0.2349 0.9083 -0.0511
v 0.2032 0.8894 -0.0997
v 0.2346 0.9351 -0.0493
v 0.1949 0.9128 -0.1099
v 0.1955 0.8908 -0.1072
v 0.1781 0.9121 -0.1413
v 0.2378 0.9375 -0.0386
v 0.2332 0.8918 -0.0278
v 0.2485 0.9109 -0.0297
v 0.2261 0.9829 -0.0514
v 0.2376 0.9830 -0.0051
v 0.2114 0.9723 -0.0530
v 0.2440 0.9890 -0.0119
v 0.2050 0.9771 -0.0789
v 0.1884 0.9746 -0.0884
v 0.2491 1.0031 0.0378
v 0.1884 0.9746 -0.0884
v 0.1839 0.9540 -0.0931
v 0.1406 0.9564 -0.1251
v 0.2114 0.9723 -0.0530
v 0.1812 0.9883 -0.1034
v 0.2050 0.9771 -0.0789
v 0.2030 0.9896 0.0845
v 0.2078 0.9803 0.0816
v 0.2040 0.9707 0.0821
v 0.1964 0.9916 0.0773
v 0.1962 0.9924 0.0719
v 0.1968 0.9957 0.0757
v 0.1962 0.9924 0.0719
v 0.1964 0.9916 0.0773
v 0.1981 0.9908 0.0749
v 0.2012 0.9898 0.0768
v 0.1962 0.9924 0.0719
v 0.2000 0.9891 0.0709
v 0.1968 0.9957 0.0757
v 0.1981 0.9908 0.0749
v 0.1968 0.9957 0.0757
v 0.2000 0.9891 0.0709
v 0.2012 0.9898 0.0768
v 0.1981 0.9908 0.0749
v 0.2000 0.9891 0.0709
v 0.2201 1.0116 0.0453
v 0.2134 1.0067 0.0228
v 0.2051 1.0215 0.0305
v 0.2073 1.0259 0.0417
v 0.2235 1.0049 0.0363
v 0.2041 1.0117 0.0214
v 0.2331 1.0084 0.0464
v 0.1823 1.0431 0.0732
v 0.1761 1.0400 0.0630
v 0.1773 1.0389 0.0681
v 0.1808 1.0422 0.0752
v 0.1844 1.0430 0.0813
v 0.1711 1.0405 0.0580
v 0.1721 1.0579 0.0569
v 0.1790 1.0517 0.0757
v 0.1844 1.0618 0.0929
v 0.1721 1.0579 0.0569
v 0.1720 1.0543 0.0662
v 0.1790 1.0517 0.0757
v 0.1038 1.0472 -0.0858
v 0.1015 1.0385 -0.0474
v 0.1358 1.0472 -0.0148
v 0.1607 1.0491 -0.0329
v 0.1589 1.0545 0.0170
v 0.2033 1.0519 0.0146
v 0.1721 1.0579 0.0569
v 0.1934 1.0621 0.0537
v 0.1844 1.0618 0.0929
v 0.2159 1.0316 -0.0101
v 0.1755 1.0312 -0.0592
v 0.2261 0.9829 -0.0514
v 0.2050 0.9771 -0.0789
v 0.1812 0.9883 -0.1034
v 0.1591 1.0157 -0.1090
v 0.1312 1.0420 -0.1020
v 0.2440 0.9890 -0.0119
v 0.2491 1.0031 0.0378
v 0.2287 1.0366 0.0520
v 0.2094 1.0652 0.0622
v 0.2094 1.0652 0.0622
v 0.1934 1.0621 0.0537
v 0.2081 1.0514 0.0737
v 0.2235 1.0049 0.0363
v 0.2165 1.0210 0.0409
v 0.2041 1.0117 0.0214
v 0.2051 1.0215 0.0305
v 0.2073 1.0259 0.0417
v 0.2134 1.0067 0.0228
v 0.2165 1.0210 0.0409
v 0.2331 1.0084 0.0464
v 0.2201 1.0116 0.0453
v 0.2073 1.0259 0.0417
v 0.1090 1.0011 -0.0674
v 0.1012 1.0118 -0.0781
v 0.1158 1.0075 -0.0566
v 0.1100 0.9768 -0.0690
v 0.1021 1.0154 -0.0756
v 0.1201 1.0073 -0.0464
v 0.0889 1.0173 -0.0802
v 0.1433 1.0186 -0.0854
v 0.1055 1.0057 -0.0838
v 0.1243 1.0135 -0.0566
v 0.1098 1.0078 -0.0981
v 0.1442 1.0233 -0.0683
v 0.1338 1.0079 -0.1043
v 0.1486 1.0188 -0.0561
v 0.1090 1.0011 -0.0674
v 0.1201 1.0073 -0.0464
v 0.1377 1.0142 -0.1065
v 0.1201 1.0073 -0.0464
v 0.1090 1.0011 -0.0674
v 0.1100 0.9768 -0.0690
v 0.0895 1.0988 -0.0201
v 0.0869 1.0833 -0.0378
v 0.0856 1.1118 -0.0387
v 0.1013 1.0997 -0.0028
v 0.0924 1.1390 -0.0243
v 0.1020 1.1319 -0.0106
v 0.0683 1.0763 -0.0423
v 0.0606 1.0668 -0.0328
v 0.0778 1.0786 -0.0227
v 0.1416 1.0232 -0.0703
v 0.1021 1.0154 -0.0756
v 0.1222 1.0219 -0.0980
v 0.1055 1.0162 -0.0877
v 0.0889 1.0173 -0.0802
v 0.1158 1.0075 -0.0566
v 0.1243 1.0135 -0.0566
v 0.1486 1.0188 -0.0561
v 0.1442 1.0233 -0.0683
v 0.1201 1.0073 -0.0464
v 0.1433 1.0186 -0.0854
v 0.1377 1.0142 -0.1065
v 0.1222 1.0219 -0.0980
v 0.1273 1.0296 -0.1057
v 0.1377 1.0142 -0.1065
v 0.1098 1.0078 -0.0981
v 0.1222 1.0219 -0.0980
v 0.1055 1.0162 -0.0877
v 0.1338 1.0079 -0.1043
v 0.1012 1.0118 -0.0781
v 0.1090 1.0011 -0.0674
v 0.1055 1.0057 -0.0838
v 0.1055 1.0162 -0.0877
v 0.1098 1.0078 -0.0981
v 0.1232 1.0206 -0.1059
v 0.1222 1.0219 -0.0980
v 0.1338 1.0079 -0.1043
v 0.1232 1.0206 -0.1059
v 0.1338 1.0079 -0.1043
v 0.1377 1.0142 -0.1065
v 0.1273 1.0296 -0.1057
v 0.1222 1.0219 -0.0980
v 0.1232 1.0206 -0.1059
v 0.1051 1.0224 -0.1074
v 0.1055 1.0162 -0.0877
v 0.1060 1.0289 -0.0931
v 0.1051 1.0224 -0.1074
v 0.1012 1.0118 -0.0781
v 0.1055 1.0162 -0.0877
v 0.1273 1.0296 -0.1057
v 0.1168 0.9676 -0.1283
v 0.1377 1.0142 -0.1065
v 0.2165 1.0210 0.0409
v 0.2235 1.0049 0.0363
v 0.2318 1.0147 0.0337
v 0.2318 1.0147 0.0337
v 0.2235 1.0049 0.0363
v 0.2331 1.0084 0.0464
v 0.2213 1.0103 0.0228
v 0.2201 1.0170 0.0194
v 0.2241 1.0138 0.0201
v 0.2176 1.0136 0.0227
v 0.2260 1.0136 0.0255
v 0.2226 1.0111 0.0256
v 0.2241 1.0138 0.0201
v 0.2213 1.0103 0.0228
v 0.2225 1.0128 0.0160
v 0.2199 1.0123 0.0127
v 0.2222 1.0073 0.0184
v 0.2212 1.0094 0.0151
v 0.2225 1.0128 0.0160
v 0.2243 1.0102 0.0184
v 0.2241 1.0138 0.0201
v 0.2260 1.0136 0.0255
v 0.2212 1.0094 0.0151
v 0.2201 1.0170 0.0194
v 0.2199 1.0123 0.0127
v 0.2081 1.0514 0.0737
v 0.2296 1.0188 0.0534
v 0.2287 1.0366 0.0520
v 0.2491 1.0031 0.0378
v 0.2094 1.0652 0.0622
v 0.2491 1.0031 0.0378
v 0.2296 1.0188 0.0534
v 0.2415 1.0026 0.0382
v 0.2344 0.9986 0.0182
v 0.2260 1.0136 0.0255
v 0.2243 1.0102 0.0184
v 0.2318 1.0147 0.0337
v 0.2415 1.0026 0.0382
v 0.2170 1.0179 0.0236
v 0.2296 1.0188 0.0534
v 0.2165 1.0210 0.0409
v 0.2201 1.0170 0.0194
v 0.2110 1.0172 0.0149
v 0.2173 1.0094 0.0146
v 0.2326 1.0049 0.0146
v 0.2199 1.0123 0.0127
v 0.2235 1.0041 0.0086
v 0.2310 0.9986 0.0093
v 0.2352 0.9997 0.0134
v 0.2226 1.0111 0.0256
v 0.2176 1.0136 0.0227
v 0.2170 1.0179 0.0236
v 0.2318 1.0147 0.0337
v 0.2110 1.0172 0.0149
v 0.2331 1.0084 0.0464
v 0.2201 1.0170 0.0194
v 0.2226 1.0111 0.0256
v 0.2260 1.0136 0.0255
v 0.2176 1.0136 0.0227
v 0.2222 1.0073 0.0184
v 0.2211 1.0070 0.0150
v 0.2225 1.0128 0.0160
v 0.2173 1.0094 0.0146
v 0.2212 1.0094 0.0151
v 0.2211 1.0070 0.0150
v 0.2225 1.0128 0.0160
v 0.2199 1.0123 0.0127
v 0.2243 1.0102 0.0184
v 0.2212 1.0094 0.0151
v 0.2235 1.0041 0.0086
v 0.2199 1.0123 0.0127
v 0.2173 1.0094 0.0146
v 0.2201 1.0170 0.0194
v -0.1356 1.1005 0.3210
v -0.1302 1.1174 0.3130
v -0.1254 1.1088 0.3277
v -0.1487 1.1000 0.2990
v -0.1291 1.1238 0.3110
v -0.1264 1.1283 0.3173
v -0.1468 1.0912 0.3402
v -0.2971 1.2350 0.1547
v -0.3219 1.2159 0.1552
v -0.2952 1.2201 0.1608
v -0.2598 1.2377 0.1665
v -0.3052 1.2315 0.1366
v -0.3276 1.2128 0.1331
v -0.2759 1.2396 0.1434
v -0.2836 1.2523 0.1299
v -0.2605 1.2423 0.1427
v -0.3235 1.2436 0.1229
v -0.2376 1.2348 0.1456
v -0.2566 1.2048 0.2218
v -0.1760 1.1977 0.2752
v -0.2117 1.2175 0.2219
v -0.2236 1.1760 0.2763
v -0.1641 1.1740 0.3162
v -0.1808 1.1537 0.3198
v -0.1999 1.1366 0.3115
v -0.2395 1.2138 0.2130
v -0.1363 1.1296 0.3824
v -0.1157 1.1718 0.3824
v -0.1167 1.1818 0.3432
v -0.1231 1.1966 0.3217
v -0.0900 1.2032 0.3527
v -0.0956 1.1960 0.3630
v -0.0534 1.2063 0.3878
v -0.0711 1.1741 0.3766
v -0.0572 1.2174 0.3607
v -0.0405 1.2055 0.3935
v -0.0821 1.1504 0.4034
v -0.0981 1.1719 0.3590
v -0.2509 1.2216 0.2093
v -0.2924 1.1998 0.2039
v -0.2875 1.2047 0.1888
v -0.2530 1.2215 0.1808
v -0.2347 1.2285 0.1730
v -0.2738 1.2348 0.1801
v -0.3127 1.1799 0.1621
v -0.0758 1.1661 0.3766
v -0.2875 1.2047 0.1888
v -0.2738 1.2348 0.1801
v -0.3053 1.2038 0.1813
v -0.2952 1.2201 0.1608
v -0.3124 1.2073 0.1601
v -0.2598 1.2377 0.1665
v -0.3154 1.2146 0.1431
v -0.0757 1.1898 0.3322
v -0.1051 1.1916 0.2983
v -0.0900 1.2032 0.3527
v -0.1231 1.1966 0.3217
v -0.1416 1.1779 0.2853
v -0.0557 1.2035 0.3479
v -0.1641 1.1740 0.3162
v -0.0572 1.2174 0.3607
v -0.0184 1.2166 0.3645
v -0.0986 1.1684 0.2902
v -0.1409 1.1624 0.2796
v -0.1270 1.1604 0.2698
v -0.1524 1.1756 0.2809
v -0.0456 1.2316 0.3625
v -0.0671 1.2272 0.3729
v -0.1254 1.1088 0.3277
v -0.1040 1.1202 0.3268
v -0.1038 1.1104 0.3248
v -0.1081 1.1021 0.3288
v -0.1264 1.1283 0.3173
v -0.1134 1.1299 0.3199
v -0.1356 1.1005 0.3210
v -0.1273 1.0884 0.3192
v -0.0758 1.1661 0.3766
v -0.0981 1.1719 0.3590
v -0.1157 1.1718 0.3824
v -0.1167 1.1818 0.3432
v -0.0600 1.1560 0.3944
v -0.0821 1.1504 0.4034
v -0.0600 1.1560 0.3944
v -0.0463 1.1790 0.3917
v -0.0758 1.1661 0.3766
v -0.1429 1.1483 0.2777
v -0.1246 1.1474 0.2803
v -0.1383 1.1399 0.2922
v -0.1285 1.1371 0.3020
v -0.1421 1.1586 0.2662
v -0.1207 1.1489 0.2753
v -0.1296 1.1384 0.2438
v -0.1013 1.0992 0.3657
v -0.1066 1.1091 0.3658
v -0.1014 1.1058 0.3744
v -0.0971 1.1072 0.3474
v -0.1132 1.1118 0.3571
v -0.1069 1.1129 0.3486
v -0.0903 1.1030 0.3527
v -0.0870 1.0997 0.3577
v -0.0807 1.1007 0.3540
v -0.0747 1.1069 0.3489
v -0.0731 1.1040 0.3508
v -0.1044 1.1209 0.3707
v -0.0884 1.1241 0.3732
v -0.0970 1.1125 0.3561
v -0.1014 1.1237 0.3767
v -0.1008 1.1131 0.3595
v -0.0883 1.1112 0.3591
v -0.1066 1.1091 0.3658
v -0.1079 1.1267 0.3568
v -0.1044 1.1209 0.3707
v -0.1066 1.1091 0.3658
v -0.1132 1.1118 0.3571
v -0.0977 1.1317 0.3652
v -0.1014 1.1237 0.3767
v -0.1069 1.1129 0.3486
v -0.0977 1.1148 0.3522
v -0.0977 1.1317 0.3652
v -0.1069 1.1129 0.3486
v -0.0971 1.1072 0.3474
v -0.1079 1.1267 0.3568
v -0.0946 1.1074 0.3490
v -0.0899 1.1152 0.3515
v -0.0849 1.1226 0.3596
v -0.0903 1.1030 0.3527
v -0.0870 1.0997 0.3577
v -0.0909 1.1043 0.3655
v -0.0858 1.1009 0.3605
v -0.0807 1.1007 0.3540
v -0.1014 1.1058 0.3744
v -0.1013 1.0992 0.3657
v -0.0731 1.1040 0.3508
v -0.0750 1.1054 0.3547
v -0.0909 1.1043 0.3655
v -0.1008 1.1131 0.3595
v -0.0970 1.1125 0.3561
v -0.1014 1.1058 0.3744
v -0.0903 1.1030 0.3527
v -0.0946 1.1074 0.3490
v -0.0977 1.1148 0.3522
v -0.1066 1.1091 0.3658
v -0.0872 1.1035 0.3887
v -0.0948 1.1103 0.3800
v -0.0809 1.1014 0.3706
v -0.0730 1.1039 0.3926
v -0.0666 1.1011 0.3611
v -0.0949 1.1298 0.3933
v -0.0883 1.1112 0.3591
v -0.0747 1.1069 0.3489
v -0.0886 1.1126 0.3567
v -0.0778 1.1126 0.3529
v -0.0899 1.1152 0.3515
v -0.0977 1.1148 0.3522
v -0.0970 1.1125 0.3561
v -0.0855 1.1126 0.3428
v -0.0972 1.1149 0.3390
v -0.0754 1.1185 0.3429
v -0.0883 1.1112 0.3591
v -0.0804 1.1164 0.3542
v -0.0870 1.1051 0.3624
v -0.0909 1.1043 0.3655
v -0.0750 1.1054 0.3547
v -0.0858 1.1009 0.3605
v -0.0849 1.1226 0.3596
v -0.0884 1.1241 0.3732
v -0.0977 1.1317 0.3652
v -0.1014 1.1237 0.3767
v -0.0899 1.1152 0.3515
v -0.0972 1.1149 0.3390
v -0.0896 1.1256 0.3514
v -0.0849 1.1226 0.3596
v -0.0951 1.1293 0.3401
v -0.0811 1.1310 0.3518
v -0.0914 1.1384 0.3390
v -0.0848 1.1579 0.3374
v -0.0880 1.1645 0.3590
v -0.0877 1.1529 0.3692
v -0.0880 1.1643 0.3419
v -0.1031 1.0848 0.2982
v -0.0957 1.0981 0.3066
v -0.1038 1.0945 0.2987
v -0.0957 1.0981 0.3066
v -0.1031 1.0848 0.2982
v -0.0962 1.0936 0.3030
v -0.0967 1.1032 0.2704
v -0.0957 1.0981 0.3066
v -0.1044 1.1209 0.2742
v -0.0940 1.0833 0.2919
v -0.1296 1.1384 0.2438
v -0.1207 1.1489 0.2753
v -0.1165 1.0953 0.2430
v -0.0930 1.1066 0.3078
v -0.0582 1.1550 0.3509
v -0.0714 1.1545 0.3447
v -0.0719 1.1430 0.3499
v -0.0768 1.1379 0.3480
v -0.0914 1.1384 0.3390
v -0.0951 1.1293 0.3401
v -0.0848 1.1579 0.3374
v -0.0781 1.1321 0.3465
v -0.0754 1.1185 0.3429
v -0.0855 1.1126 0.3428
v -0.0972 1.1149 0.3390
v -0.0880 1.1643 0.3419
v -0.0570 1.1798 0.3544
v -0.0287 1.1683 0.3667
v -0.0361 1.1957 0.3654
v -0.0011 1.1976 0.3790
v -0.0131 1.2054 0.3762
v 0.0044 1.1801 0.3889
v -0.0713 1.1409 0.3556
v -0.0325 1.1630 0.3718
v -0.0162 1.1677 0.3834
v 0.0004 1.1745 0.3951
v -0.0930 1.1066 0.3078
v -0.0664 1.1227 0.3052
v -0.0839 1.1213 0.2872
v -0.1044 1.1209 0.2742
v -0.0854 1.1267 0.2742
v -0.0822 1.1135 0.3115
v -0.0711 1.1101 0.3142
v -0.2624 1.1023 0.1131
v -0.2977 1.1180 0.0958
v -0.2753 1.1311 0.0752
v -0.3102 1.1518 0.0318
v -0.2471 1.1361 0.0434
v -0.2885 1.1733 0.0032
v -0.2665 1.0847 0.1780
v -0.2522 1.0832 0.1800
v -0.2392 1.0653 0.2405
v -0.2360 1.1217 0.1148
v -0.3328 1.1448 0.0773
v -0.3198 1.1747 0.0211
v -0.1881 1.1755 0.1757
v -0.1805 1.1699 0.1904
v -0.1769 1.1551 0.1937
v -0.1869 1.1573 0.1686
v -0.1767 1.1442 0.1926
v -0.1773 1.1715 0.1964
v -0.1731 1.1616 0.2026
v -0.1895 1.1826 0.1829
v -0.1809 1.1817 0.1933
v -0.1830 1.1905 0.1929
v -0.1906 1.1351 0.1722
v -0.1930 1.1477 0.1565
v -0.1625 1.1735 0.2124
v -0.1826 1.2035 0.2110
v -0.1651 1.1959 0.2334
v -0.2019 1.1326 0.1479
v -0.1896 1.2075 0.1993
v -0.1615 1.1615 0.2062
v -0.1770 1.1743 0.1872
v -0.1773 1.1715 0.1964
v -0.1805 1.1699 0.1904
v -0.1830 1.1905 0.1929
v -0.1734 1.1676 0.1781
v -0.1770 1.1743 0.1872
v -0.1721 1.1580 0.1946
v -0.1773 1.1715 0.1964
v -0.1712 1.1556 0.1756
v -0.1809 1.1817 0.1933
v -0.1909 1.1996 0.1854
v -0.1826 1.2035 0.2110
v -0.1892 1.1926 0.1784
v -0.1770 1.1743 0.1872
v -0.1805 1.1699 0.1904
v -0.1809 1.1817 0.1933
v -0.1864 1.1762 0.1727
v -0.1869 1.1573 0.1686
v -0.1712 1.1556 0.1756
v -0.1734 1.1676 0.1781
v -0.1892 1.1926 0.1784
v -0.1874 1.1544 0.1634
v -0.1869 1.1573 0.1686
v -0.1930 1.1477 0.1565
v -0.1874 1.1544 0.1634
v -0.1769 1.1551 0.1937
v -0.1731 1.1616 0.2026
v -0.1721 1.1580 0.1946
v -0.1712 1.1556 0.1756
v -0.1698 1.1626 0.1960
v -0.1615 1.1615 0.2062
v -0.1575 1.1637 0.1856
v -0.1503 1.1592 0.1882
v -0.1615 1.1615 0.2062
v -0.1693 1.1791 0.2291
v -0.1767 1.1442 0.1926
v -0.1677 1.1476 0.1828
v -0.1503 1.1592 0.1882
v -0.1625 1.1735 0.2124
v -0.1385 1.1564 0.2483
v -0.1494 1.1717 0.2576
v -0.1524 1.1735 0.2396
v -0.1551 1.1812 0.2495
v -0.1421 1.1586 0.2662
v -0.1406 1.1607 0.2434
v -0.1436 1.1701 0.2271
v -0.1246 1.1474 0.2803
v -0.1296 1.1384 0.2438
v -0.1344 1.1279 0.2240
v -0.1371 1.1440 0.2076
v -0.1499 1.1712 0.2182
v -0.1651 1.1801 0.2370
v -0.1693 1.1791 0.2291
v -0.1625 1.1735 0.2124
v -0.1385 1.1564 0.2483
v -0.1332 1.1552 0.2462
v -0.1296 1.1384 0.2438
v -0.1712 1.1556 0.1756
v -0.1648 1.0963 0.1760
v -0.1677 1.1476 0.1828
v -0.1596 1.1080 0.1573
v -0.1656 1.0627 0.1653
v -0.1769 1.1551 0.1937
v -0.1767 1.1442 0.1926
v -0.1692 1.2062 0.1815
v -0.1826 1.2035 0.2110
v -0.1773 1.1715 0.1964
v -0.1670 1.2350 0.2133
v -0.1714 1.2328 0.2164
v -0.1613 1.2737 0.2296
v -0.1575 1.1637 0.1856
v -0.1698 1.1626 0.1960
v -0.1556 1.2111 0.1786
v -0.1773 1.1715 0.1964
v -0.1721 1.1580 0.1946
v -0.1698 1.1626 0.1960
v -0.0913 1.1222 0.2532
v -0.0967 1.1032 0.2704
v -0.0883 1.1018 0.2535
v -0.0854 1.1267 0.2742
v -0.0873 1.1407 0.2581
v -0.0705 1.1014 0.2971
v -0.0940 1.0833 0.2919
v -0.0951 1.0723 0.3065
v -0.0871 1.0654 0.3392
v -0.0711 1.1101 0.3142
v -0.0664 1.1227 0.3052
v -0.0868 1.0825 0.3473
v 0.0673 1.2189 0.4215
v 0.0583 1.2059 0.4263
v 0.0139 1.1780 0.3846
v -0.0106 1.1499 0.3899
v -0.0488 1.1371 0.3572
v -0.0544 1.1531 0.3423
v 0.0730 1.2428 0.4188
v 0.0172 1.2085 0.3790
v 0.0849 1.2392 0.4288
v 0.1268 1.2918 0.4511
v 0.0990 1.2442 0.4475
v -0.0539 1.1257 0.3446
v -0.0498 1.1209 0.3699
v -0.0666 1.1011 0.3611
v 0.0993 1.2402 0.4637
v 0.1662 1.3013 0.4840
v 0.1829 1.3348 0.4823
v 0.2222 1.3492 0.5120
v 0.1978 1.3183 0.5232
v 0.2151 1.3627 0.5046
v 0.2151 1.3380 0.5306
v 0.2231 1.3436 0.5486
v -0.0657 1.1070 0.3277
v 0.2608 1.3711 0.5519
v 0.2498 1.3850 0.5161
v 0.2206 1.3759 0.4843
v 0.2504 1.4059 0.4781
v 0.2300 1.4017 0.4736
v -0.0730 1.1039 0.3926
v -0.1468 1.2522 0.2766
v -0.1445 1.2187 0.2734
v -0.1336 1.2560 0.2729
v -0.1307 1.1845 0.2642
v -0.1359 1.3139 0.2703
v -0.1397 1.1826 0.2706
v -0.1270 1.1604 0.2698
v -0.1498 1.1767 0.2739
v -0.1445 1.3168 0.2709
v -0.1308 1.3565 0.2670
v -0.1169 1.3578 0.2605
v -0.1108 1.4268 0.2477
v -0.0968 1.4161 0.2446
v -0.0938 1.4569 0.2324
v -0.1140 1.1660 0.2555
v -0.1044 1.1209 0.2742
v -0.1409 1.1624 0.2796
v -0.0854 1.1267 0.2742
v -0.0873 1.1407 0.2581
v -0.1524 1.1756 0.2809
v -0.1270 1.1604 0.2698
v -0.0986 1.1684 0.2902
v -0.1207 1.1489 0.2753
v -0.1270 1.1604 0.2698
v -0.1207 1.1489 0.2753
v -0.1044 1.1209 0.2742
v -0.1179 1.1455 0.2510
v -0.1239 1.1469 0.2505
v -0.1220 1.1484 0.2487
v -0.1259 1.1518 0.2477
v -0.1204 1.1430 0.2512
v -0.1322 1.1562 0.2536
v -0.1204 1.1607 0.2535
v -0.1330 1.1660 0.2570
v -0.0883 1.1018 0.2535
v -0.0967 1.1032 0.2704
v -0.1165 1.0953 0.2430
v -0.1044 1.0962 0.2382
v -0.1165 1.0953 0.2430
v -0.1029 1.0722 0.2403
v -0.1044 1.0962 0.2382
v -0.1447 1.1096 0.2073
v -0.1337 1.0809 0.1991
v -0.1419 1.0588 0.1958
v -0.1310 1.1694 0.2471
v -0.1332 1.1552 0.2462
v -0.1215 1.1600 0.2468
v -0.1259 1.1518 0.2477
v -0.1406 1.1607 0.2434
v -0.1421 1.1735 0.2480
v -0.1296 1.1384 0.2438
v -0.1239 1.1469 0.2505
v -0.1204 1.1430 0.2512
v -0.1372 1.1751 0.2518
v -0.1179 1.1455 0.2510
v -0.1220 1.1484 0.2487
v -0.1204 1.1430 0.2512
v -0.1204 1.1430 0.2512
v -0.1220 1.1484 0.2487
v -0.1215 1.1600 0.2468
v -0.1310 1.1694 0.2471
v -0.1215 1.1600 0.2468
v -0.1204 1.1607 0.2535
v -0.1372 1.1751 0.2518
v -0.1330 1.1660 0.2570
v -0.1220 1.1484 0.2487
v -0.1332 1.1552 0.2462
v -0.1322 1.1562 0.2536
v -0.1259 1.1518 0.2477
v -0.1385 1.1564 0.2483
v -0.1406 1.1607 0.2434
v -0.1421 1.1735 0.2480
v -0.1330 1.1660 0.2570
v -0.1372 1.1751 0.2518
v -0.1498 1.1767 0.2739
v -0.1416 1.1779 0.2853
v -0.1524 1.1756 0.2809
v -0.1397 1.1826 0.2706
v -0.1270 1.1830 0.2504
v -0.1429 1.1883 0.2494
v -0.1307 1.1845 0.2642
v -0.1140 1.1660 0.2555
v -0.1457 1.1925 0.2444
v -0.1341 1.2103 0.2598
v -0.1360 1.1973 0.2573
v -0.1437 1.1995 0.2480
v -0.1336 1.2560 0.2729
v -0.1651 1.1959 0.2334
v -0.1457 1.2135 0.2372
v -0.1378 1.1905 0.2352
v -0.1597 1.2241 0.2394
v -0.1517 1.2555 0.2414
v -0.1613 1.2737 0.2296
v -0.1381 1.1817 0.2157
v -0.1625 1.1735 0.2124
v -0.1499 1.1712 0.2182
v -0.1371 1.1440 0.2076
v -0.0909 1.1043 0.3655
v -0.0903 1.1030 0.3527
v -0.0883 1.1112 0.3591
v -0.0747 1.1069 0.3489
v -0.0804 1.1164 0.3542
v -0.0754 1.1185 0.3429
v -0.0778 1.1126 0.3529
v -0.0750 1.1054 0.3547
v -0.0747 1.1069 0.3489
v -0.0731 1.1040 0.3508
v -0.0896 1.1256 0.3514
v -0.0849 1.1226 0.3596
v -0.0754 1.1185 0.3429
v -0.0811 1.1310 0.3518
v -0.0781 1.1321 0.3465
v -0.0896 1.1256 0.3514
v -0.0498 1.1209 0.3699
v -0.0633 1.1414 0.3819
v -0.0646 1.1400 0.3877
v -0.0488 1.1371 0.3572
v -0.0730 1.1039 0.3926
v -0.0600 1.1560 0.3944
v -0.0106 1.1499 0.3899
v -0.0150 1.1575 0.4066
v 0.0500 1.2051 0.4423
v -0.0633 1.1414 0.3819
v 0.0293 1.2221 0.4538
v -0.0721 1.1463 0.3835
v -0.0488 1.1371 0.3572
v 0.0583 1.2059 0.4263
v -0.0721 1.1463 0.3835
v -0.0732 1.1497 0.3894
v -0.0869 1.1583 0.3807
v -0.0646 1.1400 0.3877
v -0.0633 1.1414 0.3819
v -0.0876 1.1532 0.3916
v -0.0886 1.1126 0.3567
v -0.0747 1.1069 0.3489
v -0.0778 1.1126 0.3529
v -0.0910 1.1440 0.3900
v -0.0646 1.1400 0.3877
v -0.0888 1.1425 0.3787
v -0.0633 1.1414 0.3819
v -0.0732 1.1497 0.3894
v -0.0910 1.1440 0.3900
v -0.0876 1.1532 0.3916
v -0.0646 1.1400 0.3877
v -0.0633 1.1414 0.3819
v -0.0869 1.1583 0.3807
v -0.0888 1.1425 0.3787
v -0.0876 1.1532 0.3916
v -0.0910 1.1440 0.3900
v -0.0869 1.1583 0.3807
v -0.0888 1.1425 0.3787
v -0.0325 1.1630 0.3718
v -0.0634 1.1514 0.3707
v -0.0463 1.1790 0.3917
v -0.0713 1.1409 0.3556
v -0.0162 1.1677 0.3834
v -0.0201 1.1800 0.4003
v 0.0004 1.1745 0.3951
v -0.0329 1.1904 0.4033
v -0.0758 1.1661 0.3766
v -0.0877 1.1529 0.3692
v -0.0811 1.1310 0.3518
v -0.0781 1.1321 0.3465
v -0.0570 1.1798 0.3544
v -0.0361 1.1957 0.3654
v -0.0711 1.1741 0.3766
v -0.0405 1.2055 0.3935
v -0.0324 1.2092 0.3860
v -0.0758 1.1661 0.3766
v -0.0880 1.1645 0.3590
v -0.0880 1.1643 0.3419
v -0.0131 1.2054 0.3762
v -0.0877 1.1529 0.3692
v -0.0721 1.1463 0.3835
v -0.0600 1.1560 0.3944
v -0.0646 1.1400 0.3877
v -0.0521 1.1735 0.4001
v -0.0534 1.2063 0.3878
v -0.0463 1.1790 0.3917
v -0.0600 1.1560 0.3944
v 0.0083 1.2754 0.4229
v -0.0227 1.2475 0.3921
v -0.0053 1.2390 0.4292
v -0.0534 1.2063 0.3878
v -0.0372 1.2399 0.3825
v -0.0521 1.1735 0.4001
v -0.0671 1.2272 0.3729
v 0.0293 1.2221 0.4538
v 0.0150 1.2610 0.4308
v 0.0377 1.2777 0.4483
v 0.0207 1.2468 0.4484
v -0.0600 1.1560 0.3944
v -0.0373 1.2450 0.3537
v 0.1661 1.3708 0.4781
v 0.2151 1.3627 0.5046
v 0.1829 1.3348 0.4823
v 0.2041 1.3917 0.5012
v 0.1216 1.3341 0.4545
v 0.1268 1.2918 0.4511
v 0.0944 1.3137 0.4361
v 0.0730 1.2428 0.4188
v 0.0563 1.2900 0.4135
v 0.0182 1.2395 0.3855
v 0.0172 1.2085 0.3790
v -0.0184 1.2166 0.3645
v -0.0179 1.2314 0.3657
v -0.0557 1.2035 0.3479
v -0.0544 1.1531 0.3423
v -0.0810 1.1682 0.3327
v 0.0348 1.2703 0.3938
v -0.0858 1.1652 0.3292
v -0.0993 1.1538 0.3188
v -0.0539 1.1257 0.3446
v 0.2315 1.3745 0.5206
v 0.2409 1.3866 0.5253
v 0.2146 1.4156 0.5186
v 0.2615 1.4102 0.5439
v 0.2763 1.4011 0.5522
v 0.2687 1.4392 0.5423
v -0.0657 1.1070 0.3277
v 0.2608 1.3711 0.5519
v 0.2778 1.3828 0.5657
v 0.1049 1.3243 0.4361
v 0.2763 1.4011 0.5522
v 0.2650 1.4045 0.5496
v 0.2736 1.4131 0.5532
v 0.2959 1.4109 0.5681
v 0.3178 1.4516 0.5775
v 0.3228 1.4344 0.5816
v 0.2687 1.4392 0.5423
v 0.2615 1.4102 0.5439
v 0.3290 1.4832 0.5751
v 0.3457 1.4848 0.5823
v 0.3321 1.5045 0.5756
v 0.3491 1.5219 0.5973
v 0.3293 1.5244 0.5703
v 0.3509 1.5358 0.5907
v 0.3701 1.5087 0.5969
v -0.0854 1.1267 0.2742
v -0.0839 1.1213 0.2872
v -0.0705 1.1014 0.2971
v -0.0664 1.1227 0.3052
v -0.0539 1.0971 0.3021
v -0.0442 1.1270 0.2966
v -0.0501 1.0973 0.2798
v -0.0430 1.1201 0.3165
v -0.0322 1.0781 0.3059
v -0.0539 1.0971 0.3021
v -0.0501 1.0973 0.2798
v -0.0139 1.1241 0.3175
v 0.0108 1.1175 0.3116
v -0.0036 1.1214 0.3027
v 0.0120 1.1151 0.3323
v -0.0194 1.1387 0.3083
v -0.0442 1.1270 0.2966
v -0.0430 1.1201 0.3165
v -0.0559 1.1645 0.2824
v -0.0428 1.1555 0.2812
v -0.0499 1.1451 0.2927
v -0.0559 1.1645 0.2824
v -0.0474 1.1659 0.2847
v -0.0428 1.1555 0.2812
v 0.0948 1.1061 0.4415
v 0.0817 1.1403 0.4388
v 0.0790 1.1400 0.4079
v 0.0724 1.1689 0.3968
v 0.0542 1.1599 0.4460
v 0.0653 1.1556 0.4651
v 0.1172 1.1631 0.4636
v 0.0817 1.1403 0.4388
v 0.0992 1.1247 0.4547
v 0.0948 1.1061 0.4415
v 0.0816 1.1865 0.4679
v 0.0629 1.1610 0.4565
v 0.0653 1.1556 0.4651
v 0.0767 1.1673 0.4731
v 0.0542 1.1599 0.4460
v 0.0546 1.1813 0.4309
v 0.0844 1.1961 0.4750
v -0.0131 1.2054 0.3762
v -0.0011 1.1976 0.3790
v -0.0201 1.1800 0.4003
v 0.0004 1.1745 0.3951
v 0.0044 1.1801 0.3889
v -0.0329 1.1904 0.4033
v -0.0405 1.2055 0.3935
v -0.0324 1.2092 0.3860
v -0.0405 1.2055 0.3935
v -0.0329 1.1904 0.4033
v -0.0463 1.1790 0.3917
v -0.0534 1.2063 0.3878
v 0.1385 1.1979 0.3374
v 0.1234 1.1624 0.3457
v 0.0814 1.2096 0.3877
v 0.0724 1.1689 0.3968
v 0.1271 1.1436 0.3444
v 0.1262 1.1628 0.3417
v 0.1379 1.1689 0.3333
v 0.1299 1.1529 0.3399
v 0.1410 1.1342 0.3314
v 0.1421 1.1266 0.3298
v 0.1449 1.1188 0.3268
v 0.1461 1.1360 0.3259
v 0.0673 1.2189 0.4215
v 0.0625 1.1929 0.4276
v 0.0546 1.1813 0.4309
v 0.1430 1.1717 0.3204
v 0.0542 1.1599 0.4460
v 0.1375 1.2245 0.3285
v 0.1414 1.2211 0.3219
v 0.1487 1.2281 0.3196
v 0.1519 1.2224 0.3154
v 0.1558 1.1717 0.3099
v 0.1609 1.2348 0.3121
v 0.1487 1.2343 0.3209
v 0.0583 1.2059 0.4263
v 0.0500 1.2051 0.4423
v 0.1467 1.1403 0.3337
v 0.1234 1.1624 0.3457
v 0.1315 1.1475 0.3347
v 0.1271 1.1436 0.3444
v 0.1099 1.2671 0.5288
v 0.0846 1.2099 0.5070
v 0.0963 1.2112 0.4774
v 0.0844 1.1961 0.4750
v 0.0816 1.1865 0.4679
v 0.0811 1.2327 0.5296
v 0.1003 1.2779 0.5398
v 0.1052 1.3116 0.5280
v 0.1172 1.1631 0.4636
v 0.0767 1.1673 0.4731
v 0.0653 1.1556 0.4651
v 0.0817 1.1403 0.4388
v 0.0963 1.2112 0.4774
v 0.0844 1.1961 0.4750
v 0.0856 1.1615 0.4444
v 0.1146 1.1674 0.4557
v 0.0991 1.1549 0.4508
v 0.1161 1.1549 0.4513
v 0.0816 1.1865 0.4679
v 0.0892 1.1545 0.4403
v 0.0629 1.1610 0.4565
v 0.1146 1.1674 0.4557
v 0.0902 1.1834 0.4601
v 0.1193 1.1848 0.4552
v 0.1012 1.1920 0.4590
v 0.1270 1.1691 0.4488
v 0.1161 1.1549 0.4513
v 0.1089 1.1980 0.4532
v 0.0902 1.1834 0.4601
v 0.1146 1.1674 0.4557
v 0.0816 1.1865 0.4679
v 0.0892 1.1545 0.4403
v 0.0851 1.1517 0.4280
v 0.0896 1.1673 0.4391
v 0.0856 1.1615 0.4444
v 0.1088 1.1853 0.4362
v 0.0902 1.1834 0.4601
v 0.0989 1.1912 0.4569
v 0.1089 1.1980 0.4532
v 0.1024 1.1739 0.4330
v 0.0816 1.1865 0.4679
v 0.1012 1.1920 0.4590
v 0.0802 1.1855 0.4120
v 0.0871 1.1691 0.4217
v 0.0822 1.1857 0.4054
v 0.0546 1.1813 0.4309
v 0.0629 1.1610 0.4565
v 0.0856 1.1615 0.4444
v 0.0933 1.1842 0.4136
v 0.0976 1.1833 0.4103
v 0.0938 1.1874 0.4074
v 0.0972 1.1840 0.4090
v 0.0983 1.1866 0.4078
v 0.0931 1.1901 0.4090
v 0.0625 1.1929 0.4276
v 0.0871 1.1691 0.4217
v 0.0856 1.1615 0.4444
v 0.0896 1.1673 0.4391
v 0.0625 1.1929 0.4276
v 0.0392 1.2106 0.4795
v 0.0500 1.2051 0.4423
v 0.0293 1.2221 0.4538
v 0.0173 1.2461 0.4977
v 0.0132 1.2597 0.4660
v 0.0207 1.2468 0.4484
v 0.0816 1.1865 0.4679
v 0.0838 1.1779 0.4403
v 0.0896 1.1673 0.4391
v 0.0871 1.1691 0.4217
v 0.0802 1.1855 0.4120
v 0.0931 1.1901 0.4090
v 0.0933 1.1842 0.4136
v 0.0871 1.1691 0.4217
v 0.0986 1.1824 0.4320
v 0.1020 1.1829 0.4150
v 0.0838 1.1779 0.4403
v 0.0976 1.1833 0.4103
v 0.0983 1.1866 0.4078
v 0.1630 1.2320 0.4994
v 0.1865 1.2783 0.5147
v 0.1784 1.2365 0.5047
v 0.1639 1.2063 0.4959
v 0.1472 1.1823 0.4850
v 0.1334 1.1776 0.4802
v 0.1382 1.1619 0.4795
v 0.2017 1.2805 0.5230
v 0.1978 1.3183 0.5232
v 0.1138 1.1403 0.4573
v 0.2143 1.3067 0.5348
v 0.2151 1.3380 0.5306
v 0.2296 1.3201 0.5504
v 0.2231 1.3436 0.5486
v 0.2231 1.3436 0.5486
v 0.2186 1.3287 0.5776
v 0.2296 1.3201 0.5504
v 0.1270 1.1691 0.4488
v 0.1193 1.1848 0.4552
v 0.1088 1.1853 0.4362
v 0.1089 1.1980 0.4532
v 0.1024 1.1739 0.4330
v 0.0991 1.1549 0.4508
v 0.1024 1.1739 0.4330
v 0.0892 1.1545 0.4403
v 0.0851 1.1517 0.4280
v 0.1161 1.1549 0.4513
v 0.1270 1.1691 0.4488
v -0.0010 1.1064 0.3034
v -0.0027 1.0984 0.2976
v -0.0013 1.1055 0.2996
v -0.0036 1.1214 0.3027
v 0.0009 1.0973 0.3058
v 0.0031 1.0886 0.2987
v 0.0108 1.1175 0.3116
v 0.0119 1.1024 0.3078
v 0.0115 1.0891 0.2961
v 0.0031 1.0886 0.2987
v 0.0009 1.0973 0.3058
v 0.0108 1.1175 0.3116
v 0.0099 1.0704 0.2955
v -0.0022 1.0740 0.3004
v 0.0811 1.1251 0.3447
v 0.0949 1.1565 0.3513
v 0.0765 1.1193 0.3557
v 0.0723 1.0815 0.3454
v 0.0824 1.1586 0.3644
v 0.1430 1.1717 0.3204
v 0.0949 1.1565 0.3513
v 0.1256 1.1625 0.3398
v 0.1205 1.1733 0.3021
v 0.1390 1.1761 0.2964
v 0.1557 1.1809 0.2798
v 0.1558 1.1717 0.3099
v 0.1864 1.1717 0.2945
v 0.1815 1.1764 0.2820
v 0.1721 1.1705 0.3099
v 0.0836 1.1774 0.3114
v 0.0641 1.1743 0.3316
v 0.1735 1.1795 0.2608
v 0.0824 1.1586 0.3644
v 0.0499 1.1668 0.3658
v 0.0467 1.1750 0.3340
v 0.0272 1.1596 0.3611
v 0.0362 1.1782 0.3168
v 0.1234 1.1624 0.3457
v 0.1262 1.1628 0.3417
v 0.1379 1.1689 0.3333
v 0.0182 1.1632 0.3151
v 0.1299 1.1529 0.3399
v 0.1379 1.1689 0.3333
v 0.1256 1.1625 0.3398
v 0.2686 1.2211 0.3095
v 0.2759 1.1971 0.3135
v 0.3150 1.1904 0.2789
v 0.3026 1.2116 0.2798
v 0.2909 1.2585 0.2759
v 0.2499 1.2602 0.2903
v 0.2779 1.3150 0.2648
v 0.2584 1.3207 0.2871
v 0.2247 1.2837 0.3047
v 0.2196 1.2277 0.3022
v 0.2768 1.3764 0.2392
v 0.2484 1.2024 0.3183
v 0.3031 1.1790 0.3010
v 0.1977 1.2539 0.2977
v 0.2528 1.3567 0.2714
v 0.2476 1.4068 0.2532
v 0.2436 1.3785 0.2829
v 0.2246 1.3086 0.2961
v 0.2298 1.3831 0.2892
v 0.3164 1.1532 0.2739
v 0.2982 1.1566 0.2916
v 0.2530 1.4415 0.2123
v 0.3015 1.1379 0.2777
v 0.3046 1.1164 0.2629
v 0.2787 1.1712 0.3277
v 0.3136 1.1365 0.3037
v 0.2944 1.1403 0.3202
v 0.2964 1.1180 0.3002
v 0.3175 1.1169 0.2844
v 0.3033 1.0914 0.2744
v 0.2977 1.1162 0.3294
v 0.2770 1.1399 0.3448
v 0.2944 1.1403 0.3202
v 0.2631 1.1651 0.3286
v 0.2770 1.1399 0.3448
v 0.2555 1.1662 0.3458
v 0.2374 1.1828 0.3358
v 0.2400 1.1568 0.3681
v 0.2544 1.1208 0.3688
v 0.2185 1.1490 0.3908
v 0.2306 1.1837 0.3698
v 0.2521 1.1859 0.3219
v 0.2607 1.1266 0.3385
v 0.2684 1.0962 0.3321
v 0.2568 1.0788 0.3407
v 0.1901 1.1791 0.3981
v 0.1918 1.2055 0.3721
v 0.1744 1.2029 0.4016
v 0.1715 1.1865 0.4191
v 0.1957 1.1239 0.4025
v 0.2030 1.1472 0.3912
v 0.2311 1.0839 0.3524
v 0.2105 1.2011 0.3542
v 0.1288 1.2102 0.4570
v 0.1552 1.1348 0.4387
v 0.1172 1.1631 0.4636
v 0.0963 1.2112 0.4774
v 0.0993 1.2402 0.4637
v 0.0955 1.2471 0.4786
v 0.1271 1.1436 0.3444
v 0.1256 1.1625 0.3398
v 0.1262 1.1628 0.3417
v 0.1315 1.1475 0.3347
v 0.1299 1.1529 0.3399
v 0.1256 1.1625 0.3398
v 0.1315 1.1475 0.3347
v 0.1410 1.1342 0.3314
v 0.1234 1.1624 0.3457
v 0.1410 1.1342 0.3314
v 0.1315 1.1475 0.3347
v 0.1467 1.1403 0.3337
v 0.1592 1.1250 0.3253
v 0.1553 1.1129 0.3305
v 0.1529 1.1466 0.3276
v 0.1681 1.1291 0.3162
v 0.1635 1.1144 0.3208
v 0.1461 1.1360 0.3259
v 0.1467 1.1403 0.3337
v 0.1553 1.1129 0.3305
v 0.1449 1.1188 0.3268
v 0.1450 1.1355 0.3264
v 0.1553 1.1129 0.3305
v 0.1461 1.1360 0.3259
v 0.1482 1.1092 0.3203
v 0.1482 1.1165 0.3208
v 0.1482 1.1092 0.3203
v 0.1553 1.1129 0.3305
v 0.1386 1.0896 0.3156
v 0.1681 1.1291 0.3162
v 0.2196 1.2277 0.3022
v 0.2015 1.2042 0.2902
v 0.2256 1.1994 0.3117
v 0.2016 1.2272 0.2961
v 0.2484 1.2024 0.3183
v 0.2521 1.1859 0.3219
v 0.2787 1.1712 0.3277
v 0.2631 1.1651 0.3286
v 0.2944 1.1403 0.3202
v 0.1977 1.2539 0.2977
v 0.1890 1.2417 0.2943
v 0.1909 1.2155 0.2915
v 0.1910 1.2045 0.2827
v 0.1805 1.2109 0.2785
v 0.1814 1.2391 0.2955
v 0.1809 1.1979 0.2668
v 0.1853 1.1904 0.2723
v 0.1787 1.1787 0.2546
v 0.1910 1.2045 0.2827
v 0.1853 1.1904 0.2723
v 0.2022 1.2030 0.2944
v 0.1635 1.1144 0.3208
v 0.1681 1.1291 0.3162
v 0.1553 1.1129 0.3305
v 0.1721 1.1705 0.3099
v 0.1558 1.1717 0.3099
v 0.1908 1.1862 0.3138
v 0.1777 1.2002 0.3247
v 0.1864 1.1717 0.2945
v 0.3106 1.1691 0.2228
v 0.2848 1.2590 0.1697
v 0.3020 1.2117 0.2129
v 0.2700 1.3171 0.1734
v 0.2637 1.3164 0.1261
v 0.2913 1.3177 0.2268
v 0.2672 1.4063 0.1832
v 0.2632 1.1930 0.1654
v 0.3050 1.1131 0.2390
v 0.3164 1.1532 0.2739
v 0.3046 1.1164 0.2629
v 0.3150 1.1904 0.2789
v 0.2806 1.0738 0.2445
v 0.2768 1.3764 0.2392
v 0.2779 1.3150 0.2648
v 0.2530 1.4415 0.2123
v 0.2909 1.2585 0.2759
v 0.3033 1.0914 0.2744
v 0.3175 1.1169 0.2844
v 0.2564 1.2527 0.1278
v 0.2208 1.4387 0.1180
v 0.2881 1.0644 0.2943
v 0.2474 1.3078 0.1048
v 0.2266 1.3359 0.0715
v 0.2179 1.3167 0.0628
v 0.2166 1.4112 0.0853
v 0.3026 1.2116 0.2798
v 0.3015 1.1379 0.2777
v 0.3175 1.1169 0.2844
v 0.3046 1.1164 0.2629
v 0.2982 1.1566 0.2916
v 0.3136 1.1365 0.3037
v 0.3031 1.1790 0.3010
v 0.1787 1.1787 0.2546
v 0.1897 1.1766 0.2428
v 0.1832 1.1782 0.2542
v 0.1899 1.1780 0.2629
v 0.1912 1.1715 0.2076
v 0.1743 1.1746 0.2314
v 0.1853 1.1904 0.2723
v 0.1715 1.1731 0.2411
v 0.1715 1.1731 0.2411
v 0.1690 1.1784 0.2489
v 0.1701 1.1834 0.2242
v 0.1743 1.1746 0.2314
v 0.1743 1.1746 0.2314
v 0.1701 1.1834 0.2242
v 0.1713 1.1699 0.2310
v 0.1853 1.1904 0.2723
v 0.1864 1.1717 0.2945
v 0.1934 1.1892 0.3031
v 0.1909 1.2155 0.2915
v 0.1908 1.1862 0.3138
v 0.1815 1.1764 0.2820
v 0.1832 1.1782 0.2542
v 0.1829 1.1690 0.2630
v 0.1814 1.2391 0.2955
v 0.1829 1.1690 0.2630
v 0.1964 1.1744 0.2625
v 0.1926 1.1547 0.2672
v 0.1899 1.1780 0.2629
v 0.1843 1.1579 0.2675
v 0.1880 1.1372 0.2649
v 0.1832 1.1782 0.2542
v 0.1899 1.1780 0.2629
v 0.1897 1.1766 0.2428
v 0.1898 1.1865 0.2514
v 0.1899 1.1780 0.2629
v 0.1898 1.1865 0.2514
v 0.1959 1.1770 0.2661
v 0.2034 1.1543 0.2702
v 0.2015 1.1497 0.2741
v 0.2030 1.1585 0.2713
v 0.2036 1.1497 0.2691
v 0.2038 1.1485 0.2688
v 0.2029 1.1586 0.2719
v 0.2026 1.1615 0.2729
v 0.2022 1.1624 0.2725
v 0.2024 1.1626 0.2723
v 0.2020 1.1649 0.2729
v 0.2039 1.1468 0.2684
v 0.2038 1.1485 0.2688
v 0.2037 1.1485 0.2688
v 0.2036 1.1497 0.2691
v 0.2034 1.1543 0.2702
v 0.2029 1.1586 0.2719
v 0.2034 1.1497 0.2699
v 0.2015 1.1497 0.2741
v 0.2038 1.1485 0.2688
v 0.2028 1.1578 0.2711
v 0.2022 1.1624 0.2725
v 0.2024 1.1626 0.2723
v 0.2037 1.1485 0.2688
v 0.2036 1.1497 0.2691
v 0.2034 1.1497 0.2699
v 0.2039 1.1468 0.2684
v 0.2034 1.1543 0.2702
v 0.2015 1.1646 0.2777
v 0.2010 1.1777 0.2748
v 0.2020 1.1649 0.2729
v 0.2024 1.1626 0.2723
v 0.2027 1.1653 0.2729
v 0.2022 1.1624 0.2725
v 0.2020 1.1649 0.2729
v 0.2029 1.1586 0.2719
v 0.2010 1.1777 0.2748
v 0.1964 1.1744 0.2625
v 0.2015 1.1646 0.2777
v 0.2027 1.1653 0.2729
v 0.2018 1.1615 0.2621
v 0.2010 1.1777 0.2748
v 0.2024 1.1626 0.2723
v 0.1959 1.1770 0.2661
v 0.1899 1.1780 0.2629
v 0.2039 1.1468 0.2684
v 0.2034 1.1497 0.2699
v 0.2038 1.1485 0.2688
v 0.2028 1.1578 0.2711
v 0.2026 1.1615 0.2729
v 0.2024 1.1626 0.2723
v 0.2027 1.1653 0.2729
v 0.2028 1.1578 0.2711
v 0.2034 1.1543 0.2702
v 0.2030 1.1585 0.2713
v 0.2026 1.1615 0.2729
v 0.2029 1.1586 0.2719
v 0.2027 1.1653 0.2729
v 0.2026 1.1615 0.2729
v 0.1984 1.1788 0.2432
v 0.1898 1.1865 0.2514
v 0.1897 1.1766 0.2428
v 0.2072 1.1639 0.2440
v 0.2278 1.1668 0.1763
v 0.2009 1.1661 0.1890
v 0.2015 1.1625 0.1684
v 0.1912 1.1715 0.2076
v 0.2216 1.1574 0.1672
v 0.2076 1.1562 0.1580
v 0.2564 1.2527 0.1278
v 0.2451 1.1463 0.1835
v 0.2429 1.2495 0.1255
v 0.2632 1.1930 0.1654
v 0.3050 1.1131 0.2390
v 0.2806 1.0738 0.2445
v 0.2236 1.2794 0.1208
v 0.2474 1.3078 0.1048
v 0.2229 1.3075 0.0954
v 0.2179 1.3167 0.0628
v -0.1734 1.2335 0.1710
v -0.1882 1.2013 0.1802
v -0.1850 1.2506 0.1983
v -0.1867 1.1806 0.1697
v -0.1892 1.1926 0.1784
v -0.1905 1.1897 0.1786
v -0.1909 1.1996 0.1854
v -0.1752 1.2464 0.1857
v -0.1868 1.2927 0.2072
v -0.1864 1.1762 0.1727
v -0.1707 1.2707 0.1938
v -0.1801 1.3185 0.2003
v -0.1809 1.3418 0.2107
v -0.1826 1.2035 0.2110
v -0.2099 1.2179 0.1771
v -0.2395 1.2138 0.2130
v -0.1896 1.2075 0.1993
v -0.2509 1.2216 0.2093
v -0.2347 1.2285 0.1730
v -0.2145 1.2291 0.1271
v -0.2376 1.2348 0.1456
v -0.2598 1.2377 0.1665
v -0.2759 1.2396 0.1434
v -0.2530 1.2215 0.1808
v -0.2738 1.2348 0.1801
v -0.2117 1.2175 0.2219
v -0.1826 1.2035 0.2110
v -0.1760 1.1977 0.2752
v -0.1651 1.1959 0.2334
v -0.1504 1.1901 0.2571
v -0.1397 1.1826 0.2706
v -0.1416 1.1779 0.2853
v -0.1641 1.1740 0.3162
v -0.1642 1.2538 0.1771
v -0.1556 1.2111 0.1786
v -0.1517 1.2555 0.2414
v -0.1457 1.2135 0.2372
v -0.1730 1.2482 0.1166
v -0.1574 1.2709 0.2184
v -0.1378 1.1905 0.2352
v -0.1430 1.1880 0.2024
v -0.1381 1.1817 0.2157
v -0.1651 1.2741 0.2024
v -0.1777 1.1833 0.1312
v -0.1780 1.2308 0.0988
v -0.1796 1.1747 0.1141
v -0.1657 1.1865 0.1637
v -0.1686 1.1681 0.1508
v -0.1672 1.2637 0.1380
v -0.1802 1.2856 0.1726
v -0.1707 1.2707 0.1938
v -0.1801 1.3185 0.2003
v -0.1639 1.2753 0.2097
v -0.1629 1.2785 0.2151
v -0.1599 1.2785 0.2205
v -0.1613 1.2737 0.2296
v -0.1599 1.1937 0.1706
v -0.1728 1.1788 0.1291
v -0.1615 1.1839 0.1633
v -0.1603 1.1850 0.1648
v -0.2132 1.3663 0.2067
v -0.2696 1.3180 0.1593
v -0.2325 1.2935 0.1801
v -0.2836 1.2523 0.1299
v -0.2605 1.2423 0.1427
v -0.3107 1.2657 0.1098
v -0.2376 1.2348 0.1456
v -0.3290 1.2684 0.0816
v -0.1801 1.3185 0.2003
v -0.1809 1.3418 0.2107
v -0.3276 1.2442 0.0842
v -0.3418 1.2212 0.0482
v -0.3416 1.2043 0.0544
v -0.1802 1.2856 0.1726
v -0.1761 1.4013 0.2091
v -0.1787 1.3619 0.2236
v -0.1508 1.3405 0.2433
v -0.1732 1.2966 0.2320
v -0.1613 1.2737 0.2296
v -0.1468 1.2522 0.2766
v -0.1597 1.2241 0.2394
v -0.1445 1.2187 0.2734
v -0.1504 1.1901 0.2571
v -0.1651 1.1959 0.2334
v -0.1445 1.3168 0.2709
v -0.1714 1.2328 0.2164
v -0.1397 1.1826 0.2706
v -0.1396 1.3476 0.2561
v -0.1585 1.3584 0.2461
v -0.1850 1.2506 0.1983
v -0.1826 1.2035 0.2110
v -0.1882 1.2013 0.1802
v -0.1308 1.3565 0.2670
v -0.3060 1.2559 0.1068
v -0.1645 1.3576 0.2342
v -0.1732 1.2966 0.2320
v -0.1868 1.2927 0.2072
v -0.1850 1.2506 0.1983
v -0.1809 1.3418 0.2107
v -0.1836 1.1884 0.1352
v -0.2027 1.1909 0.1048
v -0.2019 1.2141 0.1447
v -0.2159 1.2160 0.1116
v -0.1845 1.1730 0.1178
v -0.1826 1.1735 0.1226
v -0.2145 1.2291 0.1271
v -0.2099 1.2179 0.1771
v -0.1909 1.1996 0.1854
v -0.1896 1.2075 0.1993
v -0.2107 1.2013 0.1062
v -0.2114 1.2008 0.0930
v -0.2097 1.1976 0.0886
v -0.2122 1.2065 0.0980
v -0.2031 1.1836 0.1034
v -0.1868 1.1679 0.1095
v -0.2094 1.1630 0.0699
v -0.1777 1.1833 0.1312
v -0.1639 1.2753 0.2097
v -0.1670 1.2350 0.2133
v -0.1752 1.2464 0.1857
v -0.1707 1.2707 0.1938
v -0.1613 1.2737 0.2296
v -0.1629 1.2785 0.2151
v -0.1692 1.2062 0.1815
v -0.1729 1.1897 0.1656
v -0.1734 1.2335 0.1710
v -0.1599 1.2785 0.2205
v -0.1639 1.2753 0.2097
v -0.1707 1.2707 0.1938
v -0.1651 1.2741 0.2024
v -0.1599 1.1937 0.1706
v -0.1603 1.1850 0.1648
v -0.1664 1.1981 0.1759
v -0.1556 1.2111 0.1786
v -0.1692 1.2062 0.1815
v -0.1729 1.1897 0.1656
v -0.1657 1.1865 0.1637
v -0.1615 1.1839 0.1633
v -0.1694 1.1835 0.1641
v -0.1867 1.1806 0.1697
v -0.1734 1.2335 0.1710
v -0.1686 1.1681 0.1508
v -0.0572 1.2174 0.3607
v -0.0534 1.2063 0.3878
v -0.0671 1.2272 0.3729
v -0.0794 1.2644 0.3078
v -0.0854 1.2845 0.2864
v -0.0653 1.2667 0.2976
v -0.0895 1.3033 0.2866
v -0.1048 1.3053 0.2981
v -0.1045 1.3006 0.2885
v -0.0673 1.3178 0.2992
v -0.1359 1.3139 0.2703
v -0.0780 1.4087 0.2668
v -0.0767 1.3966 0.2734
v -0.0545 1.4150 0.2666
v -0.0180 1.3924 0.2853
v -0.0674 1.4274 0.2568
v -0.0039 1.4187 0.2681
v -0.0431 1.4418 0.2487
v -0.0612 1.4525 0.2407
v -0.0169 1.3583 0.3000
v -0.0275 1.3368 0.3042
v -0.0540 1.4663 0.2399
v -0.0458 1.3177 0.2979
v -0.0766 1.3487 0.2790
v -0.0673 1.3178 0.2992
v -0.1048 1.3053 0.2981
v -0.1169 1.3578 0.2605
v -0.0856 1.3995 0.2595
v -0.0968 1.4161 0.2446
v -0.1359 1.3139 0.2703
v -0.2305 1.4253 0.1622
v -0.2362 1.4159 0.0932
v -0.2383 1.4021 0.1116
v -0.2327 1.4499 0.1181
v -0.2178 1.3938 0.0622
v -0.2102 1.4564 0.1305
v -0.2028 1.4555 0.1754
v -0.2025 1.4713 0.1635
v -0.2192 1.4009 0.1942
v -0.2626 1.3888 0.1367
v -0.2132 1.3663 0.2067
v -0.2597 1.3420 0.1309
v -0.2721 1.3577 0.1040
v -0.2850 1.3098 0.0948
v -0.3006 1.2839 0.0581
v -0.0938 1.4569 0.2324
v -0.1187 1.4745 0.2067
v -0.1108 1.4268 0.2477
v -0.0833 1.5093 0.1942
v -0.0978 1.5102 0.1852
v -0.1330 1.4385 0.2234
v -0.1637 1.4334 0.2074
v -0.1585 1.3584 0.2461
v -0.1308 1.3565 0.2670
v -0.1787 1.3619 0.2236
v -0.1645 1.3576 0.2342
v -0.1761 1.4013 0.2091
v -0.1147 1.4993 0.1780
v -0.1663 1.4372 0.1994
v -0.2028 1.4555 0.1754
v -0.2192 1.4009 0.1942
v -0.2132 1.3663 0.2067
v -0.1739 1.4792 0.1741
v -0.2025 1.4713 0.1635
v -0.0678 1.5352 0.2123
v -0.0699 1.4606 0.2686
v -0.0536 1.5180 0.2404
v -0.0408 1.4710 0.2735
v -0.0385 1.4545 0.2985
v -0.0581 1.4323 0.2914
v -0.0845 1.4027 0.2757
v -0.0968 1.4161 0.2446
v -0.0811 1.5249 0.1606
v -0.0301 1.5786 0.1748
v -0.0223 1.4779 0.2541
v -0.0338 1.4757 0.2522
v -0.0369 1.4603 0.2515
v -0.0167 1.4359 0.2601
v -0.0399 1.5075 0.2376
v 0.0158 1.4474 0.2513
v 0.0047 1.4290 0.2625
v -0.0536 1.5180 0.2404
v -0.0436 1.5398 0.2228
v -0.0678 1.5352 0.2123
v -0.0382 1.5745 0.1882
v -0.0856 1.3995 0.2595
v -0.0845 1.4027 0.2757
v -0.0968 1.4161 0.2446
v -0.0767 1.3966 0.2734
v -0.0581 1.4323 0.2914
v -0.0845 1.4027 0.2757
v -0.0660 1.4167 0.2829
v -0.0767 1.3966 0.2734
v -0.0581 1.4323 0.2914
v -0.0674 1.4274 0.2568
v -0.0474 1.4543 0.2649
v -0.0660 1.4167 0.2829
v -0.0780 1.4087 0.2668
v -0.0540 1.4663 0.2399
v -0.0612 1.4525 0.2407
v -0.0767 1.3966 0.2734
v -0.0364 1.4422 0.2925
v -0.0431 1.2833 0.3054
v -0.0370 1.2998 0.3139
v -0.0653 1.2667 0.2976
v -0.0473 1.1969 0.3022
v -0.0653 1.2667 0.2976
v -0.0370 1.2998 0.3139
v -0.0794 1.2644 0.3078
v 0.0471 1.2304 0.5177
v 0.1003 1.2779 0.5398
v 0.0443 1.2894 0.5330
v 0.0811 1.2327 0.5296
v 0.0846 1.2099 0.5070
v 0.0744 1.3003 0.5297
v 0.1052 1.3116 0.5280
v 0.0706 1.3240 0.5304
v 0.0471 1.3086 0.5164
v 0.0528 1.3298 0.5153
v 0.0383 1.2467 0.5109
v 0.0173 1.2461 0.4977
v 0.0392 1.2106 0.4795
v 0.0816 1.1865 0.4679
v 0.0998 1.3350 0.5136
v 0.0747 1.2488 0.4842
v 0.0743 1.2490 0.4869
v 0.0708 1.2506 0.4900
v 0.0741 1.2491 0.4884
v 0.0740 1.2492 0.4889
v 0.0762 1.2544 0.4783
v 0.0762 1.2494 0.4795
v 0.0558 1.3023 0.4915
v 0.0721 1.3152 0.4702
v 0.0440 1.3012 0.4773
v 0.0790 1.3103 0.4826
v 0.0775 1.3283 0.4533
v 0.0375 1.2908 0.4858
v 0.1067 1.3388 0.4814
v 0.1194 1.3500 0.4692
v 0.0966 1.3226 0.4900
v 0.1040 1.3149 0.5033
v 0.1533 1.3606 0.5258
v 0.1727 1.3952 0.5046
v 0.2153 1.4192 0.5460
v 0.0377 1.2777 0.4483
v 0.0132 1.2597 0.4660
v 0.0177 1.2608 0.4827
v 0.0365 1.2944 0.4304
v 0.0083 1.2754 0.4229
v 0.0230 1.2894 0.4149
v 0.0173 1.2461 0.4977
v 0.0213 1.2822 0.4077
v 0.0081 1.2823 0.4054
v 0.0217 1.2874 0.5048
v 0.0207 1.2468 0.4484
v 0.0443 1.2894 0.5330
v 0.0471 1.3086 0.5164
v 0.0762 1.2494 0.4795
v 0.0708 1.2506 0.4900
v 0.0747 1.2492 0.4861
v 0.0741 1.2492 0.4884
v 0.0740 1.2492 0.4889
v 0.0762 1.2544 0.4783
v 0.0725 1.3334 0.4994
v 0.0558 1.3023 0.4915
v 0.0528 1.3298 0.5153
v 0.0790 1.3103 0.4826
v 0.0966 1.3226 0.4900
v 0.0471 1.3086 0.5164
v 0.0217 1.2874 0.5048
v 0.0375 1.2908 0.4858
v 0.0177 1.2608 0.4827
v 0.0998 1.3350 0.5136
v 0.0706 1.3240 0.5304
v 0.0168 1.2896 0.3852
v 0.0124 1.2737 0.3927
v 0.0081 1.2823 0.4054
v 0.0149 1.2970 0.4095
v 0.0083 1.2754 0.4229
v -0.0227 1.2475 0.3921
v 0.1661 1.3708 0.4781
v 0.1194 1.3500 0.4692
v 0.1727 1.3952 0.5046
v 0.2146 1.4156 0.5186
v 0.1216 1.3341 0.4545
v 0.2041 1.3917 0.5012
v 0.1049 1.3243 0.4361
v 0.0775 1.3283 0.4533
v 0.0944 1.3137 0.4361
v 0.0563 1.2900 0.4135
v 0.0365 1.2944 0.4304
v 0.0230 1.2894 0.4149
v 0.0310 1.2862 0.4012
v 0.2153 1.4192 0.5460
v 0.2561 1.4479 0.5580
v 0.2687 1.4392 0.5423
v 0.2743 1.4545 0.5538
v 0.2865 1.4720 0.5775
v 0.3290 1.4832 0.5751
v 0.3209 1.4990 0.5946
v 0.0348 1.2703 0.3938
v 0.0348 1.2703 0.3938
v -0.0179 1.2314 0.3657
v -0.0227 1.2475 0.3921
v -0.0372 1.2399 0.3825
v -0.0373 1.2450 0.3537
v -0.0179 1.2314 0.3657
v -0.0215 1.2311 0.3468
v -0.0372 1.2399 0.3825
v -0.0184 1.2166 0.3645
v 0.0306 1.2795 0.3800
v 0.0348 1.2703 0.3938
v 0.0124 1.2737 0.3927
v 0.0168 1.2896 0.3852
v -0.0227 1.2475 0.3921
v 0.0305 1.2965 0.3925
v 0.0310 1.2862 0.4012
v 0.0348 1.2703 0.3938
v 0.0306 1.2795 0.3800
v 0.0230 1.2894 0.4149
v 0.0149 1.2970 0.4095
v -0.0215 1.2311 0.3468
v -0.0456 1.2316 0.3625
v -0.0373 1.2450 0.3537
v -0.0671 1.2272 0.3729
v -0.0184 1.2166 0.3645
v 0.0969 1.4182 0.2792
v 0.0757 1.4407 0.2750
v 0.0953 1.4027 0.2899
v 0.0739 1.4450 0.2870
v 0.0821 1.4506 0.2825
v 0.0730 1.4552 0.2780
v 0.0799 1.4442 0.2880
v 0.0658 1.4563 0.2768
v 0.0548 1.4515 0.2785
v 0.0401 1.4433 0.2928
v 0.0471 1.4519 0.2786
v 0.0854 1.4626 0.2815
v -0.0169 1.3583 0.3000
v -0.0045 1.3947 0.2978
v -0.0097 1.4082 0.2940
v 0.0096 1.4198 0.2968
v 0.0174 1.4060 0.3037
v 0.0623 1.4345 0.2910
v 0.0446 1.4006 0.2920
v 0.0034 1.3529 0.3181
v -0.0084 1.3801 0.3124
v 0.0953 1.4027 0.2899
v 0.1007 1.3995 0.2849
v 0.1053 1.4150 0.2895
v 0.0452 1.3255 0.3199
v 0.0446 1.4006 0.2920
v 0.0452 1.3255 0.3199
v 0.0953 1.4027 0.2899
v 0.0588 1.4188 0.2836
v 0.0757 1.4407 0.2750
v 0.0238 1.3608 0.3062
v 0.0034 1.3529 0.3181
v 0.0320 1.2706 0.3273
v 0.0428 1.2732 0.3391
v 0.0616 1.2727 0.3491
v 0.0619 1.2610 0.3514
v -0.0201 1.3157 0.3199
v 0.1205 1.2673 0.3469
v 0.1414 1.2796 0.3345
v 0.1489 1.3194 0.3180
v 0.1444 1.3564 0.3038
v -0.0330 1.3518 0.3182
v -0.0084 1.3801 0.3124
v 0.0265 1.2606 0.3329
v 0.0480 1.2652 0.3337
v 0.1444 1.3564 0.3038
v 0.1007 1.3995 0.2849
v 0.0452 1.3255 0.3199
v 0.1415 1.4005 0.2830
v 0.1093 1.4266 0.2696
v 0.0969 1.4182 0.2792
v 0.1345 1.4251 0.2717
v 0.1209 1.4448 0.2608
v 0.0949 1.4107 0.2829
v 0.0419 1.2641 0.3245
v 0.0480 1.2652 0.3337
v 0.0631 1.2723 0.3273
v 0.0320 1.2706 0.3273
v 0.0430 1.2799 0.3255
v 0.0419 1.2641 0.3245
v 0.0631 1.2723 0.3273
v 0.0579 1.2864 0.3288
v 0.0320 1.2706 0.3273
v 0.0428 1.2732 0.3391
v 0.0320 1.2706 0.3273
v 0.0430 1.2799 0.3255
v 0.0579 1.2864 0.3288
v 0.0480 1.2652 0.3337
v 0.0430 1.2799 0.3255
v 0.0631 1.2723 0.3273
v 0.0480 1.2652 0.3337
v 0.0700 1.2217 0.3355
v 0.0428 1.2732 0.3391
v 0.0430 1.2799 0.3255
v 0.0213 1.2822 0.4077
v 0.0230 1.2894 0.4149
v 0.0081 1.2823 0.4054
v 0.0149 1.2970 0.4095
v 0.0168 1.2896 0.3852
v 0.0149 1.2970 0.4095
v 0.0305 1.2965 0.3925
v 0.0306 1.2795 0.3800
v -0.0275 1.3368 0.3042
v -0.0299 1.3539 0.3075
v -0.0169 1.3583 0.3000
v -0.0482 1.3284 0.3093
v -0.0458 1.3177 0.2979
v -0.0621 1.3089 0.3007
v -0.0084 1.3801 0.3124
v -0.0330 1.3518 0.3182
v -0.0045 1.3947 0.2978
v 0.0174 1.4060 0.3037
v 0.0096 1.4198 0.2968
v 0.0199 1.4356 0.3065
v 0.0025 1.4286 0.3021
v -0.0097 1.4082 0.2940
v 0.0401 1.4433 0.2928
v 0.0480 1.4312 0.3239
v 0.0395 1.4334 0.3111
v 0.0535 1.4147 0.3181
v 0.0789 1.3903 0.3266
v 0.0199 1.4356 0.3065
v 0.0395 1.4334 0.3111
v 0.0480 1.4312 0.3239
v 0.0401 1.4433 0.2928
v 0.1215 1.4748 0.2424
v 0.0943 1.5306 0.2516
v 0.1209 1.4448 0.2608
v 0.1053 1.4150 0.2895
v 0.0786 1.4827 0.2896
v 0.0480 1.4312 0.3239
v 0.0789 1.3903 0.3266
v 0.0886 1.3790 0.3134
v 0.1178 1.4968 0.2279
v 0.0997 1.5535 0.2284
v 0.1104 1.5454 0.1931
v 0.0944 1.5692 0.1730
v 0.1355 1.5362 0.1728
v 0.0833 1.5779 0.1902
v 0.1482 1.5181 0.1991
v 0.0540 1.4629 0.3055
v 0.0199 1.4356 0.3065
v 0.0480 1.4312 0.3239
v 0.0786 1.4827 0.2896
v 0.0953 1.4027 0.2899
v 0.0881 1.3837 0.3059
v 0.0914 1.4170 0.2909
v 0.0949 1.4107 0.2829
v 0.0886 1.3790 0.3134
v 0.0575 1.4575 0.2998
v 0.0739 1.4440 0.2939
v 0.0612 1.4420 0.3026
v 0.0738 1.4638 0.2891
v 0.0395 1.4334 0.3111
v 0.0535 1.4147 0.3181
v 0.0658 1.4719 0.2854
v 0.0821 1.4506 0.2825
v 0.0799 1.4442 0.2880
v 0.0854 1.4626 0.2815
v 0.0789 1.3903 0.3266
v 0.0487 1.4562 0.2769
v 0.0515 1.4600 0.2748
v 0.0534 1.4604 0.2826
v 0.0531 1.4620 0.2739
v 0.0540 1.4632 0.2734
v 0.0547 1.4641 0.2729
v 0.0401 1.4433 0.2928
v 0.0575 1.4575 0.2998
v 0.0658 1.4719 0.2854
v 0.0588 1.4677 0.2783
v 0.0395 1.4334 0.3111
v 0.0471 1.4519 0.2786
v 0.0540 1.4629 0.3055
v 0.0047 1.4290 0.2625
v 0.0199 1.4356 0.3065
v 0.0602 1.4908 0.2642
v 0.0786 1.4827 0.2896
v 0.0720 1.5058 0.2593
v 0.0943 1.5306 0.2516
v 0.0025 1.4286 0.3021
v -0.0039 1.4187 0.2681
v -0.0097 1.4082 0.2940
v -0.0180 1.3924 0.2853
v -0.0169 1.3583 0.3000
v 0.0477 1.4709 0.2572
v 0.0323 1.4582 0.2511
v 0.0158 1.4474 0.2513
v -0.0230 1.4553 0.2704
v -0.0385 1.4545 0.2985
v -0.0151 1.4471 0.2812
v -0.0408 1.4710 0.2735
v -0.0536 1.5180 0.2404
v 0.0047 1.4290 0.2625
v -0.0385 1.4545 0.2985
v -0.0581 1.4323 0.2914
v -0.0364 1.4422 0.2925
v -0.0151 1.4471 0.2812
v -0.0156 1.4323 0.2768
v -0.0039 1.4187 0.2681
v 0.0047 1.4290 0.2625
v 0.0446 1.4006 0.2920
v 0.0588 1.4188 0.2836
v 0.0623 1.4345 0.2910
v 0.0757 1.4407 0.2750
v 0.0739 1.4440 0.2939
v 0.0739 1.4450 0.2870
v 0.0612 1.4420 0.3026
v 0.0799 1.4442 0.2880
v 0.0623 1.4345 0.2910
v -0.0474 1.4543 0.2649
v -0.0431 1.4418 0.2487
v -0.0156 1.4323 0.2768
v -0.0039 1.4187 0.2681
v -0.0364 1.4422 0.2925
v -0.0540 1.4663 0.2399
v -0.0271 1.4470 0.2671
v -0.0338 1.4757 0.2522
v -0.0230 1.4553 0.2704
v -0.0369 1.4603 0.2515
v -0.0536 1.5180 0.2404
v -0.0167 1.4359 0.2601
v 0.0047 1.4290 0.2625
v 0.0534 1.4604 0.2826
v 0.0471 1.4519 0.2786
v 0.0548 1.4515 0.2785
v 0.0588 1.4677 0.2783
v 0.0658 1.4563 0.2768
v 0.0738 1.4638 0.2891
v 0.0658 1.4719 0.2854
v 0.0730 1.4552 0.2780
v 0.0854 1.4626 0.2815
v 0.0527 1.4612 0.2743
v 0.0531 1.4620 0.2739
v 0.0515 1.4600 0.2748
v 0.0536 1.4624 0.2737
v 0.0540 1.4632 0.2734
v 0.0541 1.4632 0.2733
v 0.0547 1.4641 0.2729
v 0.0527 1.4612 0.2743
v 0.0513 1.4591 0.2753
v 0.0534 1.4604 0.2826
v 0.0536 1.4624 0.2737
v 0.0541 1.4632 0.2733
v 0.0547 1.4641 0.2729
v 0.0471 1.4519 0.2786
v 0.0487 1.4562 0.2769
v 0.0513 1.4591 0.2753
v 0.0515 1.4600 0.2748
v 0.0527 1.4612 0.2743
v 0.0471 1.4519 0.2786
v -0.0243 1.5596 0.2962
v -0.0303 1.5908 0.3144
v -0.0467 1.6046 0.2774
v -0.0014 1.5280 0.3112
v -0.0026 1.5583 0.3361
v 0.0304 1.5151 0.3673
v 0.0120 1.5104 0.3274
v 0.0257 1.4984 0.3453
v -0.0532 1.6145 0.3030
v -0.0803 1.6283 0.2584
v -0.0698 1.6299 0.2971
v -0.0499 1.5832 0.2730
v -0.0641 1.5948 0.2684
v -0.0309 1.5700 0.2768
v -0.0165 1.5559 0.2904
v -0.0499 1.5983 0.2514
v -0.0421 1.5632 0.2289
v -0.0382 1.5745 0.1882
v -0.0436 1.5398 0.2228
v -0.0399 1.5075 0.2376
v -0.0429 1.5848 0.2007
v -0.0068 1.6011 0.0916
v -0.0534 1.5938 0.1119
v -0.0314 1.6016 0.0961
v -0.0710 1.5953 0.1200
v 0.0130 1.6084 0.0860
v -0.1123 1.5919 0.2070
v -0.0904 1.5923 0.1601
v -0.1024 1.5924 0.1985
v -0.0954 1.5958 0.2477
v -0.1048 1.5963 0.2465
v -0.0879 1.5960 0.2807
v -0.0928 1.5943 0.1477
v -0.0256 1.5872 0.1560
v -0.0429 1.5848 0.2007
v -0.0505 1.5910 0.1775
v -0.0696 1.5994 0.2194
v -0.0641 1.5948 0.2684
v -0.0190 1.5867 0.1696
v -0.0098 1.5879 0.1571
v 0.0148 1.5883 0.1440
v -0.0499 1.5983 0.2514
v -0.0109 1.6320 0.3763
v -0.0410 1.6289 0.3683
v -0.0530 1.6216 0.3544
v -0.0099 1.6376 0.3828
v 0.0325 1.6571 0.4017
v -0.0665 1.6209 0.3458
v -0.0739 1.6059 0.3100
v -0.0775 1.6088 0.3177
v -0.0879 1.5960 0.2807
v 0.0072 1.6480 0.4024
v -0.0569 1.6566 0.3302
v -0.1011 1.7128 0.2551
v -0.0929 1.6317 0.2613
v -0.0807 1.7104 0.3034
v -0.0831 1.7333 0.3004
v -0.0656 1.7105 0.3226
v -0.0775 1.6088 0.3177
v -0.0879 1.5960 0.2807
v -0.1048 1.5963 0.2465
v -0.0665 1.6209 0.3458
v -0.0933 1.6367 0.2004
v -0.0946 1.7291 0.1802
v -0.1123 1.5919 0.2070
v -0.0903 1.7402 0.3095
v -0.0865 1.7105 0.3133
v -0.0680 1.7164 0.3369
v -0.0709 1.7450 0.3380
v -0.0790 1.6569 0.1793
v -0.0801 1.6497 0.1877
v -0.0790 1.6391 0.1881
v -0.0714 1.6208 0.1787
v -0.0801 1.6497 0.1877
v -0.0837 1.6362 0.1941
v -0.0847 1.6595 0.1925
v -0.0790 1.6569 0.1793
v -0.0796 1.6390 0.1965
v -0.0852 1.6363 0.2117
v -0.1024 1.5924 0.1985
v -0.0954 1.5958 0.2477
v -0.0837 1.6328 0.2480
v -0.0879 1.5960 0.2807
v -0.0803 1.6283 0.2584
v -0.0698 1.6299 0.2971
v -0.0739 1.6059 0.3100
v -0.0425 1.6556 0.3349
v -0.0530 1.6216 0.3544
v -0.0837 1.6362 0.1941
v -0.1024 1.5924 0.1985
v -0.0904 1.5923 0.1601
v -0.0852 1.6363 0.2117
v -0.0505 1.5910 0.1775
v -0.0696 1.5994 0.2194
v -0.0714 1.6208 0.1787
v -0.0641 1.5948 0.2684
v -0.0837 1.6328 0.2480
v -0.0803 1.6283 0.2584
v -0.0796 1.6390 0.1965
v -0.0801 1.6497 0.1877
v -0.0801 1.6497 0.1877
v -0.0796 1.6390 0.1965
v -0.0757 1.6537 0.1889
v -0.0167 1.7276 0.3467
v 0.0070 1.6724 0.3686
v -0.0292 1.7056 0.3405
v -0.0425 1.6556 0.3349
v -0.0516 1.7089 0.3233
v -0.0677 1.6915 0.3085
v 0.0167 1.7293 0.3594
v 0.0046 1.7483 0.3480
v -0.0187 1.7417 0.3408
v -0.0109 1.6320 0.3763
v 0.0325 1.6571 0.4017
v -0.0530 1.6216 0.3544
v 0.0441 1.6823 0.3723
v 0.0629 1.7507 0.3496
v 0.0321 1.7641 0.3425
v 0.0973 1.6857 0.3551
v -0.0699 1.6659 0.2949
v -0.0771 1.6717 0.2886
v -0.0713 1.6519 0.2896
v -0.0698 1.6299 0.2971
v -0.0698 1.6692 0.2919
v -0.0771 1.6717 0.2886
v -0.0699 1.6659 0.2949
v -0.0582 1.6685 0.2842
v -0.0713 1.6519 0.2896
v -0.0329 1.6189 0.3022
v -0.0303 1.5908 0.3144
v -0.0162 1.5890 0.3188
v -0.0026 1.5583 0.3361
v -0.0532 1.6145 0.3030
v -0.0499 1.6412 0.2911
v -0.0698 1.6299 0.2971
v 0.0115 1.5555 0.3287
v 0.0372 1.5193 0.3561
v 0.0304 1.5151 0.3673
v -0.1504 1.4955 0.1842
v -0.1739 1.4792 0.1741
v -0.1147 1.4993 0.1780
v -0.1883 1.4851 0.1754
v -0.2025 1.4713 0.1635
v -0.1302 1.5099 0.1821
v -0.0978 1.5102 0.1852
v -0.0930 1.5170 0.1252
v -0.1407 1.5061 0.1108
v -0.1487 1.5054 0.1315
v -0.0881 1.5161 0.1055
v -0.1833 1.4934 0.1111
v -0.1960 1.4956 0.1347
v -0.0531 1.5314 0.1212
v -0.1883 1.4851 0.1754
v -0.1504 1.4955 0.1842
v -0.1302 1.5099 0.1821
v -0.1442 1.5113 0.1004
v -0.0873 1.5268 0.0961
v -0.0485 1.5453 0.1103
v -0.0292 1.5495 0.1293
v -0.0099 1.5588 0.1213
v -0.1353 1.5228 0.1297
v -0.0978 1.5102 0.1852
v -0.0811 1.5249 0.1606
v -0.0833 1.5093 0.1942
v -0.0781 1.5343 0.1275
v -0.0292 1.5495 0.1293
v -0.1302 1.5099 0.1821
v -0.1487 1.5054 0.1315
v -0.0292 1.5495 0.1293
v 0.0123 1.5573 0.1176
v -0.0099 1.5588 0.1213
v -0.0301 1.5786 0.1748
v -0.0098 1.5879 0.1571
v -0.0292 1.5495 0.1293
v -0.0190 1.5867 0.1696
v -0.0811 1.5249 0.1606
v -0.0382 1.5745 0.1882
v -0.0678 1.5352 0.2123
v -0.0429 1.5848 0.2007
v 0.0123 1.5573 0.1176
v 0.0148 1.5883 0.1440
v 0.0558 1.5893 0.1561
v 0.0718 1.5499 0.1212
v -0.0382 1.7877 0.2707
v -0.0264 1.7874 0.1742
v -0.0731 1.7717 0.2017
v 0.0201 1.8000 0.2788
v 0.0421 1.7937 0.2073
v 0.0624 1.7957 0.2775
v 0.0208 1.7771 0.1531
v -0.0868 1.7592 0.2335
v -0.0603 1.7660 0.2986
v -0.0585 1.7525 0.1479
v -0.0114 1.7544 0.1278
v -0.0702 1.7205 0.1453
v -0.0217 1.6472 0.1189
v -0.0691 1.6342 0.1505
v -0.0280 1.7208 0.1198
v -0.0585 1.7525 0.1479
v -0.0946 1.7291 0.1802
v -0.0933 1.6367 0.2004
v -0.0114 1.7544 0.1278
v -0.0710 1.5953 0.1200
v -0.0314 1.6016 0.0961
v -0.0928 1.5943 0.1477
v 0.0130 1.6084 0.0860
v 0.0058 1.6529 0.1142
v -0.1123 1.5919 0.2070
v 0.0220 1.6093 0.0968
v -0.0094 1.6568 0.1257
v -0.0534 1.5938 0.1119
v -0.0256 1.6460 0.1295
v -0.0617 1.6339 0.1543
v -0.0904 1.5923 0.1601
v -0.0837 1.6362 0.1941
v -0.0290 1.6446 0.1345
v 0.0180 1.6490 0.1251
v 0.0313 1.6480 0.1290
v 0.0482 1.6496 0.1322
v 0.0879 1.6133 0.1218
v 0.0117 1.6591 0.1242
v -0.0585 1.7525 0.1479
v -0.0946 1.7291 0.1802
v -0.0731 1.7717 0.2017
v -0.0868 1.7592 0.2335
v -0.1011 1.7128 0.2551
v -0.0831 1.7333 0.3004
v -0.0603 1.7660 0.2986
v -0.0696 1.7424 0.3129
v -0.0534 1.7307 0.3312
v -0.0656 1.7105 0.3226
v -0.0569 1.6566 0.3302
v 0.0079 1.6775 0.3776
v -0.0076 1.7513 0.3538
v -0.0099 1.6376 0.3828
v 0.0072 1.6480 0.4024
v -0.0410 1.6289 0.3683
v -0.0665 1.6209 0.3458
v 0.0017 1.6326 0.3436
v -0.0329 1.6189 0.3022
v -0.0162 1.5890 0.3188
v -0.0039 1.6409 0.3342
v -0.0076 1.6912 0.3271
v -0.0258 1.6824 0.3104
v -0.0370 1.6757 0.2952
v 0.0091 1.6525 0.3618
v 0.0142 1.6989 0.3403
v -0.0499 1.6412 0.2911
v -0.0582 1.6685 0.2842
v 0.0115 1.5555 0.3287
v 0.0504 1.5681 0.3486
v 0.0701 1.5343 0.3465
v 0.0147 1.5440 0.3221
v 0.0434 1.5215 0.3231
v 0.0153 1.5338 0.3144
v -0.0516 1.7089 0.3233
v -0.0167 1.7276 0.3467
v -0.0677 1.6915 0.3085
v 0.0080 1.5229 0.2947
v -0.0165 1.5559 0.2904
v -0.0223 1.4779 0.2541
v 0.0158 1.4474 0.2513
v -0.0399 1.5075 0.2376
v -0.0309 1.5700 0.2768
v 0.0469 1.5126 0.2915
v -0.0698 1.6692 0.2919
v -0.0771 1.6717 0.2886
v -0.0757 1.6537 0.1889
v -0.0847 1.6595 0.1925
v -0.0790 1.6569 0.1793
v -0.0665 1.6499 0.1696
v -0.0796 1.6390 0.1965
v -0.0627 1.6382 0.1635
v -0.0571 1.6358 0.1596
v -0.0714 1.6208 0.1787
v -0.0290 1.6446 0.1345
v -0.0256 1.5872 0.1560
v -0.0505 1.5910 0.1775
v -0.0517 1.6422 0.1518
v -0.0510 1.6590 0.1448
v -0.0757 1.6537 0.1889
v -0.0665 1.6499 0.1696
v -0.0790 1.6391 0.1881
v -0.0595 1.6382 0.1576
v -0.0557 1.6532 0.1569
v -0.0604 1.6548 0.1655
v -0.0634 1.6708 0.1552
v -0.0790 1.6569 0.1793
v -0.0837 1.6362 0.1941
v -0.0790 1.6569 0.1793
v -0.0790 1.6391 0.1881
v -0.0714 1.6208 0.1787
v -0.0790 1.6391 0.1881
v -0.0801 1.6497 0.1877
v -0.0757 1.6537 0.1889
v -0.0651 1.6455 0.1612
v -0.0633 1.6560 0.1574
v -0.0686 1.6474 0.1648
v -0.0634 1.6708 0.1552
v -0.0510 1.6590 0.1448
v -0.0544 1.6489 0.1496
v -0.0672 1.6380 0.1639
v -0.0790 1.6569 0.1793
v -0.0290 1.6446 0.1345
v -0.0560 1.6477 0.1534
v -0.0571 1.6358 0.1596
v -0.0617 1.6339 0.1543
v -0.0510 1.6590 0.1448
v -0.0546 1.6406 0.1485
v -0.0256 1.6460 0.1295
v -0.0303 1.6725 0.1315
v -0.0617 1.6339 0.1543
v -0.0544 1.6489 0.1496
v -0.0211 1.6596 0.1286
v -0.0179 1.6571 0.1291
v -0.0211 1.6596 0.1286
v -0.0290 1.6446 0.1345
v -0.0094 1.6568 0.1257
v -0.0303 1.6725 0.1315
v -0.0651 1.6455 0.1612
v -0.0672 1.6380 0.1639
v -0.0632 1.6379 0.1584
v -0.0617 1.6339 0.1543
v -0.0595 1.6382 0.1576
v -0.0557 1.6532 0.1569
v -0.0633 1.6560 0.1574
v -0.0617 1.6339 0.1543
v -0.0790 1.6569 0.1793
v -0.0837 1.6362 0.1941
v -0.0686 1.6474 0.1648
v 0.0153 1.5338 0.3144
v 0.0120 1.5104 0.3274
v -0.0014 1.5280 0.3112
v 0.0341 1.5015 0.3399
v -0.0165 1.5559 0.2904
v 0.0257 1.4984 0.3453
v 0.0147 1.5440 0.3221
v 0.0372 1.5193 0.3561
v 0.0153 1.5338 0.3144
v 0.0341 1.5015 0.3399
v 0.0115 1.5555 0.3287
v 0.0304 1.5151 0.3673
v 0.0341 1.5015 0.3399
v 0.0372 1.5193 0.3561
v 0.0257 1.4984 0.3453
v 0.0686 1.5113 0.2750
v 0.0469 1.5126 0.2915
v 0.0720 1.5058 0.2593
v 0.0434 1.5215 0.3231
v 0.0971 1.5264 0.3334
v 0.0701 1.5343 0.3465
v 0.0080 1.5229 0.2947
v 0.1078 1.5296 0.2991
v 0.0943 1.5306 0.2516
v 0.0602 1.4908 0.2642
v 0.0477 1.4709 0.2572
v 0.0323 1.4582 0.2511
v 0.0158 1.4474 0.2513
v 0.0836 1.6062 0.3760
v 0.0385 1.6344 0.3370
v 0.0544 1.5988 0.3498
v 0.0482 1.6396 0.3475
v 0.0870 1.6415 0.3622
v 0.0669 1.6569 0.3555
v 0.0017 1.6326 0.3436
v 0.0504 1.5681 0.3486
v 0.0986 1.5703 0.3462
v 0.0899 1.5573 0.3416
v 0.0701 1.5343 0.3465
v 0.0915 1.5926 0.3443
v 0.0091 1.6525 0.3618
v 0.0971 1.5264 0.3334
v 0.1031 1.7467 0.3361
v 0.0466 1.7713 0.3485
v 0.0507 1.7391 0.3659
v 0.0713 1.7813 0.3282
v 0.0694 1.6885 0.3752
v 0.1168 1.6877 0.3491
v 0.0079 1.6775 0.3776
v -0.0076 1.7513 0.3538
v 0.0325 1.6571 0.4017
v 0.0862 1.6669 0.3962
v 0.0072 1.6480 0.4024
v 0.1103 1.6624 0.3805
v 0.1280 1.6726 0.3666
v 0.0196 1.7833 0.3288
v -0.0603 1.7660 0.2986
v -0.0382 1.7877 0.2707
v 0.0201 1.8000 0.2788
v 0.0624 1.7957 0.2775
v 0.0070 1.6724 0.3686
v 0.0441 1.6823 0.3723
v 0.0325 1.6571 0.4017
v 0.0756 1.6617 0.3926
v 0.0973 1.6857 0.3551
v 0.1103 1.6624 0.3805
v 0.1465 1.6623 0.3469
v 0.1816 1.6584 0.2937
v 0.1309 1.6869 0.2980
v 0.0930 1.7462 0.3323
v 0.1043 1.7484 0.3073
v 0.1188 1.7302 0.2824
v 0.1086 1.7467 0.2954
v 0.0984 1.7668 0.2870
v 0.0824 1.7613 0.3291
v 0.1096 1.7533 0.2605
v 0.0576 1.6954 0.3456
v 0.0669 1.6569 0.3555
v 0.0834 1.6970 0.3368
v 0.0901 1.6557 0.3459
v 0.1138 1.6615 0.3219
v 0.0969 1.6982 0.3136
v 0.0870 1.6415 0.3622
v 0.0142 1.6989 0.3403
v 0.0091 1.6525 0.3618
v 0.0984 1.7668 0.2870
v 0.0803 1.7763 0.2904
v 0.0756 1.6617 0.3926
v 0.0862 1.6669 0.3962
v 0.0325 1.6571 0.4017
v 0.1103 1.6624 0.3805
v 0.0374 1.6977 0.3378
v -0.0109 1.7592 0.3318
v 0.0142 1.6989 0.3403
v 0.0803 1.7763 0.2904
v -0.0187 1.7417 0.3408
v -0.0167 1.7276 0.3467
v 0.0576 1.6954 0.3456
v -0.0534 1.7307 0.3312
v -0.0680 1.7164 0.3369
v -0.0656 1.7105 0.3226
v -0.0709 1.7450 0.3380
v -0.0865 1.7105 0.3133
v -0.0807 1.7104 0.3034
v -0.0680 1.7164 0.3369
v -0.0656 1.7105 0.3226
v 0.0540 1.7840 0.2290
v 0.0475 1.7880 0.2469
v 0.0356 1.7910 0.2619
v 0.0582 1.7810 0.2238
v 0.0587 1.7810 0.2237
v 0.0588 1.7821 0.2283
v 0.0587 1.7799 0.2190
v 0.0540 1.7840 0.2290
v 0.0674 1.7768 0.2254
v 0.0544 1.7834 0.2268
v 0.0499 1.7851 0.2261
v 0.0524 1.7838 0.2250
v 0.0653 1.7852 0.2730
v 0.0492 1.7847 0.3134
v 0.0333 1.7887 0.2939
v 0.0540 1.7873 0.2644
v 0.0356 1.7910 0.2619
v 0.0475 1.7880 0.2469
v 0.0117 1.7902 0.2546
v 0.0113 1.7879 0.2870
v 0.0083 1.7892 0.2647
v 0.0073 1.7895 0.2576
v 0.0192 1.7867 0.2999
v -0.0051 1.7878 0.2357
v 0.0045 1.7892 0.2403
v 0.0803 1.7763 0.2904
v -0.0106 1.7746 0.3100
v 0.0321 1.7641 0.3425
v 0.0558 1.7686 0.3356
v -0.0109 1.7592 0.3318
v 0.0824 1.7613 0.3291
v 0.0984 1.7668 0.2870
v 0.0629 1.7507 0.3496
v 0.0046 1.7483 0.3480
v -0.0187 1.7417 0.3408
v 0.0930 1.7462 0.3323
v 0.0973 1.6857 0.3551
v 0.0544 1.7834 0.2268
v 0.0524 1.7838 0.2250
v 0.0588 1.7821 0.2283
v -0.0696 1.7424 0.3129
v -0.0903 1.7402 0.3095
v -0.0709 1.7450 0.3380
v -0.0831 1.7333 0.3004
v -0.0534 1.7307 0.3312
v 0.0073 1.7895 0.2576
v 0.0083 1.7892 0.2647
v 0.0082 1.7884 0.2651
v 0.0113 1.7879 0.2870
v 0.0068 1.7887 0.2557
v 0.0058 1.7889 0.2494
v 0.0113 1.7879 0.2870
v 0.0356 1.7910 0.2619
v 0.0082 1.7884 0.2651
v 0.0117 1.7902 0.2546
v 0.0068 1.7887 0.2557
v 0.0058 1.7889 0.2494
v 0.0045 1.7892 0.2403
v -0.0051 1.7878 0.2357
v 0.0653 1.7852 0.2730
v 0.0540 1.7840 0.2290
v -0.0106 1.7746 0.3100
v 0.0803 1.7763 0.2904
v -0.0109 1.7592 0.3318
v 0.0058 1.7889 0.2494
v -0.0051 1.7878 0.2357
v 0.0073 1.7895 0.2576
v 0.0475 1.7880 0.2469
v 0.0540 1.7840 0.2290
v 0.0524 1.7838 0.2250
v 0.0588 1.7821 0.2283
v 0.0499 1.7851 0.2261
v 0.0674 1.7768 0.2254
v 0.0582 1.7810 0.2238
v 0.0544 1.7834 0.2268
v 0.0587 1.7799 0.2190
v 0.0588 1.7821 0.2283
v 0.1126 1.6653 0.1821
v 0.1020 1.7524 0.2073
v 0.1269 1.7095 0.2286
v 0.0665 1.7378 0.1431
v 0.1327 1.6769 0.2286
v 0.0730 1.7622 0.1732
v 0.0621 1.6560 0.1286
v 0.1495 1.6302 0.1953
v 0.1317 1.6271 0.1657
v 0.1641 1.6428 0.2407
v 0.1050 1.6241 0.1345
v 0.1172 1.7594 0.2849
v 0.1008 1.7716 0.2494
v 0.1401 1.6854 0.2924
v 0.0626 1.6125 0.0998
v 0.1816 1.6584 0.2937
v 0.0421 1.7937 0.2073
v 0.1740 1.6678 0.3155
v 0.0208 1.7771 0.1531
v 0.0624 1.7957 0.2775
v 0.1031 1.7467 0.3361
v 0.0713 1.7813 0.3282
v 0.1168 1.6877 0.3491
v 0.1280 1.6726 0.3666
v 0.0130 1.6084 0.0860
v 0.0058 1.6529 0.1142
v 0.0740 1.2492 0.4889
v 0.0741 1.2491 0.4884
v 0.0741 1.2492 0.4884
v 0.0743 1.2490 0.4869
v 0.0747 1.2492 0.4861
v 0.0747 1.2488 0.4842
v 0.0747 1.2492 0.4861
v 0.0743 1.2490 0.4869
v 0.0762 1.2494 0.4795
v 0.0870 1.2808 0.4959
v 0.0739 1.2861 0.4815
v 0.0775 1.2977 0.4923
v 0.0878 1.2732 0.4969
v 0.0848 1.2641 0.4880
v 0.0925 1.2880 0.5030
v 0.0931 1.3112 0.4986
v 0.0878 1.3108 0.4917
v 0.1076 1.3003 0.5061
v 0.0925 1.2880 0.5030
v 0.0870 1.2808 0.4959
v 0.2561 1.4479 0.5580
v 0.2153 1.4192 0.5460
v 0.2452 1.4089 0.5611
v 0.2122 1.3823 0.5596
v 0.2581 1.3906 0.5745
v 0.2620 1.4086 0.5673
v 0.1533 1.3606 0.5258
v 0.1076 1.3003 0.5061
v 0.1040 1.3149 0.5033
v 0.1027 1.2810 0.5054
v 0.2603 1.4209 0.5696
v 0.1910 1.3443 0.5483
v 0.2865 1.4720 0.5775
v 0.1771 1.3283 0.5403
v 0.3020 1.4708 0.5968
v 0.3209 1.4990 0.5946
v 0.2231 1.3436 0.5486
v 0.3545 1.5110 0.6275
v 0.3421 1.5200 0.6110
v 0.3140 1.5217 0.5935
v 0.3327 1.5393 0.6047
v 0.0931 1.3112 0.4986
v 0.0808 1.2900 0.4867
v 0.0870 1.2808 0.4959
v 0.0878 1.3108 0.4917
v 0.0848 1.2641 0.4880
v 0.0739 1.2861 0.4815
v 0.1021 1.2762 0.4985
v 0.1076 1.3003 0.5061
v 0.1771 1.3283 0.5403
v 0.0775 1.2977 0.4923
v 0.1076 1.3003 0.5061
v 0.1027 1.2810 0.5054
v 0.0925 1.2880 0.5030
v 0.0948 1.2812 0.5072
v 0.0891 1.2929 0.5052
v 0.0928 1.2963 0.5070
v 0.0948 1.2812 0.5072
v 0.0882 1.2862 0.5050
v 0.0847 1.2767 0.5079
v 0.0830 1.3000 0.5082
v 0.0905 1.3000 0.5061
v 0.0878 1.2732 0.4969
v 0.1027 1.2810 0.5054
v 0.1021 1.2762 0.4985
v 0.0848 1.2641 0.4880
v 0.0823 1.3050 0.5097
v 0.0822 1.3057 0.5099
v 0.0823 1.3050 0.5097
v 0.0832 1.3031 0.5088
v 0.0825 1.3043 0.5095
v 0.0824 1.3043 0.5095
v 0.0830 1.3000 0.5082
v 0.0891 1.2929 0.5052
v 0.0840 1.3019 0.5081
v 0.0905 1.3000 0.5061
v 0.0925 1.2880 0.5030
v 0.0882 1.2862 0.5050
v 0.0832 1.3031 0.5088
v 0.0824 1.3043 0.5095
v 0.0847 1.2767 0.5079
v 0.0809 1.3005 0.5104
v 0.0823 1.3050 0.5097
v 0.0822 1.3057 0.5099
v 0.0878 1.2732 0.4969
v 0.1021 1.2762 0.4985
v 0.1027 1.2810 0.5054
v 0.1057 1.2656 0.4941
v 0.1099 1.2671 0.5288
v 0.1052 1.3116 0.5280
v 0.1040 1.3149 0.5033
v 0.0998 1.3350 0.5136
v 0.0963 1.2112 0.4774
v 0.0966 1.3226 0.4900
v 0.0955 1.2471 0.4786
v 0.1978 1.3183 0.5232
v 0.1488 1.2891 0.5119
v 0.0993 1.2402 0.4637
v 0.1918 1.3176 0.5283
v 0.1057 1.2656 0.4941
v 0.0955 1.2471 0.4786
v 0.1771 1.3283 0.5403
v 0.1021 1.2762 0.4985
v 0.1918 1.3176 0.5283
v 0.1762 1.3278 0.5558
v 0.1771 1.3283 0.5403
v 0.0925 1.2880 0.5030
v 0.0948 1.2812 0.5072
v 0.0928 1.2963 0.5070
v 0.0905 1.3000 0.5061
v 0.0809 1.3005 0.5104
v 0.0905 1.3000 0.5061
v 0.0830 1.3000 0.5082
v 0.0809 1.3005 0.5104
v 0.0832 1.3031 0.5088
v 0.0840 1.3019 0.5081
v 0.0825 1.3043 0.5095
v 0.0823 1.3050 0.5097
v 0.0822 1.3057 0.5099
v 0.0905 1.3000 0.5061
v 0.2231 1.3436 0.5486
v 0.1904 1.3465 0.5622
v 0.2186 1.3287 0.5776
v 0.1910 1.3443 0.5483
v 0.1904 1.3465 0.5622
v 0.1853 1.3611 0.5760
v 0.1975 1.3671 0.5791
v 0.1923 1.3818 0.5988
v 0.2043 1.3998 0.6095
v 0.1762 1.3278 0.5558
v 0.1771 1.3283 0.5403
v 0.1910 1.3443 0.5483
v 0.1975 1.3671 0.5791
v 0.2038 1.3413 0.5793
v 0.1904 1.3465 0.5622
v 0.2043 1.3998 0.6095
v 0.2208 1.3837 0.6245
v 0.2186 1.3287 0.5776
v 0.2043 1.3998 0.6095
v 0.2093 1.3873 0.6302
v 0.2208 1.3837 0.6245
v 0.1923 1.3818 0.5988
v 0.2016 1.3479 0.5949
v 0.2074 1.3640 0.6143
v 0.1853 1.3611 0.5760
v 0.2093 1.3873 0.6302
v 0.1762 1.3278 0.5558
v 0.2043 1.3998 0.6095
v 0.2206 1.3759 0.4843
v 0.2222 1.3492 0.5120
v 0.2151 1.3627 0.5046
v 0.2418 1.4159 0.4888
v 0.2206 1.3759 0.4843
v 0.2409 1.3866 0.5253
v 0.2300 1.4017 0.4736
v 0.2315 1.3745 0.5206
v 0.2151 1.3627 0.5046
v 0.2504 1.4059 0.4781
v 0.2300 1.4017 0.4736
v 0.2418 1.4159 0.4888
v 0.2581 1.3906 0.5745
v 0.2608 1.3711 0.5519
v 0.2778 1.3828 0.5657
v 0.2231 1.3436 0.5486
v 0.2763 1.4011 0.5522
v 0.2581 1.3906 0.5745
v 0.2778 1.3828 0.5657
v 0.2620 1.4086 0.5673
v 0.2634 1.3903 0.5537
v 0.2608 1.3883 0.5516
v 0.2546 1.3926 0.5640
v 0.2518 1.3865 0.5589
v 0.2541 1.3883 0.5512
v 0.2651 1.3896 0.5561
v 0.2418 1.4159 0.4888
v 0.2409 1.3866 0.5253
v 0.2498 1.3850 0.5161
v 0.2504 1.4059 0.4781
v 0.2608 1.3711 0.5519
v 0.0908 1.1863 0.4296
v 0.0943 1.1860 0.4137
v 0.0986 1.1824 0.4320
v 0.1020 1.1829 0.4150
v 0.0972 1.1840 0.4090
v 0.0838 1.1779 0.4403
v 0.0972 1.1840 0.4090
v 0.0943 1.1860 0.4137
v 0.0983 1.1866 0.4078
v 0.0933 1.1842 0.4136
v 0.0943 1.1860 0.4137
v 0.0908 1.1863 0.4296
v 0.0838 1.1779 0.4403
v 0.0938 1.1874 0.4074
v 0.0931 1.1901 0.4090
v 0.0814 1.2096 0.3877
v 0.0974 1.2359 0.4080
v 0.1385 1.1979 0.3374
v 0.0673 1.2189 0.4215
v 0.0849 1.2392 0.4288
v 0.1367 1.2200 0.3783
v 0.1504 1.2091 0.3372
v 0.1880 1.2081 0.3393
v 0.1367 1.2200 0.3783
v 0.1918 1.2055 0.3721
v 0.2105 1.2011 0.3542
v 0.1744 1.2029 0.4016
v 0.1337 1.2265 0.4228
v 0.0974 1.2359 0.4080
v 0.0990 1.2442 0.4475
v 0.1504 1.2091 0.3372
v 0.0849 1.2392 0.4288
v 0.1777 1.2002 0.3247
v 0.1908 1.1862 0.3138
v 0.2209 1.1890 0.3246
v 0.2374 1.1828 0.3358
v 0.2306 1.1837 0.3698
v 0.1288 1.2102 0.4570
v 0.0993 1.2402 0.4637
v 0.2256 1.1994 0.3117
v 0.2022 1.2030 0.2944
v 0.1934 1.1892 0.3031
v 0.2015 1.2042 0.2902
v 0.1910 1.2045 0.2827
v 0.2521 1.1859 0.3219
v 0.0938 1.1874 0.4074
v 0.0822 1.1857 0.4054
v 0.0931 1.1901 0.4090
v 0.0874 1.1907 0.4120
v 0.0983 1.1866 0.4078
v 0.0931 1.1901 0.4090
v 0.0938 1.1874 0.4074
v 0.0874 1.1907 0.4120
v 0.0822 1.1857 0.4054
v 0.0983 1.1866 0.4078
v 0.0802 1.1855 0.4120
v 0.0874 1.1907 0.4120
v 0.0931 1.1901 0.4090
v 0.0802 1.1855 0.4120
v 0.0931 1.1901 0.4090
v 0.0976 1.1833 0.4103
v 0.0943 1.1860 0.4137
v 0.0972 1.1840 0.4090
v 0.1020 1.1829 0.4150
v 0.0931 1.1901 0.4090
v 0.0983 1.1866 0.4078
v 0.0972 1.1840 0.4090
v 0.0931 1.1901 0.4090
v 0.1020 1.1829 0.4150
v 0.0976 1.1833 0.4103
v 0.0983 1.1866 0.4078
v 0.0943 1.1860 0.4137
v 0.1662 1.2882 0.3195
v 0.1585 1.2654 0.3203
v 0.1837 1.2624 0.3121
v 0.1414 1.2796 0.3345
v 0.1489 1.3194 0.3180
v 0.1804 1.2752 0.3165
v 0.1814 1.2391 0.2955
v 0.1609 1.2348 0.3121
v 0.1519 1.2224 0.3154
v 0.1805 1.2109 0.2785
v 0.1205 1.1733 0.3021
v 0.1557 1.1809 0.2798
v 0.1414 1.2211 0.3219
v 0.1499 1.2292 0.3206
v 0.1735 1.1795 0.2608
v 0.1375 1.2245 0.3285
v 0.1809 1.1979 0.2668
v 0.1787 1.1787 0.2546
v 0.1487 1.2343 0.3209
v 0.1690 1.2710 0.3319
v 0.1372 1.2665 0.3302
v 0.1678 1.2572 0.3232
v 0.1414 1.2796 0.3345
v 0.1862 1.2681 0.3236
v 0.1775 1.2402 0.3210
v 0.1967 1.2293 0.3117
v 0.1504 1.2091 0.3372
v 0.1759 1.2114 0.3227
v 0.1695 1.2994 0.3255
v 0.1777 1.2002 0.3247
v 0.1205 1.2673 0.3469
v 0.1815 1.2845 0.3165
v 0.1092 1.2599 0.3430
v 0.0619 1.2610 0.3514
v 0.1833 1.2657 0.3136
v 0.1714 1.2707 0.3220
v 0.1837 1.2624 0.3121
v 0.2040 1.2829 0.3030
v 0.1977 1.2539 0.2977
v 0.1815 1.2845 0.3165
v 0.2000 1.3145 0.3087
v 0.1695 1.2994 0.3255
v 0.1804 1.2752 0.3165
v 0.1720 1.3117 0.3275
v 0.1893 1.3715 0.3090
v 0.1715 1.3750 0.3172
v 0.1662 1.2882 0.3195
v 0.2247 1.2837 0.3047
v 0.2499 1.2602 0.2903
v 0.1708 1.2071 0.3109
v 0.1678 1.2572 0.3232
v 0.1759 1.2114 0.3227
v 0.1777 1.2002 0.3247
v 0.1558 1.1717 0.3099
v 0.1609 1.2348 0.3121
v 0.1714 1.2707 0.3220
v 0.1499 1.2292 0.3206
v 0.1487 1.2281 0.3196
v 0.1487 1.2343 0.3209
v 0.1519 1.2224 0.3154
v 0.1092 1.2599 0.3430
v 0.0428 1.2732 0.3391
v 0.0890 1.2693 0.3332
v 0.0619 1.2610 0.3514
v 0.1372 1.2665 0.3302
v 0.1714 1.2707 0.3220
v 0.1585 1.2654 0.3203
v 0.1690 1.2710 0.3319
v 0.1414 1.2796 0.3345
v 0.1609 1.2348 0.3121
v 0.1833 1.2657 0.3136
v 0.1876 1.2347 0.3080
v 0.1775 1.2402 0.3210
v 0.1714 1.2707 0.3220
v 0.1678 1.2572 0.3232
v 0.1956 1.2510 0.3111
v 0.1804 1.2752 0.3165
v 0.1837 1.2624 0.3121
v 0.1714 1.2707 0.3220
v 0.1862 1.2681 0.3236
v 0.1804 1.2752 0.3165
v 0.1714 1.2707 0.3220
v 0.1507 1.3455 0.3247
v 0.1720 1.3117 0.3275
v 0.1715 1.3750 0.3172
v 0.1406 1.3906 0.3030
v 0.1489 1.3194 0.3180
v 0.1662 1.2882 0.3195
v 0.1695 1.2994 0.3255
v 0.1662 1.2882 0.3195
v 0.1690 1.2710 0.3319
v 0.1720 1.3117 0.3275
v 0.1714 1.2707 0.3220
v 0.1797 1.2745 0.2953
v 0.1875 1.2638 0.2930
v 0.1795 1.2755 0.2852
v 0.1781 1.2852 0.2946
v 0.1852 1.2549 0.2876
v 0.1406 1.3906 0.3030
v 0.1415 1.4005 0.2830
v 0.1444 1.3564 0.3038
v 0.1378 1.4214 0.2844
v 0.1345 1.4251 0.2717
v 0.1507 1.3455 0.3247
v 0.1489 1.3194 0.3180
v 0.1209 1.4448 0.2608
v 0.1215 1.4748 0.2424
v 0.1306 1.4708 0.2547
v 0.1178 1.4968 0.2279
v 0.1720 1.4546 0.2553
v 0.1556 1.4970 0.2233
v 0.1306 1.4708 0.2547
v 0.1378 1.4214 0.2844
v 0.1834 1.3951 0.2907
v 0.1406 1.3906 0.3030
v 0.1695 1.4810 0.2359
v 0.1976 1.4773 0.2393
v 0.1715 1.3750 0.3172
v 0.1482 1.5181 0.1991
v 0.1178 1.4968 0.2279
v 0.1104 1.5454 0.1931
v 0.1893 1.3715 0.3090
v 0.2078 1.4942 0.1828
v 0.2313 1.4631 0.2460
v 0.1645 1.5152 0.1616
v 0.2491 1.4692 0.2056
v 0.1459 1.5107 0.1817
v 0.1369 1.5248 0.1393
v 0.1202 1.5326 0.1533
v 0.0718 1.5499 0.1212
v 0.1893 1.3715 0.3090
v 0.2000 1.3145 0.3087
v 0.1953 1.3460 0.2965
v 0.2000 1.2895 0.2939
v 0.1705 1.4758 0.2248
v 0.1720 1.4546 0.2553
v 0.1775 1.4377 0.2548
v 0.1901 1.3852 0.2810
v 0.1834 1.3951 0.2907
v 0.1976 1.3688 0.2897
v 0.1695 1.4810 0.2359
v 0.1967 1.2293 0.3117
v 0.1775 1.2402 0.3210
v 0.1876 1.2347 0.3080
v 0.1934 1.1892 0.3031
v 0.1814 1.2391 0.2955
v 0.1934 1.1892 0.3031
v 0.1876 1.2347 0.3080
v 0.1837 1.2624 0.3121
v 0.1837 1.2624 0.3121
v 0.1876 1.2347 0.3080
v 0.1956 1.2510 0.3111
v 0.2016 1.2272 0.2961
v 0.1890 1.2417 0.2943
v 0.1956 1.2510 0.3111
v 0.1956 1.2510 0.3111
v 0.1977 1.2539 0.2977
v 0.1837 1.2624 0.3121
v 0.1956 1.2510 0.3111
v 0.1890 1.2417 0.2943
v 0.1977 1.2539 0.2977
v 0.1804 1.2752 0.3165
v 0.1862 1.2681 0.3236
v 0.1833 1.2657 0.3136
v 0.1956 1.2510 0.3111
v 0.2016 1.2272 0.2961
v 0.1967 1.2293 0.3117
v 0.2022 1.2030 0.2944
v 0.1934 1.1892 0.3031
v 0.1781 1.2852 0.2946
v 0.1987 1.2686 0.2949
v 0.1797 1.2745 0.2953
v 0.1974 1.2913 0.2957
v 0.2103 1.2780 0.2961
v 0.1875 1.2638 0.2930
v 0.1937 1.2610 0.2862
v 0.1909 1.2155 0.2915
v 0.2022 1.2030 0.2944
v 0.1853 1.1904 0.2723
v 0.2016 1.2272 0.2961
v 0.1795 1.2755 0.2852
v 0.1852 1.2549 0.2876
v 0.1879 1.2760 0.2900
v 0.1781 1.2852 0.2946
v 0.1875 1.2638 0.2930
v 0.1959 1.2763 0.2874
v 0.1974 1.2913 0.2957
v 0.1879 1.2760 0.2900
v 0.2000 1.2895 0.2939
v 0.2000 1.3145 0.3087
v 0.1781 1.2852 0.2946
v 0.1875 1.2638 0.2930
v 0.1937 1.2610 0.2862
v 0.2306 1.1837 0.3698
v 0.1880 1.2081 0.3393
v 0.2105 1.2011 0.3542
v 0.1959 1.2763 0.2874
v 0.1987 1.2686 0.2949
v 0.2103 1.2780 0.2961
v 0.1999 1.2885 0.2882
v 0.1866 1.2836 0.2771
v 0.1937 1.2610 0.2862
v 0.1662 1.2882 0.3195
v 0.1862 1.2681 0.3236
v 0.1714 1.2707 0.3220
v 0.1815 1.2845 0.3165
v 0.1974 1.2913 0.2957
v 0.2000 1.3145 0.3087
v 0.2040 1.2829 0.3030
v 0.2103 1.2780 0.2961
v 0.2103 1.2780 0.2961
v 0.2040 1.2829 0.3030
v 0.2000 1.2895 0.2939
v 0.1999 1.2885 0.2882
v 0.1999 1.2885 0.2882
v 0.2000 1.2895 0.2939
v 0.1866 1.2836 0.2771
v 0.1953 1.3460 0.2965
v 0.2298 1.3831 0.2892
v 0.1976 1.3688 0.2897
v 0.2175 1.4573 0.2385
v 0.1901 1.3852 0.2810
v 0.1775 1.4377 0.2548
v 0.2032 1.4633 0.2311
v 0.1705 1.4758 0.2248
v 0.2533 1.4266 0.2522
v 0.2444 1.4546 0.2280
v 0.2246 1.3086 0.2961
v 0.2436 1.3785 0.2829
v 0.2000 1.2895 0.2939
v 0.2247 1.2837 0.3047
v 0.2584 1.3207 0.2871
v 0.2528 1.3567 0.2714
v 0.2040 1.2829 0.3030
v 0.1866 1.2836 0.2771
v 0.2000 1.2895 0.2939
v 0.1959 1.2763 0.2874
v 0.2452 1.4089 0.5611
v 0.2620 1.4086 0.5673
v 0.2531 1.4060 0.5587
v 0.2531 1.4060 0.5587
v 0.2650 1.4045 0.5496
v 0.2546 1.3926 0.5640
v 0.2651 1.3896 0.5561
v 0.2587 1.4108 0.5535
v 0.2452 1.4089 0.5611
v 0.2615 1.4102 0.5439
v 0.2452 1.4089 0.5611
v 0.2541 1.3883 0.5512
v 0.2518 1.3865 0.5589
v 0.2518 1.3865 0.5589
v 0.2452 1.4089 0.5611
v 0.2546 1.3926 0.5640
v 0.2587 1.4108 0.5535
v 0.2603 1.4209 0.5696
v 0.2551 1.4108 0.5555
v 0.2736 1.4131 0.5532
v 0.2452 1.4089 0.5611
v 0.2615 1.4102 0.5439
v 0.2615 1.4102 0.5439
v 0.2587 1.4108 0.5535
v 0.2531 1.4060 0.5587
v 0.2531 1.4060 0.5587
v 0.2620 1.4086 0.5673
v 0.2551 1.4108 0.5555
v 0.2551 1.4108 0.5555
v 0.2615 1.4102 0.5439
v 0.2531 1.4060 0.5587
v 0.2736 1.4131 0.5532
v 0.2620 1.4086 0.5673
v 0.2603 1.4209 0.5696
v 0.2650 1.4045 0.5496
v 0.2551 1.4108 0.5555
v 0.2620 1.4086 0.5673
v 0.2587 1.4108 0.5535
v 0.2650 1.4045 0.5496
v 0.2608 1.3883 0.5516
v 0.2634 1.3903 0.5537
v 0.2650 1.4045 0.5496
v 0.2651 1.3896 0.5561
v 0.2541 1.3883 0.5512
v 0.2615 1.4102 0.5439
v 0.2763 1.4011 0.5522
v 0.2894 1.4219 0.5880
v 0.3151 1.4407 0.5940
v 0.2984 1.4479 0.5920
v 0.2603 1.4209 0.5696
v 0.3020 1.4708 0.5968
v 0.2620 1.4086 0.5673
v 0.3252 1.4628 0.5987
v 0.3545 1.5110 0.6275
v 0.3698 1.4997 0.6147
v 0.2959 1.4109 0.5681
v 0.2763 1.4011 0.5522
v 0.3228 1.4344 0.5816
v 0.2984 1.4479 0.5920
v 0.3151 1.4407 0.5940
v 0.3178 1.4516 0.5775
v 0.3228 1.4344 0.5816
v 0.1053 1.4150 0.2895
v 0.0886 1.3790 0.3134
v 0.0953 1.4027 0.2899
v 0.0881 1.3837 0.3059
v 0.0623 1.4345 0.2910
v 0.0914 1.4170 0.2909
v 0.0612 1.4420 0.3026
v 0.1209 1.4448 0.2608
v 0.1053 1.4150 0.2895
v 0.1093 1.4266 0.2696
v 0.0969 1.4182 0.2792
v 0.0914 1.4170 0.2909
v 0.0757 1.4407 0.2750
v 0.0623 1.4345 0.2910
v 0.1053 1.4150 0.2895
v 0.0949 1.4107 0.2829
v 0.0914 1.4170 0.2909
v 0.1007 1.3995 0.2849
v 0.3457 1.4848 0.5823
v 0.3252 1.4628 0.5987
v 0.3178 1.4516 0.5775
v 0.3698 1.4997 0.6147
v 0.3701 1.5087 0.5969
v 0.2984 1.4479 0.5920
v 0.3140 1.5217 0.5935
v 0.3327 1.5393 0.6047
v 0.3293 1.5244 0.5703
v 0.3509 1.5358 0.5907
v 0.3321 1.5045 0.5756
v 0.3209 1.4990 0.5946
v 0.3140 1.5217 0.5935
v 0.3293 1.5244 0.5703
v 0.3290 1.4832 0.5751
v 0.3545 1.5110 0.6275
v 0.3491 1.5219 0.5973
v 0.3421 1.5200 0.6110
v 0.3701 1.5087 0.5969
v 0.3698 1.4997 0.6147
v 0.3509 1.5358 0.5907
v 0.3327 1.5393 0.6047
v 0.1085 1.6451 0.3064
v 0.1041 1.6050 0.3272
v 0.1247 1.6134 0.2887
v 0.1106 1.5735 0.3188
v 0.0915 1.5926 0.3443
v 0.0986 1.5703 0.3462
v 0.1234 1.6350 0.2707
v 0.0877 1.6489 0.3224
v 0.0882 1.6382 0.3426
v 0.1186 1.5592 0.2719
v 0.1078 1.5296 0.2991
v 0.0971 1.5264 0.3334
v 0.0899 1.5573 0.3416
v 0.1204 1.6553 0.2901
v 0.0901 1.6557 0.3459
v 0.0870 1.6415 0.3622
v 0.1138 1.6615 0.3219
v 0.1056 1.6081 0.3590
v 0.0836 1.6062 0.3760
v 0.0915 1.5926 0.3443
v 0.1056 1.6081 0.3590
v 0.0836 1.6062 0.3760
v 0.0544 1.5988 0.3498
v 0.1041 1.6050 0.3272
v 0.1740 1.6678 0.3155
v 0.1280 1.6726 0.3666
v 0.1465 1.6623 0.3469
v 0.1103 1.6624 0.3805
v 0.1816 1.6584 0.2937
v 0.1090 1.7100 0.2182
v 0.0948 1.6667 0.1752
v 0.1177 1.6898 0.2266
v 0.1192 1.7116 0.2407
v 0.1054 1.7346 0.2230
v 0.1035 1.7115 0.2021
v 0.0826 1.7330 0.1762
v 0.0928 1.7330 0.1922
v 0.0723 1.6953 0.1525
v 0.0566 1.7313 0.1475
v 0.1063 1.6518 0.1795
v 0.0670 1.7487 0.1687
v 0.1309 1.6869 0.2980
v 0.1188 1.7302 0.2824
v 0.1096 1.7533 0.2605
v 0.1451 1.6661 0.2729
v 0.1524 1.6292 0.2155
v 0.1287 1.6228 0.1709
v 0.0671 1.6475 0.1408
v 0.1601 1.6378 0.2447
v 0.1729 1.6464 0.2775
v 0.1816 1.6584 0.2937
v 0.1173 1.6202 0.1513
v 0.0879 1.6133 0.1218
v 0.0482 1.6496 0.1322
v 0.1063 1.6518 0.1795
v 0.0948 1.6667 0.1752
v 0.0893 1.6602 0.1892
v 0.1064 1.6241 0.1972
v 0.0970 1.6076 0.2090
v 0.0756 1.6712 0.1792
v 0.0723 1.6953 0.1525
v 0.0906 1.6784 0.2099
v 0.1051 1.6805 0.2385
v 0.0893 1.6602 0.1892
v 0.0756 1.6712 0.1792
v 0.0957 1.6884 0.2533
v 0.1031 1.6868 0.2712
v 0.0989 1.6948 0.2891
v 0.1234 1.6350 0.2707
v 0.1204 1.6553 0.2901
v 0.1138 1.6615 0.3219
v 0.0969 1.6982 0.3136
v 0.0957 1.6977 0.3011
v 0.1096 1.7533 0.2605
v 0.1054 1.7346 0.2230
v 0.0984 1.7668 0.2870
v 0.1090 1.7100 0.2182
v 0.0969 1.4182 0.2792
v 0.0953 1.4027 0.2899
v 0.0949 1.4107 0.2829
v 0.1355 1.5362 0.1728
v 0.0718 1.5499 0.1212
v 0.0944 1.5692 0.1730
v 0.0558 1.5893 0.1561
v 0.0833 1.5779 0.1902
v 0.0627 1.6000 0.1657
v 0.0671 1.6475 0.1408
v 0.0970 1.6076 0.2090
v 0.1064 1.6241 0.1972
v 0.0997 1.5535 0.2284
v 0.1186 1.5592 0.2719
v 0.1247 1.6134 0.2887
v 0.1234 1.6350 0.2707
v 0.1051 1.6805 0.2385
v 0.1078 1.5296 0.2991
v 0.0943 1.5306 0.2516
v 0.1202 1.5326 0.1533
v 0.1459 1.5107 0.1817
v 0.1482 1.5181 0.1991
v 0.1556 1.4970 0.2233
v 0.1063 1.6518 0.1795
v 0.1051 1.6805 0.2385
v 0.0970 1.6076 0.2090
v 0.0893 1.6602 0.1892
v 0.2175 1.4573 0.2385
v 0.1976 1.4773 0.2393
v 0.2032 1.4633 0.2311
v 0.1705 1.4758 0.2248
v 0.2313 1.4631 0.2460
v 0.1695 1.4810 0.2359
v 0.2444 1.4546 0.2280
v 0.2466 1.4616 0.2031
v 0.2533 1.4266 0.2522
v 0.2530 1.4415 0.2123
v 0.2444 1.4546 0.2280
v 0.2448 1.4595 0.1826
v 0.2476 1.4068 0.2532
v 0.2436 1.3785 0.2829
v 0.2491 1.4692 0.2056
v 0.2405 1.4498 0.1798
v 0.2051 1.4782 0.1405
v 0.2444 1.4546 0.2280
v 0.2491 1.4692 0.2056
v 0.2313 1.4631 0.2460
v 0.1604 1.4997 0.1085
v 0.2037 1.4689 0.1356
v 0.1981 1.4572 0.0983
v 0.2208 1.4387 0.1180
v 0.2405 1.4498 0.1798
v 0.2672 1.4063 0.1832
v 0.2530 1.4415 0.2123
v 0.2166 1.4112 0.0853
v 0.1265 1.4579 0.0366
v 0.1147 1.4797 0.0477
v 0.1627 1.4192 0.0385
v 0.1164 1.5142 0.0868
v 0.1104 1.4904 0.0561
v 0.0897 1.4999 0.0489
v 0.0893 1.5083 0.0565
v 0.1034 1.4893 0.0469
v 0.0725 1.5223 0.0656
v 0.1369 1.5248 0.1393
v 0.0718 1.5499 0.1212
v 0.1669 1.4999 0.1627
v 0.2051 1.4782 0.1405
v 0.1987 1.4810 0.1776
v 0.2448 1.4595 0.1826
v 0.2319 1.4648 0.1989
v 0.2466 1.4616 0.2031
v 0.1645 1.5152 0.1616
v 0.2491 1.4692 0.2056
v 0.2078 1.4942 0.1828
v 0.0997 1.5162 0.0465
v 0.0540 1.5158 0.0450
v 0.0725 1.5223 0.0656
v 0.0140 1.5161 0.0396
v 0.0487 1.5311 0.0704
v 0.0718 1.5499 0.1212
v 0.0123 1.5573 0.1176
v 0.2348 1.4600 0.2212
v 0.2350 1.4609 0.2061
v 0.2212 1.4658 0.2142
v 0.2212 1.4658 0.2142
v 0.2350 1.4609 0.2061
v 0.2348 1.4600 0.2212
v 0.0220 1.6093 0.0968
v -0.0068 1.6011 0.0916
v 0.0130 1.6084 0.0860
v 0.0626 1.6125 0.0998
v 0.0879 1.6133 0.1218
v -0.0534 1.5938 0.1119
v 0.1050 1.6241 0.1345
v 0.1173 1.6202 0.1513
v 0.1317 1.6271 0.1657
v 0.1287 1.6228 0.1709
v 0.1495 1.6302 0.1953
v 0.1524 1.6292 0.2155
v 0.1641 1.6428 0.2407
v 0.1601 1.6378 0.2447
v 0.1729 1.6464 0.2775
v 0.1816 1.6584 0.2937
v 0.0723 1.6953 0.1525
v 0.1035 1.7115 0.2021
v 0.0906 1.6784 0.2099
v 0.0756 1.6712 0.1792
v 0.0957 1.6884 0.2533
v 0.1090 1.7100 0.2182
v 0.0928 1.7330 0.1922
v 0.0670 1.7487 0.1687
v 0.0566 1.7313 0.1475
v -0.2952 1.2201 0.1608
v -0.3219 1.2159 0.1552
v -0.3154 1.2146 0.1431
v -0.3154 1.2146 0.1431
v -0.3219 1.2159 0.1552
v -0.3187 1.2070 0.1485
v -0.3223 1.1963 0.1412
v -0.3170 1.2007 0.1488
v -0.3223 1.1963 0.1412
v -0.3187 1.2070 0.1485
v -0.1957 1.1287 0.1667
v -0.2018 1.0977 0.1602
v -0.2060 1.1251 0.1630
v -0.2060 1.1251 0.1630
v -0.2018 1.0977 0.1602
v -0.2075 1.1200 0.1655
v -0.1906 1.1351 0.1722
v -0.1957 1.1287 0.1667
v -0.2040 1.1216 0.1697
v -0.2060 1.1251 0.1630
v -0.1966 1.1314 0.1687
v -0.1906 1.1351 0.1722
v -0.1882 1.1397 0.1579
v -0.1874 1.1544 0.1634
v -0.1957 1.1287 0.1667
v -0.1944 1.1287 0.1753
v -0.1712 1.1556 0.1756
v -0.1882 1.1397 0.1579
v -0.2019 1.1326 0.1479
v -0.1957 1.1287 0.1667
v -0.1930 1.1477 0.1565
v -0.2019 1.1326 0.1479
v -0.1882 1.1397 0.1579
v -0.1874 1.1544 0.1634
v -0.1912 1.1520 0.1203
v -0.1843 1.1724 0.1312
v -0.1789 1.1595 0.1123
v -0.1938 1.1465 0.1075
v -0.1772 1.1629 0.1047
v -0.1826 1.1735 0.1226
v -0.1796 1.1747 0.1141
v -0.1777 1.1833 0.1312
v -0.1788 1.1431 0.1029
v -0.1881 1.0954 0.1028
v -0.1731 1.1197 0.1018
v -0.1839 1.1724 0.1507
v -0.1845 1.1757 0.1550
v -0.1736 1.1638 0.1475
v -0.1825 1.1683 0.1433
v -0.1694 1.1835 0.1641
v -0.1753 1.1520 0.1427
v -0.1723 1.1570 0.1462
v -0.1867 1.1806 0.1697
v -0.1765 1.1678 0.1315
v -0.1728 1.1620 0.1204
v -0.1728 1.1788 0.1291
v -0.1788 1.1431 0.1029
v -0.1777 1.1833 0.1312
v -0.1836 1.1884 0.1352
v -0.1729 1.1667 0.1112
v -0.1772 1.1629 0.1047
v -0.1708 1.1249 0.1363
v -0.1723 1.1570 0.1462
v -0.1718 1.1567 0.1428
v -0.1711 1.1052 0.1098
v -0.1710 1.1612 0.1262
v -0.1728 1.1788 0.1291
v -0.1736 1.1638 0.1475
v -0.1728 1.1620 0.1204
v -0.1783 1.1016 0.1385
v -0.1735 1.1158 0.1478
v -0.1680 1.1583 0.1540
v -0.1668 1.1148 0.1591
v -0.1686 1.1681 0.1508
v -0.1682 1.1650 0.1542
v -0.1694 1.1835 0.1641
v -0.1770 1.1340 0.1078
v -0.1772 1.1629 0.1047
v -0.1729 1.1667 0.1112
v -0.1736 1.1446 0.1635
v -0.1718 1.1567 0.1428
v -0.1686 1.1681 0.1508
v -0.1728 1.1788 0.1291
v -0.1596 1.1080 0.1573
v -0.1712 1.1556 0.1756
v -0.1736 1.1446 0.1635
v -0.1596 1.1080 0.1573
v -0.1736 1.1446 0.1635
v -0.1668 1.1148 0.1591
v -0.1680 1.1583 0.1540
v -0.1736 1.1446 0.1635
v -0.1722 1.1563 0.1537
v -0.1682 1.1650 0.1542
v -0.1736 1.1638 0.1475
v -0.1694 1.1835 0.1641
v -0.1686 1.1681 0.1508
v -0.1736 1.1638 0.1475
v -0.1722 1.1563 0.1537
v -0.1718 1.1567 0.1428
v -0.1736 1.1638 0.1475
v -0.1686 1.1681 0.1508
v -0.3352 1.1638 0.0674
v -0.3328 1.1448 0.0773
v -0.3397 1.1660 0.1006
v -0.3358 1.2003 0.1157
v -0.3337 1.2185 0.1111
v -0.2885 1.1733 0.0032
v -0.3120 1.2367 0.0101
v -0.2952 1.2156 -0.0028
v -0.3198 1.1747 0.0211
v -0.3290 1.2372 0.0418
v -0.3418 1.2212 0.0482
v -0.3416 1.2043 0.0544
v -0.3496 1.2001 0.0665
v -0.3102 1.1518 0.0318
v -0.3276 1.2442 0.0842
v -0.3437 1.2235 0.0964
v -0.3235 1.2436 0.1229
v -0.3060 1.2559 0.1068
v -0.2633 1.3657 0.0822
v -0.3006 1.2839 0.0581
v -0.2721 1.3577 0.1040
v -0.2613 1.3848 0.0908
v -0.2626 1.3888 0.1367
v -0.2802 1.3322 0.0549
v -0.3290 1.2684 0.0816
v -0.2850 1.3098 0.0948
v -0.2305 1.3780 0.0475
v -0.2282 1.3623 0.0432
v -0.2178 1.3938 0.0622
v -0.2383 1.4021 0.1116
v -0.2305 1.4253 0.1622
v -0.2696 1.3180 0.1593
v -0.2597 1.3420 0.1309
v -0.2132 1.3663 0.2067
v -0.2836 1.2523 0.1299
v -0.1731 1.1197 0.1018
v -0.1825 1.1147 0.1111
v -0.1881 1.0954 0.1028
v -0.1770 1.1340 0.1078
v -0.1825 1.1147 0.1111
v -0.1711 1.1052 0.1098
v -0.1772 1.1629 0.1047
v -0.1789 1.1595 0.1123
v -0.1873 1.1633 0.1130
v -0.1868 1.1679 0.1095
v -0.1873 1.1633 0.1130
v -0.1789 1.1595 0.1123
v -0.1796 1.1747 0.1141
v -0.1845 1.1730 0.1178
v -0.1772 1.1629 0.1047
v -0.1868 1.1679 0.1095
v -0.1796 1.1747 0.1141
v -0.1845 1.1730 0.1178
v -0.2827 1.0742 -0.0296
v -0.2415 1.1029 -0.0313
v -0.2610 1.0929 -0.0414
v -0.2649 1.0762 -0.0230
v -0.2908 1.0786 0.0038
v -0.2771 1.0780 0.0103
v -0.2806 1.0868 0.0236
v -0.2037 1.3352 0.0192
v -0.2273 1.2668 0.0085
v -0.2469 1.2991 0.0112
v -0.2719 1.2389 0.0059
v -0.3120 1.2367 0.0101
v -0.1810 1.3479 0.0266
v -0.1873 1.3616 0.0312
v -0.2952 1.2156 -0.0028
v -0.2474 1.2256 -0.0071
v -0.2282 1.3623 0.0432
v -0.2305 1.3780 0.0475
v -0.2802 1.3322 0.0549
v -0.2885 1.1733 0.0032
v -0.2217 1.2419 0.0057
v -0.1913 1.3722 0.0462
v -0.2178 1.3938 0.0622
v -0.2088 1.2588 0.0198
v -0.1791 1.3187 0.0356
v -0.1711 1.2810 0.0388
v -0.2591 1.1732 0.0103
v -0.2471 1.1361 0.0434
v -0.2508 1.1538 0.0185
v -0.2471 1.1361 0.0434
v -0.2591 1.1732 0.0103
v -0.1880 1.2474 0.0417
v -0.1908 1.2269 0.0453
v -0.2303 1.2249 0.0133
v -0.2088 1.2588 0.0198
v -0.1806 1.2263 0.0532
v -0.1994 1.2114 0.0439
v -0.1756 1.2694 0.0488
v -0.1742 1.2188 0.0579
v -0.1710 1.2524 0.0640
v -0.1779 1.2341 0.0656
v -0.2173 1.2141 0.0124
v -0.1711 1.2810 0.0388
v -0.2398 1.1939 0.0158
v -0.2217 1.2419 0.0057
v -0.2474 1.2256 -0.0071
v -0.2591 1.1732 0.0103
v -0.1963 1.2030 0.0660
v -0.2305 1.1874 0.0162
v -0.2508 1.1538 0.0185
v -0.2038 1.1898 0.0347
v -0.2415 1.1029 -0.0313
v -0.2576 1.0706 -0.0479
v -0.2610 1.0929 -0.0414
v -0.2247 1.0823 0.0800
v -0.2269 1.0890 0.0811
v -0.2250 1.0875 0.0793
v -0.2248 1.0875 0.0808
v -0.2278 1.0867 0.0806
v -0.2247 1.0823 0.0800
v -0.2248 1.0875 0.0808
v -0.2247 1.0823 0.0800
v -0.2250 1.0875 0.0793
v -0.2246 1.0866 0.0781
v -0.2278 1.0867 0.0806
v -0.2248 1.0875 0.0808
v -0.1780 1.2308 0.0988
v -0.2159 1.2160 0.1116
v -0.2122 1.2065 0.0980
v -0.1917 1.2590 0.1534
v -0.1730 1.2482 0.1166
v -0.1672 1.2637 0.1380
v -0.1802 1.2856 0.1726
v -0.2145 1.2291 0.1271
v -0.2376 1.2348 0.1456
v -0.1845 1.2232 0.0752
v -0.1963 1.2030 0.0660
v -0.1742 1.2188 0.0579
v -0.2114 1.2008 0.0930
v -0.1757 1.2369 0.0718
v -0.1779 1.2341 0.0656
v -0.2097 1.1976 0.0886
v -0.2094 1.1630 0.0699
v -0.1728 1.2312 0.0583
v -0.1710 1.2524 0.0640
v -0.2179 1.0677 -0.0707
v -0.2107 1.0921 -0.0762
v -0.2247 1.0715 -0.0656
v -0.2182 1.0938 -0.0454
v -0.2061 1.0935 -0.0542
v -0.2182 1.0938 -0.0454
v -0.2107 1.0921 -0.0762
v -0.2015 1.0890 -0.0689
v -0.2107 1.0921 -0.0762
v -0.2078 1.0706 -0.0766
v -0.2015 1.0890 -0.0689
v -0.2135 1.0697 -0.0891
v -0.1821 1.0984 -0.0693
v -0.1760 1.0942 -0.0661
v -0.1855 1.0985 -0.0727
v -0.1766 1.0982 -0.0625
v -0.1935 1.0845 -0.0795
v -0.1696 1.0934 -0.0647
v -0.1760 1.0942 -0.0661
v -0.1837 1.1005 -0.0677
v -0.1817 1.0954 -0.0631
v -0.1696 1.0934 -0.0647
v -0.1821 1.0984 -0.0693
v -0.1852 1.0989 -0.0610
v -0.1817 1.0954 -0.0631
v -0.1828 1.0974 -0.0578
v -0.1855 1.0985 -0.0727
v -0.1696 1.0934 -0.0647
v -0.1817 1.0954 -0.0631
v -0.1766 1.0982 -0.0625
v -0.1638 1.0948 -0.0661
v -0.1828 1.0974 -0.0578
v -0.1523 1.1981 -0.0026
v -0.1647 1.1905 -0.0182
v -0.1588 1.1760 -0.0219
v -0.1713 1.1594 -0.0340
v -0.1596 1.2330 -0.0102
v -0.1586 1.1624 -0.0199
v -0.1752 1.1725 -0.0466
v -0.1352 1.2630 -0.0027
v -0.1400 1.3014 -0.0077
v -0.1781 1.2092 -0.0206
v -0.1877 1.1812 -0.0362
v -0.1691 1.1635 -0.0994
v -0.1844 1.1768 -0.0859
v -0.1752 1.1725 -0.0466
v -0.1877 1.1812 -0.0362
v -0.1691 1.1635 -0.0994
v -0.1792 1.1779 -0.1028
v -0.1647 1.1905 -0.0182
v -0.1852 1.0989 -0.0610
v -0.1837 1.1005 -0.0677
v -0.1828 1.0974 -0.0578
v -0.1766 1.0982 -0.0625
v -0.1766 1.0982 -0.0625
v -0.1837 1.1005 -0.0677
v -0.1760 1.0942 -0.0661
v -0.1565 1.3145 -0.0943
v -0.1708 1.2779 -0.0945
v -0.1567 1.3151 -0.0649
v -0.1714 1.2834 -0.0622
v -0.1556 1.3038 -0.1019
v -0.1669 1.2761 -0.1053
v -0.1761 1.2830 -0.1525
v -0.1671 1.3077 -0.1468
v -0.1437 1.3204 -0.0508
v -0.1519 1.2830 -0.0171
v -0.1400 1.3014 -0.0077
v -0.1397 1.3558 -0.0292
v -0.1419 1.3217 -0.0921
v -0.1379 1.3633 -0.0946
v -0.1208 1.3942 -0.0833
v -0.1169 1.4034 -0.0480
v -0.1110 1.4153 -0.0825
v -0.1384 1.3653 -0.0988
v -0.1278 1.3860 -0.0326
v -0.1012 1.4495 -0.0378
v -0.1057 1.4481 -0.0516
v -0.1128 1.4204 -0.0771
v -0.1687 1.2641 -0.0658
v -0.1816 1.2151 -0.0629
v -0.1774 1.2117 -0.0991
v -0.1596 1.2330 -0.0102
v -0.1781 1.2092 -0.0206
v -0.1877 1.1812 -0.0362
v -0.1844 1.1768 -0.0859
v -0.1565 1.2697 -0.0997
v -0.1792 1.1779 -0.1028
v -0.0967 1.4387 -0.0784
v -0.0921 1.4647 -0.0671
v -0.1546 1.3097 -0.1251
v -0.1338 1.3231 -0.1021
v -0.1484 1.3573 -0.1298
v -0.1423 1.4300 -0.1013
v -0.1398 1.4344 -0.1176
v -0.1459 1.4594 -0.1059
v -0.1533 1.2938 -0.1364
v -0.1546 1.3097 -0.1251
v -0.1484 1.3573 -0.1298
v -0.1384 1.3653 -0.0988
v -0.1023 1.3393 -0.1002
v -0.1379 1.3633 -0.0946
v -0.1557 1.1040 0.1635
v -0.1735 1.1158 0.1478
v -0.1596 1.1080 0.1573
v -0.1668 1.1148 0.1591
v -0.1557 1.1040 0.1635
v -0.1596 1.1080 0.1573
v -0.1668 1.1148 0.1591
v -0.1513 1.1423 0.0443
v -0.1577 1.1422 0.0370
v -0.1534 1.0933 0.0438
v -0.1587 1.1030 0.0355
v -0.1577 1.1679 0.0572
v -0.1613 1.1585 0.0151
v -0.1419 1.1670 0.0269
v -0.1613 1.1585 0.0151
v -0.1577 1.1679 0.0572
v -0.1310 1.0952 0.0030
v -0.1246 1.1028 -0.0212
v -0.1379 1.0811 -0.0148
v -0.1425 1.0735 -0.0064
v -0.1231 1.1051 -0.0134
v -0.1384 1.0674 0.0020
v -0.1243 1.0875 -0.0258
v -0.1279 1.1642 0.0015
v -0.1326 1.1892 0.0087
v -0.1160 1.1778 -0.0004
v -0.1119 1.2015 0.0024
v -0.1449 1.1697 -0.0003
v -0.1439 1.1563 0.0005
v -0.1586 1.1831 0.0019
v -0.1381 1.1934 -0.0024
v -0.1241 1.1270 0.0090
v -0.1021 1.1516 -0.0049
v -0.1056 1.1149 -0.0021
v -0.1162 1.0984 0.0015
v -0.1221 1.0938 0.0055
v -0.1577 1.1422 0.0370
v -0.1587 1.1030 0.0355
v -0.1534 1.0933 0.0438
v -0.1068 1.0777 0.0043
v -0.1613 1.1585 0.0151
v -0.1460 1.1155 -0.0228
v -0.1457 1.1280 -0.0186
v -0.1558 1.1177 -0.0134
v -0.1549 1.1092 -0.0238
v -0.1372 1.1361 -0.0173
v -0.1505 1.1424 -0.0139
v -0.1226 1.1595 -0.0137
v -0.1507 1.1644 -0.0140
v -0.1260 1.1453 -0.0206
v -0.1165 1.1608 -0.0208
v -0.1586 1.1831 0.0019
v -0.1613 1.1585 0.0151
v -0.1590 1.1653 0.0211
v -0.1419 1.1670 0.0269
v -0.1590 1.1653 0.0211
v -0.1613 1.1585 0.0151
v -0.1590 1.1653 0.0211
v -0.1271 1.1722 0.0170
v -0.1426 1.1793 0.0130
v -0.1586 1.1831 0.0019
v -0.1381 1.1934 -0.0024
v -0.1419 1.1670 0.0269
v -0.1426 1.1793 0.0130
v -0.1311 1.1774 0.0177
v -0.1612 1.1872 0.0460
v -0.1271 1.1722 0.0170
v -0.1326 1.1892 0.0087
v -0.1449 1.1697 -0.0003
v -0.1381 1.1934 -0.0024
v -0.1119 1.2015 0.0024
v -0.1170 1.1040 -0.0040
v -0.1372 1.1361 -0.0173
v -0.1231 1.1051 -0.0134
v -0.1460 1.1155 -0.0228
v -0.1056 1.1149 -0.0021
v -0.1021 1.1516 -0.0049
v -0.1549 1.1092 -0.0238
v -0.1162 1.0984 0.0015
v -0.1310 1.0952 0.0030
v -0.1221 1.0938 0.0055
v -0.1165 1.1608 -0.0208
v -0.1021 1.1516 -0.0049
v -0.1226 1.1595 -0.0137
v -0.1279 1.1642 0.0015
v -0.1020 1.1479 -0.0189
v -0.1339 1.2037 0.0214
v -0.1592 1.2616 0.0199
v -0.1352 1.2630 -0.0027
v -0.1567 1.2134 0.0418
v -0.1400 1.3014 -0.0077
v -0.1592 1.3461 0.0042
v -0.1808 1.3734 0.0162
v -0.1810 1.3479 0.0266
v -0.1873 1.3616 0.0312
v -0.1791 1.3187 0.0356
v -0.1289 1.3566 -0.0159
v -0.1064 1.2228 -0.0015
v -0.1119 1.2015 0.0024
v -0.1146 1.2415 -0.0044
v -0.1010 1.2017 -0.0102
v -0.1129 1.2500 -0.0071
v -0.1021 1.2344 -0.0062
v -0.0956 1.2114 -0.0094
v -0.0942 1.2260 -0.0098
v -0.1711 1.2810 0.0388
v -0.1604 1.2191 0.0488
v -0.1710 1.2524 0.0640
v -0.1757 1.2369 0.0718
v -0.1913 1.3722 0.0462
v -0.2178 1.3938 0.0622
v -0.1078 1.1899 -0.0140
v -0.1160 1.1778 -0.0004
v -0.1160 1.1700 -0.0133
v -0.1279 1.1642 0.0015
v -0.1226 1.1595 -0.0137
v -0.1298 1.2600 -0.0065
v -0.1092 1.2356 0.0003
v -0.1146 1.2415 -0.0044
v -0.1021 1.2344 -0.0062
v -0.1021 1.1516 -0.0049
v -0.1020 1.1479 -0.0189
v -0.1372 1.1361 -0.0173
v -0.1372 1.1361 -0.0173
v -0.1020 1.1479 -0.0189
v -0.1260 1.1453 -0.0206
v -0.0577 1.0826 -0.0084
v -0.0900 1.0840 0.0002
v -0.0836 1.0855 -0.0122
v -0.1111 1.0794 0.0007
v -0.1068 1.0777 0.0043
v -0.0183 1.0889 -0.0142
v -0.1083 1.0758 -0.0121
v -0.0997 1.0874 -0.0249
v -0.1243 1.0875 -0.0258
v -0.1209 1.0658 -0.0210
v -0.1044 1.1812 0.0007
v -0.1018 1.1795 0.0027
v -0.1004 1.1754 -0.0045
v -0.1004 1.1754 -0.0045
v -0.1018 1.1795 0.0027
v -0.1044 1.1812 0.0007
v 0.0181 1.1474 -0.0119
v -0.0537 1.1400 -0.0155
v -0.0470 1.1584 -0.0114
v -0.0836 1.0855 -0.0122
v -0.0183 1.0889 -0.0142
v 0.0331 1.0897 -0.0171
v -0.0842 1.1378 -0.0084
v -0.0592 1.1583 -0.0164
v 0.0240 1.1418 -0.0141
v 0.0395 1.1370 -0.0091
v 0.0504 1.1092 -0.0149
v 0.0076 1.1577 -0.0185
v -0.0772 1.1582 -0.0225
v -0.0680 1.1637 -0.0242
v -0.0918 1.1731 -0.0104
v -0.0857 1.1547 -0.0245
v -0.0876 1.1627 -0.0282
v 0.0517 1.1425 -0.0185
v 0.0318 1.1577 -0.0253
v 0.0586 1.1538 -0.0206
v 0.0161 1.1558 -0.0234
v 0.0331 1.0897 -0.0171
v 0.0590 1.0890 -0.0246
v 0.0575 1.0870 -0.0079
v 0.0814 1.0893 -0.0027
v 0.0895 1.0988 -0.0201
v 0.1013 1.0997 -0.0028
v 0.0328 1.0858 -0.0112
v -0.0183 1.0889 -0.0142
v 0.0521 1.0952 -0.0270
v 0.0756 1.0935 -0.0315
v -0.1423 1.1490 -0.0237
v -0.1652 1.1095 -0.0348
v -0.1505 1.1424 -0.0139
v -0.1507 1.1644 -0.0140
v -0.1349 1.1718 -0.0238
v -0.1558 1.1177 -0.0134
v -0.1660 1.0983 -0.0040
v -0.1313 1.2148 -0.0087
v -0.1461 1.2045 -0.0092
v -0.1078 1.1899 -0.0140
v -0.1352 1.2630 -0.0027
v -0.1180 1.2243 -0.0129
v -0.1010 1.2017 -0.0102
v -0.0942 1.2260 -0.0098
v -0.0956 1.2114 -0.0094
v -0.1021 1.2344 -0.0062
v -0.1129 1.2500 -0.0071
v -0.1298 1.2600 -0.0065
v -0.1494 1.2020 -0.0132
v -0.1349 1.1718 -0.0238
v -0.1588 1.1760 -0.0219
v -0.1160 1.1700 -0.0133
v -0.1226 1.1595 -0.0137
v -0.1507 1.1644 -0.0140
v -0.1494 1.2020 -0.0132
v -0.1461 1.2045 -0.0092
v -0.1523 1.1981 -0.0026
v -0.1588 1.1760 -0.0219
v -0.1352 1.2630 -0.0027
v -0.1231 1.1051 -0.0134
v -0.1549 1.1092 -0.0238
v -0.1456 1.1014 -0.0317
v -0.1246 1.1028 -0.0212
v -0.1020 1.1479 -0.0189
v -0.1246 1.1028 -0.0212
v -0.1260 1.1453 -0.0206
v -0.0997 1.0874 -0.0249
v -0.1243 1.0875 -0.0258
v -0.1456 1.1014 -0.0317
v -0.1423 1.1490 -0.0237
v -0.1652 1.1095 -0.0348
v -0.1349 1.1718 -0.0238
v -0.1165 1.1608 -0.0208
v -0.1284 1.1782 -0.0295
v -0.1190 1.1849 -0.0235
v -0.1023 1.1865 -0.0193
v -0.1009 1.1849 -0.0169
v -0.0171 1.1397 -0.0532
v -0.0657 1.1490 -0.0452
v -0.0577 1.1435 -0.0741
v -0.1229 1.1524 -0.0661
v -0.0933 1.1564 -0.0287
v -0.0592 1.1583 -0.0164
v -0.0470 1.1584 -0.0114
v 0.0076 1.1577 -0.0185
v -0.0104 1.1492 -0.0323
v 0.0108 1.1432 -0.0447
v -0.1072 1.1585 -0.0351
v -0.1626 1.1600 -0.0433
v 0.0089 1.1525 -0.0300
v 0.0161 1.1558 -0.0234
v -0.1691 1.1635 -0.0994
v -0.1713 1.1594 -0.0340
v -0.1586 1.1624 -0.0199
v -0.0038 1.1444 -0.0979
v 0.0527 1.1365 -0.0757
v 0.0489 1.1405 -0.0457
v 0.1011 1.1428 -0.0457
v 0.1159 1.1348 -0.0667
v 0.1172 1.1370 -0.0947
v -0.1000 1.1581 -0.1060
v 0.0477 1.1433 -0.1012
v 0.0318 1.1577 -0.0253
v 0.0506 1.1553 -0.0350
v 0.0586 1.1538 -0.0206
v -0.1588 1.1760 -0.0219
v -0.1626 1.1600 -0.0433
v -0.1349 1.1718 -0.0238
v -0.1072 1.1585 -0.0351
v -0.1588 1.1760 -0.0219
v -0.1586 1.1624 -0.0199
v -0.1626 1.1600 -0.0433
v -0.1321 1.1666 -0.0382
v -0.1349 1.1718 -0.0238
v -0.1072 1.1585 -0.0351
v -0.1171 1.1645 -0.0428
v -0.0999 1.1662 -0.0343
v -0.1171 1.1645 -0.0428
v -0.1072 1.1585 -0.0351
v -0.0933 1.1564 -0.0287
v -0.0999 1.1662 -0.0343
v -0.1190 1.1849 -0.0235
v -0.1284 1.1782 -0.0295
v -0.1023 1.1865 -0.0193
v -0.1171 1.1645 -0.0428
v -0.1321 1.1666 -0.0382
v -0.1321 1.1666 -0.0382
v -0.1284 1.1782 -0.0295
v -0.1349 1.1718 -0.0238
v -0.0394 1.1657 -0.1109
v -0.0038 1.1444 -0.0979
v -0.1000 1.1581 -0.1060
v 0.0315 1.1598 -0.1168
v 0.0477 1.1433 -0.1012
v 0.0623 1.1593 -0.1158
v 0.1029 1.1596 -0.1187
v 0.1138 1.1731 -0.1331
v 0.1172 1.1370 -0.0947
v 0.1275 1.1551 -0.1129
v -0.0890 1.1703 -0.1099
v -0.1155 1.1776 -0.1145
v -0.1691 1.1635 -0.0994
v -0.1792 1.1779 -0.1028
v -0.1435 1.1891 -0.1123
v -0.1610 1.2064 -0.1065
v -0.1774 1.2117 -0.0991
v -0.1565 1.2697 -0.0997
v -0.0341 1.1675 -0.1404
v -0.0478 1.1639 -0.1279
v -0.0634 1.1848 -0.1553
v -0.1244 1.1742 -0.1295
v -0.1413 1.1940 -0.1499
v 0.0181 1.1566 -0.1249
v 0.0400 1.1660 -0.1407
v -0.1633 1.2011 -0.1308
v 0.0315 1.1598 -0.1168
v 0.0592 1.1584 -0.1276
v -0.0890 1.1703 -0.1099
v 0.0623 1.1593 -0.1158
v 0.1138 1.1731 -0.1331
v -0.0394 1.1657 -0.1109
v -0.1435 1.1891 -0.1123
v -0.1155 1.1776 -0.1145
v -0.1610 1.2064 -0.1065
v -0.0961 1.1302 -0.0302
v -0.1020 1.1479 -0.0189
v -0.0933 1.1564 -0.0287
v -0.0997 1.0874 -0.0249
v -0.0963 1.0951 -0.0341
v -0.1165 1.1608 -0.0208
v -0.0999 1.1662 -0.0343
v -0.1009 1.1849 -0.0169
v -0.0915 1.1732 -0.0217
v -0.0977 1.1777 -0.0181
v -0.0918 1.1731 -0.0104
v -0.0772 1.1582 -0.0225
v -0.0876 1.1627 -0.0282
v -0.0999 1.1662 -0.0343
v -0.1009 1.1849 -0.0169
v -0.0977 1.1777 -0.0181
v -0.0915 1.1732 -0.0217
v -0.1009 1.1849 -0.0169
v -0.0918 1.1731 -0.0104
v -0.0977 1.1777 -0.0181
v -0.0876 1.1627 -0.0282
v -0.0999 1.1662 -0.0343
v -0.1023 1.1865 -0.0193
v -0.1009 1.1849 -0.0169
v -0.0680 1.1637 -0.0242
v -0.0963 1.0951 -0.0341
v -0.0857 1.1547 -0.0245
v -0.0842 1.1378 -0.0084
v -0.0997 1.0874 -0.0249
v -0.0836 1.0855 -0.0122
v -0.0961 1.1302 -0.0302
v -0.0933 1.1564 -0.0287
v -0.0592 1.1583 -0.0164
v -0.0876 1.1627 -0.0282
v -0.0857 1.1547 -0.0245
v -0.0680 1.1637 -0.0242
v -0.0592 1.1583 -0.0164
v 0.0181 1.1474 -0.0119
v 0.0160 1.1418 -0.0249
v 0.0240 1.1418 -0.0141
v 0.0161 1.1558 -0.0234
v 0.0089 1.1525 -0.0300
v 0.0038 1.1494 -0.0294
v -0.0104 1.1492 -0.0323
v 0.0016 1.1358 -0.0282
v 0.0318 1.1577 -0.0253
v 0.0160 1.1418 -0.0249
v 0.0108 1.1432 -0.0447
v 0.0240 1.1418 -0.0141
v 0.0016 1.1358 -0.0282
v 0.0108 1.1432 -0.0447
v 0.0016 1.1358 -0.0282
v -0.0104 1.1492 -0.0323
v -0.1180 1.2525 -0.1600
v -0.1355 1.2417 -0.1543
v -0.1319 1.2793 -0.1550
v -0.1288 1.2190 -0.1585
v -0.1579 1.2491 -0.1415
v -0.1633 1.2011 -0.1308
v -0.1413 1.1940 -0.1499
v -0.1488 1.2779 -0.1406
v -0.1533 1.2938 -0.1364
v -0.1246 1.3452 -0.1576
v -0.1484 1.3573 -0.1298
v -0.1398 1.4344 -0.1176
v -0.1129 1.3850 -0.1548
v -0.1096 1.4111 -0.1437
v -0.1126 1.4341 -0.1390
v -0.1248 1.4705 -0.1271
v -0.1459 1.4594 -0.1059
v -0.0819 1.2361 -0.1608
v -0.0634 1.1848 -0.1553
v -0.0642 1.2112 -0.1630
v -0.0216 1.2050 -0.1649
v -0.0021 1.1862 -0.1560
v 0.0438 1.1977 -0.1593
v 0.0400 1.1660 -0.1407
v 0.0716 1.1804 -0.1532
v 0.0867 1.2007 -0.1571
v 0.0776 1.2353 -0.1686
v 0.1237 1.2022 -0.1516
v 0.0971 1.2320 -0.1601
v -0.0341 1.1675 -0.1404
v 0.1138 1.1731 -0.1331
v -0.1408 1.4766 -0.1228
v -0.1174 1.5016 -0.1319
v -0.0977 1.4739 -0.1297
v -0.0510 1.5014 -0.1470
v -0.0970 1.5247 -0.1402
v -0.0379 1.4523 -0.1365
v -0.0229 1.4939 -0.1558
v -0.0769 1.4597 -0.1247
v 0.0592 1.1584 -0.1276
v 0.0590 1.0890 -0.0246
v 0.0778 1.0786 -0.0227
v 0.0895 1.0988 -0.0201
v 0.0606 1.0668 -0.0328
v 0.0769 1.1120 -0.0200
v 0.0856 1.1118 -0.0387
v 0.0756 1.0935 -0.0315
v 0.0683 1.0763 -0.0423
v 0.0774 1.1270 -0.0225
v 0.0924 1.1390 -0.0243
v 0.0590 1.0890 -0.0246
v 0.0606 1.0668 -0.0328
v 0.0504 1.1092 -0.0149
v 0.0517 1.1425 -0.0185
v 0.0549 1.1283 -0.0269
v 0.0521 1.0952 -0.0270
v 0.0489 1.1405 -0.0457
v 0.0586 1.1538 -0.0206
v 0.0506 1.1553 -0.0350
v 0.0583 1.1297 -0.0428
v 0.0395 1.1370 -0.0091
v 0.0331 1.0897 -0.0171
v 0.0769 1.1120 -0.0200
v 0.0549 1.1283 -0.0269
v 0.0774 1.1270 -0.0225
v 0.0677 1.1442 -0.0248
v 0.0521 1.0952 -0.0270
v 0.0924 1.1390 -0.0243
v 0.0756 1.0935 -0.0315
v 0.0924 1.1390 -0.0243
v 0.0677 1.1442 -0.0248
v 0.0934 1.1421 -0.0153
v 0.1020 1.1319 -0.0106
v 0.0735 1.1320 -0.0150
v 0.0664 1.1370 -0.0094
v 0.0846 1.1302 0.0033
v 0.0659 1.1316 -0.0144
v 0.0608 1.1488 -0.0398
v 0.0658 1.1662 -0.0270
v 0.0677 1.1442 -0.0248
v 0.0583 1.1297 -0.0428
v 0.0489 1.1405 -0.0457
v 0.0934 1.1421 -0.0153
v 0.0845 1.1884 -0.0216
v 0.0952 1.1826 -0.0184
v 0.0583 1.1297 -0.0428
v 0.0677 1.1442 -0.0248
v 0.0549 1.1283 -0.0269
v 0.1309 1.1443 0.0131
v 0.0837 1.1520 -0.0061
v 0.1084 1.1826 0.0071
v 0.0729 1.1607 -0.0076
v 0.0733 1.1775 -0.0032
v 0.0883 1.2184 0.0001
v 0.0805 1.2133 -0.0023
v 0.1138 1.2107 0.0059
v 0.0985 1.2187 0.0014
v 0.1245 1.1905 0.0063
v 0.0846 1.1302 0.0033
v 0.1319 1.1128 0.0151
v 0.1280 1.0764 0.0151
v 0.1610 1.0684 0.0397
v 0.1630 1.1360 0.0385
v 0.0664 1.1370 -0.0094
v 0.0651 1.1424 -0.0134
v 0.1607 1.1582 0.0221
v 0.1277 1.1759 0.0011
v 0.1511 1.1564 0.0065
v 0.0646 1.1381 -0.0145
v 0.0659 1.1316 -0.0144
v 0.0726 1.1613 -0.0128
v 0.0955 1.1555 -0.0075
v 0.0776 1.1700 -0.0120
v 0.0794 1.1828 -0.0095
v 0.0875 1.1975 -0.0094
v 0.0763 1.1983 -0.0108
v 0.0805 1.2133 -0.0023
v 0.0837 1.1520 -0.0061
v 0.0934 1.1421 -0.0153
v 0.0651 1.1424 -0.0134
v 0.0646 1.1381 -0.0145
v 0.0735 1.1320 -0.0150
v 0.0659 1.1316 -0.0144
v 0.0794 1.1828 -0.0095
v 0.0763 1.1983 -0.0108
v 0.0710 1.1920 0.0050
v 0.0733 1.1775 -0.0032
v 0.0805 1.2133 -0.0023
v 0.0684 1.1777 -0.0142
v 0.0794 1.1828 -0.0095
v 0.0733 1.1775 -0.0032
v 0.0733 1.1715 -0.0065
v 0.0733 1.1775 -0.0032
v 0.0729 1.1607 -0.0076
v 0.0684 1.1777 -0.0142
v 0.0805 1.2133 -0.0023
v 0.0733 1.1775 -0.0032
v 0.0710 1.1920 0.0050
v 0.0729 1.1607 -0.0076
v 0.0776 1.1700 -0.0120
v 0.0733 1.1715 -0.0065
v 0.0794 1.1828 -0.0095
v 0.0726 1.1613 -0.0128
v 0.0837 1.1520 -0.0061
v 0.0726 1.1613 -0.0128
v 0.0729 1.1607 -0.0076
v 0.0684 1.1777 -0.0142
v 0.0733 1.1715 -0.0065
v 0.0794 1.1828 -0.0095
v 0.0934 1.1421 -0.0153
v 0.0846 1.1302 0.0033
v 0.1020 1.1319 -0.0106
v 0.1013 1.0997 -0.0028
v 0.0934 1.1421 -0.0153
v 0.0735 1.1320 -0.0150
v 0.0846 1.1302 0.0033
v 0.1192 1.1991 -0.0105
v 0.1232 1.1844 -0.0164
v 0.1245 1.1905 0.0063
v 0.1277 1.1759 0.0011
v 0.1138 1.2107 0.0059
v 0.1282 1.1752 -0.0125
v 0.1209 1.1772 -0.0385
v 0.1511 1.1564 0.0065
v 0.1362 1.1586 -0.0487
v 0.1053 1.1860 -0.0204
v 0.2080 1.1483 0.1136
v 0.1910 1.0924 0.1077
v 0.1959 1.1502 0.1109
v 0.2097 1.0983 0.1099
v 0.2053 1.1728 0.1200
v 0.2097 1.0983 0.1099
v 0.2018 1.0880 0.1275
v 0.1910 1.0924 0.1077
v 0.1875 1.0622 0.1212
v 0.1910 1.0924 0.1077
v 0.1964 1.0739 0.1106
v 0.2265 1.1969 0.1622
v 0.2216 1.1574 0.1672
v 0.2076 1.1562 0.1580
v 0.2278 1.1668 0.1763
v 0.1686 1.2178 -0.0722
v 0.1525 1.1962 -0.0767
v 0.1550 1.2198 -0.1096
v 0.1700 1.2082 -0.0550
v 0.1541 1.1758 -0.0619
v 0.1356 1.1896 -0.1008
v 0.1761 1.1781 -0.0119
v 0.1475 1.2011 -0.1168
v 0.1345 1.2103 -0.1984
v 0.1709 1.2390 -0.0558
v 0.1719 1.2807 -0.0615
v 0.1738 1.2138 -0.0183
v 0.1797 1.2974 -0.0535
v 0.1773 1.2677 -0.0492
v 0.1398 1.2267 -0.1492
v 0.1260 1.2281 -0.1988
v 0.1685 1.3354 -0.0499
v 0.1385 1.1657 -0.0531
v 0.1275 1.1551 -0.1129
v 0.1362 1.1586 -0.0487
v 0.1511 1.1564 0.0065
v 0.1172 1.1370 -0.0947
v 0.1159 1.1348 -0.0667
v 0.1430 1.1742 -0.0450
v 0.1507 1.1657 -0.0332
v 0.1607 1.1582 0.0221
v 0.1549 1.1745 -0.0148
v 0.1309 1.1443 0.0131
v 0.1902 1.2435 0.0526
v 0.1963 1.2358 0.0968
v 0.1787 1.2206 0.0597
v 0.2180 1.2784 0.0943
v 0.2236 1.2794 0.1208
v 0.2030 1.2360 0.1264
v 0.2179 1.3167 0.0628
v 0.2229 1.3075 0.0954
v 0.2145 1.2639 0.1467
v 0.1995 1.2577 0.1724
v 0.1950 1.2288 0.1359
v 0.1952 1.2124 0.1164
v 0.2077 1.2209 0.0935
v 0.1903 1.1871 0.0916
v 0.1933 1.2071 0.0489
v 0.1720 1.1863 0.0474
v 0.1662 1.2026 0.0285
v 0.1672 1.1711 0.0297
v 0.1607 1.1582 0.0221
v 0.1812 1.1785 0.0023
v 0.1771 1.2141 0.0209
v 0.1743 1.2134 -0.0007
v 0.1972 1.2135 -0.0197
v 0.1951 1.1728 -0.0167
v 0.2101 1.1920 -0.0231
v 0.1430 1.1742 -0.0450
v 0.1761 1.1781 -0.0119
v 0.1549 1.1745 -0.0148
v 0.1541 1.1758 -0.0619
v 0.1812 1.1785 0.0023
v 0.1209 1.1772 -0.0385
v 0.1217 1.1774 -0.0502
v 0.1951 1.1728 -0.0167
v 0.1607 1.1582 0.0221
v 0.1265 1.1829 -0.0517
v 0.1771 1.2141 0.0209
v 0.1586 1.2140 0.0329
v 0.1662 1.2026 0.0285
v 0.1604 1.2294 0.0310
v 0.1672 1.1711 0.0297
v 0.1655 1.2522 0.0262
v 0.1655 1.2522 0.0262
v 0.1771 1.2141 0.0209
v 0.1705 1.2549 0.0321
v 0.0608 1.1488 -0.0398
v 0.1286 1.1674 -0.0446
v 0.0884 1.1778 -0.0343
v 0.1011 1.1428 -0.0457
v 0.1362 1.1586 -0.0487
v 0.0489 1.1405 -0.0457
v 0.0947 1.1831 -0.0305
v 0.1209 1.1772 -0.0385
v 0.0658 1.1662 -0.0270
v 0.0845 1.1884 -0.0216
v 0.1159 1.1348 -0.0667
v 0.1366 1.1722 -0.0296
v 0.0952 1.1826 -0.0184
v 0.0947 1.1932 -0.0243
v 0.0875 1.1975 -0.0094
v 0.0955 1.1555 -0.0075
v 0.0875 1.2005 -0.0175
v 0.0805 1.2133 -0.0023
v 0.0856 1.2150 -0.0143
v 0.0934 1.1421 -0.0153
v 0.1053 1.1860 -0.0204
v 0.0947 1.1932 -0.0243
v 0.0952 1.1826 -0.0184
v 0.0947 1.1831 -0.0305
v 0.1053 1.1860 -0.0204
v 0.0952 1.1826 -0.0184
v 0.1209 1.1772 -0.0385
v 0.0845 1.1884 -0.0216
v 0.0826 1.1838 -0.0349
v 0.0947 1.1831 -0.0305
v 0.0826 1.1838 -0.0349
v 0.0915 1.1881 -0.0363
v 0.0884 1.1778 -0.0343
v 0.0830 1.1798 -0.0369
v 0.0826 1.1838 -0.0349
v 0.0845 1.1884 -0.0216
v 0.1192 1.1991 -0.0105
v 0.0932 1.2061 -0.0173
v 0.1053 1.1860 -0.0204
v 0.1232 1.1844 -0.0164
v 0.0947 1.1932 -0.0243
v 0.1138 1.2107 0.0059
v 0.0985 1.2187 0.0014
v 0.0856 1.2150 -0.0143
v 0.0875 1.2005 -0.0175
v 0.1282 1.1752 -0.0125
v 0.1430 1.1742 -0.0450
v 0.1434 1.1743 -0.0085
v 0.1507 1.1657 -0.0332
v 0.1385 1.1657 -0.0531
v 0.1549 1.1745 -0.0148
v 0.1496 1.1722 -0.0030
v 0.1496 1.1722 -0.0030
v 0.1366 1.1722 -0.0296
v 0.1549 1.1745 -0.0148
v 0.1434 1.1743 -0.0085
v 0.1366 1.1722 -0.0296
v 0.1362 1.1586 -0.0487
v 0.1209 1.1772 -0.0385
v 0.1549 1.1745 -0.0148
v 0.1990 1.2056 -0.0327
v 0.1976 1.1784 -0.0280
v 0.1761 1.1781 -0.0119
v 0.1738 1.2138 -0.0183
v 0.1951 1.1728 -0.0167
v 0.1976 1.1784 -0.0280
v 0.2101 1.1920 -0.0231
v 0.1951 1.1728 -0.0167
v 0.1990 1.2056 -0.0327
v 0.0884 1.1718 -0.1220
v 0.0693 1.2126 -0.1089
v 0.1203 1.2121 -0.1176
v 0.1167 1.2344 -0.1120
v 0.0849 1.2262 -0.1105
v 0.0992 1.2428 -0.1097
v 0.0726 1.2357 -0.1081
v 0.0717 1.1957 -0.1103
v 0.0574 1.1871 -0.1093
v 0.0715 1.1872 -0.1137
v 0.0539 1.1776 -0.1125
v 0.0660 1.1782 -0.1151
v 0.0807 1.1750 -0.1168
v 0.1118 1.2394 -0.1125
v 0.0995 1.1710 -0.1170
v 0.1190 1.1908 -0.1177
v 0.0660 1.1782 -0.1151
v 0.0763 1.2060 -0.1516
v 0.0693 1.2126 -0.1089
v 0.0714 1.1725 -0.1332
v 0.0574 1.1871 -0.1093
v 0.0539 1.1776 -0.1125
v 0.1212 1.2225 -0.1279
v 0.0849 1.2262 -0.1105
v 0.0942 1.2153 -0.1486
v 0.1051 1.2145 -0.1501
v 0.0876 1.2155 -0.1497
v 0.0693 1.2126 -0.1089
v 0.0763 1.2060 -0.1516
v 0.1056 1.1792 -0.1319
v 0.0680 1.1787 -0.1403
v 0.0714 1.1725 -0.1332
v 0.0965 1.1708 -0.1267
v 0.0763 1.2060 -0.1516
v 0.0601 1.1829 -0.1461
v 0.0870 1.1991 -0.1488
v 0.0603 1.1818 -0.1435
v 0.0511 1.1860 -0.1462
v 0.0995 1.1710 -0.1170
v 0.1143 1.1851 -0.1282
v 0.1184 1.1949 -0.1355
v 0.1268 1.2010 -0.1232
v 0.1190 1.1908 -0.1177
v 0.0660 1.1782 -0.1151
v 0.0884 1.1718 -0.1220
v 0.0714 1.1725 -0.1332
v 0.0807 1.1750 -0.1168
v 0.0965 1.1708 -0.1267
v 0.0995 1.1710 -0.1170
v 0.0657 1.1806 -0.1415
v 0.0714 1.1725 -0.1332
v 0.0680 1.1787 -0.1403
v 0.0601 1.1829 -0.1461
v 0.0601 1.1829 -0.1461
v 0.0657 1.1806 -0.1415
v 0.0595 1.1824 -0.1443
v 0.0511 1.1860 -0.1462
v 0.0603 1.1818 -0.1435
v 0.0603 1.1818 -0.1435
v 0.0657 1.1806 -0.1415
v 0.0680 1.1787 -0.1403
v 0.0763 1.2060 -0.1516
v 0.0714 1.1725 -0.1332
v 0.0601 1.1829 -0.1461
v 0.1430 1.1742 -0.0450
v 0.1286 1.1674 -0.0446
v 0.1366 1.1722 -0.0296
v 0.1434 1.1743 -0.0085
v 0.1278 1.1696 -0.0530
v 0.1217 1.1774 -0.0502
v 0.1286 1.1674 -0.0446
v 0.1278 1.1696 -0.0530
v 0.1209 1.1772 -0.0385
v 0.1278 1.1696 -0.0530
v 0.1265 1.1829 -0.0517
v 0.1217 1.1774 -0.0502
v 0.1430 1.1742 -0.0450
v 0.0830 1.1798 -0.0369
v 0.0947 1.1831 -0.0305
v 0.0915 1.1881 -0.0363
v 0.0884 1.1778 -0.0343
v 0.0830 1.1798 -0.0369
v 0.0915 1.1881 -0.0363
v 0.0826 1.1838 -0.0349
v 0.1356 1.1896 -0.1008
v 0.1275 1.1551 -0.1129
v 0.1190 1.1908 -0.1177
v 0.1029 1.1596 -0.1187
v 0.1138 1.1731 -0.1331
v 0.1143 1.1851 -0.1282
v 0.1190 1.1908 -0.1177
v 0.1029 1.1596 -0.1187
v 0.1475 1.2011 -0.1168
v 0.1268 1.2010 -0.1232
v 0.1237 1.2022 -0.1516
v 0.1345 1.2103 -0.1984
v 0.1179 1.2029 -0.1947
v 0.1356 1.1896 -0.1008
v 0.1525 1.1962 -0.0767
v 0.1190 1.1908 -0.1177
v 0.1184 1.1949 -0.1355
v 0.1237 1.2022 -0.1516
v 0.1268 1.2010 -0.1232
v 0.1138 1.1731 -0.1331
v 0.1260 1.2281 -0.1988
v 0.1179 1.2029 -0.1947
v 0.1139 1.2197 -0.1953
v 0.1345 1.2103 -0.1984
v 0.1051 1.2145 -0.1501
v 0.0927 1.2084 -0.1482
v 0.0870 1.1991 -0.1488
v 0.0942 1.2153 -0.1486
v 0.0876 1.2155 -0.1497
v 0.0763 1.2060 -0.1516
v 0.1056 1.1792 -0.1319
v 0.1184 1.1949 -0.1355
v 0.1212 1.2225 -0.1279
v 0.1138 1.1731 -0.1331
v 0.1268 1.2010 -0.1232
v 0.1143 1.1851 -0.1282
v -0.3170 1.2007 0.1488
v -0.3086 1.2047 0.1429
v -0.3223 1.1963 0.1412
v -0.3170 1.2007 0.1488
v -0.3187 1.2070 0.1485
v -0.3086 1.2047 0.1429
v -0.3086 1.2047 0.1429
v -0.3187 1.2070 0.1485
v -0.3124 1.2073 0.1601
v -0.3219 1.2159 0.1552
v -0.3086 1.2047 0.1429
v -0.3124 1.2073 0.1601
v -0.3154 1.2146 0.1431
v -0.3086 1.2047 0.1429
v -0.3154 1.2146 0.1431
v -0.3223 1.1963 0.1412
v -0.2917 1.2245 0.1477
v -0.2983 1.2116 0.1488
v -0.3027 1.2211 0.1505
v -0.3027 1.2211 0.1505
v -0.2983 1.2116 0.1488
v -0.3022 1.2214 0.1407
v -0.3051 1.2207 0.1351
v -0.2929 1.2230 0.1362
v -0.3051 1.2207 0.1351
v -0.2923 1.2241 0.1423
v -0.3080 1.2282 0.1271
v -0.2983 1.2116 0.1488
v -0.3119 1.2223 0.1289
v -0.2917 1.2245 0.1477
v -0.2993 1.2231 0.1327
v -0.3080 1.2282 0.1271
v -0.2929 1.2230 0.1362
v -0.3119 1.2223 0.1289
v -0.3022 1.2214 0.1407
v -0.3051 1.2207 0.1351
v -0.2923 1.2241 0.1423
v -0.2917 1.2245 0.1477
v -0.3027 1.2211 0.1505
v -0.1381 1.1934 -0.0024
v -0.1584 1.2107 0.0273
v -0.1339 1.2037 0.0214
v -0.1567 1.2134 0.0418
v -0.1119 1.2015 0.0024
v -0.1649 1.2270 0.0318
v -0.1728 1.2312 0.0583
v -0.1604 1.2191 0.0488
v -0.1567 1.2134 0.0418
v -0.1584 1.2107 0.0273
v -0.1757 1.2369 0.0718
v -0.1806 1.2263 0.0532
v -0.1728 1.2312 0.0583
v -0.1649 1.2270 0.0318
v -0.1779 1.2341 0.0656
v -0.2173 1.2141 0.0124
v -0.2398 1.1939 0.0158
v -0.2303 1.2249 0.0133
v -0.1908 1.2269 0.0453
v -0.1579 1.2491 -0.1415
v -0.1610 1.2064 -0.1065
v -0.1599 1.2739 -0.1223
v -0.1633 1.2011 -0.1308
v -0.1565 1.2697 -0.0997
v -0.1488 1.2779 -0.1406
v -0.1533 1.2938 -0.1364
v -0.1565 1.2697 -0.0997
v -0.1669 1.2761 -0.1053
v -0.1599 1.2739 -0.1223
v -0.1708 1.2779 -0.0945
v -0.1761 1.2830 -0.1525
v -0.1687 1.2641 -0.0658
v -0.1092 1.2356 0.0003
v -0.0988 1.2478 -0.0013
v -0.0970 1.2232 0.0017
v -0.0928 1.2446 0.0003
v -0.1064 1.2228 -0.0015
v -0.1146 1.2415 -0.0044
v -0.0970 1.2232 0.0017
v -0.0928 1.2446 0.0003
v -0.1021 1.2344 -0.0062
v -0.1064 1.2228 -0.0015
v -0.0928 1.2446 0.0003
v -0.1092 1.2356 0.0003
v -0.1021 1.2344 -0.0062
v -0.0988 1.2478 -0.0013
v -0.1092 1.2356 0.0003
v -0.0928 1.2446 0.0003
v 0.0075 1.3264 -0.1588
v -0.0168 1.2984 -0.1596
v -0.0215 1.3283 -0.1586
v 0.0281 1.2897 -0.1630
v -0.0368 1.3540 -0.1561
v -0.0123 1.3807 -0.1528
v -0.0923 1.3590 -0.1580
v -0.0576 1.3908 -0.1509
v -0.1129 1.3850 -0.1548
v -0.1246 1.3452 -0.1576
v -0.0545 1.3133 -0.1556
v -0.0990 1.3249 -0.1572
v -0.0883 1.2718 -0.1555
v -0.1319 1.2793 -0.1550
v -0.1180 1.2525 -0.1600
v -0.0819 1.2361 -0.1608
v -0.0692 1.2530 -0.1625
v -0.0132 1.2205 -0.1602
v -0.0642 1.2112 -0.1630
v -0.0196 1.2523 -0.1638
v 0.0289 1.2495 -0.1669
v 0.0079 1.2730 -0.1635
v 0.0406 1.2630 -0.1641
v 0.0461 1.3016 -0.1669
v 0.0801 1.2743 -0.1672
v 0.0776 1.2353 -0.1686
v 0.0198 1.3314 -0.1644
v 0.0651 1.3244 -0.1643
v 0.0424 1.3698 -0.1614
v -0.0027 1.3928 -0.1558
v 0.0438 1.1977 -0.1593
v -0.0626 1.4059 -0.1450
v -0.0128 1.4286 -0.1527
v 0.0265 1.4199 -0.1534
v 0.0489 1.4047 -0.1559
v -0.0702 1.4397 -0.1438
v -0.1126 1.4341 -0.1390
v -0.1096 1.4111 -0.1437
v -0.1248 1.4705 -0.1271
v -0.0216 1.2050 -0.1649
v -0.0977 1.4739 -0.1297
v -0.0264 1.3720 -0.1596
v 0.0534 1.4519 -0.1414
v -0.0040 1.2832 -0.1571
v -0.0111 1.2659 -0.1608
v -0.0542 1.2653 -0.1541
v -0.0903 1.3153 -0.1633
v 0.0735 1.3841 -0.1489
v 0.1061 1.4064 -0.1392
v -0.1893 1.3891 0.1049
v -0.1940 1.3828 0.1027
v -0.1853 1.3981 0.1052
v -0.1826 1.3980 0.1082
v -0.1787 1.4095 0.1061
v -0.1991 1.4107 0.0879
v -0.1897 1.3887 0.1057
v -0.2054 1.4265 0.0887
v -0.1681 1.4105 0.1130
v -0.1858 1.4507 0.1006
v -0.1569 1.4171 0.1180
v -0.1656 1.3864 0.1248
v -0.1543 1.3999 0.1295
v -0.2022 1.4395 0.0936
v -0.1596 1.4523 0.0964
v -0.1853 1.3981 0.1052
v -0.1897 1.3887 0.1057
v -0.1991 1.4107 0.0879
v -0.1596 1.4523 0.0964
v -0.1971 1.4275 0.0813
v -0.1787 1.4095 0.1061
v -0.1849 1.4441 0.0818
v -0.1901 1.4404 0.0798
v -0.1569 1.4171 0.1180
v -0.1543 1.3999 0.1295
v -0.1826 1.3980 0.1082
v -0.1991 1.4107 0.0879
v -0.1897 1.3887 0.1057
v -0.1656 1.3864 0.1248
v -0.1788 1.4516 0.0806
v -0.1940 1.3828 0.1027
v -0.1897 1.3887 0.1057
v -0.1853 1.3981 0.1052
v -0.1963 1.4077 0.0376
v -0.1677 1.4381 0.0532
v -0.1671 1.4009 0.0221
v -0.2170 1.4347 0.0738
v -0.0950 1.4229 -0.0167
v -0.1340 1.4972 0.0757
v -0.0807 1.4743 0.0176
v -0.1838 1.4606 0.0752
v -0.0792 1.4650 0.0061
v -0.0737 1.4617 -0.0020
v -0.1132 1.3870 -0.0199
v -0.1808 1.3734 0.0162
v -0.1289 1.3566 -0.0159
v -0.1592 1.3461 0.0042
v -0.2362 1.4159 0.0932
v -0.2178 1.3938 0.0622
v -0.2327 1.4499 0.1181
v -0.1849 1.4441 0.0818
v -0.2002 1.4501 0.1067
v -0.0792 1.4650 0.0061
v -0.0807 1.4743 0.0176
v -0.0872 1.4808 0.0062
v -0.2054 1.4265 0.0887
v -0.1901 1.4404 0.0798
v -0.2022 1.4395 0.0936
v -0.1971 1.4275 0.0813
v -0.2002 1.4501 0.1067
v -0.2092 1.4480 0.1255
v -0.1991 1.4107 0.0879
v -0.1419 1.3217 -0.0921
v -0.1565 1.3145 -0.0943
v -0.1567 1.3151 -0.0649
v -0.1437 1.3204 -0.0508
v -0.1338 1.3231 -0.1021
v -0.1556 1.3038 -0.1019
v -0.1379 1.3633 -0.0946
v -0.1338 1.3231 -0.1021
v -0.1419 1.3217 -0.0921
v -0.1315 1.3602 -0.0998
v -0.1278 1.3860 -0.0326
v -0.1132 1.3870 -0.0199
v -0.0950 1.4229 -0.0167
v -0.1012 1.4495 -0.0378
v -0.0878 1.4473 -0.0200
v -0.1289 1.3566 -0.0159
v -0.1397 1.3558 -0.0292
v -0.1400 1.3014 -0.0077
v -0.0737 1.4617 -0.0020
v -0.0846 1.4559 -0.0401
v -0.1031 1.3898 -0.0862
v -0.0821 1.4007 -0.0838
v -0.0877 1.3901 -0.0877
v -0.0970 1.4031 -0.0857
v -0.1093 1.4005 -0.0873
v -0.0976 1.4180 -0.0838
v -0.0788 1.4115 -0.0832
v -0.0714 1.4326 -0.0835
v -0.0676 1.4174 -0.0825
v -0.0634 1.4294 -0.0844
v -0.1135 1.3752 -0.0914
v -0.0946 1.3647 -0.0950
v -0.0573 1.4192 -0.0871
v -0.0970 1.3602 -0.0930
v -0.0962 1.3523 -0.0935
v -0.0818 1.3479 -0.0936
v -0.0803 1.3548 -0.0925
v -0.1002 1.3399 -0.0963
v -0.1128 1.4204 -0.0771
v -0.0967 1.4387 -0.0784
v -0.0862 1.4491 -0.0798
v -0.0878 1.3494 -0.0994
v -0.0972 1.3369 -0.0972
v -0.0921 1.4647 -0.0671
v -0.1110 1.4153 -0.0825
v -0.0739 1.3972 -0.0945
v -0.1031 1.3898 -0.0862
v -0.0877 1.3901 -0.0877
v -0.1027 1.3736 -0.0962
v -0.0788 1.4115 -0.0832
v -0.0676 1.4174 -0.0825
v -0.0736 1.4092 -0.0963
v -0.0573 1.4192 -0.0871
v -0.0821 1.4007 -0.0838
v -0.0739 1.3972 -0.0945
v -0.0921 1.4647 -0.0671
v -0.1198 1.4753 -0.0585
v -0.1346 1.4603 -0.0775
v -0.0998 1.4792 -0.0565
v -0.0783 1.4636 -0.0649
v -0.0993 1.4393 -0.0817
v -0.0862 1.4491 -0.0798
v -0.0777 1.4269 -0.0933
v -0.0714 1.4326 -0.0835
v -0.0634 1.4294 -0.0844
v -0.0573 1.4192 -0.0871
v -0.0736 1.4092 -0.0963
v -0.1334 1.5033 -0.0560
v -0.0980 1.5004 -0.0527
v -0.1065 1.5059 -0.0444
v -0.1310 1.5173 -0.0386
v -0.1039 1.5204 -0.0386
v -0.1005 1.5296 -0.0353
v -0.1446 1.5115 -0.0585
v -0.1546 1.4776 -0.0934
v -0.1459 1.4594 -0.1059
v -0.1423 1.4300 -0.1013
v -0.1288 1.4189 -0.0897
v -0.1110 1.4153 -0.0825
v -0.1208 1.3942 -0.0833
v -0.1384 1.3653 -0.0988
v -0.1533 1.2938 -0.1364
v -0.1761 1.2830 -0.1525
v -0.1671 1.3077 -0.1468
v -0.1546 1.3097 -0.1251
v -0.1599 1.2739 -0.1223
v -0.1135 1.3752 -0.0914
v -0.1002 1.3399 -0.0963
v -0.1023 1.3393 -0.1002
v -0.0972 1.3369 -0.0972
v -0.1384 1.3653 -0.0988
v -0.0946 1.3647 -0.0950
v -0.1031 1.3898 -0.0862
v -0.1027 1.3736 -0.0962
v -0.0966 1.3500 -0.1015
v -0.0803 1.3548 -0.0925
v -0.0878 1.3494 -0.0994
v -0.0818 1.3479 -0.0936
v -0.1027 1.3736 -0.0962
v -0.0907 1.4035 -0.0922
v -0.1127 1.3924 -0.0963
v -0.0877 1.3901 -0.0877
v -0.1315 1.3602 -0.0998
v -0.1133 1.4023 -0.0913
v -0.0966 1.3500 -0.1015
v -0.1023 1.3393 -0.1002
v -0.0739 1.3972 -0.0945
v -0.0736 1.4092 -0.0963
v -0.0972 1.3369 -0.0972
v -0.0878 1.3494 -0.0994
v -0.0777 1.4269 -0.0933
v -0.0777 1.4269 -0.0933
v -0.0970 1.4031 -0.0857
v -0.0907 1.4035 -0.0922
v -0.0976 1.4180 -0.0838
v -0.0993 1.4393 -0.0817
v -0.1110 1.4153 -0.0825
v -0.1346 1.4603 -0.0775
v -0.1127 1.3924 -0.0963
v -0.1234 1.3767 -0.0948
v -0.1315 1.3602 -0.0998
v -0.1234 1.3767 -0.0948
v -0.1127 1.3924 -0.0963
v -0.1135 1.3752 -0.0914
v -0.1315 1.3602 -0.0998
v -0.1093 1.4005 -0.0873
v -0.1133 1.4023 -0.0913
v -0.1023 1.3393 -0.1002
v -0.1315 1.3602 -0.0998
v -0.1379 1.3633 -0.0946
v -0.1338 1.3231 -0.1021
v -0.1315 1.3602 -0.0998
v -0.1384 1.3653 -0.0988
v -0.1135 1.3752 -0.0914
v -0.0878 1.3494 -0.0994
v -0.0962 1.3523 -0.0935
v -0.0818 1.3479 -0.0936
v -0.1093 1.4005 -0.0873
v -0.0907 1.4035 -0.0922
v -0.0970 1.4031 -0.0857
v -0.1133 1.4023 -0.0913
v -0.1197 1.5078 0.0919
v -0.0873 1.5268 0.0961
v -0.1340 1.4972 0.0757
v -0.1541 1.4910 0.1004
v -0.1838 1.4606 0.0752
v -0.1922 1.4728 0.1197
v -0.0472 1.5182 0.0569
v -0.0485 1.5453 0.1103
v -0.0807 1.4743 0.0176
v -0.0234 1.5089 0.0350
v -0.0099 1.5588 0.1213
v 0.0140 1.5161 0.0396
v -0.0379 1.4984 0.0228
v 0.0487 1.5311 0.0704
v 0.0123 1.5573 0.1176
v -0.0665 1.4830 0.0108
v -0.0697 1.4795 0.0044
v -0.2002 1.4501 0.1067
v -0.2102 1.4564 0.1305
v -0.2327 1.4499 0.1181
v -0.2170 1.4347 0.0738
v -0.1901 1.4404 0.0798
v -0.1677 1.4381 0.0532
v -0.1849 1.4441 0.0818
v -0.1992 1.4717 0.1417
v -0.2025 1.4713 0.1635
v -0.0872 1.4808 0.0062
v -0.1960 1.4956 0.1347
v -0.2013 1.4817 0.1245
v -0.2025 1.4713 0.1635
v -0.1883 1.4851 0.1754
v -0.1833 1.4934 0.1111
v -0.2013 1.4817 0.1245
v -0.1922 1.4728 0.1197
v -0.1992 1.4717 0.1417
v -0.2025 1.4713 0.1635
v -0.1849 1.4441 0.0818
v -0.1858 1.4507 0.1006
v -0.2002 1.4501 0.1067
v -0.2092 1.4480 0.1255
v -0.1788 1.4516 0.0806
v -0.1596 1.4523 0.0964
v -0.1442 1.5113 0.1004
v -0.1541 1.4910 0.1004
v -0.1833 1.4934 0.1111
v -0.1197 1.5078 0.0919
v -0.1922 1.4728 0.1197
v -0.2013 1.4817 0.1245
v -0.0873 1.5268 0.0961
v -0.1858 1.4507 0.1006
v -0.2022 1.4395 0.0936
v -0.2092 1.4480 0.1255
v -0.0531 1.5314 0.1212
v -0.0930 1.5170 0.1252
v -0.0781 1.5343 0.1275
v -0.1353 1.5228 0.1297
v -0.1487 1.5054 0.1315
v -0.0292 1.5495 0.1293
v -0.0379 1.4984 0.0228
v -0.0216 1.5240 0.0313
v -0.0671 1.5228 0.0304
v -0.0793 1.5057 0.0240
v -0.0665 1.4830 0.0108
v -0.0872 1.4808 0.0062
v -0.1139 1.5260 0.0200
v -0.1073 1.5104 0.0119
v -0.1037 1.5429 0.0198
v -0.0885 1.4945 0.0215
v -0.0234 1.5089 0.0350
v 0.0140 1.5161 0.0396
v 0.0173 1.5321 0.0461
v 0.0540 1.5158 0.0450
v 0.1059 1.5374 0.0517
v 0.0997 1.5162 0.0465
v 0.1256 1.5192 0.0481
v -0.1170 1.4814 0.0012
v -0.1051 1.4551 -0.0195
v -0.0792 1.4650 0.0061
v -0.0885 1.4945 0.0215
v -0.1073 1.5104 0.0119
v -0.0885 1.4945 0.0215
v -0.0792 1.4650 0.0061
v -0.0872 1.4808 0.0062
v -0.0697 1.4795 0.0044
v -0.0737 1.4617 -0.0020
v -0.0799 1.4683 -0.0039
v -0.0902 1.4606 -0.0121
v -0.0872 1.4808 0.0062
v -0.0799 1.4683 -0.0039
v -0.0692 1.4458 -0.0205
v -0.0512 1.4640 -0.0049
v -0.0507 1.4786 0.0049
v -0.0860 1.4444 -0.0267
v -0.0902 1.4606 -0.0121
v -0.0729 1.4869 0.0045
v -0.0872 1.4808 0.0062
v -0.1011 1.4582 -0.0299
v -0.0665 1.4830 0.0108
v -0.0729 1.4869 0.0045
v -0.0697 1.4795 0.0044
v -0.0737 1.4617 -0.0020
v -0.0512 1.4640 -0.0049
v -0.0860 1.4444 -0.0267
v -0.0737 1.4617 -0.0020
v -0.0878 1.4473 -0.0200
v -0.0507 1.4786 0.0049
v -0.0692 1.4458 -0.0205
v -0.0729 1.4869 0.0045
v -0.1217 1.5015 -0.0216
v -0.1073 1.5104 0.0119
v -0.1107 1.5103 -0.0042
v -0.1039 1.5204 -0.0386
v -0.1005 1.5296 -0.0353
v -0.1170 1.4814 0.0012
v -0.1200 1.5283 -0.0117
v -0.1139 1.5260 0.0200
v -0.0979 1.5607 -0.0181
v -0.1037 1.5429 0.0198
v -0.0871 1.5408 -0.0415
v -0.0665 1.4830 0.0108
v -0.0872 1.4808 0.0062
v -0.0729 1.4869 0.0045
v -0.0860 1.4444 -0.0267
v -0.0846 1.4559 -0.0401
v -0.0878 1.4473 -0.0200
v -0.0980 1.5004 -0.0527
v -0.1127 1.4642 -0.0345
v -0.1119 1.4875 -0.0307
v -0.0998 1.4792 -0.0565
v -0.1170 1.4814 0.0012
v -0.1217 1.5015 -0.0216
v -0.1065 1.5059 -0.0444
v -0.1039 1.5204 -0.0386
v -0.0906 1.4524 -0.0439
v -0.0783 1.4636 -0.0649
v -0.1012 1.4495 -0.0378
v -0.1051 1.4551 -0.0195
v -0.0902 1.4606 -0.0121
v -0.1051 1.4551 -0.0195
v -0.1011 1.4582 -0.0299
v -0.0792 1.4650 0.0061
v -0.0737 1.4617 -0.0020
v -0.1012 1.4495 -0.0378
v -0.0846 1.4559 -0.0401
v -0.0846 1.4559 -0.0401
v -0.0860 1.4444 -0.0267
v -0.1011 1.4582 -0.0299
v -0.0783 1.4636 -0.0649
v -0.1057 1.4481 -0.0516
v -0.0906 1.4524 -0.0439
v -0.1012 1.4495 -0.0378
v -0.0921 1.4647 -0.0671
v -0.1174 1.5016 -0.1319
v -0.1446 1.5166 -0.0970
v -0.1412 1.5357 -0.1005
v -0.0970 1.5247 -0.1402
v -0.1408 1.4766 -0.1228
v -0.1139 1.5509 -0.1075
v -0.1546 1.4776 -0.0934
v -0.1459 1.4594 -0.1059
v -0.1446 1.5115 -0.0585
v -0.1345 1.5394 -0.0508
v -0.1310 1.5173 -0.0386
v -0.0128 1.4286 -0.1527
v -0.0702 1.4397 -0.1438
v -0.0379 1.4523 -0.1365
v 0.0534 1.4519 -0.1414
v -0.0769 1.4597 -0.1247
v -0.0977 1.4739 -0.1297
v -0.0641 1.6483 0.1654
v -0.0627 1.6382 0.1635
v -0.0672 1.6380 0.1639
v -0.0686 1.6474 0.1648
v -0.0617 1.6339 0.1543
v -0.0665 1.6499 0.1696
v -0.0617 1.6339 0.1543
v -0.0627 1.6382 0.1635
v -0.0686 1.6474 0.1648
v -0.0665 1.6499 0.1696
v -0.0604 1.6548 0.1655
v -0.0651 1.6455 0.1612
v -0.0641 1.6483 0.1654
v -0.0665 1.6499 0.1696
v -0.0633 1.6560 0.1574
v -0.0632 1.6379 0.1584
v -0.0627 1.6382 0.1635
v -0.0633 1.6560 0.1574
v -0.0604 1.6548 0.1655
v -0.0632 1.6379 0.1584
v -0.0627 1.6382 0.1635
v -0.0633 1.6560 0.1574
v -0.0557 1.6532 0.1569
v -0.0617 1.6339 0.1543
v -0.0596 1.6404 0.1576
v -0.0617 1.6339 0.1543
v -0.0557 1.6532 0.1569
v -0.0595 1.6382 0.1576
v -0.0571 1.6358 0.1596
v -0.0617 1.6339 0.1543
v -0.0571 1.6358 0.1596
v -0.0633 1.6560 0.1574
v -0.0571 1.6358 0.1596
v -0.0617 1.6339 0.1543
v -0.0517 1.6422 0.1518
v -0.0571 1.6358 0.1596
v -0.0557 1.6532 0.1569
v -0.0560 1.6477 0.1534
v -0.0560 1.6477 0.1534
v -0.0557 1.6532 0.1569
v -0.0517 1.6422 0.1518
v -0.0617 1.6339 0.1543
v -0.0544 1.6489 0.1496
v -0.0546 1.6406 0.1485
v -0.0517 1.6422 0.1518
v -0.0557 1.6532 0.1569
v -0.0517 1.6422 0.1518
v -0.0546 1.6406 0.1485
v -0.0510 1.6590 0.1448
v -0.0446 1.6549 0.1507
v -0.0235 1.6518 0.1344
v -0.0290 1.6446 0.1345
v -0.0557 1.6532 0.1569
v -0.0256 1.6460 0.1295
v -0.0179 1.6571 0.1291
v -0.0544 1.6489 0.1496
v 0.0261 1.6165 0.1333
v -0.0093 1.6473 0.1279
v 0.0180 1.6490 0.1251
v 0.0148 1.5883 0.1440
v 0.0117 1.6591 0.1242
v -0.0094 1.6568 0.1257
v -0.0256 1.5872 0.1560
v -0.0290 1.6446 0.1345
v -0.0179 1.6571 0.1291
v -0.0211 1.6596 0.1286
v -0.0303 1.6725 0.1315
v 0.0313 1.6480 0.1290
v 0.0482 1.6496 0.1322
v 0.0558 1.5893 0.1561
v 0.0671 1.6475 0.1408
v -0.0446 1.6549 0.1507
v -0.0510 1.6590 0.1448
v -0.0235 1.6518 0.1344
v -0.0557 1.6532 0.1569
v -0.0303 1.6725 0.1315
v -0.0179 1.6571 0.1291
v 0.0302 1.5521 0.0352
v -0.0029 1.5662 -0.0121
v -0.0145 1.5509 0.0166
v 0.0450 1.5697 0.0049
v -0.0648 1.5627 -0.0016
v -0.0596 1.5513 0.0199
v 0.0829 1.5698 -0.0048
v 0.1128 1.5567 0.0179
v 0.1059 1.5374 0.0517
v 0.1255 1.5621 -0.0024
v 0.0980 1.5726 -0.0138
v 0.0173 1.5321 0.0461
v -0.0216 1.5240 0.0313
v -0.0671 1.5228 0.0304
v -0.1037 1.5429 0.0198
v -0.0979 1.5607 -0.0181
v 0.0341 1.5426 -0.0386
v -0.0471 1.5467 -0.0530
v 0.0063 1.5622 -0.0284
v 0.0381 1.5520 -0.0303
v -0.0553 1.5595 -0.0291
v -0.0979 1.5607 -0.0181
v -0.0871 1.5408 -0.0415
v -0.0648 1.5627 -0.0016
v -0.0029 1.5662 -0.0121
v 0.0829 1.5698 -0.0048
v 0.0450 1.5697 0.0049
v 0.0573 1.5440 -0.0189
v 0.0589 1.5373 -0.0306
v 0.0341 1.5426 -0.0386
v -0.0403 1.5550 -0.0772
v -0.0471 1.5467 -0.0530
v -0.1099 1.5494 -0.0689
v -0.0871 1.5408 -0.0415
v -0.1345 1.5394 -0.0508
v 0.0518 1.5481 -0.0433
v 0.0961 1.5616 -0.0630
v 0.0923 1.5554 -0.0364
v 0.1373 1.5587 -0.0355
v 0.1299 1.5474 -0.0120
v 0.0055 1.5561 -0.1011
v -0.0848 1.5485 -0.1033
v -0.1139 1.5509 -0.1075
v -0.1412 1.5357 -0.1005
v -0.0500 1.5356 -0.1310
v 0.0715 1.5380 -0.0231
v 0.0851 1.5450 -0.0169
v -0.1005 1.5296 -0.0353
v 0.0589 1.5373 -0.0306
v -0.1310 1.5173 -0.0386
v 0.0511 1.5375 -0.1254
v 0.0172 1.5245 -0.1432
v 0.0293 1.5379 -0.1106
v 0.0708 1.5422 -0.0976
v 0.1105 1.5378 -0.1208
v 0.1164 1.5452 -0.0678
v 0.1504 1.5414 -0.0764
v 0.1373 1.5587 -0.0355
v 0.1465 1.5213 -0.1401
v 0.0644 1.5286 -0.1375
v 0.0055 1.5561 -0.1011
v -0.0500 1.5356 -0.1310
v 0.0961 1.5616 -0.0630
v -0.0970 1.5247 -0.1402
v -0.0848 1.5485 -0.1033
v -0.0403 1.5550 -0.0772
v -0.1139 1.5509 -0.1075
v 0.0178 1.5071 -0.1568
v 0.0625 1.5382 -0.1462
v -0.0229 1.4939 -0.1558
v -0.0510 1.5014 -0.1470
v 0.1049 1.5380 -0.1533
v 0.0650 1.5137 -0.1592
v 0.1270 1.2756 0.0031
v 0.1724 1.2404 0.0169
v 0.1235 1.2468 0.0036
v 0.1326 1.2129 0.0073
v 0.1530 1.2721 0.0137
v 0.1768 1.2823 0.0189
v 0.1470 1.2978 0.0109
v 0.1490 1.3272 0.0102
v 0.1424 1.2094 0.0134
v 0.1309 1.2022 0.0065
v 0.1460 1.2064 0.0165
v 0.1614 1.2088 0.0176
v 0.1267 1.2088 0.0013
v 0.1648 1.2729 0.0248
v 0.1642 1.2511 0.0267
v 0.1644 1.2527 0.0244
v 0.1604 1.2294 0.0310
v 0.1721 1.2937 0.0313
v 0.1705 1.2549 0.0321
v 0.1648 1.2729 0.0248
v 0.2179 1.3167 0.0628
v 0.1771 1.3352 0.0345
v 0.1902 1.2435 0.0526
v 0.1604 1.2294 0.0310
v 0.1642 1.2511 0.0267
v 0.1787 1.2206 0.0597
v 0.2266 1.3359 0.0715
v 0.1626 1.3766 0.0233
v 0.2166 1.4112 0.0853
v 0.1627 1.4192 0.0385
v 0.1246 1.4271 0.0210
v 0.1348 1.4084 0.0082
v 0.1265 1.4579 0.0366
v 0.1262 1.3779 0.0024
v 0.1767 1.3455 0.0251
v 0.1490 1.3272 0.0102
v 0.1352 1.3423 0.0069
v 0.1768 1.2823 0.0189
v 0.1262 1.3779 0.0024
v 0.1626 1.3766 0.0233
v 0.1133 1.3615 0.0038
v 0.1217 1.3206 0.0045
v 0.1066 1.3459 0.0059
v 0.1073 1.3243 0.0053
v 0.1130 1.3175 0.0060
v 0.1125 1.3075 0.0058
v 0.1601 1.2722 0.0016
v 0.1238 1.2772 -0.0011
v 0.1234 1.2692 -0.0117
v 0.1348 1.2873 0.0017
v 0.1221 1.2434 -0.0104
v 0.1578 1.2204 0.0049
v 0.1606 1.2450 0.0044
v 0.1226 1.2270 -0.0071
v 0.1624 1.2177 0.0126
v 0.1424 1.2094 0.0134
v 0.1267 1.2088 0.0013
v 0.1309 1.2022 0.0065
v 0.1589 1.2101 0.0030
v 0.1622 1.2677 0.0077
v 0.1614 1.2088 0.0176
v 0.1724 1.2404 0.0169
v 0.1238 1.2772 -0.0011
v 0.1235 1.2468 0.0036
v 0.1221 1.2434 -0.0104
v 0.1226 1.2270 -0.0071
v 0.1234 1.2692 -0.0117
v 0.1267 1.2088 0.0013
v 0.1270 1.2756 0.0031
v 0.1348 1.2873 0.0017
v 0.1130 1.3175 0.0060
v 0.1063 1.3115 -0.0070
v 0.1092 1.3199 0.0074
v 0.1005 1.3166 0.0085
v 0.1005 1.3166 0.0085
v 0.1073 1.3243 0.0053
v 0.1092 1.3199 0.0074
v 0.1092 1.3199 0.0074
v 0.1125 1.3075 0.0058
v 0.1130 1.3175 0.0060
v 0.1073 1.3243 0.0053
v 0.1125 1.3075 0.0058
v 0.1092 1.3199 0.0074
v 0.1114 1.3188 -0.0087
v 0.1217 1.3206 0.0045
v 0.1233 1.3265 -0.0081
v 0.1130 1.3175 0.0060
v 0.1063 1.3115 -0.0070
v 0.1352 1.3423 0.0069
v 0.1292 1.3388 -0.0126
v 0.1685 1.3354 -0.0499
v 0.1394 1.3358 -0.0546
v 0.1758 1.3319 -0.0004
v 0.1348 1.4084 0.0082
v 0.1262 1.3779 0.0024
v 0.1408 1.4022 -0.0074
v 0.1440 1.4642 0.0189
v 0.1292 1.3388 -0.0126
v 0.1246 1.4271 0.0210
v 0.1265 1.4579 0.0366
v 0.1494 1.4802 0.0279
v 0.1133 1.3615 0.0038
v 0.1114 1.3188 -0.0087
v 0.1147 1.4797 0.0477
v 0.1247 1.5036 0.0460
v 0.1104 1.4904 0.0561
v 0.1073 1.3243 0.0053
v 0.1063 1.3115 -0.0070
v 0.1005 1.3166 0.0085
v 0.1066 1.3459 0.0059
v 0.1311 1.2150 0.0224
v 0.1586 1.2140 0.0329
v 0.1604 1.2294 0.0310
v 0.1447 1.2360 0.0247
v 0.1547 1.2014 0.0405
v 0.1609 1.2075 0.0467
v 0.1787 1.2206 0.0597
v 0.1933 1.2071 0.0489
v 0.1787 1.2206 0.0597
v 0.2077 1.2209 0.0935
v 0.1586 1.2140 0.0329
v 0.1963 1.2358 0.0968
v 0.1662 1.2026 0.0285
v 0.2030 1.2360 0.1264
v 0.1311 1.2150 0.0224
v 0.1566 1.2263 0.0461
v 0.1547 1.2014 0.0405
v 0.1447 1.2360 0.0247
v 0.1563 1.2201 0.0518
v 0.1609 1.2075 0.0467
v 0.1517 1.2057 0.0204
v 0.1516 1.2056 0.0204
v 0.1517 1.2057 0.0204
v 0.1515 1.2055 0.0203
v 0.1516 1.2057 0.0203
v 0.1502 1.2047 0.0199
v 0.1515 1.2055 0.0203
v 0.1502 1.2047 0.0199
v 0.1512 1.2056 0.0201
v 0.1516 1.2056 0.0204
v 0.1502 1.2047 0.0199
v 0.1516 1.2056 0.0204
v 0.1512 1.2056 0.0201
v 0.1502 1.2047 0.0199
v 0.1516 1.2057 0.0203
v 0.1516 1.2056 0.0204
v 0.1517 1.2057 0.0204
v 0.1589 1.2101 0.0030
v 0.1460 1.2064 0.0165
v 0.1614 1.2088 0.0176
v 0.1424 1.2094 0.0134
v 0.1578 1.2204 0.0049
v 0.1424 1.2094 0.0134
v 0.1589 1.2101 0.0030
v 0.1788 1.3009 0.0010
v 0.1530 1.2721 0.0137
v 0.1622 1.2677 0.0077
v 0.1743 1.2134 -0.0007
v 0.1470 1.2978 0.0109
v 0.1490 1.3272 0.0102
v 0.1758 1.3319 -0.0004
v 0.1606 1.2450 0.0044
v 0.1352 1.3423 0.0069
v 0.1624 1.2177 0.0126
v 0.1624 1.2177 0.0126
v 0.1771 1.2141 0.0209
v 0.1743 1.2134 -0.0007
v 0.1566 1.2263 0.0461
v 0.1609 1.2075 0.0467
v 0.1563 1.2201 0.0518
v 0.1787 1.2206 0.0597
v 0.1609 1.2075 0.0467
v 0.1566 1.2263 0.0461
v 0.1604 1.2294 0.0310
v 0.1787 1.2206 0.0597
v 0.1566 1.2263 0.0461
v 0.1447 1.2360 0.0247
v 0.1766 1.2764 0.0278
v 0.1724 1.2404 0.0169
v 0.1768 1.2823 0.0189
v 0.1767 1.3455 0.0251
v 0.1771 1.2141 0.0209
v 0.1624 1.2177 0.0126
v 0.1721 1.2937 0.0313
v 0.1644 1.2527 0.0244
v 0.1766 1.2764 0.0278
v 0.1767 1.3455 0.0251
v 0.1648 1.2729 0.0248
v 0.1655 1.2522 0.0262
v 0.1604 1.2294 0.0310
v 0.1705 1.2549 0.0321
v 0.1642 1.2511 0.0267
v 0.1655 1.2522 0.0262
v 0.1648 1.2729 0.0248
v 0.1766 1.2764 0.0278
v 0.1655 1.2522 0.0262
v 0.1642 1.2511 0.0267
v 0.1601 1.2722 0.0016
v 0.1270 1.2756 0.0031
v 0.1348 1.2873 0.0017
v 0.1622 1.2677 0.0077
v 0.1530 1.2721 0.0137
v 0.1270 1.2756 0.0031
v 0.1622 1.2677 0.0077
v 0.1766 1.2764 0.0278
v 0.1705 1.2549 0.0321
v 0.1771 1.2141 0.0209
v 0.1648 1.2729 0.0248
v 0.1705 1.2549 0.0321
v 0.1766 1.2764 0.0278
v 0.1626 1.3766 0.0233
v 0.1771 1.3352 0.0345
v 0.1767 1.3455 0.0251
v 0.1721 1.2937 0.0313
v 0.0805 1.2133 -0.0023
v 0.0856 1.2150 -0.0143
v 0.0883 1.2184 0.0001
v 0.0985 1.2187 0.0014
v 0.0965 1.3312 -0.1555
v 0.0651 1.3244 -0.1643
v 0.0831 1.3709 -0.1531
v 0.0424 1.3698 -0.1614
v 0.1198 1.2973 -0.1489
v 0.1227 1.3460 -0.1407
v 0.1270 1.3065 -0.1466
v 0.1358 1.2969 -0.1426
v 0.1278 1.2562 -0.1467
v 0.1033 1.2959 -0.1579
v 0.0461 1.3016 -0.1669
v 0.0801 1.2743 -0.1672
v 0.1095 1.2633 -0.1595
v 0.0776 1.2353 -0.1686
v 0.0971 1.2320 -0.1601
v 0.1376 1.3404 -0.1329
v 0.1362 1.3751 -0.1297
v 0.1219 1.2211 -0.1459
v 0.0867 1.2007 -0.1571
v 0.1101 1.3426 -0.1422
v 0.1075 1.3647 -0.1520
v 0.1061 1.4064 -0.1392
v 0.1314 1.4262 -0.1332
v 0.0534 1.4519 -0.1414
v 0.0265 1.4199 -0.1534
v 0.0979 1.4523 -0.1314
v 0.0735 1.3841 -0.1489
v 0.1410 1.4572 -0.1173
v 0.1493 1.4542 -0.1123
v 0.1565 1.4732 -0.1090
v 0.1237 1.2022 -0.1516
v 0.0489 1.4047 -0.1559
v -0.0027 1.3928 -0.1558
v 0.1243 1.5227 -0.1503
v 0.0650 1.5137 -0.1592
v 0.1049 1.5380 -0.1533
v 0.1465 1.5213 -0.1401
v 0.1518 1.4853 -0.1360
v 0.0178 1.5071 -0.1568
v -0.0229 1.4939 -0.1558
v 0.1171 1.4855 -0.1344
v -0.0379 1.4523 -0.1365
v 0.1738 1.2138 -0.0183
v 0.1972 1.2135 -0.0197
v 0.1990 1.2056 -0.0327
v 0.1743 1.2134 -0.0007
v 0.2101 1.1920 -0.0231
v 0.1686 1.2178 -0.0722
v 0.1550 1.2198 -0.1096
v 0.1584 1.2236 -0.0610
v 0.1523 1.2306 -0.0584
v 0.1700 1.2082 -0.0550
v 0.1738 1.2138 -0.0183
v 0.1736 1.2959 -0.0421
v 0.1743 1.2134 -0.0007
v 0.1657 1.2708 -0.0478
v 0.1788 1.3009 0.0010
v 0.1758 1.3319 -0.0004
v 0.1685 1.3354 -0.0499
v 0.1212 1.2225 -0.1279
v 0.1184 1.1949 -0.1355
v 0.1203 1.2121 -0.1176
v 0.1190 1.1908 -0.1177
v 0.1311 1.2267 -0.1056
v 0.1219 1.2211 -0.1459
v 0.1179 1.2029 -0.1947
v 0.1237 1.2022 -0.1516
v 0.1139 1.2197 -0.1953
v 0.1260 1.2281 -0.1988
v 0.1139 1.2197 -0.1953
v 0.1219 1.2211 -0.1459
v 0.1291 1.2273 -0.1375
v 0.1118 1.2394 -0.1125
v 0.0726 1.2357 -0.1081
v 0.0849 1.2262 -0.1105
v 0.0992 1.2428 -0.1097
v 0.1212 1.2225 -0.1279
v 0.1118 1.2394 -0.1125
v 0.1212 1.2225 -0.1279
v 0.1167 1.2344 -0.1120
v 0.1357 1.3084 -0.0498
v 0.1593 1.2981 -0.0511
v 0.1455 1.2691 -0.0547
v 0.1394 1.3358 -0.0546
v 0.1685 1.3354 -0.0499
v 0.1657 1.2708 -0.0478
v 0.1523 1.2306 -0.0584
v 0.1719 1.2807 -0.0615
v 0.1736 1.2959 -0.0421
v 0.1773 1.2677 -0.0492
v 0.1797 1.2974 -0.0535
v 0.1685 1.3354 -0.0499
v 0.1657 1.2708 -0.0478
v 0.1709 1.2390 -0.0558
v 0.1460 1.4494 -0.0230
v 0.1408 1.4022 -0.0074
v 0.1455 1.3862 -0.0401
v 0.1440 1.4642 0.0189
v 0.1529 1.4903 -0.0172
v 0.1292 1.3388 -0.0126
v 0.1394 1.3358 -0.0546
v 0.1448 1.5061 0.0047
v 0.1353 1.3455 -0.0825
v 0.1387 1.3031 -0.0815
v 0.1357 1.3084 -0.0498
v 0.1455 1.2691 -0.0547
v 0.1396 1.4095 -0.0582
v 0.1494 1.4802 0.0279
v 0.1445 1.4866 -0.0376
v 0.1319 1.2981 -0.0991
v 0.1371 1.4567 -0.0457
v 0.1380 1.4378 -0.0486
v 0.1374 1.5167 -0.0134
v 0.1293 1.5322 -0.0146
v 0.1374 1.5278 0.0246
v 0.1299 1.5474 -0.0120
v 0.1247 1.5036 0.0460
v 0.1460 1.2900 -0.0820
v 0.1523 1.2306 -0.0584
v 0.1355 1.5059 -0.0311
v 0.1128 1.5567 0.0179
v 0.1255 1.5621 -0.0024
v 0.1059 1.5374 0.0517
v 0.1256 1.5192 0.0481
v 0.1299 1.5474 -0.0120
v 0.0980 1.5726 -0.0138
v 0.1255 1.5621 -0.0024
v 0.0923 1.5554 -0.0364
v 0.1374 1.5278 0.0246
v 0.1256 1.5192 0.0481
v 0.1229 1.5138 0.0351
v 0.1627 1.2490 -0.0687
v 0.1584 1.2236 -0.0610
v 0.1709 1.2390 -0.0558
v 0.1700 1.2082 -0.0550
v 0.1657 1.2708 -0.0478
v 0.1719 1.2807 -0.0615
v 0.1460 1.2900 -0.0820
v 0.1311 1.2267 -0.1056
v 0.1209 1.2522 -0.1072
v 0.1167 1.2344 -0.1120
v 0.1203 1.2121 -0.1176
v 0.1254 1.2723 -0.1026
v 0.1319 1.2981 -0.0991
v 0.1523 1.2306 -0.0584
v 0.1137 1.2725 -0.1023
v 0.1487 1.4029 -0.0836
v 0.1396 1.4095 -0.0582
v 0.1294 1.3792 -0.0691
v 0.1380 1.4378 -0.0486
v 0.1562 1.4697 -0.0551
v 0.1353 1.3455 -0.0825
v 0.1444 1.3223 -0.1126
v 0.1319 1.2981 -0.0991
v 0.1309 1.2654 -0.1084
v 0.1291 1.2273 -0.1375
v 0.1167 1.2344 -0.1120
v 0.1212 1.2225 -0.1279
v 0.1209 1.2522 -0.1072
v 0.1254 1.2723 -0.1026
v 0.1371 1.4567 -0.0457
v 0.1445 1.4866 -0.0376
v 0.1536 1.5091 -0.0394
v 0.1462 1.3652 -0.1111
v 0.1568 1.3879 -0.1000
v 0.1355 1.5059 -0.0311
v 0.1579 1.3704 -0.1120
v 0.1137 1.2725 -0.1023
v 0.1374 1.5167 -0.0134
v 0.1506 1.5352 -0.0263
v 0.1721 1.5171 -0.0671
v 0.1534 1.4821 -0.0713
v 0.1671 1.4928 -0.0798
v 0.1731 1.5119 -0.0960
v 0.1293 1.5322 -0.0146
v 0.1299 1.5474 -0.0120
v 0.1671 1.4928 -0.0798
v 0.1720 1.4783 -0.0695
v 0.1731 1.5119 -0.0960
v 0.1534 1.4821 -0.0713
v 0.1719 1.2807 -0.0615
v 0.1686 1.2178 -0.0722
v 0.1627 1.2490 -0.0687
v 0.1627 1.2490 -0.0687
v 0.1686 1.2178 -0.0722
v 0.1584 1.2236 -0.0610
v 0.1398 1.2267 -0.1492
v 0.1291 1.2273 -0.1375
v 0.1311 1.2267 -0.1056
v 0.1260 1.2281 -0.1988
v 0.1550 1.2198 -0.1096
v 0.1523 1.2306 -0.0584
v 0.1212 1.2225 -0.1279
v 0.1462 1.3652 -0.1111
v 0.1376 1.3404 -0.1329
v 0.1362 1.3751 -0.1297
v 0.1444 1.3223 -0.1126
v 0.1270 1.3065 -0.1466
v 0.1358 1.2969 -0.1426
v 0.1291 1.2273 -0.1375
v 0.1278 1.2562 -0.1467
v 0.1219 1.2211 -0.1459
v 0.1452 1.3787 -0.1183
v 0.1445 1.3993 -0.1156
v 0.1314 1.4262 -0.1332
v 0.1487 1.4069 -0.1070
v 0.1493 1.4542 -0.1123
v 0.1487 1.4029 -0.0836
v 0.1562 1.4697 -0.0551
v 0.1534 1.4821 -0.0713
v 0.1565 1.4732 -0.1090
v 0.1568 1.3879 -0.1000
v 0.1536 1.5091 -0.0394
v 0.1568 1.3879 -0.1000
v 0.1560 1.4031 -0.1162
v 0.1487 1.4069 -0.1070
v 0.1579 1.3704 -0.1120
v 0.1396 1.4095 -0.0582
v 0.1353 1.3455 -0.0825
v 0.1294 1.3792 -0.0691
v 0.1579 1.3704 -0.1120
v 0.1452 1.3787 -0.1183
v 0.1560 1.4031 -0.1162
v 0.1462 1.3652 -0.1111
v 0.1445 1.3993 -0.1156
v 0.1487 1.4069 -0.1070
v 0.1560 1.4031 -0.1162
v 0.1445 1.3993 -0.1156
v 0.0269 1.7118 0.1185
v -0.0114 1.7544 0.1278
v 0.0665 1.7378 0.1431
v 0.0208 1.7771 0.1531
v 0.0730 1.7622 0.1732
v 0.0621 1.6560 0.1286
v -0.0280 1.7208 0.1198
v 0.0058 1.6529 0.1142
v -0.0217 1.6472 0.1189
v 0.0293 1.5398 -0.0282
v 0.0321 1.5437 -0.0255
v 0.0180 1.5455 -0.0253
v 0.0139 1.5421 -0.0285
v 0.0237 1.5447 -0.0222
v 0.0237 1.5447 -0.0222
v 0.0293 1.5398 -0.0282
v 0.0139 1.5421 -0.0285
v 0.0321 1.5437 -0.0255
v 0.0180 1.5455 -0.0253
v 0.0308 1.5346 -0.0328
v 0.0308 1.5346 -0.0328
v 0.0308 1.5346 -0.0328
v 0.0308 1.5346 -0.0328
v 0.0308 1.5346 -0.0329
v 0.0308 1.5346 -0.0329
v 0.0308 1.5346 -0.0329
v 0.0309 1.5346 -0.0329
v 0.0309 1.5346 -0.0329
v 0.0309 1.5346 -0.0329
v 0.0309 1.5346 -0.0329
v 0.0309 1.5346 -0.0329
v 0.0309 1.5346 -0.0329
v 0.0309 1.5346 -0.0329
v 0.0309 1.5346 -0.0330
v 0.0309 1.5346 -0.0330
v 0.0309 1.5346 -0.0330
v 0.0309 1.5346 -0.0329
v 0.0309 1.5346 -0.0329
v 0.0309 1.5346 -0.0329
v 0.0309 1.5346 -0.0329
v 0.0309 1.5346 -0.0330
v 0.0309 1.5346 -0.0330
v 0.0308 1.5346 -0.0328
v 0.0308 1.5346 -0.0328
v 0.0308 1.5346 -0.0328
v 0.0308 1.5346 -0.0329
v 0.0308 1.5346 -0.0329
v 0.0308 1.5346 -0.0329
v 0.0308 1.5346 -0.0329
v 0.0309 1.5346 -0.0329
v 0.0309 1.5346 -0.0329
v 0.0309 1.5346 -0.0329
v 0.0309 1.5346 -0.0329
v 0.0309 1.5346 -0.0329
v 0.0309 1.5346 -0.0329
v 0.0309 1.5346 -0.0330
v 0.0309 1.5346 -0.0330
v 0.0309 1.5346 -0.0329
v 0.0309 1.5346 -0.0330
v 0.0309 1.5346 -0.0330
v 0.0997 1.5162 0.0465
v 0.0897 1.4999 0.0489
v 0.0985 1.5030 0.0443
v 0.1229 1.5138 0.0351
v 0.1191 1.5265 0.0366
v 0.0893 1.5083 0.0565
v 0.0725 1.5223 0.0656
v 0.1229 1.5138 0.0351
v 0.0985 1.5030 0.0443
v 0.1247 1.5036 0.0460
v 0.1374 1.5278 0.0246
v 0.1034 1.4893 0.0469
v 0.0897 1.4999 0.0489
v 0.1104 1.4904 0.0561
v 0.1256 1.5192 0.0481
v 0.0997 1.5162 0.0465
v 0.1191 1.5265 0.0366
v 0.1256 1.5192 0.0481
v 0.1191 1.5265 0.0366
v 0.1229 1.5138 0.0351
v 0.0677 1.5282 -0.0293
v 0.0812 1.5220 -0.0347
v 0.0547 1.5259 -0.0299
v 0.0573 1.5440 -0.0189
v 0.0715 1.5380 -0.0231
v 0.0851 1.5450 -0.0169
v 0.0904 1.5223 -0.0312
v 0.0912 1.5250 -0.0289
v 0.0547 1.5236 -0.0365
v 0.0340 1.5194 -0.0421
v 0.0548 1.5146 -0.0444
v 0.0415 1.5323 -0.0298
v 0.0756 1.5353 -0.0321
v 0.0935 1.5381 -0.0261
v 0.0579 1.5353 -0.0269
v 0.0586 1.5355 -0.0342
v 0.0677 1.5282 -0.0293
v 0.0586 1.5355 -0.0342
v 0.0608 1.5278 -0.0340
v 0.0677 1.5282 -0.0293
v 0.0547 1.5236 -0.0365
v 0.0873 1.5329 -0.0303
v 0.0808 1.5273 -0.0366
v 0.0895 1.5266 -0.0367
v 0.0756 1.5353 -0.0321
v 0.0712 1.5290 -0.0375
v 0.0935 1.5381 -0.0261
v 0.0912 1.5250 -0.0289
v 0.0904 1.5223 -0.0312
v 0.0829 1.5698 -0.0048
v 0.0851 1.5450 -0.0169
v 0.0381 1.5520 -0.0303
v 0.0381 1.5520 -0.0303
v 0.0851 1.5450 -0.0169
v 0.0573 1.5440 -0.0189
v 0.0923 1.5554 -0.0364
v 0.0851 1.5450 -0.0169
v 0.0829 1.5698 -0.0048
v 0.0980 1.5726 -0.0138
v 0.0586 1.5355 -0.0342
v 0.0547 1.5259 -0.0299
v 0.0415 1.5323 -0.0298
v 0.0415 1.5323 -0.0298
v 0.0589 1.5373 -0.0306
v 0.0586 1.5355 -0.0342
v 0.0589 1.5373 -0.0306
v 0.0547 1.5259 -0.0299
v 0.0579 1.5353 -0.0269
v 0.0547 1.5259 -0.0299
v 0.0589 1.5373 -0.0306
v 0.0573 1.5440 -0.0189
v 0.0586 1.5355 -0.0342
v 0.0579 1.5353 -0.0269
v 0.0547 1.5259 -0.0299
v 0.0589 1.5373 -0.0306
v 0.0579 1.5353 -0.0269
v 0.0677 1.5282 -0.0293
v 0.0589 1.5373 -0.0306
v 0.0677 1.5282 -0.0293
v 0.0715 1.5380 -0.0231
v 0.1731 1.5119 -0.0960
v 0.1504 1.5414 -0.0764
v 0.1721 1.5171 -0.0671
v 0.1373 1.5587 -0.0355
v 0.1465 1.5213 -0.1401
v 0.1506 1.5352 -0.0263
v 0.1299 1.5474 -0.0120
v 0.1518 1.4853 -0.1360
v 0.1720 1.4783 -0.0695
v 0.1565 1.4732 -0.1090
v 0.1410 1.4572 -0.1173
v 0.0290 1.5346 -0.0424
v 0.0341 1.5426 -0.0386
v 0.0415 1.5323 -0.0298
v 0.0589 1.5373 -0.0306
v 0.0175 1.5348 -0.0414
v 0.0337 1.5265 -0.0429
v 0.0415 1.5323 -0.0298
v 0.0340 1.5194 -0.0421
v 0.0175 1.5348 -0.0414
v 0.0309 1.5346 -0.0329
v 0.0309 1.5346 -0.0329
v 0.0309 1.5346 -0.0329
v 0.0309 1.5346 -0.0329
v 0.0309 1.5346 -0.0329
v 0.0547 1.5236 -0.0365
v 0.0518 1.5349 -0.0443
v 0.0337 1.5265 -0.0429
v 0.0609 1.5335 -0.0469
v 0.0290 1.5346 -0.0424
v 0.0175 1.5348 -0.0414
v 0.0518 1.5481 -0.0433
v 0.0674 1.5404 -0.0427
v 0.0667 1.5339 -0.0467
v 0.0681 1.5220 -0.0461
v 0.0684 1.5241 -0.0470
v 0.0341 1.5426 -0.0386
v 0.0548 1.5146 -0.0444
v 0.0340 1.5194 -0.0421
v 0.0674 1.5350 -0.0438
v 0.0608 1.5278 -0.0340
v 0.0547 1.5236 -0.0365
v 0.0749 1.5366 -0.0384
v 0.0609 1.5335 -0.0469
v 0.0586 1.5355 -0.0342
v 0.0547 1.5236 -0.0365
v 0.0586 1.5355 -0.0342
v 0.0609 1.5335 -0.0469
v 0.0677 1.5282 -0.0293
v 0.0608 1.5278 -0.0340
v 0.0712 1.5290 -0.0375
v 0.0749 1.5366 -0.0384
v 0.0704 1.5323 -0.0352
v 0.0609 1.5335 -0.0469
v 0.0608 1.5278 -0.0340
v 0.0756 1.5353 -0.0321
v 0.0677 1.5282 -0.0293
v 0.0712 1.5290 -0.0375
v 0.0710 1.5325 -0.0378
v 0.0677 1.5282 -0.0293
v 0.0704 1.5323 -0.0352
v 0.0674 1.5350 -0.0438
v 0.0609 1.5335 -0.0469
v 0.0608 1.5278 -0.0340
v 0.0608 1.5278 -0.0340
v 0.0704 1.5323 -0.0352
v 0.0712 1.5290 -0.0375
v 0.0712 1.5290 -0.0375
v 0.0704 1.5323 -0.0352
v 0.0674 1.5350 -0.0438
v 0.0518 1.5481 -0.0433
v 0.0586 1.5355 -0.0342
v 0.0589 1.5373 -0.0306
v 0.0518 1.5349 -0.0443
v 0.0674 1.5404 -0.0427
v 0.0749 1.5366 -0.0384
v 0.0586 1.5355 -0.0342
v 0.0518 1.5349 -0.0443
v 0.0710 1.5325 -0.0378
v 0.0756 1.5353 -0.0321
v 0.0749 1.5366 -0.0384
v 0.0674 1.5350 -0.0438
v 0.0712 1.5290 -0.0375
v 0.0674 1.5404 -0.0427
v 0.0667 1.5339 -0.0467
v 0.0684 1.5241 -0.0470
v 0.0681 1.5220 -0.0461
v 0.0609 1.5335 -0.0469
v 0.0684 1.5241 -0.0470
v 0.0674 1.5350 -0.0438
v 0.0625 1.5382 -0.1462
v 0.0644 1.5286 -0.1375
v 0.1049 1.5380 -0.1533
v 0.1465 1.5213 -0.1401
v 0.0511 1.5375 -0.1254
v 0.0808 1.5273 -0.0366
v 0.0712 1.5290 -0.0375
v 0.0812 1.5220 -0.0347
v 0.0547 1.5236 -0.0365
v 0.0904 1.5223 -0.0312
v 0.0674 1.5350 -0.0438
v 0.0895 1.5266 -0.0367
v 0.0704 1.5323 -0.0352
v 0.0710 1.5325 -0.0378
v 0.0674 1.5350 -0.0438
v 0.1534 1.4821 -0.0713
v 0.1565 1.4732 -0.1090
v 0.1720 1.4783 -0.0695
vt 0.72784 0.16512
vt 0.72409 0.18675
vt 0.73279 0.17079
vt 0.70682 0.18514
vt 0.71667 0.20144
vt 0.75251 0.16375
vt 0.75539 0.15076
vt 0.73532 0.15424
vt 0.76816 0.17542
vt 0.77483 0.15311
vt 0.76669 0.18477
vt 0.75098 0.18177
vt 0.73866 0.18405
vt 0.69823 0.19091
vt 0.70973 0.16580
vt 0.72217 0.15076
vt 0.82618 0.32137
vt 0.82618 0.30785
vt 0.82029 0.31542
vt 0.90353 0.88725
vt 0.90442 0.91258
vt 0.88426 0.88725
vt 0.91288 0.90091
vt 0.88581 0.91116
vt 0.85009 0.24462
vt 0.81524 0.25664
vt 0.85053 0.25837
vt 0.81589 0.23694
vt 0.85143 0.23002
vt 0.84234 0.21157
vt 0.82394 0.21198
vt 0.81650 0.26802
vt 0.82307 0.28536
vt 0.84671 0.28239
vt 0.85143 0.29431
vt 0.82644 0.29772
vt 0.20541 0.12796
vt 0.18227 0.13525
vt 0.20581 0.13556
vt 0.18056 0.12796
vt 0.54796 0.92098
vt 0.53374 0.91699
vt 0.54110 0.90147
vt 0.52736 0.90685
vt 0.54098 0.88836
vt 0.54991 0.89021
vt 0.53120 0.92796
vt 0.55429 0.88723
vt 0.54755 0.86529
vt 0.55429 0.93047
vt 0.53833 0.94468
vt 0.77688 0.64634
vt 0.75216 0.63178
vt 0.77599 0.62458
vt 0.75276 0.65454
vt 0.76328 0.60575
vt 0.77662 0.65637
vt 0.77455 0.66880
vt 0.75944 0.67272
vt 0.78613 0.66598
vt 0.78830 0.64750
vt 0.74828 0.66296
vt 0.74005 0.64224
vt 0.78221 0.64367
vt 0.78676 0.63144
vt 0.78830 0.60687
vt 0.77242 0.60118
vt 0.78614 0.59351
vt 0.78005 0.57981
vt 0.74392 0.63780
vt 0.74184 0.63432
vt 0.73779 0.62810
vt 0.74423 0.62601
vt 0.94318 0.64569
vt 0.94318 0.63640
vt 0.93897 0.64306
vt 0.96170 0.70188
vt 0.97588 0.71833
vt 0.98838 0.70183
vt 0.96407 0.71821
vt 0.99032 0.68961
vt 0.97076 0.68961
vt 0.35734 0.73762
vt 0.35473 0.72399
vt 0.36413 0.72359
vt 0.37653 0.76206
vt 0.36495 0.77116
vt 0.38054 0.79858
vt 0.36862 0.78514
vt 0.36247 0.77724
vt 0.35282 0.75665
vt 0.37043 0.79958
vt 0.34550 0.73137
vt 0.35569 0.75675
vt 0.37616 0.80785
vt 0.36699 0.79073
vt 0.34445 0.72026
vt 0.35851 0.70380
vt 0.33715 0.71819
vt 0.34987 0.75031
vt 0.34600 0.69964
vt 0.36602 0.69821
vt 0.33992 0.68755
vt 0.32711 0.70708
vt 0.32618 0.70243
vt 0.33458 0.68431
vt 0.35417 0.67872
vt 0.35229 0.66922
vt 0.36261 0.66127
vt 0.37414 0.67376
vt 0.37746 0.65013
vt 0.38640 0.65772
vt 0.38688 0.64400
vt 0.33048 0.67525
vt 0.34669 0.66485
vt 0.36813 0.69216
vt 0.34863 0.74486
vt 0.34378 0.74822
vt 0.39015 0.79955
vt 0.38386 0.69354
vt 0.39015 0.68638
vt 0.88173 0.66090
vt 0.89015 0.66090
vt 0.88833 0.66850
vt 0.53775 0.28436
vt 0.53749 0.26074
vt 0.54565 0.25976
vt 0.52062 0.26180
vt 0.53081 0.25273
vt 0.54041 0.24973
vt 0.55367 0.27356
vt 0.55766 0.28545
vt 0.53940 0.28927
vt 0.52913 0.24620
vt 0.55032 0.25875
vt 0.55766 0.25256
vt 0.11036 0.15745
vt 0.10930 0.16681
vt 0.12224 0.16011
vt 0.12670 0.16570
vt 0.13670 0.15936
vt 0.13335 0.15556
vt 0.09417 0.15588
vt 0.09881 0.15241
vt 0.09217 0.14654
vt 0.14352 0.14654
vt 0.13166 0.14761
vt 0.88559 0.55532
vt 0.88209 0.54856
vt 0.88978 0.54856
vt 0.88173 0.55391
vt 0.89099 0.55271
vt 0.16625 0.42019
vt 0.16372 0.42708
vt 0.16625 0.42863
vt 0.41120 0.81429
vt 0.41793 0.81472
vt 0.41226 0.80954
vt 0.41739 0.80954
vt 0.41564 0.81799
vt 0.52118 0.69468
vt 0.52248 0.68623
vt 0.52567 0.68660
vt 0.52567 0.69364
vt 0.51810 0.69056
vt 0.74264 0.00682
vt 0.73729 0.00864
vt 0.74517 0.01985
vt 0.73274 0.01425
vt 0.76136 0.00380
vt 0.73694 0.00380
vt 0.73870 0.58399
vt 0.74787 0.54331
vt 0.75311 0.58467
vt 0.74103 0.51384
vt 0.74176 0.59944
vt 0.75415 0.60037
vt 0.75547 0.52010
vt 0.74368 0.50296
vt 0.72903 0.50361
vt 0.72966 0.53865
vt 0.72779 0.50741
vt 0.73097 0.59080
vt 0.72264 0.55040
vt 0.73104 0.59728
vt 0.73340 0.60486
vt 0.74932 0.60606
vt 0.73295 0.61056
vt 0.74343 0.61609
vt 0.72863 0.60167
vt 0.75338 0.61064
vt 0.75547 0.61613
vt 0.84427 0.65152
vt 0.83816 0.65654
vt 0.83628 0.64972
vt 0.84638 0.65409
vt 0.84005 0.64413
vt 0.84493 0.64561
vt 0.84638 0.64316
vt 0.84204 0.65838
vt 0.84495 0.65921
vt 0.13954 0.55448
vt 0.13594 0.55194
vt 0.14268 0.55194
vt 0.03778 0.04265
vt 0.03785 0.03774
vt 0.04167 0.04216
vt 0.04167 0.03616
vt 0.03409 0.03590
vt 0.98356 0.03599
vt 0.98700 0.03286
vt 0.98274 0.03225
vt 0.98779 0.03927
vt 0.98779 0.02998
vt 0.82829 0.42019
vt 0.82449 0.42238
vt 0.82941 0.42272
vt 0.83291 0.42238
vt 0.84879 0.76177
vt 0.85777 0.76189
vt 0.85195 0.75632
vt 0.86058 0.75498
vt 0.86268 0.74873
vt 0.85325 0.74873
vt 0.85321 0.76647
vt 0.84493 0.76616
vt 0.84651 0.75022
vt 0.84386 0.75558
vt 0.86406 0.75006
vt 0.84555 0.76129
vt 0.32929 0.58176
vt 0.33892 0.59296
vt 0.36065 0.57694
vt 0.30431 0.59522
vt 0.37845 0.58660
vt 0.38221 0.56944
vt 0.30420 0.60346
vt 0.30196 0.57472
vt 0.36467 0.56228
vt 0.32328 0.56311
vt 0.38043 0.56128
vt 0.29798 0.59173
vt 0.28653 0.57623
vt 0.28409 0.56369
vt 0.29159 0.59339
vt 0.38985 0.56736
vt 0.38766 0.55947
vt 0.38393 0.55448
vt 0.39302 0.56214
vt 0.39275 0.57627
vt 0.39909 0.57326
vt 0.40025 0.58201
vt 0.38383 0.59450
vt 0.38433 0.57952
vt 0.29979 0.60035
vt 0.29056 0.60178
vt 0.28448 0.59732
vt 0.28383 0.58054
vt 0.26890 0.58755
vt 0.26869 0.57369
vt 0.26032 0.57093
vt 0.26062 0.58236
vt 0.25072 0.57543
vt 0.24502 0.56915
vt 0.23948 0.55448
vt 0.31080 0.54165
vt 0.35311 0.53311
vt 0.32210 0.53391
vt 0.34405 0.54432
vt 0.35309 0.53874
vt 0.26799 0.53666
vt 0.25922 0.54772
vt 0.24800 0.53903
vt 0.24032 0.54100
vt 0.26267 0.52671
vt 0.25044 0.52154
vt 0.36094 0.52288
vt 0.37384 0.53044
vt 0.37329 0.54215
vt 0.37853 0.53000
vt 0.39028 0.53340
vt 0.39649 0.52154
vt 0.40033 0.53881
vt 0.40614 0.52367
vt 0.15681 0.60012
vt 0.18172 0.60659
vt 0.18229 0.58561
vt 0.18875 0.60092
vt 0.19015 0.58455
vt 0.16159 0.58250
vt 0.13234 0.59153
vt 0.10966 0.60111
vt 0.10862 0.58370
vt 0.09325 0.59119
vt 0.08952 0.58066
vt 0.09842 0.60804
vt 0.20074 0.58354
vt 0.19779 0.60740
vt 0.21174 0.60187
vt 0.22104 0.58650
vt 0.22331 0.59415
vt 0.21480 0.60628
vt 0.08375 0.61401
vt 0.23931 0.58066
vt 0.19972 0.61808
vt 0.20541 0.62664
vt 0.08865 0.59161
vt 0.23870 0.59563
vt 0.25042 0.58341
vt 0.25035 0.59774
vt 0.19209 0.62711
vt 0.42635 0.67441
vt 0.41774 0.67863
vt 0.41408 0.67441
vt 0.40699 0.67748
vt 0.08039 0.41512
vt 0.08039 0.40667
vt 0.07702 0.40866
vt 0.47987 0.89147
vt 0.48443 0.89168
vt 0.48338 0.89436
vt 0.47556 0.89851
vt 0.48234 0.90712
vt 0.47517 0.90486
vt 0.48345 0.90364
vt 0.47720 0.91184
vt 0.48443 0.91308
vt 0.47817 0.91765
vt 0.48402 0.89947
vt 0.07870 0.80785
vt 0.07553 0.81123
vt 0.07197 0.80785
vt 0.31890 0.55096
vt 0.31540 0.54856
vt 0.31409 0.55237
vt 0.32024 0.55341
vt 0.31019 0.54875
vt 0.32239 0.54976
vt 0.32418 0.55532
vt 0.32870 0.54875
vt 0.64915 0.29245
vt 0.60827 0.28788
vt 0.63311 0.31045
vt 0.66161 0.31056
vt 0.68129 0.29482
vt 0.68041 0.31555
vt 0.61294 0.31982
vt 0.63805 0.32559
vt 0.68548 0.32074
vt 0.69054 0.29690
vt 0.69150 0.27998
vt 0.66007 0.28202
vt 0.61359 0.27998
vt 0.60509 0.30709
vt 0.60163 0.28986
vt 0.60495 0.32466
vt 0.59572 0.30412
vt 0.59513 0.31915
vt 0.58869 0.30524
vt 0.59194 0.29346
vt 0.58039 0.32446
vt 0.59632 0.29118
vt 0.59199 0.28641
vt 0.13156 0.23058
vt 0.13930 0.23149
vt 0.13215 0.23438
vt 0.12079 0.22788
vt 0.14251 0.23335
vt 0.15247 0.22424
vt 0.15530 0.22882
vt 0.12166 0.22424
vt 0.52736 0.66310
vt 0.53305 0.65697
vt 0.53136 0.67550
vt 0.53493 0.67833
vt 0.53070 0.68539
vt 0.52968 0.65458
vt 0.53493 0.63809
vt 0.19918 0.27998
vt 0.19345 0.28421
vt 0.18645 0.27998
vt 0.20581 0.28200
vt 0.15794 0.52307
vt 0.12804 0.53290
vt 0.15576 0.54432
vt 0.13238 0.54533
vt 0.10366 0.52394
vt 0.09705 0.53652
vt 0.15178 0.55088
vt 0.12835 0.54763
vt 0.08092 0.54155
vt 0.07260 0.52475
vt 0.16444 0.53240
vt 0.16909 0.54457
vt 0.17660 0.53783
vt 0.06980 0.54159
vt 0.17988 0.55925
vt 0.19166 0.53710
vt 0.18942 0.55444
vt 0.20004 0.54162
vt 0.19125 0.52317
vt 0.20597 0.52372
vt 0.18447 0.52308
vt 0.19681 0.55619
vt 0.20563 0.56377
vt 0.20042 0.51816
vt 0.21407 0.51816
vt 0.21423 0.52995
vt 0.15992 0.55552
vt 0.06524 0.53545
vt 0.10617 0.54472
vt 0.08516 0.54578
vt 0.08463 0.54280
vt 0.14199 0.55054
vt 0.63342 0.53843
vt 0.62332 0.53843
vt 0.62545 0.54096
vt 0.20918 0.65880
vt 0.21338 0.67019
vt 0.21338 0.65667
vt 0.66666 0.00211
vt 0.66876 0.00728
vt 0.67803 0.00211
vt 0.66372 0.00330
vt 0.67716 0.01061
vt 0.67341 0.01140
vt 0.32376 0.11698
vt 0.31613 0.11375
vt 0.31785 0.11050
vt 0.31103 0.10938
vt 0.32753 0.10938
vt 0.32870 0.11072
vt 0.51299 0.80958
vt 0.52026 0.80367
vt 0.51286 0.80527
vt 0.52399 0.80279
vt 0.52399 0.81123
vt 0.51052 0.80856
vt 0.42804 0.27026
vt 0.43392 0.27238
vt 0.43220 0.26647
vt 0.42551 0.26647
vt 0.91288 0.55279
vt 0.91288 0.54350
vt 0.90951 0.54791
vt 0.93224 0.03927
vt 0.92965 0.04924
vt 0.92801 0.04855
vt 0.92298 0.04570
vt 0.93051 0.04958
vt 0.93109 0.04980
vt 0.93166 0.05003
vt 0.93224 0.05025
vt 0.92300 0.04130
vt 0.00000 1.00000
vt 0.00000 1.00000
vt 0.00000 1.00000
vt 0.00000 1.00000
vt 0.00000 1.00000
vt 0.00000 1.00000
vt 0.00000 1.00000
vt 0.00000 1.00000
vt 0.00000 1.00000
vt 0.32904 0.76664
vt 0.32894 0.77356
vt 0.33628 0.76647
vt 0.32940 0.77430
vt 0.32967 0.77472
vt 0.33000 0.77524
vt 0.33033 0.77576
vt 0.32785 0.77184
vt 0.32534 0.76647
vt 0.95384 0.14485
vt 0.95412 0.14569
vt 0.95160 0.14569
vt 0.26261 0.45315
vt 0.26360 0.43285
vt 0.25867 0.44637
vt 0.25295 0.43712
vt 0.27066 0.44217
vt 0.31226 0.45525
vt 0.29118 0.43285
vt 0.29299 0.45408
vt 0.28420 0.44864
vt 0.28052 0.45589
vt 0.28418 0.44060
vt 0.27681 0.44869
vt 0.30907 0.44193
vt 0.36508 0.44974
vt 0.36094 0.44241
vt 0.38590 0.45161
vt 0.39352 0.44942
vt 0.26997 0.46103
vt 0.28741 0.46419
vt 0.27752 0.47255
vt 0.42010 0.02272
vt 0.42703 0.02998
vt 0.42986 0.02362
vt 0.41442 0.02842
vt 0.41341 0.02218
vt 0.39857 0.01900
vt 0.44120 0.02578
vt 0.45076 0.01900
vt 0.82325 0.74185
vt 0.82574 0.76771
vt 0.82195 0.77553
vt 0.81449 0.76918
vt 0.81304 0.78319
vt 0.81388 0.78966
vt 0.80849 0.74370
vt 0.82020 0.73122
vt 0.80643 0.73182
vt 0.79335 0.76050
vt 0.80055 0.74615
vt 0.83682 0.73100
vt 0.84301 0.75516
vt 0.80850 0.77492
vt 0.83146 0.75494
vt 0.84301 0.76994
vt 0.83303 0.76320
vt 0.83405 0.77526
vt 0.84237 0.78835
vt 0.83478 0.78509
vt 0.83463 0.80382
vt 0.83733 0.81123
vt 0.11761 0.78915
vt 0.11972 0.79394
vt 0.14432 0.77577
vt 0.10831 0.79136
vt 0.10533 0.80916
vt 0.13352 0.80173
vt 0.15637 0.77478
vt 0.15779 0.78740
vt 0.17938 0.76124
vt 0.15710 0.80962
vt 0.19465 0.77083
vt 0.11963 0.81552
vt 0.18461 0.80610
vt 0.19977 0.79727
vt 0.19884 0.80627
vt 0.15917 0.76768
vt 0.20523 0.79309
vt 0.20680 0.79587
vt 0.20343 0.74790
vt 0.20358 0.77216
vt 0.08911 0.79051
vt 0.08616 0.80871
vt 0.09995 0.78539
vt 0.10387 0.76718
vt 0.11324 0.77671
vt 0.07494 0.78677
vt 0.07625 0.77447
vt 0.06458 0.77649
vt 0.05858 0.75943
vt 0.09095 0.76124
vt 0.09855 0.77438
vt 0.05333 0.76198
vt 0.05032 0.74897
vt 0.03409 0.74790
vt 0.20392 0.75937
vt 0.21423 0.74880
vt 0.10029 0.74789
vt 0.20275 0.79957
vt 0.16826 0.82160
vt 0.09389 0.82191
vt 0.09003 0.75463
vt 0.07894 0.76681
vt 0.18261 0.81730
vt 0.18838 0.82812
vt 0.19491 0.81480
vt 0.92472 0.46613
vt 0.93226 0.45671
vt 0.93634 0.47393
vt 0.94383 0.46007
vt 0.94487 0.48386
vt 0.93894 0.44768
vt 0.92680 0.45879
vt 0.91310 0.45030
vt 0.92202 0.44425
vt 0.92834 0.42425
vt 0.93972 0.43182
vt 0.94487 0.42356
vt 0.91884 0.46017
vt 0.91120 0.45786
vt 0.91421 0.46925
vt 0.92467 0.47491
vt 0.93628 0.48438
vt 0.91969 0.48215
vt 0.50220 0.49367
vt 0.49790 0.48860
vt 0.50884 0.48860
vt 0.96593 0.01705
vt 0.97652 0.02516
vt 0.98099 0.00500
vt 0.96713 0.01026
vt 0.97656 0.00042
vt 0.96706 0.00042
vt 0.98527 0.01989
vt 0.96721 0.02576
vt 0.96254 0.02333
vt 0.26859 0.47340
vt 0.26305 0.46917
vt 0.27231 0.46917
vt 0.35156 0.00449
vt 0.35694 0.00887
vt 0.35902 0.00135
vt 0.36658 0.00127
vt 0.35003 0.00886
vt 0.34386 0.00570
vt 0.35062 0.00127
vt 0.36630 0.00740
vt 0.35396 0.76562
vt 0.35059 0.76729
vt 0.35396 0.77745
vt 0.18813 0.01002
vt 0.18605 0.01818
vt 0.16709 0.01109
vt 0.17394 0.00372
vt 0.17509 0.02410
vt 0.18082 0.02660
vt 0.18583 0.02560
vt 0.18297 0.00221
vt 0.18813 0.00211
vt 0.20903 0.15462
vt 0.21152 0.16835
vt 0.19456 0.15671
vt 0.19186 0.14327
vt 0.17266 0.16334
vt 0.16901 0.15594
vt 0.16204 0.16537
vt 0.17469 0.14403
vt 0.21548 0.13745
vt 0.18811 0.17132
vt 0.20599 0.17665
vt 0.18258 0.18371
vt 0.23022 0.13556
vt 0.22657 0.15087
vt 0.22173 0.16655
vt 0.22252 0.17924
vt 0.22843 0.17611
vt 0.23022 0.19215
vt 0.01221 0.16026
vt 0.02020 0.16903
vt 0.02752 0.14515
vt 0.01385 0.14921
vt 0.01330 0.17997
vt 0.02662 0.18728
vt 0.02784 0.13078
vt 0.03515 0.13340
vt 0.03998 0.12770
vt 0.03930 0.12120
vt 0.02210 0.19950
vt 0.03998 0.20312
vt 0.57344 0.60473
vt 0.57786 0.60790
vt 0.57583 0.61469
vt 0.57682 0.60003
vt 0.56988 0.60077
vt 0.57420 0.59671
vt 0.56803 0.60870
vt 0.56524 0.62544
vt 0.57442 0.62811
vt 0.57786 0.64907
vt 0.99285 0.57826
vt 0.98920 0.58368
vt 0.98709 0.56669
vt 0.99285 0.59417
vt 0.97878 0.55945
vt 0.99008 0.55110
vt 0.97769 0.58247
vt 0.60107 0.05186
vt 0.59853 0.05003
vt 0.60095 0.04705
vt 0.59079 0.04724
vt 0.59009 0.04519
vt 0.58544 0.04719
vt 0.59103 0.04878
vt 0.60296 0.05285
vt 0.61267 0.04519
vt 0.59861 0.05363
vt 0.61107 0.05346
vt 0.61574 0.04781
vt 0.87081 0.70251
vt 0.87247 0.71193
vt 0.86839 0.70806
vt 0.87076 0.71242
vt 0.86574 0.69697
vt 0.87247 0.69130
vt 0.43403 0.01832
vt 0.43326 0.00465
vt 0.42663 0.01002
vt 0.44402 0.00814
vt 0.44309 0.01900
vt 0.42587 0.00531
vt 0.42045 0.00692
vt 0.44355 0.00465
vt 0.50126 0.03537
vt 0.49537 0.03793
vt 0.50126 0.04688
vt 0.49932 0.03083
vt 0.44006 0.20810
vt 0.44671 0.20728
vt 0.43591 0.20397
vt 0.43566 0.20803
vt 0.42887 0.20506
vt 0.44812 0.20988
vt 0.45497 0.20397
vt 0.87181 0.18055
vt 0.86600 0.19881
vt 0.85578 0.19130
vt 0.86471 0.18333
vt 0.85931 0.17129
vt 0.87072 0.16819
vt 0.87693 0.19113
vt 0.87129 0.20566
vt 0.85564 0.20222
vt 0.86623 0.20938
vt 0.88005 0.21917
vt 0.87713 0.17868
vt 0.88005 0.16343
vt 0.79167 0.54027
vt 0.78868 0.54434
vt 0.78830 0.53858
vt 0.79167 0.52914
vt 0.14872 0.56715
vt 0.15838 0.56036
vt 0.15193 0.55701
vt 0.14184 0.55701
vt 0.15755 0.56418
vt 0.16372 0.56121
vt 0.14308 0.56097
vt 0.26052 0.45558
vt 0.25463 0.46055
vt 0.26052 0.46326
vt 0.25463 0.45228
vt 0.78662 0.39907
vt 0.78495 0.40864
vt 0.78638 0.40883
vt 0.78662 0.41596
vt 0.78072 0.40580
vt 0.16879 0.09417
vt 0.16456 0.08910
vt 0.17298 0.08910
vt 0.80452 0.59737
vt 0.80297 0.59368
vt 0.79980 0.59525
vt 0.80052 0.60093
vt 0.79563 0.59977
vt 0.80502 0.59324
vt 0.80598 0.58910
vt 0.79941 0.59354
vt 0.78998 0.58910
vt 0.79231 0.59204
vt 0.08438 0.64302
vt 0.07882 0.66143
vt 0.10240 0.64788
vt 0.05888 0.65905
vt 0.05801 0.66507
vt 0.04273 0.67255
vt 0.11667 0.64037
vt 0.11311 0.64825
vt 0.03770 0.66339
vt 0.03713 0.65448
vt 0.12870 0.64371
vt 0.12030 0.65783
vt 0.13236 0.64663
vt 0.13610 0.66334
vt 0.13142 0.62851
vt 0.14984 0.62436
vt 0.11421 0.68059
vt 0.10514 0.67378
vt 0.11019 0.69383
vt 0.09648 0.67179
vt 0.10290 0.65868
vt 0.14590 0.63712
vt 0.04991 0.64950
vt 0.02542 0.66833
vt 0.01441 0.66556
vt 0.01378 0.67890
vt 0.00563 0.67425
vt 0.00463 0.68039
vt 0.14827 0.65169
vt 0.14494 0.66774
vt 0.15316 0.65511
vt 0.14905 0.64419
vt 0.15298 0.66526
vt 0.15461 0.66045
vt 0.15241 0.64552
vt 0.15488 0.63725
vt 0.15245 0.62518
vt 0.15643 0.63200
vt 0.15783 0.62894
vt 0.15441 0.61106
vt 0.14802 0.66884
vt 0.01553 0.65530
vt 0.00702 0.65360
vt 0.01068 0.63353
vt 0.03554 0.62353
vt 0.03954 0.64498
vt 0.06267 0.62986
vt 0.06124 0.61910
vt 0.08217 0.61715
vt 0.05956 0.61160
vt 0.11950 0.63433
vt 0.12769 0.62332
vt 0.02884 0.61106
vt 0.98359 0.46219
vt 0.97096 0.44904
vt 0.98345 0.44299
vt 0.97489 0.47266
vt 0.98345 0.48326
vt 0.98064 0.49113
vt 0.07151 0.75622
vt 0.06658 0.75815
vt 0.06601 0.75416
vt 0.07449 0.76056
vt 0.07449 0.75380
vt 0.06103 0.75481
vt 0.50448 0.38149
vt 0.50747 0.38261
vt 0.50936 0.37939
vt 0.51480 0.37373
vt 0.51810 0.38176
vt 0.49369 0.37373
vt 0.50120 0.38325
vt 0.50538 0.38387
vt 0.19571 0.00465
vt 0.19571 0.01379
vt 0.19193 0.01225
vt 0.18970 0.00769
vt 0.18897 0.01304
vt 0.19069 0.01692
vt 0.19289 0.01816
vt 0.68380 0.48783
vt 0.67310 0.49711
vt 0.68411 0.50855
vt 0.67484 0.47559
vt 0.69572 0.53801
vt 0.68002 0.47358
vt 0.68406 0.57212
vt 0.69823 0.57924
vt 0.68388 0.59079
vt 0.66995 0.58119
vt 0.66793 0.56172
vt 0.67476 0.54707
vt 0.69823 0.47167
vt 0.68853 0.46977
vt 0.68217 0.46980
vt 0.67802 0.46817
vt 0.68026 0.46330
vt 0.68987 0.46550
vt 0.67685 0.46326
vt 0.69718 0.46581
vt 0.69757 0.46390
vt 0.48274 0.97846
vt 0.49285 0.97846
vt 0.48506 0.97931
vt 0.01125 0.88216
vt 0.00434 0.87422
vt 0.00906 0.86211
vt 0.00295 0.84987
vt 0.01305 0.83573
vt 0.00763 0.88874
vt 0.01305 0.90160
vt 0.50631 0.68201
vt 0.50631 0.70249
vt 0.50126 0.69966
vt 0.50153 0.72340
vt 0.48980 0.89787
vt 0.51003 0.89458
vt 0.50631 0.92609
vt 0.49533 0.89076
vt 0.51785 0.87991
vt 0.49166 0.87325
vt 0.50087 0.86383
vt 0.48931 0.85262
vt 0.51795 0.87006
vt 0.53092 0.87767
vt 0.52548 0.90510
vt 0.52312 0.92103
vt 0.51652 0.93364
vt 0.51243 0.94773
vt 0.52154 0.97357
vt 0.51694 0.97710
vt 0.52612 0.97337
vt 0.52546 0.86629
vt 0.50931 0.85744
vt 0.53493 0.87075
vt 0.50496 0.94751
vt 0.50845 0.96588
vt 0.48602 0.91867
vt 0.49039 0.95737
vt 0.49281 0.97521
vt 0.50464 0.97581
vt 0.48359 0.93991
vt 0.53493 0.96420
vt 0.52549 0.95676
vt 0.53368 0.98522
vt 0.45617 0.69728
vt 0.44205 0.69555
vt 0.45827 0.68318
vt 0.43308 0.69299
vt 0.46907 0.70418
vt 0.44326 0.64810
vt 0.48022 0.71039
vt 0.43558 0.70229
vt 0.45930 0.63694
vt 0.44097 0.62234
vt 0.45108 0.58914
vt 0.48022 0.66658
vt 0.48008 0.68261
vt 0.44343 0.58942
vt 0.44311 0.56377
vt 0.47986 0.71805
vt 0.46611 0.62446
vt 0.44439 0.70790
vt 0.46000 0.70892
vt 0.45868 0.71833
vt 0.45136 0.71078
vt 0.44759 0.70086
vt 0.62271 0.99303
vt 0.61658 0.98944
vt 0.61681 0.99535
vt 0.62416 0.98944
vt 0.75463 0.51394
vt 0.75884 0.51394
vt 0.75613 0.51731
vt 0.58676 0.76826
vt 0.56751 0.75915
vt 0.58468 0.73608
vt 0.59351 0.76819
vt 0.59357 0.74656
vt 0.59653 0.72525
vt 0.58000 0.71904
vt 0.56369 0.74604
vt 0.55598 0.76532
vt 0.58078 0.77477
vt 0.60143 0.71783
vt 0.59678 0.70016
vt 0.59332 0.67948
vt 0.56533 0.77603
vt 0.56984 0.78020
vt 0.56552 0.78461
vt 0.60009 0.78553
vt 0.59472 0.78919
vt 0.59677 0.79922
vt 0.60143 0.80363
vt 0.23611 0.57221
vt 0.22071 0.58150
vt 0.21591 0.57221
vt 0.48369 0.03927
vt 0.47487 0.03590
vt 0.48611 0.03590
vt 0.46086 0.03823
vt 0.85677 0.81968
vt 0.85949 0.81700
vt 0.85648 0.81546
vt 0.86237 0.81546
vt 0.15444 0.70149
vt 0.17337 0.70220
vt 0.18191 0.69374
vt 0.22868 0.69942
vt 0.22210 0.68477
vt 0.24929 0.68231
vt 0.23598 0.67155
vt 0.20015 0.67420
vt 0.15316 0.68462
vt 0.16741 0.67177
vt 0.13365 0.70242
vt 0.27190 0.67103
vt 0.13492 0.69043
vt 0.12055 0.69765
vt 0.12547 0.70331
vt 0.11702 0.70530
vt 0.14175 0.71681
vt 0.11601 0.71657
vt 0.11419 0.70910
vt 0.13356 0.73082
vt 0.11153 0.72357
vt 0.16512 0.72660
vt 0.12538 0.69149
vt 0.11808 0.69210
vt 0.14387 0.70827
vt 0.16588 0.72062
vt 0.16705 0.71290
vt 0.19806 0.72116
vt 0.21169 0.71379
vt 0.23425 0.71549
vt 0.12079 0.68905
vt 0.12790 0.68514
vt 0.13861 0.67703
vt 0.15654 0.67103
vt 0.15113 0.74071
vt 0.16706 0.74198
vt 0.20139 0.73981
vt 0.21226 0.73080
vt 0.22325 0.72454
vt 0.26803 0.71501
vt 0.26410 0.70987
vt 0.28072 0.69366
vt 0.27798 0.71370
vt 0.11616 0.69003
vt 0.11582 0.68674
vt 0.27665 0.68350
vt 0.25229 0.88934
vt 0.24772 0.89865
vt 0.25418 0.89241
vt 0.26557 0.88824
vt 0.23828 0.89880
vt 0.23975 0.89043
vt 0.25550 0.90160
vt 0.24658 0.88471
vt 0.26494 0.88752
vt 0.26129 0.88471
vt 0.23779 0.88613
vt 0.80497 0.98459
vt 0.81713 0.98149
vt 0.81107 0.98860
vt 0.82281 0.98367
vt 0.80169 0.98553
vt 0.79856 0.96836
vt 0.79328 0.94488
vt 0.78830 0.93994
vt 0.79249 0.93712
vt 0.78931 0.92760
vt 0.79545 0.93036
vt 0.79314 0.95729
vt 0.79715 0.95352
vt 0.80372 0.91904
vt 0.79676 0.97186
vt 0.80186 0.91227
vt 0.81472 0.90306
vt 0.82281 0.90468
vt 0.81455 0.88978
vt 0.69992 0.31045
vt 0.70244 0.32812
vt 0.70244 0.30701
vt 0.80012 0.03453
vt 0.79944 0.04158
vt 0.80300 0.04040
vt 0.79170 0.04355
vt 0.78908 0.03995
vt 0.78241 0.04426
vt 0.80151 0.03336
vt 0.78881 0.03641
vt 0.79262 0.04903
vt 0.78490 0.04992
vt 0.80114 0.04979
vt 0.80831 0.04215
vt 0.81051 0.05062
vt 0.84451 0.04176
vt 0.84380 0.03336
vt 0.80310 0.05734
vt 0.78722 0.05665
vt 0.84638 0.05200
vt 0.81307 0.05785
vt 0.37345 0.06292
vt 0.37413 0.07981
vt 0.38426 0.06508
vt 0.38426 0.07634
vt 0.36911 0.07040
vt 0.05549 0.10093
vt 0.05311 0.11380
vt 0.07216 0.11073
vt 0.07165 0.10306
vt 0.04494 0.10102
vt 0.03969 0.11408
vt 0.03585 0.10093
vt 0.02878 0.11588
vt 0.08039 0.10918
vt 0.02879 0.10310
vt 0.02732 0.10583
vt 0.07421 0.12085
vt 0.05095 0.12120
vt 0.03874 0.12012
vt 0.07987 0.11568
vt 0.11562 0.10403
vt 0.11658 0.11542
vt 0.02231 0.11091
vt 0.33157 0.92948
vt 0.31550 0.94001
vt 0.32248 0.93874
vt 0.31931 0.92948
vt 0.31628 0.94278
vt 0.32167 0.94477
vt 0.32867 0.94142
vt 0.32791 0.94637
vt 0.33375 0.93562
vt 0.31439 0.93483
vt 0.03746 0.87711
vt 0.03409 0.88631
vt 0.03746 0.88978
vt 0.03540 0.88038
vt 0.86898 0.47175
vt 0.85239 0.48358
vt 0.87573 0.48003
vt 0.88155 0.46886
vt 0.88778 0.47738
vt 0.89563 0.46664
vt 0.85097 0.46885
vt 0.84692 0.47655
vt 0.89518 0.47337
vt 0.89857 0.47823
vt 0.84499 0.48438
vt 0.81103 0.47754
vt 0.81193 0.46664
vt 0.52536 0.41539
vt 0.51641 0.41361
vt 0.51278 0.41860
vt 0.52996 0.42334
vt 0.54266 0.42132
vt 0.54019 0.41061
vt 0.50539 0.41373
vt 0.54971 0.41597
vt 0.55702 0.42252
vt 0.56337 0.40580
vt 0.57029 0.41346
vt 0.52893 0.40687
vt 0.50765 0.40651
vt 0.47107 0.40639
vt 0.47096 0.41747
vt 0.51373 0.40329
vt 0.50625 0.42356
vt 0.50642 0.40329
vt 0.09109 0.67325
vt 0.08228 0.66716
vt 0.07924 0.67068
vt 0.07964 0.68211
vt 0.08761 0.68792
vt 0.07618 0.67479
vt 0.09217 0.68641
vt 0.09025 0.66874
vt 0.08655 0.66090
vt 0.09217 0.66202
vt 0.41977 0.20227
vt 0.41679 0.21073
vt 0.41267 0.20543
vt 0.42214 0.21066
vt 0.40951 0.20893
vt 0.42214 0.19552
vt 0.70531 0.45597
vt 0.69739 0.44746
vt 0.70377 0.45849
vt 0.70749 0.46326
vt 0.70749 0.44769
vt 0.70507 0.44609
vt 0.70011 0.44468
vt 0.70142 0.45892
vt 0.69815 0.45804
vt 0.09554 0.68961
vt 0.09444 0.69552
vt 0.08796 0.68961
vt 0.25541 0.31047
vt 0.25022 0.29855
vt 0.25539 0.29620
vt 0.24874 0.29717
vt 0.25427 0.29144
vt 0.25774 0.29118
vt 0.25679 0.30053
vt 0.25968 0.31336
vt 0.25521 0.31546
vt 0.25241 0.31516
vt 0.25968 0.28990
vt 0.25484 0.28674
vt 0.58544 0.95566
vt 0.59975 0.95566
vt 0.59744 0.96495
vt 0.40988 0.56968
vt 0.40699 0.56039
vt 0.41709 0.56039
vt 0.85648 0.69130
vt 0.85143 0.67363
vt 0.85648 0.66681
vt 0.85210 0.66951
vt 0.86153 0.22238
vt 0.85678 0.22025
vt 0.86153 0.23691
vt 0.85480 0.23414
vt 0.85991 0.21242
vt 0.44150 0.87120
vt 0.44150 0.85600
vt 0.43729 0.86180
vt 0.54756 0.43877
vt 0.54756 0.42441
vt 0.54419 0.43283
vt 0.38600 0.12230
vt 0.36986 0.13410
vt 0.38364 0.13345
vt 0.39074 0.12251
vt 0.37971 0.11444
vt 0.37536 0.13622
vt 0.37281 0.14053
vt 0.37098 0.14138
vt 0.37244 0.12341
vt 0.40446 0.11444
vt 0.36574 0.11757
vt 0.40300 0.11780
vt 0.38913 0.13315
vt 0.39471 0.13501
vt 0.38710 0.14654
vt 0.40088 0.12245
vt 0.30634 0.93454
vt 0.29787 0.93792
vt 0.29248 0.93454
vt 0.30766 0.93685
vt 0.28998 0.93691
vt 0.28773 0.50102
vt 0.26875 0.48975
vt 0.28315 0.51624
vt 0.25401 0.48351
vt 0.24615 0.49866
vt 0.24053 0.47748
vt 0.22264 0.48536
vt 0.22651 0.47424
vt 0.27573 0.52116
vt 0.29327 0.53167
vt 0.30489 0.53122
vt 0.29496 0.50571
vt 0.31125 0.51870
vt 0.30360 0.50381
vt 0.31249 0.50660
vt 0.31734 0.51192
vt 0.29410 0.49722
vt 0.31172 0.49861
vt 0.31775 0.50186
vt 0.32508 0.49066
vt 0.33347 0.48901
vt 0.34891 0.47424
vt 0.34255 0.48311
vt 0.30961 0.52829
vt 0.98948 0.42779
vt 0.98443 0.43714
vt 0.98490 0.44687
vt 0.98948 0.45312
vt 0.28788 0.67779
vt 0.28900 0.68240
vt 0.29107 0.68272
vt 0.29430 0.68183
vt 0.28448 0.68285
vt 0.30008 0.67779
vt 0.27988 0.68185
vt 0.60807 0.97056
vt 0.62136 0.97508
vt 0.61965 0.97029
vt 0.60192 0.97373
vt 0.59240 0.96973
vt 0.58039 0.96157
vt 0.62809 0.96960
vt 0.63481 0.97078
vt 0.63931 0.96157
vt 0.87572 0.03224
vt 0.87775 0.02722
vt 0.86923 0.02609
vt 0.89018 0.03505
vt 0.86527 0.02911
vt 0.86153 0.02492
vt 0.88503 0.02714
vt 0.89898 0.03758
vt 0.91106 0.02982
vt 0.89840 0.03006
vt 0.89286 0.03083
vt 0.91085 0.03505
vt 0.91674 0.03187
vt 0.92466 0.02492
vt 0.19079 0.19507
vt 0.21086 0.17948
vt 0.19543 0.20133
vt 0.21086 0.20397
vt 0.18729 0.18788
vt 0.43981 0.16765
vt 0.43457 0.17356
vt 0.42887 0.16765
vt 0.79379 0.68656
vt 0.76735 0.68224
vt 0.78056 0.69243
vt 0.78639 0.67806
vt 0.80322 0.67536
vt 0.80751 0.68393
vt 0.79355 0.67322
vt 0.78459 0.69637
vt 0.78108 0.69611
vt 0.79544 0.69134
vt 0.77607 0.67763
vt 0.76388 0.67817
vt 0.80945 0.67103
vt 0.77879 0.69241
vt 0.76827 0.69683
vt 0.80578 0.68858
vt 0.81439 0.68877
vt 0.77472 0.69602
vt 0.77334 0.69926
vt 0.76185 0.69320
vt 0.75886 0.68403
vt 0.77006 0.69832
vt 0.77392 0.70312
vt 0.76391 0.70231
vt 0.76812 0.70253
vt 0.75864 0.69228
vt 0.74747 0.67446
vt 0.74681 0.67817
vt 0.74405 0.67426
vt 0.74116 0.67103
vt 0.07136 0.22374
vt 0.05176 0.20595
vt 0.06851 0.24251
vt 0.06361 0.21005
vt 0.08822 0.22070
vt 0.03826 0.21618
vt 0.04500 0.25127
vt 0.03760 0.24664
vt 0.08541 0.21310
vt 0.06791 0.20781
vt 0.03559 0.24407
vt 0.05805 0.20144
vt 0.08883 0.23523
vt 0.07739 0.20860
vt 0.09985 0.22075
vt 0.10202 0.22423
vt 0.09865 0.23505
vt 0.10307 0.22889
vt 0.04447 0.20624
vt 0.06523 0.20186
vt 0.10512 0.22287
vt 0.10816 0.22605
vt 0.06205 0.24961
vt 0.09978 0.21117
vt 0.03830 0.24866
vt 0.07354 0.24472
vt 0.03002 0.24103
vt 0.03003 0.22140
vt 0.01612 0.21521
vt 0.02899 0.20422
vt 0.02264 0.20144
vt 0.03603 0.21504
vt 0.01473 0.20329
vt 0.06568 0.21222
vt 0.97264 0.10684
vt 0.97264 0.09079
vt 0.96675 0.10309
vt 0.40867 0.68117
vt 0.41768 0.68689
vt 0.41877 0.68117
vt 0.41429 0.69383
vt 0.72273 0.73809
vt 0.72166 0.72429
vt 0.73345 0.74281
vt 0.73904 0.72702
vt 0.74239 0.74761
vt 0.71639 0.71182
vt 0.71239 0.72173
vt 0.68273 0.72659
vt 0.68582 0.70048
vt 0.69336 0.68474
vt 0.68904 0.75066
vt 0.71288 0.68598
vt 0.70764 0.68058
vt 0.68071 0.74234
vt 0.67971 0.75692
vt 0.74628 0.71747
vt 0.71654 0.73367
vt 0.71056 0.74122
vt 0.75295 0.73106
vt 0.73503 0.68032
vt 0.71547 0.73024
vt 0.68895 0.76140
vt 0.71957 0.73078
vt 0.75136 0.74752
vt 0.70605 0.74806
vt 0.74117 0.68169
vt 0.69843 0.75539
vt 0.75295 0.68359
vt 0.69651 0.75956
vt 0.75185 0.75612
vt 0.11991 0.08780
vt 0.10663 0.08607
vt 0.11239 0.09416
vt 0.12795 0.09594
vt 0.09921 0.08529
vt 0.09056 0.09840
vt 0.08157 0.08915
vt 0.05598 0.08235
vt 0.13110 0.08259
vt 0.13932 0.08235
vt 0.14352 0.08984
vt 0.57519 0.12506
vt 0.56690 0.12887
vt 0.56538 0.11805
vt 0.57452 0.13189
vt 0.57270 0.10968
vt 0.55598 0.10248
vt 0.56505 0.10223
vt 0.59060 0.11352
vt 0.59386 0.12501
vt 0.57907 0.11171
vt 0.60173 0.11803
vt 0.58302 0.12985
vt 0.57389 0.12715
vt 0.56937 0.12758
vt 0.60597 0.12796
vt 0.61627 0.12622
vt 0.60564 0.10746
vt 0.58835 0.10104
vt 0.61276 0.12985
vt 0.61827 0.10093
vt 0.61827 0.15414
vt 0.60881 0.13913
vt 0.06463 0.99899
vt 0.08040 0.98416
vt 0.05151 0.98654
vt 0.02556 0.99174
vt 0.08101 0.99840
vt 0.03557 0.97495
vt 0.00042 0.98147
vt 0.08398 0.98498
vt 0.08492 0.97266
vt 0.09728 0.96292
vt 0.09230 0.97784
vt 0.10039 0.98682
vt 0.10276 0.97394
vt 0.29906 0.94281
vt 0.30888 0.95019
vt 0.30601 0.94207
vt 0.29377 0.94131
vt 0.28426 0.94888
vt 0.25940 0.99203
vt 0.23031 0.98178
vt 0.21423 0.99958
vt 0.26167 0.97733
vt 0.27571 0.97770
vt 0.27727 0.99405
vt 0.29830 0.97639
vt 0.30038 0.96907
vt 0.17561 0.98092
vt 0.16429 0.99458
vt 0.14556 0.97351
vt 0.16076 0.96784
vt 0.27624 0.96092
vt 0.27064 0.93961
vt 0.25414 0.96104
vt 0.12923 0.98486
vt 0.11942 0.99205
vt 0.12854 0.97008
vt 0.11075 0.98689
vt 0.11672 0.96447
vt 0.10697 0.96273
vt 0.14205 0.95334
vt 0.31487 0.95119
vt 0.30787 0.96900
vt 0.24415 0.96737
vt 0.21911 0.97584
vt 0.17756 0.95458
vt 0.18903 0.96602
vt 0.22088 0.95399
vt 0.25262 0.96607
vt 0.31459 0.95564
vt 0.31692 0.94995
vt 0.23965 0.96970
vt 0.22706 0.95988
vt 0.24713 0.95716
vt 0.12194 0.95040
vt 0.12694 0.95270
vt 0.31619 0.94722
vt 0.31577 0.94554
vt 0.13163 0.93961
vt 0.60732 0.77381
vt 0.60143 0.77619
vt 0.60732 0.80110
vt 0.60480 0.74873
vt 0.52826 0.74519
vt 0.55303 0.74611
vt 0.53728 0.75665
vt 0.54950 0.76015
vt 0.52665 0.77666
vt 0.55491 0.73737
vt 0.51056 0.75949
vt 0.54438 0.79476
vt 0.51708 0.77576
vt 0.53290 0.73752
vt 0.54782 0.73477
vt 0.54175 0.73404
vt 0.56019 0.72778
vt 0.51656 0.74505
vt 0.54885 0.78473
vt 0.55811 0.71729
vt 0.55229 0.71291
vt 0.55638 0.75149
vt 0.55481 0.75490
vt 0.50642 0.76737
vt 0.51073 0.77959
vt 0.49309 0.77526
vt 0.48891 0.78094
vt 0.50578 0.80701
vt 0.48864 0.78921
vt 0.51276 0.75672
vt 0.54048 0.70479
vt 0.52781 0.70543
vt 0.51933 0.72004
vt 0.51977 0.70842
vt 0.52521 0.70027
vt 0.51046 0.70813
vt 0.51428 0.69651
vt 0.52105 0.69552
vt 0.54631 0.69892
vt 0.51909 0.74250
vt 0.50647 0.72966
vt 0.51164 0.72213
vt 0.49922 0.74140
vt 0.49685 0.74870
vt 0.50030 0.75557
vt 0.55957 0.80085
vt 0.56019 0.78919
vt 0.55141 0.78245
vt 0.55755 0.77838
vt 0.55545 0.76901
vt 0.55228 0.76585
vt 0.88763 0.64940
vt 0.89725 0.67103
vt 0.89876 0.65781
vt 0.89941 0.64884
vt 0.89883 0.64231
vt 0.89005 0.64231
vt 0.60729 0.83968
vt 0.60327 0.83508
vt 0.60421 0.83153
vt 0.59710 0.83180
vt 0.60353 0.83776
vt 0.59933 0.84433
vt 0.60061 0.84350
vt 0.59780 0.84663
vt 0.61827 0.83976
vt 0.61214 0.84410
vt 0.60761 0.84516
vt 0.60621 0.85166
vt 0.60522 0.84615
vt 0.60687 0.84325
vt 0.60631 0.84184
vt 0.60163 0.84615
vt 0.60891 0.85084
vt 0.60042 0.84545
vt 0.61746 0.85177
vt 0.59875 0.82407
vt 0.60529 0.82168
vt 0.60404 0.81740
vt 0.59302 0.82336
vt 0.59049 0.82004
vt 0.61827 0.80877
vt 0.60886 0.81135
vt 0.60620 0.81545
vt 0.60625 0.80701
vt 0.59839 0.82243
vt 0.60152 0.84631
vt 0.00000 1.00000
vt 0.00000 1.00000
vt 0.00000 1.00000
vt 0.91709 0.50633
vt 0.91688 0.49852
vt 0.91625 0.49967
vt 0.91709 0.49535
vt 0.85480 0.10156
vt 0.85396 0.10126
vt 0.85441 0.09840
vt 0.85441 0.10938
vt 0.54467 0.03856
vt 0.52601 0.03047
vt 0.52279 0.03326
vt 0.53395 0.02662
vt 0.54839 0.04549
vt 0.52984 0.05749
vt 0.52141 0.02407
vt 0.54183 0.03141
vt 0.53797 0.05879
vt 0.54481 0.05883
vt 0.54755 0.05534
vt 0.55345 0.04477
vt 0.52177 0.05587
vt 0.50740 0.03704
vt 0.51771 0.03109
vt 0.51491 0.05557
vt 0.50210 0.03852
vt 0.50504 0.05342
vt 0.51574 0.03084
vt 0.51203 0.02968
vt 0.51790 0.02848
vt 0.51941 0.02514
vt 0.51246 0.02686
vt 0.52063 0.02441
vt 0.54333 0.02580
vt 0.54595 0.02984
vt 0.54716 0.02407
vt 0.55201 0.02484
vt 0.54855 0.06103
vt 0.51751 0.03099
vt 0.52797 0.06123
vt 0.51967 0.03111
vt 0.52116 0.03126
vt 0.52315 0.63133
vt 0.52062 0.63133
vt 0.52067 0.63218
vt 0.38531 0.14738
vt 0.36538 0.15030
vt 0.38729 0.16681
vt 0.36237 0.16341
vt 0.34301 0.14741
vt 0.39820 0.14842
vt 0.40811 0.16673
vt 0.41972 0.14741
vt 0.44739 0.16260
vt 0.00153 0.30162
vt 0.00715 0.30885
vt 0.00214 0.31799
vt 0.00715 0.28632
vt 0.00477 0.28681
vt 0.00126 0.27829
vt 0.69402 0.98860
vt 0.71423 0.98860
vt 0.70928 0.99113
vt 0.65446 0.97084
vt 0.65699 0.97931
vt 0.65699 0.96579
vt 0.15135 0.57731
vt 0.13767 0.56331
vt 0.10137 0.57151
vt 0.14764 0.56854
vt 0.17433 0.57000
vt 0.19668 0.57845
vt 0.19612 0.57027
vt 0.20536 0.56975
vt 0.11236 0.55870
vt 0.08684 0.56450
vt 0.07498 0.57112
vt 0.05688 0.58184
vt 0.05823 0.57758
vt 0.03914 0.57900
vt 0.20622 0.58235
vt 0.22180 0.55870
vt 0.18080 0.90877
vt 0.15077 0.92550
vt 0.16469 0.92089
vt 0.14884 0.94054
vt 0.12363 0.93464
vt 0.19426 0.90811
vt 0.19110 0.89992
vt 0.20676 0.90548
vt 0.20406 0.90169
vt 0.18986 0.91615
vt 0.10708 0.92047
vt 0.09746 0.93761
vt 0.09142 0.92515
vt 0.08445 0.94165
vt 0.07900 0.93190
vt 0.06672 0.94519
vt 0.05009 0.93591
vt 0.04750 0.94299
vt 0.02652 0.93027
vt 0.05154 0.91714
vt 0.02704 0.92463
vt 0.07831 0.91923
vt 0.06751 0.89992
vt 0.18150 0.92162
vt 0.18152 0.93579
vt 0.16263 0.93284
vt 0.15947 0.94430
vt 0.18627 0.94552
vt 0.20807 0.94383
vt 0.19841 0.93128
vt 0.22000 0.92437
vt 0.21370 0.91874
vt 0.22431 0.90864
vt 0.22701 0.92220
vt 0.23117 0.92982
vt 0.21703 0.94310
vt 0.21145 0.93806
vt 0.24162 0.91213
vt 0.24331 0.92406
vt 0.25564 0.92043
vt 0.24736 0.90437
vt 0.27566 0.91001
vt 0.30598 0.92038
vt 0.19995 0.91688
vt 0.69220 0.49157
vt 0.68961 0.50566
vt 0.69739 0.49911
vt 0.69658 0.52660
vt 0.69739 0.48353
vt 0.68561 0.49744
vt 0.72089 0.57738
vt 0.72315 0.59677
vt 0.71274 0.57939
vt 0.71319 0.59558
vt 0.71219 0.60955
vt 0.72517 0.60670
vt 0.71709 0.63809
vt 0.71073 0.57034
vt 0.71529 0.56244
vt 0.70818 0.56011
vt 0.70459 0.54726
vt 0.70328 0.53711
vt 0.72013 0.51757
vt 0.72038 0.54303
vt 0.71598 0.51207
vt 0.72517 0.50718
vt 0.93722 0.78465
vt 0.94260 0.77723
vt 0.96086 0.78038
vt 0.94962 0.79385
vt 0.93585 0.78754
vt 0.94847 0.77211
vt 0.96086 0.78947
vt 0.94355 0.77280
vt 0.94319 0.76900
vt 0.94108 0.76944
vt 0.93476 0.78064
vt 0.95367 0.79506
vt 0.95322 0.80337
vt 0.95662 0.80994
vt 0.95385 0.81025
vt 0.95442 0.81851
vt 0.94042 0.76941
vt 0.93986 0.76960
vt 0.93853 0.76953
vt 0.93748 0.76969
vt 0.93560 0.76974
vt 0.93695 0.77081
vt 0.93873 0.76966
vt 0.95686 0.82644
vt 0.97517 0.55509
vt 0.97348 0.55870
vt 0.97421 0.55391
vt 0.97348 0.55279
vt 0.95749 0.45360
vt 0.95665 0.45228
vt 0.95665 0.45481
vt 0.66086 0.01647
vt 0.63256 0.01647
vt 0.64302 0.02057
vt 0.65407 0.02082
vt 0.62824 0.01909
vt 0.61911 0.01811
vt 0.65872 0.02323
vt 0.67382 0.02141
vt 0.83893 0.08156
vt 0.85590 0.08831
vt 0.84879 0.07233
vt 0.84873 0.10515
vt 0.82915 0.09193
vt 0.86684 0.07204
vt 0.87500 0.07947
vt 0.81692 0.06916
vt 0.83218 0.07082
vt 0.84088 0.07196
vt 0.85586 0.06799
vt 0.87425 0.06843
vt 0.82557 0.06799
vt 0.87970 0.72101
vt 0.88571 0.71036
vt 0.88284 0.73105
vt 0.90361 0.69733
vt 0.90222 0.67188
vt 0.91288 0.67596
vt 0.87610 0.73038
vt 0.88232 0.73563
vt 0.87584 0.71141
vt 0.89952 0.73841
vt 0.89908 0.73389
vt 0.91288 0.74282
vt 0.95160 0.95552
vt 0.95865 0.90600
vt 0.96016 0.92734
vt 0.96389 0.89904
vt 0.96061 0.95614
vt 0.96875 0.93555
vt 0.96928 0.89569
vt 0.96928 0.95904
vt 0.32805 0.33622
vt 0.31918 0.32297
vt 0.31956 0.34428
vt 0.31031 0.32050
vt 0.30358 0.33627
vt 0.29157 0.31767
vt 0.28117 0.29519
vt 0.29857 0.29609
vt 0.29492 0.34866
vt 0.26709 0.34307
vt 0.27107 0.35727
vt 0.27088 0.30201
vt 0.26504 0.32798
vt 0.26191 0.30997
vt 0.25884 0.29777
vt 0.33224 0.34742
vt 0.35011 0.33556
vt 0.34766 0.34911
vt 0.35066 0.33111
vt 0.32392 0.35938
vt 0.31044 0.34986
vt 0.28717 0.35538
vt 0.32803 0.32190
vt 0.35152 0.31715
vt 0.33292 0.29519
vt 0.35564 0.30332
vt 0.32292 0.30798
vt 0.31985 0.31476
vt 0.35267 0.35195
vt 0.35072 0.35832
vt 0.05732 0.34006
vt 0.04491 0.34287
vt 0.05557 0.34514
vt 0.05766 0.33164
vt 0.05187 0.32728
vt 0.05260 0.34960
vt 0.02820 0.32728
vt 0.04310 0.35008
vt 0.62801 0.37356
vt 0.62701 0.37540
vt 0.63250 0.37524
vt 0.63406 0.39316
vt 0.65098 0.38858
vt 0.65530 0.37120
vt 0.62668 0.37120
vt 0.62981 0.37175
vt 0.55261 0.90836
vt 0.54823 0.90328
vt 0.55261 0.89738
vt 0.54648 0.89963
vt 0.54588 0.90472
vt 0.89140 0.01939
vt 0.89891 0.02529
vt 0.90165 0.01478
vt 0.90530 0.02660
vt 0.89095 0.01478
vt 0.88763 0.01648
vt 0.89048 0.02249
vt 0.88618 0.23550
vt 0.88372 0.24029
vt 0.87837 0.23438
vt 0.89015 0.23438
vt 0.98988 0.71552
vt 0.98443 0.71331
vt 0.98770 0.71845
vt 0.99116 0.72255
vt 0.99116 0.70904
vt 0.83291 0.81575
vt 0.83460 0.82306
vt 0.83460 0.81039
vt 0.14711 0.86444
vt 0.15032 0.85394
vt 0.14352 0.85780
vt 0.15551 0.86333
vt 0.15783 0.85177
vt 0.14572 0.85177
vt 0.04672 0.67965
vt 0.03934 0.67868
vt 0.03654 0.68117
vt 0.04053 0.67779
vt 0.03241 0.67779
vt 0.79980 0.50812
vt 0.79167 0.50628
vt 0.80005 0.49814
vt 0.79457 0.49913
vt 0.79877 0.49345
vt 0.80177 0.51562
vt 0.80177 0.48775
vt 0.79758 0.51405
vt 0.68744 0.83533
vt 0.68892 0.84287
vt 0.69093 0.83808
vt 0.68091 0.84058
vt 0.68809 0.83227
vt 0.67971 0.83300
vt 0.68229 0.82644
vt 0.69823 0.84417
vt 0.69541 0.82644
vt 0.43246 0.03167
vt 0.43434 0.03505
vt 0.44150 0.03167
vt 0.43140 0.03377
vt 0.10480 0.33432
vt 0.12668 0.31826
vt 0.11111 0.34572
vt 0.10513 0.32483
vt 0.10632 0.31432
vt 0.12668 0.33072
vt 0.10868 0.30451
vt 0.12522 0.30689
vt 0.12286 0.34203
vt 0.12185 0.35842
vt 0.10584 0.35798
vt 0.11744 0.30194
vt 0.11690 0.36191
vt 0.55767 0.01258
vt 0.55903 0.02323
vt 0.55477 0.01927
vt 0.56755 0.02042
vt 0.56118 0.00651
vt 0.57147 0.00897
vt 0.57363 0.01808
vt 0.57365 0.02153
vt 0.57365 0.00698
vt 0.56034 0.00127
vt 0.55008 0.01479
vt 0.55794 0.00893
vt 0.55064 0.02113
vt 0.13924 0.17599
vt 0.15285 0.17031
vt 0.15053 0.17575
vt 0.15772 0.17455
vt 0.14254 0.18043
vt 0.13577 0.18175
vt 0.12880 0.17864
vt 0.13086 0.18312
vt 0.12593 0.18499
vt 0.12382 0.18418
vt 0.11474 0.17994
vt 0.12131 0.18518
vt 0.11722 0.18667
vt 0.11253 0.18558
vt 0.10760 0.18600
vt 0.11084 0.18765
vt 0.11317 0.18816
vt 0.11547 0.19221
vt 0.11169 0.19141
vt 0.11240 0.19637
vt 0.10912 0.19139
vt 0.10336 0.21240
vt 0.11294 0.20794
vt 0.11382 0.22038
vt 0.11940 0.19939
vt 0.10143 0.20154
vt 0.12864 0.19777
vt 0.13070 0.20912
vt 0.14418 0.20771
vt 0.13893 0.19399
vt 0.14493 0.22050
vt 0.16241 0.19294
vt 0.14307 0.18498
vt 0.15039 0.17929
vt 0.15628 0.17726
vt 0.16499 0.18363
vt 0.17796 0.19892
vt 0.17803 0.18260
vt 0.17217 0.17019
vt 0.17803 0.21941
vt 0.16128 0.21619
vt 0.11088 0.18897
vt 0.16915 0.22255
vt 0.48768 0.05238
vt 0.49116 0.04265
vt 0.47601 0.04265
vt 0.48045 0.05232
vt 0.48598 0.05785
vt 0.83538 0.01612
vt 0.84428 0.02361
vt 0.84026 0.01743
vt 0.84967 0.01567
vt 0.85595 0.01925
vt 0.85302 0.02998
vt 0.86490 0.01849
vt 0.83281 0.02044
vt 0.85386 0.01485
vt 0.85847 0.01593
vt 0.86089 0.01759
vt 0.82857 0.01663
vt 0.82745 0.02765
vt 0.82048 0.02069
vt 0.81855 0.02482
vt 0.81985 0.01394
vt 0.81776 0.01884
vt 0.86158 0.01394
vt 0.55766 0.07475
vt 0.55598 0.07947
vt 0.55766 0.08488
vt 0.29658 0.85515
vt 0.30598 0.85431
vt 0.29997 0.85938
vt 0.29335 0.85431
vt 0.16891 0.12364
vt 0.14036 0.11870
vt 0.16202 0.10657
vt 0.15238 0.13461
vt 0.13719 0.13622
vt 0.13932 0.10269
vt 0.16264 0.09502
vt 0.16806 0.09534
vt 0.12010 0.11475
vt 0.17382 0.11474
vt 0.17365 0.10321
vt 0.16826 0.10016
vt 0.15564 0.15245
vt 0.17365 0.14006
vt 0.11490 0.13731
vt 0.12230 0.09761
vt 0.38989 0.45999
vt 0.39109 0.46151
vt 0.39371 0.46060
vt 0.38831 0.46376
vt 0.38498 0.47310
vt 0.38173 0.46640
vt 0.40787 0.46729
vt 0.39921 0.45890
vt 0.40867 0.45566
vt 0.40400 0.48217
vt 0.38933 0.48944
vt 0.38359 0.45566
vt 0.38451 0.46093
vt 0.38834 0.45885
vt 0.88387 0.85574
vt 0.87955 0.82978
vt 0.88725 0.84538
vt 0.88620 0.82858
vt 0.90296 0.84371
vt 0.90859 0.83285
vt 0.90867 0.81879
vt 0.90859 0.80807
vt 0.90249 0.79883
vt 0.89818 0.79737
vt 0.90435 0.79611
vt 0.88296 0.80426
vt 0.89437 0.79096
vt 0.89029 0.84789
vt 0.90203 0.85531
vt 0.90777 0.79344
vt 0.87921 0.82238
vt 0.90140 0.86221
vt 0.88587 0.85859
vt 0.88709 0.86562
vt 0.88061 0.86951
vt 0.90479 0.86387
vt 0.57534 0.44468
vt 0.56776 0.43648
vt 0.57534 0.43285
vt 0.57170 0.44455
vt 0.40530 0.58543
vt 0.40755 0.59240
vt 0.41372 0.59417
vt 0.41372 0.58235
vt 0.24102 0.31924
vt 0.24441 0.31800
vt 0.24537 0.31411
vt 0.24537 0.32137
vt 0.23948 0.31377
vt 0.58796 0.77492
vt 0.58796 0.78252
vt 0.58498 0.78036
vt 0.58375 0.77498
vt 0.96095 0.02407
vt 0.96170 0.01777
vt 0.95497 0.01913
vt 0.95506 0.02280
vt 0.95748 0.01661
vt 0.96095 0.01478
vt 0.52315 0.36782
vt 0.51978 0.37305
vt 0.52315 0.37458
vt 0.56439 0.68792
vt 0.56100 0.68961
vt 0.55766 0.68792
vt 0.92635 0.33341
vt 0.92919 0.32475
vt 0.92971 0.33388
vt 0.92919 0.34164
vt 0.20527 0.26218
vt 0.20641 0.26075
vt 0.20628 0.26726
vt 0.20328 0.27407
vt 0.20667 0.27180
vt 0.21247 0.26149
vt 0.21338 0.25971
vt 0.21338 0.27180
vt 0.20581 0.78051
vt 0.21086 0.78590
vt 0.21086 0.77745
vt 0.23022 0.06767
vt 0.23022 0.07475
vt 0.22817 0.07320
vt 0.22433 0.06715
vt 0.91625 0.41512
vt 0.92130 0.41512
vt 0.91900 0.42272
vt 0.11237 0.09924
vt 0.11995 0.09924
vt 0.11575 0.10262
vt 0.75557 0.91374
vt 0.78603 0.91336
vt 0.76778 0.90245
vt 0.78057 0.92188
vt 0.74285 0.90308
vt 0.73190 0.90251
vt 0.78914 0.90251
vt 0.78746 0.53167
vt 0.78285 0.54196
vt 0.78241 0.53437
vt 0.78746 0.54350
vt 0.52652 0.78638
vt 0.52652 0.79519
vt 0.52281 0.78981
vt 0.52178 0.78645
vt 0.52062 0.78967
vt 0.52110 0.79505
vt 0.52404 0.78336
vt 0.82870 0.49451
vt 0.82449 0.49420
vt 0.82663 0.48833
vt 0.82870 0.48438
vt 0.18783 0.61687
vt 0.19301 0.61510
vt 0.18636 0.61365
vt 0.19487 0.61106
vt 0.18634 0.62049
vt 0.18542 0.62029
vt 0.17719 0.61106
vt 0.18773 0.62120
vt 0.37811 0.16765
vt 0.38342 0.16850
vt 0.37668 0.16850
vt 0.56355 0.78927
vt 0.57029 0.78927
vt 0.56584 0.79096
vt 0.43857 0.19669
vt 0.44205 0.20144
vt 0.43880 0.19397
vt 0.43013 0.19855
vt 0.44768 0.19612
vt 0.45344 0.18792
vt 0.44287 0.18792
vt 0.46170 0.19005
vt 0.43119 0.18950
vt 0.42635 0.19619
vt 0.42778 0.18882
vt 0.44029 0.20051
vt 0.39800 0.87761
vt 0.40000 0.88075
vt 0.39797 0.88421
vt 0.40109 0.87653
vt 0.40109 0.88978
vt 0.39352 0.87824
vt 0.39399 0.87458
vt 0.32955 0.84502
vt 0.32955 0.83573
vt 0.32702 0.84358
vt 0.00390 0.58331
vt 0.01389 0.58587
vt 0.00361 0.58743
vt 0.01389 0.57167
vt 0.00210 0.57137
vt 0.00478 0.59164
vt 0.53493 0.43700
vt 0.53830 0.44046
vt 0.53830 0.43370
vt 0.79840 0.47931
vt 0.79666 0.47960
vt 0.79503 0.48522
vt 0.79840 0.48497
vt 0.93308 0.85602
vt 0.93346 0.85262
vt 0.94103 0.86113
vt 0.93823 0.86191
vt 0.94571 0.85262
vt 0.62332 0.20012
vt 0.62332 0.19721
vt 0.62163 0.20228
vt 0.00342 0.32390
vt 0.00126 0.32221
vt 0.00631 0.32390
vt 0.66714 0.49654
vt 0.66807 0.50599
vt 0.66120 0.49467
vt 0.66235 0.49065
vt 0.67045 0.48824
vt 0.66196 0.48185
vt 0.66947 0.48184
vt 0.67045 0.50930
vt 0.66254 0.52308
vt 0.66193 0.53252
vt 0.84049 0.80625
vt 0.84470 0.80870
vt 0.84470 0.79941
vt 0.44150 0.57052
vt 0.44150 0.56292
vt 0.43729 0.56392
vt 0.84470 0.15836
vt 0.84806 0.15836
vt 0.84664 0.16005
vt 0.63342 0.64313
vt 0.63668 0.64231
vt 0.63649 0.64316
vt 0.63847 0.64313
vt 0.93729 0.38809
vt 0.94150 0.38809
vt 0.94056 0.38978
vt 0.36322 0.65498
vt 0.36322 0.64823
vt 0.36237 0.65001
vt 0.07708 0.12711
vt 0.06524 0.12711
vt 0.07713 0.13094
vt 0.08628 0.13077
vt 0.06738 0.13514
vt 0.07431 0.13725
vt 0.98779 0.96748
vt 0.98359 0.97002
vt 0.98468 0.96748
vt 0.89377 0.52164
vt 0.89057 0.51174
vt 0.87649 0.51264
vt 0.88241 0.53425
vt 0.89999 0.54030
vt 0.90607 0.53505
vt 0.89532 0.50657
vt 0.89136 0.49429
vt 0.86153 0.48438
vt 0.90131 0.50298
vt 0.89741 0.48438
vt 0.86175 0.49778
vt 0.86710 0.52549
vt 0.90391 0.49676
vt 0.87465 0.54359
vt 0.86868 0.53867
vt 0.91035 0.49055
vt 0.89176 0.54259
vt 0.88727 0.54519
vt 0.90725 0.53702
vt 0.33533 0.73340
vt 0.33965 0.72662
vt 0.33965 0.74714
vt 0.33508 0.75068
vt 0.33853 0.75842
vt 0.33351 0.75887
vt 0.32998 0.72407
vt 0.33112 0.71833
vt 0.32197 0.73210
vt 0.79505 0.54341
vt 0.80683 0.53680
vt 0.80157 0.55408
vt 0.79167 0.55973
vt 0.81092 0.52612
vt 0.80111 0.52309
vt 0.81576 0.51707
vt 0.79858 0.56926
vt 0.80742 0.55247
vt 0.80797 0.50927
vt 0.81720 0.50564
vt 0.80869 0.56144
vt 0.81776 0.48353
vt 0.80886 0.57428
vt 0.80922 0.58115
vt 0.80574 0.58826
vt 0.81088 0.56770
vt 0.81776 0.58676
vt 0.28998 0.72762
vt 0.31103 0.72762
vt 0.29683 0.73691
vt 0.84637 0.19628
vt 0.85277 0.19275
vt 0.85311 0.18395
vt 0.84783 0.20870
vt 0.85296 0.20988
vt 0.85078 0.18184
vt 0.85296 0.17863
vt 0.84301 0.19620
vt 0.44482 0.35600
vt 0.48395 0.36417
vt 0.46950 0.35109
vt 0.45614 0.34276
vt 0.43843 0.33364
vt 0.42224 0.34385
vt 0.46605 0.34223
vt 0.42279 0.35143
vt 0.48234 0.35006
vt 0.51789 0.34554
vt 0.47763 0.33911
vt 0.51864 0.33319
vt 0.51616 0.36213
vt 0.51788 0.37325
vt 0.43095 0.36034
vt 0.42834 0.36148
vt 0.41115 0.35321
vt 0.41654 0.36337
vt 0.41000 0.36120
vt 0.40867 0.35587
vt 0.43855 0.38302
vt 0.41367 0.35053
vt 0.43093 0.33319
vt 0.45309 0.36280
vt 0.52062 0.35711
vt 0.47039 0.34585
vt 0.06524 0.66512
vt 0.07281 0.66512
vt 0.06788 0.66765
vt 0.36824 0.29595
vt 0.39314 0.30399
vt 0.39578 0.33402
vt 0.39459 0.29476
vt 0.36426 0.31715
vt 0.38079 0.35339
vt 0.39029 0.35282
vt 0.36014 0.33173
vt 0.35738 0.35058
vt 0.41035 0.35079
vt 0.40077 0.35379
vt 0.35732 0.35431
vt 0.40294 0.28972
vt 0.38941 0.28463
vt 0.39024 0.26997
vt 0.37226 0.26255
vt 0.37565 0.25549
vt 0.39738 0.28490
vt 0.40825 0.28469
vt 0.41035 0.27455
vt 0.36241 0.09933
vt 0.34270 0.09575
vt 0.34749 0.10507
vt 0.32833 0.09729
vt 0.36999 0.10864
vt 0.38893 0.11022
vt 0.39211 0.09741
vt 0.39258 0.10946
vt 0.33363 0.10823
vt 0.31657 0.10599
vt 0.30619 0.09350
vt 0.30177 0.09563
vt 0.35500 0.11019
vt 0.31909 0.09164
vt 0.39436 0.09164
vt 0.35898 0.09209
vt 0.96423 0.14204
vt 0.95568 0.14316
vt 0.95984 0.13302
vt 0.94655 0.13302
vt 0.68091 0.44361
vt 0.66961 0.44926
vt 0.66969 0.43567
vt 0.67276 0.45847
vt 0.67587 0.46065
vt 0.68224 0.42731
vt 0.68004 0.41596
vt 0.68224 0.45999
vt 0.67059 0.46748
vt 0.47453 0.25120
vt 0.47914 0.25001
vt 0.47639 0.25211
vt 0.48214 0.24974
vt 0.46662 0.25125
vt 0.45412 0.24704
vt 0.48779 0.24704
vt 0.39520 0.98266
vt 0.40530 0.98490
vt 0.39718 0.98982
vt 0.40450 0.99015
vt 0.40358 0.99535
vt 0.40482 0.97915
vt 0.40260 0.97478
vt 0.40429 0.96437
vt 0.39761 0.96639
vt 0.40530 0.95144
vt 0.72941 0.22212
vt 0.73463 0.23642
vt 0.72827 0.23874
vt 0.73527 0.22570
vt 0.73527 0.25296
vt 0.72685 0.22490
vt 0.72743 0.22002
vt 0.21488 0.70583
vt 0.22482 0.71073
vt 0.20927 0.71037
vt 0.22769 0.70228
vt 0.20328 0.70228
vt 0.20039 0.25402
vt 0.19422 0.26734
vt 0.20030 0.26174
vt 0.20076 0.24367
vt 0.20076 0.27660
vt 0.19150 0.27469
vt 0.87988 0.65617
vt 0.87915 0.66841
vt 0.87309 0.66896
vt 0.87985 0.67616
vt 0.86481 0.65757
vt 0.87413 0.64658
vt 0.88530 0.63809
vt 0.86522 0.66576
vt 0.87237 0.68066
vt 0.88020 0.63203
vt 0.87010 0.63468
vt 0.87216 0.62061
vt 0.87797 0.62003
vt 0.88340 0.63103
vt 0.89015 0.61444
vt 0.86719 0.64688
vt 0.86245 0.63848
vt 0.85311 0.65890
vt 0.85637 0.63262
vt 0.85919 0.68877
vt 0.88547 0.68416
vt 0.88336 0.67577
vt 0.89015 0.68313
vt 0.88575 0.67504
vt 0.88639 0.67775
vt 0.82955 0.51317
vt 0.82298 0.52933
vt 0.81554 0.52425
vt 0.82713 0.50718
vt 0.81866 0.53364
vt 0.82449 0.53590
vt 0.82955 0.53513
vt 0.82041 0.50802
vt 0.81439 0.53257
vt 0.15719 0.08579
vt 0.15393 0.08902
vt 0.15617 0.09079
vt 0.15025 0.08319
vt 0.16372 0.08319
vt 0.16163 0.08714
vt 0.97348 0.48971
vt 0.97769 0.48944
vt 0.97350 0.49285
vt 0.97769 0.49620
vt 0.22706 0.27465
vt 0.23359 0.26900
vt 0.21759 0.26900
vt 0.21811 0.27614
vt 0.23086 0.27790
vt 0.22170 0.28083
vt 0.22348 0.61698
vt 0.22854 0.61698
vt 0.22444 0.62289
vt 0.78210 0.06208
vt 0.78493 0.05935
vt 0.78157 0.05698
vt 0.78493 0.05532
vt 0.70049 0.51757
vt 0.69823 0.51562
vt 0.70328 0.51600
vt 0.70328 0.51971
vt 0.69836 0.51985
vt 0.69914 0.51701
vt 0.73022 0.29122
vt 0.73274 0.29603
vt 0.73062 0.29402
vt 0.73251 0.29305
vt 0.73274 0.28927
vt 0.69150 0.81377
vt 0.69150 0.82390
vt 0.68697 0.81922
vt 0.68561 0.81548
vt 0.90951 0.03843
vt 0.91435 0.03674
vt 0.91540 0.03843
vt 0.04924 0.73353
vt 0.04158 0.73762
vt 0.04654 0.73913
vt 0.04924 0.74198
vt 0.04022 0.73569
vt 0.03998 0.73824
vt 0.63268 0.76330
vt 0.63307 0.76051
vt 0.63713 0.76270
vt 0.63699 0.76540
vt 0.63608 0.75500
vt 0.62418 0.74196
vt 0.63132 0.76176
vt 0.63572 0.72468
vt 0.64020 0.75028
vt 0.64232 0.74039
vt 0.62464 0.71535
vt 0.64416 0.72465
vt 0.63960 0.76405
vt 0.62374 0.78643
vt 0.65051 0.73995
vt 0.63421 0.71218
vt 0.64909 0.74149
vt 0.64516 0.74467
vt 0.65342 0.74752
vt 0.65293 0.74271
vt 0.65380 0.74435
vt 0.61015 0.76628
vt 0.60901 0.78959
vt 0.61591 0.80494
vt 0.61106 0.80170
vt 0.62868 0.80970
vt 0.63798 0.80327
vt 0.61228 0.74092
vt 0.61555 0.72337
vt 0.63983 0.81123
vt 0.64127 0.79137
vt 0.64529 0.77140
vt 0.65583 0.79102
vt 0.65906 0.78283
vt 0.65979 0.78588
vt 0.66120 0.79132
vt 0.65868 0.79541
vt 0.65687 0.79660
vt 0.65548 0.80058
vt 0.65354 0.79486
vt 0.65972 0.71967
vt 0.65222 0.70860
vt 0.66120 0.71065
vt 0.65183 0.80442
vt 0.62862 0.70268
vt 0.64372 0.69890
vt 0.36518 0.37289
vt 0.39015 0.37035
vt 0.36406 0.37035
vt 0.71375 0.34755
vt 0.72348 0.34417
vt 0.71231 0.34417
vt 0.71002 0.34719
vt 0.73115 0.04772
vt 0.73948 0.02492
vt 0.72692 0.04533
vt 0.72173 0.02811
vt 0.71905 0.03392
vt 0.71908 0.04178
vt 0.71222 0.04304
vt 0.71548 0.03762
vt 0.71023 0.03911
vt 0.70658 0.03785
vt 0.70193 0.03630
vt 0.70506 0.02492
vt 0.71688 0.02657
vt 0.69455 0.03567
vt 0.68677 0.02983
vt 0.69218 0.03589
vt 0.67635 0.03067
vt 0.70659 0.03875
vt 0.90979 0.86951
vt 0.90490 0.87447
vt 0.93153 0.88488
vt 0.92383 0.89569
vt 0.89846 0.88099
vt 0.89773 0.87168
vt 0.93316 0.89287
vt 0.94200 0.88082
vt 0.95194 0.87692
vt 0.95089 0.87025
vt 0.95665 0.86951
vt 0.30439 0.99538
vt 0.31540 0.99320
vt 0.30948 0.98450
vt 0.31486 0.99958
vt 0.29763 0.98497
vt 0.29756 0.99665
vt 0.31812 0.98671
vt 0.31379 0.97522
vt 0.30970 0.97002
vt 0.32139 0.97002
vt 0.32661 0.98503
vt 0.33587 0.98764
vt 0.33139 0.99607
vt 0.31785 0.99397
vt 0.33796 0.99651
vt 0.30318 0.97079
vt 0.28493 0.49029
vt 0.29429 0.49535
vt 0.29756 0.49029
vt 0.20377 0.33209
vt 0.19322 0.31813
vt 0.18486 0.33623
vt 0.17841 0.32934
vt 0.17290 0.33746
vt 0.17218 0.34920
vt 0.20648 0.31208
vt 0.23103 0.31832
vt 0.21409 0.34630
vt 0.24325 0.35249
vt 0.24958 0.32857
vt 0.22671 0.36195
vt 0.23878 0.35987
vt 0.20112 0.36225
vt 0.18594 0.34055
vt 0.16842 0.33518
vt 0.17014 0.31845
vt 0.15712 0.34238
vt 0.16258 0.32210
vt 0.15766 0.32885
vt 0.15400 0.32294
vt 0.15586 0.31208
vt 0.14709 0.32355
vt 0.14015 0.33649
vt 0.14814 0.34912
vt 0.15343 0.35341
vt 0.17480 0.32003
vt 0.18288 0.31880
vt 0.18978 0.31807
vt 0.16729 0.36360
vt 0.14566 0.43579
vt 0.14941 0.43201
vt 0.14839 0.43623
vt 0.14436 0.43201
vt 0.99339 0.87244
vt 0.98517 0.88715
vt 0.98744 0.87793
vt 0.98938 0.86790
vt 0.99165 0.86050
vt 0.99355 0.88626
vt 0.98934 0.89291
vt 0.99537 0.90160
vt 0.99537 0.85938
vt 0.98359 0.88575
vt 0.08043 0.58716
vt 0.07448 0.58605
vt 0.07730 0.58876
vt 0.08460 0.58325
vt 0.07626 0.58851
vt 0.04076 0.60329
vt 0.04378 0.59427
vt 0.03878 0.59734
vt 0.02557 0.59171
vt 0.04723 0.58319
vt 0.02564 0.59670
vt 0.01791 0.59366
vt 0.02008 0.59974
vt 0.01731 0.59215
vt 0.04818 0.60024
vt 0.01641 0.59135
vt 0.04731 0.60674
vt 0.02312 0.60424
vt 0.01722 0.58988
vt 0.05008 0.60938
vt 0.05094 0.60116
vt 0.06154 0.60185
vt 0.04163 0.60745
vt 0.05736 0.59613
vt 0.04745 0.59520
vt 0.06004 0.59254
vt 0.05705 0.58785
vt 0.06211 0.58472
vt 0.03364 0.58325
vt 0.02120 0.58694
vt 0.05966 0.59531
vt 0.06414 0.59459
vt 0.06364 0.59745
vt 0.06628 0.59569
vt 0.06946 0.60335
vt 0.06799 0.59469
vt 0.07179 0.59030
vt 0.07106 0.58744
vt 0.08142 0.60377
vt 0.07067 0.58866
vt 0.06403 0.58640
vt 0.30007 0.13474
vt 0.32160 0.12298
vt 0.30696 0.11705
vt 0.31733 0.11904
vt 0.32460 0.14741
vt 0.30379 0.11245
vt 0.28855 0.12634
vt 0.28274 0.11191
vt 0.30748 0.14250
vt 0.32759 0.12200
vt 0.33384 0.15276
vt 0.34391 0.12434
vt 0.33190 0.11191
vt 0.35059 0.12327
vt 0.27728 0.12045
vt 0.29214 0.13648
vt 0.28216 0.14074
vt 0.29175 0.15063
vt 0.28536 0.15498
vt 0.29836 0.14708
vt 0.34715 0.12767
vt 0.29412 0.15183
vt 0.28088 0.12790
vt 0.27693 0.12585
vt 0.27652 0.13746
vt 0.29594 0.15337
vt 0.32367 0.11823
vt 0.27699 0.12778
vt 0.00884 0.26816
vt 0.00806 0.26985
vt 0.00547 0.26816
vt 0.82696 0.55448
vt 0.82281 0.55279
vt 0.82702 0.55279
vt 0.36742 0.05279
vt 0.36322 0.05279
vt 0.36625 0.05194
vt 0.06103 0.48691
vt 0.06524 0.48691
vt 0.06400 0.48775
vt 0.06227 0.48764
vt 0.02483 0.69806
vt 0.02567 0.69733
vt 0.02483 0.69552
vt 0.20497 0.90836
vt 0.20653 0.90752
vt 0.20749 0.90836
vt 0.24760 0.06425
vt 0.24032 0.04159
vt 0.25382 0.03460
vt 0.24120 0.02992
vt 0.25476 0.06597
vt 0.26119 0.04754
vt 0.26389 0.05959
vt 0.26389 0.02901
vt 0.25410 0.02745
vt 0.24829 0.02900
vt 0.25040 0.07137
vt 0.43476 0.91993
vt 0.43308 0.91850
vt 0.43308 0.92103
vt 0.42987 0.67377
vt 0.42665 0.67266
vt 0.42972 0.67711
vt 0.43119 0.67025
vt 0.43167 0.67969
vt 0.43561 0.67604
vt 0.42720 0.68117
vt 0.42908 0.66934
vt 0.41658 0.66934
vt 0.43558 0.67101
vt 0.43533 0.67375
vt 0.40867 0.67076
vt 0.80850 0.38133
vt 0.81103 0.38133
vt 0.80941 0.38556
vt 0.00923 0.00083
vt 0.00260 0.00549
vt 0.00742 0.00073
vt 0.00042 0.00042
vt 0.00963 0.00289
vt 0.01052 0.00042
vt 0.27288 0.72458
vt 0.28739 0.72026
vt 0.27809 0.72125
vt 0.29610 0.72383
vt 0.25983 0.71946
vt 0.29756 0.71917
vt 0.19112 0.74716
vt 0.18079 0.74526
vt 0.17094 0.75093
vt 0.16935 0.74746
vt 0.15183 0.75296
vt 0.15299 0.74843
vt 0.13045 0.74887
vt 0.13105 0.75294
vt 0.11609 0.74558
vt 0.11616 0.75036
vt 0.10322 0.74506
vt 0.10516 0.74145
vt 0.09200 0.74007
vt 0.08984 0.73179
vt 0.08178 0.72956
vt 0.07618 0.71917
vt 0.20734 0.74099
vt 0.20656 0.74601
vt 0.21907 0.73982
vt 0.22589 0.74123
vt 0.23038 0.73415
vt 0.24450 0.73442
vt 0.24615 0.72888
vt 0.26128 0.72896
vt 0.27233 0.73176
vt 0.73274 0.92442
vt 0.72299 0.91512
vt 0.73527 0.91512
vt 0.72180 0.92694
vt 0.34914 0.76161
vt 0.34298 0.76552
vt 0.35143 0.75465
vt 0.34125 0.78434
vt 0.34385 0.78411
vt 0.34204 0.80173
vt 0.32993 0.78375
vt 0.32990 0.79824
vt 0.34393 0.81470
vt 0.32955 0.81046
vt 0.33127 0.82429
vt 0.34588 0.87145
vt 0.33213 0.86009
vt 0.34667 0.85912
vt 0.33205 0.83935
vt 0.34462 0.84371
vt 0.33363 0.87920
vt 0.33945 0.88767
vt 0.34577 0.88204
vt 0.34504 0.83425
vt 0.34483 0.82544
vt 0.33224 0.89965
vt 0.33375 0.91515
vt 0.34636 0.90663
vt 0.34767 0.91487
vt 0.34849 0.92620
vt 0.35020 0.93868
vt 0.33541 0.93519
vt 0.35121 0.95793
vt 0.33642 0.95507
vt 0.35143 0.96935
vt 0.35020 0.89286
vt 0.33940 0.97255
vt 0.92841 0.19373
vt 0.92276 0.21588
vt 0.91850 0.19103
vt 0.91540 0.20922
vt 0.91956 0.22272
vt 0.92925 0.23126
vt 0.93308 0.17323
vt 0.92115 0.17319
vt 0.92352 0.16174
vt 0.92475 0.23944
vt 0.93308 0.23837
vt 0.58796 0.01034
vt 0.60077 0.00918
vt 0.59550 0.00296
vt 0.58091 0.00296
vt 0.60648 0.01504
vt 0.58704 0.01981
vt 0.57955 0.02069
vt 0.27912 0.56052
vt 0.26576 0.54941
vt 0.26067 0.56283
vt 0.25379 0.55520
vt 0.28157 0.56630
vt 0.27949 0.54941
vt 0.95756 0.75602
vt 0.96276 0.74370
vt 0.95794 0.74429
vt 0.96283 0.75938
vt 0.95357 0.74446
vt 0.95933 0.76056
vt 0.95065 0.75720
vt 0.95116 0.74341
vt 0.95351 0.74132
vt 0.96813 0.75910
vt 0.96525 0.74010
vt 0.94921 0.74047
vt 0.95531 0.74236
vt 0.97012 0.73775
vt 0.94922 0.73775
vt 0.94231 0.74144
vt 0.94262 0.75575
vt 0.92668 0.74775
vt 0.90951 0.74815
vt 0.78773 0.42852
vt 0.79275 0.41650
vt 0.79477 0.44467
vt 0.78746 0.41777
vt 0.78956 0.40487
vt 0.79684 0.39599
vt 0.78809 0.43732
vt 0.78923 0.44672
vt 0.79450 0.46138
vt 0.79795 0.45356
vt 0.80323 0.47691
vt 0.79651 0.47358
vt 0.79550 0.38825
vt 0.80850 0.37639
vt 0.80850 0.48353
vt 0.80432 0.36698
vt 0.64614 0.04286
vt 0.64137 0.04035
vt 0.64252 0.05097
vt 0.63378 0.04047
vt 0.62707 0.04775
vt 0.63222 0.02914
vt 0.63933 0.05785
vt 0.66423 0.04892
vt 0.66741 0.04119
vt 0.65186 0.03859
vt 0.67382 0.02914
vt 0.62247 0.03706
vt 0.63936 0.22086
vt 0.64381 0.22943
vt 0.64440 0.22142
vt 0.63787 0.22514
vt 0.65255 0.23015
vt 0.62416 0.22607
vt 0.66540 0.22086
vt 0.01855 0.24942
vt 0.01288 0.26235
vt 0.01216 0.25484
vt 0.00631 0.25283
vt 0.01358 0.24609
vt 0.02062 0.23860
vt 0.02062 0.26464
vt 0.01326 0.26901
vt 0.01611 0.27238
vt 0.96512 0.55194
vt 0.95388 0.57264
vt 0.94876 0.55425
vt 0.96992 0.56254
vt 0.93561 0.56322
vt 0.94146 0.57727
vt 0.93569 0.55194
vt 0.96190 0.58260
vt 0.94555 0.58404
vt 0.97012 0.57187
vt 0.96217 0.57924
vt 0.12307 0.02022
vt 0.11711 0.03927
vt 0.11352 0.03457
vt 0.11410 0.02682
vt 0.13046 0.03633
vt 0.13258 0.01900
vt 0.10911 0.03828
vt 0.10780 0.03481
vt 0.10215 0.03811
vt 0.11101 0.01956
vt 0.09799 0.02426
vt 0.08628 0.01900
vt 0.70918 0.61106
vt 0.70244 0.60826
vt 0.70561 0.60879
vt 0.70316 0.60929
vt 0.70918 0.60177
vt 0.04503 0.96748
vt 0.04983 0.97002
vt 0.05111 0.96809
vt 0.05513 0.96748
vt 0.04857 0.96996
vt 0.69907 0.38649
vt 0.70244 0.38978
vt 0.70244 0.37880
vt 0.08375 0.20528
vt 0.08544 0.20988
vt 0.08544 0.20228
vt 0.87880 0.04265
vt 0.88260 0.03590
vt 0.88207 0.03818
vt 0.88305 0.04082
vt 0.87332 0.03590
vt 0.88763 0.03924
vt 0.60773 0.58472
vt 0.60840 0.60313
vt 0.60180 0.59758
vt 0.59731 0.58426
vt 0.60869 0.56110
vt 0.61799 0.55647
vt 0.59590 0.60326
vt 0.58327 0.60290
vt 0.58942 0.57146
vt 0.60297 0.55357
vt 0.59130 0.55979
vt 0.60078 0.54688
vt 0.59192 0.60917
vt 0.59490 0.62175
vt 0.61214 0.62370
vt 0.61474 0.61647
vt 0.59281 0.63576
vt 0.61709 0.63611
vt 0.61986 0.62749
vt 0.61394 0.60918
vt 0.62482 0.60178
vt 0.57786 0.57626
vt 0.62481 0.57982
vt 0.62571 0.55176
vt 0.63513 0.56935
vt 0.63931 0.54888
vt 0.63466 0.58665
vt 0.63151 0.59724
vt 0.63869 0.59228
vt 0.63931 0.59523
vt 0.60734 0.64662
vt 0.62776 0.63870
vt 0.62215 0.62735
vt 0.62797 0.61149
vt 0.60274 0.64745
vt 0.62164 0.64862
vt 0.63655 0.64971
vt 0.58963 0.64254
vt 0.58909 0.65160
vt 0.54476 0.34150
vt 0.53303 0.35480
vt 0.53601 0.33460
vt 0.54737 0.33247
vt 0.53729 0.32574
vt 0.51978 0.33850
vt 0.55093 0.32221
vt 0.54297 0.35496
vt 0.54949 0.35223
vt 0.54860 0.34133
vt 0.55093 0.35684
vt 0.01473 0.33657
vt 0.01266 0.34248
vt 0.00896 0.34192
vt 0.00210 0.33657
vt 0.98106 0.34934
vt 0.98108 0.34602
vt 0.98506 0.34679
vt 0.98527 0.33826
vt 0.98527 0.35008
vt 0.26608 0.69721
vt 0.25968 0.69383
vt 0.26810 0.69383
vt 0.34822 0.82216
vt 0.36009 0.82381
vt 0.36284 0.80606
vt 0.34638 0.79567
vt 0.36322 0.79111
vt 0.35679 0.83663
vt 0.34781 0.78843
vt 0.36322 0.83734
vt 0.35372 0.83995
vt 0.34824 0.83614
vt 0.03409 0.47424
vt 0.05008 0.47424
vt 0.04469 0.47846
vt 0.59999 0.65745
vt 0.59410 0.65823
vt 0.59887 0.66039
vt 0.59228 0.66071
vt 0.58049 0.66474
vt 0.59264 0.67188
vt 0.58985 0.65245
vt 0.59465 0.65563
vt 0.60082 0.65399
vt 0.60576 0.65245
vt 0.60585 0.65781
vt 0.60816 0.65817
vt 0.59500 0.66675
vt 0.59968 0.66698
vt 0.58039 0.65356
vt 0.58101 0.67140
vt 0.32528 0.01328
vt 0.31167 0.01309
vt 0.32110 0.01753
vt 0.31473 0.01851
vt 0.34278 0.01544
vt 0.30850 0.01857
vt 0.34057 0.02323
vt 0.34699 0.01783
vt 0.35732 0.01309
vt 0.44992 0.25542
vt 0.45282 0.25321
vt 0.45154 0.24938
vt 0.45328 0.25633
vt 0.45328 0.24451
vt 0.02736 0.39078
vt 0.02510 0.38387
vt 0.02483 0.38928
vt 0.02510 0.39231
vt 0.02820 0.25211
vt 0.03072 0.25211
vt 0.02995 0.25549
vt 0.70240 0.36548
vt 0.69699 0.36215
vt 0.70257 0.35728
vt 0.69894 0.36793
vt 0.69623 0.35370
vt 0.70024 0.35363
vt 0.70250 0.36846
vt 0.70328 0.37130
vt 0.69439 0.36004
vt 0.70278 0.35262
vt 0.70278 0.37627
vt 0.69866 0.37328
vt 0.69318 0.35805
vt 0.70087 0.99613
vt 0.69486 0.99535
vt 0.69614 0.99743
vt 0.68981 0.99736
vt 0.70124 0.99789
vt 0.70412 0.99535
vt 0.05041 0.40127
vt 0.04836 0.39823
vt 0.04613 0.40103
vt 0.04475 0.39896
vt 0.05275 0.40048
vt 0.05766 0.39823
vt 0.05344 0.40329
vt 0.04718 0.40311
vt 0.04419 0.39957
vt 0.83123 0.32306
vt 0.82955 0.31373
vt 0.83122 0.31167
vt 0.83123 0.31039
vt 0.63233 0.12670
vt 0.62416 0.12125
vt 0.63001 0.11525
vt 0.62967 0.12974
vt 0.63342 0.13894
vt 0.62479 0.11430
vt 0.63342 0.10684
vt 0.93392 0.60600
vt 0.92194 0.60782
vt 0.92045 0.60600
vt 0.92342 0.61020
vt 0.92213 0.61022
vt 0.82702 0.97762
vt 0.82666 0.97847
vt 0.81355 0.97762
vt 0.82337 0.98015
vt 0.26726 0.10515
vt 0.26726 0.11022
vt 0.26894 0.10741
vt 0.75295 0.77368
vt 0.73899 0.79081
vt 0.73864 0.77301
vt 0.75295 0.78430
vt 0.75053 0.78977
vt 0.74716 0.76527
vt 0.74502 0.79603
vt 0.74250 0.76533
vt 0.74958 0.79442
vt 0.73935 0.75802
vt 0.51354 0.24610
vt 0.51639 0.24384
vt 0.51403 0.23773
vt 0.51584 0.23404
vt 0.51810 0.24620
vt 0.50946 0.24601
vt 0.50956 0.23839
vt 0.51343 0.23269
vt 0.50355 0.23269
vt 0.49705 0.23421
vt 0.21308 0.23860
vt 0.20581 0.23691
vt 0.21423 0.23691
vt 0.34217 0.25042
vt 0.33497 0.25211
vt 0.33460 0.25042
vt 0.81608 0.54547
vt 0.81439 0.54350
vt 0.81439 0.54688
vt 0.46002 0.43708
vt 0.45438 0.43815
vt 0.45562 0.44124
vt 0.45160 0.43708
vt 0.45971 0.44130
vt 0.89836 0.31970
vt 0.90103 0.32096
vt 0.89972 0.31900
vt 0.89636 0.31461
vt 0.88847 0.32137
vt 0.90446 0.31978
vt 0.89172 0.31461
vt 0.25837 0.09174
vt 0.25295 0.08573
vt 0.26136 0.08573
vt 0.25914 0.09671
vt 0.04934 0.19557
vt 0.05513 0.19368
vt 0.04628 0.19299
vt 0.05389 0.19734
vt 0.04727 0.19806
vt 0.04167 0.19368
vt 0.99705 0.90989
vt 0.99330 0.91365
vt 0.99344 0.91302
vt 0.98741 0.91666
vt 0.99051 0.91681
vt 0.99218 0.90921
vt 0.98560 0.90989
vt 0.98443 0.91356
vt 0.49100 0.20650
vt 0.48680 0.20310
vt 0.48462 0.20605
vt 0.49790 0.20059
vt 0.48359 0.20059
vt 0.67719 0.35008
vt 0.67130 0.35119
vt 0.67719 0.35684
vt 0.46759 0.99451
vt 0.46991 0.99282
vt 0.47180 0.99451
vt 0.36574 0.71833
vt 0.36742 0.71558
vt 0.36574 0.71242
vt 0.25042 0.87627
vt 0.24705 0.87899
vt 0.25042 0.88302
vt 0.49176 0.54265
vt 0.49285 0.54519
vt 0.48779 0.54519
vt 0.56390 0.12796
vt 0.56439 0.12880
vt 0.55934 0.12880
vt 0.84794 0.63684
vt 0.84722 0.63556
vt 0.84722 0.63725
vt 0.84891 0.63575
vt 0.47601 0.84755
vt 0.47938 0.84507
vt 0.47938 0.84333
vt 0.75193 0.70061
vt 0.75606 0.70610
vt 0.76052 0.69890
vt 0.75887 0.70616
vt 0.75126 0.70302
vt 0.75161 0.70519
vt 0.76052 0.70819
vt 0.88589 0.19438
vt 0.88659 0.19117
vt 0.88882 0.19218
vt 0.88674 0.18338
vt 0.88681 0.20508
vt 0.89229 0.19026
vt 0.89221 0.20985
vt 0.88546 0.21245
vt 0.88872 0.17180
vt 0.89142 0.16824
vt 0.89358 0.22488
vt 0.88590 0.20263
vt 0.90083 0.17691
vt 0.90087 0.16430
vt 0.90334 0.17031
vt 0.90430 0.16825
vt 0.90294 0.21170
vt 0.90124 0.22509
vt 0.90783 0.22677
vt 0.88334 0.20632
vt 0.89152 0.16142
vt 0.89599 0.15437
vt 0.90313 0.14738
vt 0.88304 0.15381
vt 0.88325 0.15984
vt 0.88218 0.21009
vt 0.87921 0.20691
vt 0.90783 0.17159
vt 0.42776 0.83150
vt 0.42734 0.83045
vt 0.42635 0.83050
vt 0.43082 0.82831
vt 0.43426 0.82800
vt 0.42813 0.82559
vt 0.43579 0.83008
vt 0.43125 0.83037
vt 0.42738 0.83106
vt 0.43729 0.82823
vt 0.43729 0.82559
vt 0.86137 0.54026
vt 0.86254 0.55214
vt 0.86574 0.52998
vt 0.85985 0.55076
vt 0.86146 0.53583
vt 0.86144 0.53178
vt 0.86574 0.55954
vt 0.86065 0.55784
vt 0.64857 0.95862
vt 0.65362 0.96157
vt 0.65362 0.95481
vt 0.57198 0.89154
vt 0.55757 0.89555
vt 0.56975 0.87427
vt 0.55682 0.86859
vt 0.57153 0.85084
vt 0.55853 0.84441
vt 0.57316 0.83125
vt 0.55924 0.82776
vt 0.56965 0.89901
vt 0.55761 0.90721
vt 0.55865 0.92359
vt 0.57139 0.93074
vt 0.56039 0.94608
vt 0.57291 0.94007
vt 0.56141 0.96077
vt 0.57449 0.96833
vt 0.57151 0.81616
vt 0.56011 0.81123
vt 0.57449 0.81595
vt 0.88038 0.00604
vt 0.88520 0.01679
vt 0.87516 0.01628
vt 0.88594 0.00507
vt 0.87805 0.02170
vt 0.86761 0.01905
vt 0.86574 0.01177
vt 0.88594 0.02238
vt 0.88387 0.00042
vt 0.75938 0.11191
vt 0.75884 0.11647
vt 0.75792 0.11383
vt 0.76092 0.11500
vt 0.75715 0.11573
vt 0.75547 0.12498
vt 0.76389 0.12796
vt 0.76389 0.11657
vt 0.90530 0.12081
vt 0.89520 0.11533
vt 0.89930 0.11239
vt 0.89832 0.12542
vt 0.90451 0.12507
vt 0.90530 0.10769
vt 0.45780 0.94463
vt 0.45412 0.94046
vt 0.46254 0.94046
vt 0.45821 0.95228
vt 0.21329 0.18640
vt 0.21511 0.19206
vt 0.22012 0.18539
vt 0.21170 0.19364
vt 0.22012 0.19637
vt 0.87941 0.76748
vt 0.87341 0.77735
vt 0.87799 0.77928
vt 0.86779 0.76026
vt 0.87110 0.74957
vt 0.85934 0.76726
vt 0.85074 0.79072
vt 0.84470 0.77800
vt 0.87019 0.79445
vt 0.85782 0.80279
vt 0.86796 0.81630
vt 0.87750 0.80520
vt 0.87498 0.79296
vt 0.88005 0.78920
vt 0.87482 0.78768
vt 0.87865 0.75311
vt 0.87784 0.74534
vt 0.88005 0.74029
vt 0.86622 0.74356
vt 0.41035 0.11698
vt 0.40791 0.13471
vt 0.40699 0.11698
vt 0.41030 0.13228
vt 0.30934 0.01985
vt 0.30086 0.01985
vt 0.30311 0.02383
vt 0.30008 0.02492
vt 0.75165 0.72175
vt 0.75118 0.71938
vt 0.75624 0.72088
vt 0.75162 0.71736
vt 0.75715 0.70882
vt 0.75444 0.72684
vt 0.75042 0.70819
vt 0.75715 0.72642
vt 0.75395 0.73100
vt 0.11995 0.28167
vt 0.11995 0.27492
vt 0.11406 0.27788
vt 0.22769 0.75127
vt 0.22769 0.75549
vt 0.22938 0.75387
vt 0.26015 0.37046
vt 0.23361 0.36271
vt 0.24315 0.37646
vt 0.22962 0.37562
vt 0.22697 0.36856
vt 0.22103 0.36932
vt 0.22168 0.37454
vt 0.24869 0.38309
vt 0.26256 0.38121
vt 0.25033 0.39043
vt 0.26914 0.39413
vt 0.28232 0.38199
vt 0.25175 0.39676
vt 0.27920 0.37687
vt 0.25469 0.40678
vt 0.27976 0.41682
vt 0.29389 0.41060
vt 0.27702 0.42441
vt 0.27128 0.42267
vt 0.25807 0.42052
vt 0.21430 0.37251
vt 0.21830 0.36878
vt 0.21478 0.37427
vt 0.28793 0.39374
vt 0.20869 0.37303
vt 0.20792 0.37442
vt 0.19655 0.37276
vt 0.26552 0.35963
vt 0.27676 0.35853
vt 0.29672 0.35853
vt 0.44402 0.31546
vt 0.44402 0.33235
vt 0.42635 0.32091
vt 0.27567 0.12627
vt 0.27146 0.13136
vt 0.27567 0.13809
vt 0.93993 0.94533
vt 0.92466 0.92918
vt 0.94465 0.92400
vt 0.92567 0.91940
vt 0.92923 0.90504
vt 0.94163 0.89912
vt 0.92484 0.95742
vt 0.93415 0.96242
vt 0.94487 0.90175
vt 0.94739 0.92092
vt 0.94524 0.95113
vt 0.94739 0.94353
vt 0.94539 0.89147
vt 0.97161 0.52763
vt 0.94907 0.53063
vt 0.95103 0.51877
vt 0.97180 0.51320
vt 0.97088 0.48967
vt 0.95454 0.49431
vt 0.95671 0.53651
vt 0.96564 0.53848
vt 0.95488 0.48691
vt 0.97180 0.54263
vt 0.95919 0.54434
vt 0.95198 0.53734
vt 0.95047 0.54078
vt 0.67797 0.87204
vt 0.64941 0.87204
vt 0.66144 0.87729
vt 0.67576 0.87660
vt 0.65358 0.87880
vt 0.68056 0.87531
vt 0.69440 0.07492
vt 0.71810 0.07054
vt 0.68654 0.06298
vt 0.71390 0.05044
vt 0.67870 0.07139
vt 0.66540 0.05578
vt 0.66699 0.06645
vt 0.67639 0.04856
vt 0.70530 0.05084
vt 0.72348 0.04856
vt 0.71051 0.07534
vt 0.71611 0.08150
vt 0.72144 0.07668
vt 0.99420 0.56347
vt 0.99841 0.56071
vt 0.99550 0.55061
vt 0.99933 0.55204
vt 0.99958 0.54181
vt 0.99958 0.57111
vt 0.99032 0.54473
vt 0.99680 0.57475
vt 0.98895 0.77267
vt 0.99410 0.77728
vt 0.98961 0.77386
vt 0.98940 0.77422
vt 0.98965 0.76778
vt 0.99621 0.76737
vt 0.99091 0.76519
vt 0.99226 0.75892
vt 0.99610 0.75549
vt 0.98956 0.77428
vt 0.98864 0.77641
vt 0.99120 0.77863
vt 0.98969 0.78491
vt 0.99610 0.79350
vt 0.98904 0.79001
vt 0.98950 0.78017
vt 0.00000 1.00000
vt 0.00000 1.00000
vt 0.00000 1.00000
vt 0.00000 1.00000
vt 0.37899 0.48184
vt 0.38005 0.48339
vt 0.37914 0.48353
vt 0.37753 0.48339
vt 0.23562 0.49873
vt 0.22676 0.49902
vt 0.23416 0.50124
vt 0.24090 0.49902
vt 0.24446 0.50704
vt 0.24958 0.50675
vt 0.23973 0.50704
vt 0.23539 0.50559
vt 0.23602 0.50802
vt 0.23342 0.50556
vt 0.22894 0.50545
vt 0.23423 0.50678
vt 0.23384 0.50721
vt 0.23229 0.50774
vt 0.22736 0.50702
vt 0.22482 0.50558
vt 0.21759 0.50060
vt 0.21841 0.50492
vt 0.87361 0.82475
vt 0.87753 0.81883
vt 0.87058 0.81883
vt 0.86153 0.82344
vt 0.71338 0.32728
vt 0.71170 0.32728
vt 0.71192 0.32897
vt 0.01473 0.94130
vt 0.01473 0.92863
vt 0.01221 0.93593
vt 0.14773 0.41174
vt 0.14773 0.40245
vt 0.14184 0.40637
vt 0.88594 0.92694
vt 0.88594 0.91765
vt 0.88258 0.92411
vt 0.79986 0.89653
vt 0.80233 0.89715
vt 0.80060 0.89525
vt 0.80225 0.89446
vt 0.80261 0.89400
vt 0.80261 0.90076
vt 0.79924 0.89807
vt 0.00000 1.00000
vt 0.00000 1.00000
vt 0.00000 1.00000
vt 0.00000 1.00000
vt 0.08942 0.21288
vt 0.09194 0.21269
vt 0.09118 0.21422
vt 0.08924 0.21274
vt 0.08880 0.21242
vt 0.09286 0.21579
vt 0.09554 0.21242
vt 0.09133 0.21517
vt 0.09005 0.21443
vt 0.08926 0.21278
vt 0.00000 1.00000
vt 0.00000 1.00000
vt 0.00000 1.00000
vt 0.00000 1.00000
vt 0.00000 1.00000
vt 0.79595 0.99296
vt 0.79604 0.99176
vt 0.79756 0.99199
vt 0.79592 0.99336
vt 0.79589 0.99367
vt 0.79589 0.98944
vt 0.79588 0.99191
vt 0.79588 0.99264
vt 0.66961 0.97171
vt 0.67207 0.97173
vt 0.67215 0.97340
vt 0.67280 0.97172
vt 0.67344 0.97171
vt 0.67382 0.97171
vt 0.99281 0.31264
vt 0.98378 0.31911
vt 0.98938 0.31151
vt 0.98997 0.30591
vt 0.99185 0.32346
vt 0.98274 0.30496
vt 0.98839 0.33291
vt 0.98674 0.33742
vt 0.99285 0.33566
vt 0.99271 0.30126
vt 0.99285 0.29344
vt 0.98363 0.29096
vt 0.24542 0.61613
vt 0.23282 0.60008
vt 0.25547 0.60008
vt 0.23608 0.61423
vt 0.22012 0.60493
vt 0.68540 0.94729
vt 0.68356 0.96389
vt 0.68160 0.93049
vt 0.68872 0.96599
vt 0.68264 0.97508
vt 0.70709 0.95202
vt 0.69829 0.93295
vt 0.70944 0.94165
vt 0.69726 0.91782
vt 0.72854 0.95816
vt 0.69269 0.97885
vt 0.70948 0.96489
vt 0.68595 0.92741
vt 0.69876 0.90778
vt 0.71377 0.91755
vt 0.68873 0.89654
vt 0.70424 0.89637
vt 0.70522 0.90308
vt 0.69259 0.88822
vt 0.71579 0.90719
vt 0.71839 0.93487
vt 0.71526 0.93945
vt 0.72327 0.94893
vt 0.71384 0.89411
vt 0.70027 0.87796
vt 0.72170 0.90281
vt 0.72854 0.91193
vt 0.70518 0.98295
vt 0.71433 0.98606
vt 0.69681 0.98536
vt 0.68056 0.91256
vt 0.26136 0.07717
vt 0.25848 0.06968
vt 0.24672 0.07529
vt 0.24938 0.08356
vt 0.23924 0.09156
vt 0.24597 0.09924
vt 0.22737 0.08913
vt 0.20347 0.09215
vt 0.21662 0.08384
vt 0.20443 0.07797
vt 0.21520 0.07461
vt 0.21191 0.06968
vt 0.19402 0.08294
vt 0.08206 0.05110
vt 0.07878 0.04945
vt 0.08100 0.04368
vt 0.08375 0.04683
vt 0.08129 0.03564
vt 0.07527 0.03993
vt 0.07169 0.04510
vt 0.08375 0.01752
vt 0.06526 0.03096
vt 0.07214 0.05018
vt 0.05934 0.01647
vt 0.62380 0.37046
vt 0.62066 0.36753
vt 0.62137 0.37458
vt 0.62686 0.36279
vt 0.62957 0.36556
vt 0.64241 0.35292
vt 0.62060 0.36123
vt 0.62382 0.35064
vt 0.62896 0.34782
vt 0.63260 0.32664
vt 0.61793 0.34795
vt 0.59955 0.32901
vt 0.61916 0.32390
vt 0.59839 0.34902
vt 0.59438 0.35075
vt 0.58304 0.35660
vt 0.55534 0.34879
vt 0.55446 0.36029
vt 0.56675 0.32466
vt 0.55261 0.33065
vt 0.55568 0.32390
vt 0.65472 0.33049
vt 0.66288 0.36659
vt 0.88202 0.97919
vt 0.88897 0.97690
vt 0.88311 0.97680
vt 0.87150 0.97672
vt 0.88917 0.97725
vt 0.89352 0.97893
vt 0.88738 0.98627
vt 0.88861 0.97445
vt 0.89178 0.97526
vt 0.87921 0.97957
vt 0.87342 0.98735
vt 0.85340 0.97608
vt 0.85935 0.97424
vt 0.87327 0.99873
vt 0.85116 0.99529
vt 0.83965 0.99715
vt 0.84144 0.97758
vt 0.85072 0.97445
vt 0.77691 0.52660
vt 0.77582 0.52156
vt 0.77936 0.52494
vt 0.76894 0.52434
vt 0.78441 0.51518
vt 0.77399 0.50994
vt 0.78402 0.49313
vt 0.78486 0.52281
vt 0.77042 0.49897
vt 0.77527 0.47254
vt 0.79167 0.47496
vt 0.78452 0.46861
vt 0.77821 0.46410
vt 0.78834 0.52117
vt 0.77378 0.51767
vt 0.78251 0.52546
vt 0.79167 0.52558
vt 0.12716 0.44626
vt 0.12797 0.46714
vt 0.12252 0.45440
vt 0.12079 0.46979
vt 0.12907 0.47917
vt 0.13258 0.49685
vt 0.12566 0.49704
vt 0.12689 0.43350
vt 0.13149 0.42983
vt 0.13258 0.41765
vt 0.30753 0.47830
vt 0.28914 0.47971
vt 0.29418 0.48626
vt 0.28226 0.48262
vt 0.27419 0.47424
vt 0.26389 0.47576
vt 0.30254 0.48775
vt 0.31176 0.48489
vt 0.32021 0.47781
vt 0.33880 0.47424
vt 0.96338 0.54772
vt 0.97938 0.54772
vt 0.96627 0.55025
vt 0.12500 0.39849
vt 0.13173 0.40667
vt 0.13173 0.39738
vt 0.00000 1.00000
vt 0.00000 1.00000
vt 0.00000 1.00000
vt 0.00000 1.00000
vt 0.00000 1.00000
vt 0.85648 0.45312
vt 0.85648 0.44721
vt 0.85564 0.44746
vt 0.18589 0.83066
vt 0.18589 0.83319
vt 0.18645 0.83274
vt 0.18561 0.83273
vt 0.64773 0.87035
vt 0.64773 0.86867
vt 0.64689 0.86937
vt 0.00000 1.00000
vt 0.00000 1.00000
vt 0.00000 1.00000
vt 0.14879 0.60475
vt 0.14523 0.61454
vt 0.13158 0.60346
vt 0.13019 0.61529
vt 0.15142 0.60857
vt 0.11322 0.61392
vt 0.16120 0.60346
vt 0.99705 0.41596
vt 0.99705 0.40076
vt 0.99285 0.40835
vt 0.65857 0.24078
vt 0.63328 0.24837
vt 0.66665 0.24877
vt 0.63803 0.23313
vt 0.67019 0.24421
vt 0.65570 0.23362
vt 0.65503 0.25302
vt 0.63072 0.25243
vt 0.62917 0.23425
vt 0.61742 0.24885
vt 0.66865 0.25417
vt 0.67985 0.25340
vt 0.68417 0.24154
vt 0.67240 0.23714
vt 0.68671 0.23276
vt 0.70825 0.24129
vt 0.67945 0.22931
vt 0.70542 0.23155
vt 0.71627 0.22931
vt 0.72348 0.24610
vt 0.71058 0.25182
vt 0.70589 0.25690
vt 0.70749 0.26816
vt 0.69256 0.26658
vt 0.68138 0.26232
vt 0.72169 0.26538
vt 0.69530 0.24392
vt 0.02904 0.16005
vt 0.04046 0.17338
vt 0.02960 0.18387
vt 0.04082 0.16244
vt 0.04082 0.19383
vt 0.62921 0.88277
vt 0.63499 0.87969
vt 0.63218 0.89067
vt 0.63569 0.89992
vt 0.63979 0.89525
vt 0.64015 0.87943
vt 0.63979 0.87210
vt 0.63521 0.87264
vt 0.63093 0.87120
vt 0.46041 0.14304
vt 0.46252 0.14223
vt 0.46363 0.13725
vt 0.46423 0.14034
vt 0.45740 0.14581
vt 0.44968 0.14400
vt 0.44524 0.15712
vt 0.43238 0.13725
vt 0.45313 0.16005
vt 0.43056 0.14782
vt 0.91155 0.14417
vt 0.89287 0.14654
vt 0.90151 0.14169
vt 0.88258 0.14062
vt 0.91204 0.14062
vt 0.36069 0.70988
vt 0.36658 0.70988
vt 0.36285 0.71157
vt 0.59722 0.05701
vt 0.60608 0.06039
vt 0.61539 0.05701
vt 0.62753 0.05935
vt 0.57899 0.04252
vt 0.58904 0.03155
vt 0.57828 0.02947
vt 0.59696 0.04011
vt 0.57525 0.03009
vt 0.61328 0.02902
vt 0.60641 0.02492
vt 0.61184 0.03494
vt 0.62500 0.02845
vt 0.56944 0.04434
vt 0.56309 0.02492
vt 0.57787 0.02556
vt 0.58348 0.02856
vt 0.55682 0.03467
vt 0.50631 0.14654
vt 0.50631 0.14441
vt 0.50547 0.14400
vt 0.99038 0.93104
vt 0.99445 0.93153
vt 0.99170 0.93346
vt 0.98360 0.92686
vt 0.98386 0.92195
vt 0.98522 0.92206
vt 0.99321 0.92594
vt 0.98296 0.93623
vt 0.99120 0.92268
vt 0.99273 0.92010
vt 0.99608 0.92033
vt 0.99639 0.91840
vt 0.99958 0.92301
vt 0.99855 0.91765
vt 0.99794 0.91900
vt 0.99958 0.91812
vt 0.99894 0.91938
vt 0.98977 0.93515
vt 0.99310 0.93436
vt 0.98832 0.92043
vt 0.98452 0.91933
vt 0.98347 0.92061
vt 0.98274 0.91902
vt 0.98638 0.91797
vt 0.98796 0.91813
vt 0.94907 0.49984
vt 0.95076 0.50802
vt 0.95076 0.49958
vt 0.94150 0.18708
vt 0.94150 0.18032
vt 0.94071 0.18479
vt 0.93897 0.18285
vt 0.52652 0.19289
vt 0.52558 0.18623
vt 0.52483 0.19306
vt 0.52558 0.19552
vt 0.64688 0.06039
vt 0.64912 0.06461
vt 0.65018 0.06073
vt 0.65699 0.06039
vt 0.64520 0.06349
vt 0.77652 0.58235
vt 0.76661 0.59212
vt 0.77501 0.58783
vt 0.76788 0.60008
vt 0.76473 0.58235
vt 0.64436 0.03056
vt 0.64773 0.03505
vt 0.64773 0.02914
vt 0.33345 0.05868
vt 0.32189 0.06586
vt 0.33330 0.08066
vt 0.31139 0.07764
vt 0.30787 0.05684
vt 0.30539 0.06437
vt 0.35219 0.07488
vt 0.35443 0.05184
vt 0.35707 0.06920
vt 0.36237 0.04941
vt 0.32305 0.05118
vt 0.30985 0.04941
vt 0.34534 0.05248
vt 0.30448 0.07564
vt 0.30261 0.07476
vt 0.56608 0.29856
vt 0.56608 0.28540
vt 0.55850 0.28975
vt 0.55975 0.28505
vt 0.95160 0.76225
vt 0.94860 0.76647
vt 0.94318 0.76225
vt 0.81815 0.34652
vt 0.81200 0.35643
vt 0.81645 0.36019
vt 0.81655 0.33378
vt 0.82029 0.32052
vt 0.81103 0.36563
vt 0.81392 0.37120
vt 0.82029 0.37111
vt 0.33291 0.73606
vt 0.33291 0.74282
vt 0.33375 0.73930
vt 0.21843 0.48100
vt 0.21843 0.47593
vt 0.21591 0.47940
vt 0.92667 0.56848
vt 0.93308 0.56626
vt 0.92887 0.56906
vt 0.92994 0.56461
vt 0.92635 0.56498
vt 0.93308 0.57475
vt 0.11827 0.46748
vt 0.11827 0.45904
vt 0.11658 0.46231
vt 0.96660 0.47002
vt 0.96423 0.46833
vt 0.97012 0.46833
vt 0.79251 0.51143
vt 0.78919 0.50971
vt 0.78914 0.51309
vt 0.79251 0.51731
vt 0.91095 0.04772
vt 0.90814 0.06529
vt 0.91515 0.05743
vt 0.91613 0.06536
vt 0.92304 0.05840
vt 0.93140 0.06111
vt 0.92799 0.05272
vt 0.90579 0.05506
vt 0.88975 0.05972
vt 0.89091 0.04815
vt 0.92155 0.04744
vt 0.90409 0.04607
vt 0.91813 0.04434
vt 0.90275 0.06883
vt 0.88038 0.05694
vt 0.87752 0.04434
vt 0.86574 0.04596
vt 0.29378 0.23234
vt 0.28142 0.23394
vt 0.30478 0.24789
vt 0.31390 0.23815
vt 0.27511 0.24292
vt 0.27617 0.25445
vt 0.29892 0.26329
vt 0.30457 0.27154
vt 0.32387 0.24961
vt 0.31756 0.26572
vt 0.32322 0.23690
vt 0.33675 0.23786
vt 0.33757 0.22424
vt 0.34707 0.23131
vt 0.26936 0.24383
vt 0.26873 0.24964
vt 0.26388 0.25470
vt 0.26221 0.25897
vt 0.26770 0.24364
vt 0.27023 0.23958
vt 0.28491 0.22424
vt 0.27555 0.23857
vt 0.27293 0.24059
vt 0.27223 0.23723
vt 0.27289 0.23729
vt 0.27445 0.23530
vt 0.27261 0.23467
vt 0.27645 0.22927
vt 0.33620 0.24571
vt 0.34512 0.24320
vt 0.35586 0.23353
vt 0.36069 0.23672
vt 0.27667 0.23254
vt 0.57512 0.06309
vt 0.58444 0.06877
vt 0.58813 0.08440
vt 0.58440 0.06425
vt 0.59077 0.06822
vt 0.58395 0.05972
vt 0.59029 0.05569
vt 0.59223 0.06193
vt 0.59317 0.06131
vt 0.59313 0.05553
vt 0.59382 0.05956
vt 0.59606 0.05995
vt 0.59488 0.05891
vt 0.59806 0.06281
vt 0.59431 0.06261
vt 0.59568 0.05647
vt 0.57333 0.08312
vt 0.58210 0.09496
vt 0.59328 0.05423
vt 0.56355 0.07074
vt 0.56426 0.05900
vt 0.57361 0.04683
vt 0.56450 0.04519
vt 0.58222 0.05792
vt 0.58956 0.09612
vt 0.59806 0.08407
vt 0.58135 0.10262
vt 0.57232 0.10123
vt 0.37479 0.24029
vt 0.37628 0.23248
vt 0.36574 0.23184
vt 0.38342 0.23184
vt 0.18476 0.56799
vt 0.18476 0.56377
vt 0.18308 0.56563
vt 0.22938 0.31377
vt 0.23022 0.31247
vt 0.22938 0.31123
vt 0.84301 0.20705
vt 0.83733 0.20059
vt 0.83603 0.20904
vt 0.82928 0.20856
vt 0.82449 0.20059
vt 0.26525 0.06739
vt 0.26620 0.07060
vt 0.26458 0.06782
vt 0.26546 0.06486
vt 0.26322 0.07215
vt 0.26949 0.06284
vt 0.26978 0.07559
vt 0.26305 0.07472
vt 0.26740 0.06583
vt 0.26978 0.05954
vt 0.26928 0.07197
vt 0.53486 0.49711
vt 0.55013 0.48582
vt 0.55470 0.52646
vt 0.52241 0.48157
vt 0.52883 0.46832
vt 0.55386 0.46075
vt 0.53957 0.45405
vt 0.54825 0.44331
vt 0.53450 0.44607
vt 0.56860 0.44457
vt 0.53310 0.50657
vt 0.50986 0.50373
vt 0.52471 0.52106
vt 0.51112 0.51446
vt 0.52075 0.52337
vt 0.50548 0.51830
vt 0.51742 0.53148
vt 0.52800 0.53334
vt 0.54072 0.52925
vt 0.52464 0.52772
vt 0.51312 0.48503
vt 0.56195 0.49613
vt 0.51416 0.49271
vt 0.53112 0.51887
vt 0.56079 0.43370
vt 0.49621 0.50243
vt 0.56860 0.54012
vt 0.55696 0.53789
vt 0.80203 0.72593
vt 0.79756 0.70362
vt 0.80682 0.71043
vt 0.80682 0.69637
vt 0.75884 0.50465
vt 0.75884 0.48184
vt 0.75631 0.48841
vt 0.23190 0.83969
vt 0.23210 0.82306
vt 0.23334 0.83464
vt 0.23527 0.82379
vt 0.23527 0.84164
vt 0.36574 0.05870
vt 0.37416 0.05870
vt 0.37400 0.06187
vt 0.36658 0.06208
vt 0.70497 0.37893
vt 0.72177 0.42133
vt 0.70662 0.43093
vt 0.71499 0.44316
vt 0.71602 0.38184
vt 0.71752 0.36539
vt 0.70765 0.36591
vt 0.71173 0.46157
vt 0.72995 0.44713
vt 0.71146 0.35251
vt 0.73504 0.35109
vt 0.73695 0.34079
vt 0.72773 0.45617
vt 0.73695 0.45552
vt 0.91250 0.92934
vt 0.90867 0.91590
vt 0.91606 0.91640
vt 0.91541 0.91174
vt 0.90876 0.93366
vt 0.90646 0.91987
vt 0.90482 0.92842
vt 0.89312 0.93478
vt 0.89942 0.92936
vt 0.90004 0.92000
vt 0.90511 0.93886
vt 0.88789 0.94205
vt 0.89782 0.95380
vt 0.90918 0.96811
vt 0.89519 0.96029
vt 0.90242 0.97271
vt 0.89602 0.96649
vt 0.91836 0.94305
vt 0.91772 0.92651
vt 0.89927 0.92054
vt 0.89890 0.92052
vt 0.91935 0.93101
vt 0.88763 0.93869
vt 0.91837 0.91280
vt 0.91829 0.91802
vt 0.92130 0.91618
vt 0.91789 0.95032
vt 0.92130 0.95143
vt 0.91973 0.97416
vt 0.89299 0.96015
vt 0.90927 0.97741
vt 0.89966 0.92376
vt 0.88799 0.96501
vt 0.88763 0.95947
vt 0.89662 0.92151
vt 0.89306 0.92002
vt 0.89432 0.92251
vt 0.91456 0.98305
vt 0.90360 0.98353
vt 0.75740 0.90160
vt 0.76641 0.89907
vt 0.75547 0.89907
vt 0.20244 0.87035
vt 0.19402 0.86683
vt 0.20244 0.86613
vt 0.78692 0.07094
vt 0.77966 0.06714
vt 0.78000 0.07086
vt 0.78028 0.07478
vt 0.77955 0.07123
vt 0.78701 0.08150
vt 0.80072 0.06225
vt 0.80638 0.07647
vt 0.81112 0.06208
vt 0.77820 0.07018
vt 0.77991 0.06615
vt 0.78065 0.06466
vt 0.81187 0.06955
vt 0.78064 0.06208
vt 0.46370 0.06219
vt 0.46816 0.06359
vt 0.47245 0.06019
vt 0.48200 0.06805
vt 0.48477 0.07653
vt 0.48788 0.07057
vt 0.47977 0.07827
vt 0.48637 0.08344
vt 0.47424 0.07922
vt 0.47681 0.06557
vt 0.50344 0.07511
vt 0.50078 0.06367
vt 0.49621 0.05532
vt 0.48899 0.05645
vt 0.51112 0.07729
vt 0.52062 0.06505
vt 0.49190 0.08742
vt 0.49753 0.08352
vt 0.46895 0.07332
vt 0.47048 0.07967
vt 0.47124 0.08069
vt 0.47206 0.08660
vt 0.47421 0.08479
vt 0.45998 0.06767
vt 0.47812 0.05562
vt 0.47568 0.05532
vt 0.46330 0.06224
vt 0.45918 0.06437
vt 0.46450 0.07431
vt 0.47601 0.11191
vt 0.47601 0.08910
vt 0.47264 0.09594
vt 0.26221 0.48015
vt 0.26221 0.46410
vt 0.25800 0.47185
vt 0.02056 0.08742
vt 0.01810 0.08404
vt 0.02635 0.08404
vt 0.03493 0.08557
vt 0.39490 0.01120
vt 0.41247 0.00127
vt 0.39433 0.00127
vt 0.38089 0.00983
vt 0.40666 0.01140
vt 0.41384 0.00889
vt 0.41477 0.00244
vt 0.41877 0.00274
vt 0.30513 0.29642
vt 0.31776 0.29952
vt 0.30981 0.29956
vt 0.31319 0.30058
vt 0.31008 0.30139
vt 0.31120 0.29040
vt 0.31067 0.31679
vt 0.31522 0.31799
vt 0.31776 0.28421
vt 0.09301 0.86867
vt 0.10938 0.87540
vt 0.09612 0.87878
vt 0.10985 0.86867
vt 0.10032 0.88049
vt 0.91456 0.23015
vt 0.91456 0.21917
vt 0.90867 0.22749
vt 0.48467 0.12363
vt 0.47433 0.13017
vt 0.48164 0.12330
vt 0.48527 0.11191
vt 0.48054 0.13809
vt 0.48527 0.13745
vt 0.31741 0.22527
vt 0.34297 0.21145
vt 0.32135 0.21091
vt 0.29968 0.20052
vt 0.31295 0.19559
vt 0.34874 0.19383
vt 0.35326 0.21176
vt 0.36330 0.21511
vt 0.38510 0.22157
vt 0.37568 0.22295
vt 0.36542 0.21867
vt 0.31348 0.23437
vt 0.29022 0.20224
vt 0.28830 0.19383
vt 0.29905 0.22380
vt 0.30805 0.23438
vt 0.09962 0.18546
vt 0.09130 0.18214
vt 0.07756 0.19001
vt 0.08048 0.18486
vt 0.06505 0.18014
vt 0.10901 0.17721
vt 0.08978 0.19383
vt 0.10246 0.19176
vt 0.08248 0.15854
vt 0.06062 0.15330
vt 0.06625 0.16825
vt 0.07209 0.15155
vt 0.08142 0.14195
vt 0.04167 0.15940
vt 0.04626 0.15070
vt 0.05313 0.17532
vt 0.07986 0.17777
vt 0.06377 0.14051
vt 0.06432 0.18480
vt 0.07835 0.16561
vt 0.09011 0.16245
vt 0.09706 0.13471
vt 0.04750 0.13471
vt 0.81187 0.93850
vt 0.80261 0.93104
vt 0.81187 0.92541
vt 0.80986 0.94215
vt 0.80503 0.92231
vt 0.80990 0.92019
vt 0.06608 0.88053
vt 0.06860 0.89316
vt 0.06860 0.87796
vt 0.46258 0.93252
vt 0.45058 0.87855
vt 0.47173 0.90493
vt 0.46594 0.87575
vt 0.45456 0.86479
vt 0.44487 0.91849
vt 0.46440 0.86555
vt 0.48179 0.93636
vt 0.46720 0.94366
vt 0.47594 0.96887
vt 0.45543 0.96223
vt 0.45778 0.97063
vt 0.48038 0.98316
vt 0.46206 0.98470
vt 0.45230 0.99451
vt 0.48274 0.96739
vt 0.46180 0.86045
vt 0.46907 0.85108
vt 0.45889 0.84769
vt 0.47019 0.83777
vt 0.46602 0.83573
vt 0.47106 0.85812
vt 0.48274 0.85414
vt 0.47374 0.86748
vt 0.10335 0.17302
vt 0.11322 0.17103
vt 0.10404 0.17610
vt 0.09638 0.17103
vt 0.27714 0.00042
vt 0.28576 0.00823
vt 0.27386 0.01225
vt 0.29092 0.00071
vt 0.26136 0.00861
vt 0.29251 0.00585
vt 0.26697 0.00071
vt 0.28724 0.01109
vt 0.41709 0.01562
vt 0.42887 0.01562
vt 0.42012 0.01985
vt 0.58338 0.95228
vt 0.58415 0.94805
vt 0.59806 0.95103
vt 0.59366 0.94552
vt 0.57702 0.94552
vt 0.02736 0.75326
vt 0.03325 0.75801
vt 0.03325 0.74704
vt 0.03234 0.76056
vt 0.04588 0.57728
vt 0.03493 0.57390
vt 0.04672 0.57390
vt 0.61069 0.89147
vt 0.60648 0.89738
vt 0.59638 0.89147
vt 0.08754 0.07531
vt 0.07287 0.05617
vt 0.07947 0.07493
vt 0.08570 0.05617
vt 0.09544 0.06020
vt 0.09953 0.07163
vt 0.07408 0.07644
vt 0.06776 0.07145
vt 0.10279 0.06015
vt 0.10396 0.06856
vt 0.80642 0.20851
vt 0.80914 0.22029
vt 0.81271 0.20791
vt 0.81271 0.22428
vt 0.80913 0.20312
vt 0.80577 0.20740
vt 0.81057 0.23184
vt 0.80345 0.21723
vt 0.91120 0.26816
vt 0.90951 0.28092
vt 0.91120 0.28167
vt 0.65951 0.26394
vt 0.66877 0.26394
vt 0.66609 0.26562
vt 0.21760 0.86851
vt 0.17896 0.88378
vt 0.21242 0.88122
vt 0.23013 0.87495
vt 0.23045 0.86132
vt 0.23973 0.86813
vt 0.24479 0.85008
vt 0.24439 0.88214
vt 0.24643 0.87073
vt 0.25344 0.86011
vt 0.22693 0.89271
vt 0.17245 0.89916
vt 0.25646 0.87322
vt 0.14901 0.86904
vt 0.15774 0.89118
vt 0.13357 0.88557
vt 0.15392 0.90102
vt 0.12811 0.90402
vt 0.12477 0.88583
vt 0.10980 0.88388
vt 0.16086 0.86972
vt 0.26077 0.85458
vt 0.26109 0.87143
vt 0.10245 0.89526
vt 0.10001 0.90669
vt 0.07760 0.87221
vt 0.08701 0.86817
vt 0.06649 0.85008
vt 0.06019 0.86042
vt 0.07633 0.88472
vt 0.08878 0.90264
vt 0.08538 0.90731
vt 0.08966 0.91596
vt 0.21290 0.89336
vt 0.26473 0.86070
vt 0.27146 0.88107
vt 0.96739 0.12631
vt 0.97012 0.13556
vt 0.96929 0.12392
vt 0.94951 0.12578
vt 0.96292 0.12013
vt 0.94579 0.11173
vt 0.95249 0.10161
vt 0.94402 0.09506
vt 0.96000 0.08612
vt 0.96304 0.11160
vt 0.96643 0.09369
vt 0.97012 0.07981
vt 0.65152 0.10349
vt 0.65082 0.11444
vt 0.64352 0.10262
vt 0.66498 0.10262
vt 0.66599 0.10924
vt 0.66961 0.10434
vt 0.69962 0.14569
vt 0.70160 0.13304
vt 0.69956 0.13611
vt 0.69571 0.12324
vt 0.69974 0.12529
vt 0.70160 0.11951
vt 0.52756 0.63397
vt 0.53239 0.63273
vt 0.53202 0.63064
vt 0.53023 0.63725
vt 0.52736 0.62880
vt 0.53577 0.62880
vt 0.62668 0.90836
vt 0.63594 0.90498
vt 0.62716 0.90498
vt 0.63519 0.90750
vt 0.85110 0.62965
vt 0.85680 0.62906
vt 0.84979 0.61867
vt 0.86045 0.61922
vt 0.86322 0.61867
vt 0.84133 0.62669
vt 0.97769 0.91796
vt 0.97214 0.90245
vt 0.97180 0.92094
vt 0.97769 0.92948
vt 0.36911 0.94046
vt 0.36911 0.93539
vt 0.36574 0.93922
vt 0.99705 0.15574
vt 0.99537 0.15245
vt 0.99537 0.15752
vt 0.23404 0.00549
vt 0.23566 0.00174
vt 0.22956 0.00364
vt 0.22854 0.00042
vt 0.24032 0.00507
vt 0.23840 0.00042
vt 0.06102 0.54570
vt 0.05645 0.54085
vt 0.05890 0.54422
vt 0.05598 0.54247
vt 0.06271 0.54772
vt 0.06271 0.53674
vt 0.64099 0.81123
vt 0.64184 0.81027
vt 0.64099 0.80617
vt 0.41938 0.89863
vt 0.40940 0.87250
vt 0.42439 0.88443
vt 0.43377 0.89261
vt 0.43504 0.87785
vt 0.42359 0.87663
vt 0.43448 0.90339
vt 0.42310 0.95324
vt 0.40876 0.91705
vt 0.41463 0.97085
vt 0.41723 0.99453
vt 0.40937 0.98957
vt 0.40992 0.89546
vt 0.40522 0.88717
vt 0.42049 0.86743
vt 0.40905 0.86282
vt 0.41679 0.99873
vt 0.43813 0.86951
vt 0.42798 0.86072
vt 0.42382 0.85835
vt 0.40829 0.85581
vt 0.43532 0.85140
vt 0.41432 0.84789
vt 0.41854 0.84087
vt 0.40899 0.84302
vt 0.43527 0.84086
vt 0.39604 0.84966
vt 0.39770 0.85747
vt 0.43571 0.86358
vt 0.43813 0.83488
vt 0.42415 0.83782
vt 0.31355 0.52745
vt 0.32449 0.52745
vt 0.31817 0.53167
vt 0.37330 0.70496
vt 0.38447 0.71515
vt 0.37079 0.71917
vt 0.38763 0.70059
vt 0.37486 0.73185
vt 0.38763 0.73353
vt 0.12279 0.24478
vt 0.14570 0.27914
vt 0.13229 0.24555
vt 0.11844 0.27147
vt 0.14500 0.24042
vt 0.16364 0.27777
vt 0.16751 0.23691
vt 0.11773 0.25873
vt 0.09574 0.26419
vt 0.08937 0.24571
vt 0.08796 0.25825
vt 0.09526 0.23817
vt 0.10540 0.23691
vt 0.18245 0.23941
vt 0.17542 0.27540
vt 0.18904 0.26940
vt 0.19318 0.24967
vt 0.75676 0.01816
vt 0.79066 0.01816
vt 0.77722 0.03252
vt 0.79382 0.02997
vt 0.76448 0.03230
vt 0.74790 0.02553
vt 0.79924 0.01916
vt 0.00000 1.00000
vt 0.00000 1.00000
vt 0.00000 1.00000
vt 0.00000 1.00000
vt 0.00000 1.00000
vt 0.00000 1.00000
vt 0.00000 1.00000
vt 0.00000 1.00000
vt 0.00000 1.00000
vt 0.00000 1.00000
vt 0.00000 1.00000
vt 0.00000 1.00000
vt 0.00000 1.00000
vt 0.00000 1.00000
vt 0.00000 1.00000
vt 0.00000 1.00000
vt 0.00000 1.00000
vt 0.00000 1.00000
vt 0.00000 1.00000
vt 0.00000 1.00000
vt 0.00000 1.00000
vt 0.00000 1.00000
vt 0.00000 1.00000
vt 0.00000 1.00000
vt 0.00000 1.00000
vt 0.00000 1.00000
vt 0.00000 1.00000
vt 0.00000 1.00000
vt 0.00000 1.00000
vt 0.00000 1.00000
vt 0.00000 1.00000
vt 0.00000 1.00000
vt 0.00000 1.00000
vt 0.84133 0.11106
vt 0.84133 0.11256
vt 0.84217 0.11275
vt 0.00000 1.00000
vt 0.00000 1.00000
vt 0.00000 1.00000
vt 0.16158 0.40736
vt 0.15555 0.39356
vt 0.15019 0.40014
vt 0.14107 0.39587
vt 0.14209 0.39136
vt 0.18095 0.40294
vt 0.16739 0.41338
vt 0.18988 0.40800
vt 0.15954 0.37974
vt 0.18626 0.38836
vt 0.19907 0.37923
vt 0.19062 0.37394
vt 0.16783 0.36780
vt 0.15877 0.36754
vt 0.20244 0.40829
vt 0.18652 0.36659
vt 0.19657 0.36613
vt 0.18123 0.41926
vt 0.17208 0.42349
vt 0.19526 0.41859
vt 0.19748 0.42745
vt 0.18287 0.42821
vt 0.18067 0.43623
vt 0.17217 0.42980
vt 0.13317 0.37784
vt 0.14501 0.36613
vt 0.12215 0.36874
vt 0.11860 0.37669
vt 0.10729 0.37618
vt 0.10940 0.39040
vt 0.13715 0.38699
vt 0.12168 0.39716
vt 0.11284 0.40618
vt 0.10227 0.40376
vt 0.83544 0.89907
vt 0.83544 0.88471
vt 0.83039 0.89175
vt 0.48611 0.69890
vt 0.48611 0.68454
vt 0.48190 0.69281
vt 0.96511 0.33116
vt 0.95463 0.34757
vt 0.94518 0.32921
vt 0.97180 0.35262
vt 0.96534 0.31970
vt 0.94275 0.34403
vt 0.93419 0.32898
vt 0.93224 0.34211
vt 0.94142 0.32258
vt 0.97180 0.30785
vt 0.33753 0.52126
vt 0.31692 0.52521
vt 0.32035 0.51292
vt 0.33965 0.52745
vt 0.33441 0.51752
vt 0.33706 0.50738
vt 0.32247 0.50104
vt 0.32972 0.49811
vt 0.33965 0.49367
vt 0.66019 0.08230
vt 0.66456 0.09275
vt 0.66372 0.08073
vt 0.65449 0.10032
vt 0.64853 0.09101
vt 0.64278 0.10088
vt 0.65979 0.06715
vt 0.63434 0.07273
vt 0.64342 0.09319
vt 0.63281 0.09098
vt 0.60396 0.06715
vt 0.62252 0.09200
vt 0.62922 0.10222
vt 0.62140 0.10834
vt 0.64101 0.10853
vt 0.36742 0.07784
vt 0.36417 0.07362
vt 0.36742 0.06883
vt 0.36364 0.07812
vt 0.36009 0.06909
vt 0.35732 0.07681
vt 0.91961 0.54012
vt 0.91372 0.54992
vt 0.91876 0.54913
vt 0.91961 0.55363
vt 0.68645 0.98438
vt 0.69402 0.98438
vt 0.69257 0.98691
vt 0.64919 0.80870
vt 0.65614 0.80870
vt 0.65242 0.81377
vt 0.64604 0.81364
vt 0.12163 0.15667
vt 0.12163 0.14823
vt 0.11827 0.15299
vt 0.02231 0.69890
vt 0.01978 0.70289
vt 0.02231 0.70566
vt 0.92950 0.65567
vt 0.93762 0.66582
vt 0.93591 0.66069
vt 0.93002 0.67188
vt 0.93897 0.64823
vt 0.93897 0.66763
vt 0.92803 0.66752
vt 0.10078 0.12120
vt 0.09891 0.11867
vt 0.10396 0.11867
vt 0.85311 0.30701
vt 0.84622 0.30954
vt 0.84470 0.30701
vt 0.82909 0.57966
vt 0.82076 0.58066
vt 0.82331 0.57165
vt 0.81524 0.57765
vt 0.81536 0.57127
vt 0.83207 0.57389
vt 0.81652 0.56265
vt 0.82312 0.56509
vt 0.82642 0.56431
vt 0.83129 0.57002
vt 0.83207 0.55701
vt 0.66071 0.41687
vt 0.66431 0.41781
vt 0.66193 0.41489
vt 0.67045 0.41475
vt 0.65950 0.41451
vt 0.65948 0.42272
vt 0.65637 0.42082
vt 0.65614 0.41258
vt 0.66235 0.41258
vt 0.67029 0.42182
vt 0.98027 0.39339
vt 0.98113 0.41061
vt 0.98675 0.39978
vt 0.99116 0.41821
vt 0.97722 0.42610
vt 0.99062 0.40033
vt 0.98883 0.38640
vt 0.99116 0.39072
vt 0.97454 0.40606
vt 0.97433 0.41776
vt 0.32877 0.96273
vt 0.32348 0.94721
vt 0.32126 0.96051
vt 0.31776 0.95690
vt 0.32382 0.96356
vt 0.32955 0.97340
vt 0.32955 0.94892
vt 0.24790 0.66681
vt 0.24475 0.67019
vt 0.24032 0.66681
vt 0.79047 0.84206
vt 0.78441 0.87665
vt 0.77030 0.85423
vt 0.78348 0.81939
vt 0.76382 0.88923
vt 0.76221 0.80897
vt 0.77441 0.89185
vt 0.77413 0.80457
vt 0.79717 0.87490
vt 0.79332 0.88703
vt 0.78132 0.88814
vt 0.80120 0.81341
vt 0.79148 0.80448
vt 0.80594 0.83313
vt 0.80934 0.86076
vt 0.80917 0.88438
vt 0.80934 0.80483
vt 0.79820 0.89346
vt 0.77942 0.89485
vt 0.83375 0.80617
vt 0.82894 0.80494
vt 0.82837 0.80343
vt 0.82618 0.80207
vt 0.83375 0.79772
vt 0.67214 0.41343
vt 0.67214 0.40836
vt 0.66709 0.40863
vt 0.03072 0.38809
vt 0.03072 0.38230
vt 0.02762 0.38506
vt 0.02652 0.38049
vt 0.64425 0.94975
vt 0.64941 0.93285
vt 0.64301 0.93815
vt 0.64256 0.93918
vt 0.64099 0.93285
vt 0.64762 0.94566
vt 0.28662 0.67188
vt 0.28073 0.67441
vt 0.27736 0.67188
vt 0.27315 0.43201
vt 0.27443 0.43580
vt 0.28157 0.43201
vt 0.27997 0.43877
vt 0.00000 1.00000
vt 0.00000 1.00000
vt 0.00000 1.00000
vt 0.00000 1.00000
vt 0.00000 1.00000
vt 0.00000 1.00000
vt 0.00000 1.00000
vt 0.00000 1.00000
vt 0.00000 1.00000
vt 0.74453 0.02829
vt 0.74330 0.02619
vt 0.74296 0.02629
vt 0.74330 0.02735
vt 0.74285 0.02576
vt 0.00000 1.00000
vt 0.00000 1.00000
vt 0.00000 1.00000
vt 0.00000 1.00000
vt 0.00000 1.00000
vt 0.00000 1.00000
vt 0.00000 1.00000
vt 0.00000 1.00000
vt 0.00000 1.00000
vt 0.85816 0.40385
vt 0.85816 0.40245
vt 0.85732 0.40498
vt 0.55644 0.06039
vt 0.55682 0.06123
vt 0.55513 0.06123
vt 0.48917 0.67307
vt 0.48998 0.68098
vt 0.49587 0.67905
vt 0.49939 0.67019
vt 0.50210 0.67901
vt 0.49935 0.68623
vt 0.48579 0.67611
vt 0.48443 0.67019
vt 0.32860 0.85496
vt 0.31968 0.84671
vt 0.31962 0.85065
vt 0.31547 0.84989
vt 0.31355 0.84868
vt 0.33039 0.84671
vt 0.32412 0.85938
vt 0.32676 0.85876
vt 0.45854 0.38808
vt 0.46120 0.40410
vt 0.48468 0.40168
vt 0.50939 0.38868
vt 0.51241 0.40148
vt 0.53245 0.40235
vt 0.52973 0.38725
vt 0.53746 0.39183
vt 0.44122 0.39324
vt 0.45557 0.41765
vt 0.44026 0.40485
vt 0.43215 0.38725
vt 0.41171 0.39991
vt 0.39752 0.38896
vt 0.40320 0.40492
vt 0.39604 0.39822
vt 0.38209 0.96792
vt 0.37629 0.97899
vt 0.36810 0.97597
vt 0.36297 0.98553
vt 0.35823 0.97652
vt 0.38768 0.97134
vt 0.36381 0.99029
vt 0.37940 0.98105
vt 0.39436 0.97634
vt 0.36647 0.96893
vt 0.38608 0.96003
vt 0.37074 0.95418
vt 0.35648 0.95677
vt 0.37273 0.94811
vt 0.37556 0.87690
vt 0.39321 0.84913
vt 0.38983 0.88799
vt 0.37395 0.89494
vt 0.38256 0.93565
vt 0.37344 0.93463
vt 0.38582 0.84798
vt 0.38508 0.94557
vt 0.37644 0.85164
vt 0.37975 0.84666
vt 0.37138 0.82402
vt 0.38440 0.82949
vt 0.39436 0.84491
vt 0.38854 0.81039
vt 0.37615 0.81140
vt 0.39310 0.84517
vt 0.53325 0.55840
vt 0.52815 0.56100
vt 0.52883 0.56505
vt 0.53112 0.56546
vt 0.52451 0.56537
vt 0.52509 0.55785
vt 0.51623 0.56148
vt 0.52047 0.55840
vt 0.51473 0.56356
vt 0.40826 0.64309
vt 0.40278 0.63978
vt 0.40364 0.64400
vt 0.41035 0.63978
vt 0.86153 0.52745
vt 0.86153 0.51900
vt 0.85816 0.52416
vt 0.55617 0.00718
vt 0.54840 0.00516
vt 0.55771 0.00465
vt 0.55934 0.00516
vt 0.37904 0.68792
vt 0.37995 0.68643
vt 0.38013 0.68477
vt 0.37584 0.68461
vt 0.37593 0.68117
vt 0.38763 0.68117
vt 0.44655 0.01225
vt 0.45412 0.01225
vt 0.44880 0.01478
vt 0.07406 0.84900
vt 0.08165 0.85093
vt 0.07914 0.84690
vt 0.07029 0.84333
vt 0.08701 0.84333
vt 0.08712 0.84642
vt 0.63349 0.66321
vt 0.63510 0.66174
vt 0.63506 0.66555
vt 0.63273 0.66201
vt 0.63258 0.66417
vt 0.63510 0.66596
vt 0.30766 0.05194
vt 0.30766 0.04772
vt 0.30682 0.05125
vt 0.91909 0.58565
vt 0.91670 0.58152
vt 0.91625 0.58387
vt 0.91961 0.58657
vt 0.91961 0.58150
vt 0.79335 0.48438
vt 0.78914 0.48438
vt 0.78985 0.48842
vt 0.79199 0.48944
vt 0.12218 0.42046
vt 0.12485 0.41512
vt 0.11487 0.41810
vt 0.12584 0.42356
vt 0.11406 0.41512
vt 0.11466 0.69890
vt 0.10480 0.69552
vt 0.11574 0.69552
vt 0.89589 0.74511
vt 0.89231 0.74850
vt 0.89145 0.74451
vt 0.90362 0.74451
vt 0.89486 0.75380
vt 0.90224 0.75157
vt 0.88510 0.75020
vt 0.88614 0.75129
vt 0.20833 0.56077
vt 0.21002 0.56377
vt 0.21002 0.55617
vt 0.36406 0.60093
vt 0.37500 0.60278
vt 0.37023 0.60515
vt 0.37345 0.60093
vt 0.76546 0.01211
vt 0.76331 0.01525
vt 0.75892 0.00924
vt 0.76641 0.00465
vt 0.76641 0.01647
vt 0.75715 0.01073
vt 0.76247 0.01611
vt 0.75737 0.01410
vt 0.60507 0.09215
vt 0.60173 0.09152
vt 0.60581 0.09618
vt 0.60140 0.09364
vt 0.59932 0.09238
vt 0.59722 0.09079
vt 0.61574 0.09079
vt 0.61317 0.09805
vt 0.60584 0.10008
vt 0.59989 0.09599
vt 0.86911 0.00211
vt 0.87283 0.00435
vt 0.87837 0.00211
vt 0.87610 0.00507
vt 0.87191 0.00718
vt 0.43056 0.43201
vt 0.44571 0.43201
vt 0.44402 0.43539
vt 0.33880 0.15805
vt 0.33460 0.15935
vt 0.33502 0.15583
vt 0.33880 0.16512
vt 0.80934 0.83066
vt 0.81271 0.83066
vt 0.81106 0.83319
vt 0.06355 0.67272
vt 0.05819 0.67494
vt 0.05597 0.67272
vt 0.05008 0.67473
vt 0.05852 0.67779
vt 0.05019 0.67507
vt 0.91456 0.29096
vt 0.91441 0.29964
vt 0.91288 0.29895
vt 0.91456 0.30025
vt 0.87629 0.20325
vt 0.87584 0.20341
vt 0.87686 0.20239
vt 0.87726 0.20152
vt 0.87674 0.20174
vt 0.87837 0.19890
vt 0.87837 0.21157
vt 0.54737 0.10346
vt 0.54503 0.10262
vt 0.54756 0.10262
vt 0.46202 0.72255
vt 0.45166 0.72450
vt 0.45110 0.72962
vt 0.46007 0.73022
vt 0.46338 0.73269
vt 0.44571 0.72290
vt 0.44582 0.72255
vt 0.65699 0.59248
vt 0.65655 0.59333
vt 0.65614 0.59248
vt 0.06476 0.26394
vt 0.06394 0.27914
vt 0.07724 0.27311
vt 0.04559 0.27676
vt 0.05093 0.26573
vt 0.03914 0.26394
vt 0.08077 0.26659
vt 0.08628 0.26457
vt 0.46156 0.36444
vt 0.45693 0.38133
vt 0.46757 0.37256
vt 0.46842 0.36634
vt 0.47158 0.38123
vt 0.45205 0.36959
vt 0.44735 0.37619
vt 0.44066 0.36444
vt 0.47978 0.37017
vt 0.49200 0.37255
vt 0.21575 0.02785
vt 0.20793 0.02284
vt 0.21548 0.01426
vt 0.20171 0.02031
vt 0.20276 0.02564
vt 0.22571 0.03217
vt 0.20555 0.02622
vt 0.23864 0.01394
vt 0.19571 0.01823
vt 0.23864 0.03843
vt 0.20715 0.02877
vt 0.20884 0.03180
vt 0.20602 0.03006
vt 0.21333 0.03415
vt 0.20864 0.03297
vt 0.02495 0.02287
vt 0.01599 0.02977
vt 0.02680 0.03031
vt 0.03370 0.02591
vt 0.04167 0.01309
vt 0.01459 0.01472
vt 0.00695 0.03067
vt 0.03702 0.03210
vt 0.00729 0.03531
vt 0.00579 0.01309
vt 0.00295 0.03106
vt 0.01028 0.03944
vt 0.00614 0.04181
vt 0.87847 0.26531
vt 0.88681 0.25970
vt 0.87854 0.25597
vt 0.88478 0.27101
vt 0.88057 0.27617
vt 0.89088 0.28490
vt 0.88777 0.25435
vt 0.88729 0.28927
vt 0.87837 0.25142
vt 0.87847 0.24914
vt 0.87952 0.24282
vt 0.89088 0.24490
vt 0.89099 0.24898
vt 0.10660 0.70481
vt 0.11235 0.70246
vt 0.10729 0.70271
vt 0.11574 0.69975
vt 0.10672 0.70025
vt 0.10535 0.70153
vt 0.10227 0.69975
vt 0.66939 0.23775
vt 0.66540 0.23184
vt 0.67298 0.23184
vt 0.81860 0.99620
vt 0.82365 0.99620
vt 0.82125 0.99704
vt 0.96170 0.46181
vt 0.95918 0.46073
vt 0.95918 0.46326
vt 0.70268 0.58758
vt 0.69907 0.59056
vt 0.70086 0.58432
vt 0.70256 0.58457
vt 0.70113 0.58039
vt 0.70412 0.57644
vt 0.70277 0.59204
vt 0.70215 0.59300
vt 0.70412 0.60093
vt 0.26560 0.28758
vt 0.26873 0.28445
vt 0.26400 0.28362
vt 0.25884 0.28336
vt 0.27231 0.28336
vt 0.85396 0.58404
vt 0.86153 0.58404
vt 0.85767 0.58488
vt 0.11046 0.27829
vt 0.10268 0.27698
vt 0.11010 0.27238
vt 0.10483 0.27351
vt 0.10143 0.27238
vt 0.11406 0.27574
vt 0.32786 0.78167
vt 0.32667 0.78674
vt 0.32365 0.78167
vt 0.63491 0.36355
vt 0.64063 0.36864
vt 0.63593 0.36974
vt 0.63352 0.37266
vt 0.63173 0.37289
vt 0.64099 0.36106
vt 0.63897 0.37153
vt 0.64099 0.37096
vt 0.92551 0.85957
vt 0.92745 0.86106
vt 0.92887 0.85929
vt 0.92745 0.85600
vt 0.29082 0.73353
vt 0.28863 0.73691
vt 0.28577 0.73353
vt 0.28072 0.73654
vt 0.29071 0.73626
vt 0.70999 0.85779
vt 0.71206 0.85589
vt 0.71139 0.85173
vt 0.70833 0.85428
vt 0.71231 0.86106
vt 0.71254 0.84828
vt 0.71231 0.84755
vt 0.27867 0.21462
vt 0.27107 0.21666
vt 0.28071 0.20760
vt 0.27670 0.21949
vt 0.28215 0.21256
vt 0.28235 0.22018
vt 0.27797 0.21755
vt 0.27911 0.22328
vt 0.27801 0.22402
vt 0.27987 0.22677
vt 0.27263 0.20805
vt 0.27062 0.20855
vt 0.27816 0.19607
vt 0.28269 0.20559
vt 0.27185 0.20493
vt 0.28493 0.20958
vt 0.28493 0.19552
vt 0.27395 0.19601
vt 0.97938 0.12156
vt 0.99237 0.10888
vt 0.98741 0.12306
vt 0.98343 0.10478
vt 0.99369 0.08995
vt 0.99369 0.12405
vt 0.98713 0.13218
vt 0.79264 0.56612
vt 0.77770 0.56183
vt 0.77778 0.57174
vt 0.78061 0.57681
vt 0.79043 0.57014
vt 0.77746 0.56021
vt 0.78926 0.56300
vt 0.77857 0.55401
vt 0.78785 0.55279
vt 0.77375 0.57025
vt 0.77298 0.56763
vt 0.77060 0.57052
vt 0.76894 0.57336
vt 0.77174 0.55779
vt 0.78789 0.57612
vt 0.78681 0.57850
vt 0.79036 0.58202
vt 0.79335 0.57709
vt 0.79300 0.58404
vt 0.77205 0.55279
vt 0.51305 0.42649
vt 0.51256 0.42948
vt 0.51052 0.42638
vt 0.51256 0.42188
vt 0.19655 0.06715
vt 0.20295 0.07350
vt 0.20412 0.06860
vt 0.19896 0.07615
vt 0.20412 0.07644
vt 0.01375 0.07529
vt 0.01641 0.08574
vt 0.00918 0.07719
vt 0.01069 0.08911
vt 0.00385 0.08656
vt 0.00804 0.09383
vt 0.01377 0.10008
vt 0.01084 0.06409
vt 0.00379 0.06054
vt 0.01641 0.04181
vt 0.24621 0.38556
vt 0.24621 0.40245
vt 0.24032 0.39037
vt 0.93210 0.96882
vt 0.93338 0.99217
vt 0.94314 0.97378
vt 0.94402 0.95566
vt 0.94402 0.99314
vt 0.92298 0.97465
vt 0.92864 0.99620
vt 0.58035 0.21517
vt 0.56486 0.20834
vt 0.57485 0.21770
vt 0.57162 0.20103
vt 0.59081 0.20520
vt 0.59117 0.23033
vt 0.60392 0.22863
vt 0.60141 0.21462
vt 0.60816 0.20722
vt 0.60593 0.19637
vt 0.58466 0.22513
vt 0.58241 0.23204
vt 0.56797 0.22212
vt 0.56984 0.23300
vt 0.55503 0.22060
vt 0.55920 0.23944
vt 0.55282 0.21279
vt 0.54533 0.22559
vt 0.54193 0.20956
vt 0.53360 0.21617
vt 0.52519 0.19637
vt 0.52231 0.20641
vt 0.51473 0.20509
vt 0.82029 0.68539
vt 0.82029 0.67356
vt 0.81608 0.67848
vt 0.76817 0.40119
vt 0.76767 0.41568
vt 0.76210 0.40452
vt 0.76583 0.38749
vt 0.77279 0.38833
vt 0.78072 0.37880
vt 0.76052 0.41523
vt 0.76222 0.43558
vt 0.77232 0.42269
vt 0.76757 0.43696
vt 0.78072 0.43961
vt 0.77822 0.40092
vt 0.10227 0.02745
vt 0.09037 0.03252
vt 0.08628 0.02745
vt 0.99453 0.28758
vt 0.99453 0.27069
vt 0.99200 0.28617
vt 0.14689 0.06377
vt 0.15018 0.06208
vt 0.15278 0.06377
vt 0.53157 0.45566
vt 0.53157 0.45059
vt 0.53072 0.45121
vt 0.70076 0.46833
vt 0.70142 0.46748
vt 0.70497 0.46833
vt 0.25261 0.51253
vt 0.25581 0.50802
vt 0.24790 0.50802
vt 0.24832 0.51363
vt 0.25343 0.51244
vt 0.25631 0.51394
vt 0.60059 0.16090
vt 0.60059 0.14147
vt 0.59470 0.14409
vt 0.11574 0.58235
vt 0.11574 0.57559
vt 0.10901 0.58099
vt 0.96002 0.77069
vt 0.96928 0.77069
vt 0.96739 0.77323
vt 0.39857 0.45228
vt 0.39332 0.45397
vt 0.39099 0.45228
vt 0.98038 0.17008
vt 0.98599 0.16928
vt 0.98456 0.18047
vt 0.97726 0.19408
vt 0.98801 0.19425
vt 0.98384 0.15983
vt 0.97180 0.17627
vt 0.97392 0.15752
vt 0.98864 0.15895
vt 0.98864 0.19890
vt 0.03444 0.08878
vt 0.04459 0.09755
vt 0.04147 0.08653
vt 0.03208 0.09575
vt 0.05818 0.08573
vt 0.05850 0.09531
vt 0.01940 0.09600
vt 0.01557 0.08847
vt 0.03635 0.08573
vt 0.35988 0.59645
vt 0.35390 0.59502
vt 0.35733 0.59900
vt 0.35555 0.60054
vt 0.36742 0.59502
vt 0.35893 0.60177
vt 0.35311 0.59905
vt 0.00229 0.26394
vt 0.00463 0.25971
vt 0.00442 0.26282
vt 0.00042 0.25971
vt 0.18476 0.66596
vt 0.18729 0.66596
vt 0.18579 0.66934
vt 0.93440 0.09948
vt 0.93736 0.09549
vt 0.93760 0.10130
vt 0.93521 0.09474
vt 0.93813 0.08488
vt 0.93392 0.10514
vt 0.93813 0.10689
vt 0.93615 0.10853
vt 0.18134 0.22949
vt 0.18799 0.22450
vt 0.18107 0.23063
vt 0.18171 0.22128
vt 0.17887 0.23169
vt 0.18534 0.21579
vt 0.18523 0.23099
vt 0.18813 0.22813
vt 0.18799 0.23606
vt 0.17934 0.22834
vt 0.10901 0.99451
vt 0.11237 0.99029
vt 0.11227 0.99511
vt 0.11237 0.99873
vt 0.34658 0.40783
vt 0.34703 0.38828
vt 0.33955 0.40328
vt 0.33874 0.42474
vt 0.34225 0.43166
vt 0.33409 0.43792
vt 0.36075 0.40635
vt 0.35708 0.38127
vt 0.34673 0.37490
vt 0.34473 0.36360
vt 0.36952 0.37763
vt 0.36698 0.38380
vt 0.37795 0.39288
vt 0.38537 0.38059
vt 0.39773 0.37561
vt 0.39220 0.37632
vt 0.39771 0.36360
vt 0.35901 0.42154
vt 0.38166 0.39597
vt 0.32925 0.39744
vt 0.32849 0.37640
vt 0.33619 0.36584
vt 0.32473 0.39679
vt 0.30765 0.41884
vt 0.31580 0.42629
vt 0.29924 0.41972
vt 0.31335 0.40284
vt 0.32920 0.41362
vt 0.32022 0.39638
vt 0.31677 0.37774
vt 0.31335 0.38470
vt 0.31251 0.37112
vt 0.32599 0.38846
vt 0.32597 0.37780
vt 0.30421 0.40178
vt 0.91503 0.69464
vt 0.92093 0.70601
vt 0.92026 0.69764
vt 0.91360 0.71612
vt 0.92622 0.71524
vt 0.92926 0.72625
vt 0.91806 0.73057
vt 0.90530 0.70334
vt 0.93645 0.73775
vt 0.92654 0.68957
vt 0.92553 0.67661
vt 0.93129 0.68100
vt 0.93645 0.67441
vt 0.05131 0.69934
vt 0.06941 0.70898
vt 0.07506 0.68809
vt 0.07580 0.68247
vt 0.10480 0.70747
vt 0.08459 0.71793
vt 0.09997 0.71377
vt 0.05680 0.71365
vt 0.03715 0.70926
vt 0.04941 0.71833
vt 0.03140 0.69548
vt 0.05601 0.68117
vt 0.04267 0.69259
vt 0.03876 0.68629
vt 0.01822 0.68117
vt 0.01557 0.68491
vt 0.98955 0.97653
vt 0.99177 0.97782
vt 0.99346 0.98712
vt 0.99026 0.98884
vt 0.99347 0.97171
vt 0.99462 0.97775
vt 0.99705 0.97479
vt 0.99676 0.98641
vt 0.98527 0.98264
vt 0.99685 0.98761
vt 0.99705 0.99535
vt 0.98982 0.99257
vt 0.97096 0.38213
vt 0.98382 0.37430
vt 0.97097 0.37090
vt 0.98611 0.36360
vt 0.98003 0.38387
vt 0.98611 0.37771
vt 0.04082 0.75971
vt 0.03493 0.76341
vt 0.04082 0.76731
vt 0.85648 0.53801
vt 0.85816 0.54688
vt 0.85816 0.53674
vt 0.70076 0.16765
vt 0.70076 0.15921
vt 0.69655 0.16419
vt 0.90614 0.01309
vt 0.91860 0.02027
vt 0.91373 0.01383
vt 0.93456 0.02660
vt 0.94939 0.02251
vt 0.92842 0.01399
vt 0.94308 0.01633
vt 0.94874 0.01929
vt 0.95160 0.01309
vt 0.16227 0.66218
vt 0.16961 0.66859
vt 0.16381 0.66516
vt 0.16961 0.65752
vt 0.15951 0.66866
vt 0.16271 0.66934
vt 0.80177 0.01225
vt 0.79281 0.01389
vt 0.80146 0.01603
vt 0.79251 0.01225
vt 0.80029 0.01647
vt 0.28238 0.04603
vt 0.28815 0.03747
vt 0.29009 0.03689
vt 0.29206 0.03771
vt 0.28554 0.03706
vt 0.27483 0.03505
vt 0.29251 0.03505
vt 0.28671 0.03622
vt 0.26709 0.59933
vt 0.27483 0.59840
vt 0.26857 0.60600
vt 0.26389 0.59840
vt 0.52483 0.08341
vt 0.52380 0.08227
vt 0.52365 0.08349
vt 0.52340 0.08497
vt 0.52311 0.08436
vt 0.52357 0.08087
vt 0.51473 0.07897
vt 0.52302 0.08898
vt 0.52463 0.07897
vt 0.52384 0.08832
vt 0.52475 0.08910
vt 0.52395 0.08698
vt 0.09554 0.41934
vt 0.09554 0.41596
vt 0.09470 0.41736
vt 0.76225 0.10515
vt 0.76194 0.10229
vt 0.75547 0.10191
vt 0.76305 0.10191
vt 0.76121 0.10177
vt 0.39880 0.54012
vt 0.39689 0.54076
vt 0.39783 0.54076
vt 0.40109 0.54076
vt 0.39782 0.54096
vt 0.03277 0.86294
vt 0.03577 0.86106
vt 0.03446 0.86867
vt 0.03241 0.86106
vt 0.36995 0.87120
vt 0.36995 0.85769
vt 0.36490 0.86285
vt 0.02687 0.93961
vt 0.01726 0.93454
vt 0.02904 0.93454
vt 0.32534 0.08657
vt 0.31587 0.08995
vt 0.31355 0.08657
vt 0.99683 0.67011
vt 0.98353 0.66913
vt 0.98915 0.66787
vt 0.98463 0.68110
vt 0.99790 0.68184
vt 0.98400 0.68623
vt 0.98022 0.66874
vt 0.98089 0.65414
vt 0.98357 0.65464
vt 0.99790 0.66218
vt 0.26358 0.21260
vt 0.26215 0.20250
vt 0.25800 0.21322
vt 0.26473 0.20094
vt 0.26468 0.19299
vt 0.26468 0.21533
vt 0.25942 0.21833
vt 0.31682 0.45822
vt 0.31883 0.46157
vt 0.31898 0.45821
vt 0.31355 0.45824
vt 0.32128 0.45819
vt 0.32395 0.45824
vt 0.32955 0.45975
vt 0.70497 0.52083
vt 0.70833 0.52323
vt 0.70833 0.51562
vt 0.93393 0.72255
vt 0.93392 0.71495
vt 0.93813 0.71495
vt 0.22082 0.37872
vt 0.21599 0.38655
vt 0.22792 0.39272
vt 0.21540 0.39556
vt 0.21215 0.39664
vt 0.21493 0.39721
vt 0.23198 0.37796
vt 0.20327 0.39198
vt 0.21121 0.37796
vt 0.21454 0.39927
vt 0.21395 0.40245
vt 0.23457 0.38625
vt 0.23286 0.39379
vt 0.23465 0.38074
vt 0.20346 0.39248
vt 0.20244 0.39458
vt 0.23779 0.37861
vt 0.12699 0.22002
vt 0.13425 0.22096
vt 0.12668 0.22400
vt 0.13703 0.22677
vt 0.14184 0.22002
vt 0.50896 0.02170
vt 0.50868 0.02349
vt 0.51054 0.02492
vt 0.51626 0.02174
vt 0.51641 0.01816
vt 0.50587 0.02017
vt 0.50547 0.01816
vt 0.24142 0.95228
vt 0.23351 0.93851
vt 0.23589 0.95004
vt 0.23069 0.94735
vt 0.22854 0.94133
vt 0.25203 0.95209
vt 0.22859 0.94364
vt 0.24026 0.93201
vt 0.26136 0.94239
vt 0.25835 0.93201
vt 0.23129 0.94905
vt 0.78302 0.10121
vt 0.79923 0.11582
vt 0.80062 0.09248
vt 0.77633 0.11887
vt 0.77139 0.09248
vt 0.78451 0.13302
vt 0.76305 0.11116
vt 0.81923 0.10670
vt 0.81642 0.12952
vt 0.83712 0.11731
vt 0.83375 0.09878
vt 0.30720 0.78838
vt 0.30496 0.79027
vt 0.30967 0.78174
vt 0.30505 0.79908
vt 0.30122 0.78792
vt 0.30435 0.78520
vt 0.30675 0.78701
vt 0.29263 0.80465
vt 0.29924 0.81703
vt 0.29222 0.82859
vt 0.29807 0.82754
vt 0.30078 0.83028
vt 0.27987 0.81425
vt 0.28075 0.79770
vt 0.30401 0.76900
vt 0.30628 0.77446
vt 0.31103 0.77264
vt 0.30464 0.83468
vt 0.31062 0.85262
vt 0.31103 0.84099
vt 0.29092 0.84668
vt 0.27652 0.82984
vt 0.17283 0.84619
vt 0.18831 0.84579
vt 0.17922 0.84129
vt 0.19323 0.83827
vt 0.16338 0.84295
vt 0.15372 0.84649
vt 0.19553 0.84331
vt 0.19828 0.83562
vt 0.20990 0.84260
vt 0.19327 0.86265
vt 0.20295 0.83170
vt 0.21979 0.83860
vt 0.20616 0.82816
vt 0.22741 0.82575
vt 0.21372 0.82043
vt 0.21741 0.81592
vt 0.23149 0.81940
vt 0.18223 0.85063
vt 0.17314 0.86857
vt 0.18570 0.87326
vt 0.15772 0.83783
vt 0.12744 0.83744
vt 0.13185 0.84208
vt 0.16961 0.87373
vt 0.22105 0.81015
vt 0.23190 0.81329
vt 0.22764 0.79664
vt 0.23074 0.79519
vt 0.09964 0.83236
vt 0.10705 0.82923
vt 0.09102 0.82379
vt 0.07660 0.82339
vt 0.07794 0.81738
vt 0.06243 0.81479
vt 0.06816 0.80776
vt 0.05485 0.80020
vt 0.04363 0.80224
vt 0.03830 0.79519
vt 0.16652 0.84775
vt 0.16572 0.86076
vt 0.32435 0.69872
vt 0.32534 0.71501
vt 0.32348 0.70730
vt 0.31966 0.71471
vt 0.32089 0.72160
vt 0.32534 0.72340
vt 0.31846 0.70717
vt 0.31776 0.68902
vt 0.32534 0.68792
vt 0.74747 0.99873
vt 0.73038 0.99059
vt 0.72866 0.99377
vt 0.74790 0.99424
vt 0.76894 0.98775
vt 0.72096 0.99274
vt 0.72147 0.98775
vt 0.38763 0.19504
vt 0.39066 0.18787
vt 0.38773 0.18431
vt 0.39184 0.17948
vt 0.39184 0.21833
vt 0.39250 0.50509
vt 0.38810 0.51385
vt 0.39232 0.51038
vt 0.38594 0.50211
vt 0.39284 0.51394
vt 0.40109 0.50737
vt 0.39977 0.50211
vt 0.82618 0.33589
vt 0.82618 0.34513
vt 0.82129 0.34532
vt 0.82324 0.35093
vt 0.82113 0.33573
vt 0.40418 0.63387
vt 0.40428 0.63308
vt 0.40599 0.63364
vt 0.40200 0.63312
vt 0.40197 0.63362
vt 0.39857 0.63319
vt 0.40669 0.63302
vt 0.40951 0.63319
vt 0.35861 0.87180
vt 0.34806 0.86189
vt 0.35038 0.87494
vt 0.35633 0.86348
vt 0.36013 0.87623
vt 0.35348 0.89046
vt 0.36235 0.89118
vt 0.35969 0.90706
vt 0.35954 0.85829
vt 0.35287 0.84878
vt 0.36229 0.85728
vt 0.36655 0.84861
vt 0.37002 0.85039
vt 0.37163 0.84715
vt 0.36218 0.84598
vt 0.36578 0.84689
vt 0.36422 0.84509
vt 0.36370 0.84502
vt 0.36858 0.91486
vt 0.35694 0.91088
vt 0.36712 0.91573
vt 0.37163 0.92518
vt 0.37082 0.93539
vt 0.25126 0.46495
vt 0.25126 0.45144
vt 0.24790 0.45313
vt 0.72616 0.28371
vt 0.70550 0.30272
vt 0.70602 0.28327
vt 0.73106 0.27612
vt 0.69808 0.27860
vt 0.73106 0.30430
vt 0.71286 0.30617
vt 0.69989 0.29643
vt 0.69537 0.28053
vt 0.69318 0.26985
vt 0.91678 0.61022
vt 0.92803 0.63616
vt 0.90480 0.64178
vt 0.92803 0.61734
vt 0.89184 0.62401
vt 0.89714 0.61051
vt 0.92389 0.65306
vt 0.90652 0.65754
vt 0.91593 0.67103
vt 0.91280 0.77385
vt 0.89964 0.78612
vt 0.89396 0.76056
vt 0.88089 0.76911
vt 0.88962 0.79186
vt 0.91824 0.79210
vt 0.91539 0.75659
vt 0.93149 0.77958
vt 0.93392 0.75751
vt 0.92424 0.75211
vt 0.93392 0.79772
vt 0.52652 0.29434
vt 0.52293 0.29941
vt 0.51305 0.29434
vt 0.82242 0.63296
vt 0.80429 0.63766
vt 0.80580 0.64583
vt 0.82120 0.62434
vt 0.81439 0.65620
vt 0.83116 0.64923
vt 0.83720 0.62609
vt 0.84301 0.63775
vt 0.82384 0.62709
vt 0.84209 0.61726
vt 0.84301 0.59604
vt 0.82581 0.58826
vt 0.81987 0.61750
vt 0.80602 0.59954
vt 0.79164 0.61472
vt 0.79082 0.62336
vt 0.79268 0.63274
vt 0.80829 0.60060
vt 0.80291 0.65224
vt 0.79949 0.66596
vt 0.79664 0.66232
vt 0.79361 0.65418
vt 0.81965 0.65906
vt 0.80253 0.65081
vt 0.80307 0.64685
vt 0.78746 0.17404
vt 0.77820 0.17966
vt 0.78464 0.17206
vt 0.78018 0.17219
vt 0.78208 0.18412
vt 0.78746 0.18539
vt 0.78121 0.16681
vt 0.77957 0.16717
vt 0.39600 0.62905
vt 0.37432 0.61749
vt 0.37939 0.62977
vt 0.39779 0.63618
vt 0.35884 0.62983
vt 0.37038 0.63391
vt 0.38603 0.63789
vt 0.39174 0.64031
vt 0.37688 0.64488
vt 0.36766 0.64306
vt 0.37031 0.64738
vt 0.36071 0.62101
vt 0.35426 0.62155
vt 0.37842 0.61526
vt 0.39557 0.61181
vt 0.41878 0.61325
vt 0.43046 0.61542
vt 0.42155 0.59586
vt 0.37629 0.63545
vt 0.39806 0.59755
vt 0.43981 0.59728
vt 0.37170 0.60850
vt 0.37122 0.61712
vt 0.35638 0.61943
vt 0.35771 0.61280
vt 0.34416 0.61001
vt 0.34407 0.59986
vt 0.33965 0.59586
vt 0.36681 0.64723
vt 0.36658 0.08066
vt 0.36465 0.08742
vt 0.36322 0.08066
vt 0.84124 0.51574
vt 0.85431 0.51182
vt 0.83817 0.52476
vt 0.84866 0.53901
vt 0.83255 0.53945
vt 0.85339 0.56143
vt 0.83969 0.56852
vt 0.85564 0.57897
vt 0.84459 0.50408
vt 0.85564 0.49881
vt 0.84069 0.49362
vt 0.83005 0.54914
vt 0.84237 0.50584
vt 0.83963 0.50853
vt 0.83525 0.49801
vt 0.83603 0.49198
vt 0.82548 0.49785
vt 0.81944 0.50593
vt 0.97763 0.15160
vt 0.99116 0.14485
vt 0.96928 0.14485
vt 0.85564 0.72156
vt 0.86387 0.71119
vt 0.86460 0.72725
vt 0.85788 0.70596
vt 0.86490 0.70145
vt 0.86282 0.69130
vt 0.85780 0.72580
vt 0.86490 0.73729
vt 0.85843 0.73775
vt 0.11426 0.52154
vt 0.11459 0.51416
vt 0.10595 0.51399
vt 0.09539 0.51557
vt 0.12942 0.51389
vt 0.13005 0.50971
vt 0.09741 0.50971
vt 0.09133 0.51165
vt 0.22148 0.56944
vt 0.22012 0.56546
vt 0.23527 0.56546
vt 0.22993 0.56968
vt 0.13293 0.86539
vt 0.11769 0.85437
vt 0.12698 0.86708
vt 0.14099 0.85960
vt 0.13274 0.84755
vt 0.12295 0.87120
vt 0.09767 0.86282
vt 0.09940 0.84755
vt 0.08039 0.85306
vt 0.39837 0.05300
vt 0.39464 0.03459
vt 0.37708 0.03395
vt 0.38716 0.05437
vt 0.36840 0.05099
vt 0.40619 0.03470
vt 0.37437 0.05532
vt 0.41061 0.04344
vt 0.41561 0.03608
vt 0.40907 0.02914
vt 0.41625 0.04482
vt 0.41573 0.04943
vt 0.36236 0.04732
vt 0.35778 0.03619
vt 0.35396 0.04147
vt 0.36201 0.02914
vt 0.74874 0.63725
vt 0.74874 0.62542
vt 0.74537 0.62878
vt 0.89826 0.98606
vt 0.89184 0.98438
vt 0.90109 0.98438
vt 0.20581 0.54449
vt 0.20759 0.53421
vt 0.21002 0.54403
vt 0.21002 0.55025
vt 0.05766 0.02553
vt 0.04653 0.02890
vt 0.05212 0.02211
vt 0.05024 0.03252
vt 0.05741 0.03217
vt 0.05741 0.00465
vt 0.04576 0.03205
vt 0.04082 0.02549
vt 0.84403 0.12173
vt 0.84631 0.11775
vt 0.84981 0.12536
vt 0.83880 0.12520
vt 0.83966 0.11664
vt 0.85237 0.12150
vt 0.84733 0.11106
vt 0.85480 0.11129
vt 0.85480 0.13218
vt 0.61944 0.18158
vt 0.62352 0.18048
vt 0.62331 0.17645
vt 0.62416 0.18475
vt 0.61911 0.19004
vt 0.61911 0.17822
vt 0.61970 0.17019
vt 0.62584 0.19468
vt 0.62584 0.17176
vt 0.09638 0.83657
vt 0.10396 0.83657
vt 0.09741 0.83910
vt 0.52663 0.37648
vt 0.52483 0.36661
vt 0.53072 0.37804
vt 0.53072 0.36360
vt 0.52497 0.38556
vt 0.99131 0.48834
vt 0.99554 0.46953
vt 0.99730 0.48843
vt 0.99958 0.47586
vt 0.99210 0.46212
vt 0.99781 0.45481
vt 0.99116 0.49810
vt 0.99958 0.49958
vt 0.07655 0.30842
vt 0.06683 0.31314
vt 0.05739 0.30730
vt 0.08957 0.31572
vt 0.09977 0.30981
vt 0.10061 0.32190
vt 0.09685 0.33422
vt 0.10311 0.33171
vt 0.10311 0.34305
vt 0.09810 0.36106
vt 0.04653 0.32066
vt 0.05895 0.32370
vt 0.06787 0.32753
vt 0.08456 0.33488
vt 0.04209 0.31688
vt 0.03029 0.30462
vt 0.03743 0.29453
vt 0.04026 0.32420
vt 0.02684 0.31851
vt 0.02598 0.29988
vt 0.02399 0.28976
vt 0.09968 0.29735
vt 0.08338 0.28959
vt 0.10212 0.35592
vt 0.07343 0.28313
vt 0.03869 0.28365
vt 0.10311 0.28477
vt 0.08657 0.28252
vt 0.04759 0.32344
vt 0.87247 0.71326
vt 0.86742 0.72018
vt 0.87247 0.73184
vt 0.00710 0.45481
vt 0.00547 0.44890
vt 0.01389 0.44890
vt 0.69880 0.01308
vt 0.69488 0.00682
vt 0.68968 0.02407
vt 0.69885 0.02310
vt 0.70268 0.01343
vt 0.68094 0.01078
vt 0.68055 0.01825
vt 0.68531 0.00715
vt 0.69239 0.00465
vt 0.70228 0.00930
vt 0.70164 0.00465
vt 0.70665 0.00709
vt 0.70663 0.01189
vt 0.68096 0.00707
vt 0.67971 0.01629
vt 0.22175 0.86029
vt 0.21265 0.85608
vt 0.21906 0.86191
vt 0.21340 0.86529
vt 0.21932 0.85262
vt 0.20825 0.85942
vt 0.20917 0.86508
vt 0.22283 0.85367
vt 0.22854 0.85804
vt 0.20749 0.85262
vt 0.22700 0.85408
vt 0.67877 0.02411
vt 0.67804 0.02660
vt 0.67551 0.02407
vt 0.68561 0.02411
vt 0.46591 0.43454
vt 0.47348 0.43454
vt 0.47037 0.43961
vt 0.97995 0.32094
vt 0.97127 0.31885
vt 0.97804 0.31463
vt 0.97012 0.32558
vt 0.97986 0.31823
vt 0.97550 0.31251
vt 0.98106 0.32007
vt 0.97818 0.31196
vt 0.97469 0.32736
vt 0.97978 0.32938
vt 0.97427 0.33488
vt 0.98104 0.32583
vt 0.97874 0.30990
vt 0.98106 0.30870
vt 0.02481 0.71201
vt 0.03286 0.71054
vt 0.03325 0.70889
vt 0.03082 0.70762
vt 0.02616 0.70503
vt 0.02231 0.71421
vt 0.02866 0.70228
vt 0.03325 0.72072
vt 0.02550 0.71746
vt 0.03227 0.72340
vt 0.02533 0.72265
vt 0.05278 0.38130
vt 0.05660 0.38152
vt 0.04765 0.38216
vt 0.04675 0.38374
vt 0.05319 0.38579
vt 0.05240 0.38434
vt 0.03948 0.37729
vt 0.04502 0.38912
vt 0.03474 0.38615
vt 0.03661 0.39517
vt 0.03327 0.38679
vt 0.03364 0.35608
vt 0.06362 0.34862
vt 0.08148 0.37197
vt 0.09383 0.36488
vt 0.09237 0.38101
vt 0.09386 0.33404
vt 0.06290 0.39027
vt 0.07746 0.39230
vt 0.09386 0.38704
vt 0.07994 0.39814
vt 0.08755 0.40498
vt 0.03195 0.37840
vt 0.01470 0.37472
vt 0.00375 0.35316
vt 0.00210 0.36526
vt 0.00695 0.37194
vt 0.00374 0.37176
vt 0.00847 0.37677
vt 0.72644 0.31076
vt 0.72316 0.31123
vt 0.72620 0.30701
vt 0.73022 0.30933
vt 0.72096 0.30701
vt 0.32702 0.47255
vt 0.33026 0.47086
vt 0.33291 0.47255
vt 0.60227 0.67610
vt 0.59891 0.67752
vt 0.60227 0.68032
vt 0.69066 0.04856
vt 0.69066 0.04434
vt 0.68813 0.04773
vt 0.63837 0.99612
vt 0.63832 0.99131
vt 0.63591 0.99704
vt 0.64941 0.98944
vt 0.63360 0.98944
vt 0.62837 0.99349
vt 0.25126 0.00042
vt 0.25800 0.00042
vt 0.25634 0.00296
vt 0.87500 0.87711
vt 0.87288 0.87523
vt 0.87500 0.87289
vt 0.87163 0.87291
vt 0.72124 0.00631
vt 0.72739 0.01113
vt 0.73215 0.00567
vt 0.71675 0.01140
vt 0.73274 0.00042
vt 0.72310 0.00042
vt 0.71875 0.00263
vt 0.96423 0.30044
vt 0.96928 0.29772
vt 0.96762 0.30007
vt 0.96909 0.30001
vt 0.96928 0.30110
vt 0.60210 0.69048
vt 0.60083 0.68366
vt 0.60448 0.68663
vt 0.60059 0.69399
vt 0.60492 0.68458
vt 0.60066 0.68201
vt 0.60564 0.68381
vt 0.60564 0.69637
vt 0.25177 0.32221
vt 0.24954 0.32559
vt 0.25715 0.32263
vt 0.24453 0.32263
vt 0.13173 0.16512
vt 0.13005 0.16894
vt 0.13173 0.17525
vt 0.47056 0.51703
vt 0.43128 0.53266
vt 0.45430 0.54045
vt 0.43119 0.50414
vt 0.41044 0.52271
vt 0.41223 0.53150
vt 0.40445 0.50515
vt 0.46235 0.53747
vt 0.46950 0.53551
vt 0.47551 0.53638
vt 0.48102 0.53356
vt 0.41820 0.54534
vt 0.44775 0.54637
vt 0.49534 0.50752
vt 0.42914 0.47931
vt 0.40165 0.49083
vt 0.45990 0.47931
vt 0.49246 0.48677
vt 0.49147 0.53368
vt 0.49537 0.52588
vt 0.49512 0.54150
vt 0.48748 0.53708
vt 0.41318 0.54022
vt 0.43446 0.55764
vt 0.42038 0.55747
vt 0.49333 0.54005
vt 0.41029 0.54760
vt 0.43557 0.56379
vt 0.42364 0.57221
vt 0.39773 0.54700
vt 0.80923 0.72164
vt 0.82293 0.72822
vt 0.82577 0.72445
vt 0.80682 0.71495
vt 0.81673 0.72830
vt 0.81915 0.73011
vt 0.81299 0.72920
vt 0.82155 0.73015
vt 0.82841 0.72732
vt 0.83039 0.71495
vt 0.17364 0.95312
vt 0.16625 0.94890
vt 0.17382 0.94890
vt 0.93451 0.58301
vt 0.92858 0.58022
vt 0.93078 0.58689
vt 0.92779 0.57559
vt 0.93461 0.57559
vt 0.92694 0.57763
vt 0.93645 0.58742
vt 0.92677 0.58629
vt 0.92466 0.58341
vt 0.93269 0.58621
vt 0.92613 0.58021
vt 0.95680 0.60883
vt 0.95665 0.60431
vt 0.96002 0.60431
vt 0.96002 0.61191
vt 0.83970 0.34483
vt 0.84386 0.34090
vt 0.84386 0.34586
vt 0.83965 0.34079
vt 0.54617 0.10745
vt 0.55261 0.10431
vt 0.54419 0.10431
vt 0.55147 0.10769
vt 0.43044 0.29603
vt 0.43384 0.28083
vt 0.42710 0.28390
vt 0.44146 0.28773
vt 0.44113 0.29433
vt 0.44024 0.28103
vt 0.44571 0.29399
vt 0.42481 0.28733
vt 0.42228 0.29032
vt 0.41709 0.28578
vt 0.42371 0.28231
vt 0.41969 0.28103
vt 0.00000 1.00000
vt 0.00000 1.00000
vt 0.00000 1.00000
vt 0.00000 1.00000
vt 0.00000 1.00000
vt 0.00000 1.00000
vt 0.00000 1.00000
vt 0.00000 1.00000
vt 0.00000 1.00000
vt 0.00000 1.00000
vt 0.00000 1.00000
vt 0.00000 1.00000
vt 0.00000 1.00000
vt 0.00000 1.00000
vt 0.00000 1.00000
vt 0.00000 1.00000
vt 0.00000 1.00000
vt 0.73106 0.39316
vt 0.73190 0.39569
vt 0.73190 0.39475
vt 0.00000 1.00000
vt 0.00000 1.00000
vt 0.00000 1.00000
vt 0.00000 1.00000
vt 0.00000 1.00000
vt 0.00000 1.00000
vt 0.00000 1.00000
vt 0.00000 1.00000
vt 0.00000 1.00000
vt 0.65158 0.97171
vt 0.65109 0.97002
vt 0.65194 0.97171
vt 0.77255 0.04146
vt 0.76841 0.03651
vt 0.77063 0.03705
vt 0.76420 0.04059
vt 0.77121 0.03611
vt 0.77247 0.03599
vt 0.76915 0.04568
vt 0.77196 0.03670
vt 0.77315 0.03590
vt 0.75884 0.04336
vt 0.77315 0.04603
vt 0.34904 0.65741
vt 0.35091 0.64685
vt 0.35436 0.65763
vt 0.35880 0.64985
vt 0.35901 0.65654
vt 0.35880 0.65991
vt 0.35308 0.64147
vt 0.34924 0.65099
vt 0.34806 0.65651
vt 0.34967 0.65819
vt 0.34991 0.65951
vt 0.34902 0.65914
vt 0.34977 0.66090
vt 0.77483 0.36226
vt 0.77001 0.36569
vt 0.76737 0.36126
vt 0.77281 0.35795
vt 0.77483 0.37343
vt 0.76851 0.37349
vt 0.77055 0.37757
vt 0.76641 0.37965
vt 0.76926 0.35856
vt 0.76853 0.35769
vt 0.76703 0.35989
vt 0.76830 0.36412
vt 0.02315 0.60769
vt 0.01738 0.61085
vt 0.02300 0.61191
vt 0.01726 0.60769
vt 0.96304 0.78181
vt 0.97083 0.77829
vt 0.96515 0.78262
vt 0.97433 0.77914
vt 0.96933 0.79100
vt 0.96668 0.78930
vt 0.96939 0.78741
vt 0.97433 0.78976
vt 0.97155 0.79519
vt 0.96254 0.78600
vt 0.14520 0.61698
vt 0.14520 0.62373
vt 0.14689 0.62153
vt 0.80813 0.40750
vt 0.81775 0.39744
vt 0.81159 0.41039
vt 0.80766 0.41451
vt 0.81580 0.39429
vt 0.81944 0.39062
vt 0.81944 0.42188
vt 0.69823 0.50717
vt 0.70244 0.51309
vt 0.70244 0.50211
vt 0.87308 0.25728
vt 0.86363 0.25467
vt 0.87223 0.25163
vt 0.86352 0.23825
vt 0.87222 0.24245
vt 0.87129 0.23787
vt 0.86421 0.23285
vt 0.87364 0.22887
vt 0.87067 0.22189
vt 0.87999 0.22171
vt 0.87865 0.23341
vt 0.88678 0.22584
vt 0.86973 0.26385
vt 0.87496 0.27314
vt 0.85291 0.26548
vt 0.85382 0.25829
vt 0.86773 0.26752
vt 0.85868 0.28364
vt 0.85118 0.27522
vt 0.85319 0.28543
vt 0.84891 0.27685
vt 0.85064 0.28486
vt 0.87615 0.27736
vt 0.88132 0.29545
vt 0.87885 0.28070
vt 0.88678 0.29603
vt 0.87530 0.23762
vt 0.91456 0.15289
vt 0.91625 0.15498
vt 0.91625 0.14147
vt 0.87672 0.07567
vt 0.87924 0.07445
vt 0.88375 0.07897
vt 0.87584 0.07137
vt 0.88426 0.07137
vt 0.84234 0.57897
vt 0.84448 0.58573
vt 0.83744 0.57927
vt 0.83123 0.58178
vt 0.84815 0.57927
vt 0.85143 0.58479
vt 0.83583 0.58557
vt 0.01557 0.11698
vt 0.02483 0.11698
vt 0.02191 0.12035
vt 0.13011 0.77323
vt 0.13342 0.76514
vt 0.12695 0.76716
vt 0.14881 0.77140
vt 0.11325 0.76314
vt 0.11153 0.75718
vt 0.11907 0.75914
vt 0.13932 0.76451
vt 0.15446 0.75718
vt 0.00000 1.00000
vt 0.00000 1.00000
vt 0.00000 1.00000
vt 0.00000 1.00000
vt 0.00000 1.00000
vt 0.00000 1.00000
vt 0.00000 1.00000
vt 0.14351 0.41880
vt 0.14454 0.42381
vt 0.14807 0.41866
vt 0.14225 0.41703
vt 0.14313 0.41700
vt 0.14292 0.41596
vt 0.14275 0.41512
vt 0.14258 0.41427
vt 0.15395 0.42717
vt 0.14714 0.42919
vt 0.14045 0.43201
vt 0.13678 0.43114
vt 0.15618 0.41706
vt 0.16249 0.41949
vt 0.16001 0.41427
vt 0.16456 0.41543
vt 0.86718 0.56155
vt 0.86069 0.56123
vt 0.86742 0.56123
vt 0.86591 0.56292
vt 0.91372 0.72389
vt 0.91236 0.73185
vt 0.90656 0.72382
vt 0.90723 0.73410
vt 0.90278 0.72610
vt 0.90378 0.71900
vt 0.90713 0.71602
vt 0.90363 0.71157
vt 0.91372 0.73606
vt 0.62513 0.14561
vt 0.62172 0.13294
vt 0.62759 0.13123
vt 0.62802 0.13696
vt 0.62837 0.14174
vt 0.61933 0.12711
vt 0.62759 0.14823
vt 0.61911 0.13664
vt 0.62040 0.13117
vt 0.60311 0.06968
vt 0.60103 0.07598
vt 0.59806 0.07950
vt 0.60311 0.08742
vt 0.97235 0.62398
vt 0.97065 0.63102
vt 0.97103 0.62349
vt 0.97264 0.61782
vt 0.96747 0.61812
vt 0.96338 0.62413
vt 0.96381 0.62916
vt 0.96981 0.63640
vt 0.97264 0.63396
vt 0.20665 0.62796
vt 0.19926 0.63133
vt 0.19402 0.62796
vt 0.82113 0.00633
vt 0.82786 0.00633
vt 0.82271 0.01225
vt 0.85350 0.35287
vt 0.85247 0.33198
vt 0.86000 0.33914
vt 0.84584 0.34693
vt 0.84581 0.36154
vt 0.85789 0.36817
vt 0.86085 0.36400
vt 0.86559 0.35320
vt 0.86967 0.33928
vt 0.84750 0.37706
vt 0.85778 0.37880
vt 0.84504 0.34105
vt 0.85718 0.31290
vt 0.84525 0.33466
vt 0.84396 0.32984
vt 0.84386 0.31852
vt 0.85698 0.32162
vt 0.86300 0.31428
vt 0.86416 0.30933
vt 0.84454 0.31245
vt 0.86904 0.31954
vt 0.87945 0.33551
vt 0.88482 0.32479
vt 0.88510 0.34420
vt 0.87683 0.35504
vt 0.86788 0.35252
vt 0.88510 0.30617
vt 0.81435 0.02515
vt 0.81382 0.03399
vt 0.80862 0.03209
vt 0.80429 0.02513
vt 0.81692 0.03292
vt 0.81506 0.03754
vt 0.81471 0.03794
vt 0.81430 0.03843
vt 0.81529 0.03716
vt 0.80850 0.01898
vt 0.81078 0.01483
vt 0.81692 0.01630
vt 0.81356 0.01140
vt 0.00000 1.00000
vt 0.00000 1.00000
vt 0.00000 1.00000
vt 0.00000 1.00000
vt 0.00000 1.00000
vt 0.40127 0.20141
vt 0.40865 0.20466
vt 0.41296 0.19721
vt 0.40107 0.19577
vt 0.40547 0.21136
vt 0.39268 0.20307
vt 0.39291 0.22183
vt 0.41517 0.18470
vt 0.40222 0.18798
vt 0.40916 0.17781
vt 0.42659 0.17653
vt 0.41975 0.19143
vt 0.39610 0.18500
vt 0.40544 0.21743
vt 0.40240 0.22281
vt 0.40567 0.22945
vt 0.40084 0.23678
vt 0.40767 0.23586
vt 0.40902 0.23775
vt 0.41237 0.22612
vt 0.41450 0.23415
vt 0.41763 0.21992
vt 0.42130 0.22727
vt 0.42205 0.21903
vt 0.42297 0.21913
vt 0.42364 0.21917
vt 0.41786 0.23464
vt 0.43329 0.18027
vt 0.39576 0.17272
vt 0.44080 0.17348
vt 0.43959 0.18071
vt 0.44417 0.18042
vt 0.45071 0.17780
vt 0.45610 0.17272
vt 0.45611 0.18066
vt 0.45665 0.17907
vt 0.44764 0.47238
vt 0.44487 0.47846
vt 0.44992 0.47737
vt 0.44992 0.47086
vt 0.90530 0.13874
vt 0.90783 0.13218
vt 0.90779 0.13833
vt 0.90783 0.13978
vt 0.60816 0.42843
vt 0.61009 0.42441
vt 0.61237 0.42633
vt 0.61237 0.43370
vt 0.04503 0.83150
vt 0.03493 0.83291
vt 0.03581 0.83731
vt 0.04503 0.83742
vt 0.02988 0.47086
vt 0.02072 0.47255
vt 0.01978 0.47086
vt 0.00968 0.93961
vt 0.00126 0.95134
vt 0.00968 0.95645
vt 0.00298 0.95735
vt 0.65614 0.69552
vt 0.65278 0.70221
vt 0.65614 0.70650
vt 0.76473 0.27998
vt 0.76221 0.28125
vt 0.76473 0.28758
vt 0.94571 0.65498
vt 0.94571 0.64907
vt 0.94318 0.65245
vt 0.96928 0.76647
vt 0.96306 0.76858
vt 0.96170 0.76700
vt 0.96928 0.76985
vt 0.31692 0.96073
vt 0.31524 0.96531
vt 0.31692 0.96664
vt 0.13678 0.01140
vt 0.15025 0.01140
vt 0.13730 0.01394
vt 0.38787 0.22593
vt 0.39268 0.22762
vt 0.38594 0.22762
vt 0.08327 0.09164
vt 0.07670 0.09627
vt 0.07804 0.10177
vt 0.07091 0.09935
vt 0.07738 0.09247
vt 0.08296 0.10005
vt 0.08880 0.09472
vt 0.07337 0.09164
vt 0.06776 0.09491
vt 0.80553 0.89858
vt 0.80531 0.89948
vt 0.80484 0.89817
vt 0.80414 0.89776
vt 0.80345 0.89736
vt 0.81187 0.89654
vt 0.81187 0.90245
vt 0.54335 0.13609
vt 0.56241 0.14400
vt 0.55577 0.13927
vt 0.55219 0.13049
vt 0.57448 0.13992
vt 0.56649 0.13362
vt 0.57836 0.13306
vt 0.58352 0.13331
vt 0.57992 0.13939
vt 0.59386 0.13049
vt 0.61069 0.72677
vt 0.60607 0.73184
vt 0.60957 0.73168
vt 0.59975 0.72677
vt 0.17824 0.06285
vt 0.18725 0.06813
vt 0.18375 0.08140
vt 0.17806 0.05887
vt 0.18813 0.04072
vt 0.18272 0.03083
vt 0.17405 0.03697
vt 0.17045 0.07689
vt 0.17511 0.08844
vt 0.18813 0.09755
vt 0.17757 0.09752
vt 0.93967 0.68620
vt 0.94269 0.69503
vt 0.93622 0.70331
vt 0.92971 0.70263
vt 0.93877 0.71343
vt 0.94768 0.70632
vt 0.95833 0.67344
vt 0.95038 0.71346
vt 0.94809 0.72424
vt 0.93898 0.67494
vt 0.94721 0.67022
vt 0.94229 0.66765
vt 0.95833 0.72184
vt 0.91035 0.90843
vt 0.91540 0.90921
vt 0.91540 0.90329
vt 0.94089 0.28596
vt 0.94736 0.26601
vt 0.94739 0.28765
vt 0.93604 0.28273
vt 0.93886 0.28894
vt 0.95581 0.25453
vt 0.95209 0.24810
vt 0.93753 0.24451
vt 0.94688 0.29332
vt 0.93588 0.29285
vt 0.92968 0.28013
vt 0.94508 0.30025
vt 0.95581 0.29401
vt 0.95055 0.28990
vt 0.92635 0.26766
vt 0.45135 0.03421
vt 0.45160 0.02917
vt 0.44655 0.03004
vt 0.45135 0.02154
vt 0.56259 0.08505
vt 0.56106 0.09755
vt 0.56524 0.09020
vt 0.56484 0.08235
vt 0.56484 0.09516
vt 0.55850 0.09110
vt 0.75612 0.30909
vt 0.73739 0.29350
vt 0.75249 0.28842
vt 0.74238 0.31163
vt 0.75900 0.32790
vt 0.73731 0.33048
vt 0.75137 0.28443
vt 0.74349 0.27581
vt 0.73398 0.27364
vt 0.75481 0.27519
vt 0.74547 0.26972
vt 0.73948 0.25518
vt 0.72573 0.25809
vt 0.75120 0.27254
vt 0.74337 0.25823
vt 0.75412 0.26532
vt 0.74927 0.26037
vt 0.74505 0.24789
vt 0.76136 0.28012
vt 0.75352 0.33557
vt 0.72994 0.33663
vt 0.76136 0.33999
vt 0.75410 0.34586
vt 0.73287 0.31071
vt 0.71086 0.32172
vt 0.74289 0.34577
vt 0.70497 0.26985
vt 0.72012 0.26985
vt 0.71305 0.27492
vt 0.21254 0.62640
vt 0.21675 0.63471
vt 0.21675 0.62289
vt 0.99200 0.27400
vt 0.99087 0.27375
vt 0.99140 0.27553
vt 0.98963 0.27617
vt 0.99024 0.27908
vt 0.97527 0.27385
vt 0.97447 0.27694
vt 0.97996 0.27360
vt 0.97525 0.27243
vt 0.97876 0.27069
vt 0.98024 0.27129
vt 0.97497 0.27070
vt 0.98302 0.28003
vt 0.98062 0.28225
vt 0.96737 0.28927
vt 0.96677 0.27450
vt 0.95815 0.27610
vt 0.95827 0.27227
vt 0.95328 0.27069
vt 0.98241 0.27633
vt 0.98473 0.27445
vt 0.98625 0.27944
vt 0.98885 0.27406
vt 0.99013 0.27342
vt 0.11679 0.36275
vt 0.11911 0.36275
vt 0.11658 0.36444
vt 0.00000 1.00000
vt 0.00000 1.00000
vt 0.00000 1.00000
vt 0.00000 1.00000
vt 0.00000 1.00000
vt 0.00000 1.00000
vt 0.00000 1.00000
vt 0.73848 0.21410
vt 0.73948 0.21495
vt 0.73779 0.21495
vt 0.44150 0.27914
vt 0.43981 0.27914
vt 0.44144 0.27829
vt 0.00000 1.00000
vt 0.00000 1.00000
vt 0.00000 1.00000
vt 0.00000 1.00000
vt 0.00000 1.00000
vt 0.00000 1.00000
vt 0.00000 1.00000
vt 0.33032 0.22593
vt 0.33039 0.22677
vt 0.32870 0.22677
vt 0.47769 0.08995
vt 0.47781 0.08999
vt 0.47769 0.09248
vt 0.47938 0.09146
vt 0.84554 0.79941
vt 0.84722 0.79941
vt 0.84630 0.80025
vt 0.74436 0.22050
vt 0.75002 0.20048
vt 0.75631 0.22189
vt 0.74028 0.19971
vt 0.74768 0.22644
vt 0.75569 0.22585
vt 0.74730 0.23944
vt 0.73948 0.19560
vt 0.75631 0.19214
vt 0.74806 0.18877
vt 0.61069 0.18172
vt 0.61570 0.19908
vt 0.61676 0.17806
vt 0.61146 0.19828
vt 0.61331 0.16868
vt 0.61742 0.16258
vt 0.61742 0.21664
vt 0.45055 0.83959
vt 0.45833 0.83719
vt 0.45833 0.81715
vt 0.45231 0.85515
vt 0.44487 0.83366
vt 0.44907 0.84656
vt 0.55345 0.31039
vt 0.55177 0.31433
vt 0.55345 0.31799
vt 0.46759 0.99620
vt 0.47012 0.99620
vt 0.46855 0.99789
vt 0.95328 0.85938
vt 0.95160 0.86119
vt 0.95297 0.86110
vt 0.95328 0.86275
vt 0.49538 0.38218
vt 0.49705 0.38387
vt 0.49369 0.38387
vt 0.13594 0.75897
vt 0.13510 0.75718
vt 0.13510 0.76056
vt 0.58965 0.39738
vt 0.59133 0.39640
vt 0.58965 0.39485
vt 0.72632 0.37757
vt 0.71772 0.38009
vt 0.72230 0.38556
vt 0.72685 0.38512
vt 0.72241 0.37563
vt 0.71759 0.38414
vt 0.72685 0.37289
vt 0.05056 0.25380
vt 0.05508 0.25323
vt 0.05330 0.25211
vt 0.05019 0.25264
vt 0.04756 0.25285
vt 0.05766 0.25285
vt 0.64689 0.02407
vt 0.63967 0.02745
vt 0.63258 0.02407
vt 0.31692 0.55617
vt 0.31353 0.55785
vt 0.30934 0.55617
vt 0.59605 0.15360
vt 0.58461 0.14485
vt 0.56783 0.15002
vt 0.56865 0.16125
vt 0.55328 0.15111
vt 0.54604 0.16531
vt 0.53809 0.14810
vt 0.53471 0.15565
vt 0.52399 0.14485
vt 0.55177 0.17598
vt 0.57462 0.17277
vt 0.56360 0.19603
vt 0.57633 0.19637
vt 0.58819 0.19092
vt 0.59363 0.17921
vt 0.59638 0.16532
vt 0.54769 0.19387
vt 0.53064 0.18575
vt 0.52961 0.17060
vt 0.52833 0.15763
vt 0.79513 0.70144
vt 0.78998 0.69637
vt 0.80008 0.69637
vt 0.26136 0.68138
vt 0.26700 0.67779
vt 0.26885 0.68708
vt 0.27062 0.68232
vt 0.27062 0.67779
vt 0.26509 0.68643
vt 0.81988 0.99113
vt 0.81187 0.99190
vt 0.81658 0.99367
vt 0.82365 0.99190
vt 0.23142 0.90526
vt 0.22552 0.90265
vt 0.23149 0.91065
vt 0.23948 0.90076
vt 0.22477 0.90414
vt 0.23332 0.91427
vt 0.22180 0.90076
vt 0.42298 0.37448
vt 0.40820 0.37069
vt 0.41259 0.38268
vt 0.41155 0.36613
vt 0.42198 0.38096
vt 0.42046 0.36619
vt 0.42155 0.38549
vt 0.40699 0.37665
vt 0.40923 0.38556
vt 0.42285 0.36613
vt 0.04756 0.00971
vt 0.04167 0.01692
vt 0.04756 0.02407
vt 0.48078 0.87475
vt 0.48466 0.86819
vt 0.48948 0.87603
vt 0.47348 0.87960
vt 0.48948 0.88857
vt 0.48221 0.88978
vt 0.48725 0.86248
vt 0.48280 0.85853
vt 0.47923 0.86634
vt 0.60652 0.54399
vt 0.61916 0.53490
vt 0.60814 0.53083
vt 0.61587 0.53133
vt 0.62247 0.53085
vt 0.61859 0.54409
vt 0.61535 0.54560
vt 0.60706 0.55025
vt 0.60601 0.54517
vt 0.61897 0.54840
vt 0.60373 0.53914
vt 0.60227 0.53085
vt 0.25042 0.44975
vt 0.25042 0.44468
vt 0.24369 0.44680
vt 0.63199 0.06039
vt 0.63646 0.06630
vt 0.62921 0.06487
vt 0.64099 0.06039
vt 0.52490 0.34625
vt 0.52904 0.34164
vt 0.52805 0.34792
vt 0.52483 0.35032
vt 0.52904 0.35346
vt 0.38335 0.67948
vt 0.38173 0.67694
vt 0.38931 0.67694
vt 0.86995 0.08319
vt 0.87668 0.08319
vt 0.87567 0.08657
vt 0.95918 0.73438
vt 0.96423 0.73438
vt 0.96230 0.73691
vt 0.23864 0.66258
vt 0.23359 0.66838
vt 0.23864 0.66850
vt 0.94318 0.37965
vt 0.94318 0.36782
vt 0.94150 0.37196
vt 0.31860 0.79603
vt 0.31860 0.77154
vt 0.31355 0.79127
vt 0.59217 0.14738
vt 0.59217 0.14062
vt 0.58712 0.14244
vt 0.35732 0.33319
vt 0.35488 0.33826
vt 0.35143 0.33319
vt 0.50550 0.54688
vt 0.50550 0.55025
vt 0.50379 0.54858
vt 0.50715 0.54846
vt 0.59726 0.76562
vt 0.59806 0.76415
vt 0.59554 0.76415
vt 0.59732 0.76309
vt 0.66339 0.81883
vt 0.66456 0.81743
vt 0.66120 0.81743
vt 0.66288 0.81715
vt 0.42329 0.97088
vt 0.42214 0.97201
vt 0.42358 0.97275
vt 0.42345 0.97508
vt 0.42225 0.97016
vt 0.42551 0.97187
vt 0.42345 0.96917
vt 0.11482 0.41427
vt 0.13088 0.41191
vt 0.12559 0.40765
vt 0.14099 0.40752
vt 0.11237 0.40752
vt 0.65699 0.68454
vt 0.65699 0.67356
vt 0.65446 0.68270
vt 0.49953 0.98682
vt 0.49292 0.98878
vt 0.49393 0.98602
vt 0.49346 0.99249
vt 0.49900 0.99475
vt 0.48965 0.98695
vt 0.49099 0.99958
vt 0.48695 0.99415
vt 0.49129 0.98584
vt 0.48869 0.98317
vt 0.49237 0.98256
vt 0.49756 0.98514
vt 0.49260 0.98365
vt 0.49568 0.98184
vt 0.49900 0.98265
vt 0.49958 0.98486
vt 0.17683 0.75380
vt 0.17449 0.75409
vt 0.17405 0.75565
vt 0.18082 0.75633
vt 0.17045 0.75404
vt 0.18561 0.75404
vt 0.99621 0.01985
vt 0.99825 0.02281
vt 0.99621 0.02323
vt 0.99874 0.02051
vt 0.95497 0.48522
vt 0.95497 0.48353
vt 0.95244 0.48440
vt 0.96870 0.32812
vt 0.96830 0.32962
vt 0.96928 0.32981
vt 0.96675 0.32981
vt 0.74116 0.04856
vt 0.74285 0.04603
vt 0.74116 0.04695
vt 0.07955 0.28421
vt 0.07980 0.28044
vt 0.08207 0.28066
vt 0.07955 0.27745
vt 0.72939 0.85301
vt 0.72360 0.84854
vt 0.72429 0.85520
vt 0.73359 0.84417
vt 0.72155 0.84712
vt 0.71928 0.84907
vt 0.73359 0.86022
vt 0.97806 0.51755
vt 0.97333 0.52848
vt 0.97264 0.51779
vt 0.97509 0.50261
vt 0.98317 0.52221
vt 0.97986 0.53252
vt 0.98303 0.51011
vt 0.99032 0.51279
vt 0.98398 0.50421
vt 0.99032 0.52886
vt 0.98151 0.49620
vt 0.55652 0.66059
vt 0.55984 0.62568
vt 0.56823 0.64848
vt 0.54545 0.63791
vt 0.54856 0.61216
vt 0.53945 0.61518
vt 0.53225 0.62169
vt 0.56377 0.65815
vt 0.53072 0.58743
vt 0.54695 0.58253
vt 0.55626 0.59378
vt 0.56193 0.60169
vt 0.56613 0.58564
vt 0.56168 0.58351
vt 0.57074 0.56785
vt 0.55734 0.57139
vt 0.57618 0.57703
vt 0.57204 0.56292
vt 0.54073 0.56749
vt 0.55292 0.58353
vt 0.56388 0.66330
vt 0.55053 0.67390
vt 0.55547 0.67734
vt 0.56870 0.67245
vt 0.57618 0.67105
vt 0.56716 0.68125
vt 0.54939 0.69215
vt 0.55370 0.57194
vt 0.01407 0.39569
vt 0.02221 0.38577
vt 0.00744 0.39299
vt 0.01058 0.38287
vt 0.00312 0.38562
vt 0.02483 0.37880
vt 0.00126 0.37880
vt 0.35889 0.26620
vt 0.35812 0.28155
vt 0.34835 0.26414
vt 0.34773 0.28087
vt 0.35537 0.29527
vt 0.35820 0.25526
vt 0.34133 0.29680
vt 0.35229 0.25067
vt 0.36230 0.23860
vt 0.36658 0.28359
vt 0.36056 0.29841
vt 0.36658 0.29660
vt 0.35418 0.29941
vt 0.35067 0.24350
vt 0.34479 0.25129
vt 0.09286 0.27422
vt 0.08635 0.26747
vt 0.08544 0.27099
vt 0.08571 0.27470
vt 0.09638 0.26682
vt 0.09154 0.26478
vt 0.09638 0.27827
vt 0.09219 0.28167
vt 0.80682 0.43082
vt 0.80654 0.41999
vt 0.79588 0.42034
vt 0.80682 0.41005
vt 0.80533 0.44046
vt 0.79734 0.43708
vt 0.63173 0.90921
vt 0.64184 0.90921
vt 0.63263 0.91934
vt 0.35185 0.99704
vt 0.35467 0.99052
vt 0.35839 0.99670
vt 0.36322 0.99403
vt 0.34682 0.99574
vt 0.35309 0.98860
vt 0.34133 0.98860
vt 0.53219 0.61379
vt 0.52864 0.61620
vt 0.53241 0.61782
vt 0.52611 0.60896
vt 0.52426 0.61588
vt 0.52315 0.61207
vt 0.52966 0.60781
vt 0.53233 0.60774
vt 0.53217 0.60504
vt 0.53036 0.60177
vt 0.53186 0.60177
vt 0.47078 0.72289
vt 0.47348 0.72844
vt 0.46507 0.72694
vt 0.47348 0.72342
vt 0.46592 0.72520
vt 0.46638 0.73015
vt 0.46595 0.72171
vt 0.01052 0.77664
vt 0.00513 0.77402
vt 0.00295 0.77831
vt 0.00636 0.78091
vt 0.00989 0.77154
vt 0.00420 0.77154
vt 0.01020 0.78252
vt 0.83519 0.66420
vt 0.83413 0.67188
vt 0.83178 0.66242
vt 0.83592 0.66100
vt 0.83039 0.66813
vt 0.83695 0.66153
vt 0.83823 0.66452
vt 0.83965 0.66870
vt 0.83965 0.66090
vt 0.39407 0.39408
vt 0.39148 0.39662
vt 0.39289 0.39406
vt 0.39436 0.39136
vt 0.39015 0.40160
vt 0.39392 0.40018
vt 0.39392 0.38809
vt 0.39265 0.38918
vt 0.10143 0.40075
vt 0.09637 0.39928
vt 0.09740 0.39769
vt 0.09860 0.40498
vt 0.10143 0.39597
vt 0.09910 0.39485
vt 0.09635 0.39636
vt 0.09554 0.40264
vt 0.54753 0.11796
vt 0.55261 0.11632
vt 0.55226 0.12381
vt 0.54335 0.12080
vt 0.55261 0.12965
vt 0.54970 0.10938
vt 0.79840 0.40214
vt 0.80210 0.39654
vt 0.79941 0.40246
vt 0.80156 0.39860
vt 0.80150 0.40338
vt 0.80062 0.40626
vt 0.79895 0.40566
vt 0.80509 0.40196
vt 0.80598 0.40667
vt 0.80598 0.39757
vt 0.72554 0.97596
vt 0.72135 0.97668
vt 0.72652 0.97346
vt 0.72854 0.97364
vt 0.72096 0.97211
vt 0.72620 0.97171
vt 0.72306 0.97977
vt 0.72771 0.98279
vt 0.72305 0.98599
vt 0.72854 0.98775
vt 0.06739 0.78865
vt 0.06776 0.78336
vt 0.06357 0.78846
vt 0.06446 0.79195
vt 0.06246 0.78379
vt 0.06030 0.79013
vt 0.05887 0.78370
vt 0.05132 0.78336
vt 0.04756 0.79082
vt 0.05112 0.79519
vt 0.04849 0.78462
vt 0.32197 0.28590
vt 0.32870 0.28590
vt 0.32483 0.28843
vt 0.57197 0.53421
vt 0.57870 0.53421
vt 0.57406 0.53505
vt 0.42040 0.58255
vt 0.41157 0.57281
vt 0.42561 0.57733
vt 0.41035 0.58062
vt 0.44066 0.58239
vt 0.43555 0.57052
vt 0.42722 0.59248
vt 0.41310 0.57052
vt 0.48186 0.02376
vt 0.48670 0.02608
vt 0.48823 0.02155
vt 0.49086 0.02099
vt 0.49615 0.02429
vt 0.49869 0.02182
vt 0.49105 0.02978
vt 0.49252 0.01952
vt 0.49458 0.01478
vt 0.49877 0.01480
vt 0.50210 0.01783
vt 0.48978 0.03252
vt 0.47650 0.03111
vt 0.46895 0.02184
vt 0.46619 0.03177
vt 0.45412 0.02544
vt 0.45647 0.03021
vt 0.45443 0.01786
vt 0.48750 0.01942
vt 0.47039 0.01920
vt 0.46331 0.01679
vt 0.45581 0.01480
vt 0.25057 0.18285
vt 0.25044 0.19468
vt 0.24265 0.18928
vt 0.23611 0.18285
vt 0.23741 0.19025
vt 0.25209 0.18755
vt 0.25463 0.19051
vt 0.29719 0.16808
vt 0.31057 0.15999
vt 0.31479 0.17126
vt 0.33650 0.16799
vt 0.32011 0.18623
vt 0.34445 0.18072
vt 0.27625 0.15496
vt 0.27302 0.15924
vt 0.25042 0.15245
vt 0.29518 0.17702
vt 0.32593 0.15245
vt 0.34470 0.16737
vt 0.01973 0.70988
vt 0.01341 0.71142
vt 0.00898 0.70772
vt 0.01786 0.70302
vt 0.00706 0.70423
vt 0.01148 0.71327
vt 0.00713 0.71153
vt 0.01950 0.71351
vt 0.01496 0.71556
vt 0.01714 0.71803
vt 0.01276 0.69646
vt 0.02024 0.69749
vt 0.00470 0.71795
vt 0.01587 0.72574
vt 0.00526 0.72931
vt 0.02062 0.69046
vt 0.02062 0.72391
vt 0.00295 0.71329
vt 0.34049 0.08826
vt 0.34470 0.08826
vt 0.34242 0.09079
vt 0.69561 0.87617
vt 0.70544 0.87114
vt 0.70231 0.87441
vt 0.70862 0.87755
vt 0.70306 0.87791
vt 0.71002 0.87035
vt 0.69900 0.87648
vt 0.69141 0.87288
vt 0.69066 0.88302
vt 0.69429 0.87035
vt 0.80093 0.02263
vt 0.80345 0.02407
vt 0.80345 0.01900
vt 0.89613 0.30433
vt 0.89605 0.31165
vt 0.88931 0.31146
vt 0.89024 0.30687
vt 0.89689 0.29772
vt 0.89689 0.31377
vt 0.40278 0.57728
vt 0.40951 0.57728
vt 0.40507 0.57812
vt 0.30606 0.15549
vt 0.30429 0.15144
vt 0.30685 0.15351
vt 0.31271 0.15752
vt 0.30703 0.15147
vt 0.30504 0.14688
vt 0.31243 0.14908
vt 0.31271 0.14569
vt 0.11585 0.94679
vt 0.12584 0.94215
vt 0.10716 0.94215
vt 0.10564 0.94714
vt 0.11100 0.95312
vt 0.12079 0.94703
vt 0.47403 0.82601
vt 0.46765 0.83077
vt 0.46529 0.82412
vt 0.46302 0.82850
vt 0.47377 0.83292
vt 0.47199 0.82453
vt 0.46747 0.81919
vt 0.48190 0.83742
vt 0.48112 0.82277
vt 0.48190 0.81430
vt 0.47542 0.80954
vt 0.46514 0.81589
vt 0.46033 0.82358
vt 0.45918 0.82048
vt 0.46127 0.81374
vt 0.93729 0.00465
vt 0.93561 0.00607
vt 0.93729 0.01225
vt 0.31111 0.00887
vt 0.33177 0.00140
vt 0.31307 0.00514
vt 0.33033 0.00971
vt 0.34470 0.00042
vt 0.30766 0.00269
vt 0.31101 0.00042
vt 0.46450 0.19730
vt 0.47574 0.19282
vt 0.47601 0.20579
vt 0.46848 0.18213
vt 0.47063 0.18237
vt 0.46632 0.16681
vt 0.47024 0.21242
vt 0.47574 0.21004
vt 0.45918 0.19867
vt 0.85816 0.49198
vt 0.85816 0.48606
vt 0.85648 0.48752
vt 0.04546 0.72496
vt 0.03602 0.72567
vt 0.03988 0.72002
vt 0.04265 0.73259
vt 0.05008 0.73037
vt 0.03034 0.73801
vt 0.02566 0.72812
vt 0.01915 0.72925
vt 0.00946 0.73704
vt 0.02743 0.74435
vt 0.03309 0.74597
vt 0.01086 0.74378
vt 0.02239 0.82086
vt 0.01814 0.81665
vt 0.02424 0.79344
vt 0.01693 0.78208
vt 0.02414 0.76481
vt 0.03228 0.76434
vt 0.02897 0.82686
vt 0.03353 0.79957
vt 0.02466 0.83071
vt 0.03057 0.85575
vt 0.02058 0.83835
vt 0.02435 0.75838
vt 0.01677 0.76403
vt 0.01330 0.75466
vt 0.01500 0.84066
vt 0.02342 0.87331
vt 0.03197 0.88384
vt 0.02663 0.90173
vt 0.01619 0.89118
vt 0.03275 0.90134
vt 0.01845 0.90085
vt 0.01430 0.90705
vt 0.02379 0.74830
vt 0.02098 0.92272
vt 0.03409 0.91649
vt 0.04060 0.90183
vt 0.04965 0.91446
vt 0.05008 0.90671
vt 0.00379 0.76145
vt 0.29577 0.28195
vt 0.30786 0.28057
vt 0.29431 0.27685
vt 0.32018 0.27441
vt 0.27343 0.27782
vt 0.32086 0.27852
vt 0.32921 0.27445
vt 0.32276 0.28260
vt 0.27238 0.28101
vt 0.25801 0.27589
vt 0.25746 0.27019
vt 0.23230 0.26668
vt 0.23617 0.26132
vt 0.22096 0.25887
vt 0.32681 0.26738
vt 0.34470 0.26868
vt 0.32893 0.28082
vt 0.34462 0.26125
vt 0.33725 0.25887
vt 0.32411 0.28505
vt 0.75800 0.85348
vt 0.76389 0.86613
vt 0.76389 0.85346
vt 0.99032 0.47677
vt 0.98864 0.48177
vt 0.99032 0.49367
vt 0.61349 0.00453
vt 0.61226 0.00238
vt 0.61168 0.00343
vt 0.61003 0.00231
vt 0.61406 0.00322
vt 0.60656 0.00127
vt 0.60751 0.00633
vt 0.60311 0.00322
vt 0.92635 0.29501
vt 0.93308 0.29181
vt 0.93308 0.30448
vt 0.92799 0.30328
vt 0.83544 0.03252
vt 0.83544 0.02238
vt 0.83123 0.03032
vt 0.94402 0.12120
vt 0.93981 0.13252
vt 0.94402 0.14062
vt 0.60716 0.74017
vt 0.60273 0.73713
vt 0.60253 0.74198
vt 0.60042 0.73918
vt 0.60577 0.73522
vt 0.61046 0.73720
vt 0.59660 0.73522
vt 0.59819 0.73919
vt 0.59638 0.73990
vt 0.61069 0.73963
vt 0.78998 0.08573
vt 0.79251 0.08573
vt 0.79022 0.08742
vt 0.88510 0.94552
vt 0.88426 0.94781
vt 0.88510 0.95228
vt 0.62599 0.84417
vt 0.63043 0.84178
vt 0.62944 0.83910
vt 0.62247 0.84393
vt 0.62432 0.83960
vt 0.63426 0.83960
vt 0.09471 0.41105
vt 0.09664 0.40889
vt 0.09301 0.40836
vt 0.09668 0.41210
vt 0.09815 0.41427
vt 0.10327 0.41342
vt 0.10056 0.40836
vt 0.10396 0.41104
vt 0.48073 0.84312
vt 0.48527 0.84671
vt 0.48022 0.84591
vt 0.48527 0.84079
vt 0.26644 0.01871
vt 0.27157 0.02179
vt 0.27010 0.01486
vt 0.26052 0.01309
vt 0.27245 0.02407
vt 0.27957 0.01717
vt 0.27477 0.01809
vt 0.27540 0.02273
vt 0.29672 0.01309
vt 0.98299 0.77138
vt 0.97573 0.77802
vt 0.97264 0.76962
vt 0.98106 0.78194
vt 0.97807 0.79343
vt 0.98359 0.80025
vt 0.97396 0.76194
vt 0.98359 0.76014
vt 0.97862 0.75826
vt 0.97315 0.74789
vt 0.97697 0.34586
vt 0.97517 0.34141
vt 0.97938 0.34293
vt 0.97938 0.33657
vt 0.89194 0.88064
vt 0.89519 0.87711
vt 0.89363 0.88138
vt 0.89531 0.88387
vt 0.89635 0.88187
vt 0.89689 0.88323
vt 0.88853 0.87711
vt 0.88847 0.88033
vt 0.01726 0.54181
vt 0.01382 0.54762
vt 0.01305 0.54565
vt 0.01726 0.54941
vt 0.24975 0.28771
vt 0.24390 0.27928
vt 0.24492 0.27745
vt 0.24285 0.29012
vt 0.25884 0.27745
vt 0.24834 0.25562
vt 0.23695 0.24047
vt 0.23375 0.24672
vt 0.20169 0.24709
vt 0.25418 0.25115
vt 0.20237 0.25802
vt 0.25538 0.25486
vt 0.25631 0.24029
vt 0.20160 0.24029
vt 0.54028 0.53415
vt 0.53887 0.53195
vt 0.53325 0.53674
vt 0.54372 0.53167
vt 0.54419 0.53421
vt 0.53346 0.53167
vt 0.45328 0.96579
vt 0.45328 0.95904
vt 0.45160 0.96153
vt 0.82365 0.06377
vt 0.81372 0.06122
vt 0.82332 0.05870
vt 0.81355 0.05870
vt 0.58669 0.36974
vt 0.58039 0.36613
vt 0.58110 0.37035
vt 0.59049 0.36613
vt 0.80258 0.27829
vt 0.79756 0.26900
vt 0.80345 0.26900
vt 0.85430 0.21917
vt 0.85071 0.21914
vt 0.85564 0.21495
vt 0.84975 0.21495
vt 0.02971 0.95878
vt 0.01873 0.96402
vt 0.03179 0.96964
vt 0.01243 0.96016
vt 0.03722 0.95830
vt 0.04101 0.96538
vt 0.04503 0.95819
vt 0.03928 0.97151
vt 0.01897 0.97171
vt 0.01207 0.97020
vt 0.00715 0.96052
vt 0.00751 0.95819
vt 0.11832 0.00692
vt 0.10792 0.00739
vt 0.12054 0.01675
vt 0.10339 0.01769
vt 0.10136 0.01385
vt 0.12381 0.01760
vt 0.12986 0.01246
vt 0.13173 0.00633
vt 0.09806 0.00633
vt 0.13084 0.01816
vt 0.74200 0.08910
vt 0.74958 0.08910
vt 0.74357 0.09333
vt 0.94823 0.80400
vt 0.94823 0.81715
vt 0.94487 0.80692
vt 0.94570 0.79688
vt 0.73802 0.47002
vt 0.72033 0.47668
vt 0.73379 0.48386
vt 0.70915 0.49188
vt 0.71381 0.47886
vt 0.71053 0.50470
vt 0.70244 0.48360
vt 0.74811 0.49230
vt 0.74097 0.47576
vt 0.75210 0.47145
vt 0.74575 0.48272
vt 0.70611 0.51056
vt 0.70772 0.47002
vt 0.39136 0.69894
vt 0.40528 0.68374
vt 0.40598 0.70113
vt 0.39397 0.68134
vt 0.39223 0.72145
vt 0.40602 0.72909
vt 0.39194 0.73545
vt 0.40837 0.75779
vt 0.39021 0.75353
vt 0.39630 0.77788
vt 0.40528 0.78531
vt 0.39488 0.79522
vt 0.39054 0.79200
vt 0.39057 0.81008
vt 0.40596 0.82053
vt 0.39548 0.82598
vt 0.39028 0.76626
vt 0.39526 0.82835
vt 0.39555 0.83573
vt 0.41476 0.82547
vt 0.40605 0.67446
vt 0.40433 0.66889
vt 0.38972 0.67077
vt 0.40240 0.65582
vt 0.40868 0.65249
vt 0.39448 0.64823
vt 0.41709 0.83522
vt 0.41616 0.66231
vt 0.41709 0.65336
vt 0.38931 0.73069
vt 0.01800 0.40974
vt 0.01641 0.40583
vt 0.02102 0.40654
vt 0.02641 0.41504
vt 0.04365 0.41263
vt 0.04008 0.41850
vt 0.02655 0.39738
vt 0.01681 0.40264
vt 0.05489 0.40761
vt 0.05948 0.41251
vt 0.06177 0.40356
vt 0.07242 0.40766
vt 0.06647 0.39738
vt 0.07618 0.40366
vt 0.07287 0.41548
vt 0.73022 0.92979
vt 0.73523 0.92831
vt 0.74369 0.93285
vt 0.74369 0.92441
vt 0.12309 0.91927
vt 0.11395 0.91174
vt 0.12668 0.91174
vt 0.11237 0.91934
vt 0.37163 0.87627
vt 0.36490 0.88468
vt 0.37163 0.88978
vt 0.04568 0.77647
vt 0.03614 0.77823
vt 0.04149 0.78167
vt 0.03577 0.77069
vt 0.05037 0.78110
vt 0.06019 0.77618
vt 0.05477 0.77069
vt 0.61069 0.52205
vt 0.61658 0.52238
vt 0.61658 0.51562
vt 0.24958 0.40836
vt 0.24705 0.41060
vt 0.24958 0.41427
vt 0.30682 0.56968
vt 0.30024 0.55766
vt 0.28931 0.56131
vt 0.28072 0.55332
vt 0.29922 0.54519
vt 0.30682 0.54626
vt 0.93224 0.07088
vt 0.91700 0.08150
vt 0.91612 0.07052
vt 0.90783 0.07088
vt 0.01232 0.21588
vt 0.00432 0.22549
vt 0.00126 0.22304
vt 0.00469 0.21722
vt 0.00505 0.23045
vt 0.01473 0.23269
vt 0.01473 0.21242
vt 0.23880 0.79519
vt 0.23482 0.79882
vt 0.24336 0.80796
vt 0.23554 0.80954
vt 0.23359 0.80667
vt 0.24857 0.80477
vt 0.25042 0.79758
vt 0.24682 0.79519
vt 0.98628 0.54136
vt 0.98695 0.53421
vt 0.97854 0.53421
vt 0.98177 0.54434
vt 0.05857 0.84717
vt 0.04500 0.85164
vt 0.05938 0.87507
vt 0.04419 0.87790
vt 0.03839 0.84953
vt 0.04529 0.84993
vt 0.04814 0.84501
vt 0.04192 0.84805
vt 0.03587 0.84248
vt 0.03336 0.84132
vt 0.03072 0.83975
vt 0.03654 0.83922
vt 0.06141 0.88862
vt 0.05175 0.89040
vt 0.04689 0.89232
vt 0.04954 0.84008
vt 0.03827 0.89629
vt 0.06846 0.84476
vt 0.06741 0.84191
vt 0.07013 0.83925
vt 0.06810 0.83727
vt 0.04980 0.83404
vt 0.07281 0.83404
vt 0.07238 0.83958
vt 0.05646 0.89198
vt 0.05448 0.89823
vt 0.03860 0.84142
vt 0.67635 0.83742
vt 0.67214 0.84407
vt 0.67635 0.84502
vt 0.82110 0.82118
vt 0.81548 0.79675
vt 0.82702 0.79254
vt 0.82358 0.78628
vt 0.82397 0.78167
vt 0.81103 0.80801
vt 0.81757 0.82593
vt 0.82702 0.83488
vt 0.34518 0.61444
vt 0.33551 0.62721
vt 0.32883 0.62608
vt 0.32786 0.61444
vt 0.35227 0.63387
vt 0.34497 0.63277
vt 0.50813 0.01203
vt 0.50162 0.00211
vt 0.50248 0.00978
vt 0.49790 0.00542
vt 0.51644 0.00211
vt 0.50562 0.01423
vt 0.51726 0.01478
vt 0.53748 0.23026
vt 0.52652 0.22762
vt 0.53389 0.23616
vt 0.52699 0.23295
vt 0.54068 0.23444
vt 0.54167 0.22762
vt 0.52774 0.23691
vt 0.61153 0.01218
vt 0.61406 0.02323
vt 0.61406 0.00802
vt 0.44093 0.07728
vt 0.43645 0.07929
vt 0.44339 0.08149
vt 0.44409 0.07821
vt 0.44723 0.09079
vt 0.45308 0.08090
vt 0.45421 0.08538
vt 0.45501 0.09014
vt 0.44344 0.08747
vt 0.45581 0.07728
vt 0.45533 0.08579
vt 0.54705 0.68417
vt 0.53986 0.68284
vt 0.54840 0.68201
vt 0.54371 0.69556
vt 0.53157 0.69637
vt 0.53211 0.68687
vt 0.54479 0.67842
vt 0.54419 0.67647
vt 0.54645 0.67648
vt 0.54466 0.67616
vt 0.54534 0.67525
vt 0.54738 0.67756
vt 0.54840 0.69322
vt 0.85396 0.74367
vt 0.86322 0.74367
vt 0.86049 0.74620
vt 0.97680 0.06179
vt 0.96345 0.04435
vt 0.97444 0.05374
vt 0.97446 0.04304
vt 0.96340 0.02760
vt 0.97632 0.02745
vt 0.98022 0.03502
vt 0.96002 0.06243
vt 0.96868 0.06881
vt 0.96756 0.07315
vt 0.97405 0.07432
vt 0.97951 0.07047
vt 0.98022 0.07559
vt 0.97750 0.07492
vt 0.38847 0.77941
vt 0.38089 0.77666
vt 0.38555 0.77177
vt 0.38126 0.78336
vt 0.38806 0.77141
vt 0.38847 0.76985
vt 0.91772 0.29965
vt 0.91590 0.31968
vt 0.92152 0.30443
vt 0.92316 0.29168
vt 0.92245 0.28011
vt 0.91918 0.27564
vt 0.92382 0.27170
vt 0.92071 0.32409
vt 0.91120 0.33474
vt 0.91846 0.25802
vt 0.92013 0.33571
vt 0.91236 0.34468
vt 0.92382 0.34444
vt 0.91649 0.35008
vt 0.39689 0.93539
vt 0.39112 0.94637
vt 0.38763 0.93539
vt 0.55429 0.60938
vt 0.55626 0.61648
vt 0.56387 0.61351
vt 0.56082 0.62120
vt 0.56524 0.60938
vt 0.00225 0.40430
vt 0.01136 0.40031
vt 0.00210 0.39883
vt 0.00239 0.39485
vt 0.00482 0.40963
vt 0.01136 0.41174
vt 0.32588 0.60405
vt 0.32233 0.60255
vt 0.32516 0.60274
vt 0.33123 0.60177
vt 0.32275 0.60604
vt 0.31860 0.60483
vt 0.33123 0.60853
vt 0.43689 0.91955
vt 0.43567 0.91337
vt 0.43898 0.91302
vt 0.44066 0.91684
vt 0.43812 0.92525
vt 0.43561 0.90667
vt 0.44066 0.90784
vt 0.34729 0.17304
vt 0.34722 0.16005
vt 0.35156 0.17516
vt 0.34836 0.18961
vt 0.35396 0.16005
vt 0.92642 0.36475
vt 0.92029 0.38544
vt 0.92105 0.37332
vt 0.93543 0.37052
vt 0.93550 0.36335
vt 0.93973 0.35561
vt 0.92858 0.35908
vt 0.93033 0.34671
vt 0.93557 0.34693
vt 0.92658 0.35347
vt 0.93743 0.38436
vt 0.93283 0.39363
vt 0.94402 0.34710
vt 0.91793 0.39168
vt 0.92262 0.40300
vt 0.93441 0.39984
vt 0.92671 0.41090
vt 0.94183 0.40111
vt 0.91920 0.37471
vt 0.92032 0.37331
vt 0.92227 0.36785
vt 0.94402 0.40940
vt 0.87753 0.25802
vt 0.87753 0.25042
vt 0.87416 0.25552
vt 0.47931 0.45670
vt 0.48843 0.45547
vt 0.49028 0.43640
vt 0.48221 0.44017
vt 0.46483 0.44291
vt 0.46221 0.45850
vt 0.44348 0.44325
vt 0.44053 0.45384
vt 0.45303 0.46850
vt 0.47090 0.47280
vt 0.42100 0.43449
vt 0.48481 0.46563
vt 0.49552 0.44492
vt 0.45935 0.47762
vt 0.42678 0.44973
vt 0.40816 0.44423
vt 0.41873 0.45483
vt 0.44387 0.46378
vt 0.41690 0.46028
vt 0.50340 0.43282
vt 0.50404 0.44213
vt 0.39436 0.43032
vt 0.51039 0.43640
vt 0.51776 0.43032
vt 0.49917 0.45767
vt 0.51089 0.44198
vt 0.51001 0.45110
vt 0.51922 0.44563
vt 0.51895 0.43620
vt 0.52988 0.43743
vt 0.51839 0.45608
vt 0.50662 0.46192
vt 0.42214 0.23505
vt 0.43626 0.24075
vt 0.43175 0.22923
vt 0.44199 0.23672
vt 0.44740 0.24503
vt 0.45012 0.22970
vt 0.44203 0.21768
vt 0.46012 0.22305
vt 0.45697 0.23781
vt 0.44072 0.24873
vt 0.43266 0.22476
vt 0.42486 0.21568
vt 0.42625 0.20735
vt 0.47301 0.23056
vt 0.47166 0.24370
vt 0.48143 0.23638
vt 0.48298 0.22789
vt 0.46318 0.21336
vt 0.46315 0.22295
vt 0.43723 0.21185
vt 0.46294 0.24702
vt 0.50483 0.22598
vt 0.48240 0.20735
vt 0.50135 0.20886
vt 0.51706 0.22003
vt 0.51895 0.23137
vt 0.52483 0.23020
vt 0.41961 0.13556
vt 0.41319 0.13923
vt 0.41288 0.13856
vt 0.41961 0.13978
vt 0.23190 0.74742
vt 0.23022 0.74367
vt 0.23040 0.75009
vt 0.23190 0.75633
vt 0.34470 0.01056
vt 0.35816 0.01056
vt 0.35209 0.01225
vt 0.72220 0.01225
vt 0.71521 0.01578
vt 0.71165 0.01225
vt 0.72348 0.01597
vt 0.71529 0.02069
vt 0.71086 0.01682
vt 0.29082 0.18441
vt 0.29419 0.18623
vt 0.29419 0.17525
vt 0.69013 0.19048
vt 0.69267 0.18459
vt 0.69318 0.19423
vt 0.69318 0.18454
vt 0.68813 0.19468
vt 0.84437 0.30110
vt 0.84189 0.30220
vt 0.84502 0.30617
vt 0.83375 0.30139
vt 0.85311 0.30139
vt 0.31431 0.91585
vt 0.32071 0.90610
vt 0.30894 0.90613
vt 0.32110 0.91479
vt 0.30085 0.90918
vt 0.29788 0.90361
vt 0.28708 0.90083
vt 0.29185 0.89708
vt 0.27820 0.89147
vt 0.32347 0.92441
vt 0.32625 0.91952
vt 0.32478 0.91000
vt 0.32523 0.90488
vt 0.32971 0.90618
vt 0.32932 0.91826
vt 0.33040 0.89981
vt 0.32697 0.89836
vt 0.33123 0.89147
vt 0.72180 0.53551
vt 0.72517 0.52914
vt 0.72517 0.54096
vt 0.13372 0.24029
vt 0.12837 0.23691
vt 0.13763 0.23691
vt 0.75821 0.35439
vt 0.75968 0.34840
vt 0.75055 0.36030
vt 0.74537 0.35345
vt 0.75968 0.36191
vt 0.23430 0.64589
vt 0.27255 0.65093
vt 0.25007 0.64316
vt 0.29199 0.64156
vt 0.29870 0.65747
vt 0.28293 0.62286
vt 0.31939 0.62444
vt 0.25321 0.66684
vt 0.21418 0.65187
vt 0.21981 0.63305
vt 0.21034 0.64404
vt 0.23171 0.62432
vt 0.19910 0.65913
vt 0.30117 0.61018
vt 0.27731 0.60938
vt 0.32785 0.60938
vt 0.25673 0.61423
vt 0.20047 0.64417
vt 0.20740 0.63547
vt 0.27849 0.66840
vt 0.34301 0.64387
vt 0.18729 0.64488
vt 0.30007 0.66756
vt 0.31520 0.67588
vt 0.31087 0.68285
vt 0.33908 0.66031
vt 0.24014 0.62045
vt 0.58460 0.40523
vt 0.57574 0.39979
vt 0.58448 0.39569
vt 0.58459 0.41376
vt 0.57449 0.40979
vt 0.58448 0.42272
vt 0.10120 0.72957
vt 0.10540 0.72496
vt 0.10295 0.72933
vt 0.10564 0.73247
vt 0.10564 0.71157
vt 0.09920 0.72077
vt 0.10440 0.73691
vt 0.09806 0.72428
vt 0.53401 0.79629
vt 0.53157 0.79350
vt 0.54082 0.79350
vt 0.53769 0.79688
vt 0.46067 0.01225
vt 0.46507 0.01394
vt 0.45918 0.01394
vt 0.07252 0.96400
vt 0.07382 0.97517
vt 0.06628 0.97455
vt 0.06050 0.96506
vt 0.06514 0.97846
vt 0.07509 0.96991
vt 0.08015 0.96073
vt 0.08123 0.96548
vt 0.05261 0.96073
vt 0.39896 0.95439
vt 0.39352 0.95527
vt 0.39651 0.94826
vt 0.39564 0.95709
vt 0.39941 0.94997
vt 0.39935 0.94215
vt 0.39935 0.95904
vt 0.95244 0.96748
vt 0.95244 0.95988
vt 0.94907 0.96336
vt 0.99621 0.11541
vt 0.99790 0.12035
vt 0.99790 0.11360
vt 0.55985 0.31114
vt 0.55873 0.30870
vt 0.56144 0.31123
vt 0.55809 0.31095
vt 0.55766 0.31095
vt 0.56156 0.31099
vt 0.56271 0.31095
vt 0.00000 1.00000
vt 0.00000 1.00000
vt 0.00000 1.00000
vt 0.00000 1.00000
vt 0.00000 1.00000
vt 0.00000 1.00000
vt 0.00000 1.00000
vt 0.69318 0.04531
vt 0.69348 0.04344
vt 0.69359 0.04713
vt 0.69571 0.04668
vt 0.69321 0.04772
vt 0.69318 0.04380
vt 0.69334 0.04185
vt 0.69321 0.04181
vt 0.14766 0.45563
vt 0.14819 0.45561
vt 0.14831 0.45481
vt 0.14689 0.45566
vt 0.15025 0.45566
vt 0.61040 0.17188
vt 0.60564 0.16934
vt 0.61063 0.16944
vt 0.61153 0.16934
vt 0.06848 0.00633
vt 0.06960 0.00718
vt 0.06864 0.00713
vt 0.07113 0.00691
vt 0.06355 0.00691
vt 0.83064 0.98765
vt 0.83520 0.99367
vt 0.83519 0.99160
vt 0.83598 0.98691
vt 0.83004 0.99322
vt 0.83628 0.99155
vt 0.82953 0.98907
vt 0.82786 0.98691
vt 0.22854 0.13387
vt 0.22685 0.13387
vt 0.22765 0.13302
vt 0.32955 0.02407
vt 0.33128 0.02323
vt 0.33169 0.02405
vt 0.33291 0.02407
vt 0.34041 0.11360
vt 0.33880 0.11396
vt 0.34067 0.11444
vt 0.34217 0.11396
vt 0.42130 0.01056
vt 0.42130 0.01309
vt 0.42214 0.01168
vt 0.55019 0.55474
vt 0.54503 0.55448
vt 0.54888 0.55785
vt 0.55682 0.55448
vt 0.65942 0.75465
vt 0.64858 0.75786
vt 0.65394 0.76365
vt 0.64099 0.75465
vt 0.66035 0.75962
vt 0.65857 0.76562
vt 0.61563 0.98015
vt 0.57453 0.99535
vt 0.61628 0.98538
vt 0.59022 0.98383
vt 0.54875 0.97593
vt 0.53830 0.98955
vt 0.62895 0.98837
vt 0.63712 0.97593
vt 0.64208 0.98426
vt 0.65446 0.98355
vt 0.95328 0.85514
vt 0.95929 0.84336
vt 0.96377 0.86187
vt 0.95599 0.83562
vt 0.95903 0.84012
vt 0.95938 0.83905
vt 0.96145 0.84286
vt 0.95787 0.86058
vt 0.96738 0.87702
vt 0.95714 0.83404
vt 0.95891 0.86994
vt 0.96494 0.88667
vt 0.96928 0.89485
vt 0.96928 0.84893
vt 0.87341 0.14379
vt 0.85725 0.13776
vt 0.87580 0.13244
vt 0.85416 0.14196
vt 0.86617 0.15070
vt 0.88173 0.16064
vt 0.87063 0.16004
vt 0.85942 0.15821
vt 0.85916 0.16850
vt 0.85837 0.15003
vt 0.85227 0.15674
vt 0.86395 0.12928
vt 0.87641 0.12730
vt 0.86808 0.10515
vt 0.87882 0.11683
vt 0.87995 0.10652
vt 0.88173 0.09994
vt 0.87907 0.09490
vt 0.86708 0.08742
vt 0.90082 0.57944
vt 0.89255 0.56577
vt 0.92071 0.56587
vt 0.91076 0.55396
vt 0.88094 0.59015
vt 0.91695 0.57535
vt 0.90538 0.54688
vt 0.89496 0.55311
vt 0.89769 0.54816
vt 0.91273 0.58020
vt 0.87101 0.56804
vt 0.87172 0.58889
vt 0.86406 0.56921
vt 0.88211 0.56186
vt 0.87431 0.55903
vt 0.89076 0.59035
vt 0.90634 0.59136
vt 0.90950 0.58208
vt 0.92130 0.59502
vt 0.91517 0.57915
vt 0.91744 0.57887
vt 0.91910 0.57743
vt 0.92130 0.57441
vt 0.88632 0.56224
vt 0.86911 0.56631
vt 0.88236 0.56007
vt 0.88315 0.56008
vt 0.04722 0.54190
vt 0.07124 0.52089
vt 0.05490 0.51396
vt 0.07826 0.49522
vt 0.06835 0.49271
vt 0.09100 0.49828
vt 0.06009 0.48969
vt 0.10317 0.49731
vt 0.03527 0.52437
vt 0.03501 0.53364
vt 0.10073 0.48880
vt 0.11322 0.47830
vt 0.11010 0.47255
vt 0.03651 0.50815
vt 0.03446 0.55532
vt 0.02996 0.54075
vt 0.01919 0.53089
vt 0.02991 0.51600
vt 0.02700 0.50710
vt 0.00991 0.49787
vt 0.02490 0.48885
vt 0.01165 0.48574
vt 0.01873 0.47591
vt 0.02860 0.47885
vt 0.00973 0.52146
vt 0.03345 0.49240
vt 0.01285 0.47255
vt 0.01307 0.53352
vt 0.02054 0.53788
vt 0.04186 0.49861
vt 0.03720 0.48150
vt 0.04853 0.48071
vt 0.00800 0.53672
vt 0.08995 0.49432
vt 0.02462 0.53750
vt 0.95918 0.44051
vt 0.96975 0.44334
vt 0.97012 0.45904
vt 0.97012 0.42525
vt 0.94406 0.14680
vt 0.93432 0.15592
vt 0.95128 0.15667
vt 0.94072 0.16473
vt 0.93568 0.14527
vt 0.93732 0.14434
vt 0.94810 0.16596
vt 0.96353 0.15484
vt 0.96254 0.14452
vt 0.96843 0.14400
vt 0.93648 0.16036
vt 0.93206 0.16222
vt 0.93010 0.16163
vt 0.93460 0.16345
vt 0.93228 0.15410
vt 0.93205 0.14548
vt 0.91793 0.15421
vt 0.94244 0.14400
vt 0.56995 0.71819
vt 0.56103 0.70617
vt 0.57252 0.70413
vt 0.57449 0.71339
vt 0.56313 0.72147
vt 0.56877 0.72021
vt 0.56516 0.69107
vt 0.56717 0.68285
vt 0.57449 0.69726
vt 0.56704 0.72171
vt 0.08628 0.74958
vt 0.08628 0.74282
vt 0.08544 0.74685
vt 0.42488 0.47682
vt 0.42869 0.47780
vt 0.42330 0.47370
vt 0.41758 0.47642
vt 0.42018 0.47159
vt 0.42875 0.47282
vt 0.42926 0.47578
vt 0.42946 0.47761
vt 0.43066 0.47470
vt 0.43324 0.46833
vt 0.41288 0.46833
vt 0.43729 0.47846
vt 0.82029 0.88761
vt 0.82702 0.89654
vt 0.82702 0.88556
vt 0.89352 0.44890
vt 0.88962 0.45988
vt 0.88678 0.44890
vt 0.38639 0.54181
vt 0.39130 0.54688
vt 0.39190 0.54304
vt 0.37668 0.54659
vt 0.40614 0.54181
vt 0.37487 0.48331
vt 0.37263 0.48782
vt 0.36764 0.47825
vt 0.35143 0.48318
vt 0.37409 0.47471
vt 0.35093 0.47064
vt 0.36816 0.46583
vt 0.37606 0.46378
vt 0.34638 0.49568
vt 0.34746 0.50447
vt 0.37502 0.45819
vt 0.35270 0.51284
vt 0.36811 0.50488
vt 0.35966 0.51593
vt 0.37069 0.52492
vt 0.38452 0.50560
vt 0.37852 0.48765
vt 0.38594 0.48251
vt 0.38594 0.52327
vt 0.82856 0.86926
vt 0.81678 0.84685
vt 0.82478 0.84923
vt 0.81208 0.86143
vt 0.81637 0.83154
vt 0.81103 0.87098
vt 0.82192 0.88337
vt 0.81480 0.88387
vt 0.84222 0.87573
vt 0.83473 0.85033
vt 0.85564 0.87464
vt 0.84950 0.84178
vt 0.83984 0.83443
vt 0.85359 0.82243
vt 0.85564 0.80532
vt 0.66183 0.62470
vt 0.67563 0.62907
vt 0.65359 0.63566
vt 0.68176 0.61157
vt 0.68621 0.61589
vt 0.66537 0.64050
vt 0.67266 0.65101
vt 0.64469 0.66458
vt 0.63534 0.65612
vt 0.65417 0.67097
vt 0.64853 0.66755
vt 0.66643 0.66185
vt 0.68824 0.62338
vt 0.67603 0.65147
vt 0.69166 0.65919
vt 0.67651 0.67510
vt 0.66395 0.68032
vt 0.69354 0.64566
vt 0.69823 0.65615
vt 0.67902 0.59911
vt 0.64913 0.61527
vt 0.66599 0.59822
vt 0.64555 0.60452
vt 0.63510 0.60781
vt 0.63574 0.61885
vt 0.63823 0.63414
vt 0.65118 0.63598
vt 0.69521 0.61041
vt 0.69823 0.58319
vt 0.95456 0.43402
vt 0.95054 0.43511
vt 0.94823 0.43042
vt 0.95220 0.41816
vt 0.95301 0.44881
vt 0.96591 0.41895
vt 0.95890 0.41258
vt 0.94868 0.45383
vt 0.95642 0.46241
vt 0.94884 0.46567
vt 0.96591 0.47846
vt 0.65367 0.77069
vt 0.64887 0.76647
vt 0.66204 0.76647
vt 0.64773 0.77034
vt 0.62416 0.83742
vt 0.62416 0.82147
vt 0.62219 0.83035
vt 0.61995 0.82137
vt 0.78569 0.99908
vt 0.77994 0.98677
vt 0.79280 0.98758
vt 0.77873 0.99747
vt 0.77273 0.99194
vt 0.79335 0.97677
vt 0.78773 0.97831
vt 0.76978 0.99585
vt 0.79335 0.99958
vt 0.39279 0.36033
vt 0.39941 0.35769
vt 0.38551 0.36867
vt 0.36069 0.35769
vt 0.31289 0.43623
vt 0.29672 0.43117
vt 0.31692 0.43117
vt 0.91920 0.10135
vt 0.93308 0.12412
vt 0.91213 0.12191
vt 0.93136 0.10580
vt 0.93308 0.09388
vt 0.92103 0.12992
vt 0.93104 0.13710
vt 0.91768 0.13816
vt 0.90928 0.13061
vt 0.90897 0.13847
vt 0.91281 0.10403
vt 0.90446 0.09999
vt 0.91499 0.08640
vt 0.93107 0.07728
vt 0.92741 0.14654
vt 0.67830 0.97148
vt 0.67838 0.97047
vt 0.67971 0.96917
vt 0.67843 0.96988
vt 0.67844 0.96972
vt 0.67971 0.97424
vt 0.67803 0.97334
vt 0.73507 0.86552
vt 0.74577 0.86294
vt 0.73785 0.87132
vt 0.74179 0.85908
vt 0.75377 0.86175
vt 0.73311 0.87357
vt 0.74980 0.84721
vt 0.75673 0.84413
vt 0.74330 0.85116
vt 0.73795 0.84812
vt 0.74413 0.82307
vt 0.75884 0.81566
vt 0.75430 0.79265
vt 0.74437 0.88303
vt 0.73356 0.88951
vt 0.72853 0.88579
vt 0.75325 0.88262
vt 0.75159 0.89511
vt 0.75698 0.88934
vt 0.72112 0.88756
vt 0.75884 0.89258
vt 0.75804 0.89738
vt 0.72661 0.87333
vt 0.73991 0.89483
vt 0.71591 0.86574
vt 0.72384 0.86096
vt 0.08460 0.41752
vt 0.08628 0.41258
vt 0.08490 0.41462
vt 0.08501 0.41357
vt 0.08503 0.41338
vt 0.08628 0.41850
vt 0.41539 0.32556
vt 0.41468 0.31292
vt 0.42376 0.32295
vt 0.40740 0.31944
vt 0.40614 0.32790
vt 0.42466 0.31481
vt 0.42442 0.30134
vt 0.41532 0.30426
vt 0.41668 0.29012
vt 0.41223 0.33573
vt 0.42442 0.33204
vt 0.38931 0.74185
vt 0.38732 0.74813
vt 0.38164 0.74606
vt 0.37971 0.74029
vt 0.37584 0.75010
vt 0.38931 0.76394
vt 0.57654 0.86000
vt 0.58287 0.84216
vt 0.58495 0.87057
vt 0.58099 0.88784
vt 0.57635 0.83735
vt 0.57534 0.87782
vt 0.57551 0.82764
vt 0.58738 0.82455
vt 0.57697 0.82239
vt 0.57974 0.80430
vt 0.58965 0.80357
vt 0.58883 0.79589
vt 0.58293 0.79441
vt 0.58965 0.89341
vt 0.58474 0.91141
vt 0.57656 0.91052
vt 0.57999 0.91681
vt 0.58512 0.92704
vt 0.57536 0.93968
vt 0.58412 0.94383
vt 0.57670 0.79181
vt 0.26136 0.36360
vt 0.26136 0.33767
vt 0.25126 0.34336
vt 0.25141 0.33657
vt 0.12800 0.74451
vt 0.12270 0.73599
vt 0.11997 0.74278
vt 0.13258 0.73438
vt 0.11742 0.73438
vt 0.76146 0.14398
vt 0.76726 0.14400
vt 0.76307 0.13610
vt 0.75715 0.14003
vt 0.76726 0.11951
vt 0.79503 0.93962
vt 0.80006 0.93983
vt 0.80261 0.94589
vt 0.79636 0.94721
vt 0.80261 0.93449
vt 0.79875 0.93201
vt 0.02237 0.10695
vt 0.01253 0.10282
vt 0.01490 0.10938
vt 0.00463 0.09840
vt 0.02315 0.09840
vt 0.99369 0.81632
vt 0.99790 0.82728
vt 0.99790 0.81039
vt 0.67369 0.94232
vt 0.67450 0.94621
vt 0.67033 0.94604
vt 0.67576 0.94327
vt 0.66780 0.94490
vt 0.66555 0.94109
vt 0.66505 0.93305
vt 0.66325 0.93936
vt 0.67329 0.95059
vt 0.66941 0.89569
vt 0.66443 0.90886
vt 0.65951 0.91148
vt 0.66260 0.91918
vt 0.66874 0.91708
vt 0.67334 0.93644
vt 0.67803 0.92332
vt 0.67803 0.89849
vt 0.66789 0.90345
vt 0.89664 0.00392
vt 0.89600 0.00718
vt 0.89099 0.00296
vt 0.93224 0.00296
vt 0.83227 0.14011
vt 0.81423 0.16324
vt 0.84742 0.15085
vt 0.84088 0.13758
vt 0.85109 0.13471
vt 0.81666 0.14752
vt 0.80781 0.14533
vt 0.79742 0.17556
vt 0.80189 0.17947
vt 0.80734 0.18501
vt 0.80468 0.18847
vt 0.79355 0.15191
vt 0.82392 0.19890
vt 0.83409 0.19821
vt 0.84542 0.18640
vt 0.85227 0.17317
vt 0.79670 0.13857
vt 0.80970 0.13471
vt 0.79335 0.17724
vt 0.79978 0.18134
vt 0.07500 0.49282
vt 0.08317 0.47055
vt 0.04756 0.46579
vt 0.09037 0.48380
vt 0.09469 0.46827
vt 0.08869 0.46579
vt 0.09803 0.47699
vt 0.10311 0.46877
vt 0.08565 0.46658
vt 0.42532 0.62204
vt 0.42800 0.62542
vt 0.43392 0.62204
vt 0.42130 0.62434
vt 0.42731 0.99844
vt 0.42983 0.99282
vt 0.42144 0.99282
vt 0.42130 0.99873
vt 0.43224 0.99669
vt 0.38005 0.98860
vt 0.37642 0.99367
vt 0.37416 0.98860
vt 0.73117 0.20650
vt 0.73779 0.21326
vt 0.73741 0.20650
vt 0.73106 0.21216
vt 0.69665 0.08722
vt 0.71423 0.08488
vt 0.69355 0.08995
vt 0.69066 0.08488
vt 0.69578 0.17643
vt 0.69571 0.17259
vt 0.70076 0.17863
vt 0.70076 0.17188
vt 0.14517 0.94130
vt 0.13594 0.94130
vt 0.14216 0.94721
vt 0.14941 0.94572
vt 0.99537 0.18316
vt 0.99100 0.17843
vt 0.99500 0.17432
vt 0.99012 0.18977
vt 0.99500 0.19304
vt 0.99148 0.19890
vt 0.98987 0.16609
vt 0.98695 0.17958
vt 0.99500 0.16033
vt 0.99009 0.15245
vt 0.07702 0.19768
vt 0.07054 0.20228
vt 0.07741 0.20206
vt 0.08544 0.19721
vt 0.06271 0.19721
vt 0.97653 0.20566
vt 0.97264 0.20080
vt 0.98175 0.20059
vt 0.99537 0.20080
vt 0.05682 0.41427
vt 0.05079 0.41918
vt 0.04503 0.41883
vt 0.05682 0.42441
vt 0.22188 0.12118
vt 0.23296 0.10024
vt 0.20915 0.12444
vt 0.19303 0.12232
vt 0.20963 0.10053
vt 0.18534 0.09924
vt 0.17551 0.11500
vt 0.17634 0.12243
vt 0.23120 0.11814
vt 0.24523 0.10071
vt 0.25255 0.11214
vt 0.26305 0.10720
vt 0.25667 0.12382
vt 0.26038 0.09924
vt 0.24597 0.12542
vt 0.64647 0.25694
vt 0.63005 0.25465
vt 0.63573 0.26647
vt 0.65951 0.25465
vt 0.25995 0.75510
vt 0.26593 0.74787
vt 0.25461 0.75476
vt 0.25712 0.75771
vt 0.26726 0.74492
vt 0.23615 0.74946
vt 0.24329 0.75299
vt 0.24166 0.74757
vt 0.23704 0.75690
vt 0.24045 0.73860
vt 0.24923 0.73860
vt 0.23274 0.75672
vt 0.24291 0.75864
vt 0.24442 0.75584
vt 0.23935 0.76140
vt 0.26226 0.73975
vt 0.90184 0.51217
vt 0.90248 0.51034
vt 0.90509 0.51191
vt 0.90287 0.50941
vt 0.90309 0.50887
vt 0.90327 0.50843
vt 0.90242 0.52046
vt 0.91035 0.51626
vt 0.91035 0.50802
vt 0.90620 0.50829
vt 0.90592 0.52745
vt 0.90109 0.51385
vt 0.41390 0.09164
vt 0.39277 0.07542
vt 0.39813 0.09161
vt 0.42276 0.07577
vt 0.42582 0.08711
vt 0.42951 0.07362
vt 0.44150 0.07052
vt 0.39142 0.08973
vt 0.38783 0.07722
vt 0.38301 0.08634
vt 0.37673 0.08286
vt 0.36490 0.08915
vt 0.41438 0.07292
vt 0.40714 0.07086
vt 0.40004 0.07052
vt 0.54854 0.94755
vt 0.53662 0.94824
vt 0.54614 0.94255
vt 0.54494 0.95571
vt 0.55513 0.97508
vt 0.55513 0.93454
vt 0.59638 0.19208
vt 0.60732 0.19552
vt 0.60096 0.18950
vt 0.59756 0.18107
vt 0.60322 0.17943
vt 0.60732 0.17321
vt 0.60311 0.17019
vt 0.35816 0.08171
vt 0.34929 0.08150
vt 0.34517 0.08657
vt 0.33880 0.08171
vt 0.58825 0.97894
vt 0.58760 0.97648
vt 0.59386 0.98100
vt 0.58544 0.97738
vt 0.59386 0.97593
vt 0.49964 0.47087
vt 0.49643 0.47786
vt 0.51083 0.48106
vt 0.51136 0.48860
vt 0.51136 0.47086
vt 0.48948 0.47146
vt 0.49748 0.32882
vt 0.50908 0.32855
vt 0.49837 0.32559
vt 0.50462 0.33235
vt 0.52736 0.32559
vt 0.49275 0.33210
vt 0.48443 0.33020
vt 0.57825 0.68342
vt 0.58181 0.68117
vt 0.58190 0.68403
vt 0.57623 0.68658
vt 0.58091 0.68839
vt 0.57750 0.69347
vt 0.57449 0.69020
vt 0.58207 0.69090
vt 0.58181 0.69637
vt 0.00000 1.00000
vt 0.00000 1.00000
vt 0.00000 1.00000
vt 0.00000 1.00000
vt 0.00000 1.00000
vt 0.00000 1.00000
vt 0.00000 1.00000
vt 0.12055 0.13894
vt 0.12159 0.13894
vt 0.12183 0.14231
vt 0.11993 0.13894
vt 0.11952 0.13895
vt 0.11911 0.13895
vt 0.12500 0.13895
vt 0.30598 0.81586
vt 0.30529 0.81766
vt 0.30554 0.81811
vt 0.30513 0.81883
vt 0.30513 0.81377
vt 0.83983 0.43116
vt 0.85142 0.43755
vt 0.84298 0.45002
vt 0.83876 0.41591
vt 0.85229 0.42022
vt 0.85396 0.39744
vt 0.84045 0.40607
vt 0.84382 0.39738
vt 0.85283 0.45005
vt 0.84186 0.46579
vt 0.85396 0.45829
vt 0.83615 0.44618
vt 0.83611 0.45323
vt 0.83462 0.43768
vt 0.83652 0.42934
vt 0.82816 0.45176
vt 0.81678 0.44120
vt 0.80345 0.44928
vt 0.81207 0.43358
vt 0.81347 0.42063
vt 0.80898 0.45171
vt 0.02870 0.26588
vt 0.01839 0.28154
vt 0.02172 0.27186
vt 0.01361 0.28681
vt 0.03241 0.25887
vt 0.01287 0.32174
vt 0.01328 0.30297
vt 0.01495 0.31745
vt 0.02481 0.33272
vt 0.02144 0.33374
vt 0.03241 0.34248
vt 0.01052 0.29923
vt 0.72584 0.62800
vt 0.72921 0.64601
vt 0.72180 0.64009
vt 0.72378 0.65785
vt 0.73571 0.67272
vt 0.73085 0.63114
vt 0.73140 0.62527
vt 0.73695 0.61613
vt 0.73695 0.66442
vt 0.01539 0.81558
vt 0.00937 0.80599
vt 0.01000 0.79886
vt 0.01353 0.81811
vt 0.01810 0.83573
vt 0.00800 0.79341
vt 0.01487 0.78086
vt 0.01197 0.78234
vt 0.01810 0.76900
vt 0.01200 0.82811
vt 0.53934 0.12093
vt 0.51027 0.09661
vt 0.50991 0.12683
vt 0.52923 0.09951
vt 0.52877 0.09098
vt 0.53806 0.10077
vt 0.53012 0.13799
vt 0.51598 0.14062
vt 0.50249 0.13963
vt 0.54155 0.13532
vt 0.48786 0.12254
vt 0.48359 0.08826
vt 0.48798 0.14029
vt 0.53302 0.08832
vt 0.53346 0.09951
vt 0.54472 0.09890
vt 0.54588 0.08826
vt 0.59301 0.61867
vt 0.59133 0.62257
vt 0.59301 0.62627
vt 0.16795 0.07268
vt 0.16991 0.06134
vt 0.16502 0.06401
vt 0.16986 0.05701
vt 0.17382 0.06051
vt 0.16411 0.06224
vt 0.15870 0.06473
vt 0.16491 0.08150
vt 0.14694 0.08095
vt 0.14570 0.06683
vt 0.13474 0.08105
vt 0.14169 0.06825
vt 0.12721 0.06781
vt 0.12316 0.07700
vt 0.11124 0.05701
vt 0.10564 0.07072
vt 0.79924 0.07981
vt 0.81150 0.09248
vt 0.81944 0.07981
vt 0.24933 0.14637
vt 0.23443 0.12711
vt 0.25069 0.13148
vt 0.23642 0.14029
vt 0.26810 0.12711
vt 0.26235 0.14356
vt 0.26586 0.14114
vt 0.24358 0.14690
vt 0.24061 0.15076
vt 0.25475 0.99873
vt 0.24958 0.99704
vt 0.25631 0.99704
vt 0.44404 0.10041
vt 0.44127 0.12377
vt 0.43525 0.10386
vt 0.42024 0.11550
vt 0.42777 0.09661
vt 0.41763 0.09685
vt 0.45486 0.10748
vt 0.45474 0.09827
vt 0.44602 0.09502
vt 0.42897 0.13457
vt 0.44905 0.13809
vt 0.41253 0.12821
vt 0.45462 0.12789
vt 0.47348 0.10835
vt 0.46645 0.09789
vt 0.47348 0.13545
vt 0.40831 0.10182
vt 0.40695 0.09796
vt 0.40375 0.10490
vt 0.40109 0.11304
vt 0.80756 0.34112
vt 0.80720 0.34417
vt 0.80615 0.34024
vt 0.81187 0.33813
vt 0.80418 0.33506
vt 0.80977 0.31675
vt 0.80452 0.30673
vt 0.80858 0.30291
vt 0.80624 0.28932
vt 0.80229 0.31925
vt 0.80915 0.32776
vt 0.80008 0.32752
vt 0.81187 0.28695
vt 0.80992 0.26800
vt 0.80494 0.26647
vt 0.52477 0.54389
vt 0.53536 0.54007
vt 0.51215 0.53927
vt 0.53962 0.54390
vt 0.54672 0.53927
vt 0.51607 0.54519
vt 0.50463 0.54176
vt 0.90550 0.27229
vt 0.89720 0.25568
vt 0.90434 0.25157
vt 0.89862 0.27476
vt 0.89458 0.23961
vt 0.90273 0.23396
vt 0.90552 0.28773
vt 0.91861 0.23353
vt 0.92382 0.24734
vt 0.92382 0.25646
vt 0.89268 0.25562
vt 0.89403 0.27697
vt 0.90050 0.29229
vt 0.90832 0.29887
vt 0.90591 0.30701
vt 0.95160 0.22788
vt 0.92929 0.21597
vt 0.93898 0.20837
vt 0.92551 0.21091
vt 0.95160 0.20613
vt 0.95084 0.18708
vt 0.93150 0.22765
vt 0.94959 0.23438
vt 0.76978 0.51900
vt 0.76978 0.50296
vt 0.76726 0.51090
vt 0.27220 0.08676
vt 0.27383 0.07655
vt 0.29251 0.08263
vt 0.27107 0.08155
vt 0.29251 0.10681
vt 0.26982 0.09174
vt 0.27439 0.10853
vt 0.26389 0.09418
vt 0.29170 0.06614
vt 0.27620 0.06631
vt 0.27027 0.05384
vt 0.28935 0.04688
vt 0.74101 0.13526
vt 0.72302 0.10372
vt 0.74379 0.10576
vt 0.72165 0.14673
vt 0.70412 0.12470
vt 0.70727 0.15160
vt 0.70443 0.10205
vt 0.75379 0.11390
vt 0.75379 0.14025
vt 0.73210 0.08787
vt 0.71301 0.08742
vt 0.49721 0.83169
vt 0.52758 0.81516
vt 0.52950 0.83724
vt 0.49960 0.81326
vt 0.48527 0.82704
vt 0.49135 0.84644
vt 0.52505 0.85562
vt 0.48687 0.80824
vt 0.54588 0.83302
vt 0.54588 0.81539
vt 0.54411 0.84588
vt 0.54497 0.79941
vt 0.52637 0.80552
vt 0.54108 0.86529
vt 0.22594 0.42215
vt 0.24501 0.43572
vt 0.22012 0.44997
vt 0.24140 0.44195
vt 0.24013 0.45837
vt 0.22654 0.47104
vt 0.24705 0.47340
vt 0.24194 0.44413
vt 0.24368 0.42548
vt 0.24476 0.42060
vt 0.24658 0.41458
vt 0.23515 0.39823
vt 0.24705 0.42829
vt 0.65278 0.41765
vt 0.66120 0.43526
vt 0.64213 0.43619
vt 0.64378 0.44944
vt 0.65765 0.46290
vt 0.64306 0.47548
vt 0.62932 0.47062
vt 0.63627 0.47862
vt 0.63309 0.48790
vt 0.64204 0.48978
vt 0.65202 0.50712
vt 0.62508 0.52086
vt 0.61406 0.49435
vt 0.63834 0.52986
vt 0.62912 0.53421
vt 0.65031 0.52506
vt 0.66120 0.51844
vt 0.57433 0.37497
vt 0.57378 0.39474
vt 0.58636 0.38966
vt 0.57029 0.37775
vt 0.55205 0.37567
vt 0.55296 0.38511
vt 0.55419 0.39188
vt 0.57015 0.36617
vt 0.55197 0.36613
vt 0.56427 0.39962
vt 0.55384 0.40036
vt 0.60126 0.38385
vt 0.60241 0.36757
vt 0.61645 0.36613
vt 0.60591 0.38551
vt 0.61774 0.37962
vt 0.60980 0.38808
vt 0.53908 0.38685
vt 0.53746 0.37060
vt 0.54238 0.39616
vt 0.61395 0.39576
vt 0.59972 0.40171
vt 0.62830 0.41664
vt 0.64436 0.40787
vt 0.61635 0.42441
vt 0.59363 0.40842
vt 0.62408 0.38456
vt 0.54956 0.40276
vt 0.54772 0.40506
vt 0.24752 0.30512
vt 0.25042 0.30194
vt 0.24998 0.30774
vt 0.24675 0.31377
vt 0.24200 0.30194
vt 0.98176 0.61156
vt 0.98113 0.60905
vt 0.97384 0.61653
vt 0.98674 0.59586
vt 0.96437 0.59586
vt 0.96338 0.60819
vt 0.98414 0.60618
vt 0.99071 0.60562
vt 0.98492 0.62373
vt 0.98551 0.61544
vt 0.97933 0.62291
vt 0.98235 0.60926
vt 0.98746 0.60950
vt 0.98713 0.61291
vt 0.99369 0.61209
vt 0.98730 0.62122
vt 0.17026 0.31715
vt 0.16288 0.31039
vt 0.16955 0.31410
vt 0.17719 0.31039
vt 0.67045 0.27576
vt 0.67440 0.27407
vt 0.67635 0.27576
vt 0.29681 0.38006
vt 0.29580 0.37604
vt 0.29489 0.38055
vt 0.29310 0.37120
vt 0.30053 0.37144
vt 0.30091 0.37570
vt 0.29736 0.38302
vt 0.28746 0.38151
vt 0.31103 0.37120
vt 0.30005 0.37705
vt 0.30098 0.38188
vt 0.30286 0.38179
vt 0.69907 0.30835
vt 0.69363 0.30353
vt 0.68897 0.31560
vt 0.69907 0.31860
vt 0.69300 0.29941
vt 0.69657 0.30484
vt 0.69285 0.31931
vt 0.69149 0.31968
vt 0.22315 0.75045
vt 0.22685 0.74451
vt 0.21843 0.74926
vt 0.22685 0.75549
vt 0.61721 0.03688
vt 0.62069 0.03674
vt 0.61973 0.03952
vt 0.62079 0.04181
vt 0.61894 0.04079
vt 0.61237 0.03959
vt 0.61252 0.03674
vt 0.29588 0.41596
vt 0.28746 0.42760
vt 0.29588 0.43285
vt 0.29088 0.42086
vt 0.58880 0.85183
vt 0.59554 0.85951
vt 0.59554 0.84948
vt 0.59065 0.86827
vt 0.59356 0.83573
vt 0.59430 0.86867
vt 0.15393 0.36070
vt 0.13674 0.36512
vt 0.15274 0.35600
vt 0.13594 0.35600
vt 0.15614 0.36529
vt 0.47264 0.63894
vt 0.47769 0.62796
vt 0.47769 0.63750
vt 0.47375 0.62798
vt 0.40860 0.24874
vt 0.40277 0.25741
vt 0.40765 0.24229
vt 0.40531 0.26976
vt 0.42433 0.26687
vt 0.41789 0.27576
vt 0.39235 0.26471
vt 0.42635 0.25396
vt 0.41928 0.23944
vt 0.40119 0.24387
vt 0.39282 0.24092
vt 0.38498 0.23944
vt 0.37753 0.24045
vt 0.43861 0.04021
vt 0.42604 0.05874
vt 0.43936 0.05436
vt 0.42387 0.05441
vt 0.42474 0.03927
vt 0.41822 0.04651
vt 0.42467 0.07137
vt 0.45044 0.05784
vt 0.45314 0.03927
vt 0.45795 0.04342
vt 0.46503 0.05333
vt 0.44414 0.04038
vt 0.41540 0.06756
vt 0.47096 0.04245
vt 0.75715 0.23468
vt 0.77533 0.22141
vt 0.77894 0.23368
vt 0.76383 0.21802
vt 0.77916 0.25383
vt 0.75920 0.25740
vt 0.80193 0.24838
vt 0.79607 0.22004
vt 0.79800 0.26234
vt 0.77869 0.26674
vt 0.80766 0.26112
vt 0.76840 0.26900
vt 0.75970 0.26678
vt 0.78108 0.21074
vt 0.80766 0.19364
vt 0.79521 0.18454
vt 0.77451 0.19281
vt 0.75975 0.19853
vt 0.63753 0.10965
vt 0.64766 0.11941
vt 0.63426 0.12556
vt 0.64736 0.13503
vt 0.66485 0.13050
vt 0.65861 0.14241
vt 0.67593 0.14730
vt 0.69907 0.14992
vt 0.68903 0.13113
vt 0.67223 0.10798
vt 0.68221 0.10743
vt 0.69265 0.11413
vt 0.68678 0.10794
vt 0.68830 0.09924
vt 0.67182 0.10117
vt 0.69907 0.10376
vt 0.23308 0.77007
vt 0.22374 0.78206
vt 0.23963 0.77709
vt 0.23017 0.78892
vt 0.24145 0.79434
vt 0.24839 0.78065
vt 0.22250 0.79184
vt 0.22425 0.75633
vt 0.20833 0.76683
vt 0.26978 0.76372
vt 0.26762 0.75633
vt 0.36540 0.26215
vt 0.36237 0.25862
vt 0.36658 0.27829
vt 0.36658 0.24873
vt 0.37881 0.17349
vt 0.35512 0.18993
vt 0.37059 0.17103
vt 0.38678 0.20988
vt 0.35396 0.18219
vt 0.35587 0.17679
vt 0.38678 0.17271
vt 0.24445 0.81968
vt 0.23971 0.81292
vt 0.23611 0.81590
vt 0.25042 0.81292
vt 0.77061 0.18792
vt 0.77231 0.19175
vt 0.75884 0.18792
vt 0.76291 0.19215
vt 0.24537 0.23522
vt 0.23821 0.23691
vt 0.23106 0.23522
vt 0.84586 0.66479
vt 0.84609 0.66472
vt 0.84585 0.66682
vt 0.84633 0.66258
vt 0.84358 0.66698
vt 0.85033 0.66560
vt 0.84391 0.66611
vt 0.84221 0.66563
vt 0.84329 0.66534
vt 0.84399 0.68399
vt 0.83527 0.69659
vt 0.83107 0.68889
vt 0.84052 0.67994
vt 0.83392 0.67761
vt 0.83950 0.67306
vt 0.82565 0.67355
vt 0.82348 0.68531
vt 0.82378 0.67700
vt 0.82386 0.67435
vt 0.82575 0.69035
vt 0.82061 0.66566
vt 0.82385 0.66790
vt 0.84837 0.69188
vt 0.81421 0.69384
vt 0.82747 0.70809
vt 0.83632 0.70626
vt 0.81237 0.70317
vt 0.84655 0.70700
vt 0.85564 0.69350
vt 0.83834 0.71464
vt 0.81643 0.71110
vt 0.80766 0.70903
vt 0.85113 0.71223
vt 0.85564 0.73606
vt 0.46894 0.25296
vt 0.47012 0.25380
vt 0.46675 0.25380
vt 0.57507 0.45358
vt 0.57091 0.44684
vt 0.56776 0.46020
vt 0.57618 0.44637
vt 0.57618 0.46326
vt 0.53183 0.29096
vt 0.52912 0.29110
vt 0.52896 0.29179
vt 0.52062 0.29181
vt 0.53253 0.29180
vt 0.53493 0.29181
vt 0.42153 0.65086
vt 0.41648 0.63876
vt 0.41368 0.64878
vt 0.41056 0.64598
vt 0.41031 0.64791
vt 0.40805 0.64732
vt 0.40477 0.64646
vt 0.40194 0.64915
vt 0.42504 0.63032
vt 0.40874 0.62796
vt 0.42710 0.66217
vt 0.43382 0.62796
vt 0.43561 0.66596
vt 0.67719 0.82679
vt 0.67887 0.83319
vt 0.67887 0.82390
vt 0.37416 0.59840
vt 0.38127 0.59986
vt 0.38223 0.60115
vt 0.38258 0.59840
vt 0.38127 0.60177
vt 0.93561 0.72585
vt 0.93958 0.72470
vt 0.94150 0.72585
vt 0.93903 0.72255
vt 0.93973 0.72677
vt 0.42645 0.75304
vt 0.45830 0.76227
vt 0.44178 0.77171
vt 0.45650 0.73543
vt 0.42963 0.77266
vt 0.46523 0.74737
vt 0.42757 0.72548
vt 0.40951 0.76306
vt 0.40951 0.75056
vt 0.41376 0.78038
vt 0.41034 0.73564
vt 0.46147 0.78877
vt 0.46595 0.77614
vt 0.43471 0.79657
vt 0.41112 0.71477
vt 0.41677 0.80067
vt 0.48359 0.75615
vt 0.42187 0.80699
vt 0.48172 0.73422
vt 0.48359 0.78269
vt 0.46395 0.80740
vt 0.48057 0.80172
vt 0.44410 0.81733
vt 0.43869 0.82475
vt 0.41819 0.69637
vt 0.43641 0.70523
vt 0.00000 1.00000
vt 0.00000 1.00000
vt 0.00000 1.00000
vt 0.00000 1.00000
vt 0.00000 1.00000
vt 0.92012 0.68117
vt 0.92090 0.68032
vt 0.92130 0.68061
vt 0.91793 0.68061
vt 0.10600 0.28762
vt 0.11322 0.28504
vt 0.11263 0.29090
vt 0.10396 0.28548
vt 0.10453 0.28083
vt 0.10478 0.29184
vt 0.11063 0.29856
vt 0.11322 0.29655
vt 0.65783 0.49198
vt 0.65083 0.49367
vt 0.64689 0.49198
vt 0.47717 0.30266
vt 0.49600 0.30024
vt 0.48933 0.31147
vt 0.50451 0.31148
vt 0.48918 0.32102
vt 0.48448 0.31596
vt 0.52858 0.30037
vt 0.55738 0.30457
vt 0.55497 0.29941
vt 0.56355 0.30874
vt 0.48158 0.31252
vt 0.52064 0.31590
vt 0.46131 0.30513
vt 0.52901 0.31626
vt 0.45557 0.31128
vt 0.44397 0.30731
vt 0.51264 0.32306
vt 0.42887 0.31548
vt 0.43155 0.30820
vt 0.44017 0.29941
vt 0.42979 0.30007
vt 0.35948 0.56009
vt 0.36822 0.55559
vt 0.36586 0.55079
vt 0.36230 0.56123
vt 0.37068 0.54603
vt 0.37163 0.55528
vt 0.36221 0.54612
vt 0.35495 0.55242
vt 0.32534 0.54603
vt 0.36776 0.55926
vt 0.10816 0.99282
vt 0.10046 0.99282
vt 0.10211 0.99789
vt 0.09975 0.99588
vt 0.12968 0.88114
vt 0.12766 0.88180
vt 0.12898 0.87633
vt 0.13092 0.87895
vt 0.13342 0.87579
vt 0.13050 0.88471
vt 0.12768 0.88344
vt 0.13200 0.87159
vt 0.12584 0.87562
vt 0.12618 0.87257
vt 0.13342 0.86698
vt 0.00000 1.00000
vt 0.00000 1.00000
vt 0.00000 1.00000
vt 0.00000 1.00000
vt 0.00000 1.00000
vt 0.00000 1.00000
vt 0.00315 0.15170
vt 0.00519 0.14815
vt 0.00376 0.15235
vt 0.00631 0.15094
vt 0.00631 0.14580
vt 0.00415 0.14560
vt 0.00347 0.15293
vt 0.00318 0.15352
vt 0.00126 0.14233
vt 0.00204 0.15222
vt 0.00318 0.15383
vt 0.00318 0.15414
vt 0.00402 0.13978
vt 0.32079 0.81676
vt 0.31850 0.81888
vt 0.32153 0.81262
vt 0.30850 0.81513
vt 0.31171 0.83137
vt 0.32107 0.83116
vt 0.31878 0.83910
vt 0.32537 0.79181
vt 0.32702 0.83325
vt 0.32702 0.80501
vt 0.49790 0.74113
vt 0.49230 0.72010
vt 0.49790 0.68877
vt 0.49530 0.74021
vt 0.48882 0.70073
vt 0.49251 0.69164
vt 0.48718 0.74050
vt 0.48527 0.70272
vt 0.05345 0.25633
vt 0.06608 0.25633
vt 0.06112 0.25971
vt 0.76221 0.59379
vt 0.76420 0.59671
vt 0.76473 0.59074
vt 0.76420 0.58910
vt 0.08291 0.33657
vt 0.07870 0.33657
vt 0.08180 0.33573
vt 0.56019 0.04096
vt 0.56148 0.04203
vt 0.56095 0.04246
vt 0.56204 0.04161
vt 0.56238 0.04152
vt 0.56271 0.04142
vt 0.56019 0.04519
vt 0.30261 0.38471
vt 0.29672 0.39738
vt 0.28998 0.38471
vt 0.30134 0.39712
vt 0.99337 0.24002
vt 0.99677 0.24680
vt 0.99319 0.25040
vt 0.99790 0.25867
vt 0.99505 0.26731
vt 0.99790 0.23196
vt 0.99419 0.22846
vt 0.99032 0.23609
vt 0.40439 0.06716
vt 0.41136 0.06032
vt 0.41456 0.06799
vt 0.38763 0.06627
vt 0.38782 0.05604
vt 0.41456 0.05448
vt 0.74705 0.09586
vt 0.75631 0.09586
vt 0.75609 0.10093
vt 0.12041 0.50134
vt 0.11052 0.49251
vt 0.10985 0.50207
vt 0.12079 0.48960
vt 0.11246 0.51225
vt 0.11773 0.47508
vt 0.12079 0.50979
vt 0.21843 0.72846
vt 0.23274 0.72846
vt 0.22720 0.73184
vt 0.83679 0.89917
vt 0.85143 0.89080
vt 0.83628 0.88219
vt 0.84569 0.89992
vt 0.84202 0.88049
vt 0.85143 0.88190
vt 0.42214 0.81799
vt 0.41456 0.81998
vt 0.42214 0.82475
vt 0.00884 0.50146
vt 0.00119 0.49325
vt 0.00042 0.50211
vt 0.00884 0.47762
vt 0.61742 0.72086
vt 0.60901 0.71309
vt 0.61742 0.71242
vt 0.60934 0.72036
vt 0.91802 0.73973
vt 0.91793 0.74129
vt 0.92298 0.73973
vt 0.92192 0.74290
vt 0.91902 0.74367
vt 0.91823 0.73860
vt 0.00295 0.90806
vt 0.00358 0.92521
vt 0.00769 0.92273
vt 0.00884 0.90667
vt 0.00884 0.93708
vt 0.63921 0.14079
vt 0.64015 0.14701
vt 0.63594 0.14093
vt 0.63713 0.14758
vt 0.63966 0.14907
vt 0.63966 0.13556
vt 0.69066 0.08066
vt 0.69318 0.08235
vt 0.68981 0.08235
vt 0.98359 0.25464
vt 0.98287 0.25489
vt 0.98106 0.24900
vt 0.98324 0.24367
vt 0.98324 0.25718
vt 0.98216 0.25684
vt 0.75210 0.55422
vt 0.76540 0.55075
vt 0.75525 0.58272
vt 0.75611 0.54096
vt 0.76641 0.54182
vt 0.76641 0.56967
vt 0.76079 0.58488
vt 0.87386 0.40388
vt 0.87994 0.42731
vt 0.86495 0.41230
vt 0.86361 0.40269
vt 0.86247 0.42478
vt 0.87140 0.44173
vt 0.88594 0.44567
vt 0.87715 0.45794
vt 0.88531 0.41168
vt 0.88552 0.45481
vt 0.88035 0.40129
vt 0.87961 0.39368
vt 0.86875 0.39043
vt 0.86158 0.38958
vt 0.85480 0.39916
vt 0.86108 0.45159
vt 0.87277 0.46242
vt 0.87078 0.38487
vt 0.88052 0.38415
vt 0.88103 0.39029
vt 0.88145 0.38295
vt 0.88594 0.38218
vt 0.86076 0.38315
vt 0.89436 0.72846
vt 0.89941 0.72846
vt 0.89437 0.73015
vt 0.75884 0.61191
vt 0.75884 0.60684
vt 0.75800 0.60935
vt 0.15872 0.01432
vt 0.15665 0.01731
vt 0.15419 0.01394
vt 0.16035 0.01394
vt 0.15362 0.01653
vt 0.54490 0.41005
vt 0.54251 0.40836
vt 0.54840 0.40836
vt 0.56241 0.96664
vt 0.56241 0.97002
vt 0.56439 0.96859
vt 0.56187 0.96962
vt 0.96254 0.00211
vt 0.95833 0.00465
vt 0.95929 0.00211
vt 0.78738 0.27323
vt 0.78493 0.27154
vt 0.78998 0.27154
vt 0.00547 0.42794
vt 0.00547 0.42948
vt 0.00800 0.42779
vt 0.94768 0.07235
vt 0.94989 0.06387
vt 0.94007 0.06344
vt 0.95819 0.06880
vt 0.95349 0.08404
vt 0.94188 0.06821
vt 0.93849 0.05313
vt 0.94829 0.05239
vt 0.95203 0.04803
vt 0.93563 0.04145
vt 0.95918 0.02745
vt 0.94374 0.02977
vt 0.95659 0.04761
vt 0.95367 0.05081
vt 0.93431 0.02815
vt 0.95912 0.04932
vt 0.93309 0.03561
vt 0.93140 0.02745
vt 0.95427 0.05260
vt 0.30770 0.69618
vt 0.30984 0.70770
vt 0.30215 0.69851
vt 0.31407 0.70461
vt 0.30314 0.69077
vt 0.29500 0.69774
vt 0.28793 0.69262
vt 0.28867 0.71242
vt 0.28554 0.70215
vt 0.31608 0.68967
vt 0.28157 0.70346
vt 0.31515 0.71450
vt 0.30883 0.68708
vt 0.31248 0.71888
vt 0.31608 0.73606
vt 0.21957 0.55079
vt 0.21591 0.54650
vt 0.21930 0.55208
vt 0.23013 0.54950
vt 0.22372 0.55833
vt 0.22209 0.54415
vt 0.23399 0.53811
vt 0.22012 0.53662
vt 0.22009 0.54699
vt 0.22283 0.53284
vt 0.24116 0.51783
vt 0.23551 0.51309
vt 0.21788 0.54022
vt 0.23616 0.55248
vt 0.24116 0.56546
vt 0.93221 0.25019
vt 0.93258 0.26887
vt 0.92752 0.25220
vt 0.92635 0.24773
vt 0.93645 0.23691
vt 0.93645 0.26002
vt 0.93332 0.27407
vt 0.96254 0.82577
vt 0.96170 0.82615
vt 0.96217 0.82390
vt 0.96217 0.82897
vt 0.45785 0.01004
vt 0.48190 0.00465
vt 0.46496 0.00465
vt 0.47526 0.01140
vt 0.44739 0.00532
vt 0.59846 0.88978
vt 0.59824 0.88425
vt 0.59475 0.88961
vt 0.58965 0.87965
vt 0.60901 0.87965
vt 0.86069 0.04877
vt 0.84975 0.05532
vt 0.84975 0.04872
vt 0.86069 0.04265
vt 0.85505 0.04307
vt 0.85656 0.05504
vt 0.75631 0.53674
vt 0.75631 0.53167
vt 0.75210 0.53665
vt 0.26726 0.14907
vt 0.26426 0.15245
vt 0.26136 0.14907
vt 0.00943 0.61235
vt 0.00326 0.62593
vt 0.00042 0.60211
vt 0.01221 0.59417
vt 0.01221 0.62148
vt 0.00751 0.63387
vt 0.01335 0.11328
vt 0.00919 0.11613
vt 0.00210 0.11191
vt 0.01810 0.11191
vt 0.00236 0.11523
vt 0.23467 0.15583
vt 0.22981 0.15617
vt 0.23481 0.16005
vt 0.23864 0.15617
vt 0.22685 0.15865
vt 0.31162 0.03252
vt 0.30488 0.02800
vt 0.32357 0.02670
vt 0.29782 0.03194
vt 0.29418 0.02798
vt 0.33123 0.03245
vt 0.33880 0.02492
vt 0.28483 0.02613
vt 0.27152 0.02599
vt 0.27552 0.03066
vt 0.26136 0.02492
vt 0.68248 0.40731
vt 0.68381 0.38717
vt 0.69651 0.39916
vt 0.69823 0.42022
vt 0.68354 0.43280
vt 0.69992 0.43323
vt 0.68057 0.39551
vt 0.67098 0.39964
vt 0.69081 0.44339
vt 0.68342 0.37518
vt 0.69759 0.38487
vt 0.69554 0.36307
vt 0.68354 0.44383
vt 0.66055 0.38050
vt 0.65991 0.40749
vt 0.67317 0.36606
vt 0.64857 0.39582
vt 0.68202 0.37095
vt 0.67994 0.35451
vt 0.68826 0.35614
vt 0.69992 0.33742
vt 0.05861 0.95988
vt 0.07879 0.95225
vt 0.06616 0.95207
vt 0.08544 0.94383
vt 0.01094 0.94383
vt 0.02220 0.95191
vt 0.02829 0.94942
vt 0.05041 0.95171
vt 0.04784 0.95657
vt 0.05763 0.95251
vt 0.01052 0.94846
vt 0.75884 0.29454
vt 0.76164 0.28590
vt 0.76305 0.29227
vt 0.76305 0.30954
vt 0.48864 0.75429
vt 0.49453 0.77238
vt 0.49432 0.75563
vt 0.49453 0.74535
vt 0.80261 0.49029
vt 0.81355 0.49029
vt 0.80761 0.49451
vt 0.27231 0.42525
vt 0.26726 0.43046
vt 0.27231 0.43623
vt 0.66889 0.36022
vt 0.66540 0.35600
vt 0.67382 0.35600
vt 0.18813 0.66596
vt 0.19571 0.66596
vt 0.19148 0.67019
vt 0.21286 0.77829
vt 0.21591 0.78148
vt 0.21181 0.78199
vt 0.21192 0.78917
vt 0.20833 0.79925
vt 0.21420 0.79692
vt 0.21011 0.80810
vt 0.21591 0.81208
vt 0.16440 0.90160
vt 0.16562 0.91139
vt 0.16199 0.90488
vt 0.17130 0.90500
vt 0.17130 0.91190
vt 0.16120 0.90984
vt 0.16132 0.91343
vt 0.29982 0.36275
vt 0.30203 0.36867
vt 0.31187 0.36275
vt 0.29419 0.36419
vt 0.38823 0.54941
vt 0.38005 0.54941
vt 0.38735 0.55363
vt 0.39268 0.55255
vt 0.38259 0.55311
vt 0.01787 0.34589
vt 0.02422 0.34708
vt 0.01737 0.34904
vt 0.02362 0.34586
vt 0.03409 0.34883
vt 0.02030 0.35346
vt 0.01345 0.34903
vt 0.01221 0.34586
vt 0.54335 0.20566
vt 0.56439 0.20566
vt 0.55443 0.20819
vt 0.84882 0.74024
vt 0.84463 0.74115
vt 0.84661 0.74620
vt 0.85259 0.74352
vt 0.85396 0.73691
vt 0.84386 0.73691
vt 0.54924 0.43539
vt 0.55513 0.42610
vt 0.54967 0.42856
vt 0.55513 0.43302
vt 0.10816 0.14918
vt 0.11237 0.13978
vt 0.11237 0.15213
vt 0.11070 0.15583
vt 0.43897 0.09586
vt 0.43897 0.09164
vt 0.43449 0.09181
vt 0.43308 0.09349
vt 0.20755 0.12796
vt 0.20581 0.12627
vt 0.21423 0.12627
vt 0.91217 0.39283
vt 0.89735 0.40461
vt 0.91000 0.40143
vt 0.89645 0.43726
vt 0.91169 0.40861
vt 0.91288 0.43071
vt 0.90118 0.44111
vt 0.91251 0.44806
vt 0.88510 0.42294
vt 0.88612 0.43618
vt 0.90299 0.37833
vt 0.89219 0.40302
vt 0.91288 0.37343
vt 0.90442 0.36867
vt 0.88950 0.38175
vt 0.88929 0.39644
vt 0.91210 0.36977
vt 0.76052 0.89231
vt 0.76894 0.89231
vt 0.76482 0.89654
vt 0.48359 0.65836
vt 0.49032 0.65836
vt 0.48606 0.66090
vt 0.24109 0.55052
vt 0.24705 0.55113
vt 0.24151 0.54519
vt 0.24685 0.54519
vt 0.24368 0.55279
vt 0.23779 0.55124
vt 0.13678 0.18370
vt 0.13678 0.19299
vt 0.12893 0.18821
vt 0.12837 0.19113
vt 0.00547 0.54688
vt 0.00547 0.53758
vt 0.00295 0.54468
vt 0.10344 0.36863
vt 0.09806 0.36360
vt 0.10414 0.36725
vt 0.09854 0.37181
vt 0.10648 0.36360
vt 0.10445 0.37204
vt 0.18981 0.09840
vt 0.19338 0.09671
vt 0.19655 0.09840
vt 0.55513 0.80620
vt 0.55766 0.81039
vt 0.55766 0.80532
vt 0.66372 0.45159
vt 0.66540 0.45650
vt 0.66540 0.44975
vt 0.39882 0.92188
vt 0.39255 0.92612
vt 0.39015 0.92188
vt 0.39941 0.92694
vt 0.09074 0.55617
vt 0.09470 0.55194
vt 0.08966 0.55516
vt 0.08712 0.55194
vt 0.86252 0.30029
vt 0.86173 0.30149
vt 0.85614 0.30039
vt 0.86199 0.30254
vt 0.86322 0.29772
vt 0.85396 0.29772
vt 0.85634 0.30532
vt 0.43979 0.94436
vt 0.43624 0.95626
vt 0.44303 0.95411
vt 0.44739 0.93468
vt 0.44739 0.96189
vt 0.44392 0.93135
vt 0.43835 0.96529
vt 0.44207 0.98944
vt 0.43360 0.98794
vt 0.43364 0.93984
vt 0.43643 0.93032
vt 0.43140 0.95444
vt 0.99958 0.44468
vt 0.99416 0.44081
vt 0.99958 0.43539
vt 0.99285 0.43549
vt 0.64436 0.97593
vt 0.64436 0.95904
vt 0.64099 0.97104
vt 0.64240 0.96171
vt 0.37079 0.85586
vt 0.37500 0.86782
vt 0.37500 0.85262
vt 0.03409 0.81883
vt 0.04581 0.83066
vt 0.04187 0.82267
vt 0.04776 0.82579
vt 0.05093 0.82952
vt 0.05713 0.81883
vt 0.06271 0.82489
vt 0.05093 0.39147
vt 0.05464 0.39546
vt 0.05139 0.39738
vt 0.05766 0.39147
vt 0.62866 0.01056
vt 0.63795 0.00157
vt 0.64466 0.00804
vt 0.61547 0.00127
vt 0.61490 0.00855
vt 0.64941 0.00127
vt 0.21843 0.65921
vt 0.21916 0.66963
vt 0.22854 0.65921
vt 0.22734 0.67103
vt 0.40623 0.29878
vt 0.40492 0.30762
vt 0.41372 0.30785
vt 0.41372 0.29688
vt 0.39857 0.30008
vt 0.72080 0.45988
vt 0.73050 0.46696
vt 0.72891 0.46136
vt 0.72327 0.47255
vt 0.71759 0.46785
vt 0.73596 0.46854
vt 0.73695 0.45988
vt 0.76733 0.08226
vt 0.75802 0.06883
vt 0.75311 0.08443
vt 0.74553 0.06605
vt 0.75824 0.05928
vt 0.75019 0.05517
vt 0.75786 0.09333
vt 0.77152 0.07515
vt 0.77164 0.06861
vt 0.73200 0.07970
vt 0.72685 0.06440
vt 0.73184 0.05110
vt 0.74461 0.05226
vt 0.76735 0.09054
vt 0.77736 0.07108
vt 0.77576 0.06310
vt 0.77568 0.08260
vt 0.76290 0.05866
vt 0.76934 0.05110
vt 0.68329 0.32903
vt 0.68640 0.33823
vt 0.67604 0.34079
vt 0.66961 0.32644
vt 0.69066 0.32644
vt 0.01874 0.00928
vt 0.04452 0.00971
vt 0.03427 0.00637
vt 0.05261 0.00465
vt 0.01052 0.00465
vt 0.66006 0.18413
vt 0.64161 0.16986
vt 0.66344 0.17603
vt 0.66931 0.18377
vt 0.66208 0.19334
vt 0.65383 0.18505
vt 0.64266 0.19487
vt 0.64965 0.19387
vt 0.63156 0.18244
vt 0.62884 0.19710
vt 0.64428 0.16318
vt 0.63832 0.20228
vt 0.68945 0.17461
vt 0.68402 0.19118
vt 0.67612 0.20012
vt 0.68240 0.16497
vt 0.66275 0.14992
vt 0.64376 0.14992
vt 0.62489 0.16603
vt 0.67416 0.15249
vt 0.68756 0.15451
vt 0.69487 0.15791
vt 0.63526 0.15009
vt 0.62043 0.15089
vt 0.61911 0.16903
vt 0.00042 0.17792
vt 0.00297 0.17120
vt 0.00742 0.17493
vt 0.00422 0.18952
vt 0.00968 0.19552
vt 0.00968 0.16820
vt 0.00530 0.15583
vt 0.62100 0.66083
vt 0.62928 0.66907
vt 0.62055 0.65076
vt 0.61319 0.65076
vt 0.62750 0.67574
vt 0.63228 0.68085
vt 0.63206 0.68831
vt 0.65025 0.67171
vt 0.64700 0.68146
vt 0.64929 0.69324
vt 0.63500 0.69692
vt 0.63300 0.69290
vt 0.60814 0.69011
vt 0.60732 0.67484
vt 0.60934 0.70144
vt 0.61375 0.66836
vt 0.57113 0.65329
vt 0.57870 0.65329
vt 0.57451 0.65414
vt 0.75821 0.92616
vt 0.78746 0.93327
vt 0.76792 0.94256
vt 0.78172 0.95234
vt 0.76544 0.95024
vt 0.77798 0.95672
vt 0.78746 0.97373
vt 0.75843 0.96197
vt 0.76116 0.96991
vt 0.74947 0.94318
vt 0.73261 0.94712
vt 0.72826 0.96732
vt 0.73540 0.97456
vt 0.75055 0.98944
vt 0.72348 0.93515
vt 0.74136 0.93441
vt 0.76717 0.92489
vt 0.75331 0.91689
vt 0.74725 0.92022
vt 0.73741 0.91343
vt 0.76813 0.97967
vt 0.20328 0.42080
vt 0.22348 0.39992
vt 0.22348 0.42103
vt 0.95679 0.35580
vt 0.96636 0.35972
vt 0.96290 0.35421
vt 0.97627 0.35346
vt 0.95241 0.36022
vt 0.97685 0.35802
vt 0.94739 0.35346
vt 0.95567 0.20365
vt 0.95717 0.18159
vt 0.96066 0.19674
vt 0.95244 0.19471
vt 0.96034 0.20973
vt 0.96363 0.17730
vt 0.96675 0.16258
vt 0.95263 0.20460
vt 0.96447 0.20924
vt 0.96675 0.23100
vt 0.30416 0.04688
vt 0.29503 0.04181
vt 0.31187 0.04181
vt 0.71569 0.78699
vt 0.71345 0.80864
vt 0.70100 0.80168
vt 0.70033 0.81446
vt 0.71861 0.83064
vt 0.70722 0.84586
vt 0.72460 0.84252
vt 0.68502 0.81095
vt 0.68803 0.77003
vt 0.69684 0.76560
vt 0.67719 0.78594
vt 0.71550 0.76841
vt 0.70185 0.76433
vt 0.70333 0.75568
vt 0.70745 0.75581
vt 0.69949 0.76080
vt 0.71421 0.75042
vt 0.73150 0.78169
vt 0.73611 0.75575
vt 0.73175 0.79815
vt 0.71738 0.80835
vt 0.73034 0.81233
vt 0.72357 0.82938
vt 0.73065 0.82725
vt 0.73054 0.83260
vt 0.73605 0.79464
vt 0.73400 0.83286
vt 0.73611 0.81398
vt 0.95581 0.23438
vt 0.97230 0.23505
vt 0.96499 0.24230
vt 0.98695 0.23438
vt 0.97352 0.24592
vt 0.96363 0.26488
vt 0.98534 0.26647
vt 0.28325 0.87796
vt 0.27820 0.88069
vt 0.28325 0.88471
vt 0.39352 0.27350
vt 0.39941 0.27660
vt 0.39941 0.27069
vt 0.76695 0.52881
vt 0.77027 0.53934
vt 0.76486 0.53351
vt 0.76136 0.51504
vt 0.76452 0.50327
vt 0.78493 0.55110
vt 0.76285 0.49477
vt 0.76674 0.48810
vt 0.76666 0.48030
vt 0.76938 0.48023
vt 0.77074 0.46836
vt 0.77575 0.46286
vt 0.77754 0.45177
vt 0.78025 0.45234
vt 0.78483 0.43998
vt 0.78493 0.43201
vt 0.88005 0.85805
vt 0.86063 0.84763
vt 0.86954 0.83789
vt 0.88005 0.84492
vt 0.85719 0.82728
vt 0.85648 0.84301
vt 0.85890 0.85695
vt 0.86360 0.87001
vt 0.87416 0.87120
vt 0.12921 0.66850
vt 0.12416 0.67743
vt 0.12921 0.67863
vt 0.44823 0.06430
vt 0.45244 0.06123
vt 0.45170 0.06551
vt 0.45244 0.07052
vt 0.52906 0.98353
vt 0.52567 0.98100
vt 0.53072 0.98100
vt 0.07786 0.00380
vt 0.08965 0.00380
vt 0.08012 0.00802
vt 0.95581 0.71157
vt 0.95581 0.70144
vt 0.95412 0.70990
vt 0.56860 0.80947
vt 0.57199 0.80783
vt 0.57618 0.80954
vt 0.57618 0.80617
vt 0.08214 0.24690
vt 0.08292 0.24978
vt 0.07702 0.25041
vt 0.07788 0.25635
vt 0.08123 0.24590
vt 0.08460 0.24535
vt 0.08460 0.26056
vt 0.34049 0.15245
vt 0.34722 0.15245
vt 0.34234 0.15836
vt 0.92382 0.99202
vt 0.92331 0.99958
vt 0.92045 0.99306
vt 0.92331 0.98775
vt 0.89591 0.99029
vt 0.88734 0.99234
vt 0.89492 0.99660
vt 0.90087 0.99185
vt 0.89625 0.99958
vt 0.88851 0.99555
vt 0.88974 0.99884
vt 0.88342 0.99557
vt 0.90326 0.99757
vt 0.91961 0.99029
vt 0.91203 0.99792
vt 0.09234 0.12153
vt 0.09035 0.12166
vt 0.09586 0.12531
vt 0.09549 0.12120
vt 0.08660 0.12796
vt 0.10059 0.12547
vt 0.09826 0.12638
vt 0.08460 0.12120
vt 0.75379 0.49317
vt 0.75176 0.49760
vt 0.74994 0.49081
vt 0.75379 0.50718
vt 0.75058 0.48828
vt 0.75164 0.48522
vt 0.74826 0.49932
vt 0.74790 0.50251
vt 0.98186 0.94770
vt 0.98544 0.95944
vt 0.98431 0.95931
vt 0.97177 0.94097
vt 0.97825 0.96106
vt 0.97947 0.96744
vt 0.98581 0.96175
vt 0.97604 0.96146
vt 0.98237 0.93877
vt 0.98578 0.94392
vt 0.98866 0.95980
vt 0.99042 0.94409
vt 0.98764 0.96340
vt 0.98890 0.96220
vt 0.99285 0.96917
vt 0.97067 0.95158
vt 0.97012 0.96209
vt 0.97293 0.96356
vt 0.99285 0.95498
vt 0.96928 0.71917
vt 0.96423 0.72124
vt 0.96928 0.72931
vt 0.09554 0.12796
vt 0.11490 0.12796
vt 0.10982 0.13133
vt 0.59638 0.99451
vt 0.61069 0.99451
vt 0.59967 0.99620
vt 0.93747 0.49801
vt 0.93813 0.50465
vt 0.93599 0.49918
vt 0.93660 0.49561
vt 0.93308 0.49652
vt 0.93813 0.48775
vt 0.76389 0.87627
vt 0.76136 0.87811
vt 0.76389 0.88133
vt 0.31187 0.07897
vt 0.30981 0.08235
vt 0.30682 0.08235
vt 0.11617 0.43394
vt 0.12332 0.43062
vt 0.11567 0.42161
vt 0.10311 0.41596
vt 0.09643 0.41759
vt 0.11456 0.46500
vt 0.09050 0.45901
vt 0.09882 0.46609
vt 0.11253 0.45189
vt 0.08882 0.44577
vt 0.09474 0.44050
vt 0.10085 0.43809
vt 0.10200 0.43268
vt 0.12205 0.44939
vt 0.08291 0.43215
vt 0.09043 0.42470
vt 0.07742 0.41894
vt 0.07184 0.42701
vt 0.03429 0.45104
vt 0.06786 0.44716
vt 0.03506 0.44198
vt 0.02738 0.44955
vt 0.02040 0.43558
vt 0.05049 0.45527
vt 0.07434 0.43403
vt 0.05243 0.43928
vt 0.02870 0.46783
vt 0.03414 0.47002
vt 0.02014 0.46603
vt 0.01553 0.44777
vt 0.00126 0.43418
vt 0.03673 0.42059
vt 0.03321 0.43425
vt 0.00498 0.41596
vt 0.06235 0.41994
vt 0.79756 0.49113
vt 0.79392 0.49535
vt 0.78662 0.49113
vt 0.32786 0.74535
vt 0.32365 0.75206
vt 0.32786 0.75633
vt 0.53072 0.38556
vt 0.53193 0.38218
vt 0.53577 0.38309
vt 0.53577 0.38549
vt 0.40015 0.37204
vt 0.39857 0.36867
vt 0.40446 0.36867
vt 0.40418 0.37101
vt 0.15951 0.66005
vt 0.15614 0.65688
vt 0.15951 0.65411
vt 0.15740 0.65329
vt 0.93856 0.31715
vt 0.92466 0.30532
vt 0.92797 0.31347
vt 0.93688 0.31040
vt 0.95030 0.31257
vt 0.94934 0.30711
vt 0.95497 0.30532
vt 0.50856 0.26742
vt 0.48236 0.26279
vt 0.48952 0.27451
vt 0.46612 0.27325
vt 0.45937 0.28628
vt 0.51709 0.26264
vt 0.52058 0.26736
vt 0.45424 0.27669
vt 0.46464 0.26211
vt 0.51498 0.28189
vt 0.51993 0.28524
vt 0.49788 0.29603
vt 0.44091 0.26826
vt 0.47522 0.25666
vt 0.52566 0.27195
vt 0.52904 0.28534
vt 0.48408 0.25449
vt 0.50895 0.25503
vt 0.49877 0.24535
vt 0.44449 0.25782
vt 0.43056 0.24535
vt 0.85213 0.38809
vt 0.84133 0.38471
vt 0.85985 0.38471
vt 0.17207 0.62297
vt 0.17867 0.62701
vt 0.16956 0.64323
vt 0.16252 0.63007
vt 0.18140 0.62325
vt 0.18207 0.63251
vt 0.16761 0.61448
vt 0.18525 0.62223
vt 0.17604 0.61330
vt 0.18157 0.61785
vt 0.17269 0.64201
vt 0.16204 0.61275
vt 0.17891 0.65131
vt 0.16303 0.63927
vt 0.16381 0.65128
vt 0.18234 0.66151
vt 0.19066 0.63097
vt 0.18285 0.64978
vt 0.19066 0.66174
vt 0.18768 0.63906
vt 0.20581 0.89992
vt 0.22096 0.89992
vt 0.21354 0.90498
vt 0.13847 0.61698
vt 0.13847 0.62035
vt 0.13931 0.61927
vt 0.47633 0.72931
vt 0.47685 0.73100
vt 0.47433 0.73100
vt 0.27652 0.60346
vt 0.27904 0.60346
vt 0.27663 0.60431
vt 0.63173 0.14654
vt 0.63342 0.14654
vt 0.63245 0.14738
vt 0.95021 0.60646
vt 0.93572 0.61125
vt 0.93493 0.60499
vt 0.95105 0.63019
vt 0.95514 0.61475
vt 0.95952 0.62396
vt 0.96002 0.63978
vt 0.93870 0.61836
vt 0.93321 0.62696
vt 0.94793 0.59761
vt 0.93999 0.59238
vt 0.95043 0.59035
vt 0.93388 0.60242
vt 0.95413 0.59775
vt 0.95318 0.59536
vt 0.93371 0.60034
vt 0.92551 0.58910
vt 0.95413 0.59211
vt 0.96002 0.59687
vt 0.91456 0.30785
vt 0.91456 0.31799
vt 0.91109 0.30807
vt 0.90278 0.31636
vt 0.14015 0.31992
vt 0.14436 0.31630
vt 0.13258 0.31630
vt 0.13433 0.32052
vt 0.07871 0.83742
vt 0.08595 0.84231
vt 0.07786 0.84248
vt 0.08880 0.83742
vt 0.91424 0.27427
vt 0.91671 0.27624
vt 0.91372 0.27258
vt 0.91512 0.27728
vt 0.91793 0.26731
vt 0.91793 0.27829
vt 0.20646 0.36629
vt 0.20665 0.37035
vt 0.20412 0.36824
vt 0.20665 0.36360
vt 0.13135 0.61846
vt 0.13342 0.62145
vt 0.13089 0.62101
vt 0.13235 0.62289
vt 0.13235 0.61698
vt 0.07508 0.95763
vt 0.08004 0.95819
vt 0.07837 0.95650
vt 0.07281 0.95670
vt 0.08123 0.95670
vt 0.11647 0.05303
vt 0.10986 0.04898
vt 0.10557 0.05302
vt 0.09713 0.05087
vt 0.12411 0.04215
vt 0.10171 0.05617
vt 0.09802 0.04414
vt 0.13839 0.04235
vt 0.14773 0.03167
vt 0.11261 0.04103
vt 0.10059 0.04281
vt 0.08291 0.03167
vt 0.12842 0.34806
vt 0.13412 0.33382
vt 0.12837 0.32931
vt 0.13594 0.35404
vt 0.12953 0.35431
vt 0.13594 0.32221
vt 0.99594 0.42386
vt 0.99705 0.42103
vt 0.99441 0.42441
vt 0.99369 0.42103
vt 0.03241 0.27492
vt 0.03577 0.27492
vt 0.03264 0.27745
vt 0.58128 0.47919
vt 0.58136 0.46535
vt 0.59161 0.47969
vt 0.59264 0.46752
vt 0.57839 0.47570
vt 0.57712 0.46535
vt 0.56019 0.46694
vt 0.56235 0.47605
vt 0.59783 0.48355
vt 0.61010 0.46974
vt 0.61406 0.47749
vt 0.60519 0.49709
vt 0.58209 0.48325
vt 0.58031 0.49883
vt 0.58400 0.51229
vt 0.59722 0.51664
vt 0.58386 0.52107
vt 0.57855 0.49939
vt 0.60348 0.50923
vt 0.60082 0.53513
vt 0.59541 0.53403
vt 0.58598 0.52301
vt 0.59208 0.46060
vt 0.59407 0.44208
vt 0.58061 0.44066
vt 0.61406 0.45151
vt 0.60986 0.44064
vt 0.60427 0.42970
vt 0.58592 0.42779
vt 0.57888 0.46317
vt 0.57940 0.42824
vt 0.58424 0.53208
vt 0.58905 0.54181
vt 0.57079 0.47874
vt 0.58037 0.48518
vt 0.56799 0.49489
vt 0.57368 0.52085
vt 0.56787 0.52155
vt 0.57089 0.53065
vt 0.46423 0.16765
vt 0.46002 0.17387
vt 0.46423 0.19130
vt 0.31860 0.29265
vt 0.33544 0.29265
vt 0.31914 0.29434
vt 0.55260 0.04096
vt 0.55260 0.03083
vt 0.55345 0.03790
vt 0.55008 0.03528
vt 0.84891 0.95059
vt 0.84722 0.95317
vt 0.84891 0.95650
vt 0.93025 0.86893
vt 0.92980 0.87199
vt 0.91204 0.86613
vt 0.91513 0.87011
vt 0.94066 0.86613
vt 0.93447 0.88133
vt 0.68188 0.04688
vt 0.67635 0.03927
vt 0.69234 0.03927
vt 0.16545 0.22424
vt 0.15614 0.22676
vt 0.16369 0.23281
vt 0.16815 0.23353
vt 0.15781 0.22424
vt 0.17214 0.23248
vt 0.15682 0.23263
vt 0.96060 0.37488
vt 0.95973 0.36508
vt 0.96583 0.37056
vt 0.96840 0.36191
vt 0.95444 0.37254
vt 0.95477 0.37728
vt 0.94906 0.36803
vt 0.95636 0.36369
vt 0.96091 0.38911
vt 0.97012 0.37953
vt 0.96927 0.39278
vt 0.96635 0.39902
vt 0.96441 0.40097
vt 0.94402 0.38748
vt 0.94707 0.40135
vt 0.94743 0.40631
vt 0.97012 0.40667
vt 0.94670 0.37785
vt 0.14021 0.47837
vt 0.13918 0.47362
vt 0.13506 0.47752
vt 0.13784 0.48184
vt 0.14113 0.46971
vt 0.13572 0.46806
vt 0.14499 0.45991
vt 0.13426 0.45988
vt 0.14539 0.46600
vt 0.14857 0.45988
vt 0.94402 0.84502
vt 0.94402 0.83488
vt 0.94066 0.83609
vt 0.60732 0.69975
vt 0.60079 0.70228
vt 0.59806 0.69975
vt 0.14773 0.15838
vt 0.16035 0.15691
vt 0.15594 0.16167
vt 0.15140 0.16762
vt 0.16035 0.16850
vt 0.15373 0.15498
vt 0.51978 0.45925
vt 0.52428 0.45716
vt 0.52483 0.47255
vt 0.52483 0.45481
vt 0.22096 0.61865
vt 0.22089 0.60938
vt 0.21591 0.61797
vt 0.22089 0.62796
vt 0.65924 0.69172
vt 0.67303 0.69775
vt 0.66300 0.68993
vt 0.67290 0.68914
vt 0.65787 0.69752
vt 0.66413 0.70988
vt 0.67466 0.68539
vt 0.65657 0.69061
vt 0.65723 0.68539
vt 0.65530 0.68796
vt 0.21507 0.03831
vt 0.22264 0.03346
vt 0.21740 0.04061
vt 0.22264 0.04434
vt 0.21744 0.03167
vt 0.25368 0.21646
vt 0.23115 0.21299
vt 0.23210 0.22490
vt 0.24891 0.20580
vt 0.21807 0.22652
vt 0.20105 0.22031
vt 0.19007 0.21272
vt 0.19924 0.20882
vt 0.19402 0.20654
vt 0.20983 0.20563
vt 0.19884 0.23391
vt 0.24911 0.23052
vt 0.25630 0.22673
vt 0.24166 0.22988
vt 0.25732 0.23271
vt 0.23887 0.23157
vt 0.24528 0.23343
vt 0.25385 0.23477
vt 0.24874 0.23606
vt 0.22384 0.20515
vt 0.24679 0.20291
vt 0.23458 0.19641
vt 0.24013 0.19299
vt 0.18985 0.20115
vt 0.17887 0.19299
vt 0.26220 0.23123
vt 0.26470 0.22441
vt 0.26911 0.22764
vt 0.26997 0.22047
vt 0.27315 0.22567
vt 0.23317 0.22732
vt 0.47854 0.64622
vt 0.48106 0.64907
vt 0.48106 0.64316
vt 0.74453 0.34840
vt 0.73948 0.35049
vt 0.74453 0.36360
vt 0.28577 0.85093
vt 0.29924 0.85093
vt 0.29075 0.85346
vt 0.90129 0.47237
vt 0.89641 0.46105
vt 0.90133 0.46265
vt 0.89488 0.45325
vt 0.89352 0.45492
vt 0.90699 0.48606
vt 0.89989 0.45302
vt 0.90598 0.45669
vt 0.90699 0.44769
vt 0.89881 0.44637
vt 0.47921 0.08657
vt 0.47938 0.08826
vt 0.47601 0.08826
vt 0.22601 0.83150
vt 0.22938 0.83150
vt 0.22921 0.83319
vt 0.66279 0.54834
vt 0.65776 0.57438
vt 0.66481 0.57240
vt 0.63678 0.58340
vt 0.64023 0.55965
vt 0.64220 0.54087
vt 0.65578 0.58574
vt 0.66423 0.57709
vt 0.66092 0.54590
vt 0.65986 0.53974
vt 0.64978 0.53505
vt 0.66704 0.55238
vt 0.66498 0.58397
vt 0.66722 0.58070
vt 0.67045 0.59079
vt 0.66413 0.58726
vt 0.66733 0.58790
vt 0.66476 0.53636
vt 0.66856 0.54509
vt 0.66951 0.53505
vt 0.66802 0.54888
vt 0.32784 0.03832
vt 0.33688 0.04234
vt 0.33707 0.03580
vt 0.34599 0.03505
vt 0.34864 0.04282
vt 0.35396 0.03698
vt 0.32801 0.03557
vt 0.30934 0.03505
vt 0.33381 0.04408
vt 0.34214 0.04688
vt 0.35615 0.13264
vt 0.35143 0.11596
vt 0.35978 0.12882
vt 0.36237 0.13651
vt 0.35698 0.14147
vt 0.35979 0.11949
vt 0.36237 0.11106
vt 0.63344 0.43286
vt 0.63778 0.43784
vt 0.62270 0.43978
vt 0.63931 0.41596
vt 0.62919 0.42835
vt 0.62106 0.43487
vt 0.62076 0.42563
vt 0.61995 0.43093
vt 0.62425 0.42290
vt 0.62972 0.41853
vt 0.63668 0.41656
vt 0.63867 0.43974
vt 0.63038 0.44965
vt 0.63931 0.45036
vt 0.62263 0.44767
vt 0.62339 0.45215
vt 0.63293 0.45650
vt 0.23601 0.84696
vt 0.23448 0.84823
vt 0.23688 0.85177
vt 0.24705 0.84586
vt 0.21170 0.84586
vt 0.95076 0.30194
vt 0.93813 0.30194
vt 0.94085 0.30701
vt 0.94944 0.30490
vt 0.87583 0.59402
vt 0.85900 0.60186
vt 0.87460 0.60283
vt 0.85351 0.59248
vt 0.85311 0.60153
vt 0.85814 0.61048
vt 0.87583 0.60897
vt 0.86101 0.61782
vt 0.88427 0.60643
vt 0.88038 0.59949
vt 0.88742 0.60405
vt 0.88931 0.59965
vt 0.88923 0.59331
vt 0.88837 0.59248
vt 0.77811 0.33035
vt 0.77433 0.31267
vt 0.78510 0.31545
vt 0.78160 0.29167
vt 0.76786 0.30252
vt 0.76319 0.31489
vt 0.76136 0.31934
vt 0.76370 0.33934
vt 0.76987 0.33293
vt 0.77527 0.34054
vt 0.76996 0.29730
vt 0.77295 0.27712
vt 0.76831 0.33995
vt 0.76552 0.34249
vt 0.79341 0.27415
vt 0.76943 0.27407
vt 0.76439 0.27895
vt 0.79457 0.33457
vt 0.78718 0.35562
vt 0.77605 0.35448
vt 0.77642 0.37353
vt 0.78478 0.37875
vt 0.79513 0.37880
vt 0.79672 0.29925
vt 0.79672 0.35326
vt 0.76630 0.34815
vt 0.76936 0.35531
vt 0.76390 0.35789
vt 0.15278 0.00042
vt 0.15278 0.01056
vt 0.14375 0.00064
vt 0.13258 0.00544
vt 0.26052 0.68961
vt 0.26052 0.68454
vt 0.25126 0.68496
vt 0.52146 0.06775
vt 0.52652 0.07137
vt 0.52652 0.05870
vt 0.52201 0.06179
vt 0.85816 0.41226
vt 0.85968 0.40498
vt 0.86153 0.41001
vt 0.86153 0.41596
vt 0.86920 0.30662
vt 0.87837 0.30125
vt 0.87598 0.29694
vt 0.87837 0.30785
vt 0.86827 0.29939
vt 0.87113 0.29434
vt 0.38763 0.91755
vt 0.39352 0.91934
vt 0.39352 0.91512
vt 0.65847 0.93608
vt 0.65442 0.95183
vt 0.64795 0.91475
vt 0.66543 0.96289
vt 0.66055 0.97088
vt 0.66901 0.97427
vt 0.67432 0.98914
vt 0.68140 0.99147
vt 0.66653 0.99720
vt 0.67542 0.99873
vt 0.65399 0.91729
vt 0.65361 0.90665
vt 0.64099 0.88869
vt 0.64519 0.88319
vt 0.65425 0.89494
vt 0.65806 0.88633
vt 0.65758 0.87965
vt 0.68140 0.88012
vt 0.82846 0.36252
vt 0.83328 0.36741
vt 0.82113 0.37376
vt 0.83216 0.39491
vt 0.82279 0.40203
vt 0.83493 0.34356
vt 0.82839 0.33547
vt 0.82869 0.41127
vt 0.83785 0.33858
vt 0.83391 0.32789
vt 0.83965 0.38257
vt 0.83858 0.32678
vt 0.83247 0.30532
vt 0.83965 0.36459
vt 0.83700 0.40418
vt 0.83810 0.39292
vt 0.83764 0.41343
vt 0.06950 0.55314
vt 0.06175 0.55026
vt 0.05959 0.55617
vt 0.08544 0.54688
vt 0.08317 0.55074
vt 0.05585 0.54688
vt 0.05563 0.55601
vt 0.04756 0.55357
vt 0.87822 0.88591
vt 0.87568 0.88400
vt 0.87481 0.88782
vt 0.88304 0.89231
vt 0.88310 0.88750
vt 0.88342 0.88218
vt 0.87332 0.88218
vt 0.72769 0.95110
vt 0.72685 0.94806
vt 0.72685 0.95397
vt 0.65894 0.47197
vt 0.65949 0.46833
vt 0.66709 0.47135
vt 0.66703 0.46595
vt 0.65712 0.46579
vt 0.65699 0.46681
vt 0.66703 0.47846
vt 0.31569 0.46427
vt 0.29314 0.46663
vt 0.29889 0.47331
vt 0.31860 0.46796
vt 0.31811 0.47578
vt 0.30266 0.46326
vt 0.29292 0.46326
vt 0.28998 0.47677
vt 0.51389 0.56968
vt 0.51318 0.56630
vt 0.50654 0.56953
vt 0.50295 0.56630
vt 0.57898 0.25296
vt 0.58044 0.24776
vt 0.58207 0.25256
vt 0.57534 0.24899
vt 0.57599 0.24516
vt 0.57711 0.24320
vt 0.57667 0.23775
vt 0.58207 0.24199
vt 0.13258 0.83488
vt 0.12715 0.82850
vt 0.13258 0.82306
vt 0.12500 0.83293
vt 0.12510 0.82315
vt 0.83628 0.12373
vt 0.83039 0.12888
vt 0.83628 0.13302
vt 0.26449 0.82359
vt 0.25676 0.82406
vt 0.26402 0.81238
vt 0.25564 0.83252
vt 0.24958 0.81751
vt 0.23864 0.83166
vt 0.24709 0.83850
vt 0.25661 0.80905
vt 0.25726 0.80281
vt 0.27762 0.79204
vt 0.26787 0.78173
vt 0.28048 0.75556
vt 0.28677 0.77972
vt 0.29013 0.76967
vt 0.29200 0.76112
vt 0.29206 0.74624
vt 0.28033 0.74512
vt 0.27332 0.83488
vt 0.27044 0.85434
vt 0.27522 0.84572
vt 0.28733 0.85521
vt 0.28940 0.86516
vt 0.30549 0.87012
vt 0.29760 0.88057
vt 0.31049 0.88063
vt 0.31888 0.87764
vt 0.32304 0.86488
vt 0.32955 0.88554
vt 0.32861 0.87107
vt 0.27520 0.86671
vt 0.32016 0.89400
vt 0.28836 0.74085
vt 0.30124 0.73856
vt 0.30093 0.75122
vt 0.32193 0.75307
vt 0.31282 0.73606
vt 0.31434 0.77078
vt 0.32955 0.76137
vt 0.30288 0.76054
vt 0.30085 0.88868
vt 0.68645 0.45042
vt 0.69402 0.45385
vt 0.69042 0.46157
vt 0.69402 0.44552
vt 0.61582 0.26151
vt 0.61658 0.25380
vt 0.60892 0.25686
vt 0.60148 0.25380
vt 0.62101 0.26174
vt 0.62753 0.25885
vt 0.60487 0.26225
vt 0.59722 0.25770
vt 0.24898 0.69976
vt 0.23689 0.70224
vt 0.24236 0.70514
vt 0.25453 0.70381
vt 0.23779 0.71242
vt 0.23198 0.70293
vt 0.23190 0.70906
vt 0.24302 0.71117
vt 0.23830 0.69637
vt 0.25800 0.69637
vt 0.84238 0.00364
vt 0.84502 0.01394
vt 0.84773 0.00565
vt 0.85243 0.01152
vt 0.83291 0.01037
vt 0.85396 0.00211
vt 0.83536 0.00211
vt 0.39320 0.51985
vt 0.40194 0.51647
vt 0.39182 0.51647
vt 0.38678 0.51787
vt 0.86218 0.74282
vt 0.86369 0.73860
vt 0.85480 0.73860
vt 0.86490 0.74155
vt 0.99624 0.34717
vt 0.99752 0.35500
vt 0.99101 0.34947
vt 0.99237 0.34079
vt 0.99790 0.34147
vt 0.98274 0.35561
vt 0.99790 0.36594
vt 0.99330 0.36698
vt 0.91961 0.03421
vt 0.92887 0.03421
vt 0.92310 0.03927
vt 0.92326 0.82881
vt 0.93231 0.84524
vt 0.91706 0.84399
vt 0.93212 0.85026
vt 0.92673 0.85348
vt 0.91145 0.85814
vt 0.91477 0.85938
vt 0.90783 0.84901
vt 0.90904 0.85532
vt 0.91096 0.84152
vt 0.93823 0.83889
vt 0.93191 0.82112
vt 0.94318 0.81386
vt 0.93615 0.80025
vt 0.91640 0.81519
vt 0.94061 0.84698
vt 0.93940 0.84917
vt 0.91166 0.82409
vt 0.91400 0.83685
vt 0.91493 0.82576
vt 0.94104 0.84894
vt 0.94318 0.84781
vt 0.34202 0.45623
vt 0.34172 0.46579
vt 0.34565 0.45753
vt 0.35066 0.45730
vt 0.35676 0.45929
vt 0.35616 0.45481
vt 0.36237 0.45558
vt 0.33961 0.46153
vt 0.33627 0.46571
vt 0.33441 0.45481
vt 0.33271 0.45490
vt 0.33109 0.45882
vt 0.33039 0.45593
vt 0.03887 0.80787
vt 0.04082 0.81330
vt 0.03409 0.81337
vt 0.03513 0.80701
vt 0.04082 0.81968
vt 0.40109 0.91174
vt 0.39749 0.91596
vt 0.39604 0.91174
vt 0.31938 0.84144
vt 0.32197 0.84079
vt 0.31524 0.84079
vt 0.32091 0.84586
vt 0.89604 0.11275
vt 0.89604 0.09924
vt 0.89184 0.10442
vt 0.31390 0.14823
vt 0.31716 0.15076
vt 0.31785 0.14823
vt 0.32197 0.15075
vt 0.31355 0.15011
vt 0.39268 0.90583
vt 0.39857 0.90583
vt 0.39757 0.90752
vt 0.41709 0.27998
vt 0.41535 0.28421
vt 0.41204 0.27998
vt 0.66709 0.74873
vt 0.66588 0.73944
vt 0.66247 0.74757
vt 0.65278 0.73944
vt 0.45665 0.29012
vt 0.46507 0.29012
vt 0.46173 0.29772
vt 0.56936 0.55411
vt 0.57512 0.55253
vt 0.57196 0.56063
vt 0.57749 0.55924
vt 0.56355 0.55923
vt 0.57874 0.55450
vt 0.57837 0.54449
vt 0.58796 0.56377
vt 0.58796 0.54265
vt 0.57118 0.54915
vt 0.96718 0.20328
vt 0.97180 0.18201
vt 0.97180 0.20351
vt 0.96507 0.18481
vt 0.96863 0.21242
vt 0.73022 0.89907
vt 0.73022 0.89062
vt 0.72348 0.89605
vt 0.47180 0.99620
vt 0.48443 0.99620
vt 0.47784 0.99958
vt 0.18561 0.63387
vt 0.19957 0.63957
vt 0.20244 0.63387
vt 0.19507 0.64231
vt 0.57628 0.25876
vt 0.58436 0.26457
vt 0.58801 0.25024
vt 0.57332 0.26535
vt 0.58372 0.27376
vt 0.59493 0.26168
vt 0.56624 0.28328
vt 0.59480 0.25406
vt 0.61658 0.23304
vt 0.56683 0.25617
vt 0.55938 0.24276
vt 0.56102 0.27109
vt 0.55259 0.24001
vt 0.55812 0.24950
vt 0.59846 0.23856
vt 0.61303 0.22677
vt 0.54672 0.22677
vt 0.58804 0.27990
vt 0.60705 0.26792
vt 0.58881 0.28296
vt 0.57315 0.29670
vt 0.60792 0.27797
vt 0.60157 0.28605
vt 0.58362 0.28117
vt 0.58045 0.28377
vt 0.56702 0.29947
vt 0.57321 0.28596
vt 0.57874 0.30363
vt 0.83569 0.94268
vt 0.82163 0.95125
vt 0.82806 0.93675
vt 0.83276 0.96448
vt 0.82577 0.97137
vt 0.81355 0.95874
vt 0.85059 0.96703
vt 0.83951 0.97272
vt 0.81427 0.97190
vt 0.80345 0.97424
vt 0.80836 0.95802
vt 0.81135 0.94926
vt 0.82129 0.94798
vt 0.81357 0.93649
vt 0.83041 0.93273
vt 0.82496 0.92335
vt 0.83400 0.92085
vt 0.82425 0.91473
vt 0.82158 0.90942
vt 0.83440 0.90921
vt 0.83820 0.92335
vt 0.84402 0.91793
vt 0.85059 0.90933
vt 0.83808 0.90121
vt 0.84728 0.90076
vt 0.53192 0.07211
vt 0.54916 0.07132
vt 0.54302 0.07652
vt 0.53012 0.06475
vt 0.55429 0.07349
vt 0.52811 0.07989
vt 0.52515 0.07673
vt 0.55263 0.06461
vt 0.55429 0.08657
vt 0.52483 0.07397
vt 0.57870 0.63039
vt 0.58712 0.63202
vt 0.58467 0.62733
vt 0.58492 0.63726
vt 0.58712 0.61613
vt 0.58045 0.64485
vt 0.66120 0.05995
vt 0.66456 0.07475
vt 0.66456 0.05870
vt 0.86390 0.37400
vt 0.88655 0.36188
vt 0.87105 0.36096
vt 0.87882 0.37303
vt 0.89015 0.36461
vt 0.86069 0.37880
vt 0.87255 0.35798
vt 0.88274 0.35855
vt 0.86273 0.36588
vt 0.86725 0.35600
vt 0.88747 0.37767
vt 0.88934 0.35600
vt 0.10681 0.84648
vt 0.11053 0.84924
vt 0.11330 0.84322
vt 0.09724 0.84079
vt 0.11408 0.84632
vt 0.11995 0.84079
vt 0.11969 0.84591
vt 0.09217 0.84232
vt 0.81103 0.67930
vt 0.81524 0.68285
vt 0.81524 0.67779
vt 0.98225 0.85990
vt 0.97769 0.85640
vt 0.97772 0.86012
vt 0.98443 0.84924
vt 0.97899 0.86444
vt 0.98443 0.86436
vt 0.65025 0.00718
vt 0.64694 0.01140
vt 0.64689 0.00718
vt 0.07365 0.63725
vt 0.07388 0.63949
vt 0.07551 0.63978
vt 0.08039 0.63725
vt 0.99728 0.64108
vt 0.98789 0.64493
vt 0.99076 0.63676
vt 0.99723 0.63512
vt 0.98687 0.63962
vt 0.99874 0.64849
vt 0.99308 0.65160
vt 0.98612 0.64894
vt 0.98527 0.64370
vt 0.99874 0.63133
vt 0.08472 0.00887
vt 0.07115 0.00887
vt 0.08032 0.01348
vt 0.08880 0.01140
vt 0.07261 0.01394
vt 0.06860 0.01090
vt 0.81608 0.13888
vt 0.82618 0.13387
vt 0.81724 0.13387
vt 0.81929 0.13894
vt 0.10783 0.55133
vt 0.11406 0.55785
vt 0.11406 0.54772
vt 0.09891 0.55261
vt 0.99789 0.07221
vt 0.98753 0.07221
vt 0.98602 0.08201
vt 0.99958 0.08319
vt 0.98359 0.07493
vt 0.45259 0.29688
vt 0.44770 0.30194
vt 0.45665 0.29935
vt 0.44234 0.29688
vt 0.05427 0.74120
vt 0.06762 0.73011
vt 0.07190 0.74863
vt 0.07977 0.74509
vt 0.07392 0.73449
vt 0.08123 0.73808
vt 0.07628 0.72918
vt 0.06166 0.73227
vt 0.05740 0.72780
vt 0.05839 0.73313
vt 0.05345 0.72762
vt 0.05460 0.73202
vt 0.05484 0.73761
vt 0.08123 0.74299
vt 0.05507 0.74563
vt 0.06417 0.75042
vt 0.87961 0.70120
vt 0.89184 0.68877
vt 0.87568 0.68877
vt 0.88681 0.70220
vt 0.87500 0.69922
vt 0.87549 0.70312
vt 0.83207 0.93688
vt 0.84455 0.94530
vt 0.84306 0.92973
vt 0.83921 0.92863
vt 0.84547 0.92961
vt 0.85143 0.94552
vt 0.85047 0.92863
vt 0.37165 0.43249
vt 0.35840 0.43697
vt 0.36101 0.43961
vt 0.37016 0.43738
vt 0.35719 0.42525
vt 0.35469 0.43593
vt 0.36184 0.42603
vt 0.35519 0.43688
vt 0.35143 0.43710
vt 0.37341 0.43914
vt 0.37518 0.43044
vt 0.37508 0.42550
vt 0.38089 0.42525
vt 0.37976 0.43094
vt 0.55766 0.42441
vt 0.56633 0.42658
vt 0.56041 0.43117
vt 0.56321 0.42472
vt 0.56943 0.42802
vt 0.57029 0.42441
vt 0.92173 0.58006
vt 0.92298 0.58488
vt 0.92130 0.58123
vt 0.92298 0.57728
vt 0.29125 0.60346
vt 0.28830 0.60515
vt 0.29119 0.60468
vt 0.29503 0.60515
vt 0.29073 0.60503
vt 0.28662 0.88133
vt 0.28884 0.88049
vt 0.28998 0.88133
vt 0.20665 0.82221
vt 0.20665 0.80785
vt 0.20076 0.81299
vt 0.05333 0.13302
vt 0.05566 0.12711
vt 0.04912 0.12803
vt 0.04082 0.12711
vt 0.05850 0.12853
vt 0.19487 0.56507
vt 0.19158 0.56879
vt 0.19487 0.56883
vt 0.19066 0.56377
vt 0.24200 0.15919
vt 0.24705 0.16161
vt 0.24405 0.16258
vt 0.24705 0.15414
vt 0.09806 0.61565
vt 0.10311 0.61275
vt 0.10311 0.61613
vt 0.09935 0.61346
vt 0.44823 0.93201
vt 0.45328 0.93201
vt 0.44934 0.93370
vt 0.70918 0.66850
vt 0.72349 0.66850
vt 0.71186 0.67670
vt 0.72517 0.67779
vt 0.71675 0.22290
vt 0.71832 0.21818
vt 0.72264 0.21579
vt 0.72264 0.22931
vt 0.48774 0.42441
vt 0.48417 0.43187
vt 0.47353 0.43157
vt 0.45665 0.42441
vt 0.45734 0.43164
vt 0.49343 0.43092
vt 0.50295 0.42499
vt 0.48617 0.43623
vt 0.47943 0.43515
vt 0.27220 0.74873
vt 0.26894 0.73860
vt 0.28072 0.73860
vt 0.99116 0.62611
vt 0.99874 0.61951
vt 0.99223 0.62068
vt 0.99874 0.62627
vt 0.25234 0.01357
vt 0.25413 0.00873
vt 0.25318 0.00483
vt 0.25554 0.01095
vt 0.25741 0.00926
vt 0.25800 0.00380
vt 0.24116 0.00380
vt 0.24209 0.01136
vt 0.24528 0.02154
vt 0.98190 0.98691
vt 0.98190 0.97508
vt 0.97938 0.98252
vt 0.87163 0.82919
vt 0.87416 0.83235
vt 0.87416 0.82644
vt 0.66709 0.42694
vt 0.66456 0.42739
vt 0.66709 0.43117
vt 0.71002 0.00092
vt 0.71306 0.00379
vt 0.71675 0.00042
vt 0.71675 0.00549
vt 0.59638 0.90414
vt 0.60311 0.90414
vt 0.59755 0.90836
vt 0.23948 0.96157
vt 0.24453 0.96157
vt 0.23978 0.96748
vt 0.80093 0.79012
vt 0.80093 0.78421
vt 0.79756 0.78679
vt 0.04307 0.26056
vt 0.04503 0.25633
vt 0.04017 0.25788
vt 0.03830 0.25633
vt 0.02231 0.54895
vt 0.02664 0.54691
vt 0.02280 0.55128
vt 0.02558 0.54265
vt 0.02820 0.55363
vt 0.02820 0.54365
vt 0.02260 0.55338
vt 0.55358 0.56694
vt 0.54924 0.56574
vt 0.55577 0.56883
vt 0.55016 0.56292
vt 0.55609 0.56459
vt 0.55361 0.56421
vt 0.55812 0.56826
vt 0.56019 0.56773
vt 0.55959 0.56292
vt 0.36039 0.22931
vt 0.34614 0.22465
vt 0.35503 0.22056
vt 0.34301 0.22002
vt 0.36574 0.22002
vt 0.53808 0.42441
vt 0.52776 0.42495
vt 0.53327 0.42967
vt 0.53656 0.43117
vt 0.54167 0.42982
vt 0.52231 0.42441
vt 0.53929 0.65836
vt 0.53821 0.65414
vt 0.54840 0.65466
vt 0.53493 0.65466
vt 0.14945 0.04829
vt 0.13847 0.04772
vt 0.14822 0.05448
vt 0.16540 0.04772
vt 0.51791 0.98353
vt 0.53372 0.99711
vt 0.50877 0.99099
vt 0.53577 0.98783
vt 0.51018 0.99958
vt 0.50703 0.98353
vt 0.50126 0.98533
vt 0.28387 0.29181
vt 0.28651 0.28726
vt 0.29242 0.29097
vt 0.28278 0.28505
vt 0.30429 0.28505
vt 0.27146 0.28664
vt 0.44864 0.41974
vt 0.45160 0.42523
vt 0.44234 0.42232
vt 0.44950 0.42694
vt 0.44361 0.41867
vt 0.45160 0.41765
vt 0.28915 0.68370
vt 0.29756 0.68370
vt 0.29325 0.68792
vt 0.28830 0.68757
vt 0.65194 0.98860
vt 0.65867 0.98860
vt 0.65664 0.99198
vt 0.08375 0.59045
vt 0.08628 0.59586
vt 0.08628 0.58910
vt 0.16639 0.47545
vt 0.17352 0.48696
vt 0.17680 0.47635
vt 0.15679 0.48750
vt 0.18375 0.46800
vt 0.17651 0.45691
vt 0.20383 0.46963
vt 0.19333 0.45588
vt 0.21280 0.46151
vt 0.21453 0.47654
vt 0.18763 0.48340
vt 0.20415 0.48231
vt 0.19712 0.50089
vt 0.21325 0.50075
vt 0.20671 0.50979
vt 0.19275 0.51362
vt 0.18914 0.50691
vt 0.16737 0.51515
vt 0.18502 0.52154
vt 0.17152 0.50401
vt 0.15393 0.50206
vt 0.16292 0.49486
vt 0.15064 0.49636
vt 0.15084 0.48213
vt 0.13713 0.49002
vt 0.13564 0.50424
vt 0.16189 0.47291
vt 0.14539 0.47280
vt 0.15616 0.45779
vt 0.17357 0.45201
vt 0.14561 0.52008
vt 0.19608 0.45032
vt 0.17909 0.43959
vt 0.16453 0.44064
vt 0.15568 0.44498
vt 0.20054 0.43848
vt 0.21571 0.44272
vt 0.21324 0.45105
vt 0.22264 0.42963
vt 0.16949 0.52142
vt 0.21295 0.42694
vt 0.18123 0.46105
vt 0.15661 0.42694
vt 0.16805 0.49166
vt 0.16948 0.49832
vt 0.18477 0.50093
vt 0.20022 0.48546
vt 0.14565 0.45143
vt 0.13426 0.44202
vt 0.45224 0.56425
vt 0.45044 0.56664
vt 0.45525 0.56227
vt 0.45479 0.56086
vt 0.45898 0.55920
vt 0.46188 0.56883
vt 0.45189 0.56414
vt 0.46807 0.56880
vt 0.45807 0.55464
vt 0.47433 0.55833
vt 0.45922 0.54970
vt 0.44823 0.55426
vt 0.45172 0.54856
vt 0.47228 0.56577
vt 0.47428 0.54856
vt 0.59049 0.81162
vt 0.59386 0.81377
vt 0.59386 0.80279
vt 0.36754 0.01225
vt 0.37111 0.02907
vt 0.38221 0.02199
vt 0.36641 0.02318
vt 0.36701 0.02554
vt 0.38288 0.01263
vt 0.39059 0.01225
vt 0.38608 0.02433
vt 0.37758 0.03083
vt 0.38827 0.02806
vt 0.39352 0.01815
vt 0.36406 0.02058
vt 0.38089 0.78674
vt 0.38400 0.78674
vt 0.38763 0.78927
vt 0.49103 0.15448
vt 0.48812 0.17022
vt 0.50218 0.15933
vt 0.47359 0.15748
vt 0.52340 0.18215
vt 0.47974 0.19518
vt 0.50920 0.20059
vt 0.47553 0.17285
vt 0.51406 0.19812
vt 0.51785 0.19839
vt 0.52634 0.16761
vt 0.50501 0.14810
vt 0.52736 0.15500
vt 0.51797 0.14485
vt 0.46766 0.14703
vt 0.48275 0.14485
vt 0.45581 0.15669
vt 0.47637 0.16637
vt 0.46594 0.16322
vt 0.92971 0.20059
vt 0.93561 0.20228
vt 0.93561 0.19637
vt 0.22374 0.07649
vt 0.22410 0.08488
vt 0.22818 0.07948
vt 0.22158 0.07989
vt 0.23440 0.07996
vt 0.23948 0.07390
vt 0.21928 0.07390
vt 0.98038 0.08905
vt 0.97421 0.08914
vt 0.97587 0.09990
vt 0.98187 0.10431
vt 0.98274 0.08488
vt 0.97180 0.08488
vt 0.34722 0.51562
vt 0.34217 0.52983
vt 0.34722 0.53083
vt 0.34382 0.51640
vt 0.88322 0.09787
vt 0.88991 0.10049
vt 0.89098 0.11512
vt 0.88089 0.12285
vt 0.88909 0.12424
vt 0.89070 0.08800
vt 0.88466 0.08610
vt 0.89604 0.06799
vt 0.89604 0.13133
vt 0.88257 0.12914
vt 0.96728 0.82468
vt 0.97303 0.81812
vt 0.97262 0.82271
vt 0.96753 0.81933
vt 0.96362 0.82192
vt 0.96535 0.81432
vt 0.97272 0.81401
vt 0.97239 0.80589
vt 0.97580 0.81052
vt 0.97561 0.80586
vt 0.96539 0.83120
vt 0.97329 0.83292
vt 0.97938 0.80829
vt 0.97279 0.83488
vt 0.97385 0.83760
vt 0.97938 0.83789
vt 0.97930 0.83527
vt 0.97361 0.84244
vt 0.95918 0.81499
vt 0.96264 0.80678
vt 0.96512 0.80197
vt 0.97772 0.83827
vt 0.97495 0.84333
vt 0.95933 0.79688
vt 0.96111 0.81704
vt 0.97801 0.81949
vt 0.46507 0.25380
vt 0.46475 0.25971
vt 0.45749 0.25380
vt 0.22043 0.52470
vt 0.22496 0.52298
vt 0.21964 0.51900
vt 0.22769 0.51939
vt 0.21613 0.52492
vt 0.21507 0.51939
vt 0.94118 0.52333
vt 0.93391 0.53144
vt 0.92554 0.52584
vt 0.94106 0.53057
vt 0.94607 0.52157
vt 0.93503 0.51435
vt 0.94081 0.51575
vt 0.94026 0.50590
vt 0.94422 0.50840
vt 0.94640 0.50614
vt 0.94739 0.50185
vt 0.94020 0.49922
vt 0.93151 0.54239
vt 0.94380 0.53789
vt 0.94229 0.54229
vt 0.93551 0.54960
vt 0.94506 0.54731
vt 0.94739 0.55025
vt 0.92774 0.54586
vt 0.91637 0.53234
vt 0.91456 0.52388
vt 0.91811 0.51345
vt 0.92489 0.50957
vt 0.93204 0.50815
vt 0.92866 0.50028
vt 0.92010 0.48944
vt 0.31765 0.36763
vt 0.32618 0.36022
vt 0.32521 0.37053
vt 0.31629 0.37373
vt 0.31271 0.36022
vt 0.43392 0.95904
vt 0.43376 0.97344
vt 0.43213 0.97355
vt 0.43392 0.97508
vt 0.42382 0.95909
vt 0.87535 0.96841
vt 0.88594 0.96835
vt 0.87920 0.96579
vt 0.86976 0.96579
vt 0.87066 0.97340
vt 0.86882 0.96921
vt 0.86827 0.97233
vt 0.98737 0.83465
vt 0.98759 0.82271
vt 0.99360 0.82973
vt 0.98385 0.82659
vt 0.99537 0.84339
vt 0.99537 0.82604
vt 0.98179 0.84199
vt 0.98229 0.84646
vt 0.98101 0.82097
vt 0.98346 0.81724
vt 0.97991 0.84671
vt 0.97854 0.84107
vt 0.98881 0.81292
vt 0.27440 0.26056
vt 0.27191 0.27238
vt 0.27483 0.27085
vt 0.26891 0.26760
vt 0.26447 0.26082
vt 0.26518 0.27103
vt 0.24958 0.26056
vt 0.60648 0.38894
vt 0.59931 0.39062
vt 0.59217 0.38894
vt 0.94696 0.00042
vt 0.93977 0.00055
vt 0.94548 0.00465
vt 0.95412 0.00055
vt 0.93577 0.00338
vt 0.93561 0.00087
vt 0.48695 0.04012
vt 0.47380 0.04181
vt 0.47096 0.04012
vt 0.28998 0.88387
vt 0.27646 0.88843
vt 0.27552 0.89147
vt 0.26810 0.88387
vt 0.61923 0.47086
vt 0.61574 0.46833
vt 0.62163 0.46833
vt 0.91424 0.80964
vt 0.92130 0.80785
vt 0.91889 0.81039
vt 0.91288 0.80785
vt 0.62212 0.90209
vt 0.62660 0.91503
vt 0.61492 0.89714
vt 0.62213 0.88786
vt 0.60919 0.87547
vt 0.62569 0.87141
vt 0.61268 0.93013
vt 0.63433 0.92956
vt 0.59236 0.91648
vt 0.60403 0.93869
vt 0.64015 0.94378
vt 0.60668 0.95237
vt 0.59820 0.93344
vt 0.61913 0.96495
vt 0.63868 0.95180
vt 0.59131 0.92294
vt 0.58862 0.92185
vt 0.61792 0.86523
vt 0.62689 0.86180
vt 0.62211 0.85346
vt 0.60502 0.85864
vt 0.60747 0.86854
vt 0.59777 0.87665
vt 0.60853 0.87073
vt 0.63284 0.86705
vt 0.64015 0.86381
vt 0.58712 0.91562
vt 0.57513 0.31283
vt 0.57799 0.31919
vt 0.56280 0.32052
vt 0.55934 0.31208
vt 0.58375 0.31208
vt 0.89604 0.71314
vt 0.90109 0.71073
vt 0.90076 0.71937
vt 0.90109 0.72762
vt 0.95112 0.17863
vt 0.94768 0.17202
vt 0.94183 0.17240
vt 0.93561 0.16765
vt 0.95415 0.17663
vt 0.95665 0.16765
vt 0.29924 0.07269
vt 0.29335 0.07907
vt 0.29924 0.08940
vt 0.29373 0.06431
vt 0.29362 0.09628
vt 0.29851 0.09840
vt 0.29601 0.05110
vt 0.34386 0.97424
vt 0.34130 0.98184
vt 0.33123 0.97424
vt 0.90818 0.17936
vt 0.90699 0.19489
vt 0.91235 0.18802
vt 0.91372 0.20938
vt 0.90861 0.21579
vt 0.91372 0.16934
vt 0.50267 0.56172
vt 0.50926 0.55247
vt 0.49294 0.55174
vt 0.48784 0.55789
vt 0.49183 0.56776
vt 0.48435 0.56883
vt 0.47601 0.54935
vt 0.47687 0.55595
vt 0.47997 0.54350
vt 0.48408 0.56162
vt 0.50957 0.55818
vt 0.52288 0.55373
vt 0.52395 0.54730
vt 0.53786 0.55273
vt 0.55677 0.54350
vt 0.55482 0.55176
vt 0.56439 0.55011
vt 0.14363 0.92188
vt 0.13089 0.92187
vt 0.13559 0.90836
vt 0.14829 0.90836
vt 0.15362 0.91623
vt 0.15699 0.82559
vt 0.16961 0.82559
vt 0.16387 0.82897
vt 0.44655 0.27998
vt 0.44662 0.28749
vt 0.44971 0.28607
vt 0.45328 0.29096
vt 0.45328 0.28024
vt 0.67584 0.08181
vt 0.66827 0.09004
vt 0.66540 0.07919
vt 0.66769 0.07306
vt 0.67357 0.09417
vt 0.67794 0.08713
vt 0.67644 0.07403
vt 0.68056 0.07719
vt 0.68056 0.09336
vt 0.13587 0.16850
vt 0.13510 0.16427
vt 0.13784 0.16587
vt 0.14520 0.16427
vt 0.60362 0.36191
vt 0.61827 0.35233
vt 0.60618 0.35361
vt 0.61607 0.35093
vt 0.59722 0.36002
vt 0.61445 0.35807
vt 0.59758 0.35093
vt 0.99589 0.21845
vt 0.98636 0.20687
vt 0.98871 0.21324
vt 0.98789 0.22716
vt 0.98402 0.22678
vt 0.99958 0.20650
vt 0.98242 0.21672
vt 0.97935 0.20650
vt 0.97096 0.22372
vt 0.97228 0.20892
vt 0.97927 0.23184
vt 0.60227 0.66512
vt 0.61069 0.66512
vt 0.60511 0.66765
vt 0.96675 0.41627
vt 0.96928 0.42272
vt 0.96928 0.41427
vt 0.53797 0.00127
vt 0.53240 0.01639
vt 0.54011 0.01208
vt 0.53104 0.00518
vt 0.54483 0.02323
vt 0.54756 0.01264
vt 0.54242 0.00337
vt 0.54756 0.00145
vt 0.52375 0.01384
vt 0.52146 0.00387
vt 0.52553 0.01743
vt 0.53118 0.02189
vt 0.95069 0.89971
vt 0.94655 0.89486
vt 0.94975 0.89211
vt 0.95187 0.90752
vt 0.95497 0.90534
vt 0.94849 0.88801
vt 0.95497 0.88725
vt 0.38763 0.42948
vt 0.38089 0.43213
vt 0.38763 0.43708
vt 0.78608 0.38049
vt 0.79082 0.39269
vt 0.78409 0.39047
vt 0.78560 0.39485
vt 0.79082 0.38283
vt 0.95874 0.64268
vt 0.96706 0.65782
vt 0.96095 0.66165
vt 0.94739 0.64435
vt 0.97135 0.64062
vt 0.94949 0.66080
vt 0.97925 0.64944
vt 0.98022 0.64076
vt 0.97741 0.66768
vt 0.97108 0.67694
vt 0.98022 0.67633
vt 0.64171 0.27914
vt 0.66312 0.27688
vt 0.65219 0.26995
vt 0.61911 0.26647
vt 0.66703 0.26719
vt 0.67635 0.26647
vt 0.57786 0.01152
vt 0.57741 0.01527
vt 0.57534 0.01493
vt 0.57572 0.01149
vt 0.57717 0.01900
vt 0.57717 0.00971
vt 0.69907 0.22677
vt 0.70237 0.22931
vt 0.70602 0.22677
vt 0.70749 0.22872
vt 0.55882 0.70330
vt 0.55578 0.70000
vt 0.55618 0.70203
vt 0.55542 0.70397
vt 0.56019 0.70007
vt 0.55311 0.69806
vt 0.55261 0.70007
vt 0.52315 0.24704
vt 0.51978 0.24643
vt 0.52315 0.24029
vt 0.52115 0.24030
vt 0.37163 0.81630
vt 0.37036 0.81968
vt 0.36322 0.81630
vt 0.78280 0.08820
vt 0.78577 0.08742
vt 0.77736 0.08742
vt 0.78363 0.08850
vt 0.78417 0.08995
vt 0.67803 0.93454
vt 0.67551 0.93543
vt 0.67803 0.94299
vt 0.32449 0.46777
vt 0.32702 0.46917
vt 0.32702 0.46410
vt 0.60985 0.43539
vt 0.61658 0.43539
vt 0.61470 0.43708
vt 0.60141 0.01973
vt 0.59891 0.01900
vt 0.60298 0.02238
vt 0.60732 0.01900
vt 0.40076 0.83742
vt 0.40362 0.83877
vt 0.40254 0.83995
vt 0.39773 0.83877
vt 0.40951 0.14512
vt 0.41120 0.14569
vt 0.41120 0.13809
vt 0.83628 0.50776
vt 0.83421 0.51773
vt 0.83123 0.51580
vt 0.83577 0.50296
vt 0.83125 0.51794
vt 0.83577 0.52069
vt 0.83323 0.50478
vt 0.96524 0.97889
vt 0.95348 0.99188
vt 0.95283 0.98160
vt 0.97630 0.98340
vt 0.94910 0.98389
vt 0.94990 0.99183
vt 0.97769 0.99864
vt 0.95502 0.99933
vt 0.95009 0.99503
vt 0.94914 0.99624
vt 0.94487 0.99958
vt 0.95373 0.97665
vt 0.95370 0.97028
vt 0.97769 0.96805
vt 0.95558 0.96326
vt 0.95069 0.41461
vt 0.94980 0.41090
vt 0.94159 0.41934
vt 0.95497 0.41227
vt 0.93926 0.41090
vt 0.93813 0.41877
vt 0.87194 0.93219
vt 0.85461 0.91911
vt 0.86687 0.91506
vt 0.85891 0.93732
vt 0.85873 0.89653
vt 0.86700 0.89904
vt 0.85576 0.95153
vt 0.86558 0.96256
vt 0.88005 0.95996
vt 0.85786 0.96748
vt 0.85227 0.95718
vt 0.88005 0.92713
vt 0.87808 0.91172
vt 0.87731 0.89535
vt 0.86895 0.88218
vt 0.85369 0.88412
vt 0.39487 0.42589
vt 0.42487 0.42694
vt 0.40488 0.41786
vt 0.39326 0.42129
vt 0.42711 0.41690
vt 0.44234 0.41198
vt 0.43980 0.42355
vt 0.42992 0.40667
vt 0.40751 0.41145
vt 0.37584 0.41141
vt 0.38942 0.40667
vt 0.38445 0.42144
vt 0.38500 0.42648
vt 0.75852 0.43210
vt 0.74465 0.40462
vt 0.75397 0.40242
vt 0.74887 0.37956
vt 0.75902 0.38803
vt 0.75635 0.37068
vt 0.75592 0.43851
vt 0.74697 0.45443
vt 0.75695 0.45366
vt 0.75603 0.47002
vt 0.76557 0.46775
vt 0.73503 0.42076
vt 0.73594 0.38791
vt 0.73505 0.37719
vt 0.73869 0.36613
vt 0.72433 0.39918
vt 0.76426 0.44550
vt 0.76507 0.45146
vt 0.76334 0.38284
vt 0.76213 0.44061
vt 0.76557 0.37103
vt 0.77182 0.75863
vt 0.76709 0.74471
vt 0.77851 0.75196
vt 0.78051 0.76779
vt 0.76882 0.77981
vt 0.78698 0.78654
vt 0.78079 0.79772
vt 0.79756 0.79677
vt 0.75754 0.79092
vt 0.76548 0.76223
vt 0.78672 0.74416
vt 0.77766 0.72180
vt 0.79323 0.77933
vt 0.77591 0.70404
vt 0.79085 0.71130
vt 0.79756 0.72900
vt 0.79205 0.70059
vt 0.75913 0.74344
vt 0.76433 0.76275
vt 0.75811 0.72803
vt 0.76388 0.71865
vt 0.75767 0.77676
vt 0.75463 0.76004
vt 0.89015 0.34972
vt 0.90951 0.33883
vt 0.89017 0.33905
vt 0.89529 0.32707
vt 0.90080 0.34958
vt 0.90951 0.35432
vt 0.89725 0.35871
vt 0.89665 0.36951
vt 0.89963 0.32623
vt 0.89503 0.32306
vt 0.90137 0.32527
vt 0.90696 0.32679
vt 0.89265 0.32530
vt 0.51305 0.53167
vt 0.50475 0.53249
vt 0.50549 0.53336
vt 0.49621 0.53167
vt 0.68214 0.84841
vt 0.69556 0.85266
vt 0.69041 0.84742
vt 0.66786 0.86500
vt 0.66726 0.84563
vt 0.69635 0.86384
vt 0.70549 0.85278
vt 0.69776 0.85020
vt 0.70581 0.86561
vt 0.65985 0.86698
vt 0.65520 0.83440
vt 0.63327 0.85834
vt 0.63893 0.83269
vt 0.64002 0.81715
vt 0.64873 0.81940
vt 0.62753 0.81715
vt 0.66035 0.81997
vt 0.15914 0.01816
vt 0.15194 0.02930
vt 0.15733 0.03459
vt 0.13594 0.01816
vt 0.17021 0.03873
vt 0.17045 0.02347
vt 0.16389 0.04301
vt 0.14914 0.03913
vt 0.15806 0.04519
vt 0.15016 0.04444
vt 0.14781 0.04226
vt 0.14413 0.04228
vt 0.45402 0.33172
vt 0.44785 0.31987
vt 0.45208 0.31760
vt 0.44571 0.32497
vt 0.46114 0.31533
vt 0.47226 0.32734
vt 0.46375 0.33013
vt 0.46712 0.31461
vt 0.47407 0.33021
vt 0.47705 0.32158
vt 0.47450 0.31482
vt 0.47769 0.31607
vt 0.47577 0.32593
vt 0.45616 0.33354
vt 0.47769 0.33100
vt 0.46622 0.33488
vt 0.81643 0.28469
vt 0.81902 0.29562
vt 0.81387 0.29726
vt 0.81558 0.30311
vt 0.81271 0.28789
vt 0.81944 0.30954
vt 0.81845 0.28505
vt 0.81944 0.27998
vt 0.93043 0.49029
vt 0.93476 0.48606
vt 0.92914 0.48942
vt 0.92803 0.48606
vt 0.82534 0.33404
vt 0.82534 0.32981
vt 0.82365 0.33079
vt 0.52146 0.85853
vt 0.52652 0.85853
vt 0.52280 0.86022
vt 0.84049 0.10684
vt 0.84722 0.10684
vt 0.84231 0.10769
vt 0.78329 0.16013
vt 0.78916 0.15839
vt 0.78516 0.15541
vt 0.78844 0.16174
vt 0.78293 0.16343
vt 0.79167 0.14942
vt 0.78423 0.15036
vt 0.77327 0.13387
vt 0.76978 0.14405
vt 0.79148 0.13387
vt 0.04962 0.56634
vt 0.06124 0.56369
vt 0.05330 0.57137
vt 0.02847 0.56915
vt 0.07660 0.56623
vt 0.04191 0.56125
vt 0.02931 0.55967
vt 0.02173 0.56945
vt 0.06727 0.55882
vt 0.08375 0.55915
vt 0.02074 0.55463
vt 0.01221 0.55908
vt 0.01619 0.55194
vt 0.08044 0.55501
vt 0.08628 0.55693
vt 0.08298 0.55194
vt 0.07272 0.55565
vt 0.90867 0.59586
vt 0.89904 0.60085
vt 0.90125 0.60632
vt 0.90770 0.60549
vt 0.89639 0.59586
vt 0.89421 0.59908
vt 0.88847 0.60684
vt 0.28788 0.93370
vt 0.28558 0.92567
vt 0.26997 0.93102
vt 0.29804 0.92356
vt 0.26942 0.92433
vt 0.29924 0.92854
vt 0.25884 0.92356
vt 0.74790 0.03083
vt 0.75715 0.04052
vt 0.74798 0.04274
vt 0.75715 0.03096
vt 0.75603 0.04341
vt 0.75106 0.04519
vt 0.00000 1.00000
vt 0.00000 1.00000
vt 0.00000 1.00000
vt 0.00000 1.00000
vt 0.00000 1.00000
vt 0.00000 1.00000
vt 0.00000 1.00000
vt 0.00000 1.00000
vt 0.00000 1.00000
vt 0.00000 1.00000
vt 0.00000 1.00000
vt 0.00000 1.00000
vt 0.00000 1.00000
vt 0.00000 1.00000
vt 0.00000 1.00000
vt 0.00000 1.00000
vt 0.00000 1.00000
vt 0.15783 0.40836
vt 0.15063 0.41042
vt 0.15561 0.41427
vt 0.15025 0.40836
vt 0.49139 0.38640
vt 0.48443 0.38218
vt 0.49200 0.38218
vt 0.69618 0.63343
vt 0.70875 0.64197
vt 0.70514 0.64431
vt 0.70370 0.66512
vt 0.70869 0.63223
vt 0.70584 0.62167
vt 0.69487 0.62195
vt 0.70687 0.65256
vt 0.70918 0.61529
vt 0.70918 0.66251
vt 0.59133 0.78505
vt 0.58460 0.78665
vt 0.59133 0.79181
vt 0.96423 0.64062
vt 0.96423 0.63302
vt 0.96170 0.63819
vt 0.96254 0.00633
vt 0.95547 0.01309
vt 0.95244 0.00633
vt 0.03998 0.14771
vt 0.03998 0.13471
vt 0.03577 0.14362
vt 0.03630 0.15329
vt 0.40614 0.91505
vt 0.40275 0.92948
vt 0.40319 0.91297
vt 0.40311 0.88809
vt 0.40614 0.93961
vt 0.39941 0.93866
vt 0.15576 0.83539
vt 0.17109 0.83467
vt 0.16163 0.83235
vt 0.13678 0.83576
vt 0.16403 0.83657
vt 0.17119 0.83388
vt 0.17971 0.83235
vt 0.99958 0.17272
vt 0.99874 0.17610
vt 0.99958 0.17582
vt 0.54512 0.67441
vt 0.54840 0.67039
vt 0.53803 0.67019
vt 0.53746 0.67039
vt 0.91286 0.49419
vt 0.91540 0.50633
vt 0.91035 0.50492
vt 0.91540 0.49282
vt 0.07449 0.19637
vt 0.06439 0.19299
vt 0.07786 0.19299
vt 0.91793 0.16005
vt 0.91456 0.16765
vt 0.91793 0.18285
vt 0.05598 0.48184
vt 0.05521 0.48944
vt 0.05093 0.48184
vt 0.93032 0.65160
vt 0.92887 0.63522
vt 0.93224 0.63931
vt 0.93224 0.62035
vt 0.95412 0.66570
vt 0.95918 0.66343
vt 0.95628 0.66889
vt 0.95918 0.67188
vt 0.50396 0.64151
vt 0.51575 0.63844
vt 0.50137 0.62666
vt 0.51497 0.61996
vt 0.50125 0.65650
vt 0.49163 0.64098
vt 0.49726 0.65459
vt 0.49544 0.65927
vt 0.50464 0.67190
vt 0.50791 0.65458
vt 0.52575 0.64293
vt 0.51963 0.65782
vt 0.51112 0.66618
vt 0.52658 0.67066
vt 0.51976 0.67507
vt 0.48684 0.64535
vt 0.48157 0.63381
vt 0.51167 0.68313
vt 0.52767 0.68481
vt 0.49630 0.64002
vt 0.49465 0.63221
vt 0.48716 0.61898
vt 0.47563 0.61639
vt 0.49739 0.59597
vt 0.51177 0.60238
vt 0.48197 0.60223
vt 0.50161 0.62048
vt 0.46609 0.60754
vt 0.46314 0.60973
vt 0.45818 0.60419
vt 0.51526 0.68961
vt 0.50730 0.61111
vt 0.52447 0.60397
vt 0.46469 0.57998
vt 0.48613 0.57522
vt 0.46922 0.57221
vt 0.45665 0.58365
vt 0.45935 0.59668
vt 0.50317 0.57232
vt 0.51869 0.57221
vt 0.47133 0.59317
vt 0.52904 0.58624
vt 0.13989 0.06292
vt 0.13259 0.05784
vt 0.12880 0.06241
vt 0.14352 0.05701
vt 0.12332 0.05701
vt 0.19037 0.04039
vt 0.19007 0.02576
vt 0.19580 0.04277
vt 0.19933 0.04260
vt 0.18981 0.04712
vt 0.19483 0.05985
vt 0.22436 0.04903
vt 0.19528 0.06630
vt 0.21473 0.04699
vt 0.22733 0.06481
vt 0.23864 0.06334
vt 0.23864 0.04494
vt 0.01222 0.47171
vt 0.00126 0.47077
vt 0.00976 0.46685
vt 0.00210 0.46410
vt 0.01726 0.46410
vt 0.44655 0.89231
vt 0.43966 0.87400
vt 0.43897 0.89014
vt 0.44655 0.87373
vt 0.20749 0.51140
vt 0.20861 0.51731
vt 0.22702 0.51503
vt 0.23022 0.51140
vt 0.71908 0.34306
vt 0.70497 0.33809
vt 0.71013 0.33573
vt 0.71412 0.34333
vt 0.72517 0.33573
vt 0.75210 0.05025
vt 0.76136 0.05025
vt 0.75393 0.05279
vt 0.99537 0.06174
vt 0.98736 0.05675
vt 0.99453 0.04729
vt 0.99292 0.07137
vt 0.98245 0.06988
vt 0.98700 0.04645
vt 0.99537 0.03336
vt 0.98190 0.04997
vt 0.84873 0.05819
vt 0.83770 0.06178
vt 0.84943 0.06292
vt 0.86406 0.05701
vt 0.83860 0.05701
vt 0.82618 0.06147
vt 0.19492 0.30045
vt 0.18071 0.28918
vt 0.17135 0.29858
vt 0.20488 0.28790
vt 0.20930 0.30319
vt 0.15815 0.28252
vt 0.15225 0.29725
vt 0.21760 0.29780
vt 0.15198 0.30822
vt 0.13731 0.30229
vt 0.14344 0.29186
vt 0.12878 0.28821
vt 0.17693 0.30797
vt 0.21150 0.28649
vt 0.20589 0.31011
vt 0.13364 0.30856
vt 0.19443 0.30975
vt 0.18772 0.30828
vt 0.21947 0.30590
vt 0.22496 0.30899
vt 0.22832 0.29464
vt 0.23051 0.30996
vt 0.22485 0.28252
vt 0.13206 0.30041
vt 0.11490 0.28418
vt 0.21400 0.31123
vt 0.24054 0.30160
vt 0.23714 0.30992
vt 0.24200 0.28716
vt 0.23231 0.28527
vt 0.67971 0.67441
vt 0.69146 0.68370
vt 0.68012 0.68101
vt 0.69655 0.67441
vt 0.26305 0.33404
vt 0.26305 0.32390
vt 0.25800 0.32690
vt 0.21216 0.01140
vt 0.22188 0.00972
vt 0.21565 0.00524
vt 0.22685 0.00380
vt 0.20357 0.00380
vt 0.19992 0.00974
vt 0.99681 0.75114
vt 0.98070 0.73128
vt 0.98021 0.74142
vt 0.97604 0.73583
vt 0.97348 0.72762
vt 0.98458 0.74789
vt 0.98976 0.75633
vt 0.99958 0.72762
vt 0.98060 0.74958
vt 0.66743 0.76512
vt 0.67641 0.76023
vt 0.67750 0.77241
vt 0.67708 0.74942
vt 0.66864 0.73871
vt 0.67438 0.78535
vt 0.66493 0.79608
vt 0.67318 0.80357
vt 0.67278 0.81587
vt 0.66634 0.83205
vt 0.67626 0.82779
vt 0.67110 0.83319
vt 0.67604 0.82096
vt 0.67543 0.81304
vt 0.67703 0.74247
vt 0.67498 0.73112
vt 0.67059 0.72344
vt 0.66128 0.78096
vt 0.66107 0.77102
vt 0.67806 0.72366
vt 0.65764 0.77796
vt 0.67971 0.81377
vt 0.67971 0.71627
vt 0.67069 0.71279
vt 0.65812 0.72588
vt 0.66624 0.73796
vt 0.65939 0.73592
vt 0.65025 0.73322
vt 0.67929 0.70993
vt 0.67706 0.70481
vt 0.95803 0.72938
vt 0.96423 0.72593
vt 0.94823 0.72916
vt 0.96423 0.73353
vt 0.94992 0.85600
vt 0.94992 0.83235
vt 0.94655 0.84383
vt 0.37837 0.56039
vt 0.37837 0.54856
vt 0.37332 0.55180
vt 0.98006 0.89608
vt 0.97473 0.89320
vt 0.97162 0.88174
vt 0.98106 0.91512
vt 0.98106 0.88030
vt 0.97333 0.86275
vt 0.97096 0.89070
vt 0.67369 0.21172
vt 0.66243 0.21690
vt 0.67468 0.22018
vt 0.65872 0.20741
vt 0.64875 0.21868
vt 0.64596 0.21457
vt 0.62280 0.20397
vt 0.63123 0.21110
vt 0.61911 0.20668
vt 0.67768 0.21563
vt 0.68498 0.21758
vt 0.69143 0.22846
vt 0.68877 0.21531
vt 0.70441 0.22260
vt 0.69010 0.20676
vt 0.71650 0.20458
vt 0.71883 0.21169
vt 0.71179 0.22396
vt 0.68239 0.21056
vt 0.73190 0.20397
vt 0.86475 0.87796
vt 0.85822 0.87204
vt 0.85648 0.87682
vt 0.87079 0.87204
vt 0.25463 0.80785
vt 0.25463 0.78252
vt 0.25126 0.79575
vt 0.67045 0.34665
vt 0.66540 0.34292
vt 0.67045 0.33404
vt 0.66605 0.34840
vt 0.66616 0.33523
vt 0.84470 0.39394
vt 0.84891 0.39654
vt 0.84891 0.39147
vt 0.04041 0.06003
vt 0.05481 0.07628
vt 0.05400 0.04552
vt 0.06692 0.06421
vt 0.06596 0.04265
vt 0.02289 0.04265
vt 0.04112 0.08066
vt 0.01770 0.06409
vt 0.01473 0.07345
vt 0.35985 0.97168
vt 0.35780 0.97255
vt 0.35779 0.96714
vt 0.35985 0.96579
vt 0.35648 0.96930
vt 0.67130 0.54171
vt 0.67466 0.53940
vt 0.67466 0.54519
vt 0.67245 0.53843
vt 0.67225 0.54402
vt 0.00000 1.00000
vt 0.00000 1.00000
vt 0.00000 1.00000
vt 0.00000 1.00000
vt 0.00000 1.00000
vt 0.00000 1.00000
vt 0.00000 1.00000
vt 0.00000 1.00000
vt 0.00000 1.00000
vt 0.00000 1.00000
vt 0.00000 1.00000
vt 0.00000 1.00000
vt 0.00000 1.00000
vt 0.00000 1.00000
vt 0.00000 1.00000
vt 0.00000 1.00000
vt 0.00000 1.00000
vt 0.00000 1.00000
vt 0.00000 1.00000
vt 0.00000 1.00000
vt 0.00000 1.00000
vt 0.00000 1.00000
vt 0.00000 1.00000
vt 0.00000 1.00000
vt 0.00000 1.00000
vt 0.00000 1.00000
vt 0.00000 1.00000
vt 0.00000 1.00000
vt 0.00000 1.00000
vt 0.00000 1.00000
vt 0.00000 1.00000
vt 0.00000 1.00000
vt 0.00000 1.00000
vt 0.00000 1.00000
vt 0.00000 1.00000
vt 0.00000 1.00000
vt 0.00000 1.00000
vt 0.00000 1.00000
vt 0.00000 1.00000
vt 0.00000 1.00000
vt 0.00000 1.00000
vt 0.81558 0.45899
vt 0.81974 0.46495
vt 0.81591 0.46406
vt 0.80598 0.46047
vt 0.80714 0.45566
vt 0.82110 0.46131
vt 0.82786 0.45566
vt 0.51688 0.78889
vt 0.51793 0.79911
vt 0.51195 0.79152
vt 0.51894 0.78083
vt 0.51270 0.80085
vt 0.51894 0.80279
vt 0.50884 0.79891
vt 0.47180 0.53843
vt 0.48190 0.53843
vt 0.47425 0.54350
vt 0.35564 0.92610
vt 0.35059 0.92975
vt 0.35564 0.93201
vt 0.01108 0.12929
vt 0.01600 0.12596
vt 0.00985 0.13403
vt 0.00295 0.12996
vt 0.00768 0.12626
vt 0.00654 0.12022
vt 0.01641 0.12232
vt 0.01530 0.12153
vt 0.01228 0.13512
vt 0.01137 0.14316
vt 0.01641 0.13690
vt 0.00619 0.13811
vt 0.00941 0.12555
vt 0.01104 0.11867
vt 0.80513 0.99451
vt 0.80177 0.99528
vt 0.80513 0.99958
vt 0.61827 0.83404
vt 0.61636 0.83147
vt 0.61322 0.83281
vt 0.61827 0.82897
vt 0.69815 0.04091
vt 0.70064 0.04414
vt 0.70160 0.04111
vt 0.69702 0.04546
vt 0.69968 0.04772
vt 0.69571 0.03843
vt 0.70045 0.03843
vt 0.70160 0.03859
vt 0.08715 0.95650
vt 0.08628 0.94637
vt 0.10480 0.94637
vt 0.70328 0.42019
vt 0.70328 0.40160
vt 0.69992 0.41173
vt 0.86995 0.55617
vt 0.87038 0.54688
vt 0.88089 0.54688
vt 0.88057 0.55345
vt 0.56019 0.02998
vt 0.56019 0.02576
vt 0.55429 0.02604
vt 0.07449 0.12289
vt 0.08123 0.12289
vt 0.08100 0.12458
vt 0.94066 0.65921
vt 0.94318 0.65498
vt 0.94227 0.65921
vt 0.41793 0.47086
vt 0.41407 0.47424
vt 0.40951 0.47086
vt 0.90349 0.04434
vt 0.90278 0.04096
vt 0.90699 0.04096
vt 0.67971 0.88387
vt 0.68140 0.88387
vt 0.68101 0.88894
vt 0.54419 0.19975
vt 0.54419 0.19468
vt 0.53998 0.19616
vt 0.26799 0.18065
vt 0.25711 0.16986
vt 0.25748 0.18227
vt 0.24059 0.16681
vt 0.28116 0.16681
vt 0.24021 0.17728
vt 0.23190 0.17142
vt 0.28693 0.17892
vt 0.26837 0.19637
vt 0.28186 0.18864
vt 0.28998 0.19155
vt 0.82041 0.09729
vt 0.81776 0.09440
vt 0.82281 0.09107
vt 0.82010 0.08488
vt 0.82281 0.10093
vt 0.34547 0.98148
vt 0.34975 0.98606
vt 0.34301 0.98273
vt 0.34975 0.97593
vt 0.00000 1.00000
vt 0.00000 1.00000
vt 0.00000 1.00000
vt 0.00000 1.00000
vt 0.00000 1.00000
vt 0.99641 0.01135
vt 0.99176 0.01366
vt 0.98982 0.00647
vt 0.99382 0.01656
vt 0.98638 0.00706
vt 0.98359 0.00380
vt 0.98800 0.01680
vt 0.99183 0.01985
vt 0.99439 0.01865
vt 0.99874 0.01764
vt 0.99804 0.01818
vt 0.98472 0.01050
vt 0.99874 0.00756
vt 0.99143 0.00438
vt 0.60143 0.41850
vt 0.59891 0.42314
vt 0.60143 0.42525
vt 0.55177 0.57812
vt 0.55177 0.57137
vt 0.54672 0.57335
vt 0.75042 0.04603
vt 0.74755 0.05025
vt 0.74453 0.04603
vt 0.10732 0.12433
vt 0.10985 0.12627
vt 0.10985 0.12204
vt 0.98864 0.90193
vt 0.98596 0.90083
vt 0.98864 0.89569
vt 0.98320 0.89772
vt 0.98641 0.90329
vt 0.98274 0.90083
vt 0.17466 0.04871
vt 0.17337 0.04941
vt 0.17337 0.04519
vt 0.17298 0.04837
vt 0.68392 0.97846
vt 0.68330 0.98184
vt 0.67887 0.97846
vt 0.51726 0.98100
vt 0.51349 0.98269
vt 0.51305 0.98100
vt 0.50295 0.05825
vt 0.50126 0.05785
vt 0.50126 0.06208
vt 0.79167 0.95650
vt 0.79034 0.96272
vt 0.79167 0.96326
vt 0.78746 0.95918
vt 0.16288 0.85456
vt 0.16056 0.85177
vt 0.15867 0.85817
vt 0.16288 0.86106
vt 0.06923 0.34065
vt 0.07027 0.34333
vt 0.06805 0.34236
vt 0.06691 0.33911
vt 0.07029 0.33989
vt 0.06524 0.34026
vt 0.06685 0.33797
vt 0.07027 0.33657
vt 0.78079 0.15921
vt 0.78241 0.15414
vt 0.78026 0.15841
vt 0.77904 0.15414
vt 0.81468 0.00949
vt 0.81393 0.00482
vt 0.79921 0.01140
vt 0.78409 0.00380
vt 0.82113 0.00380
vt 0.99719 0.58286
vt 0.99685 0.58650
vt 0.99934 0.58254
vt 0.99958 0.59248
vt 0.99958 0.57897
vt 0.99369 0.58833
vt 0.99701 0.57963
vt 0.18476 0.70397
vt 0.18379 0.70481
vt 0.18056 0.70397
vt 0.40699 0.79563
vt 0.41372 0.80870
vt 0.41372 0.79265
usemtl inf_walk_a
s 1
f 15/15 14/14 4/4
f 4/4 14/14 5/5
f 2/2 4/4 5/5
f 1/1 15/15 4/4
f 15/15 1/1 16/16
f 1/1 4/4 2/2
f 1/1 2/2 3/3
f 13/13 3/3 2/2
f 8/8 16/16 1/1
f 1/1 7/7 8/8
f 13/13 6/6 3/3
f 6/6 1/1 3/3
f 7/7 1/1 6/6
f 12/12 6/6 13/13
f 11/11 6/6 12/12
f 7/7 6/6 9/9
f 6/6 11/11 9/9
f 17/17 18/18 19/19
f 9/9 10/10 7/7
f 31/31 28/28 30/30
f 25/25 29/29 28/28
f 25/25 28/28 26/26
f 30/30 28/28 29/29
f 32/32 27/27 26/26
f 33/33 27/27 32/32
f 25/25 26/26 27/27
f 34/34 27/27 33/33
f 33/33 35/35 34/34
f 35/35 33/33 36/36
f 38/38 37/37 40/40
f 37/37 38/38 39/39
f 20/20 21/21 22/22
f 21/21 24/24 22/22
f 23/23 21/21 20/20
f 50/50 51/51 47/47
f 42/42 47/47 44/44
f 43/43 42/42 44/44
f 41/41 50/50 47/47
f 42/42 41/41 47/47
f 41/41 42/42 43/43
f 45/45 43/43 44/44
f 48/48 45/45 49/49
f 45/45 46/46 43/43
f 45/45 48/48 46/46
f 67/67 69/69 68/68
f 67/67 68/68 66/66
f 54/54 67/67 66/66
f 54/54 66/66 65/65
f 53/53 56/56 54/54
f 52/52 53/53 54/54
f 52/52 54/54 65/65
f 71/71 72/72 73/73
f 74/74 75/75 76/76
f 63/63 72/72 71/71
f 53/53 52/52 55/55
f 63/63 71/71 70/70
f 57/57 64/64 61/61
f 52/52 65/65 64/64
f 52/52 64/64 57/57
f 57/57 61/61 60/60
f 57/57 60/60 58/58
f 55/55 52/52 57/57
f 58/58 55/55 57/57
f 59/59 62/62 55/55
f 63/63 70/70 55/55
f 62/62 63/63 55/55
f 55/55 58/58 59/59
f 78/78 77/77 80/80
f 77/77 78/78 79/79
f 81/81 77/77 79/79
f 81/81 82/82 77/77
f 112/112 111/111 113/113
f 110/110 111/111 112/112
f 111/111 110/110 109/109
f 116/116 120/120 102/102
f 120/120 116/116 121/121
f 109/109 107/107 108/108
f 114/114 115/115 108/108
f 114/114 108/108 106/106
f 107/107 106/106 108/108
f 106/106 107/107 103/103
f 110/110 107/107 109/109
f 116/116 107/107 110/110
f 103/103 107/107 116/116
f 103/103 116/116 102/102
f 103/103 102/102 101/101
f 103/103 105/105 106/106
f 101/101 105/105 103/103
f 105/105 101/101 104/104
f 98/98 101/101 102/102
f 101/101 98/98 99/99
f 99/99 98/98 97/97
f 99/99 104/104 101/101
f 97/97 98/98 84/84
f 97/97 84/84 93/93
f 83/83 84/84 85/85
f 93/93 84/84 83/83
f 83/83 85/85 86/86
f 93/93 83/83 117/117
f 83/83 86/86 87/87
f 117/117 118/118 93/93
f 83/83 100/100 117/117
f 100/100 83/83 94/94
f 94/94 83/83 87/87
f 91/91 87/87 90/90
f 90/90 87/87 89/89
f 88/88 87/87 86/86
f 87/87 88/88 89/89
f 90/90 89/89 96/96
f 122/122 123/123 124/124
f 89/89 88/88 92/92
f 96/96 89/89 92/92
f 92/92 88/88 95/95
f 95/95 88/88 119/119
f 125/125 131/131 132/132
f 127/127 131/131 125/125
f 125/125 132/132 133/133
f 125/125 126/126 127/127
f 125/125 128/128 126/126
f 126/126 128/128 129/129
f 130/130 135/135 126/126
f 130/130 136/136 135/135
f 129/129 130/130 126/126
f 134/134 130/130 129/129
f 139/139 138/138 140/140
f 141/141 139/139 140/140
f 137/137 143/143 138/138
f 137/137 138/138 139/139
f 142/142 139/139 141/141
f 146/146 142/142 141/141
f 145/145 143/143 144/144
f 137/137 144/144 143/143
f 147/147 142/142 146/146
f 149/149 148/148 151/151
f 148/148 149/149 150/150
f 153/153 154/154 155/155
f 148/148 150/150 152/152
f 161/161 162/162 163/163
f 164/164 161/161 163/163
f 161/161 165/165 162/162
f 158/158 157/157 159/159
f 156/156 157/157 158/158
f 156/156 160/160 157/157
f 168/168 167/167 169/169
f 166/166 167/167 168/168
f 166/166 168/168 170/170
f 167/167 166/166 171/171
f 189/189 191/191 192/192
f 187/187 191/191 189/189
f 187/187 189/189 188/188
f 186/186 187/187 188/188
f 176/176 187/187 186/186
f 187/187 176/176 177/177
f 185/185 186/186 190/190
f 185/185 176/176 186/186
f 183/183 176/176 185/185
f 174/174 177/177 176/176
f 176/176 172/172 174/174
f 172/172 176/176 183/183
f 172/172 173/173 174/174
f 172/172 175/175 173/173
f 175/175 172/172 181/181
f 184/184 172/172 183/183
f 175/175 178/178 173/173
f 179/179 178/178 175/175
f 182/182 175/175 181/181
f 175/175 180/180 179/179
f 198/198 197/197 199/199
f 202/202 203/203 204/204
f 197/197 193/193 195/195
f 193/193 197/197 198/198
f 193/193 194/194 195/195
f 196/196 194/194 193/193
f 194/194 196/196 200/200
f 200/200 196/196 201/201
f 206/206 208/208 207/207
f 205/205 206/206 207/207
f 209/209 206/206 205/205
f 212/212 211/211 214/214
f 210/210 211/211 212/212
f 211/211 210/210 213/213
f 217/217 218/218 215/215
f 215/215 216/216 217/217
f 228/228 221/221 227/227
f 219/219 226/226 225/225
f 226/226 219/219 230/230
f 225/225 220/220 219/219
f 219/219 220/220 221/221
f 221/221 220/220 222/222
f 222/222 229/229 223/223
f 221/221 224/224 227/227
f 221/221 223/223 224/224
f 222/222 223/223 221/221
f 252/252 251/251 250/250
f 236/236 250/250 246/246
f 249/249 250/250 251/251
f 250/250 249/249 246/246
f 249/249 247/247 246/246
f 253/253 252/252 250/250
f 254/254 253/253 250/250
f 248/248 241/241 247/247
f 247/247 241/241 246/246
f 246/246 241/241 236/236
f 254/254 250/250 236/236
f 235/235 254/254 236/236
f 254/254 235/235 253/253
f 239/239 236/236 241/241
f 239/239 233/233 236/236
f 235/235 236/236 233/233
f 235/235 233/233 232/232
f 239/239 231/231 233/233
f 231/231 232/232 233/233
f 231/231 239/239 240/240
f 240/240 238/238 231/231
f 234/234 231/231 238/238
f 234/234 232/232 231/231
f 237/237 232/232 234/234
f 238/238 243/243 242/242
f 243/243 238/238 244/244
f 242/242 234/234 238/238
f 255/255 234/234 242/242
f 243/243 245/245 242/242
f 258/258 257/257 245/245
f 259/259 258/258 260/260
f 257/257 258/258 259/259
f 255/255 242/242 256/256
f 245/245 256/256 242/242
f 257/257 256/256 245/245
f 259/259 260/260 261/261
f 259/259 261/261 262/262
f 262/262 261/261 263/263
f 261/261 264/264 263/263
f 264/264 261/261 265/265
f 283/283 284/284 282/282
f 281/281 283/283 282/282
f 282/282 280/280 281/281
f 280/280 279/279 281/281
f 279/279 280/280 278/278
f 278/278 270/270 279/279
f 277/277 270/270 278/278
f 270/270 277/277 267/267
f 270/270 267/267 269/269
f 266/266 267/267 268/268
f 267/267 266/266 269/269
f 271/271 266/266 268/268
f 272/272 266/266 271/271
f 273/273 275/275 276/276
f 273/273 271/271 275/275
f 272/272 271/271 273/273
f 274/274 272/272 273/273
f 308/308 310/310 309/309
f 304/304 308/308 309/309
f 308/308 304/304 301/301
f 301/301 304/304 300/300
f 299/299 301/301 300/300
f 302/302 301/301 299/299
f 300/300 297/297 299/299
f 302/302 305/305 306/306
f 305/305 302/302 299/299
f 299/299 297/297 298/298
f 297/297 288/288 298/298
f 305/305 311/311 306/306
f 288/288 297/297 289/289
f 287/287 288/288 289/289
f 287/287 286/286 288/288
f 285/285 286/286 287/287
f 285/285 287/287 290/290
f 285/285 290/290 291/291
f 293/293 291/291 290/290
f 291/291 292/292 285/285
f 292/292 291/291 293/293
f 294/294 292/292 293/293
f 294/294 296/296 292/292
f 294/294 303/303 296/296
f 303/303 294/294 307/307
f 307/307 294/294 295/295
f 294/294 293/293 295/295
f 316/316 317/317 318/318
f 315/315 314/314 313/313
f 312/312 313/313 314/314
f 322/322 319/319 321/321
f 319/319 320/320 321/321
f 324/324 322/322 325/325
f 322/322 321/321 329/329
f 329/329 325/325 322/322
f 323/323 324/324 325/325
f 326/326 324/324 323/323
f 326/326 323/323 327/327
f 327/327 328/328 326/326
f 330/330 331/331 332/332
f 333/333 334/334 335/335
f 337/337 335/335 334/334
f 335/335 336/336 333/333
f 333/333 336/336 338/338
f 339/339 340/340 336/336
f 336/336 340/340 338/338
f 358/358 359/359 361/361
f 360/360 359/359 357/357
f 357/357 362/362 360/360
f 359/359 358/358 357/357
f 358/358 356/356 357/357
f 363/363 360/360 362/362
f 357/357 355/355 362/362
f 354/354 342/342 355/355
f 354/354 355/355 357/357
f 356/356 354/354 357/357
f 354/354 347/347 342/342
f 354/354 356/356 347/347
f 343/343 342/342 347/347
f 341/341 352/352 353/353
f 341/341 342/342 343/343
f 343/343 347/347 348/348
f 348/348 344/344 343/343
f 344/344 341/341 343/343
f 346/346 344/344 348/348
f 346/346 348/348 349/349
f 341/341 351/351 352/352
f 345/345 351/351 341/341
f 345/345 341/341 344/344
f 346/346 345/345 344/344
f 350/350 351/351 345/345
f 349/349 345/345 346/346
f 345/345 349/349 350/350
f 371/371 364/364 367/367
f 366/366 367/367 364/364
f 368/368 366/366 365/365
f 364/364 365/365 366/366
f 365/365 369/369 368/368
f 369/369 370/370 368/368
f 382/382 380/380 379/379
f 379/379 380/380 381/381
f 375/375 376/376 374/374
f 374/374 373/373 375/375
f 372/372 373/373 374/374
f 372/372 377/377 373/373
f 377/377 378/378 373/373
f 392/392 410/410 396/396
f 392/392 396/396 391/391
f 415/415 416/416 417/417
f 387/387 392/392 391/391
f 388/388 413/413 412/412
f 411/411 388/388 412/412
f 387/387 391/391 388/388
f 390/390 388/388 411/411
f 384/384 390/390 386/386
f 390/390 414/414 386/386
f 385/385 384/384 386/386
f 386/386 389/389 385/385
f 389/389 386/386 414/414
f 385/385 389/389 409/409
f 388/388 390/390 384/384
f 387/387 388/388 384/384
f 383/383 387/387 384/384
f 383/383 384/384 385/385
f 383/383 385/385 393/393
f 394/394 409/409 397/397
f 394/394 397/397 395/395
f 409/409 394/394 385/385
f 393/393 385/385 394/394
f 398/398 395/395 397/397
f 393/393 394/394 395/395
f 399/399 398/398 397/397
f 403/403 395/395 398/398
f 400/400 398/398 399/399
f 401/401 398/398 400/400
f 401/401 403/403 398/398
f 402/402 401/401 400/400
f 406/406 401/401 402/402
f 404/404 400/400 399/399
f 400/400 404/404 405/405
f 408/408 407/407 402/402
f 406/406 402/402 407/407
f 418/418 419/419 420/420
f 421/421 422/422 423/423
f 425/425 422/422 426/426
f 422/422 425/425 423/423
f 424/424 422/422 421/421
f 428/428 430/430 429/429
f 427/427 428/428 429/429
f 431/431 427/427 429/429
f 432/432 427/427 431/431
f 434/434 433/433 436/436
f 436/436 433/433 437/437
f 435/435 438/438 433/433
f 433/433 434/434 435/435
f 442/442 439/439 441/441
f 439/439 440/440 441/441
f 443/443 444/444 445/445
f 454/454 446/446 449/449
f 449/449 446/446 448/448
f 446/446 447/447 448/448
f 452/452 446/446 453/453
f 450/450 447/447 446/446
f 450/450 446/446 451/451
f 452/452 451/451 446/446
f 464/464 472/472 471/471
f 471/471 465/465 464/464
f 464/464 465/465 466/466
f 473/473 474/474 475/475
f 465/465 467/467 466/466
f 455/455 456/456 457/457
f 456/456 458/458 457/457
f 459/459 458/458 456/456
f 458/458 459/459 460/460
f 467/467 468/468 466/466
f 459/459 461/461 460/460
f 469/469 466/466 468/468
f 461/461 462/462 460/460
f 463/463 462/462 461/461
f 469/469 470/470 466/466
f 490/490 491/491 492/492
f 491/491 490/490 489/489
f 488/488 489/489 490/490
f 489/489 488/488 481/481
f 482/482 481/481 488/488
f 481/481 482/482 483/483
f 483/483 485/485 494/494
f 494/494 485/485 495/495
f 483/483 482/482 484/484
f 484/484 482/482 486/486
f 485/485 483/483 484/484
f 487/487 486/486 480/480
f 484/484 486/486 487/487
f 480/480 493/493 487/487
f 477/477 476/476 480/480
f 493/493 480/480 476/476
f 478/478 477/477 479/479
f 476/476 477/477 478/478
f 496/496 499/499 497/497
f 500/500 499/499 496/496
f 500/500 501/501 499/499
f 496/496 497/497 498/498
f 502/502 498/498 497/497
f 503/503 498/498 502/502
f 506/506 509/509 508/508
f 522/522 525/525 524/524
f 517/517 507/507 508/508
f 508/508 507/507 506/506
f 519/519 521/521 520/520
f 504/504 506/506 507/507
f 524/524 523/523 522/522
f 521/521 522/522 523/523
f 519/519 522/522 521/521
f 513/513 507/507 517/517
f 516/516 519/519 518/518
f 520/520 518/518 519/519
f 504/504 505/505 506/506
f 510/510 504/504 507/507
f 511/511 504/504 510/510
f 510/510 513/513 514/514
f 512/512 511/511 510/510
f 512/512 510/510 514/514
f 518/518 504/504 516/516
f 516/516 504/504 515/515
f 515/515 504/504 511/511
f 513/513 510/510 507/507
f 557/557 558/558 559/559
f 558/558 557/557 554/554
f 557/557 553/553 554/554
f 554/554 553/553 552/552
f 552/552 553/553 551/551
f 546/546 552/552 551/551
f 555/555 552/552 546/546
f 556/556 546/546 548/548
f 529/529 549/549 548/548
f 549/549 529/529 550/550
f 552/552 555/555 567/567
f 567/567 555/555 566/566
f 555/555 556/556 549/549
f 546/546 556/556 555/555
f 556/556 548/548 549/549
f 547/547 546/546 551/551
f 562/562 566/566 555/555
f 562/562 555/555 549/549
f 548/548 546/546 529/529
f 526/526 529/529 527/527
f 530/530 546/546 547/547
f 530/530 529/529 546/546
f 529/529 530/530 527/527
f 530/530 531/531 527/527
f 531/531 530/530 537/537
f 526/526 527/527 528/528
f 531/531 528/528 527/527
f 528/528 531/531 532/532
f 533/533 532/532 531/531
f 537/537 535/535 531/531
f 533/533 531/531 535/535
f 564/564 535/535 537/537
f 538/538 535/535 564/564
f 538/538 533/533 535/535
f 533/533 538/538 539/539
f 565/565 564/564 537/537
f 540/540 538/538 570/570
f 570/570 538/538 568/568
f 564/564 568/568 538/538
f 569/569 568/568 564/564
f 532/532 541/541 528/528
f 534/534 541/541 532/532
f 533/533 534/534 532/532
f 534/534 533/533 536/536
f 542/542 545/545 536/536
f 544/544 534/534 536/536
f 544/544 536/536 560/560
f 561/561 544/544 560/560
f 536/536 533/533 539/539
f 542/542 536/536 539/539
f 540/540 539/539 538/538
f 563/563 539/539 540/540
f 542/542 539/539 543/543
f 570/570 568/568 569/569
f 581/581 580/580 582/582
f 574/574 575/575 573/573
f 572/572 574/574 573/573
f 572/572 576/576 574/574
f 571/571 572/572 573/573
f 576/576 580/580 581/581
f 580/580 576/576 579/579
f 579/579 576/576 578/578
f 572/572 577/577 576/576
f 578/578 576/576 577/577
f 583/583 578/578 577/577
f 589/589 590/590 591/591
f 583/583 577/577 571/571
f 584/584 583/583 585/585
f 586/586 571/571 573/573
f 586/586 583/583 571/571
f 585/585 583/583 586/586
f 584/584 578/578 583/583
f 587/587 573/573 575/575
f 573/573 587/587 586/586
f 587/587 588/588 586/586
f 588/588 585/585 586/586
f 595/595 596/596 597/597
f 594/594 596/596 595/595
f 592/592 594/594 595/595
f 592/592 593/593 594/594
f 593/593 598/598 594/594
f 600/600 599/599 592/592
f 599/599 593/593 592/592
f 605/605 611/611 607/607
f 601/601 602/602 603/603
f 606/606 605/605 607/607
f 604/604 605/605 606/606
f 612/612 613/613 614/614
f 604/604 608/608 605/605
f 609/609 608/608 604/604
f 610/610 609/609 604/604
f 617/617 616/616 619/619
f 620/620 616/616 621/621
f 616/616 620/620 619/619
f 615/615 616/616 617/617
f 623/623 615/615 622/622
f 615/615 617/617 618/618
f 622/622 615/615 618/618
f 640/640 641/641 639/639
f 638/638 640/640 639/639
f 625/625 639/639 634/634
f 625/625 638/638 639/639
f 624/624 625/625 626/626
f 633/633 625/625 634/634
f 634/634 635/635 633/633
f 626/626 625/625 633/633
f 625/625 637/637 638/638
f 624/624 637/637 625/625
f 627/627 624/624 626/626
f 627/627 626/626 628/628
f 629/629 627/627 628/628
f 630/630 629/629 628/628
f 627/627 629/629 631/631
f 636/636 637/637 624/624
f 632/632 636/636 624/624
f 627/627 632/632 624/624
f 649/649 650/650 648/648
f 651/651 648/648 650/650
f 652/652 653/653 647/647
f 646/646 647/647 643/643
f 647/647 646/646 652/652
f 648/648 644/644 649/649
f 645/645 642/642 644/644
f 643/643 642/642 646/646
f 642/642 643/643 644/644
f 645/645 644/644 648/648
f 662/662 661/661 656/656
f 661/661 660/660 656/656
f 658/658 657/657 654/654
f 654/654 655/655 656/656
f 655/655 654/654 657/657
f 656/656 658/658 654/654
f 660/660 658/658 656/656
f 658/658 659/659 657/657
f 661/661 662/662 663/663
f 665/665 668/668 666/666
f 667/667 665/665 664/664
f 664/664 665/665 666/666
f 665/665 670/670 668/668
f 667/667 670/670 665/665
f 669/669 666/666 668/668
f 687/687 683/683 685/685
f 683/683 684/684 685/685
f 686/686 685/685 684/684
f 672/672 674/674 673/673
f 688/688 683/683 687/687
f 675/675 674/674 676/676
f 675/675 673/673 674/674
f 671/671 672/672 673/673
f 671/671 673/673 678/678
f 672/672 671/671 680/680
f 680/680 671/671 678/678
f 681/681 679/679 682/682
f 679/679 678/678 673/673
f 679/679 681/681 678/678
f 676/676 674/674 677/677
f 697/697 698/698 699/699
f 698/698 697/697 700/700
f 689/689 690/690 691/691
f 692/692 689/689 693/693
f 689/689 692/692 690/690
f 692/692 696/696 690/690
f 695/695 691/691 694/694
f 690/690 694/694 691/691
f 706/706 707/707 702/702
f 701/701 702/702 703/703
f 702/702 701/701 706/706
f 704/704 701/701 703/703
f 704/704 703/703 705/705
f 708/708 714/714 709/709
f 719/719 714/714 708/708
f 720/720 719/719 713/713
f 719/719 708/708 713/713
f 712/712 713/713 708/708
f 715/715 718/718 717/717
f 717/717 709/709 715/715
f 716/716 709/709 717/717
f 710/710 709/709 716/716
f 715/715 709/709 714/714
f 708/708 709/709 710/710
f 711/711 708/708 710/710
f 712/712 708/708 711/711
f 711/711 710/710 712/712
f 723/723 724/724 721/721
f 721/721 722/722 723/723
f 739/739 738/738 737/737
f 732/732 733/733 734/734
f 732/732 735/735 733/733
f 741/741 742/742 743/743
f 737/737 736/736 740/740
f 725/725 726/726 727/727
f 728/728 731/731 725/725
f 728/728 725/725 727/727
f 726/726 725/725 729/729
f 736/736 737/737 738/738
f 729/729 730/730 726/726
f 744/744 746/746 747/747
f 747/747 746/746 748/748
f 751/751 752/752 753/753
f 752/752 751/751 750/750
f 751/751 745/745 750/750
f 749/749 750/750 745/745
f 749/749 745/745 744/744
f 744/744 745/745 746/746
f 795/795 796/796 778/778
f 795/795 797/797 796/796
f 798/798 797/797 795/795
f 780/780 781/781 779/779
f 777/777 780/780 779/779
f 779/779 759/759 777/777
f 763/763 795/795 778/778
f 763/763 778/778 777/777
f 763/763 777/777 762/762
f 762/762 777/777 759/759
f 795/795 763/763 776/776
f 762/762 759/759 757/757
f 806/806 797/797 798/798
f 799/799 798/798 795/795
f 798/798 799/799 800/800
f 801/801 798/798 800/800
f 806/806 798/798 801/801
f 806/806 801/801 803/803
f 757/757 763/763 762/762
f 757/757 759/759 758/758
f 776/776 763/763 757/757
f 802/802 803/803 801/801
f 802/802 801/801 800/800
f 757/757 755/755 754/754
f 754/754 755/755 756/756
f 773/773 761/761 774/774
f 761/761 773/773 771/771
f 770/770 761/761 771/771
f 765/765 761/761 770/770
f 761/761 760/760 756/756
f 764/764 761/761 765/765
f 760/760 761/761 764/764
f 758/758 755/755 757/757
f 757/757 754/754 776/776
f 760/760 754/754 756/756
f 802/802 800/800 804/804
f 802/802 804/804 805/805
f 772/772 770/770 771/771
f 766/766 764/764 765/765
f 783/783 782/782 767/767
f 783/783 794/794 786/786
f 767/767 766/766 765/765
f 768/768 760/760 764/764
f 807/807 808/808 809/809
f 808/808 807/807 810/810
f 783/783 786/786 784/784
f 784/784 786/786 787/787
f 775/775 764/764 766/766
f 766/766 767/767 775/775
f 782/782 783/783 784/784
f 782/782 784/784 785/785
f 782/782 775/775 767/767
f 785/785 784/784 788/788
f 789/789 785/785 788/788
f 789/789 790/790 785/785
f 790/790 789/789 791/791
f 792/792 790/790 791/791
f 790/790 792/792 793/793
f 769/769 768/768 764/764
f 807/807 811/811 810/810
f 810/810 811/811 812/812
f 814/814 818/818 815/815
f 813/813 814/814 815/815
f 817/817 816/816 813/813
f 813/813 816/816 814/814
f 831/831 830/830 829/829
f 830/830 827/827 829/829
f 821/821 823/823 822/822
f 827/827 828/828 829/829
f 819/819 820/820 821/821
f 826/826 819/819 825/825
f 824/824 825/825 819/819
f 829/829 832/832 831/831
f 832/832 829/829 833/833
f 822/822 819/819 821/821
f 819/819 822/822 824/824
f 840/840 843/843 842/842
f 841/841 840/840 842/842
f 840/840 844/844 843/843
f 840/840 845/845 844/844
f 838/838 840/840 841/841
f 838/838 835/835 840/840
f 838/838 836/836 835/835
f 835/835 834/834 837/837
f 837/837 834/834 839/839
f 834/834 835/835 836/836
f 834/834 846/846 839/839
f 849/849 850/850 852/852
f 847/847 839/839 846/846
f 849/849 839/839 848/848
f 847/847 848/848 839/839
f 851/851 847/847 853/853
f 850/850 849/849 848/848
f 850/850 848/848 851/851
f 846/846 853/853 847/847
f 854/854 851/851 853/853
f 855/855 856/856 857/857
f 863/863 858/858 864/864
f 858/858 859/859 860/860
f 863/863 859/859 858/858
f 861/861 860/860 859/859
f 866/866 868/868 867/867
f 862/862 860/860 861/861
f 865/865 866/866 867/867
f 875/875 876/876 887/887
f 874/874 876/876 875/875
f 877/877 887/887 886/886
f 877/877 875/875 887/887
f 886/886 878/878 877/877
f 878/878 886/886 888/888
f 877/877 878/878 873/873
f 879/879 873/873 878/878
f 873/873 875/875 877/877
f 873/873 874/874 875/875
f 872/872 874/874 873/873
f 870/870 873/873 879/879
f 870/870 872/872 873/873
f 879/879 880/880 870/870
f 869/869 872/872 870/870
f 869/869 870/870 871/871
f 871/871 870/870 880/880
f 871/871 880/880 881/881
f 889/889 891/891 869/869
f 871/871 889/889 869/869
f 882/882 871/871 881/881
f 871/871 882/882 889/889
f 895/895 891/891 889/889
f 892/892 895/895 889/889
f 880/880 896/896 881/881
f 881/881 896/896 897/897
f 890/890 889/889 882/882
f 898/898 897/897 896/896
f 883/883 882/882 881/881
f 883/883 881/881 885/885
f 883/883 884/884 882/882
f 885/885 884/884 883/883
f 890/890 892/892 889/889
f 884/884 890/890 882/882
f 893/893 890/890 894/894
f 893/893 892/892 890/890
f 890/890 884/884 894/894
f 920/920 919/919 916/916
f 917/917 919/919 920/920
f 899/899 903/903 917/917
f 906/906 900/900 916/916
f 900/900 906/906 902/902
f 916/916 900/900 920/920
f 899/899 920/920 900/900
f 920/920 899/899 917/917
f 899/899 900/900 901/901
f 901/901 900/900 902/902
f 901/901 902/902 904/904
f 901/901 904/904 907/907
f 904/904 908/908 907/907
f 907/907 908/908 909/909
f 905/905 914/914 903/903
f 917/917 914/914 918/918
f 917/917 918/918 919/919
f 903/903 914/914 917/917
f 901/901 903/903 899/899
f 901/901 905/905 903/903
f 901/901 911/911 905/905
f 901/901 910/910 911/911
f 910/910 901/901 907/907
f 910/910 907/907 915/915
f 909/909 908/908 912/912
f 909/909 912/912 913/913
f 921/921 922/922 923/923
f 921/921 924/924 922/922
f 925/925 926/926 927/927
f 934/934 940/940 939/939
f 938/938 934/934 939/939
f 933/933 934/934 938/938
f 930/930 934/934 933/933
f 930/930 935/935 934/934
f 929/929 935/935 930/930
f 936/936 935/935 929/929
f 937/937 936/936 929/929
f 941/941 936/936 937/937
f 941/941 943/943 936/936
f 941/941 937/937 942/942
f 928/928 929/929 930/930
f 948/948 949/949 950/950
f 932/932 930/930 933/933
f 931/931 930/930 932/932
f 928/928 930/930 931/931
f 951/951 952/952 953/953
f 944/944 928/928 931/931
f 951/951 954/954 952/952
f 945/945 928/928 944/944
f 946/946 944/944 947/947
f 944/944 946/946 945/945
f 955/955 956/956 957/957
f 957/957 956/956 958/958
f 964/964 970/970 965/965
f 998/998 1000/1000 999/999
f 1001/1001 1000/1000 998/998
f 1004/1004 999/999 1000/1000
f 988/988 998/998 999/999
f 997/997 998/998 988/988
f 997/997 988/988 986/986
f 963/963 965/965 966/966
f 963/963 964/964 965/965
f 964/964 963/963 962/962
f 986/986 988/988 987/987
f 961/961 962/962 963/963
f 966/966 961/961 963/963
f 961/961 966/966 968/968
f 961/961 968/968 967/967
f 960/960 962/962 961/961
f 995/995 996/996 980/980
f 994/994 995/995 980/980
f 959/959 961/961 967/967
f 959/959 960/960 961/961
f 985/985 986/986 987/987
f 984/984 986/986 985/985
f 984/984 985/985 983/983
f 975/975 984/984 983/983
f 993/993 994/994 980/980
f 980/980 975/975 978/978
f 993/993 980/980 978/978
f 971/971 992/992 991/991
f 990/990 971/971 991/991
f 967/967 969/969 959/959
f 969/969 967/967 971/971
f 981/981 971/971 990/990
f 972/972 971/971 981/981
f 969/969 971/971 972/972
f 969/969 972/972 973/973
f 982/982 981/981 989/989
f 972/972 981/981 982/982
f 989/989 1002/1002 982/982
f 1003/1003 1002/1002 989/989
f 973/973 972/972 974/974
f 973/973 975/975 983/983
f 974/974 975/975 973/973
f 976/976 975/975 974/974
f 977/977 976/976 974/974
f 976/976 978/978 975/975
f 979/979 978/978 976/976
f 976/976 977/977 979/979
f 1012/1012 1015/1015 1010/1010
f 1010/1010 1015/1015 1009/1009
f 1005/1005 1010/1010 1009/1009
f 1006/1006 1005/1005 1009/1009
f 1012/1012 1010/1010 1005/1005
f 1005/1005 1006/1006 1007/1007
f 1005/1005 1008/1008 1013/1013
f 1005/1005 1013/1013 1014/1014
f 1011/1011 1007/1007 1006/1006
f 1007/1007 1008/1008 1005/1005
f 1016/1016 1017/1017 1018/1018
f 1019/1019 1018/1018 1017/1017
f 1033/1033 1029/1029 1032/1032
f 1031/1031 1032/1032 1029/1029
f 1034/1034 1033/1033 1032/1032
f 1023/1023 1025/1025 1024/1024
f 1027/1027 1023/1023 1022/1022
f 1022/1022 1023/1023 1024/1024
f 1021/1021 1027/1027 1028/1028
f 1021/1021 1030/1030 1027/1027
f 1027/1027 1022/1022 1028/1028
f 1026/1026 1024/1024 1025/1025
f 1025/1025 1029/1029 1026/1026
f 1029/1029 1025/1025 1031/1031
f 1021/1021 1020/1020 1030/1030
f 1016/1016 1020/1020 1021/1021
f 1018/1018 1020/1020 1016/1016
f 1035/1035 1036/1036 1037/1037
f 1056/1056 1055/1055 1050/1050
f 1050/1050 1055/1055 1051/1051
f 1050/1050 1051/1051 1049/1049
f 1049/1049 1051/1051 1052/1052
f 1050/1050 1053/1053 1056/1056
f 1048/1048 1053/1053 1050/1050
f 1049/1049 1048/1048 1050/1050
f 1040/1040 1048/1048 1049/1049
f 1040/1040 1039/1039 1048/1048
f 1048/1048 1046/1046 1053/1053
f 1041/1041 1048/1048 1039/1039
f 1040/1040 1044/1044 1038/1038
f 1038/1038 1039/1039 1040/1040
f 1038/1038 1041/1041 1039/1039
f 1053/1053 1046/1046 1054/1054
f 1041/1041 1046/1046 1048/1048
f 1042/1042 1041/1041 1038/1038
f 1038/1038 1045/1045 1042/1042
f 1041/1041 1043/1043 1046/1046
f 1046/1046 1043/1043 1047/1047
f 1042/1042 1043/1043 1041/1041
f 1059/1059 1058/1058 1060/1060
f 1057/1057 1058/1058 1059/1059
f 1061/1061 1058/1058 1057/1057
f 1076/1076 1078/1078 1077/1077
f 1076/1076 1077/1077 1070/1070
f 1073/1073 1076/1076 1064/1064
f 1070/1070 1064/1064 1076/1076
f 1065/1065 1064/1064 1070/1070
f 1063/1063 1073/1073 1064/1064
f 1074/1074 1073/1073 1063/1063
f 1074/1074 1063/1063 1075/1075
f 1075/1075 1063/1063 1067/1067
f 1066/1066 1067/1067 1063/1063
f 1067/1067 1069/1069 1075/1075
f 1062/1062 1064/1064 1065/1065
f 1062/1062 1063/1063 1064/1064
f 1066/1066 1063/1063 1062/1062
f 1068/1068 1067/1067 1066/1066
f 1079/1079 1069/1069 1072/1072
f 1068/1068 1069/1069 1067/1067
f 1069/1069 1068/1068 1071/1071
f 1072/1072 1069/1069 1071/1071
f 1084/1084 1082/1082 1081/1081
f 1082/1082 1084/1084 1085/1085
f 1087/1087 1082/1082 1085/1085
f 1086/1086 1082/1082 1087/1087
f 1089/1089 1081/1081 1083/1083
f 1081/1081 1080/1080 1083/1083
f 1080/1080 1081/1081 1082/1082
f 1090/1090 1091/1091 1092/1092
f 1091/1091 1090/1090 1093/1093
f 1086/1086 1080/1080 1082/1082
f 1080/1080 1086/1086 1088/1088
f 1101/1101 1106/1106 1105/1105
f 1101/1101 1105/1105 1104/1104
f 1101/1101 1104/1104 1095/1095
f 1101/1101 1095/1095 1100/1100
f 1094/1094 1095/1095 1096/1096
f 1095/1095 1094/1094 1100/1100
f 1099/1099 1098/1098 1102/1102
f 1103/1103 1102/1102 1098/1098
f 1097/1097 1094/1094 1096/1096
f 1098/1098 1097/1097 1096/1096
f 1098/1098 1099/1099 1097/1097
f 1113/1113 1120/1120 1121/1121
f 1119/1119 1120/1120 1113/1113
f 1123/1123 1113/1113 1121/1121
f 1124/1124 1120/1120 1119/1119
f 1113/1113 1123/1123 1109/1109
f 1108/1108 1113/1113 1109/1109
f 1108/1108 1119/1119 1113/1113
f 1122/1122 1119/1119 1108/1108
f 1107/1107 1108/1108 1109/1109
f 1111/1111 1107/1107 1110/1110
f 1114/1114 1111/1111 1115/1115
f 1109/1109 1110/1110 1107/1107
f 1112/1112 1118/1118 1107/1107
f 1112/1112 1107/1107 1111/1111
f 1112/1112 1111/1111 1114/1114
f 1116/1116 1114/1114 1115/1115
f 1117/1117 1116/1116 1115/1115
f 1132/1132 1133/1133 1126/1126
f 1125/1125 1132/1132 1126/1126
f 1125/1125 1126/1126 1127/1127
f 1128/1128 1127/1127 1130/1130
f 1127/1127 1128/1128 1125/1125
f 1129/1129 1125/1125 1128/1128
f 1129/1129 1131/1131 1125/1125
f 1134/1134 1133/1133 1132/1132
f 1137/1137 1136/1136 1139/1139
f 1136/1136 1135/1135 1138/1138
f 1135/1135 1136/1136 1137/1137
f 1135/1135 1140/1140 1138/1138
f 1146/1146 1147/1147 1142/1142
f 1142/1142 1145/1145 1146/1146
f 1150/1150 1151/1151 1152/1152
f 1142/1142 1141/1141 1145/1145
f 1141/1141 1142/1142 1143/1143
f 1148/1148 1143/1143 1149/1149
f 1144/1144 1141/1141 1143/1143
f 1144/1144 1143/1143 1148/1148
f 1155/1155 1156/1156 1157/1157
f 1155/1155 1154/1154 1156/1156
f 1162/1162 1153/1153 1161/1161
f 1161/1161 1153/1153 1160/1160
f 1153/1153 1154/1154 1155/1155
f 1159/1159 1153/1153 1155/1155
f 1153/1153 1159/1159 1160/1160
f 1158/1158 1164/1164 1163/1163
f 1164/1164 1158/1158 1157/1157
f 1157/1157 1158/1158 1155/1155
f 1163/1163 1155/1155 1158/1158
f 1168/1168 1169/1169 1170/1170
f 1165/1165 1166/1166 1167/1167
f 1173/1173 1172/1172 1174/1174
f 1171/1171 1172/1172 1173/1173
f 1175/1175 1176/1176 1177/1177
f 1176/1176 1178/1178 1177/1177
f 1180/1180 1181/1181 1182/1182
f 1179/1179 1176/1176 1175/1175
f 1183/1183 1184/1184 1185/1185
f 1198/1198 1200/1200 1199/1199
f 1187/1187 1192/1192 1191/1191
f 1188/1188 1191/1191 1192/1192
f 1187/1187 1193/1193 1192/1192
f 1188/1188 1187/1187 1191/1191
f 1186/1186 1187/1187 1188/1188
f 1189/1189 1198/1198 1199/1199
f 1199/1199 1201/1201 1189/1189
f 1189/1189 1188/1188 1198/1198
f 1186/1186 1188/1188 1189/1189
f 1186/1186 1195/1195 1190/1190
f 1195/1195 1186/1186 1197/1197
f 1190/1190 1187/1187 1186/1186
f 1190/1190 1194/1194 1187/1187
f 1196/1196 1194/1194 1190/1190
f 1203/1203 1206/1206 1204/1204
f 1202/1202 1203/1203 1204/1204
f 1205/1205 1203/1203 1202/1202
f 1230/1230 1222/1222 1219/1219
f 1221/1221 1219/1219 1222/1222
f 1221/1221 1220/1220 1219/1219
f 1225/1225 1226/1226 1224/1224
f 1225/1225 1227/1227 1226/1226
f 1227/1227 1228/1228 1226/1226
f 1228/1228 1227/1227 1229/1229
f 1218/1218 1217/1217 1219/1219
f 1224/1224 1220/1220 1225/1225
f 1217/1217 1209/1209 1216/1216
f 1215/1215 1216/1216 1209/1209
f 1209/1209 1217/1217 1218/1218
f 1218/1218 1219/1219 1220/1220
f 1223/1223 1218/1218 1220/1220
f 1218/1218 1223/1223 1207/1207
f 1209/1209 1218/1218 1207/1207
f 1207/1207 1208/1208 1209/1209
f 1223/1223 1220/1220 1224/1224
f 1208/1208 1207/1207 1223/1223
f 1211/1211 1215/1215 1209/1209
f 1210/1210 1209/1209 1208/1208
f 1210/1210 1211/1211 1209/1209
f 1212/1212 1211/1211 1210/1210
f 1212/1212 1213/1213 1211/1211
f 1214/1214 1213/1213 1212/1212
f 1231/1231 1233/1233 1234/1234
f 1231/1231 1232/1232 1233/1233
f 1235/1235 1236/1236 1237/1237
f 1238/1238 1235/1235 1237/1237
f 1240/1240 1235/1235 1238/1238
f 1239/1239 1236/1236 1235/1235
f 1239/1239 1235/1235 1241/1241
f 1242/1242 1243/1243 1244/1244
f 1245/1245 1243/1243 1242/1242
f 1245/1245 1242/1242 1246/1246
f 1247/1247 1246/1246 1242/1242
f 1244/1244 1243/1243 1248/1248
f 1249/1249 1250/1250 1248/1248
f 1248/1248 1243/1243 1249/1249
f 1259/1259 1263/1263 1264/1264
f 1259/1259 1262/1262 1263/1263
f 1259/1259 1258/1258 1262/1262
f 1258/1258 1259/1259 1260/1260
f 1258/1258 1260/1260 1261/1261
f 1258/1258 1261/1261 1254/1254
f 1254/1254 1261/1261 1257/1257
f 1254/1254 1252/1252 1251/1251
f 1254/1254 1257/1257 1252/1252
f 1251/1251 1252/1252 1253/1253
f 1255/1255 1251/1251 1253/1253
f 1256/1256 1255/1255 1253/1253
f 1267/1267 1266/1266 1268/1268
f 1265/1265 1266/1266 1267/1267
f 1269/1269 1266/1266 1265/1265
f 1270/1270 1271/1271 1272/1272
f 1299/1299 1301/1301 1300/1300
f 1301/1301 1299/1299 1302/1302
f 1294/1294 1296/1296 1297/1297
f 1294/1294 1297/1297 1295/1295
f 1294/1294 1295/1295 1291/1291
f 1291/1291 1287/1287 1294/1294
f 1291/1291 1290/1290 1287/1287
f 1287/1287 1296/1296 1294/1294
f 1274/1274 1292/1292 1287/1287
f 1287/1287 1290/1290 1286/1286
f 1280/1280 1275/1275 1281/1281
f 1280/1280 1273/1273 1275/1275
f 1273/1273 1280/1280 1282/1282
f 1287/1287 1286/1286 1274/1274
f 1274/1274 1286/1286 1275/1275
f 1273/1273 1274/1274 1275/1275
f 1292/1292 1296/1296 1287/1287
f 1292/1292 1293/1293 1298/1298
f 1293/1293 1292/1292 1274/1274
f 1299/1299 1300/1300 1293/1293
f 1299/1299 1293/1293 1284/1284
f 1284/1284 1293/1293 1274/1274
f 1283/1283 1284/1284 1274/1274
f 1278/1278 1273/1273 1282/1282
f 1278/1278 1288/1288 1289/1289
f 1278/1278 1282/1282 1288/1288
f 1273/1273 1278/1278 1277/1277
f 1278/1278 1285/1285 1277/1277
f 1277/1277 1276/1276 1273/1273
f 1273/1273 1276/1276 1274/1274
f 1277/1277 1279/1279 1276/1276
f 1276/1276 1283/1283 1274/1274
f 1279/1279 1283/1283 1276/1276
f 1327/1327 1309/1309 1310/1310
f 1308/1308 1313/1313 1310/1310
f 1310/1310 1309/1309 1308/1308
f 1331/1331 1329/1329 1330/1330
f 1305/1305 1325/1325 1328/1328
f 1305/1305 1309/1309 1325/1325
f 1305/1305 1308/1308 1309/1309
f 1308/1308 1329/1329 1313/1313
f 1303/1303 1304/1304 1305/1305
f 1308/1308 1330/1330 1329/1329
f 1304/1304 1308/1308 1305/1305
f 1314/1314 1304/1304 1306/1306
f 1330/1330 1334/1334 1332/1332
f 1330/1330 1332/1332 1331/1331
f 1321/1321 1308/1308 1304/1304
f 1337/1337 1338/1338 1339/1339
f 1331/1331 1333/1333 1335/1335
f 1331/1331 1332/1332 1333/1333
f 1328/1328 1315/1315 1305/1305
f 1320/1320 1318/1318 1319/1319
f 1324/1324 1323/1323 1320/1320
f 1318/1318 1315/1315 1319/1319
f 1320/1320 1323/1323 1318/1318
f 1307/1307 1305/1305 1315/1315
f 1318/1318 1323/1323 1317/1317
f 1315/1315 1317/1317 1307/1307
f 1315/1315 1318/1318 1317/1317
f 1326/1326 1317/1317 1323/1323
f 1303/1303 1305/1305 1307/1307
f 1311/1311 1303/1303 1307/1307
f 1311/1311 1312/1312 1303/1303
f 1312/1312 1336/1336 1303/1303
f 1312/1312 1311/1311 1316/1316
f 1306/1306 1304/1304 1303/1303
f 1312/1312 1306/1306 1336/1336
f 1322/1322 1306/1306 1312/1312
f 1306/1306 1322/1322 1314/1314
f 1316/1316 1322/1322 1312/1312
f 1355/1355 1353/1353 1356/1356
f 1363/1363 1355/1355 1356/1356
f 1369/1369 1355/1355 1363/1363
f 1349/1349 1353/1353 1355/1355
f 1349/1349 1352/1352 1353/1353
f 1352/1352 1349/1349 1351/1351
f 1350/1350 1351/1351 1349/1349
f 1349/1349 1355/1355 1369/1369
f 1349/1349 1369/1369 1359/1359
f 1359/1359 1369/1369 1371/1371
f 1354/1354 1358/1358 1357/1357
f 1358/1358 1354/1354 1365/1365
f 1370/1370 1365/1365 1354/1354
f 1354/1354 1357/1357 1351/1351
f 1372/1372 1365/1365 1370/1370
f 1350/1350 1354/1354 1351/1351
f 1350/1350 1360/1360 1354/1354
f 1368/1368 1354/1354 1361/1361
f 1368/1368 1370/1370 1354/1354
f 1361/1361 1354/1354 1360/1360
f 1345/1345 1364/1364 1350/1350
f 1345/1345 1350/1350 1349/1349
f 1345/1345 1366/1366 1364/1364
f 1345/1345 1349/1349 1347/1347
f 1340/1340 1341/1341 1342/1342
f 1343/1343 1341/1341 1340/1340
f 1344/1344 1345/1345 1346/1346
f 1349/1349 1359/1359 1347/1347
f 1346/1346 1345/1345 1347/1347
f 1362/1362 1347/1347 1359/1359
f 1347/1347 1362/1362 1367/1367
f 1346/1346 1347/1347 1348/1348
f 1367/1367 1348/1348 1347/1347
f 1367/1367 1373/1373 1348/1348
f 1378/1378 1381/1381 1380/1380
f 1378/1378 1380/1380 1376/1376
f 1378/1378 1376/1376 1375/1375
f 1379/1379 1377/1377 1376/1376
f 1374/1374 1375/1375 1376/1376
f 1374/1374 1376/1376 1377/1377
f 1382/1382 1377/1377 1383/1383
f 1383/1383 1377/1377 1384/1384
f 1382/1382 1374/1374 1377/1377
f 1400/1400 1401/1401 1404/1404
f 1401/1401 1400/1400 1395/1395
f 1403/1403 1399/1399 1400/1400
f 1399/1399 1395/1395 1400/1400
f 1393/1393 1395/1395 1399/1399
f 1392/1392 1395/1395 1393/1393
f 1406/1406 1403/1403 1405/1405
f 1400/1400 1405/1405 1403/1403
f 1402/1402 1401/1401 1395/1395
f 1385/1385 1386/1386 1387/1387
f 1388/1388 1397/1397 1396/1396
f 1385/1385 1396/1396 1397/1397
f 1385/1385 1388/1388 1386/1386
f 1394/1394 1392/1392 1385/1385
f 1385/1385 1392/1392 1393/1393
f 1385/1385 1393/1393 1396/1396
f 1385/1385 1389/1389 1394/1394
f 1387/1387 1389/1389 1385/1385
f 1397/1397 1398/1398 1385/1385
f 1389/1389 1390/1390 1391/1391
f 1389/1389 1387/1387 1390/1390
f 1458/1458 1459/1459 1453/1453
f 1465/1465 1466/1466 1467/1467
f 1465/1465 1468/1468 1466/1466
f 1438/1438 1439/1439 1437/1437
f 1438/1438 1437/1437 1424/1424
f 1425/1425 1428/1428 1426/1426
f 1425/1425 1426/1426 1427/1427
f 1428/1428 1449/1449 1426/1426
f 1437/1437 1439/1439 1428/1428
f 1454/1454 1428/1428 1439/1439
f 1429/1429 1428/1428 1425/1425
f 1428/1428 1454/1454 1449/1449
f 1425/1425 1430/1430 1429/1429
f 1430/1430 1431/1431 1429/1429
f 1429/1429 1437/1437 1428/1428
f 1432/1432 1448/1448 1447/1447
f 1463/1463 1447/1447 1462/1462
f 1462/1462 1447/1447 1456/1456
f 1455/1455 1456/1456 1447/1447
f 1455/1455 1447/1447 1448/1448
f 1429/1429 1424/1424 1437/1437
f 1424/1424 1429/1429 1432/1432
f 1421/1421 1423/1423 1424/1424
f 1420/1420 1421/1421 1422/1422
f 1423/1423 1421/1421 1420/1420
f 1432/1432 1421/1421 1424/1424
f 1432/1432 1447/1447 1421/1421
f 1431/1431 1432/1432 1429/1429
f 1440/1440 1435/1435 1442/1442
f 1441/1441 1434/1434 1440/1440
f 1435/1435 1440/1440 1434/1434
f 1446/1446 1442/1442 1435/1435
f 1433/1433 1436/1436 1435/1435
f 1433/1433 1435/1435 1434/1434
f 1440/1440 1444/1444 1443/1443
f 1444/1444 1440/1440 1442/1442
f 1440/1440 1443/1443 1441/1441
f 1445/1445 1419/1419 1443/1443
f 1445/1445 1443/1443 1444/1444
f 1418/1418 1443/1443 1419/1419
f 1444/1444 1460/1460 1445/1445
f 1444/1444 1461/1461 1460/1460
f 1464/1464 1460/1460 1461/1461
f 1419/1419 1445/1445 1416/1416
f 1418/1418 1419/1419 1417/1417
f 1417/1417 1419/1419 1416/1416
f 1418/1418 1417/1417 1414/1414
f 1408/1408 1414/1414 1415/1415
f 1417/1417 1416/1416 1414/1414
f 1414/1414 1416/1416 1415/1415
f 1407/1407 1411/1411 1408/1408
f 1411/1411 1414/1414 1408/1408
f 1414/1414 1411/1411 1418/1418
f 1409/1409 1412/1412 1410/1410
f 1412/1412 1413/1413 1410/1410
f 1409/1409 1408/1408 1412/1412
f 1407/1407 1408/1408 1409/1409
f 1410/1410 1407/1407 1409/1409
f 1452/1452 1458/1458 1453/1453
f 1452/1452 1453/1453 1451/1451
f 1452/1452 1451/1451 1436/1436
f 1446/1446 1436/1436 1451/1451
f 1436/1436 1446/1446 1435/1435
f 1434/1434 1427/1427 1433/1433
f 1452/1452 1436/1436 1433/1433
f 1433/1433 1450/1450 1452/1452
f 1433/1433 1426/1426 1450/1450
f 1426/1426 1433/1433 1427/1427
f 1426/1426 1457/1457 1450/1450
f 1512/1512 1513/1513 1511/1511
f 1512/1512 1511/1511 1483/1483
f 1510/1510 1483/1483 1511/1511
f 1512/1512 1514/1514 1513/1513
f 1514/1514 1512/1512 1515/1515
f 1476/1476 1483/1483 1510/1510
f 1471/1471 1483/1483 1476/1476
f 1492/1492 1491/1491 1489/1489
f 1491/1491 1492/1492 1493/1493
f 1481/1481 1474/1474 1479/1479
f 1474/1474 1478/1478 1479/1479
f 1480/1480 1479/1479 1478/1478
f 1486/1486 1470/1470 1474/1474
f 1470/1470 1486/1486 1487/1487
f 1469/1469 1470/1470 1471/1471
f 1470/1470 1469/1469 1474/1474
f 1474/1474 1469/1469 1478/1478
f 1472/1472 1471/1471 1470/1470
f 1472/1472 1483/1483 1471/1471
f 1475/1475 1494/1494 1469/1469
f 1469/1469 1482/1482 1478/1478
f 1482/1482 1469/1469 1494/1494
f 1473/1473 1471/1471 1476/1476
f 1473/1473 1469/1469 1471/1471
f 1477/1477 1475/1475 1473/1473
f 1473/1473 1475/1475 1469/1469
f 1516/1516 1517/1517 1518/1518
f 1518/1518 1519/1519 1516/1516
f 1521/1521 1516/1516 1520/1520
f 1489/1489 1488/1488 1477/1477
f 1477/1477 1488/1488 1475/1475
f 1490/1490 1488/1488 1489/1489
f 1491/1491 1490/1490 1489/1489
f 1520/1520 1516/1516 1519/1519
f 1495/1495 1503/1503 1485/1485
f 1481/1481 1479/1479 1484/1484
f 1485/1485 1479/1479 1480/1480
f 1485/1485 1484/1484 1479/1479
f 1480/1480 1495/1495 1485/1485
f 1480/1480 1497/1497 1496/1496
f 1480/1480 1496/1496 1495/1495
f 1499/1499 1501/1501 1502/1502
f 1498/1498 1499/1499 1496/1496
f 1500/1500 1501/1501 1499/1499
f 1496/1496 1497/1497 1498/1498
f 1500/1500 1499/1499 1498/1498
f 1480/1480 1504/1504 1497/1497
f 1504/1504 1505/1505 1497/1497
f 1497/1497 1505/1505 1506/1506
f 1505/1505 1504/1504 1507/1507
f 1507/1507 1504/1504 1508/1508
f 1508/1508 1504/1504 1509/1509
f 1542/1542 1524/1524 1541/1541
f 1524/1524 1525/1525 1541/1541
f 1523/1523 1522/1522 1526/1526
f 1522/1522 1523/1523 1524/1524
f 1525/1525 1524/1524 1523/1523
f 1523/1523 1527/1527 1525/1525
f 1522/1522 1524/1524 1530/1530
f 1546/1546 1542/1542 1547/1547
f 1546/1546 1524/1524 1542/1542
f 1547/1547 1542/1542 1548/1548
f 1548/1548 1542/1542 1543/1543
f 1533/1533 1531/1531 1538/1538
f 1531/1531 1533/1533 1532/1532
f 1532/1532 1533/1533 1534/1534
f 1551/1551 1537/1537 1533/1533
f 1537/1537 1534/1534 1533/1533
f 1539/1539 1537/1537 1551/1551
f 1537/1537 1539/1539 1534/1534
f 1529/1529 1527/1527 1528/1528
f 1535/1535 1532/1532 1534/1534
f 1535/1535 1534/1534 1536/1536
f 1527/1527 1523/1523 1528/1528
f 1526/1526 1528/1528 1523/1523
f 1540/1540 1538/1538 1531/1531
f 1530/1530 1540/1540 1531/1531
f 1532/1532 1522/1522 1531/1531
f 1522/1522 1530/1530 1531/1531
f 1550/1550 1543/1543 1541/1541
f 1543/1543 1542/1542 1541/1541
f 1541/1541 1525/1525 1544/1544
f 1541/1541 1544/1544 1545/1545
f 1549/1549 1547/1547 1548/1548
f 1549/1549 1548/1548 1543/1543
f 1563/1563 1564/1564 1565/1565
f 1566/1566 1563/1563 1570/1570
f 1566/1566 1564/1564 1563/1563
f 1563/1563 1565/1565 1567/1567
f 1572/1572 1573/1573 1567/1567
f 1572/1572 1567/1567 1571/1571
f 1567/1567 1568/1568 1571/1571
f 1579/1579 1578/1578 1576/1576
f 1568/1568 1565/1565 1575/1575
f 1576/1576 1578/1578 1575/1575
f 1567/1567 1565/1565 1568/1568
f 1591/1591 1571/1571 1593/1593
f 1591/1591 1572/1572 1571/1571
f 1573/1573 1572/1572 1591/1591
f 1582/1582 1576/1576 1581/1581
f 1577/1577 1592/1592 1581/1581
f 1581/1581 1583/1583 1582/1582
f 1584/1584 1585/1585 1582/1582
f 1582/1582 1583/1583 1584/1584
f 1586/1586 1584/1584 1583/1583
f 1558/1558 1557/1557 1556/1556
f 1559/1559 1560/1560 1561/1561
f 1555/1555 1556/1556 1557/1557
f 1559/1559 1562/1562 1560/1560
f 1583/1583 1581/1581 1592/1592
f 1592/1592 1577/1577 1594/1594
f 1596/1596 1597/1597 1598/1598
f 1592/1592 1594/1594 1583/1583
f 1595/1595 1583/1583 1594/1594
f 1552/1552 1553/1553 1554/1554
f 1564/1564 1566/1566 1569/1569
f 1581/1581 1576/1576 1577/1577
f 1577/1577 1576/1576 1565/1565
f 1565/1565 1576/1576 1575/1575
f 1580/1580 1578/1578 1579/1579
f 1588/1588 1589/1589 1587/1587
f 1588/1588 1587/1587 1570/1570
f 1588/1588 1590/1590 1589/1589
f 1567/1567 1574/1574 1563/1563
f 1566/1566 1570/1570 1587/1587
f 1604/1604 1601/1601 1605/1605
f 1604/1604 1599/1599 1601/1601
f 1599/1599 1600/1600 1601/1601
f 1601/1601 1600/1600 1602/1602
f 1600/1600 1603/1603 1602/1602
f 1608/1608 1611/1611 1609/1609
f 1608/1608 1612/1612 1611/1611
f 1608/1608 1609/1609 1610/1610
f 1613/1613 1611/1611 1612/1612
f 1604/1604 1605/1605 1606/1606
f 1606/1606 1605/1605 1607/1607
f 1617/1617 1618/1618 1619/1619
f 1614/1614 1615/1615 1616/1616
f 1632/1632 1631/1631 1630/1630
f 1632/1632 1633/1633 1631/1631
f 1620/1620 1624/1624 1623/1623
f 1621/1621 1620/1620 1623/1623
f 1626/1626 1624/1624 1625/1625
f 1624/1624 1620/1620 1625/1625
f 1625/1625 1634/1634 1627/1627
f 1627/1627 1626/1626 1625/1625
f 1634/1634 1635/1635 1627/1627
f 1620/1620 1621/1621 1622/1622
f 1628/1628 1622/1622 1621/1621
f 1622/1622 1629/1629 1630/1630
f 1629/1629 1622/1622 1628/1628
f 1630/1630 1631/1631 1622/1622
f 1648/1648 1650/1650 1649/1649
f 1650/1650 1651/1651 1649/1649
f 1650/1650 1652/1652 1651/1651
f 1652/1652 1653/1653 1651/1651
f 1655/1655 1652/1652 1657/1657
f 1658/1658 1655/1655 1657/1657
f 1654/1654 1653/1653 1652/1652
f 1655/1655 1654/1654 1652/1652
f 1656/1656 1654/1654 1655/1655
f 1660/1660 1663/1663 1664/1664
f 1660/1660 1662/1662 1663/1663
f 1671/1671 1672/1672 1664/1664
f 1671/1671 1666/1666 1672/1672
f 1662/1662 1661/1661 1639/1639
f 1638/1638 1639/1639 1661/1661
f 1660/1660 1661/1661 1662/1662
f 1661/1661 1660/1660 1659/1659
f 1638/1638 1661/1661 1659/1659
f 1679/1679 1660/1660 1665/1665
f 1681/1681 1683/1683 1682/1682
f 1660/1660 1664/1664 1665/1665
f 1659/1659 1660/1660 1645/1645
f 1645/1645 1638/1638 1659/1659
f 1641/1641 1638/1638 1645/1645
f 1666/1666 1665/1665 1664/1664
f 1667/1667 1679/1679 1665/1665
f 1680/1680 1681/1681 1682/1682
f 1636/1636 1638/1638 1641/1641
f 1667/1667 1665/1665 1666/1666
f 1680/1680 1685/1685 1681/1681
f 1642/1642 1636/1636 1641/1641
f 1641/1641 1643/1643 1642/1642
f 1666/1666 1671/1671 1670/1670
f 1669/1669 1666/1666 1670/1670
f 1668/1668 1666/1666 1669/1669
f 1666/1666 1668/1668 1667/1667
f 1680/1680 1682/1682 1684/1684
f 1644/1644 1642/1642 1643/1643
f 1673/1673 1670/1670 1674/1674
f 1673/1673 1669/1669 1670/1670
f 1674/1674 1675/1675 1673/1673
f 1677/1677 1675/1675 1678/1678
f 1676/1676 1675/1675 1677/1677
f 1676/1676 1673/1673 1675/1675
f 1640/1640 1639/1639 1637/1637
f 1637/1637 1639/1639 1638/1638
f 1636/1636 1637/1637 1638/1638
f 1646/1646 1647/1647 1640/1640
f 1646/1646 1640/1640 1637/1637
f 1647/1647 1648/1648 1649/1649
f 1646/1646 1648/1648 1647/1647
f 1690/1690 1691/1691 1692/1692
f 1698/1698 1697/1697 1700/1700
f 1696/1696 1694/1694 1695/1695
f 1686/1686 1693/1693 1694/1694
f 1693/1693 1686/1686 1688/1688
f 1694/1694 1693/1693 1695/1695
f 1699/1699 1686/1686 1694/1694
f 1686/1686 1687/1687 1688/1688
f 1689/1689 1688/1688 1687/1687
f 1687/1687 1690/1690 1689/1689
f 1690/1690 1687/1687 1691/1691
f 1697/1697 1699/1699 1696/1696
f 1699/1699 1694/1694 1696/1696
f 1697/1697 1698/1698 1699/1699
f 1701/1701 1698/1698 1700/1700
f 1714/1714 1713/1713 1715/1715
f 1715/1715 1717/1717 1716/1716
f 1717/1717 1715/1715 1725/1725
f 1714/1714 1715/1715 1716/1716
f 1712/1712 1702/1702 1706/1706
f 1708/1708 1713/1713 1705/1705
f 1708/1708 1705/1705 1704/1704
f 1704/1704 1703/1703 1707/1707
f 1723/1723 1722/1722 1721/1721
f 1722/1722 1720/1720 1721/1721
f 1728/1728 1727/1727 1729/1729
f 1726/1726 1727/1727 1728/1728
f 1723/1723 1721/1721 1724/1724
f 1721/1721 1720/1720 1719/1719
f 1730/1730 1731/1731 1732/1732
f 1720/1720 1718/1718 1719/1719
f 1718/1718 1711/1711 1719/1719
f 1703/1703 1709/1709 1707/1707
f 1710/1710 1711/1711 1718/1718
f 1710/1710 1709/1709 1711/1711
f 1710/1710 1707/1707 1709/1709
f 1705/1705 1713/1713 1714/1714
f 1706/1706 1702/1702 1705/1705
f 1712/1712 1703/1703 1702/1702
f 1702/1702 1703/1703 1704/1704
f 1702/1702 1704/1704 1705/1705
f 1734/1734 1738/1738 1737/1737
f 1735/1735 1734/1734 1737/1737
f 1733/1733 1734/1734 1735/1735
f 1733/1733 1735/1735 1736/1736
f 1736/1736 1739/1739 1733/1733
f 1739/1739 1740/1740 1733/1733
f 1744/1744 1741/1741 1745/1745
f 1748/1748 1745/1745 1741/1741
f 1741/1741 1742/1742 1743/1743
f 1748/1748 1749/1749 1753/1753
f 1748/1748 1741/1741 1749/1749
f 1750/1750 1749/1749 1741/1741
f 1741/1741 1743/1743 1750/1750
f 1742/1742 1741/1741 1744/1744
f 1751/1751 1743/1743 1746/1746
f 1742/1742 1746/1746 1743/1743
f 1747/1747 1746/1746 1742/1742
f 1747/1747 1752/1752 1746/1746
f 1757/1757 1758/1758 1759/1759
f 1755/1755 1758/1758 1757/1757
f 1756/1756 1755/1755 1757/1757
f 1754/1754 1755/1755 1756/1756
f 1755/1755 1754/1754 1762/1762
f 1760/1760 1756/1756 1761/1761
f 1760/1760 1754/1754 1756/1756
f 1763/1763 1756/1756 1764/1764
f 1763/1763 1761/1761 1756/1756
f 1765/1765 1763/1763 1764/1764
f 1770/1770 1771/1771 1773/1773
f 1768/1768 1770/1770 1766/1766
f 1768/1768 1771/1771 1770/1770
f 1766/1766 1767/1767 1768/1768
f 1769/1769 1771/1771 1768/1768
f 1772/1772 1771/1771 1769/1769
f 1767/1767 1769/1769 1768/1768
f 1785/1785 1788/1788 1787/1787
f 1786/1786 1785/1785 1787/1787
f 1783/1783 1785/1785 1786/1786
f 1779/1779 1785/1785 1783/1783
f 1779/1779 1780/1780 1785/1785
f 1782/1782 1779/1779 1783/1783
f 1778/1778 1779/1779 1782/1782
f 1784/1784 1782/1782 1783/1783
f 1781/1781 1780/1780 1777/1777
f 1814/1814 1816/1816 1817/1817
f 1815/1815 1816/1816 1814/1814
f 1813/1813 1815/1815 1814/1814
f 1793/1793 1794/1794 1795/1795
f 1793/1793 1776/1776 1794/1794
f 1789/1789 1776/1776 1793/1793
f 1789/1789 1793/1793 1802/1802
f 1793/1793 1803/1803 1802/1802
f 1777/1777 1780/1780 1779/1779
f 1776/1776 1778/1778 1782/1782
f 1805/1805 1810/1810 1811/1811
f 1805/1805 1808/1808 1810/1810
f 1807/1807 1808/1808 1805/1805
f 1807/1807 1805/1805 1804/1804
f 1796/1796 1800/1800 1801/1801
f 1818/1818 1812/1812 1819/1819
f 1809/1809 1805/1805 1811/1811
f 1777/1777 1779/1779 1778/1778
f 1775/1775 1777/1777 1776/1776
f 1776/1776 1777/1777 1778/1778
f 1804/1804 1805/1805 1806/1806
f 1809/1809 1806/1806 1805/1805
f 1775/1775 1796/1796 1801/1801
f 1796/1796 1775/1775 1774/1774
f 1774/1774 1775/1775 1776/1776
f 1789/1789 1774/1774 1776/1776
f 1796/1796 1798/1798 1800/1800
f 1812/1812 1813/1813 1814/1814
f 1818/1818 1813/1813 1812/1812
f 1797/1797 1798/1798 1796/1796
f 1797/1797 1799/1799 1798/1798
f 1797/1797 1796/1796 1792/1792
f 1792/1792 1796/1796 1774/1774
f 1792/1792 1774/1774 1790/1790
f 1790/1790 1774/1774 1789/1789
f 1790/1790 1789/1789 1791/1791
f 1821/1821 1820/1820 1824/1824
f 1820/1820 1821/1821 1822/1822
f 1821/1821 1823/1823 1822/1822
f 1826/1826 1828/1828 1827/1827
f 1825/1825 1827/1827 1829/1829
f 1825/1825 1826/1826 1827/1827
f 1825/1825 1831/1831 1826/1826
f 1825/1825 1829/1829 1830/1830
f 1832/1832 1835/1835 1833/1833
f 1832/1832 1833/1833 1834/1834
f 1836/1836 1838/1838 1839/1839
f 1841/1841 1842/1842 1843/1843
f 1837/1837 1836/1836 1840/1840
f 1836/1836 1837/1837 1838/1838
f 1844/1844 1845/1845 1846/1846
f 1847/1847 1845/1845 1844/1844
f 1848/1848 1845/1845 1847/1847
f 1846/1846 1845/1845 1849/1849
f 1853/1853 1854/1854 1851/1851
f 1850/1850 1851/1851 1852/1852
f 1851/1851 1850/1850 1853/1853
f 1858/1858 1859/1859 1857/1857
f 1861/1861 1857/1857 1859/1859
f 1857/1857 1856/1856 1858/1858
f 1855/1855 1856/1856 1857/1857
f 1860/1860 1856/1856 1855/1855
f 1856/1856 1860/1860 1862/1862
f 1869/1869 1868/1868 1867/1867
f 1870/1870 1871/1871 1865/1865
f 1870/1870 1865/1865 1864/1864
f 1863/1863 1864/1864 1865/1865
f 1863/1863 1866/1866 1864/1864
f 1873/1873 1872/1872 1875/1875
f 1872/1872 1873/1873 1874/1874
f 1866/1866 1863/1863 1867/1867
f 1868/1868 1866/1866 1867/1867
f 1877/1877 1882/1882 1883/1883
f 1882/1882 1887/1887 1883/1883
f 1882/1882 1877/1877 1880/1880
f 1878/1878 1877/1877 1881/1881
f 1876/1876 1877/1877 1878/1878
f 1878/1878 1881/1881 1884/1884
f 1879/1879 1880/1880 1877/1877
f 1879/1879 1877/1877 1876/1876
f 1878/1878 1884/1884 1885/1885
f 1886/1886 1876/1876 1878/1878
f 1878/1878 1885/1885 1886/1886
f 1886/1886 1885/1885 1888/1888
f 1941/1941 1933/1933 1938/1938
f 1945/1945 1946/1946 1947/1947
f 1949/1949 1945/1945 1948/1948
f 1903/1903 1905/1905 1904/1904
f 1894/1894 1895/1895 1892/1892
f 1902/1902 1903/1903 1904/1904
f 1944/1944 1933/1933 1941/1941
f 1937/1937 1938/1938 1933/1933
f 1937/1937 1939/1939 1938/1938
f 1936/1936 1937/1937 1933/1933
f 1942/1942 1933/1933 1944/1944
f 1930/1930 1933/1933 1942/1942
f 1935/1935 1936/1936 1933/1933
f 1931/1931 1933/1933 1930/1930
f 1934/1934 1933/1933 1931/1931
f 1933/1933 1934/1934 1935/1935
f 1940/1940 1939/1939 1937/1937
f 1945/1945 1947/1947 1948/1948
f 1892/1892 1895/1895 1896/1896
f 1889/1889 1892/1892 1890/1890
f 1893/1893 1892/1892 1889/1889
f 1893/1893 1894/1894 1892/1892
f 1930/1930 1942/1942 1932/1932
f 1929/1929 1930/1930 1932/1932
f 1929/1929 1928/1928 1930/1930
f 1928/1928 1931/1931 1930/1930
f 1924/1924 1928/1928 1929/1929
f 1924/1924 1926/1926 1928/1928
f 1921/1921 1926/1926 1924/1924
f 1925/1925 1923/1923 1924/1924
f 1923/1923 1921/1921 1924/1924
f 1921/1921 1923/1923 1922/1922
f 1922/1922 1923/1923 1927/1927
f 1919/1919 1921/1921 1920/1920
f 1920/1920 1921/1921 1922/1922
f 1891/1891 1890/1890 1901/1901
f 1889/1889 1890/1890 1891/1891
f 1891/1891 1901/1901 1899/1899
f 1920/1920 1917/1917 1919/1919
f 1918/1918 1919/1919 1917/1917
f 1917/1917 1915/1915 1918/1918
f 1943/1943 1920/1920 1922/1922
f 1906/1906 1902/1902 1904/1904
f 1906/1906 1907/1907 1902/1902
f 1908/1908 1902/1902 1907/1907
f 1908/1908 1907/1907 1909/1909
f 1910/1910 1908/1908 1909/1909
f 1889/1889 1891/1891 1899/1899
f 1893/1893 1889/1889 1900/1900
f 1908/1908 1910/1910 1911/1911
f 1911/1911 1912/1912 1908/1908
f 1910/1910 1913/1913 1911/1911
f 1912/1912 1911/1911 1913/1913
f 1912/1912 1913/1913 1914/1914
f 1912/1912 1914/1914 1915/1915
f 1916/1916 1915/1915 1917/1917
f 1916/1916 1912/1912 1915/1915
f 1894/1894 1893/1893 1897/1897
f 1897/1897 1893/1893 1898/1898
f 1961/1961 1965/1965 1963/1963
f 1965/1965 1966/1966 1963/1963
f 1964/1964 1962/1962 1963/1963
f 1967/1967 1959/1959 1960/1960
f 1962/1962 1961/1961 1963/1963
f 1961/1961 1962/1962 1957/1957
f 1950/1950 1957/1957 1951/1951
f 1950/1950 1961/1961 1957/1957
f 1950/1950 1951/1951 1952/1952
f 1951/1951 1955/1955 1954/1954
f 1951/1951 1953/1953 1952/1952
f 1951/1951 1954/1954 1953/1953
f 1968/1968 1969/1969 1970/1970
f 1953/1953 1954/1954 1958/1958
f 1956/1956 1954/1954 1955/1955
f 1958/1958 1954/1954 1959/1959
f 1960/1960 1959/1959 1954/1954
f 1971/1971 1972/1972 1973/1973
f 1971/1971 1973/1973 1974/1974
f 1980/1980 1983/1983 1990/1990
f 1981/1981 1977/1977 1980/1980
f 1980/1980 1976/1976 1983/1983
f 1977/1977 1976/1976 1980/1980
f 1985/1985 1977/1977 1986/1986
f 1982/1982 1977/1977 1981/1981
f 1982/1982 1986/1986 1977/1977
f 1983/1983 1976/1976 1979/1979
f 1978/1978 1979/1979 1976/1976
f 1975/1975 1976/1976 1977/1977
f 1978/1978 1976/1976 1975/1975
f 1977/1977 1984/1984 1975/1975
f 1977/1977 1985/1985 1984/1984
f 1983/1983 1979/1979 1989/1989
f 1987/1987 1979/1979 1978/1978
f 1988/1988 1978/1978 1975/1975
f 1987/1987 1978/1978 1988/1988
f 2002/2002 1996/1996 2003/2003
f 1994/1994 2003/2003 1996/1996
f 2003/2003 1994/1994 2004/2004
f 2012/2012 2015/2015 2020/2020
f 2012/2012 2013/2013 2015/2015
f 2025/2025 2023/2023 2024/2024
f 2014/2014 2016/2016 2017/2017
f 2008/2008 2016/2016 2014/2014
f 2008/2008 2014/2014 2013/2013
f 2012/2012 2008/2008 2013/2013
f 2011/2011 2008/2008 2012/2012
f 2008/2008 2006/2006 2021/2021
f 2008/2008 2011/2011 2010/2010
f 2008/2008 2007/2007 2006/2006
f 2009/2009 2007/2007 2008/2008
f 2009/2009 2008/2008 2010/2010
f 2005/2005 2006/2006 2007/2007
f 2007/2007 2009/2009 2018/2018
f 2030/2030 2028/2028 2027/2027
f 2027/2027 2028/2028 2029/2029
f 2019/2019 2018/2018 2009/2009
f 2022/2022 2023/2023 2018/2018
f 2022/2022 2018/2018 2019/2019
f 2024/2024 2023/2023 2022/2022
f 2019/2019 2026/2026 2022/2022
f 2000/2000 1995/1995 2001/2001
f 1997/1997 1995/1995 2000/2000
f 1997/1997 1993/1993 1995/1995
f 1994/1994 1995/1995 1993/1993
f 1995/1995 1994/1994 1996/1996
f 1993/1993 1997/1997 1998/1998
f 1992/1992 1994/1994 1993/1993
f 1991/1991 1992/1992 1993/1993
f 1998/1998 1997/1997 1999/1999
f 2035/2035 2038/2038 2036/2036
f 2040/2040 2041/2041 2042/2042
f 2043/2043 2040/2040 2042/2042
f 2039/2039 2035/2035 2037/2037
f 2035/2035 2036/2036 2037/2037
f 2031/2031 2032/2032 2033/2033
f 2031/2031 2033/2033 2034/2034
f 2045/2045 2049/2049 2048/2048
f 2044/2044 2046/2046 2047/2047
f 2045/2045 2048/2048 2046/2046
f 2044/2044 2045/2045 2046/2046
f 2050/2050 2051/2051 2052/2052
f 2053/2053 2054/2054 2055/2055
f 2056/2056 2057/2057 2058/2058
f 2058/2058 2059/2059 2056/2056
f 2063/2063 2060/2060 2062/2062
f 2065/2065 2061/2061 2066/2066
f 2067/2067 2062/2062 2065/2065
f 2060/2060 2061/2061 2062/2062
f 2065/2065 2062/2062 2061/2061
f 2062/2062 2067/2067 2064/2064
f 2068/2068 2069/2069 2070/2070
f 2064/2064 2063/2063 2062/2062
f 2071/2071 2072/2072 2073/2073
f 2073/2073 2074/2074 2071/2071
f 2075/2075 2076/2076 2077/2077
f 2078/2078 2079/2079 2080/2080
f 2081/2081 2084/2084 2082/2082
f 2083/2083 2082/2082 2087/2087
f 2081/2081 2082/2082 2083/2083
f 2085/2085 2081/2081 2083/2083
f 2085/2085 2086/2086 2081/2081
f 2088/2088 2089/2089 2090/2090
f 2089/2089 2088/2088 2091/2091
f 2099/2099 2100/2100 2101/2101
f 2099/2099 2101/2101 2102/2102
f 2092/2092 2095/2095 2098/2098
f 2094/2094 2096/2096 2095/2095
f 2094/2094 2095/2095 2092/2092
f 2092/2092 2093/2093 2094/2094
f 2094/2094 2093/2093 2096/2096
f 2093/2093 2097/2097 2096/2096
f 2109/2109 2103/2103 2105/2105
f 2103/2103 2104/2104 2105/2105
f 2110/2110 2104/2104 2107/2107
f 2103/2103 2108/2108 2107/2107
f 2103/2103 2107/2107 2104/2104
f 2105/2105 2104/2104 2106/2106
f 2111/2111 2112/2112 2113/2113
f 2114/2114 2115/2115 2116/2116
f 2127/2127 2126/2126 2125/2125
f 2120/2120 2125/2125 2126/2126
f 2119/2119 2123/2123 2125/2125
f 2119/2119 2122/2122 2123/2123
f 2121/2121 2122/2122 2119/2119
f 2122/2122 2121/2121 2124/2124
f 2128/2128 2117/2117 2120/2120
f 2119/2119 2120/2120 2117/2117
f 2125/2125 2120/2120 2119/2119
f 2121/2121 2119/2119 2118/2118
f 2117/2117 2118/2118 2119/2119
f 2129/2129 2131/2131 2134/2134
f 2130/2130 2133/2133 2131/2131
f 2135/2135 2129/2129 2134/2134
f 2129/2129 2130/2130 2131/2131
f 2129/2129 2132/2132 2130/2130
f 2136/2136 2137/2137 2138/2138
f 2145/2145 2146/2146 2147/2147
f 2139/2139 2140/2140 2141/2141
f 2140/2140 2144/2144 2141/2141
f 2139/2139 2142/2142 2140/2140
f 2142/2142 2139/2139 2143/2143
f 2148/2148 2149/2149 2150/2150
f 2148/2148 2150/2150 2151/2151
f 2154/2154 2153/2153 2156/2156
f 2152/2152 2153/2153 2154/2154
f 2152/2152 2154/2154 2155/2155
f 2157/2157 2158/2158 2159/2159
f 2160/2160 2161/2161 2162/2162
f 2163/2163 2164/2164 2165/2165
f 2170/2170 2164/2164 2163/2163
f 2166/2166 2168/2168 2167/2167
f 2163/2163 2165/2165 2166/2166
f 2167/2167 2163/2163 2166/2166
f 2169/2169 2167/2167 2168/2168
f 2172/2172 2171/2171 2170/2170
f 2170/2170 2171/2171 2164/2164
f 2173/2173 2174/2174 2175/2175
f 2176/2176 2177/2177 2178/2178
f 2179/2179 2180/2180 2181/2181
f 2182/2182 2183/2183 2184/2184
f 2185/2185 2184/2184 2183/2183
f 2189/2189 2190/2190 2191/2191
f 2186/2186 2187/2187 2188/2188
f 2195/2195 2192/2192 2194/2194
f 2197/2197 2194/2194 2196/2196
f 2192/2192 2193/2193 2194/2194
f 2196/2196 2194/2194 2193/2193
f 2211/2211 2209/2209 2208/2208
f 2203/2203 2209/2209 2212/2212
f 2208/2208 2209/2209 2203/2203
f 2203/2203 2207/2207 2208/2208
f 2202/2202 2207/2207 2203/2203
f 2203/2203 2212/2212 2213/2213
f 2201/2201 2202/2202 2203/2203
f 2204/2204 2201/2201 2203/2203
f 2210/2210 2211/2211 2208/2208
f 2214/2214 2211/2211 2210/2210
f 2214/2214 2217/2217 2211/2211
f 2210/2210 2208/2208 2207/2207
f 2213/2213 2215/2215 2203/2203
f 2215/2215 2204/2204 2203/2203
f 2215/2215 2213/2213 2216/2216
f 2205/2205 2201/2201 2204/2204
f 2204/2204 2218/2218 2205/2205
f 2206/2206 2201/2201 2205/2205
f 2205/2205 2220/2220 2206/2206
f 2198/2198 2199/2199 2200/2200
f 2218/2218 2215/2215 2219/2219
f 2215/2215 2218/2218 2204/2204
f 2224/2224 2221/2221 2223/2223
f 2221/2221 2222/2222 2223/2223
f 2224/2224 2223/2223 2225/2225
f 2225/2225 2226/2226 2224/2224
f 2228/2228 2222/2222 2227/2227
f 2227/2227 2222/2222 2221/2221
f 2229/2229 2228/2228 2227/2227
f 2245/2245 2237/2237 2244/2244
f 2244/2244 2237/2237 2243/2243
f 2245/2245 2244/2244 2247/2247
f 2242/2242 2240/2240 2239/2239
f 2235/2235 2239/2239 2236/2236
f 2236/2236 2239/2239 2240/2240
f 2235/2235 2236/2236 2234/2234
f 2237/2237 2238/2238 2241/2241
f 2238/2238 2237/2237 2232/2232
f 2233/2233 2232/2232 2237/2237
f 2233/2233 2230/2230 2232/2232
f 2241/2241 2243/2243 2237/2237
f 2243/2243 2241/2241 2246/2246
f 2230/2230 2231/2231 2232/2232
f 2230/2230 2235/2235 2234/2234
f 2230/2230 2234/2234 2231/2231
f 2248/2248 2249/2249 2250/2250
f 2254/2254 2255/2255 2252/2252
f 2251/2251 2254/2254 2252/2252
f 2251/2251 2252/2252 2253/2253
f 2256/2256 2251/2251 2253/2253
f 2258/2258 2254/2254 2251/2251
f 2257/2257 2256/2256 2253/2253
f 2272/2272 2283/2283 2271/2271
f 2268/2268 2271/2271 2283/2283
f 2270/2270 2269/2269 2268/2268
f 2269/2269 2267/2267 2268/2268
f 2260/2260 2271/2271 2268/2268
f 2260/2260 2272/2272 2271/2271
f 2260/2260 2268/2268 2267/2267
f 2284/2284 2267/2267 2269/2269
f 2261/2261 2260/2260 2267/2267
f 2259/2259 2260/2260 2261/2261
f 2262/2262 2261/2261 2265/2265
f 2259/2259 2261/2261 2262/2262
f 2259/2259 2262/2262 2263/2263
f 2273/2273 2282/2282 2259/2259
f 2264/2264 2263/2263 2281/2281
f 2264/2264 2259/2259 2263/2263
f 2266/2266 2259/2259 2264/2264
f 2266/2266 2273/2273 2259/2259
f 2266/2266 2274/2274 2273/2273
f 2275/2275 2266/2266 2280/2280
f 2276/2276 2275/2275 2277/2277
f 2285/2285 2286/2286 2287/2287
f 2266/2266 2275/2275 2274/2274
f 2275/2275 2276/2276 2274/2274
f 2278/2278 2277/2277 2275/2275
f 2274/2274 2279/2279 2273/2273
f 2290/2290 2297/2297 2294/2294
f 2297/2297 2290/2290 2289/2289
f 2293/2293 2292/2292 2290/2290
f 2293/2293 2299/2299 2296/2296
f 2294/2294 2297/2297 2298/2298
f 2290/2290 2294/2294 2293/2293
f 2295/2295 2293/2293 2296/2296
f 2293/2293 2295/2295 2292/2292
f 2288/2288 2289/2289 2290/2290
f 2288/2288 2290/2290 2292/2292
f 2291/2291 2289/2289 2288/2288
f 2305/2305 2307/2307 2306/2306
f 2300/2300 2291/2291 2288/2288
f 2305/2305 2306/2306 2300/2300
f 2301/2301 2305/2305 2300/2300
f 2301/2301 2300/2300 2288/2288
f 2302/2302 2301/2301 2288/2288
f 2288/2288 2303/2303 2302/2302
f 2304/2304 2302/2302 2303/2303
f 2308/2308 2322/2322 2323/2323
f 2308/2308 2323/2323 2309/2309
f 2310/2310 2312/2312 2308/2308
f 2323/2323 2321/2321 2309/2309
f 2308/2308 2309/2309 2310/2310
f 2320/2320 2312/2312 2310/2310
f 2314/2314 2322/2322 2308/2308
f 2308/2308 2313/2313 2314/2314
f 2313/2313 2315/2315 2314/2314
f 2312/2312 2313/2313 2308/2308
f 2316/2316 2320/2320 2310/2310
f 2311/2311 2309/2309 2321/2321
f 2317/2317 2316/2316 2311/2311
f 2310/2310 2309/2309 2311/2311
f 2310/2310 2311/2311 2316/2316
f 2319/2319 2317/2317 2318/2318
f 2318/2318 2317/2317 2311/2311
f 2326/2326 2325/2325 2327/2327
f 2324/2324 2325/2325 2326/2326
f 2335/2335 2332/2332 2328/2328
f 2330/2330 2334/2334 2333/2333
f 2328/2328 2330/2330 2333/2333
f 2328/2328 2329/2329 2330/2330
f 2329/2329 2328/2328 2331/2331
f 2331/2331 2328/2328 2332/2332
f 2331/2331 2332/2332 2336/2336
f 2342/2342 2337/2337 2341/2341
f 2337/2337 2339/2339 2341/2341
f 2338/2338 2343/2343 2340/2340
f 2337/2337 2338/2338 2339/2339
f 2340/2340 2339/2339 2338/2338
f 2352/2352 2353/2353 2351/2351
f 2345/2345 2344/2344 2349/2349
f 2344/2344 2345/2345 2346/2346
f 2345/2345 2347/2347 2346/2346
f 2349/2349 2344/2344 2350/2350
f 2351/2351 2344/2344 2352/2352
f 2344/2344 2351/2351 2350/2350
f 2347/2347 2348/2348 2346/2346
f 2356/2356 2355/2355 2358/2358
f 2354/2354 2355/2355 2356/2356
f 2354/2354 2357/2357 2355/2355
f 2354/2354 2356/2356 2359/2359
f 2354/2354 2359/2359 2360/2360
f 2362/2362 2361/2361 2364/2364
f 2361/2361 2362/2362 2363/2363
f 2365/2365 2361/2361 2363/2363
f 2367/2367 2370/2370 2368/2368
f 2366/2366 2367/2367 2368/2368
f 2371/2371 2370/2370 2367/2367
f 2369/2369 2367/2367 2366/2366
f 2398/2398 2402/2402 2401/2401
f 2375/2375 2392/2392 2380/2380
f 2393/2393 2392/2392 2375/2375
f 2394/2394 2392/2392 2393/2393
f 2396/2396 2394/2394 2393/2393
f 2398/2398 2401/2401 2399/2399
f 2405/2405 2399/2399 2401/2401
f 2398/2398 2397/2397 2403/2403
f 2393/2393 2395/2395 2396/2396
f 2379/2379 2380/2380 2391/2391
f 2374/2374 2380/2380 2379/2379
f 2375/2375 2380/2380 2374/2374
f 2373/2373 2375/2375 2374/2374
f 2376/2376 2374/2374 2379/2379
f 2377/2377 2372/2372 2376/2376
f 2378/2378 2372/2372 2377/2377
f 2377/2377 2381/2381 2378/2378
f 2388/2388 2389/2389 2390/2390
f 2387/2387 2379/2379 2389/2389
f 2388/2388 2387/2387 2389/2389
f 2372/2372 2374/2374 2376/2376
f 2377/2377 2376/2376 2387/2387
f 2382/2382 2387/2387 2388/2388
f 2377/2377 2387/2387 2382/2382
f 2382/2382 2381/2381 2377/2377
f 2383/2383 2381/2381 2382/2382
f 2384/2384 2381/2381 2383/2383
f 2384/2384 2385/2385 2381/2381
f 2384/2384 2386/2386 2385/2385
f 2397/2397 2398/2398 2399/2399
f 2399/2399 2400/2400 2397/2397
f 2372/2372 2373/2373 2374/2374
f 2404/2404 2400/2400 2399/2399
f 2406/2406 2409/2409 2407/2407
f 2410/2410 2409/2409 2406/2406
f 2414/2414 2413/2413 2415/2415
f 2406/2406 2407/2407 2408/2408
f 2408/2408 2411/2411 2406/2406
f 2412/2412 2413/2413 2414/2414
f 2416/2416 2419/2419 2421/2421
f 2422/2422 2423/2423 2424/2424
f 2418/2418 2419/2419 2416/2416
f 2416/2416 2417/2417 2418/2418
f 2417/2417 2416/2416 2420/2420
f 2425/2425 2426/2426 2427/2427
f 2426/2426 2428/2428 2427/2427
f 2431/2431 2432/2432 2429/2429
f 2439/2439 2438/2438 2435/2435
f 2432/2432 2433/2433 2429/2429
f 2434/2434 2429/2429 2433/2433
f 2435/2435 2436/2436 2437/2437
f 2438/2438 2436/2436 2435/2435
f 2429/2429 2430/2430 2431/2431
f 2440/2440 2441/2441 2442/2442
f 2443/2443 2440/2440 2442/2442
f 2444/2444 2445/2445 2446/2446
f 2451/2451 2452/2452 2448/2448
f 2449/2449 2450/2450 2447/2447
f 2447/2447 2448/2448 2449/2449
f 2448/2448 2447/2447 2451/2451
f 2475/2475 2476/2476 2477/2477
f 2476/2476 2475/2475 2466/2466
f 2478/2478 2479/2479 2482/2482
f 2513/2513 2511/2511 2510/2510
f 2511/2511 2508/2508 2510/2510
f 2512/2512 2508/2508 2511/2511
f 2514/2514 2511/2511 2513/2513
f 2513/2513 2515/2515 2514/2514
f 2514/2514 2515/2515 2523/2523
f 2516/2516 2523/2523 2515/2515
f 2513/2513 2516/2516 2515/2515
f 2513/2513 2517/2517 2516/2516
f 2518/2518 2517/2517 2513/2513
f 2519/2519 2516/2516 2517/2517
f 2466/2466 2475/2475 2474/2474
f 2466/2466 2478/2478 2476/2476
f 2478/2478 2466/2466 2479/2479
f 2479/2479 2466/2466 2483/2483
f 2483/2483 2466/2466 2456/2456
f 2456/2456 2466/2466 2453/2453
f 2502/2502 2503/2503 2504/2504
f 2499/2499 2500/2500 2501/2501
f 2484/2484 2483/2483 2456/2456
f 2484/2484 2485/2485 2483/2483
f 2492/2492 2483/2483 2485/2485
f 2484/2484 2486/2486 2485/2485
f 2487/2487 2485/2485 2486/2486
f 2488/2488 2485/2485 2487/2487
f 2506/2506 2507/2507 2508/2508
f 2508/2508 2509/2509 2510/2510
f 2508/2508 2507/2507 2509/2509
f 2492/2492 2496/2496 2483/2483
f 2496/2496 2492/2492 2491/2491
f 2491/2491 2492/2492 2490/2490
f 2491/2491 2490/2490 2489/2489
f 2485/2485 2490/2490 2492/2492
f 2490/2490 2485/2485 2489/2489
f 2488/2488 2489/2489 2485/2485
f 2519/2519 2520/2520 2521/2521
f 2517/2517 2520/2520 2519/2519
f 2520/2520 2522/2522 2521/2521
f 2458/2458 2474/2474 2480/2480
f 2466/2466 2474/2474 2458/2458
f 2459/2459 2466/2466 2458/2458
f 2454/2454 2459/2459 2458/2458
f 2457/2457 2454/2454 2458/2458
f 2460/2460 2457/2457 2458/2458
f 2453/2453 2455/2455 2456/2456
f 2453/2453 2454/2454 2455/2455
f 2455/2455 2454/2454 2457/2457
f 2457/2457 2465/2465 2455/2455
f 2505/2505 2502/2502 2504/2504
f 2458/2458 2480/2480 2481/2481
f 2461/2461 2457/2457 2460/2460
f 2471/2471 2470/2470 2469/2469
f 2461/2461 2460/2460 2462/2462
f 2470/2470 2462/2462 2469/2469
f 2462/2462 2467/2467 2469/2469
f 2471/2471 2472/2472 2473/2473
f 2472/2472 2471/2471 2469/2469
f 2463/2463 2460/2460 2458/2458
f 2460/2460 2463/2463 2468/2468
f 2497/2497 2468/2468 2463/2463
f 2464/2464 2462/2462 2460/2460
f 2467/2467 2462/2462 2464/2464
f 2493/2493 2464/2464 2468/2468
f 2468/2468 2464/2464 2460/2460
f 2494/2494 2493/2493 2468/2468
f 2494/2494 2468/2468 2497/2497
f 2494/2494 2497/2497 2498/2498
f 2495/2495 2493/2493 2494/2494
f 2533/2533 2532/2532 2534/2534
f 2535/2535 2539/2539 2540/2540
f 2542/2542 2543/2543 2537/2537
f 2528/2528 2525/2525 2529/2529
f 2524/2524 2525/2525 2526/2526
f 2530/2530 2532/2532 2531/2531
f 2533/2533 2531/2531 2532/2532
f 2528/2528 2527/2527 2525/2525
f 2527/2527 2526/2526 2525/2525
f 2527/2527 2530/2530 2526/2526
f 2526/2526 2530/2530 2531/2531
f 2539/2539 2543/2543 2550/2550
f 2537/2537 2543/2543 2539/2539
f 2541/2541 2542/2542 2537/2537
f 2535/2535 2537/2537 2539/2539
f 2544/2544 2542/2542 2541/2541
f 2541/2541 2545/2545 2544/2544
f 2544/2544 2545/2545 2546/2546
f 2541/2541 2537/2537 2536/2536
f 2535/2535 2536/2536 2537/2537
f 2538/2538 2536/2536 2535/2535
f 2551/2551 2552/2552 2553/2553
f 2547/2547 2545/2545 2548/2548
f 2547/2547 2546/2546 2545/2545
f 2547/2547 2549/2549 2546/2546
f 2565/2565 2566/2566 2563/2563
f 2561/2561 2563/2563 2564/2564
f 2565/2565 2563/2563 2562/2562
f 2565/2565 2562/2562 2567/2567
f 2554/2554 2567/2567 2562/2562
f 2567/2567 2554/2554 2568/2568
f 2561/2561 2554/2554 2562/2562
f 2560/2560 2554/2554 2561/2561
f 2554/2554 2556/2556 2568/2568
f 2554/2554 2555/2555 2556/2556
f 2563/2563 2561/2561 2562/2562
f 2555/2555 2557/2557 2556/2556
f 2557/2557 2582/2582 2581/2581
f 2560/2560 2555/2555 2554/2554
f 2558/2558 2559/2559 2556/2556
f 2569/2569 2559/2559 2558/2558
f 2557/2557 2569/2569 2558/2558
f 2580/2580 2557/2557 2581/2581
f 2557/2557 2570/2570 2569/2569
f 2559/2559 2567/2567 2568/2568
f 2583/2583 2567/2567 2559/2559
f 2557/2557 2558/2558 2556/2556
f 2559/2559 2568/2568 2556/2556
f 2559/2559 2569/2569 2571/2571
f 2583/2583 2559/2559 2579/2579
f 2579/2579 2559/2559 2571/2571
f 2572/2572 2571/2571 2569/2569
f 2571/2571 2572/2572 2573/2573
f 2570/2570 2557/2557 2580/2580
f 2570/2570 2572/2572 2569/2569
f 2574/2574 2573/2573 2572/2572
f 2575/2575 2574/2574 2572/2572
f 2574/2574 2577/2577 2578/2578
f 2577/2577 2574/2574 2576/2576
f 2575/2575 2576/2576 2574/2574
f 2584/2584 2585/2585 2586/2586
f 2587/2587 2585/2585 2584/2584
f 2596/2596 2588/2588 2592/2592
f 2592/2592 2588/2588 2591/2591
f 2588/2588 2590/2590 2591/2591
f 2588/2588 2589/2589 2590/2590
f 2597/2597 2590/2590 2589/2589
f 2593/2593 2589/2589 2588/2588
f 2594/2594 2589/2589 2593/2593
f 2595/2595 2594/2594 2593/2593
f 2606/2606 2626/2626 2627/2627
f 2613/2613 2606/2606 2616/2616
f 2627/2627 2616/2616 2606/2606
f 2611/2611 2606/2606 2613/2613
f 2609/2609 2608/2608 2606/2606
f 2609/2609 2606/2606 2611/2611
f 2610/2610 2608/2608 2609/2609
f 2600/2600 2599/2599 2602/2602
f 2635/2635 2602/2602 2599/2599
f 2599/2599 2598/2598 2601/2601
f 2598/2598 2599/2599 2600/2600
f 2635/2635 2637/2637 2634/2634
f 2635/2635 2634/2634 2602/2602
f 2632/2632 2602/2602 2634/2634
f 2636/2636 2602/2602 2632/2632
f 2606/2606 2607/2607 2626/2626
f 2603/2603 2604/2604 2605/2605
f 2635/2635 2638/2638 2637/2637
f 2631/2631 2630/2630 2619/2619
f 2632/2632 2634/2634 2633/2633
f 2631/2631 2632/2632 2633/2633
f 2619/2619 2632/2632 2631/2631
f 2622/2622 2607/2607 2604/2604
f 2606/2606 2604/2604 2607/2607
f 2604/2604 2606/2606 2605/2605
f 2624/2624 2607/2607 2623/2623
f 2622/2622 2623/2623 2607/2607
f 2621/2621 2623/2623 2622/2622
f 2612/2612 2622/2622 2604/2604
f 2612/2612 2604/2604 2603/2603
f 2618/2618 2619/2619 2621/2621
f 2619/2619 2630/2630 2621/2621
f 2624/2624 2625/2625 2607/2607
f 2612/2612 2621/2621 2622/2622
f 2618/2618 2621/2621 2612/2612
f 2628/2628 2623/2623 2621/2621
f 2628/2628 2629/2629 2623/2623
f 2605/2605 2606/2606 2608/2608
f 2610/2610 2605/2605 2608/2608
f 2615/2615 2603/2603 2610/2610
f 2603/2603 2605/2605 2610/2610
f 2614/2614 2612/2612 2603/2603
f 2612/2612 2617/2617 2618/2618
f 2617/2617 2612/2612 2614/2614
f 2620/2620 2617/2617 2614/2614
f 2617/2617 2619/2619 2618/2618
f 2636/2636 2598/2598 2602/2602
f 2651/2651 2650/2650 2652/2652
f 2649/2649 2659/2659 2650/2650
f 2650/2650 2651/2651 2648/2648
f 2640/2640 2648/2648 2665/2665
f 2642/2642 2641/2641 2640/2640
f 2639/2639 2640/2640 2641/2641
f 2644/2644 2639/2639 2641/2641
f 2648/2648 2649/2649 2650/2650
f 2643/2643 2648/2648 2640/2640
f 2639/2639 2643/2643 2640/2640
f 2649/2649 2648/2648 2643/2643
f 2647/2647 2643/2643 2639/2639
f 2639/2639 2644/2644 2645/2645
f 2658/2658 2639/2639 2654/2654
f 2639/2639 2645/2645 2654/2654
f 2664/2664 2658/2658 2660/2660
f 2660/2660 2658/2658 2654/2654
f 2655/2655 2656/2656 2654/2654
f 2655/2655 2657/2657 2656/2656
f 2645/2645 2644/2644 2646/2646
f 2645/2645 2653/2653 2661/2661
f 2653/2653 2645/2645 2646/2646
f 2662/2662 2661/2661 2653/2653
f 2661/2661 2663/2663 2655/2655
f 2663/2663 2661/2661 2666/2666
f 2655/2655 2654/2654 2645/2645
f 2655/2655 2645/2645 2661/2661
f 2667/2667 2668/2668 2669/2669
f 2670/2670 2671/2671 2672/2672
f 2676/2676 2677/2677 2678/2678
f 2678/2678 2679/2679 2676/2676
f 2673/2673 2674/2674 2675/2675
f 2680/2680 2681/2681 2682/2682
f 2683/2683 2684/2684 2685/2685
f 2690/2690 2696/2696 2686/2686
f 2690/2690 2686/2686 2688/2688
f 2686/2686 2687/2687 2688/2688
f 2689/2689 2688/2688 2687/2687
f 2688/2688 2689/2689 2695/2695
f 2695/2695 2694/2694 2688/2688
f 2690/2690 2691/2691 2692/2692
f 2691/2691 2690/2690 2688/2688
f 2691/2691 2688/2688 2693/2693
f 2693/2693 2688/2688 2694/2694
f 2697/2697 2698/2698 2699/2699
f 2700/2700 2704/2704 2705/2705
f 2704/2704 2700/2700 2702/2702
f 2712/2712 2713/2713 2714/2714
f 2710/2710 2709/2709 2700/2700
f 2702/2702 2706/2706 2704/2704
f 2703/2703 2700/2700 2709/2709
f 2701/2701 2703/2703 2707/2707
f 2700/2700 2701/2701 2702/2702
f 2701/2701 2700/2700 2703/2703
f 2707/2707 2708/2708 2701/2701
f 2711/2711 2701/2701 2708/2708
f 2719/2719 2715/2715 2720/2720
f 2719/2719 2716/2716 2715/2715
f 2715/2715 2716/2716 2717/2717
f 2716/2716 2718/2718 2717/2717
f 2742/2742 2741/2741 2740/2740
f 2740/2740 2741/2741 2739/2739
f 2740/2740 2739/2739 2738/2738
f 2738/2738 2739/2739 2737/2737
f 2737/2737 2735/2735 2738/2738
f 2736/2736 2735/2735 2737/2737
f 2734/2734 2735/2735 2736/2736
f 2733/2733 2735/2735 2734/2734
f 2731/2731 2733/2733 2734/2734
f 2733/2733 2731/2731 2732/2732
f 2729/2729 2730/2730 2731/2731
f 2730/2730 2732/2732 2731/2731
f 2728/2728 2730/2730 2729/2729
f 2727/2727 2728/2728 2729/2729
f 2727/2727 2743/2743 2728/2728
f 2743/2743 2727/2727 2744/2744
f 2744/2744 2745/2745 2743/2743
f 2745/2745 2744/2744 2746/2746
f 2747/2747 2743/2743 2745/2745
f 2746/2746 2747/2747 2745/2745
f 2746/2746 2748/2748 2747/2747
f 2749/2749 2747/2747 2748/2748
f 2725/2725 2749/2749 2748/2748
f 2750/2750 2725/2725 2748/2748
f 2721/2721 2725/2725 2750/2750
f 2721/2721 2750/2750 2751/2751
f 2725/2725 2721/2721 2723/2723
f 2721/2721 2724/2724 2722/2722
f 2721/2721 2722/2722 2723/2723
f 2726/2726 2722/2722 2724/2724
f 2762/2762 2757/2757 2759/2759
f 2759/2759 2763/2763 2762/2762
f 2761/2761 2763/2763 2759/2759
f 2756/2756 2759/2759 2757/2757
f 2759/2759 2756/2756 2760/2760
f 2756/2756 2757/2757 2758/2758
f 2761/2761 2759/2759 2760/2760
f 2764/2764 2763/2763 2761/2761
f 2764/2764 2766/2766 2765/2765
f 2776/2776 2766/2766 2764/2764
f 2775/2775 2766/2766 2776/2776
f 2763/2763 2764/2764 2765/2765
f 2771/2771 2770/2770 2766/2766
f 2771/2771 2766/2766 2775/2775
f 2767/2767 2768/2768 2769/2769
f 2769/2769 2768/2768 2770/2770
f 2771/2771 2769/2769 2770/2770
f 2773/2773 2777/2777 2772/2772
f 2767/2767 2773/2773 2772/2772
f 2767/2767 2772/2772 2768/2768
f 2787/2787 2773/2773 2774/2774
f 2773/2773 2787/2787 2779/2779
f 2778/2778 2777/2777 2773/2773
f 2774/2774 2773/2773 2767/2767
f 2778/2778 2773/2773 2779/2779
f 2780/2780 2778/2778 2779/2779
f 2781/2781 2778/2778 2780/2780
f 2782/2782 2778/2778 2781/2781
f 2778/2778 2782/2782 2783/2783
f 2784/2784 2785/2785 2783/2783
f 2784/2784 2783/2783 2782/2782
f 2786/2786 2785/2785 2784/2784
f 2786/2786 2788/2788 2785/2785
f 2755/2755 2753/2753 2752/2752
f 2752/2752 2753/2753 2754/2754
f 2794/2794 2798/2798 2793/2793
f 2790/2790 2794/2794 2793/2793
f 2790/2790 2793/2793 2792/2792
f 2794/2794 2799/2799 2798/2798
f 2790/2790 2792/2792 2791/2791
f 2789/2789 2790/2790 2791/2791
f 2795/2795 2789/2789 2791/2791
f 2795/2795 2791/2791 2796/2796
f 2797/2797 2795/2795 2796/2796
f 2804/2804 2800/2800 2805/2805
f 2806/2806 2805/2805 2800/2800
f 2800/2800 2804/2804 2801/2801
f 2800/2800 2801/2801 2802/2802
f 2803/2803 2800/2800 2802/2802
f 2808/2808 2810/2810 2809/2809
f 2812/2812 2808/2808 2807/2807
f 2807/2807 2808/2808 2809/2809
f 2809/2809 2811/2811 2807/2807
f 2830/2830 2828/2828 2831/2831
f 2830/2830 2829/2829 2828/2828
f 2813/2813 2828/2828 2829/2829
f 2819/2819 2818/2818 2813/2813
f 2820/2820 2817/2817 2821/2821
f 2827/2827 2828/2828 2820/2820
f 2815/2815 2817/2817 2813/2813
f 2813/2813 2820/2820 2828/2828
f 2820/2820 2813/2813 2817/2817
f 2816/2816 2813/2813 2818/2818
f 2825/2825 2817/2817 2815/2815
f 2821/2821 2824/2824 2820/2820
f 2821/2821 2817/2817 2825/2825
f 2825/2825 2827/2827 2820/2820
f 2813/2813 2814/2814 2815/2815
f 2822/2822 2814/2814 2816/2816
f 2816/2816 2814/2814 2813/2813
f 2822/2822 2823/2823 2814/2814
f 2822/2822 2826/2826 2823/2823
f 2844/2844 2845/2845 2837/2837
f 2836/2836 2844/2844 2837/2837
f 2847/2847 2845/2845 2844/2844
f 2833/2833 2836/2836 2837/2837
f 2835/2835 2836/2836 2833/2833
f 2835/2835 2833/2833 2832/2832
f 2832/2832 2833/2833 2834/2834
f 2832/2832 2834/2834 2838/2838
f 2838/2838 2834/2834 2839/2839
f 2834/2834 2840/2840 2839/2839
f 2840/2840 2834/2834 2841/2841
f 2841/2841 2846/2846 2842/2842
f 2842/2842 2840/2840 2841/2841
f 2842/2842 2843/2843 2840/2840
f 2859/2859 2852/2852 2853/2853
f 2852/2852 2851/2851 2853/2853
f 2848/2848 2849/2849 2850/2850
f 2854/2854 2855/2855 2850/2850
f 2852/2852 2854/2854 2850/2850
f 2856/2856 2850/2850 2855/2855
f 2857/2857 2850/2850 2856/2856
f 2852/2852 2850/2850 2851/2851
f 2851/2851 2850/2850 2849/2849
f 2858/2858 2857/2857 2856/2856
f 2861/2861 2864/2864 2862/2862
f 2863/2863 2860/2860 2865/2865
f 2860/2860 2861/2861 2862/2862
f 2861/2861 2860/2860 2863/2863
f 2862/2862 2864/2864 2866/2866
f 2875/2875 2874/2874 2873/2873
f 2869/2869 2868/2868 2870/2870
f 2868/2868 2873/2873 2874/2874
f 2871/2871 2867/2867 2869/2869
f 2872/2872 2867/2867 2871/2871
f 2868/2868 2867/2867 2873/2873
f 2867/2867 2868/2868 2869/2869
f 2881/2881 2877/2877 2883/2883
f 2883/2883 2884/2884 2881/2881
f 2877/2877 2880/2880 2878/2878
f 2880/2880 2877/2877 2881/2881
f 2880/2880 2882/2882 2878/2878
f 2885/2885 2877/2877 2879/2879
f 2886/2886 2877/2877 2885/2885
f 2876/2876 2877/2877 2878/2878
f 2879/2879 2877/2877 2876/2876
f 2896/2896 2897/2897 2898/2898
f 2896/2896 2890/2890 2897/2897
f 2893/2893 2895/2895 2894/2894
f 2889/2889 2893/2893 2894/2894
f 2888/2888 2893/2893 2889/2889
f 2887/2887 2890/2890 2896/2896
f 2890/2890 2887/2887 2889/2889
f 2887/2887 2888/2888 2889/2889
f 2891/2891 2887/2887 2892/2892
f 2888/2888 2887/2887 2891/2891
f 2899/2899 2900/2900 2901/2901
f 2899/2899 2902/2902 2900/2900
f 2901/2901 2900/2900 2903/2903
f 2905/2905 2907/2907 2906/2906
f 2905/2905 2904/2904 2908/2908
f 2904/2904 2905/2905 2906/2906
f 2909/2909 2910/2910 2911/2911
f 2912/2912 2913/2913 2914/2914
f 2916/2916 2915/2915 2919/2919
f 2915/2915 2916/2916 2917/2917
f 2920/2920 2918/2918 2916/2916
f 2918/2918 2917/2917 2916/2916
f 2957/2957 2956/2956 2952/2952
f 2952/2952 2956/2956 2951/2951
f 2952/2952 2951/2951 2938/2938
f 2938/2938 2951/2951 2937/2937
f 2955/2955 2937/2937 2951/2951
f 2958/2958 2955/2955 2959/2959
f 2937/2937 2955/2955 2958/2958
f 2940/2940 2922/2922 2941/2941
f 2938/2938 2953/2953 2952/2952
f 2954/2954 2952/2952 2953/2953
f 2938/2938 2935/2935 2939/2939
f 2935/2935 2927/2927 2936/2936
f 2937/2937 2935/2935 2938/2938
f 2934/2934 2935/2935 2937/2937
f 2927/2927 2935/2935 2934/2934
f 2934/2934 2933/2933 2927/2927
f 2928/2928 2927/2927 2933/2933
f 2922/2922 2940/2940 2936/2936
f 2974/2974 2971/2971 2973/2973
f 2971/2971 2972/2972 2973/2973
f 2975/2975 2976/2976 2977/2977
f 2928/2928 2924/2924 2927/2927
f 2979/2979 2975/2975 2977/2977
f 2922/2922 2936/2936 2927/2927
f 2976/2976 2978/2978 2977/2977
f 2921/2921 2922/2922 2923/2923
f 2948/2948 2947/2947 2949/2949
f 2941/2941 2943/2943 2948/2948
f 2943/2943 2941/2941 2922/2922
f 2924/2924 2923/2923 2927/2927
f 2948/2948 2949/2949 2950/2950
f 2948/2948 2943/2943 2947/2947
f 2945/2945 2947/2947 2943/2943
f 2945/2945 2943/2943 2944/2944
f 2921/2921 2943/2943 2922/2922
f 2921/2921 2923/2923 2924/2924
f 2924/2924 2925/2925 2921/2921
f 2926/2926 2943/2943 2921/2921
f 2943/2943 2926/2926 2944/2944
f 2926/2926 2921/2921 2925/2925
f 2944/2944 2946/2946 2945/2945
f 2968/2968 2970/2970 2967/2967
f 2960/2960 2968/2968 2967/2967
f 2960/2960 2967/2967 2961/2961
f 2969/2969 2968/2968 2960/2960
f 2960/2960 2961/2961 2962/2962
f 2960/2960 2962/2962 2963/2963
f 2980/2980 2981/2981 2982/2982
f 2928/2928 2929/2929 2924/2924
f 2929/2929 2928/2928 2942/2942
f 2929/2929 2930/2930 2924/2924
f 2930/2930 2929/2929 2931/2931
f 2932/2932 2930/2930 2931/2931
f 2963/2963 2962/2962 2964/2964
f 2966/2966 2963/2963 2964/2964
f 2962/2962 2965/2965 2964/2964
f 2993/2993 2994/2994 2995/2995
f 2987/2987 2989/2989 2986/2986
f 2986/2986 2985/2985 2987/2987
f 2983/2983 2985/2985 2986/2986
f 2983/2983 2984/2984 2985/2985
f 2988/2988 2984/2984 2983/2983
f 2991/2991 2988/2988 2992/2992
f 2988/2988 2990/2990 2984/2984
f 2991/2991 2990/2990 2988/2988
f 2997/2997 3000/3000 2999/2999
f 3010/3010 3000/3000 3002/3002
f 3000/3000 2997/2997 3002/3002
f 2997/2997 3003/3003 3002/3002
f 2999/2999 2998/2998 2997/2997
f 3003/3003 2997/2997 2996/2996
f 2996/2996 2997/2997 2998/2998
f 3004/3004 3003/3003 2996/2996
f 2996/2996 3005/3005 3004/3004
f 3006/3006 3005/3005 2996/2996
f 3007/3007 3005/3005 3006/3006
f 3011/3011 3001/3001 3000/3000
f 3001/3001 2999/2999 3000/3000
f 3008/3008 2999/2999 3001/3001
f 3009/3009 3008/3008 3001/3001
f 3016/3016 3019/3019 3020/3020
f 3016/3016 3018/3018 3019/3019
f 3014/3014 3016/3016 3012/3012
f 3018/3018 3016/3016 3014/3014
f 3012/3012 3013/3013 3014/3014
f 3013/3013 3015/3015 3014/3014
f 3013/3013 3017/3017 3015/3015
f 3026/3026 3027/3027 3028/3028
f 3030/3030 3031/3031 3032/3032
f 3021/3021 3022/3022 3023/3023
f 3021/3021 3024/3024 3022/3022
f 3022/3022 3025/3025 3023/3023
f 3029/3029 3026/3026 3028/3028
f 3040/3040 3043/3043 3036/3036
f 3044/3044 3036/3036 3043/3043
f 3040/3040 3036/3036 3039/3039
f 3036/3036 3033/3033 3039/3039
f 3033/3033 3036/3036 3034/3034
f 3033/3033 3034/3034 3035/3035
f 3034/3034 3037/3037 3035/3035
f 3037/3037 3034/3034 3041/3041
f 3041/3041 3045/3045 3037/3037
f 3038/3038 3042/3042 3035/3035
f 3037/3037 3038/3038 3035/3035
f 3049/3049 3048/3048 3047/3047
f 3046/3046 3047/3047 3048/3048
f 3048/3048 3050/3050 3046/3046
f 3046/3046 3050/3050 3051/3051
f 3058/3058 3056/3056 3052/3052
f 3056/3056 3057/3057 3053/3053
f 3061/3061 3062/3062 3063/3063
f 3052/3052 3056/3056 3053/3053
f 3052/3052 3053/3053 3054/3054
f 3062/3062 3064/3064 3063/3063
f 3059/3059 3052/3052 3054/3054
f 3055/3055 3054/3054 3053/3053
f 3054/3054 3055/3055 3060/3060
f 3065/3065 3069/3069 3068/3068
f 3066/3066 3065/3065 3068/3068
f 3065/3065 3066/3066 3067/3067
f 3070/3070 3067/3067 3066/3066
f 3071/3071 3067/3067 3070/3070
f 3073/3073 3072/3072 3075/3075
f 3080/3080 3079/3079 3078/3078
f 3077/3077 3078/3078 3079/3079
f 3073/3073 3075/3075 3076/3076
f 3072/3072 3073/3073 3074/3074
f 3081/3081 3082/3082 3083/3083
f 3084/3084 3085/3085 3086/3086
f 3084/3084 3086/3086 3089/3089
f 3090/3090 3088/3088 3092/3092
f 3090/3090 3085/3085 3088/3088
f 3085/3085 3087/3087 3088/3088
f 3087/3087 3085/3085 3084/3084
f 3091/3091 3089/3089 3086/3086
f 3091/3091 3093/3093 3089/3089
f 3100/3100 3099/3099 3096/3096
f 3094/3094 3098/3098 3095/3095
f 3096/3096 3095/3095 3097/3097
f 3094/3094 3095/3095 3096/3096
f 3099/3099 3094/3094 3096/3096
f 3101/3101 3100/3100 3096/3096
f 3103/3103 3099/3099 3102/3102
f 3102/3102 3099/3099 3100/3100
f 3110/3110 3111/3111 3112/3112
f 3104/3104 3105/3105 3106/3106
f 3107/3107 3108/3108 3109/3109
f 3113/3113 3115/3115 3117/3117
f 3116/3116 3115/3115 3114/3114
f 3113/3113 3114/3114 3115/3115
f 3142/3142 3141/3141 3138/3138
f 3138/3138 3141/3141 3140/3140
f 3120/3120 3119/3119 3123/3123
f 3118/3118 3119/3119 3120/3120
f 3135/3135 3136/3136 3137/3137
f 3118/3118 3120/3120 3121/3121
f 3140/3140 3137/3137 3138/3138
f 3137/3137 3136/3136 3138/3138
f 3138/3138 3136/3136 3139/3139
f 3122/3122 3118/3118 3121/3121
f 3124/3124 3122/3122 3121/3121
f 3133/3133 3129/3129 3134/3134
f 3129/3129 3130/3130 3131/3131
f 3130/3130 3129/3129 3132/3132
f 3126/3126 3125/3125 3128/3128
f 3125/3125 3126/3126 3127/3127
f 3133/3133 3132/3132 3129/3129
f 3143/3143 3146/3146 3144/3144
f 3147/3147 3145/3145 3144/3144
f 3143/3143 3144/3144 3145/3145
f 3148/3148 3149/3149 3150/3150
f 3151/3151 3152/3152 3153/3153
f 3154/3154 3155/3155 3156/3156
f 3157/3157 3158/3158 3159/3159
f 3160/3160 3161/3161 3162/3162
f 3163/3163 3164/3164 3165/3165
f 3166/3166 3167/3167 3168/3168
f 3169/3169 3167/3167 3166/3166
f 3173/3173 3174/3174 3175/3175
f 3174/3174 3176/3176 3175/3175
f 3177/3177 3174/3174 3173/3173
f 3178/3178 3174/3174 3177/3177
f 3170/3170 3171/3171 3172/3172
f 3179/3179 3176/3176 3174/3174
f 3186/3186 3190/3190 3187/3187
f 3205/3205 3206/3206 3199/3199
f 3187/3187 3184/3184 3186/3186
f 3199/3199 3187/3187 3205/3205
f 3187/3187 3199/3199 3184/3184
f 3184/3184 3199/3199 3191/3191
f 3191/3191 3180/3180 3184/3184
f 3206/3206 3191/3191 3199/3199
f 3180/3180 3182/3182 3184/3184
f 3180/3180 3181/3181 3182/3182
f 3183/3183 3182/3182 3181/3181
f 3185/3185 3182/3182 3183/3183
f 3196/3196 3198/3198 3197/3197
f 3190/3190 3196/3196 3197/3197
f 3186/3186 3196/3196 3190/3190
f 3184/3184 3182/3182 3185/3185
f 3186/3186 3185/3185 3196/3196
f 3185/3185 3186/3186 3184/3184
f 3192/3192 3196/3196 3185/3185
f 3188/3188 3185/3185 3183/3183
f 3189/3189 3185/3185 3188/3188
f 3192/3192 3185/3185 3189/3189
f 3194/3194 3207/3207 3192/3192
f 3193/3193 3192/3192 3189/3189
f 3194/3194 3192/3192 3193/3193
f 3194/3194 3193/3193 3195/3195
f 3194/3194 3195/3195 3207/3207
f 3200/3200 3193/3193 3189/3189
f 3201/3201 3193/3193 3200/3200
f 3200/3200 3204/3204 3203/3203
f 3202/3202 3193/3193 3201/3201
f 3200/3200 3203/3203 3201/3201
f 3217/3217 3218/3218 3212/3212
f 3214/3214 3217/3217 3212/3212
f 3211/3211 3212/3212 3213/3213
f 3209/3209 3213/3213 3210/3210
f 3209/3209 3211/3211 3213/3213
f 3215/3215 3214/3214 3211/3211
f 3211/3211 3214/3214 3212/3212
f 3209/3209 3216/3216 3211/3211
f 3211/3211 3216/3216 3215/3215
f 3208/3208 3215/3215 3216/3216
f 3208/3208 3209/3209 3210/3210
f 3225/3225 3220/3220 3226/3226
f 3221/3221 3220/3220 3225/3225
f 3219/3219 3222/3222 3220/3220
f 3219/3219 3220/3220 3221/3221
f 3223/3223 3219/3219 3221/3221
f 3224/3224 3223/3223 3221/3221
f 3227/3227 3228/3228 3229/3229
f 3244/3244 3243/3243 3245/3245
f 3242/3242 3243/3243 3244/3244
f 3241/3241 3242/3242 3240/3240
f 3242/3242 3241/3241 3243/3243
f 3239/3239 3238/3238 3240/3240
f 3238/3238 3239/3239 3231/3231
f 3238/3238 3241/3241 3240/3240
f 3238/3238 3231/3231 3230/3230
f 3230/3230 3231/3231 3232/3232
f 3231/3231 3233/3233 3232/3232
f 3234/3234 3232/3232 3233/3233
f 3234/3234 3233/3233 3235/3235
f 3235/3235 3236/3236 3234/3234
f 3236/3236 3235/3235 3237/3237
f 3247/3247 3246/3246 3237/3237
f 3236/3236 3237/3237 3246/3246
f 3248/3248 3236/3236 3246/3246
f 3255/3255 3251/3251 3254/3254
f 3253/3253 3254/3254 3251/3251
f 3253/3253 3250/3250 3256/3256
f 3253/3253 3251/3251 3250/3250
f 3249/3249 3250/3250 3251/3251
f 3252/3252 3250/3250 3249/3249
f 3257/3257 3252/3252 3249/3249
f 3265/3265 3264/3264 3261/3261
f 3261/3261 3264/3264 3263/3263
f 3262/3262 3261/3261 3263/3263
f 3259/3259 3258/3258 3261/3261
f 3258/3258 3259/3259 3260/3260
f 3261/3261 3258/3258 3265/3265
f 3262/3262 3260/3260 3259/3259
f 3270/3270 3269/3269 3266/3266
f 3267/3267 3266/3266 3269/3269
f 3266/3266 3267/3267 3268/3268
f 3271/3271 3266/3266 3268/3268
f 3276/3276 3277/3277 3278/3278
f 3279/3279 3277/3277 3276/3276
f 3279/3279 3280/3280 3277/3277
f 3272/3272 3273/3273 3274/3274
f 3272/3272 3274/3274 3275/3275
f 3285/3285 3298/3298 3299/3299
f 3297/3297 3298/3298 3285/3285
f 3297/3297 3285/3285 3296/3296
f 3281/3281 3296/3296 3285/3285
f 3281/3281 3285/3285 3284/3284
f 3284/3284 3286/3286 3282/3282
f 3282/3282 3281/3281 3284/3284
f 3281/3281 3282/3282 3283/3283
f 3282/3282 3286/3286 3287/3287
f 3287/3287 3286/3286 3288/3288
f 3300/3300 3303/3303 3301/3301
f 3305/3305 3307/3307 3306/3306
f 3304/3304 3305/3305 3306/3306
f 3289/3289 3282/3282 3287/3287
f 3300/3300 3301/3301 3302/3302
f 3283/3283 3295/3295 3294/3294
f 3295/3295 3293/3293 3294/3294
f 3290/3290 3289/3289 3287/3287
f 3292/3292 3289/3289 3291/3291
f 3292/3292 3293/3293 3289/3289
f 3292/3292 3294/3294 3293/3293
f 3291/3291 3289/3289 3290/3290
f 3312/3312 3311/3311 3314/3314
f 3311/3311 3310/3310 3309/3309
f 3312/3312 3310/3310 3311/3311
f 3308/3308 3309/3309 3310/3310
f 3308/3308 3310/3310 3313/3313
f 3310/3310 3315/3315 3313/3313
f 3315/3315 3316/3316 3313/3313
f 3317/3317 3318/3318 3319/3319
f 3320/3320 3321/3321 3322/3322
f 3349/3349 3348/3348 3347/3347
f 3323/3323 3324/3324 3325/3325
f 3325/3325 3324/3324 3326/3326
f 3326/3326 3327/3327 3328/3328
f 3326/3326 3324/3324 3327/3327
f 3330/3330 3323/3323 3325/3325
f 3348/3348 3345/3345 3347/3347
f 3347/3347 3345/3345 3343/3343
f 3329/3329 3343/3343 3345/3345
f 3343/3343 3328/3328 3344/3344
f 3329/3329 3328/3328 3343/3343
f 3328/3328 3329/3329 3326/3326
f 3336/3336 3351/3351 3350/3350
f 3333/3333 3331/3331 3332/3332
f 3330/3330 3331/3331 3323/3323
f 3331/3331 3330/3330 3332/3332
f 3323/3323 3336/3336 3350/3350
f 3336/3336 3323/3323 3331/3331
f 3336/3336 3331/3331 3334/3334
f 3333/3333 3334/3334 3331/3331
f 3335/3335 3333/3333 3332/3332
f 3333/3333 3335/3335 3337/3337
f 3352/3352 3351/3351 3336/3336
f 3338/3338 3337/3337 3342/3342
f 3337/3337 3338/3338 3333/3333
f 3338/3338 3341/3341 3340/3340
f 3338/3338 3340/3340 3339/3339
f 3353/3353 3354/3354 3355/3355
f 3339/3339 3346/3346 3333/3333
f 3339/3339 3333/3333 3338/3338
f 3356/3356 3357/3357 3358/3358
f 3366/3366 3359/3359 3369/3369
f 3359/3359 3366/3366 3365/3365
f 3361/3361 3370/3370 3359/3359
f 3360/3360 3359/3359 3365/3365
f 3359/3359 3360/3360 3361/3361
f 3368/3368 3370/3370 3361/3361
f 3362/3362 3361/3361 3360/3360
f 3367/3367 3368/3368 3361/3361
f 3364/3364 3367/3367 3361/3361
f 3371/3371 3367/3367 3364/3364
f 3361/3361 3362/3362 3363/3363
f 3364/3364 3361/3361 3363/3363
f 3376/3376 3377/3377 3380/3380
f 3374/3374 3377/3377 3376/3376
f 3375/3375 3374/3374 3376/3376
f 3384/3384 3373/3373 3383/3383
f 3372/3372 3374/3374 3375/3375
f 3372/3372 3373/3373 3374/3374
f 3383/3383 3373/3373 3378/3378
f 3378/3378 3373/3373 3372/3372
f 3378/3378 3372/3372 3379/3379
f 3379/3379 3372/3372 3381/3381
f 3384/3384 3383/3383 3382/3382
f 3382/3382 3383/3383 3378/3378
f 3379/3379 3382/3382 3378/3378
f 3382/3382 3379/3379 3381/3381
f 3386/3386 3389/3389 3387/3387
f 3385/3385 3386/3386 3387/3387
f 3385/3385 3387/3387 3388/3388
f 3390/3390 3385/3385 3388/3388
f 3391/3391 3402/3402 3401/3401
f 3392/3392 3391/3391 3401/3401
f 3391/3391 3392/3392 3393/3393
f 3403/3403 3401/3401 3402/3402
f 3392/3392 3401/3401 3403/3403
f 3394/3394 3393/3393 3392/3392
f 3400/3400 3394/3394 3392/3392
f 3393/3393 3394/3394 3399/3399
f 3393/3393 3399/3399 3398/3398
f 3393/3393 3395/3395 3391/3391
f 3393/3393 3398/3398 3396/3396
f 3396/3396 3395/3395 3393/3393
f 3396/3396 3397/3397 3395/3395
f 3404/3404 3405/3405 3406/3406
f 3404/3404 3406/3406 3410/3410
f 3409/3409 3405/3405 3404/3404
f 3409/3409 3404/3404 3411/3411
f 3405/3405 3407/3407 3406/3406
f 3407/3407 3408/3408 3406/3406
f 3406/3406 3408/3408 3410/3410
f 3417/3417 3419/3419 3420/3420
f 3418/3418 3419/3419 3417/3417
f 3417/3417 3416/3416 3418/3418
f 3413/3413 3416/3416 3417/3417
f 3416/3416 3413/3413 3412/3412
f 3412/3412 3413/3413 3414/3414
f 3412/3412 3414/3414 3415/3415
f 3413/3413 3421/3421 3414/3414
f 3422/3422 3412/3412 3415/3415
f 3415/3415 3413/3413 3423/3423
f 3415/3415 3423/3423 3422/3422
f 3423/3423 3413/3413 3424/3424
f 3424/3424 3413/3413 3425/3425
f 3425/3425 3426/3426 3424/3424
f 3423/3423 3427/3427 3422/3422
f 3427/3427 3423/3423 3424/3424
f 3451/3451 3452/3452 3453/3453
f 3436/3436 3437/3437 3438/3438
f 3457/3457 3454/3454 3456/3456
f 3454/3454 3455/3455 3456/3456
f 3445/3445 3438/3438 3446/3446
f 3446/3446 3452/3452 3451/3451
f 3446/3446 3451/3451 3450/3450
f 3446/3446 3450/3450 3449/3449
f 3445/3445 3446/3446 3449/3449
f 3458/3458 3459/3459 3460/3460
f 3439/3439 3436/3436 3438/3438
f 3443/3443 3438/3438 3445/3445
f 3432/3432 3433/3433 3434/3434
f 3428/3428 3429/3429 3430/3430
f 3428/3428 3431/3431 3429/3429
f 3434/3434 3435/3435 3432/3432
f 3444/3444 3443/3443 3447/3447
f 3449/3449 3444/3444 3448/3448
f 3444/3444 3447/3447 3448/3448
f 3442/3442 3438/3438 3443/3443
f 3442/3442 3443/3443 3444/3444
f 3440/3440 3438/3438 3442/3442
f 3440/3440 3439/3439 3438/3438
f 3441/3441 3439/3439 3440/3440
f 3461/3461 3462/3462 3463/3463
f 3464/3464 3465/3465 3466/3466
f 3467/3467 3468/3468 3469/3469
f 3471/3471 3470/3470 3475/3475
f 3470/3470 3471/3471 3472/3472
f 3473/3473 3472/3472 3471/3471
f 3471/3471 3474/3474 3473/3473
f 3475/3475 3470/3470 3476/3476
f 3487/3487 3486/3486 3482/3482
f 3482/3482 3486/3486 3483/3483
f 3481/3481 3482/3482 3483/3483
f 3481/3481 3484/3484 3482/3482
f 3482/3482 3484/3484 3485/3485
f 3477/3477 3478/3478 3479/3479
f 3478/3478 3480/3480 3479/3479
f 3488/3488 3483/3483 3486/3486
f 3488/3488 3489/3489 3483/3483
f 3489/3489 3481/3481 3483/3483
f 3489/3489 3490/3490 3481/3481
f 3503/3503 3497/3497 3496/3496
f 3497/3497 3503/3503 3502/3502
f 3502/3502 3501/3501 3497/3497
f 3491/3491 3492/3492 3493/3493
f 3500/3500 3499/3499 3498/3498
f 3499/3499 3496/3496 3498/3498
f 3494/3494 3491/3491 3493/3493
f 3495/3495 3494/3494 3493/3493
f 3496/3496 3497/3497 3498/3498
f 3497/3497 3501/3501 3498/3498
f 3504/3504 3505/3505 3506/3506
f 3509/3509 3506/3506 3508/3508
f 3507/3507 3508/3508 3506/3506
f 3507/3507 3506/3506 3505/3505
f 3515/3515 3521/3521 3520/3520
f 3519/3519 3515/3515 3520/3520
f 3513/3513 3515/3515 3519/3519
f 3519/3519 3510/3510 3513/3513
f 3512/3512 3513/3513 3510/3510
f 3512/3512 3515/3515 3513/3513
f 3512/3512 3511/3511 3515/3515
f 3510/3510 3511/3511 3512/3512
f 3514/3514 3511/3511 3510/3510
f 3516/3516 3511/3511 3514/3514
f 3517/3517 3511/3511 3516/3516
f 3514/3514 3518/3518 3516/3516
f 3539/3539 3527/3527 3529/3529
f 3539/3539 3535/3535 3533/3533
f 3557/3557 3539/3539 3529/3529
f 3539/3539 3540/3540 3535/3535
f 3542/3542 3539/3539 3557/3557
f 3540/3540 3539/3539 3542/3542
f 3525/3525 3526/3526 3523/3523
f 3542/3542 3543/3543 3540/3540
f 3543/3543 3542/3542 3545/3545
f 3523/3523 3522/3522 3525/3525
f 3522/3522 3523/3523 3524/3524
f 3555/3555 3556/3556 3554/3554
f 3531/3531 3530/3530 3537/3537
f 3528/3528 3530/3530 3531/3531
f 3538/3538 3537/3537 3530/3530
f 3538/3538 3555/3555 3554/3554
f 3538/3538 3554/3554 3537/3537
f 3530/3530 3528/3528 3527/3527
f 3527/3527 3532/3532 3530/3530
f 3530/3530 3532/3532 3538/3538
f 3532/3532 3536/3536 3538/3538
f 3527/3527 3528/3528 3529/3529
f 3532/3532 3527/3527 3533/3533
f 3534/3534 3532/3532 3533/3533
f 3535/3535 3534/3534 3533/3533
f 3547/3547 3548/3548 3535/3535
f 3533/3533 3527/3527 3539/3539
f 3536/3536 3532/3532 3534/3534
f 3547/3547 3549/3549 3548/3548
f 3541/3541 3535/3535 3540/3540
f 3547/3547 3535/3535 3541/3541
f 3543/3543 3544/3544 3540/3540
f 3546/3546 3543/3543 3550/3550
f 3552/3552 3546/3546 3550/3550
f 3553/3553 3546/3546 3552/3552
f 3543/3543 3546/3546 3544/3544
f 3550/3550 3543/3543 3545/3545
f 3551/3551 3550/3550 3545/3545
f 3593/3593 3592/3592 3591/3591
f 3593/3593 3591/3591 3594/3594
f 3587/3587 3591/3591 3590/3590
f 3601/3601 3600/3600 3602/3602
f 3600/3600 3601/3601 3598/3598
f 3597/3597 3598/3598 3599/3599
f 3598/3598 3593/3593 3600/3600
f 3593/3593 3598/3598 3597/3597
f 3596/3596 3593/3593 3597/3597
f 3596/3596 3595/3595 3593/3593
f 3595/3595 3592/3592 3593/3593
f 3591/3591 3589/3589 3590/3590
f 3589/3589 3591/3591 3592/3592
f 3585/3585 3589/3589 3588/3588
f 3585/3585 3588/3588 3583/3583
f 3582/3582 3585/3585 3583/3583
f 3571/3571 3572/3572 3573/3573
f 3582/3582 3583/3583 3584/3584
f 3572/3572 3576/3576 3573/3573
f 3577/3577 3572/3572 3580/3580
f 3585/3585 3590/3590 3589/3589
f 3573/3573 3574/3574 3571/3571
f 3575/3575 3573/3573 3576/3576
f 3572/3572 3577/3577 3576/3576
f 3585/3585 3587/3587 3590/3590
f 3587/3587 3585/3585 3586/3586
f 3582/3582 3586/3586 3585/3585
f 3558/3558 3559/3559 3560/3560
f 3558/3558 3560/3560 3561/3561
f 3578/3578 3576/3576 3579/3579
f 3575/3575 3576/3576 3578/3578
f 3561/3561 3560/3560 3562/3562
f 3603/3603 3591/3591 3587/3587
f 3603/3603 3587/3587 3604/3604
f 3579/3579 3581/3581 3578/3578
f 3563/3563 3561/3561 3562/3562
f 3564/3564 3563/3563 3562/3562
f 3564/3564 3565/3565 3563/3563
f 3565/3565 3564/3564 3566/3566
f 3569/3569 3567/3567 3568/3568
f 3567/3567 3566/3566 3568/3568
f 3567/3567 3565/3565 3566/3566
f 3565/3565 3567/3567 3570/3570
f 3622/3622 3616/3616 3617/3617
f 3608/3608 3617/3617 3616/3616
f 3608/3608 3616/3616 3615/3615
f 3621/3621 3616/3616 3622/3622
f 3620/3620 3616/3616 3621/3621
f 3619/3619 3616/3616 3620/3620
f 3618/3618 3616/3616 3619/3619
f 3612/3612 3610/3610 3613/3613
f 3608/3608 3612/3612 3617/3617
f 3608/3608 3607/3607 3612/3612
f 3605/3605 3607/3607 3608/3608
f 3605/3605 3606/3606 3607/3607
f 3609/3609 3606/3606 3605/3605
f 3612/3612 3607/3607 3609/3609
f 3610/3610 3612/3612 3609/3609
f 3610/3610 3609/3609 3605/3605
f 3614/3614 3608/3608 3615/3615
f 3614/3614 3615/3615 3618/3618
f 3610/3610 3605/3605 3611/3611
f 3615/3615 3616/3616 3618/3618
f 3632/3632 3635/3635 3634/3634
f 3633/3633 3629/3629 3632/3632
f 3632/3632 3634/3634 3633/3633
f 3629/3629 3631/3631 3632/3632
f 3628/3628 3631/3631 3629/3629
f 3627/3627 3628/3628 3629/3629
f 3627/3627 3625/3625 3628/3628
f 3636/3636 3630/3630 3627/3627
f 3627/3627 3630/3630 3625/3625
f 3636/3636 3638/3638 3630/3630
f 3623/3623 3624/3624 3625/3625
f 3636/3636 3639/3639 3638/3638
f 3624/3624 3623/3623 3626/3626
f 3628/3628 3624/3624 3637/3637
f 3624/3624 3628/3628 3625/3625
f 3640/3640 3642/3642 3647/3647
f 3642/3642 3641/3641 3643/3643
f 3640/3640 3641/3641 3642/3642
f 3644/3644 3643/3643 3641/3641
f 3648/3648 3640/3640 3647/3647
f 3648/3648 3647/3647 3649/3649
f 3643/3643 3645/3645 3646/3646
f 3645/3645 3643/3643 3644/3644
f 3650/3650 3652/3652 3656/3656
f 3650/3650 3651/3651 3652/3652
f 3650/3650 3656/3656 3657/3657
f 3650/3650 3657/3657 3658/3658
f 3655/3655 3653/3653 3654/3654
f 3654/3654 3653/3653 3651/3651
f 3653/3653 3652/3652 3651/3651
f 3659/3659 3658/3658 3657/3657
f 3660/3660 3661/3661 3662/3662
f 3663/3663 3664/3664 3665/3665
f 3666/3666 3667/3667 3668/3668
f 3669/3669 3670/3670 3668/3668
f 3667/3667 3669/3669 3668/3668
f 3675/3675 3674/3674 3677/3677
f 3674/3674 3675/3675 3676/3676
f 3671/3671 3672/3672 3673/3673
f 3678/3678 3679/3679 3680/3680
f 3681/3681 3682/3682 3683/3683
f 3688/3688 3685/3685 3684/3684
f 3688/3688 3684/3684 3690/3690
f 3684/3684 3685/3685 3686/3686
f 3687/3687 3686/3686 3685/3685
f 3689/3689 3686/3686 3687/3687
f 3714/3714 3719/3719 3713/3713
f 3691/3691 3692/3692 3693/3693
f 3714/3714 3716/3716 3719/3719
f 3715/3715 3716/3716 3714/3714
f 3715/3715 3714/3714 3709/3709
f 3709/3709 3713/3713 3712/3712
f 3709/3709 3714/3714 3713/3713
f 3711/3711 3709/3709 3712/3712
f 3715/3715 3717/3717 3716/3716
f 3715/3715 3718/3718 3717/3717
f 3721/3721 3722/3722 3723/3723
f 3720/3720 3718/3718 3715/3715
f 3721/3721 3724/3724 3722/3722
f 3722/3722 3725/3725 3723/3723
f 3698/3698 3704/3704 3705/3705
f 3696/3696 3704/3704 3698/3698
f 3720/3720 3715/3715 3709/3709
f 3709/3709 3706/3706 3720/3720
f 3706/3706 3709/3709 3708/3708
f 3708/3708 3709/3709 3711/3711
f 3698/3698 3705/3705 3706/3706
f 3708/3708 3707/3707 3706/3706
f 3710/3710 3707/3707 3708/3708
f 3707/3707 3698/3698 3706/3706
f 3698/3698 3694/3694 3696/3696
f 3700/3700 3704/3704 3696/3696
f 3696/3696 3695/3695 3700/3700
f 3701/3701 3700/3700 3695/3695
f 3694/3694 3695/3695 3696/3696
f 3697/3697 3694/3694 3699/3699
f 3697/3697 3695/3695 3694/3694
f 3702/3702 3695/3695 3697/3697
f 3695/3695 3702/3702 3703/3703
f 3727/3727 3729/3729 3728/3728
f 3726/3726 3727/3727 3728/3728
f 3730/3730 3729/3729 3727/3727
f 3727/3727 3731/3731 3730/3730
f 3727/3727 3733/3733 3732/3732
f 3726/3726 3733/3733 3727/3727
f 3733/3733 3726/3726 3734/3734
f 3727/3727 3732/3732 3731/3731
f 3741/3741 3742/3742 3744/3744
f 3740/3740 3742/3742 3741/3741
f 3740/3740 3741/3741 3739/3739
f 3735/3735 3740/3740 3739/3739
f 3743/3743 3739/3739 3741/3741
f 3735/3735 3736/3736 3737/3737
f 3737/3737 3736/3736 3738/3738
f 3739/3739 3736/3736 3735/3735
f 3747/3747 3746/3746 3748/3748
f 3745/3745 3746/3746 3747/3747
f 3745/3745 3747/3747 3749/3749
f 3750/3750 3751/3751 3752/3752
f 3754/3754 3756/3756 3755/3755
f 3753/3753 3754/3754 3755/3755
f 3768/3768 3767/3767 3759/3759
f 3759/3759 3767/3767 3761/3761
f 3759/3759 3769/3769 3768/3768
f 3757/3757 3759/3759 3761/3761
f 3757/3757 3758/3758 3759/3759
f 3760/3760 3762/3762 3758/3758
f 3760/3760 3758/3758 3757/3757
f 3762/3762 3763/3763 3758/3758
f 3764/3764 3762/3762 3760/3760
f 3765/3765 3762/3762 3764/3764
f 3766/3766 3761/3761 3770/3770
f 3766/3766 3757/3757 3761/3761
f 3792/3792 3791/3791 3776/3776
f 3791/3791 3781/3781 3776/3776
f 3781/3781 3777/3777 3776/3776
f 3776/3776 3777/3777 3774/3774
f 3774/3774 3775/3775 3776/3776
f 3799/3799 3800/3800 3801/3801
f 3784/3784 3790/3790 3786/3786
f 3778/3778 3774/3774 3777/3777
f 3795/3795 3796/3796 3794/3794
f 3796/3796 3797/3797 3794/3794
f 3795/3795 3779/3779 3778/3778
f 3779/3779 3780/3780 3774/3774
f 3779/3779 3782/3782 3780/3780
f 3794/3794 3798/3798 3793/3793
f 3797/3797 3798/3798 3794/3794
f 3774/3774 3778/3778 3779/3779
f 3779/3779 3795/3795 3794/3794
f 3782/3782 3779/3779 3793/3793
f 3793/3793 3779/3779 3794/3794
f 3783/3783 3780/3780 3782/3782
f 3784/3784 3780/3780 3783/3783
f 3786/3786 3780/3780 3784/3784
f 3785/3785 3784/3784 3783/3783
f 3790/3790 3784/3784 3788/3788
f 3785/3785 3787/3787 3784/3784
f 3784/3784 3787/3787 3788/3788
f 3789/3789 3788/3788 3787/3787
f 3771/3771 3772/3772 3773/3773
f 3802/3802 3803/3803 3804/3804
f 3803/3803 3805/3805 3804/3804
f 3806/3806 3807/3807 3808/3808
f 3808/3808 3809/3809 3806/3806
f 3810/3810 3811/3811 3812/3812
f 3812/3812 3811/3811 3813/3813
f 3810/3810 3814/3814 3811/3811
f 3816/3816 3818/3818 3817/3817
f 3820/3820 3821/3821 3822/3822
f 3815/3815 3816/3816 3817/3817
f 3816/3816 3815/3815 3819/3819
f 3831/3831 3830/3830 3829/3829
f 3832/3832 3830/3830 3831/3831
f 3823/3823 3825/3825 3829/3829
f 3823/3823 3829/3829 3830/3830
f 3823/3823 3824/3824 3825/3825
f 3825/3825 3824/3824 3826/3826
f 3828/3828 3837/3837 3836/3836
f 3827/3827 3826/3826 3824/3824
f 3835/3835 3833/3833 3823/3823
f 3828/3828 3836/3836 3826/3826
f 3827/3827 3823/3823 3833/3833
f 3828/3828 3826/3826 3827/3827
f 3827/3827 3824/3824 3823/3823
f 3834/3834 3827/3827 3833/3833
f 3835/3835 3823/3823 3830/3830
f 3839/3839 3841/3841 3840/3840
f 3842/3842 3843/3843 3844/3844
f 3838/3838 3839/3839 3840/3840
f 3850/3850 3851/3851 3847/3847
f 3847/3847 3851/3851 3852/3852
f 3850/3850 3847/3847 3846/3846
f 3845/3845 3846/3846 3847/3847
f 3848/3848 3846/3846 3845/3845
f 3845/3845 3849/3849 3848/3848
f 3853/3853 3854/3854 3855/3855
f 3856/3856 3857/3857 3858/3858
f 3861/3861 3864/3864 3859/3859
f 3859/3859 3860/3860 3861/3861
f 3860/3860 3859/3859 3862/3862
f 3859/3859 3863/3863 3862/3862
f 3865/3865 3866/3866 3867/3867
f 3868/3868 3869/3869 3870/3870
f 3874/3874 3871/3871 3873/3873
f 3871/3871 3872/3872 3873/3873
f 3890/3890 3891/3891 3889/3889
f 3884/3884 3889/3889 3883/3883
f 3884/3884 3890/3890 3889/3889
f 3876/3876 3883/3883 3888/3888
f 3877/3877 3878/3878 3879/3879
f 3878/3878 3877/3877 3876/3876
f 3887/3887 3877/3877 3885/3885
f 3875/3875 3877/3877 3887/3887
f 3884/3884 3883/3883 3882/3882
f 3882/3882 3883/3883 3876/3876
f 3876/3876 3875/3875 3882/3882
f 3886/3886 3882/3882 3875/3875
f 3875/3875 3876/3876 3877/3877
f 3882/3882 3886/3886 3884/3884
f 3879/3879 3878/3878 3880/3880
f 3879/3879 3880/3880 3881/3881
f 3885/3885 3877/3877 3879/3879
f 3885/3885 3879/3879 3881/3881
f 3919/3919 3918/3918 3917/3917
f 3917/3917 3924/3924 3919/3919
f 3911/3911 3896/3896 3914/3914
f 3896/3896 3911/3911 3906/3906
f 3913/3913 3896/3896 3893/3893
f 3910/3910 3907/3907 3906/3906
f 3907/3907 3897/3897 3906/3906
f 3906/3906 3897/3897 3896/3896
f 3907/3907 3908/3908 3897/3897
f 3917/3917 3915/3915 3916/3916
f 3915/3915 3917/3917 3918/3918
f 3915/3915 3911/3911 3914/3914
f 3915/3915 3914/3914 3916/3916
f 3909/3909 3897/3897 3908/3908
f 3893/3893 3892/3892 3912/3912
f 3892/3892 3893/3893 3894/3894
f 3895/3895 3892/3892 3894/3894
f 3903/3903 3904/3904 3902/3902
f 3903/3903 3902/3902 3900/3900
f 3900/3900 3902/3902 3895/3895
f 3894/3894 3893/3893 3896/3896
f 3894/3894 3896/3896 3897/3897
f 3899/3899 3895/3895 3894/3894
f 3894/3894 3897/3897 3898/3898
f 3894/3894 3898/3898 3899/3899
f 3899/3899 3900/3900 3895/3895
f 3900/3900 3899/3899 3901/3901
f 3920/3920 3903/3903 3900/3900
f 3903/3903 3905/3905 3904/3904
f 3903/3903 3921/3921 3922/3922
f 3903/3903 3920/3920 3921/3921
f 3903/3903 3922/3922 3905/3905
f 3921/3921 3923/3923 3922/3922
f 3953/3953 3954/3954 3955/3955
f 3942/3942 3941/3941 3927/3927
f 3925/3925 3927/3927 3941/3941
f 3925/3925 3941/3941 3944/3944
f 3953/3953 3956/3956 3954/3954
f 3942/3942 3951/3951 3952/3952
f 3949/3949 3951/3951 3942/3942
f 3927/3927 3949/3949 3942/3942
f 3927/3927 3950/3950 3949/3949
f 3938/3938 3939/3939 3933/3933
f 3933/3933 3936/3936 3938/3938
f 3935/3935 3936/3936 3933/3933
f 3934/3934 3937/3937 3935/3935
f 3925/3925 3930/3930 3928/3928
f 3946/3946 3925/3925 3945/3945
f 3945/3945 3925/3925 3944/3944
f 3946/3946 3945/3945 3947/3947
f 3925/3925 3948/3948 3930/3930
f 3932/3932 3928/3928 3931/3931
f 3930/3930 3931/3931 3928/3928
f 3946/3946 3948/3948 3925/3925
f 3934/3934 3933/3933 3931/3931
f 3932/3932 3931/3931 3933/3933
f 3933/3933 3934/3934 3935/3935
f 3928/3928 3926/3926 3925/3925
f 3926/3926 3928/3928 3929/3929
f 3925/3925 3926/3926 3927/3927
f 3957/3957 3958/3958 3959/3959
f 3931/3931 3943/3943 3934/3934
f 3960/3960 3961/3961 3962/3962
f 3937/3937 3940/3940 3936/3936
f 3937/3937 3934/3934 3940/3940
f 3940/3940 3934/3934 3943/3943
f 3964/3964 3967/3967 3966/3966
f 3964/3964 3966/3966 3965/3965
f 3963/3963 3964/3964 3965/3965
f 3976/3976 3968/3968 3973/3973
f 3973/3973 3968/3968 3971/3971
f 3973/3973 3971/3971 3977/3977
f 3969/3969 3974/3974 3972/3972
f 3972/3972 3974/3974 3975/3975
f 3969/3969 3978/3978 3974/3974
f 3970/3970 3969/3969 3972/3972
f 3968/3968 3970/3970 3971/3971
f 3968/3968 3969/3969 3970/3970
f 3988/3988 3984/3984 3986/3986
f 3983/3983 3985/3985 3984/3984
f 3986/3986 3984/3984 3985/3985
f 3986/3986 4003/4003 3988/3988
f 3986/3986 3985/3985 3987/3987
f 4006/4006 3981/3981 4005/4005
f 4005/4005 3981/3981 4000/4000
f 4009/4009 4008/4008 4010/4010
f 3980/3980 3984/3984 4000/4000
f 3983/3983 3984/3984 3980/3980
f 3980/3980 4000/4000 3981/3981
f 3979/3979 3980/3980 3981/3981
f 4002/4002 3989/3989 3981/3981
f 3981/3981 3989/3989 3979/3979
f 4007/4007 4008/4008 4009/4009
f 4002/4002 3997/3997 3991/3991
f 3991/3991 3997/3997 3993/3993
f 3993/3993 3997/3997 3998/3998
f 3991/3991 3989/3989 4002/4002
f 3990/3990 3989/3989 3991/3991
f 3990/3990 3991/3991 3992/3992
f 3993/3993 3996/3996 3995/3995
f 3991/3991 3993/3993 3992/3992
f 3992/3992 3993/3993 3994/3994
f 3994/3994 3993/3993 3995/3995
f 3979/3979 3982/3982 3980/3980
f 3980/3980 3982/3982 3983/3983
f 3979/3979 3999/3999 3982/3982
f 3999/3999 3979/3979 4001/4001
f 3989/3989 3990/3990 3979/3979
f 3979/3979 3990/3990 4001/4001
f 4004/4004 3992/3992 3994/3994
f 4004/4004 3990/3990 3992/3992
f 4011/4011 4012/4012 4013/4013
f 4016/4016 4018/4018 4014/4014
f 4014/4014 4015/4015 4016/4016
f 4016/4016 4015/4015 4017/4017
f 4021/4021 4022/4022 4019/4019
f 4019/4019 4020/4020 4021/4021
f 4032/4032 4034/4034 4033/4033
f 4033/4033 4028/4028 4032/4032
f 4032/4032 4028/4028 4029/4029
f 4029/4029 4028/4028 4023/4023
f 4026/4026 4024/4024 4031/4031
f 4024/4024 4026/4026 4025/4025
f 4030/4030 4031/4031 4035/4035
f 4031/4031 4036/4036 4035/4035
f 4026/4026 4031/4031 4030/4030
f 4025/4025 4026/4026 4030/4030
f 4023/4023 4028/4028 4027/4027
f 4023/4023 4027/4027 4024/4024
f 4023/4023 4024/4024 4025/4025
f 4066/4066 4069/4069 4070/4070
f 4049/4049 4048/4048 4047/4047
f 4047/4047 4048/4048 4044/4044
f 4049/4049 4047/4047 4050/4050
f 4050/4050 4047/4047 4054/4054
f 4053/4053 4066/4066 4051/4051
f 4051/4051 4052/4052 4053/4053
f 4069/4069 4066/4066 4053/4053
f 4052/4052 4051/4051 4050/4050
f 4050/4050 4051/4051 4049/4049
f 4052/4052 4050/4050 4067/4067
f 4065/4065 4067/4067 4050/4050
f 4075/4075 4067/4067 4074/4074
f 4079/4079 4080/4080 4081/4081
f 4063/4063 4064/4064 4050/4050
f 4050/4050 4064/4064 4065/4065
f 4063/4063 4050/4050 4054/4054
f 4065/4065 4074/4074 4067/4067
f 4060/4060 4062/4062 4061/4061
f 4056/4056 4071/4071 4057/4057
f 4072/4072 4057/4057 4071/4071
f 4073/4073 4071/4071 4068/4068
f 4072/4072 4071/4071 4073/4073
f 4056/4056 4068/4068 4071/4071
f 4046/4046 4056/4056 4057/4057
f 4068/4068 4043/4043 4045/4045
f 4043/4043 4068/4068 4056/4056
f 4043/4043 4056/4056 4046/4046
f 4044/4044 4048/4048 4059/4059
f 4041/4041 4038/4038 4037/4037
f 4037/4037 4038/4038 4039/4039
f 4055/4055 4037/4037 4039/4039
f 4042/4042 4041/4041 4043/4043
f 4041/4041 4042/4042 4038/4038
f 4076/4076 4077/4077 4078/4078
f 4046/4046 4042/4042 4043/4043
f 4041/4041 4047/4047 4044/4044
f 4043/4043 4041/4041 4044/4044
f 4045/4045 4043/4043 4044/4044
f 4039/4039 4060/4060 4061/4061
f 4040/4040 4039/4039 4038/4038
f 4060/4060 4039/4039 4040/4040
f 4037/4037 4055/4055 4058/4058
f 4106/4106 4100/4100 4113/4113
f 4100/4100 4112/4112 4113/4113
f 4112/4112 4100/4100 4103/4103
f 4109/4109 4101/4101 4108/4108
f 4107/4107 4101/4101 4106/4106
f 4101/4101 4100/4100 4106/4106
f 4108/4108 4101/4101 4107/4107
f 4107/4107 4110/4110 4111/4111
f 4107/4107 4106/4106 4110/4110
f 4089/4089 4094/4094 4090/4090
f 4082/4082 4083/4083 4084/4084
f 4083/4083 4082/4082 4092/4092
f 4092/4092 4082/4082 4093/4093
f 4095/4095 4092/4092 4093/4093
f 4091/4091 4084/4084 4083/4083
f 4082/4082 4084/4084 4085/4085
f 4125/4125 4126/4126 4127/4127
f 4086/4086 4084/4084 4091/4091
f 4085/4085 4084/4084 4086/4086
f 4082/4082 4085/4085 4087/4087
f 4089/4089 4088/4088 4087/4087
f 4088/4088 4082/4082 4087/4087
f 4089/4089 4090/4090 4088/4088
f 4104/4104 4117/4117 4118/4118
f 4116/4116 4117/4117 4104/4104
f 4104/4104 4114/4114 4115/4115
f 4104/4104 4115/4115 4116/4116
f 4114/4114 4105/4105 4097/4097
f 4105/4105 4104/4104 4099/4099
f 4104/4104 4105/4105 4114/4114
f 4099/4099 4100/4100 4101/4101
f 4100/4100 4099/4099 4102/4102
f 4099/4099 4104/4104 4102/4102
f 4100/4100 4102/4102 4103/4103
f 4119/4119 4114/4114 4097/4097
f 4119/4119 4124/4124 4114/4114
f 4096/4096 4097/4097 4098/4098
f 4122/4122 4123/4123 4119/4119
f 4105/4105 4098/4098 4097/4097
f 4122/4122 4119/4119 4097/4097
f 4098/4098 4120/4120 4121/4121
f 4120/4120 4098/4098 4105/4105
f 4131/4131 4132/4132 4133/4133
f 4133/4133 4134/4134 4131/4131
f 4128/4128 4129/4129 4130/4130
f 4148/4148 4144/4144 4143/4143
f 4143/4143 4144/4144 4145/4145
f 4138/4138 4135/4135 4137/4137
f 4151/4151 4144/4144 4148/4148
f 4149/4149 4144/4144 4150/4150
f 4144/4144 4149/4149 4146/4146
f 4135/4135 4136/4136 4137/4137
f 4145/4145 4144/4144 4146/4146
f 4146/4146 4147/4147 4145/4145
f 4142/4142 4136/4136 4141/4141
f 4142/4142 4141/4141 4140/4140
f 4139/4139 4136/4136 4135/4135
f 4140/4140 4136/4136 4139/4139
f 4140/4140 4141/4141 4136/4136
f 4152/4152 4153/4153 4154/4154
f 4156/4156 4154/4154 4153/4153
f 4152/4152 4155/4155 4153/4153
f 4160/4160 4161/4161 4162/4162
f 4165/4165 4164/4164 4160/4160
f 4160/4160 4164/4164 4161/4161
f 4163/4163 4160/4160 4162/4162
f 4157/4157 4158/4158 4159/4159
f 4178/4178 4169/4169 4179/4179
f 4168/4168 4170/4170 4169/4169
f 4177/4177 4169/4169 4178/4178
f 4172/4172 4173/4173 4171/4171
f 4171/4171 4167/4167 4172/4172
f 4167/4167 4171/4171 4170/4170
f 4167/4167 4170/4170 4168/4168
f 4166/4166 4167/4167 4168/4168
f 4166/4166 4168/4168 4169/4169
f 4177/4177 4166/4166 4169/4169
f 4176/4176 4175/4175 4173/4173
f 4175/4175 4174/4174 4173/4173
f 4173/4173 4174/4174 4171/4171
f 4172/4172 4176/4176 4173/4173
f 4180/4180 4177/4177 4178/4178
f 4180/4180 4181/4181 4177/4177
f 4192/4192 4195/4195 4197/4197
f 4192/4192 4191/4191 4195/4195
f 4192/4192 4197/4197 4186/4186
f 4186/4186 4197/4197 4200/4200
f 4198/4198 4192/4192 4186/4186
f 4204/4204 4196/4196 4199/4199
f 4191/4191 4196/4196 4195/4195
f 4199/4199 4196/4196 4191/4191
f 4190/4190 4191/4191 4192/4192
f 4192/4192 4198/4198 4201/4201
f 4199/4199 4191/4191 4193/4193
f 4194/4194 4199/4199 4193/4193
f 4190/4190 4193/4193 4191/4191
f 4194/4194 4193/4193 4190/4190
f 4190/4190 4203/4203 4194/4194
f 4186/4186 4200/4200 4184/4184
f 4186/4186 4184/4184 4185/4185
f 4183/4183 4185/4185 4184/4184
f 4201/4201 4198/4198 4202/4202
f 4188/4188 4182/4182 4184/4184
f 4182/4182 4188/4188 4189/4189
f 4182/4182 4183/4183 4184/4184
f 4182/4182 4187/4187 4183/4183
f 4205/4205 4206/4206 4207/4207
f 4206/4206 4205/4205 4208/4208
f 4211/4211 4212/4212 4213/4213
f 4207/4207 4209/4209 4210/4210
f 4206/4206 4209/4209 4207/4207
f 4231/4231 4236/4236 4235/4235
f 4234/4234 4233/4233 4232/4232
f 4232/4232 4233/4233 4231/4231
f 4235/4235 4236/4236 4237/4237
f 4241/4241 4238/4238 4240/4240
f 4238/4238 4239/4239 4240/4240
f 4235/4235 4230/4230 4231/4231
f 4231/4231 4218/4218 4232/4232
f 4218/4218 4231/4231 4230/4230
f 4223/4223 4221/4221 4229/4229
f 4222/4222 4221/4221 4223/4223
f 4226/4226 4223/4223 4229/4229
f 4222/4222 4223/4223 4224/4224
f 4225/4225 4223/4223 4226/4226
f 4225/4225 4226/4226 4227/4227
f 4224/4224 4223/4223 4225/4225
f 4226/4226 4228/4228 4227/4227
f 4214/4214 4216/4216 4221/4221
f 4214/4214 4221/4221 4222/4222
f 4218/4218 4230/4230 4220/4220
f 4218/4218 4220/4220 4217/4217
f 4218/4218 4217/4217 4215/4215
f 4215/4215 4214/4214 4219/4219
f 4214/4214 4215/4215 4216/4216
f 4217/4217 4216/4216 4215/4215
f 4249/4249 4244/4244 4243/4243
f 4243/4243 4242/4242 4245/4245
f 4244/4244 4246/4246 4242/4242
f 4242/4242 4243/4243 4244/4244
f 4248/4248 4242/4242 4246/4246
f 4247/4247 4243/4243 4245/4245
f 4250/4250 4251/4251 4252/4252
f 4253/4253 4257/4257 4254/4254
f 4253/4253 4254/4254 4255/4255
f 4255/4255 4254/4254 4256/4256
f 4262/4262 4263/4263 4264/4264
f 4258/4258 4261/4261 4259/4259
f 4258/4258 4259/4259 4260/4260
f 4265/4265 4266/4266 4267/4267
f 4269/4269 4275/4275 4274/4274
f 4268/4268 4269/4269 4270/4270
f 4270/4270 4269/4269 4274/4274
f 4269/4269 4268/4268 4271/4271
f 4276/4276 4273/4273 4277/4277
f 4272/4272 4273/4273 4276/4276
f 4268/4268 4273/4273 4272/4272
f 4271/4271 4268/4268 4272/4272
f 4279/4279 4284/4284 4281/4281
f 4278/4278 4279/4279 4280/4280
f 4283/4283 4278/4278 4282/4282
f 4289/4289 4290/4290 4291/4291
f 4279/4279 4278/4278 4285/4285
f 4281/4281 4280/4280 4279/4279
f 4286/4286 4287/4287 4288/4288
f 4278/4278 4280/4280 4282/4282
f 4328/4328 4329/4329 4330/4330
f 4304/4304 4313/4313 4301/4301
f 4313/4313 4314/4314 4326/4326
f 4314/4314 4313/4313 4304/4304
f 4320/4320 4317/4317 4319/4319
f 4321/4321 4317/4317 4320/4320
f 4317/4317 4318/4318 4319/4319
f 4315/4315 4318/4318 4317/4317
f 4315/4315 4317/4317 4316/4316
f 4322/4322 4316/4316 4317/4317
f 4322/4322 4317/4317 4321/4321
f 4322/4322 4321/4321 4323/4323
f 4311/4311 4309/4309 4310/4310
f 4311/4311 4315/4315 4309/4309
f 4316/4316 4309/4309 4315/4315
f 4324/4324 4322/4322 4323/4323
f 4324/4324 4316/4316 4322/4322
f 4300/4300 4304/4304 4301/4301
f 4306/4306 4305/4305 4307/4307
f 4307/4307 4308/4308 4306/4306
f 4309/4309 4308/4308 4307/4307
f 4298/4298 4296/4296 4297/4297
f 4298/4298 4300/4300 4301/4301
f 4298/4298 4297/4297 4300/4300
f 4292/4292 4295/4295 4296/4296
f 4296/4296 4295/4295 4297/4297
f 4295/4295 4299/4299 4297/4297
f 4297/4297 4299/4299 4300/4300
f 4294/4294 4303/4303 4325/4325
f 4292/4292 4293/4293 4294/4294
f 4312/4312 4305/4305 4293/4293
f 4305/4305 4303/4303 4293/4293
f 4306/4306 4303/4303 4305/4305
f 4303/4303 4306/4306 4308/4308
f 4303/4303 4294/4294 4293/4293
f 4294/4294 4302/4302 4295/4295
f 4295/4295 4292/4292 4294/4294
f 4294/4294 4325/4325 4302/4302
f 4310/4310 4309/4309 4307/4307
f 4331/4331 4328/4328 4332/4332
f 4338/4338 4339/4339 4336/4336
f 4337/4337 4336/4336 4334/4334
f 4331/4331 4332/4332 4333/4333
f 4331/4331 4329/4329 4328/4328
f 4326/4326 4314/4314 4327/4327
f 4333/4333 4332/4332 4334/4334
f 4337/4337 4338/4338 4336/4336
f 4334/4334 4335/4335 4333/4333
f 4334/4334 4336/4336 4335/4335
f 4343/4343 4344/4344 4341/4341
f 4350/4350 4351/4351 4349/4349
f 4340/4340 4341/4341 4342/4342
f 4349/4349 4347/4347 4350/4350
f 4347/4347 4349/4349 4348/4348
f 4341/4341 4340/4340 4343/4343
f 4346/4346 4347/4347 4348/4348
f 4345/4345 4344/4344 4343/4343
f 4354/4354 4357/4357 4356/4356
f 4356/4356 4352/4352 4354/4354
f 4352/4352 4353/4353 4354/4354
f 4352/4352 4355/4355 4353/4353
f 4359/4359 4358/4358 4361/4361
f 4358/4358 4359/4359 4360/4360
f 4368/4368 4369/4369 4370/4370
f 4363/4363 4366/4366 4365/4365
f 4363/4363 4365/4365 4364/4364
f 4362/4362 4363/4363 4364/4364
f 4371/4371 4368/4368 4370/4370
f 4362/4362 4364/4364 4367/4367
f 4372/4372 4373/4373 4374/4374
f 4375/4375 4376/4376 4377/4377
f 4379/4379 4382/4382 4383/4383
f 4379/4379 4381/4381 4380/4380
f 4378/4378 4379/4379 4380/4380
f 4379/4379 4378/4378 4382/4382
f 4384/4384 4385/4385 4386/4386
f 4390/4390 4391/4391 4392/4392
f 4386/4386 4388/4388 4384/4384
f 4389/4389 4385/4385 4384/4384
f 4387/4387 4386/4386 4385/4385
f 4394/4394 4420/4420 4408/4408
f 4400/4400 4403/4403 4402/4402
f 4407/4407 4394/4394 4408/4408
f 4398/4398 4394/4394 4407/4407
f 4410/4410 4398/4398 4407/4407
f 4397/4397 4398/4398 4410/4410
f 4400/4400 4401/4401 4393/4393
f 4402/4402 4401/4401 4400/4400
f 4393/4393 4394/4394 4395/4395
f 4405/4405 4406/4406 4393/4393
f 4398/4398 4395/4395 4394/4394
f 4397/4397 4395/4395 4398/4398
f 4396/4396 4395/4395 4397/4397
f 4393/4393 4401/4401 4405/4405
f 4396/4396 4393/4393 4395/4395
f 4396/4396 4399/4399 4393/4393
f 4399/4399 4400/4400 4393/4393
f 4403/4403 4404/4404 4402/4402
f 4409/4409 4404/4404 4403/4403
f 4413/4413 4419/4419 4415/4415
f 4417/4417 4415/4415 4419/4419
f 4407/4407 4413/4413 4412/4412
f 4416/4416 4415/4415 4417/4417
f 4413/4413 4415/4415 4412/4412
f 4414/4414 4412/4412 4415/4415
f 4411/4411 4412/4412 4414/4414
f 4416/4416 4414/4414 4415/4415
f 4411/4411 4407/4407 4412/4412
f 4411/4411 4410/4410 4407/4407
f 4421/4421 4410/4410 4411/4411
f 4418/4418 4423/4423 4422/4422
f 4414/4414 4416/4416 4418/4418
f 4418/4418 4422/4422 4414/4414
f 4424/4424 4425/4425 4426/4426
f 4427/4427 4428/4428 4429/4429
f 4428/4428 4427/4427 4430/4430
f 4431/4431 4429/4429 4428/4428
f 4432/4432 4431/4431 4428/4428
f 4448/4448 4449/4449 4446/4446
f 4447/4447 4448/4448 4446/4446
f 4438/4438 4446/4446 4439/4439
f 4437/4437 4438/4438 4439/4439
f 4434/4434 4438/4438 4437/4437
f 4435/4435 4434/4434 4437/4437
f 4438/4438 4447/4447 4446/4446
f 4433/4433 4436/4436 4434/4434
f 4433/4433 4434/4434 4435/4435
f 4436/4436 4433/4433 4440/4440
f 4436/4436 4440/4440 4441/4441
f 4444/4444 4433/4433 4445/4445
f 4442/4442 4433/4433 4444/4444
f 4433/4433 4442/4442 4441/4441
f 4433/4433 4441/4441 4440/4440
f 4441/4441 4442/4442 4443/4443
f 4451/4451 4456/4456 4453/4453
f 4452/4452 4451/4451 4453/4453
f 4450/4450 4451/4451 4452/4452
f 4450/4450 4452/4452 4454/4454
f 4450/4450 4454/4454 4455/4455
f 4457/4457 4458/4458 4459/4459
f 4458/4458 4460/4460 4459/4459
f 4461/4461 4462/4462 4463/4463
f 4462/4462 4461/4461 4464/4464
f 4465/4465 4464/4464 4461/4461
f 4461/4461 4466/4466 4465/4465
f 4466/4466 4467/4467 4465/4465
f 4467/4467 4466/4466 4468/4468
f 4468/4468 4469/4469 4467/4467
f 4470/4470 4471/4471 4472/4472
f 4470/4470 4462/4462 4471/4471
f 4473/4473 4470/4470 4472/4472
f 4463/4463 4462/4462 4473/4473
f 4473/4473 4462/4462 4470/4470
f 4474/4474 4475/4475 4476/4476
f 4477/4477 4478/4478 4479/4479
f 4476/4476 4479/4479 4478/4478
f 4479/4479 4476/4476 4480/4480
f 4475/4475 4480/4480 4476/4476
f 4481/4481 4482/4482 4483/4483
f 4484/4484 4485/4485 4486/4486
f 4487/4487 4485/4485 4488/4488
f 4489/4489 4485/4485 4487/4487
f 4489/4489 4486/4486 4485/4485
f 4490/4490 4491/4491 4492/4492
f 4493/4493 4494/4494 4495/4495
f 4528/4528 4525/4525 4529/4529
f 4527/4527 4525/4525 4528/4528
f 4523/4523 4524/4524 4525/4525
f 4524/4524 4523/4523 4522/4522
f 4520/4520 4523/4523 4525/4525
f 4527/4527 4520/4520 4525/4525
f 4526/4526 4520/4520 4527/4527
f 4500/4500 4520/4520 4526/4526
f 4523/4523 4520/4520 4522/4522
f 4522/4522 4520/4520 4521/4521
f 4520/4520 4500/4500 4504/4504
f 4500/4500 4499/4499 4497/4497
f 4504/4504 4500/4500 4497/4497
f 4521/4521 4520/4520 4504/4504
f 4509/4509 4521/4521 4504/4504
f 4499/4499 4498/4498 4497/4497
f 4496/4496 4497/4497 4498/4498
f 4496/4496 4501/4501 4497/4497
f 4504/4504 4497/4497 4501/4501
f 4509/4509 4504/4504 4508/4508
f 4533/4533 4534/4534 4535/4535
f 4530/4530 4531/4531 4532/4532
f 4502/4502 4501/4501 4496/4496
f 4517/4517 4514/4514 4519/4519
f 4517/4517 4519/4519 4518/4518
f 4517/4517 4513/4513 4514/4514
f 4518/4518 4516/4516 4517/4517
f 4514/4514 4513/4513 4502/4502
f 4513/4513 4517/4517 4515/4515
f 4516/4516 4515/4515 4517/4517
f 4516/4516 4510/4510 4515/4515
f 4502/4502 4513/4513 4503/4503
f 4501/4501 4502/4502 4503/4503
f 4515/4515 4503/4503 4513/4513
f 4510/4510 4503/4503 4515/4515
f 4505/4505 4501/4501 4503/4503
f 4510/4510 4506/4506 4503/4503
f 4504/4504 4501/4501 4505/4505
f 4508/4508 4504/4504 4505/4505
f 4508/4508 4505/4505 4507/4507
f 4508/4508 4507/4507 4511/4511
f 4507/4507 4512/4512 4511/4511
f 4506/4506 4505/4505 4503/4503
f 4507/4507 4505/4505 4506/4506
f 4542/4542 4541/4541 4543/4543
f 4541/4541 4542/4542 4538/4538
f 4544/4544 4538/4538 4542/4542
f 4536/4536 4539/4539 4537/4537
f 4538/4538 4537/4537 4541/4541
f 4536/4536 4537/4537 4538/4538
f 4544/4544 4540/4540 4538/4538
f 4540/4540 4536/4536 4538/4538
f 4540/4540 4544/4544 4545/4545
f 4549/4549 4547/4547 4546/4546
f 4548/4548 4551/4551 4550/4550
f 4548/4548 4550/4550 4546/4546
f 4546/4546 4547/4547 4548/4548
f 4552/4552 4551/4551 4548/4548
f 4552/4552 4553/4553 4551/4551
f 4553/4553 4554/4554 4551/4551
f 4555/4555 4556/4556 4557/4557
f 4555/4555 4557/4557 4561/4561
f 4555/4555 4558/4558 4556/4556
f 4559/4559 4558/4558 4555/4555
f 4561/4561 4559/4559 4555/4555
f 4560/4560 4558/4558 4559/4559
f 4560/4560 4559/4559 4563/4563
f 4564/4564 4569/4569 4560/4560
f 4564/4564 4560/4560 4563/4563
f 4562/4562 4563/4563 4559/4559
f 4562/4562 4564/4564 4563/4563
f 4565/4565 4566/4566 4564/4564
f 4562/4562 4559/4559 4561/4561
f 4562/4562 4565/4565 4564/4564
f 4566/4566 4568/4568 4567/4567
f 4566/4566 4567/4567 4564/4564
f 4573/4573 4571/4571 4570/4570
f 4570/4570 4571/4571 4572/4572
f 4571/4571 4575/4575 4574/4574
f 4572/4572 4571/4571 4574/4574
f 4576/4576 4577/4577 4578/4578
f 4577/4577 4579/4579 4578/4578
f 4580/4580 4581/4581 4582/4582
f 4590/4590 4591/4591 4592/4592
f 4587/4587 4588/4588 4589/4589
f 4583/4583 4584/4584 4585/4585
f 4585/4585 4586/4586 4583/4583
f 4598/4598 4597/4597 4595/4595
f 4593/4593 4596/4596 4594/4594
f 4593/4593 4594/4594 4595/4595
f 4593/4593 4595/4595 4597/4597
f 4593/4593 4599/4599 4596/4596
f 4600/4600 4601/4601 4602/4602
f 4603/4603 4604/4604 4605/4605
f 4610/4610 4613/4613 4608/4608
f 4610/4610 4612/4612 4613/4613
f 4610/4610 4608/4608 4609/4609
f 4609/4609 4608/4608 4607/4607
f 4608/4608 4611/4611 4606/4606
f 4608/4608 4615/4615 4611/4611
f 4608/4608 4614/4614 4615/4615
f 4614/4614 4616/4616 4615/4615
f 4606/4606 4607/4607 4608/4608
f 4619/4619 4620/4620 4625/4625
f 4617/4617 4619/4619 4621/4621
f 4617/4617 4618/4618 4619/4619
f 4622/4622 4618/4618 4617/4617
f 4620/4620 4619/4619 4618/4618
f 4621/4621 4625/4625 4624/4624
f 4625/4625 4621/4621 4619/4619
f 4623/4623 4622/4622 4617/4617
f 4618/4618 4622/4622 4626/4626
f 4617/4617 4621/4621 4623/4623
f 4621/4621 4624/4624 4623/4623
f 4633/4633 4629/4629 4634/4634
f 4634/4634 4629/4629 4632/4632
f 4629/4629 4633/4633 4627/4627
f 4628/4628 4627/4627 4635/4635
f 4627/4627 4628/4628 4629/4629
f 4630/4630 4632/4632 4629/4629
f 4635/4635 4636/4636 4628/4628
f 4631/4631 4630/4630 4628/4628
f 4630/4630 4629/4629 4628/4628
f 4637/4637 4643/4643 4638/4638
f 4644/4644 4645/4645 4646/4646
f 4641/4641 4637/4637 4639/4639
f 4639/4639 4638/4638 4640/4640
f 4637/4637 4638/4638 4639/4639
f 4641/4641 4642/4642 4637/4637
f 4649/4649 4648/4648 4651/4651
f 4651/4651 4648/4648 4653/4653
f 4653/4653 4648/4648 4657/4657
f 4665/4665 4653/4653 4657/4657
f 4656/4656 4657/4657 4648/4648
f 4665/4665 4656/4656 4664/4664
f 4656/4656 4665/4665 4657/4657
f 4658/4658 4650/4650 4654/4654
f 4654/4654 4659/4659 4658/4658
f 4650/4650 4649/4649 4652/4652
f 4647/4647 4649/4649 4650/4650
f 4647/4647 4648/4648 4649/4649
f 4647/4647 4655/4655 4648/4648
f 4648/4648 4655/4655 4656/4656
f 4656/4656 4662/4662 4664/4664
f 4662/4662 4656/4656 4655/4655
f 4662/4662 4655/4655 4661/4661
f 4658/4658 4647/4647 4650/4650
f 4652/4652 4654/4654 4650/4650
f 4663/4663 4658/4658 4659/4659
f 4658/4658 4660/4660 4647/4647
f 4661/4661 4655/4655 4647/4647
f 4661/4661 4647/4647 4660/4660
f 4668/4668 4667/4667 4669/4669
f 4666/4666 4667/4667 4668/4668
f 4668/4668 4670/4670 4666/4666
f 4676/4676 4675/4675 4677/4677
f 4671/4671 4672/4672 4673/4673
f 4674/4674 4675/4675 4676/4676
f 4678/4678 4680/4680 4681/4681
f 4679/4679 4678/4678 4683/4683
f 4678/4678 4679/4679 4680/4680
f 4680/4680 4682/4682 4681/4681
f 4682/4682 4680/4680 4679/4679
f 4684/4684 4685/4685 4686/4686
f 4688/4688 4690/4690 4689/4689
f 4687/4687 4688/4688 4689/4689
f 4700/4700 4701/4701 4702/4702
f 4691/4691 4692/4692 4693/4693
f 4701/4701 4704/4704 4702/4702
f 4694/4694 4695/4695 4696/4696
f 4696/4696 4691/4691 4694/4694
f 4697/4697 4698/4698 4691/4691
f 4698/4698 4697/4697 4699/4699
f 4691/4691 4696/4696 4697/4697
f 4695/4695 4697/4697 4696/4696
f 4700/4700 4702/4702 4703/4703
f 4714/4714 4715/4715 4716/4716
f 4717/4717 4718/4718 4719/4719
f 4705/4705 4706/4706 4707/4707
f 4705/4705 4708/4708 4709/4709
f 4708/4708 4705/4705 4710/4710
f 4711/4711 4712/4712 4713/4713
f 4708/4708 4712/4712 4709/4709
f 4713/4713 4712/4712 4708/4708
f 4724/4724 4722/4722 4725/4725
f 4727/4727 4726/4726 4720/4720
f 4720/4720 4721/4721 4722/4722
f 4725/4725 4722/4722 4721/4721
f 4720/4720 4726/4726 4721/4721
f 4724/4724 4723/4723 4722/4722
f 4723/4723 4720/4720 4722/4722
f 4733/4733 4729/4729 4728/4728
f 4728/4728 4729/4729 4730/4730
f 4732/4732 4731/4731 4729/4729
f 4731/4731 4730/4730 4729/4729
f 4728/4728 4730/4730 4734/4734
f 4735/4735 4728/4728 4734/4734
f 4747/4747 4749/4749 4748/4748
f 4749/4749 4751/4751 4750/4750
f 4749/4749 4750/4750 4748/4748
f 4748/4748 4746/4746 4747/4747
f 4736/4736 4737/4737 4738/4738
f 4745/4745 4744/4744 4746/4746
f 4744/4744 4745/4745 4737/4737
f 4744/4744 4737/4737 4736/4736
f 4739/4739 4738/4738 4740/4740
f 4736/4736 4738/4738 4739/4739
f 4742/4742 4741/4741 4743/4743
f 4739/4739 4740/4740 4741/4741
f 4739/4739 4741/4741 4742/4742
f 4747/4747 4746/4746 4744/4744
f 4776/4776 4775/4775 4774/4774
f 4777/4777 4775/4775 4776/4776
f 4780/4780 4777/4777 4776/4776
f 4777/4777 4780/4780 4779/4779
f 4777/4777 4779/4779 4778/4778
f 4767/4767 4766/4766 4772/4772
f 4766/4766 4767/4767 4768/4768
f 4761/4761 4762/4762 4752/4752
f 4761/4761 4752/4752 4754/4754
f 4756/4756 4761/4761 4754/4754
f 4755/4755 4756/4756 4754/4754
f 4755/4755 4754/4754 4753/4753
f 4769/4769 4768/4768 4770/4770
f 4766/4766 4768/4768 4769/4769
f 4770/4770 4771/4771 4769/4769
f 4773/4773 4771/4771 4770/4770
f 4765/4765 4771/4771 4773/4773
f 4765/4765 4773/4773 4763/4763
f 4763/4763 4773/4773 4762/4762
f 4761/4761 4763/4763 4762/4762
f 4764/4764 4763/4763 4761/4761
f 4765/4765 4763/4763 4764/4764
f 4772/4772 4766/4766 4774/4774
f 4775/4775 4772/4772 4774/4774
f 4775/4775 4781/4781 4772/4772
f 4777/4777 4778/4778 4775/4775
f 4755/4755 4753/4753 4758/4758
f 4753/4753 4760/4760 4759/4759
f 4757/4757 4760/4760 4753/4753
f 4757/4757 4753/4753 4752/4752
f 4752/4752 4753/4753 4754/4754
f 4758/4758 4753/4753 4759/4759
f 4785/4785 4782/4782 4784/4784
f 4782/4782 4783/4783 4784/4784
f 4784/4784 4783/4783 4786/4786
f 4786/4786 4788/4788 4790/4790
f 4787/4787 4788/4788 4786/4786
f 4787/4787 4786/4786 4783/4783
f 4789/4789 4788/4788 4787/4787
f 4792/4792 4791/4791 4794/4794
f 4791/4791 4792/4792 4793/4793
f 4804/4804 4806/4806 4805/4805
f 4804/4804 4805/4805 4802/4802
f 4802/4802 4803/4803 4804/4804
f 4801/4801 4798/4798 4800/4800
f 4803/4803 4807/4807 4804/4804
f 4798/4798 4799/4799 4800/4800
f 4795/4795 4796/4796 4797/4797
f 4808/4808 4809/4809 4810/4810
f 4815/4815 4812/4812 4816/4816
f 4812/4812 4815/4815 4813/4813
f 4814/4814 4811/4811 4813/4813
f 4811/4811 4812/4812 4813/4813
f 4818/4818 4817/4817 4820/4820
f 4821/4821 4820/4820 4817/4817
f 4817/4817 4818/4818 4819/4819
f 4817/4817 4822/4822 4821/4821
f 4823/4823 4824/4824 4825/4825
f 4830/4830 4827/4827 4826/4826
f 4828/4828 4829/4829 4826/4826
f 4826/4826 4827/4827 4828/4828
f 4831/4831 4832/4832 4833/4833
f 4834/4834 4831/4831 4833/4833
f 4839/4839 4837/4837 4836/4836
f 4840/4840 4841/4841 4842/4842
f 4835/4835 4836/4836 4837/4837
f 4836/4836 4835/4835 4838/4838
f 4851/4851 4852/4852 4853/4853
f 4847/4847 4846/4846 4848/4848
f 4844/4844 4846/4846 4847/4847
f 4843/4843 4846/4846 4844/4844
f 4843/4843 4844/4844 4845/4845
f 4849/4849 4844/4844 4850/4850
f 4844/4844 4849/4849 4845/4845
f 4854/4854 4855/4855 4856/4856
f 4855/4855 4854/4854 4857/4857
f 4861/4861 4858/4858 4860/4860
f 4862/4862 4859/4859 4858/4858
f 4863/4863 4864/4864 4865/4865
f 4864/4864 4863/4863 4859/4859
f 4859/4859 4863/4863 4860/4860
f 4858/4858 4859/4859 4860/4860
f 4867/4867 4871/4871 4870/4870
f 4870/4870 4869/4869 4867/4867
f 4868/4868 4867/4867 4869/4869
f 4866/4866 4867/4867 4868/4868
f 4868/4868 4872/4872 4866/4866
f 4872/4872 4868/4868 4873/4873
f 4874/4874 4868/4868 4875/4875
f 4873/4873 4868/4868 4874/4874
f 4880/4880 4879/4879 4877/4877
f 4876/4876 4877/4877 4878/4878
f 4877/4877 4879/4879 4878/4878
f 4884/4884 4887/4887 4885/4885
f 4884/4884 4885/4885 4886/4886
f 4881/4881 4882/4882 4883/4883
f 4888/4888 4889/4889 4890/4890
f 4892/4892 4894/4894 4893/4893
f 4899/4899 4898/4898 4900/4900
f 4897/4897 4898/4898 4899/4899
f 4891/4891 4892/4892 4893/4893
f 4891/4891 4895/4895 4892/4892
f 4895/4895 4896/4896 4892/4892
f 4905/4905 4906/4906 4904/4904
f 4905/4905 4904/4904 4902/4902
f 4902/4902 4904/4904 4903/4903
f 4901/4901 4902/4902 4903/4903
f 4907/4907 4901/4901 4903/4903
f 4908/4908 4909/4909 4910/4910
f 4912/4912 4917/4917 4916/4916
f 4911/4911 4912/4912 4913/4913
f 4911/4911 4914/4914 4915/4915
f 4911/4911 4913/4913 4914/4914
f 4916/4916 4913/4913 4912/4912
f 4918/4918 4919/4919 4920/4920
f 4921/4921 4922/4922 4923/4923
f 4922/4922 4921/4921 4924/4924
f 4924/4924 4921/4921 4925/4925
f 4927/4927 4921/4921 4923/4923
f 4924/4924 4925/4925 4926/4926
f 4927/4927 4923/4923 4928/4928
f 4930/4930 4933/4933 4931/4931
f 4933/4933 4938/4938 4937/4937
f 4929/4929 4930/4930 4931/4931
f 4932/4932 4931/4931 4933/4933
f 4932/4932 4933/4933 4937/4937
f 4932/4932 4929/4929 4931/4931
f 4934/4934 4930/4930 4929/4929
f 4935/4935 4930/4930 4934/4934
f 4936/4936 4935/4935 4934/4934
f 4942/4942 4947/4947 4941/4941
f 4939/4939 4940/4940 4941/4941
f 4944/4944 4941/4941 4946/4946
f 4942/4942 4940/4940 4943/4943
f 4940/4940 4945/4945 4943/4943
f 4942/4942 4941/4941 4940/4940
f 4939/4939 4941/4941 4944/4944
f 4946/4946 4948/4948 4944/4944
f 4949/4949 4943/4943 4945/4945
f 4950/4950 4943/4943 4949/4949
f 4951/4951 4943/4943 4950/4950
f 4951/4951 4950/4950 4953/4953
f 4953/4953 4950/4950 4952/4952
f 4950/4950 4949/4949 4952/4952
f 4977/4977 4973/4973 4978/4978
f 4973/4973 4977/4977 4976/4976
f 4975/4975 4973/4973 4976/4976
f 4973/4973 4975/4975 4969/4969
f 4973/4973 4969/4969 4968/4968
f 4979/4979 4978/4978 4973/4973
f 4966/4966 4965/4965 4962/4962
f 4963/4963 4964/4964 4960/4960
f 4955/4955 4962/4962 4965/4965
f 4960/4960 4962/4962 4955/4955
f 4955/4955 4965/4965 4956/4956
f 4959/4959 4963/4963 4960/4960
f 4955/4955 4954/4954 4960/4960
f 4954/4954 4959/4959 4960/4960
f 4958/4958 4959/4959 4954/4954
f 4967/4967 4968/4968 4969/4969
f 4968/4968 4967/4967 4970/4970
f 4970/4970 4967/4967 4971/4971
f 4954/4954 4955/4955 4956/4956
f 4957/4957 4954/4954 4956/4956
f 4957/4957 4958/4958 4954/4954
f 4961/4961 4957/4957 4956/4956
f 4972/4972 4968/4968 4970/4970
f 4971/4971 4972/4972 4970/4970
f 4972/4972 4971/4971 4974/4974
f 4980/4980 4981/4981 4982/4982
f 4983/4983 4982/4982 4981/4981
f 4983/4983 4984/4984 4982/4982
f 4985/4985 4982/4982 4984/4984
f 4984/4984 4986/4986 4985/4985
f 4987/4987 4988/4988 4989/4989
f 4990/4990 4991/4991 4992/4992
f 4993/4993 4994/4994 4995/4995
f 5002/5002 5004/5004 5003/5003
f 5002/5002 5003/5003 4997/4997
f 5002/5002 4997/4997 4996/4996
f 4996/4996 4997/4997 4998/4998
f 4996/4996 4998/4998 4999/4999
f 4998/4998 5000/5000 4999/4999
f 5001/5001 4999/4999 5000/5000
f 5010/5010 5011/5011 5012/5012
f 5005/5005 5006/5006 5007/5007
f 5005/5005 5007/5007 5008/5008
f 5005/5005 5009/5009 5006/5006
f 5018/5018 5013/5013 5015/5015
f 5017/5017 5016/5016 5014/5014
f 5013/5013 5014/5014 5015/5015
f 5016/5016 5015/5015 5014/5014
f 5019/5019 5020/5020 5021/5021
f 5024/5024 5023/5023 5028/5028
f 5022/5022 5023/5023 5024/5024
f 5023/5023 5022/5022 5027/5027
f 5026/5026 5022/5022 5025/5025
f 5025/5025 5022/5022 5024/5024
f 5023/5023 5029/5029 5028/5028
f 5033/5033 5030/5030 5032/5032
f 5030/5030 5031/5031 5032/5032
f 5037/5037 5036/5036 5035/5035
f 5034/5034 5035/5035 5036/5036
f 5035/5035 5034/5034 5038/5038
f 5043/5043 5040/5040 5039/5039
f 5039/5039 5040/5040 5041/5041
f 5039/5039 5041/5041 5042/5042
f 5045/5045 5042/5042 5044/5044
f 5041/5041 5044/5044 5042/5042
f 5053/5053 5054/5054 5052/5052
f 5051/5051 5053/5053 5052/5052
f 5054/5054 5053/5053 5055/5055
f 5055/5055 5053/5053 5051/5051
f 5046/5046 5051/5051 5052/5052
f 5051/5051 5046/5046 5050/5050
f 5046/5046 5049/5049 5047/5047
f 5046/5046 5047/5047 5048/5048
f 5047/5047 5056/5056 5048/5048
f 5047/5047 5057/5057 5056/5056
f 5046/5046 5048/5048 5050/5050
f 5057/5057 5060/5060 5056/5056
f 5061/5061 5048/5048 5059/5059
f 5058/5058 5048/5048 5056/5056
f 5058/5058 5059/5059 5048/5048
f 5059/5059 5058/5058 5062/5062
f 5060/5060 5058/5058 5056/5056
f 5063/5063 5058/5058 5060/5060
f 5067/5067 5068/5068 5065/5065
f 5067/5067 5065/5065 5064/5064
f 5066/5066 5065/5065 5069/5069
f 5066/5066 5069/5069 5070/5070
f 5064/5064 5066/5066 5070/5070
f 5064/5064 5065/5065 5066/5066
f 5075/5075 5074/5074 5085/5085
f 5086/5086 5085/5085 5074/5074
f 5087/5087 5075/5075 5085/5085
f 5087/5087 5089/5089 5088/5088
f 5087/5087 5088/5088 5075/5075
f 5094/5094 5091/5091 5093/5093
f 5083/5083 5080/5080 5082/5082
f 5082/5082 5080/5080 5081/5081
f 5074/5074 5071/5071 5073/5073
f 5071/5071 5074/5074 5075/5075
f 5091/5091 5092/5092 5093/5093
f 5076/5076 5077/5077 5078/5078
f 5071/5071 5077/5077 5076/5076
f 5079/5079 5078/5078 5077/5077
f 5073/5073 5072/5072 5080/5080
f 5071/5071 5072/5072 5073/5073
f 5080/5080 5072/5072 5081/5081
f 5076/5076 5072/5072 5071/5071
f 5078/5078 5084/5084 5076/5076
f 5078/5078 5090/5090 5084/5084
f 5098/5098 5096/5096 5095/5095
f 5099/5099 5097/5097 5096/5096
f 5095/5095 5096/5096 5097/5097
f 5110/5110 5111/5111 5112/5112
f 5103/5103 5106/5106 5105/5105
f 5103/5103 5102/5102 5101/5101
f 5104/5104 5103/5103 5105/5105
f 5103/5103 5104/5104 5102/5102
f 5100/5100 5101/5101 5102/5102
f 5108/5108 5102/5102 5104/5104
f 5107/5107 5100/5100 5102/5102
f 5107/5107 5102/5102 5108/5108
f 5107/5107 5108/5108 5109/5109
f 5115/5115 5116/5116 5113/5113
f 5113/5113 5114/5114 5115/5115
f 5114/5114 5113/5113 5118/5118
f 5117/5117 5115/5115 5114/5114
f 5114/5114 5118/5118 5119/5119
f 5130/5130 5131/5131 5125/5125
f 5131/5131 5130/5130 5132/5132
f 5120/5120 5130/5130 5125/5125
f 5124/5124 5125/5125 5126/5126
f 5131/5131 5132/5132 5133/5133
f 5133/5133 5134/5134 5135/5135
f 5134/5134 5133/5133 5132/5132
f 5120/5120 5122/5122 5130/5130
f 5123/5123 5120/5120 5124/5124
f 5120/5120 5125/5125 5124/5124
f 5124/5124 5126/5126 5127/5127
f 5124/5124 5127/5127 5128/5128
f 5129/5129 5124/5124 5128/5128
f 5143/5143 5144/5144 5145/5145
f 5120/5120 5121/5121 5122/5122
f 5120/5120 5123/5123 5121/5121
f 5134/5134 5132/5132 5136/5136
f 5138/5138 5139/5139 5137/5137
f 5137/5137 5134/5134 5136/5136
f 5138/5138 5137/5137 5136/5136
f 5141/5141 5139/5139 5140/5140
f 5139/5139 5138/5138 5140/5140
f 5141/5141 5140/5140 5142/5142
f 5150/5150 5149/5149 5151/5151
f 5156/5156 5154/5154 5157/5157
f 5155/5155 5154/5154 5156/5156
f 5146/5146 5149/5149 5150/5150
f 5153/5153 5147/5147 5154/5154
f 5153/5153 5154/5154 5155/5155
f 5148/5148 5149/5149 5146/5146
f 5152/5152 5148/5148 5147/5147
f 5146/5146 5147/5147 5148/5148
f 5157/5157 5147/5147 5146/5146
f 5157/5157 5154/5154 5147/5147
f 5147/5147 5153/5153 5152/5152
f 5161/5161 5162/5162 5163/5163
f 5158/5158 5159/5159 5160/5160
f 5164/5164 5165/5165 5166/5166
f 5167/5167 5168/5168 5169/5169
f 5170/5170 5171/5171 5172/5172
f 5173/5173 5177/5177 5174/5174
f 5178/5178 5173/5173 5176/5176
f 5173/5173 5174/5174 5175/5175
f 5176/5176 5173/5173 5175/5175
f 5182/5182 5183/5183 5184/5184
f 5179/5179 5180/5180 5181/5181
f 5185/5185 5186/5186 5187/5187
f 5188/5188 5189/5189 5190/5190
f 5194/5194 5195/5195 5200/5200
f 5193/5193 5195/5195 5194/5194
f 5194/5194 5191/5191 5193/5193
f 5191/5191 5192/5192 5193/5193
f 5196/5196 5192/5192 5191/5191
f 5199/5199 5192/5192 5196/5196
f 5197/5197 5191/5191 5194/5194
f 5191/5191 5197/5197 5198/5198
f 5202/5202 5206/5206 5205/5205
f 5203/5203 5202/5202 5205/5205
f 5201/5201 5202/5202 5203/5203
f 5202/5202 5201/5201 5204/5204
f 5209/5209 5201/5201 5203/5203
f 5207/5207 5204/5204 5201/5201
f 5208/5208 5207/5207 5201/5201
f 5211/5211 5213/5213 5212/5212
f 5216/5216 5213/5213 5211/5211
f 5210/5210 5211/5211 5212/5212
f 5210/5210 5212/5212 5214/5214
f 5213/5213 5215/5215 5212/5212
f 5217/5217 5220/5220 5218/5218
f 5217/5217 5218/5218 5219/5219
f 5221/5221 5222/5222 5223/5223
f 5226/5226 5230/5230 5229/5229
f 5224/5224 5226/5226 5229/5229
f 5231/5231 5229/5229 5230/5230
f 5227/5227 5228/5228 5225/5225
f 5224/5224 5227/5227 5225/5225
f 5224/5224 5225/5225 5226/5226
f 5232/5232 5236/5236 5241/5241
f 5238/5238 5239/5239 5240/5240
f 5238/5238 5233/5233 5239/5239
f 5238/5238 5234/5234 5233/5233
f 5234/5234 5236/5236 5232/5232
f 5232/5232 5233/5233 5234/5234
f 5241/5241 5235/5235 5232/5232
f 5232/5232 5235/5235 5233/5233
f 5235/5235 5237/5237 5233/5233
f 5244/5244 5245/5245 5242/5242
f 5242/5242 5243/5243 5244/5244
f 5249/5249 5251/5251 5250/5250
f 5273/5273 5251/5251 5249/5249
f 5252/5252 5250/5250 5263/5263
f 5250/5250 5246/5246 5249/5249
f 5246/5246 5250/5250 5252/5252
f 5247/5247 5246/5246 5252/5252
f 5248/5248 5249/5249 5246/5246
f 5248/5248 5273/5273 5249/5249
f 5246/5246 5247/5247 5248/5248
f 5251/5251 5273/5273 5270/5270
f 5269/5269 5271/5271 5270/5270
f 5270/5270 5265/5265 5269/5269
f 5265/5265 5270/5270 5273/5273
f 5268/5268 5269/5269 5265/5265
f 5269/5269 5268/5268 5272/5272
f 5269/5269 5272/5272 5271/5271
f 5280/5280 5271/5271 5272/5272
f 5265/5265 5273/5273 5248/5248
f 5274/5274 5280/5280 5272/5272
f 5276/5276 5280/5280 5274/5274
f 5264/5264 5252/5252 5263/5263
f 5258/5258 5252/5252 5264/5264
f 5257/5257 5252/5252 5258/5258
f 5252/5252 5257/5257 5253/5253
f 5257/5257 5258/5258 5256/5256
f 5256/5256 5253/5253 5257/5257
f 5260/5260 5259/5259 5258/5258
f 5260/5260 5258/5258 5264/5264
f 5261/5261 5259/5259 5260/5260
f 5261/5261 5260/5260 5262/5262
f 5259/5259 5256/5256 5258/5258
f 5253/5253 5247/5247 5252/5252
f 5253/5253 5254/5254 5247/5247
f 5247/5247 5265/5265 5248/5248
f 5254/5254 5265/5265 5247/5247
f 5255/5255 5265/5265 5254/5254
f 5256/5256 5255/5255 5253/5253
f 5255/5255 5254/5254 5253/5253
f 5255/5255 5267/5267 5266/5266
f 5275/5275 5278/5278 5279/5279
f 5266/5266 5268/5268 5265/5265
f 5275/5275 5274/5274 5278/5278
f 5274/5274 5275/5275 5276/5276
f 5276/5276 5275/5275 5277/5277
f 5265/5265 5255/5255 5266/5266
f 5291/5291 5290/5290 5292/5292
f 5292/5292 5293/5293 5291/5291
f 5287/5287 5289/5289 5286/5286
f 5284/5284 5286/5286 5285/5285
f 5286/5286 5284/5284 5287/5287
f 5282/5282 5284/5284 5285/5285
f 5283/5283 5290/5290 5281/5281
f 5281/5281 5290/5290 5291/5291
f 5282/5282 5281/5281 5284/5284
f 5281/5281 5282/5282 5283/5283
f 5288/5288 5284/5284 5281/5281
f 5300/5300 5296/5296 5299/5299
f 5299/5299 5296/5296 5295/5295
f 5298/5298 5296/5296 5300/5300
f 5297/5297 5296/5296 5298/5298
f 5305/5305 5294/5294 5297/5297
f 5297/5297 5294/5294 5296/5296
f 5305/5305 5306/5306 5294/5294
f 5307/5307 5308/5308 5304/5304
f 5307/5307 5304/5304 5306/5306
f 5294/5294 5306/5306 5304/5304
f 5304/5304 5302/5302 5294/5294
f 5302/5302 5301/5301 5294/5294
f 5304/5304 5308/5308 5309/5309
f 5294/5294 5295/5295 5296/5296
f 5299/5299 5295/5295 5301/5301
f 5295/5295 5294/5294 5301/5301
f 5301/5301 5302/5302 5303/5303
f 5317/5317 5315/5315 5316/5316
f 5315/5315 5314/5314 5316/5316
f 5314/5314 5311/5311 5310/5310
f 5314/5314 5315/5315 5311/5311
f 5310/5310 5311/5311 5312/5312
f 5310/5310 5312/5312 5313/5313
f 5310/5310 5313/5313 5318/5318
f 5313/5313 5312/5312 5319/5319
f 5319/5319 5320/5320 5313/5313
f 5321/5321 5313/5313 5320/5320
f 5324/5324 5323/5323 5325/5325
f 5322/5322 5323/5323 5324/5324
f 5326/5326 5327/5327 5323/5323
f 5326/5326 5323/5323 5322/5322
f 5328/5328 5329/5329 5330/5330
f 5331/5331 5332/5332 5333/5333
f 5334/5334 5335/5335 5336/5336
f 5345/5345 5343/5343 5344/5344
f 5343/5343 5341/5341 5344/5344
f 5340/5340 5341/5341 5342/5342
f 5342/5342 5341/5341 5343/5343
f 5339/5339 5340/5340 5342/5342
f 5338/5338 5340/5340 5339/5339
f 5337/5337 5338/5338 5339/5339
f 5350/5350 5348/5348 5351/5351
f 5346/5346 5348/5348 5350/5350
f 5346/5346 5347/5347 5348/5348
f 5346/5346 5349/5349 5347/5347
f 5353/5353 5356/5356 5354/5354
f 5352/5352 5353/5353 5354/5354
f 5353/5353 5352/5352 5355/5355
f 5365/5365 5366/5366 5367/5367
f 5368/5368 5366/5366 5365/5365
f 5358/5358 5361/5361 5364/5364
f 5359/5359 5363/5363 5360/5360
f 5357/5357 5362/5362 5361/5361
f 5358/5358 5357/5357 5361/5361
f 5357/5357 5359/5359 5360/5360
f 5357/5357 5358/5358 5359/5359
f 5377/5377 5374/5374 5370/5370
f 5369/5369 5370/5370 5371/5371
f 5371/5371 5370/5370 5373/5373
f 5373/5373 5372/5372 5371/5371
f 5380/5380 5372/5372 5378/5378
f 5374/5374 5373/5373 5370/5370
f 5371/5371 5372/5372 5369/5369
f 5379/5379 5380/5380 5378/5378
f 5381/5381 5382/5382 5383/5383
f 5376/5376 5379/5379 5378/5378
f 5374/5374 5377/5377 5375/5375
f 5373/5373 5374/5374 5375/5375
f 5376/5376 5378/5378 5372/5372
f 5373/5373 5375/5375 5376/5376
f 5373/5373 5376/5376 5372/5372
f 5389/5389 5391/5391 5392/5392
f 5389/5389 5390/5390 5391/5391
f 5392/5392 5391/5391 5393/5393
f 5390/5390 5393/5393 5391/5391
f 5386/5386 5385/5385 5388/5388
f 5385/5385 5384/5384 5387/5387
f 5384/5384 5385/5385 5386/5386
f 5395/5395 5394/5394 5397/5397
f 5394/5394 5395/5395 5396/5396
f 5398/5398 5399/5399 5400/5400
f 5401/5401 5402/5402 5403/5403
f 5404/5404 5405/5405 5406/5406
f 5423/5423 5422/5422 5419/5419
f 5422/5422 5417/5417 5419/5419
f 5411/5411 5412/5412 5410/5410
f 5417/5417 5418/5418 5419/5419
f 5417/5417 5420/5420 5418/5418
f 5420/5420 5421/5421 5418/5418
f 5410/5410 5407/5407 5411/5411
f 5407/5407 5410/5410 5408/5408
f 5407/5407 5408/5408 5409/5409
f 5408/5408 5410/5410 5413/5413
f 5407/5407 5415/5415 5416/5416
f 5425/5425 5430/5430 5429/5429
f 5429/5429 5428/5428 5425/5425
f 5425/5425 5428/5428 5426/5426
f 5424/5424 5425/5425 5426/5426
f 5424/5424 5427/5427 5425/5425
f 5414/5414 5407/5407 5409/5409
f 5407/5407 5414/5414 5415/5415
f 5431/5431 5432/5432 5433/5433
f 5434/5434 5435/5435 5436/5436
f 5457/5457 5456/5456 5455/5455
f 5454/5454 5455/5455 5456/5456
f 5448/5448 5453/5453 5450/5450
f 5443/5443 5448/5448 5450/5450
f 5457/5457 5455/5455 5458/5458
f 5439/5439 5443/5443 5437/5437
f 5443/5443 5439/5439 5448/5448
f 5449/5449 5448/5448 5439/5439
f 5437/5437 5438/5438 5439/5439
f 5440/5440 5439/5439 5438/5438
f 5444/5444 5437/5437 5445/5445
f 5438/5438 5437/5437 5444/5444
f 5438/5438 5441/5441 5440/5440
f 5440/5440 5441/5441 5442/5442
f 5441/5441 5446/5446 5442/5442
f 5446/5446 5441/5441 5447/5447
f 5438/5438 5444/5444 5451/5451
f 5438/5438 5451/5451 5452/5452
f 5460/5460 5459/5459 5464/5464
f 5464/5464 5459/5459 5465/5465
f 5461/5461 5462/5462 5459/5459
f 5459/5459 5460/5460 5461/5461
f 5462/5462 5463/5463 5459/5459
f 5468/5468 5469/5469 5476/5476
f 5470/5470 5469/5469 5467/5467
f 5469/5469 5470/5470 5472/5472
f 5468/5468 5467/5467 5469/5469
f 5466/5466 5467/5467 5468/5468
f 5466/5466 5471/5471 5467/5467
f 5475/5475 5473/5473 5474/5474
f 5471/5471 5473/5473 5467/5467
f 5473/5473 5471/5471 5474/5474
f 5480/5480 5482/5482 5478/5478
f 5483/5483 5480/5480 5481/5481
f 5477/5477 5480/5480 5478/5478
f 5481/5481 5480/5480 5477/5477
f 5478/5478 5484/5484 5479/5479
f 5477/5477 5478/5478 5479/5479
f 5485/5485 5484/5484 5478/5478
f 5486/5486 5484/5484 5485/5485
f 5487/5487 5484/5484 5486/5486
f 5497/5497 5505/5505 5506/5506
f 5506/5506 5505/5505 5507/5507
f 5497/5497 5506/5506 5508/5508
f 5499/5499 5497/5497 5498/5498
f 5497/5497 5499/5499 5505/5505
f 5497/5497 5508/5508 5509/5509
f 5509/5509 5500/5500 5497/5497
f 5498/5498 5497/5497 5496/5496
f 5496/5496 5497/5497 5495/5495
f 5500/5500 5495/5495 5497/5497
f 5495/5495 5491/5491 5496/5496
f 5501/5501 5495/5495 5500/5500
f 5488/5488 5491/5491 5489/5489
f 5488/5488 5489/5489 5490/5490
f 5492/5492 5491/5491 5495/5495
f 5501/5501 5492/5492 5495/5495
f 5502/5502 5492/5492 5501/5501
f 5492/5492 5489/5489 5491/5491
f 5492/5492 5493/5493 5489/5489
f 5494/5494 5489/5489 5493/5493
f 5492/5492 5490/5490 5494/5494
f 5503/5503 5492/5492 5502/5502
f 5503/5503 5490/5490 5492/5492
f 5502/5502 5504/5504 5503/5503
f 5546/5546 5545/5545 5547/5547
f 5545/5545 5546/5546 5543/5543
f 5544/5544 5545/5545 5543/5543
f 5544/5544 5543/5543 5542/5542
f 5542/5542 5543/5543 5541/5541
f 5541/5541 5540/5540 5542/5542
f 5541/5541 5538/5538 5540/5540
f 5539/5539 5540/5540 5538/5538
f 5531/5531 5539/5539 5538/5538
f 5531/5531 5538/5538 5532/5532
f 5532/5532 5515/5515 5531/5531
f 5515/5515 5530/5530 5531/5531
f 5514/5514 5530/5530 5515/5515
f 5510/5510 5511/5511 5512/5512
f 5511/5511 5513/5513 5512/5512
f 5510/5510 5512/5512 5514/5514
f 5515/5515 5510/5510 5514/5514
f 5528/5528 5519/5519 5527/5527
f 5529/5529 5519/5519 5528/5528
f 5533/5533 5529/5529 5528/5528
f 5528/5528 5548/5548 5549/5549
f 5528/5528 5549/5549 5533/5533
f 5548/5548 5528/5528 5527/5527
f 5535/5535 5536/5536 5534/5534
f 5535/5535 5537/5537 5536/5536
f 5525/5525 5524/5524 5523/5523
f 5523/5523 5524/5524 5522/5522
f 5534/5534 5526/5526 5535/5535
f 5534/5534 5525/5525 5526/5526
f 5523/5523 5526/5526 5525/5525
f 5516/5516 5517/5517 5513/5513
f 5518/5518 5517/5517 5516/5516
f 5518/5518 5520/5520 5517/5517
f 5523/5523 5522/5522 5521/5521
f 5521/5521 5522/5522 5520/5520
f 5521/5521 5520/5520 5518/5518
f 5511/5511 5516/5516 5513/5513
f 5518/5518 5516/5516 5519/5519
f 5527/5527 5516/5516 5511/5511
f 5519/5519 5516/5516 5527/5527
f 5554/5554 5551/5551 5555/5555
f 5553/5553 5551/5551 5554/5554
f 5550/5550 5551/5551 5552/5552
f 5553/5553 5552/5552 5551/5551
f 5552/5552 5553/5553 5556/5556
f 5556/5556 5550/5550 5552/5552
f 5557/5557 5550/5550 5556/5556
f 5550/5550 5557/5557 5558/5558
f 5565/5565 5564/5564 5560/5560
f 5560/5560 5564/5564 5561/5561
f 5559/5559 5560/5560 5561/5561
f 5562/5562 5560/5560 5559/5559
f 5559/5559 5563/5563 5562/5562
f 5566/5566 5570/5570 5567/5567
f 5566/5566 5567/5567 5568/5568
f 5568/5568 5567/5567 5569/5569
f 5574/5574 5572/5572 5571/5571
f 5571/5571 5572/5572 5573/5573
f 5573/5573 5572/5572 5575/5575
f 5576/5576 5571/5571 5573/5573
f 5577/5577 5571/5571 5576/5576
f 5581/5581 5580/5580 5579/5579
f 5578/5578 5579/5579 5580/5580
f 5582/5582 5578/5578 5580/5580
f 5585/5585 5589/5589 5590/5590
f 5584/5584 5589/5589 5585/5585
f 5583/5583 5584/5584 5585/5585
f 5583/5583 5586/5586 5584/5584
f 5587/5587 5586/5586 5583/5583
f 5587/5587 5588/5588 5586/5586
f 5608/5608 5605/5605 5607/5607
f 5600/5600 5602/5602 5605/5605
f 5605/5605 5606/5606 5607/5607
f 5606/5606 5605/5605 5602/5602
f 5614/5614 5615/5615 5616/5616
f 5600/5600 5601/5601 5602/5602
f 5601/5601 5603/5603 5602/5602
f 5599/5599 5600/5600 5592/5592
f 5601/5601 5600/5600 5599/5599
f 5599/5599 5592/5592 5594/5594
f 5591/5591 5594/5594 5592/5592
f 5591/5591 5592/5592 5593/5593
f 5595/5595 5591/5591 5593/5593
f 5593/5593 5596/5596 5595/5595
f 5597/5597 5595/5595 5596/5596
f 5598/5598 5596/5596 5610/5610
f 5598/5598 5597/5597 5596/5596
f 5598/5598 5609/5609 5597/5597
f 5610/5610 5611/5611 5598/5598
f 5602/5602 5604/5604 5606/5606
f 5603/5603 5604/5604 5602/5602
f 5612/5612 5611/5611 5610/5610
f 5613/5613 5612/5612 5610/5610
f 5622/5622 5623/5623 5618/5618
f 5624/5624 5621/5621 5618/5618
f 5618/5618 5621/5621 5619/5619
f 5621/5621 5624/5624 5625/5625
f 5617/5617 5618/5618 5619/5619
f 5617/5617 5619/5619 5620/5620
f 5617/5617 5622/5622 5618/5618
f 5626/5626 5621/5621 5625/5625
f 5631/5631 5632/5632 5627/5627
f 5629/5629 5631/5631 5627/5627
f 5628/5628 5627/5627 5630/5630
f 5627/5627 5628/5628 5629/5629
f 5633/5633 5629/5629 5628/5628
f 5633/5633 5634/5634 5629/5629
f 5634/5634 5633/5633 5635/5635
f 5639/5639 5637/5637 5640/5640
f 5641/5641 5637/5637 5636/5636
f 5637/5637 5639/5639 5638/5638
f 5636/5636 5637/5637 5638/5638
f 5642/5642 5636/5636 5638/5638
f 5643/5643 5641/5641 5636/5636
f 5643/5643 5646/5646 5641/5641
f 5644/5644 5643/5643 5636/5636
f 5644/5644 5636/5636 5642/5642
f 5645/5645 5644/5644 5642/5642
f 5647/5647 5648/5648 5649/5649
f 5658/5658 5659/5659 5660/5660
f 5662/5662 5661/5661 5667/5667
f 5658/5658 5661/5661 5662/5662
f 5658/5658 5660/5660 5661/5661
f 5656/5656 5659/5659 5658/5658
f 5650/5650 5656/5656 5658/5658
f 5653/5653 5663/5663 5651/5651
f 5655/5655 5657/5657 5656/5656
f 5655/5655 5656/5656 5650/5650
f 5655/5655 5650/5650 5654/5654
f 5651/5651 5663/5663 5664/5664
f 5651/5651 5664/5664 5665/5665
f 5653/5653 5651/5651 5650/5650
f 5651/5651 5665/5665 5666/5666
f 5678/5678 5681/5681 5677/5677
f 5678/5678 5682/5682 5681/5681
f 5650/5650 5651/5651 5652/5652
f 5652/5652 5674/5674 5673/5673
f 5652/5652 5673/5673 5668/5668
f 5654/5654 5650/5650 5652/5652
f 5654/5654 5652/5652 5668/5668
f 5669/5669 5654/5654 5668/5668
f 5672/5672 5655/5655 5654/5654
f 5669/5669 5672/5672 5654/5654
f 5679/5679 5675/5675 5680/5680
f 5679/5679 5676/5676 5675/5675
f 5675/5675 5676/5676 5677/5677
f 5677/5677 5676/5676 5678/5678
f 5670/5670 5668/5668 5671/5671
f 5670/5670 5669/5669 5668/5668
f 5700/5700 5699/5699 5703/5703
f 5698/5698 5699/5699 5700/5700
f 5698/5698 5700/5700 5702/5702
f 5697/5697 5698/5698 5702/5702
f 5696/5696 5697/5697 5702/5702
f 5696/5696 5702/5702 5704/5704
f 5683/5683 5699/5699 5698/5698
f 5698/5698 5697/5697 5683/5683
f 5683/5683 5697/5697 5696/5696
f 5689/5689 5691/5691 5690/5690
f 5686/5686 5689/5689 5690/5690
f 5685/5685 5689/5689 5686/5686
f 5685/5685 5686/5686 5683/5683
f 5701/5701 5689/5689 5685/5685
f 5684/5684 5683/5683 5696/5696
f 5683/5683 5684/5684 5685/5685
f 5704/5704 5705/5705 5696/5696
f 5704/5704 5706/5706 5705/5705
f 5687/5687 5684/5684 5694/5694
f 5687/5687 5685/5685 5684/5684
f 5685/5685 5687/5687 5688/5688
f 5692/5692 5691/5691 5689/5689
f 5701/5701 5692/5692 5689/5689
f 5685/5685 5688/5688 5701/5701
f 5688/5688 5692/5692 5701/5701
f 5692/5692 5693/5693 5691/5691
f 5711/5711 5693/5693 5692/5692
f 5709/5709 5710/5710 5708/5708
f 5695/5695 5687/5687 5694/5694
f 5706/5706 5704/5704 5707/5707
f 5707/5707 5709/5709 5708/5708
f 5708/5708 5706/5706 5707/5707
f 5720/5720 5722/5722 5721/5721
f 5719/5719 5721/5721 5726/5726
f 5720/5720 5721/5721 5719/5719
f 5718/5718 5720/5720 5719/5719
f 5717/5717 5718/5718 5719/5719
f 5715/5715 5716/5716 5717/5717
f 5717/5717 5716/5716 5718/5718
f 5715/5715 5723/5723 5716/5716
f 5715/5715 5728/5728 5723/5723
f 5733/5733 5734/5734 5735/5735
f 5712/5712 5713/5713 5714/5714
f 5724/5724 5716/5716 5723/5723
f 5729/5729 5732/5732 5731/5731
f 5725/5725 5727/5727 5729/5729
f 5727/5727 5725/5725 5723/5723
f 5730/5730 5729/5729 5731/5731
f 5725/5725 5729/5729 5730/5730
f 5725/5725 5724/5724 5723/5723
f 5742/5742 5743/5743 5744/5744
f 5742/5742 5738/5738 5743/5743
f 5742/5742 5744/5744 5736/5736
f 5736/5736 5738/5738 5742/5742
f 5736/5736 5737/5737 5738/5738
f 5739/5739 5737/5737 5736/5736
f 5739/5739 5740/5740 5737/5737
f 5741/5741 5740/5740 5739/5739
f 5746/5746 5749/5749 5750/5750
f 5753/5753 5754/5754 5755/5755
f 5756/5756 5753/5753 5755/5755
f 5751/5751 5752/5752 5748/5748
f 5745/5745 5746/5746 5747/5747
f 5745/5745 5749/5749 5746/5746
f 5745/5745 5747/5747 5748/5748
f 5751/5751 5748/5748 5747/5747
f 5746/5746 5751/5751 5747/5747
f 5758/5758 5760/5760 5761/5761
f 5757/5757 5760/5760 5758/5758
f 5759/5759 5758/5758 5762/5762
f 5762/5762 5758/5758 5763/5763
f 5757/5757 5758/5758 5759/5759
f 5763/5763 5758/5758 5764/5764
f 5763/5763 5764/5764 5765/5765
f 5780/5780 5778/5778 5779/5779
f 5779/5779 5768/5768 5781/5781
f 5778/5778 5768/5768 5779/5779
f 5785/5785 5786/5786 5787/5787
f 5770/5770 5768/5768 5778/5778
f 5782/5782 5783/5783 5784/5784
f 5771/5771 5767/5767 5766/5766
f 5769/5769 5768/5768 5770/5770
f 5769/5769 5770/5770 5772/5772
f 5766/5766 5767/5767 5768/5768
f 5766/5766 5768/5768 5769/5769
f 5771/5771 5774/5774 5775/5775
f 5773/5773 5774/5774 5771/5771
f 5776/5776 5774/5774 5773/5773
f 5766/5766 5773/5773 5771/5771
f 5777/5777 5773/5773 5766/5766
f 5777/5777 5776/5776 5773/5773
f 5788/5788 5789/5789 5790/5790
f 5791/5791 5788/5788 5790/5790
f 5792/5792 5794/5794 5797/5797
f 5798/5798 5799/5799 5793/5793
f 5792/5792 5793/5793 5794/5794
f 5793/5793 5792/5792 5795/5795
f 5795/5795 5792/5792 5796/5796
f 5795/5795 5798/5798 5793/5793
f 5805/5805 5808/5808 5802/5802
f 5804/5804 5800/5800 5803/5803
f 5800/5800 5802/5802 5803/5803
f 5800/5800 5801/5801 5802/5802
f 5802/5802 5801/5801 5805/5805
f 5806/5806 5805/5805 5801/5801
f 5805/5805 5806/5806 5807/5807
f 5816/5816 5812/5812 5813/5813
f 5809/5809 5813/5813 5812/5812
f 5810/5810 5809/5809 5812/5812
f 5809/5809 5810/5810 5811/5811
f 5811/5811 5814/5814 5809/5809
f 5815/5815 5814/5814 5811/5811
f 5817/5817 5815/5815 5811/5811
f 5818/5818 5819/5819 5820/5820
f 5825/5825 5821/5821 5823/5823
f 5821/5821 5822/5822 5823/5823
f 5823/5823 5822/5822 5824/5824
f 5830/5830 5831/5831 5827/5827
f 5827/5827 5826/5826 5830/5830
f 5828/5828 5827/5827 5829/5829
f 5826/5826 5827/5827 5828/5828
f 5832/5832 5826/5826 5828/5828
f 5833/5833 5832/5832 5828/5828
f 5851/5851 5852/5852 5849/5849
f 5837/5837 5847/5847 5846/5846
f 5843/5843 5842/5842 5857/5857
f 5843/5843 5840/5840 5842/5842
f 5854/5854 5850/5850 5853/5853
f 5859/5859 5850/5850 5854/5854
f 5848/5848 5851/5851 5849/5849
f 5862/5862 5851/5851 5848/5848
f 5836/5836 5844/5844 5848/5848
f 5835/5835 5844/5844 5836/5836
f 5844/5844 5835/5835 5845/5845
f 5853/5853 5850/5850 5849/5849
f 5836/5836 5849/5849 5850/5850
f 5848/5848 5849/5849 5836/5836
f 5834/5834 5835/5835 5836/5836
f 5837/5837 5846/5846 5835/5835
f 5859/5859 5836/5836 5850/5850
f 5858/5858 5836/5836 5859/5859
f 5856/5856 5834/5834 5858/5858
f 5834/5834 5836/5836 5858/5858
f 5834/5834 5837/5837 5835/5835
f 5855/5855 5834/5834 5856/5856
f 5834/5834 5855/5855 5838/5838
f 5839/5839 5840/5840 5837/5837
f 5841/5841 5840/5840 5839/5839
f 5842/5842 5840/5840 5841/5841
f 5838/5838 5837/5837 5834/5834
f 5839/5839 5837/5837 5838/5838
f 5860/5860 5856/5856 5861/5861
f 5856/5856 5860/5860 5855/5855
f 5863/5863 5864/5864 5865/5865
f 5866/5866 5867/5867 5868/5868
f 5876/5876 5874/5874 5870/5870
f 5869/5869 5870/5870 5871/5871
f 5871/5871 5870/5870 5874/5874
f 5877/5877 5876/5876 5870/5870
f 5874/5874 5876/5876 5882/5882
f 5880/5880 5879/5879 5878/5878
f 5872/5872 5873/5873 5869/5869
f 5870/5870 5878/5878 5879/5879
f 5869/5869 5878/5878 5870/5870
f 5872/5872 5869/5869 5871/5871
f 5880/5880 5878/5878 5881/5881
f 5875/5875 5874/5874 5883/5883
f 5875/5875 5871/5871 5874/5874
f 5884/5884 5885/5885 5886/5886
f 5898/5898 5896/5896 5895/5895
f 5895/5895 5896/5896 5897/5897
f 5886/5886 5885/5885 5887/5887
f 5885/5885 5884/5884 5888/5888
f 5889/5889 5887/5887 5885/5885
f 5890/5890 5887/5887 5889/5889
f 5885/5885 5893/5893 5889/5889
f 5891/5891 5884/5884 5892/5892
f 5894/5894 5891/5891 5892/5892
f 5888/5888 5884/5884 5891/5891
f 5899/5899 5900/5900 5901/5901
f 5905/5905 5910/5910 5912/5912
f 5908/5908 5913/5913 5902/5902
f 5913/5913 5911/5911 5902/5902
f 5911/5911 5910/5910 5902/5902
f 5905/5905 5902/5902 5910/5910
f 5904/5904 5909/5909 5906/5906
f 5906/5906 5908/5908 5902/5902
f 5906/5906 5902/5902 5904/5904
f 5903/5903 5902/5902 5905/5905
f 5902/5902 5903/5903 5904/5904
f 5903/5903 5907/5907 5904/5904
f 5907/5907 5909/5909 5904/5904
f 5909/5909 5914/5914 5915/5915
f 5907/5907 5914/5914 5909/5909
f 5916/5916 5923/5923 5917/5917
f 5916/5916 5917/5917 5918/5918
f 5919/5919 5916/5916 5918/5918
f 5926/5926 5925/5925 5924/5924
f 5916/5916 5924/5924 5923/5923
f 5924/5924 5925/5925 5923/5923
f 5920/5920 5921/5921 5916/5916
f 5919/5919 5920/5920 5916/5916
f 5920/5920 5919/5919 5922/5922
f 5944/5944 5945/5945 5947/5947
f 5947/5947 5946/5946 5948/5948
f 5945/5945 5946/5946 5947/5947
f 5940/5940 5946/5946 5945/5945
f 5941/5941 5946/5946 5942/5942
f 5946/5946 5940/5940 5942/5942
f 5940/5940 5941/5941 5942/5942
f 5939/5939 5941/5941 5940/5940
f 5943/5943 5941/5941 5939/5939
f 5936/5936 5935/5935 5934/5934
f 5935/5935 5936/5936 5937/5937
f 5933/5933 5930/5930 5934/5934
f 5934/5934 5935/5935 5933/5933
f 5927/5927 5944/5944 5931/5931
f 5932/5932 5927/5927 5931/5931
f 5927/5927 5928/5928 5929/5929
f 5929/5929 5928/5928 5932/5932
f 5931/5931 5929/5929 5932/5932
f 5930/5930 5929/5929 5931/5931
f 5930/5930 5933/5933 5929/5929
f 5944/5944 5940/5940 5945/5945
f 5927/5927 5940/5940 5944/5944
f 5939/5939 5940/5940 5927/5927
f 5933/5933 5927/5927 5929/5929
f 5938/5938 5927/5927 5933/5933
f 5939/5939 5927/5927 5938/5938
f 5949/5949 5938/5938 5933/5933
f 5950/5950 5938/5938 5949/5949
f 5955/5955 5954/5954 5953/5953
f 5952/5952 5953/5953 5954/5954
f 5951/5951 5938/5938 5950/5950
f 5952/5952 5950/5950 5953/5953
f 5950/5950 5952/5952 5951/5951
f 5959/5959 5956/5956 5958/5958
f 5958/5958 5957/5957 5960/5960
f 5956/5956 5957/5957 5958/5958
f 5961/5961 5962/5962 5963/5963
f 5964/5964 5965/5965 5966/5966
f 5967/5967 5968/5968 5969/5969
f 5970/5970 5973/5973 5971/5971
f 5970/5970 5971/5971 5972/5972
f 5972/5972 5971/5971 5974/5974
f 5974/5974 5975/5975 5972/5972
f 5981/5981 5980/5980 5982/5982
f 5979/5979 5980/5980 5981/5981
f 5976/5976 5977/5977 5978/5978
f 5983/5983 5984/5984 5985/5985
f 5986/5986 5984/5984 5983/5983
f 5983/5983 5989/5989 5986/5986
f 5983/5983 5988/5988 5989/5989
f 5987/5987 5988/5988 5983/5983
f 5983/5983 5985/5985 5987/5987
f 5990/5990 5991/5991 5992/5992
f 5992/5992 5991/5991 5993/5993
f 5992/5992 5994/5994 5990/5990
f 5993/5993 5994/5994 5992/5992
f 6000/6000 5999/5999 5996/5996
f 5996/5996 5999/5999 5997/5997
f 5999/5999 6000/6000 6001/6001
f 5998/5998 5996/5996 5995/5995
f 6002/6002 5995/5995 5997/5997
f 5995/5995 5996/5996 5997/5997
f 6002/6002 5998/5998 5995/5995
f 6003/6003 6006/6006 6004/6004
f 6003/6003 6004/6004 6005/6005
f 6007/6007 6008/6008 6009/6009
f 6024/6024 6010/6010 6026/6026
f 6010/6010 6024/6024 6013/6013
f 6013/6013 6024/6024 6025/6025
f 6013/6013 6025/6025 6016/6016
f 6023/6023 6027/6027 6010/6010
f 6028/6028 6030/6030 6029/6029
f 6035/6035 6030/6030 6028/6028
f 6028/6028 6023/6023 6020/6020
f 6028/6028 6029/6029 6023/6023
f 6010/6010 6027/6027 6026/6026
f 6020/6020 6023/6023 6010/6010
f 6010/6010 6019/6019 6020/6020
f 6019/6019 6010/6010 6018/6018
f 6017/6017 6018/6018 6010/6010
f 6031/6031 6028/6028 6020/6020
f 6010/6010 6013/6013 6011/6011
f 6010/6010 6011/6011 6012/6012
f 6012/6012 6017/6017 6010/6010
f 6012/6012 6011/6011 6022/6022
f 6014/6014 6011/6011 6013/6013
f 6011/6011 6014/6014 6015/6015
f 6011/6011 6015/6015 6021/6021
f 6022/6022 6011/6011 6021/6021
f 6022/6022 6021/6021 6033/6033
f 6033/6033 6021/6021 6034/6034
f 6033/6033 6034/6034 6037/6037
f 6037/6037 6034/6034 6038/6038
f 6013/6013 6016/6016 6014/6014
f 6021/6021 6015/6015 6032/6032
f 6032/6032 6036/6036 6021/6021
f 6021/6021 6036/6036 6034/6034
f 6039/6039 6034/6034 6036/6036
f 6048/6048 6042/6042 6041/6041
f 6041/6041 6045/6045 6047/6047
f 6045/6045 6041/6041 6044/6044
f 6041/6041 6040/6040 6044/6044
f 6040/6040 6041/6041 6042/6042
f 6044/6044 6040/6040 6046/6046
f 6050/6050 6051/6051 6052/6052
f 6040/6040 6042/6042 6043/6043
f 6043/6043 6042/6042 6049/6049
f 6054/6054 6056/6056 6058/6058
f 6056/6056 6053/6053 6057/6057
f 6056/6056 6054/6054 6053/6053
f 6053/6053 6054/6054 6055/6055
f 6059/6059 6057/6057 6053/6053
f 6054/6054 6058/6058 6063/6063
f 6061/6061 6054/6054 6063/6063
f 6061/6061 6060/6060 6054/6054
f 6055/6055 6054/6054 6060/6060
f 6055/6055 6062/6062 6053/6053
f 6059/6059 6053/6053 6062/6062
f 6068/6068 6071/6071 6069/6069
f 6068/6068 6069/6069 6070/6070
f 6064/6064 6065/6065 6066/6066
f 6067/6067 6064/6064 6066/6066
f 6073/6073 6072/6072 6075/6075
f 6072/6072 6073/6073 6074/6074
f 6078/6078 6086/6086 6085/6085
f 6078/6078 6085/6085 6083/6083
f 6076/6076 6077/6077 6078/6078
f 6076/6076 6078/6078 6083/6083
f 6086/6086 6087/6087 6085/6085
f 6076/6076 6083/6083 6084/6084
f 6079/6079 6080/6080 6082/6082
f 6081/6081 6077/6077 6079/6079
f 6079/6079 6077/6077 6076/6076
f 6079/6079 6076/6076 6080/6080
f 6088/6088 6089/6089 6090/6090
f 6091/6091 6088/6088 6090/6090
f 6092/6092 6093/6093 6094/6094
f 6093/6093 6095/6095 6094/6094
f 6096/6096 6093/6093 6092/6092
f 6093/6093 6096/6096 6095/6095
f 6096/6096 6097/6097 6095/6095
f 6098/6098 6092/6092 6097/6097
f 6097/6097 6096/6096 6099/6099
f 6100/6100 6097/6097 6099/6099
f 6097/6097 6100/6100 6098/6098
f 6101/6101 6098/6098 6100/6100
f 6102/6102 6099/6099 6101/6101
f 6101/6101 6100/6100 6103/6103
f 6103/6103 6104/6104 6101/6101
f 6102/6102 6101/6101 6104/6104
f 6105/6105 6106/6106 6107/6107
f 6108/6108 6109/6109 6110/6110
f 6110/6110 6109/6109 6111/6111
f 6109/6109 6112/6112 6111/6111
f 6113/6113 6114/6114 6115/6115
f 6113/6113 6115/6115 6116/6116
f 6117/6117 6118/6118 6119/6119
f 6125/6125 6128/6128 6127/6127
f 6125/6125 6127/6127 6122/6122
f 6125/6125 6122/6122 6124/6124
f 6122/6122 6121/6121 6124/6124
f 6120/6120 6121/6121 6122/6122
f 6120/6120 6130/6130 6126/6126
f 6123/6123 6120/6120 6126/6126
f 6120/6120 6123/6123 6121/6121
f 6123/6123 6126/6126 6129/6129
f 6141/6141 6143/6143 6142/6142
f 6142/6142 6139/6139 6141/6141
f 6139/6139 6131/6131 6141/6141
f 6131/6131 6140/6140 6141/6141
f 6131/6131 6133/6133 6140/6140
f 6137/6137 6134/6134 6132/6132
f 6139/6139 6138/6138 6131/6131
f 6136/6136 6133/6133 6135/6135
f 6134/6134 6135/6135 6133/6133
f 6131/6131 6132/6132 6133/6133
f 6138/6138 6132/6132 6131/6131
f 6133/6133 6132/6132 6134/6134
f 6150/6150 6151/6151 6149/6149
f 6144/6144 6145/6145 6146/6146
f 6152/6152 6154/6154 6153/6153
f 6147/6147 6146/6146 6152/6152
f 6144/6144 6146/6146 6147/6147
f 6153/6153 6147/6147 6152/6152
f 6145/6145 6149/6149 6155/6155
f 6148/6148 6149/6149 6145/6145
f 6150/6150 6149/6149 6148/6148
f 6148/6148 6145/6145 6144/6144
f 6157/6157 6156/6156 6159/6159
f 6156/6156 6157/6157 6158/6158
f 6167/6167 6164/6164 6166/6166
f 6164/6164 6168/6168 6165/6165
f 6168/6168 6164/6164 6167/6167
f 6164/6164 6165/6165 6166/6166
f 6167/6167 6166/6166 6163/6163
f 6163/6163 6166/6166 6162/6162
f 6165/6165 6162/6162 6166/6166
f 6161/6161 6163/6163 6162/6162
f 6160/6160 6161/6161 6162/6162
f 6165/6165 6169/6169 6162/6162
f 6170/6170 6171/6171 6172/6172
f 6178/6178 6174/6174 6177/6177
f 6173/6173 6177/6177 6174/6174
f 6173/6173 6174/6174 6175/6175
f 6176/6176 6175/6175 6179/6179
f 6173/6173 6175/6175 6176/6176
f 6180/6180 6181/6181 6182/6182
f 6207/6207 6208/6208 6206/6206
f 6205/6205 6207/6207 6206/6206
f 6200/6200 6205/6205 6206/6206
f 6210/6210 6211/6211 6212/6212
f 6199/6199 6205/6205 6200/6200
f 6183/6183 6196/6196 6195/6195
f 6201/6201 6200/6200 6202/6202
f 6201/6201 6202/6202 6203/6203
f 6203/6203 6202/6202 6204/6204
f 6197/6197 6199/6199 6200/6200
f 6199/6199 6197/6197 6195/6195
f 6184/6184 6195/6195 6197/6197
f 6184/6184 6183/6183 6195/6195
f 6183/6183 6184/6184 6185/6185
f 6184/6184 6197/6197 6198/6198
f 6197/6197 6200/6200 6201/6201
f 6209/6209 6187/6187 6188/6188
f 6188/6188 6187/6187 6186/6186
f 6186/6186 6187/6187 6185/6185
f 6189/6189 6188/6188 6186/6186
f 6186/6186 6185/6185 6184/6184
f 6194/6194 6193/6193 6192/6192
f 6192/6192 6193/6193 6190/6190
f 6190/6190 6191/6191 6192/6192
f 6189/6189 6190/6190 6188/6188
f 6191/6191 6190/6190 6189/6189
f 6214/6214 6213/6213 6216/6216
f 6213/6213 6214/6214 6215/6215
f 6217/6217 6215/6215 6214/6214
f 6225/6225 6226/6226 6227/6227
f 6223/6223 6219/6219 6222/6222
f 6218/6218 6222/6222 6219/6219
f 6218/6218 6219/6219 6220/6220
f 6220/6220 6219/6219 6221/6221
f 6221/6221 6219/6219 6224/6224
f 6231/6231 6236/6236 6235/6235
f 6229/6229 6231/6231 6235/6235
f 6229/6229 6228/6228 6231/6231
f 6233/6233 6230/6230 6234/6234
f 6228/6228 6229/6229 6230/6230
f 6228/6228 6230/6230 6232/6232
f 6232/6232 6230/6230 6233/6233
f 6245/6245 6254/6254 6253/6253
f 6254/6254 6245/6245 6255/6255
f 6259/6259 6258/6258 6257/6257
f 6258/6258 6256/6256 6257/6257
f 6257/6257 6256/6256 6252/6252
f 6256/6256 6246/6246 6252/6252
f 6252/6252 6245/6245 6253/6253
f 6245/6245 6252/6252 6246/6246
f 6247/6247 6244/6244 6248/6248
f 6244/6244 6247/6247 6245/6245
f 6260/6260 6263/6263 6261/6261
f 6260/6260 6261/6261 6262/6262
f 6248/6248 6249/6249 6247/6247
f 6237/6237 6238/6238 6239/6239
f 6238/6238 6237/6237 6240/6240
f 6244/6244 6245/6245 6246/6246
f 6250/6250 6251/6251 6247/6247
f 6241/6241 6242/6242 6243/6243
f 6237/6237 6239/6239 6243/6243
f 6247/6247 6249/6249 6250/6250
f 6239/6239 6241/6241 6243/6243
f 6269/6269 6271/6271 6270/6270
f 6272/6272 6267/6267 6265/6265
f 6266/6266 6267/6267 6268/6268
f 6267/6267 6266/6266 6265/6265
f 6266/6266 6268/6268 6269/6269
f 6270/6270 6266/6266 6269/6269
f 6264/6264 6265/6265 6266/6266
f 6280/6280 6281/6281 6274/6274
f 6275/6275 6274/6274 6278/6278
f 6273/6273 6274/6274 6275/6275
f 6274/6274 6273/6273 6280/6280
f 6276/6276 6273/6273 6275/6275
f 6277/6277 6273/6273 6276/6276
f 6279/6279 6273/6273 6277/6277
f 6282/6282 6283/6283 6284/6284
f 6285/6285 6284/6284 6283/6283
f 6287/6287 6286/6286 6294/6294
f 6293/6293 6287/6287 6294/6294
f 6298/6298 6299/6299 6300/6300
f 6295/6295 6296/6296 6297/6297
f 6289/6289 6288/6288 6290/6290
f 6286/6286 6287/6287 6288/6288
f 6289/6289 6286/6286 6288/6288
f 6290/6290 6288/6288 6291/6291
f 6292/6292 6288/6288 6293/6293
f 6291/6291 6288/6288 6292/6292
f 6304/6304 6301/6301 6305/6305
f 6301/6301 6308/6308 6307/6307
f 6310/6310 6305/6305 6306/6306
f 6306/6306 6301/6301 6307/6307
f 6305/6305 6301/6301 6306/6306
f 6310/6310 6306/6306 6311/6311
f 6321/6321 6327/6327 6323/6323
f 6322/6322 6323/6323 6324/6324
f 6322/6322 6321/6321 6323/6323
f 6309/6309 6317/6317 6321/6321
f 6313/6313 6318/6318 6317/6317
f 6313/6313 6319/6319 6318/6318
f 6320/6320 6313/6313 6316/6316
f 6317/6317 6309/6309 6302/6302
f 6313/6313 6315/6315 6316/6316
f 6302/6302 6313/6313 6317/6317
f 6322/6322 6324/6324 6325/6325
f 6326/6326 6322/6322 6325/6325
f 6309/6309 6321/6321 6322/6322
f 6301/6301 6309/6309 6308/6308
f 6303/6303 6309/6309 6301/6301
f 6301/6301 6302/6302 6303/6303
f 6303/6303 6302/6302 6309/6309
f 6302/6302 6301/6301 6304/6304
f 6302/6302 6304/6304 6312/6312
f 6312/6312 6313/6313 6302/6302
f 6313/6313 6314/6314 6315/6315
f 6313/6313 6312/6312 6314/6314
f 6331/6331 6328/6328 6330/6330
f 6328/6328 6331/6331 6337/6337
f 6328/6328 6329/6329 6330/6330
f 6329/6329 6328/6328 6332/6332
f 6328/6328 6337/6337 6338/6338
f 6328/6328 6338/6338 6339/6339
f 6333/6333 6329/6329 6336/6336
f 6336/6336 6329/6329 6332/6332
f 6340/6340 6339/6339 6338/6338
f 6333/6333 6330/6330 6329/6329
f 6334/6334 6330/6330 6333/6333
f 6330/6330 6334/6334 6335/6335
f 6367/6367 6366/6366 6368/6368
f 6366/6366 6367/6367 6365/6365
f 6367/6367 6368/6368 6369/6369
f 6346/6346 6347/6347 6348/6348
f 6341/6341 6342/6342 6343/6343
f 6344/6344 6343/6343 6342/6342
f 6362/6362 6364/6364 6363/6363
f 6351/6351 6352/6352 6346/6346
f 6350/6350 6352/6352 6359/6359
f 6350/6350 6346/6346 6352/6352
f 6347/6347 6346/6346 6350/6350
f 6363/6363 6361/6361 6362/6362
f 6365/6365 6363/6363 6366/6366
f 6365/6365 6361/6361 6363/6363
f 6361/6361 6352/6352 6362/6362
f 6360/6360 6352/6352 6361/6361
f 6360/6360 6359/6359 6352/6352
f 6371/6371 6370/6370 6368/6368
f 6343/6343 6345/6345 6341/6341
f 6370/6370 6369/6369 6368/6368
f 6372/6372 6368/6368 6366/6366
f 6379/6379 6380/6380 6381/6381
f 6380/6380 6379/6379 6378/6378
f 6375/6375 6377/6377 6378/6378
f 6379/6379 6375/6375 6378/6378
f 6346/6346 6348/6348 6349/6349
f 6348/6348 6353/6353 6349/6349
f 6353/6353 6348/6348 6357/6357
f 6349/6349 6353/6353 6354/6354
f 6353/6353 6355/6355 6354/6354
f 6355/6355 6358/6358 6354/6354
f 6356/6356 6357/6357 6373/6373
f 6356/6356 6353/6353 6357/6357
f 6356/6356 6355/6355 6353/6353
f 6349/6349 6351/6351 6346/6346
f 6374/6374 6358/6358 6355/6355
f 6375/6375 6376/6376 6377/6377
f 6373/6373 6376/6376 6375/6375
f 6375/6375 6356/6356 6373/6373
f 6382/6382 6383/6383 6384/6384
f 6384/6384 6385/6385 6382/6382
f 6389/6389 6386/6386 6388/6388
f 6386/6386 6387/6387 6388/6388
f 6390/6390 6391/6391 6392/6392
f 6392/6392 6393/6393 6390/6390
f 6398/6398 6399/6399 6400/6400
f 6394/6394 6395/6395 6396/6396
f 6394/6394 6396/6396 6397/6397
f 6401/6401 6402/6402 6403/6403
f 6404/6404 6403/6403 6402/6402
f 6405/6405 6406/6406 6407/6407
f 6408/6408 6409/6409 6410/6410
f 6411/6411 6412/6412 6413/6413
f 6415/6415 6414/6414 6417/6417
f 6414/6414 6415/6415 6416/6416
f 6418/6418 6419/6419 6420/6420
f 6424/6424 6425/6425 6426/6426
f 6421/6421 6422/6422 6423/6423
f 6427/6427 6432/6432 6433/6433
f 6435/6435 6430/6430 6434/6434
f 6431/6431 6428/6428 6427/6427
f 6427/6427 6428/6428 6429/6429
f 6434/6434 6430/6430 6428/6428
f 6429/6429 6428/6428 6430/6430
f 6431/6431 6434/6434 6428/6428
f 6432/6432 6427/6427 6429/6429
f 6442/6442 6437/6437 6441/6441
f 6436/6436 6441/6441 6437/6437
f 6439/6439 6437/6437 6440/6440
f 6436/6436 6437/6437 6438/6438
f 6439/6439 6438/6438 6437/6437
f 6449/6449 6448/6448 6447/6447
f 6449/6449 6447/6447 6450/6450
f 6447/6447 6451/6451 6450/6450
f 6450/6450 6451/6451 6452/6452
f 6445/6445 6446/6446 6443/6443
f 6443/6443 6444/6444 6445/6445
f 6446/6446 6445/6445 6448/6448
f 6445/6445 6447/6447 6448/6448
f 6444/6444 6447/6447 6445/6445
f 6454/6454 6453/6453 6456/6456
f 6453/6453 6454/6454 6455/6455
f 6465/6465 6459/6459 6466/6466
f 6465/6465 6466/6466 6467/6467
f 6461/6461 6458/6458 6460/6460
f 6458/6458 6457/6457 6460/6460
f 6457/6457 6458/6458 6459/6459
f 6460/6460 6462/6462 6461/6461
f 6463/6463 6462/6462 6460/6460
f 6457/6457 6459/6459 6464/6464
f 6464/6464 6459/6459 6465/6465
f 6468/6468 6469/6469 6470/6470
f 6470/6470 6473/6473 6472/6472
f 6471/6471 6468/6468 6470/6470
f 6470/6470 6469/6469 6473/6473
f 6468/6468 6474/6474 6469/6469
f 6474/6474 6473/6473 6469/6469
f 6470/6470 6472/6472 6471/6471
f 6475/6475 6476/6476 6472/6472
f 6473/6473 6475/6475 6472/6472
f 6475/6475 6480/6480 6476/6476
f 6477/6477 6479/6479 6478/6478
f 6474/6474 6468/6468 6477/6477
f 6478/6478 6474/6474 6477/6477
f 6481/6481 6482/6482 6483/6483
f 6489/6489 6486/6486 6485/6485
f 6489/6489 6485/6485 6490/6490
f 6490/6490 6485/6485 6491/6491
f 6484/6484 6485/6485 6486/6486
f 6496/6496 6492/6492 6497/6497
f 6495/6495 6492/6492 6496/6496
f 6493/6493 6492/6492 6495/6495
f 6488/6488 6486/6486 6492/6492
f 6486/6486 6488/6488 6484/6484
f 6488/6488 6492/6492 6493/6493
f 6487/6487 6485/6485 6484/6484
f 6494/6494 6488/6488 6493/6493
f 6498/6498 6488/6488 6494/6494
f 6499/6499 6500/6500 6501/6501
f 6502/6502 6501/6501 6500/6500
f 6505/6505 6504/6504 6507/6507
f 6503/6503 6504/6504 6505/6505
f 6508/6508 6504/6504 6503/6503
f 6505/6505 6506/6506 6503/6503
f 6528/6528 6531/6531 6534/6534
f 6513/6513 6528/6528 6514/6514
f 6531/6531 6528/6528 6530/6530
f 6528/6528 6529/6529 6514/6514
f 6525/6525 6524/6524 6523/6523
f 6524/6524 6522/6522 6523/6523
f 6523/6523 6522/6522 6519/6519
f 6519/6519 6520/6520 6523/6523
f 6523/6523 6526/6526 6525/6525
f 6526/6526 6523/6523 6520/6520
f 6510/6510 6516/6516 6515/6515
f 6516/6516 6510/6510 6517/6517
f 6515/6515 6518/6518 6527/6527
f 6522/6522 6516/6516 6519/6519
f 6516/6516 6522/6522 6518/6518
f 6515/6515 6516/6516 6518/6518
f 6509/6509 6512/6512 6510/6510
f 6509/6509 6510/6510 6511/6511
f 6511/6511 6510/6510 6515/6515
f 6513/6513 6530/6530 6528/6528
f 6513/6513 6512/6512 6509/6509
f 6513/6513 6514/6514 6512/6512
f 6532/6532 6514/6514 6529/6529
f 6532/6532 6529/6529 6533/6533
f 6517/6517 6520/6520 6519/6519
f 6520/6520 6517/6517 6521/6521
f 6517/6517 6519/6519 6516/6516
f 6535/6535 6536/6536 6537/6537
f 6538/6538 6539/6539 6540/6540
f 6556/6556 6557/6557 6555/6555
f 6547/6547 6556/6556 6555/6555
f 6554/6554 6547/6547 6555/6555
f 6550/6550 6552/6552 6549/6549
f 6546/6546 6547/6547 6548/6548
f 6546/6546 6548/6548 6549/6549
f 6547/6547 6554/6554 6553/6553
f 6548/6548 6550/6550 6549/6549
f 6550/6550 6548/6548 6551/6551
f 6553/6553 6560/6560 6548/6548
f 6548/6548 6547/6547 6553/6553
f 6558/6558 6559/6559 6557/6557
f 6556/6556 6558/6558 6557/6557
f 6553/6553 6561/6561 6560/6560
f 6553/6553 6562/6562 6561/6561
f 6562/6562 6545/6545 6561/6561
f 6544/6544 6545/6545 6543/6543
f 6544/6544 6561/6561 6545/6545
f 6544/6544 6563/6563 6561/6561
f 6544/6544 6542/6542 6564/6564
f 6542/6542 6544/6544 6543/6543
f 6541/6541 6542/6542 6543/6543
f 6565/6565 6566/6566 6567/6567
f 6575/6575 6576/6576 6577/6577
f 6568/6568 6569/6569 6570/6570
f 6571/6571 6570/6570 6569/6569
f 6578/6578 6579/6579 6580/6580
f 6572/6572 6568/6568 6573/6573
f 6574/6574 6573/6573 6568/6568
f 6581/6581 6582/6582 6583/6583
f 6584/6584 6583/6583 6582/6582
f 6582/6582 6581/6581 6585/6585
f 6588/6588 6589/6589 6590/6590
f 6591/6591 6592/6592 6593/6593
f 6593/6593 6592/6592 6594/6594
f 6595/6595 6596/6596 6597/6597
f 6583/6583 6584/6584 6586/6586
f 6587/6587 6581/6581 6583/6583
f 6606/6606 6605/6605 6607/6607
f 6598/6598 6600/6600 6602/6602
f 6605/6605 6606/6606 6599/6599
f 6598/6598 6599/6599 6600/6600
f 6605/6605 6599/6599 6601/6601
f 6599/6599 6598/6598 6601/6601
f 6602/6602 6600/6600 6603/6603
f 6602/6602 6603/6603 6604/6604
f 6604/6604 6598/6598 6602/6602
f 6610/6610 6613/6613 6612/6612
f 6618/6618 6616/6616 6615/6615
f 6615/6615 6616/6616 6617/6617
f 6619/6619 6615/6615 6617/6617
f 6619/6619 6620/6620 6615/6615
f 6611/6611 6614/6614 6609/6609
f 6608/6608 6611/6611 6609/6609
f 6608/6608 6609/6609 6610/6610
f 6608/6608 6610/6610 6612/6612
f 6621/6621 6622/6622 6623/6623
f 6629/6629 6630/6630 6627/6627
f 6627/6627 6628/6628 6629/6629
f 6624/6624 6625/6625 6626/6626
f 6637/6637 6638/6638 6639/6639
f 6634/6634 6635/6635 6636/6636
f 6631/6631 6632/6632 6633/6633
f 6640/6640 6641/6641 6642/6642
f 6640/6640 6642/6642 6643/6643
f 6642/6642 6641/6641 6645/6645
f 6644/6644 6641/6641 6640/6640
f 6646/6646 6644/6644 6640/6640
f 6649/6649 6648/6648 6652/6652
f 6650/6650 6647/6647 6649/6649
f 6647/6647 6648/6648 6649/6649
f 6651/6651 6647/6647 6650/6650
f 6656/6656 6657/6657 6658/6658
f 6653/6653 6654/6654 6655/6655
f 6666/6666 6665/6665 6667/6667
f 6665/6665 6664/6664 6663/6663
f 6664/6664 6665/6665 6666/6666
f 6659/6659 6660/6660 6661/6661
f 6669/6669 6674/6674 6659/6659
f 6662/6662 6663/6663 6664/6664
f 6662/6662 6661/6661 6663/6663
f 6668/6668 6662/6662 6664/6664
f 6668/6668 6670/6670 6669/6669
f 6669/6669 6659/6659 6662/6662
f 6659/6659 6661/6661 6662/6662
f 6669/6669 6662/6662 6668/6668
f 6673/6673 6669/6669 6672/6672
f 6671/6671 6669/6669 6670/6670
f 6672/6672 6669/6669 6671/6671
f 6673/6673 6674/6674 6669/6669
f 6678/6678 6677/6677 6666/6666
f 6677/6677 6668/6668 6666/6666
f 6668/6668 6677/6677 6676/6676
f 6666/6666 6668/6668 6664/6664
f 6675/6675 6668/6668 6676/6676
f 6670/6670 6668/6668 6675/6675
f 6679/6679 6680/6680 6681/6681
f 6685/6685 6684/6684 6683/6683
f 6686/6686 6685/6685 6683/6683
f 6682/6682 6683/6683 6684/6684
f 6687/6687 6682/6682 6684/6684
f 6691/6691 6688/6688 6690/6690
f 6688/6688 6689/6689 6690/6690
f 6692/6692 6693/6693 6694/6694
f 6692/6692 6694/6694 6695/6695
f 6697/6697 6695/6695 6694/6694
f 6696/6696 6693/6693 6698/6698
f 6694/6694 6693/6693 6696/6696
f 6709/6709 6710/6710 6711/6711
f 6706/6706 6707/6707 6701/6701
f 6701/6701 6700/6700 6706/6706
f 6699/6699 6700/6700 6701/6701
f 6702/6702 6700/6700 6699/6699
f 6702/6702 6699/6699 6704/6704
f 6703/6703 6701/6701 6705/6705
f 6699/6699 6708/6708 6704/6704
f 6703/6703 6699/6699 6701/6701
f 6720/6720 6719/6719 6713/6713
f 6718/6718 6713/6713 6719/6719
f 6712/6712 6720/6720 6713/6713
f 6712/6712 6713/6713 6714/6714
f 6714/6714 6715/6715 6712/6712
f 6716/6716 6715/6715 6714/6714
f 6715/6715 6716/6716 6717/6717
f 6718/6718 6714/6714 6713/6713
f 6726/6726 6727/6727 6730/6730
f 6721/6721 6728/6728 6727/6727
f 6722/6722 6725/6725 6724/6724
f 6722/6722 6724/6724 6723/6723
f 6726/6726 6721/6721 6727/6727
f 6721/6721 6726/6726 6722/6722
f 6721/6721 6722/6722 6723/6723
f 6732/6732 6721/6721 6723/6723
f 6721/6721 6732/6732 6731/6731
f 6733/6733 6734/6734 6735/6735
f 6728/6728 6721/6721 6729/6729
f 6721/6721 6731/6731 6729/6729
f 6740/6740 6741/6741 6742/6742
f 6740/6740 6742/6742 6743/6743
f 6743/6743 6742/6742 6744/6744
f 6736/6736 6737/6737 6738/6738
f 6739/6739 6737/6737 6736/6736
f 6745/6745 6746/6746 6747/6747
f 6748/6748 6749/6749 6750/6750
f 6751/6751 6752/6752 6753/6753
f 6757/6757 6758/6758 6759/6759
f 6754/6754 6755/6755 6756/6756
f 6760/6760 6761/6761 6762/6762
f 6763/6763 6764/6764 6765/6765
f 6766/6766 6767/6767 6768/6768
f 6775/6775 6774/6774 6776/6776
f 6773/6773 6774/6774 6775/6775
f 6770/6770 6769/6769 6772/6772
f 6769/6769 6770/6770 6771/6771
f 6781/6781 6782/6782 6783/6783
f 6782/6782 6784/6784 6783/6783
f 6778/6778 6780/6780 6779/6779
f 6781/6781 6785/6785 6782/6782
f 6786/6786 6787/6787 6781/6781
f 6781/6781 6783/6783 6786/6786
f 6777/6777 6778/6778 6779/6779
f 6793/6793 6794/6794 6795/6795
f 6791/6791 6790/6790 6789/6789
f 6790/6790 6792/6792 6788/6788
f 6788/6788 6789/6789 6790/6790
f 6800/6800 6802/6802 6799/6799
f 6799/6799 6796/6796 6800/6800
f 6797/6797 6796/6796 6799/6799
f 6796/6796 6798/6798 6807/6807
f 6796/6796 6797/6797 6798/6798
f 6807/6807 6811/6811 6796/6796
f 6803/6803 6799/6799 6802/6802
f 6804/6804 6801/6801 6805/6805
f 6797/6797 6801/6801 6804/6804
f 6799/6799 6801/6801 6797/6797
f 6808/6808 6807/6807 6798/6798
f 6806/6806 6804/6804 6805/6805
f 6807/6807 6810/6810 6811/6811
f 6807/6807 6808/6808 6809/6809
f 6807/6807 6809/6809 6810/6810
f 6817/6817 6812/6812 6815/6815
f 6812/6812 6813/6813 6814/6814
f 6816/6816 6814/6814 6813/6813
f 6814/6814 6815/6815 6812/6812
f 6818/6818 6821/6821 6819/6819
f 6818/6818 6819/6819 6820/6820
f 6825/6825 6826/6826 6827/6827
f 6826/6826 6828/6828 6827/6827
f 6822/6822 6823/6823 6824/6824
f 6829/6829 6830/6830 6831/6831
f 6833/6833 6835/6835 6834/6834
f 6832/6832 6833/6833 6834/6834
f 6836/6836 6842/6842 6839/6839
f 6836/6836 6839/6839 6837/6837
f 6837/6837 6839/6839 6840/6840
f 6836/6836 6837/6837 6838/6838
f 6841/6841 6838/6838 6837/6837
f 6837/6837 6840/6840 6841/6841
f 6858/6858 6862/6862 6863/6863
f 6858/6858 6859/6859 6862/6862
f 6859/6859 6857/6857 6860/6860
f 6858/6858 6857/6857 6859/6859
f 6863/6863 6862/6862 6872/6872
f 6864/6864 6858/6858 6863/6863
f 6869/6869 6873/6873 6881/6881
f 6880/6880 6875/6875 6876/6876
f 6857/6857 6858/6858 6855/6855
f 6865/6865 6858/6858 6864/6864
f 6867/6867 6873/6873 6869/6869
f 6873/6873 6867/6867 6864/6864
f 6868/6868 6867/6867 6869/6869
f 6874/6874 6875/6875 6854/6854
f 6875/6875 6874/6874 6876/6876
f 6877/6877 6876/6876 6874/6874
f 6882/6882 6883/6883 6884/6884
f 6879/6879 6876/6876 6877/6877
f 6874/6874 6854/6854 6861/6861
f 6856/6856 6861/6861 6854/6854
f 6878/6878 6877/6877 6874/6874
f 6855/6855 6854/6854 6857/6857
f 6854/6854 6855/6855 6856/6856
f 6866/6866 6864/6864 6867/6867
f 6866/6866 6868/6868 6870/6870
f 6868/6868 6866/6866 6867/6867
f 6868/6868 6869/6869 6871/6871
f 6864/6864 6866/6866 6865/6865
f 6885/6885 6886/6886 6884/6884
f 6885/6885 6888/6888 6886/6886
f 6843/6843 6844/6844 6845/6845
f 6847/6847 6844/6844 6843/6843
f 6847/6847 6848/6848 6844/6844
f 6885/6885 6884/6884 6883/6883
f 6849/6849 6847/6847 6843/6843
f 6852/6852 6847/6847 6850/6850
f 6850/6850 6847/6847 6849/6849
f 6852/6852 6848/6848 6847/6847
f 6887/6887 6885/6885 6883/6883
f 6843/6843 6845/6845 6846/6846
f 6849/6849 6843/6843 6846/6846
f 6851/6851 6849/6849 6853/6853
f 6850/6850 6849/6849 6851/6851
f 6893/6893 6899/6899 6901/6901
f 6893/6893 6898/6898 6899/6899
f 6898/6898 6893/6893 6890/6890
f 6899/6899 6898/6898 6900/6900
f 6893/6893 6895/6895 6892/6892
f 6898/6898 6890/6890 6889/6889
f 6890/6890 6893/6893 6892/6892
f 6894/6894 6891/6891 6896/6896
f 6896/6896 6903/6903 6902/6902
f 6890/6890 6892/6892 6891/6891
f 6889/6889 6890/6890 6891/6891
f 6889/6889 6891/6891 6894/6894
f 6896/6896 6897/6897 6894/6894
f 6902/6902 6897/6897 6896/6896
f 6904/6904 6906/6906 6907/6907
f 6904/6904 6905/6905 6906/6906
f 6908/6908 6905/6905 6904/6904
f 6910/6910 6907/6907 6911/6911
f 6907/6907 6910/6910 6904/6904
f 6909/6909 6905/6905 6908/6908
f 6913/6913 6915/6915 6914/6914
f 6912/6912 6914/6914 6916/6916
f 6916/6916 6914/6914 6917/6917
f 6912/6912 6913/6913 6914/6914
f 6918/6918 6919/6919 6920/6920
f 6922/6922 6924/6924 6923/6923
f 6924/6924 6922/6922 6926/6926
f 6922/6922 6927/6927 6926/6926
f 6921/6921 6922/6922 6923/6923
f 6925/6925 6922/6922 6921/6921
f 6928/6928 6929/6929 6930/6930
f 6931/6931 6932/6932 6929/6929
f 6933/6933 6932/6932 6931/6931
f 6934/6934 6928/6928 6935/6935
f 6928/6928 6934/6934 6931/6931
f 6929/6929 6928/6928 6931/6931
f 6935/6935 6936/6936 6934/6934
f 6937/6937 6934/6934 6936/6936
f 6936/6936 6938/6938 6937/6937
f 6945/6945 6939/6939 6943/6943
f 6944/6944 6941/6941 6940/6940
f 6939/6939 6941/6941 6943/6943
f 6939/6939 6940/6940 6941/6941
f 6940/6940 6939/6939 6942/6942
f 6946/6946 6948/6948 6949/6949
f 6952/6952 6946/6946 6949/6949
f 6946/6946 6947/6947 6948/6948
f 6946/6946 6950/6950 6947/6947
f 6950/6950 6951/6951 6947/6947
f 6953/6953 6955/6955 6956/6956
f 6953/6953 6954/6954 6955/6955
f 6955/6955 6954/6954 6957/6957
f 6956/6956 6961/6961 6958/6958
f 6958/6958 6953/6953 6956/6956
f 6959/6959 6954/6954 6953/6953
f 6960/6960 6954/6954 6959/6959
f 6966/6966 6962/6962 6967/6967
f 6962/6962 6966/6966 6963/6963
f 6962/6962 6963/6963 6964/6964
f 6964/6964 6969/6969 6968/6968
f 6965/6965 6962/6962 6964/6964
f 6965/6965 6964/6964 6968/6968
f 6971/6971 6973/6973 6977/6977
f 6973/6973 6971/6971 6970/6970
f 6970/6970 6971/6971 6972/6972
f 6972/6972 6974/6974 6970/6970
f 6974/6974 6972/6972 6975/6975
f 6976/6976 6975/6975 6972/6972
f 6983/6983 6979/6979 6978/6978
f 6978/6978 6979/6979 6980/6980
f 6978/6978 6980/6980 6981/6981
f 6982/6982 6981/6981 6980/6980
f 6986/6986 6990/6990 6984/6984
f 6986/6986 6988/6988 6989/6989
f 6986/6986 6989/6989 6990/6990
f 6992/6992 6988/6988 6991/6991
f 6984/6984 6985/6985 6986/6986
f 6987/6987 6988/6988 6986/6986
f 6988/6988 6987/6987 6991/6991
f 6993/6993 6991/6991 6987/6987
f 7002/7002 7001/7001 7003/7003
f 6996/6996 6999/6999 6997/6997
f 6994/6994 6996/6996 6997/6997
f 6996/6996 6998/6998 6999/6999
f 7000/7000 6994/6994 7001/7001
f 7002/7002 7000/7000 7001/7001
f 6994/6994 6995/6995 6996/6996
f 6994/6994 7000/7000 6995/6995
f 6996/6996 6995/6995 6998/6998
f 7006/7006 7007/7007 7004/7004
f 7004/7004 7005/7005 7006/7006
f 7006/7006 7005/7005 7008/7008
f 7006/7006 7008/7008 7009/7009
f 7009/7009 7008/7008 7010/7010
f 7013/7013 7009/7009 7012/7012
f 7009/7009 7011/7011 7012/7012
f 7009/7009 7010/7010 7011/7011
f 7012/7012 7011/7011 7014/7014
f 7018/7018 7019/7019 7020/7020
f 7015/7015 7016/7016 7017/7017
f 7024/7024 7022/7022 7021/7021
f 7023/7023 7022/7022 7028/7028
f 7021/7021 7022/7022 7023/7023
f 7021/7021 7023/7023 7025/7025
f 7025/7025 7027/7027 7021/7021
f 7026/7026 7025/7025 7023/7023
f 7034/7034 7039/7039 7038/7038
f 7036/7036 7031/7031 7032/7032
f 7036/7036 7047/7047 7031/7031
f 7049/7049 7042/7042 7048/7048
f 7048/7048 7029/7029 7047/7047
f 7042/7042 7029/7029 7048/7048
f 7031/7031 7047/7047 7029/7029
f 7042/7042 7041/7041 7029/7029
f 7041/7041 7042/7042 7043/7043
f 7032/7032 7031/7031 7030/7030
f 7037/7037 7034/7034 7038/7038
f 7036/7036 7034/7034 7037/7037
f 7034/7034 7036/7036 7032/7032
f 7032/7032 7033/7033 7034/7034
f 7032/7032 7030/7030 7033/7033
f 7035/7035 7033/7033 7030/7030
f 7030/7030 7040/7040 7035/7035
f 7029/7029 7030/7030 7031/7031
f 7029/7029 7040/7040 7030/7030
f 7040/7040 7029/7029 7041/7041
f 7050/7050 7042/7042 7049/7049
f 7042/7042 7050/7050 7046/7046
f 7044/7044 7043/7043 7042/7042
f 7045/7045 7043/7043 7044/7044
f 7042/7042 7046/7046 7044/7044
f 7051/7051 7053/7053 7054/7054
f 7055/7055 7054/7054 7053/7053
f 7052/7052 7051/7051 7056/7056
f 7051/7051 7052/7052 7053/7053
f 7056/7056 7057/7057 7052/7052
f 7065/7065 7066/7066 7064/7064
f 7065/7065 7064/7064 7058/7058
f 7058/7058 7064/7064 7059/7059
f 7058/7058 7059/7059 7060/7060
f 7059/7059 7068/7068 7061/7061
f 7061/7061 7060/7060 7059/7059
f 7062/7062 7060/7060 7061/7061
f 7062/7062 7061/7061 7063/7063
f 7063/7063 7061/7061 7069/7069
f 7062/7062 7067/7067 7060/7060
f 7072/7072 7073/7073 7070/7070
f 7070/7070 7071/7071 7072/7072
f 7077/7077 7071/7071 7070/7070
f 7071/7071 7077/7077 7078/7078
f 7074/7074 7073/7073 7072/7072
f 7072/7072 7071/7071 7075/7075
f 7082/7082 7087/7087 7076/7076
f 7076/7076 7072/7072 7075/7075
f 7088/7088 7089/7089 7090/7090
f 7077/7077 7079/7079 7078/7078
f 7077/7077 7086/7086 7079/7079
f 7075/7075 7082/7082 7076/7076
f 7083/7083 7082/7082 7075/7075
f 7086/7086 7083/7083 7079/7079
f 7082/7082 7083/7083 7084/7084
f 7080/7080 7085/7085 7081/7081
f 7080/7080 7073/7073 7074/7074
f 7080/7080 7081/7081 7073/7073
f 7101/7101 7102/7102 7103/7103
f 7094/7094 7092/7092 7096/7096
f 7094/7094 7095/7095 7093/7093
f 7094/7094 7093/7093 7092/7092
f 7100/7100 7092/7092 7098/7098
f 7098/7098 7092/7092 7091/7091
f 7091/7091 7093/7093 7097/7097
f 7091/7091 7092/7092 7093/7093
f 7099/7099 7098/7098 7091/7091
f 7104/7104 7106/7106 7107/7107
f 7108/7108 7104/7104 7107/7107
f 7110/7110 7111/7111 7112/7112
f 7109/7109 7106/7106 7105/7105
f 7104/7104 7105/7105 7106/7106
f 7113/7113 7114/7114 7115/7115
f 7114/7114 7117/7117 7115/7115
f 7116/7116 7113/7113 7115/7115
f 7114/7114 7119/7119 7117/7117
f 7118/7118 7119/7119 7114/7114
f 7119/7119 7118/7118 7120/7120
f 7121/7121 7122/7122 7123/7123
f 7122/7122 7121/7121 7126/7126
f 7124/7124 7121/7121 7123/7123
f 7121/7121 7124/7124 7125/7125
f 7140/7140 7129/7129 7139/7139
f 7139/7139 7129/7129 7130/7130
f 7129/7129 7140/7140 7133/7133
f 7138/7138 7140/7140 7141/7141
f 7127/7127 7135/7135 7134/7134
f 7127/7127 7134/7134 7131/7131
f 7128/7128 7127/7127 7131/7131
f 7135/7135 7132/7132 7136/7136
f 7142/7142 7143/7143 7144/7144
f 7132/7132 7133/7133 7136/7136
f 7136/7136 7133/7133 7137/7137
f 7132/7132 7127/7127 7129/7129
f 7127/7127 7128/7128 7129/7129
f 7132/7132 7129/7129 7133/7133
f 7133/7133 7138/7138 7137/7137
f 7129/7129 7128/7128 7130/7130
f 7133/7133 7140/7140 7138/7138
f 7145/7145 7146/7146 7147/7147
f 7151/7151 7150/7150 7147/7147
f 7147/7147 7150/7150 7145/7145
f 7146/7146 7145/7145 7148/7148
f 7146/7146 7148/7148 7149/7149
f 7161/7161 7162/7162 7163/7163
f 7158/7158 7154/7154 7159/7159
f 7158/7158 7152/7152 7154/7154
f 7157/7157 7156/7156 7155/7155
f 7152/7152 7153/7153 7154/7154
f 7155/7155 7153/7153 7152/7152
f 7156/7156 7153/7153 7155/7155
f 7158/7158 7160/7160 7152/7152
f 7164/7164 7167/7167 7165/7165
f 7167/7167 7164/7164 7168/7168
f 7164/7164 7165/7165 7166/7166
f 7189/7189 7188/7188 7204/7204
f 7188/7188 7189/7189 7187/7187
f 7180/7180 7188/7188 7187/7187
f 7178/7178 7180/7180 7181/7181
f 7178/7178 7179/7179 7180/7180
f 7180/7180 7187/7187 7181/7181
f 7198/7198 7189/7189 7175/7175
f 7187/7187 7189/7189 7198/7198
f 7173/7173 7175/7175 7172/7172
f 7198/7198 7175/7175 7173/7173
f 7170/7170 7165/7165 7169/7169
f 7165/7165 7167/7167 7169/7169
f 7172/7172 7169/7169 7173/7173
f 7169/7169 7172/7172 7171/7171
f 7169/7169 7171/7171 7170/7170
f 7169/7169 7174/7174 7173/7173
f 7177/7177 7179/7179 7178/7178
f 7176/7176 7177/7177 7178/7178
f 7176/7176 7178/7178 7182/7182
f 7176/7176 7182/7182 7184/7184
f 7182/7182 7178/7178 7183/7183
f 7178/7178 7181/7181 7183/7183
f 7193/7193 7194/7194 7191/7191
f 7193/7193 7191/7191 7192/7192
f 7197/7197 7196/7196 7193/7193
f 7193/7193 7196/7196 7194/7194
f 7193/7193 7192/7192 7195/7195
f 7193/7193 7199/7199 7197/7197
f 7200/7200 7199/7199 7193/7193
f 7201/7201 7200/7200 7193/7193
f 7202/7202 7200/7200 7201/7201
f 7185/7185 7184/7184 7182/7182
f 7186/7186 7185/7185 7190/7190
f 7186/7186 7184/7184 7185/7185
f 7190/7190 7185/7185 7191/7191
f 7191/7191 7194/7194 7190/7190
f 7192/7192 7191/7191 7185/7185
f 7202/7202 7201/7201 7203/7203
f 7222/7222 7219/7219 7220/7220
f 7219/7219 7222/7222 7223/7223
f 7211/7211 7220/7220 7219/7219
f 7224/7224 7221/7221 7212/7212
f 7211/7211 7212/7212 7221/7221
f 7211/7211 7210/7210 7212/7212
f 7208/7208 7210/7210 7211/7211
f 7219/7219 7208/7208 7211/7211
f 7205/7205 7206/7206 7207/7207
f 7208/7208 7206/7206 7210/7210
f 7208/7208 7207/7207 7206/7206
f 7209/7209 7205/7205 7207/7207
f 7213/7213 7205/7205 7209/7209
f 7214/7214 7213/7213 7209/7209
f 7214/7214 7209/7209 7215/7215
f 7216/7216 7214/7214 7215/7215
f 7217/7217 7216/7216 7215/7215
f 7218/7218 7216/7216 7217/7217
f 7228/7228 7229/7229 7230/7230
f 7225/7225 7226/7226 7227/7227
f 7236/7236 7238/7238 7237/7237
f 7231/7231 7232/7232 7233/7233
f 7232/7232 7234/7234 7233/7233
f 7232/7232 7231/7231 7235/7235
f 7237/7237 7233/7233 7234/7234
f 7236/7236 7237/7237 7234/7234
f 7243/7243 7244/7244 7245/7245
f 7239/7239 7240/7240 7241/7241
f 7239/7239 7241/7241 7242/7242
f 7246/7246 7247/7247 7248/7248
f 7251/7251 7252/7252 7256/7256
f 7257/7257 7251/7251 7256/7256
f 7251/7251 7250/7250 7252/7252
f 7253/7253 7255/7255 7250/7250
f 7250/7250 7249/7249 7253/7253
f 7249/7249 7250/7250 7251/7251
f 7253/7253 7249/7249 7254/7254
f 7254/7254 7249/7249 7258/7258
f 7259/7259 7260/7260 7261/7261
f 7262/7262 7263/7263 7264/7264
f 7270/7270 7267/7267 7266/7266
f 7265/7265 7266/7266 7267/7267
f 7268/7268 7267/7267 7269/7269
f 7267/7267 7268/7268 7265/7265
f 7271/7271 7272/7272 7273/7273
f 7277/7277 7274/7274 7275/7275
f 7271/7271 7274/7274 7272/7272
f 7272/7272 7274/7274 7277/7277
f 7275/7275 7276/7276 7277/7277
f 7277/7277 7276/7276 7278/7278
f 7279/7279 7280/7280 7281/7281
f 7279/7279 7282/7282 7280/7280
f 7286/7286 7283/7283 7285/7285
f 7283/7283 7284/7284 7285/7285
f 7289/7289 7285/7285 7284/7284
f 7283/7283 7287/7287 7284/7284
f 7284/7284 7287/7287 7290/7290
f 7285/7285 7288/7288 7291/7291
f 7289/7289 7288/7288 7285/7285
f 7284/7284 7288/7288 7289/7289
f 7288/7288 7284/7284 7290/7290
f 7301/7301 7300/7300 7298/7298
f 7294/7294 7298/7298 7292/7292
f 7298/7298 7299/7299 7292/7292
f 7299/7299 7298/7298 7300/7300
f 7295/7295 7297/7297 7296/7296
f 7292/7292 7293/7293 7294/7294
f 7293/7293 7292/7292 7295/7295
f 7296/7296 7293/7293 7295/7295
f 7302/7302 7303/7303 7304/7304
f 7304/7304 7303/7303 7305/7305
f 7309/7309 7306/7306 7308/7308
f 7310/7310 7309/7309 7308/7308
f 7310/7310 7311/7311 7309/7309
f 7306/7306 7313/7313 7312/7312
f 7307/7307 7306/7306 7312/7312
f 7314/7314 7317/7317 7315/7315
f 7314/7314 7315/7315 7316/7316
f 7306/7306 7307/7307 7308/7308
f 7318/7318 7320/7320 7322/7322
f 7318/7318 7319/7319 7320/7320
f 7321/7321 7319/7319 7318/7318
f 7324/7324 7327/7327 7330/7330
f 7334/7334 7336/7336 7332/7332
f 7335/7335 7333/7333 7332/7332
f 7333/7333 7337/7337 7334/7334
f 7332/7332 7333/7333 7334/7334
f 7324/7324 7323/7323 7327/7327
f 7327/7327 7323/7323 7329/7329
f 7328/7328 7323/7323 7325/7325
f 7323/7323 7324/7324 7325/7325
f 7324/7324 7326/7326 7325/7325
f 7326/7326 7328/7328 7325/7325
f 7331/7331 7326/7326 7324/7324
f 7338/7338 7339/7339 7340/7340
f 7345/7345 7346/7346 7347/7347
f 7341/7341 7342/7342 7343/7343
f 7346/7346 7345/7345 7348/7348
f 7343/7343 7342/7342 7344/7344
f 7352/7352 7353/7353 7354/7354
f 7354/7354 7353/7353 7355/7355
f 7349/7349 7350/7350 7351/7351
f 7357/7357 7366/7366 7365/7365
f 7366/7366 7357/7357 7359/7359
f 7366/7366 7359/7359 7367/7367
f 7357/7357 7365/7365 7364/7364
f 7357/7357 7364/7364 7358/7358
f 7356/7356 7357/7357 7358/7358
f 7356/7356 7359/7359 7357/7357
f 7356/7356 7358/7358 7360/7360
f 7360/7360 7358/7358 7361/7361
f 7360/7360 7361/7361 7362/7362
f 7361/7361 7358/7358 7363/7363
f 7377/7377 7374/7374 7373/7373
f 7374/7374 7368/7368 7373/7373
f 7368/7368 7374/7374 7375/7375
f 7373/7373 7368/7368 7370/7370
f 7368/7368 7369/7369 7370/7370
f 7369/7369 7371/7371 7370/7370
f 7371/7371 7369/7369 7372/7372
f 7372/7372 7369/7369 7376/7376
f 7378/7378 7379/7379 7380/7380
f 7383/7383 7384/7384 7381/7381
f 7381/7381 7382/7382 7383/7383
f 7392/7392 7390/7390 7396/7396
f 7387/7387 7390/7390 7392/7392
f 7387/7387 7388/7388 7390/7390
f 7395/7395 7387/7387 7392/7392
f 7387/7387 7395/7395 7393/7393
f 7394/7394 7393/7393 7395/7395
f 7394/7394 7385/7385 7393/7393
f 7385/7385 7386/7386 7387/7387
f 7393/7393 7385/7385 7387/7387
f 7389/7389 7391/7391 7388/7388
f 7386/7386 7389/7389 7388/7388
f 7386/7386 7388/7388 7387/7387
f 7397/7397 7391/7391 7389/7389
f 7424/7424 7416/7416 7417/7417
f 7413/7413 7412/7412 7415/7415
f 7413/7413 7411/7411 7412/7412
f 7408/7408 7412/7412 7411/7411
f 7416/7416 7412/7412 7417/7417
f 7412/7412 7416/7416 7415/7415
f 7405/7405 7408/7408 7407/7407
f 7406/7406 7407/7407 7414/7414
f 7406/7406 7405/7405 7407/7407
f 7410/7410 7414/7414 7407/7407
f 7409/7409 7407/7407 7408/7408
f 7409/7409 7408/7408 7411/7411
f 7410/7410 7407/7407 7409/7409
f 7398/7398 7399/7399 7400/7400
f 7401/7401 7399/7399 7398/7398
f 7401/7401 7418/7418 7399/7399
f 7419/7419 7422/7422 7425/7425
f 7426/7426 7425/7425 7422/7422
f 7419/7419 7418/7418 7401/7401
f 7403/7403 7405/7405 7404/7404
f 7404/7404 7405/7405 7406/7406
f 7404/7404 7402/7402 7403/7403
f 7402/7402 7404/7404 7427/7427
f 7400/7400 7403/7403 7402/7402
f 7398/7398 7400/7400 7402/7402
f 7431/7431 7428/7428 7430/7430
f 7433/7433 7431/7431 7432/7432
f 7432/7432 7431/7431 7430/7430
f 7432/7432 7430/7430 7434/7434
f 7420/7420 7421/7421 7419/7419
f 7421/7421 7420/7420 7423/7423
f 7420/7420 7419/7419 7401/7401
f 7422/7422 7419/7419 7421/7421
f 7428/7428 7429/7429 7430/7430
f 7430/7430 7435/7435 7434/7434
f 7436/7436 7432/7432 7434/7434
f 7437/7437 7432/7432 7436/7436
f 7438/7438 7437/7437 7436/7436
f 7437/7437 7438/7438 7439/7439
f 7439/7439 7438/7438 7440/7440
f 7441/7441 7439/7439 7440/7440
f 7439/7439 7442/7442 7437/7437
f 7443/7443 7444/7444 7445/7445
f 7444/7444 7446/7446 7445/7445
f 7451/7451 7452/7452 7453/7453
f 7448/7448 7447/7447 7450/7450
f 7447/7447 7448/7448 7449/7449
f 7458/7458 7460/7460 7454/7454
f 7458/7458 7459/7459 7460/7460
f 7456/7456 7458/7458 7454/7454
f 7454/7454 7455/7455 7456/7456
f 7455/7455 7454/7454 7457/7457
f 7461/7461 7462/7462 7463/7463
f 7464/7464 7465/7465 7466/7466
f 7472/7472 7471/7471 7468/7468
f 7467/7467 7468/7468 7469/7469
f 7469/7469 7468/7468 7470/7470
f 7470/7470 7468/7468 7471/7471
f 7473/7473 7474/7474 7475/7475
f 7475/7475 7474/7474 7476/7476
f 7478/7478 7481/7481 7479/7479
f 7482/7482 7481/7481 7478/7478
f 7477/7477 7479/7479 7480/7480
f 7477/7477 7478/7478 7479/7479
f 7480/7480 7483/7483 7477/7477
f 7485/7485 7487/7487 7486/7486
f 7488/7488 7487/7487 7485/7485
f 7492/7492 7493/7493 7494/7494
f 7492/7492 7494/7494 7495/7495
f 7484/7484 7486/7486 7489/7489
f 7490/7490 7484/7484 7489/7489
f 7484/7484 7490/7490 7491/7491
f 7484/7484 7485/7485 7486/7486
f 7510/7510 7499/7499 7512/7512
f 7497/7497 7499/7499 7498/7498
f 7500/7500 7499/7499 7497/7497
f 7523/7523 7524/7524 7525/7525
f 7505/7505 7500/7500 7504/7504
f 7503/7503 7504/7504 7500/7500
f 7500/7500 7501/7501 7503/7503
f 7502/7502 7503/7503 7501/7501
f 7496/7496 7501/7501 7497/7497
f 7502/7502 7501/7501 7496/7496
f 7506/7506 7500/7500 7505/7505
f 7505/7505 7507/7507 7506/7506
f 7504/7504 7522/7522 7505/7505
f 7505/7505 7522/7522 7507/7507
f 7509/7509 7521/7521 7520/7520
f 7509/7509 7499/7499 7510/7510
f 7509/7509 7520/7520 7508/7508
f 7499/7499 7509/7509 7508/7508
f 7498/7498 7499/7499 7508/7508
f 7496/7496 7497/7497 7498/7498
f 7511/7511 7513/7513 7514/7514
f 7513/7513 7511/7511 7496/7496
f 7511/7511 7502/7502 7496/7496
f 7511/7511 7516/7516 7517/7517
f 7515/7515 7511/7511 7514/7514
f 7515/7515 7516/7516 7511/7511
f 7518/7518 7517/7517 7516/7516
f 7519/7519 7515/7515 7514/7514
f 7537/7537 7534/7534 7536/7536
f 7534/7534 7535/7535 7536/7536
f 7530/7530 7529/7529 7527/7527
f 7526/7526 7531/7531 7527/7527
f 7528/7528 7527/7527 7529/7529
f 7526/7526 7527/7527 7528/7528
f 7532/7532 7531/7531 7526/7526
f 7533/7533 7532/7532 7526/7526
f 7539/7539 7535/7535 7538/7538
f 7534/7534 7538/7538 7535/7535
f 7541/7541 7540/7540 7544/7544
f 7540/7540 7546/7546 7544/7544
f 7545/7545 7540/7540 7542/7542
f 7540/7540 7541/7541 7542/7542
f 7542/7542 7541/7541 7543/7543
f 7554/7554 7555/7555 7556/7556
f 7547/7547 7548/7548 7549/7549
f 7552/7552 7547/7547 7551/7551
f 7549/7549 7551/7551 7547/7547
f 7550/7550 7549/7549 7548/7548
f 7549/7549 7550/7550 7553/7553
f 7557/7557 7559/7559 7560/7560
f 7557/7557 7558/7558 7559/7559
f 7559/7559 7561/7561 7562/7562
f 7561/7561 7559/7559 7565/7565
f 7558/7558 7565/7565 7559/7559
f 7563/7563 7567/7567 7562/7562
f 7566/7566 7559/7559 7562/7562
f 7561/7561 7563/7563 7562/7562
f 7564/7564 7563/7563 7561/7561
f 7564/7564 7567/7567 7563/7563
f 7569/7569 7572/7572 7573/7573
f 7571/7571 7572/7572 7569/7569
f 7571/7571 7569/7569 7568/7568
f 7568/7568 7569/7569 7570/7570
f 7568/7568 7580/7580 7571/7571
f 7569/7569 7574/7574 7570/7570
f 7579/7579 7570/7570 7574/7574
f 7575/7575 7574/7574 7569/7569
f 7576/7576 7574/7574 7575/7575
f 7577/7577 7576/7576 7575/7575
f 7577/7577 7578/7578 7576/7576
f 7581/7581 7582/7582 7583/7583
f 7592/7592 7594/7594 7593/7593
f 7589/7589 7587/7587 7588/7588
f 7590/7590 7587/7587 7589/7589
f 7588/7588 7587/7587 7585/7585
f 7584/7584 7585/7585 7586/7586
f 7584/7584 7591/7591 7585/7585
f 7584/7584 7592/7592 7591/7591
f 7586/7586 7585/7585 7587/7587
f 7593/7593 7591/7591 7592/7592
f 7592/7592 7584/7584 7595/7595
f 7597/7597 7592/7592 7595/7595
f 7595/7595 7596/7596 7597/7597
f 7598/7598 7601/7601 7599/7599
f 7598/7598 7599/7599 7600/7600
f 7602/7602 7598/7598 7600/7600
f 7603/7603 7602/7602 7600/7600
f 7613/7613 7609/7609 7610/7610
f 7610/7610 7609/7609 7608/7608
f 7609/7609 7604/7604 7608/7608
f 7608/7608 7604/7604 7607/7607
f 7604/7604 7606/7606 7607/7607
f 7604/7604 7605/7605 7606/7606
f 7611/7611 7606/7606 7605/7605
f 7618/7618 7619/7619 7620/7620
f 7617/7617 7616/7616 7615/7615
f 7614/7614 7611/7611 7612/7612
f 7612/7612 7615/7615 7614/7614
f 7615/7615 7616/7616 7614/7614
f 7612/7612 7611/7611 7605/7605
f 7626/7626 7627/7627 7628/7628
f 7627/7627 7629/7629 7628/7628
f 7630/7630 7627/7627 7626/7626
f 7631/7631 7627/7627 7630/7630
f 7625/7625 7621/7621 7623/7623
f 7621/7621 7622/7622 7623/7623
f 7623/7623 7622/7622 7624/7624
f 7633/7633 7636/7636 7637/7637
f 7632/7632 7636/7636 7633/7633
f 7632/7632 7633/7633 7634/7634
f 7635/7635 7638/7638 7632/7632
f 7632/7632 7634/7634 7635/7635
f 7632/7632 7638/7638 7636/7636
f 7642/7642 7639/7639 7641/7641
f 7639/7639 7640/7640 7641/7641
f 7643/7643 7639/7639 7642/7642
f 7644/7644 7645/7645 7641/7641
f 7641/7641 7640/7640 7644/7644
f 7646/7646 7648/7648 7649/7649
f 7647/7647 7650/7650 7648/7648
f 7646/7646 7647/7647 7648/7648
f 7666/7666 7667/7667 7665/7665
f 7666/7666 7668/7668 7667/7667
f 7668/7668 7672/7672 7667/7667
f 7662/7662 7666/7666 7665/7665
f 7662/7662 7665/7665 7664/7664
f 7652/7652 7662/7662 7664/7664
f 7669/7669 7653/7653 7652/7652
f 7662/7662 7652/7652 7661/7661
f 7661/7661 7652/7652 7654/7654
f 7654/7654 7652/7652 7651/7651
f 7653/7653 7669/7669 7670/7670
f 7651/7651 7652/7652 7653/7653
f 7651/7651 7653/7653 7671/7671
f 7673/7673 7674/7674 7675/7675
f 7654/7654 7651/7651 7655/7655
f 7655/7655 7651/7651 7657/7657
f 7658/7658 7657/7657 7660/7660
f 7656/7656 7654/7654 7655/7655
f 7658/7658 7655/7655 7657/7657
f 7659/7659 7655/7655 7658/7658
f 7655/7655 7659/7659 7656/7656
f 7663/7663 7656/7656 7659/7659
f 7730/7730 7729/7729 7731/7731
f 7724/7724 7729/7729 7730/7730
f 7727/7727 7726/7726 7725/7725
f 7721/7721 7724/7724 7725/7725
f 7721/7721 7725/7725 7726/7726
f 7716/7716 7721/7721 7715/7715
f 7714/7714 7720/7720 7719/7719
f 7714/7714 7719/7719 7718/7718
f 7711/7711 7714/7714 7718/7718
f 7714/7714 7713/7713 7715/7715
f 7713/7713 7716/7716 7715/7715
f 7711/7711 7713/7713 7714/7714
f 7713/7713 7712/7712 7716/7716
f 7711/7711 7712/7712 7713/7713
f 7711/7711 7709/7709 7712/7712
f 7702/7702 7707/7707 7706/7706
f 7710/7710 7709/7709 7711/7711
f 7712/7712 7709/7709 7717/7717
f 7708/7708 7709/7709 7710/7710
f 7688/7688 7677/7677 7700/7700
f 7703/7703 7702/7702 7706/7706
f 7701/7701 7700/7700 7702/7702
f 7701/7701 7688/7688 7700/7700
f 7703/7703 7706/7706 7705/7705
f 7701/7701 7702/7702 7703/7703
f 7704/7704 7703/7703 7705/7705
f 7701/7701 7703/7703 7704/7704
f 7695/7695 7698/7698 7699/7699
f 7698/7698 7695/7695 7696/7696
f 7688/7688 7696/7696 7695/7695
f 7733/7733 7734/7734 7732/7732
f 7732/7732 7731/7731 7729/7729
f 7729/7729 7733/7733 7732/7732
f 7723/7723 7729/7729 7724/7724
f 7723/7723 7724/7724 7721/7721
f 7723/7723 7721/7721 7722/7722
f 7722/7722 7721/7721 7716/7716
f 7728/7728 7722/7722 7716/7716
f 7676/7676 7681/7681 7685/7685
f 7689/7689 7685/7685 7681/7681
f 7687/7687 7700/7700 7677/7677
f 7678/7678 7677/7677 7688/7688
f 7685/7685 7687/7687 7676/7676
f 7676/7676 7687/7687 7677/7677
f 7676/7676 7677/7677 7678/7678
f 7679/7679 7676/7676 7678/7678
f 7680/7680 7676/7676 7679/7679
f 7681/7681 7676/7676 7680/7680
f 7684/7684 7681/7681 7683/7683
f 7683/7683 7681/7681 7682/7682
f 7692/7692 7693/7693 7690/7690
f 7693/7693 7692/7692 7694/7694
f 7678/7678 7688/7688 7695/7695
f 7682/7682 7681/7681 7680/7680
f 7682/7682 7686/7686 7683/7683
f 7686/7686 7690/7690 7683/7683
f 7690/7690 7691/7691 7692/7692
f 7690/7690 7686/7686 7691/7691
f 7697/7697 7691/7691 7686/7686
f 7735/7735 7738/7738 7736/7736
f 7735/7735 7736/7736 7737/7737
f 7739/7739 7740/7740 7741/7741
f 7739/7739 7741/7741 7742/7742
f 7743/7743 7744/7744 7745/7745
f 7746/7746 7747/7747 7748/7748
f 7751/7751 7748/7748 7747/7747
f 7746/7746 7749/7749 7747/7747
f 7747/7747 7749/7749 7750/7750
f 7747/7747 7750/7750 7751/7751
f 7759/7759 7755/7755 7757/7757
f 7755/7755 7756/7756 7757/7757
f 7758/7758 7757/7757 7756/7756
f 7752/7752 7753/7753 7754/7754
f 7760/7760 7761/7761 7762/7762
f 7762/7762 7764/7764 7760/7760
f 7760/7760 7763/7763 7761/7761
f 7770/7770 7772/7772 7771/7771
f 7771/7771 7772/7772 7773/7773
f 7783/7783 7784/7784 7785/7785
f 7768/7768 7774/7774 7775/7775
f 7766/7766 7776/7776 7777/7777
f 7766/7766 7768/7768 7776/7776
f 7765/7765 7766/7766 7767/7767
f 7765/7765 7768/7768 7766/7766
f 7774/7774 7768/7768 7765/7765
f 7769/7769 7767/7767 7770/7770
f 7769/7769 7770/7770 7771/7771
f 7765/7765 7767/7767 7769/7769
f 7780/7780 7782/7782 7781/7781
f 7780/7780 7781/7781 7777/7777
f 7778/7778 7780/7780 7777/7777
f 7779/7779 7778/7778 7776/7776
f 7778/7778 7777/7777 7776/7776
f 7786/7786 7787/7787 7788/7788
f 7789/7789 7790/7790 7791/7791
f 7791/7791 7790/7790 7792/7792
f 7791/7791 7793/7793 7789/7789
f 7826/7826 7825/7825 7824/7824
f 7811/7811 7815/7815 7806/7806
f 7811/7811 7806/7806 7804/7804
f 7802/7802 7804/7804 7806/7806
f 7804/7804 7812/7812 7811/7811
f 7821/7821 7822/7822 7823/7823
f 7822/7822 7824/7824 7825/7825
f 7824/7824 7822/7822 7821/7821
f 7802/7802 7803/7803 7804/7804
f 7805/7805 7803/7803 7794/7794
f 7794/7794 7803/7803 7802/7802
f 7801/7801 7794/7794 7802/7802
f 7796/7796 7805/7805 7794/7794
f 7795/7795 7794/7794 7801/7801
f 7794/7794 7795/7795 7796/7796
f 7820/7820 7805/7805 7796/7796
f 7797/7797 7796/7796 7795/7795
f 7799/7799 7810/7810 7820/7820
f 7796/7796 7799/7799 7820/7820
f 7796/7796 7797/7797 7799/7799
f 7799/7799 7808/7808 7810/7810
f 7807/7807 7808/7808 7799/7799
f 7800/7800 7807/7807 7799/7799
f 7797/7797 7800/7800 7799/7799
f 7800/7800 7809/7809 7807/7807
f 7813/7813 7795/7795 7801/7801
f 7795/7795 7813/7813 7798/7798
f 7798/7798 7813/7813 7816/7816
f 7798/7798 7797/7797 7795/7795
f 7798/7798 7814/7814 7797/7797
f 7798/7798 7816/7816 7817/7817
f 7798/7798 7817/7817 7819/7819
f 7817/7817 7816/7816 7818/7818
f 7797/7797 7814/7814 7800/7800
f 7819/7819 7814/7814 7798/7798
f 7832/7832 7827/7827 7834/7834
f 7828/7828 7830/7830 7829/7829
f 7827/7827 7828/7828 7829/7829
f 7828/7828 7827/7827 7831/7831
f 7832/7832 7831/7831 7827/7827
f 7833/7833 7827/7827 7829/7829
f 7839/7839 7840/7840 7841/7841
f 7838/7838 7835/7835 7837/7837
f 7835/7835 7836/7836 7837/7837
f 7848/7848 7849/7849 7847/7847
f 7844/7844 7843/7843 7846/7846
f 7842/7842 7844/7844 7845/7845
f 7844/7844 7850/7850 7845/7845
f 7842/7842 7843/7843 7844/7844
f 7842/7842 7847/7847 7843/7843
f 7842/7842 7848/7848 7847/7847
f 7853/7853 7856/7856 7855/7855
f 7851/7851 7853/7853 7855/7855
f 7851/7851 7852/7852 7853/7853
f 7852/7852 7851/7851 7854/7854
f 7854/7854 7851/7851 7857/7857
f 7861/7861 7862/7862 7863/7863
f 7858/7858 7859/7859 7860/7860
f 7866/7866 7865/7865 7869/7869
f 7864/7864 7865/7865 7866/7866
f 7865/7865 7867/7867 7868/7868
f 7867/7867 7865/7865 7864/7864
f 7870/7870 7866/7866 7869/7869
f 7871/7871 7872/7872 7873/7873
f 7882/7882 7880/7880 7881/7881
f 7874/7874 7875/7875 7876/7876
f 7880/7880 7879/7879 7881/7881
f 7878/7878 7879/7879 7880/7880
f 7879/7879 7878/7878 7883/7883
f 7890/7890 7888/7888 7887/7887
f 7888/7888 7889/7889 7886/7886
f 7886/7886 7887/7887 7888/7888
f 7875/7875 7877/7877 7876/7876
f 7883/7883 7884/7884 7879/7879
f 7884/7884 7883/7883 7885/7885
f 7893/7893 7894/7894 7891/7891
f 7891/7891 7892/7892 7893/7893
f 7898/7898 7896/7896 7895/7895
f 7895/7895 7896/7896 7897/7897
f 7897/7897 7899/7899 7895/7895
f 7906/7906 7904/7904 7900/7900
f 7901/7901 7900/7900 7904/7904
f 7900/7900 7907/7907 7906/7906
f 7901/7901 7905/7905 7902/7902
f 7900/7900 7902/7902 7903/7903
f 7900/7900 7901/7901 7902/7902
f 7908/7908 7909/7909 7910/7910
f 7918/7918 7915/7915 7917/7917
f 7915/7915 7916/7916 7917/7917
f 7911/7911 7912/7912 7913/7913
f 7914/7914 7913/7913 7912/7912
f 7919/7919 7920/7920 7921/7921
f 7925/7925 7922/7922 7924/7924
f 7922/7922 7923/7923 7924/7924
f 7926/7926 7929/7929 7927/7927
f 7926/7926 7927/7927 7928/7928
f 7930/7930 7928/7928 7931/7931
f 7926/7926 7928/7928 7930/7930
f 7936/7936 7937/7937 7933/7933
f 7936/7936 7933/7933 7935/7935
f 7933/7933 7932/7932 7935/7935
f 7932/7932 7933/7933 7934/7934
f 7934/7934 7938/7938 7932/7932
f 7932/7932 7938/7938 7939/7939
f 7940/7940 7939/7939 7938/7938
f 7941/7941 7939/7939 7940/7940
f 7946/7946 7945/7945 7951/7951
f 7943/7943 7947/7947 7948/7948
f 7943/7943 7946/7946 7947/7947
f 7946/7946 7943/7943 7945/7945
f 7948/7948 7955/7955 7943/7943
f 7942/7942 7943/7943 7944/7944
f 7942/7942 7944/7944 7949/7949
f 7949/7949 7944/7944 7950/7950
f 7949/7949 7950/7950 7952/7952
f 7950/7950 7954/7954 7953/7953
f 7952/7952 7950/7950 7953/7953
f 7942/7942 7945/7945 7943/7943
f 7973/7973 7969/7969 7974/7974
f 7972/7972 7969/7969 7973/7973
f 7969/7969 7972/7972 7971/7971
f 7965/7965 7963/7963 7966/7966
f 7956/7956 7959/7959 7957/7957
f 7968/7968 7967/7967 7969/7969
f 7968/7968 7958/7958 7967/7967
f 7956/7956 7957/7957 7958/7958
f 7958/7958 7957/7957 7967/7967
f 7956/7956 7960/7960 7959/7959
f 7970/7970 7969/7969 7971/7971
f 7970/7970 7968/7968 7969/7969
f 7962/7962 7964/7964 7963/7963
f 7960/7960 7963/7963 7965/7965
f 7962/7962 7963/7963 7960/7960
f 7956/7956 7961/7961 7960/7960
f 7962/7962 7960/7960 7961/7961
f 7981/7981 7982/7982 7983/7983
f 7997/7997 7980/7980 7977/7977
f 7996/7996 7980/7980 7997/7997
f 7976/7976 7978/7978 7977/7977
f 7975/7975 7976/7976 7977/7977
f 7980/7980 7975/7975 7977/7977
f 7980/7980 7984/7984 7975/7975
f 7975/7975 7984/7984 7992/7992
f 7995/7995 7980/7980 7996/7996
f 7994/7994 7980/7980 7995/7995
f 7994/7994 7984/7984 7980/7980
f 7978/7978 7976/7976 7981/7981
f 7982/7982 7981/7981 7976/7976
f 7992/7992 7993/7993 7991/7991
f 7985/7985 7999/7999 7989/7989
f 7998/7998 8000/8000 8001/8001
f 8000/8000 7998/7998 7988/7988
f 7988/7988 7985/7985 7989/7989
f 7976/7976 7988/7988 7998/7998
f 7975/7975 7979/7979 7976/7976
f 7976/7976 7985/7985 7988/7988
f 7976/7976 7979/7979 7985/7985
f 7987/7987 7985/7985 7986/7986
f 7979/7979 7986/7986 7985/7985
f 7992/7992 7991/7991 7975/7975
f 7990/7990 7975/7975 7991/7991
f 7979/7979 7975/7975 7990/7990
f 8031/8031 8032/8032 8027/8027
f 8033/8033 8032/8032 8031/8031
f 8019/8019 8027/8027 8020/8020
f 8023/8023 8024/8024 8028/8028
f 8022/8022 8024/8024 8023/8023
f 8022/8022 8025/8025 8024/8024
f 8021/8021 8022/8022 8023/8023
f 8022/8022 8021/8021 8020/8020
f 8002/8002 8003/8003 8004/8004
f 8010/8010 8004/8004 8015/8015
f 8004/8004 8010/8010 8002/8002
f 8019/8019 8031/8031 8027/8027
f 8037/8037 8038/8038 8039/8039
f 8018/8018 8019/8019 8020/8020
f 8018/8018 8011/8011 8019/8019
f 8040/8040 8038/8038 8037/8037
f 8020/8020 8021/8021 8018/8018
f 8026/8026 8018/8018 8021/8021
f 8018/8018 8026/8026 8029/8029
f 8002/8002 8010/8010 8011/8011
f 8018/8018 8017/8017 8011/8011
f 8017/8017 8018/8018 8036/8036
f 8002/8002 8011/8011 8016/8016
f 8016/8016 8011/8011 8017/8017
f 8030/8030 8018/8018 8029/8029
f 8036/8036 8018/8018 8030/8030
f 8029/8029 8026/8026 8034/8034
f 8030/8030 8029/8029 8034/8034
f 8013/8013 8012/8012 8009/8009
f 8012/8012 8013/8013 8014/8014
f 8005/8005 8003/8003 8007/8007
f 8005/8005 8004/8004 8003/8003
f 8004/8004 8005/8005 8006/8006
f 8008/8008 8004/8004 8006/8006
f 8015/8015 8004/8004 8008/8008
f 8007/8007 8035/8035 8005/8005
f 8012/8012 8035/8035 8007/8007
f 8009/8009 8012/8012 8007/8007
f 8003/8003 8009/8009 8007/8007
f 8049/8049 8048/8048 8050/8050
f 8046/8046 8041/8041 8058/8058
f 8057/8057 8053/8053 8055/8055
f 8053/8053 8042/8042 8055/8055
f 8042/8042 8053/8053 8052/8052
f 8045/8045 8041/8041 8046/8046
f 8041/8041 8042/8042 8043/8043
f 8045/8045 8042/8042 8041/8041
f 8042/8042 8045/8045 8055/8055
f 8056/8056 8055/8055 8045/8045
f 8056/8056 8057/8057 8055/8055
f 8044/8044 8043/8043 8042/8042
f 8044/8044 8047/8047 8043/8043
f 8044/8044 8042/8042 8051/8051
f 8051/8051 8054/8054 8044/8044
f 8051/8051 8052/8052 8054/8054
f 8049/8049 8043/8043 8048/8048
f 8047/8047 8048/8048 8043/8043
f 8042/8042 8052/8052 8051/8051
f 8069/8069 8070/8070 8071/8071
f 8066/8066 8061/8061 8065/8065
f 8061/8061 8066/8066 8067/8067
f 8061/8061 8060/8060 8065/8065
f 8059/8059 8060/8060 8061/8061
f 8061/8061 8062/8062 8059/8059
f 8063/8063 8060/8060 8059/8059
f 8063/8063 8064/8064 8068/8068
f 8064/8064 8063/8063 8059/8059
f 8074/8074 8077/8077 8076/8076
f 8075/8075 8072/8072 8074/8074
f 8075/8075 8074/8074 8076/8076
f 8081/8081 8077/8077 8080/8080
f 8078/8078 8083/8083 8080/8080
f 8077/8077 8073/8073 8078/8078
f 8074/8074 8073/8073 8077/8077
f 8072/8072 8073/8073 8074/8074
f 8079/8079 8078/8078 8073/8073
f 8077/8077 8078/8078 8080/8080
f 8077/8077 8081/8081 8082/8082
f 8084/8084 8085/8085 8086/8086
f 8087/8087 8088/8088 8089/8089
f 8091/8091 8094/8094 8092/8092
f 8090/8090 8091/8091 8092/8092
f 8093/8093 8091/8091 8090/8090
f 8108/8108 8107/8107 8109/8109
f 8109/8109 8110/8110 8113/8113
f 8107/8107 8110/8110 8109/8109
f 8107/8107 8111/8111 8110/8110
f 8096/8096 8111/8111 8107/8107
f 8112/8112 8110/8110 8111/8111
f 8095/8095 8096/8096 8097/8097
f 8097/8097 8099/8099 8095/8095
f 8107/8107 8108/8108 8106/8106
f 8101/8101 8102/8102 8099/8099
f 8102/8102 8101/8101 8105/8105
f 8106/8106 8096/8096 8107/8107
f 8096/8096 8106/8106 8104/8104
f 8103/8103 8096/8096 8104/8104
f 8098/8098 8096/8096 8103/8103
f 8098/8098 8097/8097 8096/8096
f 8100/8100 8097/8097 8098/8098
f 8101/8101 8099/8099 8097/8097
f 8101/8101 8097/8097 8100/8100
f 8124/8124 8123/8123 8125/8125
f 8123/8123 8124/8124 8122/8122
f 8122/8122 8120/8120 8114/8114
f 8126/8126 8125/8125 8123/8123
f 8123/8123 8122/8122 8114/8114
f 8114/8114 8115/8115 8116/8116
f 8126/8126 8127/8127 8125/8125
f 8126/8126 8128/8128 8127/8127
f 8117/8117 8115/8115 8114/8114
f 8115/8115 8118/8118 8116/8116
f 8119/8119 8114/8114 8120/8120
f 8119/8119 8117/8117 8114/8114
f 8121/8121 8119/8119 8120/8120
f 8140/8140 8144/8144 8145/8145
f 8135/8135 8140/8140 8138/8138
f 8144/8144 8140/8140 8142/8142
f 8142/8142 8143/8143 8144/8144
f 8146/8146 8147/8147 8143/8143
f 8131/8131 8136/8136 8137/8137
f 8134/8134 8139/8139 8136/8136
f 8131/8131 8134/8134 8136/8136
f 8134/8134 8138/8138 8139/8139
f 8138/8138 8134/8134 8135/8135
f 8135/8135 8142/8142 8140/8140
f 8130/8130 8135/8135 8134/8134
f 8135/8135 8141/8141 8142/8142
f 8141/8141 8135/8135 8130/8130
f 8155/8155 8154/8154 8129/8129
f 8154/8154 8153/8153 8149/8149
f 8149/8149 8153/8153 8152/8152
f 8130/8130 8134/8134 8131/8131
f 8129/8129 8130/8130 8131/8131
f 8151/8151 8149/8149 8152/8152
f 8158/8158 8160/8160 8161/8161
f 8158/8158 8159/8159 8160/8160
f 8163/8163 8161/8161 8164/8164
f 8158/8158 8161/8161 8163/8163
f 8149/8149 8129/8129 8154/8154
f 8148/8148 8129/8129 8149/8149
f 8130/8130 8129/8129 8132/8132
f 8150/8150 8149/8149 8151/8151
f 8148/8148 8149/8149 8150/8150
f 8132/8132 8129/8129 8148/8148
f 8166/8166 8167/8167 8165/8165
f 8141/8141 8143/8143 8142/8142
f 8143/8143 8141/8141 8146/8146
f 8133/8133 8141/8141 8130/8130
f 8132/8132 8133/8133 8130/8130
f 8148/8148 8156/8156 8132/8132
f 8168/8168 8167/8167 8166/8166
f 8165/8165 8159/8159 8162/8162
f 8162/8162 8159/8159 8158/8158
f 8165/8165 8162/8162 8166/8166
f 8148/8148 8157/8157 8156/8156
f 8172/8172 8170/8170 8169/8169
f 8175/8175 8174/8174 8176/8176
f 8169/8169 8170/8170 8171/8171
f 8173/8173 8174/8174 8175/8175
f 8180/8180 8184/8184 8181/8181
f 8178/8178 8180/8180 8181/8181
f 8178/8178 8177/8177 8180/8180
f 8177/8177 8178/8178 8179/8179
f 8178/8178 8182/8182 8179/8179
f 8183/8183 8182/8182 8178/8178
f 8185/8185 8177/8177 8179/8179
f 8190/8190 8191/8191 8192/8192
f 8186/8186 8187/8187 8188/8188
f 8189/8189 8186/8186 8188/8188
f 8205/8205 8193/8193 8203/8203
f 8205/8205 8203/8203 8204/8204
f 8197/8197 8196/8196 8193/8193
f 8193/8193 8205/8205 8197/8197
f 8206/8206 8197/8197 8205/8205
f 8195/8195 8204/8204 8203/8203
f 8195/8195 8203/8203 8193/8193
f 8198/8198 8201/8201 8195/8195
f 8198/8198 8200/8200 8201/8201
f 8200/8200 8202/8202 8201/8201
f 8194/8194 8193/8193 8196/8196
f 8193/8193 8194/8194 8195/8195
f 8198/8198 8195/8195 8194/8194
f 8198/8198 8194/8194 8199/8199
f 8199/8199 8200/8200 8198/8198
f 8207/8207 8200/8200 8199/8199
f 8208/8208 8209/8209 8210/8210
f 8210/8210 8213/8213 8208/8208
f 8212/8212 8210/8210 8211/8211
f 8209/8209 8211/8211 8210/8210
f 8214/8214 8208/8208 8213/8213
f 8229/8229 8234/8234 8230/8230
f 8239/8239 8237/8237 8234/8234
f 8230/8230 8234/8234 8237/8237
f 8230/8230 8220/8220 8229/8229
f 8217/8217 8229/8229 8220/8220
f 8228/8228 8238/8238 8229/8229
f 8236/8236 8232/8232 8235/8235
f 8231/8231 8232/8232 8228/8228
f 8240/8240 8237/8237 8239/8239
f 8215/8215 8217/8217 8220/8220
f 8217/8217 8228/8228 8229/8229
f 8216/8216 8228/8228 8217/8217
f 8216/8216 8215/8215 8218/8218
f 8215/8215 8216/8216 8217/8217
f 8216/8216 8219/8219 8228/8228
f 8231/8231 8233/8233 8232/8232
f 8232/8232 8233/8233 8235/8235
f 8219/8219 8231/8231 8228/8228
f 8223/8223 8224/8224 8221/8221
f 8224/8224 8225/8225 8221/8221
f 8225/8225 8226/8226 8221/8221
f 8226/8226 8225/8225 8227/8227
f 8218/8218 8219/8219 8216/8216
f 8221/8221 8219/8219 8218/8218
f 8218/8218 8223/8223 8221/8221
f 8222/8222 8219/8219 8221/8221
f 8226/8226 8222/8222 8221/8221
f 8241/8241 8242/8242 8243/8243
f 8244/8244 8243/8243 8242/8242
f 8242/8242 8245/8245 8244/8244
f 8246/8246 8242/8242 8241/8241
f 8254/8254 8255/8255 8253/8253
f 8248/8248 8253/8253 8252/8252
f 8253/8253 8248/8248 8254/8254
f 8249/8249 8248/8248 8252/8252
f 8247/8247 8248/8248 8249/8249
f 8247/8247 8249/8249 8257/8257
f 8247/8247 8250/8250 8248/8248
f 8257/8257 8256/8256 8247/8247
f 8251/8251 8247/8247 8256/8256
f 8247/8247 8251/8251 8250/8250
f 8259/8259 8262/8262 8260/8260
f 8262/8262 8259/8259 8263/8263
f 8258/8258 8259/8259 8260/8260
f 8261/8261 8258/8258 8260/8260
f 8273/8273 8284/8284 8276/8276
f 8273/8273 8275/8275 8274/8274
f 8273/8273 8276/8276 8275/8275
f 8271/8271 8273/8273 8274/8274
f 8272/8272 8273/8273 8271/8271
f 8270/8270 8271/8271 8265/8265
f 8270/8270 8272/8272 8271/8271
f 8268/8268 8270/8270 8265/8265
f 8268/8268 8265/8265 8264/8264
f 8264/8264 8265/8265 8266/8266
f 8281/8281 8280/8280 8278/8278
f 8279/8279 8278/8278 8280/8280
f 8267/8267 8266/8266 8277/8277
f 8278/8278 8267/8267 8277/8277
f 8279/8279 8267/8267 8278/8278
f 8267/8267 8264/8264 8266/8266
f 8264/8264 8267/8267 8269/8269
f 8282/8282 8281/8281 8283/8283
f 8280/8280 8282/8282 8279/8279
f 8282/8282 8280/8280 8281/8281
f 8285/8285 8286/8286 8287/8287
f 8290/8290 8293/8293 8291/8291
f 8286/8286 8288/8288 8287/8287
f 8290/8290 8289/8289 8292/8292
f 8289/8289 8290/8290 8291/8291
f 8296/8296 8295/8295 8298/8298
f 8294/8294 8296/8296 8297/8297
f 8294/8294 8295/8295 8296/8296
f 8299/8299 8300/8300 8301/8301
f 8302/8302 8299/8299 8301/8301
f 8304/8304 8303/8303 8299/8299
f 8299/8299 8303/8303 8300/8300
f 8307/8307 8306/8306 8308/8308
f 8305/8305 8309/8309 8306/8306
f 8305/8305 8306/8306 8307/8307
f 8353/8353 8354/8354 8342/8342
f 8344/8344 8343/8343 8345/8345
f 8336/8336 8343/8343 8344/8344
f 8341/8341 8351/8351 8346/8346
f 8341/8341 8346/8346 8340/8340
f 8342/8342 8346/8346 8353/8353
f 8343/8343 8336/8336 8342/8342
f 8340/8340 8346/8346 8342/8342
f 8340/8340 8342/8342 8336/8336
f 8335/8335 8340/8340 8336/8336
f 8352/8352 8351/8351 8341/8341
f 8326/8326 8330/8330 8329/8329
f 8335/8335 8341/8341 8340/8340
f 8326/8326 8329/8329 8328/8328
f 8335/8335 8336/8336 8337/8337
f 8322/8322 8323/8323 8324/8324
f 8323/8323 8325/8325 8324/8324
f 8325/8325 8323/8323 8326/8326
f 8328/8328 8327/8327 8326/8326
f 8326/8326 8319/8319 8325/8325
f 8319/8319 8326/8326 8327/8327
f 8338/8338 8335/8335 8337/8337
f 8313/8313 8319/8319 8327/8327
f 8319/8319 8318/8318 8320/8320
f 8338/8338 8337/8337 8339/8339
f 8319/8319 8313/8313 8318/8318
f 8318/8318 8313/8313 8317/8317
f 8315/8315 8317/8317 8313/8313
f 8313/8313 8314/8314 8315/8315
f 8344/8344 8345/8345 8347/8347
f 8347/8347 8336/8336 8344/8344
f 8348/8348 8336/8336 8347/8347
f 8336/8336 8348/8348 8349/8349
f 8331/8331 8334/8334 8332/8332
f 8349/8349 8350/8350 8336/8336
f 8355/8355 8356/8356 8357/8357
f 8358/8358 8359/8359 8356/8356
f 8358/8358 8356/8356 8355/8355
f 8314/8314 8313/8313 8316/8316
f 8331/8331 8332/8332 8333/8333
f 8310/8310 8311/8311 8312/8312
f 8363/8363 8356/8356 8360/8360
f 8360/8360 8356/8356 8359/8359
f 8362/8362 8359/8359 8361/8361
f 8315/8315 8314/8314 8321/8321
f 8361/8361 8359/8359 8358/8358
f 8367/8367 8365/8365 8364/8364
f 8364/8364 8365/8365 8366/8366
f 8368/8368 8372/8372 8369/8369
f 8368/8368 8369/8369 8370/8370
f 8368/8368 8370/8370 8371/8371
f 8373/8373 8374/8374 8375/8375
f 8383/8383 8380/8380 8382/8382
f 8376/8376 8377/8377 8378/8378
f 8380/8380 8381/8381 8382/8382
f 8379/8379 8377/8377 8376/8376
f 8384/8384 8385/8385 8386/8386
f 8386/8386 8385/8385 8387/8387
f 8388/8388 8389/8389 8390/8390
f 8390/8390 8391/8391 8388/8388
f 8396/8396 8395/8395 8392/8392
f 8392/8392 8395/8395 8393/8393
f 8393/8393 8395/8395 8399/8399
f 8392/8392 8393/8393 8394/8394
f 8399/8399 8398/8398 8393/8393
f 8398/8398 8394/8394 8393/8393
f 8394/8394 8398/8398 8400/8400
f 8401/8401 8400/8400 8398/8398
f 8396/8396 8397/8397 8395/8395
f 8402/8402 8403/8403 8404/8404
f 8402/8402 8406/8406 8403/8403
f 8402/8402 8404/8404 8405/8405
f 8411/8411 8412/8412 8413/8413
f 8412/8412 8411/8411 8414/8414
f 8410/8410 8407/8407 8409/8409
f 8407/8407 8408/8408 8409/8409
f 8418/8418 8420/8420 8421/8421
f 8430/8430 8431/8431 8432/8432
f 8419/8419 8420/8420 8418/8418
f 8430/8430 8432/8432 8433/8433
f 8422/8422 8418/8418 8421/8421
f 8417/8417 8416/8416 8418/8418
f 8416/8416 8419/8419 8418/8418
f 8415/8415 8416/8416 8417/8417
f 8423/8423 8416/8416 8415/8415
f 8424/8424 8416/8416 8423/8423
f 8425/8425 8424/8424 8423/8423
f 8427/8427 8426/8426 8425/8425
f 8424/8424 8426/8426 8428/8428
f 8426/8426 8424/8424 8425/8425
f 8427/8427 8425/8425 8429/8429
f 8441/8441 8444/8444 8443/8443
f 8436/8436 8444/8444 8441/8441
f 8441/8441 8443/8443 8439/8439
f 8439/8439 8440/8440 8441/8441
f 8439/8439 8442/8442 8440/8440
f 8442/8442 8439/8439 8445/8445
f 8436/8436 8438/8438 8449/8449
f 8438/8438 8436/8436 8435/8435
f 8436/8436 8449/8449 8444/8444
f 8434/8434 8435/8435 8436/8436
f 8440/8440 8446/8446 8447/8447
f 8434/8434 8436/8436 8437/8437
f 8440/8440 8442/8442 8446/8446
f 8446/8446 8442/8442 8448/8448
f 8457/8457 8460/8460 8456/8456
f 8456/8456 8452/8452 8457/8457
f 8450/8450 8452/8452 8456/8456
f 8457/8457 8452/8452 8458/8458
f 8450/8450 8456/8456 8461/8461
f 8450/8450 8451/8451 8452/8452
f 8451/8451 8453/8453 8452/8452
f 8452/8452 8459/8459 8458/8458
f 8452/8452 8453/8453 8454/8454
f 8452/8452 8454/8454 8455/8455
f 8473/8473 8471/8471 8472/8472
f 8464/8464 8463/8463 8469/8469
f 8462/8462 8463/8463 8464/8464
f 8471/8471 8470/8470 8472/8472
f 8469/8469 8470/8470 8471/8471
f 8463/8463 8470/8470 8469/8469
f 8475/8475 8476/8476 8463/8463
f 8475/8475 8463/8463 8474/8474
f 8465/8465 8463/8463 8462/8462
f 8465/8465 8462/8462 8466/8466
f 8463/8463 8465/8465 8474/8474
f 8466/8466 8467/8467 8465/8465
f 8468/8468 8467/8467 8466/8466
f 8483/8483 8484/8484 8485/8485
f 8483/8483 8485/8485 8486/8486
f 8486/8486 8487/8487 8488/8488
f 8489/8489 8486/8486 8488/8488
f 8477/8477 8480/8480 8478/8478
f 8486/8486 8485/8485 8487/8487
f 8477/8477 8478/8478 8479/8479
f 8482/8482 8477/8477 8479/8479
f 8477/8477 8481/8481 8480/8480
f 8490/8490 8491/8491 8492/8492
f 8492/8492 8491/8491 8493/8493
f 8495/8495 8498/8498 8496/8496
f 8494/8494 8495/8495 8496/8496
f 8495/8495 8494/8494 8497/8497
f 8500/8500 8502/8502 8501/8501
f 8499/8499 8500/8500 8501/8501
f 8503/8503 8499/8499 8501/8501
f 8499/8499 8504/8504 8500/8500
f 8507/8507 8511/8511 8510/8510
f 8510/8510 8508/8508 8505/8505
f 8506/8506 8505/8505 8508/8508
f 8505/8505 8506/8506 8507/8507
f 8510/8510 8505/8505 8507/8507
f 8506/8506 8509/8509 8507/8507
f 8512/8512 8514/8514 8515/8515
f 8516/8516 8515/8515 8514/8514
f 8512/8512 8513/8513 8514/8514
f 8515/8515 8516/8516 8518/8518
f 8516/8516 8517/8517 8518/8518
f 8517/8517 8516/8516 8519/8519
f 8520/8520 8517/8517 8519/8519
f 8530/8530 8529/8529 8534/8534
f 8536/8536 8535/8535 8539/8539
f 8535/8535 8536/8536 8537/8537
f 8528/8528 8529/8529 8530/8530
f 8536/8536 8538/8538 8537/8537
f 8521/8521 8522/8522 8523/8523
f 8531/8531 8528/8528 8530/8530
f 8521/8521 8524/8524 8522/8522
f 8532/8532 8531/8531 8530/8530
f 8524/8524 8525/8525 8522/8522
f 8526/8526 8525/8525 8524/8524
f 8526/8526 8527/8527 8525/8525
f 8532/8532 8530/8530 8533/8533
f 8555/8555 8551/8551 8552/8552
f 8542/8542 8552/8552 8551/8551
f 8549/8549 8552/8552 8542/8542
f 8549/8549 8548/8548 8550/8550
f 8548/8548 8549/8549 8542/8542
f 8545/8545 8546/8546 8547/8547
f 8545/8545 8543/8543 8546/8546
f 8544/8544 8543/8543 8545/8545
f 8544/8544 8541/8541 8543/8543
f 8543/8543 8541/8541 8540/8540
f 8553/8553 8554/8554 8540/8540
f 8554/8554 8543/8543 8540/8540
f 8559/8559 8556/8556 8558/8558
f 8556/8556 8559/8559 8553/8553
f 8556/8556 8557/8557 8558/8558
f 8540/8540 8541/8541 8542/8542
f 8542/8542 8541/8541 8548/8548
f 8540/8540 8542/8542 8551/8551
f 8553/8553 8540/8540 8551/8551
f 8555/8555 8553/8553 8551/8551
f 8556/8556 8553/8553 8555/8555
f 8556/8556 8560/8560 8557/8557
f 8555/8555 8560/8560 8556/8556
f 8569/8569 8571/8571 8570/8570
f 8566/8566 8569/8569 8570/8570
f 8566/8566 8568/8568 8569/8569
f 8566/8566 8567/8567 8568/8568
f 8572/8572 8567/8567 8566/8566
f 8564/8564 8567/8567 8572/8572
f 8567/8567 8564/8564 8562/8562
f 8562/8562 8564/8564 8563/8563
f 8561/8561 8562/8562 8563/8563
f 8565/8565 8561/8561 8563/8563
f 8576/8576 8574/8574 8577/8577
f 8577/8577 8574/8574 8581/8581
f 8574/8574 8576/8576 8575/8575
f 8573/8573 8574/8574 8575/8575
f 8574/8574 8573/8573 8578/8578
f 8579/8579 8578/8578 8573/8573
f 8579/8579 8573/8573 8580/8580
f 8587/8587 8588/8588 8584/8584
f 8588/8588 8587/8587 8589/8589
f 8590/8590 8588/8588 8589/8589
f 8584/8584 8583/8583 8587/8587
f 8582/8582 8583/8583 8584/8584
f 8585/8585 8583/8583 8582/8582
f 8591/8591 8585/8585 8586/8586
f 8582/8582 8586/8586 8585/8585
f 8594/8594 8599/8599 8598/8598
f 8600/8600 8599/8599 8594/8594
f 8602/8602 8604/8604 8600/8600
f 8592/8592 8598/8598 8601/8601
f 8598/8598 8592/8592 8594/8594
f 8602/8602 8600/8600 8594/8594
f 8592/8592 8595/8595 8593/8593
f 8592/8592 8593/8593 8594/8594
f 8597/8597 8595/8595 8592/8592
f 8594/8594 8593/8593 8602/8602
f 8603/8603 8602/8602 8593/8593
f 8608/8608 8605/8605 8607/8607
f 8606/8606 8607/8607 8605/8605
f 8605/8605 8595/8595 8606/8606
f 8595/8595 8605/8605 8596/8596
f 8593/8593 8595/8595 8596/8596
f 8625/8625 8622/8622 8624/8624
f 8625/8625 8626/8626 8627/8627
f 8624/8624 8626/8626 8625/8625
f 8623/8623 8624/8624 8622/8622
f 8621/8621 8622/8622 8620/8620
f 8622/8622 8621/8621 8623/8623
f 8618/8618 8621/8621 8620/8620
f 8619/8619 8618/8618 8620/8620
f 8618/8618 8619/8619 8614/8614
f 8628/8628 8629/8629 8630/8630
f 8617/8617 8618/8618 8614/8614
f 8615/8615 8617/8617 8614/8614
f 8615/8615 8614/8614 8613/8613
f 8612/8612 8613/8613 8614/8614
f 8609/8609 8610/8610 8611/8611
f 8616/8616 8615/8615 8613/8613
f 8631/8631 8635/8635 8636/8636
f 8635/8635 8631/8631 8633/8633
f 8635/8635 8637/8637 8636/8636
f 8631/8631 8632/8632 8633/8633
f 8632/8632 8631/8631 8634/8634
f 8634/8634 8631/8631 8638/8638
f 8640/8640 8641/8641 8642/8642
f 8638/8638 8639/8639 8634/8634
f 8646/8646 8662/8662 8661/8661
f 8646/8646 8661/8661 8659/8659
f 8646/8646 8659/8659 8648/8648
f 8660/8660 8648/8648 8659/8659
f 8648/8648 8647/8647 8646/8646
f 8646/8646 8652/8652 8654/8654
f 8646/8646 8644/8644 8652/8652
f 8653/8653 8652/8652 8644/8644
f 8646/8646 8645/8645 8644/8644
f 8643/8643 8644/8644 8645/8645
f 8649/8649 8655/8655 8644/8644
f 8658/8658 8655/8655 8656/8656
f 8656/8656 8655/8655 8649/8649
f 8646/8646 8647/8647 8645/8645
f 8647/8647 8643/8643 8645/8645
f 8643/8643 8650/8650 8649/8649
f 8651/8651 8650/8650 8643/8643
f 8643/8643 8649/8649 8644/8644
f 8650/8650 8656/8656 8649/8649
f 8657/8657 8656/8656 8650/8650
f 8672/8672 8667/8667 8674/8674
f 8673/8673 8672/8672 8668/8668
f 8667/8667 8672/8672 8673/8673
f 8666/8666 8665/8665 8667/8667
f 8665/8665 8666/8666 8663/8663
f 8666/8666 8667/8667 8673/8673
f 8663/8663 8664/8664 8665/8665
f 8676/8676 8675/8675 8671/8671
f 8676/8676 8671/8671 8677/8677
f 8669/8669 8671/8671 8670/8670
f 8675/8675 8670/8670 8671/8671
f 8668/8668 8669/8669 8670/8670
f 8668/8668 8672/8672 8669/8669
f 8681/8681 8679/8679 8678/8678
f 8678/8678 8679/8679 8680/8680
f 8678/8678 8680/8680 8683/8683
f 8683/8683 8680/8680 8684/8684
f 8682/8682 8679/8679 8681/8681
f 8702/8702 8701/8701 8703/8703
f 8690/8690 8692/8692 8687/8687
f 8687/8687 8692/8692 8693/8693
f 8687/8687 8689/8689 8690/8690
f 8689/8689 8687/8687 8686/8686
f 8694/8694 8687/8687 8693/8693
f 8707/8707 8706/8706 8700/8700
f 8685/8685 8686/8686 8687/8687
f 8695/8695 8689/8689 8686/8686
f 8686/8686 8685/8685 8688/8688
f 8701/8701 8700/8700 8706/8706
f 8700/8700 8701/8701 8702/8702
f 8686/8686 8688/8688 8695/8695
f 8696/8696 8695/8695 8688/8688
f 8688/8688 8685/8685 8691/8691
f 8700/8700 8702/8702 8704/8704
f 8705/8705 8704/8704 8702/8702
f 8688/8688 8691/8691 8696/8696
f 8696/8696 8691/8691 8697/8697
f 8697/8697 8698/8698 8699/8699
f 8697/8697 8691/8691 8698/8698
f 8708/8708 8709/8709 8710/8710
f 8711/8711 8717/8717 8716/8716
f 8718/8718 8714/8714 8716/8716
f 8716/8716 8714/8714 8711/8711
f 8713/8713 8715/8715 8711/8711
f 8712/8712 8711/8711 8714/8714
f 8711/8711 8712/8712 8713/8713
f 8719/8719 8713/8713 8712/8712
f 8719/8719 8712/8712 8720/8720
f 8722/8722 8719/8719 8721/8721
f 8721/8721 8719/8719 8720/8720
f 8744/8744 8747/8747 8740/8740
f 8736/8736 8740/8740 8739/8739
f 8723/8723 8730/8730 8731/8731
f 8725/8725 8730/8730 8723/8723
f 8726/8726 8724/8724 8723/8723
f 8723/8723 8724/8724 8725/8725
f 8729/8729 8724/8724 8727/8727
f 8727/8727 8724/8724 8726/8726
f 8727/8727 8726/8726 8728/8728
f 8736/8736 8744/8744 8740/8740
f 8734/8734 8736/8736 8739/8739
f 8734/8734 8739/8739 8738/8738
f 8732/8732 8725/8725 8724/8724
f 8742/8742 8744/8744 8736/8736
f 8735/8735 8742/8742 8736/8736
f 8734/8734 8735/8735 8736/8736
f 8738/8738 8737/8737 8734/8734
f 8735/8735 8743/8743 8742/8742
f 8743/8743 8735/8735 8745/8745
f 8745/8745 8735/8735 8746/8746
f 8737/8737 8735/8735 8734/8734
f 8741/8741 8737/8737 8738/8738
f 8733/8733 8732/8732 8724/8724
f 8733/8733 8724/8724 8729/8729
f 8752/8752 8754/8754 8753/8753
f 8753/8753 8750/8750 8752/8752
f 8751/8751 8752/8752 8750/8750
f 8748/8748 8749/8749 8750/8750
f 8749/8749 8751/8751 8750/8750
f 8749/8749 8755/8755 8751/8751
f 8748/8748 8756/8756 8749/8749
f 8760/8760 8749/8749 8756/8756
f 8748/8748 8757/8757 8756/8756
f 8757/8757 8748/8748 8758/8758
f 8748/8748 8759/8759 8758/8758
f 8771/8771 8777/8777 8776/8776
f 8769/8769 8770/8770 8771/8771
f 8776/8776 8774/8774 8771/8771
f 8772/8772 8774/8774 8775/8775
f 8772/8772 8771/8771 8774/8774
f 8769/8769 8771/8771 8772/8772
f 8772/8772 8773/8773 8769/8769
f 8773/8773 8768/8768 8769/8769
f 8767/8767 8768/8768 8773/8773
f 8767/8767 8766/8766 8768/8768
f 8767/8767 8764/8764 8766/8766
f 8764/8764 8765/8765 8766/8766
f 8762/8762 8765/8765 8764/8764
f 8762/8762 8764/8764 8763/8763
f 8761/8761 8762/8762 8763/8763
f 8788/8788 8787/8787 8784/8784
f 8797/8797 8788/8788 8784/8784
f 8784/8784 8783/8783 8797/8797
f 8797/8797 8806/8806 8805/8805
f 8797/8797 8805/8805 8788/8788
f 8793/8793 8792/8792 8794/8794
f 8794/8794 8798/8798 8793/8793
f 8798/8798 8794/8794 8799/8799
f 8793/8793 8791/8791 8792/8792
f 8792/8792 8791/8791 8789/8789
f 8789/8789 8791/8791 8790/8790
f 8798/8798 8800/8800 8801/8801
f 8799/8799 8802/8802 8800/8800
f 8803/8803 8802/8802 8799/8799
f 8799/8799 8800/8800 8798/8798
f 8804/8804 8798/8798 8801/8801
f 8778/8778 8785/8785 8781/8781
f 8781/8781 8785/8785 8786/8786
f 8778/8778 8789/8789 8790/8790
f 8778/8778 8780/8780 8789/8789
f 8782/8782 8781/8781 8786/8786
f 8786/8786 8795/8795 8782/8782
f 8778/8778 8779/8779 8780/8780
f 8781/8781 8779/8779 8778/8778
f 8779/8779 8784/8784 8787/8787
f 8779/8779 8782/8782 8783/8783
f 8782/8782 8779/8779 8781/8781
f 8784/8784 8779/8779 8783/8783
f 8783/8783 8795/8795 8797/8797
f 8783/8783 8782/8782 8795/8795
f 8795/8795 8786/8786 8796/8796
f 8811/8811 8808/8808 8807/8807
f 8807/8807 8808/8808 8809/8809
f 8810/8810 8807/8807 8809/8809
f 8830/8830 8831/8831 8828/8828
f 8828/8828 8829/8829 8830/8830
f 8832/8832 8833/8833 8834/8834
f 8820/8820 8814/8814 8822/8822
f 8812/8812 8814/8814 8820/8820
f 8815/8815 8814/8814 8813/8813
f 8812/8812 8813/8813 8814/8814
f 8813/8813 8812/8812 8823/8823
f 8821/8821 8812/8812 8820/8820
f 8812/8812 8824/8824 8823/8823
f 8812/8812 8825/8825 8824/8824
f 8826/8826 8821/8821 8827/8827
f 8813/8813 8818/8818 8815/8815
f 8825/8825 8826/8826 8824/8824
f 8819/8819 8824/8824 8826/8826
f 8826/8826 8825/8825 8821/8821
f 8818/8818 8819/8819 8815/8815
f 8816/8816 8817/8817 8814/8814
f 8815/8815 8816/8816 8814/8814
f 8866/8866 8867/8867 8868/8868
f 8866/8866 8869/8869 8867/8867
f 8835/8835 8837/8837 8841/8841
f 8859/8859 8860/8860 8861/8861
f 8835/8835 8836/8836 8837/8837
f 8837/8837 8836/8836 8838/8838
f 8837/8837 8838/8838 8842/8842
f 8860/8860 8862/8862 8861/8861
f 8862/8862 8863/8863 8861/8861
f 8865/8865 8861/8861 8864/8864
f 8863/8863 8864/8864 8861/8861
f 8845/8845 8844/8844 8836/8836
f 8839/8839 8838/8838 8836/8836
f 8848/8848 8852/8852 8851/8851
f 8846/8846 8840/8840 8844/8844
f 8844/8844 8840/8840 8836/8836
f 8839/8839 8840/8840 8843/8843
f 8847/8847 8848/8848 8849/8849
f 8836/8836 8840/8840 8839/8839
f 8849/8849 8848/8848 8851/8851
f 8847/8847 8849/8849 8850/8850
f 8855/8855 8856/8856 8857/8857
f 8849/8849 8853/8853 8850/8850
f 8853/8853 8849/8849 8854/8854
f 8857/8857 8858/8858 8855/8855
f 8870/8870 8873/8873 8871/8871
f 8870/8870 8871/8871 8872/8872
f 8870/8870 8872/8872 8874/8874
f 8873/8873 8875/8875 8871/8871
f 8882/8882 8881/8881 8884/8884
f 8881/8881 8882/8882 8883/8883
f 8878/8878 8877/8877 8879/8879
f 8880/8880 8877/8877 8876/8876
f 8876/8876 8877/8877 8878/8878
f 8886/8886 8888/8888 8891/8891
f 8896/8896 8886/8886 8897/8897
f 8886/8886 8896/8896 8895/8895
f 8894/8894 8886/8886 8895/8895
f 8887/8887 8886/8886 8894/8894
f 8889/8889 8890/8890 8888/8888
f 8889/8889 8888/8888 8885/8885
f 8885/8885 8888/8888 8886/8886
f 8885/8885 8886/8886 8887/8887
f 8889/8889 8885/8885 8892/8892
f 8893/8893 8885/8885 8887/8887
f 8892/8892 8885/8885 8893/8893
f 8906/8906 8905/8905 8907/8907
f 8900/8900 8904/8904 8905/8905
f 8906/8906 8900/8900 8905/8905
f 8899/8899 8904/8904 8900/8900
f 8898/8898 8899/8899 8900/8900
f 8899/8899 8898/8898 8901/8901
f 8902/8902 8901/8901 8898/8898
f 8904/8904 8901/8901 8910/8910
f 8901/8901 8904/8904 8899/8899
f 8903/8903 8910/8910 8901/8901
f 8901/8901 8902/8902 8903/8903
f 8908/8908 8907/8907 8905/8905
f 8907/8907 8908/8908 8911/8911
f 8909/8909 8900/8900 8906/8906
f 8918/8918 8922/8922 8920/8920
f 8920/8920 8916/8916 8918/8918
f 8916/8916 8920/8920 8921/8921
f 8914/8914 8918/8918 8916/8916
f 8918/8918 8914/8914 8919/8919
f 8919/8919 8914/8914 8913/8913
f 8912/8912 8914/8914 8916/8916
f 8912/8912 8913/8913 8914/8914
f 8913/8913 8925/8925 8919/8919
f 8913/8913 8912/8912 8915/8915
f 8927/8927 8926/8926 8925/8925
f 8925/8925 8926/8926 8919/8919
f 8928/8928 8927/8927 8925/8925
f 8915/8915 8925/8925 8913/8913
f 8925/8925 8915/8915 8928/8928
f 8929/8929 8928/8928 8915/8915
f 8917/8917 8916/8916 8921/8921
f 8923/8923 8917/8917 8921/8921
f 8917/8917 8923/8923 8924/8924
f 8912/8912 8916/8916 8917/8917
f 8930/8930 8931/8931 8932/8932
f 8933/8933 8932/8932 8931/8931
f 8934/8934 8933/8933 8931/8931
f 8934/8934 8935/8935 8933/8933
f 8936/8936 8935/8935 8934/8934
f 8936/8936 8934/8934 8937/8937
f 8937/8937 8934/8934 8938/8938
f 8939/8939 8938/8938 8934/8934
f 8940/8940 8938/8938 8939/8939
f 8938/8938 8940/8940 8941/8941
f 8941/8941 8940/8940 8942/8942
f 8943/8943 8939/8939 8944/8944
f 8939/8939 8943/8943 8940/8940
f 8943/8943 8942/8942 8940/8940
f 8943/8943 8941/8941 8942/8942
f 8943/8943 8945/8945 8941/8941
f 8947/8947 8953/8953 8954/8954
f 8946/8946 8947/8947 8948/8948
f 8953/8953 8947/8947 8946/8946
f 8952/8952 8949/8949 8947/8947
f 8948/8948 8947/8947 8949/8949
f 8948/8948 8949/8949 8950/8950
f 8951/8951 8946/8946 8948/8948
f 8948/8948 8950/8950 8951/8951
f 8955/8955 8946/8946 8951/8951
f 8956/8956 8946/8946 8955/8955
f 8957/8957 8958/8958 8959/8959
f 8957/8957 8960/8960 8958/8958
f 8961/8961 8963/8963 8967/8967
f 8961/8961 8962/8962 8963/8963
f 8966/8966 8963/8963 8965/8965
f 8965/8965 8963/8963 8962/8962
f 8967/8967 8964/8964 8961/8961
f 8964/8964 8962/8962 8961/8961
f 8968/8968 8969/8969 8970/8970
f 8968/8968 8971/8971 8969/8969
f 8974/8974 8973/8973 8975/8975
f 8972/8972 8973/8973 8974/8974
f 9005/9005 9009/9009 9010/9010
f 9003/9003 9009/9009 9005/9005
f 9004/9004 9008/9008 9003/9003
f 9002/9002 9003/9003 9005/9005
f 9003/9003 9002/9002 8989/8989
f 9004/9004 9003/9003 8989/8989
f 9004/9004 9006/9006 9008/9008
f 9002/9002 8995/8995 8998/8998
f 8989/8989 9002/9002 8998/8998
f 8995/8995 8996/8996 8994/8994
f 8994/8994 8996/8996 8997/8997
f 8994/8994 8997/8997 8999/8999
f 9000/9000 8994/8994 8999/8999
f 8995/8995 8990/8990 8998/8998
f 8990/8990 8995/8995 8994/8994
f 8989/8989 9006/9006 9004/9004
f 9001/9001 8989/8989 8988/8988
f 8989/8989 8998/8998 8990/8990
f 8988/8988 8989/8989 8990/8990
f 8988/8988 8990/8990 8991/8991
f 8992/8992 8990/8990 8994/8994
f 8991/8991 8990/8990 8992/8992
f 8992/8992 8993/8993 8991/8991
f 8988/8988 8991/8991 8993/8993
f 8976/8976 8977/8977 8978/8978
f 8993/8993 8986/8986 8988/8988
f 8983/8983 8986/8986 8985/8985
f 8983/8983 8988/8988 8986/8986
f 8985/8985 8986/8986 8987/8987
f 9013/9013 9014/9014 9015/9015
f 8979/8979 8983/8983 8985/8985
f 8983/8983 8979/8979 8981/8981
f 8979/8979 8980/8980 8981/8981
f 8980/8980 8984/8984 8981/8981
f 8980/8980 8982/8982 8984/8984
f 8982/8982 8980/8980 8979/8979
f 9012/9012 9008/9008 9011/9011
f 9011/9011 9008/9008 9006/9006
f 8989/8989 9007/9007 9006/9006
f 8989/8989 9001/9001 9007/9007
f 9016/9016 9017/9017 9018/9018
f 9019/9019 9017/9017 9016/9016
f 9020/9020 9016/9016 9018/9018
f 9023/9023 9022/9022 9024/9024
f 9021/9021 9022/9022 9023/9023
f 9025/9025 9021/9021 9023/9023
f 9026/9026 9021/9021 9025/9025
f 9027/9027 9028/9028 9029/9029
f 9040/9040 9041/9041 9042/9042
f 9034/9034 9032/9032 9033/9033
f 9031/9031 9030/9030 9032/9032
f 9030/9030 9033/9033 9032/9032
f 9030/9030 9029/9029 9028/9028
f 9029/9029 9030/9030 9031/9031
f 9039/9039 9038/9038 9037/9037
f 9035/9035 9027/9027 9037/9037
f 9035/9035 9037/9037 9038/9038
f 9028/9028 9027/9027 9035/9035
f 9036/9036 9028/9028 9035/9035
f 9043/9043 9045/9045 9047/9047
f 9043/9043 9044/9044 9045/9045
f 9046/9046 9045/9045 9044/9044
f 9048/9048 9049/9049 9050/9050
f 9052/9052 9048/9048 9050/9050
f 9049/9049 9048/9048 9051/9051
f 9058/9058 9071/9071 9069/9069
f 9076/9076 9070/9070 9075/9075
f 9068/9068 9066/9066 9070/9070
f 9075/9075 9070/9070 9066/9066
f 9066/9066 9073/9073 9075/9075
f 9064/9064 9073/9073 9066/9066
f 9064/9064 9072/9072 9074/9074
f 9064/9064 9074/9074 9073/9073
f 9060/9060 9057/9057 9062/9062
f 9060/9060 9061/9061 9053/9053
f 9057/9057 9064/9064 9066/9066
f 9062/9062 9066/9066 9068/9068
f 9057/9057 9066/9066 9062/9062
f 9060/9060 9053/9053 9057/9057
f 9053/9053 9055/9055 9057/9057
f 9055/9055 9064/9064 9057/9057
f 9053/9053 9054/9054 9055/9055
f 9054/9054 9064/9064 9055/9055
f 9065/9065 9072/9072 9064/9064
f 9054/9054 9065/9065 9064/9064
f 9069/9069 9072/9072 9065/9065
f 9056/9056 9054/9054 9053/9053
f 9069/9069 9065/9065 9058/9058
f 9058/9058 9065/9065 9054/9054
f 9058/9058 9054/9054 9056/9056
f 9059/9059 9063/9063 9067/9067
f 9061/9061 9063/9063 9053/9053
f 9053/9053 9063/9063 9059/9059
f 9053/9053 9059/9059 9056/9056
f 9059/9059 9077/9077 9078/9078
f 9059/9059 9067/9067 9077/9077
f 9079/9079 9080/9080 9081/9081
f 9082/9082 9081/9081 9080/9080
f 9081/9081 9082/9082 9083/9083
f 9084/9084 9085/9085 9086/9086
f 9085/9085 9084/9084 9087/9087
f 9091/9091 9089/9089 9088/9088
f 9088/9088 9093/9093 9091/9091
f 9096/9096 9097/9097 9098/9098
f 9088/9088 9089/9089 9090/9090
f 9090/9090 9094/9094 9088/9088
f 9090/9090 9095/9095 9094/9094
f 9092/9092 9089/9089 9091/9091
f 9121/9121 9124/9124 9122/9122
f 9124/9124 9126/9126 9122/9122
f 9127/9127 9122/9122 9126/9126
f 9129/9129 9121/9121 9123/9123
f 9120/9120 9121/9121 9122/9122
f 9123/9123 9121/9121 9120/9120
f 9110/9110 9106/9106 9112/9112
f 9102/9102 9106/9106 9110/9110
f 9102/9102 9105/9105 9106/9106
f 9102/9102 9110/9110 9115/9115
f 9103/9103 9102/9102 9115/9115
f 9102/9102 9100/9100 9105/9105
f 9108/9108 9106/9106 9107/9107
f 9126/9126 9128/9128 9127/9127
f 9105/9105 9107/9107 9106/9106
f 9125/9125 9121/9121 9129/9129
f 9124/9124 9121/9121 9125/9125
f 9103/9103 9101/9101 9102/9102
f 9104/9104 9101/9101 9103/9103
f 9101/9101 9100/9100 9102/9102
f 9099/9099 9100/9100 9101/9101
f 9099/9099 9101/9101 9109/9109
f 9111/9111 9109/9109 9113/9113
f 9099/9099 9109/9109 9111/9111
f 9113/9113 9114/9114 9111/9111
f 9113/9113 9116/9116 9114/9114
f 9117/9117 9118/9118 9114/9114
f 9117/9117 9114/9114 9116/9116
f 9119/9119 9118/9118 9117/9117
f 9143/9143 9144/9144 9141/9141
f 9138/9138 9137/9137 9136/9136
f 9141/9141 9138/9138 9136/9136
f 9134/9134 9136/9136 9137/9137
f 9141/9141 9136/9136 9142/9142
f 9142/9142 9143/9143 9141/9141
f 9131/9131 9133/9133 9132/9132
f 9134/9134 9135/9135 9136/9136
f 9135/9135 9139/9139 9140/9140
f 9139/9139 9135/9135 9134/9134
f 9130/9130 9131/9131 9132/9132
f 9159/9159 9155/9155 9156/9156
f 9163/9163 9155/9155 9159/9159
f 9152/9152 9156/9156 9155/9155
f 9151/9151 9152/9152 9153/9153
f 9154/9154 9153/9153 9152/9152
f 9155/9155 9154/9154 9152/9152
f 9151/9151 9158/9158 9160/9160
f 9160/9160 9161/9161 9162/9162
f 9145/9145 9146/9146 9147/9147
f 9148/9148 9149/9149 9150/9150
f 9160/9160 9158/9158 9161/9161
f 9149/9149 9147/9147 9150/9150
f 9145/9145 9147/9147 9149/9149
f 9158/9158 9151/9151 9157/9157
f 9153/9153 9157/9157 9151/9151
f 9164/9164 9165/9165 9166/9166
f 9166/9166 9171/9171 9173/9173
f 9166/9166 9167/9167 9171/9171
f 9166/9166 9165/9165 9167/9167
f 9167/9167 9165/9165 9168/9168
f 9169/9169 9168/9168 9165/9165
f 9170/9170 9168/9168 9169/9169
f 9170/9170 9169/9169 9172/9172
f 9175/9175 9178/9178 9176/9176
f 9175/9175 9181/9181 9178/9178
f 9174/9174 9175/9175 9176/9176
f 9182/9182 9183/9183 9184/9184
f 9181/9181 9175/9175 9180/9180
f 9175/9175 9177/9177 9180/9180
f 9175/9175 9174/9174 9177/9177
f 9176/9176 9178/9178 9179/9179
f 9185/9185 9186/9186 9187/9187
f 9187/9187 9188/9188 9185/9185
f 9198/9198 9192/9192 9194/9194
f 9189/9189 9190/9190 9191/9191
f 9192/9192 9193/9193 9194/9194
f 9196/9196 9192/9192 9197/9197
f 9192/9192 9195/9195 9193/9193
f 9196/9196 9195/9195 9192/9192
f 9203/9203 9209/9209 9208/9208
f 9209/9209 9203/9203 9210/9210
f 9199/9199 9200/9200 9201/9201
f 9199/9199 9202/9202 9200/9200
f 9205/9205 9206/9206 9207/9207
f 9203/9203 9208/9208 9204/9204
f 9203/9203 9204/9204 9205/9205
f 9206/9206 9205/9205 9204/9204
f 9216/9216 9213/9213 9212/9212
f 9212/9212 9214/9214 9215/9215
f 9211/9211 9214/9214 9212/9212
f 9211/9211 9212/9212 9213/9213
f 9217/9217 9218/9218 9219/9219
f 9220/9220 9221/9221 9222/9222
f 9221/9221 9223/9223 9225/9225
f 9221/9221 9220/9220 9223/9223
f 9224/9224 9220/9220 9222/9222
f 9226/9226 9220/9220 9224/9224
f 9227/9227 9228/9228 9229/9229
f 9234/9234 9231/9231 9235/9235
f 9232/9232 9231/9231 9234/9234
f 9230/9230 9233/9233 9231/9231
f 9230/9230 9231/9231 9232/9232
f 9236/9236 9237/9237 9238/9238
f 9240/9240 9239/9239 9242/9242
f 9239/9239 9240/9240 9241/9241
f 9243/9243 9246/9246 9244/9244
f 9243/9243 9244/9244 9245/9245
f 9250/9250 9248/9248 9251/9251
f 9252/9252 9247/9247 9249/9249
f 9249/9249 9248/9248 9250/9250
f 9247/9247 9248/9248 9249/9249
f 9254/9254 9257/9257 9255/9255
f 9253/9253 9254/9254 9255/9255
f 9256/9256 9253/9253 9255/9255
f 9260/9260 9263/9263 9258/9258
f 9258/9258 9259/9259 9260/9260
f 9261/9261 9260/9260 9259/9259
f 9262/9262 9261/9261 9259/9259
f 9264/9264 9265/9265 9266/9266
f 9267/9267 9269/9269 9270/9270
f 9267/9267 9268/9268 9269/9269
f 9267/9267 9271/9271 9268/9268
f 9272/9272 9268/9268 9271/9271
f 9277/9277 9274/9274 9276/9276
f 9275/9275 9278/9278 9279/9279
f 9273/9273 9276/9276 9274/9274
f 9273/9273 9274/9274 9275/9275
f 9278/9278 9275/9275 9274/9274
f 9287/9287 9286/9286 9289/9289
f 9286/9286 9287/9287 9285/9285
f 9295/9295 9287/9287 9296/9296
f 9287/9287 9295/9295 9285/9285
f 9281/9281 9286/9286 9285/9285
f 9285/9285 9295/9295 9284/9284
f 9281/9281 9284/9284 9282/9282
f 9280/9280 9281/9281 9282/9282
f 9281/9281 9280/9280 9288/9288
f 9280/9280 9290/9290 9288/9288
f 9281/9281 9285/9285 9284/9284
f 9290/9290 9280/9280 9291/9291
f 9283/9283 9280/9280 9282/9282
f 9292/9292 9291/9291 9280/9280
f 9299/9299 9291/9291 9292/9292
f 9301/9301 9298/9298 9300/9300
f 9293/9293 9280/9280 9294/9294
f 9292/9292 9280/9280 9293/9293
f 9297/9297 9299/9299 9292/9292
f 9297/9297 9298/9298 9299/9299
f 9297/9297 9300/9300 9298/9298
f 9293/9293 9302/9302 9292/9292
f 9292/9292 9302/9302 9297/9297
f 9303/9303 9304/9304 9305/9305
f 9310/9310 9313/9313 9311/9311
f 9312/9312 9310/9310 9309/9309
f 9306/9306 9307/9307 9308/9308
f 9309/9309 9310/9310 9311/9311
f 9314/9314 9315/9315 9316/9316
f 9318/9318 9317/9317 9320/9320
f 9317/9317 9318/9318 9319/9319
f 9321/9321 9322/9322 9323/9323
f 9324/9324 9325/9325 9326/9326
f 9327/9327 9328/9328 9329/9329
f 9345/9345 9340/9340 9342/9342
f 9342/9342 9340/9340 9338/9338
f 9339/9339 9340/9340 9341/9341
f 9340/9340 9339/9339 9338/9338
f 9357/9357 9356/9356 9359/9359
f 9344/9344 9339/9339 9341/9341
f 9344/9344 9346/9346 9339/9339
f 9346/9346 9344/9344 9347/9347
f 9348/9348 9342/9342 9343/9343
f 9357/9357 9351/9351 9356/9356
f 9343/9343 9342/9342 9338/9338
f 9336/9336 9337/9337 9338/9338
f 9336/9336 9338/9338 9339/9339
f 9356/9356 9351/9351 9350/9350
f 9362/9362 9360/9360 9363/9363
f 9360/9360 9362/9362 9350/9350
f 9349/9349 9350/9350 9351/9351
f 9349/9349 9352/9352 9350/9350
f 9352/9352 9360/9360 9350/9350
f 9331/9331 9337/9337 9336/9336
f 9353/9353 9351/9351 9354/9354
f 9351/9351 9353/9353 9349/9349
f 9332/9332 9331/9331 9336/9336
f 9330/9330 9331/9331 9332/9332
f 9335/9335 9330/9330 9332/9332
f 9333/9333 9331/9331 9330/9330
f 9334/9334 9333/9333 9330/9330
f 9358/9358 9349/9349 9353/9353
f 9353/9353 9361/9361 9358/9358
f 9375/9375 9373/9373 9374/9374
f 9353/9353 9354/9354 9355/9355
f 9364/9364 9365/9365 9366/9366
f 9367/9367 9364/9364 9366/9366
f 9366/9366 9368/9368 9367/9367
f 9367/9367 9368/9368 9377/9377
f 9377/9377 9368/9368 9378/9378
f 9372/9372 9369/9369 9376/9376
f 9372/9372 9364/9364 9369/9369
f 9367/9367 9369/9369 9364/9364
f 9370/9370 9369/9369 9367/9367
f 9370/9370 9371/9371 9369/9369
f 9371/9371 9370/9370 9373/9373
f 9374/9374 9373/9373 9370/9370
f 9382/9382 9383/9383 9379/9379
f 9379/9379 9381/9381 9382/9382
f 9383/9383 9384/9384 9379/9379
f 9379/9379 9380/9380 9381/9381
f 9380/9380 9379/9379 9384/9384
f 9384/9384 9385/9385 9380/9380
f 9386/9386 9387/9387 9388/9388
f 9386/9386 9389/9389 9387/9387
f 9390/9390 9393/9393 9391/9391
f 9390/9390 9391/9391 9392/9392
f 9394/9394 9390/9390 9392/9392
f 9397/9397 9396/9396 9398/9398
f 9396/9396 9395/9395 9399/9399
f 9395/9395 9396/9396 9397/9397
f 9402/9402 9404/9404 9403/9403
f 9400/9400 9401/9401 9402/9402
f 9400/9400 9402/9402 9403/9403
f 9401/9401 9400/9400 9405/9405
f 9406/9406 9407/9407 9408/9408
f 9409/9409 9410/9410 9411/9411
f 9419/9419 9422/9422 9420/9420
f 9418/9418 9419/9419 9420/9420
f 9421/9421 9419/9419 9418/9418
f 9417/9417 9413/9413 9416/9416
f 9412/9412 9416/9416 9413/9413
f 9412/9412 9413/9413 9414/9414
f 9412/9412 9414/9414 9415/9415
f 9425/9425 9426/9426 9423/9423
f 9423/9423 9424/9424 9425/9425
f 9425/9425 9424/9424 9427/9427
f 9428/9428 9429/9429 9430/9430
f 9434/9434 9433/9433 9430/9430
f 9428/9428 9430/9430 9433/9433
f 9431/9431 9429/9429 9428/9428
f 9436/9436 9435/9435 9437/9437
f 9438/9438 9436/9436 9437/9437
f 9432/9432 9429/9429 9431/9431
f 9435/9435 9432/9432 9431/9431
f 9437/9437 9435/9435 9431/9431
f 9443/9443 9444/9444 9447/9447
f 9462/9462 9461/9461 9463/9463
f 9460/9460 9461/9461 9462/9462
f 9443/9443 9447/9447 9451/9451
f 9469/9469 9460/9460 9462/9462
f 9460/9460 9469/9469 9467/9467
f 9443/9443 9442/9442 9444/9444
f 9467/9467 9468/9468 9460/9460
f 9448/9448 9450/9450 9449/9449
f 9439/9439 9442/9442 9443/9443
f 9467/9467 9465/9465 9468/9468
f 9466/9466 9465/9465 9467/9467
f 9441/9441 9442/9442 9439/9439
f 9439/9439 9440/9440 9441/9441
f 9470/9470 9465/9465 9464/9464
f 9448/9448 9449/9449 9441/9441
f 9448/9448 9441/9441 9440/9440
f 9445/9445 9440/9440 9439/9439
f 9440/9440 9445/9445 9446/9446
f 9464/9464 9465/9465 9466/9466
f 9440/9440 9446/9446 9452/9452
f 9440/9440 9454/9454 9456/9456
f 9452/9452 9454/9454 9440/9440
f 9453/9453 9452/9452 9446/9446
f 9455/9455 9452/9452 9453/9453
f 9456/9456 9457/9457 9458/9458
f 9457/9457 9456/9456 9454/9454
f 9457/9457 9459/9459 9458/9458
f 9471/9471 9472/9472 9473/9473
f 9473/9473 9474/9474 9471/9471
f 9475/9475 9476/9476 9477/9477
f 9478/9478 9475/9475 9477/9477
f 9479/9479 9480/9480 9481/9481
f 9494/9494 9492/9492 9496/9496
f 9493/9493 9492/9492 9494/9494
f 9482/9482 9483/9483 9484/9484
f 9488/9488 9489/9489 9490/9490
f 9485/9485 9486/9486 9487/9487
f 9495/9495 9494/9494 9496/9496
f 9497/9497 9496/9496 9498/9498
f 9495/9495 9496/9496 9497/9497
f 9491/9491 9492/9492 9493/9493
f 9501/9501 9500/9500 9504/9504
f 9500/9500 9505/9505 9504/9504
f 9500/9500 9502/9502 9503/9503
f 9499/9499 9500/9500 9501/9501
f 9502/9502 9500/9500 9499/9499
f 9506/9506 9507/9507 9508/9508
f 9507/9507 9506/9506 9509/9509
f 9510/9510 9511/9511 9512/9512
f 9512/9512 9511/9511 9514/9514
f 9510/9510 9512/9512 9513/9513
f 9515/9515 9521/9521 9522/9522
f 9515/9515 9517/9517 9521/9521
f 9516/9516 9520/9520 9517/9517
f 9515/9515 9516/9516 9517/9517
f 9518/9518 9516/9516 9515/9515
f 9518/9518 9519/9519 9516/9516
f 9523/9523 9524/9524 9525/9525
f 9527/9527 9526/9526 9531/9531
f 9526/9526 9527/9527 9528/9528
f 9526/9526 9528/9528 9529/9529
f 9529/9529 9530/9530 9526/9526
f 9532/9532 9533/9533 9534/9534
f 9533/9533 9532/9532 9535/9535
f 9536/9536 9538/9538 9539/9539
f 9536/9536 9537/9537 9538/9538
f 9540/9540 9541/9541 9542/9542
f 9543/9543 9540/9540 9542/9542
f 9544/9544 9545/9545 9546/9546
f 9560/9560 9559/9559 9563/9563
f 9557/9557 9559/9559 9560/9560
f 9557/9557 9547/9547 9559/9559
f 9561/9561 9557/9557 9560/9560
f 9561/9561 9562/9562 9557/9557
f 9557/9557 9548/9548 9547/9547
f 9547/9547 9548/9548 9549/9549
f 9549/9549 9550/9550 9551/9551
f 9550/9550 9552/9552 9551/9551
f 9550/9550 9549/9549 9548/9548
f 9555/9555 9550/9550 9548/9548
f 9550/9550 9553/9553 9552/9552
f 9555/9555 9556/9556 9550/9550
f 9558/9558 9555/9555 9548/9548
f 9552/9552 9553/9553 9554/9554
f 9564/9564 9565/9565 9566/9566
f 9567/9567 9568/9568 9569/9569
f 9570/9570 9572/9572 9575/9575
f 9570/9570 9571/9571 9572/9572
f 9570/9570 9574/9574 9571/9571
f 9573/9573 9572/9572 9571/9571
f 9580/9580 9581/9581 9582/9582
f 9578/9578 9577/9577 9579/9579
f 9576/9576 9577/9577 9578/9578
f 9585/9585 9584/9584 9587/9587
f 9583/9583 9584/9584 9585/9585
f 9584/9584 9583/9583 9586/9586
f 9588/9588 9585/9585 9587/9587
f 9589/9589 9590/9590 9591/9591
f 9586/9586 9583/9583 9588/9588
f 9592/9592 9593/9593 9594/9594
f 9595/9595 9596/9596 9597/9597
f 9598/9598 9599/9599 9600/9600
f 9601/9601 9599/9599 9598/9598
f 9602/9602 9603/9603 9604/9604
f 9604/9604 9603/9603 9605/9605
f 9607/9607 9609/9609 9608/9608
f 9606/9606 9607/9607 9608/9608
f 9606/9606 9608/9608 9610/9610
f 9610/9610 9608/9608 9611/9611
f 9612/9612 9611/9611 9608/9608
f 9622/9622 9618/9618 9623/9623
f 9613/9613 9618/9618 9622/9622
f 9613/9613 9616/9616 9618/9618
f 9617/9617 9616/9616 9615/9615
f 9613/9613 9615/9615 9616/9616
f 9624/9624 9613/9613 9622/9622
f 9613/9613 9614/9614 9615/9615
f 9614/9614 9613/9613 9624/9624
f 9619/9619 9617/9617 9615/9615
f 9619/9619 9620/9620 9617/9617
f 9620/9620 9619/9619 9621/9621
f 9625/9625 9626/9626 9627/9627
f 9627/9627 9626/9626 9628/9628
f 9631/9631 9630/9630 9632/9632
f 9629/9629 9630/9630 9631/9631
f 9633/9633 9634/9634 9635/9635
f 9642/9642 9641/9641 9640/9640
f 9639/9639 9640/9640 9641/9641
f 9637/9637 9640/9640 9639/9639
f 9638/9638 9637/9637 9639/9639
f 9636/9636 9637/9637 9638/9638
f 9643/9643 9644/9644 9645/9645
f 9643/9643 9646/9646 9644/9644
f 9649/9649 9648/9648 9652/9652
f 9647/9647 9648/9648 9649/9649
f 9650/9650 9648/9648 9647/9647
f 9650/9650 9647/9647 9651/9651
f 9661/9661 9658/9658 9657/9657
f 9657/9657 9658/9658 9659/9659
f 9653/9653 9654/9654 9655/9655
f 9657/9657 9659/9659 9660/9660
f 9655/9655 9654/9654 9656/9656
f 9667/9667 9664/9664 9663/9663
f 9664/9664 9667/9667 9668/9668
f 9662/9662 9663/9663 9664/9664
f 9665/9665 9663/9663 9662/9662
f 9665/9665 9662/9662 9666/9666
f 9687/9687 9686/9686 9684/9684
f 9686/9686 9677/9677 9684/9684
f 9670/9670 9677/9677 9686/9686
f 9684/9684 9677/9677 9683/9683
f 9685/9685 9683/9683 9676/9676
f 9672/9672 9681/9681 9680/9680
f 9681/9681 9672/9672 9674/9674
f 9672/9672 9673/9673 9674/9674
f 9670/9670 9673/9673 9672/9672
f 9676/9676 9677/9677 9670/9670
f 9676/9676 9683/9683 9677/9677
f 9672/9672 9680/9680 9679/9679
f 9672/9672 9679/9679 9678/9678
f 9671/9671 9672/9672 9678/9678
f 9669/9669 9676/9676 9670/9670
f 9669/9669 9685/9685 9676/9676
f 9682/9682 9685/9685 9669/9669
f 9671/9671 9670/9670 9672/9672
f 9669/9669 9670/9670 9671/9671
f 9675/9675 9669/9669 9671/9671
f 9682/9682 9669/9669 9675/9675
f 9688/9688 9690/9690 9691/9691
f 9688/9688 9689/9689 9690/9690
f 9688/9688 9692/9692 9689/9689
f 9695/9695 9694/9694 9696/9696
f 9693/9693 9694/9694 9695/9695
f 9693/9693 9695/9695 9697/9697
f 9719/9719 9713/9713 9718/9718
f 9713/9713 9719/9719 9710/9710
f 9713/9713 9700/9700 9714/9714
f 9713/9713 9714/9714 9717/9717
f 9718/9718 9713/9713 9717/9717
f 9714/9714 9700/9700 9715/9715
f 9699/9699 9708/9708 9700/9700
f 9708/9708 9715/9715 9700/9700
f 9710/9710 9700/9700 9713/9713
f 9710/9710 9701/9701 9700/9700
f 9703/9703 9699/9699 9698/9698
f 9704/9704 9699/9699 9703/9703
f 9698/9698 9699/9699 9700/9700
f 9701/9701 9698/9698 9700/9700
f 9710/9710 9711/9711 9701/9701
f 9711/9711 9702/9702 9701/9701
f 9701/9701 9702/9702 9698/9698
f 9702/9702 9711/9711 9712/9712
f 9705/9705 9704/9704 9703/9703
f 9709/9709 9704/9704 9705/9705
f 9720/9720 9715/9715 9716/9716
f 9715/9715 9708/9708 9716/9716
f 9721/9721 9716/9716 9722/9722
f 9716/9716 9721/9721 9720/9720
f 9706/9706 9704/9704 9707/9707
f 9699/9699 9704/9704 9706/9706
f 9707/9707 9704/9704 9709/9709
f 9736/9736 9739/9739 9738/9738
f 9739/9739 9736/9736 9740/9740
f 9740/9740 9736/9736 9741/9741
f 9744/9744 9740/9740 9741/9741
f 9736/9736 9742/9742 9741/9741
f 9741/9741 9742/9742 9744/9744
f 9725/9725 9727/9727 9726/9726
f 9725/9725 9726/9726 9723/9723
f 9723/9723 9724/9724 9725/9725
f 9737/9737 9736/9736 9738/9738
f 9736/9736 9737/9737 9735/9735
f 9735/9735 9737/9737 9731/9731
f 9735/9735 9731/9731 9734/9734
f 9736/9736 9735/9735 9734/9734
f 9730/9730 9731/9731 9732/9732
f 9730/9730 9734/9734 9731/9731
f 9743/9743 9734/9734 9745/9745
f 9732/9732 9733/9733 9730/9730
f 9728/9728 9725/9725 9724/9724
f 9736/9736 9734/9734 9742/9742
f 9742/9742 9734/9734 9743/9743
f 9724/9724 9729/9729 9728/9728
f 9746/9746 9747/9747 9748/9748
f 9758/9758 9763/9763 9764/9764
f 9763/9763 9758/9758 9759/9759
f 9758/9758 9756/9756 9759/9759
f 9766/9766 9749/9749 9767/9767
f 9766/9766 9767/9767 9768/9768
f 9759/9759 9756/9756 9760/9760
f 9756/9756 9758/9758 9753/9753
f 9761/9761 9760/9760 9756/9756
f 9756/9756 9762/9762 9761/9761
f 9770/9770 9771/9771 9772/9772
f 9753/9753 9754/9754 9756/9756
f 9756/9756 9754/9754 9757/9757
f 9769/9769 9757/9757 9755/9755
f 9755/9755 9757/9757 9754/9754
f 9751/9751 9752/9752 9753/9753
f 9751/9751 9750/9750 9752/9752
f 9753/9753 9752/9752 9754/9754
f 9755/9755 9754/9754 9752/9752
f 9765/9765 9749/9749 9766/9766
f 9750/9750 9749/9749 9765/9765
f 9749/9749 9750/9750 9751/9751
f 9779/9779 9777/9777 9773/9773
f 9774/9774 9776/9776 9775/9775
f 9778/9778 9776/9776 9774/9774
f 9773/9773 9774/9774 9775/9775
f 9777/9777 9774/9774 9773/9773
f 9781/9781 9786/9786 9785/9785
f 9785/9785 9782/9782 9781/9781
f 9781/9781 9780/9780 9783/9783
f 9780/9780 9781/9781 9782/9782
f 9787/9787 9783/9783 9780/9780
f 9784/9784 9782/9782 9788/9788
f 9784/9784 9780/9780 9782/9782
f 9790/9790 9791/9791 9792/9792
f 9788/9788 9789/9789 9784/9784
f 9799/9799 9798/9798 9797/9797
f 9815/9815 9814/9814 9816/9816
f 9817/9817 9815/9815 9816/9816
f 9819/9819 9817/9817 9816/9816
f 9814/9814 9819/9819 9816/9816
f 9819/9819 9814/9814 9820/9820
f 9796/9796 9797/9797 9798/9798
f 9795/9795 9796/9796 9800/9800
f 9796/9796 9794/9794 9797/9797
f 9797/9797 9794/9794 9813/9813
f 9795/9795 9794/9794 9796/9796
f 9795/9795 9803/9803 9801/9801
f 9801/9801 9793/9793 9795/9795
f 9803/9803 9795/9795 9800/9800
f 9812/9812 9810/9810 9818/9818
f 9804/9804 9810/9810 9793/9793
f 9812/9812 9793/9793 9810/9810
f 9814/9814 9812/9812 9820/9820
f 9820/9820 9812/9812 9818/9818
f 9813/9813 9814/9814 9815/9815
f 9813/9813 9812/9812 9814/9814
f 9812/9812 9813/9813 9793/9793
f 9794/9794 9793/9793 9813/9813
f 9804/9804 9811/9811 9810/9810
f 9811/9811 9804/9804 9809/9809
f 9823/9823 9824/9824 9825/9825
f 9824/9824 9823/9823 9822/9822
f 9821/9821 9822/9822 9823/9823
f 9807/9807 9809/9809 9804/9804
f 9806/9806 9804/9804 9805/9805
f 9807/9807 9804/9804 9806/9806
f 9805/9805 9808/9808 9806/9806
f 9802/9802 9793/9793 9801/9801
f 9805/9805 9804/9804 9802/9802
f 9793/9793 9802/9802 9804/9804
f 9793/9793 9794/9794 9795/9795
f 9823/9823 9825/9825 9826/9826
f 9825/9825 9827/9827 9826/9826
f 9828/9828 9829/9829 9830/9830
f 9831/9831 9832/9832 9833/9833
f 9845/9845 9846/9846 9847/9847
f 9848/9848 9846/9846 9849/9849
f 9846/9846 9848/9848 9847/9847
f 9843/9843 9844/9844 9845/9845
f 9844/9844 9843/9843 9842/9842
f 9844/9844 9846/9846 9845/9845
f 9840/9840 9838/9838 9837/9837
f 9840/9840 9841/9841 9838/9838
f 9842/9842 9843/9843 9841/9841
f 9840/9840 9842/9842 9841/9841
f 9834/9834 9835/9835 9836/9836
f 9834/9834 9839/9839 9835/9835
f 9836/9836 9837/9837 9834/9834
f 9838/9838 9834/9834 9837/9837
f 9851/9851 9854/9854 9852/9852
f 9854/9854 9851/9851 9855/9855
f 9850/9850 9851/9851 9852/9852
f 9856/9856 9851/9851 9850/9850
f 9857/9857 9850/9850 9858/9858
f 9853/9853 9850/9850 9852/9852
f 9857/9857 9856/9856 9850/9850
f 9866/9866 9867/9867 9868/9868
f 9859/9859 9860/9860 9861/9861
f 9862/9862 9863/9863 9864/9864
f 9865/9865 9862/9862 9864/9864
f 9872/9872 9873/9873 9874/9874
f 9869/9869 9870/9870 9871/9871
f 9878/9878 9877/9877 9876/9876
f 9875/9875 9876/9876 9877/9877
f 9879/9879 9883/9883 9884/9884
f 9879/9879 9881/9881 9883/9883
f 9879/9879 9880/9880 9881/9881
f 9881/9881 9880/9880 9882/9882
f 9885/9885 9882/9882 9880/9880
f 9886/9886 9887/9887 9888/9888
f 9889/9889 9890/9890 9891/9891
f 9891/9891 9892/9892 9889/9889
f 9894/9894 9898/9898 9895/9895
f 9901/9901 9902/9902 9896/9896
f 9902/9902 9901/9901 9903/9903
f 9893/9893 9894/9894 9895/9895
f 9895/9895 9896/9896 9893/9893
f 9896/9896 9895/9895 9897/9897
f 9901/9901 9896/9896 9897/9897
f 9899/9899 9895/9895 9898/9898
f 9900/9900 9899/9899 9898/9898
f 9911/9911 9908/9908 9905/9905
f 9904/9904 9905/9905 9906/9906
f 9908/9908 9906/9906 9905/9905
f 9907/9907 9904/9904 9906/9906
f 9907/9907 9906/9906 9909/9909
f 9910/9910 9909/9909 9906/9906
f 9912/9912 9916/9916 9917/9917
f 9916/9916 9912/9912 9914/9914
f 9912/9912 9913/9913 9914/9914
f 9915/9915 9913/9913 9912/9912
f 9915/9915 9918/9918 9913/9913
f 9919/9919 9918/9918 9915/9915
f 9928/9928 9920/9920 9923/9923
f 9920/9920 9928/9928 9929/9929
f 9938/9938 9930/9930 9931/9931
f 9920/9920 9929/9929 9931/9931
f 9930/9930 9920/9920 9931/9931
f 9921/9921 9920/9920 9930/9930
f 9920/9920 9921/9921 9922/9922
f 9922/9922 9923/9923 9920/9920
f 9923/9923 9922/9922 9924/9924
f 9932/9932 9921/9921 9930/9930
f 9926/9926 9922/9922 9921/9921
f 9939/9939 9940/9940 9941/9941
f 9924/9924 9922/9922 9925/9925
f 9927/9927 9924/9924 9925/9925
f 9935/9935 9923/9923 9927/9927
f 9927/9927 9923/9923 9924/9924
f 9936/9936 9927/9927 9937/9937
f 9927/9927 9936/9936 9935/9935
f 9934/9934 9932/9932 9933/9933
f 9932/9932 9930/9930 9933/9933
f 9942/9942 9943/9943 9944/9944
f 9945/9945 9946/9946 9947/9947
f 9948/9948 9949/9949 9950/9950
f 9951/9951 9948/9948 9950/9950
f 9950/9950 9952/9952 9951/9951
f 9953/9953 9951/9951 9952/9952
f 9954/9954 9955/9955 9956/9956
f 9957/9957 9958/9958 9959/9959
f 9963/9963 9960/9960 9962/9962
f 9960/9960 9961/9961 9962/9962
f 9960/9960 9973/9973 9961/9961
f 9973/9973 9960/9960 9968/9968
f 9968/9968 9960/9960 9972/9972
f 9968/9968 9972/9972 9971/9971
f 9968/9968 9971/9971 9970/9970
f 9964/9964 9960/9960 9963/9963
f 9976/9976 9974/9974 9975/9975
f 9974/9974 9972/9972 9975/9975
f 9974/9974 9971/9971 9972/9972
f 9969/9969 9970/9970 9984/9984
f 9968/9968 9970/9970 9969/9969
f 9968/9968 9969/9969 9966/9966
f 9966/9966 9965/9965 9968/9968
f 9965/9965 9966/9966 9967/9967
f 9993/9993 9992/9992 9991/9991
f 9989/9989 9982/9982 9990/9990
f 9994/9994 9977/9977 9976/9976
f 9974/9974 9976/9976 9977/9977
f 9985/9985 9984/9984 9991/9991
f 9984/9984 9985/9985 9979/9979
f 9985/9985 9991/9991 9992/9992
f 9978/9978 9979/9979 9980/9980
f 9980/9980 9982/9982 9981/9981
f 9981/9981 9978/9978 9980/9980
f 9986/9986 9978/9978 9981/9981
f 9987/9987 9978/9978 9986/9986
f 9989/9989 9981/9981 9982/9982
f 9981/9981 9988/9988 9986/9986
f 9988/9988 9981/9981 9989/9989
f 9979/9979 9969/9969 9984/9984
f 9979/9979 9983/9983 9969/9969
f 9966/9966 9969/9969 9983/9983
f 9979/9979 9978/9978 9983/9983
f 9983/9983 9978/9978 9987/9987
f 9995/9995 9996/9996 9997/9997
f 9998/9998 9999/9999 10000/10000
f 10001/10001 10002/10002 10003/10003
f 10001/10001 10003/10003 10004/10004
f 10005/10005 10006/10006 10007/10007
f 10007/10007 10008/10008 10005/10005
f 10011/10011 10010/10010 10012/10012
f 10009/10009 10010/10010 10011/10011
f 10018/10018 10017/10017 10019/10019
f 10013/10013 10017/10017 10018/10018
f 10016/10016 10013/10013 10018/10018
f 10014/10014 10013/10013 10016/10016
f 10013/10013 10014/10014 10015/10015
f 10039/10039 10040/10040 10032/10032
f 10028/10028 10039/10039 10032/10032
f 10027/10027 10024/10024 10023/10023
f 10032/10032 10027/10027 10028/10028
f 10027/10027 10023/10023 10028/10028
f 10022/10022 10023/10023 10024/10024
f 10023/10023 10021/10021 10028/10028
f 10021/10021 10023/10023 10022/10022
f 10022/10022 10024/10024 10031/10031
f 10028/10028 10021/10021 10033/10033
f 10033/10033 10021/10021 10036/10036
f 10020/10020 10021/10021 10022/10022
f 10037/10037 10036/10036 10021/10021
f 10038/10038 10036/10036 10037/10037
f 10031/10031 10020/10020 10022/10022
f 10020/10020 10031/10031 10029/10029
f 10020/10020 10029/10029 10026/10026
f 10026/10026 10029/10029 10030/10030
f 10034/10034 10030/10030 10035/10035
f 10026/10026 10030/10030 10034/10034
f 10037/10037 10021/10021 10025/10025
f 10025/10025 10021/10021 10020/10020
f 10025/10025 10020/10020 10026/10026
f 10041/10041 10042/10042 10043/10043
f 10056/10056 10059/10059 10058/10058
f 10061/10061 10062/10062 10059/10059
f 10056/10056 10061/10061 10059/10059
f 10061/10061 10049/10049 10063/10063
f 10049/10049 10051/10051 10060/10060
f 10049/10049 10048/10048 10051/10051
f 10048/10048 10049/10049 10045/10045
f 10044/10044 10053/10053 10048/10048
f 10044/10044 10048/10048 10045/10045
f 10056/10056 10058/10058 10046/10046
f 10056/10056 10049/10049 10061/10061
f 10049/10049 10056/10056 10054/10054
f 10057/10057 10046/10046 10058/10058
f 10044/10044 10046/10046 10047/10047
f 10047/10047 10046/10046 10057/10057
f 10054/10054 10045/10045 10049/10049
f 10044/10044 10045/10045 10046/10046
f 10052/10052 10053/10053 10044/10044
f 10050/10050 10044/10044 10047/10047
f 10050/10050 10052/10052 10044/10044
f 10052/10052 10050/10050 10055/10055
f 10055/10055 10050/10050 10047/10047
f 10064/10064 10065/10065 10066/10066
f 10067/10067 10068/10068 10069/10069
f 10070/10070 10071/10071 10072/10072
f 10073/10073 10074/10074 10075/10075
f 10076/10076 10077/10077 10078/10078
f 10094/10094 10095/10095 10089/10089
f 10082/10082 10087/10087 10086/10086
f 10082/10082 10086/10086 10080/10080
f 10080/10080 10079/10079 10082/10082
f 10083/10083 10082/10082 10079/10079
f 10079/10079 10080/10080 10081/10081
f 10079/10079 10081/10081 10088/10088
f 10091/10091 10094/10094 10089/10089
f 10089/10089 10081/10081 10091/10091
f 10079/10079 10088/10088 10092/10092
f 10089/10089 10088/10088 10081/10081
f 10088/10088 10089/10089 10090/10090
f 10096/10096 10088/10088 10090/10090
f 10088/10088 10096/10096 10093/10093
f 10093/10093 10092/10092 10088/10088
f 10085/10085 10087/10087 10082/10082
f 10084/10084 10085/10085 10082/10082
f 10084/10084 10082/10082 10083/10083
f 10097/10097 10092/10092 10093/10093
f 10101/10101 10100/10100 10099/10099
f 10098/10098 10099/10099 10100/10100
f 10102/10102 10103/10103 10104/10104
f 10102/10102 10104/10104 10105/10105
f 10106/10106 10107/10107 10108/10108
f 10107/10107 10106/10106 10109/10109
f 10121/10121 10123/10123 10122/10122
f 10118/10118 10119/10119 10116/10116
f 10114/10114 10111/10111 10115/10115
f 10114/10114 10112/10112 10111/10111
f 10124/10124 10121/10121 10120/10120
f 10110/10110 10113/10113 10111/10111
f 10110/10110 10111/10111 10112/10112
f 10120/10120 10121/10121 10122/10122
f 10116/10116 10117/10117 10118/10118
f 10126/10126 10129/10129 10127/10127
f 10125/10125 10126/10126 10127/10127
f 10127/10127 10128/10128 10125/10125
f 10139/10139 10140/10140 10131/10131
f 10133/10133 10136/10136 10141/10141
f 10133/10133 10131/10131 10136/10136
f 10130/10130 10131/10131 10132/10132
f 10132/10132 10133/10133 10135/10135
f 10133/10133 10132/10132 10131/10131
f 10134/10134 10131/10131 10130/10130
f 10130/10130 10137/10137 10134/10134
f 10131/10131 10134/10134 10139/10139
f 10138/10138 10134/10134 10137/10137
f 10144/10144 10143/10143 10147/10147
f 10142/10142 10143/10143 10144/10144
f 10143/10143 10142/10142 10145/10145
f 10145/10145 10142/10142 10146/10146
f 10152/10152 10153/10153 10154/10154
f 10148/10148 10149/10149 10150/10150
f 10150/10150 10149/10149 10151/10151
f 10179/10179 10185/10185 10183/10183
f 10178/10178 10181/10181 10180/10180
f 10181/10181 10178/10178 10182/10182
f 10178/10178 10183/10183 10182/10182
f 10179/10179 10183/10183 10178/10178
f 10179/10179 10178/10178 10177/10177
f 10164/10164 10178/10178 10180/10180
f 10177/10177 10178/10178 10164/10164
f 10158/10158 10177/10177 10164/10164
f 10179/10179 10177/10177 10184/10184
f 10157/10157 10158/10158 10163/10163
f 10158/10158 10156/10156 10177/10177
f 10157/10157 10156/10156 10158/10158
f 10155/10155 10156/10156 10157/10157
f 10164/10164 10180/10180 10165/10165
f 10163/10163 10158/10158 10164/10164
f 10163/10163 10164/10164 10165/10165
f 10166/10166 10163/10163 10165/10165
f 10166/10166 10167/10167 10163/10163
f 10167/10167 10166/10166 10168/10168
f 10166/10166 10173/10173 10170/10170
f 10168/10168 10166/10166 10169/10169
f 10169/10169 10166/10166 10170/10170
f 10171/10171 10170/10170 10176/10176
f 10170/10170 10171/10171 10169/10169
f 10174/10174 10170/10170 10173/10173
f 10175/10175 10170/10170 10174/10174
f 10170/10170 10175/10175 10176/10176
f 10160/10160 10156/10156 10159/10159
f 10159/10159 10156/10156 10155/10155
f 10159/10159 10161/10161 10160/10160
f 10188/10188 10162/10162 10159/10159
f 10162/10162 10161/10161 10159/10159
f 10188/10188 10159/10159 10189/10189
f 10194/10194 10195/10195 10196/10196
f 10190/10190 10188/10188 10189/10189
f 10197/10197 10198/10198 10199/10199
f 10169/10169 10172/10172 10168/10168
f 10172/10172 10190/10190 10189/10189
f 10191/10191 10190/10190 10172/10172
f 10192/10192 10190/10190 10191/10191
f 10176/10176 10175/10175 10186/10186
f 10187/10187 10186/10186 10175/10175
f 10192/10192 10191/10191 10193/10193
f 10200/10200 10201/10201 10202/10202
f 10201/10201 10200/10200 10203/10203
f 10204/10204 10205/10205 10206/10206
f 10208/10208 10210/10210 10209/10209
f 10207/10207 10208/10208 10209/10209
f 10211/10211 10208/10208 10207/10207
f 10211/10211 10212/10212 10208/10208
f 10213/10213 10214/10214 10215/10215
f 10216/10216 10219/10219 10221/10221
f 10216/10216 10218/10218 10219/10219
f 10217/10217 10216/10216 10220/10220
f 10216/10216 10217/10217 10218/10218
f 10218/10218 10217/10217 10222/10222
f 10235/10235 10238/10238 10237/10237
f 10239/10239 10238/10238 10235/10235
f 10236/10236 10235/10235 10237/10237
f 10234/10234 10235/10235 10231/10231
f 10231/10231 10235/10235 10236/10236
f 10228/10228 10231/10231 10236/10236
f 10236/10236 10240/10240 10228/10228
f 10223/10223 10228/10228 10227/10227
f 10229/10229 10228/10228 10240/10240
f 10227/10227 10228/10228 10229/10229
f 10224/10224 10223/10223 10227/10227
f 10230/10230 10227/10227 10229/10229
f 10228/10228 10223/10223 10231/10231
f 10223/10223 10224/10224 10225/10225
f 10226/10226 10225/10225 10224/10224
f 10233/10233 10234/10234 10231/10231
f 10232/10232 10231/10231 10223/10223
f 10231/10231 10232/10232 10233/10233
f 10246/10246 10247/10247 10248/10248
f 10244/10244 10241/10241 10243/10243
f 10241/10241 10242/10242 10243/10243
f 10241/10241 10245/10245 10242/10242
f 10242/10242 10245/10245 10243/10243
f 10245/10245 10246/10246 10243/10243
f 10246/10246 10245/10245 10247/10247
f 10249/10249 10247/10247 10245/10245
f 10249/10249 10250/10250 10247/10247
f 10254/10254 10255/10255 10256/10256
f 10251/10251 10252/10252 10253/10253
f 10257/10257 10259/10259 10260/10260
f 10258/10258 10257/10257 10262/10262
f 10257/10257 10258/10258 10259/10259
f 10260/10260 10259/10259 10261/10261
f 10266/10266 10264/10264 10263/10263
f 10263/10263 10264/10264 10265/10265
f 10267/10267 10268/10268 10269/10269
f 10270/10270 10267/10267 10269/10269
f 10280/10280 10278/10278 10279/10279
f 10271/10271 10279/10279 10278/10278
f 10271/10271 10273/10273 10279/10279
f 10278/10278 10275/10275 10271/10271
f 10271/10271 10272/10272 10273/10273
f 10272/10272 10271/10271 10275/10275
f 10276/10276 10272/10272 10275/10275
f 10277/10277 10273/10273 10274/10274
f 10274/10274 10273/10273 10272/10272
f 10282/10282 10284/10284 10283/10283
f 10282/10282 10281/10281 10285/10285
f 10281/10281 10282/10282 10283/10283
f 10313/10313 10315/10315 10314/10314
f 10312/10312 10313/10313 10314/10314
f 10312/10312 10311/10311 10313/10313
f 10312/10312 10298/10298 10311/10311
f 10311/10311 10298/10298 10300/10300
f 10307/10307 10306/10306 10308/10308
f 10287/10287 10289/10289 10306/10306
f 10286/10286 10289/10289 10287/10287
f 10286/10286 10297/10297 10298/10298
f 10286/10286 10287/10287 10288/10288
f 10297/10297 10286/10286 10288/10288
f 10299/10299 10297/10297 10288/10288
f 10300/10300 10298/10298 10297/10297
f 10300/10300 10297/10297 10303/10303
f 10302/10302 10303/10303 10297/10297
f 10303/10303 10302/10302 10304/10304
f 10317/10317 10318/10318 10319/10319
f 10307/10307 10287/10287 10306/10306
f 10287/10287 10307/10307 10305/10305
f 10294/10294 10309/10309 10292/10292
f 10292/10292 10309/10309 10310/10310
f 10292/10292 10293/10293 10294/10294
f 10287/10287 10305/10305 10295/10295
f 10293/10293 10287/10287 10295/10295
f 10292/10292 10287/10287 10293/10293
f 10291/10291 10287/10287 10292/10292
f 10288/10288 10301/10301 10299/10299
f 10301/10301 10288/10288 10316/10316
f 10301/10301 10302/10302 10299/10299
f 10288/10288 10287/10287 10290/10290
f 10290/10290 10287/10287 10291/10291
f 10296/10296 10290/10290 10291/10291
f 10320/10320 10321/10321 10322/10322
f 10323/10323 10324/10324 10325/10325
f 10327/10327 10330/10330 10329/10329
f 10332/10332 10328/10328 10329/10329
f 10327/10327 10329/10329 10328/10328
f 10326/10326 10327/10327 10328/10328
f 10331/10331 10326/10326 10328/10328
f 10335/10335 10334/10334 10332/10332
f 10328/10328 10332/10332 10333/10333
f 10333/10333 10332/10332 10334/10334
f 10336/10336 10337/10337 10338/10338
f 10339/10339 10340/10340 10341/10341
f 10343/10343 10345/10345 10348/10348
f 10354/10354 10356/10356 10355/10355
f 10343/10343 10342/10342 10345/10345
f 10342/10342 10343/10343 10344/10344
f 10350/10350 10347/10347 10342/10342
f 10347/10347 10350/10350 10351/10351
f 10349/10349 10343/10343 10348/10348
f 10342/10342 10346/10346 10345/10345
f 10342/10342 10347/10347 10346/10346
f 10353/10353 10342/10342 10344/10344
f 10354/10354 10348/10348 10357/10357
f 10354/10354 10357/10357 10358/10358
f 10349/10349 10348/10348 10354/10354
f 10349/10349 10354/10354 10355/10355
f 10349/10349 10344/10344 10343/10343
f 10360/10360 10359/10359 10350/10350
f 10353/10353 10362/10362 10342/10342
f 10352/10352 10347/10347 10351/10351
f 10351/10351 10350/10350 10359/10359
f 10361/10361 10359/10359 10360/10360
f 10363/10363 10369/10369 10370/10370
f 10363/10363 10365/10365 10369/10369
f 10363/10363 10364/10364 10365/10365
f 10364/10364 10363/10363 10371/10371
f 10364/10364 10366/10366 10365/10365
f 10364/10364 10371/10371 10372/10372
f 10366/10366 10364/10364 10367/10367
f 10368/10368 10366/10366 10367/10367
f 10378/10378 10374/10374 10379/10379
f 10375/10375 10374/10374 10378/10378
f 10375/10375 10376/10376 10373/10373
f 10377/10377 10373/10373 10376/10376
f 10373/10373 10374/10374 10375/10375
f 10392/10392 10391/10391 10393/10393
f 10395/10395 10392/10392 10396/10396
f 10394/10394 10392/10392 10395/10395
f 10382/10382 10391/10391 10392/10392
f 10392/10392 10394/10394 10382/10382
f 10381/10381 10391/10391 10382/10382
f 10381/10381 10380/10380 10383/10383
f 10383/10383 10384/10384 10390/10390
f 10383/10383 10380/10380 10384/10384
f 10389/10389 10384/10384 10388/10388
f 10380/10380 10381/10381 10382/10382
f 10384/10384 10380/10380 10382/10382
f 10384/10384 10382/10382 10385/10385
f 10386/10386 10385/10385 10387/10387
f 10388/10388 10384/10384 10386/10386
f 10385/10385 10386/10386 10384/10384
f 10389/10389 10390/10390 10384/10384
f 10397/10397 10399/10399 10400/10400
f 10397/10397 10398/10398 10399/10399
f 10398/10398 10401/10401 10399/10399
f 10402/10402 10403/10403 10404/10404
f 10404/10404 10405/10405 10402/10402
f 10414/10414 10408/10408 10412/10412
f 10408/10408 10414/10414 10415/10415
f 10416/10416 10415/10415 10414/10414
f 10415/10415 10416/10416 10417/10417
f 10411/10411 10413/10413 10412/10412
f 10408/10408 10411/10411 10412/10412
f 10411/10411 10408/10408 10407/10407
f 10406/10406 10407/10407 10408/10408
f 10409/10409 10407/10407 10406/10406
f 10419/10419 10415/10415 10418/10418
f 10415/10415 10417/10417 10418/10418
f 10410/10410 10407/10407 10409/10409
f 10431/10431 10436/10436 10435/10435
f 10430/10430 10431/10431 10423/10423
f 10430/10430 10423/10423 10424/10424
f 10434/10434 10431/10431 10435/10435
f 10431/10431 10434/10434 10423/10423
f 10448/10448 10449/10449 10450/10450
f 10451/10451 10450/10450 10449/10449
f 10423/10423 10434/10434 10443/10443
f 10443/10443 10422/10422 10423/10423
f 10421/10421 10426/10426 10425/10425
f 10427/10427 10426/10426 10421/10421
f 10427/10427 10421/10421 10428/10428
f 10428/10428 10432/10432 10427/10427
f 10433/10433 10427/10427 10432/10432
f 10421/10421 10425/10425 10424/10424
f 10428/10428 10421/10421 10420/10420
f 10420/10420 10429/10429 10428/10428
f 10439/10439 10445/10445 10429/10429
f 10423/10423 10421/10421 10424/10424
f 10423/10423 10422/10422 10421/10421
f 10420/10420 10421/10421 10422/10422
f 10437/10437 10422/10422 10443/10443
f 10422/10422 10437/10437 10420/10420
f 10429/10429 10420/10420 10437/10437
f 10438/10438 10439/10439 10429/10429
f 10437/10437 10438/10438 10429/10429
f 10444/10444 10438/10438 10437/10437
f 10447/10447 10445/10445 10446/10446
f 10438/10438 10440/10440 10439/10439
f 10438/10438 10444/10444 10442/10442
f 10439/10439 10446/10446 10445/10445
f 10441/10441 10440/10440 10438/10438
f 10441/10441 10438/10438 10442/10442
f 10452/10452 10453/10453 10454/10454
f 10455/10455 10456/10456 10457/10457
f 10457/10457 10458/10458 10455/10455
f 10462/10462 10459/10459 10461/10461
f 10459/10459 10460/10460 10461/10461
f 10469/10469 10470/10470 10471/10471
f 10465/10465 10468/10468 10467/10467
f 10463/10463 10464/10464 10465/10465
f 10464/10464 10463/10463 10466/10466
f 10463/10463 10465/10465 10467/10467
f 10485/10485 10483/10483 10484/10484
f 10486/10486 10485/10485 10487/10487
f 10483/10483 10485/10485 10486/10486
f 10484/10484 10483/10483 10474/10474
f 10474/10474 10483/10483 10482/10482
f 10472/10472 10474/10474 10482/10482
f 10472/10472 10473/10473 10474/10474
f 10475/10475 10473/10473 10472/10472
f 10475/10475 10476/10476 10473/10473
f 10477/10477 10476/10476 10475/10475
f 10478/10478 10476/10476 10477/10477
f 10480/10480 10476/10476 10478/10478
f 10481/10481 10480/10480 10478/10478
f 10477/10477 10479/10479 10478/10478
f 10487/10487 10485/10485 10488/10488
f 10487/10487 10488/10488 10489/10489
f 10497/10497 10504/10504 10506/10506
f 10497/10497 10493/10493 10504/10504
f 10493/10493 10497/10497 10494/10494
f 10505/10505 10504/10504 10493/10493
f 10493/10493 10500/10500 10505/10505
f 10491/10491 10500/10500 10493/10493
f 10492/10492 10491/10491 10493/10493
f 10491/10491 10503/10503 10500/10500
f 10492/10492 10493/10493 10494/10494
f 10490/10490 10491/10491 10492/10492
f 10495/10495 10503/10503 10491/10491
f 10495/10495 10491/10491 10490/10490
f 10495/10495 10490/10490 10496/10496
f 10498/10498 10503/10503 10495/10495
f 10498/10498 10495/10495 10496/10496
f 10498/10498 10499/10499 10501/10501
f 10499/10499 10498/10498 10496/10496
f 10499/10499 10502/10502 10501/10501
f 10508/10508 10512/10512 10509/10509
f 10510/10510 10508/10508 10507/10507
f 10507/10507 10508/10508 10509/10509
f 10513/10513 10509/10509 10512/10512
f 10513/10513 10512/10512 10514/10514
f 10511/10511 10510/10510 10507/10507
f 10522/10522 10523/10523 10524/10524
f 10515/10515 10516/10516 10517/10517
f 10519/10519 10520/10520 10515/10515
f 10520/10520 10521/10521 10515/10515
f 10518/10518 10519/10519 10515/10515
f 10517/10517 10518/10518 10515/10515
f 10526/10526 10530/10530 10529/10529
f 10527/10527 10526/10526 10528/10528
f 10525/10525 10526/10526 10527/10527
f 10529/10529 10528/10528 10526/10526
f 10525/10525 10527/10527 10531/10531
f 10534/10534 10535/10535 10532/10532
f 10532/10532 10533/10533 10534/10534
f 10533/10533 10532/10532 10537/10537
f 10533/10533 10537/10537 10538/10538
f 10534/10534 10536/10536 10535/10535
f 10539/10539 10533/10533 10538/10538
f 10543/10543 10542/10542 10541/10541
f 10540/10540 10541/10541 10542/10542
f 10549/10549 10550/10550 10551/10551
f 10548/10548 10550/10550 10549/10549
f 10545/10545 10549/10549 10551/10551
f 10545/10545 10548/10548 10549/10549
f 10544/10544 10545/10545 10546/10546
f 10544/10544 10547/10547 10545/10545
f 10547/10547 10548/10548 10545/10545
f 10552/10552 10555/10555 10553/10553
f 10557/10557 10558/10558 10559/10559
f 10554/10554 10553/10553 10556/10556
f 10552/10552 10553/10553 10554/10554
f 10581/10581 10589/10589 10578/10578
f 10578/10578 10580/10580 10581/10581
f 10581/10581 10583/10583 10589/10589
f 10582/10582 10583/10583 10581/10581
f 10584/10584 10599/10599 10583/10583
f 10583/10583 10582/10582 10584/10584
f 10584/10584 10582/10582 10585/10585
f 10590/10590 10599/10599 10584/10584
f 10587/10587 10590/10590 10584/10584
f 10587/10587 10584/10584 10585/10585
f 10563/10563 10565/10565 10561/10561
f 10564/10564 10561/10561 10565/10565
f 10563/10563 10566/10566 10565/10565
f 10560/10560 10563/10563 10561/10561
f 10563/10563 10578/10578 10566/10566
f 10577/10577 10563/10563 10560/10560
f 10563/10563 10577/10577 10578/10578
f 10579/10579 10580/10580 10578/10578
f 10578/10578 10577/10577 10579/10579
f 10567/10567 10562/10562 10564/10564
f 10564/10564 10562/10562 10561/10561
f 10560/10560 10561/10561 10562/10562
f 10567/10567 10568/10568 10562/10562
f 10569/10569 10562/10562 10568/10568
f 10569/10569 10568/10568 10570/10570
f 10570/10570 10571/10571 10569/10569
f 10571/10571 10572/10572 10569/10569
f 10572/10572 10571/10571 10573/10573
f 10571/10571 10574/10574 10573/10573
f 10571/10571 10576/10576 10575/10575
f 10575/10575 10576/10576 10591/10591
f 10571/10571 10575/10575 10574/10574
f 10575/10575 10591/10591 10592/10592
f 10592/10592 10593/10593 10575/10575
f 10594/10594 10593/10593 10592/10592
f 10594/10594 10592/10592 10595/10595
f 10596/10596 10598/10598 10593/10593
f 10596/10596 10593/10593 10594/10594
f 10582/10582 10581/10581 10580/10580
f 10586/10586 10585/10585 10582/10582
f 10587/10587 10585/10585 10588/10588
f 10596/10596 10594/10594 10597/10597
f 10603/10603 10601/10601 10600/10600
f 10600/10600 10601/10601 10602/10602
f 10607/10607 10610/10610 10606/10606
f 10604/10604 10605/10605 10606/10606
f 10605/10605 10604/10604 10608/10608
f 10608/10608 10609/10609 10605/10605
f 10611/10611 10610/10610 10607/10607
f 10605/10605 10607/10607 10606/10606
f 10615/10615 10621/10621 10612/10612
f 10612/10612 10620/10620 10613/10613
f 10612/10612 10614/10614 10615/10615
f 10612/10612 10613/10613 10614/10614
f 10613/10613 10616/10616 10614/10614
f 10614/10614 10616/10616 10619/10619
f 10617/10617 10616/10616 10613/10613
f 10616/10616 10617/10617 10618/10618
f 10622/10622 10628/10628 10626/10626
f 10623/10623 10622/10622 10626/10626
f 10622/10622 10623/10623 10624/10624
f 10623/10623 10625/10625 10624/10624
f 10624/10624 10625/10625 10627/10627
f 10629/10629 10630/10630 10631/10631
f 10629/10629 10631/10631 10632/10632
f 10634/10634 10633/10633 10636/10636
f 10633/10633 10634/10634 10635/10635
f 10645/10645 10646/10646 10647/10647
f 10637/10637 10638/10638 10639/10639
f 10642/10642 10639/10639 10638/10638
f 10643/10643 10642/10642 10638/10638
f 10644/10644 10642/10642 10643/10643
f 10637/10637 10640/10640 10641/10641
f 10639/10639 10640/10640 10637/10637
f 10669/10669 10668/10668 10663/10663
f 10668/10668 10664/10664 10663/10663
f 10649/10649 10663/10663 10664/10664
f 10658/10658 10659/10659 10660/10660
f 10663/10663 10649/10649 10658/10658
f 10658/10658 10649/10649 10648/10648
f 10648/10648 10659/10659 10658/10658
f 10648/10648 10649/10649 10650/10650
f 10666/10666 10667/10667 10648/10648
f 10650/10650 10649/10649 10651/10651
f 10650/10650 10651/10651 10652/10652
f 10650/10650 10652/10652 10653/10653
f 10650/10650 10666/10666 10648/10648
f 10666/10666 10650/10650 10657/10657
f 10652/10652 10654/10654 10653/10653
f 10655/10655 10650/10650 10653/10653
f 10657/10657 10650/10650 10655/10655
f 10660/10660 10659/10659 10661/10661
f 10661/10661 10659/10659 10662/10662
f 10662/10662 10659/10659 10648/10648
f 10662/10662 10648/10648 10665/10665
f 10655/10655 10653/10653 10656/10656
f 10681/10681 10680/10680 10682/10682
f 10678/10678 10680/10680 10681/10681
f 10680/10680 10678/10678 10679/10679
f 10674/10674 10673/10673 10671/10671
f 10677/10677 10679/10679 10678/10678
f 10670/10670 10677/10677 10671/10671
f 10673/10673 10674/10674 10675/10675
f 10677/10677 10678/10678 10671/10671
f 10670/10670 10671/10671 10672/10672
f 10671/10671 10673/10673 10672/10672
f 10674/10674 10676/10676 10675/10675
f 10691/10691 10692/10692 10693/10693
f 10683/10683 10685/10685 10686/10686
f 10683/10683 10684/10684 10685/10685
f 10688/10688 10689/10689 10690/10690
f 10691/10691 10694/10694 10692/10692
f 10685/10685 10684/10684 10687/10687
f 10695/10695 10696/10696 10697/10697
f 10699/10699 10698/10698 10702/10702
f 10698/10698 10699/10699 10700/10700
f 10701/10701 10700/10700 10699/10699
f 10703/10703 10704/10704 10705/10705
f 10706/10706 10707/10707 10708/10708
f 10710/10710 10712/10712 10711/10711
f 10709/10709 10710/10710 10711/10711
f 10713/10713 10714/10714 10715/10715
f 10721/10721 10723/10723 10719/10719
f 10721/10721 10719/10719 10717/10717
f 10716/10716 10717/10717 10718/10718
f 10718/10718 10717/10717 10719/10719
f 10725/10725 10722/10722 10721/10721
f 10722/10722 10723/10723 10721/10721
f 10723/10723 10722/10722 10724/10724
f 10716/10716 10718/10718 10720/10720
f 10731/10731 10732/10732 10733/10733
f 10726/10726 10727/10727 10728/10728
f 10729/10729 10727/10727 10726/10726
f 10730/10730 10726/10726 10728/10728
f 10734/10734 10735/10735 10736/10736
f 10737/10737 10738/10738 10739/10739
f 10737/10737 10740/10740 10738/10738
f 10766/10766 10768/10768 10761/10761
f 10761/10761 10765/10765 10766/10766
f 10758/10758 10761/10761 10760/10760
f 10761/10761 10758/10758 10765/10765
f 10766/10766 10765/10765 10767/10767
f 10744/10744 10752/10752 10747/10747
f 10762/10762 10760/10760 10763/10763
f 10760/10760 10762/10762 10759/10759
f 10759/10759 10758/10758 10760/10760
f 10745/10745 10764/10764 10758/10758
f 10746/10746 10758/10758 10759/10759
f 10744/10744 10747/10747 10745/10745
f 10746/10746 10745/10745 10758/10758
f 10742/10742 10745/10745 10746/10746
f 10744/10744 10745/10745 10742/10742
f 10741/10741 10744/10744 10742/10742
f 10741/10741 10742/10742 10743/10743
f 10743/10743 10742/10742 10748/10748
f 10748/10748 10749/10749 10743/10743
f 10741/10741 10750/10750 10744/10744
f 10751/10751 10750/10750 10741/10741
f 10753/10753 10750/10750 10751/10751
f 10753/10753 10754/10754 10750/10750
f 10743/10743 10749/10749 10755/10755
f 10755/10755 10749/10749 10756/10756
f 10751/10751 10757/10757 10753/10753
f 10786/10786 10784/10784 10787/10787
f 10788/10788 10786/10786 10787/10787
f 10789/10789 10786/10786 10788/10788
f 10784/10784 10783/10783 10782/10782
f 10785/10785 10783/10783 10784/10784
f 10784/10784 10786/10786 10785/10785
f 10790/10790 10789/10789 10788/10788
f 10788/10788 10791/10791 10790/10790
f 10791/10791 10788/10788 10792/10792
f 10781/10781 10780/10780 10782/10782
f 10783/10783 10781/10781 10782/10782
f 10774/10774 10779/10779 10780/10780
f 10781/10781 10774/10774 10780/10780
f 10774/10774 10778/10778 10779/10779
f 10774/10774 10777/10777 10778/10778
f 10774/10774 10773/10773 10777/10777
f 10770/10770 10773/10773 10774/10774
f 10773/10773 10770/10770 10772/10772
f 10769/10769 10770/10770 10771/10771
f 10770/10770 10769/10769 10772/10772
f 10772/10772 10769/10769 10775/10775
f 10773/10773 10772/10772 10775/10775
f 10775/10775 10776/10776 10773/10773
f 10791/10791 10792/10792 10793/10793
f 10796/10796 10798/10798 10802/10802
f 10796/10796 10795/10795 10798/10798
f 10794/10794 10795/10795 10796/10796
f 10798/10798 10795/10795 10801/10801
f 10797/10797 10795/10795 10794/10794
f 10800/10800 10794/10794 10799/10799
f 10794/10794 10800/10800 10803/10803
f 10794/10794 10796/10796 10799/10799
f 10804/10804 10806/10806 10808/10808
f 10804/10804 10805/10805 10806/10806
f 10807/10807 10805/10805 10804/10804
f 10804/10804 10809/10809 10807/10807
f 10810/10810 10811/10811 10812/10812
f 10815/10815 10822/10822 10821/10821
f 10813/10813 10815/10815 10821/10821
f 10816/10816 10813/10813 10818/10818
f 10814/10814 10813/10813 10816/10816
f 10814/10814 10816/10816 10817/10817
f 10813/10813 10814/10814 10815/10815
f 10817/10817 10824/10824 10814/10814
f 10817/10817 10816/10816 10823/10823
f 10814/10814 10819/10819 10815/10815
f 10820/10820 10819/10819 10814/10814
f 10825/10825 10828/10828 10832/10832
f 10825/10825 10827/10827 10828/10828
f 10825/10825 10826/10826 10827/10827
f 10827/10827 10826/10826 10829/10829
f 10833/10833 10834/10834 10835/10835
f 10829/10829 10830/10830 10827/10827
f 10830/10830 10829/10829 10831/10831
f 10838/10838 10840/10840 10836/10836
f 10841/10841 10836/10836 10840/10840
f 10842/10842 10843/10843 10844/10844
f 10836/10836 10837/10837 10838/10838
f 10837/10837 10836/10836 10839/10839
f 10845/10845 10847/10847 10848/10848
f 10845/10845 10846/10846 10847/10847
f 10852/10852 10851/10851 10858/10858
f 10849/10849 10851/10851 10852/10852
f 10856/10856 10857/10857 10850/10850
f 10855/10855 10856/10856 10850/10850
f 10850/10850 10854/10854 10855/10855
f 10850/10850 10849/10849 10854/10854
f 10849/10849 10850/10850 10851/10851
f 10853/10853 10850/10850 10857/10857
f 10851/10851 10850/10850 10853/10853
f 10863/10863 10860/10860 10864/10864
f 10860/10860 10863/10863 10861/10861
f 10859/10859 10860/10860 10861/10861
f 10861/10861 10862/10862 10859/10859
f 10866/10866 10865/10865 10868/10868
f 10865/10865 10866/10866 10867/10867
f 10872/10872 10869/10869 10871/10871
f 10869/10869 10870/10870 10871/10871
f 10874/10874 10877/10877 10875/10875
f 10873/10873 10875/10875 10876/10876
f 10873/10873 10874/10874 10875/10875
f 10878/10878 10879/10879 10880/10880
f 10879/10879 10878/10878 10881/10881
f 10891/10891 10890/10890 10889/10889
f 10891/10891 10892/10892 10890/10890
f 10893/10893 10892/10892 10891/10891
f 10891/10891 10894/10894 10893/10893
f 10889/10889 10894/10894 10891/10891
f 10894/10894 10889/10889 10882/10882
f 10890/10890 10883/10883 10889/10889
f 10883/10883 10882/10882 10889/10889
f 10882/10882 10883/10883 10884/10884
f 10885/10885 10884/10884 10883/10883
f 10882/10882 10884/10884 10896/10896
f 10884/10884 10897/10897 10896/10896
f 10887/10887 10886/10886 10888/10888
f 10886/10886 10885/10885 10883/10883
f 10886/10886 10887/10887 10885/10885
f 10895/10895 10885/10885 10887/10887
f 10903/10903 10898/10898 10902/10902
f 10899/10899 10898/10898 10901/10901
f 10898/10898 10899/10899 10900/10900
f 10898/10898 10900/10900 10902/10902
f 10910/10910 10908/10908 10909/10909
f 10908/10908 10905/10905 10909/10909
f 10906/10906 10905/10905 10908/10908
f 10904/10904 10906/10906 10907/10907
f 10904/10904 10905/10905 10906/10906
f 10918/10918 10912/10912 10916/10916
f 10916/10916 10919/10919 10918/10918
f 10925/10925 10926/10926 10927/10927
f 10926/10926 10925/10925 10928/10928
f 10931/10931 10932/10932 10933/10933
f 10934/10934 10932/10932 10931/10931
f 10915/10915 10916/10916 10912/10912
f 10929/10929 10927/10927 10926/10926
f 10911/10911 10912/10912 10913/10913
f 10911/10911 10913/10913 10914/10914
f 10911/10911 10915/10915 10912/10912
f 10911/10911 10917/10917 10915/10915
f 10930/10930 10929/10929 10926/10926
f 10920/10920 10911/10911 10914/10914
f 10921/10921 10911/10911 10920/10920
f 10921/10921 10920/10920 10924/10924
f 10921/10921 10922/10922 10911/10911
f 10923/10923 10922/10922 10921/10921
f 10940/10940 10941/10941 10942/10942
f 10937/10937 10939/10939 10938/10938
f 10935/10935 10936/10936 10937/10937
f 10937/10937 10936/10936 10939/10939
f 10938/10938 10935/10935 10937/10937
f 10943/10943 10944/10944 10945/10945
f 10951/10951 10952/10952 10953/10953
f 10946/10946 10947/10947 10948/10948
f 10949/10949 10946/10946 10948/10948
f 10951/10951 10954/10954 10952/10952
f 10946/10946 10950/10950 10947/10947
f 10958/10958 10956/10956 10955/10955
f 10955/10955 10956/10956 10957/10957
f 10960/10960 10959/10959 10962/10962
f 10959/10959 10960/10960 10961/10961
f 10963/10963 10964/10964 10965/10965
f 10966/10966 10967/10967 10968/10968
f 10968/10968 10967/10967 10969/10969
f 10970/10970 10972/10972 10973/10973
f 10970/10970 10971/10971 10972/10972
f 10975/10975 10981/10981 10982/10982
f 10975/10975 10979/10979 10981/10981
f 10983/10983 10984/10984 10985/10985
f 10974/10974 10980/10980 10979/10979
f 10974/10974 10979/10979 10975/10975
f 10974/10974 10975/10975 10976/10976
f 10986/10986 10987/10987 10988/10988
f 10974/10974 10976/10976 10977/10977
f 10977/10977 10976/10976 10978/10978
f 10989/10989 10987/10987 10986/10986
f 10992/10992 10996/10996 10990/10990
f 10997/10997 10990/10990 10996/10996
f 10991/10991 10995/10995 10992/10992
f 10995/10995 10991/10991 10994/10994
f 10998/10998 10990/10990 10997/10997
f 10990/10990 10991/10991 10992/10992
f 10991/10991 10990/10990 10993/10993
f 10991/10991 10993/10993 10994/10994
f 10999/10999 11000/11000 11001/11001
f 11002/11002 11003/11003 11004/11004
f 11005/11005 11006/11006 11007/11007
f 11010/11010 11009/11009 11011/11011
f 11008/11008 11009/11009 11010/11010
f 11012/11012 11013/11013 11014/11014
f 11015/11015 11016/11016 11017/11017
f 11018/11018 11019/11019 11020/11020
f 11021/11021 11022/11022 11023/11023
f 11024/11024 11023/11023 11022/11022
f 11031/11031 11027/11027 11029/11029
f 11027/11027 11026/11026 11029/11029
f 11025/11025 11026/11026 11027/11027
f 11028/11028 11026/11026 11025/11025
f 11028/11028 11030/11030 11026/11026
f 11036/11036 11039/11039 11040/11040
f 11039/11039 11036/11036 11038/11038
f 11038/11038 11036/11036 11034/11034
f 11032/11032 11036/11036 11037/11037
f 11034/11034 11036/11036 11032/11032
f 11035/11035 11032/11032 11037/11037
f 11033/11033 11032/11032 11035/11035
f 11032/11032 11033/11033 11034/11034
f 11047/11047 11051/11051 11048/11048
f 11053/11053 11052/11052 11055/11055
f 11052/11052 11053/11053 11054/11054
f 11046/11046 11047/11047 11048/11048
f 11049/11049 11046/11046 11048/11048
f 11046/11046 11049/11049 11050/11050
f 11044/11044 11043/11043 11042/11042
f 11045/11045 11041/11041 11043/11043
f 11041/11041 11042/11042 11043/11043
f 11056/11056 11057/11057 11058/11058
f 11058/11058 11059/11059 11056/11056
f 11061/11061 11060/11060 11063/11063
f 11060/11060 11061/11061 11062/11062
f 11067/11067 11072/11072 11070/11070
f 11062/11062 11061/11061 11064/11064
f 11067/11067 11070/11070 11068/11068
f 11067/11067 11068/11068 11069/11069
f 11071/11071 11069/11069 11068/11068
f 11062/11062 11065/11065 11060/11060
f 11065/11065 11062/11062 11066/11066
f 11073/11073 11077/11077 11078/11078
f 11073/11073 11075/11075 11077/11077
f 11073/11073 11074/11074 11075/11075
f 11075/11075 11074/11074 11076/11076
f 11081/11081 11082/11082 11079/11079
f 11079/11079 11080/11080 11081/11081
f 11083/11083 11084/11084 11085/11085
f 11086/11086 11087/11087 11088/11088
f 11104/11104 11106/11106 11107/11107
f 11106/11106 11104/11104 11105/11105
f 11101/11101 11104/11104 11103/11103
f 11101/11101 11103/11103 11102/11102
f 11098/11098 11101/11101 11102/11102
f 11100/11100 11101/11101 11098/11098
f 11105/11105 11104/11104 11101/11101
f 11134/11134 11105/11105 11101/11101
f 11135/11135 11101/11101 11100/11100
f 11135/11135 11134/11134 11101/11101
f 11135/11135 11090/11090 11134/11134
f 11099/11099 11090/11090 11135/11135
f 11098/11098 11091/11091 11100/11100
f 11100/11100 11099/11099 11135/11135
f 11100/11100 11091/11091 11099/11099
f 11091/11091 11098/11098 11095/11095
f 11093/11093 11091/11091 11095/11095
f 11098/11098 11097/11097 11095/11095
f 11095/11095 11097/11097 11096/11096
f 11093/11093 11095/11095 11096/11096
f 11126/11126 11096/11096 11097/11097
f 11096/11096 11126/11126 11120/11120
f 11125/11125 11120/11120 11126/11126
f 11125/11125 11127/11127 11124/11124
f 11124/11124 11127/11127 11129/11129
f 11124/11124 11120/11120 11125/11125
f 11106/11106 11128/11128 11107/11107
f 11108/11108 11106/11106 11105/11105
f 11134/11134 11108/11108 11105/11105
f 11108/11108 11134/11134 11133/11133
f 11108/11108 11109/11109 11106/11106
f 11119/11119 11128/11128 11106/11106
f 11119/11119 11106/11106 11109/11109
f 11114/11114 11119/11119 11109/11109
f 11113/11113 11109/11109 11111/11111
f 11109/11109 11113/11113 11114/11114
f 11090/11090 11133/11133 11134/11134
f 11133/11133 11090/11090 11132/11132
f 11091/11091 11090/11090 11099/11099
f 11110/11110 11133/11133 11132/11132
f 11110/11110 11108/11108 11133/11133
f 11090/11090 11092/11092 11132/11132
f 11090/11090 11089/11089 11092/11092
f 11089/11089 11090/11090 11091/11091
f 11110/11110 11109/11109 11108/11108
f 11092/11092 11110/11110 11132/11132
f 11109/11109 11110/11110 11111/11111
f 11111/11111 11110/11110 11092/11092
f 11115/11115 11092/11092 11089/11089
f 11092/11092 11115/11115 11112/11112
f 11111/11111 11092/11092 11112/11112
f 11112/11112 11113/11113 11111/11111
f 11094/11094 11096/11096 11120/11120
f 11094/11094 11120/11120 11118/11118
f 11121/11121 11120/11120 11124/11124
f 11120/11120 11121/11121 11118/11118
f 11122/11122 11118/11118 11121/11121
f 11131/11131 11122/11122 11121/11121
f 11089/11089 11091/11091 11093/11093
f 11093/11093 11094/11094 11089/11089
f 11115/11115 11089/11089 11094/11094
f 11117/11117 11115/11115 11094/11094
f 11116/11116 11112/11112 11115/11115
f 11116/11116 11115/11115 11117/11117
f 11096/11096 11130/11130 11093/11093
f 11094/11094 11093/11093 11130/11130
f 11096/11096 11094/11094 11130/11130
f 11118/11118 11117/11117 11094/11094
f 11123/11123 11118/11118 11122/11122
f 11136/11136 11118/11118 11123/11123
f 11137/11137 11136/11136 11123/11123
f 11144/11144 11139/11139 11138/11138
f 11138/11138 11141/11141 11144/11144
f 11138/11138 11139/11139 11140/11140
f 11153/11153 11154/11154 11155/11155
f 11138/11138 11140/11140 11141/11141
f 11149/11149 11146/11146 11150/11150
f 11145/11145 11142/11142 11143/11143
f 11142/11142 11145/11145 11146/11146
f 11140/11140 11142/11142 11141/11141
f 11143/11143 11142/11142 11140/11140
f 11149/11149 11142/11142 11146/11146
f 11148/11148 11150/11150 11146/11146
f 11146/11146 11147/11147 11148/11148
f 11148/11148 11147/11147 11152/11152
f 11146/11146 11145/11145 11147/11147
f 11147/11147 11145/11145 11151/11151
f 11165/11165 11163/11163 11164/11164
f 11164/11164 11163/11163 11157/11157
f 11159/11159 11160/11160 11157/11157
f 11158/11158 11157/11157 11163/11163
f 11162/11162 11158/11158 11166/11166
f 11158/11158 11162/11162 11161/11161
f 11159/11159 11157/11157 11156/11156
f 11156/11156 11157/11157 11158/11158
f 11158/11158 11161/11161 11156/11156
f 11159/11159 11156/11156 11167/11167
f 11168/11168 11169/11169 11170/11170
f 11185/11185 11171/11171 11186/11186
f 11174/11174 11171/11171 11185/11185
f 11182/11182 11186/11186 11171/11171
f 11171/11171 11172/11172 11173/11173
f 11174/11174 11172/11172 11171/11171
f 11184/11184 11182/11182 11173/11173
f 11171/11171 11173/11173 11182/11182
f 11173/11173 11183/11183 11184/11184
f 11183/11183 11173/11173 11181/11181
f 11181/11181 11173/11173 11175/11175
f 11174/11174 11185/11185 11187/11187
f 11178/11178 11188/11188 11189/11189
f 11172/11172 11188/11188 11178/11178
f 11176/11176 11172/11172 11178/11178
f 11172/11172 11175/11175 11173/11173
f 11176/11176 11175/11175 11172/11172
f 11175/11175 11176/11176 11177/11177
f 11179/11179 11175/11175 11177/11177
f 11190/11190 11191/11191 11192/11192
f 11180/11180 11175/11175 11179/11179
f 11199/11199 11196/11196 11193/11193
f 11197/11197 11198/11198 11195/11195
f 11194/11194 11197/11197 11195/11195
f 11194/11194 11193/11193 11196/11196
f 11193/11193 11194/11194 11195/11195
f 11200/11200 11201/11201 11202/11202
f 11200/11200 11202/11202 11203/11203
f 11201/11201 11204/11204 11205/11205
f 11204/11204 11201/11201 11200/11200
f 11206/11206 11207/11207 11208/11208
f 11207/11207 11206/11206 11209/11209
f 11215/11215 11216/11216 11217/11217
f 11216/11216 11215/11215 11210/11210
f 11211/11211 11210/11210 11215/11215
f 11210/11210 11211/11211 11212/11212
f 11213/11213 11210/11210 11212/11212
f 11213/11213 11212/11212 11214/11214
f 11218/11218 11214/11214 11212/11212
f 11219/11219 11213/11213 11214/11214
f 11227/11227 11226/11226 11225/11225
f 11228/11228 11226/11226 11227/11227
f 11220/11220 11221/11221 11222/11222
f 11221/11221 11220/11220 11223/11223
f 11223/11223 11225/11225 11221/11221
f 11225/11225 11226/11226 11221/11221
f 11238/11238 11225/11225 11244/11244
f 11229/11229 11232/11232 11228/11228
f 11238/11238 11227/11227 11225/11225
f 11227/11227 11238/11238 11239/11239
f 11228/11228 11227/11227 11229/11229
f 11241/11241 11242/11242 11237/11237
f 11241/11241 11237/11237 11234/11234
f 11220/11220 11231/11231 11230/11230
f 11220/11220 11230/11230 11224/11224
f 11220/11220 11224/11224 11223/11223
f 11237/11237 11230/11230 11234/11234
f 11231/11231 11233/11233 11230/11230
f 11230/11230 11233/11233 11234/11234
f 11233/11233 11235/11235 11234/11234
f 11231/11231 11236/11236 11233/11233
f 11233/11233 11236/11236 11235/11235
f 11246/11246 11247/11247 11248/11248
f 11222/11222 11221/11221 11245/11245
f 11239/11239 11243/11243 11240/11240
f 11227/11227 11239/11239 11240/11240
f 11249/11249 11250/11250 11251/11251
f 11251/11251 11253/11253 11249/11249
f 11253/11253 11251/11251 11254/11254
f 11252/11252 11251/11251 11250/11250
f 11278/11278 11277/11277 11279/11279
f 11280/11280 11277/11277 11276/11276
f 11277/11277 11280/11280 11279/11279
f 11265/11265 11264/11264 11262/11262
f 11263/11263 11262/11262 11264/11264
f 11262/11262 11266/11266 11265/11265
f 11271/11271 11270/11270 11269/11269
f 11272/11272 11270/11270 11271/11271
f 11255/11255 11257/11257 11260/11260
f 11278/11278 11257/11257 11277/11277
f 11261/11261 11255/11255 11260/11260
f 11256/11256 11274/11274 11257/11257
f 11274/11274 11256/11256 11267/11267
f 11274/11274 11267/11267 11273/11273
f 11267/11267 11270/11270 11273/11273
f 11255/11255 11256/11256 11257/11257
f 11256/11256 11255/11255 11258/11258
f 11259/11259 11258/11258 11255/11255
f 11256/11256 11258/11258 11267/11267
f 11268/11268 11267/11267 11258/11258
f 11267/11267 11269/11269 11270/11270
f 11267/11267 11268/11268 11269/11269
f 11262/11262 11261/11261 11260/11260
f 11263/11263 11261/11261 11262/11262
f 11257/11257 11276/11276 11277/11277
f 11257/11257 11275/11275 11276/11276
f 11257/11257 11274/11274 11275/11275
f 11282/11282 11281/11281 11285/11285
f 11281/11281 11282/11282 11283/11283
f 11281/11281 11283/11283 11284/11284
f 11289/11289 11288/11288 11287/11287
f 11290/11290 11286/11286 11288/11288
f 11286/11286 11287/11287 11288/11288
f 11308/11308 11304/11304 11305/11305
f 11304/11304 11308/11308 11309/11309
f 11295/11295 11296/11296 11297/11297
f 11291/11291 11292/11292 11293/11293
f 11305/11305 11304/11304 11302/11302
f 11304/11304 11298/11298 11302/11302
f 11302/11302 11298/11298 11300/11300
f 11298/11298 11299/11299 11300/11300
f 11298/11298 11301/11301 11299/11299
f 11299/11299 11301/11301 11306/11306
f 11293/11293 11294/11294 11291/11291
f 11294/11294 11296/11296 11295/11295
f 11294/11294 11295/11295 11291/11291
f 11299/11299 11303/11303 11300/11300
f 11314/11314 11315/11315 11316/11316
f 11311/11311 11312/11312 11313/11313
f 11312/11312 11311/11311 11314/11314
f 11311/11311 11315/11315 11314/11314
f 11307/11307 11299/11299 11306/11306
f 11310/11310 11299/11299 11307/11307
f 11315/11315 11317/11317 11316/11316
f 11325/11325 11322/11322 11326/11326
f 11325/11325 11323/11323 11322/11322
f 11324/11324 11321/11321 11323/11323
f 11321/11321 11322/11322 11323/11323
f 11318/11318 11319/11319 11320/11320
f 11327/11327 11328/11328 11329/11329
f 11333/11333 11332/11332 11331/11331
f 11330/11330 11331/11331 11332/11332
f 11334/11334 11335/11335 11336/11336
f 11340/11340 11338/11338 11337/11337
f 11337/11337 11338/11338 11339/11339
f 11359/11359 11366/11366 11365/11365
f 11358/11358 11360/11360 11359/11359
f 11346/11346 11358/11358 11359/11359
f 11346/11346 11359/11359 11365/11365
f 11358/11358 11361/11361 11360/11360
f 11358/11358 11346/11346 11345/11345
f 11362/11362 11361/11361 11358/11358
f 11362/11362 11363/11363 11361/11361
f 11364/11364 11363/11363 11362/11362
f 11345/11345 11346/11346 11344/11344
f 11343/11343 11345/11345 11344/11344
f 11343/11343 11344/11344 11341/11341
f 11341/11341 11342/11342 11343/11343
f 11347/11347 11343/11343 11342/11342
f 11347/11347 11342/11342 11348/11348
f 11347/11347 11349/11349 11343/11343
f 11350/11350 11349/11349 11347/11347
f 11353/11353 11356/11356 11349/11349
f 11349/11349 11357/11357 11367/11367
f 11356/11356 11357/11357 11349/11349
f 11347/11347 11348/11348 11351/11351
f 11354/11354 11347/11347 11351/11351
f 11352/11352 11347/11347 11354/11354
f 11352/11352 11350/11350 11347/11347
f 11350/11350 11353/11353 11349/11349
f 11354/11354 11351/11351 11355/11355
f 11368/11368 11370/11370 11371/11371
f 11376/11376 11373/11373 11375/11375
f 11368/11368 11369/11369 11370/11370
f 11373/11373 11374/11374 11375/11375
f 11372/11372 11369/11369 11368/11368
f 11380/11380 11379/11379 11378/11378
f 11377/11377 11378/11378 11379/11379
f 11381/11381 11378/11378 11377/11377
f 11381/11381 11382/11382 11378/11378
f 11385/11385 11387/11387 11388/11388
f 11387/11387 11385/11385 11384/11384
f 11383/11383 11384/11384 11385/11385
f 11386/11386 11384/11384 11383/11383
f 11383/11383 11389/11389 11386/11386
f 11390/11390 11391/11391 11392/11392
f 11396/11396 11394/11394 11397/11397
f 11394/11394 11396/11396 11395/11395
f 11393/11393 11394/11394 11395/11395
f 11395/11395 11398/11398 11393/11393
f 11406/11406 11402/11402 11405/11405
f 11401/11401 11405/11405 11402/11402
f 11402/11402 11399/11399 11401/11401
f 11418/11418 11419/11419 11416/11416
f 11416/11416 11419/11419 11420/11420
f 11404/11404 11402/11402 11408/11408
f 11402/11402 11404/11404 11403/11403
f 11402/11402 11406/11406 11408/11408
f 11402/11402 11403/11403 11399/11399
f 11416/11416 11417/11417 11418/11418
f 11405/11405 11401/11401 11407/11407
f 11411/11411 11400/11400 11410/11410
f 11409/11409 11400/11400 11399/11399
f 11399/11399 11400/11400 11401/11401
f 11410/11410 11400/11400 11409/11409
f 11412/11412 11411/11411 11410/11410
f 11413/11413 11411/11411 11412/11412
f 11413/11413 11412/11412 11414/11414
f 11413/11413 11414/11414 11415/11415
f 11421/11421 11422/11422 11423/11423
f 11426/11426 11428/11428 11424/11424
f 11426/11426 11425/11425 11427/11427
f 11424/11424 11425/11425 11426/11426
f 11436/11436 11429/11429 11435/11435
f 11435/11435 11429/11429 11432/11432
f 11434/11434 11433/11433 11429/11429
f 11429/11429 11433/11433 11430/11430
f 11429/11429 11430/11430 11431/11431
f 11434/11434 11437/11437 11433/11433
f 11431/11431 11432/11432 11429/11429
f 11439/11439 11441/11441 11440/11440
f 11438/11438 11439/11439 11440/11440
f 11446/11446 11444/11444 11448/11448
f 11442/11442 11443/11443 11444/11444
f 11445/11445 11444/11444 11443/11443
f 11447/11447 11443/11443 11442/11442
f 11444/11444 11446/11446 11442/11442
f 11450/11450 11449/11449 11454/11454
f 11449/11449 11450/11450 11451/11451
f 11455/11455 11450/11450 11456/11456
f 11450/11450 11455/11455 11451/11451
f 11453/11453 11451/11451 11455/11455
f 11451/11451 11452/11452 11449/11449
f 11451/11451 11453/11453 11452/11452
f 11455/11455 11456/11456 11458/11458
f 11457/11457 11455/11455 11458/11458
f 11453/11453 11455/11455 11459/11459
f 11459/11459 11455/11455 11457/11457
f 11460/11460 11461/11461 11462/11462
f 11463/11463 11464/11464 11465/11465
f 11467/11467 11476/11476 11477/11477
f 11474/11474 11476/11476 11467/11467
f 11468/11468 11467/11467 11470/11470
f 11471/11471 11468/11468 11470/11470
f 11477/11477 11470/11470 11467/11467
f 11472/11472 11471/11471 11473/11473
f 11468/11468 11471/11471 11466/11466
f 11472/11472 11466/11466 11471/11471
f 11469/11469 11474/11474 11467/11467
f 11474/11474 11469/11469 11475/11475
f 11466/11466 11467/11467 11468/11468
f 11467/11467 11466/11466 11469/11469
f 11480/11480 11479/11479 11483/11483
f 11478/11478 11481/11481 11479/11479
f 11478/11478 11479/11479 11480/11480
f 11481/11481 11478/11478 11482/11482
f 11484/11484 11480/11480 11483/11483
f 11485/11485 11486/11486 11487/11487
f 11489/11489 11491/11491 11490/11490
f 11488/11488 11489/11489 11490/11490
f 11489/11489 11488/11488 11492/11492
f 11499/11499 11501/11501 11494/11494
f 11497/11497 11500/11500 11499/11499
f 11497/11497 11499/11499 11494/11494
f 11494/11494 11493/11493 11497/11497
f 11493/11493 11494/11494 11495/11495
f 11496/11496 11493/11493 11495/11495
f 11503/11503 11502/11502 11501/11501
f 11502/11502 11494/11494 11501/11501
f 11495/11495 11494/11494 11502/11502
f 11496/11496 11495/11495 11498/11498
f 11508/11508 11505/11505 11509/11509
f 11506/11506 11505/11505 11508/11508
f 11504/11504 11505/11505 11506/11506
f 11507/11507 11504/11504 11506/11506
f 11511/11511 11514/11514 11512/11512
f 11512/11512 11513/11513 11510/11510
f 11510/11510 11511/11511 11512/11512
f 11513/11513 11515/11515 11510/11510
f 11516/11516 11517/11517 11518/11518
f 11519/11519 11518/11518 11517/11517
f 11526/11526 11522/11522 11525/11525
f 11522/11522 11521/11521 11525/11525
f 11523/11523 11520/11520 11522/11522
f 11520/11520 11521/11521 11522/11522
f 11521/11521 11520/11520 11524/11524
f 11527/11527 11528/11528 11529/11529
f 11529/11529 11528/11528 11530/11530
f 11537/11537 11535/11535 11534/11534
f 11537/11537 11534/11534 11538/11538
f 11534/11534 11535/11535 11536/11536
f 11531/11531 11532/11532 11533/11533
f 11534/11534 11536/11536 11538/11538
f 11539/11539 11540/11540 11541/11541
f 11542/11542 11543/11543 11544/11544
f 11545/11545 11546/11546 11547/11547
f 11551/11551 11548/11548 11550/11550
f 11548/11548 11549/11549 11550/11550
f 11554/11554 11555/11555 11552/11552
f 11552/11552 11553/11553 11554/11554
f 11556/11556 11557/11557 11558/11558
f 11562/11562 11561/11561 11565/11565
f 11559/11559 11561/11561 11562/11562
f 11559/11559 11560/11560 11561/11561
f 11560/11560 11563/11563 11561/11561
f 11564/11564 11563/11563 11560/11560
f 11581/11581 11584/11584 11582/11582
f 11567/11567 11569/11569 11572/11572
f 11566/11566 11569/11569 11567/11567
f 11567/11567 11572/11572 11573/11573
f 11566/11566 11567/11567 11568/11568
f 11577/11577 11566/11566 11568/11568
f 11579/11579 11569/11569 11566/11566
f 11578/11578 11566/11566 11577/11577
f 11578/11578 11579/11579 11566/11566
f 11579/11579 11578/11578 11580/11580
f 11573/11573 11574/11574 11567/11567
f 11575/11575 11574/11574 11573/11573
f 11571/11571 11567/11567 11574/11574
f 11567/11567 11571/11571 11570/11570
f 11570/11570 11568/11568 11567/11567
f 11581/11581 11582/11582 11583/11583
f 11583/11583 11585/11585 11586/11586
f 11582/11582 11585/11585 11583/11583
f 11576/11576 11571/11571 11574/11574
f 11591/11591 11601/11601 11600/11600
f 11591/11591 11600/11600 11592/11592
f 11602/11602 11601/11601 11591/11591
f 11592/11592 11600/11600 11599/11599
f 11589/11589 11592/11592 11599/11599
f 11599/11599 11587/11587 11589/11589
f 11587/11587 11599/11599 11598/11598
f 11588/11588 11587/11587 11590/11590
f 11589/11589 11591/11591 11592/11592
f 11591/11591 11589/11589 11588/11588
f 11587/11587 11588/11588 11589/11589
f 11587/11587 11598/11598 11595/11595
f 11594/11594 11587/11587 11595/11595
f 11593/11593 11590/11590 11587/11587
f 11593/11593 11587/11587 11594/11594
f 11594/11594 11596/11596 11593/11593
f 11597/11597 11593/11593 11596/11596
f 11607/11607 11608/11608 11610/11610
f 11604/11604 11608/11608 11607/11607
f 11604/11604 11609/11609 11608/11608
f 11605/11605 11610/11610 11611/11611
f 11606/11606 11605/11605 11611/11611
f 11610/11610 11605/11605 11607/11607
f 11612/11612 11606/11606 11611/11611
f 11612/11612 11611/11611 11613/11613
f 11614/11614 11603/11603 11606/11606
f 11615/11615 11603/11603 11614/11614
f 11604/11604 11607/11607 11605/11605
f 11603/11603 11605/11605 11606/11606
f 11603/11603 11604/11604 11605/11605
f 11619/11619 11630/11630 11621/11621
f 11621/11621 11636/11636 11634/11634
f 11634/11634 11620/11620 11621/11621
f 11619/11619 11621/11621 11620/11620
f 11619/11619 11620/11620 11618/11618
f 11617/11617 11628/11628 11619/11619
f 11629/11629 11630/11630 11619/11619
f 11628/11628 11629/11629 11619/11619
f 11624/11624 11632/11632 11633/11633
f 11625/11625 11624/11624 11626/11626
f 11632/11632 11622/11622 11635/11635
f 11617/11617 11619/11619 11618/11618
f 11616/11616 11617/11617 11618/11618
f 11622/11622 11617/11617 11616/11616
f 11617/11617 11622/11622 11623/11623
f 11617/11617 11623/11623 11627/11627
f 11631/11631 11617/11617 11627/11627
f 11622/11622 11624/11624 11623/11623
f 11624/11624 11622/11622 11632/11632
f 11625/11625 11623/11623 11624/11624
f 11648/11648 11651/11651 11652/11652
f 11650/11650 11653/11653 11651/11651
f 11650/11650 11651/11651 11648/11648
f 11657/11657 11638/11638 11656/11656
f 11657/11657 11650/11650 11638/11638
f 11654/11654 11656/11656 11638/11638
f 11650/11650 11648/11648 11638/11638
f 11638/11638 11648/11648 11647/11647
f 11640/11640 11639/11639 11647/11647
f 11638/11638 11647/11647 11639/11639
f 11637/11637 11638/11638 11639/11639
f 11654/11654 11638/11638 11637/11637
f 11655/11655 11654/11654 11637/11637
f 11647/11647 11649/11649 11640/11640
f 11637/11637 11639/11639 11640/11640
f 11654/11654 11658/11658 11659/11659
f 11658/11658 11654/11654 11655/11655
f 11642/11642 11649/11649 11644/11644
f 11643/11643 11642/11642 11644/11644
f 11645/11645 11646/11646 11641/11641
f 11641/11641 11637/11637 11640/11640
f 11641/11641 11646/11646 11637/11637
f 11640/11640 11649/11649 11642/11642
f 11641/11641 11640/11640 11642/11642
f 11643/11643 11641/11641 11642/11642
f 11643/11643 11645/11645 11641/11641
f 11663/11663 11669/11669 11672/11672
f 11705/11705 11703/11703 11704/11704
f 11704/11704 11703/11703 11701/11701
f 11701/11701 11703/11703 11702/11702
f 11700/11700 11696/11696 11701/11701
f 11700/11700 11701/11701 11702/11702
f 11698/11698 11696/11696 11700/11700
f 11692/11692 11689/11689 11690/11690
f 11663/11663 11668/11668 11669/11669
f 11661/11661 11670/11670 11668/11668
f 11682/11682 11685/11685 11683/11683
f 11661/11661 11668/11668 11663/11663
f 11661/11661 11671/11671 11670/11670
f 11682/11682 11683/11683 11678/11678
f 11678/11678 11680/11680 11682/11682
f 11662/11662 11661/11661 11663/11663
f 11664/11664 11661/11661 11660/11660
f 11660/11660 11661/11661 11662/11662
f 11675/11675 11674/11674 11676/11676
f 11678/11678 11683/11683 11684/11684
f 11673/11673 11674/11674 11675/11675
f 11664/11664 11666/11666 11665/11665
f 11665/11665 11661/11661 11664/11664
f 11686/11686 11680/11680 11681/11681
f 11686/11686 11681/11681 11687/11687
f 11665/11665 11666/11666 11667/11667
f 11695/11695 11694/11694 11697/11697
f 11677/11677 11678/11678 11679/11679
f 11680/11680 11678/11678 11677/11677
f 11680/11680 11677/11677 11681/11681
f 11694/11694 11695/11695 11696/11696
f 11698/11698 11694/11694 11696/11696
f 11694/11694 11698/11698 11699/11699
f 11691/11691 11687/11687 11693/11693
f 11690/11690 11689/11689 11687/11687
f 11691/11691 11690/11690 11687/11687
f 11688/11688 11686/11686 11687/11687
f 11687/11687 11689/11689 11688/11688
f 11663/11663 11672/11672 11662/11662
f 11717/11717 11715/11715 11716/11716
f 11713/11713 11715/11715 11711/11711
f 11718/11718 11720/11720 11714/11714
f 11721/11721 11714/11714 11720/11720
f 11711/11711 11718/11718 11714/11714
f 11712/11712 11711/11711 11714/11714
f 11719/11719 11706/11706 11712/11712
f 11715/11715 11713/11713 11716/11716
f 11710/11710 11712/11712 11706/11706
f 11711/11711 11710/11710 11713/11713
f 11710/11710 11711/11711 11712/11712
f 11706/11706 11708/11708 11710/11710
f 11706/11706 11707/11707 11708/11708
f 11707/11707 11706/11706 11709/11709
f 11722/11722 11728/11728 11723/11723
f 11729/11729 11728/11728 11722/11722
f 11725/11725 11724/11724 11723/11723
f 11722/11722 11723/11723 11724/11724
f 11727/11727 11725/11725 11723/11723
f 11724/11724 11726/11726 11722/11722
f 11733/11733 11732/11732 11731/11731
f 11730/11730 11731/11731 11732/11732
f 11734/11734 11735/11735 11736/11736
f 11737/11737 11738/11738 11739/11739
f 11740/11740 11741/11741 11742/11742
f 11747/11747 11746/11746 11743/11743
f 11746/11746 11744/11744 11743/11743
f 11743/11743 11744/11744 11745/11745
f 11743/11743 11745/11745 11749/11749
f 11748/11748 11745/11745 11744/11744
f 11745/11745 11748/11748 11749/11749
f 11750/11750 11749/11749 11748/11748
f 11750/11750 11748/11748 11752/11752
f 11751/11751 11749/11749 11750/11750
f 11768/11768 11767/11767 11766/11766
f 11761/11761 11769/11769 11766/11766
f 11753/11753 11756/11756 11758/11758
f 11756/11756 11759/11759 11758/11758
f 11755/11755 11756/11756 11753/11753
f 11756/11756 11760/11760 11759/11759
f 11767/11767 11762/11762 11766/11766
f 11766/11766 11762/11762 11761/11761
f 11754/11754 11761/11761 11757/11757
f 11762/11762 11757/11757 11761/11761
f 11755/11755 11754/11754 11757/11757
f 11753/11753 11754/11754 11755/11755
f 11760/11760 11763/11763 11759/11759
f 11763/11763 11760/11760 11764/11764
f 11763/11763 11764/11764 11765/11765
f 11774/11774 11775/11775 11771/11771
f 11776/11776 11771/11771 11775/11775
f 11770/11770 11774/11774 11771/11771
f 11770/11770 11771/11771 11772/11772
f 11773/11773 11770/11770 11772/11772
f 11780/11780 11778/11778 11777/11777
f 11782/11782 11780/11780 11777/11777
f 11778/11778 11781/11781 11779/11779
f 11777/11777 11778/11778 11779/11779
f 11779/11779 11781/11781 11783/11783
f 11784/11784 11785/11785 11786/11786
f 11785/11785 11784/11784 11787/11787
f 11785/11785 11788/11788 11786/11786
f 11789/11789 11786/11786 11788/11788
f 11790/11790 11791/11791 11792/11792
f 11793/11793 11794/11794 11795/11795
f 11793/11793 11791/11791 11790/11790
f 11794/11794 11793/11793 11790/11790
f 11792/11792 11794/11794 11790/11790
f 11796/11796 11797/11797 11798/11798
f 11796/11796 11798/11798 11799/11799
f 11800/11800 11801/11801 11802/11802
f 11803/11803 11804/11804 11805/11805
f 11805/11805 11804/11804 11806/11806
f 11808/11808 11807/11807 11810/11810
f 11807/11807 11808/11808 11809/11809
f 11811/11811 11812/11812 11813/11813
f 11824/11824 11825/11825 11826/11826
f 11821/11821 11823/11823 11817/11817
f 11817/11817 11816/11816 11821/11821
f 11814/11814 11816/11816 11817/11817
f 11814/11814 11815/11815 11816/11816
f 11818/11818 11815/11815 11814/11814
f 11818/11818 11814/11814 11819/11819
f 11819/11819 11814/11814 11820/11820
f 11819/11819 11820/11820 11822/11822
f 11827/11827 11828/11828 11829/11829
f 11830/11830 11831/11831 11832/11832
f 11833/11833 11834/11834 11835/11835
f 11836/11836 11833/11833 11835/11835
f 11838/11838 11841/11841 11842/11842
f 11838/11838 11837/11837 11841/11841
f 11837/11837 11838/11838 11839/11839
f 11839/11839 11840/11840 11837/11837
f 11844/11844 11849/11849 11848/11848
f 11848/11848 11845/11845 11844/11844
f 11844/11844 11843/11843 11847/11847
f 11843/11843 11844/11844 11845/11845
f 11846/11846 11843/11843 11845/11845
f 11850/11850 11851/11851 11852/11852
f 11853/11853 11855/11855 11856/11856
f 11853/11853 11854/11854 11855/11855
f 11861/11861 11862/11862 11863/11863
f 11860/11860 11858/11858 11857/11857
f 11857/11857 11858/11858 11859/11859
f 11864/11864 11865/11865 11866/11866
f 11867/11867 11868/11868 11869/11869
f 11871/11871 11873/11873 11872/11872
f 11870/11870 11871/11871 11872/11872
f 11875/11875 11877/11877 11876/11876
f 11874/11874 11875/11875 11876/11876
f 11892/11892 11896/11896 11891/11891
f 11891/11891 11889/11889 11890/11890
f 11908/11908 11892/11892 11895/11895
f 11886/11886 11892/11892 11891/11891
f 11895/11895 11892/11892 11886/11886
f 11886/11886 11891/11891 11890/11890
f 11882/11882 11887/11887 11888/11888
f 11878/11878 11883/11883 11882/11882
f 11890/11890 11889/11889 11887/11887
f 11887/11887 11889/11889 11888/11888
f 11879/11879 11882/11882 11888/11888
f 11883/11883 11884/11884 11882/11882
f 11886/11886 11887/11887 11882/11882
f 11887/11887 11886/11886 11890/11890
f 11917/11917 11901/11901 11919/11919
f 11880/11880 11879/11879 11881/11881
f 11904/11904 11881/11881 11910/11910
f 11881/11881 11904/11904 11880/11880
f 11903/11903 11900/11900 11901/11901
f 11903/11903 11905/11905 11900/11900
f 11915/11915 11903/11903 11918/11918
f 11882/11882 11879/11879 11878/11878
f 11878/11878 11879/11879 11880/11880
f 11897/11897 11878/11878 11880/11880
f 11893/11893 11884/11884 11883/11883
f 11883/11883 11878/11878 11897/11897
f 11897/11897 11880/11880 11898/11898
f 11897/11897 11898/11898 11883/11883
f 11883/11883 11898/11898 11894/11894
f 11880/11880 11904/11904 11898/11898
f 11899/11899 11909/11909 11902/11902
f 11899/11899 11898/11898 11904/11904
f 11899/11899 11902/11902 11901/11901
f 11900/11900 11899/11899 11901/11901
f 11885/11885 11886/11886 11882/11882
f 11884/11884 11885/11885 11882/11882
f 11893/11893 11883/11883 11894/11894
f 11898/11898 11899/11899 11894/11894
f 11894/11894 11899/11899 11900/11900
f 11906/11906 11900/11900 11905/11905
f 11905/11905 11907/11907 11906/11906
f 11915/11915 11905/11905 11903/11903
f 11916/11916 11901/11901 11917/11917
f 11912/11912 11901/11901 11916/11916
f 11918/11918 11903/11903 11911/11911
f 11911/11911 11915/11915 11918/11918
f 11911/11911 11903/11903 11901/11901
f 11911/11911 11901/11901 11912/11912
f 11913/11913 11911/11911 11912/11912
f 11913/11913 11914/11914 11911/11911
f 11914/11914 11915/11915 11911/11911
f 11920/11920 11921/11921 11922/11922
f 11921/11921 11924/11924 11922/11922
f 11921/11921 11920/11920 11923/11923
f 11929/11929 11928/11928 11930/11930
f 11928/11928 11929/11929 11927/11927
f 11930/11930 11928/11928 11933/11933
f 11930/11930 11933/11933 11932/11932
f 11931/11931 11932/11932 11933/11933
f 11927/11927 11926/11926 11928/11928
f 11925/11925 11926/11926 11927/11927
f 11934/11934 11932/11932 11931/11931
f 11935/11935 11934/11934 11931/11931
f 11935/11935 11931/11931 11936/11936
f 11937/11937 11939/11939 11941/11941
f 11939/11939 11938/11938 11940/11940
f 11937/11937 11938/11938 11939/11939
f 11943/11943 11942/11942 11945/11945
f 11942/11942 11943/11943 11944/11944
f 11946/11946 11948/11948 11949/11949
f 11946/11946 11947/11947 11948/11948
f 11950/11950 11951/11951 11952/11952
f 11950/11950 11953/11953 11951/11951
f 11952/11952 11954/11954 11950/11950
f 11955/11955 11956/11956 11957/11957
f 11963/11963 11964/11964 11960/11960
f 11963/11963 11960/11960 11959/11959
f 11958/11958 11959/11959 11960/11960
f 11961/11961 11959/11959 11958/11958
f 11959/11959 11965/11965 11963/11963
f 11962/11962 11965/11965 11959/11959
f 11962/11962 11959/11959 11961/11961
f 11967/11967 11970/11970 11971/11971
f 11967/11967 11966/11966 11970/11970
f 11966/11966 11967/11967 11968/11968
f 11968/11968 11969/11969 11966/11966
f 11995/11995 11983/11983 11996/11996
f 11982/11982 11983/11983 11981/11981
f 11981/11981 11983/11983 11995/11995
f 11982/11982 11981/11981 11978/11978
f 11980/11980 11978/11978 11981/11981
f 11980/11980 11981/11981 11987/11987
f 11987/11987 11981/11981 11995/11995
f 11973/11973 11977/11977 11974/11974
f 11978/11978 11974/11974 11977/11977
f 11980/11980 11974/11974 11978/11978
f 11984/11984 11974/11974 11980/11980
f 11972/11972 11973/11973 11974/11974
f 11972/11972 11974/11974 11984/11984
f 11989/11989 11972/11972 11984/11984
f 11972/11972 11975/11975 11973/11973
f 11989/11989 11988/11988 11972/11972
f 11986/11986 11972/11972 11988/11988
f 11986/11986 11976/11976 11972/11972
f 11979/11979 11985/11985 11975/11975
f 11979/11979 11994/11994 11985/11985
f 11992/11992 11994/11994 11979/11979
f 12006/12006 12007/12007 12008/12008
f 11975/11975 11976/11976 11979/11979
f 11976/11976 11975/11975 11972/11972
f 11976/11976 11990/11990 11979/11979
f 11986/11986 11997/11997 11976/11976
f 11976/11976 11997/11997 11990/11990
f 11991/11991 11979/11979 11990/11990
f 11991/11991 11992/11992 11979/11979
f 11992/11992 12000/12000 12001/12001
f 12000/12000 11992/11992 11998/11998
f 11993/11993 11998/11998 11992/11992
f 11992/11992 11991/11991 11993/11993
f 11993/11993 11999/11999 11998/11998
f 12002/12002 12005/12005 12003/12003
f 12002/12002 12003/12003 12004/12004
f 12011/12011 12010/12010 12012/12012
f 12009/12009 12010/12010 12011/12011
f 12009/12009 12011/12011 12013/12013
f 12014/12014 12009/12009 12013/12013
f 12019/12019 12018/12018 12016/12016
f 12016/12016 12018/12018 12017/12017
f 12020/12020 12017/12017 12023/12023
f 12016/12016 12015/12015 12022/12022
f 12015/12015 12016/12016 12017/12017
f 12020/12020 12015/12015 12017/12017
f 12021/12021 12015/12015 12020/12020
f 12033/12033 12034/12034 12035/12035
f 12032/12032 12036/12036 12034/12034
f 12032/12032 12034/12034 12033/12033
f 12037/12037 12045/12045 12032/12032
f 12032/12032 12045/12045 12036/12036
f 12030/12030 12029/12029 12031/12031
f 12032/12032 12031/12031 12037/12037
f 12030/12030 12031/12031 12032/12032
f 12033/12033 12030/12030 12032/12032
f 12024/12024 12029/12029 12030/12030
f 12026/12026 12029/12029 12024/12024
f 12024/12024 12030/12030 12041/12041
f 12042/12042 12024/12024 12041/12041
f 12044/12044 12042/12042 12041/12041
f 12024/12024 12025/12025 12026/12026
f 12024/12024 12027/12027 12025/12025
f 12027/12027 12024/12024 12028/12028
f 12038/12038 12027/12027 12028/12028
f 12028/12028 12039/12039 12038/12038
f 12043/12043 12040/12040 12046/12046
f 12040/12040 12047/12047 12046/12046
f 12047/12047 12052/12052 12046/12046
f 12052/12052 12047/12047 12053/12053
f 12043/12043 12039/12039 12040/12040
f 12028/12028 12040/12040 12039/12039
f 12048/12048 12047/12047 12040/12040
f 12048/12048 12040/12040 12049/12049
f 12055/12055 12054/12054 12057/12057
f 12050/12050 12048/12048 12049/12049
f 12050/12050 12051/12051 12048/12048
f 12054/12054 12055/12055 12056/12056
f 12061/12061 12062/12062 12063/12063
f 12058/12058 12059/12059 12060/12060
f 12066/12066 12069/12069 12068/12068
f 12066/12066 12065/12065 12070/12070
f 12064/12064 12065/12065 12066/12066
f 12064/12064 12066/12066 12068/12068
f 12067/12067 12065/12065 12064/12064
f 12079/12079 12078/12078 12077/12077
f 12078/12078 12076/12076 12077/12077
f 12074/12074 12077/12077 12076/12076
f 12075/12075 12074/12074 12076/12076
f 12074/12074 12075/12075 12072/12072
f 12094/12094 12092/12092 12091/12091
f 12074/12074 12072/12072 12071/12071
f 12071/12071 12072/12072 12073/12073
f 12080/12080 12071/12071 12073/12073
f 12080/12080 12073/12073 12081/12081
f 12084/12084 12087/12087 12086/12086
f 12083/12083 12085/12085 12089/12089
f 12091/12091 12092/12092 12093/12093
f 12073/12073 12082/12082 12081/12081
f 12081/12081 12082/12082 12083/12083
f 12085/12085 12084/12084 12086/12086
f 12084/12084 12085/12085 12083/12083
f 12084/12084 12083/12083 12082/12082
f 12088/12088 12087/12087 12084/12084
f 12086/12086 12087/12087 12090/12090
f 12095/12095 12096/12096 12097/12097
f 12099/12099 12098/12098 12101/12101
f 12098/12098 12099/12099 12100/12100
f 12103/12103 12104/12104 12105/12105
f 12100/12100 12099/12099 12102/12102
f 12112/12112 12113/12113 12114/12114
f 12113/12113 12112/12112 12106/12106
f 12107/12107 12106/12106 12112/12112
f 12111/12111 12113/12113 12106/12106
f 12108/12108 12111/12111 12106/12106
f 12108/12108 12109/12109 12110/12110
f 12106/12106 12107/12107 12108/12108
f 12108/12108 12107/12107 12109/12109
f 12118/12118 12115/12115 12117/12117
f 12115/12115 12116/12116 12117/12117
f 12117/12117 12116/12116 12119/12119
f 12121/12121 12120/12120 12123/12123
f 12124/12124 12120/12120 12122/12122
f 12120/12120 12121/12121 12122/12122
f 12125/12125 12126/12126 12127/12127
f 12128/12128 12125/12125 12127/12127
f 12129/12129 12127/12127 12126/12126
f 12127/12127 12129/12129 12128/12128
f 12130/12130 12128/12128 12129/12129
f 12129/12129 12131/12131 12130/12130
f 12132/12132 12130/12130 12131/12131
f 12131/12131 12133/12133 12132/12132
f 12131/12131 12134/12134 12133/12133
f 12131/12131 12135/12135 12134/12134
f 12131/12131 12136/12136 12135/12135
f 12137/12137 12136/12136 12131/12131
f 12138/12138 12137/12137 12131/12131
f 12131/12131 12139/12139 12138/12138
f 12140/12140 12139/12139 12131/12131
f 12131/12131 12141/12141 12140/12140
f 12133/12133 12142/12142 12132/12132
f 12132/12132 12142/12142 12143/12143
f 12144/12144 12142/12142 12133/12133
f 12136/12136 12137/12137 12144/12144
f 12145/12145 12137/12137 12138/12138
f 12146/12146 12145/12145 12139/12139
f 12138/12138 12139/12139 12145/12145
f 12139/12139 12140/12140 12146/12146
f 12131/12131 12147/12147 12141/12141
f 12148/12148 12149/12149 12150/12150
f 12151/12151 12152/12152 12150/12150
f 12153/12153 12152/12152 12151/12151
f 12154/12154 12150/12150 12149/12149
f 12151/12151 12150/12150 12154/12154
f 12155/12155 12151/12151 12154/12154
f 12156/12156 12151/12151 12155/12155
f 12151/12151 12156/12156 12153/12153
f 12156/12156 12157/12157 12153/12153
f 12157/12157 12158/12158 12153/12153
f 12158/12158 12159/12159 12153/12153
f 12153/12153 12159/12159 12160/12160
f 12153/12153 12160/12160 12161/12161
f 12161/12161 12162/12162 12153/12153
f 12159/12159 12158/12158 12163/12163
f 12159/12159 12163/12163 12160/12160
f 12162/12162 12161/12161 12164/12164
f 12164/12164 12165/12165 12162/12162
f 12166/12166 12172/12172 12171/12171
f 12166/12166 12171/12171 12167/12167
f 12166/12166 12167/12167 12168/12168
f 12166/12166 12168/12168 12169/12169
f 12166/12166 12169/12169 12170/12170
f 12178/12178 12177/12177 12174/12174
f 12175/12175 12177/12177 12179/12179
f 12177/12177 12175/12175 12174/12174
f 12173/12173 12174/12174 12175/12175
f 12175/12175 12176/12176 12173/12173
f 12180/12180 12181/12181 12182/12182
f 12183/12183 12184/12184 12185/12185
f 12188/12188 12195/12195 12197/12197
f 12186/12186 12187/12187 12188/12188
f 12187/12187 12186/12186 12192/12192
f 12186/12186 12193/12193 12192/12192
f 12198/12198 12193/12193 12186/12186
f 12198/12198 12199/12199 12193/12193
f 12189/12189 12186/12186 12188/12188
f 12190/12190 12186/12186 12189/12189
f 12191/12191 12190/12190 12189/12189
f 12195/12195 12188/12188 12194/12194
f 12195/12195 12194/12194 12196/12196
f 12194/12194 12188/12188 12187/12187
f 12203/12203 12204/12204 12205/12205
f 12200/12200 12201/12201 12202/12202
f 12203/12203 12206/12206 12204/12204
f 12207/12207 12214/12214 12213/12213
f 12214/12214 12207/12207 12209/12209
f 12210/12210 12207/12207 12212/12212
f 12207/12207 12213/12213 12212/12212
f 12207/12207 12210/12210 12208/12208
f 12207/12207 12208/12208 12209/12209
f 12210/12210 12211/12211 12208/12208
f 12218/12218 12219/12219 12220/12220
f 12215/12215 12216/12216 12217/12217
f 12221/12221 12222/12222 12223/12223
f 12221/12221 12223/12223 12224/12224
f 12225/12225 12226/12226 12227/12227
f 12228/12228 12229/12229 12230/12230
f 12231/12231 12232/12232 12233/12233
f 12234/12234 12235/12235 12236/12236
f 12237/12237 12238/12238 12239/12239
f 12240/12240 12241/12241 12242/12242
f 12243/12243 12244/12244 12245/12245
f 12251/12251 12249/12249 12252/12252
f 12248/12248 12249/12249 12251/12251
f 12248/12248 12247/12247 12249/12249
f 12246/12246 12247/12247 12248/12248
f 12255/12255 12253/12253 12254/12254
f 12254/12254 12253/12253 12246/12246
f 12253/12253 12255/12255 12256/12256
f 12247/12247 12246/12246 12250/12250
f 12250/12250 12246/12246 12253/12253
f 12259/12259 12261/12261 12257/12257
f 12257/12257 12258/12258 12259/12259
f 12260/12260 12259/12259 12258/12258
f 12262/12262 12265/12265 12263/12263
f 12262/12262 12263/12263 12264/12264
f 12266/12266 12267/12267 12268/12268
f 12269/12269 12266/12266 12268/12268
f 12269/12269 12270/12270 12266/12266
f 12271/12271 12272/12272 12273/12273
f 12272/12272 12271/12271 12274/12274
f 12273/12273 12275/12275 12276/12276
f 12283/12283 12273/12273 12284/12284
f 12273/12273 12283/12283 12271/12271
f 12282/12282 12275/12275 12277/12277
f 12277/12277 12275/12275 12272/12272
f 12272/12272 12275/12275 12273/12273
f 12274/12274 12278/12278 12272/12272
f 12278/12278 12274/12274 12279/12279
f 12279/12279 12280/12280 12281/12281
f 12280/12280 12279/12279 12274/12274
f 12285/12285 12286/12286 12287/12287
f 12291/12291 12292/12292 12293/12293
f 12288/12288 12289/12289 12290/12290
f 12294/12294 12295/12295 12296/12296
f 12300/12300 12299/12299 12298/12298
f 12297/12297 12298/12298 12299/12299
f 12303/12303 12304/12304 12305/12305
f 12298/12298 12301/12301 12302/12302
f 12306/12306 12305/12305 12304/12304
f 12298/12298 12297/12297 12301/12301
f 12307/12307 12308/12308 12309/12309
f 12310/12310 12311/12311 12312/12312
f 12313/12313 12314/12314 12315/12315
f 12319/12319 12317/12317 12316/12316
f 12316/12316 12317/12317 12318/12318
f 12323/12323 12320/12320 12322/12322
f 12320/12320 12321/12321 12322/12322
f 12326/12326 12329/12329 12327/12327
f 12331/12331 12327/12327 12330/12330
f 12329/12329 12330/12330 12327/12327
f 12328/12328 12325/12325 12324/12324
f 12324/12324 12325/12325 12326/12326
f 12327/12327 12324/12324 12326/12326
f 12332/12332 12333/12333 12334/12334
f 12335/12335 12334/12334 12333/12333
f 12336/12336 12340/12340 12337/12337
f 12336/12336 12337/12337 12338/12338
f 12337/12337 12339/12339 12338/12338
f 12343/12343 12345/12345 12341/12341
f 12347/12347 12341/12341 12345/12345
f 12342/12342 12346/12346 12344/12344
f 12342/12342 12344/12344 12343/12343
f 12341/12341 12342/12342 12343/12343
f 12348/12348 12349/12349 12350/12350
f 12351/12351 12352/12352 12353/12353
